timestamp,asset_id,equipment_class,JSR.BF.BLW.FAN01.VIB.1X,JSR.BF.BLW.FAN01.SHAFT.DISP,JSR.BF.BLW.FAN01.TEMP.BRG,JSR.BF.BLW.FAN01.PRES.OSC,JSR.BF.BLW.FAN01.THRUST.TEMP,fault_label,run_id,split
2025-01-01 00:00:00,BF.BLW.FAN01,bf_sinter_fan_blower,1.1518,25.4441,51.579,1.4526,59.4552,0,,train
2025-01-01 01:00:00,BF.BLW.FAN01,bf_sinter_fan_blower,1.1316,28.1507,50.4604,1.495,60.1208,0,,train
2025-01-01 02:00:00,BF.BLW.FAN01,bf_sinter_fan_blower,1.1476,29.2312,49.5929,1.2794,60.3862,0,,train
2025-01-01 03:00:00,BF.BLW.FAN01,bf_sinter_fan_blower,1.2036,31.4316,50.8385,1.5409,60.7983,0,,train
2025-01-01 04:00:00,BF.BLW.FAN01,bf_sinter_fan_blower,1.3649,30.8349,51.2602,1.4337,61.8803,0,,train
2025-01-01 05:00:00,BF.BLW.FAN01,bf_sinter_fan_blower,1.3831,35.5461,52.414,1.4301,61.8296,0,,train
2025-01-01 06:00:00,BF.BLW.FAN01,bf_sinter_fan_blower,1.4526,35.4755,51.9426,1.6177,63.0059,0,,train
2025-01-01 07:00:00,BF.BLW.FAN01,bf_sinter_fan_blower,1.3459,36.93,51.2509,1.6076,62.2673,0,,train
2025-01-01 08:00:00,BF.BLW.FAN01,bf_sinter_fan_blower,1.3059,38.0948,50.8096,1.5343,62.0234,0,,train
2025-01-01 09:00:00,BF.BLW.FAN01,bf_sinter_fan_blower,1.4923,36.2454,51.3115,1.4687,62.5153,0,,train
2025-01-01 10:00:00,BF.BLW.FAN01,bf_sinter_fan_blower,1.5298,40.832,51.2151,1.4196,62.4371,0,,train
2025-01-01 11:00:00,BF.BLW.FAN01,bf_sinter_fan_blower,1.6208,34.3648,51.1986,1.3242,61.661,0,,train
2025-01-01 12:00:00,BF.BLW.FAN01,bf_sinter_fan_blower,1.6903,33.1742,52.2353,1.2868,61.5016,0,,train
2025-01-01 13:00:00,BF.BLW.FAN01,bf_sinter_fan_blower,1.5871,35.5853,50.7531,1.3439,60.7354,0,,train
2025-01-01 14:00:00,BF.BLW.FAN01,bf_sinter_fan_blower,1.6124,36.0755,51.4516,1.2457,60.3792,0,,train
2025-01-01 15:00:00,BF.BLW.FAN01,bf_sinter_fan_blower,1.7766,33.9591,52.0941,1.2934,61.4185,0,,train
2025-01-01 16:00:00,BF.BLW.FAN01,bf_sinter_fan_blower,1.8102,36.6607,52.1006,1.1308,61.8918,0,,train
2025-01-01 17:00:00,BF.BLW.FAN01,bf_sinter_fan_blower,1.895,34.4238,52.0873,1.0864,62.801,0,,train
2025-01-01 18:00:00,BF.BLW.FAN01,bf_sinter_fan_blower,1.9489,35.505,51.7864,0.9582,62.0462,0,,train
2025-01-01 19:00:00,BF.BLW.FAN01,bf_sinter_fan_blower,1.9481,34.8918,52.0825,0.8306,62.1427,0,,train
2025-01-01 20:00:00,BF.BLW.FAN01,bf_sinter_fan_blower,1.9225,36.6697,52.0147,0.7465,62.0838,0,,train
2025-01-01 21:00:00,BF.BLW.FAN01,bf_sinter_fan_blower,1.8708,33.6385,51.6862,0.8731,62.4495,0,,train
2025-01-01 22:00:00,BF.BLW.FAN01,bf_sinter_fan_blower,1.9611,40.8645,52.7462,0.7127,62.5671,0,,train
2025-01-01 23:00:00,BF.BLW.FAN01,bf_sinter_fan_blower,1.9323,41.0326,53.729,0.7779,62.9242,0,,train
2025-01-02 00:00:00,BF.BLW.FAN01,bf_sinter_fan_blower,1.9375,36.6653,54.5192,0.7984,62.8003,0,,train
2025-01-02 01:00:00,BF.BLW.FAN01,bf_sinter_fan_blower,1.9697,35.9359,56.1487,0.7072,62.8609,0,,train
2025-01-02 02:00:00,BF.BLW.FAN01,bf_sinter_fan_blower,1.9045,33.4895,56.5123,0.8299,63.2356,0,,train
2025-01-02 03:00:00,BF.BLW.FAN01,bf_sinter_fan_blower,1.9003,32.4287,56.5577,0.7766,63.9809,0,,train
2025-01-02 04:00:00,BF.BLW.FAN01,bf_sinter_fan_blower,1.9498,29.4386,57.9164,0.7865,64.1349,0,,train
2025-01-02 05:00:00,BF.BLW.FAN01,bf_sinter_fan_blower,1.9432,29.6314,57.5854,0.886,65.1718,0,,train
2025-01-02 06:00:00,BF.BLW.FAN01,bf_sinter_fan_blower,1.8189,28.4686,57.5937,0.9362,64.8975,0,,train
2025-01-02 07:00:00,BF.BLW.FAN01,bf_sinter_fan_blower,1.9034,33.4438,58.792,1.0992,64.9095,0,,train
2025-01-02 08:00:00,BF.BLW.FAN01,bf_sinter_fan_blower,1.8072,31.1635,58.4274,1.1439,64.4923,0,,train
2025-01-02 09:00:00,BF.BLW.FAN01,bf_sinter_fan_blower,1.7711,30.2906,58.1587,1.1912,64.1983,0,,train
2025-01-02 10:00:00,BF.BLW.FAN01,bf_sinter_fan_blower,1.7896,25.7541,58.5655,1.1318,64.5373,0,,train
2025-01-02 11:00:00,BF.BLW.FAN01,bf_sinter_fan_blower,1.7445,21.6871,57.6509,0.9426,64.6776,0,,train
2025-01-02 12:00:00,BF.BLW.FAN01,bf_sinter_fan_blower,1.6389,20.8781,56.4445,0.9502,64.1185,0,,train
2025-01-02 13:00:00,BF.BLW.FAN01,bf_sinter_fan_blower,1.6036,25.6918,55.6207,0.9459,64.2086,0,,train
2025-01-02 14:00:00,BF.BLW.FAN01,bf_sinter_fan_blower,1.7322,27.2142,55.1807,0.8627,65.1444,0,,train
2025-01-02 15:00:00,BF.BLW.FAN01,bf_sinter_fan_blower,1.7068,29.2907,55.416,0.935,65.1944,0,,train
2025-01-02 16:00:00,BF.BLW.FAN01,bf_sinter_fan_blower,1.6267,29.8496,54.0441,0.9732,65.4243,0,,train
2025-01-02 17:00:00,BF.BLW.FAN01,bf_sinter_fan_blower,1.7046,32.6187,53.8953,1.0038,65.501,0,,train
2025-01-02 18:00:00,BF.BLW.FAN01,bf_sinter_fan_blower,1.6799,33.0775,54.45,1.1714,66.4085,0,,train
2025-01-02 19:00:00,BF.BLW.FAN01,bf_sinter_fan_blower,1.5698,34.8119,55.0797,1.3021,64.6688,0,,train
2025-01-02 20:00:00,BF.BLW.FAN01,bf_sinter_fan_blower,1.6531,34.3585,55.2966,1.2453,64.2742,0,,train
2025-01-02 21:00:00,BF.BLW.FAN01,bf_sinter_fan_blower,1.6219,30.2737,55.0979,1.1184,65.259,0,,train
2025-01-02 22:00:00,BF.BLW.FAN01,bf_sinter_fan_blower,1.6197,26.5905,55.4867,1.2498,64.3347,0,,train
2025-01-02 23:00:00,BF.BLW.FAN01,bf_sinter_fan_blower,1.5391,25.9708,54.77,1.3279,64.4715,0,,train
2025-01-03 00:00:00,BF.BLW.FAN01,bf_sinter_fan_blower,1.6703,22.2001,55.132,1.3181,65.6031,0,,train
2025-01-03 01:00:00,BF.BLW.FAN01,bf_sinter_fan_blower,1.6035,26.8639,54.8826,1.3997,66.7313,0,,train
2025-01-03 02:00:00,BF.BLW.FAN01,bf_sinter_fan_blower,1.6008,28.5113,54.5471,1.4356,67.9731,0,,train
2025-01-03 03:00:00,BF.BLW.FAN01,bf_sinter_fan_blower,1.6594,33.5013,55.5528,1.6347,69.1005,0,,train
2025-01-03 04:00:00,BF.BLW.FAN01,bf_sinter_fan_blower,1.7046,32.3639,55.3539,1.592,69.7303,0,,train
2025-01-03 05:00:00,BF.BLW.FAN01,bf_sinter_fan_blower,1.7163,33.9608,55.2292,1.6855,70.5539,0,,train
2025-01-03 06:00:00,BF.BLW.FAN01,bf_sinter_fan_blower,1.739,35.8415,55.198,1.608,70.4183,0,,train
2025-01-03 07:00:00,BF.BLW.FAN01,bf_sinter_fan_blower,1.7736,35.0744,56.2527,1.5372,69.5344,0,,train
2025-01-03 08:00:00,BF.BLW.FAN01,bf_sinter_fan_blower,1.812,35.5591,56.7224,1.3286,68.7316,0,,train
2025-01-03 09:00:00,BF.BLW.FAN01,bf_sinter_fan_blower,1.9369,37.1802,57.3429,1.2669,68.7549,0,,train
2025-01-03 10:00:00,BF.BLW.FAN01,bf_sinter_fan_blower,2.0284,37.8773,57.9748,1.3175,69.1962,0,,train
2025-01-03 11:00:00,BF.BLW.FAN01,bf_sinter_fan_blower,2.0667,32.533,57.5703,1.2803,69.5747,0,,train
2025-01-03 12:00:00,BF.BLW.FAN01,bf_sinter_fan_blower,1.9952,32.5169,56.0762,1.4163,69.2503,0,,train
2025-01-03 13:00:00,BF.BLW.FAN01,bf_sinter_fan_blower,2.0673,31.5062,56.4923,1.2445,69.8098,0,,train
2025-01-03 14:00:00,BF.BLW.FAN01,bf_sinter_fan_blower,2.0632,28.0944,56.2296,1.2533,69.7905,0,,train
2025-01-03 15:00:00,BF.BLW.FAN01,bf_sinter_fan_blower,1.9703,24.6354,55.3606,1.1686,68.8059,0,,train
2025-01-03 16:00:00,BF.BLW.FAN01,bf_sinter_fan_blower,1.8778,25.0951,54.7793,1.293,69.018,0,,train
2025-01-03 17:00:00,BF.BLW.FAN01,bf_sinter_fan_blower,1.9669,27.271,54.986,1.2061,69.118,0,,train
2025-01-03 18:00:00,BF.BLW.FAN01,bf_sinter_fan_blower,1.7745,29.8445,54.0383,1.0956,68.1863,0,,train
2025-01-03 19:00:00,BF.BLW.FAN01,bf_sinter_fan_blower,1.8791,25.3945,54.5616,1.1054,68.0362,0,,train
2025-01-03 20:00:00,BF.BLW.FAN01,bf_sinter_fan_blower,1.8205,27.4396,53.9648,1.2262,68.1345,0,,train
2025-01-03 21:00:00,BF.BLW.FAN01,bf_sinter_fan_blower,1.7549,27.6265,53.8208,1.1909,68.5022,0,,train
2025-01-03 22:00:00,BF.BLW.FAN01,bf_sinter_fan_blower,1.7428,31.1671,55.0008,1.0127,68.1958,0,,train
2025-01-03 23:00:00,BF.BLW.FAN01,bf_sinter_fan_blower,1.6483,33.2921,54.9014,0.9441,68.6144,0,,train
2025-01-04 00:00:00,BF.BLW.FAN01,bf_sinter_fan_blower,1.7577,24.8079,55.844,0.9144,68.7857,0,,train
2025-01-04 01:00:00,BF.BLW.FAN01,bf_sinter_fan_blower,1.5781,20.4698,54.8366,1.062,68.8676,0,,train
2025-01-04 02:00:00,BF.BLW.FAN01,bf_sinter_fan_blower,1.7865,22.9427,55.9761,0.8437,70.0604,0,,train
2025-01-04 03:00:00,BF.BLW.FAN01,bf_sinter_fan_blower,1.7651,25.2002,55.7348,0.7326,70.4513,0,,train
2025-01-04 04:00:00,BF.BLW.FAN01,bf_sinter_fan_blower,1.751,23.1081,55.7177,0.6321,70.3384,0,,train
2025-01-04 05:00:00,BF.BLW.FAN01,bf_sinter_fan_blower,1.6293,21.7703,55.4678,0.8151,69.9551,0,,train
2025-01-04 06:00:00,BF.BLW.FAN01,bf_sinter_fan_blower,1.6555,24.7415,56.7956,1.046,69.7345,0,,train
2025-01-04 07:00:00,BF.BLW.FAN01,bf_sinter_fan_blower,1.6647,26.0808,57.4474,1.0867,69.0935,0,,train
2025-01-04 08:00:00,BF.BLW.FAN01,bf_sinter_fan_blower,1.5556,25.0621,56.2618,0.9786,67.6432,0,,train
2025-01-04 09:00:00,BF.BLW.FAN01,bf_sinter_fan_blower,1.5447,27.5884,56.842,1.1295,66.618,0,,train
2025-01-04 10:00:00,BF.BLW.FAN01,bf_sinter_fan_blower,1.3561,28.2722,55.5759,1.0863,66.5743,0,,train
2025-01-04 11:00:00,BF.BLW.FAN01,bf_sinter_fan_blower,1.3496,26.9065,55.028,1.1964,66.811,0,,train
2025-01-04 12:00:00,BF.BLW.FAN01,bf_sinter_fan_blower,1.2589,29.1719,54.2339,1.2224,65.6727,0,,train
2025-01-04 13:00:00,BF.BLW.FAN01,bf_sinter_fan_blower,1.3788,31.029,55.3749,1.1797,65.9055,0,,train
2025-01-04 14:00:00,BF.BLW.FAN01,bf_sinter_fan_blower,1.4977,32.4336,55.5202,1.3638,65.7859,0,,train
2025-01-04 15:00:00,BF.BLW.FAN01,bf_sinter_fan_blower,1.5661,30.7957,55.3222,1.9193,64.5856,0,,train
2025-01-04 16:00:00,BF.BLW.FAN01,bf_sinter_fan_blower,1.5616,24.995,55.3637,2.5576,63.0186,0,,train
2025-01-04 17:00:00,BF.BLW.FAN01,bf_sinter_fan_blower,1.5987,26.7529,55.9061,3.4963,63.8861,0,,train
2025-01-04 18:00:00,BF.BLW.FAN01,bf_sinter_fan_blower,1.5942,26.7096,55.6512,4.2834,64.3498,0,,train
2025-01-04 19:00:00,BF.BLW.FAN01,bf_sinter_fan_blower,1.6837,27.3506,56.5139,4.4094,64.3211,0,,train
2025-01-04 20:00:00,BF.BLW.FAN01,bf_sinter_fan_blower,1.7644,28.0543,56.7493,4.288,65.4858,0,,train
2025-01-04 21:00:00,BF.BLW.FAN01,bf_sinter_fan_blower,1.7607,26.8779,56.9213,3.8327,64.9067,0,,train
2025-01-04 22:00:00,BF.BLW.FAN01,bf_sinter_fan_blower,1.6904,27.1348,56.7852,3.1885,65.9534,0,,train
2025-01-04 23:00:00,BF.BLW.FAN01,bf_sinter_fan_blower,1.7529,24.5216,56.86,2.3148,66.7188,0,,train
2025-01-05 00:00:00,BF.BLW.FAN01,bf_sinter_fan_blower,1.7117,32.5015,56.9492,1.6143,66.8906,0,,train
2025-01-05 01:00:00,BF.BLW.FAN01,bf_sinter_fan_blower,1.5598,31.6012,56.6593,1.3645,65.7494,0,,train
2025-01-05 02:00:00,BF.BLW.FAN01,bf_sinter_fan_blower,1.6943,29.935,56.1218,1.0774,67.9613,0,,train
2025-01-05 03:00:00,BF.BLW.FAN01,bf_sinter_fan_blower,1.7144,31.866,56.1113,1.0266,68.3174,0,,train
2025-01-05 04:00:00,BF.BLW.FAN01,bf_sinter_fan_blower,1.6674,33.1609,56.1003,1.1311,67.8203,0,,train
2025-01-05 05:00:00,BF.BLW.FAN01,bf_sinter_fan_blower,1.6312,34.0532,56.1901,1.1193,67.6993,0,,train
2025-01-05 06:00:00,BF.BLW.FAN01,bf_sinter_fan_blower,1.6315,34.8046,55.685,1.0856,67.772,0,,train
2025-01-05 07:00:00,BF.BLW.FAN01,bf_sinter_fan_blower,1.5408,36.0954,56.1075,0.8715,66.41,0,,train
2025-01-05 08:00:00,BF.BLW.FAN01,bf_sinter_fan_blower,1.4971,32.7844,55.4536,0.9332,66.116,0,,train
2025-01-05 09:00:00,BF.BLW.FAN01,bf_sinter_fan_blower,1.5842,28.5284,56.108,1.1464,66.2075,0,,train
2025-01-05 10:00:00,BF.BLW.FAN01,bf_sinter_fan_blower,1.6464,32.5284,56.5172,1.1762,66.7185,0,,train
2025-01-05 11:00:00,BF.BLW.FAN01,bf_sinter_fan_blower,1.5327,34.0711,54.637,1.433,65.9669,0,,train
2025-01-05 12:00:00,BF.BLW.FAN01,bf_sinter_fan_blower,1.5705,36.0586,54.6269,1.603,65.3646,0,,train
2025-01-05 13:00:00,BF.BLW.FAN01,bf_sinter_fan_blower,1.6211,39.2163,53.6287,1.554,64.969,0,,train
2025-01-05 14:00:00,BF.BLW.FAN01,bf_sinter_fan_blower,1.4535,38.2925,53.5273,1.606,63.5596,0,,train
2025-01-05 15:00:00,BF.BLW.FAN01,bf_sinter_fan_blower,1.6646,37.9534,54.4134,1.7597,63.9057,0,,train
2025-01-05 16:00:00,BF.BLW.FAN01,bf_sinter_fan_blower,1.735,36.0956,54.7511,1.7865,64.3183,0,,train
2025-01-05 17:00:00,BF.BLW.FAN01,bf_sinter_fan_blower,1.719,35.3461,54.6326,1.7364,64.4074,0,,train
2025-01-05 18:00:00,BF.BLW.FAN01,bf_sinter_fan_blower,1.7649,38.0894,54.6961,1.6936,64.705,0,,train
2025-01-05 19:00:00,BF.BLW.FAN01,bf_sinter_fan_blower,1.9038,33.0276,56.0963,1.8166,65.0272,0,,train
2025-01-05 20:00:00,BF.BLW.FAN01,bf_sinter_fan_blower,1.8985,29.704,55.3453,1.7281,64.6218,0,,train
2025-01-05 21:00:00,BF.BLW.FAN01,bf_sinter_fan_blower,1.9043,32.1793,55.3836,1.6485,65.3909,0,,train
2025-01-05 22:00:00,BF.BLW.FAN01,bf_sinter_fan_blower,1.9238,33.8572,55.5618,1.7123,65.9595,0,,train
2025-01-05 23:00:00,BF.BLW.FAN01,bf_sinter_fan_blower,1.9616,31.3494,55.123,1.5829,65.9172,0,,train
2025-01-06 00:00:00,BF.BLW.FAN01,bf_sinter_fan_blower,1.842,28.6992,55.3787,1.8129,65.8382,0,,train
2025-01-06 01:00:00,BF.BLW.FAN01,bf_sinter_fan_blower,1.911,26.263,56.1538,1.8193,65.9526,0,,train
2025-01-06 02:00:00,BF.BLW.FAN01,bf_sinter_fan_blower,1.83,24.4022,55.4921,1.6326,65.9177,0,,train
2025-01-06 03:00:00,BF.BLW.FAN01,bf_sinter_fan_blower,1.844,24.5433,56.0229,1.6015,66.741,0,,train
2025-01-06 04:00:00,BF.BLW.FAN01,bf_sinter_fan_blower,1.8895,23.7288,55.95,1.4255,67.0221,0,,train
2025-01-06 05:00:00,BF.BLW.FAN01,bf_sinter_fan_blower,1.9786,22.5292,56.6648,1.2497,67.0777,0,,train
2025-01-06 06:00:00,BF.BLW.FAN01,bf_sinter_fan_blower,1.9112,29.4893,56.8198,1.2671,66.57,0,,train
2025-01-06 07:00:00,BF.BLW.FAN01,bf_sinter_fan_blower,1.9321,28.8801,56.9725,1.102,66.7723,0,,train
2025-01-06 08:00:00,BF.BLW.FAN01,bf_sinter_fan_blower,1.8972,30.9282,57.1466,1.0893,67.379,0,,train
2025-01-06 09:00:00,BF.BLW.FAN01,bf_sinter_fan_blower,1.9633,29.775,57.6121,0.984,68.481,0,,train
2025-01-06 10:00:00,BF.BLW.FAN01,bf_sinter_fan_blower,1.919,33.212,56.7361,0.9354,67.8678,0,,train
2025-01-06 11:00:00,BF.BLW.FAN01,bf_sinter_fan_blower,1.9217,30.7176,54.941,1.0305,67.9269,0,,train
2025-01-06 12:00:00,BF.BLW.FAN01,bf_sinter_fan_blower,2.0283,29.8896,55.0361,1.155,66.2716,0,,train
2025-01-06 13:00:00,BF.BLW.FAN01,bf_sinter_fan_blower,2.4717,27.7886,54.8236,1.063,67.0273,0,,train
2025-01-06 14:00:00,BF.BLW.FAN01,bf_sinter_fan_blower,2.7271,29.8459,53.2118,0.9697,66.2863,0,,train
2025-01-06 15:00:00,BF.BLW.FAN01,bf_sinter_fan_blower,3.1067,27.0694,53.3396,0.8458,66.3286,0,,train
2025-01-06 16:00:00,BF.BLW.FAN01,bf_sinter_fan_blower,3.3514,28.715,53.7675,0.9011,65.2371,0,,train
2025-01-06 17:00:00,BF.BLW.FAN01,bf_sinter_fan_blower,3.4462,32.3511,54.1346,0.7917,64.2606,0,,train
2025-01-06 18:00:00,BF.BLW.FAN01,bf_sinter_fan_blower,3.3679,33.0373,54.4577,0.6997,63.9422,0,,train
2025-01-06 19:00:00,BF.BLW.FAN01,bf_sinter_fan_blower,3.0081,34.6289,53.552,0.5884,63.4208,0,,train
2025-01-06 20:00:00,BF.BLW.FAN01,bf_sinter_fan_blower,2.5286,32.2305,52.2959,0.7141,63.0719,0,,train
2025-01-06 21:00:00,BF.BLW.FAN01,bf_sinter_fan_blower,2.3113,29.9404,53.9561,0.6567,63.372,0,,train
2025-01-06 22:00:00,BF.BLW.FAN01,bf_sinter_fan_blower,1.8734,26.6197,53.8402,0.7583,63.4919,0,,train
2025-01-06 23:00:00,BF.BLW.FAN01,bf_sinter_fan_blower,1.5575,26.6129,53.4329,0.7714,63.6107,0,,train
2025-01-07 00:00:00,BF.BLW.FAN01,bf_sinter_fan_blower,1.5089,30.1148,54.8455,0.9448,64.329,0,,train
2025-01-07 01:00:00,BF.BLW.FAN01,bf_sinter_fan_blower,1.5553,27.9968,55.1728,0.9112,65.3343,0,,train
2025-01-07 02:00:00,BF.BLW.FAN01,bf_sinter_fan_blower,1.5212,27.1768,55.6542,0.9629,66.5312,0,,train
2025-01-07 03:00:00,BF.BLW.FAN01,bf_sinter_fan_blower,1.4967,26.995,56.4838,0.9958,65.8905,0,,train
2025-01-07 04:00:00,BF.BLW.FAN01,bf_sinter_fan_blower,1.4408,28.1336,57.1451,0.9736,64.3202,0,,train
2025-01-07 05:00:00,BF.BLW.FAN01,bf_sinter_fan_blower,1.4942,29.2685,57.3737,1.0789,65.2494,0,,train
2025-01-07 06:00:00,BF.BLW.FAN01,bf_sinter_fan_blower,1.7181,29.8651,58.876,0.877,65.7227,0,,train
2025-01-07 07:00:00,BF.BLW.FAN01,bf_sinter_fan_blower,1.6599,31.4599,57.9101,1.0229,65.5813,0,,train
2025-01-07 08:00:00,BF.BLW.FAN01,bf_sinter_fan_blower,1.7944,34.0013,58.2163,0.9318,67.1143,0,,train
2025-01-07 09:00:00,BF.BLW.FAN01,bf_sinter_fan_blower,1.817,35.5938,57.6728,0.8552,66.734,0,,train
2025-01-07 10:00:00,BF.BLW.FAN01,bf_sinter_fan_blower,1.9998,36.6957,58.5917,0.7547,66.4208,0,,train
2025-01-07 11:00:00,BF.BLW.FAN01,bf_sinter_fan_blower,2.0584,33.8373,58.9287,0.7872,66.9598,0,,train
2025-01-07 12:00:00,BF.BLW.FAN01,bf_sinter_fan_blower,2.0809,34.1568,58.806,0.7587,67.1921,0,,train
2025-01-07 13:00:00,BF.BLW.FAN01,bf_sinter_fan_blower,2.1448,34.9781,58.4269,0.8299,68.0385,0,,train
2025-01-07 14:00:00,BF.BLW.FAN01,bf_sinter_fan_blower,2.1224,32.7152,58.2643,0.8043,67.3595,0,,train
2025-01-07 15:00:00,BF.BLW.FAN01,bf_sinter_fan_blower,2.0175,33.3638,58.5514,1.086,66.9569,0,,train
2025-01-07 16:00:00,BF.BLW.FAN01,bf_sinter_fan_blower,1.9355,35.8567,57.5334,1.0694,66.7028,0,,train
2025-01-07 17:00:00,BF.BLW.FAN01,bf_sinter_fan_blower,1.8505,37.6911,56.5851,0.992,65.6841,0,,train
2025-01-07 18:00:00,BF.BLW.FAN01,bf_sinter_fan_blower,1.7603,42.7579,56.6706,0.8124,64.7768,0,,train
2025-01-07 19:00:00,BF.BLW.FAN01,bf_sinter_fan_blower,1.8702,40.0926,56.247,0.7931,66.1217,0,,train
2025-01-07 20:00:00,BF.BLW.FAN01,bf_sinter_fan_blower,1.9014,41.708,55.9978,0.8311,67.1328,0,,train
2025-01-07 21:00:00,BF.BLW.FAN01,bf_sinter_fan_blower,1.9357,41.1357,56.8812,0.6013,67.8064,0,,train
2025-01-07 22:00:00,BF.BLW.FAN01,bf_sinter_fan_blower,2.1196,39.7045,58.2441,0.5809,69.6544,0,,train
2025-01-07 23:00:00,BF.BLW.FAN01,bf_sinter_fan_blower,2.0682,37.0446,58.4275,0.5638,70.3512,0,,train
2025-01-08 00:00:00,BF.BLW.FAN01,bf_sinter_fan_blower,1.9903,39.4475,58.2948,0.7496,70.1385,0,,train
2025-01-08 01:00:00,BF.BLW.FAN01,bf_sinter_fan_blower,1.8817,42.3946,57.5913,0.816,70.024,0,,train
2025-01-08 02:00:00,BF.BLW.FAN01,bf_sinter_fan_blower,1.8098,39.8077,57.7669,0.8668,69.8161,0,,train
2025-01-08 03:00:00,BF.BLW.FAN01,bf_sinter_fan_blower,1.8074,39.3044,59.1392,0.9614,69.9693,0,,train
2025-01-08 04:00:00,BF.BLW.FAN01,bf_sinter_fan_blower,1.7286,39.5981,58.4273,1.0376,70.6105,0,,train
2025-01-08 05:00:00,BF.BLW.FAN01,bf_sinter_fan_blower,1.68,34.576,59.0175,1.0528,70.4734,0,,train
2025-01-08 06:00:00,BF.BLW.FAN01,bf_sinter_fan_blower,1.6429,38.7846,59.328,1.1132,70.6854,0,,train
2025-01-08 07:00:00,BF.BLW.FAN01,bf_sinter_fan_blower,1.5321,39.5567,57.9791,1.1425,69.7921,0,,train
2025-01-08 08:00:00,BF.BLW.FAN01,bf_sinter_fan_blower,1.5495,38.5652,57.6894,1.1745,69.7799,0,,train
2025-01-08 09:00:00,BF.BLW.FAN01,bf_sinter_fan_blower,1.5459,37.4604,56.7001,1.0862,68.9796,0,,train
2025-01-08 10:00:00,BF.BLW.FAN01,bf_sinter_fan_blower,1.5375,36.2899,55.6185,0.9585,68.8894,0,,train
2025-01-08 11:00:00,BF.BLW.FAN01,bf_sinter_fan_blower,1.5486,35.1173,55.4224,0.9164,68.8576,0,,train
2025-01-08 12:00:00,BF.BLW.FAN01,bf_sinter_fan_blower,1.5974,32.7384,55.3335,0.9369,68.7323,0,,train
2025-01-08 13:00:00,BF.BLW.FAN01,bf_sinter_fan_blower,1.6081,35.819,55.6383,1.0209,69.3756,0,,train
2025-01-08 14:00:00,BF.BLW.FAN01,bf_sinter_fan_blower,1.5933,35.7005,63.1081,1.0322,69.2081,0,,train
2025-01-08 15:00:00,BF.BLW.FAN01,bf_sinter_fan_blower,1.6127,30.985,72.0957,1.0576,70.9586,0,,train
2025-01-08 16:00:00,BF.BLW.FAN01,bf_sinter_fan_blower,1.5856,32.8001,62.7887,0.9534,74.3995,0,,train
2025-01-08 17:00:00,BF.BLW.FAN01,bf_sinter_fan_blower,1.7653,31.0553,54.6023,0.9586,80.1003,0,,train
2025-01-08 18:00:00,BF.BLW.FAN01,bf_sinter_fan_blower,1.8211,29.4708,55.1746,0.9374,85.4572,0,,train
2025-01-08 19:00:00,BF.BLW.FAN01,bf_sinter_fan_blower,1.7008,29.1919,55.6301,0.9196,85.7539,0,,train
2025-01-08 20:00:00,BF.BLW.FAN01,bf_sinter_fan_blower,1.7464,28.2326,55.0382,1.0183,85.5132,0,,train
2025-01-08 21:00:00,BF.BLW.FAN01,bf_sinter_fan_blower,1.7588,27.9309,55.8273,1.0525,80.5376,0,,train
2025-01-08 22:00:00,BF.BLW.FAN01,bf_sinter_fan_blower,1.631,24.4799,54.2575,0.9161,74.7564,0,,train
2025-01-08 23:00:00,BF.BLW.FAN01,bf_sinter_fan_blower,1.5881,22.4957,53.722,0.9706,71.2972,0,,train
2025-01-09 00:00:00,BF.BLW.FAN01,bf_sinter_fan_blower,1.592,16.6345,54.4234,1.2216,70.1684,0,,train
2025-01-09 01:00:00,BF.BLW.FAN01,bf_sinter_fan_blower,1.6417,16.5963,55.1426,1.3348,71.1239,0,,train
2025-01-09 02:00:00,BF.BLW.FAN01,bf_sinter_fan_blower,1.65,15.5909,55.3659,1.3807,72.3496,0,,train
2025-01-09 03:00:00,BF.BLW.FAN01,bf_sinter_fan_blower,1.6276,15.6114,55.7709,1.2323,71.8368,0,,train
2025-01-09 04:00:00,BF.BLW.FAN01,bf_sinter_fan_blower,1.4726,13.741,54.0615,1.2814,72.535,0,,train
2025-01-09 05:00:00,BF.BLW.FAN01,bf_sinter_fan_blower,1.3888,15.1219,53.3642,1.3489,73.5981,0,,train
2025-01-09 06:00:00,BF.BLW.FAN01,bf_sinter_fan_blower,1.3607,15.706,53.2503,1.2015,73.321,0,,train
2025-01-09 07:00:00,BF.BLW.FAN01,bf_sinter_fan_blower,1.4497,19.3832,53.2969,0.9869,73.3313,0,,train
2025-01-09 08:00:00,BF.BLW.FAN01,bf_sinter_fan_blower,1.5896,19.5703,53.843,1.0006,74.6289,0,,train
2025-01-09 09:00:00,BF.BLW.FAN01,bf_sinter_fan_blower,1.6401,15.9548,54.3502,0.8312,74.0994,0,,train
2025-01-09 10:00:00,BF.BLW.FAN01,bf_sinter_fan_blower,1.7156,14.7628,54.4858,0.7906,74.1556,0,,train
2025-01-09 11:00:00,BF.BLW.FAN01,bf_sinter_fan_blower,1.6164,14.5319,52.5009,0.6807,73.2999,0,,train
2025-01-09 12:00:00,BF.BLW.FAN01,bf_sinter_fan_blower,1.5257,15.4488,51.5762,0.6605,71.6236,0,,train
2025-01-09 13:00:00,BF.BLW.FAN01,bf_sinter_fan_blower,1.513,18.2489,51.7729,0.8663,70.853,0,,train
2025-01-09 14:00:00,BF.BLW.FAN01,bf_sinter_fan_blower,1.4848,19.1619,52.2019,0.7747,69.0076,0,,train
2025-01-09 15:00:00,BF.BLW.FAN01,bf_sinter_fan_blower,1.6286,25.184,53.3533,0.8848,67.7403,0,,train
2025-01-09 16:00:00,BF.BLW.FAN01,bf_sinter_fan_blower,1.746,23.4239,53.9366,0.6851,67.4593,0,,train
2025-01-09 17:00:00,BF.BLW.FAN01,bf_sinter_fan_blower,1.8997,23.4621,55.3851,0.7275,67.0564,0,,train
2025-01-09 18:00:00,BF.BLW.FAN01,bf_sinter_fan_blower,1.8032,23.7555,55.4407,0.8533,67.221,0,,train
2025-01-09 19:00:00,BF.BLW.FAN01,bf_sinter_fan_blower,1.7198,27.7529,54.5076,0.6012,66.5556,0,,train
2025-01-09 20:00:00,BF.BLW.FAN01,bf_sinter_fan_blower,1.6315,27.1026,54.7053,0.7706,64.9144,0,,train
2025-01-09 21:00:00,BF.BLW.FAN01,bf_sinter_fan_blower,1.5912,27.6898,54.318,0.639,64.8401,0,,train
2025-01-09 22:00:00,BF.BLW.FAN01,bf_sinter_fan_blower,1.5405,25.6202,54.5757,0.6719,64.6161,0,,train
2025-01-09 23:00:00,BF.BLW.FAN01,bf_sinter_fan_blower,1.3815,24.0567,54.525,0.8979,63.5138,0,,train
2025-01-10 00:00:00,BF.BLW.FAN01,bf_sinter_fan_blower,1.4832,25.543,55.1802,0.9722,64.0303,0,,train
2025-01-10 01:00:00,BF.BLW.FAN01,bf_sinter_fan_blower,1.5541,23.7201,55.1424,1.0422,64.2225,0,,train
2025-01-10 02:00:00,BF.BLW.FAN01,bf_sinter_fan_blower,1.5604,25.3665,56.501,0.9705,64.2357,0,,train
2025-01-10 03:00:00,BF.BLW.FAN01,bf_sinter_fan_blower,1.6725,23.8596,56.5894,1.0769,65.0606,0,,train
2025-01-10 04:00:00,BF.BLW.FAN01,bf_sinter_fan_blower,1.7552,22.687,56.9346,0.927,65.5377,0,,train
2025-01-10 05:00:00,BF.BLW.FAN01,bf_sinter_fan_blower,1.7949,23.1763,56.4649,0.8372,66.5543,0,,train
2025-01-10 06:00:00,BF.BLW.FAN01,bf_sinter_fan_blower,1.8559,23.9362,57.0859,0.6969,67.0703,0,,train
2025-01-10 07:00:00,BF.BLW.FAN01,bf_sinter_fan_blower,1.9893,20.5641,58.3772,0.7005,67.4774,0,,train
2025-01-10 08:00:00,BF.BLW.FAN01,bf_sinter_fan_blower,1.9184,21.1444,57.479,0.7488,67.4257,0,,train
2025-01-10 09:00:00,BF.BLW.FAN01,bf_sinter_fan_blower,1.9927,19.442,57.1816,0.7162,68.1815,0,,train
2025-01-10 10:00:00,BF.BLW.FAN01,bf_sinter_fan_blower,2.0324,16.3984,58.0247,0.7668,67.0566,0,,train
2025-01-10 11:00:00,BF.BLW.FAN01,bf_sinter_fan_blower,2.0167,22.5645,57.7639,0.8331,66.8164,0,,train
2025-01-10 12:00:00,BF.BLW.FAN01,bf_sinter_fan_blower,2.0469,27.7293,56.9637,0.6184,66.7047,0,,train
2025-01-10 13:00:00,BF.BLW.FAN01,bf_sinter_fan_blower,1.9322,26.2387,57.0724,0.5059,65.1346,0,,train
2025-01-10 14:00:00,BF.BLW.FAN01,bf_sinter_fan_blower,1.9615,24.6517,57.6148,0.6433,64.6133,0,,train
2025-01-10 15:00:00,BF.BLW.FAN01,bf_sinter_fan_blower,1.958,20.9782,57.4325,0.6804,64.6652,0,,train
2025-01-10 16:00:00,BF.BLW.FAN01,bf_sinter_fan_blower,1.8941,20.8513,57.0265,0.7543,64.9698,0,,train
2025-01-10 17:00:00,BF.BLW.FAN01,bf_sinter_fan_blower,1.9814,23.1596,58.01,0.7034,64.9819,0,,train
2025-01-10 18:00:00,BF.BLW.FAN01,bf_sinter_fan_blower,2.0008,21.3352,58.0753,0.7004,64.4182,0,,train
2025-01-10 19:00:00,BF.BLW.FAN01,bf_sinter_fan_blower,2.0567,19.4522,58.5323,0.8943,64.2643,0,,train
2025-01-10 20:00:00,BF.BLW.FAN01,bf_sinter_fan_blower,2.0524,17.8935,57.5094,0.9873,65.2648,0,,train
2025-01-10 21:00:00,BF.BLW.FAN01,bf_sinter_fan_blower,2.1403,22.517,58.4977,0.8216,65.5737,0,,train
2025-01-10 22:00:00,BF.BLW.FAN01,bf_sinter_fan_blower,2.0999,24.343,58.7589,0.8409,65.8837,0,,train
2025-01-10 23:00:00,BF.BLW.FAN01,bf_sinter_fan_blower,2.0425,23.144,59.1955,0.766,65.4342,0,,train
2025-01-11 00:00:00,BF.BLW.FAN01,bf_sinter_fan_blower,2.1251,24.4749,59.9828,0.5642,66.4985,0,,train
2025-01-11 01:00:00,BF.BLW.FAN01,bf_sinter_fan_blower,2.105,26.316,59.6839,0.6115,67.645,0,,train
2025-01-11 02:00:00,BF.BLW.FAN01,bf_sinter_fan_blower,1.9762,25.7066,59.691,0.6676,67.8998,0,,train
2025-01-11 03:00:00,BF.BLW.FAN01,bf_sinter_fan_blower,2.0543,24.9553,59.9136,0.6541,68.6436,0,,train
2025-01-11 04:00:00,BF.BLW.FAN01,bf_sinter_fan_blower,2.0882,23.128,60.4093,0.805,69.2519,0,,train
2025-01-11 05:00:00,BF.BLW.FAN01,bf_sinter_fan_blower,2.1685,25.7643,61.5034,1.0907,69.7421,0,,train
2025-01-11 06:00:00,BF.BLW.FAN01,bf_sinter_fan_blower,2.03,22.845,60.3633,1.2358,70.2154,0,,train
2025-01-11 07:00:00,BF.BLW.FAN01,bf_sinter_fan_blower,2.0953,22.2186,61.7624,1.3791,70.3618,0,,train
2025-01-11 08:00:00,BF.BLW.FAN01,bf_sinter_fan_blower,2.0698,21.3337,61.4052,1.2939,70.9657,0,,train
2025-01-11 09:00:00,BF.BLW.FAN01,bf_sinter_fan_blower,2.0705,22.515,60.0955,1.0021,70.4393,0,,train
2025-01-11 10:00:00,BF.BLW.FAN01,bf_sinter_fan_blower,2.0842,20.757,60.842,0.8679,69.1653,0,,train
2025-01-11 11:00:00,BF.BLW.FAN01,bf_sinter_fan_blower,1.9317,22.7409,59.9621,0.959,67.2989,0,,train
2025-01-11 12:00:00,BF.BLW.FAN01,bf_sinter_fan_blower,2.0005,22.7229,58.8705,0.9535,67.6357,0,,train
2025-01-11 13:00:00,BF.BLW.FAN01,bf_sinter_fan_blower,1.9494,20.5812,58.4252,0.8842,67.4098,0,,train
2025-01-11 14:00:00,BF.BLW.FAN01,bf_sinter_fan_blower,1.9189,25.3405,57.6655,0.9013,67.1899,0,,train
2025-01-11 15:00:00,BF.BLW.FAN01,bf_sinter_fan_blower,1.9191,26.2159,56.4086,0.5597,67.2743,0,,train
2025-01-11 16:00:00,BF.BLW.FAN01,bf_sinter_fan_blower,1.9049,26.1938,55.2698,0.6027,67.2197,0,,train
2025-01-11 17:00:00,BF.BLW.FAN01,bf_sinter_fan_blower,1.7846,28.1226,55.0509,0.6462,65.8594,0,,train
2025-01-11 18:00:00,BF.BLW.FAN01,bf_sinter_fan_blower,1.7399,28.3869,54.6011,0.5536,64.8853,0,,train
2025-01-11 19:00:00,BF.BLW.FAN01,bf_sinter_fan_blower,1.5673,29.8776,53.2192,0.6584,64.2635,0,,train
2025-01-11 20:00:00,BF.BLW.FAN01,bf_sinter_fan_blower,1.562,31.4007,53.1462,0.802,63.9452,0,,train
2025-01-11 21:00:00,BF.BLW.FAN01,bf_sinter_fan_blower,1.5138,30.5464,52.6169,0.8345,64.388,0,,train
2025-01-11 22:00:00,BF.BLW.FAN01,bf_sinter_fan_blower,1.5452,35.4765,53.4316,0.8022,63.5389,0,,train
2025-01-11 23:00:00,BF.BLW.FAN01,bf_sinter_fan_blower,1.6099,32.3649,53.6835,0.8577,65.0638,0,,train
2025-01-12 00:00:00,BF.BLW.FAN01,bf_sinter_fan_blower,1.5416,33.7825,53.1054,0.7735,64.779,0,,train
2025-01-12 01:00:00,BF.BLW.FAN01,bf_sinter_fan_blower,1.5292,31.7324,52.9173,0.9299,65.5872,0,,train
2025-01-12 02:00:00,BF.BLW.FAN01,bf_sinter_fan_blower,1.7,35.4723,53.5144,1.0097,66.8983,0,,train
2025-01-12 03:00:00,BF.BLW.FAN01,bf_sinter_fan_blower,1.604,34.1671,53.3492,1.106,67.4063,0,,train
2025-01-12 04:00:00,BF.BLW.FAN01,bf_sinter_fan_blower,1.5888,31.0355,53.741,1.1323,67.0781,0,,train
2025-01-12 05:00:00,BF.BLW.FAN01,bf_sinter_fan_blower,1.5122,29.5055,53.5567,1.2812,66.8056,0,,train
2025-01-12 06:00:00,BF.BLW.FAN01,bf_sinter_fan_blower,1.4815,28.1404,53.8993,1.4545,66.6164,0,,train
2025-01-12 07:00:00,BF.BLW.FAN01,bf_sinter_fan_blower,1.3693,27.3108,53.0556,1.4354,66.1255,0,,train
2025-01-12 08:00:00,BF.BLW.FAN01,bf_sinter_fan_blower,1.3663,26.5874,52.5896,1.303,66.3773,0,,train
2025-01-12 09:00:00,BF.BLW.FAN01,bf_sinter_fan_blower,1.5257,28.9233,52.4794,1.0501,68.0822,0,,train
2025-01-12 10:00:00,BF.BLW.FAN01,bf_sinter_fan_blower,1.6402,28.9182,53.116,0.9522,68.7087,0,,train
2025-01-12 11:00:00,BF.BLW.FAN01,bf_sinter_fan_blower,1.6612,31.2457,53.0077,0.8977,67.8849,0,,train
2025-01-12 12:00:00,BF.BLW.FAN01,bf_sinter_fan_blower,1.7891,33.4242,53.2941,0.7779,68.1644,0,,train
2025-01-12 13:00:00,BF.BLW.FAN01,bf_sinter_fan_blower,1.8339,33.3691,54.7345,0.8757,67.7436,0,,train
2025-01-12 14:00:00,BF.BLW.FAN01,bf_sinter_fan_blower,1.807,34.6415,53.8426,0.9458,67.9239,0,,train
2025-01-12 15:00:00,BF.BLW.FAN01,bf_sinter_fan_blower,1.8805,33.54,54.7843,0.7778,67.3918,0,,train
2025-01-12 16:00:00,BF.BLW.FAN01,bf_sinter_fan_blower,1.8667,35.2032,54.5198,1.0702,66.9614,0,,train
2025-01-12 17:00:00,BF.BLW.FAN01,bf_sinter_fan_blower,1.852,32.8869,53.9873,0.9739,66.3774,0,,train
2025-01-12 18:00:00,BF.BLW.FAN01,bf_sinter_fan_blower,1.8103,31.0385,52.3879,0.9744,67.2237,0,,train
2025-01-12 19:00:00,BF.BLW.FAN01,bf_sinter_fan_blower,1.8242,34.7162,52.783,0.8309,66.7147,0,,train
2025-01-12 20:00:00,BF.BLW.FAN01,bf_sinter_fan_blower,1.8992,34.1472,52.9896,0.5833,68.0636,0,,train
2025-01-12 21:00:00,BF.BLW.FAN01,bf_sinter_fan_blower,1.9577,32.3692,53.5164,0.483,69.1946,0,,train
2025-01-12 22:00:00,BF.BLW.FAN01,bf_sinter_fan_blower,1.9523,32.8005,53.7461,0.633,70.9415,0,,train
2025-01-12 23:00:00,BF.BLW.FAN01,bf_sinter_fan_blower,1.9461,36.481,54.11,0.7326,72.1735,0,,train
2025-01-13 00:00:00,BF.BLW.FAN01,bf_sinter_fan_blower,1.9665,28.6376,54.6978,0.6073,72.8115,0,,train
2025-01-13 01:00:00,BF.BLW.FAN01,bf_sinter_fan_blower,1.9437,26.5177,55.2193,0.5929,72.6714,0,,train
2025-01-13 02:00:00,BF.BLW.FAN01,bf_sinter_fan_blower,2.0496,29.1036,55.5206,0.4283,73.984,0,,train
2025-01-13 03:00:00,BF.BLW.FAN01,bf_sinter_fan_blower,1.9916,24.7946,55.1008,0.4798,74.2879,0,,train
2025-01-13 04:00:00,BF.BLW.FAN01,bf_sinter_fan_blower,1.9753,22.0776,55.3587,0.6265,74.5699,0,,train
2025-01-13 05:00:00,BF.BLW.FAN01,bf_sinter_fan_blower,1.8498,21.1075,54.4455,0.8168,74.285,0,,train
2025-01-13 06:00:00,BF.BLW.FAN01,bf_sinter_fan_blower,1.9221,24.5218,55.2619,1.047,74.9283,0,,train
2025-01-13 07:00:00,BF.BLW.FAN01,bf_sinter_fan_blower,1.981,24.7424,54.7645,0.799,75.2819,0,,train
2025-01-13 08:00:00,BF.BLW.FAN01,bf_sinter_fan_blower,1.8605,25.0899,53.7304,0.9852,75.1148,0,,train
2025-01-13 09:00:00,BF.BLW.FAN01,bf_sinter_fan_blower,1.8136,23.6655,53.9007,1.0145,73.8404,0,,train
2025-01-13 10:00:00,BF.BLW.FAN01,bf_sinter_fan_blower,1.8505,22.5051,53.815,1.0426,73.1415,0,,train
2025-01-13 11:00:00,BF.BLW.FAN01,bf_sinter_fan_blower,1.8664,18.2022,53.5067,1.1501,72.9684,0,,train
2025-01-13 12:00:00,BF.BLW.FAN01,bf_sinter_fan_blower,2.0519,19.3921,53.2928,1.348,71.5732,0,,train
2025-01-13 13:00:00,BF.BLW.FAN01,bf_sinter_fan_blower,2.7011,15.6241,53.3134,1.3885,71.1502,0,,train
2025-01-13 14:00:00,BF.BLW.FAN01,bf_sinter_fan_blower,3.5761,15.3098,52.9841,1.4519,70.9927,0,,train
2025-01-13 15:00:00,BF.BLW.FAN01,bf_sinter_fan_blower,4.2964,18.5415,52.0292,1.4535,70.2192,0,,train
2025-01-13 16:00:00,BF.BLW.FAN01,bf_sinter_fan_blower,4.8562,19.5983,52.0732,1.2529,70.295,0,,train
2025-01-13 17:00:00,BF.BLW.FAN01,bf_sinter_fan_blower,4.9316,22.3515,52.3912,1.3171,69.9255,0,,train
2025-01-13 18:00:00,BF.BLW.FAN01,bf_sinter_fan_blower,4.4507,20.0375,52.8491,1.4158,69.151,0,,train
2025-01-13 19:00:00,BF.BLW.FAN01,bf_sinter_fan_blower,3.6633,18.9479,53.7522,1.3694,69.317,0,,train
2025-01-13 20:00:00,BF.BLW.FAN01,bf_sinter_fan_blower,2.7393,20.1119,53.9114,1.3531,69.1484,0,,train
2025-01-13 21:00:00,BF.BLW.FAN01,bf_sinter_fan_blower,2.0856,25.914,55.3079,1.198,68.8159,0,,train
2025-01-13 22:00:00,BF.BLW.FAN01,bf_sinter_fan_blower,1.9175,27.8396,55.3882,1.2359,70.1288,0,,train
2025-01-13 23:00:00,BF.BLW.FAN01,bf_sinter_fan_blower,1.9985,23.5023,55.1827,1.1478,71.0049,0,,train
2025-01-14 00:00:00,BF.BLW.FAN01,bf_sinter_fan_blower,2.1887,23.6409,56.6422,1.1879,72.2043,0,,train
2025-01-14 01:00:00,BF.BLW.FAN01,bf_sinter_fan_blower,2.292,26.04,57.1098,0.8242,72.891,0,,train
2025-01-14 02:00:00,BF.BLW.FAN01,bf_sinter_fan_blower,2.2238,26.9223,57.3593,0.8291,73.4952,0,,train
2025-01-14 03:00:00,BF.BLW.FAN01,bf_sinter_fan_blower,2.2061,30.3954,57.4735,1.1246,73.9454,0,,train
2025-01-14 04:00:00,BF.BLW.FAN01,bf_sinter_fan_blower,2.2204,32.0564,57.6286,0.9977,74.3944,0,,train
2025-01-14 05:00:00,BF.BLW.FAN01,bf_sinter_fan_blower,2.2411,28.1203,57.8339,1.0338,75.0196,0,,train
2025-01-14 06:00:00,BF.BLW.FAN01,bf_sinter_fan_blower,2.2252,29.5409,58.4264,1.0637,75.2959,0,,train
2025-01-14 07:00:00,BF.BLW.FAN01,bf_sinter_fan_blower,2.1741,28.7279,59.3962,1.2354,74.0728,0,,train
2025-01-14 08:00:00,BF.BLW.FAN01,bf_sinter_fan_blower,2.2676,32.965,59.5885,1.1084,74.4742,0,,train
2025-01-14 09:00:00,BF.BLW.FAN01,bf_sinter_fan_blower,2.2275,33.6562,59.5292,1.2247,74.0793,0,,train
2025-01-14 10:00:00,BF.BLW.FAN01,bf_sinter_fan_blower,2.2376,32.1706,59.2513,1.2742,73.9774,0,,train
2025-01-14 11:00:00,BF.BLW.FAN01,bf_sinter_fan_blower,2.2702,32.9969,59.3237,1.298,73.4914,0,,train
2025-01-14 12:00:00,BF.BLW.FAN01,bf_sinter_fan_blower,2.4524,26.7022,60.2181,1.1213,73.6687,0,,train
2025-01-14 13:00:00,BF.BLW.FAN01,bf_sinter_fan_blower,2.4566,28.8349,59.8072,0.9453,74.5006,0,,train
2025-01-14 14:00:00,BF.BLW.FAN01,bf_sinter_fan_blower,2.2691,26.0032,58.2051,0.8555,73.5651,0,,train
2025-01-14 15:00:00,BF.BLW.FAN01,bf_sinter_fan_blower,2.134,25.2927,57.1189,0.6949,72.9717,0,,train
2025-01-14 16:00:00,BF.BLW.FAN01,bf_sinter_fan_blower,1.965,25.6314,57.0569,0.9601,71.9537,0,,train
2025-01-14 17:00:00,BF.BLW.FAN01,bf_sinter_fan_blower,1.9731,25.0708,56.0998,0.6426,71.7254,0,,train
2025-01-14 18:00:00,BF.BLW.FAN01,bf_sinter_fan_blower,1.8949,29.2596,55.4924,0.3164,69.6354,0,,train
2025-01-14 19:00:00,BF.BLW.FAN01,bf_sinter_fan_blower,1.9161,29.6317,55.8762,0.2411,69.9781,0,,train
2025-01-14 20:00:00,BF.BLW.FAN01,bf_sinter_fan_blower,1.9595,33.1577,56.1076,0.1875,70.9595,0,,train
2025-01-14 21:00:00,BF.BLW.FAN01,bf_sinter_fan_blower,1.9438,29.8282,56.1928,0.3348,70.7028,0,,train
2025-01-14 22:00:00,BF.BLW.FAN01,bf_sinter_fan_blower,1.8262,30.788,56.4862,0.5247,69.9561,0,,train
2025-01-14 23:00:00,BF.BLW.FAN01,bf_sinter_fan_blower,1.9508,30.3072,56.7894,0.4152,70.9181,0,,train
2025-01-15 00:00:00,BF.BLW.FAN01,bf_sinter_fan_blower,1.9778,31.6004,56.7814,0.4349,71.1496,0,,train
2025-01-15 01:00:00,BF.BLW.FAN01,bf_sinter_fan_blower,1.9135,31.8847,58.3685,0.5285,70.3332,0,,train
2025-01-15 02:00:00,BF.BLW.FAN01,bf_sinter_fan_blower,1.8808,31.4986,58.6215,0.8056,69.1865,0,,train
2025-01-15 03:00:00,BF.BLW.FAN01,bf_sinter_fan_blower,1.7995,31.9186,58.2684,0.652,68.6679,0,,train
2025-01-15 04:00:00,BF.BLW.FAN01,bf_sinter_fan_blower,1.8615,28.7391,58.5466,0.8918,68.9752,0,,train
2025-01-15 05:00:00,BF.BLW.FAN01,bf_sinter_fan_blower,1.8388,26.3182,58.3253,0.9004,68.1388,0,,train
2025-01-15 06:00:00,BF.BLW.FAN01,bf_sinter_fan_blower,1.7762,22.7124,58.8901,0.8222,67.9267,0,,train
2025-01-15 07:00:00,BF.BLW.FAN01,bf_sinter_fan_blower,1.7112,16.6939,58.88,0.8976,67.3694,0,,train
2025-01-15 08:00:00,BF.BLW.FAN01,bf_sinter_fan_blower,1.7989,19.3842,59.6648,0.7872,68.0468,0,,train
2025-01-15 09:00:00,BF.BLW.FAN01,bf_sinter_fan_blower,1.6611,15.8691,58.7453,1.0684,67.0001,0,,train
2025-01-15 10:00:00,BF.BLW.FAN01,bf_sinter_fan_blower,1.6817,17.3717,59.0559,1.6377,66.0388,0,,train
2025-01-15 11:00:00,BF.BLW.FAN01,bf_sinter_fan_blower,1.5758,19.3767,58.7357,2.738,66.1343,0,,train
2025-01-15 12:00:00,BF.BLW.FAN01,bf_sinter_fan_blower,1.583,25.1692,58.2882,3.798,65.6595,0,,train
2025-01-15 13:00:00,BF.BLW.FAN01,bf_sinter_fan_blower,1.577,27.4099,58.6135,4.8323,65.1996,0,,train
2025-01-15 14:00:00,BF.BLW.FAN01,bf_sinter_fan_blower,1.525,22.1521,57.6,5.5955,65.2865,0,,train
2025-01-15 15:00:00,BF.BLW.FAN01,bf_sinter_fan_blower,1.6682,25.9942,58.1866,5.5176,65.5952,0,,train
2025-01-15 16:00:00,BF.BLW.FAN01,bf_sinter_fan_blower,1.6955,22.4604,58.2125,5.084,65.7121,0,,train
2025-01-15 17:00:00,BF.BLW.FAN01,bf_sinter_fan_blower,1.6922,19.5401,58.1241,4.3507,66.5122,0,,train
2025-01-15 18:00:00,BF.BLW.FAN01,bf_sinter_fan_blower,1.6177,20.3179,57.6289,3.2238,65.6673,0,,train
2025-01-15 19:00:00,BF.BLW.FAN01,bf_sinter_fan_blower,1.6346,23.5676,57.341,2.114,66.8693,0,,train
2025-01-15 20:00:00,BF.BLW.FAN01,bf_sinter_fan_blower,1.7594,23.3406,58.4521,1.5218,68.0332,0,,train
2025-01-15 21:00:00,BF.BLW.FAN01,bf_sinter_fan_blower,1.7561,25.9692,58.4022,1.3083,68.4512,0,,train
2025-01-15 22:00:00,BF.BLW.FAN01,bf_sinter_fan_blower,1.7588,26.0843,59.0609,1.3227,68.0979,0,,train
2025-01-15 23:00:00,BF.BLW.FAN01,bf_sinter_fan_blower,1.8276,29.8169,58.9534,1.3871,68.7087,0,,train
2025-01-16 00:00:00,BF.BLW.FAN01,bf_sinter_fan_blower,1.8502,27.5175,60.058,1.4779,69.1253,0,,train
2025-01-16 01:00:00,BF.BLW.FAN01,bf_sinter_fan_blower,1.7484,30.148,59.8185,1.5886,68.2811,0,,train
2025-01-16 02:00:00,BF.BLW.FAN01,bf_sinter_fan_blower,1.7908,32.9951,60.4318,1.7013,68.6786,0,,train
2025-01-16 03:00:00,BF.BLW.FAN01,bf_sinter_fan_blower,1.8224,32.7094,60.4966,1.6279,69.0482,0,,train
2025-01-16 04:00:00,BF.BLW.FAN01,bf_sinter_fan_blower,1.8173,34.2011,60.0075,1.6821,70.1512,0,,train
2025-01-16 05:00:00,BF.BLW.FAN01,bf_sinter_fan_blower,1.8862,32.9558,60.3895,1.7597,70.9224,0,,train
2025-01-16 06:00:00,BF.BLW.FAN01,bf_sinter_fan_blower,1.7447,31.2663,59.6671,1.7639,69.8966,0,,train
2025-01-16 07:00:00,BF.BLW.FAN01,bf_sinter_fan_blower,1.7774,33.0605,58.861,1.8477,69.6236,0,,train
2025-01-16 08:00:00,BF.BLW.FAN01,bf_sinter_fan_blower,1.8307,32.9082,59.2464,1.6361,69.3001,0,,train
2025-01-16 09:00:00,BF.BLW.FAN01,bf_sinter_fan_blower,1.9353,33.9126,60.6172,1.6023,68.7177,0,,train
2025-01-16 10:00:00,BF.BLW.FAN01,bf_sinter_fan_blower,1.9957,33.1826,60.4504,1.4589,69.2782,0,,train
2025-01-16 11:00:00,BF.BLW.FAN01,bf_sinter_fan_blower,2.0183,31.5247,60.5903,1.5902,69.9948,0,,train
2025-01-16 12:00:00,BF.BLW.FAN01,bf_sinter_fan_blower,1.9381,29.7557,59.9845,1.6361,69.9106,0,,train
2025-01-16 13:00:00,BF.BLW.FAN01,bf_sinter_fan_blower,1.8277,29.928,58.922,1.4716,68.1485,0,,train
2025-01-16 14:00:00,BF.BLW.FAN01,bf_sinter_fan_blower,1.8628,27.6912,58.3486,1.53,68.493,0,,train
2025-01-16 15:00:00,BF.BLW.FAN01,bf_sinter_fan_blower,1.801,22.3213,58.6128,1.5813,66.6477,0,,train
2025-01-16 16:00:00,BF.BLW.FAN01,bf_sinter_fan_blower,1.8526,23.2339,58.9595,1.5111,66.167,0,,train
2025-01-16 17:00:00,BF.BLW.FAN01,bf_sinter_fan_blower,1.7793,23.4404,58.3593,1.521,66.0203,0,,train
2025-01-16 18:00:00,BF.BLW.FAN01,bf_sinter_fan_blower,1.8595,19.1197,58.2665,1.4835,66.0193,0,,train
2025-01-16 19:00:00,BF.BLW.FAN01,bf_sinter_fan_blower,1.8332,20.8411,59.0255,1.4618,65.6301,0,,train
2025-01-16 20:00:00,BF.BLW.FAN01,bf_sinter_fan_blower,1.7774,24.3541,58.4187,1.4969,65.891,0,,train
2025-01-16 21:00:00,BF.BLW.FAN01,bf_sinter_fan_blower,1.7851,27.6997,58.7026,1.5489,67.0117,0,,train
2025-01-16 22:00:00,BF.BLW.FAN01,bf_sinter_fan_blower,1.8033,27.5561,60.0053,1.4937,65.678,0,,train
2025-01-16 23:00:00,BF.BLW.FAN01,bf_sinter_fan_blower,1.8938,27.8197,60.4765,1.3325,65.9269,0,,train
2025-01-17 00:00:00,BF.BLW.FAN01,bf_sinter_fan_blower,1.8649,28.9884,60.4428,1.0547,66.2798,0,,train
2025-01-17 01:00:00,BF.BLW.FAN01,bf_sinter_fan_blower,1.7639,25.8528,60.4386,1.153,66.9242,0,,train
2025-01-17 02:00:00,BF.BLW.FAN01,bf_sinter_fan_blower,1.7719,25.2242,60.5881,1.1071,67.9422,0,,train
2025-01-17 03:00:00,BF.BLW.FAN01,bf_sinter_fan_blower,1.8608,28.5828,61.9082,1.0715,68.7059,0,,train
2025-01-17 04:00:00,BF.BLW.FAN01,bf_sinter_fan_blower,1.9151,26.1942,61.828,1.0859,69.2164,0,,train
2025-01-17 05:00:00,BF.BLW.FAN01,bf_sinter_fan_blower,1.8959,24.601,62.1817,1.1558,68.5468,0,,train
2025-01-17 06:00:00,BF.BLW.FAN01,bf_sinter_fan_blower,1.9415,20.8478,62.2011,1.1227,69.1694,0,,train
2025-01-17 07:00:00,BF.BLW.FAN01,bf_sinter_fan_blower,2.0013,21.0269,62.1645,1.1,68.9232,0,,train
2025-01-17 08:00:00,BF.BLW.FAN01,bf_sinter_fan_blower,1.8824,19.4262,62.3923,0.9981,69.1001,0,,train
2025-01-17 09:00:00,BF.BLW.FAN01,bf_sinter_fan_blower,1.846,22.5907,61.9528,0.8312,69.1589,0,,train
2025-01-17 10:00:00,BF.BLW.FAN01,bf_sinter_fan_blower,1.8062,24.0781,62.1758,0.9053,68.6263,0,,train
2025-01-17 11:00:00,BF.BLW.FAN01,bf_sinter_fan_blower,1.7541,23.5795,60.2332,0.9834,69.7927,0,,train
2025-01-17 12:00:00,BF.BLW.FAN01,bf_sinter_fan_blower,1.8455,27.157,59.6501,0.8775,70.041,0,,train
2025-01-17 13:00:00,BF.BLW.FAN01,bf_sinter_fan_blower,1.688,29.8732,59.2026,1.1321,68.8728,0,,train
2025-01-17 14:00:00,BF.BLW.FAN01,bf_sinter_fan_blower,1.7087,32.5615,58.5132,1.1347,69.4762,0,,train
2025-01-17 15:00:00,BF.BLW.FAN01,bf_sinter_fan_blower,1.6041,33.5397,57.3027,1.0939,68.5597,0,,train
2025-01-17 16:00:00,BF.BLW.FAN01,bf_sinter_fan_blower,1.6886,35.1353,56.9338,0.9786,68.5512,0,,train
2025-01-17 17:00:00,BF.BLW.FAN01,bf_sinter_fan_blower,1.7529,33.7955,58.3158,0.9567,67.7655,0,,train
2025-01-17 18:00:00,BF.BLW.FAN01,bf_sinter_fan_blower,1.7506,32.3179,58.2743,0.8897,66.8133,0,,train
2025-01-17 19:00:00,BF.BLW.FAN01,bf_sinter_fan_blower,1.6397,32.6133,57.8658,0.961,66.3755,0,,train
2025-01-17 20:00:00,BF.BLW.FAN01,bf_sinter_fan_blower,1.6731,35.0654,58.0471,0.9065,65.4071,0,,train
2025-01-17 21:00:00,BF.BLW.FAN01,bf_sinter_fan_blower,1.4736,32.0107,56.6252,0.8969,64.053,0,,train
2025-01-17 22:00:00,BF.BLW.FAN01,bf_sinter_fan_blower,1.5449,29.8455,56.9028,1.0576,64.5364,0,,train
2025-01-17 23:00:00,BF.BLW.FAN01,bf_sinter_fan_blower,1.5783,31.8566,57.204,1.0684,64.8946,0,,train
2025-01-18 00:00:00,BF.BLW.FAN01,bf_sinter_fan_blower,1.4834,32.3547,56.9565,0.958,64.1995,0,,train
2025-01-18 01:00:00,BF.BLW.FAN01,bf_sinter_fan_blower,1.6283,31.1112,57.7726,0.8273,65.0696,0,,train
2025-01-18 02:00:00,BF.BLW.FAN01,bf_sinter_fan_blower,1.5219,33.9031,56.7708,0.8044,65.1683,0,,train
2025-01-18 03:00:00,BF.BLW.FAN01,bf_sinter_fan_blower,1.7625,29.5259,58.306,0.8713,66.1059,0,,train
2025-01-18 04:00:00,BF.BLW.FAN01,bf_sinter_fan_blower,1.7808,30.3268,58.5052,0.9117,66.4442,0,,train
2025-01-18 05:00:00,BF.BLW.FAN01,bf_sinter_fan_blower,1.7121,28.9699,58.8707,0.974,66.2914,0,,train
2025-01-18 06:00:00,BF.BLW.FAN01,bf_sinter_fan_blower,1.7225,28.9611,58.6492,0.836,65.9598,0,,train
2025-01-18 07:00:00,BF.BLW.FAN01,bf_sinter_fan_blower,1.792,27.5287,58.6439,1.0234,66.2355,0,,train
2025-01-18 08:00:00,BF.BLW.FAN01,bf_sinter_fan_blower,1.6763,32.8652,57.8645,1.0887,64.7221,0,,train
2025-01-18 09:00:00,BF.BLW.FAN01,bf_sinter_fan_blower,1.749,32.5987,58.4153,1.1211,64.5999,0,,train
2025-01-18 10:00:00,BF.BLW.FAN01,bf_sinter_fan_blower,1.7685,33.6466,57.8973,1.0588,64.668,0,,train
2025-01-18 11:00:00,BF.BLW.FAN01,bf_sinter_fan_blower,1.8754,32.5399,57.7544,0.9047,65.4206,0,,train
2025-01-18 12:00:00,BF.BLW.FAN01,bf_sinter_fan_blower,2.0591,36.4416,58.2721,0.7332,66.3041,0,,train
2025-01-18 13:00:00,BF.BLW.FAN01,bf_sinter_fan_blower,2.0231,36.8843,58.0047,0.8767,65.8075,0,,train
2025-01-18 14:00:00,BF.BLW.FAN01,bf_sinter_fan_blower,1.9855,35.029,57.1483,0.8777,65.9147,0,,train
2025-01-18 15:00:00,BF.BLW.FAN01,bf_sinter_fan_blower,1.8865,31.5005,56.759,0.8324,64.8191,0,,train
2025-01-18 16:00:00,BF.BLW.FAN01,bf_sinter_fan_blower,2.0115,27.7321,56.9595,0.677,65.8302,0,,train
2025-01-18 17:00:00,BF.BLW.FAN01,bf_sinter_fan_blower,2.049,28.5849,57.3258,0.9176,66.2052,0,,train
2025-01-18 18:00:00,BF.BLW.FAN01,bf_sinter_fan_blower,1.9759,29.6802,56.6276,0.6531,64.9101,0,,train
2025-01-18 19:00:00,BF.BLW.FAN01,bf_sinter_fan_blower,1.9851,28.8583,56.5047,0.7123,65.7024,0,,train
2025-01-18 20:00:00,BF.BLW.FAN01,bf_sinter_fan_blower,2.0651,31.876,57.0359,0.6903,67.2357,0,,train
2025-01-18 21:00:00,BF.BLW.FAN01,bf_sinter_fan_blower,2.0963,30.379,57.8389,0.77,67.711,0,,train
2025-01-18 22:00:00,BF.BLW.FAN01,bf_sinter_fan_blower,2.1591,30.4433,59.1784,0.7955,68.0253,0,,train
2025-01-18 23:00:00,BF.BLW.FAN01,bf_sinter_fan_blower,2.087,31.0132,58.4842,0.9596,68.8761,0,,train
2025-01-19 00:00:00,BF.BLW.FAN01,bf_sinter_fan_blower,2.1039,29.4045,58.7738,0.9288,68.5585,0,,train
2025-01-19 01:00:00,BF.BLW.FAN01,bf_sinter_fan_blower,2.1952,33.6703,58.4411,0.9162,70.1705,0,,train
2025-01-19 02:00:00,BF.BLW.FAN01,bf_sinter_fan_blower,2.2843,33.131,59.5542,0.9847,70.2922,0,,train
2025-01-19 03:00:00,BF.BLW.FAN01,bf_sinter_fan_blower,2.2787,29.2819,59.1889,0.8032,71.1041,0,,train
2025-01-19 04:00:00,BF.BLW.FAN01,bf_sinter_fan_blower,2.1091,28.5483,59.6308,0.9613,69.9653,0,,train
2025-01-19 05:00:00,BF.BLW.FAN01,bf_sinter_fan_blower,2.0467,27.8237,59.1863,0.834,69.571,0,,train
2025-01-19 06:00:00,BF.BLW.FAN01,bf_sinter_fan_blower,1.9831,28.3209,58.9371,1.0684,70.0418,0,,train
2025-01-19 07:00:00,BF.BLW.FAN01,bf_sinter_fan_blower,1.929,31.6128,58.1061,1.0423,69.7508,0,,train
2025-01-19 08:00:00,BF.BLW.FAN01,bf_sinter_fan_blower,1.787,28.3686,56.9104,1.3145,70.4627,0,,train
2025-01-19 09:00:00,BF.BLW.FAN01,bf_sinter_fan_blower,1.7852,30.2592,57.464,1.3024,69.0501,0,,train
2025-01-19 10:00:00,BF.BLW.FAN01,bf_sinter_fan_blower,1.7892,30.9039,57.3258,1.2955,69.1294,0,,train
2025-01-19 11:00:00,BF.BLW.FAN01,bf_sinter_fan_blower,1.742,32.1606,56.2513,1.2253,68.4669,0,,train
2025-01-19 12:00:00,BF.BLW.FAN01,bf_sinter_fan_blower,1.7785,30.8572,56.4142,1.1808,68.6636,0,,train
2025-01-19 13:00:00,BF.BLW.FAN01,bf_sinter_fan_blower,1.7725,33.0437,55.6787,1.0043,67.7314,0,,train
2025-01-19 14:00:00,BF.BLW.FAN01,bf_sinter_fan_blower,1.679,33.8505,55.7221,0.9802,66.1331,0,,train
2025-01-19 15:00:00,BF.BLW.FAN01,bf_sinter_fan_blower,1.6967,36.9995,54.606,0.9147,67.3287,0,,train
2025-01-19 16:00:00,BF.BLW.FAN01,bf_sinter_fan_blower,1.721,36.522,54.4486,0.9094,66.5744,0,,train
2025-01-19 17:00:00,BF.BLW.FAN01,bf_sinter_fan_blower,1.6589,40.3941,54.4591,0.8785,66.389,0,,train
2025-01-19 18:00:00,BF.BLW.FAN01,bf_sinter_fan_blower,1.6083,43.5818,53.9879,0.8682,64.9875,0,,train
2025-01-19 19:00:00,BF.BLW.FAN01,bf_sinter_fan_blower,1.533,43.418,53.4496,0.5619,64.0255,0,,train
2025-01-19 20:00:00,BF.BLW.FAN01,bf_sinter_fan_blower,1.3846,41.5595,53.0069,0.7312,63.4166,0,,train
2025-01-19 21:00:00,BF.BLW.FAN01,bf_sinter_fan_blower,1.3953,38.1563,53.1081,0.7508,63.5796,0,,train
2025-01-19 22:00:00,BF.BLW.FAN01,bf_sinter_fan_blower,1.4471,33.6668,53.3362,0.8379,64.036,0,,train
2025-01-19 23:00:00,BF.BLW.FAN01,bf_sinter_fan_blower,1.4697,33.8451,53.6944,0.9052,64.0423,0,,train
2025-01-20 00:00:00,BF.BLW.FAN01,bf_sinter_fan_blower,1.3635,30.2874,53.7742,1.0626,63.4658,0,,train
2025-01-20 01:00:00,BF.BLW.FAN01,bf_sinter_fan_blower,1.3004,32.5302,53.6247,1.1544,63.745,0,,train
2025-01-20 02:00:00,BF.BLW.FAN01,bf_sinter_fan_blower,1.2459,33.6234,52.2357,1.2394,64.2425,0,,train
2025-01-20 03:00:00,BF.BLW.FAN01,bf_sinter_fan_blower,1.2222,30.3788,52.3903,1.1649,64.3963,0,,train
2025-01-20 04:00:00,BF.BLW.FAN01,bf_sinter_fan_blower,1.2603,29.0653,53.1959,1.2177,64.3371,0,,train
2025-01-20 05:00:00,BF.BLW.FAN01,bf_sinter_fan_blower,1.275,32.6372,53.7189,1.1372,63.3377,0,,train
2025-01-20 06:00:00,BF.BLW.FAN01,bf_sinter_fan_blower,1.3528,29.0445,54.3661,0.8296,63.365,0,,train
2025-01-20 07:00:00,BF.BLW.FAN01,bf_sinter_fan_blower,1.3234,30.9381,54.103,0.7211,63.6587,0,,train
2025-01-20 08:00:00,BF.BLW.FAN01,bf_sinter_fan_blower,1.241,29.4488,53.528,0.791,63.6832,0,,train
2025-01-20 09:00:00,BF.BLW.FAN01,bf_sinter_fan_blower,1.2128,29.4741,52.7462,0.8422,63.9536,0,,train
2025-01-20 10:00:00,BF.BLW.FAN01,bf_sinter_fan_blower,1.0138,25.1998,51.1018,0.9885,63.1976,0,,train
2025-01-20 11:00:00,BF.BLW.FAN01,bf_sinter_fan_blower,1.0935,25.4297,50.0689,0.9464,63.0711,0,,train
2025-01-20 12:00:00,BF.BLW.FAN01,bf_sinter_fan_blower,1.1748,23.5469,50.085,0.8087,62.6538,0,,train
2025-01-20 13:00:00,BF.BLW.FAN01,bf_sinter_fan_blower,1.2022,26.5704,50.8771,0.9045,62.4199,0,,train
2025-01-20 14:00:00,BF.BLW.FAN01,bf_sinter_fan_blower,1.2796,31.1104,51.2753,0.9084,61.7591,0,,train
2025-01-20 15:00:00,BF.BLW.FAN01,bf_sinter_fan_blower,1.1743,30.7086,50.4914,0.842,61.4261,0,,train
2025-01-20 16:00:00,BF.BLW.FAN01,bf_sinter_fan_blower,1.1229,31.1041,49.4022,0.6186,60.2812,0,,train
2025-01-20 17:00:00,BF.BLW.FAN01,bf_sinter_fan_blower,1.115,32.4004,48.5624,0.7686,60.6253,0,,train
2025-01-20 18:00:00,BF.BLW.FAN01,bf_sinter_fan_blower,1.2519,29.2597,49.5932,0.7938,61.2644,0,,train
2025-01-20 19:00:00,BF.BLW.FAN01,bf_sinter_fan_blower,1.3719,27.9382,49.4103,0.7225,62.7329,0,,train
2025-01-20 20:00:00,BF.BLW.FAN01,bf_sinter_fan_blower,1.3724,29.1009,49.8837,0.7702,62.4484,0,,train
2025-01-20 21:00:00,BF.BLW.FAN01,bf_sinter_fan_blower,1.3973,31.1792,50.4349,0.753,63.1665,0,,train
2025-01-20 22:00:00,BF.BLW.FAN01,bf_sinter_fan_blower,1.442,31.4169,50.7612,0.693,63.9964,0,,train
2025-01-20 23:00:00,BF.BLW.FAN01,bf_sinter_fan_blower,1.5409,35.8903,51.0207,0.6345,65.1985,0,,train
2025-01-21 00:00:00,BF.BLW.FAN01,bf_sinter_fan_blower,1.4702,36.3903,51.1368,0.6773,65.095,0,,train
2025-01-21 01:00:00,BF.BLW.FAN01,bf_sinter_fan_blower,1.4345,42.6099,50.8447,0.6728,64.4302,0,,train
2025-01-21 02:00:00,BF.BLW.FAN01,bf_sinter_fan_blower,1.4646,44.6676,50.8794,0.5683,64.6251,0,,train
2025-01-21 03:00:00,BF.BLW.FAN01,bf_sinter_fan_blower,1.5069,43.0304,51.8075,0.4667,64.8026,0,,train
2025-01-21 04:00:00,BF.BLW.FAN01,bf_sinter_fan_blower,1.744,42.5338,53.8114,0.4732,65.6089,0,,train
2025-01-21 05:00:00,BF.BLW.FAN01,bf_sinter_fan_blower,1.7732,43.9619,53.5523,0.4823,65.7885,0,,train
2025-01-21 06:00:00,BF.BLW.FAN01,bf_sinter_fan_blower,1.8257,43.6248,53.3408,0.4805,66.5656,0,,train
2025-01-21 07:00:00,BF.BLW.FAN01,bf_sinter_fan_blower,1.8155,42.4121,53.9403,0.4989,65.7482,0,,train
2025-01-21 08:00:00,BF.BLW.FAN01,bf_sinter_fan_blower,1.721,41.7873,55.9394,0.7783,65.4846,0,,train
2025-01-21 09:00:00,BF.BLW.FAN01,bf_sinter_fan_blower,1.6936,41.6166,61.8458,0.5172,64.951,0,,train
2025-01-21 10:00:00,BF.BLW.FAN01,bf_sinter_fan_blower,1.7,44.259,69.1654,0.4242,64.3899,0,,train
2025-01-21 11:00:00,BF.BLW.FAN01,bf_sinter_fan_blower,1.6661,50.2343,77.1905,0.8026,62.9444,0,,train
2025-01-21 12:00:00,BF.BLW.FAN01,bf_sinter_fan_blower,1.6065,52.128,78.8491,0.7607,62.8937,0,,train
2025-01-21 13:00:00,BF.BLW.FAN01,bf_sinter_fan_blower,1.6182,50.425,76.5602,0.6496,61.4701,0,,train
2025-01-21 14:00:00,BF.BLW.FAN01,bf_sinter_fan_blower,1.5925,50.1057,68.6882,0.6336,61.4303,0,,train
2025-01-21 15:00:00,BF.BLW.FAN01,bf_sinter_fan_blower,1.607,50.9599,60.6691,0.4785,60.9278,0,,train
2025-01-21 16:00:00,BF.BLW.FAN01,bf_sinter_fan_blower,1.6674,49.9725,54.7452,0.3605,60.4411,0,,train
2025-01-21 17:00:00,BF.BLW.FAN01,bf_sinter_fan_blower,1.7239,50.2261,52.1226,0.4467,60.1996,0,,train
2025-01-21 18:00:00,BF.BLW.FAN01,bf_sinter_fan_blower,1.7727,54.2469,52.624,0.6374,59.9164,0,,train
2025-01-21 19:00:00,BF.BLW.FAN01,bf_sinter_fan_blower,1.76,54.3036,53.2221,0.6805,60.0876,0,,train
2025-01-21 20:00:00,BF.BLW.FAN01,bf_sinter_fan_blower,1.7449,50.6536,53.8166,0.7856,59.99,0,,train
2025-01-21 21:00:00,BF.BLW.FAN01,bf_sinter_fan_blower,1.6742,52.6202,53.8618,0.7014,60.2562,0,,train
2025-01-21 22:00:00,BF.BLW.FAN01,bf_sinter_fan_blower,1.6282,50.4664,53.9304,0.7067,60.2772,0,,train
2025-01-21 23:00:00,BF.BLW.FAN01,bf_sinter_fan_blower,1.4995,49.9532,53.5787,0.8587,59.4603,0,,train
2025-01-22 00:00:00,BF.BLW.FAN01,bf_sinter_fan_blower,1.5004,45.9699,54.2065,1.0051,59.1664,0,,train
2025-01-22 01:00:00,BF.BLW.FAN01,bf_sinter_fan_blower,1.3881,38.6427,54.5364,1.1505,58.458,0,,train
2025-01-22 02:00:00,BF.BLW.FAN01,bf_sinter_fan_blower,1.2054,36.5832,53.9587,1.0904,57.7657,0,,train
2025-01-22 03:00:00,BF.BLW.FAN01,bf_sinter_fan_blower,1.2201,34.876,54.4866,1.0213,57.6314,0,,train
2025-01-22 04:00:00,BF.BLW.FAN01,bf_sinter_fan_blower,1.3773,30.0569,55.3632,1.125,58.9317,0,,train
2025-01-22 05:00:00,BF.BLW.FAN01,bf_sinter_fan_blower,1.4206,24.4357,55.9544,1.1311,60.345,0,,train
2025-01-22 06:00:00,BF.BLW.FAN01,bf_sinter_fan_blower,1.4726,24.849,56.0809,1.2544,61.2031,0,,train
2025-01-22 07:00:00,BF.BLW.FAN01,bf_sinter_fan_blower,1.571,29.3574,56.1568,1.1824,62.2873,0,,train
2025-01-22 08:00:00,BF.BLW.FAN01,bf_sinter_fan_blower,1.6893,25.9237,57.3619,1.0855,61.5628,0,,train
2025-01-22 09:00:00,BF.BLW.FAN01,bf_sinter_fan_blower,1.8137,31.2244,57.2972,0.9159,62.4813,0,,train
2025-01-22 10:00:00,BF.BLW.FAN01,bf_sinter_fan_blower,1.8586,34.8855,56.9693,0.8245,62.7797,0,,train
2025-01-22 11:00:00,BF.BLW.FAN01,bf_sinter_fan_blower,1.6627,34.6234,55.5799,0.7724,62.3223,0,,train
2025-01-22 12:00:00,BF.BLW.FAN01,bf_sinter_fan_blower,1.7735,36.0014,56.0589,0.6772,61.3019,0,,train
2025-01-22 13:00:00,BF.BLW.FAN01,bf_sinter_fan_blower,1.7824,35.8552,55.602,0.6532,61.5093,0,,train
2025-01-22 14:00:00,BF.BLW.FAN01,bf_sinter_fan_blower,1.6344,38.0208,54.336,0.6712,60.3713,0,,train
2025-01-22 15:00:00,BF.BLW.FAN01,bf_sinter_fan_blower,1.6358,37.9706,53.7023,0.7369,61.0127,0,,train
2025-01-22 16:00:00,BF.BLW.FAN01,bf_sinter_fan_blower,1.7468,36.381,53.9729,0.7441,61.2886,0,,train
2025-01-22 17:00:00,BF.BLW.FAN01,bf_sinter_fan_blower,1.6529,34.1087,53.297,0.7574,61.4383,0,,train
2025-01-22 18:00:00,BF.BLW.FAN01,bf_sinter_fan_blower,1.696,31.2755,52.0691,0.6524,61.9191,0,,train
2025-01-22 19:00:00,BF.BLW.FAN01,bf_sinter_fan_blower,1.5751,34.8161,51.747,0.8665,61.4472,0,,train
2025-01-22 20:00:00,BF.BLW.FAN01,bf_sinter_fan_blower,1.5735,35.4105,51.3862,0.9322,61.8392,0,,train
2025-01-22 21:00:00,BF.BLW.FAN01,bf_sinter_fan_blower,1.6584,29.5905,52.958,1.0845,62.2376,0,,train
2025-01-22 22:00:00,BF.BLW.FAN01,bf_sinter_fan_blower,1.6869,24.9907,53.3127,0.9257,63.2076,0,,train
2025-01-22 23:00:00,BF.BLW.FAN01,bf_sinter_fan_blower,1.9115,26.4212,53.9187,0.7244,65.1323,0,,train
2025-01-23 00:00:00,BF.BLW.FAN01,bf_sinter_fan_blower,1.8569,27.825,53.8743,0.7406,66.2229,0,,train
2025-01-23 01:00:00,BF.BLW.FAN01,bf_sinter_fan_blower,1.8302,32.0024,53.8919,0.8574,66.5581,0,,train
2025-01-23 02:00:00,BF.BLW.FAN01,bf_sinter_fan_blower,1.7786,34.2517,54.037,0.9959,66.7053,0,,train
2025-01-23 03:00:00,BF.BLW.FAN01,bf_sinter_fan_blower,1.7993,35.2871,54.6101,0.9688,66.7956,0,,train
2025-01-23 04:00:00,BF.BLW.FAN01,bf_sinter_fan_blower,1.834,39.3445,55.2424,0.9256,67.3589,0,,train
2025-01-23 05:00:00,BF.BLW.FAN01,bf_sinter_fan_blower,1.864,33.3811,55.9914,1.1228,67.8573,0,,train
2025-01-23 06:00:00,BF.BLW.FAN01,bf_sinter_fan_blower,1.8802,32.3366,55.4308,0.9992,68.2953,0,,train
2025-01-23 07:00:00,BF.BLW.FAN01,bf_sinter_fan_blower,1.8863,32.9185,55.4969,0.9853,68.1734,0,,train
2025-01-23 08:00:00,BF.BLW.FAN01,bf_sinter_fan_blower,1.9242,33.0909,56.2051,1.0501,67.1119,0,,train
2025-01-23 09:00:00,BF.BLW.FAN01,bf_sinter_fan_blower,2.0322,33.5206,57.4602,0.9718,67.1495,0,,train
2025-01-23 10:00:00,BF.BLW.FAN01,bf_sinter_fan_blower,2.0498,33.4394,57.7361,1.1955,66.9996,0,,train
2025-01-23 11:00:00,BF.BLW.FAN01,bf_sinter_fan_blower,1.9625,33.4905,56.9859,1.172,66.342,0,,train
2025-01-23 12:00:00,BF.BLW.FAN01,bf_sinter_fan_blower,1.9012,34.1737,56.9121,1.0358,66.5999,0,,train
2025-01-23 13:00:00,BF.BLW.FAN01,bf_sinter_fan_blower,1.9247,32.098,56.6575,0.9256,65.994,0,,train
2025-01-23 14:00:00,BF.BLW.FAN01,bf_sinter_fan_blower,1.872,27.9218,55.9278,1.0585,65.899,0,,train
2025-01-23 15:00:00,BF.BLW.FAN01,bf_sinter_fan_blower,1.7489,29.6912,55.7938,1.2757,64.9489,0,,train
2025-01-23 16:00:00,BF.BLW.FAN01,bf_sinter_fan_blower,1.8853,33.8845,55.9079,1.2665,65.6078,0,,train
2025-01-23 17:00:00,BF.BLW.FAN01,bf_sinter_fan_blower,1.9425,32.343,55.2199,1.2401,65.8537,0,,train
2025-01-23 18:00:00,BF.BLW.FAN01,bf_sinter_fan_blower,1.8138,34.9359,53.7741,1.3488,65.6428,0,,train
2025-01-23 19:00:00,BF.BLW.FAN01,bf_sinter_fan_blower,1.9317,35.0187,54.275,1.317,65.7736,0,,train
2025-01-23 20:00:00,BF.BLW.FAN01,bf_sinter_fan_blower,1.839,37.9981,53.9407,1.4068,65.1408,0,,train
2025-01-23 21:00:00,BF.BLW.FAN01,bf_sinter_fan_blower,1.9059,35.631,54.6031,1.2612,65.4235,0,,train
2025-01-23 22:00:00,BF.BLW.FAN01,bf_sinter_fan_blower,1.8636,34.4733,54.3267,1.3525,66.0783,0,,train
2025-01-23 23:00:00,BF.BLW.FAN01,bf_sinter_fan_blower,1.7819,35.8074,53.9278,1.3884,66.838,0,,train
2025-01-24 00:00:00,BF.BLW.FAN01,bf_sinter_fan_blower,1.7459,36.258,53.7219,1.5472,66.8625,0,,train
2025-01-24 01:00:00,BF.BLW.FAN01,bf_sinter_fan_blower,1.7461,37.2697,53.7514,1.605,68.4486,0,,train
2025-01-24 02:00:00,BF.BLW.FAN01,bf_sinter_fan_blower,1.802,35.5898,54.2795,1.7419,68.3312,0,,train
2025-01-24 03:00:00,BF.BLW.FAN01,bf_sinter_fan_blower,1.9308,32.1291,55.6499,1.5803,68.7755,0,,train
2025-01-24 04:00:00,BF.BLW.FAN01,bf_sinter_fan_blower,2.0295,31.1198,56.0162,1.5807,69.2073,0,,train
2025-01-24 05:00:00,BF.BLW.FAN01,bf_sinter_fan_blower,1.9483,32.7254,55.4303,1.5106,68.6387,0,,train
2025-01-24 06:00:00,BF.BLW.FAN01,bf_sinter_fan_blower,1.9197,28.0611,55.4224,1.5407,68.4971,0,,train
2025-01-24 07:00:00,BF.BLW.FAN01,bf_sinter_fan_blower,1.7241,26.9216,54.8334,1.4657,67.0922,0,,train
2025-01-24 08:00:00,BF.BLW.FAN01,bf_sinter_fan_blower,1.7416,31.908,54.95,1.3556,66.734,0,,train
2025-01-24 09:00:00,BF.BLW.FAN01,bf_sinter_fan_blower,1.9108,27.7777,54.9202,1.0796,66.9955,0,,train
2025-01-24 10:00:00,BF.BLW.FAN01,bf_sinter_fan_blower,2.0048,27.7644,55.1602,0.9535,67.553,0,,train
2025-01-24 11:00:00,BF.BLW.FAN01,bf_sinter_fan_blower,1.9728,27.9843,55.3438,1.0042,67.1905,0,,train
2025-01-24 12:00:00,BF.BLW.FAN01,bf_sinter_fan_blower,1.8547,28.6436,54.0929,0.9435,67.2461,0,,train
2025-01-24 13:00:00,BF.BLW.FAN01,bf_sinter_fan_blower,1.9025,26.4767,55.4441,0.8358,66.4725,0,,train
2025-01-24 14:00:00,BF.BLW.FAN01,bf_sinter_fan_blower,1.855,27.2841,54.4299,0.7553,66.0077,0,,train
2025-01-24 15:00:00,BF.BLW.FAN01,bf_sinter_fan_blower,1.7997,28.2357,54.5412,0.8792,65.2046,0,,train
2025-01-24 16:00:00,BF.BLW.FAN01,bf_sinter_fan_blower,1.6572,28.275,54.4827,0.8791,64.547,0,,train
2025-01-24 17:00:00,BF.BLW.FAN01,bf_sinter_fan_blower,1.6056,27.6141,54.52,0.8922,63.5311,0,,train
2025-01-24 18:00:00,BF.BLW.FAN01,bf_sinter_fan_blower,1.6497,28.4434,54.537,1.0338,63.956,0,,train
2025-01-24 19:00:00,BF.BLW.FAN01,bf_sinter_fan_blower,1.5859,29.2953,54.265,1.105,63.4886,0,,train
2025-01-24 20:00:00,BF.BLW.FAN01,bf_sinter_fan_blower,1.5536,29.4274,54.3232,1.1515,62.8416,0,,train
2025-01-24 21:00:00,BF.BLW.FAN01,bf_sinter_fan_blower,1.5278,32.6015,54.7333,1.1671,61.6611,0,,train
2025-01-24 22:00:00,BF.BLW.FAN01,bf_sinter_fan_blower,1.6116,31.6425,56.1263,0.9798,61.7841,0,,train
2025-01-24 23:00:00,BF.BLW.FAN01,bf_sinter_fan_blower,1.4601,29.005,55.5472,1.1784,61.9552,0,,train
2025-01-25 00:00:00,BF.BLW.FAN01,bf_sinter_fan_blower,1.4253,27.6671,58.1627,1.0682,62.5037,0,,train
2025-01-25 01:00:00,BF.BLW.FAN01,bf_sinter_fan_blower,1.4833,29.0733,67.0186,1.2614,62.7176,0,,train
2025-01-25 02:00:00,BF.BLW.FAN01,bf_sinter_fan_blower,1.4838,30.7952,74.8533,1.2422,63.8036,0,,train
2025-01-25 03:00:00,BF.BLW.FAN01,bf_sinter_fan_blower,1.7148,30.5573,82.2165,0.9548,63.9743,0,,train
2025-01-25 04:00:00,BF.BLW.FAN01,bf_sinter_fan_blower,1.725,29.8425,83.4181,1.1236,64.9363,0,,train
2025-01-25 05:00:00,BF.BLW.FAN01,bf_sinter_fan_blower,1.64,30.7844,77.5004,1.1275,64.8399,0,,train
2025-01-25 06:00:00,BF.BLW.FAN01,bf_sinter_fan_blower,1.7812,29.5698,70.2161,1.0849,65.5606,0,,train
2025-01-25 07:00:00,BF.BLW.FAN01,bf_sinter_fan_blower,1.8151,28.3867,63.0307,1.0293,65.8437,0,,train
2025-01-25 08:00:00,BF.BLW.FAN01,bf_sinter_fan_blower,1.8276,25.7237,58.9229,0.8797,66.7572,0,,train
2025-01-25 09:00:00,BF.BLW.FAN01,bf_sinter_fan_blower,1.7449,31.7811,58.3018,1.0485,66.3973,0,,train
2025-01-25 10:00:00,BF.BLW.FAN01,bf_sinter_fan_blower,1.6631,31.0646,57.8125,1.0403,65.3624,0,,train
2025-01-25 11:00:00,BF.BLW.FAN01,bf_sinter_fan_blower,1.6797,32.3293,57.5096,1.1651,65.3119,0,,train
2025-01-25 12:00:00,BF.BLW.FAN01,bf_sinter_fan_blower,1.5925,30.9307,56.2654,1.2805,64.1377,0,,train
2025-01-25 13:00:00,BF.BLW.FAN01,bf_sinter_fan_blower,1.4407,27.9111,54.7337,1.5421,63.6039,0,,train
2025-01-25 14:00:00,BF.BLW.FAN01,bf_sinter_fan_blower,1.3331,26.8822,54.1954,1.786,62.4652,0,,train
2025-01-25 15:00:00,BF.BLW.FAN01,bf_sinter_fan_blower,1.4192,24.5349,52.9717,1.8477,62.767,0,,train
2025-01-25 16:00:00,BF.BLW.FAN01,bf_sinter_fan_blower,1.4014,24.9469,52.3087,1.77,62.4774,0,,train
2025-01-25 17:00:00,BF.BLW.FAN01,bf_sinter_fan_blower,1.4258,19.8437,52.8691,1.7299,61.6497,0,,train
2025-01-25 18:00:00,BF.BLW.FAN01,bf_sinter_fan_blower,1.5578,21.2502,53.938,1.6026,61.4842,0,,train
2025-01-25 19:00:00,BF.BLW.FAN01,bf_sinter_fan_blower,1.6747,18.8943,55.0052,1.4593,61.0585,0,,train
2025-01-25 20:00:00,BF.BLW.FAN01,bf_sinter_fan_blower,1.7618,15.7267,55.8201,1.605,62.4754,0,,train
2025-01-25 21:00:00,BF.BLW.FAN01,bf_sinter_fan_blower,1.7435,13.6452,56.4528,1.5232,62.0771,0,,train
2025-01-25 22:00:00,BF.BLW.FAN01,bf_sinter_fan_blower,1.6854,17.5877,56.869,1.5602,62.1375,0,,train
2025-01-25 23:00:00,BF.BLW.FAN01,bf_sinter_fan_blower,1.7232,19.9663,56.429,1.3215,62.638,0,,train
2025-01-26 00:00:00,BF.BLW.FAN01,bf_sinter_fan_blower,1.7046,20.4953,57.999,1.3566,62.1161,0,,train
2025-01-26 01:00:00,BF.BLW.FAN01,bf_sinter_fan_blower,1.6691,22.6867,58.4894,1.3575,62.358,0,,train
2025-01-26 02:00:00,BF.BLW.FAN01,bf_sinter_fan_blower,1.5867,22.7967,58.035,1.383,62.2789,0,,train
2025-01-26 03:00:00,BF.BLW.FAN01,bf_sinter_fan_blower,1.5848,20.4845,57.8247,1.1527,61.6289,0,,train
2025-01-26 04:00:00,BF.BLW.FAN01,bf_sinter_fan_blower,1.5193,23.4519,57.0995,1.2965,62.5736,0,,train
2025-01-26 05:00:00,BF.BLW.FAN01,bf_sinter_fan_blower,1.4186,24.3284,57.0654,1.3758,61.4443,0,,train
2025-01-26 06:00:00,BF.BLW.FAN01,bf_sinter_fan_blower,1.4188,26.1243,57.2087,1.4237,61.7401,0,,train
2025-01-26 07:00:00,BF.BLW.FAN01,bf_sinter_fan_blower,1.4909,23.6622,58.201,1.3329,60.9403,0,,train
2025-01-26 08:00:00,BF.BLW.FAN01,bf_sinter_fan_blower,1.474,22.1508,57.1937,1.2106,60.9911,0,,train
2025-01-26 09:00:00,BF.BLW.FAN01,bf_sinter_fan_blower,1.6172,23.8226,58.4581,0.9911,61.3532,0,,train
2025-01-26 10:00:00,BF.BLW.FAN01,bf_sinter_fan_blower,1.732,23.8421,58.4651,0.8309,61.0836,0,,train
2025-01-26 11:00:00,BF.BLW.FAN01,bf_sinter_fan_blower,1.7192,22.3747,58.5711,0.9959,61.272,0,,train
2025-01-26 12:00:00,BF.BLW.FAN01,bf_sinter_fan_blower,1.8803,20.4187,58.6901,0.8892,62.5685,0,,train
2025-01-26 13:00:00,BF.BLW.FAN01,bf_sinter_fan_blower,1.7777,21.607,58.2243,0.6424,61.1243,0,,train
2025-01-26 14:00:00,BF.BLW.FAN01,bf_sinter_fan_blower,1.8274,20.4406,57.753,0.6871,61.6189,0,,train
2025-01-26 15:00:00,BF.BLW.FAN01,bf_sinter_fan_blower,1.6761,19.4986,56.5654,0.7254,60.7933,0,,train
2025-01-26 16:00:00,BF.BLW.FAN01,bf_sinter_fan_blower,1.6528,17.6651,56.422,0.7296,60.8203,0,BF.BLW.FAN01::E00,train
2025-01-26 17:00:00,BF.BLW.FAN01,bf_sinter_fan_blower,1.663,21.4255,56.1934,0.8772,61.0158,0,BF.BLW.FAN01::E00,train
2025-01-26 18:00:00,BF.BLW.FAN01,bf_sinter_fan_blower,1.6345,19.6673,55.2957,0.7903,60.8003,0,BF.BLW.FAN01::E00,train
2025-01-26 19:00:00,BF.BLW.FAN01,bf_sinter_fan_blower,1.7129,19.5382,56.1984,0.6501,61.2231,0,BF.BLW.FAN01::E00,train
2025-01-26 20:00:00,BF.BLW.FAN01,bf_sinter_fan_blower,1.6835,25.8652,55.5194,0.5382,61.3001,0,BF.BLW.FAN01::E00,train
2025-01-26 21:00:00,BF.BLW.FAN01,bf_sinter_fan_blower,1.7329,26.2479,56.3711,0.672,62.0262,0,BF.BLW.FAN01::E00,train
2025-01-26 22:00:00,BF.BLW.FAN01,bf_sinter_fan_blower,1.8695,25.1884,57.389,0.6428,63.5801,0,BF.BLW.FAN01::E00,train
2025-01-26 23:00:00,BF.BLW.FAN01,bf_sinter_fan_blower,1.7825,28.5556,57.6031,0.6725,62.588,0,BF.BLW.FAN01::E00,train
2025-01-27 00:00:00,BF.BLW.FAN01,bf_sinter_fan_blower,1.8655,28.9607,58.183,0.6622,63.0969,0,BF.BLW.FAN01::E00,train
2025-01-27 01:00:00,BF.BLW.FAN01,bf_sinter_fan_blower,1.757,26.0019,57.9929,0.7875,62.5215,0,BF.BLW.FAN01::E00,train
2025-01-27 02:00:00,BF.BLW.FAN01,bf_sinter_fan_blower,1.7828,24.2452,58.5804,0.6667,63.1696,0,BF.BLW.FAN01::E00,train
2025-01-27 03:00:00,BF.BLW.FAN01,bf_sinter_fan_blower,1.8191,27.9221,57.9888,0.4231,65.2836,0,BF.BLW.FAN01::E00,train
2025-01-27 04:00:00,BF.BLW.FAN01,bf_sinter_fan_blower,1.7435,27.8506,57.1032,0.5169,65.6753,0,BF.BLW.FAN01::E00,train
2025-01-27 05:00:00,BF.BLW.FAN01,bf_sinter_fan_blower,1.6972,29.3054,57.7205,0.6118,65.8222,0,BF.BLW.FAN01::E00,train
2025-01-27 06:00:00,BF.BLW.FAN01,bf_sinter_fan_blower,1.8937,28.8811,57.6586,0.6439,66.1395,0,BF.BLW.FAN01::E00,train
2025-01-27 07:00:00,BF.BLW.FAN01,bf_sinter_fan_blower,1.9271,33.1622,58.8474,0.3336,65.3644,0,BF.BLW.FAN01::E00,train
2025-01-27 08:00:00,BF.BLW.FAN01,bf_sinter_fan_blower,1.9719,31.8531,58.7396,0.3991,64.9324,0,BF.BLW.FAN01::E00,train
2025-01-27 09:00:00,BF.BLW.FAN01,bf_sinter_fan_blower,1.9431,33.7759,58.9281,0.4056,64.5598,0,BF.BLW.FAN01::E00,train
2025-01-27 10:00:00,BF.BLW.FAN01,bf_sinter_fan_blower,1.8799,32.6478,59.1307,0.4063,63.2195,0,BF.BLW.FAN01::E00,train
2025-01-27 11:00:00,BF.BLW.FAN01,bf_sinter_fan_blower,2.0059,35.4548,59.0999,0.2494,63.3041,0,BF.BLW.FAN01::E00,train
2025-01-27 12:00:00,BF.BLW.FAN01,bf_sinter_fan_blower,2.0688,34.7567,58.4092,0.2017,64.0036,0,BF.BLW.FAN01::E00,train
2025-01-27 13:00:00,BF.BLW.FAN01,bf_sinter_fan_blower,1.9856,33.508,57.4596,0.1122,62.6297,0,BF.BLW.FAN01::E00,train
2025-01-27 14:00:00,BF.BLW.FAN01,bf_sinter_fan_blower,2.0448,34.2522,57.4127,0.1155,62.6294,0,BF.BLW.FAN01::E00,train
2025-01-27 15:00:00,BF.BLW.FAN01,bf_sinter_fan_blower,2.134,37.516,57.4685,0.1019,63.2233,0,BF.BLW.FAN01::E00,train
2025-01-27 16:00:00,BF.BLW.FAN01,bf_sinter_fan_blower,2.1212,35.515,56.3808,0.2582,64.1179,0,BF.BLW.FAN01::E00,train
2025-01-27 17:00:00,BF.BLW.FAN01,bf_sinter_fan_blower,2.0908,39.4234,55.9906,0.2496,63.7006,0,BF.BLW.FAN01::E00,train
2025-01-27 18:00:00,BF.BLW.FAN01,bf_sinter_fan_blower,2.0282,38.6539,56.1458,0.2349,63.7456,0,BF.BLW.FAN01::E00,train
2025-01-27 19:00:00,BF.BLW.FAN01,bf_sinter_fan_blower,1.9051,35.7969,54.3745,0.2393,64.1332,0,BF.BLW.FAN01::E00,train
2025-01-27 20:00:00,BF.BLW.FAN01,bf_sinter_fan_blower,1.8375,37.5061,53.7576,0.1882,63.3949,0,BF.BLW.FAN01::E00,train
2025-01-27 21:00:00,BF.BLW.FAN01,bf_sinter_fan_blower,1.9362,32.0627,55.088,-0.0296,64.1568,0,BF.BLW.FAN01::E00,train
2025-01-27 22:00:00,BF.BLW.FAN01,bf_sinter_fan_blower,1.9208,34.8623,55.6935,-0.1114,64.2804,0,BF.BLW.FAN01::E00,train
2025-01-27 23:00:00,BF.BLW.FAN01,bf_sinter_fan_blower,1.8395,37.0575,56.1064,0.281,64.6791,0,BF.BLW.FAN01::E00,train
2025-01-28 00:00:00,BF.BLW.FAN01,bf_sinter_fan_blower,1.8572,41.0916,56.9588,0.4355,65.4812,0,BF.BLW.FAN01::E00,train
2025-01-28 01:00:00,BF.BLW.FAN01,bf_sinter_fan_blower,2.0383,40.7806,58.3713,0.5048,66.6108,0,BF.BLW.FAN01::E00,train
2025-01-28 02:00:00,BF.BLW.FAN01,bf_sinter_fan_blower,2.0653,34.9891,58.8383,0.5045,66.6564,0,BF.BLW.FAN01::E00,train
2025-01-28 03:00:00,BF.BLW.FAN01,bf_sinter_fan_blower,2.0607,31.5641,58.8897,0.3276,66.1335,0,BF.BLW.FAN01::E00,train
2025-01-28 04:00:00,BF.BLW.FAN01,bf_sinter_fan_blower,2.109,29.0303,58.9583,0.2395,66.9278,0,BF.BLW.FAN01::E00,train
2025-01-28 05:00:00,BF.BLW.FAN01,bf_sinter_fan_blower,2.0346,27.1803,59.5687,0.415,67.2159,0,BF.BLW.FAN01::E00,train
2025-01-28 06:00:00,BF.BLW.FAN01,bf_sinter_fan_blower,1.9925,26.5961,60.6618,0.5868,66.167,0,BF.BLW.FAN01::E00,train
2025-01-28 07:00:00,BF.BLW.FAN01,bf_sinter_fan_blower,2.0203,29.9925,59.9484,0.6562,67.6243,0,BF.BLW.FAN01::E00,train
2025-01-28 08:00:00,BF.BLW.FAN01,bf_sinter_fan_blower,1.9447,29.214,60.1049,0.6656,66.4813,0,BF.BLW.FAN01::E00,train
2025-01-28 09:00:00,BF.BLW.FAN01,bf_sinter_fan_blower,1.7295,29.7431,59.3941,0.8465,65.0915,0,BF.BLW.FAN01::E00,train
2025-01-28 10:00:00,BF.BLW.FAN01,bf_sinter_fan_blower,1.7228,27.697,59.1439,0.8736,65.1249,0,BF.BLW.FAN01::E00,train
2025-01-28 11:00:00,BF.BLW.FAN01,bf_sinter_fan_blower,1.7134,29.6044,58.1358,0.8375,65.2822,0,BF.BLW.FAN01::E00,train
2025-01-28 12:00:00,BF.BLW.FAN01,bf_sinter_fan_blower,1.7206,29.2502,58.016,0.7833,65.3188,0,BF.BLW.FAN01::E00,train
2025-01-28 13:00:00,BF.BLW.FAN01,bf_sinter_fan_blower,1.7577,28.7792,58.4554,1.0324,65.129,0,BF.BLW.FAN01::E00,train
2025-01-28 14:00:00,BF.BLW.FAN01,bf_sinter_fan_blower,1.7627,23.5878,58.4891,1.0669,64.782,0,BF.BLW.FAN01::E00,train
2025-01-28 15:00:00,BF.BLW.FAN01,bf_sinter_fan_blower,1.7704,28.6261,57.9381,1.1963,64.4862,0,BF.BLW.FAN01::E00,train
2025-01-28 16:00:00,BF.BLW.FAN01,bf_sinter_fan_blower,1.6488,29.7826,57.3884,1.554,63.9714,0,BF.BLW.FAN01::E00,train
2025-01-28 17:00:00,BF.BLW.FAN01,bf_sinter_fan_blower,1.6715,31.9359,57.7422,1.5137,63.2123,0,BF.BLW.FAN01::E00,train
2025-01-28 18:00:00,BF.BLW.FAN01,bf_sinter_fan_blower,1.5055,36.1912,56.5687,1.656,92.1371,0,BF.BLW.FAN01::E00,train
2025-01-28 19:00:00,BF.BLW.FAN01,bf_sinter_fan_blower,1.5116,29.2446,56.3464,1.3766,62.8874,0,BF.BLW.FAN01::E00,train
2025-01-28 20:00:00,BF.BLW.FAN01,bf_sinter_fan_blower,1.5466,30.6356,56.7615,1.6312,63.7636,0,BF.BLW.FAN01::E00,train
2025-01-28 21:00:00,BF.BLW.FAN01,bf_sinter_fan_blower,1.6582,31.7586,57.4231,1.3803,64.7798,0,BF.BLW.FAN01::E00,train
2025-01-28 22:00:00,BF.BLW.FAN01,bf_sinter_fan_blower,1.5856,32.9448,58.2073,1.4993,63.5051,0,BF.BLW.FAN01::E00,train
2025-01-28 23:00:00,BF.BLW.FAN01,bf_sinter_fan_blower,1.5595,31.4428,58.1683,1.4752,63.4239,0,BF.BLW.FAN01::E00,train
2025-01-29 00:00:00,BF.BLW.FAN01,bf_sinter_fan_blower,1.6,26.7528,59.0635,1.4433,64.4743,0,BF.BLW.FAN01::E00,train
2025-01-29 01:00:00,BF.BLW.FAN01,bf_sinter_fan_blower,1.7102,25.7863,59.0859,1.2323,65.3431,0,BF.BLW.FAN01::E00,train
2025-01-29 02:00:00,BF.BLW.FAN01,bf_sinter_fan_blower,1.6676,23.0797,60.5443,1.502,64.7546,0,BF.BLW.FAN01::E00,train
2025-01-29 03:00:00,BF.BLW.FAN01,bf_sinter_fan_blower,1.616,24.7452,60.7893,1.5971,64.833,0,BF.BLW.FAN01::E00,train
2025-01-29 04:00:00,BF.BLW.FAN01,bf_sinter_fan_blower,1.7145,21.7852,61.536,1.4529,64.9671,0,BF.BLW.FAN01::E00,train
2025-01-29 05:00:00,BF.BLW.FAN01,bf_sinter_fan_blower,1.6771,29.0048,60.9831,1.4684,64.9143,0,BF.BLW.FAN01::E00,train
2025-01-29 06:00:00,BF.BLW.FAN01,bf_sinter_fan_blower,1.7728,29.3487,60.7401,1.2362,65.3311,0,BF.BLW.FAN01::E00,train
2025-01-29 07:00:00,BF.BLW.FAN01,bf_sinter_fan_blower,1.6469,28.0464,59.9342,1.3589,64.6596,0,BF.BLW.FAN01::E00,train
2025-01-29 08:00:00,BF.BLW.FAN01,bf_sinter_fan_blower,1.6323,28.9108,59.7164,1.2782,63.6958,0,BF.BLW.FAN01::E00,train
2025-01-29 09:00:00,BF.BLW.FAN01,bf_sinter_fan_blower,1.6241,30.7539,59.8859,1.3859,63.3913,0,BF.BLW.FAN01::E00,train
2025-01-29 10:00:00,BF.BLW.FAN01,bf_sinter_fan_blower,1.6981,34.9171,59.4584,1.3357,63.4699,0,BF.BLW.FAN01::E00,train
2025-01-29 11:00:00,BF.BLW.FAN01,bf_sinter_fan_blower,1.7168,32.3266,60.711,1.4083,63.0747,0,BF.BLW.FAN01::E00,train
2025-01-29 12:00:00,BF.BLW.FAN01,bf_sinter_fan_blower,1.6887,32.5514,60.585,1.2937,62.7185,0,BF.BLW.FAN01::E00,train
2025-01-29 13:00:00,BF.BLW.FAN01,bf_sinter_fan_blower,1.6422,27.1902,60.1114,1.4714,62.7138,0,BF.BLW.FAN01::E00,train
2025-01-29 14:00:00,BF.BLW.FAN01,bf_sinter_fan_blower,1.6343,24.4819,61.0521,1.6188,61.6256,0,BF.BLW.FAN01::E00,train
2025-01-29 15:00:00,BF.BLW.FAN01,bf_sinter_fan_blower,1.6604,23.5411,61.1135,1.4313,61.0292,0,BF.BLW.FAN01::E00,train
2025-01-29 16:00:00,BF.BLW.FAN01,bf_sinter_fan_blower,1.6315,21.2311,60.491,1.6203,59.6836,0,BF.BLW.FAN01::E00,train
2025-01-29 17:00:00,BF.BLW.FAN01,bf_sinter_fan_blower,1.6203,15.5985,59.8499,1.492,59.2672,0,BF.BLW.FAN01::E00,train
2025-01-29 18:00:00,BF.BLW.FAN01,bf_sinter_fan_blower,1.6987,14.4786,60.0633,1.549,59.488,0,BF.BLW.FAN01::E00,train
2025-01-29 19:00:00,BF.BLW.FAN01,bf_sinter_fan_blower,1.7387,22.4461,60.2348,1.5371,59.7448,0,BF.BLW.FAN01::E00,train
2025-01-29 20:00:00,BF.BLW.FAN01,bf_sinter_fan_blower,1.7302,24.8954,61.0411,1.5963,60.3089,0,BF.BLW.FAN01::E00,train
2025-01-29 21:00:00,BF.BLW.FAN01,bf_sinter_fan_blower,1.8324,21.0291,61.1789,1.3448,60.7401,0,BF.BLW.FAN01::E00,train
2025-01-29 22:00:00,BF.BLW.FAN01,bf_sinter_fan_blower,1.8006,19.5718,60.4334,1.2946,61.2002,0,BF.BLW.FAN01::E00,train
2025-01-29 23:00:00,BF.BLW.FAN01,bf_sinter_fan_blower,1.8143,20.3085,60.2625,1.2248,60.4737,0,BF.BLW.FAN01::E00,train
2025-01-30 00:00:00,BF.BLW.FAN01,bf_sinter_fan_blower,1.7977,16.7462,60.6439,1.2739,59.859,0,BF.BLW.FAN01::E00,train
2025-01-30 01:00:00,BF.BLW.FAN01,bf_sinter_fan_blower,1.9096,16.6293,61.2017,1.2661,60.9697,0,BF.BLW.FAN01::E00,train
2025-01-30 02:00:00,BF.BLW.FAN01,bf_sinter_fan_blower,1.8715,19.1294,60.511,1.1629,61.2071,0,BF.BLW.FAN01::E00,train
2025-01-30 03:00:00,BF.BLW.FAN01,bf_sinter_fan_blower,1.8747,19.5208,60.7014,1.0924,61.7277,0,BF.BLW.FAN01::E00,train
2025-01-30 04:00:00,BF.BLW.FAN01,bf_sinter_fan_blower,1.8674,18.1766,60.9753,1.1443,61.4982,0,BF.BLW.FAN01::E00,train
2025-01-30 05:00:00,BF.BLW.FAN01,bf_sinter_fan_blower,1.9396,18.1523,60.7753,1.0914,62.636,0,BF.BLW.FAN01::E00,train
2025-01-30 06:00:00,BF.BLW.FAN01,bf_sinter_fan_blower,1.8785,15.5801,59.8694,1.297,62.0103,0,BF.BLW.FAN01::E00,train
2025-01-30 07:00:00,BF.BLW.FAN01,bf_sinter_fan_blower,1.877,13.7497,60.0134,1.2328,61.5534,0,BF.BLW.FAN01::E00,train
2025-01-30 08:00:00,BF.BLW.FAN01,bf_sinter_fan_blower,1.9819,14.0739,60.2108,1.2134,61.8442,0,BF.BLW.FAN01::E00,train
2025-01-30 09:00:00,BF.BLW.FAN01,bf_sinter_fan_blower,1.8963,16.3259,59.936,1.435,61.2563,0,BF.BLW.FAN01::E00,train
2025-01-30 10:00:00,BF.BLW.FAN01,bf_sinter_fan_blower,1.7277,15.9881,59.8372,1.5907,59.9631,0,BF.BLW.FAN01::E00,train
2025-01-30 11:00:00,BF.BLW.FAN01,bf_sinter_fan_blower,1.6477,14.6526,58.8159,1.6585,60.1609,0,BF.BLW.FAN01::E00,train
2025-01-30 12:00:00,BF.BLW.FAN01,bf_sinter_fan_blower,1.692,17.2975,58.896,1.6907,60.3906,0,BF.BLW.FAN01::E00,train
2025-01-30 13:00:00,BF.BLW.FAN01,bf_sinter_fan_blower,1.8269,21.2493,59.6389,1.7543,61.6205,0,BF.BLW.FAN01::E00,train
2025-01-30 14:00:00,BF.BLW.FAN01,bf_sinter_fan_blower,1.8155,22.2483,59.026,1.7251,61.0996,0,BF.BLW.FAN01::E00,train
2025-01-30 15:00:00,BF.BLW.FAN01,bf_sinter_fan_blower,1.8356,25.7619,58.9878,1.7336,61.4112,0,BF.BLW.FAN01::E00,train
2025-01-30 16:00:00,BF.BLW.FAN01,bf_sinter_fan_blower,1.8885,27.864,58.6751,1.7329,61.7503,0,BF.BLW.FAN01::E00,train
2025-01-30 17:00:00,BF.BLW.FAN01,bf_sinter_fan_blower,1.7903,28.7183,58.3562,1.8307,61.2575,0,BF.BLW.FAN01::E00,train
2025-01-30 18:00:00,BF.BLW.FAN01,bf_sinter_fan_blower,1.8108,30.0464,56.6783,1.9563,62.2615,0,BF.BLW.FAN01::E00,train
2025-01-30 19:00:00,BF.BLW.FAN01,bf_sinter_fan_blower,1.7128,26.2154,56.513,1.7594,62.8389,0,BF.BLW.FAN01::E00,train
2025-01-30 20:00:00,BF.BLW.FAN01,bf_sinter_fan_blower,1.8165,30.2345,56.5807,1.596,64.3494,0,BF.BLW.FAN01::E00,train
2025-01-30 21:00:00,BF.BLW.FAN01,bf_sinter_fan_blower,1.6158,26.1542,57.0233,1.8092,62.4297,0,BF.BLW.FAN01::E00,train
2025-01-30 22:00:00,BF.BLW.FAN01,bf_sinter_fan_blower,1.6301,26.8767,56.9402,1.5918,62.4532,0,BF.BLW.FAN01::E00,train
2025-01-30 23:00:00,BF.BLW.FAN01,bf_sinter_fan_blower,1.6393,21.7043,56.528,1.6686,63.1324,0,BF.BLW.FAN01::E00,train
2025-01-31 00:00:00,BF.BLW.FAN01,bf_sinter_fan_blower,1.6859,20.3302,56.6371,1.7144,63.6765,0,BF.BLW.FAN01::E00,train
2025-01-31 01:00:00,BF.BLW.FAN01,bf_sinter_fan_blower,1.7554,18.7242,56.9822,1.6086,64.2251,0,BF.BLW.FAN01::E00,train
2025-01-31 02:00:00,BF.BLW.FAN01,bf_sinter_fan_blower,1.6896,19.9357,56.4094,1.4443,64.7707,0,BF.BLW.FAN01::E00,train
2025-01-31 03:00:00,BF.BLW.FAN01,bf_sinter_fan_blower,1.7696,22.6568,57.3186,1.449,65.0288,0,BF.BLW.FAN01::E00,train
2025-01-31 04:00:00,BF.BLW.FAN01,bf_sinter_fan_blower,1.7288,23.3612,56.517,1.4469,64.9575,0,BF.BLW.FAN01::E00,train
2025-01-31 05:00:00,BF.BLW.FAN01,bf_sinter_fan_blower,1.7734,18.7732,55.8085,1.4956,65.286,0,BF.BLW.FAN01::E00,train
2025-01-31 06:00:00,BF.BLW.FAN01,bf_sinter_fan_blower,1.7881,19.8122,56.2992,1.3309,64.2999,0,BF.BLW.FAN01::E00,train
2025-01-31 07:00:00,BF.BLW.FAN01,bf_sinter_fan_blower,1.7171,20.3281,55.1658,1.294,64.5084,0,BF.BLW.FAN01::E00,train
2025-01-31 08:00:00,BF.BLW.FAN01,bf_sinter_fan_blower,1.7584,20.9006,54.8989,1.0125,64.3162,0,BF.BLW.FAN01::E00,train
2025-01-31 09:00:00,BF.BLW.FAN01,bf_sinter_fan_blower,1.8437,24.4654,55.1463,0.9023,64.7791,0,BF.BLW.FAN01::E00,train
2025-01-31 10:00:00,BF.BLW.FAN01,bf_sinter_fan_blower,1.6954,23.3345,54.2774,1.0144,63.3135,0,BF.BLW.FAN01::E00,train
2025-01-31 11:00:00,BF.BLW.FAN01,bf_sinter_fan_blower,1.6775,22.2246,54.6927,1.0311,62.8416,0,BF.BLW.FAN01::E00,train
2025-01-31 12:00:00,BF.BLW.FAN01,bf_sinter_fan_blower,1.5022,25.58,54.0177,1.12,61.1675,0,BF.BLW.FAN01::E00,train
2025-01-31 13:00:00,BF.BLW.FAN01,bf_sinter_fan_blower,1.6754,26.5246,54.7849,1.0657,61.0134,0,BF.BLW.FAN01::E00,train
2025-01-31 14:00:00,BF.BLW.FAN01,bf_sinter_fan_blower,1.7215,28.2017,54.3504,0.9901,61.3706,0,BF.BLW.FAN01::E00,train
2025-01-31 15:00:00,BF.BLW.FAN01,bf_sinter_fan_blower,1.7682,29.3412,54.4792,0.901,60.8685,0,BF.BLW.FAN01::E00,train
2025-01-31 16:00:00,BF.BLW.FAN01,bf_sinter_fan_blower,1.7915,27.2147,54.5385,0.8847,59.6844,0,BF.BLW.FAN01::E00,train
2025-01-31 17:00:00,BF.BLW.FAN01,bf_sinter_fan_blower,1.8143,27.6591,54.8627,0.986,59.9954,0,BF.BLW.FAN01::E00,train
2025-01-31 18:00:00,BF.BLW.FAN01,bf_sinter_fan_blower,1.7352,27.9973,54.5291,1.3134,61.3886,0,BF.BLW.FAN01::E00,train
2025-01-31 19:00:00,BF.BLW.FAN01,bf_sinter_fan_blower,1.7385,29.2164,54.8683,1.0156,60.4431,0,BF.BLW.FAN01::E00,train
2025-01-31 20:00:00,BF.BLW.FAN01,bf_sinter_fan_blower,1.647,27.4013,54.588,1.0848,60.7687,0,BF.BLW.FAN01::E00,train
2025-01-31 21:00:00,BF.BLW.FAN01,bf_sinter_fan_blower,1.5489,27.2556,53.4002,1.1961,60.9747,0,BF.BLW.FAN01::E00,train
2025-01-31 22:00:00,BF.BLW.FAN01,bf_sinter_fan_blower,1.6021,28.0271,53.9374,1.2345,61.0918,0,BF.BLW.FAN01::E00,train
2025-01-31 23:00:00,BF.BLW.FAN01,bf_sinter_fan_blower,1.5349,32.4462,53.3778,1.1521,60.8523,0,BF.BLW.FAN01::E00,train
2025-02-01 00:00:00,BF.BLW.FAN01,bf_sinter_fan_blower,1.5866,30.4218,53.3883,1.2243,62.6049,0,BF.BLW.FAN01::E00,train
2025-02-01 01:00:00,BF.BLW.FAN01,bf_sinter_fan_blower,1.5563,31.5892,53.3314,1.131,62.8781,0,BF.BLW.FAN01::E00,train
2025-02-01 02:00:00,BF.BLW.FAN01,bf_sinter_fan_blower,1.5102,26.513,52.8175,1.1718,62.8339,0,BF.BLW.FAN01::E00,train
2025-02-01 03:00:00,BF.BLW.FAN01,bf_sinter_fan_blower,1.4966,23.6954,53.2557,1.1209,62.2148,0,BF.BLW.FAN01::E00,train
2025-02-01 04:00:00,BF.BLW.FAN01,bf_sinter_fan_blower,1.7071,22.9917,54.4445,0.9974,62.7637,0,BF.BLW.FAN01::E00,train
2025-02-01 05:00:00,BF.BLW.FAN01,bf_sinter_fan_blower,1.7194,23.7121,54.025,0.969,63.0209,0,BF.BLW.FAN01::E00,train
2025-02-01 06:00:00,BF.BLW.FAN01,bf_sinter_fan_blower,1.8094,27.0971,54.5173,1.0502,62.6572,0,BF.BLW.FAN01::E00,train
2025-02-01 07:00:00,BF.BLW.FAN01,bf_sinter_fan_blower,1.6821,27.4184,53.5268,1.2388,62.0083,0,BF.BLW.FAN01::E00,train
2025-02-01 08:00:00,BF.BLW.FAN01,bf_sinter_fan_blower,1.6803,29.5898,54.2985,1.3422,61.7359,0,BF.BLW.FAN01::E00,train
2025-02-01 09:00:00,BF.BLW.FAN01,bf_sinter_fan_blower,1.6655,30.6954,53.845,1.4399,62.2362,0,BF.BLW.FAN01::E00,train
2025-02-01 10:00:00,BF.BLW.FAN01,bf_sinter_fan_blower,1.7599,35.1837,54.6672,1.6222,61.8918,0,BF.BLW.FAN01::E00,train
2025-02-01 11:00:00,BF.BLW.FAN01,bf_sinter_fan_blower,1.7253,32.651,54.4491,1.7123,76.8927,0,BF.BLW.FAN01::E00,train
2025-02-01 12:00:00,BF.BLW.FAN01,bf_sinter_fan_blower,1.6401,30.3011,53.8861,2.2365,91.6802,0,BF.BLW.FAN01::E00,train
2025-02-01 13:00:00,BF.BLW.FAN01,bf_sinter_fan_blower,1.6748,31.8121,53.0493,3.2319,76.4612,0,BF.BLW.FAN01::E00,train
2025-02-01 14:00:00,BF.BLW.FAN01,bf_sinter_fan_blower,1.6517,32.2583,52.986,4.6732,61.008,0,BF.BLW.FAN01::E00,train
2025-02-01 15:00:00,BF.BLW.FAN01,bf_sinter_fan_blower,1.5883,33.2115,52.5847,6.0653,59.3374,0,BF.BLW.FAN01::E00,train
2025-02-01 16:00:00,BF.BLW.FAN01,bf_sinter_fan_blower,1.645,30.8809,54.5892,7.3276,57.8395,0,BF.BLW.FAN01::E00,train
2025-02-01 17:00:00,BF.BLW.FAN01,bf_sinter_fan_blower,1.6315,27.8855,54.3396,7.6707,57.7244,0,BF.BLW.FAN01::E00,train
2025-02-01 18:00:00,BF.BLW.FAN01,bf_sinter_fan_blower,1.6178,24.1479,54.3413,7.1555,58.029,0,BF.BLW.FAN01::E00,train
2025-02-01 19:00:00,BF.BLW.FAN01,bf_sinter_fan_blower,1.6378,20.2504,54.3619,5.9511,58.6921,0,BF.BLW.FAN01::E00,train
2025-02-01 20:00:00,BF.BLW.FAN01,bf_sinter_fan_blower,1.6773,17.8416,55.0489,4.3104,59.1133,0,BF.BLW.FAN01::E00,train
2025-02-01 21:00:00,BF.BLW.FAN01,bf_sinter_fan_blower,1.679,16.0949,55.0381,2.6334,59.5313,0,BF.BLW.FAN01::E00,train
2025-02-01 22:00:00,BF.BLW.FAN01,bf_sinter_fan_blower,1.6269,16.705,54.8918,1.5041,59.4127,0,BF.BLW.FAN01::E00,train
2025-02-01 23:00:00,BF.BLW.FAN01,bf_sinter_fan_blower,1.4909,20.236,54.2717,1.0572,58.5771,0,BF.BLW.FAN01::E00,train
2025-02-02 00:00:00,BF.BLW.FAN01,bf_sinter_fan_blower,1.5313,22.7731,54.4515,1.0261,59.2988,0,BF.BLW.FAN01::E00,train
2025-02-02 01:00:00,BF.BLW.FAN01,bf_sinter_fan_blower,1.5101,21.6993,54.7015,1.1647,59.9672,0,BF.BLW.FAN01::E00,train
2025-02-02 02:00:00,BF.BLW.FAN01,bf_sinter_fan_blower,1.545,23.636,54.9011,0.9197,61.0427,0,BF.BLW.FAN01::E00,train
2025-02-02 03:00:00,BF.BLW.FAN01,bf_sinter_fan_blower,1.5113,22.9167,55.2123,1.2891,61.9268,0,BF.BLW.FAN01::E00,train
2025-02-02 04:00:00,BF.BLW.FAN01,bf_sinter_fan_blower,1.5652,23.9791,56.3145,1.3216,61.2295,0,BF.BLW.FAN01::E00,train
2025-02-02 05:00:00,BF.BLW.FAN01,bf_sinter_fan_blower,1.6318,25.5883,56.8751,1.2412,62.0412,0,BF.BLW.FAN01::E00,train
2025-02-02 06:00:00,BF.BLW.FAN01,bf_sinter_fan_blower,1.6309,24.6472,57.0955,1.3744,62.5101,0,BF.BLW.FAN01::E00,train
2025-02-02 07:00:00,BF.BLW.FAN01,bf_sinter_fan_blower,1.543,26.7054,56.1643,1.4685,61.9106,0,BF.BLW.FAN01::E00,train
2025-02-02 08:00:00,BF.BLW.FAN01,bf_sinter_fan_blower,1.5878,25.1848,57.0127,1.6404,61.7066,0,BF.BLW.FAN01::E00,train
2025-02-02 09:00:00,BF.BLW.FAN01,bf_sinter_fan_blower,1.5965,25.1325,56.4543,1.3682,60.9706,0,BF.BLW.FAN01::E00,train
2025-02-02 10:00:00,BF.BLW.FAN01,bf_sinter_fan_blower,1.6074,21.4474,56.7424,1.6021,61.4422,0,BF.BLW.FAN01::E00,train
2025-02-02 11:00:00,BF.BLW.FAN01,bf_sinter_fan_blower,1.5792,23.6024,56.8463,1.7557,60.954,0,BF.BLW.FAN01::E00,train
2025-02-02 12:00:00,BF.BLW.FAN01,bf_sinter_fan_blower,1.6868,23.5837,56.4902,1.8226,62.0637,0,BF.BLW.FAN01::E00,train
2025-02-02 13:00:00,BF.BLW.FAN01,bf_sinter_fan_blower,1.5587,21.3757,55.1511,1.8197,61.5899,0,BF.BLW.FAN01::E00,train
2025-02-02 14:00:00,BF.BLW.FAN01,bf_sinter_fan_blower,1.692,24.4562,55.7878,1.9343,61.359,0,BF.BLW.FAN01::E00,train
2025-02-02 15:00:00,BF.BLW.FAN01,bf_sinter_fan_blower,1.6502,23.8562,55.2846,1.9124,61.7372,0,BF.BLW.FAN01::E00,train
2025-02-02 16:00:00,BF.BLW.FAN01,bf_sinter_fan_blower,1.5698,26.0997,54.5373,2.0081,60.7754,0,BF.BLW.FAN01::E00,train
2025-02-02 17:00:00,BF.BLW.FAN01,bf_sinter_fan_blower,1.5195,26.5756,53.615,1.8669,59.5414,0,BF.BLW.FAN01::E00,train
2025-02-02 18:00:00,BF.BLW.FAN01,bf_sinter_fan_blower,1.6451,26.4693,54.157,1.774,60.0503,0,BF.BLW.FAN01::E00,train
2025-02-02 19:00:00,BF.BLW.FAN01,bf_sinter_fan_blower,1.6099,27.5842,54.477,1.9227,59.4096,0,BF.BLW.FAN01::E00,train
2025-02-02 20:00:00,BF.BLW.FAN01,bf_sinter_fan_blower,1.6822,24.1421,54.6824,1.8061,60.1275,0,BF.BLW.FAN01::E00,train
2025-02-02 21:00:00,BF.BLW.FAN01,bf_sinter_fan_blower,1.7274,27.8808,55.5405,1.9796,59.811,0,BF.BLW.FAN01::E00,train
2025-02-02 22:00:00,BF.BLW.FAN01,bf_sinter_fan_blower,1.7238,26.1129,55.9214,2.0449,59.7609,0,BF.BLW.FAN01::E00,train
2025-02-02 23:00:00,BF.BLW.FAN01,bf_sinter_fan_blower,1.6686,26.2244,55.897,1.8933,59.6644,0,BF.BLW.FAN01::E00,train
2025-02-03 00:00:00,BF.BLW.FAN01,bf_sinter_fan_blower,1.6085,29.6865,55.7452,1.9604,59.648,0,BF.BLW.FAN01::E00,train
2025-02-03 01:00:00,BF.BLW.FAN01,bf_sinter_fan_blower,1.653,31.1253,57.5812,1.9202,59.2426,0,BF.BLW.FAN01::E00,train
2025-02-03 02:00:00,BF.BLW.FAN01,bf_sinter_fan_blower,1.7699,28.6595,58.7759,1.9034,60.2694,0,BF.BLW.FAN01::E00,train
2025-02-03 03:00:00,BF.BLW.FAN01,bf_sinter_fan_blower,1.717,27.8352,57.5695,1.7324,61.3833,0,BF.BLW.FAN01::E00,train
2025-02-03 04:00:00,BF.BLW.FAN01,bf_sinter_fan_blower,1.7331,25.6308,57.6364,1.7215,61.7067,0,BF.BLW.FAN01::E00,train
2025-02-03 05:00:00,BF.BLW.FAN01,bf_sinter_fan_blower,1.6315,29.5691,57.2951,1.7196,61.33,0,BF.BLW.FAN01::E00,train
2025-02-03 06:00:00,BF.BLW.FAN01,bf_sinter_fan_blower,1.6624,30.3257,57.6208,1.5985,60.8362,0,BF.BLW.FAN01::E00,train
2025-02-03 07:00:00,BF.BLW.FAN01,bf_sinter_fan_blower,1.5535,27.3381,56.3094,1.6046,60.9497,0,BF.BLW.FAN01::E00,train
2025-02-03 08:00:00,BF.BLW.FAN01,bf_sinter_fan_blower,1.6188,28.9873,55.7899,1.7093,61.3206,0,BF.BLW.FAN01::E00,train
2025-02-03 09:00:00,BF.BLW.FAN01,bf_sinter_fan_blower,1.7086,28.8413,56.065,1.6367,61.5138,0,BF.BLW.FAN01::E00,train
2025-02-03 10:00:00,BF.BLW.FAN01,bf_sinter_fan_blower,1.6165,28.9781,54.3381,1.4772,61.9817,0,BF.BLW.FAN01::E00,train
2025-02-03 11:00:00,BF.BLW.FAN01,bf_sinter_fan_blower,1.7446,24.355,53.7849,1.4243,63.7185,0,BF.BLW.FAN01::E00,train
2025-02-03 12:00:00,BF.BLW.FAN01,bf_sinter_fan_blower,1.8513,23.4553,55.4169,1.4225,63.1918,0,BF.BLW.FAN01::E00,train
2025-02-03 13:00:00,BF.BLW.FAN01,bf_sinter_fan_blower,1.867,21.152,55.7294,1.5716,62.9223,0,BF.BLW.FAN01::E00,train
2025-02-03 14:00:00,BF.BLW.FAN01,bf_sinter_fan_blower,1.7668,22.019,55.3886,1.5807,61.4484,0,BF.BLW.FAN01::E00,train
2025-02-03 15:00:00,BF.BLW.FAN01,bf_sinter_fan_blower,1.6721,21.2513,55.4182,1.7667,61.5053,0,BF.BLW.FAN01::E00,train
2025-02-03 16:00:00,BF.BLW.FAN01,bf_sinter_fan_blower,1.623,20.166,54.8163,1.7119,61.8535,0,BF.BLW.FAN01::E00,train
2025-02-03 17:00:00,BF.BLW.FAN01,bf_sinter_fan_blower,1.5008,23.4019,54.0432,1.8415,61.3272,0,BF.BLW.FAN01::E00,train
2025-02-03 18:00:00,BF.BLW.FAN01,bf_sinter_fan_blower,1.502,24.338,53.0494,1.9547,61.1536,0,BF.BLW.FAN01::E00,train
2025-02-03 19:00:00,BF.BLW.FAN01,bf_sinter_fan_blower,1.5088,22.0297,54.3908,2.0347,59.8751,0,BF.BLW.FAN01::E00,train
2025-02-03 20:00:00,BF.BLW.FAN01,bf_sinter_fan_blower,1.396,21.7736,54.2791,2.1215,59.8933,0,BF.BLW.FAN01::E00,train
2025-02-03 21:00:00,BF.BLW.FAN01,bf_sinter_fan_blower,1.3479,21.026,53.7256,2.0373,60.1242,0,BF.BLW.FAN01::E00,train
2025-02-03 22:00:00,BF.BLW.FAN01,bf_sinter_fan_blower,1.2232,20.5833,54.0144,2.1133,59.337,0,BF.BLW.FAN01::E00,train
2025-02-03 23:00:00,BF.BLW.FAN01,bf_sinter_fan_blower,1.2277,22.7824,53.7539,2.1361,60.1275,0,BF.BLW.FAN01::E00,train
2025-02-04 00:00:00,BF.BLW.FAN01,bf_sinter_fan_blower,1.1576,23.4957,53.6764,2.1031,59.0624,0,BF.BLW.FAN01::E00,train
2025-02-04 01:00:00,BF.BLW.FAN01,bf_sinter_fan_blower,1.3074,22.608,54.547,2.0327,60.2765,0,BF.BLW.FAN01::E00,train
2025-02-04 02:00:00,BF.BLW.FAN01,bf_sinter_fan_blower,1.2795,24.7303,54.0339,1.9304,61.0882,0,BF.BLW.FAN01::E00,train
2025-02-04 03:00:00,BF.BLW.FAN01,bf_sinter_fan_blower,1.2755,25.7344,53.7606,1.9771,61.5611,0,BF.BLW.FAN01::E00,train
2025-02-04 04:00:00,BF.BLW.FAN01,bf_sinter_fan_blower,1.3588,30.204,54.3071,1.9479,61.7516,0,BF.BLW.FAN01::E00,train
2025-02-04 05:00:00,BF.BLW.FAN01,bf_sinter_fan_blower,1.4703,31.2904,54.6404,1.7608,62.7248,0,BF.BLW.FAN01::E00,train
2025-02-04 06:00:00,BF.BLW.FAN01,bf_sinter_fan_blower,1.2685,34.1517,54.4251,1.8468,61.4205,0,BF.BLW.FAN01::E00,train
2025-02-04 07:00:00,BF.BLW.FAN01,bf_sinter_fan_blower,1.2672,32.4989,54.0699,1.6481,61.0098,0,BF.BLW.FAN01::E00,train
2025-02-04 08:00:00,BF.BLW.FAN01,bf_sinter_fan_blower,1.3319,34.8055,54.0013,1.6459,61.3481,0,BF.BLW.FAN01::E00,train
2025-02-04 09:00:00,BF.BLW.FAN01,bf_sinter_fan_blower,1.3811,36.9942,53.8339,1.6896,61.1078,0,BF.BLW.FAN01::E00,train
2025-02-04 10:00:00,BF.BLW.FAN01,bf_sinter_fan_blower,1.4922,35.0227,54.5519,1.6087,61.3835,0,BF.BLW.FAN01::E00,train
2025-02-04 11:00:00,BF.BLW.FAN01,bf_sinter_fan_blower,1.5358,37.1814,55.0301,1.4679,61.1309,0,BF.BLW.FAN01::E00,train
2025-02-04 12:00:00,BF.BLW.FAN01,bf_sinter_fan_blower,1.5632,39.3031,55.1991,1.539,60.9798,0,BF.BLW.FAN01::E00,train
2025-02-04 13:00:00,BF.BLW.FAN01,bf_sinter_fan_blower,1.4643,41.7203,54.2261,1.6231,60.7248,0,BF.BLW.FAN01::E00,train
2025-02-04 14:00:00,BF.BLW.FAN01,bf_sinter_fan_blower,1.385,41.3012,54.1355,1.804,60.3852,0,BF.BLW.FAN01::E00,train
2025-02-04 15:00:00,BF.BLW.FAN01,bf_sinter_fan_blower,1.4702,37.0912,53.7287,1.5847,59.5162,0,BF.BLW.FAN01::E00,train
2025-02-04 16:00:00,BF.BLW.FAN01,bf_sinter_fan_blower,1.5932,36.565,53.9461,1.6344,59.98,0,BF.BLW.FAN01::E00,train
2025-02-04 17:00:00,BF.BLW.FAN01,bf_sinter_fan_blower,1.6702,38.1455,54.8554,1.5964,59.9036,0,BF.BLW.FAN01::E00,train
2025-02-04 18:00:00,BF.BLW.FAN01,bf_sinter_fan_blower,1.818,36.32,55.9819,1.5477,79.8736,0,BF.BLW.FAN01::E00,train
2025-02-04 19:00:00,BF.BLW.FAN01,bf_sinter_fan_blower,1.7473,36.649,55.2441,1.8571,60.7597,0,BF.BLW.FAN01::E00,train
2025-02-04 20:00:00,BF.BLW.FAN01,bf_sinter_fan_blower,1.6375,36.3103,55.1306,1.7406,60.3951,0,BF.BLW.FAN01::E00,train
2025-02-04 21:00:00,BF.BLW.FAN01,bf_sinter_fan_blower,1.6781,34.8439,53.8404,1.7568,61.8211,0,BF.BLW.FAN01::E00,train
2025-02-04 22:00:00,BF.BLW.FAN01,bf_sinter_fan_blower,1.7054,36.3175,53.0988,1.5613,62.8512,0,BF.BLW.FAN01::E00,train
2025-02-04 23:00:00,BF.BLW.FAN01,bf_sinter_fan_blower,1.7063,38.2786,52.7349,1.6235,62.7354,0,BF.BLW.FAN01::E00,train
2025-02-05 00:00:00,BF.BLW.FAN01,bf_sinter_fan_blower,1.6969,35.4998,53.1877,1.6925,62.9864,0,BF.BLW.FAN01::E00,train
2025-02-05 01:00:00,BF.BLW.FAN01,bf_sinter_fan_blower,1.7075,35.332,52.7963,1.7214,63.7219,0,BF.BLW.FAN01::E00,train
2025-02-05 02:00:00,BF.BLW.FAN01,bf_sinter_fan_blower,1.7054,37.1225,53.0921,1.7769,63.3321,0,BF.BLW.FAN01::E00,train
2025-02-05 03:00:00,BF.BLW.FAN01,bf_sinter_fan_blower,1.8204,34.1612,54.0846,1.7429,64.3509,0,BF.BLW.FAN01::E00,train
2025-02-05 04:00:00,BF.BLW.FAN01,bf_sinter_fan_blower,1.8816,29.8945,54.886,1.8725,65.564,0,BF.BLW.FAN01::E00,train
2025-02-05 05:00:00,BF.BLW.FAN01,bf_sinter_fan_blower,1.8653,28.5545,55.1991,1.5738,65.3786,0,BF.BLW.FAN01::E00,train
2025-02-05 06:00:00,BF.BLW.FAN01,bf_sinter_fan_blower,1.7869,31.1802,53.8532,1.5983,64.8607,0,BF.BLW.FAN01::E00,train
2025-02-05 07:00:00,BF.BLW.FAN01,bf_sinter_fan_blower,1.7253,30.1518,54.491,1.6645,64.7198,0,BF.BLW.FAN01::E00,train
2025-02-05 08:00:00,BF.BLW.FAN01,bf_sinter_fan_blower,1.6851,30.9635,54.3929,1.6324,64.0128,0,BF.BLW.FAN01::E00,train
2025-02-05 09:00:00,BF.BLW.FAN01,bf_sinter_fan_blower,1.6359,31.9885,54.475,1.5825,63.414,0,BF.BLW.FAN01::E00,train
2025-02-05 10:00:00,BF.BLW.FAN01,bf_sinter_fan_blower,1.6155,29.1329,54.7287,1.8333,63.493,0,BF.BLW.FAN01::E00,train
2025-02-05 11:00:00,BF.BLW.FAN01,bf_sinter_fan_blower,1.5636,26.9196,53.1079,1.5845,63.4225,0,BF.BLW.FAN01::E00,train
2025-02-05 12:00:00,BF.BLW.FAN01,bf_sinter_fan_blower,1.7299,28.8311,53.1685,1.4636,63.5289,0,BF.BLW.FAN01::E00,train
2025-02-05 13:00:00,BF.BLW.FAN01,bf_sinter_fan_blower,1.736,29.0903,52.9962,1.599,63.3706,0,BF.BLW.FAN01::E00,train
2025-02-05 14:00:00,BF.BLW.FAN01,bf_sinter_fan_blower,1.7575,31.1451,52.6936,1.5229,62.9669,0,BF.BLW.FAN01::E00,train
2025-02-05 15:00:00,BF.BLW.FAN01,bf_sinter_fan_blower,1.8406,33.3923,52.8051,1.336,62.9294,0,BF.BLW.FAN01::E00,train
2025-02-05 16:00:00,BF.BLW.FAN01,bf_sinter_fan_blower,1.8351,35.4089,52.8757,1.389,62.7863,0,BF.BLW.FAN01::E00,train
2025-02-05 17:00:00,BF.BLW.FAN01,bf_sinter_fan_blower,1.7798,40.3014,53.0847,1.5063,62.2515,0,BF.BLW.FAN01::E00,train
2025-02-05 18:00:00,BF.BLW.FAN01,bf_sinter_fan_blower,1.6583,40.7898,51.7939,1.7938,61.7972,0,BF.BLW.FAN01::E00,train
2025-02-05 19:00:00,BF.BLW.FAN01,bf_sinter_fan_blower,1.4973,43.0758,51.8819,1.8766,60.6806,0,BF.BLW.FAN01::E00,train
2025-02-05 20:00:00,BF.BLW.FAN01,bf_sinter_fan_blower,1.539,47.2452,53.1576,2.1848,60.691,0,BF.BLW.FAN01::E00,train
2025-02-05 21:00:00,BF.BLW.FAN01,bf_sinter_fan_blower,1.5206,45.0185,51.8828,2.2505,61.7698,0,BF.BLW.FAN01::E00,train
2025-02-05 22:00:00,BF.BLW.FAN01,bf_sinter_fan_blower,1.4819,44.382,52.5892,2.262,62.4129,0,BF.BLW.FAN01::E00,train
2025-02-05 23:00:00,BF.BLW.FAN01,bf_sinter_fan_blower,1.5019,47.7304,52.144,2.2325,63.6476,0,BF.BLW.FAN01::E00,train
2025-02-06 00:00:00,BF.BLW.FAN01,bf_sinter_fan_blower,1.5643,51.7123,52.8143,2.2098,64.6239,0,BF.BLW.FAN01::E00,train
2025-02-06 01:00:00,BF.BLW.FAN01,bf_sinter_fan_blower,1.5077,49.1587,52.5751,5.264,65.4837,0,BF.BLW.FAN01::E00,train
2025-02-06 02:00:00,BF.BLW.FAN01,bf_sinter_fan_blower,1.4975,48.24,53.2199,5.3716,65.9147,0,BF.BLW.FAN01::E00,train
2025-02-06 03:00:00,BF.BLW.FAN01,bf_sinter_fan_blower,1.6049,49.1191,54.2106,2.2617,67.0938,0,BF.BLW.FAN01::E00,train
2025-02-06 04:00:00,BF.BLW.FAN01,bf_sinter_fan_blower,1.4289,45.6641,53.9654,2.2058,65.4001,0,BF.BLW.FAN01::E00,train
2025-02-06 05:00:00,BF.BLW.FAN01,bf_sinter_fan_blower,1.3903,43.4862,54.1858,2.266,65.528,0,BF.BLW.FAN01::E00,train
2025-02-06 06:00:00,BF.BLW.FAN01,bf_sinter_fan_blower,1.4051,38.3853,53.9677,2.3046,65.4325,0,BF.BLW.FAN01::E00,train
2025-02-06 07:00:00,BF.BLW.FAN01,bf_sinter_fan_blower,1.5071,39.9298,54.1281,2.2529,65.3421,0,BF.BLW.FAN01::E00,train
2025-02-06 08:00:00,BF.BLW.FAN01,bf_sinter_fan_blower,1.4027,37.9895,53.2839,2.2444,65.5713,0,BF.BLW.FAN01::E00,train
2025-02-06 09:00:00,BF.BLW.FAN01,bf_sinter_fan_blower,1.4728,39.1775,53.4399,2.2139,65.787,0,BF.BLW.FAN01::E00,train
2025-02-06 10:00:00,BF.BLW.FAN01,bf_sinter_fan_blower,1.5026,35.9197,54.2193,2.21,65.0961,0,BF.BLW.FAN01::E00,train
2025-02-06 11:00:00,BF.BLW.FAN01,bf_sinter_fan_blower,1.5735,37.7658,54.706,2.2636,65.622,0,BF.BLW.FAN01::E00,train
2025-02-06 12:00:00,BF.BLW.FAN01,bf_sinter_fan_blower,1.5355,38.8979,54.1522,2.2722,65.1462,0,BF.BLW.FAN01::E00,train
2025-02-06 13:00:00,BF.BLW.FAN01,bf_sinter_fan_blower,1.5609,41.1187,53.0525,2.1926,65.6703,0,BF.BLW.FAN01::E00,train
2025-02-06 14:00:00,BF.BLW.FAN01,bf_sinter_fan_blower,1.6356,40.9702,52.8703,2.0032,66.1488,0,BF.BLW.FAN01::E00,train
2025-02-06 15:00:00,BF.BLW.FAN01,bf_sinter_fan_blower,1.6019,39.4238,52.1921,1.9958,65.275,0,BF.BLW.FAN01::E00,train
2025-02-06 16:00:00,BF.BLW.FAN01,bf_sinter_fan_blower,1.6252,38.0233,51.6228,2.0401,63.7753,0,BF.BLW.FAN01::E00,train
2025-02-06 17:00:00,BF.BLW.FAN01,bf_sinter_fan_blower,1.7987,32.8611,52.0057,2.0224,65.043,0,BF.BLW.FAN01::E00,train
2025-02-06 18:00:00,BF.BLW.FAN01,bf_sinter_fan_blower,1.8704,33.2461,51.9876,1.8669,65.7037,0,BF.BLW.FAN01::E00,train
2025-02-06 19:00:00,BF.BLW.FAN01,bf_sinter_fan_blower,1.9161,33.5502,52.4192,1.9008,66.0843,0,BF.BLW.FAN01::E00,train
2025-02-06 20:00:00,BF.BLW.FAN01,bf_sinter_fan_blower,1.9369,30.9512,51.8765,1.8119,66.3336,0,BF.BLW.FAN01::E00,train
2025-02-06 21:00:00,BF.BLW.FAN01,bf_sinter_fan_blower,1.8738,28.8574,51.5151,1.8939,67.4435,0,BF.BLW.FAN01::E00,train
2025-02-06 22:00:00,BF.BLW.FAN01,bf_sinter_fan_blower,1.9214,27.6175,53.1323,1.893,66.8076,0,BF.BLW.FAN01::E00,train
2025-02-06 23:00:00,BF.BLW.FAN01,bf_sinter_fan_blower,1.9072,30.9609,54.0505,2.014,66.5413,0,BF.BLW.FAN01::E00,train
2025-02-07 00:00:00,BF.BLW.FAN01,bf_sinter_fan_blower,1.8702,34.7066,54.6198,1.8814,65.5858,0,BF.BLW.FAN01::E00,train
2025-02-07 01:00:00,BF.BLW.FAN01,bf_sinter_fan_blower,1.959,35.3199,55.7661,1.8297,66.4086,0,BF.BLW.FAN01::E00,train
2025-02-07 02:00:00,BF.BLW.FAN01,bf_sinter_fan_blower,1.9864,35.1809,56.1203,1.8018,67.6915,0,BF.BLW.FAN01::E00,train
2025-02-07 03:00:00,BF.BLW.FAN01,bf_sinter_fan_blower,2.0284,34.8865,56.4204,1.5634,68.215,0,BF.BLW.FAN01::E00,train
2025-02-07 04:00:00,BF.BLW.FAN01,bf_sinter_fan_blower,2.0643,35.6561,56.8776,1.5865,69.0888,0,BF.BLW.FAN01::E00,train
2025-02-07 05:00:00,BF.BLW.FAN01,bf_sinter_fan_blower,2.0144,40.2799,56.4664,1.6562,68.9112,0,BF.BLW.FAN01::E00,train
2025-02-07 06:00:00,BF.BLW.FAN01,bf_sinter_fan_blower,1.9596,39.2725,56.4922,1.8196,68.7805,0,BF.BLW.FAN01::E00,train
2025-02-07 07:00:00,BF.BLW.FAN01,bf_sinter_fan_blower,2.0625,40.3515,57.4449,1.9069,69.4382,0,BF.BLW.FAN01::E00,train
2025-02-07 08:00:00,BF.BLW.FAN01,bf_sinter_fan_blower,2.0695,38.7983,56.966,1.9474,69.1252,0,BF.BLW.FAN01::E00,train
2025-02-07 09:00:00,BF.BLW.FAN01,bf_sinter_fan_blower,2.12,38.1274,57.9723,2.1551,69.7864,0,BF.BLW.FAN01::E00,train
2025-02-07 10:00:00,BF.BLW.FAN01,bf_sinter_fan_blower,2.139,38.4435,58.0293,2.1164,69.9619,0,BF.BLW.FAN01::E00,train
2025-02-07 11:00:00,BF.BLW.FAN01,bf_sinter_fan_blower,2.0945,39.5539,57.9781,2.0335,68.8422,0,BF.BLW.FAN01::E00,train
2025-02-07 12:00:00,BF.BLW.FAN01,bf_sinter_fan_blower,1.9952,40.3477,57.4234,2.2726,68.4414,0,BF.BLW.FAN01::E00,train
2025-02-07 13:00:00,BF.BLW.FAN01,bf_sinter_fan_blower,2.0029,41.3232,58.4496,2.325,67.9322,0,BF.BLW.FAN01::E00,train
2025-02-07 14:00:00,BF.BLW.FAN01,bf_sinter_fan_blower,2.0314,38.6405,57.6754,2.3717,67.8767,0,BF.BLW.FAN01::E00,train
2025-02-07 15:00:00,BF.BLW.FAN01,bf_sinter_fan_blower,1.9935,36.4384,56.3183,2.3963,67.7103,0,BF.BLW.FAN01::E00,train
2025-02-07 16:00:00,BF.BLW.FAN01,bf_sinter_fan_blower,2.0233,35.8278,56.0802,2.2199,66.8132,0,BF.BLW.FAN01::E00,train
2025-02-07 17:00:00,BF.BLW.FAN01,bf_sinter_fan_blower,2.0445,35.3478,55.5506,2.2423,67.257,0,BF.BLW.FAN01::E00,train
2025-02-07 18:00:00,BF.BLW.FAN01,bf_sinter_fan_blower,2.0928,32.0207,56.0517,2.2952,66.4049,0,BF.BLW.FAN01::E00,train
2025-02-07 19:00:00,BF.BLW.FAN01,bf_sinter_fan_blower,2.1761,30.4398,56.4286,2.3953,66.6316,0,BF.BLW.FAN01::E00,train
2025-02-07 20:00:00,BF.BLW.FAN01,bf_sinter_fan_blower,2.0671,24.9131,56.153,2.3663,66.388,0,BF.BLW.FAN01::E00,train
2025-02-07 21:00:00,BF.BLW.FAN01,bf_sinter_fan_blower,2.1411,26.0044,57.1485,2.1226,65.6696,0,BF.BLW.FAN01::E00,train
2025-02-07 22:00:00,BF.BLW.FAN01,bf_sinter_fan_blower,2.0863,27.2923,57.4289,2.004,65.3546,0,BF.BLW.FAN01::E00,train
2025-02-07 23:00:00,BF.BLW.FAN01,bf_sinter_fan_blower,2.0116,23.3172,58.0014,1.7991,64.723,0,BF.BLW.FAN01::E00,train
2025-02-08 00:00:00,BF.BLW.FAN01,bf_sinter_fan_blower,1.933,19.6034,57.9532,1.8348,65.1503,0,BF.BLW.FAN01::E00,train
2025-02-08 01:00:00,BF.BLW.FAN01,bf_sinter_fan_blower,2.021,22.436,58.4763,1.8839,66.4225,0,BF.BLW.FAN01::E00,train
2025-02-08 02:00:00,BF.BLW.FAN01,bf_sinter_fan_blower,1.9704,24.2665,58.1306,2.1562,67.3787,0,BF.BLW.FAN01::E00,train
2025-02-08 03:00:00,BF.BLW.FAN01,bf_sinter_fan_blower,1.9389,21.0262,58.6234,2.2785,67.9993,0,BF.BLW.FAN01::E00,train
2025-02-08 04:00:00,BF.BLW.FAN01,bf_sinter_fan_blower,1.8394,20.784,58.0481,2.3807,67.6271,0,BF.BLW.FAN01::E00,train
2025-02-08 05:00:00,BF.BLW.FAN01,bf_sinter_fan_blower,1.8607,24.1281,58.2428,2.2429,67.1778,0,BF.BLW.FAN01::E00,train
2025-02-08 06:00:00,BF.BLW.FAN01,bf_sinter_fan_blower,1.7046,24.2337,56.9278,2.1701,65.8366,0,BF.BLW.FAN01::E00,train
2025-02-08 07:00:00,BF.BLW.FAN01,bf_sinter_fan_blower,1.7025,25.5541,57.6881,2.2389,65.5729,0,BF.BLW.FAN01::E00,train
2025-02-08 08:00:00,BF.BLW.FAN01,bf_sinter_fan_blower,1.5408,27.2478,56.8564,2.3655,65.3289,0,BF.BLW.FAN01::E00,train
2025-02-08 09:00:00,BF.BLW.FAN01,bf_sinter_fan_blower,1.5282,30.0049,57.7473,2.4732,65.5661,0,BF.BLW.FAN01::E00,train
2025-02-08 10:00:00,BF.BLW.FAN01,bf_sinter_fan_blower,1.4488,32.2845,57.6236,2.4709,64.2637,0,BF.BLW.FAN01::E00,train
2025-02-08 11:00:00,BF.BLW.FAN01,bf_sinter_fan_blower,1.5209,33.6668,58.5921,2.4077,63.5631,0,BF.BLW.FAN01::E00,train
2025-02-08 12:00:00,BF.BLW.FAN01,bf_sinter_fan_blower,1.4121,36.4722,56.9005,2.4917,63.8546,0,BF.BLW.FAN01::E00,train
2025-02-08 13:00:00,BF.BLW.FAN01,bf_sinter_fan_blower,1.522,37.9813,56.11,2.4492,63.7032,0,BF.BLW.FAN01::E00,train
2025-02-08 14:00:00,BF.BLW.FAN01,bf_sinter_fan_blower,2.0007,36.7737,55.9251,2.4244,63.0135,0,BF.BLW.FAN01::E00,train
2025-02-08 15:00:00,BF.BLW.FAN01,bf_sinter_fan_blower,2.5294,36.5822,54.8629,2.5318,63.7689,0,BF.BLW.FAN01::E00,train
2025-02-08 16:00:00,BF.BLW.FAN01,bf_sinter_fan_blower,3.1612,38.7149,54.4031,2.5656,63.8254,0,BF.BLW.FAN01::E00,train
2025-02-08 17:00:00,BF.BLW.FAN01,bf_sinter_fan_blower,3.638,39.7343,55.3551,2.3506,62.9953,0,BF.BLW.FAN01::E00,train
2025-02-08 18:00:00,BF.BLW.FAN01,bf_sinter_fan_blower,3.6737,43.1233,53.84,2.328,62.2295,0,BF.BLW.FAN01::E00,train
2025-02-08 19:00:00,BF.BLW.FAN01,bf_sinter_fan_blower,3.6392,45.9599,54.7459,2.2876,61.9521,0,BF.BLW.FAN01::E00,train
2025-02-08 20:00:00,BF.BLW.FAN01,bf_sinter_fan_blower,3.1889,45.5422,55.6457,2.3013,60.9543,0,BF.BLW.FAN01::E00,train
2025-02-08 21:00:00,BF.BLW.FAN01,bf_sinter_fan_blower,2.5545,42.3464,56.7961,2.2453,59.6378,0,BF.BLW.FAN01::E00,train
2025-02-08 22:00:00,BF.BLW.FAN01,bf_sinter_fan_blower,2.0503,43.9524,57.1636,2.2054,60.4137,0,BF.BLW.FAN01::E00,train
2025-02-08 23:00:00,BF.BLW.FAN01,bf_sinter_fan_blower,1.6315,45.9107,58.2824,2.5252,60.8192,0,BF.BLW.FAN01::E00,train
2025-02-09 00:00:00,BF.BLW.FAN01,bf_sinter_fan_blower,1.3595,44.3043,57.7772,2.3256,60.3193,0,BF.BLW.FAN01::E00,train
2025-02-09 01:00:00,BF.BLW.FAN01,bf_sinter_fan_blower,1.5096,41.2534,57.8035,2.2992,62.1347,0,BF.BLW.FAN01::E00,train
2025-02-09 02:00:00,BF.BLW.FAN01,bf_sinter_fan_blower,1.5843,39.1213,58.7563,2.1599,62.5783,0,BF.BLW.FAN01::E00,train
2025-02-09 03:00:00,BF.BLW.FAN01,bf_sinter_fan_blower,1.6099,34.715,59.6382,2.2859,62.0824,0,BF.BLW.FAN01::E00,train
2025-02-09 04:00:00,BF.BLW.FAN01,bf_sinter_fan_blower,1.7098,33.3228,61.1337,2.2571,62.2241,0,BF.BLW.FAN01::E00,train
2025-02-09 05:00:00,BF.BLW.FAN01,bf_sinter_fan_blower,1.7175,30.0558,60.1129,2.2496,62.1606,0,BF.BLW.FAN01::E00,train
2025-02-09 06:00:00,BF.BLW.FAN01,bf_sinter_fan_blower,1.8089,32.3966,60.3193,2.4491,64.064,0,BF.BLW.FAN01::E00,train
2025-02-09 07:00:00,BF.BLW.FAN01,bf_sinter_fan_blower,1.7399,36.6775,60.3105,2.6509,63.5908,0,BF.BLW.FAN01::E00,train
2025-02-09 08:00:00,BF.BLW.FAN01,bf_sinter_fan_blower,1.8888,41.2096,61.4351,2.627,64.6745,0,BF.BLW.FAN01::E00,train
2025-02-09 09:00:00,BF.BLW.FAN01,bf_sinter_fan_blower,1.8972,39.506,60.7617,2.3624,64.0512,0,BF.BLW.FAN01::E00,train
2025-02-09 10:00:00,BF.BLW.FAN01,bf_sinter_fan_blower,1.8576,43.0731,60.3,2.3915,63.4703,0,BF.BLW.FAN01::E00,train
2025-02-09 11:00:00,BF.BLW.FAN01,bf_sinter_fan_blower,1.8259,42.8784,59.8843,2.111,62.4455,0,BF.BLW.FAN01::E00,train
2025-02-09 12:00:00,BF.BLW.FAN01,bf_sinter_fan_blower,1.8325,41.1034,60.4415,2.0988,62.2594,0,BF.BLW.FAN01::E00,train
2025-02-09 13:00:00,BF.BLW.FAN01,bf_sinter_fan_blower,1.9011,39.4999,61.0605,1.9774,61.5883,0,BF.BLW.FAN01::E00,train
2025-02-09 14:00:00,BF.BLW.FAN01,bf_sinter_fan_blower,2.0286,40.2428,61.0435,1.7012,61.1173,0,BF.BLW.FAN01::E00,train
2025-02-09 15:00:00,BF.BLW.FAN01,bf_sinter_fan_blower,2.0158,37.2488,61.3427,1.801,60.8202,0,BF.BLW.FAN01::E00,train
2025-02-09 16:00:00,BF.BLW.FAN01,bf_sinter_fan_blower,1.9866,33.7393,60.858,1.7903,60.4548,0,BF.BLW.FAN01::E00,train
2025-02-09 17:00:00,BF.BLW.FAN01,bf_sinter_fan_blower,1.9929,35.2548,60.696,1.8413,60.8665,0,BF.BLW.FAN01::E00,train
2025-02-09 18:00:00,BF.BLW.FAN01,bf_sinter_fan_blower,1.9938,37.6905,60.5491,2.0032,60.8118,0,BF.BLW.FAN01::E00,train
2025-02-09 19:00:00,BF.BLW.FAN01,bf_sinter_fan_blower,1.9712,39.6731,59.645,2.0009,61.0287,0,BF.BLW.FAN01::E00,train
2025-02-09 20:00:00,BF.BLW.FAN01,bf_sinter_fan_blower,1.9428,37.9497,59.2833,2.0886,60.4089,0,BF.BLW.FAN01::E00,train
2025-02-09 21:00:00,BF.BLW.FAN01,bf_sinter_fan_blower,1.6332,35.812,56.7202,6.4323,60.4896,0,BF.BLW.FAN01::E00,train
2025-02-09 22:00:00,BF.BLW.FAN01,bf_sinter_fan_blower,1.6305,34.1534,56.1418,2.2447,60.902,0,BF.BLW.FAN01::E00,train
2025-02-09 23:00:00,BF.BLW.FAN01,bf_sinter_fan_blower,1.6515,34.9464,56.5699,2.25,60.8388,0,BF.BLW.FAN01::E00,train
2025-02-10 00:00:00,BF.BLW.FAN01,bf_sinter_fan_blower,1.6695,31.3689,56.7778,2.1253,61.8481,0,BF.BLW.FAN01::E00,train
2025-02-10 01:00:00,BF.BLW.FAN01,bf_sinter_fan_blower,1.6231,27.6619,56.5189,2.1289,62.432,0,BF.BLW.FAN01::E00,train
2025-02-10 02:00:00,BF.BLW.FAN01,bf_sinter_fan_blower,1.6,27.6778,57.5897,2.3082,62.6502,0,BF.BLW.FAN01::E00,train
2025-02-10 03:00:00,BF.BLW.FAN01,bf_sinter_fan_blower,1.5366,29.3346,57.1175,2.3969,63.4636,0,BF.BLW.FAN01::E00,train
2025-02-10 04:00:00,BF.BLW.FAN01,bf_sinter_fan_blower,1.5231,35.1408,57.3604,2.1814,63.56,0,BF.BLW.FAN01::E00,train
2025-02-10 05:00:00,BF.BLW.FAN01,bf_sinter_fan_blower,1.392,33.2859,57.1977,2.3431,62.2937,0,BF.BLW.FAN01::E00,train
2025-02-10 06:00:00,BF.BLW.FAN01,bf_sinter_fan_blower,1.4339,33.925,56.9049,2.3551,62.6347,0,BF.BLW.FAN01::E00,train
2025-02-10 07:00:00,BF.BLW.FAN01,bf_sinter_fan_blower,1.4942,32.7227,56.2117,2.2686,63.1298,0,BF.BLW.FAN01::E00,train
2025-02-10 08:00:00,BF.BLW.FAN01,bf_sinter_fan_blower,1.4567,30.4307,56.6534,2.4898,62.626,0,BF.BLW.FAN01::E00,train
2025-02-10 09:00:00,BF.BLW.FAN01,bf_sinter_fan_blower,1.3499,33.2616,56.02,2.2992,61.1872,0,BF.BLW.FAN01::E00,train
2025-02-10 10:00:00,BF.BLW.FAN01,bf_sinter_fan_blower,1.3314,31.4597,55.141,2.36,60.552,0,BF.BLW.FAN01::E00,train
2025-02-10 11:00:00,BF.BLW.FAN01,bf_sinter_fan_blower,1.3188,33.5015,55.0301,2.3132,59.791,0,BF.BLW.FAN01::E00,train
2025-02-10 12:00:00,BF.BLW.FAN01,bf_sinter_fan_blower,1.2426,33.5944,54.809,2.3894,57.968,0,BF.BLW.FAN01::E00,train
2025-02-10 13:00:00,BF.BLW.FAN01,bf_sinter_fan_blower,1.1908,31.7505,53.8048,2.4102,57.7124,0,BF.BLW.FAN01::E00,train
2025-02-10 14:00:00,BF.BLW.FAN01,bf_sinter_fan_blower,1.121,29.2977,52.482,2.3736,57.3706,0,BF.BLW.FAN01::E00,train
2025-02-10 15:00:00,BF.BLW.FAN01,bf_sinter_fan_blower,1.1519,30.6546,53.0262,2.6126,57.281,0,BF.BLW.FAN01::E00,train
2025-02-10 16:00:00,BF.BLW.FAN01,bf_sinter_fan_blower,1.1571,34.7088,51.873,2.4691,56.2736,0,BF.BLW.FAN01::E00,train
2025-02-10 17:00:00,BF.BLW.FAN01,bf_sinter_fan_blower,1.1784,34.5981,52.5952,2.4202,55.0028,0,BF.BLW.FAN01::E00,train
2025-02-10 18:00:00,BF.BLW.FAN01,bf_sinter_fan_blower,1.1532,29.2313,51.9719,2.4386,54.3923,0,BF.BLW.FAN01::E00,train
2025-02-10 19:00:00,BF.BLW.FAN01,bf_sinter_fan_blower,1.2753,33.0092,52.0715,2.3987,55.0091,0,BF.BLW.FAN01::E00,train
2025-02-10 20:00:00,BF.BLW.FAN01,bf_sinter_fan_blower,1.2932,32.036,51.5552,2.4262,55.5463,0,BF.BLW.FAN01::E00,train
2025-02-10 21:00:00,BF.BLW.FAN01,bf_sinter_fan_blower,1.3237,32.598,52.1057,2.6356,55.1444,0,BF.BLW.FAN01::E00,train
2025-02-10 22:00:00,BF.BLW.FAN01,bf_sinter_fan_blower,1.2097,29.092,52.2934,2.6987,54.5895,0,BF.BLW.FAN01::E00,train
2025-02-10 23:00:00,BF.BLW.FAN01,bf_sinter_fan_blower,1.1897,26.2766,52.1671,3.048,55.1836,0,BF.BLW.FAN01::E00,train
2025-02-11 00:00:00,BF.BLW.FAN01,bf_sinter_fan_blower,1.3785,24.6127,53.2734,2.849,56.5869,0,BF.BLW.FAN01::E00,train
2025-02-11 01:00:00,BF.BLW.FAN01,bf_sinter_fan_blower,1.3912,24.7596,54.1531,2.7854,57.1172,0,BF.BLW.FAN01::E00,train
2025-02-11 02:00:00,BF.BLW.FAN01,bf_sinter_fan_blower,1.3475,26.1749,53.9601,2.8147,56.8681,0,BF.BLW.FAN01::E00,train
2025-02-11 03:00:00,BF.BLW.FAN01,bf_sinter_fan_blower,1.4807,26.2784,55.3016,2.7835,57.5163,0,BF.BLW.FAN01::E00,train
2025-02-11 04:00:00,BF.BLW.FAN01,bf_sinter_fan_blower,1.5018,25.7356,56.7035,2.7628,58.0467,0,BF.BLW.FAN01::E00,train
2025-02-11 05:00:00,BF.BLW.FAN01,bf_sinter_fan_blower,1.4837,28.263,55.6265,2.7766,59.1896,0,BF.BLW.FAN01::E00,train
2025-02-11 06:00:00,BF.BLW.FAN01,bf_sinter_fan_blower,1.4192,24.7438,54.6391,2.5629,59.0746,0,BF.BLW.FAN01::E00,train
2025-02-11 07:00:00,BF.BLW.FAN01,bf_sinter_fan_blower,1.5032,23.93,55.3738,2.5811,59.1754,0,BF.BLW.FAN01::E00,train
2025-02-11 08:00:00,BF.BLW.FAN01,bf_sinter_fan_blower,1.4412,25.109,55.3731,2.7008,58.1756,0,BF.BLW.FAN01::E00,train
2025-02-11 09:00:00,BF.BLW.FAN01,bf_sinter_fan_blower,1.5299,24.0081,55.44,2.7874,57.9781,0,BF.BLW.FAN01::E00,train
2025-02-11 10:00:00,BF.BLW.FAN01,bf_sinter_fan_blower,1.6109,32.6633,56.5231,2.6324,57.3212,0,BF.BLW.FAN01::E00,train
2025-02-11 11:00:00,BF.BLW.FAN01,bf_sinter_fan_blower,1.6448,32.5386,56.274,2.4889,56.3322,0,BF.BLW.FAN01::E00,train
2025-02-11 12:00:00,BF.BLW.FAN01,bf_sinter_fan_blower,1.5031,31.1214,55.1232,2.6857,55.6009,0,BF.BLW.FAN01::E00,train
2025-02-11 13:00:00,BF.BLW.FAN01,bf_sinter_fan_blower,1.4908,28.1133,55.3126,2.9533,55.0878,0,BF.BLW.FAN01::E00,train
2025-02-11 14:00:00,BF.BLW.FAN01,bf_sinter_fan_blower,1.4263,25.7547,54.9453,3.1147,54.6955,0,BF.BLW.FAN01::E00,train
2025-02-11 15:00:00,BF.BLW.FAN01,bf_sinter_fan_blower,1.4647,20.7367,54.3393,2.9551,54.3469,0,BF.BLW.FAN01::E00,train
2025-02-11 16:00:00,BF.BLW.FAN01,bf_sinter_fan_blower,1.4457,20.7018,55.2211,2.9177,53.8501,0,BF.BLW.FAN01::E00,train
2025-02-11 17:00:00,BF.BLW.FAN01,bf_sinter_fan_blower,1.451,18.9744,54.3946,2.9564,53.4204,0,BF.BLW.FAN01::E00,train
2025-02-11 18:00:00,BF.BLW.FAN01,bf_sinter_fan_blower,1.4219,16.601,54.3005,3.0525,53.7598,0,BF.BLW.FAN01::E00,train
2025-02-11 19:00:00,BF.BLW.FAN01,bf_sinter_fan_blower,1.391,14.0467,54.5392,3.0993,54.2917,0,BF.BLW.FAN01::E00,train
2025-02-11 20:00:00,BF.BLW.FAN01,bf_sinter_fan_blower,1.4257,17.1716,55.2485,3.2753,54.0814,0,BF.BLW.FAN01::E00,train
2025-02-11 21:00:00,BF.BLW.FAN01,bf_sinter_fan_blower,1.3303,15.4982,54.8417,3.3103,54.7429,0,BF.BLW.FAN01::E00,train
2025-02-11 22:00:00,BF.BLW.FAN01,bf_sinter_fan_blower,1.2604,15.3797,56.1054,3.35,54.82,0,BF.BLW.FAN01::E00,train
2025-02-11 23:00:00,BF.BLW.FAN01,bf_sinter_fan_blower,1.1677,18.707,54.8095,3.488,55.2385,0,BF.BLW.FAN01::E00,train
2025-02-12 00:00:00,BF.BLW.FAN01,bf_sinter_fan_blower,1.2399,23.2908,55.4765,3.2752,55.227,0,BF.BLW.FAN01::E00,train
2025-02-12 01:00:00,BF.BLW.FAN01,bf_sinter_fan_blower,1.2978,25.404,56.3414,3.155,55.7777,0,BF.BLW.FAN01::E00,train
2025-02-12 02:00:00,BF.BLW.FAN01,bf_sinter_fan_blower,1.2535,25.791,55.7906,3.2526,57.1273,0,BF.BLW.FAN01::E00,train
2025-02-12 03:00:00,BF.BLW.FAN01,bf_sinter_fan_blower,1.2906,24.9441,55.1063,3.1703,57.1021,0,BF.BLW.FAN01::E00,train
2025-02-12 04:00:00,BF.BLW.FAN01,bf_sinter_fan_blower,1.4263,27.8183,55.0673,3.1818,57.9299,0,BF.BLW.FAN01::E00,train
2025-02-12 05:00:00,BF.BLW.FAN01,bf_sinter_fan_blower,1.4979,27.8953,55.4184,3.1355,57.8563,0,BF.BLW.FAN01::E00,train
2025-02-12 06:00:00,BF.BLW.FAN01,bf_sinter_fan_blower,1.5414,27.976,55.7482,3.0445,57.6356,0,BF.BLW.FAN01::E00,train
2025-02-12 07:00:00,BF.BLW.FAN01,bf_sinter_fan_blower,1.6212,26.5282,55.6382,3.0887,58.871,0,BF.BLW.FAN01::E00,train
2025-02-12 08:00:00,BF.BLW.FAN01,bf_sinter_fan_blower,1.7703,29.1907,56.2399,2.9792,59.0447,0,BF.BLW.FAN01::E00,train
2025-02-12 09:00:00,BF.BLW.FAN01,bf_sinter_fan_blower,1.8397,24.1456,56.6412,2.8407,59.7767,0,BF.BLW.FAN01::E00,train
2025-02-12 10:00:00,BF.BLW.FAN01,bf_sinter_fan_blower,1.7509,22.8026,55.3289,3.0721,59.8523,0,BF.BLW.FAN01::E00,train
2025-02-12 11:00:00,BF.BLW.FAN01,bf_sinter_fan_blower,1.8316,23.9565,55.0987,2.9765,60.3631,0,BF.BLW.FAN01::E00,train
2025-02-12 12:00:00,BF.BLW.FAN01,bf_sinter_fan_blower,1.7833,24.1857,54.4961,2.892,60.1686,0,BF.BLW.FAN01::E00,train
2025-02-12 13:00:00,BF.BLW.FAN01,bf_sinter_fan_blower,1.8671,24.2373,55.3599,2.9635,59.5744,0,BF.BLW.FAN01::E00,train
2025-02-12 14:00:00,BF.BLW.FAN01,bf_sinter_fan_blower,1.7966,25.6602,54.5651,3.0921,58.7602,0,BF.BLW.FAN01::E00,train
2025-02-12 15:00:00,BF.BLW.FAN01,bf_sinter_fan_blower,1.7574,31.5561,54.0397,3.0762,58.101,0,BF.BLW.FAN01::E00,train
2025-02-12 16:00:00,BF.BLW.FAN01,bf_sinter_fan_blower,1.7383,29.3007,53.931,3.3391,58.2412,0,BF.BLW.FAN01::E00,train
2025-02-12 17:00:00,BF.BLW.FAN01,bf_sinter_fan_blower,1.7621,28.8524,54.8302,3.0654,58.0205,0,BF.BLW.FAN01::E00,train
2025-02-12 18:00:00,BF.BLW.FAN01,bf_sinter_fan_blower,1.8582,27.4953,54.7589,2.8664,58.3995,0,BF.BLW.FAN01::E00,train
2025-02-12 19:00:00,BF.BLW.FAN01,bf_sinter_fan_blower,1.9564,32.3468,54.8619,2.7546,58.7508,0,BF.BLW.FAN01::E00,train
2025-02-12 20:00:00,BF.BLW.FAN01,bf_sinter_fan_blower,1.8587,35.1246,54.6423,2.9038,58.94,0,BF.BLW.FAN01::E00,train
2025-02-12 21:00:00,BF.BLW.FAN01,bf_sinter_fan_blower,1.6839,30.6255,53.7481,2.8121,58.4614,0,BF.BLW.FAN01::E00,train
2025-02-12 22:00:00,BF.BLW.FAN01,bf_sinter_fan_blower,1.5054,26.8338,53.1877,2.7956,57.8016,0,BF.BLW.FAN01::E00,train
2025-02-12 23:00:00,BF.BLW.FAN01,bf_sinter_fan_blower,1.4977,31.3477,52.3762,2.6405,58.3495,0,BF.BLW.FAN01::E00,train
2025-02-13 00:00:00,BF.BLW.FAN01,bf_sinter_fan_blower,1.4048,29.8445,53.1491,2.5261,57.9926,0,BF.BLW.FAN01::E00,train
2025-02-13 01:00:00,BF.BLW.FAN01,bf_sinter_fan_blower,1.3244,28.566,52.4718,2.6499,57.6697,0,BF.BLW.FAN01::E00,train
2025-02-13 02:00:00,BF.BLW.FAN01,bf_sinter_fan_blower,1.2957,31.0548,52.157,2.7508,58.4446,0,BF.BLW.FAN01::E00,train
2025-02-13 03:00:00,BF.BLW.FAN01,bf_sinter_fan_blower,1.3789,33.588,53.0559,2.8383,59.6624,0,BF.BLW.FAN01::E00,train
2025-02-13 04:00:00,BF.BLW.FAN01,bf_sinter_fan_blower,1.4838,30.6141,53.9291,2.9322,60.5195,0,BF.BLW.FAN01::E00,train
2025-02-13 05:00:00,BF.BLW.FAN01,bf_sinter_fan_blower,1.4781,34.9193,53.5282,2.6793,60.1237,0,BF.BLW.FAN01::E00,train
2025-02-13 06:00:00,BF.BLW.FAN01,bf_sinter_fan_blower,1.4959,37.6919,53.5524,2.6089,61.2914,0,BF.BLW.FAN01::E00,train
2025-02-13 07:00:00,BF.BLW.FAN01,bf_sinter_fan_blower,1.625,36.1978,54.0922,2.3906,61.6304,0,BF.BLW.FAN01::E00,train
2025-02-13 08:00:00,BF.BLW.FAN01,bf_sinter_fan_blower,1.6975,37.2736,54.4312,2.3436,61.7718,0,BF.BLW.FAN01::E00,train
2025-02-13 09:00:00,BF.BLW.FAN01,bf_sinter_fan_blower,1.6605,33.8767,53.6822,2.4548,61.8364,0,BF.BLW.FAN01::E00,train
2025-02-13 10:00:00,BF.BLW.FAN01,bf_sinter_fan_blower,1.6814,32.1738,53.6239,2.3255,61.8664,0,BF.BLW.FAN01::E00,train
2025-02-13 11:00:00,BF.BLW.FAN01,bf_sinter_fan_blower,1.5518,33.5442,52.8222,2.3167,61.1698,0,BF.BLW.FAN01::E00,train
2025-02-13 12:00:00,BF.BLW.FAN01,bf_sinter_fan_blower,1.6014,31.6541,52.6784,2.194,62.1467,0,BF.BLW.FAN01::E00,train
2025-02-13 13:00:00,BF.BLW.FAN01,bf_sinter_fan_blower,1.5439,34.7137,51.6331,2.3195,61.2594,0,BF.BLW.FAN01::E00,train
2025-02-13 14:00:00,BF.BLW.FAN01,bf_sinter_fan_blower,1.5501,33.843,51.5018,2.4417,61.3469,0,BF.BLW.FAN01::E00,train
2025-02-13 15:00:00,BF.BLW.FAN01,bf_sinter_fan_blower,1.5488,30.5568,52.5318,2.5689,60.6132,0,BF.BLW.FAN01::E00,train
2025-02-13 16:00:00,BF.BLW.FAN01,bf_sinter_fan_blower,1.6264,35.1768,52.6108,2.6075,60.2355,0,BF.BLW.FAN01::E00,train
2025-02-13 17:00:00,BF.BLW.FAN01,bf_sinter_fan_blower,1.618,35.6716,51.8143,2.6629,59.5493,0,BF.BLW.FAN01::E00,train
2025-02-13 18:00:00,BF.BLW.FAN01,bf_sinter_fan_blower,1.4015,35.8958,51.4271,2.9911,57.8871,0,BF.BLW.FAN01::E00,train
2025-02-13 19:00:00,BF.BLW.FAN01,bf_sinter_fan_blower,1.3947,38.0414,51.5369,2.7997,57.2091,0,BF.BLW.FAN01::E00,train
2025-02-13 20:00:00,BF.BLW.FAN01,bf_sinter_fan_blower,1.3617,37.8653,50.854,2.745,57.1662,0,BF.BLW.FAN01::E00,train
2025-02-13 21:00:00,BF.BLW.FAN01,bf_sinter_fan_blower,1.4965,36.0564,50.9347,2.8346,57.7214,0,BF.BLW.FAN01::E00,train
2025-02-13 22:00:00,BF.BLW.FAN01,bf_sinter_fan_blower,1.4019,39.7596,50.3696,3.0711,57.8081,0,BF.BLW.FAN01::E00,train
2025-02-13 23:00:00,BF.BLW.FAN01,bf_sinter_fan_blower,1.4641,38.3427,51.3434,3.0571,59.6486,0,BF.BLW.FAN01::E00,train
2025-02-14 00:00:00,BF.BLW.FAN01,bf_sinter_fan_blower,1.4343,36.0168,51.6995,3.0414,58.4271,0,BF.BLW.FAN01::E00,train
2025-02-14 01:00:00,BF.BLW.FAN01,bf_sinter_fan_blower,1.5045,31.3845,52.1366,2.9901,59.1993,0,BF.BLW.FAN01::E00,train
2025-02-14 02:00:00,BF.BLW.FAN01,bf_sinter_fan_blower,1.6666,28.7271,52.1174,2.8466,60.5767,0,BF.BLW.FAN01::E00,train
2025-02-14 03:00:00,BF.BLW.FAN01,bf_sinter_fan_blower,1.5928,25.708,53.6819,2.9477,60.2601,0,BF.BLW.FAN01::E00,train
2025-02-14 04:00:00,BF.BLW.FAN01,bf_sinter_fan_blower,1.641,25.3311,54.3851,3.0022,60.7434,0,BF.BLW.FAN01::E00,train
2025-02-14 05:00:00,BF.BLW.FAN01,bf_sinter_fan_blower,1.6397,27.4187,54.5603,2.9939,60.8978,0,BF.BLW.FAN01::E00,train
2025-02-14 06:00:00,BF.BLW.FAN01,bf_sinter_fan_blower,1.5316,27.5941,54.0241,2.9449,60.026,0,BF.BLW.FAN01::E00,train
2025-02-14 07:00:00,BF.BLW.FAN01,bf_sinter_fan_blower,1.4186,27.5503,53.4759,2.9687,60.0016,0,BF.BLW.FAN01::E00,train
2025-02-14 08:00:00,BF.BLW.FAN01,bf_sinter_fan_blower,1.4987,28.6548,53.8396,3.0993,61.7611,0,BF.BLW.FAN01::E00,train
2025-02-14 09:00:00,BF.BLW.FAN01,bf_sinter_fan_blower,1.5105,31.4491,54.0707,3.1747,62.368,0,BF.BLW.FAN01::E00,train
2025-02-14 10:00:00,BF.BLW.FAN01,bf_sinter_fan_blower,1.4817,26.5566,54.1396,3.0765,62.3812,0,BF.BLW.FAN01::E00,train
2025-02-14 11:00:00,BF.BLW.FAN01,bf_sinter_fan_blower,1.5356,26.2149,54.6552,3.1752,61.9635,0,BF.BLW.FAN01::E00,train
2025-02-14 12:00:00,BF.BLW.FAN01,bf_sinter_fan_blower,1.4702,27.2477,54.5809,3.1175,60.6065,0,BF.BLW.FAN01::E00,train
2025-02-14 13:00:00,BF.BLW.FAN01,bf_sinter_fan_blower,1.5229,26.6462,54.5127,3.0797,60.3089,0,BF.BLW.FAN01::E00,train
2025-02-14 14:00:00,BF.BLW.FAN01,bf_sinter_fan_blower,1.5672,22.9594,54.4464,3.1062,60.1671,0,BF.BLW.FAN01::E00,train
2025-02-14 15:00:00,BF.BLW.FAN01,bf_sinter_fan_blower,1.5711,26.102,54.349,2.9815,60.0262,0,BF.BLW.FAN01::E00,train
2025-02-14 16:00:00,BF.BLW.FAN01,bf_sinter_fan_blower,1.4982,28.1946,54.8471,3.0346,58.7358,0,BF.BLW.FAN01::E00,train
2025-02-14 17:00:00,BF.BLW.FAN01,bf_sinter_fan_blower,1.499,26.0023,55.4715,3.0732,58.5334,0,BF.BLW.FAN01::E00,train
2025-02-14 18:00:00,BF.BLW.FAN01,bf_sinter_fan_blower,1.4225,26.8376,54.8418,3.0779,57.7068,0,BF.BLW.FAN01::E00,train
2025-02-14 19:00:00,BF.BLW.FAN01,bf_sinter_fan_blower,1.3864,29.5618,55.0485,3.1985,56.9658,0,BF.BLW.FAN01::E00,train
2025-02-14 20:00:00,BF.BLW.FAN01,bf_sinter_fan_blower,1.3917,28.6455,55.8845,2.9579,56.4282,0,BF.BLW.FAN01::E00,train
2025-02-14 21:00:00,BF.BLW.FAN01,bf_sinter_fan_blower,1.3326,29.9524,56.1344,2.8695,56.3454,0,BF.BLW.FAN01::E00,train
2025-02-14 22:00:00,BF.BLW.FAN01,bf_sinter_fan_blower,1.41,31.6225,55.7557,2.8722,58.0205,0,BF.BLW.FAN01::E00,train
2025-02-14 23:00:00,BF.BLW.FAN01,bf_sinter_fan_blower,1.5153,34.3793,56.4629,2.8754,58.4155,0,BF.BLW.FAN01::E00,train
2025-02-15 00:00:00,BF.BLW.FAN01,bf_sinter_fan_blower,1.4874,32.2062,57.8891,2.8096,58.1617,0,BF.BLW.FAN01::E00,train
2025-02-15 01:00:00,BF.BLW.FAN01,bf_sinter_fan_blower,1.5356,30.0695,58.0865,2.629,58.3201,0,BF.BLW.FAN01::E00,train
2025-02-15 02:00:00,BF.BLW.FAN01,bf_sinter_fan_blower,1.5469,29.6539,58.1749,2.7507,58.5585,0,BF.BLW.FAN01::E00,train
2025-02-15 03:00:00,BF.BLW.FAN01,bf_sinter_fan_blower,1.5598,29.9903,58.3355,2.7882,59.1994,0,BF.BLW.FAN01::E00,train
2025-02-15 04:00:00,BF.BLW.FAN01,bf_sinter_fan_blower,1.5155,30.0304,58.1674,2.6406,58.8567,0,BF.BLW.FAN01::E00,train
2025-02-15 05:00:00,BF.BLW.FAN01,bf_sinter_fan_blower,1.4339,26.3695,58.2373,2.61,57.5342,0,BF.BLW.FAN01::E00,train
2025-02-15 06:00:00,BF.BLW.FAN01,bf_sinter_fan_blower,1.6354,25.6612,59.1312,2.5012,57.6752,0,BF.BLW.FAN01::E00,train
2025-02-15 07:00:00,BF.BLW.FAN01,bf_sinter_fan_blower,1.671,25.1265,58.4438,2.4278,58.6616,0,BF.BLW.FAN01::E00,train
2025-02-15 08:00:00,BF.BLW.FAN01,bf_sinter_fan_blower,1.7754,32.044,59.0655,2.4318,58.6609,0,BF.BLW.FAN01::E00,train
2025-02-15 09:00:00,BF.BLW.FAN01,bf_sinter_fan_blower,1.8125,30.1192,59.5574,2.2599,58.7271,0,BF.BLW.FAN01::E00,train
2025-02-15 10:00:00,BF.BLW.FAN01,bf_sinter_fan_blower,1.802,34.1875,59.7005,2.2172,58.1997,0,BF.BLW.FAN01::E00,train
2025-02-15 11:00:00,BF.BLW.FAN01,bf_sinter_fan_blower,1.6659,30.2061,59.3681,2.3675,57.3644,0,BF.BLW.FAN01::E00,train
2025-02-15 12:00:00,BF.BLW.FAN01,bf_sinter_fan_blower,1.6514,32.9417,58.8365,2.4652,57.6608,0,BF.BLW.FAN01::E00,train
2025-02-15 13:00:00,BF.BLW.FAN01,bf_sinter_fan_blower,1.656,27.7446,58.6493,2.343,55.8071,0,BF.BLW.FAN01::E00,train
2025-02-15 14:00:00,BF.BLW.FAN01,bf_sinter_fan_blower,1.6353,29.6642,58.4272,2.5097,55.3021,0,BF.BLW.FAN01::E00,train
2025-02-15 15:00:00,BF.BLW.FAN01,bf_sinter_fan_blower,1.5957,32.5481,58.466,2.7807,55.2587,0,BF.BLW.FAN01::E00,train
2025-02-15 16:00:00,BF.BLW.FAN01,bf_sinter_fan_blower,1.4504,30.3738,57.6805,2.6465,55.2204,0,BF.BLW.FAN01::E00,train
2025-02-15 17:00:00,BF.BLW.FAN01,bf_sinter_fan_blower,1.4391,30.3705,57.1967,2.8225,55.3074,0,BF.BLW.FAN01::E00,train
2025-02-15 18:00:00,BF.BLW.FAN01,bf_sinter_fan_blower,1.5119,30.6018,56.7448,2.6683,55.412,0,BF.BLW.FAN01::E00,train
2025-02-15 19:00:00,BF.BLW.FAN01,bf_sinter_fan_blower,1.6153,28.0564,56.6752,2.5829,55.871,0,BF.BLW.FAN01::E00,train
2025-02-15 20:00:00,BF.BLW.FAN01,bf_sinter_fan_blower,1.706,28.4854,57.5799,2.6703,56.0018,0,BF.BLW.FAN01::E00,train
2025-02-15 21:00:00,BF.BLW.FAN01,bf_sinter_fan_blower,1.8265,32.604,58.0524,2.5917,55.9395,0,BF.BLW.FAN01::E00,train
2025-02-15 22:00:00,BF.BLW.FAN01,bf_sinter_fan_blower,1.724,32.4143,57.8834,2.7406,55.3619,0,BF.BLW.FAN01::E00,train
2025-02-15 23:00:00,BF.BLW.FAN01,bf_sinter_fan_blower,1.769,25.406,58.5155,2.7898,55.8146,0,BF.BLW.FAN01::E00,train
2025-02-16 00:00:00,BF.BLW.FAN01,bf_sinter_fan_blower,1.8308,26.9777,60.1519,2.7762,55.3592,0,BF.BLW.FAN01::E00,train
2025-02-16 01:00:00,BF.BLW.FAN01,bf_sinter_fan_blower,1.6627,25.6659,58.8821,2.7681,55.1623,0,BF.BLW.FAN01::E00,train
2025-02-16 02:00:00,BF.BLW.FAN01,bf_sinter_fan_blower,1.6211,23.1876,59.0745,2.7859,54.7778,0,BF.BLW.FAN01::E00,train
2025-02-16 03:00:00,BF.BLW.FAN01,bf_sinter_fan_blower,1.6031,18.8583,59.3956,2.7771,54.9711,0,BF.BLW.FAN01::E00,train
2025-02-16 04:00:00,BF.BLW.FAN01,bf_sinter_fan_blower,1.518,19.1658,58.7285,2.7918,54.6452,0,BF.BLW.FAN01::E00,train
2025-02-16 05:00:00,BF.BLW.FAN01,bf_sinter_fan_blower,1.6321,16.8539,58.6194,2.8026,55.5209,0,BF.BLW.FAN01::E00,train
2025-02-16 06:00:00,BF.BLW.FAN01,bf_sinter_fan_blower,1.5984,19.6808,58.3563,2.7338,55.4273,0,BF.BLW.FAN01::E00,train
2025-02-16 07:00:00,BF.BLW.FAN01,bf_sinter_fan_blower,1.6066,20.1199,57.2295,2.6558,54.7708,0,BF.BLW.FAN01::E00,train
2025-02-16 08:00:00,BF.BLW.FAN01,bf_sinter_fan_blower,1.6689,20.2005,58.1768,2.7347,54.8281,0,BF.BLW.FAN01::E00,train
2025-02-16 09:00:00,BF.BLW.FAN01,bf_sinter_fan_blower,1.7962,18.4693,58.7174,2.6077,55.1373,0,BF.BLW.FAN01::E00,train
2025-02-16 10:00:00,BF.BLW.FAN01,bf_sinter_fan_blower,1.8383,19.3041,58.6069,2.7551,55.8661,0,BF.BLW.FAN01::E00,train
2025-02-16 11:00:00,BF.BLW.FAN01,bf_sinter_fan_blower,1.8139,22.2857,58.4134,2.8611,55.8985,0,BF.BLW.FAN01::E00,train
2025-02-16 12:00:00,BF.BLW.FAN01,bf_sinter_fan_blower,1.852,22.8983,58.4177,2.6662,55.5478,0,BF.BLW.FAN01::E00,train
2025-02-16 13:00:00,BF.BLW.FAN01,bf_sinter_fan_blower,1.8385,26.313,57.7471,2.8409,55.8089,0,BF.BLW.FAN01::E00,train
2025-02-16 14:00:00,BF.BLW.FAN01,bf_sinter_fan_blower,1.8354,30.8164,57.9559,2.724,55.1142,0,BF.BLW.FAN01::E00,train
2025-02-16 15:00:00,BF.BLW.FAN01,bf_sinter_fan_blower,1.8395,29.4571,57.2482,2.7554,55.9176,0,BF.BLW.FAN01::E00,train
2025-02-16 16:00:00,BF.BLW.FAN01,bf_sinter_fan_blower,1.7183,26.8506,55.8023,2.96,55.5739,0,BF.BLW.FAN01::E00,train
2025-02-16 17:00:00,BF.BLW.FAN01,bf_sinter_fan_blower,1.6016,26.4243,55.2901,3.0414,55.0029,0,BF.BLW.FAN01::E00,train
2025-02-16 18:00:00,BF.BLW.FAN01,bf_sinter_fan_blower,1.6503,30.4817,55.1821,2.9889,54.6967,0,BF.BLW.FAN01::E00,train
2025-02-16 19:00:00,BF.BLW.FAN01,bf_sinter_fan_blower,1.6219,32.5515,61.0351,2.9613,54.0682,0,BF.BLW.FAN01::E00,train
2025-02-16 20:00:00,BF.BLW.FAN01,bf_sinter_fan_blower,1.5027,30.8682,70.6238,2.9185,54.6437,0,BF.BLW.FAN01::E00,train
2025-02-16 21:00:00,BF.BLW.FAN01,bf_sinter_fan_blower,1.446,26.2434,70.4432,2.8567,55.7041,0,BF.BLW.FAN01::E00,train
2025-02-16 22:00:00,BF.BLW.FAN01,bf_sinter_fan_blower,1.4328,24.5377,59.9713,2.9763,55.3468,0,BF.BLW.FAN01::E00,train
2025-02-16 23:00:00,BF.BLW.FAN01,bf_sinter_fan_blower,1.4076,24.8634,53.2417,2.8664,55.2142,0,BF.BLW.FAN01::E00,train
2025-02-17 00:00:00,BF.BLW.FAN01,bf_sinter_fan_blower,1.3882,24.7334,52.6969,2.9815,55.6667,0,BF.BLW.FAN01::E00,train
2025-02-17 01:00:00,BF.BLW.FAN01,bf_sinter_fan_blower,1.4223,23.1859,53.2763,2.9368,56.0593,0,BF.BLW.FAN01::E00,train
2025-02-17 02:00:00,BF.BLW.FAN01,bf_sinter_fan_blower,1.4461,20.8612,53.7852,3.028,55.6553,0,BF.BLW.FAN01::E00,train
2025-02-17 03:00:00,BF.BLW.FAN01,bf_sinter_fan_blower,1.3644,20.5552,53.6615,3.1749,54.7428,0,BF.BLW.FAN01::E00,train
2025-02-17 04:00:00,BF.BLW.FAN01,bf_sinter_fan_blower,1.4077,21.9713,54.3549,3.1433,55.1168,0,BF.BLW.FAN01::E00,train
2025-02-17 05:00:00,BF.BLW.FAN01,bf_sinter_fan_blower,1.6071,24.7113,56.1318,3.0966,55.0909,0,BF.BLW.FAN01::E00,train
2025-02-17 06:00:00,BF.BLW.FAN01,bf_sinter_fan_blower,1.5802,24.9559,55.4762,3.1704,55.38,0,BF.BLW.FAN01::E00,train
2025-02-17 07:00:00,BF.BLW.FAN01,bf_sinter_fan_blower,1.4018,24.8777,54.673,3.1313,54.3623,0,BF.BLW.FAN01::E00,train
2025-02-17 08:00:00,BF.BLW.FAN01,bf_sinter_fan_blower,1.3906,30.0655,54.4417,3.2697,54.4887,0,BF.BLW.FAN01::E00,train
2025-02-17 09:00:00,BF.BLW.FAN01,bf_sinter_fan_blower,1.4434,29.9528,55.5642,3.1265,54.2334,0,BF.BLW.FAN01::E00,train
2025-02-17 10:00:00,BF.BLW.FAN01,bf_sinter_fan_blower,1.3243,28.9775,54.4145,3.0544,53.5907,0,BF.BLW.FAN01::E00,train
2025-02-17 11:00:00,BF.BLW.FAN01,bf_sinter_fan_blower,1.419,24.8079,54.1546,2.7821,53.1405,0,BF.BLW.FAN01::E00,train
2025-02-17 12:00:00,BF.BLW.FAN01,bf_sinter_fan_blower,1.6049,24.9277,54.6648,2.7497,53.8709,0,BF.BLW.FAN01::E00,train
2025-02-17 13:00:00,BF.BLW.FAN01,bf_sinter_fan_blower,1.5523,24.1109,53.8009,2.657,53.3218,0,BF.BLW.FAN01::E00,train
2025-02-17 14:00:00,BF.BLW.FAN01,bf_sinter_fan_blower,1.6163,24.2743,53.6036,2.6412,53.5933,0,BF.BLW.FAN01::E00,train
2025-02-17 15:00:00,BF.BLW.FAN01,bf_sinter_fan_blower,1.6554,22.2491,53.7392,2.8084,54.0102,0,BF.BLW.FAN01::E00,train
2025-02-17 16:00:00,BF.BLW.FAN01,bf_sinter_fan_blower,1.612,20.4768,53.5684,2.8897,53.7602,0,BF.BLW.FAN01::E00,train
2025-02-17 17:00:00,BF.BLW.FAN01,bf_sinter_fan_blower,1.6166,20.128,53.6216,2.8101,53.6972,0,BF.BLW.FAN01::E00,train
2025-02-17 18:00:00,BF.BLW.FAN01,bf_sinter_fan_blower,1.7013,20.1957,53.8422,2.7015,54.8305,0,BF.BLW.FAN01::E00,train
2025-02-17 19:00:00,BF.BLW.FAN01,bf_sinter_fan_blower,1.5405,21.1291,53.6036,2.7687,53.7407,0,BF.BLW.FAN01::E00,train
2025-02-17 20:00:00,BF.BLW.FAN01,bf_sinter_fan_blower,1.5297,20.7596,53.4559,2.8047,54.0781,0,BF.BLW.FAN01::E00,train
2025-02-17 21:00:00,BF.BLW.FAN01,bf_sinter_fan_blower,1.4271,22.1397,53.0706,2.8888,54.9078,0,BF.BLW.FAN01::E00,train
2025-02-17 22:00:00,BF.BLW.FAN01,bf_sinter_fan_blower,1.4903,20.5202,53.233,2.9006,55.6519,0,BF.BLW.FAN01::E00,train
2025-02-17 23:00:00,BF.BLW.FAN01,bf_sinter_fan_blower,1.4631,20.5678,53.0428,2.9794,55.2219,0,BF.BLW.FAN01::E00,train
2025-02-18 00:00:00,BF.BLW.FAN01,bf_sinter_fan_blower,1.4782,19.4805,52.9243,3.0675,56.6429,0,BF.BLW.FAN01::E00,train
2025-02-18 01:00:00,BF.BLW.FAN01,bf_sinter_fan_blower,1.5977,18.3437,54.0167,3.1706,57.4148,0,BF.BLW.FAN01::E00,train
2025-02-18 02:00:00,BF.BLW.FAN01,bf_sinter_fan_blower,1.5497,21.839,54.5019,3.3262,57.2639,0,BF.BLW.FAN01::E00,train
2025-02-18 03:00:00,BF.BLW.FAN01,bf_sinter_fan_blower,1.5645,25.2767,54.9602,3.2518,57.6574,0,BF.BLW.FAN01::E00,train
2025-02-18 04:00:00,BF.BLW.FAN01,bf_sinter_fan_blower,1.6763,22.0889,54.4647,3.2265,60.0065,0,BF.BLW.FAN01::E00,train
2025-02-18 05:00:00,BF.BLW.FAN01,bf_sinter_fan_blower,1.7779,26.273,55.2196,3.332,59.9796,0,BF.BLW.FAN01::E00,train
2025-02-18 06:00:00,BF.BLW.FAN01,bf_sinter_fan_blower,1.7257,28.1838,54.2218,3.3448,60.9918,0,BF.BLW.FAN01::E00,train
2025-02-18 07:00:00,BF.BLW.FAN01,bf_sinter_fan_blower,1.7004,27.1922,53.5501,3.2167,61.2074,0,BF.BLW.FAN01::E00,train
2025-02-18 08:00:00,BF.BLW.FAN01,bf_sinter_fan_blower,1.8019,23.2211,53.9602,3.0805,60.5128,0,BF.BLW.FAN01::E00,train
2025-02-18 09:00:00,BF.BLW.FAN01,bf_sinter_fan_blower,1.6916,27.3684,53.5036,3.0125,60.1434,0,BF.BLW.FAN01::E00,train
2025-02-18 10:00:00,BF.BLW.FAN01,bf_sinter_fan_blower,1.5763,31.0297,53.6762,2.9143,57.7906,0,BF.BLW.FAN01::E00,train
2025-02-18 11:00:00,BF.BLW.FAN01,bf_sinter_fan_blower,1.5931,31.5424,53.9702,2.8188,57.6442,0,BF.BLW.FAN01::E00,train
2025-02-18 12:00:00,BF.BLW.FAN01,bf_sinter_fan_blower,1.6799,28.7643,53.9364,2.7682,57.3877,0,BF.BLW.FAN01::E00,train
2025-02-18 13:00:00,BF.BLW.FAN01,bf_sinter_fan_blower,1.5939,30.4499,53.0839,2.6921,56.1688,0,BF.BLW.FAN01::E00,train
2025-02-18 14:00:00,BF.BLW.FAN01,bf_sinter_fan_blower,1.6368,31.2669,53.2285,2.7494,55.7114,0,BF.BLW.FAN01::E00,train
2025-02-18 15:00:00,BF.BLW.FAN01,bf_sinter_fan_blower,1.6093,36.2771,53.3122,2.8794,54.6253,0,BF.BLW.FAN01::E00,train
2025-02-18 16:00:00,BF.BLW.FAN01,bf_sinter_fan_blower,1.6321,34.8132,52.3858,2.6889,55.0015,0,BF.BLW.FAN01::E00,train
2025-02-18 17:00:00,BF.BLW.FAN01,bf_sinter_fan_blower,1.5686,32.357,52.3123,2.7481,53.9839,0,BF.BLW.FAN01::E00,train
2025-02-18 18:00:00,BF.BLW.FAN01,bf_sinter_fan_blower,1.6471,28.9689,52.0486,2.6475,54.9657,0,BF.BLW.FAN01::E00,train
2025-02-18 19:00:00,BF.BLW.FAN01,bf_sinter_fan_blower,1.7278,26.5204,52.7953,2.6836,55.9962,0,BF.BLW.FAN01::E00,train
2025-02-18 20:00:00,BF.BLW.FAN01,bf_sinter_fan_blower,1.731,28.7676,53.1129,2.7461,55.8258,0,BF.BLW.FAN01::E00,train
2025-02-18 21:00:00,BF.BLW.FAN01,bf_sinter_fan_blower,1.787,30.1529,53.5658,2.8311,56.6921,0,BF.BLW.FAN01::E00,train
2025-02-18 22:00:00,BF.BLW.FAN01,bf_sinter_fan_blower,1.8102,27.4176,54.2711,2.9936,56.475,0,BF.BLW.FAN01::E00,train
2025-02-18 23:00:00,BF.BLW.FAN01,bf_sinter_fan_blower,1.6699,27.1798,54.2734,3.1118,56.205,0,BF.BLW.FAN01::E00,train
2025-02-19 00:00:00,BF.BLW.FAN01,bf_sinter_fan_blower,1.6538,28.2565,55.4133,3.0813,55.4616,0,BF.BLW.FAN01::E00,train
2025-02-19 01:00:00,BF.BLW.FAN01,bf_sinter_fan_blower,1.5246,26.8682,54.1398,3.0996,55.828,0,BF.BLW.FAN01::E00,train
2025-02-19 02:00:00,BF.BLW.FAN01,bf_sinter_fan_blower,1.5175,28.2579,54.703,2.9408,55.5774,0,BF.BLW.FAN01::E00,train
2025-02-19 03:00:00,BF.BLW.FAN01,bf_sinter_fan_blower,1.3667,27.0432,54.3971,2.9403,54.4942,0,BF.BLW.FAN01::E00,train
2025-02-19 04:00:00,BF.BLW.FAN01,bf_sinter_fan_blower,1.5502,31.6963,54.7003,2.8722,55.4427,0,BF.BLW.FAN01::E00,train
2025-02-19 05:00:00,BF.BLW.FAN01,bf_sinter_fan_blower,1.5621,28.1791,55.6679,2.8678,55.4793,0,BF.BLW.FAN01::E00,train
2025-02-19 06:00:00,BF.BLW.FAN01,bf_sinter_fan_blower,1.5008,26.3983,54.6862,2.747,56.5689,0,BF.BLW.FAN01::E00,train
2025-02-19 07:00:00,BF.BLW.FAN01,bf_sinter_fan_blower,1.4877,26.1565,54.6172,2.9268,57.0342,0,BF.BLW.FAN01::E00,train
2025-02-19 08:00:00,BF.BLW.FAN01,bf_sinter_fan_blower,1.5297,24.9071,54.9504,2.9681,58.1005,0,BF.BLW.FAN01::E00,train
2025-02-19 09:00:00,BF.BLW.FAN01,bf_sinter_fan_blower,1.5499,29.1178,54.0802,3.0484,58.9668,0,BF.BLW.FAN01::E00,train
2025-02-19 10:00:00,BF.BLW.FAN01,bf_sinter_fan_blower,1.4415,33.7017,52.4451,3.0509,59.1753,0,BF.BLW.FAN01::E00,train
2025-02-19 11:00:00,BF.BLW.FAN01,bf_sinter_fan_blower,1.5196,32.5924,52.4538,2.924,59.1138,0,BF.BLW.FAN01::E00,train
2025-02-19 12:00:00,BF.BLW.FAN01,bf_sinter_fan_blower,1.6471,34.188,52.8837,3.0996,60.1359,0,BF.BLW.FAN01::E00,train
2025-02-19 13:00:00,BF.BLW.FAN01,bf_sinter_fan_blower,1.6686,31.075,52.8779,3.2681,59.8812,0,BF.BLW.FAN01::E00,train
2025-02-19 14:00:00,BF.BLW.FAN01,bf_sinter_fan_blower,1.6242,28.8953,51.8201,3.2529,59.1321,0,BF.BLW.FAN01::E00,train
2025-02-19 15:00:00,BF.BLW.FAN01,bf_sinter_fan_blower,1.6926,28.0941,52.0517,3.3459,59.2479,0,BF.BLW.FAN01::E00,train
2025-02-19 16:00:00,BF.BLW.FAN01,bf_sinter_fan_blower,1.6726,26.5602,51.2775,3.2572,59.5875,0,BF.BLW.FAN01::E00,train
2025-02-19 17:00:00,BF.BLW.FAN01,bf_sinter_fan_blower,1.6834,29.0745,51.6947,3.312,59.4299,0,BF.BLW.FAN01::E00,train
2025-02-19 18:00:00,BF.BLW.FAN01,bf_sinter_fan_blower,1.732,30.7031,52.0309,3.4492,59.1835,0,BF.BLW.FAN01::E00,train
2025-02-19 19:00:00,BF.BLW.FAN01,bf_sinter_fan_blower,1.7216,31.2022,51.3717,3.439,59.8693,0,BF.BLW.FAN01::E00,train
2025-02-19 20:00:00,BF.BLW.FAN01,bf_sinter_fan_blower,1.8041,26.1633,51.4561,3.4845,60.6657,0,BF.BLW.FAN01::E00,train
2025-02-19 21:00:00,BF.BLW.FAN01,bf_sinter_fan_blower,1.9812,25.8869,51.9568,3.4485,62.4573,0,BF.BLW.FAN01::E00,train
2025-02-19 22:00:00,BF.BLW.FAN01,bf_sinter_fan_blower,1.8876,25.3941,52.5634,3.6341,62.5292,0,BF.BLW.FAN01::E00,train
2025-02-19 23:00:00,BF.BLW.FAN01,bf_sinter_fan_blower,1.8444,26.7676,52.3756,3.4116,62.0985,0,BF.BLW.FAN01::E00,train
2025-02-20 00:00:00,BF.BLW.FAN01,bf_sinter_fan_blower,1.8295,30.2527,51.8848,3.3509,63.8929,0,BF.BLW.FAN01::E00,train
2025-02-20 01:00:00,BF.BLW.FAN01,bf_sinter_fan_blower,1.8378,28.8803,52.1658,3.4352,64.4034,0,BF.BLW.FAN01::E00,train
2025-02-20 02:00:00,BF.BLW.FAN01,bf_sinter_fan_blower,1.8935,30.3897,52.9496,3.4848,65.3009,0,BF.BLW.FAN01::E00,train
2025-02-20 03:00:00,BF.BLW.FAN01,bf_sinter_fan_blower,1.8874,29.2691,54.2024,3.5654,65.144,0,BF.BLW.FAN01::E00,train
2025-02-20 04:00:00,BF.BLW.FAN01,bf_sinter_fan_blower,1.9154,27.5212,54.9057,3.5696,65.2403,0,BF.BLW.FAN01::E00,train
2025-02-20 05:00:00,BF.BLW.FAN01,bf_sinter_fan_blower,1.8139,29.4917,54.9212,3.5699,63.2082,0,BF.BLW.FAN01::E00,train
2025-02-20 06:00:00,BF.BLW.FAN01,bf_sinter_fan_blower,1.6974,29.7467,54.8249,3.5216,62.2547,0,BF.BLW.FAN01::E00,train
2025-02-20 07:00:00,BF.BLW.FAN01,bf_sinter_fan_blower,1.6656,,,3.6082,62.483,0,BF.BLW.FAN01::E00,train
2025-02-20 08:00:00,BF.BLW.FAN01,bf_sinter_fan_blower,1.5651,32.7385,54.2444,3.595,62.4248,0,BF.BLW.FAN01::E00,train
2025-02-20 09:00:00,BF.BLW.FAN01,bf_sinter_fan_blower,1.6826,32.6918,54.3629,3.4203,63.004,0,BF.BLW.FAN01::E00,train
2025-02-20 10:00:00,BF.BLW.FAN01,bf_sinter_fan_blower,1.6282,33.1695,53.6715,3.3558,63.1653,0,BF.BLW.FAN01::E00,train
2025-02-20 11:00:00,BF.BLW.FAN01,bf_sinter_fan_blower,1.5987,31.1837,52.6101,3.2647,62.4547,0,BF.BLW.FAN01::E00,train
2025-02-20 12:00:00,BF.BLW.FAN01,bf_sinter_fan_blower,1.643,27.9506,51.8214,3.1351,63.1169,0,BF.BLW.FAN01::E00,train
2025-02-20 13:00:00,BF.BLW.FAN01,bf_sinter_fan_blower,1.7396,27.3581,52.9023,3.2358,63.9122,0,BF.BLW.FAN01::E00,train
2025-02-20 14:00:00,BF.BLW.FAN01,bf_sinter_fan_blower,1.7379,26.4716,52.7979,3.3941,63.9575,0,BF.BLW.FAN01::E00,train
2025-02-20 15:00:00,BF.BLW.FAN01,bf_sinter_fan_blower,1.7884,28.5347,51.8136,3.3356,64.4206,0,BF.BLW.FAN01::E00,train
2025-02-20 16:00:00,BF.BLW.FAN01,bf_sinter_fan_blower,1.7344,28.3373,50.8757,3.2744,64.0966,0,BF.BLW.FAN01::E00,train
2025-02-20 17:00:00,BF.BLW.FAN01,bf_sinter_fan_blower,1.7654,30.2959,51.3251,3.0938,64.096,0,BF.BLW.FAN01::E00,train
2025-02-20 18:00:00,BF.BLW.FAN01,bf_sinter_fan_blower,1.7208,29.1512,51.3082,3.3546,64.6398,0,BF.BLW.FAN01::E00,train
2025-02-20 19:00:00,BF.BLW.FAN01,bf_sinter_fan_blower,1.6608,30.6663,52.1066,3.4657,63.6802,0,BF.BLW.FAN01::E00,train
2025-02-20 20:00:00,BF.BLW.FAN01,bf_sinter_fan_blower,1.553,31.4663,51.8848,3.5367,62.9017,0,BF.BLW.FAN01::E00,train
2025-02-20 21:00:00,BF.BLW.FAN01,bf_sinter_fan_blower,1.529,30.9112,51.7538,3.4483,63.0636,0,BF.BLW.FAN01::E00,train
2025-02-20 22:00:00,BF.BLW.FAN01,bf_sinter_fan_blower,1.5092,31.3248,52.0562,3.4056,63.3133,0,BF.BLW.FAN01::E00,train
2025-02-20 23:00:00,BF.BLW.FAN01,bf_sinter_fan_blower,1.5587,29.4251,52.7204,3.3323,63.7862,0,BF.BLW.FAN01::E00,train
2025-02-21 00:00:00,BF.BLW.FAN01,bf_sinter_fan_blower,1.5612,28.7272,53.3198,3.3475,63.6293,0,BF.BLW.FAN01::E00,train
2025-02-21 01:00:00,BF.BLW.FAN01,bf_sinter_fan_blower,1.4546,25.1257,53.5698,3.4756,63.3537,0,BF.BLW.FAN01::E00,train
2025-02-21 02:00:00,BF.BLW.FAN01,bf_sinter_fan_blower,1.4713,25.6243,53.3754,3.4898,64.8278,0,BF.BLW.FAN01::E00,train
2025-02-21 03:00:00,BF.BLW.FAN01,bf_sinter_fan_blower,1.5396,22.4653,53.4525,3.2791,64.9585,0,BF.BLW.FAN01::E00,train
2025-02-21 04:00:00,BF.BLW.FAN01,bf_sinter_fan_blower,1.5148,23.6345,54.2533,3.3527,66.2962,0,BF.BLW.FAN01::E00,train
2025-02-21 05:00:00,BF.BLW.FAN01,bf_sinter_fan_blower,1.5079,22.4658,53.9285,3.4298,66.4275,0,BF.BLW.FAN01::E00,train
2025-02-21 06:00:00,BF.BLW.FAN01,bf_sinter_fan_blower,1.4197,24.1908,52.1931,3.4086,66.5062,0,BF.BLW.FAN01::E00,train
2025-02-21 07:00:00,BF.BLW.FAN01,bf_sinter_fan_blower,1.4901,21.8539,52.7121,3.3367,67.066,0,BF.BLW.FAN01::E00,train
2025-02-21 08:00:00,BF.BLW.FAN01,bf_sinter_fan_blower,1.3841,21.4622,53.2089,3.4525,65.9504,0,BF.BLW.FAN01::E00,train
2025-02-21 09:00:00,BF.BLW.FAN01,bf_sinter_fan_blower,1.3645,21.2262,52.2272,3.4909,66.0389,0,BF.BLW.FAN01::E00,train
2025-02-21 10:00:00,BF.BLW.FAN01,bf_sinter_fan_blower,1.4075,20.9626,51.2389,3.4949,66.3611,0,BF.BLW.FAN01::E00,train
2025-02-21 11:00:00,BF.BLW.FAN01,bf_sinter_fan_blower,1.4222,23.3449,50.9687,3.4997,65.9875,0,BF.BLW.FAN01::E00,train
2025-02-21 12:00:00,BF.BLW.FAN01,bf_sinter_fan_blower,1.4853,23.6362,51.2071,3.4822,65.3329,0,BF.BLW.FAN01::E00,train
2025-02-21 13:00:00,BF.BLW.FAN01,bf_sinter_fan_blower,1.5173,25.9142,52.4396,3.4862,64.7396,0,BF.BLW.FAN01::E00,train
2025-02-21 14:00:00,BF.BLW.FAN01,bf_sinter_fan_blower,1.4705,24.8721,52.6607,3.4354,63.6573,0,BF.BLW.FAN01::E00,train
2025-02-21 15:00:00,BF.BLW.FAN01,bf_sinter_fan_blower,1.489,22.1852,52.7975,3.2652,63.0362,0,BF.BLW.FAN01::E00,train
2025-02-21 16:00:00,BF.BLW.FAN01,bf_sinter_fan_blower,1.6229,23.26,53.2297,2.9464,63.415,0,BF.BLW.FAN01::E00,train
2025-02-21 17:00:00,BF.BLW.FAN01,bf_sinter_fan_blower,1.7778,19.7702,53.7883,3.0311,64.3627,0,BF.BLW.FAN01::E00,train
2025-02-21 18:00:00,BF.BLW.FAN01,bf_sinter_fan_blower,1.6638,21.3019,53.756,3.2223,63.3892,0,BF.BLW.FAN01::E00,train
2025-02-21 19:00:00,BF.BLW.FAN01,bf_sinter_fan_blower,1.5438,21.2681,53.2532,3.312,62.355,0,BF.BLW.FAN01::E00,train
2025-02-21 20:00:00,BF.BLW.FAN01,bf_sinter_fan_blower,1.6918,25.9222,54.1667,3.4049,63.1534,0,BF.BLW.FAN01::E00,train
2025-02-21 21:00:00,BF.BLW.FAN01,bf_sinter_fan_blower,1.7192,62.6028,54.258,3.5872,64.2211,0,BF.BLW.FAN01::E00,train
2025-02-21 22:00:00,BF.BLW.FAN01,bf_sinter_fan_blower,1.7661,58.6294,54.3042,3.5758,64.9411,0,BF.BLW.FAN01::E00,train
2025-02-21 23:00:00,BF.BLW.FAN01,bf_sinter_fan_blower,1.71,26.7484,54.7587,3.6415,65.1889,0,BF.BLW.FAN01::E00,train
2025-02-22 00:00:00,BF.BLW.FAN01,bf_sinter_fan_blower,1.7251,24.8446,55.107,3.654,65.3152,0,BF.BLW.FAN01::E00,train
2025-02-22 01:00:00,BF.BLW.FAN01,bf_sinter_fan_blower,1.6915,26.4244,55.6463,3.6998,65.3548,0,BF.BLW.FAN01::E00,train
2025-02-22 02:00:00,BF.BLW.FAN01,bf_sinter_fan_blower,1.5915,28.0953,55.4939,3.7275,66.0313,0,BF.BLW.FAN01::E00,train
2025-02-22 03:00:00,BF.BLW.FAN01,bf_sinter_fan_blower,1.5967,29.2503,55.6614,3.5919,66.5194,0,BF.BLW.FAN01::E00,train
2025-02-22 04:00:00,BF.BLW.FAN01,bf_sinter_fan_blower,1.4856,25.2662,54.7874,3.4967,65.5673,0,BF.BLW.FAN01::E00,train
2025-02-22 05:00:00,BF.BLW.FAN01,bf_sinter_fan_blower,1.5489,21.7565,55.0396,3.4575,65.6443,0,BF.BLW.FAN01::E00,train
2025-02-22 06:00:00,BF.BLW.FAN01,bf_sinter_fan_blower,1.5402,20.1865,55.3814,3.3974,65.6531,0,BF.BLW.FAN01::E00,train
2025-02-22 07:00:00,BF.BLW.FAN01,bf_sinter_fan_blower,1.4153,23.62,54.8869,3.2867,64.7146,0,BF.BLW.FAN01::E00,train
2025-02-22 08:00:00,BF.BLW.FAN01,bf_sinter_fan_blower,1.3553,26.3275,54.8421,3.4417,63.556,0,BF.BLW.FAN01::E00,train
2025-02-22 09:00:00,BF.BLW.FAN01,bf_sinter_fan_blower,1.3471,32.4882,53.9233,3.3064,64.0153,0,BF.BLW.FAN01::E00,train
2025-02-22 10:00:00,BF.BLW.FAN01,bf_sinter_fan_blower,1.3025,30.1232,52.8766,3.4696,63.5056,0,BF.BLW.FAN01::E00,train
2025-02-22 11:00:00,BF.BLW.FAN01,bf_sinter_fan_blower,1.3202,29.7767,53.3639,3.5029,63.0401,0,BF.BLW.FAN01::E00,train
2025-02-22 12:00:00,BF.BLW.FAN01,bf_sinter_fan_blower,1.3514,31.5735,53.2272,3.5516,62.4177,0,BF.BLW.FAN01::E00,train
2025-02-22 13:00:00,BF.BLW.FAN01,bf_sinter_fan_blower,1.3706,31.2824,52.6758,3.5117,62.7542,0,BF.BLW.FAN01::E00,train
2025-02-22 14:00:00,BF.BLW.FAN01,bf_sinter_fan_blower,1.4187,32.3314,52.6441,3.3395,61.4805,0,BF.BLW.FAN01::E00,train
2025-02-22 15:00:00,BF.BLW.FAN01,bf_sinter_fan_blower,1.5501,30.5981,52.6707,3.1651,62.6282,0,BF.BLW.FAN01::E00,train
2025-02-22 16:00:00,BF.BLW.FAN01,bf_sinter_fan_blower,1.5592,32.0758,52.4862,3.3213,62.5034,0,BF.BLW.FAN01::E00,train
2025-02-22 17:00:00,BF.BLW.FAN01,bf_sinter_fan_blower,1.5425,31.5381,53.4469,3.4372,61.3054,0,BF.BLW.FAN01::E00,train
2025-02-22 18:00:00,BF.BLW.FAN01,bf_sinter_fan_blower,1.6043,28.5575,53.2592,3.6417,62.3244,0,BF.BLW.FAN01::E00,train
2025-02-22 19:00:00,BF.BLW.FAN01,bf_sinter_fan_blower,1.5762,25.1815,53.6308,3.7265,61.9987,0,BF.BLW.FAN01::E00,train
2025-02-22 20:00:00,BF.BLW.FAN01,bf_sinter_fan_blower,1.5878,28.1459,52.5641,3.5462,63.5923,0,BF.BLW.FAN01::E00,train
2025-02-22 21:00:00,BF.BLW.FAN01,bf_sinter_fan_blower,1.6149,31.5156,52.5283,3.3239,62.9689,0,BF.BLW.FAN01::E00,train
2025-02-22 22:00:00,BF.BLW.FAN01,bf_sinter_fan_blower,1.4899,31.5287,51.4993,3.2325,62.2644,0,BF.BLW.FAN01::E00,train
2025-02-22 23:00:00,BF.BLW.FAN01,bf_sinter_fan_blower,1.4506,31.8072,51.8275,3.2676,62.0435,0,BF.BLW.FAN01::E00,train
2025-02-23 00:00:00,BF.BLW.FAN01,bf_sinter_fan_blower,1.6405,30.595,52.5343,3.2753,64.1294,0,BF.BLW.FAN01::E00,train
2025-02-23 01:00:00,BF.BLW.FAN01,bf_sinter_fan_blower,1.5243,32.0744,51.6849,3.3257,63.8768,0,BF.BLW.FAN01::E00,train
2025-02-23 02:00:00,BF.BLW.FAN01,bf_sinter_fan_blower,1.4642,36.8986,51.2912,3.2069,64.1688,0,BF.BLW.FAN01::E00,train
2025-02-23 03:00:00,BF.BLW.FAN01,bf_sinter_fan_blower,1.5382,33.7764,52.8673,3.398,64.7493,0,BF.BLW.FAN01::E00,train
2025-02-23 04:00:00,BF.BLW.FAN01,bf_sinter_fan_blower,1.4885,35.7026,52.6152,3.3459,65.7538,0,BF.BLW.FAN01::E00,train
2025-02-23 05:00:00,BF.BLW.FAN01,bf_sinter_fan_blower,1.747,34.0518,52.2323,3.5202,65.5077,0,BF.BLW.FAN01::E00,train
2025-02-23 06:00:00,BF.BLW.FAN01,bf_sinter_fan_blower,2.6862,33.9784,52.0795,3.585,66.1908,0,BF.BLW.FAN01::E00,train
2025-02-23 07:00:00,BF.BLW.FAN01,bf_sinter_fan_blower,3.8005,29.2899,52.7137,3.6434,65.8032,0,BF.BLW.FAN01::E00,train
2025-02-23 08:00:00,BF.BLW.FAN01,bf_sinter_fan_blower,4.4989,31.4459,52.411,3.5068,65.6275,0,BF.BLW.FAN01::E00,train
2025-02-23 09:00:00,BF.BLW.FAN01,bf_sinter_fan_blower,4.4806,34.2875,51.4561,3.3818,64.6885,0,BF.BLW.FAN01::E00,train
2025-02-23 10:00:00,BF.BLW.FAN01,bf_sinter_fan_blower,3.7955,33.0898,52.1242,3.3745,62.6747,0,BF.BLW.FAN01::E00,train
2025-02-23 11:00:00,BF.BLW.FAN01,bf_sinter_fan_blower,2.7819,33.7052,52.2544,3.3445,62.8733,0,BF.BLW.FAN01::E00,train
2025-02-23 12:00:00,BF.BLW.FAN01,bf_sinter_fan_blower,2.0287,36.0791,52.3376,3.3443,63.7545,0,BF.BLW.FAN01::E00,train
2025-02-23 13:00:00,BF.BLW.FAN01,bf_sinter_fan_blower,1.6189,36.1061,52.5286,3.285,63.4108,0,BF.BLW.FAN01::E00,train
2025-02-23 14:00:00,BF.BLW.FAN01,bf_sinter_fan_blower,1.5324,33.3715,51.6868,3.3892,63.4788,0,BF.BLW.FAN01::E00,train
2025-02-23 15:00:00,BF.BLW.FAN01,bf_sinter_fan_blower,1.5077,28.5481,52.2748,3.4533,62.6014,0,BF.BLW.FAN01::E00,train
2025-02-23 16:00:00,BF.BLW.FAN01,bf_sinter_fan_blower,1.4974,29.8934,52.0959,3.6309,62.9628,0,BF.BLW.FAN01::E00,train
2025-02-23 17:00:00,BF.BLW.FAN01,bf_sinter_fan_blower,1.4957,32.2168,52.2738,3.6861,62.639,0,BF.BLW.FAN01::E00,train
2025-02-23 18:00:00,BF.BLW.FAN01,bf_sinter_fan_blower,1.4919,30.7186,52.418,3.7779,62.9199,0,BF.BLW.FAN01::E00,train
2025-02-23 19:00:00,BF.BLW.FAN01,bf_sinter_fan_blower,1.4608,31.3801,51.3979,3.5975,63.7819,0,BF.BLW.FAN01::E00,train
2025-02-23 20:00:00,BF.BLW.FAN01,bf_sinter_fan_blower,1.3999,28.0715,51.1853,3.8066,63.1776,0,BF.BLW.FAN01::E00,train
2025-02-23 21:00:00,BF.BLW.FAN01,bf_sinter_fan_blower,1.3849,28.6905,50.0409,3.7059,63.7564,0,BF.BLW.FAN01::E00,train
2025-02-23 22:00:00,BF.BLW.FAN01,bf_sinter_fan_blower,1.3664,26.888,50.5211,3.7537,62.675,0,BF.BLW.FAN01::E00,train
2025-02-23 23:00:00,BF.BLW.FAN01,bf_sinter_fan_blower,1.4051,26.8398,50.9146,3.7699,63.4987,0,BF.BLW.FAN01::E00,train
2025-02-24 00:00:00,BF.BLW.FAN01,bf_sinter_fan_blower,1.4263,24.2611,50.8769,3.6019,62.7838,0,BF.BLW.FAN01::E00,train
2025-02-24 01:00:00,BF.BLW.FAN01,bf_sinter_fan_blower,1.5669,22.9537,51.34,3.6727,64.6063,0,BF.BLW.FAN01::E00,train
2025-02-24 02:00:00,BF.BLW.FAN01,bf_sinter_fan_blower,1.4149,17.984,50.8524,3.7654,63.7182,0,BF.BLW.FAN01::E00,train
2025-02-24 03:00:00,BF.BLW.FAN01,bf_sinter_fan_blower,1.3744,19.6586,50.2282,3.7593,62.7712,0,BF.BLW.FAN01::E00,train
2025-02-24 04:00:00,BF.BLW.FAN01,bf_sinter_fan_blower,1.2852,23.4772,49.1878,3.8666,63.0167,0,BF.BLW.FAN01::E00,train
2025-02-24 05:00:00,BF.BLW.FAN01,bf_sinter_fan_blower,1.3369,22.5176,49.4562,3.9223,63.317,0,BF.BLW.FAN01::E00,train
2025-02-24 06:00:00,BF.BLW.FAN01,bf_sinter_fan_blower,1.3838,20.5753,49.4904,4.0474,63.3645,0,BF.BLW.FAN01::E00,train
2025-02-24 07:00:00,BF.BLW.FAN01,bf_sinter_fan_blower,1.3988,23.2232,49.4387,4.1524,63.482,0,BF.BLW.FAN01::E00,train
2025-02-24 08:00:00,BF.BLW.FAN01,bf_sinter_fan_blower,1.4137,29.4701,48.3654,4.0758,63.917,0,BF.BLW.FAN01::E00,train
2025-02-24 09:00:00,BF.BLW.FAN01,bf_sinter_fan_blower,1.5617,27.5896,48.1614,3.9985,64.8727,0,BF.BLW.FAN01::E00,train
2025-02-24 10:00:00,BF.BLW.FAN01,bf_sinter_fan_blower,1.4239,33.4384,47.1533,3.9847,63.3371,0,BF.BLW.FAN01::E00,train
2025-02-24 11:00:00,BF.BLW.FAN01,bf_sinter_fan_blower,1.3897,33.8553,47.328,4.0388,62.6451,0,BF.BLW.FAN01::E00,train
2025-02-24 12:00:00,BF.BLW.FAN01,bf_sinter_fan_blower,1.3614,31.3335,47.9716,4.1032,61.6309,0,BF.BLW.FAN01::E00,train
2025-02-24 13:00:00,BF.BLW.FAN01,bf_sinter_fan_blower,1.4393,33.9824,48.1829,4.0954,62.692,0,BF.BLW.FAN01::E00,train
2025-02-24 14:00:00,BF.BLW.FAN01,bf_sinter_fan_blower,1.3892,29.2059,47.3788,3.9722,61.911,0,BF.BLW.FAN01::E00,train
2025-02-24 15:00:00,BF.BLW.FAN01,bf_sinter_fan_blower,1.3192,31.0856,46.6359,3.9853,61.4667,0,BF.BLW.FAN01::E00,train
2025-02-24 16:00:00,BF.BLW.FAN01,bf_sinter_fan_blower,2.4574,33.9286,47.4287,3.7657,61.4747,0,BF.BLW.FAN01::E00,train
2025-02-24 17:00:00,BF.BLW.FAN01,bf_sinter_fan_blower,4.1864,32.4988,47.865,3.7695,61.7212,0,BF.BLW.FAN01::E00,train
2025-02-24 18:00:00,BF.BLW.FAN01,bf_sinter_fan_blower,4.1962,33.506,48.1586,3.8316,61.5104,0,BF.BLW.FAN01::E00,train
2025-02-24 19:00:00,BF.BLW.FAN01,bf_sinter_fan_blower,2.3989,36.0023,48.0978,3.7771,60.4839,0,BF.BLW.FAN01::E00,train
2025-02-24 20:00:00,BF.BLW.FAN01,bf_sinter_fan_blower,1.3873,36.1847,48.0416,3.5745,60.747,0,BF.BLW.FAN01::E00,train
2025-02-24 21:00:00,BF.BLW.FAN01,bf_sinter_fan_blower,1.3654,35.8582,49.0471,3.7549,60.5816,0,BF.BLW.FAN01::E00,train
2025-02-24 22:00:00,BF.BLW.FAN01,bf_sinter_fan_blower,1.3847,34.1001,49.3348,3.6921,60.8048,0,BF.BLW.FAN01::E00,train
2025-02-24 23:00:00,BF.BLW.FAN01,bf_sinter_fan_blower,1.4627,33.5983,50.7462,3.6502,60.8814,0,BF.BLW.FAN01::E00,train
2025-02-25 00:00:00,BF.BLW.FAN01,bf_sinter_fan_blower,1.3777,32.8001,49.5914,3.5445,61.5536,0,BF.BLW.FAN01::E00,train
2025-02-25 01:00:00,BF.BLW.FAN01,bf_sinter_fan_blower,1.3796,37.7624,50.1735,3.5456,62.0405,0,BF.BLW.FAN01::E00,train
2025-02-25 02:00:00,BF.BLW.FAN01,bf_sinter_fan_blower,1.4593,39.8705,49.9145,3.5121,62.4017,0,BF.BLW.FAN01::E00,train
2025-02-25 03:00:00,BF.BLW.FAN01,bf_sinter_fan_blower,1.3614,39.0321,49.3898,3.5384,62.6383,0,BF.BLW.FAN01::E00,train
2025-02-25 04:00:00,BF.BLW.FAN01,bf_sinter_fan_blower,1.3023,36.7725,49.4081,3.4588,62.9468,0,BF.BLW.FAN01::E00,train
2025-02-25 05:00:00,BF.BLW.FAN01,bf_sinter_fan_blower,1.2846,34.583,49.8995,3.375,63.1118,0,BF.BLW.FAN01::E00,train
2025-02-25 06:00:00,BF.BLW.FAN01,bf_sinter_fan_blower,1.3322,34.3635,50.2089,3.3604,63.8464,0,BF.BLW.FAN01::E00,train
2025-02-25 07:00:00,BF.BLW.FAN01,bf_sinter_fan_blower,1.3586,27.4154,51.2532,3.4168,63.2231,0,BF.BLW.FAN01::E00,train
2025-02-25 08:00:00,BF.BLW.FAN01,bf_sinter_fan_blower,1.341,28.345,51.2578,3.2307,62.8949,0,BF.BLW.FAN01::E00,train
2025-02-25 09:00:00,BF.BLW.FAN01,bf_sinter_fan_blower,1.4188,27.4334,50.9386,3.1509,62.9483,0,BF.BLW.FAN01::E00,train
2025-02-25 10:00:00,BF.BLW.FAN01,bf_sinter_fan_blower,1.5611,26.0486,51.2781,2.9423,63.5247,0,BF.BLW.FAN01::E00,train
2025-02-25 11:00:00,BF.BLW.FAN01,bf_sinter_fan_blower,1.4857,25.0626,50.0303,3.0324,62.8747,0,BF.BLW.FAN01::E00,train
2025-02-25 12:00:00,BF.BLW.FAN01,bf_sinter_fan_blower,1.4838,23.3729,49.0132,2.9547,62.4032,0,BF.BLW.FAN01::E00,train
2025-02-25 13:00:00,BF.BLW.FAN01,bf_sinter_fan_blower,1.5442,23.0269,49.7087,2.9796,61.0691,0,BF.BLW.FAN01::E00,train
2025-02-25 14:00:00,BF.BLW.FAN01,bf_sinter_fan_blower,1.491,25.5736,49.1141,2.7897,60.7014,0,BF.BLW.FAN01::E00,train
2025-02-25 15:00:00,BF.BLW.FAN01,bf_sinter_fan_blower,1.4641,28.3172,48.3642,2.7539,60.8012,0,BF.BLW.FAN01::E00,train
2025-02-25 16:00:00,BF.BLW.FAN01,bf_sinter_fan_blower,1.5206,23.9587,48.7437,2.8061,59.9487,0,BF.BLW.FAN01::E00,train
2025-02-25 17:00:00,BF.BLW.FAN01,bf_sinter_fan_blower,1.4116,21.1859,47.5481,2.9839,59.819,0,BF.BLW.FAN01::E00,train
2025-02-25 18:00:00,BF.BLW.FAN01,bf_sinter_fan_blower,1.5094,20.0459,49.3182,2.9373,58.8261,0,BF.BLW.FAN01::E00,train
2025-02-25 19:00:00,BF.BLW.FAN01,bf_sinter_fan_blower,1.4667,23.2251,49.1077,2.9883,58.2831,0,BF.BLW.FAN01::E00,train
2025-02-25 20:00:00,BF.BLW.FAN01,bf_sinter_fan_blower,1.52,22.1252,49.6053,2.9341,58.0375,0,BF.BLW.FAN01::E00,train
2025-02-25 21:00:00,BF.BLW.FAN01,bf_sinter_fan_blower,1.6263,20.9956,50.0215,3.1386,59.8449,0,BF.BLW.FAN01::E00,train
2025-02-25 22:00:00,BF.BLW.FAN01,bf_sinter_fan_blower,1.6608,19.9434,50.0302,3.2019,60.8209,0,BF.BLW.FAN01::E00,train
2025-02-25 23:00:00,BF.BLW.FAN01,bf_sinter_fan_blower,1.5682,17.7692,49.9131,3.3799,61.2763,0,BF.BLW.FAN01::E00,train
2025-02-26 00:00:00,BF.BLW.FAN01,bf_sinter_fan_blower,1.5496,19.164,50.0395,3.5148,62.4039,0,BF.BLW.FAN01::E00,train
2025-02-26 01:00:00,BF.BLW.FAN01,bf_sinter_fan_blower,1.6408,20.8997,50.8303,3.4743,64.1258,0,BF.BLW.FAN01::E00,train
2025-02-26 02:00:00,BF.BLW.FAN01,bf_sinter_fan_blower,1.677,17.8053,51.8341,3.396,65.0467,0,BF.BLW.FAN01::E00,train
2025-02-26 03:00:00,BF.BLW.FAN01,bf_sinter_fan_blower,1.567,20.0834,51.3585,3.4603,65.3274,0,BF.BLW.FAN01::E00,train
2025-02-26 04:00:00,BF.BLW.FAN01,bf_sinter_fan_blower,1.6258,22.3718,51.7708,3.4869,66.2262,0,BF.BLW.FAN01::E00,train
2025-02-26 05:00:00,BF.BLW.FAN01,bf_sinter_fan_blower,1.53,24.6359,52.3721,3.4167,64.6289,0,BF.BLW.FAN01::E00,train
2025-02-26 06:00:00,BF.BLW.FAN01,bf_sinter_fan_blower,1.5568,24.3076,52.8496,3.4257,64.0555,0,BF.BLW.FAN01::E00,train
2025-02-26 07:00:00,BF.BLW.FAN01,bf_sinter_fan_blower,1.5189,25.9316,52.849,3.5375,64.2188,0,BF.BLW.FAN01::E00,train
2025-02-26 08:00:00,BF.BLW.FAN01,bf_sinter_fan_blower,1.5457,29.3395,53.2473,3.6299,64.3095,0,BF.BLW.FAN01::E00,train
2025-02-26 09:00:00,BF.BLW.FAN01,bf_sinter_fan_blower,1.5336,27.8027,53.1781,3.5822,64.1168,0,BF.BLW.FAN01::E00,train
2025-02-26 10:00:00,BF.BLW.FAN01,bf_sinter_fan_blower,1.5119,27.4705,52.7252,3.5604,63.1533,0,BF.BLW.FAN01::E00,train
2025-02-26 11:00:00,BF.BLW.FAN01,bf_sinter_fan_blower,1.5123,23.4113,52.7634,3.7065,63.4386,0,BF.BLW.FAN01::E00,train
2025-02-26 12:00:00,BF.BLW.FAN01,bf_sinter_fan_blower,1.4979,20.849,52.1385,3.6906,62.1804,0,BF.BLW.FAN01::E00,train
2025-02-26 13:00:00,BF.BLW.FAN01,bf_sinter_fan_blower,1.5737,19.477,51.116,3.8112,63.0109,0,BF.BLW.FAN01::E00,train
2025-02-26 14:00:00,BF.BLW.FAN01,bf_sinter_fan_blower,1.597,20.4246,50.9233,3.7638,63.5421,0,BF.BLW.FAN01::E00,train
2025-02-26 15:00:00,BF.BLW.FAN01,bf_sinter_fan_blower,1.6244,22.1603,50.5291,3.805,64.6438,0,BF.BLW.FAN01::E00,train
2025-02-26 16:00:00,BF.BLW.FAN01,bf_sinter_fan_blower,1.6269,25.8234,51.6065,3.7951,63.8492,0,BF.BLW.FAN01::E00,train
2025-02-26 17:00:00,BF.BLW.FAN01,bf_sinter_fan_blower,1.7401,28.0151,51.782,3.9427,65.2208,0,BF.BLW.FAN01::E00,train
2025-02-26 18:00:00,BF.BLW.FAN01,bf_sinter_fan_blower,1.5252,23.4458,50.7173,4.1008,64.2434,0,BF.BLW.FAN01::E00,train
2025-02-26 19:00:00,BF.BLW.FAN01,bf_sinter_fan_blower,1.5432,18.8208,50.1603,4.2879,64.572,0,BF.BLW.FAN01::E00,train
2025-02-26 20:00:00,BF.BLW.FAN01,bf_sinter_fan_blower,1.4615,22.5891,50.1543,4.219,64.6313,0,BF.BLW.FAN01::E00,train
2025-02-26 21:00:00,BF.BLW.FAN01,bf_sinter_fan_blower,1.4411,22.2929,50.1563,4.2897,64.2444,0,BF.BLW.FAN01::E00,train
2025-02-26 22:00:00,BF.BLW.FAN01,bf_sinter_fan_blower,1.408,21.9152,49.7488,4.0791,63.8819,0,BF.BLW.FAN01::E00,train
2025-02-26 23:00:00,BF.BLW.FAN01,bf_sinter_fan_blower,1.5238,23.743,50.5035,3.8958,64.8894,0,BF.BLW.FAN01::E00,train
2025-02-27 00:00:00,BF.BLW.FAN01,bf_sinter_fan_blower,1.3822,25.8223,50.4217,4.0214,64.9904,0,BF.BLW.FAN01::E00,train
2025-02-27 01:00:00,BF.BLW.FAN01,bf_sinter_fan_blower,1.4738,24.407,50.272,3.9176,65.7341,0,BF.BLW.FAN01::E00,train
2025-02-27 02:00:00,BF.BLW.FAN01,bf_sinter_fan_blower,1.4798,25.3959,49.838,3.9893,66.4816,0,BF.BLW.FAN01::E00,train
2025-02-27 03:00:00,BF.BLW.FAN01,bf_sinter_fan_blower,1.5878,25.9985,51.9966,4.1405,65.9347,0,BF.BLW.FAN01::E00,train
2025-02-27 04:00:00,BF.BLW.FAN01,bf_sinter_fan_blower,1.6387,27.9077,52.7416,4.2249,67.1074,0,BF.BLW.FAN01::E00,train
2025-02-27 05:00:00,BF.BLW.FAN01,bf_sinter_fan_blower,1.6081,32.8848,52.8447,4.0225,66.5912,0,BF.BLW.FAN01::E00,train
2025-02-27 06:00:00,BF.BLW.FAN01,bf_sinter_fan_blower,1.5223,29.337,51.9468,4.1238,66.7884,0,BF.BLW.FAN01::E00,train
2025-02-27 07:00:00,BF.BLW.FAN01,bf_sinter_fan_blower,1.6094,27.6904,52.8764,4.0806,67.2485,0,BF.BLW.FAN01::E00,train
2025-02-27 08:00:00,BF.BLW.FAN01,bf_sinter_fan_blower,1.4915,29.4959,52.1353,4.0985,66.2776,0,BF.BLW.FAN01::E00,train
2025-02-27 09:00:00,BF.BLW.FAN01,bf_sinter_fan_blower,1.629,27.6043,53.5559,4.1027,65.7,0,BF.BLW.FAN01::E00,train
2025-02-27 10:00:00,BF.BLW.FAN01,bf_sinter_fan_blower,1.7365,28.7574,54.4601,3.9598,65.508,0,BF.BLW.FAN01::E00,train
2025-02-27 11:00:00,BF.BLW.FAN01,bf_sinter_fan_blower,1.7377,26.7728,54.2926,3.9432,64.8566,0,BF.BLW.FAN01::E00,train
2025-02-27 12:00:00,BF.BLW.FAN01,bf_sinter_fan_blower,1.7806,26.2975,54.076,4.0682,65.0609,0,BF.BLW.FAN01::E00,train
2025-02-27 13:00:00,BF.BLW.FAN01,bf_sinter_fan_blower,1.8838,25.4981,53.7316,4.0442,66.1,0,BF.BLW.FAN01::E00,train
2025-02-27 14:00:00,BF.BLW.FAN01,bf_sinter_fan_blower,1.9921,21.7911,53.3459,4.1164,66.0055,0,BF.BLW.FAN01::E00,train
2025-02-27 15:00:00,BF.BLW.FAN01,bf_sinter_fan_blower,1.9345,21.7333,53.4722,4.2937,65.687,0,BF.BLW.FAN01::E00,train
2025-02-27 16:00:00,BF.BLW.FAN01,bf_sinter_fan_blower,1.9404,23.1627,54.0143,4.5394,65.6297,0,BF.BLW.FAN01::E00,train
2025-02-27 17:00:00,BF.BLW.FAN01,bf_sinter_fan_blower,2.0408,18.5663,55.1125,4.6415,65.6746,0,BF.BLW.FAN01::E00,train
2025-02-27 18:00:00,BF.BLW.FAN01,bf_sinter_fan_blower,2.0302,22.2697,55.234,4.9707,66.2488,0,BF.BLW.FAN01::E00,train
2025-02-27 19:00:00,BF.BLW.FAN01,bf_sinter_fan_blower,2.0099,21.4681,55.5199,4.7344,66.1985,0,BF.BLW.FAN01::E00,train
2025-02-27 20:00:00,BF.BLW.FAN01,bf_sinter_fan_blower,1.9454,19.0048,56.0072,4.6921,65.2097,0,BF.BLW.FAN01::E00,train
2025-02-27 21:00:00,BF.BLW.FAN01,bf_sinter_fan_blower,2.0633,16.8495,55.4884,4.586,65.6189,0,BF.BLW.FAN01::E00,train
2025-02-27 22:00:00,BF.BLW.FAN01,bf_sinter_fan_blower,2.3452,19.2274,54.5057,4.7151,65.1887,0,BF.BLW.FAN01::E00,train
2025-02-27 23:00:00,BF.BLW.FAN01,bf_sinter_fan_blower,2.913,17.2961,54.744,4.6316,64.5123,0,BF.BLW.FAN01::E00,train
2025-02-28 00:00:00,BF.BLW.FAN01,bf_sinter_fan_blower,3.522,19.4436,54.4443,4.3836,62.6907,0,BF.BLW.FAN01::E00,train
2025-02-28 01:00:00,BF.BLW.FAN01,bf_sinter_fan_blower,4.1183,21.1528,54.2734,4.0132,62.5512,0,BF.BLW.FAN01::E00,train
2025-02-28 02:00:00,BF.BLW.FAN01,bf_sinter_fan_blower,4.5684,19.4092,54.7749,3.9659,62.4044,0,BF.BLW.FAN01::E00,train
2025-02-28 03:00:00,BF.BLW.FAN01,bf_sinter_fan_blower,4.6958,21.4066,54.2006,4.0129,63.2748,0,BF.BLW.FAN01::E00,train
2025-02-28 04:00:00,BF.BLW.FAN01,bf_sinter_fan_blower,4.4657,23.0413,54.2085,3.9218,62.1368,0,BF.BLW.FAN01::E00,train
2025-02-28 05:00:00,BF.BLW.FAN01,bf_sinter_fan_blower,4.1031,21.8345,54.4038,3.9069,62.4914,0,BF.BLW.FAN01::E00,train
2025-02-28 06:00:00,BF.BLW.FAN01,bf_sinter_fan_blower,3.5438,21.0151,55.2975,3.8368,63.5204,0,BF.BLW.FAN01::E00,train
2025-02-28 07:00:00,BF.BLW.FAN01,bf_sinter_fan_blower,2.8461,20.3649,55.3705,3.8789,64.1885,0,BF.BLW.FAN01::E00,train
2025-02-28 08:00:00,BF.BLW.FAN01,bf_sinter_fan_blower,2.2028,18.2864,54.4122,3.9084,64.6095,0,BF.BLW.FAN01::E00,train
2025-02-28 09:00:00,BF.BLW.FAN01,bf_sinter_fan_blower,1.6804,20.406,53.7938,3.9411,64.339,0,BF.BLW.FAN01::E00,train
2025-02-28 10:00:00,BF.BLW.FAN01,bf_sinter_fan_blower,1.4409,23.3099,53.5605,4.0906,63.5258,0,BF.BLW.FAN01::E00,train
2025-02-28 11:00:00,BF.BLW.FAN01,bf_sinter_fan_blower,1.4945,22.6065,53.9711,4.0807,63.9342,0,BF.BLW.FAN01::E00,train
2025-02-28 12:00:00,BF.BLW.FAN01,bf_sinter_fan_blower,1.6296,21.0517,54.0907,4.1391,64.3623,0,BF.BLW.FAN01::E00,train
2025-02-28 13:00:00,BF.BLW.FAN01,bf_sinter_fan_blower,1.6339,20.8663,53.3808,4.0645,63.7509,0,BF.BLW.FAN01::E00,train
2025-02-28 14:00:00,BF.BLW.FAN01,bf_sinter_fan_blower,1.676,24.4603,52.3924,4.0437,63.8292,0,BF.BLW.FAN01::E00,train
2025-02-28 15:00:00,BF.BLW.FAN01,bf_sinter_fan_blower,1.7061,25.6672,51.1236,3.9804,63.7549,0,BF.BLW.FAN01::E00,train
2025-02-28 16:00:00,BF.BLW.FAN01,bf_sinter_fan_blower,1.5715,26.2974,50.286,3.9991,63.099,0,BF.BLW.FAN01::E00,train
2025-02-28 17:00:00,BF.BLW.FAN01,bf_sinter_fan_blower,1.559,27.6025,49.8378,3.7158,62.9601,0,BF.BLW.FAN01::E00,train
2025-02-28 18:00:00,BF.BLW.FAN01,bf_sinter_fan_blower,1.4869,27.0669,49.2227,3.7407,62.2855,0,BF.BLW.FAN01::E00,train
2025-02-28 19:00:00,BF.BLW.FAN01,bf_sinter_fan_blower,1.4536,32.1662,48.8851,3.7467,61.6033,0,BF.BLW.FAN01::E00,train
2025-02-28 20:00:00,BF.BLW.FAN01,bf_sinter_fan_blower,1.4647,35.2827,49.3015,3.7379,62.0745,0,BF.BLW.FAN01::E00,train
2025-02-28 21:00:00,BF.BLW.FAN01,bf_sinter_fan_blower,1.5474,33.7714,49.6514,3.8409,62.9264,0,BF.BLW.FAN01::E00,train
2025-02-28 22:00:00,BF.BLW.FAN01,bf_sinter_fan_blower,1.5353,31.2487,49.2289,3.6989,63.0321,0,BF.BLW.FAN01::E00,train
2025-02-28 23:00:00,BF.BLW.FAN01,bf_sinter_fan_blower,1.37,30.2215,49.4375,3.6915,62.1437,0,BF.BLW.FAN01::E00,train
2025-03-01 00:00:00,BF.BLW.FAN01,bf_sinter_fan_blower,1.3641,31.0595,49.1916,3.7618,62.4635,0,BF.BLW.FAN01::E00,train
2025-03-01 01:00:00,BF.BLW.FAN01,bf_sinter_fan_blower,1.4246,35.0669,49.6454,3.6532,64.1901,0,BF.BLW.FAN01::E00,train
2025-03-01 02:00:00,BF.BLW.FAN01,bf_sinter_fan_blower,1.5179,35.1358,50.2827,3.6862,64.8532,0,BF.BLW.FAN01::E00,train
2025-03-01 03:00:00,BF.BLW.FAN01,bf_sinter_fan_blower,1.5888,32.223,51.5684,3.6295,64.7353,0,BF.BLW.FAN01::E00,train
2025-03-01 04:00:00,BF.BLW.FAN01,bf_sinter_fan_blower,1.547,31.8901,52.3979,3.6798,64.2022,0,BF.BLW.FAN01::E00,train
2025-03-01 05:00:00,BF.BLW.FAN01,bf_sinter_fan_blower,1.6149,31.8965,52.3077,3.8343,65.5836,1,BF.BLW.FAN01::E00,train
2025-03-01 06:00:00,BF.BLW.FAN01,bf_sinter_fan_blower,2.066,33.9341,52.9466,3.7385,67.5339,0,BF.BLW.FAN01::E00,train
2025-03-01 07:00:00,BF.BLW.FAN01,bf_sinter_fan_blower,2.7032,35.7868,53.4493,3.5817,67.6031,0,BF.BLW.FAN01::E00,train
2025-03-01 08:00:00,BF.BLW.FAN01,bf_sinter_fan_blower,3.6135,39.7842,53.9245,3.4402,68.3518,0,BF.BLW.FAN01::E00,train
2025-03-01 09:00:00,BF.BLW.FAN01,bf_sinter_fan_blower,4.3616,38.4899,53.9336,3.8061,67.8402,0,BF.BLW.FAN01::E00,train
2025-03-01 10:00:00,BF.BLW.FAN01,bf_sinter_fan_blower,4.8802,35.824,55.0757,3.5901,67.6046,0,BF.BLW.FAN01::E00,train
2025-03-01 11:00:00,BF.BLW.FAN01,bf_sinter_fan_blower,4.8762,34.1034,54.1239,3.6603,67.7749,0,BF.BLW.FAN01::E00,train
2025-03-01 12:00:00,BF.BLW.FAN01,bf_sinter_fan_blower,4.4011,36.9983,53.7907,3.7719,66.8209,0,BF.BLW.FAN01::E00,train
2025-03-01 13:00:00,BF.BLW.FAN01,bf_sinter_fan_blower,3.5911,35.5681,53.7442,3.6289,65.642,0,BF.BLW.FAN01::E00,train
2025-03-01 14:00:00,BF.BLW.FAN01,bf_sinter_fan_blower,2.8528,37.2965,53.7899,3.5235,65.1929,0,BF.BLW.FAN01::E00,train
2025-03-01 15:00:00,BF.BLW.FAN01,bf_sinter_fan_blower,2.0155,35.9706,52.8387,3.7238,64.7308,0,BF.BLW.FAN01::E00,train
2025-03-01 16:00:00,BF.BLW.FAN01,bf_sinter_fan_blower,1.6935,34.6102,52.7582,3.7846,63.4477,0,BF.BLW.FAN01::E00,train
2025-03-01 17:00:00,BF.BLW.FAN01,bf_sinter_fan_blower,1.7936,32.8785,53.6297,3.8201,63.5915,0,BF.BLW.FAN01::E00,train
2025-03-01 18:00:00,BF.BLW.FAN01,bf_sinter_fan_blower,1.7622,30.9344,53.5332,3.7644,61.8699,0,BF.BLW.FAN01::E00,train
2025-03-01 19:00:00,BF.BLW.FAN01,bf_sinter_fan_blower,1.67,27.4335,52.8049,3.9138,61.5154,0,BF.BLW.FAN01::E00,train
2025-03-01 20:00:00,BF.BLW.FAN01,bf_sinter_fan_blower,1.6102,24.6046,52.3316,3.9746,62.5634,0,BF.BLW.FAN01::E00,train
2025-03-01 21:00:00,BF.BLW.FAN01,bf_sinter_fan_blower,1.5743,24.6645,51.832,4.038,63.1642,0,BF.BLW.FAN01::E00,train
2025-03-01 22:00:00,BF.BLW.FAN01,bf_sinter_fan_blower,1.5563,25.8921,52.3635,4.2066,63.2701,0,BF.BLW.FAN01::E00,train
2025-03-01 23:00:00,BF.BLW.FAN01,bf_sinter_fan_blower,1.6674,25.5881,53.6396,4.0599,64.1217,0,BF.BLW.FAN01::E00,train
2025-03-02 00:00:00,BF.BLW.FAN01,bf_sinter_fan_blower,1.7055,22.9145,53.6076,4.1211,64.476,0,BF.BLW.FAN01::E00,train
2025-03-02 01:00:00,BF.BLW.FAN01,bf_sinter_fan_blower,1.6325,25.5359,53.3095,4.1852,64.2781,0,BF.BLW.FAN01::E00,train
2025-03-02 02:00:00,BF.BLW.FAN01,bf_sinter_fan_blower,1.5231,24.5099,53.5886,4.2307,62.7382,0,BF.BLW.FAN01::E00,train
2025-03-02 03:00:00,BF.BLW.FAN01,bf_sinter_fan_blower,1.4431,21.8619,53.6775,4.4219,62.6463,0,BF.BLW.FAN01::E00,train
2025-03-02 04:00:00,BF.BLW.FAN01,bf_sinter_fan_blower,1.586,23.0674,54.0544,5.208,64.2122,0,BF.BLW.FAN01::E00,train
2025-03-02 05:00:00,BF.BLW.FAN01,bf_sinter_fan_blower,1.5268,23.9186,53.7812,6.5842,64.7067,0,BF.BLW.FAN01::E00,train
2025-03-02 06:00:00,BF.BLW.FAN01,bf_sinter_fan_blower,1.5643,23.7806,52.9734,6.547,64.901,0,BF.BLW.FAN01::E00,train
2025-03-02 07:00:00,BF.BLW.FAN01,bf_sinter_fan_blower,1.4184,24.6813,52.0238,5.2066,64.5735,0,BF.BLW.FAN01::E00,train
2025-03-02 08:00:00,BF.BLW.FAN01,bf_sinter_fan_blower,1.4526,27.0993,52.7439,4.4636,64.8038,0,BF.BLW.FAN01::E00,train
2025-03-02 09:00:00,BF.BLW.FAN01,bf_sinter_fan_blower,1.3844,28.9728,51.5317,4.3814,64.1754,0,BF.BLW.FAN01::E00,train
2025-03-02 10:00:00,BF.BLW.FAN01,bf_sinter_fan_blower,1.499,26.7648,52.9032,4.4231,63.8216,0,BF.BLW.FAN01::E00,train
2025-03-02 11:00:00,BF.BLW.FAN01,bf_sinter_fan_blower,1.4728,32.1268,51.861,4.4307,63.645,0,BF.BLW.FAN01::E00,train
2025-03-02 12:00:00,BF.BLW.FAN01,bf_sinter_fan_blower,1.4261,30.8352,51.5463,4.5886,61.9823,0,BF.BLW.FAN01::E00,train
2025-03-02 13:00:00,BF.BLW.FAN01,bf_sinter_fan_blower,1.4998,37.531,51.5108,4.4087,61.8217,0,BF.BLW.FAN01::E00,train
2025-03-02 14:00:00,BF.BLW.FAN01,bf_sinter_fan_blower,1.4901,34.7021,51.1529,4.3725,60.868,0,BF.BLW.FAN01::E00,train
2025-03-02 15:00:00,BF.BLW.FAN01,bf_sinter_fan_blower,1.4863,37.3442,50.7545,4.3791,60.5373,0,BF.BLW.FAN01::E00,train
2025-03-02 16:00:00,BF.BLW.FAN01,bf_sinter_fan_blower,1.4368,38.1021,50.3953,4.4331,59.8445,0,BF.BLW.FAN01::E00,train
2025-03-02 17:00:00,BF.BLW.FAN01,bf_sinter_fan_blower,1.4687,37.967,50.1485,4.2935,59.3107,0,BF.BLW.FAN01::E00,train
2025-03-02 18:00:00,BF.BLW.FAN01,bf_sinter_fan_blower,1.4627,39.165,50.143,4.3072,59.3583,0,BF.BLW.FAN01::E00,train
2025-03-02 19:00:00,BF.BLW.FAN01,bf_sinter_fan_blower,1.527,33.1882,49.4596,3.9889,59.7289,0,BF.BLW.FAN01::E00,train
2025-03-02 20:00:00,BF.BLW.FAN01,bf_sinter_fan_blower,1.3799,31.8848,49.0852,4.209,58.5516,0,BF.BLW.FAN01::E00,train
2025-03-02 21:00:00,BF.BLW.FAN01,bf_sinter_fan_blower,1.3133,30.6919,49.0745,4.0939,58.0907,0,BF.BLW.FAN01::E00,train
2025-03-02 22:00:00,BF.BLW.FAN01,bf_sinter_fan_blower,1.333,31.6625,49.1361,3.9934,58.6977,0,BF.BLW.FAN01::E00,train
2025-03-02 23:00:00,BF.BLW.FAN01,bf_sinter_fan_blower,1.2687,32.6836,49.5684,4.1324,58.3112,0,BF.BLW.FAN01::E00,train
2025-03-03 00:00:00,BF.BLW.FAN01,bf_sinter_fan_blower,1.246,33.3261,50.5942,4.3051,58.8596,0,BF.BLW.FAN01::E00,train
2025-03-03 01:00:00,BF.BLW.FAN01,bf_sinter_fan_blower,1.1579,32.3776,49.9973,4.2425,58.8886,0,BF.BLW.FAN01::E00,train
2025-03-03 02:00:00,BF.BLW.FAN01,bf_sinter_fan_blower,1.1949,28.7428,50.9949,4.4129,58.0064,0,BF.BLW.FAN01::E00,train
2025-03-03 03:00:00,BF.BLW.FAN01,bf_sinter_fan_blower,1.1356,28.5767,51.222,4.6051,58.8232,0,BF.BLW.FAN01::E00,train
2025-03-03 04:00:00,BF.BLW.FAN01,bf_sinter_fan_blower,1.1493,25.5727,51.4603,4.7275,59.5977,0,BF.BLW.FAN01::E00,train
2025-03-03 05:00:00,BF.BLW.FAN01,bf_sinter_fan_blower,1.243,28.0881,51.523,4.667,60.9705,0,BF.BLW.FAN01::E00,train
2025-03-03 06:00:00,BF.BLW.FAN01,bf_sinter_fan_blower,1.2043,29.0488,51.2968,4.5738,61.1753,0,BF.BLW.FAN01::E00,train
2025-03-03 07:00:00,BF.BLW.FAN01,bf_sinter_fan_blower,1.0999,30.5025,50.437,4.7173,61.0638,0,BF.BLW.FAN01::E00,train
2025-03-03 08:00:00,BF.BLW.FAN01,bf_sinter_fan_blower,1.1496,25.0215,50.8352,4.6067,60.7702,0,BF.BLW.FAN01::E00,train
2025-03-03 09:00:00,BF.BLW.FAN01,bf_sinter_fan_blower,1.2234,23.1105,51.1969,4.5914,60.8687,0,BF.BLW.FAN01::E00,train
2025-03-03 10:00:00,BF.BLW.FAN01,bf_sinter_fan_blower,1.3321,25.4438,51.5594,4.5227,60.9252,0,BF.BLW.FAN01::E00,train
2025-03-03 11:00:00,BF.BLW.FAN01,bf_sinter_fan_blower,1.3879,21.8094,52.9344,4.4324,60.4305,0,BF.BLW.FAN01::E00,train
2025-03-03 12:00:00,BF.BLW.FAN01,bf_sinter_fan_blower,1.396,23.9136,52.1269,4.4902,61.3017,0,BF.BLW.FAN01::E00,train
2025-03-03 13:00:00,BF.BLW.FAN01,bf_sinter_fan_blower,1.4394,24.5998,51.2404,4.5,60.3474,1,BF.BLW.FAN01::E00,train
2025-03-03 14:00:00,BF.BLW.FAN01,bf_sinter_fan_blower,1.5352,27.6051,51.482,4.3917,60.3204,0,BF.BLW.FAN01::E00,train
2025-03-03 15:00:00,BF.BLW.FAN01,bf_sinter_fan_blower,1.6865,29.7233,52.439,4.4148,60.9696,0,BF.BLW.FAN01::E00,train
2025-03-03 16:00:00,BF.BLW.FAN01,bf_sinter_fan_blower,1.7654,33.2907,52.9525,4.4478,61.5749,0,BF.BLW.FAN01::E00,train
2025-03-03 17:00:00,BF.BLW.FAN01,bf_sinter_fan_blower,1.6627,32.445,52.707,4.7349,61.241,1,BF.BLW.FAN01::E00,train
2025-03-03 18:00:00,BF.BLW.FAN01,bf_sinter_fan_blower,1.7566,30.9709,52.8537,4.6298,61.6792,0,BF.BLW.FAN01::E00,train
2025-03-03 19:00:00,BF.BLW.FAN01,bf_sinter_fan_blower,1.806,32.3755,53.6589,4.6223,61.4652,0,BF.BLW.FAN01::E00,train
2025-03-03 20:00:00,BF.BLW.FAN01,bf_sinter_fan_blower,1.8212,34.9697,53.5006,4.6062,62.6917,0,BF.BLW.FAN01::E00,train
2025-03-03 21:00:00,BF.BLW.FAN01,bf_sinter_fan_blower,1.6673,30.9417,53.2915,4.6541,61.3074,0,BF.BLW.FAN01::E00,train
2025-03-03 22:00:00,BF.BLW.FAN01,bf_sinter_fan_blower,1.7122,26.6342,54.0158,4.6437,61.0088,0,BF.BLW.FAN01::E00,train
2025-03-03 23:00:00,BF.BLW.FAN01,bf_sinter_fan_blower,1.7226,28.2269,53.9212,4.5484,61.8287,0,BF.BLW.FAN01::E00,train
2025-03-04 00:00:00,BF.BLW.FAN01,bf_sinter_fan_blower,1.8256,25.1617,54.7859,4.5366,63.1554,0,BF.BLW.FAN01::E00,train
2025-03-04 01:00:00,BF.BLW.FAN01,bf_sinter_fan_blower,1.7379,21.8455,53.306,4.4438,64.1023,0,BF.BLW.FAN01::E00,train
2025-03-04 02:00:00,BF.BLW.FAN01,bf_sinter_fan_blower,1.7704,27.8227,53.2075,4.3685,64.639,0,BF.BLW.FAN01::E00,train
2025-03-04 03:00:00,BF.BLW.FAN01,bf_sinter_fan_blower,1.7587,22.6197,53.7535,4.6172,64.5899,0,BF.BLW.FAN01::E00,train
2025-03-04 04:00:00,BF.BLW.FAN01,bf_sinter_fan_blower,1.7216,25.3008,53.8127,4.8482,65.1584,0,BF.BLW.FAN01::E00,train
2025-03-04 05:00:00,BF.BLW.FAN01,bf_sinter_fan_blower,1.5169,24.4879,53.4352,4.9587,63.8889,0,BF.BLW.FAN01::E00,train
2025-03-04 06:00:00,BF.BLW.FAN01,bf_sinter_fan_blower,1.5374,26.7772,54.503,4.9592,63.5859,0,BF.BLW.FAN01::E00,train
2025-03-04 07:00:00,BF.BLW.FAN01,bf_sinter_fan_blower,1.6762,27.2589,54.804,4.9394,64.2556,0,BF.BLW.FAN01::E00,train
2025-03-04 08:00:00,BF.BLW.FAN01,bf_sinter_fan_blower,1.555,27.2513,54.3291,4.8553,63.0208,0,BF.BLW.FAN01::E00,train
2025-03-04 09:00:00,BF.BLW.FAN01,bf_sinter_fan_blower,1.6553,28.1843,54.7666,4.7669,62.5841,0,BF.BLW.FAN01::E00,train
2025-03-04 10:00:00,BF.BLW.FAN01,bf_sinter_fan_blower,1.6276,26.8282,54.621,4.6677,62.4814,0,BF.BLW.FAN01::E00,train
2025-03-04 11:00:00,BF.BLW.FAN01,bf_sinter_fan_blower,1.7596,27.7875,53.2324,4.656,62.8686,0,BF.BLW.FAN01::E00,train
2025-03-04 12:00:00,BF.BLW.FAN01,bf_sinter_fan_blower,2.2716,28.9423,53.0672,4.5287,62.0045,0,BF.BLW.FAN01::E00,train
2025-03-04 13:00:00,BF.BLW.FAN01,bf_sinter_fan_blower,3.0325,24.3557,53.892,4.5962,61.8103,0,BF.BLW.FAN01::E00,train
2025-03-04 14:00:00,BF.BLW.FAN01,bf_sinter_fan_blower,3.6167,25.1946,53.3345,4.435,61.7351,0,BF.BLW.FAN01::E00,train
2025-03-04 15:00:00,BF.BLW.FAN01,bf_sinter_fan_blower,4.0136,23.7581,52.6363,4.3861,59.5307,0,BF.BLW.FAN01::E00,train
2025-03-04 16:00:00,BF.BLW.FAN01,bf_sinter_fan_blower,4.1044,21.5168,51.0661,4.5794,59.8011,0,BF.BLW.FAN01::E00,train
2025-03-04 17:00:00,BF.BLW.FAN01,bf_sinter_fan_blower,4.062,19.7592,50.4305,4.4843,60.6982,0,BF.BLW.FAN01::E00,train
2025-03-04 18:00:00,BF.BLW.FAN01,bf_sinter_fan_blower,3.568,19.5878,50.2891,4.4243,60.2648,0,BF.BLW.FAN01::E00,train
2025-03-04 19:00:00,BF.BLW.FAN01,bf_sinter_fan_blower,2.8268,15.3076,50.2231,4.3266,60.074,0,BF.BLW.FAN01::E00,train
2025-03-04 20:00:00,BF.BLW.FAN01,bf_sinter_fan_blower,2.2047,15.3982,50.5875,4.4654,61.3829,0,BF.BLW.FAN01::E00,train
2025-03-04 21:00:00,BF.BLW.FAN01,bf_sinter_fan_blower,1.7472,17.1405,51.7458,4.5595,61.0571,0,BF.BLW.FAN01::E00,train
2025-03-04 22:00:00,BF.BLW.FAN01,bf_sinter_fan_blower,1.5818,18.0759,51.904,4.6007,60.3405,0,BF.BLW.FAN01::E00,train
2025-03-04 23:00:00,BF.BLW.FAN01,bf_sinter_fan_blower,1.6442,18.3056,52.6133,4.5385,61.5275,0,BF.BLW.FAN01::E00,train
2025-03-05 00:00:00,BF.BLW.FAN01,bf_sinter_fan_blower,1.6873,17.6896,53.5778,4.4947,61.2113,1,BF.BLW.FAN01::E00,train
2025-03-05 01:00:00,BF.BLW.FAN01,bf_sinter_fan_blower,1.6471,60.7473,53.0,4.5166,62.4044,0,BF.BLW.FAN01::E00,train
2025-03-05 02:00:00,BF.BLW.FAN01,bf_sinter_fan_blower,1.6187,18.1731,52.8613,4.5191,62.8588,0,BF.BLW.FAN01::E00,train
2025-03-05 03:00:00,BF.BLW.FAN01,bf_sinter_fan_blower,1.6871,16.6437,54.382,4.4295,63.7118,0,BF.BLW.FAN01::E00,train
2025-03-05 04:00:00,BF.BLW.FAN01,bf_sinter_fan_blower,1.7169,18.8767,55.0848,4.395,63.3655,0,BF.BLW.FAN01::E00,train
2025-03-05 05:00:00,BF.BLW.FAN01,bf_sinter_fan_blower,1.7268,19.6003,56.1741,4.548,63.5031,0,BF.BLW.FAN01::E00,train
2025-03-05 06:00:00,BF.BLW.FAN01,bf_sinter_fan_blower,1.591,21.9215,55.164,4.7181,62.838,0,BF.BLW.FAN01::E00,train
2025-03-05 07:00:00,BF.BLW.FAN01,bf_sinter_fan_blower,1.6707,24.0662,55.0674,4.7014,63.8166,0,BF.BLW.FAN01::E00,train
2025-03-05 08:00:00,BF.BLW.FAN01,bf_sinter_fan_blower,1.5998,,,4.865,63.115,0,BF.BLW.FAN01::E00,train
2025-03-05 09:00:00,BF.BLW.FAN01,bf_sinter_fan_blower,1.6079,29.7215,54.5218,4.8424,63.1859,0,BF.BLW.FAN01::E00,train
2025-03-05 10:00:00,BF.BLW.FAN01,bf_sinter_fan_blower,1.7472,33.0182,55.1765,4.698,63.1059,0,BF.BLW.FAN01::E00,train
2025-03-05 11:00:00,BF.BLW.FAN01,bf_sinter_fan_blower,1.797,33.2317,55.2639,4.5724,62.4907,0,BF.BLW.FAN01::E00,train
2025-03-05 12:00:00,BF.BLW.FAN01,bf_sinter_fan_blower,1.8099,35.4236,55.4724,4.483,62.59,0,BF.BLW.FAN01::E00,train
2025-03-05 13:00:00,BF.BLW.FAN01,bf_sinter_fan_blower,1.6981,36.8975,54.6072,4.3318,61.8531,0,BF.BLW.FAN01::E00,train
2025-03-05 14:00:00,BF.BLW.FAN01,bf_sinter_fan_blower,1.7932,37.3117,54.5343,4.297,61.7659,0,BF.BLW.FAN01::E00,train
2025-03-05 15:00:00,BF.BLW.FAN01,bf_sinter_fan_blower,1.7768,35.9175,53.8217,4.3885,61.5341,0,BF.BLW.FAN01::E00,train
2025-03-05 16:00:00,BF.BLW.FAN01,bf_sinter_fan_blower,1.6633,36.6534,53.5037,4.4939,60.8274,0,BF.BLW.FAN01::E00,train
2025-03-05 17:00:00,BF.BLW.FAN01,bf_sinter_fan_blower,1.6869,30.7865,53.4397,4.4014,60.6753,0,BF.BLW.FAN01::E00,train
2025-03-05 18:00:00,BF.BLW.FAN01,bf_sinter_fan_blower,1.6412,28.4929,52.9059,4.3338,60.7005,0,BF.BLW.FAN01::E00,train
2025-03-05 19:00:00,BF.BLW.FAN01,bf_sinter_fan_blower,1.5966,28.234,53.2331,4.4457,60.3405,0,BF.BLW.FAN01::E00,train
2025-03-05 20:00:00,BF.BLW.FAN01,bf_sinter_fan_blower,1.5649,31.9571,53.5247,4.4105,59.7683,0,BF.BLW.FAN01::E00,train
2025-03-05 21:00:00,BF.BLW.FAN01,bf_sinter_fan_blower,1.6489,29.4924,53.4173,4.3192,60.8564,1,BF.BLW.FAN01::E00,train
2025-03-05 22:00:00,BF.BLW.FAN01,bf_sinter_fan_blower,1.6449,28.3556,54.0605,4.2663,60.8602,0,BF.BLW.FAN01::E00,train
2025-03-05 23:00:00,BF.BLW.FAN01,bf_sinter_fan_blower,1.6783,27.0107,54.7974,4.3426,60.9936,0,BF.BLW.FAN01::E00,train
2025-03-06 00:00:00,BF.BLW.FAN01,bf_sinter_fan_blower,1.681,29.0093,54.8716,4.2212,61.0078,0,BF.BLW.FAN01::E00,train
2025-03-06 01:00:00,BF.BLW.FAN01,bf_sinter_fan_blower,1.7249,29.4729,54.9915,4.5149,62.5832,0,BF.BLW.FAN01::E00,train
2025-03-06 02:00:00,BF.BLW.FAN01,bf_sinter_fan_blower,1.7845,26.9736,55.3321,4.3922,63.4627,0,BF.BLW.FAN01::E00,train
2025-03-06 03:00:00,BF.BLW.FAN01,bf_sinter_fan_blower,1.8076,23.5027,55.862,4.3213,64.5848,0,BF.BLW.FAN01::E00,train
2025-03-06 04:00:00,BF.BLW.FAN01,bf_sinter_fan_blower,1.8071,22.5103,56.3443,4.2752,64.3834,0,BF.BLW.FAN01::E00,train
2025-03-06 05:00:00,BF.BLW.FAN01,bf_sinter_fan_blower,1.8365,22.9011,57.207,4.1884,65.2415,0,BF.BLW.FAN01::E00,train
2025-03-06 06:00:00,BF.BLW.FAN01,bf_sinter_fan_blower,1.8639,26.759,57.2532,4.0425,65.6391,0,BF.BLW.FAN01::E00,train
2025-03-06 07:00:00,BF.BLW.FAN01,bf_sinter_fan_blower,1.8735,28.1159,57.2461,4.0423,64.9875,0,BF.BLW.FAN01::E00,train
2025-03-06 08:00:00,BF.BLW.FAN01,bf_sinter_fan_blower,1.9223,27.7338,57.7978,3.8283,64.9628,0,BF.BLW.FAN01::E00,train
2025-03-06 09:00:00,BF.BLW.FAN01,bf_sinter_fan_blower,1.8484,32.4745,58.1595,3.8104,63.5525,0,BF.BLW.FAN01::E00,train
2025-03-06 10:00:00,BF.BLW.FAN01,bf_sinter_fan_blower,1.8179,33.7767,57.1432,3.769,63.017,1,BF.BLW.FAN01::E00,train
2025-03-06 11:00:00,BF.BLW.FAN01,bf_sinter_fan_blower,1.707,36.6285,56.2942,3.871,63.1353,0,BF.BLW.FAN01::E00,train
2025-03-06 12:00:00,BF.BLW.FAN01,bf_sinter_fan_blower,1.7189,36.2097,54.7707,3.9531,64.272,0,BF.BLW.FAN01::E00,train
2025-03-06 13:00:00,BF.BLW.FAN01,bf_sinter_fan_blower,1.767,35.0643,54.7437,4.0743,64.1846,0,BF.BLW.FAN01::E00,train
2025-03-06 14:00:00,BF.BLW.FAN01,bf_sinter_fan_blower,1.7559,33.3455,54.8925,4.0901,63.0932,0,BF.BLW.FAN01::E00,train
2025-03-06 15:00:00,BF.BLW.FAN01,bf_sinter_fan_blower,1.8122,35.7156,54.8035,4.2183,63.372,0,BF.BLW.FAN01::E00,train
2025-03-06 16:00:00,BF.BLW.FAN01,bf_sinter_fan_blower,1.6616,36.6984,53.8104,4.2474,62.5597,0,BF.BLW.FAN01::E00,train
2025-03-06 17:00:00,BF.BLW.FAN01,bf_sinter_fan_blower,1.6854,39.7196,53.3654,4.1469,62.5036,0,BF.BLW.FAN01::E00,train
2025-03-06 18:00:00,BF.BLW.FAN01,bf_sinter_fan_blower,1.6453,37.1113,52.8223,4.0738,62.5057,0,BF.BLW.FAN01::E00,train
2025-03-06 19:00:00,BF.BLW.FAN01,bf_sinter_fan_blower,1.6613,38.0289,52.021,4.1156,62.6024,0,BF.BLW.FAN01::E00,train
2025-03-06 20:00:00,BF.BLW.FAN01,bf_sinter_fan_blower,1.6411,37.1616,52.1966,4.1382,63.4681,0,BF.BLW.FAN01::E00,train
2025-03-06 21:00:00,BF.BLW.FAN01,bf_sinter_fan_blower,1.6004,40.2034,53.1304,4.2774,62.7018,1,BF.BLW.FAN01::E00,train
2025-03-06 22:00:00,BF.BLW.FAN01,bf_sinter_fan_blower,1.3555,40.8917,51.7817,4.4217,62.1498,1,BF.BLW.FAN01::E00,train
2025-03-06 23:00:00,BF.BLW.FAN01,bf_sinter_fan_blower,1.3529,40.1331,52.6801,4.3905,62.5729,0,BF.BLW.FAN01::E00,train
2025-03-07 00:00:00,BF.BLW.FAN01,bf_sinter_fan_blower,1.3726,38.8743,52.7445,4.4906,63.6596,1,BF.BLW.FAN01::E00,train
2025-03-07 01:00:00,BF.BLW.FAN01,bf_sinter_fan_blower,1.4521,38.7481,52.6929,4.2913,65.1463,0,BF.BLW.FAN01::E00,train
2025-03-07 02:00:00,BF.BLW.FAN01,bf_sinter_fan_blower,1.38,39.1175,53.3066,4.4682,63.964,0,BF.BLW.FAN01::E00,train
2025-03-07 03:00:00,BF.BLW.FAN01,bf_sinter_fan_blower,1.357,37.7289,53.539,4.4555,63.6661,0,BF.BLW.FAN01::E00,train
2025-03-07 04:00:00,BF.BLW.FAN01,bf_sinter_fan_blower,1.4548,37.2737,54.7913,4.4583,64.6437,0,BF.BLW.FAN01::E00,train
2025-03-07 05:00:00,BF.BLW.FAN01,bf_sinter_fan_blower,1.5295,36.9044,55.7253,4.5023,64.7417,0,BF.BLW.FAN01::E00,train
2025-03-07 06:00:00,BF.BLW.FAN01,bf_sinter_fan_blower,1.5201,38.8342,56.1996,4.5027,64.2611,0,BF.BLW.FAN01::E00,train
2025-03-07 07:00:00,BF.BLW.FAN01,bf_sinter_fan_blower,1.4893,33.2265,55.6061,4.5776,63.9453,0,BF.BLW.FAN01::E00,train
2025-03-07 08:00:00,BF.BLW.FAN01,bf_sinter_fan_blower,1.5328,34.0868,54.9705,4.685,63.9468,0,BF.BLW.FAN01::E00,train
2025-03-07 09:00:00,BF.BLW.FAN01,bf_sinter_fan_blower,1.6698,30.3404,54.7662,4.5147,64.0166,0,BF.BLW.FAN01::E00,train
2025-03-07 10:00:00,BF.BLW.FAN01,bf_sinter_fan_blower,1.6642,29.9487,54.7289,4.3155,63.174,1,BF.BLW.FAN01::E00,train
2025-03-07 11:00:00,BF.BLW.FAN01,bf_sinter_fan_blower,1.6519,28.8032,55.222,4.3471,62.5031,0,BF.BLW.FAN01::E00,train
2025-03-07 12:00:00,BF.BLW.FAN01,bf_sinter_fan_blower,1.6199,25.3288,55.3609,4.4815,61.9769,0,BF.BLW.FAN01::E00,train
2025-03-07 13:00:00,BF.BLW.FAN01,bf_sinter_fan_blower,1.7518,25.2544,54.7866,4.3312,62.7166,0,BF.BLW.FAN01::E00,train
2025-03-07 14:00:00,BF.BLW.FAN01,bf_sinter_fan_blower,1.6819,26.0012,53.6018,4.2604,62.0648,0,BF.BLW.FAN01::E00,train
2025-03-07 15:00:00,BF.BLW.FAN01,bf_sinter_fan_blower,1.5756,23.903,53.7304,4.2833,61.1797,0,BF.BLW.FAN01::E00,train
2025-03-07 16:00:00,BF.BLW.FAN01,bf_sinter_fan_blower,1.758,20.1151,53.6722,4.242,61.0858,1,BF.BLW.FAN01::E00,train
2025-03-07 17:00:00,BF.BLW.FAN01,bf_sinter_fan_blower,1.753,23.5188,53.0198,4.2149,60.9892,1,BF.BLW.FAN01::E00,train
2025-03-07 18:00:00,BF.BLW.FAN01,bf_sinter_fan_blower,1.724,20.6781,52.3294,4.1359,61.7001,0,BF.BLW.FAN01::E00,train
2025-03-07 19:00:00,BF.BLW.FAN01,bf_sinter_fan_blower,1.7756,19.9425,52.9693,4.2901,61.3837,1,BF.BLW.FAN01::E00,train
2025-03-07 20:00:00,BF.BLW.FAN01,bf_sinter_fan_blower,1.807,20.462,52.6147,4.3071,61.3809,0,BF.BLW.FAN01::E00,train
2025-03-07 21:00:00,BF.BLW.FAN01,bf_sinter_fan_blower,1.7847,21.221,52.7149,4.4345,62.2233,1,BF.BLW.FAN01::E00,train
2025-03-07 22:00:00,BF.BLW.FAN01,bf_sinter_fan_blower,1.7695,35.3783,52.8168,4.5286,62.4869,0,BF.BLW.FAN01::E00,train
2025-03-07 23:00:00,BF.BLW.FAN01,bf_sinter_fan_blower,1.6868,62.407,52.8976,4.5058,62.6829,0,BF.BLW.FAN01::E00,train
2025-03-08 00:00:00,BF.BLW.FAN01,bf_sinter_fan_blower,1.6487,78.8982,52.7578,4.6969,63.4032,0,BF.BLW.FAN01::E00,train
2025-03-08 01:00:00,BF.BLW.FAN01,bf_sinter_fan_blower,1.5912,63.8048,,,63.9155,1,BF.BLW.FAN01::E00,train
2025-03-08 02:00:00,BF.BLW.FAN01,bf_sinter_fan_blower,1.6217,43.4877,52.4795,4.2451,63.5881,0,BF.BLW.FAN01::E00,train
2025-03-08 03:00:00,BF.BLW.FAN01,bf_sinter_fan_blower,1.6425,28.7961,53.5215,4.285,64.1204,0,BF.BLW.FAN01::E00,train
2025-03-08 04:00:00,BF.BLW.FAN01,bf_sinter_fan_blower,1.6588,32.3088,53.6541,4.3029,64.5404,1,BF.BLW.FAN01::E00,train
2025-03-08 05:00:00,BF.BLW.FAN01,bf_sinter_fan_blower,1.6943,29.5712,53.8396,4.2579,65.4381,0,BF.BLW.FAN01::E00,train
2025-03-08 06:00:00,BF.BLW.FAN01,bf_sinter_fan_blower,1.7593,29.1184,53.4277,4.3121,66.4557,0,BF.BLW.FAN01::E00,train
2025-03-08 07:00:00,BF.BLW.FAN01,bf_sinter_fan_blower,1.7022,29.6123,53.2074,4.3882,66.4215,0,BF.BLW.FAN01::E00,train
2025-03-08 08:00:00,BF.BLW.FAN01,bf_sinter_fan_blower,1.6922,29.6517,53.6594,4.4459,65.818,1,BF.BLW.FAN01::E00,train
2025-03-08 09:00:00,BF.BLW.FAN01,bf_sinter_fan_blower,1.8408,27.3016,54.3585,4.3841,66.8354,1,BF.BLW.FAN01::E00,train
2025-03-08 10:00:00,BF.BLW.FAN01,bf_sinter_fan_blower,1.843,26.913,54.7503,4.4396,66.4183,0,BF.BLW.FAN01::E00,train
2025-03-08 11:00:00,BF.BLW.FAN01,bf_sinter_fan_blower,1.8055,24.2093,55.4626,4.7704,65.0481,1,BF.BLW.FAN01::E00,train
2025-03-08 12:00:00,BF.BLW.FAN01,bf_sinter_fan_blower,1.911,27.031,55.8279,4.7016,65.957,0,BF.BLW.FAN01::E00,train
2025-03-08 13:00:00,BF.BLW.FAN01,bf_sinter_fan_blower,1.7973,27.2053,54.788,4.7051,64.6336,0,BF.BLW.FAN01::E00,train
2025-03-08 14:00:00,BF.BLW.FAN01,bf_sinter_fan_blower,1.8881,29.9791,55.5023,4.6761,64.7112,0,BF.BLW.FAN01::E00,train
2025-03-08 15:00:00,BF.BLW.FAN01,bf_sinter_fan_blower,1.8493,28.8023,56.0472,4.843,63.1212,0,BF.BLW.FAN01::E00,train
2025-03-08 16:00:00,BF.BLW.FAN01,bf_sinter_fan_blower,1.8532,28.9115,56.6368,4.845,62.2819,1,BF.BLW.FAN01::E00,train
2025-03-08 17:00:00,BF.BLW.FAN01,bf_sinter_fan_blower,1.804,28.2944,55.2723,4.8599,61.6487,0,BF.BLW.FAN01::E00,train
2025-03-08 18:00:00,BF.BLW.FAN01,bf_sinter_fan_blower,1.6827,31.8884,54.7655,4.7813,60.3081,0,BF.BLW.FAN01::E00,train
2025-03-08 19:00:00,BF.BLW.FAN01,bf_sinter_fan_blower,1.6965,33.8768,55.0498,4.8786,61.6635,0,BF.BLW.FAN01::E00,train
2025-03-08 20:00:00,BF.BLW.FAN01,bf_sinter_fan_blower,1.6948,32.7312,55.3105,4.813,61.9706,1,BF.BLW.FAN01::E00,train
2025-03-08 21:00:00,BF.BLW.FAN01,bf_sinter_fan_blower,1.7322,37.7008,56.1374,4.9014,61.7559,0,BF.BLW.FAN01::E00,train
2025-03-08 22:00:00,BF.BLW.FAN01,bf_sinter_fan_blower,1.81,35.7826,57.1104,4.9921,62.5814,0,BF.BLW.FAN01::E00,train
2025-03-08 23:00:00,BF.BLW.FAN01,bf_sinter_fan_blower,1.8416,37.378,58.3302,4.7722,62.8939,0,BF.BLW.FAN01::E00,train
2025-03-09 00:00:00,BF.BLW.FAN01,bf_sinter_fan_blower,1.8178,39.0958,58.5256,4.7241,63.848,0,BF.BLW.FAN01::E00,train
2025-03-09 01:00:00,BF.BLW.FAN01,bf_sinter_fan_blower,1.7323,40.9997,58.5395,4.9072,64.7256,0,BF.BLW.FAN01::E00,train
2025-03-09 02:00:00,BF.BLW.FAN01,bf_sinter_fan_blower,1.8919,38.9124,59.5311,4.7111,65.83,0,BF.BLW.FAN01::E00,train
2025-03-09 03:00:00,BF.BLW.FAN01,bf_sinter_fan_blower,1.7794,37.5848,58.8651,4.8044,65.6194,0,BF.BLW.FAN01::E00,train
2025-03-09 04:00:00,BF.BLW.FAN01,bf_sinter_fan_blower,1.7194,38.932,59.094,4.8568,65.2829,0,BF.BLW.FAN01::E00,train
2025-03-09 05:00:00,BF.BLW.FAN01,bf_sinter_fan_blower,1.6578,44.8994,59.1686,4.8018,64.5426,0,BF.BLW.FAN01::E00,train
2025-03-09 06:00:00,BF.BLW.FAN01,bf_sinter_fan_blower,1.6799,60.7904,59.1919,4.825,65.2569,0,BF.BLW.FAN01::E00,train
2025-03-09 07:00:00,BF.BLW.FAN01,bf_sinter_fan_blower,1.4226,83.7724,58.2813,4.7172,63.3658,0,BF.BLW.FAN01::E00,train
2025-03-09 08:00:00,BF.BLW.FAN01,bf_sinter_fan_blower,1.4114,104.5,58.8374,4.7742,63.4358,0,BF.BLW.FAN01::E00,train
2025-03-09 09:00:00,BF.BLW.FAN01,bf_sinter_fan_blower,1.5112,104.5,58.7742,4.8542,63.9133,1,BF.BLW.FAN01::E00,train
2025-03-09 10:00:00,BF.BLW.FAN01,bf_sinter_fan_blower,1.4526,104.5,58.3328,4.8365,63.6217,0,BF.BLW.FAN01::E00,train
2025-03-09 11:00:00,BF.BLW.FAN01,bf_sinter_fan_blower,1.606,104.5,58.6035,4.7593,64.6856,1,BF.BLW.FAN01::E00,train
2025-03-09 12:00:00,BF.BLW.FAN01,bf_sinter_fan_blower,1.5099,102.5378,58.0095,4.8849,64.2489,1,BF.BLW.FAN01::E00,train
2025-03-09 13:00:00,BF.BLW.FAN01,bf_sinter_fan_blower,1.5605,86.6983,57.7248,4.9626,63.912,1,BF.BLW.FAN01::E00,train
2025-03-09 14:00:00,BF.BLW.FAN01,bf_sinter_fan_blower,1.4136,67.0493,56.3233,4.8443,62.4947,0,BF.BLW.FAN01::E00,train
2025-03-09 15:00:00,BF.BLW.FAN01,bf_sinter_fan_blower,1.4225,48.814,56.001,4.8699,62.5531,0,BF.BLW.FAN01::E00,train
2025-03-09 16:00:00,BF.BLW.FAN01,bf_sinter_fan_blower,1.4507,38.0419,56.3663,5.0322,62.222,0,BF.BLW.FAN01::E00,train
2025-03-09 17:00:00,BF.BLW.FAN01,bf_sinter_fan_blower,1.4978,37.9189,56.1428,4.8633,63.3774,1,BF.BLW.FAN01::E00,train
2025-03-09 18:00:00,BF.BLW.FAN01,bf_sinter_fan_blower,1.404,38.838,56.1634,4.9393,63.1163,0,BF.BLW.FAN01::E00,train
2025-03-09 19:00:00,BF.BLW.FAN01,bf_sinter_fan_blower,1.4213,35.9657,55.6372,4.9826,63.9341,0,BF.BLW.FAN01::E00,train
2025-03-09 20:00:00,BF.BLW.FAN01,bf_sinter_fan_blower,1.4287,32.4683,56.1315,4.7324,63.095,0,BF.BLW.FAN01::E00,train
2025-03-09 21:00:00,BF.BLW.FAN01,bf_sinter_fan_blower,1.5064,32.0182,55.9133,4.7329,64.5498,0,BF.BLW.FAN01::E00,train
2025-03-09 22:00:00,BF.BLW.FAN01,bf_sinter_fan_blower,1.4567,38.7781,55.8056,4.7258,64.0868,1,BF.BLW.FAN01::E00,train
2025-03-09 23:00:00,BF.BLW.FAN01,bf_sinter_fan_blower,1.3879,42.7063,54.8542,4.955,65.014,1,BF.BLW.FAN01::E00,train
2025-03-10 00:00:00,BF.BLW.FAN01,bf_sinter_fan_blower,1.496,37.8624,55.4023,4.9382,64.7938,0,BF.BLW.FAN01::E00,train
2025-03-10 01:00:00,BF.BLW.FAN01,bf_sinter_fan_blower,1.5108,36.7466,56.6171,5.1102,64.3068,0,BF.BLW.FAN01::E00,train
2025-03-10 02:00:00,BF.BLW.FAN01,bf_sinter_fan_blower,1.4387,38.1223,57.5022,5.0981,63.9959,0,BF.BLW.FAN01::E00,train
2025-03-10 03:00:00,BF.BLW.FAN01,bf_sinter_fan_blower,1.4105,36.0892,57.2882,5.0895,63.7776,0,BF.BLW.FAN01::E00,train
2025-03-10 04:00:00,BF.BLW.FAN01,bf_sinter_fan_blower,1.4451,35.0279,58.9751,5.1609,63.5844,1,BF.BLW.FAN01::E00,train
2025-03-10 05:00:00,BF.BLW.FAN01,bf_sinter_fan_blower,1.424,32.5235,58.6833,5.1859,62.8668,0,BF.BLW.FAN01::E00,train
2025-03-10 06:00:00,BF.BLW.FAN01,bf_sinter_fan_blower,1.5213,33.7741,58.8246,5.2268,62.9222,0,BF.BLW.FAN01::E00,train
2025-03-10 07:00:00,BF.BLW.FAN01,bf_sinter_fan_blower,1.3498,33.9746,58.5907,5.2803,61.8851,1,BF.BLW.FAN01::E00,train
2025-03-10 08:00:00,BF.BLW.FAN01,bf_sinter_fan_blower,1.3681,29.3505,58.2582,5.046,61.8273,0,BF.BLW.FAN01::E00,train
2025-03-10 09:00:00,BF.BLW.FAN01,bf_sinter_fan_blower,1.4659,25.9778,57.6952,4.988,61.9209,1,BF.BLW.FAN01::E00,train
2025-03-10 10:00:00,BF.BLW.FAN01,bf_sinter_fan_blower,1.4217,26.3318,57.4203,4.9473,61.4718,0,BF.BLW.FAN01::E00,train
2025-03-10 11:00:00,BF.BLW.FAN01,bf_sinter_fan_blower,1.4309,24.5211,56.8348,4.8628,60.839,0,BF.BLW.FAN01::E00,train
2025-03-10 12:00:00,BF.BLW.FAN01,bf_sinter_fan_blower,1.3636,25.571,56.0802,4.7756,60.5681,0,BF.BLW.FAN01::E00,train
2025-03-10 13:00:00,BF.BLW.FAN01,bf_sinter_fan_blower,1.3496,23.9168,55.2136,4.8507,60.6153,1,BF.BLW.FAN01::E00,train
2025-03-10 14:00:00,BF.BLW.FAN01,bf_sinter_fan_blower,1.3809,24.7642,55.4063,4.8941,60.5148,0,BF.BLW.FAN01::E00,train
2025-03-10 15:00:00,BF.BLW.FAN01,bf_sinter_fan_blower,1.484,26.5644,56.0965,4.7701,61.4355,1,BF.BLW.FAN01::E00,train
2025-03-10 16:00:00,BF.BLW.FAN01,bf_sinter_fan_blower,1.3228,31.7446,55.7106,4.8281,60.2087,0,BF.BLW.FAN01::E00,train
2025-03-10 17:00:00,BF.BLW.FAN01,bf_sinter_fan_blower,1.2628,34.9065,55.5907,4.7186,58.5977,0,BF.BLW.FAN01::E00,train
2025-03-10 18:00:00,BF.BLW.FAN01,bf_sinter_fan_blower,1.2208,35.3514,54.6225,4.8278,57.1824,0,BF.BLW.FAN01::E00,train
2025-03-10 19:00:00,BF.BLW.FAN01,bf_sinter_fan_blower,1.1553,36.7639,54.0177,4.9419,56.8147,0,BF.BLW.FAN01::E00,train
2025-03-10 20:00:00,BF.BLW.FAN01,bf_sinter_fan_blower,1.153,36.7447,54.4108,5.0191,56.8305,0,BF.BLW.FAN01::E00,train
2025-03-10 21:00:00,BF.BLW.FAN01,bf_sinter_fan_blower,1.1498,33.8141,54.2258,4.9132,57.2026,1,BF.BLW.FAN01::E00,train
2025-03-10 22:00:00,BF.BLW.FAN01,bf_sinter_fan_blower,1.1917,36.1208,55.0683,4.875,57.632,0,BF.BLW.FAN01::E00,train
2025-03-10 23:00:00,BF.BLW.FAN01,bf_sinter_fan_blower,1.3053,34.0059,55.5946,4.6425,58.2724,0,BF.BLW.FAN01::E00,train
2025-03-11 00:00:00,BF.BLW.FAN01,bf_sinter_fan_blower,1.4393,34.2168,56.3708,4.5286,59.7045,0,BF.BLW.FAN01::E00,train
2025-03-11 01:00:00,BF.BLW.FAN01,bf_sinter_fan_blower,1.4412,28.767,57.2097,4.5968,59.5372,1,BF.BLW.FAN01::E00,train
2025-03-11 02:00:00,BF.BLW.FAN01,bf_sinter_fan_blower,1.5515,30.807,57.5419,4.6569,60.3639,0,BF.BLW.FAN01::E00,train
2025-03-11 03:00:00,BF.BLW.FAN01,bf_sinter_fan_blower,1.6013,25.3922,58.5173,4.5697,60.9288,1,BF.BLW.FAN01::E00,train
2025-03-11 04:00:00,BF.BLW.FAN01,bf_sinter_fan_blower,1.7627,24.9326,58.8096,4.5986,61.6218,0,BF.BLW.FAN01::E00,train
2025-03-11 05:00:00,BF.BLW.FAN01,bf_sinter_fan_blower,1.6955,29.7126,58.3372,4.5686,61.4883,1,BF.BLW.FAN01::E00,train
2025-03-11 06:00:00,BF.BLW.FAN01,bf_sinter_fan_blower,1.7682,25.2878,59.2361,4.723,61.8398,0,BF.BLW.FAN01::E00,train
2025-03-11 07:00:00,BF.BLW.FAN01,bf_sinter_fan_blower,1.7854,22.512,59.8678,4.7712,61.5273,0,BF.BLW.FAN01::E00,train
2025-03-11 08:00:00,BF.BLW.FAN01,bf_sinter_fan_blower,1.6257,23.7414,59.321,5.1403,60.6864,1,BF.BLW.FAN01::E00,train
2025-03-11 09:00:00,BF.BLW.FAN01,bf_sinter_fan_blower,1.6682,23.0496,59.2956,5.1378,60.3068,0,BF.BLW.FAN01::E00,train
2025-03-11 10:00:00,BF.BLW.FAN01,bf_sinter_fan_blower,1.4851,22.501,58.8107,5.3369,59.8973,0,BF.BLW.FAN01::E00,train
2025-03-11 11:00:00,BF.BLW.FAN01,bf_sinter_fan_blower,1.5654,19.7869,58.0308,5.2314,60.4726,1,BF.BLW.FAN01::E00,train
2025-03-11 12:00:00,BF.BLW.FAN01,bf_sinter_fan_blower,1.5201,20.385,57.466,5.2657,59.6155,1,BF.BLW.FAN01::E00,train
2025-03-11 13:00:00,BF.BLW.FAN01,bf_sinter_fan_blower,1.5518,21.5595,57.6585,5.1984,60.0205,1,BF.BLW.FAN01::E00,train
2025-03-11 14:00:00,BF.BLW.FAN01,bf_sinter_fan_blower,1.5894,18.6188,57.9313,5.1098,60.0779,0,BF.BLW.FAN01::E00,train
2025-03-11 15:00:00,BF.BLW.FAN01,bf_sinter_fan_blower,1.5909,17.8689,57.0841,4.9688,59.6445,0,BF.BLW.FAN01::E00,train
2025-03-11 16:00:00,BF.BLW.FAN01,bf_sinter_fan_blower,1.512,19.4742,56.216,4.962,58.9405,0,BF.BLW.FAN01::E00,train
2025-03-11 17:00:00,BF.BLW.FAN01,bf_sinter_fan_blower,1.4344,16.6555,54.5794,4.9577,58.5831,0,BF.BLW.FAN01::E00,train
2025-03-11 18:00:00,BF.BLW.FAN01,bf_sinter_fan_blower,1.4295,18.1108,54.8656,4.8701,58.4973,0,BF.BLW.FAN01::E00,train
2025-03-11 19:00:00,BF.BLW.FAN01,bf_sinter_fan_blower,1.3908,20.8113,54.8126,4.7787,57.8626,0,BF.BLW.FAN01::E00,train
2025-03-11 20:00:00,BF.BLW.FAN01,bf_sinter_fan_blower,1.4147,22.8112,55.4789,4.996,58.4873,0,BF.BLW.FAN01::E00,train
2025-03-11 21:00:00,BF.BLW.FAN01,bf_sinter_fan_blower,1.4986,23.9924,56.2611,5.1411,58.7938,1,BF.BLW.FAN01::E00,train
2025-03-11 22:00:00,BF.BLW.FAN01,bf_sinter_fan_blower,1.4249,22.975,55.395,4.9804,59.0973,1,BF.BLW.FAN01::E00,train
2025-03-11 23:00:00,BF.BLW.FAN01,bf_sinter_fan_blower,1.3125,25.6508,55.5554,4.9383,58.8879,0,BF.BLW.FAN01::E00,train
2025-03-12 00:00:00,BF.BLW.FAN01,bf_sinter_fan_blower,1.3005,26.8212,55.7334,4.773,58.8544,1,BF.BLW.FAN01::E00,train
2025-03-12 01:00:00,BF.BLW.FAN01,bf_sinter_fan_blower,1.3309,26.0322,55.4516,4.7816,59.1269,0,BF.BLW.FAN01::E00,train
2025-03-12 02:00:00,BF.BLW.FAN01,bf_sinter_fan_blower,1.3265,23.2741,55.6378,4.4858,59.1548,1,BF.BLW.FAN01::E00,train
2025-03-12 03:00:00,BF.BLW.FAN01,bf_sinter_fan_blower,1.5263,23.7392,56.8458,4.4618,60.3099,1,BF.BLW.FAN01::E00,train
2025-03-12 04:00:00,BF.BLW.FAN01,bf_sinter_fan_blower,1.694,24.6592,58.1413,4.4613,60.5909,0,BF.BLW.FAN01::E00,train
2025-03-12 05:00:00,BF.BLW.FAN01,bf_sinter_fan_blower,1.5659,22.2034,57.662,4.6218,60.8804,1,BF.BLW.FAN01::E00,train
2025-03-12 06:00:00,BF.BLW.FAN01,bf_sinter_fan_blower,1.6602,24.1983,58.0684,4.6598,61.3609,1,BF.BLW.FAN01::E00,train
2025-03-12 07:00:00,BF.BLW.FAN01,bf_sinter_fan_blower,1.5956,25.139,57.4315,4.7783,61.2865,0,BF.BLW.FAN01::E00,train
2025-03-12 08:00:00,BF.BLW.FAN01,bf_sinter_fan_blower,1.6856,25.7732,58.2187,4.9627,61.6834,0,BF.BLW.FAN01::E00,train
2025-03-12 09:00:00,BF.BLW.FAN01,bf_sinter_fan_blower,1.6826,25.7088,58.2329,4.9063,60.5337,1,BF.BLW.FAN01::E00,train
2025-03-12 10:00:00,BF.BLW.FAN01,bf_sinter_fan_blower,1.6277,24.7969,57.6687,4.6818,59.7516,0,BF.BLW.FAN01::E00,train
2025-03-12 11:00:00,BF.BLW.FAN01,bf_sinter_fan_blower,1.6115,25.4557,57.2364,4.942,58.8216,1,BF.BLW.FAN01::E00,train
2025-03-12 12:00:00,BF.BLW.FAN01,bf_sinter_fan_blower,1.5998,25.4941,57.1272,4.752,57.9583,1,BF.BLW.FAN01::E00,train
2025-03-12 13:00:00,BF.BLW.FAN01,bf_sinter_fan_blower,1.5972,23.2776,56.6199,4.5974,57.7721,1,BF.BLW.FAN01::E00,train
2025-03-12 14:00:00,BF.BLW.FAN01,bf_sinter_fan_blower,1.5469,24.3177,55.9769,4.6068,57.4606,1,BF.BLW.FAN01::E00,train
2025-03-12 15:00:00,BF.BLW.FAN01,bf_sinter_fan_blower,1.4362,24.4311,55.425,4.8465,56.1207,0,BF.BLW.FAN01::E00,train
2025-03-12 16:00:00,BF.BLW.FAN01,bf_sinter_fan_blower,1.4746,22.8602,55.7481,4.7499,55.423,1,BF.BLW.FAN01::E00,train
2025-03-12 17:00:00,BF.BLW.FAN01,bf_sinter_fan_blower,1.5564,24.7051,58.0166,4.7274,54.8117,1,BF.BLW.FAN01::E00,train
2025-03-12 18:00:00,BF.BLW.FAN01,bf_sinter_fan_blower,1.5966,27.3348,57.8516,4.8172,54.8562,0,BF.BLW.FAN01::E00,train
2025-03-12 19:00:00,BF.BLW.FAN01,bf_sinter_fan_blower,1.6223,25.9596,57.5056,4.9014,53.881,1,BF.BLW.FAN01::E00,train
2025-03-12 20:00:00,BF.BLW.FAN01,bf_sinter_fan_blower,1.4915,27.4069,57.192,5.1005,53.5725,0,BF.BLW.FAN01::E00,train
2025-03-12 21:00:00,BF.BLW.FAN01,bf_sinter_fan_blower,1.4342,30.3297,57.2381,5.1437,53.4092,0,BF.BLW.FAN01::E00,train
2025-03-12 22:00:00,BF.BLW.FAN01,bf_sinter_fan_blower,1.483,30.7089,57.7285,5.0174,53.2184,0,BF.BLW.FAN01::E00,train
2025-03-12 23:00:00,BF.BLW.FAN01,bf_sinter_fan_blower,1.5102,30.1451,58.4061,4.9033,52.5617,0,BF.BLW.FAN01::E00,train
2025-03-13 00:00:00,BF.BLW.FAN01,bf_sinter_fan_blower,1.5545,30.0613,58.3038,4.9044,53.7856,0,BF.BLW.FAN01::E00,train
2025-03-13 01:00:00,BF.BLW.FAN01,bf_sinter_fan_blower,1.6689,27.4405,59.2683,4.7637,53.9967,1,BF.BLW.FAN01::E00,train
2025-03-13 02:00:00,BF.BLW.FAN01,bf_sinter_fan_blower,1.8531,29.2845,59.9603,4.613,55.3042,0,BF.BLW.FAN01::E00,train
2025-03-13 03:00:00,BF.BLW.FAN01,bf_sinter_fan_blower,1.7444,29.3567,60.2435,4.5324,55.644,1,BF.BLW.FAN01::E00,train
2025-03-13 04:00:00,BF.BLW.FAN01,bf_sinter_fan_blower,1.7143,25.9385,58.9314,4.5266,56.92,0,BF.BLW.FAN01::E00,train
2025-03-13 05:00:00,BF.BLW.FAN01,bf_sinter_fan_blower,1.7321,23.5563,58.7972,4.4951,56.9866,0,BF.BLW.FAN01::E00,train
2025-03-13 06:00:00,BF.BLW.FAN01,bf_sinter_fan_blower,1.6736,23.0374,59.2706,4.456,56.7462,0,BF.BLW.FAN01::E00,train
2025-03-13 07:00:00,BF.BLW.FAN01,bf_sinter_fan_blower,1.8622,25.5077,59.7445,4.3305,57.3979,0,BF.BLW.FAN01::E00,train
2025-03-13 08:00:00,BF.BLW.FAN01,bf_sinter_fan_blower,1.6707,27.3555,59.6645,4.6415,55.9833,1,BF.BLW.FAN01::E00,train
2025-03-13 09:00:00,BF.BLW.FAN01,bf_sinter_fan_blower,1.7205,28.3435,59.3109,4.7999,56.8087,1,BF.BLW.FAN01::E00,train
2025-03-13 10:00:00,BF.BLW.FAN01,bf_sinter_fan_blower,1.6826,27.0029,59.4763,4.838,57.3641,1,BF.BLW.FAN01::E00,train
2025-03-13 11:00:00,BF.BLW.FAN01,bf_sinter_fan_blower,1.6649,29.8521,59.0844,4.7914,57.2598,0,BF.BLW.FAN01::E00,train
2025-03-13 12:00:00,BF.BLW.FAN01,bf_sinter_fan_blower,1.599,34.2713,58.8306,4.9629,56.144,1,BF.BLW.FAN01::E00,train
2025-03-13 13:00:00,BF.BLW.FAN01,bf_sinter_fan_blower,1.6367,33.6951,59.1424,4.9905,55.324,1,BF.BLW.FAN01::E00,train
2025-03-13 14:00:00,BF.BLW.FAN01,bf_sinter_fan_blower,1.5702,32.8974,57.9002,5.3027,55.2355,1,BF.BLW.FAN01::E00,train
2025-03-13 15:00:00,BF.BLW.FAN01,bf_sinter_fan_blower,1.638,33.1601,57.7176,5.1837,55.9711,0,BF.BLW.FAN01::E00,train
2025-03-13 16:00:00,BF.BLW.FAN01,bf_sinter_fan_blower,1.6457,34.4187,57.9729,5.2738,55.2986,1,BF.BLW.FAN01::E00,train
2025-03-13 17:00:00,BF.BLW.FAN01,bf_sinter_fan_blower,1.6924,34.7528,57.5583,5.3667,54.9669,1,BF.BLW.FAN01::E00,train
2025-03-13 18:00:00,BF.BLW.FAN01,bf_sinter_fan_blower,1.6536,32.7178,56.8936,5.1562,53.8765,1,BF.BLW.FAN01::E00,train
2025-03-13 19:00:00,BF.BLW.FAN01,bf_sinter_fan_blower,1.5989,33.846,57.1676,5.1748,53.6725,1,BF.BLW.FAN01::E00,train
2025-03-13 20:00:00,BF.BLW.FAN01,bf_sinter_fan_blower,1.6886,30.6809,57.5691,5.137,54.8019,0,BF.BLW.FAN01::E00,train
2025-03-13 21:00:00,BF.BLW.FAN01,bf_sinter_fan_blower,1.5981,28.9182,57.188,5.2684,54.4704,1,BF.BLW.FAN01::E00,train
2025-03-13 22:00:00,BF.BLW.FAN01,bf_sinter_fan_blower,1.6821,28.9548,58.5285,5.1523,53.0466,0,BF.BLW.FAN01::E00,train
2025-03-13 23:00:00,BF.BLW.FAN01,bf_sinter_fan_blower,1.6436,24.2768,58.7815,5.4422,54.6954,0,BF.BLW.FAN01::E00,train
2025-03-14 00:00:00,BF.BLW.FAN01,bf_sinter_fan_blower,1.5384,27.5205,58.6246,5.3267,54.0602,0,BF.BLW.FAN01::E00,train
2025-03-14 01:00:00,BF.BLW.FAN01,bf_sinter_fan_blower,1.4851,31.1759,58.5728,5.3613,54.764,0,BF.BLW.FAN01::E00,train
2025-03-14 02:00:00,BF.BLW.FAN01,bf_sinter_fan_blower,1.4807,29.0663,58.4109,5.2706,55.5881,0,BF.BLW.FAN01::E00,train
2025-03-14 03:00:00,BF.BLW.FAN01,bf_sinter_fan_blower,1.5176,31.9203,58.3199,5.0885,55.7889,1,BF.BLW.FAN01::E00,train
2025-03-14 04:00:00,BF.BLW.FAN01,bf_sinter_fan_blower,1.4381,28.0664,58.8749,5.4448,55.615,1,BF.BLW.FAN01::E00,train
2025-03-14 05:00:00,BF.BLW.FAN01,bf_sinter_fan_blower,1.4689,28.2079,58.8902,5.5009,56.3668,1,BF.BLW.FAN01::E00,train
2025-03-14 06:00:00,BF.BLW.FAN01,bf_sinter_fan_blower,1.4818,23.3727,58.8361,5.3735,57.1675,0,BF.BLW.FAN01::E00,train
2025-03-14 07:00:00,BF.BLW.FAN01,bf_sinter_fan_blower,1.7168,25.5475,60.5427,5.1995,57.9782,0,BF.BLW.FAN01::E00,train
2025-03-14 08:00:00,BF.BLW.FAN01,bf_sinter_fan_blower,1.6654,26.589,60.184,5.1506,58.7363,0,BF.BLW.FAN01::E00,train
2025-03-14 09:00:00,BF.BLW.FAN01,bf_sinter_fan_blower,1.7698,27.3304,60.5946,4.9947,59.1468,1,BF.BLW.FAN01::E00,train
2025-03-14 10:00:00,BF.BLW.FAN01,bf_sinter_fan_blower,1.8193,29.3976,60.7504,5.1981,59.2285,1,BF.BLW.FAN01::E00,train
2025-03-14 11:00:00,BF.BLW.FAN01,bf_sinter_fan_blower,4.1291,29.3292,60.2247,5.0867,58.898,1,BF.BLW.FAN01::E00,train
2025-03-14 12:00:00,BF.BLW.FAN01,bf_sinter_fan_blower,4.1199,33.4971,60.3364,5.0294,57.828,1,BF.BLW.FAN01::E00,train
2025-03-14 13:00:00,BF.BLW.FAN01,bf_sinter_fan_blower,1.8289,32.6056,60.1617,4.9799,57.4578,1,BF.BLW.FAN01::E00,train
2025-03-14 14:00:00,BF.BLW.FAN01,bf_sinter_fan_blower,1.6597,33.5636,59.7305,5.2251,56.7842,1,BF.BLW.FAN01::E00,train
2025-03-14 15:00:00,BF.BLW.FAN01,bf_sinter_fan_blower,1.707,32.888,60.2527,5.1764,55.992,0,BF.BLW.FAN01::E00,train
2025-03-14 16:00:00,BF.BLW.FAN01,bf_sinter_fan_blower,1.5918,35.9532,58.8754,5.1242,55.9847,0,BF.BLW.FAN01::E00,train
2025-03-14 17:00:00,BF.BLW.FAN01,bf_sinter_fan_blower,1.5315,38.2168,58.1088,5.1823,55.3096,1,BF.BLW.FAN01::E00,train
2025-03-14 18:00:00,BF.BLW.FAN01,bf_sinter_fan_blower,1.4847,33.1793,58.0198,5.3722,55.1018,0,BF.BLW.FAN01::E00,train
2025-03-14 19:00:00,BF.BLW.FAN01,bf_sinter_fan_blower,1.5154,33.7398,57.968,5.4094,54.8155,1,BF.BLW.FAN01::E00,train
2025-03-14 20:00:00,BF.BLW.FAN01,bf_sinter_fan_blower,1.5806,34.6679,58.7713,5.3105,55.0749,1,BF.BLW.FAN01::E00,train
2025-03-14 21:00:00,BF.BLW.FAN01,bf_sinter_fan_blower,1.5189,36.3419,58.1727,5.3367,55.672,1,BF.BLW.FAN01::E00,train
2025-03-14 22:00:00,BF.BLW.FAN01,bf_sinter_fan_blower,1.4659,35.3856,57.7119,5.3824,56.4052,0,BF.BLW.FAN01::E00,train
2025-03-14 23:00:00,BF.BLW.FAN01,bf_sinter_fan_blower,1.3989,37.3228,56.813,5.3857,57.3217,1,BF.BLW.FAN01::E00,train
2025-03-15 00:00:00,BF.BLW.FAN01,bf_sinter_fan_blower,1.426,38.7869,57.3756,5.3344,57.3224,1,BF.BLW.FAN01::E00,train
2025-03-15 01:00:00,BF.BLW.FAN01,bf_sinter_fan_blower,1.4214,38.1726,57.8417,5.1748,55.8702,0,BF.BLW.FAN01::E00,train
2025-03-15 02:00:00,BF.BLW.FAN01,bf_sinter_fan_blower,1.3563,36.5305,58.2417,5.206,55.8418,1,BF.BLW.FAN01::E00,train
2025-03-15 03:00:00,BF.BLW.FAN01,bf_sinter_fan_blower,1.4725,38.6821,59.2567,5.2069,56.2034,1,BF.BLW.FAN01::E00,train
2025-03-15 04:00:00,BF.BLW.FAN01,bf_sinter_fan_blower,1.6207,38.4982,60.2128,5.2704,57.3315,0,BF.BLW.FAN01::E00,train
2025-03-15 05:00:00,BF.BLW.FAN01,bf_sinter_fan_blower,1.7138,36.6359,60.6738,5.3503,58.5374,1,BF.BLW.FAN01::E00,train
2025-03-15 06:00:00,BF.BLW.FAN01,bf_sinter_fan_blower,1.6222,36.5493,61.2841,5.4229,57.139,1,BF.BLW.FAN01::E00,train
2025-03-15 07:00:00,BF.BLW.FAN01,bf_sinter_fan_blower,1.6546,36.5142,61.5088,5.3507,57.4012,1,BF.BLW.FAN01::E00,train
2025-03-15 08:00:00,BF.BLW.FAN01,bf_sinter_fan_blower,1.5607,37.4193,60.6821,5.4012,56.421,1,BF.BLW.FAN01::E00,train
2025-03-15 09:00:00,BF.BLW.FAN01,bf_sinter_fan_blower,1.6747,40.9343,61.6073,5.4283,56.3497,1,BF.BLW.FAN01::E00,train
2025-03-15 10:00:00,BF.BLW.FAN01,bf_sinter_fan_blower,1.7103,39.8998,61.158,5.5535,57.3772,1,BF.BLW.FAN01::E00,train
2025-03-15 11:00:00,BF.BLW.FAN01,bf_sinter_fan_blower,1.5721,39.7761,59.3482,5.412,56.9396,0,BF.BLW.FAN01::E00,train
2025-03-15 12:00:00,BF.BLW.FAN01,bf_sinter_fan_blower,1.6108,37.08,59.9628,5.1986,55.939,1,BF.BLW.FAN01::E00,train
2025-03-15 13:00:00,BF.BLW.FAN01,bf_sinter_fan_blower,1.5797,35.3891,59.4236,5.1178,54.2714,1,BF.BLW.FAN01::E00,train
2025-03-15 14:00:00,BF.BLW.FAN01,bf_sinter_fan_blower,1.5336,33.0729,58.4975,5.2279,54.0835,1,BF.BLW.FAN01::E00,train
2025-03-15 15:00:00,BF.BLW.FAN01,bf_sinter_fan_blower,1.476,28.4153,59.2119,5.2683,52.6948,1,BF.BLW.FAN01::E00,train
2025-03-15 16:00:00,BF.BLW.FAN01,bf_sinter_fan_blower,1.4927,29.1049,59.3972,5.2964,51.6011,1,BF.BLW.FAN01::E00,train
2025-03-15 17:00:00,BF.BLW.FAN01,bf_sinter_fan_blower,1.5553,31.2001,58.8303,5.3153,51.2244,1,BF.BLW.FAN01::E00,train
2025-03-15 18:00:00,BF.BLW.FAN01,bf_sinter_fan_blower,1.6581,30.6878,59.0103,5.3101,50.9746,0,BF.BLW.FAN01::E00,train
2025-03-15 19:00:00,BF.BLW.FAN01,bf_sinter_fan_blower,1.5857,29.5861,58.6278,5.2016,50.6846,1,BF.BLW.FAN01::E00,train
2025-03-15 20:00:00,BF.BLW.FAN01,bf_sinter_fan_blower,1.6249,30.0614,58.213,5.2886,51.217,1,BF.BLW.FAN01::E00,train
2025-03-15 21:00:00,BF.BLW.FAN01,bf_sinter_fan_blower,1.5673,30.1152,57.4421,5.2898,52.1937,1,BF.BLW.FAN01::E00,train
2025-03-15 22:00:00,BF.BLW.FAN01,bf_sinter_fan_blower,1.5536,30.5708,57.8704,5.0576,51.8779,1,BF.BLW.FAN01::E00,train
2025-03-15 23:00:00,BF.BLW.FAN01,bf_sinter_fan_blower,1.6452,26.1761,57.6197,5.1006,53.3062,1,BF.BLW.FAN01::E00,train
2025-03-16 00:00:00,BF.BLW.FAN01,bf_sinter_fan_blower,1.5152,28.5974,56.9203,5.1935,52.6001,1,BF.BLW.FAN01::E00,train
2025-03-16 01:00:00,BF.BLW.FAN01,bf_sinter_fan_blower,1.5267,24.4902,57.2049,5.2356,52.8069,1,BF.BLW.FAN01::E00,train
2025-03-16 02:00:00,BF.BLW.FAN01,bf_sinter_fan_blower,1.3905,23.2853,56.2895,5.204,53.475,1,BF.BLW.FAN01::E00,train
2025-03-16 03:00:00,BF.BLW.FAN01,bf_sinter_fan_blower,1.3851,20.487,56.5549,5.1389,53.081,1,BF.BLW.FAN01::E00,train
2025-03-16 04:00:00,BF.BLW.FAN01,bf_sinter_fan_blower,1.3375,20.3439,57.3327,5.4351,52.7703,1,BF.BLW.FAN01::E00,train
2025-03-16 05:00:00,BF.BLW.FAN01,bf_sinter_fan_blower,1.4054,16.5826,57.7961,5.4425,52.6504,1,BF.BLW.FAN01::E00,train
2025-03-16 06:00:00,BF.BLW.FAN01,bf_sinter_fan_blower,1.3361,17.2745,57.5236,5.4478,52.6267,0,BF.BLW.FAN01::E00,train
2025-03-16 07:00:00,BF.BLW.FAN01,bf_sinter_fan_blower,1.4268,16.0126,57.705,5.5395,52.8893,1,BF.BLW.FAN01::E00,train
2025-03-16 08:00:00,BF.BLW.FAN01,bf_sinter_fan_blower,1.4479,16.6222,58.7192,5.4393,52.0281,1,BF.BLW.FAN01::E00,train
2025-03-16 09:00:00,BF.BLW.FAN01,bf_sinter_fan_blower,1.5051,18.1353,58.5439,5.5314,53.241,1,BF.BLW.FAN01::E00,train
2025-03-16 10:00:00,BF.BLW.FAN01,bf_sinter_fan_blower,1.5901,20.139,58.6508,5.3822,52.2897,1,BF.BLW.FAN01::E00,train
2025-03-16 11:00:00,BF.BLW.FAN01,bf_sinter_fan_blower,1.451,21.4104,57.4077,5.4324,51.7066,1,BF.BLW.FAN01::E00,train
2025-03-16 12:00:00,BF.BLW.FAN01,bf_sinter_fan_blower,1.4757,21.8483,56.8884,5.4958,52.0579,1,BF.BLW.FAN01::E00,train
2025-03-16 13:00:00,BF.BLW.FAN01,bf_sinter_fan_blower,1.4631,25.8658,55.768,5.5395,52.6641,1,BF.BLW.FAN01::E00,train
2025-03-16 14:00:00,BF.BLW.FAN01,bf_sinter_fan_blower,1.4906,22.4459,55.6223,5.4341,53.1882,0,BF.BLW.FAN01::E00,train
2025-03-16 15:00:00,BF.BLW.FAN01,bf_sinter_fan_blower,1.4774,23.5318,55.7121,5.5367,53.4499,1,BF.BLW.FAN01::E00,train
2025-03-16 16:00:00,BF.BLW.FAN01,bf_sinter_fan_blower,1.4523,25.0046,58.8814,5.512,53.2768,0,BF.BLW.FAN01::E00,train
2025-03-16 17:00:00,BF.BLW.FAN01,bf_sinter_fan_blower,1.4251,22.7015,62.7057,5.3918,53.1587,1,BF.BLW.FAN01::E00,train
2025-03-16 18:00:00,BF.BLW.FAN01,bf_sinter_fan_blower,1.5121,24.1928,66.6573,5.5314,53.6962,1,BF.BLW.FAN01::E00,train
2025-03-16 19:00:00,BF.BLW.FAN01,bf_sinter_fan_blower,1.4539,30.2835,69.3799,5.6351,53.3449,1,BF.BLW.FAN01::E00,train
2025-03-16 20:00:00,BF.BLW.FAN01,bf_sinter_fan_blower,1.533,45.3929,70.4478,5.5939,54.9257,1,BF.BLW.FAN01::E00,train
2025-03-16 21:00:00,BF.BLW.FAN01,bf_sinter_fan_blower,1.5434,46.3374,68.9761,5.7377,56.1131,1,BF.BLW.FAN01::E00,train
2025-03-16 22:00:00,BF.BLW.FAN01,bf_sinter_fan_blower,1.561,28.7629,66.7681,5.6448,56.4328,1,BF.BLW.FAN01::E00,train
2025-03-16 23:00:00,BF.BLW.FAN01,bf_sinter_fan_blower,1.3991,19.7625,62.8918,5.4862,56.3103,1,BF.BLW.FAN01::E00,train
2025-03-17 00:00:00,BF.BLW.FAN01,bf_sinter_fan_blower,1.4182,18.3294,58.542,5.4446,57.7534,0,BF.BLW.FAN01::E00,train
2025-03-17 01:00:00,BF.BLW.FAN01,bf_sinter_fan_blower,1.4933,17.1716,55.72,5.3917,58.5031,1,BF.BLW.FAN01::E00,train
2025-03-17 02:00:00,BF.BLW.FAN01,bf_sinter_fan_blower,1.5723,20.1068,55.5906,5.5337,58.7743,1,BF.BLW.FAN01::E00,train
2025-03-17 03:00:00,BF.BLW.FAN01,bf_sinter_fan_blower,1.5829,21.3601,57.1413,5.4824,58.072,1,BF.BLW.FAN01::E00,train
2025-03-17 04:00:00,BF.BLW.FAN01,bf_sinter_fan_blower,1.5844,26.0817,56.9578,5.6662,59.5578,1,BF.BLW.FAN01::E00,train
2025-03-17 05:00:00,BF.BLW.FAN01,bf_sinter_fan_blower,1.6367,26.9236,57.9254,5.513,59.0837,1,BF.BLW.FAN01::E00,train
2025-03-17 06:00:00,BF.BLW.FAN01,bf_sinter_fan_blower,1.6909,29.9788,57.9926,5.6891,60.0453,0,BF.BLW.FAN01::E00,train
2025-03-17 07:00:00,BF.BLW.FAN01,bf_sinter_fan_blower,1.7827,26.7021,58.5168,5.7129,59.885,1,BF.BLW.FAN01::E00,train
2025-03-17 08:00:00,BF.BLW.FAN01,bf_sinter_fan_blower,1.7303,26.5268,58.7198,5.805,58.298,1,BF.BLW.FAN01::E00,train
2025-03-17 09:00:00,BF.BLW.FAN01,bf_sinter_fan_blower,1.8011,20.5952,59.2112,5.6121,58.3736,1,BF.BLW.FAN01::E00,train
2025-03-17 10:00:00,BF.BLW.FAN01,bf_sinter_fan_blower,1.7744,27.9762,59.0522,5.5214,57.2453,1,BF.BLW.FAN01::E00,train
2025-03-17 11:00:00,BF.BLW.FAN01,bf_sinter_fan_blower,1.6875,30.1537,58.3054,5.5856,57.5593,1,BF.BLW.FAN01::E00,train
2025-03-17 12:00:00,BF.BLW.FAN01,bf_sinter_fan_blower,1.663,28.6379,58.4066,5.712,56.7362,1,BF.BLW.FAN01::E00,train
2025-03-17 13:00:00,BF.BLW.FAN01,bf_sinter_fan_blower,1.6831,29.1129,58.7488,5.8355,57.2307,1,BF.BLW.FAN01::E00,train
2025-03-17 14:00:00,BF.BLW.FAN01,bf_sinter_fan_blower,1.6206,30.3538,57.4264,5.8333,56.8541,1,BF.BLW.FAN01::E00,train
2025-03-17 15:00:00,BF.BLW.FAN01,bf_sinter_fan_blower,1.5975,30.4081,56.4843,5.9812,57.7507,1,BF.BLW.FAN01::E00,train
2025-03-17 16:00:00,BF.BLW.FAN01,bf_sinter_fan_blower,1.6021,29.3139,56.6068,5.8125,56.3611,1,BF.BLW.FAN01::E00,train
2025-03-17 17:00:00,BF.BLW.FAN01,bf_sinter_fan_blower,1.8103,29.6517,56.3016,5.6568,56.4054,1,BF.BLW.FAN01::E00,train
2025-03-17 18:00:00,BF.BLW.FAN01,bf_sinter_fan_blower,2.1488,28.3126,57.1781,5.8464,56.5512,0,BF.BLW.FAN01::E00,train
2025-03-17 19:00:00,BF.BLW.FAN01,bf_sinter_fan_blower,2.643,28.5278,56.3894,5.7879,55.9276,1,BF.BLW.FAN01::E00,train
2025-03-17 20:00:00,BF.BLW.FAN01,bf_sinter_fan_blower,3.3406,29.0793,57.2204,5.9543,55.8417,1,BF.BLW.FAN01::E00,train
2025-03-17 21:00:00,BF.BLW.FAN01,bf_sinter_fan_blower,3.9408,23.6446,56.7412,5.9719,55.5119,1,BF.BLW.FAN01::E00,train
2025-03-17 22:00:00,BF.BLW.FAN01,bf_sinter_fan_blower,4.3857,26.3256,57.0873,6.1417,56.1846,1,BF.BLW.FAN01::E00,train
2025-03-17 23:00:00,BF.BLW.FAN01,bf_sinter_fan_blower,4.624,22.2147,58.1483,6.1511,57.0171,1,BF.BLW.FAN01::E00,train
2025-03-18 00:00:00,BF.BLW.FAN01,bf_sinter_fan_blower,4.3484,26.2171,56.4638,5.9994,57.3825,1,BF.BLW.FAN01::E00,train
2025-03-18 01:00:00,BF.BLW.FAN01,bf_sinter_fan_blower,3.9669,27.4645,56.1545,5.9955,58.4706,1,BF.BLW.FAN01::E00,train
2025-03-18 02:00:00,BF.BLW.FAN01,bf_sinter_fan_blower,3.4041,26.1141,56.0308,5.9337,59.222,1,BF.BLW.FAN01::E00,train
2025-03-18 03:00:00,BF.BLW.FAN01,bf_sinter_fan_blower,2.7093,24.6473,55.9454,6.0565,59.2345,1,BF.BLW.FAN01::E00,train
2025-03-18 04:00:00,BF.BLW.FAN01,bf_sinter_fan_blower,2.137,24.4927,55.0375,5.9373,59.3712,0,BF.BLW.FAN01::E00,train
2025-03-18 05:00:00,BF.BLW.FAN01,bf_sinter_fan_blower,1.9334,20.6887,56.2634,5.911,60.9421,1,BF.BLW.FAN01::E00,train
2025-03-18 06:00:00,BF.BLW.FAN01,bf_sinter_fan_blower,1.756,24.2044,55.405,5.9567,61.8706,1,BF.BLW.FAN01::E00,train
2025-03-18 07:00:00,BF.BLW.FAN01,bf_sinter_fan_blower,1.7283,27.4817,54.9209,6.091,61.4065,1,BF.BLW.FAN01::E00,train
2025-03-18 08:00:00,BF.BLW.FAN01,bf_sinter_fan_blower,1.7481,29.4245,55.3159,6.1224,62.0143,1,BF.BLW.FAN01::E00,train
2025-03-18 09:00:00,BF.BLW.FAN01,bf_sinter_fan_blower,1.6835,30.0111,54.4405,6.1277,62.1093,1,BF.BLW.FAN01::E00,train
2025-03-18 10:00:00,BF.BLW.FAN01,bf_sinter_fan_blower,1.7211,32.3494,54.4917,5.9931,60.7444,1,BF.BLW.FAN01::E00,train
2025-03-18 11:00:00,BF.BLW.FAN01,bf_sinter_fan_blower,1.7277,27.5176,53.5059,6.2271,61.8366,1,BF.BLW.FAN01::E00,train
2025-03-18 12:00:00,BF.BLW.FAN01,bf_sinter_fan_blower,1.688,28.8299,53.7548,6.4508,62.0843,1,BF.BLW.FAN01::E00,train
2025-03-18 13:00:00,BF.BLW.FAN01,bf_sinter_fan_blower,1.5911,29.4604,53.2682,6.4377,62.0285,1,BF.BLW.FAN01::E00,train
2025-03-18 14:00:00,BF.BLW.FAN01,bf_sinter_fan_blower,1.5859,30.2087,53.1393,6.3565,60.7238,1,BF.BLW.FAN01::E00,train
2025-03-18 15:00:00,BF.BLW.FAN01,bf_sinter_fan_blower,1.7194,30.621,53.348,6.3308,61.822,1,BF.BLW.FAN01::E00,train
2025-03-18 16:00:00,BF.BLW.FAN01,bf_sinter_fan_blower,1.6804,32.3835,53.4225,6.4513,60.6001,1,BF.BLW.FAN01::E00,train
2025-03-18 17:00:00,BF.BLW.FAN01,bf_sinter_fan_blower,1.5819,31.6924,52.4878,6.242,59.9416,1,BF.BLW.FAN01::E00,train
2025-03-18 18:00:00,BF.BLW.FAN01,bf_sinter_fan_blower,1.5493,32.5322,52.1212,6.1382,59.7169,1,BF.BLW.FAN01::E00,train
2025-03-18 19:00:00,BF.BLW.FAN01,bf_sinter_fan_blower,1.6501,32.4159,52.9829,6.1328,59.888,0,BF.BLW.FAN01::E00,train
2025-03-18 20:00:00,BF.BLW.FAN01,bf_sinter_fan_blower,1.4734,29.4686,51.6033,6.1351,59.4538,0,BF.BLW.FAN01::E00,train
2025-03-18 21:00:00,BF.BLW.FAN01,bf_sinter_fan_blower,1.3626,35.7203,51.4743,5.9716,58.6103,1,BF.BLW.FAN01::E00,train
2025-03-18 22:00:00,BF.BLW.FAN01,bf_sinter_fan_blower,1.4444,35.7128,51.4687,5.8973,59.1211,1,BF.BLW.FAN01::E00,train
2025-03-18 23:00:00,BF.BLW.FAN01,bf_sinter_fan_blower,1.5454,33.0102,52.1292,5.9855,59.8748,1,BF.BLW.FAN01::E00,train
2025-03-19 00:00:00,BF.BLW.FAN01,bf_sinter_fan_blower,1.4194,30.9715,52.2118,6.0683,59.6925,1,BF.BLW.FAN01::E00,train
2025-03-19 01:00:00,BF.BLW.FAN01,bf_sinter_fan_blower,1.3099,32.3438,52.1328,6.2235,59.5133,1,BF.BLW.FAN01::E00,train
2025-03-19 02:00:00,BF.BLW.FAN01,bf_sinter_fan_blower,1.4286,31.3763,52.7294,6.2408,60.2022,1,BF.BLW.FAN01::E00,train
2025-03-19 03:00:00,BF.BLW.FAN01,bf_sinter_fan_blower,1.4546,29.1045,52.2184,6.1883,61.105,1,BF.BLW.FAN01::E00,train
2025-03-19 04:00:00,BF.BLW.FAN01,bf_sinter_fan_blower,1.4672,29.6403,52.4455,6.1329,60.698,1,BF.BLW.FAN01::E00,train
2025-03-19 05:00:00,BF.BLW.FAN01,bf_sinter_fan_blower,1.528,28.4697,52.132,5.8795,62.2502,1,BF.BLW.FAN01::E00,train
2025-03-19 06:00:00,BF.BLW.FAN01,bf_sinter_fan_blower,1.7096,27.6394,53.524,5.8668,63.5777,1,BF.BLW.FAN01::E00,train
2025-03-19 07:00:00,BF.BLW.FAN01,bf_sinter_fan_blower,1.6211,26.1841,52.5779,5.8082,63.086,0,BF.BLW.FAN01::E00,train
2025-03-19 08:00:00,BF.BLW.FAN01,bf_sinter_fan_blower,1.5978,23.878,51.509,5.8622,64.3317,1,BF.BLW.FAN01::E00,train
2025-03-19 09:00:00,BF.BLW.FAN01,bf_sinter_fan_blower,1.6358,26.5461,51.1027,5.9025,64.1619,1,BF.BLW.FAN01::E00,train
2025-03-19 10:00:00,BF.BLW.FAN01,bf_sinter_fan_blower,1.5145,23.6151,50.7334,5.9822,63.3354,1,BF.BLW.FAN01::E00,train
2025-03-19 11:00:00,BF.BLW.FAN01,bf_sinter_fan_blower,1.3651,26.6935,50.0768,6.1453,60.9128,1,BF.BLW.FAN01::E00,train
2025-03-19 12:00:00,BF.BLW.FAN01,bf_sinter_fan_blower,1.3707,27.0703,50.2874,6.0433,59.7577,1,BF.BLW.FAN01::E00,train
2025-03-19 13:00:00,BF.BLW.FAN01,bf_sinter_fan_blower,1.28,26.8898,49.7299,6.1128,58.8308,1,BF.BLW.FAN01::E00,train
2025-03-19 14:00:00,BF.BLW.FAN01,bf_sinter_fan_blower,1.3078,30.1358,49.874,6.1796,57.9603,1,BF.BLW.FAN01::E00,train
2025-03-19 15:00:00,BF.BLW.FAN01,bf_sinter_fan_blower,1.3378,29.5512,50.5171,6.3151,57.1343,1,BF.BLW.FAN01::E00,train
2025-03-19 16:00:00,BF.BLW.FAN01,bf_sinter_fan_blower,1.3048,29.905,50.4587,6.1442,56.6689,1,BF.BLW.FAN01::E00,train
2025-03-19 17:00:00,BF.BLW.FAN01,bf_sinter_fan_blower,1.2323,29.9228,49.1886,6.1199,56.8929,1,BF.BLW.FAN01::E00,train
2025-03-19 18:00:00,BF.BLW.FAN01,bf_sinter_fan_blower,1.172,29.0801,48.7737,6.0561,55.84,1,BF.BLW.FAN01::E00,train
2025-03-19 19:00:00,BF.BLW.FAN01,bf_sinter_fan_blower,1.1575,24.5047,48.7806,5.9733,55.2453,1,BF.BLW.FAN01::E00,train
2025-03-19 20:00:00,BF.BLW.FAN01,bf_sinter_fan_blower,1.2341,26.4057,49.7743,6.0954,55.8938,1,BF.BLW.FAN01::E00,train
2025-03-19 21:00:00,BF.BLW.FAN01,bf_sinter_fan_blower,1.3093,30.9246,51.4672,6.267,55.8026,1,BF.BLW.FAN01::E00,train
2025-03-19 22:00:00,BF.BLW.FAN01,bf_sinter_fan_blower,1.303,32.1717,51.9346,5.9844,55.9934,1,BF.BLW.FAN01::E00,train
2025-03-19 23:00:00,BF.BLW.FAN01,bf_sinter_fan_blower,1.275,33.4113,51.4127,5.9864,55.9594,1,BF.BLW.FAN01::E00,train
2025-03-20 00:00:00,BF.BLW.FAN01,bf_sinter_fan_blower,1.2555,31.7281,50.6215,5.7857,56.8111,1,BF.BLW.FAN01::E00,train
2025-03-20 01:00:00,BF.BLW.FAN01,bf_sinter_fan_blower,1.2334,30.0382,50.1793,5.8695,57.3425,1,BF.BLW.FAN01::E00,train
2025-03-20 02:00:00,BF.BLW.FAN01,bf_sinter_fan_blower,1.3637,34.6207,50.4945,5.6362,58.6302,1,BF.BLW.FAN01::E00,train
2025-03-20 03:00:00,BF.BLW.FAN01,bf_sinter_fan_blower,1.408,34.6933,50.9594,5.6857,59.712,1,BF.BLW.FAN01::E00,train
2025-03-20 04:00:00,BF.BLW.FAN01,bf_sinter_fan_blower,1.638,36.22,52.1496,5.6383,61.1648,1,BF.BLW.FAN01::E00,train
2025-03-20 05:00:00,BF.BLW.FAN01,bf_sinter_fan_blower,1.702,35.0864,52.9998,5.5208,61.7551,1,BF.BLW.FAN01::E00,train
2025-03-20 06:00:00,BF.BLW.FAN01,bf_sinter_fan_blower,1.6313,35.8357,53.0033,5.5058,60.1239,1,BF.BLW.FAN01::E00,train
2025-03-20 07:00:00,BF.BLW.FAN01,bf_sinter_fan_blower,1.7153,31.9486,53.3596,5.6572,59.9143,1,BF.BLW.FAN01::E00,train
2025-03-20 08:00:00,BF.BLW.FAN01,bf_sinter_fan_blower,1.663,33.4105,52.9672,5.7166,59.075,1,BF.BLW.FAN01::E00,train
2025-03-20 09:00:00,BF.BLW.FAN01,bf_sinter_fan_blower,1.5929,36.1301,52.4074,5.7066,58.4953,1,BF.BLW.FAN01::E00,train
2025-03-20 10:00:00,BF.BLW.FAN01,bf_sinter_fan_blower,1.6877,36.2065,52.8563,5.5158,58.8878,1,BF.BLW.FAN01::E00,train
2025-03-20 11:00:00,BF.BLW.FAN01,bf_sinter_fan_blower,1.6955,33.5345,51.9546,5.4868,59.0596,1,BF.BLW.FAN01::E00,train
2025-03-20 12:00:00,BF.BLW.FAN01,bf_sinter_fan_blower,1.6447,31.0116,51.2795,5.6534,58.0468,1,BF.BLW.FAN01::E00,train
2025-03-20 13:00:00,BF.BLW.FAN01,bf_sinter_fan_blower,1.7192,30.5894,51.6218,5.5981,57.1505,1,BF.BLW.FAN01::E00,train
2025-03-20 14:00:00,BF.BLW.FAN01,bf_sinter_fan_blower,1.7299,27.5548,51.6923,5.4587,55.9958,1,BF.BLW.FAN01::E00,train
2025-03-20 15:00:00,BF.BLW.FAN01,bf_sinter_fan_blower,1.7834,31.0434,52.5526,5.5021,55.4716,1,BF.BLW.FAN01::E00,train
2025-03-20 16:00:00,BF.BLW.FAN01,bf_sinter_fan_blower,1.7131,29.3042,52.3708,5.4986,55.6608,1,BF.BLW.FAN01::E00,train
2025-03-20 17:00:00,BF.BLW.FAN01,bf_sinter_fan_blower,1.6157,29.7024,51.8955,5.642,55.0619,0,BF.BLW.FAN01::E00,train
2025-03-20 18:00:00,BF.BLW.FAN01,bf_sinter_fan_blower,1.4652,29.0088,50.8555,5.5584,53.6075,1,BF.BLW.FAN01::E00,train
2025-03-20 19:00:00,BF.BLW.FAN01,bf_sinter_fan_blower,1.4167,32.0624,49.9065,5.4244,53.3816,1,BF.BLW.FAN01::E00,train
2025-03-20 20:00:00,BF.BLW.FAN01,bf_sinter_fan_blower,1.3765,27.7905,49.1301,5.5426,52.9376,1,BF.BLW.FAN01::E00,train
2025-03-20 21:00:00,BF.BLW.FAN01,bf_sinter_fan_blower,1.4544,29.8405,49.7257,5.5547,53.4645,1,BF.BLW.FAN01::E00,train
2025-03-20 22:00:00,BF.BLW.FAN01,bf_sinter_fan_blower,1.5502,29.2801,50.7977,5.6096,53.942,1,BF.BLW.FAN01::E00,train
2025-03-20 23:00:00,BF.BLW.FAN01,bf_sinter_fan_blower,1.4264,26.8156,50.3586,5.5896,54.9213,1,BF.BLW.FAN01::E00,train
2025-03-21 00:00:00,BF.BLW.FAN01,bf_sinter_fan_blower,1.1594,28.1242,49.3294,5.6279,53.9885,1,BF.BLW.FAN01::E00,train
2025-03-21 01:00:00,BF.BLW.FAN01,bf_sinter_fan_blower,1.1487,28.746,49.2451,5.6899,54.0227,1,BF.BLW.FAN01::E00,train
2025-03-21 02:00:00,BF.BLW.FAN01,bf_sinter_fan_blower,1.2097,28.3184,50.2047,5.8027,54.0179,1,BF.BLW.FAN01::E00,train
2025-03-21 03:00:00,BF.BLW.FAN01,bf_sinter_fan_blower,1.2549,29.3866,50.3774,6.0076,55.4132,0,BF.BLW.FAN01::E00,train
2025-03-21 04:00:00,BF.BLW.FAN01,bf_sinter_fan_blower,1.3303,28.2983,50.2972,5.9648,56.0336,1,BF.BLW.FAN01::E00,train
2025-03-21 05:00:00,BF.BLW.FAN01,bf_sinter_fan_blower,1.3547,26.9872,50.9273,5.9704,56.1425,1,BF.BLW.FAN01::E00,train
2025-03-21 06:00:00,BF.BLW.FAN01,bf_sinter_fan_blower,1.2537,28.7745,50.3694,5.8805,54.9751,1,BF.BLW.FAN01::E00,train
2025-03-21 07:00:00,BF.BLW.FAN01,bf_sinter_fan_blower,1.2755,35.5592,51.1137,5.8364,54.3054,1,BF.BLW.FAN01::E00,train
2025-03-21 08:00:00,BF.BLW.FAN01,bf_sinter_fan_blower,1.2642,30.5925,50.6256,5.6602,54.3216,1,BF.BLW.FAN01::E00,train
2025-03-21 09:00:00,BF.BLW.FAN01,bf_sinter_fan_blower,1.2253,28.8415,49.3018,5.6032,54.3733,1,BF.BLW.FAN01::E00,train
2025-03-21 10:00:00,BF.BLW.FAN01,bf_sinter_fan_blower,1.1606,29.73,48.2131,5.5025,54.1435,1,BF.BLW.FAN01::E00,train
2025-03-21 11:00:00,BF.BLW.FAN01,bf_sinter_fan_blower,1.1433,33.9818,47.4807,5.465,54.6111,1,BF.BLW.FAN01::E00,train
2025-03-21 12:00:00,BF.BLW.FAN01,bf_sinter_fan_blower,1.0675,34.0223,46.9791,5.6769,54.5265,1,BF.BLW.FAN01::E00,train
2025-03-21 13:00:00,BF.BLW.FAN01,bf_sinter_fan_blower,1.171,33.3257,47.3726,5.7785,54.1225,1,BF.BLW.FAN01::E00,train
2025-03-21 14:00:00,BF.BLW.FAN01,bf_sinter_fan_blower,1.1028,34.6381,45.6669,5.8369,53.6631,1,BF.BLW.FAN01::E00,train
2025-03-21 15:00:00,BF.BLW.FAN01,bf_sinter_fan_blower,1.1785,33.0826,44.9725,5.8889,54.4497,1,BF.BLW.FAN01::E00,train
2025-03-21 16:00:00,BF.BLW.FAN01,bf_sinter_fan_blower,1.2749,34.3553,45.6439,5.8664,54.4437,1,BF.BLW.FAN01::E00,train
2025-03-21 17:00:00,BF.BLW.FAN01,bf_sinter_fan_blower,1.1835,36.0245,45.0766,5.7477,53.9024,1,BF.BLW.FAN01::E00,train
2025-03-21 18:00:00,BF.BLW.FAN01,bf_sinter_fan_blower,1.3727,37.4074,45.498,5.8332,55.7528,1,BF.BLW.FAN01::E00,train
2025-03-21 19:00:00,BF.BLW.FAN01,bf_sinter_fan_blower,1.3649,34.293,45.2993,5.7147,56.8566,1,BF.BLW.FAN01::E00,train
2025-03-21 20:00:00,BF.BLW.FAN01,bf_sinter_fan_blower,1.2427,37.3666,44.5418,5.7239,57.08,1,BF.BLW.FAN01::E00,train
2025-03-21 21:00:00,BF.BLW.FAN01,bf_sinter_fan_blower,1.1423,39.34,44.7639,5.9228,56.4276,1,BF.BLW.FAN01::E00,train
2025-03-21 22:00:00,BF.BLW.FAN01,bf_sinter_fan_blower,1.3327,35.8185,45.7739,5.9524,58.906,1,BF.BLW.FAN01::E00,train
2025-03-21 23:00:00,BF.BLW.FAN01,bf_sinter_fan_blower,1.3811,38.2916,46.2882,5.9395,60.2852,1,BF.BLW.FAN01::E00,train
2025-03-22 00:00:00,BF.BLW.FAN01,bf_sinter_fan_blower,1.3806,43.163,47.5246,5.9486,59.3832,1,BF.BLW.FAN01::E00,train
2025-03-22 01:00:00,BF.BLW.FAN01,bf_sinter_fan_blower,1.3443,37.6192,48.002,5.8898,58.6144,1,BF.BLW.FAN01::E00,train
2025-03-22 02:00:00,BF.BLW.FAN01,bf_sinter_fan_blower,1.3841,39.1291,48.2681,5.8516,58.4878,1,BF.BLW.FAN01::E00,train
2025-03-22 03:00:00,BF.BLW.FAN01,bf_sinter_fan_blower,1.4942,41.6459,49.3284,5.7355,58.9387,1,BF.BLW.FAN01::E00,train
2025-03-22 04:00:00,BF.BLW.FAN01,bf_sinter_fan_blower,1.3899,38.6716,48.9961,5.8011,59.3074,1,BF.BLW.FAN01::E00,train
2025-03-22 05:00:00,BF.BLW.FAN01,bf_sinter_fan_blower,1.4988,42.2276,50.1201,6.0909,60.3527,1,BF.BLW.FAN01::E00,train
2025-03-22 06:00:00,BF.BLW.FAN01,bf_sinter_fan_blower,1.5125,41.9278,50.3679,6.1557,60.9558,1,BF.BLW.FAN01::E00,train
2025-03-22 07:00:00,BF.BLW.FAN01,bf_sinter_fan_blower,1.5829,39.9178,50.0948,6.2462,61.5724,1,BF.BLW.FAN01::E00,train
2025-03-22 08:00:00,BF.BLW.FAN01,bf_sinter_fan_blower,1.6294,44.5616,49.9703,6.1747,63.0781,1,BF.BLW.FAN01::E00,train
2025-03-22 09:00:00,BF.BLW.FAN01,bf_sinter_fan_blower,1.5872,40.6428,49.4825,6.1882,63.1288,0,BF.BLW.FAN01::E00,train
2025-03-22 10:00:00,BF.BLW.FAN01,bf_sinter_fan_blower,1.6349,41.4048,49.5918,6.2585,62.8451,1,BF.BLW.FAN01::E00,train
2025-03-22 11:00:00,BF.BLW.FAN01,bf_sinter_fan_blower,1.5523,42.2286,48.9288,6.2887,62.6406,1,BF.BLW.FAN01::E00,train
2025-03-22 12:00:00,BF.BLW.FAN01,bf_sinter_fan_blower,1.5701,44.8257,49.3049,6.1954,62.273,1,BF.BLW.FAN01::E00,train
2025-03-22 13:00:00,BF.BLW.FAN01,bf_sinter_fan_blower,1.6661,45.2617,49.3218,6.1472,63.207,1,BF.BLW.FAN01::E00,train
2025-03-22 14:00:00,BF.BLW.FAN01,bf_sinter_fan_blower,1.5058,45.9918,48.5498,6.154,62.0421,1,BF.BLW.FAN01::E00,train
2025-03-22 15:00:00,BF.BLW.FAN01,bf_sinter_fan_blower,1.4554,46.5263,48.5931,6.3111,62.3525,1,BF.BLW.FAN01::E00,train
2025-03-22 16:00:00,BF.BLW.FAN01,bf_sinter_fan_blower,1.4277,49.8052,49.4413,6.2126,60.5282,1,BF.BLW.FAN01::E00,train
2025-03-22 17:00:00,BF.BLW.FAN01,bf_sinter_fan_blower,1.3297,47.9175,49.3141,6.3696,60.3321,1,BF.BLW.FAN01::E00,train
2025-03-22 18:00:00,BF.BLW.FAN01,bf_sinter_fan_blower,1.271,46.0418,48.6387,6.3236,59.4145,1,BF.BLW.FAN01::E00,train
2025-03-22 19:00:00,BF.BLW.FAN01,bf_sinter_fan_blower,1.3653,41.1041,48.8437,6.1901,59.6705,1,BF.BLW.FAN01::E00,train
2025-03-22 20:00:00,BF.BLW.FAN01,bf_sinter_fan_blower,1.358,42.3465,49.2558,6.2763,59.2237,1,BF.BLW.FAN01::E00,train
2025-03-22 21:00:00,BF.BLW.FAN01,bf_sinter_fan_blower,1.3842,41.9908,49.4763,6.1142,59.5773,1,BF.BLW.FAN01::E00,train
2025-03-22 22:00:00,BF.BLW.FAN01,bf_sinter_fan_blower,1.5413,40.1201,49.7331,6.1893,60.2531,1,BF.BLW.FAN01::E00,train
2025-03-22 23:00:00,BF.BLW.FAN01,bf_sinter_fan_blower,1.4317,45.3395,49.6809,6.2145,60.0304,1,BF.BLW.FAN01::E00,train
2025-03-23 00:00:00,BF.BLW.FAN01,bf_sinter_fan_blower,1.5562,40.7084,50.139,6.325,60.8269,1,BF.BLW.FAN01::E00,train
2025-03-23 01:00:00,BF.BLW.FAN01,bf_sinter_fan_blower,1.3985,39.1832,50.445,6.2613,59.7416,1,BF.BLW.FAN01::E00,train
2025-03-23 02:00:00,BF.BLW.FAN01,bf_sinter_fan_blower,1.3453,37.8458,51.4264,6.3038,59.181,1,BF.BLW.FAN01::E00,train
2025-03-23 03:00:00,BF.BLW.FAN01,bf_sinter_fan_blower,1.5271,37.4018,51.8328,6.1873,59.7864,1,BF.BLW.FAN01::E00,train
2025-03-23 04:00:00,BF.BLW.FAN01,bf_sinter_fan_blower,1.4706,32.2428,52.3265,6.2525,59.7008,1,BF.BLW.FAN01::E00,train
2025-03-23 05:00:00,BF.BLW.FAN01,bf_sinter_fan_blower,1.4696,30.3271,52.0028,6.0987,60.7544,1,BF.BLW.FAN01::E00,train
2025-03-23 06:00:00,BF.BLW.FAN01,bf_sinter_fan_blower,1.4917,27.6688,51.4653,5.9889,61.0544,1,BF.BLW.FAN01::E00,train
2025-03-23 07:00:00,BF.BLW.FAN01,bf_sinter_fan_blower,1.4326,23.8098,51.1031,6.0967,61.0573,1,BF.BLW.FAN01::E00,train
2025-03-23 08:00:00,BF.BLW.FAN01,bf_sinter_fan_blower,1.5076,24.4765,51.1603,6.0235,61.1655,1,BF.BLW.FAN01::E00,train
2025-03-23 09:00:00,BF.BLW.FAN01,bf_sinter_fan_blower,1.4354,26.7615,51.3402,5.9819,60.4603,1,BF.BLW.FAN01::E00,train
2025-03-23 10:00:00,BF.BLW.FAN01,bf_sinter_fan_blower,1.4349,30.1079,51.5741,6.2253,60.4201,1,BF.BLW.FAN01::E00,train
2025-03-23 11:00:00,BF.BLW.FAN01,bf_sinter_fan_blower,1.3151,27.326,50.0462,6.3228,59.8989,1,BF.BLW.FAN01::E00,train
2025-03-23 12:00:00,BF.BLW.FAN01,bf_sinter_fan_blower,1.2113,27.01,49.4796,6.3941,58.44,1,BF.BLW.FAN01::E00,train
2025-03-23 13:00:00,BF.BLW.FAN01,bf_sinter_fan_blower,1.3166,24.7492,49.8181,6.3996,59.304,1,BF.BLW.FAN01::E00,train
2025-03-23 14:00:00,BF.BLW.FAN01,bf_sinter_fan_blower,1.3749,24.7238,49.2751,6.4011,59.0121,1,BF.BLW.FAN01::E00,train
2025-03-23 15:00:00,BF.BLW.FAN01,bf_sinter_fan_blower,1.3509,23.5932,48.4646,6.4023,59.2552,1,BF.BLW.FAN01::E00,train
2025-03-23 16:00:00,BF.BLW.FAN01,bf_sinter_fan_blower,1.546,24.1093,48.4235,6.4347,59.7605,1,BF.BLW.FAN01::E00,train
2025-03-23 17:00:00,BF.BLW.FAN01,bf_sinter_fan_blower,1.5371,26.2808,48.4761,6.3933,58.6361,1,BF.BLW.FAN01::E00,train
2025-03-23 18:00:00,BF.BLW.FAN01,bf_sinter_fan_blower,1.5756,28.2896,48.2518,6.414,59.3375,1,BF.BLW.FAN01::E00,train
2025-03-23 19:00:00,BF.BLW.FAN01,bf_sinter_fan_blower,1.6838,26.9275,48.2067,6.4265,60.3581,1,BF.BLW.FAN01::E00,train
2025-03-23 20:00:00,BF.BLW.FAN01,bf_sinter_fan_blower,1.6596,27.3911,48.0001,6.3846,59.9938,1,BF.BLW.FAN01::E00,train
2025-03-23 21:00:00,BF.BLW.FAN01,bf_sinter_fan_blower,1.6517,26.4308,47.3519,6.3815,59.9983,1,BF.BLW.FAN01::E00,train
2025-03-23 22:00:00,BF.BLW.FAN01,bf_sinter_fan_blower,1.8031,23.7156,48.128,6.2648,61.4141,1,BF.BLW.FAN01::E00,train
2025-03-23 23:00:00,BF.BLW.FAN01,bf_sinter_fan_blower,1.8587,25.3337,48.6024,6.2757,62.4455,1,BF.BLW.FAN01::E00,train
2025-03-24 00:00:00,BF.BLW.FAN01,bf_sinter_fan_blower,1.9909,27.7957,50.3731,6.142,62.9379,1,BF.BLW.FAN01::E00,train
2025-03-24 01:00:00,BF.BLW.FAN01,bf_sinter_fan_blower,1.7785,30.0527,50.0213,6.3695,62.0505,1,BF.BLW.FAN01::E00,train
2025-03-24 02:00:00,BF.BLW.FAN01,bf_sinter_fan_blower,1.7745,24.7563,50.0895,6.2741,61.8982,1,BF.BLW.FAN01::E00,train
2025-03-24 03:00:00,BF.BLW.FAN01,bf_sinter_fan_blower,1.8099,24.0564,50.5111,6.3089,62.1257,1,BF.BLW.FAN01::E00,train
2025-03-24 04:00:00,BF.BLW.FAN01,bf_sinter_fan_blower,1.8511,23.1512,51.3165,6.2841,61.6691,1,BF.BLW.FAN01::E00,train
2025-03-24 05:00:00,BF.BLW.FAN01,bf_sinter_fan_blower,1.8057,25.1919,52.2357,6.1971,61.3205,1,BF.BLW.FAN01::E00,train
2025-03-24 06:00:00,BF.BLW.FAN01,bf_sinter_fan_blower,1.733,27.2571,51.5587,6.2138,61.7552,1,BF.BLW.FAN01::E00,train
2025-03-24 07:00:00,BF.BLW.FAN01,bf_sinter_fan_blower,1.7611,27.0614,51.8828,6.0787,61.6356,1,BF.BLW.FAN01::E00,train
2025-03-24 08:00:00,BF.BLW.FAN01,bf_sinter_fan_blower,1.7769,29.4866,52.6495,6.2481,61.5701,1,BF.BLW.FAN01::E00,train
2025-03-24 09:00:00,BF.BLW.FAN01,bf_sinter_fan_blower,1.8041,30.5517,52.481,6.1917,61.6796,1,BF.BLW.FAN01::E00,train
2025-03-24 10:00:00,BF.BLW.FAN01,bf_sinter_fan_blower,1.9304,31.9013,52.6577,6.2567,62.2727,1,BF.BLW.FAN01::E00,train
2025-03-24 11:00:00,BF.BLW.FAN01,bf_sinter_fan_blower,1.9355,31.3072,52.5387,6.3441,61.6233,1,BF.BLW.FAN01::E00,train
2025-03-24 12:00:00,BF.BLW.FAN01,bf_sinter_fan_blower,1.9557,35.9334,51.6205,6.382,62.3112,1,BF.BLW.FAN01::E00,train
2025-03-24 13:00:00,BF.BLW.FAN01,bf_sinter_fan_blower,1.8956,35.7052,50.4628,6.6165,62.2408,1,BF.BLW.FAN01::E00,train
2025-03-24 14:00:00,BF.BLW.FAN01,bf_sinter_fan_blower,1.8991,32.46,50.3307,6.6154,62.6781,1,BF.BLW.FAN01::E00,train
2025-03-24 15:00:00,BF.BLW.FAN01,bf_sinter_fan_blower,1.7863,25.09,49.9563,6.707,61.7268,1,BF.BLW.FAN01::E00,train
2025-03-24 16:00:00,BF.BLW.FAN01,bf_sinter_fan_blower,1.8489,21.6673,50.8095,6.5996,60.7749,2,BF.BLW.FAN01::E00,train
2025-03-24 17:00:00,BF.BLW.FAN01,bf_sinter_fan_blower,1.9825,22.5985,50.5774,6.4851,61.6819,1,BF.BLW.FAN01::E00,train
2025-03-24 18:00:00,BF.BLW.FAN01,bf_sinter_fan_blower,1.9789,22.6839,49.685,6.2766,61.9299,1,BF.BLW.FAN01::E00,train
2025-03-24 19:00:00,BF.BLW.FAN01,bf_sinter_fan_blower,1.9726,24.9448,50.3871,6.4663,61.251,1,BF.BLW.FAN01::E00,train
2025-03-24 20:00:00,BF.BLW.FAN01,bf_sinter_fan_blower,1.9229,24.8745,50.7789,6.4301,61.4968,1,BF.BLW.FAN01::E00,train
2025-03-24 21:00:00,BF.BLW.FAN01,bf_sinter_fan_blower,1.9987,26.7278,51.618,6.2388,61.6788,1,BF.BLW.FAN01::E00,train
2025-03-24 22:00:00,BF.BLW.FAN01,bf_sinter_fan_blower,1.896,24.6158,51.3588,6.3746,61.6525,1,BF.BLW.FAN01::E00,train
2025-03-24 23:00:00,BF.BLW.FAN01,bf_sinter_fan_blower,1.777,21.9551,50.2222,6.4564,62.1436,1,BF.BLW.FAN01::E00,train
2025-03-25 00:00:00,BF.BLW.FAN01,bf_sinter_fan_blower,1.7675,23.1662,50.7611,6.5235,63.0632,1,BF.BLW.FAN01::E00,train
2025-03-25 01:00:00,BF.BLW.FAN01,bf_sinter_fan_blower,1.7094,20.7106,51.047,6.3358,62.2634,1,BF.BLW.FAN01::E00,train
2025-03-25 02:00:00,BF.BLW.FAN01,bf_sinter_fan_blower,1.6254,24.0975,51.2657,6.1644,61.7805,1,BF.BLW.FAN01::E00,train
2025-03-25 03:00:00,BF.BLW.FAN01,bf_sinter_fan_blower,1.5519,27.1495,51.0628,6.1687,61.879,1,BF.BLW.FAN01::E00,train
2025-03-25 04:00:00,BF.BLW.FAN01,bf_sinter_fan_blower,1.5429,28.1052,51.9875,6.1045,61.0927,1,BF.BLW.FAN01::E00,train
2025-03-25 05:00:00,BF.BLW.FAN01,bf_sinter_fan_blower,1.5743,25.6795,51.8394,6.0711,61.675,1,BF.BLW.FAN01::E00,train
2025-03-25 06:00:00,BF.BLW.FAN01,bf_sinter_fan_blower,1.5909,25.9326,51.5424,6.1086,62.9211,1,BF.BLW.FAN01::E00,train
2025-03-25 07:00:00,BF.BLW.FAN01,bf_sinter_fan_blower,1.6465,23.1696,51.8182,6.162,62.85,1,BF.BLW.FAN01::E00,train
2025-03-25 08:00:00,BF.BLW.FAN01,bf_sinter_fan_blower,1.6467,18.6402,52.003,6.2782,62.483,1,BF.BLW.FAN01::E00,train
2025-03-25 09:00:00,BF.BLW.FAN01,bf_sinter_fan_blower,1.6134,15.5049,50.3755,6.1891,62.3275,1,BF.BLW.FAN01::E00,train
2025-03-25 10:00:00,BF.BLW.FAN01,bf_sinter_fan_blower,1.5596,16.1081,50.4548,6.2598,61.2823,1,BF.BLW.FAN01::E00,train
2025-03-25 11:00:00,BF.BLW.FAN01,bf_sinter_fan_blower,1.3662,22.9045,49.08,6.3125,60.348,1,BF.BLW.FAN01::E00,train
2025-03-25 12:00:00,BF.BLW.FAN01,bf_sinter_fan_blower,1.3316,25.7433,48.3536,6.3243,60.5227,1,BF.BLW.FAN01::E00,train
2025-03-25 13:00:00,BF.BLW.FAN01,bf_sinter_fan_blower,1.3977,24.2319,48.4258,6.1514,59.8168,1,BF.BLW.FAN01::E00,train
2025-03-25 14:00:00,BF.BLW.FAN01,bf_sinter_fan_blower,1.3732,26.5053,47.537,6.2317,59.6276,1,BF.BLW.FAN01::E00,train
2025-03-25 15:00:00,BF.BLW.FAN01,bf_sinter_fan_blower,1.4536,26.1001,47.1035,6.0066,59.9564,1,BF.BLW.FAN01::E00,train
2025-03-25 16:00:00,BF.BLW.FAN01,bf_sinter_fan_blower,1.499,31.2809,46.3847,5.8665,60.1407,1,BF.BLW.FAN01::E00,train
2025-03-25 17:00:00,BF.BLW.FAN01,bf_sinter_fan_blower,1.5331,28.5443,47.0184,5.7963,58.7349,1,BF.BLW.FAN01::E00,train
2025-03-25 18:00:00,BF.BLW.FAN01,bf_sinter_fan_blower,1.514,23.0735,47.1548,5.6095,57.8213,1,BF.BLW.FAN01::E00,train
2025-03-25 19:00:00,BF.BLW.FAN01,bf_sinter_fan_blower,1.3232,23.3219,46.8037,5.4583,56.6141,1,BF.BLW.FAN01::E00,train
2025-03-25 20:00:00,BF.BLW.FAN01,bf_sinter_fan_blower,1.3587,25.4214,47.9536,5.2873,55.7738,1,BF.BLW.FAN01::E00,train
2025-03-25 21:00:00,BF.BLW.FAN01,bf_sinter_fan_blower,1.37,24.4015,48.8584,5.3204,55.0232,1,BF.BLW.FAN01::E00,train
2025-03-25 22:00:00,BF.BLW.FAN01,bf_sinter_fan_blower,1.4354,22.1942,49.0043,5.5666,56.5232,1,BF.BLW.FAN01::E00,train
2025-03-25 23:00:00,BF.BLW.FAN01,bf_sinter_fan_blower,1.2608,24.2973,48.296,5.7225,56.2332,1,BF.BLW.FAN01::E00,train
2025-03-26 00:00:00,BF.BLW.FAN01,bf_sinter_fan_blower,1.3472,25.9533,49.759,5.9871,57.2578,1,BF.BLW.FAN01::E00,train
2025-03-26 01:00:00,BF.BLW.FAN01,bf_sinter_fan_blower,1.4761,30.151,51.1395,6.0653,58.2356,1,BF.BLW.FAN01::E00,train
2025-03-26 02:00:00,BF.BLW.FAN01,bf_sinter_fan_blower,1.4849,31.2648,51.1461,5.9947,58.7336,1,BF.BLW.FAN01::E00,train
2025-03-26 03:00:00,BF.BLW.FAN01,bf_sinter_fan_blower,1.3168,29.404,50.0168,5.9832,57.5994,1,BF.BLW.FAN01::E00,train
2025-03-26 04:00:00,BF.BLW.FAN01,bf_sinter_fan_blower,1.3964,30.5186,50.4353,6.0885,58.7223,1,BF.BLW.FAN01::E00,train
2025-03-26 05:00:00,BF.BLW.FAN01,bf_sinter_fan_blower,1.4821,33.913,50.9533,6.1321,60.4336,1,BF.BLW.FAN01::E00,train
2025-03-26 06:00:00,BF.BLW.FAN01,bf_sinter_fan_blower,1.5816,32.3949,51.115,6.3201,61.3312,1,BF.BLW.FAN01::E00,train
2025-03-26 07:00:00,BF.BLW.FAN01,bf_sinter_fan_blower,1.5285,33.1151,49.4799,6.2943,61.5148,1,BF.BLW.FAN01::E00,train
2025-03-26 08:00:00,BF.BLW.FAN01,bf_sinter_fan_blower,1.5257,33.3888,49.248,6.1305,60.617,1,BF.BLW.FAN01::E00,train
2025-03-26 09:00:00,BF.BLW.FAN01,bf_sinter_fan_blower,1.6202,28.6008,50.2509,6.0568,60.3289,1,BF.BLW.FAN01::E00,train
2025-03-26 10:00:00,BF.BLW.FAN01,bf_sinter_fan_blower,1.6181,31.0727,50.5721,6.1909,59.9134,1,BF.BLW.FAN01::E00,train
2025-03-26 11:00:00,BF.BLW.FAN01,bf_sinter_fan_blower,1.5766,36.2452,49.4046,6.3114,59.5058,1,BF.BLW.FAN01::E00,train
2025-03-26 12:00:00,BF.BLW.FAN01,bf_sinter_fan_blower,1.3805,36.0386,49.1803,6.3618,56.6915,1,BF.BLW.FAN01::E00,train
2025-03-26 13:00:00,BF.BLW.FAN01,bf_sinter_fan_blower,1.4792,36.4616,50.06,6.5068,55.515,1,BF.BLW.FAN01::E00,train
2025-03-26 14:00:00,BF.BLW.FAN01,bf_sinter_fan_blower,1.4531,36.0853,49.8298,6.4156,54.0628,1,BF.BLW.FAN01::E00,train
2025-03-26 15:00:00,BF.BLW.FAN01,bf_sinter_fan_blower,1.5456,36.6536,49.6586,6.338,54.8503,1,BF.BLW.FAN01::E00,train
2025-03-26 16:00:00,BF.BLW.FAN01,bf_sinter_fan_blower,1.6535,34.3885,49.2463,6.2848,54.8841,1,BF.BLW.FAN01::E00,train
2025-03-26 17:00:00,BF.BLW.FAN01,bf_sinter_fan_blower,1.7494,36.2441,49.603,6.2728,55.4714,1,BF.BLW.FAN01::E00,train
2025-03-26 18:00:00,BF.BLW.FAN01,bf_sinter_fan_blower,1.7576,34.2761,49.1494,6.1665,55.892,1,BF.BLW.FAN01::E00,train
2025-03-26 19:00:00,BF.BLW.FAN01,bf_sinter_fan_blower,1.8313,34.1901,49.5439,6.229,55.6695,1,BF.BLW.FAN01::E00,train
2025-03-26 20:00:00,BF.BLW.FAN01,bf_sinter_fan_blower,1.8646,35.2252,50.8034,6.3357,56.0913,1,BF.BLW.FAN01::E00,train
2025-03-26 21:00:00,BF.BLW.FAN01,bf_sinter_fan_blower,1.8084,34.5166,50.5798,6.3347,57.293,1,BF.BLW.FAN01::E00,train
2025-03-26 22:00:00,BF.BLW.FAN01,bf_sinter_fan_blower,1.7783,34.8949,50.832,6.4948,57.737,1,BF.BLW.FAN01::E00,train
2025-03-26 23:00:00,BF.BLW.FAN01,bf_sinter_fan_blower,1.8148,32.1679,52.254,6.4833,57.2338,1,BF.BLW.FAN01::E00,train
2025-03-27 00:00:00,BF.BLW.FAN01,bf_sinter_fan_blower,1.7936,28.8372,53.1966,6.4118,56.8734,1,BF.BLW.FAN01::E00,train
2025-03-27 01:00:00,BF.BLW.FAN01,bf_sinter_fan_blower,1.8411,31.0939,53.0231,6.3577,57.583,1,BF.BLW.FAN01::E00,train
2025-03-27 02:00:00,BF.BLW.FAN01,bf_sinter_fan_blower,1.8578,29.1562,53.3102,6.1186,57.8183,1,BF.BLW.FAN01::E00,train
2025-03-27 03:00:00,BF.BLW.FAN01,bf_sinter_fan_blower,1.862,29.3804,53.6532,6.1185,58.4664,1,BF.BLW.FAN01::E00,train
2025-03-27 04:00:00,BF.BLW.FAN01,bf_sinter_fan_blower,1.8542,30.3497,53.6441,6.0273,58.6229,1,BF.BLW.FAN01::E00,train
2025-03-27 05:00:00,BF.BLW.FAN01,bf_sinter_fan_blower,1.808,31.3384,52.7928,5.9362,58.6421,1,BF.BLW.FAN01::E00,train
2025-03-27 06:00:00,BF.BLW.FAN01,bf_sinter_fan_blower,1.7271,33.0661,53.0491,6.0915,58.0184,1,BF.BLW.FAN01::E00,train
2025-03-27 07:00:00,BF.BLW.FAN01,bf_sinter_fan_blower,1.8237,32.5162,53.3529,6.1006,58.6162,1,BF.BLW.FAN01::E00,train
2025-03-27 08:00:00,BF.BLW.FAN01,bf_sinter_fan_blower,1.8369,30.6341,52.8702,6.1266,58.8291,1,BF.BLW.FAN01::E00,train
2025-03-27 09:00:00,BF.BLW.FAN01,bf_sinter_fan_blower,1.8179,30.0452,53.3205,6.1005,57.6522,1,BF.BLW.FAN01::E00,train
2025-03-27 10:00:00,BF.BLW.FAN01,bf_sinter_fan_blower,1.7811,29.9579,53.0772,6.0754,57.5927,1,BF.BLW.FAN01::E00,train
2025-03-27 11:00:00,BF.BLW.FAN01,bf_sinter_fan_blower,1.7884,28.4579,53.4395,6.0409,57.0481,1,BF.BLW.FAN01::E00,train
2025-03-27 12:00:00,BF.BLW.FAN01,bf_sinter_fan_blower,1.6661,22.8565,52.6228,6.0303,56.1021,1,BF.BLW.FAN01::E00,train
2025-03-27 13:00:00,BF.BLW.FAN01,bf_sinter_fan_blower,1.7706,26.2324,52.908,6.0571,56.0906,1,BF.BLW.FAN01::E00,train
2025-03-27 14:00:00,BF.BLW.FAN01,bf_sinter_fan_blower,1.7033,24.7396,52.2766,6.1726,56.1594,1,BF.BLW.FAN01::E00,train
2025-03-27 15:00:00,BF.BLW.FAN01,bf_sinter_fan_blower,1.5721,21.6124,51.9986,6.3786,55.5545,1,BF.BLW.FAN01::E00,train
2025-03-27 16:00:00,BF.BLW.FAN01,bf_sinter_fan_blower,1.582,19.9381,51.7702,6.2209,55.6725,1,BF.BLW.FAN01::E00,train
2025-03-27 17:00:00,BF.BLW.FAN01,bf_sinter_fan_blower,1.62,21.9841,51.9635,6.2666,55.1853,1,BF.BLW.FAN01::E00,train
2025-03-27 18:00:00,BF.BLW.FAN01,bf_sinter_fan_blower,1.6122,22.6382,52.6635,6.0789,54.0232,1,BF.BLW.FAN01::E00,train
2025-03-27 19:00:00,BF.BLW.FAN01,bf_sinter_fan_blower,1.5422,20.816,52.2454,5.9712,52.9995,1,BF.BLW.FAN01::E00,train
2025-03-27 20:00:00,BF.BLW.FAN01,bf_sinter_fan_blower,1.6113,22.9922,52.5902,6.1536,53.7506,1,BF.BLW.FAN01::E00,train
2025-03-27 21:00:00,BF.BLW.FAN01,bf_sinter_fan_blower,1.5845,26.9724,52.5053,6.0017,54.1131,1,BF.BLW.FAN01::E00,train
2025-03-27 22:00:00,BF.BLW.FAN01,bf_sinter_fan_blower,1.6917,27.053,53.972,5.8761,53.8003,1,BF.BLW.FAN01::E00,train
2025-03-27 23:00:00,BF.BLW.FAN01,bf_sinter_fan_blower,1.5401,27.63,53.5836,6.1429,53.2339,1,BF.BLW.FAN01::E00,train
2025-03-28 00:00:00,BF.BLW.FAN01,bf_sinter_fan_blower,1.578,27.9071,53.8316,6.097,53.8546,1,BF.BLW.FAN01::E00,train
2025-03-28 01:00:00,BF.BLW.FAN01,bf_sinter_fan_blower,1.5758,24.8606,54.2385,6.1265,53.6636,1,BF.BLW.FAN01::E00,train
2025-03-28 02:00:00,BF.BLW.FAN01,bf_sinter_fan_blower,1.6184,24.0859,54.408,5.9215,54.368,1,BF.BLW.FAN01::E00,train
2025-03-28 03:00:00,BF.BLW.FAN01,bf_sinter_fan_blower,1.6816,27.1869,54.7207,5.7606,54.7525,1,BF.BLW.FAN01::E00,train
2025-03-28 04:00:00,BF.BLW.FAN01,bf_sinter_fan_blower,1.588,29.7731,53.5725,5.86,54.509,1,BF.BLW.FAN01::E00,train
2025-03-28 05:00:00,BF.BLW.FAN01,bf_sinter_fan_blower,1.5718,27.3476,53.4271,5.7456,55.2881,1,BF.BLW.FAN01::E00,train
2025-03-28 06:00:00,BF.BLW.FAN01,bf_sinter_fan_blower,1.6291,32.9955,54.5012,5.9722,54.8966,1,BF.BLW.FAN01::E00,train
2025-03-28 07:00:00,BF.BLW.FAN01,bf_sinter_fan_blower,1.6185,32.4415,54.6426,6.1683,55.0257,1,BF.BLW.FAN01::E00,train
2025-03-28 08:00:00,BF.BLW.FAN01,bf_sinter_fan_blower,1.6521,31.4659,54.9262,6.311,55.4259,1,BF.BLW.FAN01::E00,train
2025-03-28 09:00:00,BF.BLW.FAN01,bf_sinter_fan_blower,1.7036,29.3327,55.4171,6.2381,54.8491,1,BF.BLW.FAN01::E00,train
2025-03-28 10:00:00,BF.BLW.FAN01,bf_sinter_fan_blower,1.746,27.7423,55.461,6.2944,55.3378,1,BF.BLW.FAN01::E00,train
2025-03-28 11:00:00,BF.BLW.FAN01,bf_sinter_fan_blower,1.7269,29.4837,54.6551,6.5964,55.9087,1,BF.BLW.FAN01::E00,train
2025-03-28 12:00:00,BF.BLW.FAN01,bf_sinter_fan_blower,1.7759,32.547,54.0798,6.7503,56.3749,1,BF.BLW.FAN01::E00,train
2025-03-28 13:00:00,BF.BLW.FAN01,bf_sinter_fan_blower,1.8571,31.1808,53.8291,6.7975,56.936,1,BF.BLW.FAN01::E00,train
2025-03-28 14:00:00,BF.BLW.FAN01,bf_sinter_fan_blower,1.9004,32.7603,53.3115,6.7588,56.2908,1,BF.BLW.FAN01::E00,train
2025-03-28 15:00:00,BF.BLW.FAN01,bf_sinter_fan_blower,1.8838,37.7092,52.7431,6.8337,56.8319,1,BF.BLW.FAN01::E00,train
2025-03-28 16:00:00,BF.BLW.FAN01,bf_sinter_fan_blower,1.8418,36.1242,52.8616,6.7514,55.901,1,BF.BLW.FAN01::E00,train
2025-03-28 17:00:00,BF.BLW.FAN01,bf_sinter_fan_blower,1.7957,34.9273,53.2829,6.885,56.6179,1,BF.BLW.FAN01::E00,train
2025-03-28 18:00:00,BF.BLW.FAN01,bf_sinter_fan_blower,1.8624,34.3796,53.6825,6.6055,56.7285,2,BF.BLW.FAN01::E00,train
2025-03-28 19:00:00,BF.BLW.FAN01,bf_sinter_fan_blower,1.8682,30.8846,54.0042,6.566,56.8868,1,BF.BLW.FAN01::E00,train
2025-03-28 20:00:00,BF.BLW.FAN01,bf_sinter_fan_blower,1.9267,28.7914,54.1245,6.4414,58.4809,1,BF.BLW.FAN01::E00,train
2025-03-28 21:00:00,BF.BLW.FAN01,bf_sinter_fan_blower,1.9635,28.0715,54.3479,6.2045,57.7977,1,BF.BLW.FAN01::E00,train
2025-03-28 22:00:00,BF.BLW.FAN01,bf_sinter_fan_blower,1.9144,30.6801,54.6741,6.2827,57.4036,1,BF.BLW.FAN01::E00,train
2025-03-28 23:00:00,BF.BLW.FAN01,bf_sinter_fan_blower,1.8191,32.0649,55.2794,6.6157,57.4775,1,BF.BLW.FAN01::E00,train
2025-03-29 00:00:00,BF.BLW.FAN01,bf_sinter_fan_blower,1.7975,29.5733,56.5227,6.6852,57.9999,1,BF.BLW.FAN01::E00,train
2025-03-29 01:00:00,BF.BLW.FAN01,bf_sinter_fan_blower,1.7181,30.8342,56.7359,6.4617,57.9537,1,BF.BLW.FAN01::E00,train
2025-03-29 02:00:00,BF.BLW.FAN01,bf_sinter_fan_blower,1.5871,30.5961,56.2275,6.6398,57.831,1,BF.BLW.FAN01::E00,train
2025-03-29 03:00:00,BF.BLW.FAN01,bf_sinter_fan_blower,1.6988,29.2834,56.5318,6.5403,57.7981,1,BF.BLW.FAN01::E00,train
2025-03-29 04:00:00,BF.BLW.FAN01,bf_sinter_fan_blower,1.6023,30.1491,56.0875,6.4039,57.6689,1,BF.BLW.FAN01::E00,train
2025-03-29 05:00:00,BF.BLW.FAN01,bf_sinter_fan_blower,1.5586,30.2037,56.1348,6.7088,57.7587,1,BF.BLW.FAN01::E00,train
2025-03-29 06:00:00,BF.BLW.FAN01,bf_sinter_fan_blower,1.5644,26.5858,56.741,6.7289,58.3142,1,BF.BLW.FAN01::E00,train
2025-03-29 07:00:00,BF.BLW.FAN01,bf_sinter_fan_blower,1.6675,25.0106,56.682,6.603,58.3282,1,BF.BLW.FAN01::E00,train
2025-03-29 08:00:00,BF.BLW.FAN01,bf_sinter_fan_blower,1.7478,25.1773,55.989,6.4502,59.105,1,BF.BLW.FAN01::E00,train
2025-03-29 09:00:00,BF.BLW.FAN01,bf_sinter_fan_blower,1.6575,26.3768,56.4012,6.5672,58.2175,1,BF.BLW.FAN01::E00,train
2025-03-29 10:00:00,BF.BLW.FAN01,bf_sinter_fan_blower,1.7725,27.3159,56.5101,6.6307,59.2317,1,BF.BLW.FAN01::E00,train
2025-03-29 11:00:00,BF.BLW.FAN01,bf_sinter_fan_blower,1.8564,28.9498,56.7952,6.7694,59.1488,1,BF.BLW.FAN01::E00,train
2025-03-29 12:00:00,BF.BLW.FAN01,bf_sinter_fan_blower,1.9147,32.2528,56.9189,6.789,58.9646,2,BF.BLW.FAN01::E00,train
2025-03-29 13:00:00,BF.BLW.FAN01,bf_sinter_fan_blower,1.8833,36.4972,56.773,6.7162,58.7965,1,BF.BLW.FAN01::E00,train
2025-03-29 14:00:00,BF.BLW.FAN01,bf_sinter_fan_blower,1.8129,33.9732,57.2211,6.5893,58.1276,1,BF.BLW.FAN01::E00,train
2025-03-29 15:00:00,BF.BLW.FAN01,bf_sinter_fan_blower,1.8733,32.1094,57.9096,6.5687,59.058,1,BF.BLW.FAN01::E00,train
2025-03-29 16:00:00,BF.BLW.FAN01,bf_sinter_fan_blower,1.6753,36.6578,57.8757,6.6759,58.0294,2,BF.BLW.FAN01::E00,train
2025-03-29 17:00:00,BF.BLW.FAN01,bf_sinter_fan_blower,1.466,32.8776,56.451,6.7038,56.8947,2,BF.BLW.FAN01::E00,train
2025-03-29 18:00:00,BF.BLW.FAN01,bf_sinter_fan_blower,1.5929,31.6918,56.847,6.5179,57.0366,1,BF.BLW.FAN01::E00,train
2025-03-29 19:00:00,BF.BLW.FAN01,bf_sinter_fan_blower,1.4571,27.5711,56.1926,6.4675,56.5961,1,BF.BLW.FAN01::E00,train
2025-03-29 20:00:00,BF.BLW.FAN01,bf_sinter_fan_blower,1.4739,28.4532,55.8652,6.6376,56.8637,1,BF.BLW.FAN01::E00,train
2025-03-29 21:00:00,BF.BLW.FAN01,bf_sinter_fan_blower,1.5973,24.0024,57.3687,6.6461,57.2724,1,BF.BLW.FAN01::E00,train
2025-03-29 22:00:00,BF.BLW.FAN01,bf_sinter_fan_blower,1.5883,22.7574,57.4917,6.7303,57.7451,1,BF.BLW.FAN01::E00,train
2025-03-29 23:00:00,BF.BLW.FAN01,bf_sinter_fan_blower,1.7098,28.6469,57.8594,6.8203,59.6727,1,BF.BLW.FAN01::E00,train
2025-03-30 00:00:00,BF.BLW.FAN01,bf_sinter_fan_blower,1.7212,28.2401,58.2792,6.6822,59.903,2,BF.BLW.FAN01::E00,train
2025-03-30 01:00:00,BF.BLW.FAN01,bf_sinter_fan_blower,1.8056,27.9994,58.4019,6.7877,61.2828,1,BF.BLW.FAN01::E00,train
2025-03-30 02:00:00,BF.BLW.FAN01,bf_sinter_fan_blower,1.8869,28.4836,59.3796,6.9861,61.8207,1,BF.BLW.FAN01::E00,train
2025-03-30 03:00:00,BF.BLW.FAN01,bf_sinter_fan_blower,1.942,23.7169,60.2442,6.8535,61.8209,1,BF.BLW.FAN01::E00,train
2025-03-30 04:00:00,BF.BLW.FAN01,bf_sinter_fan_blower,1.9572,22.8628,60.6611,6.8248,61.8881,1,BF.BLW.FAN01::E00,train
2025-03-30 05:00:00,BF.BLW.FAN01,bf_sinter_fan_blower,1.9446,24.6071,61.2265,6.8583,61.1196,1,BF.BLW.FAN01::E00,train
2025-03-30 06:00:00,BF.BLW.FAN01,bf_sinter_fan_blower,1.8826,32.3086,61.3105,6.6928,60.66,1,BF.BLW.FAN01::E00,train
2025-03-30 07:00:00,BF.BLW.FAN01,bf_sinter_fan_blower,1.9236,31.8879,61.9478,6.5631,60.0051,1,BF.BLW.FAN01::E00,train
2025-03-30 08:00:00,BF.BLW.FAN01,bf_sinter_fan_blower,1.8947,31.4609,62.313,6.6237,59.2966,2,BF.BLW.FAN01::E00,train
2025-03-30 09:00:00,BF.BLW.FAN01,bf_sinter_fan_blower,1.8347,26.6001,62.544,6.6138,58.9155,1,BF.BLW.FAN01::E00,train
2025-03-30 10:00:00,BF.BLW.FAN01,bf_sinter_fan_blower,1.8351,28.3158,62.4055,6.5149,57.7083,1,BF.BLW.FAN01::E00,train
2025-03-30 11:00:00,BF.BLW.FAN01,bf_sinter_fan_blower,1.9299,28.0176,62.9742,6.5105,58.5599,1,BF.BLW.FAN01::E00,train
2025-03-30 12:00:00,BF.BLW.FAN01,bf_sinter_fan_blower,1.997,27.8,63.0952,6.3986,57.657,1,BF.BLW.FAN01::E00,train
2025-03-30 13:00:00,BF.BLW.FAN01,bf_sinter_fan_blower,2.0392,28.4819,62.8994,6.353,57.9227,1,BF.BLW.FAN01::E00,train
2025-03-30 14:00:00,BF.BLW.FAN01,bf_sinter_fan_blower,2.1143,30.5297,62.8533,6.1087,59.0872,2,BF.BLW.FAN01::E00,train
2025-03-30 15:00:00,BF.BLW.FAN01,bf_sinter_fan_blower,2.2404,28.7647,62.9929,6.1061,59.3366,1,BF.BLW.FAN01::E00,train
2025-03-30 16:00:00,BF.BLW.FAN01,bf_sinter_fan_blower,2.1711,28.3519,63.051,6.1319,58.6848,2,BF.BLW.FAN01::E00,train
2025-03-30 17:00:00,BF.BLW.FAN01,bf_sinter_fan_blower,2.122,21.5411,61.9778,5.9281,58.5469,1,BF.BLW.FAN01::E00,train
2025-03-30 18:00:00,BF.BLW.FAN01,bf_sinter_fan_blower,2.0564,21.001,61.4406,5.8894,58.2089,2,BF.BLW.FAN01::E00,train
2025-03-30 19:00:00,BF.BLW.FAN01,bf_sinter_fan_blower,2.033,19.0111,61.2381,6.1557,58.734,2,BF.BLW.FAN01::E00,train
2025-03-30 20:00:00,BF.BLW.FAN01,bf_sinter_fan_blower,1.9863,20.7684,61.8237,6.4132,58.9199,1,BF.BLW.FAN01::E00,train
2025-03-30 21:00:00,BF.BLW.FAN01,bf_sinter_fan_blower,2.0245,20.653,61.0187,6.1936,60.1501,1,BF.BLW.FAN01::E00,train
2025-03-30 22:00:00,BF.BLW.FAN01,bf_sinter_fan_blower,1.892,23.0179,60.5957,6.4939,59.1157,1,BF.BLW.FAN01::E00,train
2025-03-30 23:00:00,BF.BLW.FAN01,bf_sinter_fan_blower,1.9223,24.4035,61.5816,6.6318,59.532,1,BF.BLW.FAN01::E00,train
2025-03-31 00:00:00,BF.BLW.FAN01,bf_sinter_fan_blower,1.8782,23.1381,61.0435,6.6586,60.7079,2,BF.BLW.FAN01::E00,train
2025-03-31 01:00:00,BF.BLW.FAN01,bf_sinter_fan_blower,1.9313,22.3099,61.1657,6.3941,61.464,1,BF.BLW.FAN01::E00,train
2025-03-31 02:00:00,BF.BLW.FAN01,bf_sinter_fan_blower,1.9237,23.0511,61.3852,6.4109,60.9436,1,BF.BLW.FAN01::E00,train
2025-03-31 03:00:00,BF.BLW.FAN01,bf_sinter_fan_blower,1.8993,25.5498,61.498,6.6637,61.2761,1,BF.BLW.FAN01::E00,train
2025-03-31 04:00:00,BF.BLW.FAN01,bf_sinter_fan_blower,1.9141,23.1422,61.8702,6.6552,61.8281,1,BF.BLW.FAN01::E00,train
2025-03-31 05:00:00,BF.BLW.FAN01,bf_sinter_fan_blower,2.0865,23.142,61.9711,6.4917,62.8901,2,BF.BLW.FAN01::E00,train
2025-03-31 06:00:00,BF.BLW.FAN01,bf_sinter_fan_blower,2.0628,28.0483,61.7657,6.6293,64.1535,1,BF.BLW.FAN01::E00,train
2025-03-31 07:00:00,BF.BLW.FAN01,bf_sinter_fan_blower,2.0738,29.7756,61.9712,6.7,63.1704,1,BF.BLW.FAN01::E00,train
2025-03-31 08:00:00,BF.BLW.FAN01,bf_sinter_fan_blower,2.0179,28.9361,61.5388,6.6969,62.5105,1,BF.BLW.FAN01::E00,train
2025-03-31 09:00:00,BF.BLW.FAN01,bf_sinter_fan_blower,1.932,35.3501,61.3418,6.7634,62.0482,1,BF.BLW.FAN01::E00,train
2025-03-31 10:00:00,BF.BLW.FAN01,bf_sinter_fan_blower,1.7577,35.4062,60.2385,6.6361,61.2287,2,BF.BLW.FAN01::E00,train
2025-03-31 11:00:00,BF.BLW.FAN01,bf_sinter_fan_blower,1.6995,34.474,60.0022,6.6446,60.7842,1,BF.BLW.FAN01::E00,train
2025-03-31 12:00:00,BF.BLW.FAN01,bf_sinter_fan_blower,1.8027,39.8613,60.283,6.4736,60.8496,1,BF.BLW.FAN01::E00,train
2025-03-31 13:00:00,BF.BLW.FAN01,bf_sinter_fan_blower,1.9093,36.9726,60.5994,6.4476,61.2095,2,BF.BLW.FAN01::E00,train
2025-03-31 14:00:00,BF.BLW.FAN01,bf_sinter_fan_blower,1.8981,41.2904,60.884,6.6094,60.3955,2,BF.BLW.FAN01::E00,train
2025-03-31 15:00:00,BF.BLW.FAN01,bf_sinter_fan_blower,1.847,38.5469,60.175,6.5128,59.5363,1,BF.BLW.FAN01::E00,train
2025-03-31 16:00:00,BF.BLW.FAN01,bf_sinter_fan_blower,1.9644,37.6585,60.2542,6.5101,59.1966,1,BF.BLW.FAN01::E00,train
2025-03-31 17:00:00,BF.BLW.FAN01,bf_sinter_fan_blower,2.0006,35.7874,59.0223,6.414,59.1841,2,BF.BLW.FAN01::E00,train
2025-03-31 18:00:00,BF.BLW.FAN01,bf_sinter_fan_blower,1.9734,34.4495,59.7257,6.6604,58.5389,1,BF.BLW.FAN01::E00,train
2025-03-31 19:00:00,BF.BLW.FAN01,bf_sinter_fan_blower,1.9009,36.1402,59.4459,6.7555,58.4769,1,BF.BLW.FAN01::E00,train
2025-03-31 20:00:00,BF.BLW.FAN01,bf_sinter_fan_blower,1.9442,42.2207,59.2426,6.7538,58.5097,1,BF.BLW.FAN01::E00,train
2025-03-31 21:00:00,BF.BLW.FAN01,bf_sinter_fan_blower,1.8607,38.8729,60.3509,6.6701,57.8866,1,BF.BLW.FAN01::E00,train
2025-03-31 22:00:00,BF.BLW.FAN01,bf_sinter_fan_blower,2.0611,42.6464,61.1685,6.6536,60.0886,1,BF.BLW.FAN01::E00,train
2025-03-31 23:00:00,BF.BLW.FAN01,bf_sinter_fan_blower,2.1126,43.1234,61.777,6.6551,61.0681,1,BF.BLW.FAN01::E00,train
2025-04-01 00:00:00,BF.BLW.FAN01,bf_sinter_fan_blower,2.1631,38.4005,62.4106,6.6543,62.1648,1,BF.BLW.FAN01::E00,train
2025-04-01 01:00:00,BF.BLW.FAN01,bf_sinter_fan_blower,2.1817,38.8958,63.5001,6.6223,62.8965,1,BF.BLW.FAN01::E00,train
2025-04-01 02:00:00,BF.BLW.FAN01,bf_sinter_fan_blower,2.0979,35.9506,62.7581,6.7379,62.8617,1,BF.BLW.FAN01::E00,train
2025-04-01 03:00:00,BF.BLW.FAN01,bf_sinter_fan_blower,2.0273,35.9895,62.5239,6.8067,62.8808,1,BF.BLW.FAN01::E00,train
2025-04-01 04:00:00,BF.BLW.FAN01,bf_sinter_fan_blower,2.0518,32.5593,62.5078,6.8993,63.7841,1,BF.BLW.FAN01::E00,train
2025-04-01 05:00:00,BF.BLW.FAN01,bf_sinter_fan_blower,2.0016,34.8192,62.2603,6.8975,64.0311,1,BF.BLW.FAN01::E00,train
2025-04-01 06:00:00,BF.BLW.FAN01,bf_sinter_fan_blower,1.9605,36.3609,62.9594,7.1155,63.6436,1,BF.BLW.FAN01::E00,train
2025-04-01 07:00:00,BF.BLW.FAN01,bf_sinter_fan_blower,1.9659,36.314,62.3466,7.0457,64.849,1,BF.BLW.FAN01::E00,train
2025-04-01 08:00:00,BF.BLW.FAN01,bf_sinter_fan_blower,1.8136,32.6303,61.4567,7.0663,65.0396,1,BF.BLW.FAN01::E00,train
2025-04-01 09:00:00,BF.BLW.FAN01,bf_sinter_fan_blower,1.8213,29.454,61.2177,7.078,65.1682,1,BF.BLW.FAN01::E00,train
2025-04-01 10:00:00,BF.BLW.FAN01,bf_sinter_fan_blower,1.6944,31.823,60.1821,7.1128,63.4367,2,BF.BLW.FAN01::E00,train
2025-04-01 11:00:00,BF.BLW.FAN01,bf_sinter_fan_blower,1.6388,31.9781,59.5032,7.1905,63.444,1,BF.BLW.FAN01::E00,train
2025-04-01 12:00:00,BF.BLW.FAN01,bf_sinter_fan_blower,1.727,33.2972,59.6719,7.1315,62.8106,1,BF.BLW.FAN01::E00,train
2025-04-01 13:00:00,BF.BLW.FAN01,bf_sinter_fan_blower,1.605,32.9212,58.4764,7.2353,62.6054,1,BF.BLW.FAN01::E00,train
2025-04-01 14:00:00,BF.BLW.FAN01,bf_sinter_fan_blower,1.6451,33.2143,57.5493,7.1934,63.6004,1,BF.BLW.FAN01::E00,train
2025-04-01 15:00:00,BF.BLW.FAN01,bf_sinter_fan_blower,1.7302,33.4712,58.357,7.1573,62.9216,2,BF.BLW.FAN01::E00,train
2025-04-01 16:00:00,BF.BLW.FAN01,bf_sinter_fan_blower,1.6609,31.2001,57.8457,7.0628,61.5927,1,BF.BLW.FAN01::E00,train
2025-04-01 17:00:00,BF.BLW.FAN01,bf_sinter_fan_blower,1.842,35.033,57.8508,7.037,62.1509,1,BF.BLW.FAN01::E00,train
2025-04-01 18:00:00,BF.BLW.FAN01,bf_sinter_fan_blower,1.9261,34.5691,58.6812,6.868,63.0728,1,BF.BLW.FAN01::E00,train
2025-04-01 19:00:00,BF.BLW.FAN01,bf_sinter_fan_blower,1.7514,35.9354,58.0208,6.9445,62.1002,1,BF.BLW.FAN01::E00,train
2025-04-01 20:00:00,BF.BLW.FAN01,bf_sinter_fan_blower,1.8536,36.5753,58.0511,6.8271,63.1142,1,BF.BLW.FAN01::E00,train
2025-04-01 21:00:00,BF.BLW.FAN01,bf_sinter_fan_blower,1.9336,33.2045,57.2456,6.6917,64.2826,2,BF.BLW.FAN01::E00,train
2025-04-01 22:00:00,BF.BLW.FAN01,bf_sinter_fan_blower,1.8383,35.3807,56.399,6.7422,64.2119,1,BF.BLW.FAN01::E00,train
2025-04-01 23:00:00,BF.BLW.FAN01,bf_sinter_fan_blower,1.871,33.1732,56.4095,6.6868,64.4153,1,BF.BLW.FAN01::E00,train
2025-04-02 00:00:00,BF.BLW.FAN01,bf_sinter_fan_blower,2.0003,30.9876,56.7561,6.5956,66.087,1,BF.BLW.FAN01::E00,train
2025-04-02 01:00:00,BF.BLW.FAN01,bf_sinter_fan_blower,2.0725,26.4584,58.1824,6.6875,66.4277,1,BF.BLW.FAN01::E00,train
2025-04-02 02:00:00,BF.BLW.FAN01,bf_sinter_fan_blower,2.0933,27.9755,58.1223,6.5739,67.0328,1,BF.BLW.FAN01::E00,train
2025-04-02 03:00:00,BF.BLW.FAN01,bf_sinter_fan_blower,2.0429,28.2012,58.0729,6.6021,67.264,1,BF.BLW.FAN01::E00,train
2025-04-02 04:00:00,BF.BLW.FAN01,bf_sinter_fan_blower,1.9174,29.0501,56.7111,6.6682,67.0622,1,BF.BLW.FAN01::E00,train
2025-04-02 05:00:00,BF.BLW.FAN01,bf_sinter_fan_blower,1.833,29.69,56.9927,6.6031,65.6902,1,BF.BLW.FAN01::E00,train
2025-04-02 06:00:00,BF.BLW.FAN01,bf_sinter_fan_blower,1.7754,32.7885,57.5646,6.6576,65.4767,1,BF.BLW.FAN01::E00,train
2025-04-02 07:00:00,BF.BLW.FAN01,bf_sinter_fan_blower,1.8193,33.6675,58.0728,6.538,65.2168,1,BF.BLW.FAN01::E00,train
2025-04-02 08:00:00,BF.BLW.FAN01,bf_sinter_fan_blower,1.7566,29.801,57.6103,6.3772,63.4502,1,BF.BLW.FAN01::E00,train
2025-04-02 09:00:00,BF.BLW.FAN01,bf_sinter_fan_blower,1.7016,29.9546,56.0022,6.4658,63.8853,1,BF.BLW.FAN01::E00,train
2025-04-02 10:00:00,BF.BLW.FAN01,bf_sinter_fan_blower,1.6166,48.2824,55.9374,6.419,62.6596,1,BF.BLW.FAN01::E00,train
2025-04-02 11:00:00,BF.BLW.FAN01,bf_sinter_fan_blower,1.6019,68.7342,55.3672,6.5681,62.6884,2,BF.BLW.FAN01::E00,train
2025-04-02 12:00:00,BF.BLW.FAN01,bf_sinter_fan_blower,1.4917,48.6828,54.8943,6.5179,61.2961,1,BF.BLW.FAN01::E00,train
2025-04-02 13:00:00,BF.BLW.FAN01,bf_sinter_fan_blower,1.6008,29.9466,55.6917,6.3241,60.6038,1,BF.BLW.FAN01::E00,train
2025-04-02 14:00:00,BF.BLW.FAN01,bf_sinter_fan_blower,1.4765,31.9796,54.9301,6.6227,59.2188,1,BF.BLW.FAN01::E00,train
2025-04-02 15:00:00,BF.BLW.FAN01,bf_sinter_fan_blower,1.3516,31.2549,54.6581,6.797,58.1777,2,BF.BLW.FAN01::E00,train
2025-04-02 16:00:00,BF.BLW.FAN01,bf_sinter_fan_blower,1.3025,35.7477,53.977,6.9932,58.5943,2,BF.BLW.FAN01::E00,train
2025-04-02 17:00:00,BF.BLW.FAN01,bf_sinter_fan_blower,1.1886,33.3567,53.1519,7.3291,58.9773,1,BF.BLW.FAN01::E00,train
2025-04-02 18:00:00,BF.BLW.FAN01,bf_sinter_fan_blower,1.1739,29.7511,53.813,7.4262,58.7272,1,BF.BLW.FAN01::E00,train
2025-04-02 19:00:00,BF.BLW.FAN01,bf_sinter_fan_blower,1.3175,28.8732,54.7848,7.2309,58.5954,1,BF.BLW.FAN01::E00,train
2025-04-02 20:00:00,BF.BLW.FAN01,bf_sinter_fan_blower,1.2014,26.9988,53.2266,7.1717,58.7861,2,BF.BLW.FAN01::E00,train
2025-04-02 21:00:00,BF.BLW.FAN01,bf_sinter_fan_blower,1.0626,25.1304,51.7361,7.3379,58.1691,1,BF.BLW.FAN01::E00,train
2025-04-02 22:00:00,BF.BLW.FAN01,bf_sinter_fan_blower,1.1752,29.1534,52.2422,7.2943,59.1231,1,BF.BLW.FAN01::E00,train
2025-04-02 23:00:00,BF.BLW.FAN01,bf_sinter_fan_blower,1.2666,29.8613,53.62,7.5024,60.1311,1,BF.BLW.FAN01::E00,train
2025-04-03 00:00:00,BF.BLW.FAN01,bf_sinter_fan_blower,1.3416,30.0704,54.5627,7.5837,59.8936,2,BF.BLW.FAN01::E00,train
2025-04-03 01:00:00,BF.BLW.FAN01,bf_sinter_fan_blower,1.3017,27.217,54.6122,7.5475,59.6478,2,BF.BLW.FAN01::E00,train
2025-04-03 02:00:00,BF.BLW.FAN01,bf_sinter_fan_blower,1.3602,27.8312,55.6194,7.5973,60.5028,1,BF.BLW.FAN01::E00,train
2025-04-03 03:00:00,BF.BLW.FAN01,bf_sinter_fan_blower,1.2565,29.4017,55.1299,7.7716,60.3024,2,BF.BLW.FAN01::E00,train
2025-04-03 04:00:00,BF.BLW.FAN01,bf_sinter_fan_blower,1.2964,32.5268,55.8445,7.8738,59.9883,2,BF.BLW.FAN01::E00,train
2025-04-03 05:00:00,BF.BLW.FAN01,bf_sinter_fan_blower,1.403,33.7434,55.9953,7.7094,60.3337,1,BF.BLW.FAN01::E00,train
2025-04-03 06:00:00,BF.BLW.FAN01,bf_sinter_fan_blower,1.5196,30.9843,56.8651,7.733,61.6982,1,BF.BLW.FAN01::E00,train
2025-04-03 07:00:00,BF.BLW.FAN01,bf_sinter_fan_blower,1.4686,31.2991,57.0241,7.7498,60.8378,1,BF.BLW.FAN01::E00,train
2025-04-03 08:00:00,BF.BLW.FAN01,bf_sinter_fan_blower,1.3984,30.5305,56.4698,7.9156,59.7275,1,BF.BLW.FAN01::E00,train
2025-04-03 09:00:00,BF.BLW.FAN01,bf_sinter_fan_blower,1.5849,28.6512,56.9153,7.8274,60.6596,2,BF.BLW.FAN01::E00,train
2025-04-03 10:00:00,BF.BLW.FAN01,bf_sinter_fan_blower,1.508,28.644,56.4319,7.6636,60.0102,2,BF.BLW.FAN01::E00,train
2025-04-03 11:00:00,BF.BLW.FAN01,bf_sinter_fan_blower,1.5787,28.1923,56.4531,7.5263,60.1895,1,BF.BLW.FAN01::E00,train
2025-04-03 12:00:00,BF.BLW.FAN01,bf_sinter_fan_blower,1.7159,30.1225,56.0797,7.4605,60.4948,1,BF.BLW.FAN01::E00,train
2025-04-03 13:00:00,BF.BLW.FAN01,bf_sinter_fan_blower,1.8954,31.7024,56.8193,7.2553,60.3257,1,BF.BLW.FAN01::E00,train
2025-04-03 14:00:00,BF.BLW.FAN01,bf_sinter_fan_blower,1.777,32.1136,56.2292,7.3058,60.0293,2,BF.BLW.FAN01::E00,train
2025-04-03 15:00:00,BF.BLW.FAN01,bf_sinter_fan_blower,1.8199,30.9506,55.1012,7.0909,60.2142,1,BF.BLW.FAN01::E00,train
2025-04-03 16:00:00,BF.BLW.FAN01,bf_sinter_fan_blower,1.7128,32.7929,54.8538,7.132,59.0534,1,BF.BLW.FAN01::E00,train
2025-04-03 17:00:00,BF.BLW.FAN01,bf_sinter_fan_blower,1.6968,27.9369,53.9582,7.3142,59.7634,1,BF.BLW.FAN01::E00,train
2025-04-03 18:00:00,BF.BLW.FAN01,bf_sinter_fan_blower,1.7119,28.8895,52.8953,7.0862,59.9565,2,BF.BLW.FAN01::E00,train
2025-04-03 19:00:00,BF.BLW.FAN01,bf_sinter_fan_blower,1.618,26.1439,52.9309,7.0425,58.9922,2,BF.BLW.FAN01::E00,train
2025-04-03 20:00:00,BF.BLW.FAN01,bf_sinter_fan_blower,1.4156,25.3254,52.5229,7.4891,58.0658,2,BF.BLW.FAN01::E00,train
2025-04-03 21:00:00,BF.BLW.FAN01,bf_sinter_fan_blower,1.5548,24.3568,54.0693,7.5795,57.6296,1,BF.BLW.FAN01::E00,train
2025-04-03 22:00:00,BF.BLW.FAN01,bf_sinter_fan_blower,1.5369,28.5363,53.5712,7.7039,58.2023,2,BF.BLW.FAN01::E00,train
2025-04-03 23:00:00,BF.BLW.FAN01,bf_sinter_fan_blower,1.6462,25.3888,54.5634,7.7033,59.3746,1,BF.BLW.FAN01::E00,train
2025-04-04 00:00:00,BF.BLW.FAN01,bf_sinter_fan_blower,1.5868,27.1081,53.8438,7.8213,60.1791,2,BF.BLW.FAN01::E00,train
2025-04-04 01:00:00,BF.BLW.FAN01,bf_sinter_fan_blower,1.6016,26.2721,53.5421,7.7198,59.821,2,BF.BLW.FAN01::E00,train
2025-04-04 02:00:00,BF.BLW.FAN01,bf_sinter_fan_blower,1.5532,26.9267,53.0886,7.8024,60.4636,1,BF.BLW.FAN01::E00,train
2025-04-04 03:00:00,BF.BLW.FAN01,bf_sinter_fan_blower,1.6974,30.0583,53.5839,7.9505,62.505,2,BF.BLW.FAN01::E00,train
2025-04-04 04:00:00,BF.BLW.FAN01,bf_sinter_fan_blower,1.6847,30.2008,54.6888,7.861,62.6291,1,BF.BLW.FAN01::E00,train
2025-04-04 05:00:00,BF.BLW.FAN01,bf_sinter_fan_blower,1.9292,28.1175,55.4358,7.4773,63.8283,1,BF.BLW.FAN01::E00,train
2025-04-04 06:00:00,BF.BLW.FAN01,bf_sinter_fan_blower,1.9835,26.1709,55.2134,7.1956,64.3783,1,BF.BLW.FAN01::E00,train
2025-04-04 07:00:00,BF.BLW.FAN01,bf_sinter_fan_blower,1.9762,29.1174,55.5143,7.1171,63.8504,1,BF.BLW.FAN01::E00,train
2025-04-04 08:00:00,BF.BLW.FAN01,bf_sinter_fan_blower,1.8966,30.0212,55.9261,7.1576,62.7735,2,BF.BLW.FAN01::E00,train
2025-04-04 09:00:00,BF.BLW.FAN01,bf_sinter_fan_blower,1.8514,33.1651,56.4221,7.0138,61.1186,2,BF.BLW.FAN01::E00,train
2025-04-04 10:00:00,BF.BLW.FAN01,bf_sinter_fan_blower,1.8783,31.7307,55.8486,6.9103,61.3264,1,BF.BLW.FAN01::E00,train
2025-04-04 11:00:00,BF.BLW.FAN01,bf_sinter_fan_blower,1.8396,30.0566,55.8836,7.1565,61.7713,2,BF.BLW.FAN01::E00,train
2025-04-04 12:00:00,BF.BLW.FAN01,bf_sinter_fan_blower,1.8435,28.3279,55.9949,7.164,60.5659,2,BF.BLW.FAN01::E00,train
2025-04-04 13:00:00,BF.BLW.FAN01,bf_sinter_fan_blower,1.7758,29.8068,55.3387,7.1927,60.0579,1,BF.BLW.FAN01::E00,train
2025-04-04 14:00:00,BF.BLW.FAN01,bf_sinter_fan_blower,1.5803,30.6636,53.8612,7.2864,58.9731,1,BF.BLW.FAN01::E00,train
2025-04-04 15:00:00,BF.BLW.FAN01,bf_sinter_fan_blower,1.556,33.2256,53.0555,7.4493,59.0512,1,BF.BLW.FAN01::E00,train
2025-04-04 16:00:00,BF.BLW.FAN01,bf_sinter_fan_blower,1.4835,30.6361,51.7858,7.608,57.8022,2,BF.BLW.FAN01::E00,train
2025-04-04 17:00:00,BF.BLW.FAN01,bf_sinter_fan_blower,1.4859,30.8434,52.2829,7.6442,57.0768,2,BF.BLW.FAN01::E00,train
2025-04-04 18:00:00,BF.BLW.FAN01,bf_sinter_fan_blower,1.5273,33.8663,52.9699,7.7061,57.4876,2,BF.BLW.FAN01::E00,train
2025-04-04 19:00:00,BF.BLW.FAN01,bf_sinter_fan_blower,1.5164,36.9283,53.3123,7.5981,56.9347,1,BF.BLW.FAN01::E00,train
2025-04-04 20:00:00,BF.BLW.FAN01,bf_sinter_fan_blower,1.5551,38.5142,53.9305,7.5061,56.6868,1,BF.BLW.FAN01::E00,train
2025-04-04 21:00:00,BF.BLW.FAN01,bf_sinter_fan_blower,1.4895,38.1954,53.7137,7.2981,55.9797,1,BF.BLW.FAN01::E00,train
2025-04-04 22:00:00,BF.BLW.FAN01,bf_sinter_fan_blower,1.5509,38.1419,54.1356,7.4685,56.5424,2,BF.BLW.FAN01::E00,train
2025-04-04 23:00:00,BF.BLW.FAN01,bf_sinter_fan_blower,1.575,38.1842,53.9614,7.4762,58.0328,1,BF.BLW.FAN01::E00,train
2025-04-05 00:00:00,BF.BLW.FAN01,bf_sinter_fan_blower,1.5742,41.2674,54.0026,7.4992,59.3306,2,BF.BLW.FAN01::E00,train
2025-04-05 01:00:00,BF.BLW.FAN01,bf_sinter_fan_blower,1.7286,41.6289,55.2483,7.4013,60.4319,1,BF.BLW.FAN01::E00,train
2025-04-05 02:00:00,BF.BLW.FAN01,bf_sinter_fan_blower,1.7835,41.3703,55.7777,7.2977,60.576,1,BF.BLW.FAN01::E00,train
2025-04-05 03:00:00,BF.BLW.FAN01,bf_sinter_fan_blower,1.9268,40.0053,56.5593,7.215,62.6509,1,BF.BLW.FAN01::E00,train
2025-04-05 04:00:00,BF.BLW.FAN01,bf_sinter_fan_blower,1.8278,39.94,57.5476,7.3229,62.5493,2,BF.BLW.FAN01::E00,train
2025-04-05 05:00:00,BF.BLW.FAN01,bf_sinter_fan_blower,1.7928,39.4891,58.0861,7.5951,62.7713,1,BF.BLW.FAN01::E00,train
2025-04-05 06:00:00,BF.BLW.FAN01,bf_sinter_fan_blower,1.8454,38.8196,58.7883,7.4415,61.8951,1,BF.BLW.FAN01::E00,train
2025-04-05 07:00:00,BF.BLW.FAN01,bf_sinter_fan_blower,3.3963,41.8638,59.7031,7.3811,61.1687,1,BF.BLW.FAN01::E00,train
2025-04-05 08:00:00,BF.BLW.FAN01,bf_sinter_fan_blower,4.9867,45.8705,59.3842,7.4678,61.4285,2,BF.BLW.FAN01::E00,train
2025-04-05 09:00:00,BF.BLW.FAN01,bf_sinter_fan_blower,3.5533,46.1949,60.3275,7.3879,62.3399,2,BF.BLW.FAN01::E00,train
2025-04-05 10:00:00,BF.BLW.FAN01,bf_sinter_fan_blower,1.9629,43.923,59.4943,7.1401,62.2267,2,BF.BLW.FAN01::E00,train
2025-04-05 11:00:00,BF.BLW.FAN01,bf_sinter_fan_blower,1.891,41.6026,58.6001,7.1407,61.2871,2,BF.BLW.FAN01::E00,train
2025-04-05 12:00:00,BF.BLW.FAN01,bf_sinter_fan_blower,1.9167,41.1184,58.622,7.1686,59.7373,1,BF.BLW.FAN01::E00,train
2025-04-05 13:00:00,BF.BLW.FAN01,bf_sinter_fan_blower,1.9989,41.3074,58.9186,7.1723,60.1144,2,BF.BLW.FAN01::E00,train
2025-04-05 14:00:00,BF.BLW.FAN01,bf_sinter_fan_blower,1.9061,44.8942,57.9828,6.9258,59.7367,2,BF.BLW.FAN01::E00,train
2025-04-05 15:00:00,BF.BLW.FAN01,bf_sinter_fan_blower,1.9026,44.0018,58.4579,6.9574,59.1238,1,BF.BLW.FAN01::E00,train
2025-04-05 16:00:00,BF.BLW.FAN01,bf_sinter_fan_blower,1.7969,39.9042,57.4256,6.9169,58.8369,2,BF.BLW.FAN01::E00,train
2025-04-05 17:00:00,BF.BLW.FAN01,bf_sinter_fan_blower,1.9348,38.6235,57.9031,6.9745,60.2604,2,BF.BLW.FAN01::E00,train
2025-04-05 18:00:00,BF.BLW.FAN01,bf_sinter_fan_blower,1.8991,40.1597,57.5731,6.9766,59.6631,1,BF.BLW.FAN01::E00,train
2025-04-05 19:00:00,BF.BLW.FAN01,bf_sinter_fan_blower,1.8112,42.1921,57.7179,7.015,59.0264,2,BF.BLW.FAN01::E00,train
2025-04-05 20:00:00,BF.BLW.FAN01,bf_sinter_fan_blower,1.8059,43.7504,57.9033,7.0718,59.4227,1,BF.BLW.FAN01::E00,train
2025-04-05 21:00:00,BF.BLW.FAN01,bf_sinter_fan_blower,1.7624,42.5623,57.9327,7.1278,60.3999,2,BF.BLW.FAN01::E00,train
2025-04-05 22:00:00,BF.BLW.FAN01,bf_sinter_fan_blower,1.8106,38.3989,59.2276,7.085,60.1289,1,BF.BLW.FAN01::E00,train
2025-04-05 23:00:00,BF.BLW.FAN01,bf_sinter_fan_blower,1.7121,36.4382,58.3486,7.072,60.9724,2,BF.BLW.FAN01::E00,train
2025-04-06 00:00:00,BF.BLW.FAN01,bf_sinter_fan_blower,1.7107,41.8499,58.2264,7.059,60.9839,2,BF.BLW.FAN01::E00,train
2025-04-06 01:00:00,BF.BLW.FAN01,bf_sinter_fan_blower,1.6718,38.6648,58.4631,6.9616,60.3647,2,BF.BLW.FAN01::E00,train
2025-04-06 02:00:00,BF.BLW.FAN01,bf_sinter_fan_blower,1.6909,36.8788,59.1961,7.1345,61.041,2,BF.BLW.FAN01::E00,train
2025-04-06 03:00:00,BF.BLW.FAN01,bf_sinter_fan_blower,1.6708,38.0466,59.3774,7.1605,61.443,1,BF.BLW.FAN01::E00,train
2025-04-06 04:00:00,BF.BLW.FAN01,bf_sinter_fan_blower,1.7939,38.3794,59.818,7.2451,61.9503,2,BF.BLW.FAN01::E00,train
2025-04-06 05:00:00,BF.BLW.FAN01,bf_sinter_fan_blower,1.6522,31.6895,59.1731,7.1902,61.0478,2,BF.BLW.FAN01::E00,train
2025-04-06 06:00:00,BF.BLW.FAN01,bf_sinter_fan_blower,1.4204,29.8978,57.8601,7.1938,59.6683,1,BF.BLW.FAN01::E00,train
2025-04-06 07:00:00,BF.BLW.FAN01,bf_sinter_fan_blower,1.4881,27.9127,58.9208,7.2905,60.9773,1,BF.BLW.FAN01::E00,train
2025-04-06 08:00:00,BF.BLW.FAN01,bf_sinter_fan_blower,1.4726,27.4118,58.3167,7.3266,60.4792,2,BF.BLW.FAN01::E00,train
2025-04-06 09:00:00,BF.BLW.FAN01,bf_sinter_fan_blower,1.5552,25.4042,58.9353,7.1795,60.1399,1,BF.BLW.FAN01::E00,train
2025-04-06 10:00:00,BF.BLW.FAN01,bf_sinter_fan_blower,1.5901,28.9139,59.6214,7.0528,59.4859,2,BF.BLW.FAN01::E00,train
2025-04-06 11:00:00,BF.BLW.FAN01,bf_sinter_fan_blower,1.5214,27.6089,58.4602,7.04,59.1567,1,BF.BLW.FAN01::E00,train
2025-04-06 12:00:00,BF.BLW.FAN01,bf_sinter_fan_blower,1.5479,29.1715,58.2593,7.1662,58.9649,2,BF.BLW.FAN01::E00,train
2025-04-06 13:00:00,BF.BLW.FAN01,bf_sinter_fan_blower,1.5749,30.7126,57.8387,7.0108,57.9412,2,BF.BLW.FAN01::E00,train
2025-04-06 14:00:00,BF.BLW.FAN01,bf_sinter_fan_blower,1.6464,30.429,58.2467,7.034,57.7789,1,BF.BLW.FAN01::E00,train
2025-04-06 15:00:00,BF.BLW.FAN01,bf_sinter_fan_blower,1.5145,29.9396,57.0395,7.0415,57.6,2,BF.BLW.FAN01::E00,train
2025-04-06 16:00:00,BF.BLW.FAN01,bf_sinter_fan_blower,1.5279,29.7319,57.0205,7.0441,56.7949,2,BF.BLW.FAN01::E00,train
2025-04-06 17:00:00,BF.BLW.FAN01,bf_sinter_fan_blower,1.5923,27.7048,57.9754,7.218,56.8897,1,BF.BLW.FAN01::E00,train
2025-04-06 18:00:00,BF.BLW.FAN01,bf_sinter_fan_blower,1.5489,28.5817,58.5428,7.4421,57.3626,2,BF.BLW.FAN01::E00,train
2025-04-06 19:00:00,BF.BLW.FAN01,bf_sinter_fan_blower,1.6829,27.2143,58.5321,7.5624,59.2088,2,BF.BLW.FAN01::E00,train
2025-04-06 20:00:00,BF.BLW.FAN01,bf_sinter_fan_blower,1.6393,26.9779,57.6415,7.476,59.2666,2,BF.BLW.FAN01::E00,train
2025-04-06 21:00:00,BF.BLW.FAN01,bf_sinter_fan_blower,1.7328,25.1901,58.4028,7.4169,60.338,2,BF.BLW.FAN01::E00,train
2025-04-06 22:00:00,BF.BLW.FAN01,bf_sinter_fan_blower,1.7992,25.4698,58.5864,7.431,61.3597,2,BF.BLW.FAN01::E00,train
2025-04-06 23:00:00,BF.BLW.FAN01,bf_sinter_fan_blower,1.802,26.9682,59.0836,7.4511,62.1743,2,BF.BLW.FAN01::E00,train
2025-04-07 00:00:00,BF.BLW.FAN01,bf_sinter_fan_blower,1.7441,30.1772,59.1486,7.5667,62.1001,2,BF.BLW.FAN01::E00,train
2025-04-07 01:00:00,BF.BLW.FAN01,bf_sinter_fan_blower,1.761,32.4446,60.5632,7.7574,62.5275,1,BF.BLW.FAN01::E00,train
2025-04-07 02:00:00,BF.BLW.FAN01,bf_sinter_fan_blower,1.6569,30.7536,60.4141,7.7592,61.3695,2,BF.BLW.FAN01::E00,train
2025-04-07 03:00:00,BF.BLW.FAN01,bf_sinter_fan_blower,1.7747,31.689,60.6647,7.7142,62.2693,1,BF.BLW.FAN01::E00,train
2025-04-07 04:00:00,BF.BLW.FAN01,bf_sinter_fan_blower,1.716,27.8687,61.4631,7.9064,60.8907,2,BF.BLW.FAN01::E00,train
2025-04-07 05:00:00,BF.BLW.FAN01,bf_sinter_fan_blower,1.8227,27.8111,61.3222,8.0093,62.8204,2,BF.BLW.FAN01::E00,train
2025-04-07 06:00:00,BF.BLW.FAN01,bf_sinter_fan_blower,1.7902,26.5965,61.5163,7.9475,62.1582,2,BF.BLW.FAN01::E00,train
2025-04-07 07:00:00,BF.BLW.FAN01,bf_sinter_fan_blower,1.8563,27.2487,60.5151,8.0096,62.7711,1,BF.BLW.FAN01::E00,train
2025-04-07 08:00:00,BF.BLW.FAN01,bf_sinter_fan_blower,1.8471,28.1421,60.1658,8.0025,61.6691,2,BF.BLW.FAN01::E00,train
2025-04-07 09:00:00,BF.BLW.FAN01,bf_sinter_fan_blower,1.8435,29.4115,59.7873,8.0434,61.5542,2,BF.BLW.FAN01::E00,train
2025-04-07 10:00:00,BF.BLW.FAN01,bf_sinter_fan_blower,1.6503,31.8842,58.5007,8.09,59.7239,2,BF.BLW.FAN01::E00,train
2025-04-07 11:00:00,BF.BLW.FAN01,bf_sinter_fan_blower,1.61,27.0661,57.9897,7.9022,57.8781,1,BF.BLW.FAN01::E00,train
2025-04-07 12:00:00,BF.BLW.FAN01,bf_sinter_fan_blower,1.6636,26.3179,58.5223,7.9278,56.7916,2,BF.BLW.FAN01::E00,train
2025-04-07 13:00:00,BF.BLW.FAN01,bf_sinter_fan_blower,1.6166,25.3612,58.2306,7.9991,56.033,2,BF.BLW.FAN01::E00,train
2025-04-07 14:00:00,BF.BLW.FAN01,bf_sinter_fan_blower,1.6248,22.1238,57.7963,7.961,55.3426,1,BF.BLW.FAN01::E00,train
2025-04-07 15:00:00,BF.BLW.FAN01,bf_sinter_fan_blower,1.7186,20.4969,58.3111,8.0193,56.1317,2,BF.BLW.FAN01::E00,train
2025-04-07 16:00:00,BF.BLW.FAN01,bf_sinter_fan_blower,1.608,17.397,57.9252,8.1298,56.1169,2,BF.BLW.FAN01::E00,train
2025-04-07 17:00:00,BF.BLW.FAN01,bf_sinter_fan_blower,1.5872,13.4725,57.8662,8.1462,55.8834,2,BF.BLW.FAN01::E00,train
2025-04-07 18:00:00,BF.BLW.FAN01,bf_sinter_fan_blower,1.8484,13.1045,59.9733,8.0071,56.1065,2,BF.BLW.FAN01::E00,train
2025-04-07 19:00:00,BF.BLW.FAN01,bf_sinter_fan_blower,1.8688,15.2581,59.76,7.8543,57.9159,2,BF.BLW.FAN01::E00,train
2025-04-07 20:00:00,BF.BLW.FAN01,bf_sinter_fan_blower,1.7836,16.8208,59.0608,7.9276,58.3242,1,BF.BLW.FAN01::E00,train
2025-04-07 21:00:00,BF.BLW.FAN01,bf_sinter_fan_blower,1.6585,15.6838,58.1876,8.1481,59.0861,2,BF.BLW.FAN01::E00,train
2025-04-07 22:00:00,BF.BLW.FAN01,bf_sinter_fan_blower,1.8284,16.52,58.2853,8.038,60.3639,2,BF.BLW.FAN01::E00,train
2025-04-07 23:00:00,BF.BLW.FAN01,bf_sinter_fan_blower,1.791,13.7892,58.1888,8.1028,60.153,2,BF.BLW.FAN01::E00,train
2025-04-08 00:00:00,BF.BLW.FAN01,bf_sinter_fan_blower,1.8783,20.8085,58.3304,7.9767,60.9733,1,BF.BLW.FAN01::E00,train
2025-04-08 01:00:00,BF.BLW.FAN01,bf_sinter_fan_blower,1.8219,25.4347,57.7345,7.9305,60.9805,2,BF.BLW.FAN01::E00,train
2025-04-08 02:00:00,BF.BLW.FAN01,bf_sinter_fan_blower,1.7137,29.4829,57.1719,7.9393,60.3877,2,BF.BLW.FAN01::E00,train
2025-04-08 03:00:00,BF.BLW.FAN01,bf_sinter_fan_blower,1.5259,33.0309,56.5186,7.8634,59.5874,2,BF.BLW.FAN01::E00,train
2025-04-08 04:00:00,BF.BLW.FAN01,bf_sinter_fan_blower,1.5605,32.1076,57.1117,7.7476,58.9032,2,BF.BLW.FAN01::E00,train
2025-04-08 05:00:00,BF.BLW.FAN01,bf_sinter_fan_blower,1.5373,32.1389,56.7198,7.6293,59.3424,2,BF.BLW.FAN01::E00,train
2025-04-08 06:00:00,BF.BLW.FAN01,bf_sinter_fan_blower,1.7484,29.1159,57.6173,7.6554,60.7408,2,BF.BLW.FAN01::E00,train
2025-04-08 07:00:00,BF.BLW.FAN01,bf_sinter_fan_blower,1.6913,28.4516,56.9526,7.7608,61.4166,2,BF.BLW.FAN01::E00,train
2025-04-08 08:00:00,BF.BLW.FAN01,bf_sinter_fan_blower,1.6171,30.3896,57.2705,7.6455,59.6802,2,BF.BLW.FAN01::E00,train
2025-04-08 09:00:00,BF.BLW.FAN01,bf_sinter_fan_blower,1.5073,30.946,56.5737,7.8364,58.3384,2,BF.BLW.FAN01::E00,train
2025-04-08 10:00:00,BF.BLW.FAN01,bf_sinter_fan_blower,1.4561,31.9246,56.2582,7.9231,58.2311,1,BF.BLW.FAN01::E00,train
2025-04-08 11:00:00,BF.BLW.FAN01,bf_sinter_fan_blower,1.6014,34.7238,56.0683,7.6812,59.0942,2,BF.BLW.FAN01::E00,train
2025-04-08 12:00:00,BF.BLW.FAN01,bf_sinter_fan_blower,1.5232,34.2321,55.0176,7.7277,59.222,2,BF.BLW.FAN01::E00,train
2025-04-08 13:00:00,BF.BLW.FAN01,bf_sinter_fan_blower,1.6164,31.7403,54.9663,7.704,59.1819,2,BF.BLW.FAN01::E00,train
2025-04-08 14:00:00,BF.BLW.FAN01,bf_sinter_fan_blower,1.5674,36.0479,55.7819,7.8926,58.5114,2,BF.BLW.FAN01::E00,train
2025-04-08 15:00:00,BF.BLW.FAN01,bf_sinter_fan_blower,1.4841,35.3522,55.304,7.8628,57.2996,2,BF.BLW.FAN01::E00,train
2025-04-08 16:00:00,BF.BLW.FAN01,bf_sinter_fan_blower,1.5886,35.3015,54.8323,7.9734,58.6361,2,BF.BLW.FAN01::E00,train
2025-04-08 17:00:00,BF.BLW.FAN01,bf_sinter_fan_blower,1.5573,31.6163,54.2046,7.9422,58.947,2,BF.BLW.FAN01::E00,train
2025-04-08 18:00:00,BF.BLW.FAN01,bf_sinter_fan_blower,1.5052,30.9759,54.2208,7.9477,58.9334,2,BF.BLW.FAN01::E00,train
2025-04-08 19:00:00,BF.BLW.FAN01,bf_sinter_fan_blower,1.5544,29.6637,53.6372,8.0323,59.7545,2,BF.BLW.FAN01::E00,train
2025-04-08 20:00:00,BF.BLW.FAN01,bf_sinter_fan_blower,1.5621,29.8599,53.9251,8.0941,60.1471,2,BF.BLW.FAN01::E00,train
2025-04-08 21:00:00,BF.BLW.FAN01,bf_sinter_fan_blower,1.6116,25.2488,54.4672,7.9594,59.8579,1,BF.BLW.FAN01::E00,train
2025-04-08 22:00:00,BF.BLW.FAN01,bf_sinter_fan_blower,1.5068,27.7409,53.7513,8.0798,60.0954,2,BF.BLW.FAN01::E00,train
2025-04-08 23:00:00,BF.BLW.FAN01,bf_sinter_fan_blower,1.4497,30.1291,53.7062,8.3054,59.8475,2,BF.BLW.FAN01::E00,train
2025-04-09 00:00:00,BF.BLW.FAN01,bf_sinter_fan_blower,1.3952,32.922,53.3362,8.3628,59.9658,2,BF.BLW.FAN01::E00,train
2025-04-09 01:00:00,BF.BLW.FAN01,bf_sinter_fan_blower,1.4696,35.2458,53.1585,8.3089,60.8979,2,BF.BLW.FAN01::E00,train
2025-04-09 02:00:00,BF.BLW.FAN01,bf_sinter_fan_blower,1.4732,35.3307,54.0176,8.4201,60.0236,1,BF.BLW.FAN01::E00,train
2025-04-09 03:00:00,BF.BLW.FAN01,bf_sinter_fan_blower,1.4467,32.1575,54.2723,8.3503,60.033,2,BF.BLW.FAN01::E00,train
2025-04-09 04:00:00,BF.BLW.FAN01,bf_sinter_fan_blower,1.5869,30.6837,54.7127,8.2799,60.9736,2,BF.BLW.FAN01::E00,train
2025-04-09 05:00:00,BF.BLW.FAN01,bf_sinter_fan_blower,1.6561,30.8697,55.3416,8.3922,61.3635,1,BF.BLW.FAN01::E00,train
2025-04-09 06:00:00,BF.BLW.FAN01,bf_sinter_fan_blower,1.6923,34.6,55.8015,8.261,60.8747,2,BF.BLW.FAN01::E00,train
2025-04-09 07:00:00,BF.BLW.FAN01,bf_sinter_fan_blower,1.7239,26.7474,56.0854,8.241,60.8458,2,BF.BLW.FAN01::E00,train
2025-04-09 08:00:00,BF.BLW.FAN01,bf_sinter_fan_blower,1.806,28.6908,56.356,8.3502,61.4567,2,BF.BLW.FAN01::E00,train
2025-04-09 09:00:00,BF.BLW.FAN01,bf_sinter_fan_blower,1.842,31.6207,56.4193,8.4843,61.6148,1,BF.BLW.FAN01::E00,train
2025-04-09 10:00:00,BF.BLW.FAN01,bf_sinter_fan_blower,1.8962,31.9449,55.6031,8.3618,61.5717,2,BF.BLW.FAN01::E00,train
2025-04-09 11:00:00,BF.BLW.FAN01,bf_sinter_fan_blower,1.7848,35.4345,55.0933,8.3627,60.2881,2,BF.BLW.FAN01::E00,train
2025-04-09 12:00:00,BF.BLW.FAN01,bf_sinter_fan_blower,1.6973,30.3211,54.4028,8.3424,58.7927,2,BF.BLW.FAN01::E00,train
2025-04-09 13:00:00,BF.BLW.FAN01,bf_sinter_fan_blower,1.8638,30.0724,54.994,8.3617,57.7225,2,BF.BLW.FAN01::E00,train
2025-04-09 14:00:00,BF.BLW.FAN01,bf_sinter_fan_blower,2.2008,28.4554,54.9184,8.4401,57.7895,1,BF.BLW.FAN01::E00,train
2025-04-09 15:00:00,BF.BLW.FAN01,bf_sinter_fan_blower,2.8028,27.0222,55.0457,8.406,58.2541,2,BF.BLW.FAN01::E00,train
2025-04-09 16:00:00,BF.BLW.FAN01,bf_sinter_fan_blower,3.5147,31.4037,55.4795,8.2711,57.969,2,BF.BLW.FAN01::E00,train
2025-04-09 17:00:00,BF.BLW.FAN01,bf_sinter_fan_blower,3.9776,28.7714,55.2802,8.3272,56.9318,1,BF.BLW.FAN01::E00,train
2025-04-09 18:00:00,BF.BLW.FAN01,bf_sinter_fan_blower,4.4079,25.5857,55.5957,8.2839,57.586,1,BF.BLW.FAN01::E00,train
2025-04-09 19:00:00,BF.BLW.FAN01,bf_sinter_fan_blower,4.4041,26.6683,56.1127,8.2352,56.1581,2,BF.BLW.FAN01::E00,train
2025-04-09 20:00:00,BF.BLW.FAN01,bf_sinter_fan_blower,4.3075,26.9585,55.6441,8.1373,56.5625,1,BF.BLW.FAN01::E00,train
2025-04-09 21:00:00,BF.BLW.FAN01,bf_sinter_fan_blower,3.9176,25.9022,55.4421,8.1941,56.7623,2,BF.BLW.FAN01::E00,train
2025-04-09 22:00:00,BF.BLW.FAN01,bf_sinter_fan_blower,3.4023,25.5974,56.6798,8.3327,57.3124,1,BF.BLW.FAN01::E00,train
2025-04-09 23:00:00,BF.BLW.FAN01,bf_sinter_fan_blower,2.6453,28.8143,55.5884,8.2322,56.922,1,BF.BLW.FAN01::E00,train
2025-04-10 00:00:00,BF.BLW.FAN01,bf_sinter_fan_blower,1.9677,29.1544,55.2126,8.3228,56.9022,2,BF.BLW.FAN01::E00,train
2025-04-10 01:00:00,BF.BLW.FAN01,bf_sinter_fan_blower,1.6448,29.0448,55.977,8.239,57.9741,2,BF.BLW.FAN01::E00,train
2025-04-10 02:00:00,BF.BLW.FAN01,bf_sinter_fan_blower,1.4152,24.3578,55.2601,8.2893,57.4781,2,BF.BLW.FAN01::E00,train
2025-04-10 03:00:00,BF.BLW.FAN01,bf_sinter_fan_blower,1.4362,26.2328,55.7694,8.435,57.326,2,BF.BLW.FAN01::E00,train
2025-04-10 04:00:00,BF.BLW.FAN01,bf_sinter_fan_blower,1.4877,29.113,55.5739,8.3142,58.7175,2,BF.BLW.FAN01::E00,train
2025-04-10 05:00:00,BF.BLW.FAN01,bf_sinter_fan_blower,1.3792,28.3165,55.4512,8.4549,57.6158,2,BF.BLW.FAN01::E00,train
2025-04-10 06:00:00,BF.BLW.FAN01,bf_sinter_fan_blower,1.2721,35.0871,54.7167,8.3429,57.3371,1,BF.BLW.FAN01::E00,train
2025-04-10 07:00:00,BF.BLW.FAN01,bf_sinter_fan_blower,1.3644,35.1299,54.6669,8.2375,57.4141,2,BF.BLW.FAN01::E00,train
2025-04-10 08:00:00,BF.BLW.FAN01,bf_sinter_fan_blower,1.3488,34.2327,54.7105,8.3453,57.1474,2,BF.BLW.FAN01::E00,train
2025-04-10 09:00:00,BF.BLW.FAN01,bf_sinter_fan_blower,1.5231,33.8301,55.7957,8.1965,57.8421,2,BF.BLW.FAN01::E00,train
2025-04-10 10:00:00,BF.BLW.FAN01,bf_sinter_fan_blower,1.6325,28.7057,55.7454,8.4131,58.0184,2,BF.BLW.FAN01::E00,train
2025-04-10 11:00:00,BF.BLW.FAN01,bf_sinter_fan_blower,1.6965,31.2768,55.4265,8.2495,58.5914,1,BF.BLW.FAN01::E00,train
2025-04-10 12:00:00,BF.BLW.FAN01,bf_sinter_fan_blower,1.7104,24.8149,55.6387,8.1713,57.585,2,BF.BLW.FAN01::E00,train
2025-04-10 13:00:00,BF.BLW.FAN01,bf_sinter_fan_blower,1.6745,25.7331,55.0507,8.1259,57.0893,2,BF.BLW.FAN01::E00,train
2025-04-10 14:00:00,BF.BLW.FAN01,bf_sinter_fan_blower,1.7498,28.1721,55.3984,7.894,56.0105,2,BF.BLW.FAN01::E00,train
2025-04-10 15:00:00,BF.BLW.FAN01,bf_sinter_fan_blower,1.6483,26.8465,55.4243,7.8183,54.4363,2,BF.BLW.FAN01::E00,train
2025-04-10 16:00:00,BF.BLW.FAN01,bf_sinter_fan_blower,1.4958,25.0653,54.2518,7.8676,53.6494,2,BF.BLW.FAN01::E00,train
2025-04-10 17:00:00,BF.BLW.FAN01,bf_sinter_fan_blower,1.5796,29.7059,54.7769,7.9695,53.8843,1,BF.BLW.FAN01::E00,train
2025-04-10 18:00:00,BF.BLW.FAN01,bf_sinter_fan_blower,1.4098,23.1396,54.221,7.9122,52.446,2,BF.BLW.FAN01::E00,train
2025-04-10 19:00:00,BF.BLW.FAN01,bf_sinter_fan_blower,1.316,23.4961,53.3432,7.9261,51.3023,2,BF.BLW.FAN01::E00,train
2025-04-10 20:00:00,BF.BLW.FAN01,bf_sinter_fan_blower,1.3401,20.767,53.6094,7.9503,51.573,2,BF.BLW.FAN01::E00,train
2025-04-10 21:00:00,BF.BLW.FAN01,bf_sinter_fan_blower,1.4214,22.4849,54.4565,7.6789,51.8791,2,BF.BLW.FAN01::E00,train
2025-04-10 22:00:00,BF.BLW.FAN01,bf_sinter_fan_blower,1.4118,26.9708,53.6757,7.5827,53.3882,2,BF.BLW.FAN01::E00,train
2025-04-10 23:00:00,BF.BLW.FAN01,bf_sinter_fan_blower,1.3436,23.3395,52.7543,7.6781,54.0201,2,BF.BLW.FAN01::E00,train
2025-04-11 00:00:00,BF.BLW.FAN01,bf_sinter_fan_blower,1.3475,26.6271,52.8034,7.8275,54.3531,2,BF.BLW.FAN01::E00,train
2025-04-11 01:00:00,BF.BLW.FAN01,bf_sinter_fan_blower,1.3318,26.0994,52.6853,7.8563,54.4519,2,BF.BLW.FAN01::E00,train
2025-04-11 02:00:00,BF.BLW.FAN01,bf_sinter_fan_blower,1.5011,27.5498,53.9002,7.8969,55.5176,1,BF.BLW.FAN01::E00,train
2025-04-11 03:00:00,BF.BLW.FAN01,bf_sinter_fan_blower,1.5699,25.9657,54.2693,7.876,56.2893,2,BF.BLW.FAN01::E00,train
2025-04-11 04:00:00,BF.BLW.FAN01,bf_sinter_fan_blower,1.4524,25.37,53.3213,7.6758,55.6973,1,BF.BLW.FAN01::E00,train
2025-04-11 05:00:00,BF.BLW.FAN01,bf_sinter_fan_blower,1.4549,23.8519,53.5359,7.6562,56.2215,1,BF.BLW.FAN01::E00,train
2025-04-11 06:00:00,BF.BLW.FAN01,bf_sinter_fan_blower,1.3794,25.4456,53.1489,7.5783,55.7181,2,BF.BLW.FAN01::E00,train
2025-04-11 07:00:00,BF.BLW.FAN01,bf_sinter_fan_blower,1.4107,25.8321,52.6694,7.6142,55.1881,2,BF.BLW.FAN01::E00,train
2025-04-11 08:00:00,BF.BLW.FAN01,bf_sinter_fan_blower,1.3385,24.9761,51.9643,7.6011,54.3369,2,BF.BLW.FAN01::E00,train
2025-04-11 09:00:00,BF.BLW.FAN01,bf_sinter_fan_blower,1.3853,28.8583,51.9676,7.7287,54.5811,2,BF.BLW.FAN01::E00,train
2025-04-11 10:00:00,BF.BLW.FAN01,bf_sinter_fan_blower,1.2382,28.0965,51.5557,7.8035,53.5701,2,BF.BLW.FAN01::E00,train
2025-04-11 11:00:00,BF.BLW.FAN01,bf_sinter_fan_blower,1.1863,27.3048,51.0034,7.8919,54.1348,1,BF.BLW.FAN01::E00,train
2025-04-11 12:00:00,BF.BLW.FAN01,bf_sinter_fan_blower,1.2334,28.5152,51.3113,7.8589,53.3869,2,BF.BLW.FAN01::E00,train
2025-04-11 13:00:00,BF.BLW.FAN01,bf_sinter_fan_blower,1.2888,29.4632,51.4483,7.9814,52.4375,2,BF.BLW.FAN01::E00,train
2025-04-11 14:00:00,BF.BLW.FAN01,bf_sinter_fan_blower,1.2597,28.7371,51.5561,8.1257,51.8413,2,BF.BLW.FAN01::E00,train
2025-04-11 15:00:00,BF.BLW.FAN01,bf_sinter_fan_blower,1.3204,30.1856,50.9596,8.4091,52.5884,1,BF.BLW.FAN01::E00,train
2025-04-11 16:00:00,BF.BLW.FAN01,bf_sinter_fan_blower,1.3585,30.2172,50.568,8.2608,51.4203,2,BF.BLW.FAN01::E00,train
2025-04-11 17:00:00,BF.BLW.FAN01,bf_sinter_fan_blower,1.1973,32.1197,50.3171,8.3831,49.4086,2,BF.BLW.FAN01::E00,train
2025-04-11 18:00:00,BF.BLW.FAN01,bf_sinter_fan_blower,1.1578,29.5692,50.5994,8.2898,48.6198,2,BF.BLW.FAN01::E00,train
2025-04-11 19:00:00,BF.BLW.FAN01,bf_sinter_fan_blower,1.1093,30.0514,50.2793,8.1932,48.1164,2,BF.BLW.FAN01::E00,train
2025-04-11 20:00:00,BF.BLW.FAN01,bf_sinter_fan_blower,1.1541,30.6699,50.6297,8.2517,47.3325,2,BF.BLW.FAN01::E00,train
2025-04-11 21:00:00,BF.BLW.FAN01,bf_sinter_fan_blower,1.1599,34.1533,50.2561,8.2402,47.4101,1,BF.BLW.FAN01::E00,train
2025-04-11 22:00:00,BF.BLW.FAN01,bf_sinter_fan_blower,1.214,29.9592,51.3694,8.1645,47.4038,2,BF.BLW.FAN01::E00,train
2025-04-11 23:00:00,BF.BLW.FAN01,bf_sinter_fan_blower,1.2039,31.1604,51.2782,8.1689,47.8492,2,BF.BLW.FAN01::E00,train
2025-04-12 00:00:00,BF.BLW.FAN01,bf_sinter_fan_blower,1.2417,29.5378,52.0758,8.126,47.283,2,BF.BLW.FAN01::E00,train
2025-04-12 01:00:00,BF.BLW.FAN01,bf_sinter_fan_blower,1.2437,28.4405,52.0004,8.0665,47.6077,2,BF.BLW.FAN01::E00,train
2025-04-12 02:00:00,BF.BLW.FAN01,bf_sinter_fan_blower,1.3505,30.1822,53.1332,8.1179,48.2815,2,BF.BLW.FAN01::E00,train
2025-04-12 03:00:00,BF.BLW.FAN01,bf_sinter_fan_blower,1.4395,30.8357,53.6366,8.1424,48.6797,2,BF.BLW.FAN01::E00,train
2025-04-12 04:00:00,BF.BLW.FAN01,bf_sinter_fan_blower,1.4646,32.669,55.0358,8.2724,48.9354,2,BF.BLW.FAN01::E00,train
2025-04-12 05:00:00,BF.BLW.FAN01,bf_sinter_fan_blower,1.4514,32.7544,54.5594,8.4199,49.251,2,BF.BLW.FAN01::E00,train
2025-04-12 06:00:00,BF.BLW.FAN01,bf_sinter_fan_blower,1.37,30.4901,54.6364,8.4999,48.3062,2,BF.BLW.FAN01::E00,train
2025-04-12 07:00:00,BF.BLW.FAN01,bf_sinter_fan_blower,1.3982,34.6114,55.2111,8.5198,49.0332,2,BF.BLW.FAN01::E00,train
2025-04-12 08:00:00,BF.BLW.FAN01,bf_sinter_fan_blower,1.3049,34.6112,55.2537,8.6974,48.8707,2,BF.BLW.FAN01::E00,train
2025-04-12 09:00:00,BF.BLW.FAN01,bf_sinter_fan_blower,1.131,32.9111,54.3892,8.6099,48.0066,2,BF.BLW.FAN01::E00,train
2025-04-12 10:00:00,BF.BLW.FAN01,bf_sinter_fan_blower,1.2062,34.2326,53.8967,8.7534,48.9711,2,BF.BLW.FAN01::E00,train
2025-04-12 11:00:00,BF.BLW.FAN01,bf_sinter_fan_blower,1.2548,34.602,54.8512,8.8083,48.311,2,BF.BLW.FAN01::E00,train
2025-04-12 12:00:00,BF.BLW.FAN01,bf_sinter_fan_blower,1.3581,30.6001,54.6235,8.7693,48.95,2,BF.BLW.FAN01::E00,train
2025-04-12 13:00:00,BF.BLW.FAN01,bf_sinter_fan_blower,1.3624,30.326,53.1784,8.8995,49.1888,2,BF.BLW.FAN01::E00,train
2025-04-12 14:00:00,BF.BLW.FAN01,bf_sinter_fan_blower,1.3671,29.9326,52.2506,8.9667,49.3882,1,BF.BLW.FAN01::E00,train
2025-04-12 15:00:00,BF.BLW.FAN01,bf_sinter_fan_blower,1.4987,30.8885,51.9884,8.974,50.8418,2,BF.BLW.FAN01::E00,train
2025-04-12 16:00:00,BF.BLW.FAN01,bf_sinter_fan_blower,1.5066,31.8803,51.1609,8.9392,51.6233,1,BF.BLW.FAN01::E00,train
2025-04-12 17:00:00,BF.BLW.FAN01,bf_sinter_fan_blower,1.6051,31.3924,52.2243,8.7035,52.2591,2,BF.BLW.FAN01::E00,train
2025-04-12 18:00:00,BF.BLW.FAN01,bf_sinter_fan_blower,1.5368,35.0881,51.5476,8.6146,52.1529,2,BF.BLW.FAN01::E00,train
2025-04-12 19:00:00,BF.BLW.FAN01,bf_sinter_fan_blower,1.6253,31.724,51.7057,8.5182,52.3327,2,BF.BLW.FAN01::E00,train
2025-04-12 20:00:00,BF.BLW.FAN01,bf_sinter_fan_blower,1.5535,28.967,51.4541,8.6519,52.86,2,BF.BLW.FAN01::E00,train
2025-04-12 21:00:00,BF.BLW.FAN01,bf_sinter_fan_blower,1.581,30.9517,50.3728,8.6147,54.5323,2,BF.BLW.FAN01::E00,train
2025-04-12 22:00:00,BF.BLW.FAN01,bf_sinter_fan_blower,1.5211,30.6927,50.3365,8.6715,55.113,1,BF.BLW.FAN01::E00,train
2025-04-12 23:00:00,BF.BLW.FAN01,bf_sinter_fan_blower,1.5557,27.8012,51.4338,8.5853,54.0067,2,BF.BLW.FAN01::E00,train
2025-04-13 00:00:00,BF.BLW.FAN01,bf_sinter_fan_blower,1.5933,29.4828,51.4751,8.5146,54.4599,2,BF.BLW.FAN01::E00,train
2025-04-13 01:00:00,BF.BLW.FAN01,bf_sinter_fan_blower,1.5981,28.6498,51.4262,8.5249,55.3213,2,BF.BLW.FAN01::E00,train
2025-04-13 02:00:00,BF.BLW.FAN01,bf_sinter_fan_blower,1.5468,24.5965,51.1732,8.462,56.5334,2,BF.BLW.FAN01::E00,train
2025-04-13 03:00:00,BF.BLW.FAN01,bf_sinter_fan_blower,1.5509,19.4751,51.2101,8.4603,57.3888,1,BF.BLW.FAN01::E00,train
2025-04-13 04:00:00,BF.BLW.FAN01,bf_sinter_fan_blower,1.6124,21.933,51.5389,8.4004,58.1018,2,BF.BLW.FAN01::E00,train
2025-04-13 05:00:00,BF.BLW.FAN01,bf_sinter_fan_blower,1.6292,21.3722,52.0615,8.6296,58.6069,2,BF.BLW.FAN01::E00,train
2025-04-13 06:00:00,BF.BLW.FAN01,bf_sinter_fan_blower,1.5806,20.5934,52.488,8.7671,58.0996,2,BF.BLW.FAN01::E00,train
2025-04-13 07:00:00,BF.BLW.FAN01,bf_sinter_fan_blower,1.4992,20.2626,51.7011,8.9819,58.0681,2,BF.BLW.FAN01::E00,train
2025-04-13 08:00:00,BF.BLW.FAN01,bf_sinter_fan_blower,1.5137,20.3775,50.1139,1.0182,57.7453,0,,train
2025-04-13 09:00:00,BF.BLW.FAN01,bf_sinter_fan_blower,1.5904,19.1421,50.198,0.9365,58.8958,0,,train
2025-04-13 10:00:00,BF.BLW.FAN01,bf_sinter_fan_blower,1.5624,19.8818,49.229,0.9499,58.7855,0,,train
2025-04-13 11:00:00,BF.BLW.FAN01,bf_sinter_fan_blower,1.6509,20.8467,48.9598,0.7238,58.9459,0,,train
2025-04-13 12:00:00,BF.BLW.FAN01,bf_sinter_fan_blower,1.5769,20.5993,49.1614,0.7703,58.1974,0,,train
2025-04-13 13:00:00,BF.BLW.FAN01,bf_sinter_fan_blower,1.5873,19.6883,48.9903,0.5081,58.8485,0,,train
2025-04-13 14:00:00,BF.BLW.FAN01,bf_sinter_fan_blower,1.583,16.2394,49.0787,0.5637,58.0925,0,,train
2025-04-13 15:00:00,BF.BLW.FAN01,bf_sinter_fan_blower,1.561,16.0235,48.983,0.5344,57.4465,0,,train
2025-04-13 16:00:00,BF.BLW.FAN01,bf_sinter_fan_blower,1.487,17.2212,49.5028,0.6917,56.6889,0,,train
2025-04-13 17:00:00,BF.BLW.FAN01,bf_sinter_fan_blower,1.5419,19.2145,50.3465,0.7437,57.4858,0,,train
2025-04-13 18:00:00,BF.BLW.FAN01,bf_sinter_fan_blower,1.5865,18.8742,51.248,0.6593,57.3424,0,,train
2025-04-13 19:00:00,BF.BLW.FAN01,bf_sinter_fan_blower,1.5096,19.8036,50.9472,0.7272,56.9957,0,,train
2025-04-13 20:00:00,BF.BLW.FAN01,bf_sinter_fan_blower,1.457,21.1961,50.8213,0.8742,57.2309,0,,train
2025-04-13 21:00:00,BF.BLW.FAN01,bf_sinter_fan_blower,1.333,19.8608,50.2956,0.8291,57.0751,0,,train
2025-04-13 22:00:00,BF.BLW.FAN01,bf_sinter_fan_blower,1.4107,16.224,50.748,0.8018,57.419,0,,train
2025-04-13 23:00:00,BF.BLW.FAN01,bf_sinter_fan_blower,1.343,18.3102,51.9871,0.8571,56.3805,0,,train
2025-04-14 00:00:00,BF.BLW.FAN01,bf_sinter_fan_blower,1.3517,20.5586,52.6149,0.8292,56.4893,0,,train
2025-04-14 01:00:00,BF.BLW.FAN01,bf_sinter_fan_blower,1.2263,20.3391,51.384,0.9755,55.9076,0,,train
2025-04-14 02:00:00,BF.BLW.FAN01,bf_sinter_fan_blower,1.2967,25.4141,52.0068,0.8467,56.0115,0,,train
2025-04-14 03:00:00,BF.BLW.FAN01,bf_sinter_fan_blower,1.2498,30.2319,51.6082,0.8556,55.3718,0,,train
2025-04-14 04:00:00,BF.BLW.FAN01,bf_sinter_fan_blower,1.2402,34.8368,51.7802,0.9932,55.363,0,,train
2025-04-14 05:00:00,BF.BLW.FAN01,bf_sinter_fan_blower,1.3676,28.9291,52.4234,1.1058,56.2509,0,,train
2025-04-14 06:00:00,BF.BLW.FAN01,bf_sinter_fan_blower,1.2465,30.7368,50.8224,1.1247,57.0334,0,,train
2025-04-14 07:00:00,BF.BLW.FAN01,bf_sinter_fan_blower,1.4757,26.9694,51.7338,0.9952,58.0466,0,,train
2025-04-14 08:00:00,BF.BLW.FAN01,bf_sinter_fan_blower,1.4749,25.2459,51.2988,0.7338,58.004,0,,train
2025-04-14 09:00:00,BF.BLW.FAN01,bf_sinter_fan_blower,1.537,25.3197,52.0514,0.8018,57.0743,0,,train
2025-04-14 10:00:00,BF.BLW.FAN01,bf_sinter_fan_blower,1.5801,26.7319,52.5796,0.8594,56.8268,0,,train
2025-04-14 11:00:00,BF.BLW.FAN01,bf_sinter_fan_blower,1.7408,23.7281,53.743,0.81,56.2768,0,,train
2025-04-14 12:00:00,BF.BLW.FAN01,bf_sinter_fan_blower,1.7201,25.0642,53.6051,0.8684,55.834,0,,train
2025-04-14 13:00:00,BF.BLW.FAN01,bf_sinter_fan_blower,1.6152,25.1478,53.2208,0.8523,55.1076,0,,train
2025-04-14 14:00:00,BF.BLW.FAN01,bf_sinter_fan_blower,1.6437,25.1513,51.6098,0.7681,55.8021,0,,train
2025-04-14 15:00:00,BF.BLW.FAN01,bf_sinter_fan_blower,1.5979,23.7497,51.064,1.0487,56.1533,0,,train
2025-04-14 16:00:00,BF.BLW.FAN01,bf_sinter_fan_blower,1.5366,28.5034,50.2636,1.0697,56.638,0,,train
2025-04-14 17:00:00,BF.BLW.FAN01,bf_sinter_fan_blower,1.4935,26.2735,50.6558,1.4005,56.4409,0,,train
2025-04-14 18:00:00,BF.BLW.FAN01,bf_sinter_fan_blower,1.4503,27.9694,49.9833,1.419,55.8257,0,,train
2025-04-14 19:00:00,BF.BLW.FAN01,bf_sinter_fan_blower,1.4716,31.3669,50.434,1.3318,55.6578,0,,train
2025-04-14 20:00:00,BF.BLW.FAN01,bf_sinter_fan_blower,1.5101,27.0207,50.5085,1.3759,55.6228,0,,train
2025-04-14 21:00:00,BF.BLW.FAN01,bf_sinter_fan_blower,1.5839,28.6902,51.3028,1.1752,55.0288,0,,train
2025-04-14 22:00:00,BF.BLW.FAN01,bf_sinter_fan_blower,1.5302,26.515,51.0556,1.1612,55.0308,0,,train
2025-04-14 23:00:00,BF.BLW.FAN01,bf_sinter_fan_blower,1.4738,26.149,51.7627,1.0378,53.6479,0,,train
2025-04-15 00:00:00,BF.BLW.FAN01,bf_sinter_fan_blower,1.5922,25.6203,52.3679,0.986,54.2699,0,,train
2025-04-15 01:00:00,BF.BLW.FAN01,bf_sinter_fan_blower,1.5678,24.8366,51.6422,1.0029,55.392,0,,train
2025-04-15 02:00:00,BF.BLW.FAN01,bf_sinter_fan_blower,1.6103,26.6207,52.3932,0.8146,56.5472,0,,train
2025-04-15 03:00:00,BF.BLW.FAN01,bf_sinter_fan_blower,1.6393,27.0696,52.0398,0.7488,56.8094,0,,train
2025-04-15 04:00:00,BF.BLW.FAN01,bf_sinter_fan_blower,1.6203,30.2531,52.1326,0.7346,57.304,0,,train
2025-04-15 05:00:00,BF.BLW.FAN01,bf_sinter_fan_blower,1.6688,27.3149,52.3558,0.659,56.5645,0,,train
2025-04-15 06:00:00,BF.BLW.FAN01,bf_sinter_fan_blower,1.5787,27.7012,51.6426,0.6072,56.2138,0,,train
2025-04-15 07:00:00,BF.BLW.FAN01,bf_sinter_fan_blower,1.5967,28.8819,50.7566,0.7375,57.7834,0,,train
2025-04-15 08:00:00,BF.BLW.FAN01,bf_sinter_fan_blower,1.797,26.4648,52.2062,0.6956,58.7793,0,,train
2025-04-15 09:00:00,BF.BLW.FAN01,bf_sinter_fan_blower,1.6648,31.4724,52.0672,0.9556,58.2654,0,,train
2025-04-15 10:00:00,BF.BLW.FAN01,bf_sinter_fan_blower,1.7454,30.6914,52.3649,0.8632,58.862,0,,train
2025-04-15 11:00:00,BF.BLW.FAN01,bf_sinter_fan_blower,1.6984,29.3916,52.225,0.9559,58.313,0,,train
2025-04-15 12:00:00,BF.BLW.FAN01,bf_sinter_fan_blower,1.5028,31.6402,51.5128,1.1301,57.019,0,,train
2025-04-15 13:00:00,BF.BLW.FAN01,bf_sinter_fan_blower,1.3641,31.3432,50.7849,1.102,56.1137,0,,train
2025-04-15 14:00:00,BF.BLW.FAN01,bf_sinter_fan_blower,1.2713,31.8967,50.3285,1.0674,55.1297,0,,train
2025-04-15 15:00:00,BF.BLW.FAN01,bf_sinter_fan_blower,1.2042,30.0338,50.5001,1.3459,54.2759,0,,train
2025-04-15 16:00:00,BF.BLW.FAN01,bf_sinter_fan_blower,1.2755,26.4219,50.1939,1.3232,54.0906,0,,train
2025-04-15 17:00:00,BF.BLW.FAN01,bf_sinter_fan_blower,1.38,29.626,49.6234,1.3274,54.4294,0,,train
2025-04-15 18:00:00,BF.BLW.FAN01,bf_sinter_fan_blower,1.436,25.8583,49.83,1.1528,53.4079,0,,train
2025-04-15 19:00:00,BF.BLW.FAN01,bf_sinter_fan_blower,1.4778,31.5029,49.2553,1.0036,54.0824,0,,train
2025-04-15 20:00:00,BF.BLW.FAN01,bf_sinter_fan_blower,1.4422,29.836,49.2084,0.913,54.6903,0,,train
2025-04-15 21:00:00,BF.BLW.FAN01,bf_sinter_fan_blower,1.5488,30.3274,49.0483,0.9125,56.4202,0,,train
2025-04-15 22:00:00,BF.BLW.FAN01,bf_sinter_fan_blower,1.4067,30.6373,49.3324,0.9711,54.7893,0,,train
2025-04-15 23:00:00,BF.BLW.FAN01,bf_sinter_fan_blower,1.5143,31.1699,51.2104,0.7696,55.0404,0,,train
2025-04-16 00:00:00,BF.BLW.FAN01,bf_sinter_fan_blower,1.548,29.8674,52.0567,0.8217,54.9663,0,,train
2025-04-16 01:00:00,BF.BLW.FAN01,bf_sinter_fan_blower,1.5649,27.3518,52.7001,0.9512,55.3368,0,,train
2025-04-16 02:00:00,BF.BLW.FAN01,bf_sinter_fan_blower,1.5767,33.291,53.2668,0.9668,55.5898,0,,train
2025-04-16 03:00:00,BF.BLW.FAN01,bf_sinter_fan_blower,1.5081,34.7989,53.6278,0.9889,55.7846,0,,train
2025-04-16 04:00:00,BF.BLW.FAN01,bf_sinter_fan_blower,1.4552,35.8309,53.3219,0.8572,55.3001,0,,train
2025-04-16 05:00:00,BF.BLW.FAN01,bf_sinter_fan_blower,1.5147,43.5909,54.1085,0.886,54.4159,0,,train
2025-04-16 06:00:00,BF.BLW.FAN01,bf_sinter_fan_blower,1.5522,39.7597,53.9642,0.7384,54.6915,0,,train
2025-04-16 07:00:00,BF.BLW.FAN01,bf_sinter_fan_blower,1.5254,41.4108,53.1773,0.7473,55.0583,0,,train
2025-04-16 08:00:00,BF.BLW.FAN01,bf_sinter_fan_blower,1.5781,40.0101,52.9913,0.8686,55.6219,0,,train
2025-04-16 09:00:00,BF.BLW.FAN01,bf_sinter_fan_blower,1.5416,45.0864,52.3015,0.9071,55.5702,0,,train
2025-04-16 10:00:00,BF.BLW.FAN01,bf_sinter_fan_blower,1.7205,41.5107,53.7201,0.8934,55.8821,0,,train
2025-04-16 11:00:00,BF.BLW.FAN01,bf_sinter_fan_blower,1.6885,37.4388,53.0845,1.0663,56.422,0,,train
2025-04-16 12:00:00,BF.BLW.FAN01,bf_sinter_fan_blower,1.7517,37.7461,53.4116,1.0338,57.1997,0,,train
2025-04-16 13:00:00,BF.BLW.FAN01,bf_sinter_fan_blower,1.8359,39.1673,53.9409,0.9264,56.859,0,,train
2025-04-16 14:00:00,BF.BLW.FAN01,bf_sinter_fan_blower,1.8092,40.576,53.0193,0.8587,56.8817,0,,train
2025-04-16 15:00:00,BF.BLW.FAN01,bf_sinter_fan_blower,1.8487,37.9653,52.4467,0.8099,58.3884,0,,train
2025-04-16 16:00:00,BF.BLW.FAN01,bf_sinter_fan_blower,1.684,37.3208,50.2134,0.9909,58.8271,0,,train
2025-04-16 17:00:00,BF.BLW.FAN01,bf_sinter_fan_blower,1.7049,35.962,50.3396,0.8032,58.6374,0,,train
2025-04-16 18:00:00,BF.BLW.FAN01,bf_sinter_fan_blower,1.626,32.9376,50.6239,0.9685,57.844,0,,train
2025-04-16 19:00:00,BF.BLW.FAN01,bf_sinter_fan_blower,1.6149,33.6522,49.7094,1.0413,58.3006,0,,train
2025-04-16 20:00:00,BF.BLW.FAN01,bf_sinter_fan_blower,1.5687,30.3634,49.2126,0.9489,57.5606,0,,train
2025-04-16 21:00:00,BF.BLW.FAN01,bf_sinter_fan_blower,1.5419,28.488,50.1223,1.1653,57.7208,0,,train
2025-04-16 22:00:00,BF.BLW.FAN01,bf_sinter_fan_blower,1.5046,25.1042,50.9123,1.0592,57.2366,0,,train
2025-04-16 23:00:00,BF.BLW.FAN01,bf_sinter_fan_blower,1.5384,22.9391,51.2279,0.8513,57.6314,0,,train
2025-04-17 00:00:00,BF.BLW.FAN01,bf_sinter_fan_blower,1.5337,,,0.8879,57.5294,0,,train
2025-04-17 01:00:00,BF.BLW.FAN01,bf_sinter_fan_blower,1.6262,21.0622,52.812,0.8946,57.4681,0,,train
2025-04-17 02:00:00,BF.BLW.FAN01,bf_sinter_fan_blower,1.6073,18.5871,53.0613,0.7737,57.4386,0,,train
2025-04-17 03:00:00,BF.BLW.FAN01,bf_sinter_fan_blower,1.7417,17.4519,54.1053,0.6987,59.028,0,,train
2025-04-17 04:00:00,BF.BLW.FAN01,bf_sinter_fan_blower,1.5596,17.3411,53.6751,0.7151,57.5848,0,,train
2025-04-17 05:00:00,BF.BLW.FAN01,bf_sinter_fan_blower,1.5721,18.6751,53.1575,0.5762,57.9389,0,,train
2025-04-17 06:00:00,BF.BLW.FAN01,bf_sinter_fan_blower,1.6413,19.9005,54.0653,0.6781,58.0333,0,,train
2025-04-17 07:00:00,BF.BLW.FAN01,bf_sinter_fan_blower,1.6222,22.9307,54.1345,0.6343,57.4754,0,,train
2025-04-17 08:00:00,BF.BLW.FAN01,bf_sinter_fan_blower,1.6213,27.735,54.4015,0.5931,56.207,0,,train
2025-04-17 09:00:00,BF.BLW.FAN01,bf_sinter_fan_blower,1.6161,28.2478,54.5575,0.7666,55.9698,0,,train
2025-04-17 10:00:00,BF.BLW.FAN01,bf_sinter_fan_blower,1.5154,29.8823,54.31,0.6782,54.5913,0,,train
2025-04-17 11:00:00,BF.BLW.FAN01,bf_sinter_fan_blower,1.5374,33.7316,54.5211,0.8608,54.922,0,,train
2025-04-17 12:00:00,BF.BLW.FAN01,bf_sinter_fan_blower,1.5969,36.84,55.3263,1.055,53.7205,0,,train
2025-04-17 13:00:00,BF.BLW.FAN01,bf_sinter_fan_blower,1.5187,32.0902,54.4835,1.1274,53.7315,0,,train
2025-04-17 14:00:00,BF.BLW.FAN01,bf_sinter_fan_blower,1.63,32.5624,54.1715,0.9936,54.6104,0,,train
2025-04-17 15:00:00,BF.BLW.FAN01,bf_sinter_fan_blower,1.5458,34.0624,53.9049,1.0329,53.7308,0,,train
2025-04-17 16:00:00,BF.BLW.FAN01,bf_sinter_fan_blower,1.5372,35.0046,53.1506,0.9758,54.1363,0,,train
2025-04-17 17:00:00,BF.BLW.FAN01,bf_sinter_fan_blower,1.4001,34.1312,52.6729,0.879,53.3502,0,,train
2025-04-17 18:00:00,BF.BLW.FAN01,bf_sinter_fan_blower,1.4336,33.4847,52.7933,0.828,53.4272,0,,train
2025-04-17 19:00:00,BF.BLW.FAN01,bf_sinter_fan_blower,1.3953,35.5284,53.359,0.9434,53.0353,0,,train
2025-04-17 20:00:00,BF.BLW.FAN01,bf_sinter_fan_blower,1.4054,35.3521,53.9282,0.9393,53.0885,0,,train
2025-04-17 21:00:00,BF.BLW.FAN01,bf_sinter_fan_blower,1.3883,32.973,54.6163,0.829,53.3867,0,,train
2025-04-17 22:00:00,BF.BLW.FAN01,bf_sinter_fan_blower,1.2886,31.5043,53.6477,0.8667,54.5406,0,,train
2025-04-17 23:00:00,BF.BLW.FAN01,bf_sinter_fan_blower,1.1765,34.5512,52.9199,0.9973,54.7135,0,,train
2025-04-18 00:00:00,BF.BLW.FAN01,bf_sinter_fan_blower,1.1742,39.4249,53.1271,0.8864,54.6072,0,,train
2025-04-18 01:00:00,BF.BLW.FAN01,bf_sinter_fan_blower,1.2141,37.6533,54.2206,0.5375,54.6061,0,,train
2025-04-18 02:00:00,BF.BLW.FAN01,bf_sinter_fan_blower,1.1823,30.6068,54.0793,0.7952,55.4507,0,,train
2025-04-18 03:00:00,BF.BLW.FAN01,bf_sinter_fan_blower,1.0886,28.4173,54.2107,0.9744,55.544,0,,train
2025-04-18 04:00:00,BF.BLW.FAN01,bf_sinter_fan_blower,1.1103,26.8869,53.7597,0.9681,55.9606,0,,train
2025-04-18 05:00:00,BF.BLW.FAN01,bf_sinter_fan_blower,1.0823,24.2343,53.6017,1.0445,55.0404,0,,train
2025-04-18 06:00:00,BF.BLW.FAN01,bf_sinter_fan_blower,1.2712,27.2292,54.891,1.0317,55.4631,0,,train
2025-04-18 07:00:00,BF.BLW.FAN01,bf_sinter_fan_blower,1.2504,27.2183,53.7762,0.9356,55.8271,0,,train
2025-04-18 08:00:00,BF.BLW.FAN01,bf_sinter_fan_blower,1.3072,27.3493,52.7972,0.9033,56.5137,0,,train
2025-04-18 09:00:00,BF.BLW.FAN01,bf_sinter_fan_blower,1.457,26.5105,53.5538,0.8169,56.8,0,,train
2025-04-18 10:00:00,BF.BLW.FAN01,bf_sinter_fan_blower,1.5374,25.0358,52.9943,0.8635,57.4873,0,,train
2025-04-18 11:00:00,BF.BLW.FAN01,bf_sinter_fan_blower,1.5799,20.0983,53.8004,0.853,57.3823,0,,train
2025-04-18 12:00:00,BF.BLW.FAN01,bf_sinter_fan_blower,1.6907,19.6587,52.6929,0.7354,57.5783,0,,train
2025-04-18 13:00:00,BF.BLW.FAN01,bf_sinter_fan_blower,1.7788,20.8287,52.4456,0.6247,56.7808,0,,train
2025-04-18 14:00:00,BF.BLW.FAN01,bf_sinter_fan_blower,1.7256,24.517,51.5789,0.6043,56.6541,0,,train
2025-04-18 15:00:00,BF.BLW.FAN01,bf_sinter_fan_blower,1.6809,20.9821,50.6809,0.4301,56.5294,0,,train
2025-04-18 16:00:00,BF.BLW.FAN01,bf_sinter_fan_blower,1.8006,19.4386,50.884,0.3353,56.8655,0,,train
2025-04-18 17:00:00,BF.BLW.FAN01,bf_sinter_fan_blower,1.7435,19.1669,51.9228,0.5091,57.5318,0,,train
2025-04-18 18:00:00,BF.BLW.FAN01,bf_sinter_fan_blower,1.6431,20.6729,51.0086,0.6119,57.3477,0,,train
2025-04-18 19:00:00,BF.BLW.FAN01,bf_sinter_fan_blower,1.7166,22.1526,52.0144,0.6706,57.3449,0,,train
2025-04-18 20:00:00,BF.BLW.FAN01,bf_sinter_fan_blower,1.6157,24.7224,51.3951,0.7149,56.9241,0,,train
2025-04-18 21:00:00,BF.BLW.FAN01,bf_sinter_fan_blower,1.7319,26.5167,52.0532,0.7814,58.8349,0,,train
2025-04-18 22:00:00,BF.BLW.FAN01,bf_sinter_fan_blower,1.7725,23.422,53.1194,0.4917,58.1727,0,,train
2025-04-18 23:00:00,BF.BLW.FAN01,bf_sinter_fan_blower,1.8238,23.0699,54.2942,0.4875,57.8037,0,,train
2025-04-19 00:00:00,BF.BLW.FAN01,bf_sinter_fan_blower,2.0181,23.3064,55.9908,0.5371,58.6727,0,,train
2025-04-19 01:00:00,BF.BLW.FAN01,bf_sinter_fan_blower,1.983,20.3016,56.4201,0.6013,59.1748,0,,train
2025-04-19 02:00:00,BF.BLW.FAN01,bf_sinter_fan_blower,1.949,17.014,56.3694,0.608,59.3261,0,,train
2025-04-19 03:00:00,BF.BLW.FAN01,bf_sinter_fan_blower,1.8304,17.138,56.495,0.5789,57.9835,0,,train
2025-04-19 04:00:00,BF.BLW.FAN01,bf_sinter_fan_blower,1.7567,17.9015,55.6521,0.5132,58.1261,0,,train
2025-04-19 05:00:00,BF.BLW.FAN01,bf_sinter_fan_blower,1.7896,18.3676,55.4577,0.3853,57.9541,0,,train
2025-04-19 06:00:00,BF.BLW.FAN01,bf_sinter_fan_blower,1.6606,17.0901,55.7228,0.4911,57.4285,0,,train
2025-04-19 07:00:00,BF.BLW.FAN01,bf_sinter_fan_blower,1.7326,15.0739,55.4497,0.5163,58.4582,0,,train
2025-04-19 08:00:00,BF.BLW.FAN01,bf_sinter_fan_blower,1.59,14.1938,54.7498,0.5285,57.6764,0,,train
2025-04-19 09:00:00,BF.BLW.FAN01,bf_sinter_fan_blower,1.7252,11.115,54.8126,0.5176,57.9489,0,,train
2025-04-19 10:00:00,BF.BLW.FAN01,bf_sinter_fan_blower,1.7038,11.21,54.763,0.6384,57.4985,0,,train
2025-04-19 11:00:00,BF.BLW.FAN01,bf_sinter_fan_blower,1.7615,14.5482,55.3092,0.5925,58.3671,0,,train
2025-04-19 12:00:00,BF.BLW.FAN01,bf_sinter_fan_blower,1.7263,13.9861,54.5167,0.7073,57.5968,0,,train
2025-04-19 13:00:00,BF.BLW.FAN01,bf_sinter_fan_blower,1.7469,16.0562,54.2765,0.6032,57.4435,0,,train
2025-04-19 14:00:00,BF.BLW.FAN01,bf_sinter_fan_blower,1.7603,21.9328,54.3505,0.7543,56.8359,0,,train
2025-04-19 15:00:00,BF.BLW.FAN01,bf_sinter_fan_blower,1.6881,21.2791,54.5458,1.0285,57.0532,0,,train
2025-04-19 16:00:00,BF.BLW.FAN01,bf_sinter_fan_blower,1.7108,22.1291,55.0558,1.1653,57.0368,0,,train
2025-04-19 17:00:00,BF.BLW.FAN01,bf_sinter_fan_blower,1.7331,21.6748,54.9259,0.9431,56.81,0,,train
2025-04-19 18:00:00,BF.BLW.FAN01,bf_sinter_fan_blower,1.7388,27.1476,53.8323,1.0951,57.9067,0,,train
2025-04-19 19:00:00,BF.BLW.FAN01,bf_sinter_fan_blower,1.7072,27.9289,53.9927,0.8331,57.7081,0,,train
2025-04-19 20:00:00,BF.BLW.FAN01,bf_sinter_fan_blower,1.7404,30.039,53.1098,0.7248,59.0939,0,,train
2025-04-19 21:00:00,BF.BLW.FAN01,bf_sinter_fan_blower,1.718,27.841,53.6417,0.8149,58.2905,0,,train
2025-04-19 22:00:00,BF.BLW.FAN01,bf_sinter_fan_blower,1.7665,29.1273,53.5708,0.9013,58.9708,0,,train
2025-04-19 23:00:00,BF.BLW.FAN01,bf_sinter_fan_blower,1.766,28.3955,53.7527,0.81,59.2334,0,,train
2025-04-20 00:00:00,BF.BLW.FAN01,bf_sinter_fan_blower,1.7146,29.1674,53.96,0.6988,60.433,0,,train
2025-04-20 01:00:00,BF.BLW.FAN01,bf_sinter_fan_blower,1.6795,29.2452,53.0899,0.6126,60.0915,0,,train
2025-04-20 02:00:00,BF.BLW.FAN01,bf_sinter_fan_blower,1.741,31.283,53.4686,0.6824,62.0962,0,,train
2025-04-20 03:00:00,BF.BLW.FAN01,bf_sinter_fan_blower,1.8771,31.3711,53.8304,0.7035,63.8076,0,,train
2025-04-20 04:00:00,BF.BLW.FAN01,bf_sinter_fan_blower,1.7361,30.8821,53.7965,0.8519,62.6935,0,,train
2025-04-20 05:00:00,BF.BLW.FAN01,bf_sinter_fan_blower,1.6303,29.7831,52.2041,0.5779,62.0835,0,,train
2025-04-20 06:00:00,BF.BLW.FAN01,bf_sinter_fan_blower,1.6358,30.1636,51.896,0.6578,62.7569,0,,train
2025-04-20 07:00:00,BF.BLW.FAN01,bf_sinter_fan_blower,1.5576,27.7711,51.9017,0.6044,61.9139,0,,train
2025-04-20 08:00:00,BF.BLW.FAN01,bf_sinter_fan_blower,1.7234,29.0532,53.0259,0.6474,62.1209,0,,train
2025-04-20 09:00:00,BF.BLW.FAN01,bf_sinter_fan_blower,1.6981,29.9478,52.9589,0.6205,62.6339,0,,train
2025-04-20 10:00:00,BF.BLW.FAN01,bf_sinter_fan_blower,1.8296,30.2971,52.8542,0.6531,62.7184,0,,train
2025-04-20 11:00:00,BF.BLW.FAN01,bf_sinter_fan_blower,1.7812,28.7074,53.1574,0.5082,61.6865,0,,train
2025-04-20 12:00:00,BF.BLW.FAN01,bf_sinter_fan_blower,1.7078,29.2821,52.3313,0.5372,60.4378,0,,train
2025-04-20 13:00:00,BF.BLW.FAN01,bf_sinter_fan_blower,1.6496,25.8421,52.2492,0.7192,59.672,0,,train
2025-04-20 14:00:00,BF.BLW.FAN01,bf_sinter_fan_blower,1.6629,26.9276,52.7611,0.5994,59.3826,0,,train
2025-04-20 15:00:00,BF.BLW.FAN01,bf_sinter_fan_blower,1.5785,34.5066,53.1407,0.7913,58.9597,0,,train
2025-04-20 16:00:00,BF.BLW.FAN01,bf_sinter_fan_blower,1.6785,47.9323,52.7902,0.677,59.1703,0,,train
2025-04-20 17:00:00,BF.BLW.FAN01,bf_sinter_fan_blower,1.6569,62.9591,52.9854,0.7217,59.4049,0,,train
2025-04-20 18:00:00,BF.BLW.FAN01,bf_sinter_fan_blower,1.5953,73.79,52.7941,0.7087,59.1833,0,,train
2025-04-20 19:00:00,BF.BLW.FAN01,bf_sinter_fan_blower,1.4515,76.7774,52.2754,0.599,58.0972,0,,train
2025-04-20 20:00:00,BF.BLW.FAN01,bf_sinter_fan_blower,1.4779,69.4315,52.114,0.6335,57.5421,0,,train
2025-04-20 21:00:00,BF.BLW.FAN01,bf_sinter_fan_blower,1.5436,59.7579,51.4456,0.3251,58.7172,0,,train
2025-04-20 22:00:00,BF.BLW.FAN01,bf_sinter_fan_blower,1.5281,48.7427,51.7689,0.2609,59.664,0,,train
2025-04-20 23:00:00,BF.BLW.FAN01,bf_sinter_fan_blower,1.3992,40.5013,51.5303,0.4646,60.0782,0,,train
2025-04-21 00:00:00,BF.BLW.FAN01,bf_sinter_fan_blower,1.3966,34.3574,51.5529,0.4866,60.6427,0,,train
2025-04-21 01:00:00,BF.BLW.FAN01,bf_sinter_fan_blower,1.2729,33.5906,50.5117,0.5621,60.9288,0,,train
2025-04-21 02:00:00,BF.BLW.FAN01,bf_sinter_fan_blower,,29.8627,,0.4408,61.0928,0,,train
2025-04-21 03:00:00,BF.BLW.FAN01,bf_sinter_fan_blower,1.3632,29.2892,51.7374,0.4349,61.5253,0,,train
2025-04-21 04:00:00,BF.BLW.FAN01,bf_sinter_fan_blower,1.4094,27.3519,51.8721,0.3335,61.6335,0,,train
2025-04-21 05:00:00,BF.BLW.FAN01,bf_sinter_fan_blower,1.4582,22.4847,52.0163,0.4148,60.9537,0,,train
2025-04-21 06:00:00,BF.BLW.FAN01,bf_sinter_fan_blower,1.3907,23.1289,51.2023,0.5191,60.3666,0,,train
2025-04-21 07:00:00,BF.BLW.FAN01,bf_sinter_fan_blower,1.4783,20.4473,51.6325,0.4588,60.647,0,,train
2025-04-21 08:00:00,BF.BLW.FAN01,bf_sinter_fan_blower,1.5154,21.4417,52.6563,0.456,60.8138,0,,train
2025-04-21 09:00:00,BF.BLW.FAN01,bf_sinter_fan_blower,1.4927,26.6375,53.6321,0.3694,59.2097,0,,train
2025-04-21 10:00:00,BF.BLW.FAN01,bf_sinter_fan_blower,1.3901,24.4464,52.9841,0.574,58.1898,0,,train
2025-04-21 11:00:00,BF.BLW.FAN01,bf_sinter_fan_blower,1.4157,24.6337,52.3302,0.5363,58.1024,0,,train
2025-04-21 12:00:00,BF.BLW.FAN01,bf_sinter_fan_blower,1.3399,24.391,51.4512,0.628,57.921,0,,train
2025-04-21 13:00:00,BF.BLW.FAN01,bf_sinter_fan_blower,1.4225,21.5839,52.3589,0.5343,57.2428,0,,train
2025-04-21 14:00:00,BF.BLW.FAN01,bf_sinter_fan_blower,1.5001,17.5588,53.1298,0.7082,56.9512,0,,train
2025-04-21 15:00:00,BF.BLW.FAN01,bf_sinter_fan_blower,1.2838,17.1476,51.9659,0.6743,55.2429,0,,train
2025-04-21 16:00:00,BF.BLW.FAN01,bf_sinter_fan_blower,1.2247,15.9407,50.9297,0.7938,56.1432,0,,train
2025-04-21 17:00:00,BF.BLW.FAN01,bf_sinter_fan_blower,1.1959,14.9922,50.5343,0.6827,55.7733,0,,train
2025-04-21 18:00:00,BF.BLW.FAN01,bf_sinter_fan_blower,1.0676,13.613,50.1093,0.5361,54.323,0,,train
2025-04-21 19:00:00,BF.BLW.FAN01,bf_sinter_fan_blower,1.1859,12.9763,50.6044,0.6823,54.5352,0,,train
2025-04-21 20:00:00,BF.BLW.FAN01,bf_sinter_fan_blower,1.1066,16.2179,50.366,0.7223,54.8737,0,,train
2025-04-21 21:00:00,BF.BLW.FAN01,bf_sinter_fan_blower,1.0533,17.3557,50.0235,0.6795,54.5546,0,,train
2025-04-21 22:00:00,BF.BLW.FAN01,bf_sinter_fan_blower,1.0776,19.305,50.4951,0.6401,54.6976,0,,train
2025-04-21 23:00:00,BF.BLW.FAN01,bf_sinter_fan_blower,1.0308,21.7643,51.1102,0.7748,54.0689,0,,train
2025-04-22 00:00:00,BF.BLW.FAN01,bf_sinter_fan_blower,1.017,21.0705,50.1546,0.7598,55.0443,0,,train
2025-04-22 01:00:00,BF.BLW.FAN01,bf_sinter_fan_blower,1.1295,23.7708,50.2272,0.7805,56.4884,0,,train
2025-04-22 02:00:00,BF.BLW.FAN01,bf_sinter_fan_blower,1.2835,22.0723,51.0095,0.8811,58.4755,0,,train
2025-04-22 03:00:00,BF.BLW.FAN01,bf_sinter_fan_blower,1.2929,25.2825,51.6383,0.998,59.0526,0,,train
2025-04-22 04:00:00,BF.BLW.FAN01,bf_sinter_fan_blower,1.2991,22.5193,51.5202,1.1928,59.9855,0,,train
2025-04-22 05:00:00,BF.BLW.FAN01,bf_sinter_fan_blower,1.3566,19.5047,52.2532,1.1543,59.7084,0,,train
2025-04-22 06:00:00,BF.BLW.FAN01,bf_sinter_fan_blower,1.2718,21.7943,52.5406,1.0973,59.4174,0,,train
2025-04-22 07:00:00,BF.BLW.FAN01,bf_sinter_fan_blower,1.1248,19.2607,51.5582,1.1986,58.5628,0,,train
2025-04-22 08:00:00,BF.BLW.FAN01,bf_sinter_fan_blower,1.0939,20.4127,51.2385,1.1828,58.2772,0,,train
2025-04-22 09:00:00,BF.BLW.FAN01,bf_sinter_fan_blower,1.1202,22.9885,51.9624,1.328,57.8409,0,,train
2025-04-22 10:00:00,BF.BLW.FAN01,bf_sinter_fan_blower,1.2042,24.738,52.1425,1.1853,58.1103,0,,train
2025-04-22 11:00:00,BF.BLW.FAN01,bf_sinter_fan_blower,1.1918,24.9328,52.2083,0.9906,56.5808,0,,train
2025-04-22 12:00:00,BF.BLW.FAN01,bf_sinter_fan_blower,1.2391,24.9292,51.873,0.8375,56.7464,0,,train
2025-04-22 13:00:00,BF.BLW.FAN01,bf_sinter_fan_blower,1.1822,25.4509,50.4603,0.9716,55.9973,0,,train
2025-04-22 14:00:00,BF.BLW.FAN01,bf_sinter_fan_blower,1.2731,26.6688,50.5833,1.1384,55.8456,0,,train
2025-04-22 15:00:00,BF.BLW.FAN01,bf_sinter_fan_blower,1.2695,25.5816,50.0702,1.2074,55.845,0,,train
2025-04-22 16:00:00,BF.BLW.FAN01,bf_sinter_fan_blower,1.5249,29.0941,50.6645,0.9345,56.5518,0,,train
2025-04-22 17:00:00,BF.BLW.FAN01,bf_sinter_fan_blower,1.4685,27.4427,50.1114,1.0035,56.689,0,,train
2025-04-22 18:00:00,BF.BLW.FAN01,bf_sinter_fan_blower,1.5354,25.5008,50.0935,0.9134,57.5934,0,,train
2025-04-22 19:00:00,BF.BLW.FAN01,bf_sinter_fan_blower,1.5182,24.957,50.6948,1.0936,56.9358,0,,train
2025-04-22 20:00:00,BF.BLW.FAN01,bf_sinter_fan_blower,1.4599,26.219,51.6409,1.0042,56.7379,0,,train
2025-04-22 21:00:00,BF.BLW.FAN01,bf_sinter_fan_blower,1.5633,28.7487,52.8693,0.9777,56.7457,0,,train
2025-04-22 22:00:00,BF.BLW.FAN01,bf_sinter_fan_blower,1.576,29.0702,53.5366,1.0777,57.4294,0,,train
2025-04-22 23:00:00,BF.BLW.FAN01,bf_sinter_fan_blower,1.7353,32.1312,55.2104,0.96,58.8588,0,,train
2025-04-23 00:00:00,BF.BLW.FAN01,bf_sinter_fan_blower,1.67,33.5772,55.8226,0.9849,59.2163,0,,train
2025-04-23 01:00:00,BF.BLW.FAN01,bf_sinter_fan_blower,1.7185,35.4502,56.5464,0.8813,59.7785,0,,train
2025-04-23 02:00:00,BF.BLW.FAN01,bf_sinter_fan_blower,1.7362,34.4429,56.5995,0.705,59.9741,0,,train
2025-04-23 03:00:00,BF.BLW.FAN01,bf_sinter_fan_blower,1.744,35.9343,56.5531,0.8866,61.0261,0,,train
2025-04-23 04:00:00,BF.BLW.FAN01,bf_sinter_fan_blower,1.6952,35.4531,56.3292,0.8716,60.8756,0,,train
2025-04-23 05:00:00,BF.BLW.FAN01,bf_sinter_fan_blower,1.695,38.4119,56.524,0.9421,60.3814,0,,train
2025-04-23 06:00:00,BF.BLW.FAN01,bf_sinter_fan_blower,1.7229,35.4005,56.1041,0.9313,61.5382,0,,train
2025-04-23 07:00:00,BF.BLW.FAN01,bf_sinter_fan_blower,1.7875,36.0364,55.6446,0.8594,61.5929,0,,train
2025-04-23 08:00:00,BF.BLW.FAN01,bf_sinter_fan_blower,1.7105,32.6762,55.2337,0.712,60.7866,0,,train
2025-04-23 09:00:00,BF.BLW.FAN01,bf_sinter_fan_blower,1.7311,29.4825,54.9838,0.6791,60.7682,0,,train
2025-04-23 10:00:00,BF.BLW.FAN01,bf_sinter_fan_blower,1.688,30.9529,53.9016,0.8348,61.1492,0,,train
2025-04-23 11:00:00,BF.BLW.FAN01,bf_sinter_fan_blower,1.7193,28.8348,53.6743,0.8914,61.5144,0,,train
2025-04-23 12:00:00,BF.BLW.FAN01,bf_sinter_fan_blower,1.9332,26.7365,55.0928,0.6219,61.227,0,,train
2025-04-23 13:00:00,BF.BLW.FAN01,bf_sinter_fan_blower,1.8649,28.792,54.5872,0.5094,61.0184,0,,train
2025-04-23 14:00:00,BF.BLW.FAN01,bf_sinter_fan_blower,1.9042,20.3784,55.0093,0.6127,61.0375,0,,train
2025-04-23 15:00:00,BF.BLW.FAN01,bf_sinter_fan_blower,1.9626,19.9221,54.8599,0.5186,61.5257,0,,train
2025-04-23 16:00:00,BF.BLW.FAN01,bf_sinter_fan_blower,1.8636,18.957,53.2389,0.5177,62.2669,0,,train
2025-04-23 17:00:00,BF.BLW.FAN01,bf_sinter_fan_blower,1.7991,14.1567,52.7008,0.6117,62.4479,0,,train
2025-04-23 18:00:00,BF.BLW.FAN01,bf_sinter_fan_blower,1.8329,12.7298,52.1252,0.6793,63.106,0,,train
2025-04-23 19:00:00,BF.BLW.FAN01,bf_sinter_fan_blower,1.7974,9.9557,50.9215,0.7842,63.2039,0,,train
2025-04-23 20:00:00,BF.BLW.FAN01,bf_sinter_fan_blower,1.8422,7.265,50.8232,0.7717,63.4269,0,,train
2025-04-23 21:00:00,BF.BLW.FAN01,bf_sinter_fan_blower,1.8019,10.0498,51.0817,0.7368,62.9084,0,,train
2025-04-23 22:00:00,BF.BLW.FAN01,bf_sinter_fan_blower,1.7319,6.9567,50.4849,0.7449,62.7627,0,,train
2025-04-23 23:00:00,BF.BLW.FAN01,bf_sinter_fan_blower,1.689,10.6213,51.4502,0.7962,62.4848,0,,train
2025-04-24 00:00:00,BF.BLW.FAN01,bf_sinter_fan_blower,1.6768,10.5799,51.4396,1.1008,63.6564,0,,train
2025-04-24 01:00:00,BF.BLW.FAN01,bf_sinter_fan_blower,1.6132,10.172,51.5882,1.135,62.7717,0,,train
2025-04-24 02:00:00,BF.BLW.FAN01,bf_sinter_fan_blower,1.6744,12.2907,52.6656,1.1849,63.294,0,,train
2025-04-24 03:00:00,BF.BLW.FAN01,bf_sinter_fan_blower,1.6212,14.0339,52.715,1.3466,63.0994,0,,train
2025-04-24 04:00:00,BF.BLW.FAN01,bf_sinter_fan_blower,1.5384,15.1589,52.9853,1.5555,62.993,0,,train
2025-04-24 05:00:00,BF.BLW.FAN01,bf_sinter_fan_blower,1.5207,15.0759,54.9836,1.686,61.9908,0,,train
2025-04-24 06:00:00,BF.BLW.FAN01,bf_sinter_fan_blower,1.4683,15.9493,54.5059,1.5915,62.4321,0,,train
2025-04-24 07:00:00,BF.BLW.FAN01,bf_sinter_fan_blower,1.4135,16.7501,54.0598,1.4979,62.1294,0,,train
2025-04-24 08:00:00,BF.BLW.FAN01,bf_sinter_fan_blower,1.432,18.434,53.9214,1.6599,62.6125,0,,train
2025-04-24 09:00:00,BF.BLW.FAN01,bf_sinter_fan_blower,1.4029,18.3352,52.873,1.4798,62.6485,0,,train
2025-04-24 10:00:00,BF.BLW.FAN01,bf_sinter_fan_blower,1.4884,16.5432,53.1676,1.3502,61.7616,0,,train
2025-04-24 11:00:00,BF.BLW.FAN01,bf_sinter_fan_blower,1.5725,13.5425,52.6204,1.4876,62.1182,0,,train
2025-04-24 12:00:00,BF.BLW.FAN01,bf_sinter_fan_blower,1.5165,19.1433,51.908,1.5656,62.3169,0,,train
2025-04-24 13:00:00,BF.BLW.FAN01,bf_sinter_fan_blower,1.5173,16.9021,52.1328,1.6965,61.8109,0,,train
2025-04-24 14:00:00,BF.BLW.FAN01,bf_sinter_fan_blower,1.5624,17.8978,51.5436,1.6889,62.9948,0,,train
2025-04-24 15:00:00,BF.BLW.FAN01,bf_sinter_fan_blower,1.5131,19.6826,50.9437,1.6905,62.7163,0,,train
2025-04-24 16:00:00,BF.BLW.FAN01,bf_sinter_fan_blower,1.4378,22.6442,49.5598,1.6386,62.0542,0,,train
2025-04-24 17:00:00,BF.BLW.FAN01,bf_sinter_fan_blower,1.5283,24.7295,49.8765,1.6601,62.9481,0,,train
2025-04-24 18:00:00,BF.BLW.FAN01,bf_sinter_fan_blower,1.5026,21.745,50.0628,1.7207,62.3477,0,,train
2025-04-24 19:00:00,BF.BLW.FAN01,bf_sinter_fan_blower,1.6334,24.468,50.3664,1.5069,62.9595,0,,train
2025-04-24 20:00:00,BF.BLW.FAN01,bf_sinter_fan_blower,1.6138,22.3705,50.0352,1.2462,63.6201,0,,train
2025-04-24 21:00:00,BF.BLW.FAN01,bf_sinter_fan_blower,1.6543,23.7111,49.7337,1.1976,63.8285,0,,train
2025-04-24 22:00:00,BF.BLW.FAN01,bf_sinter_fan_blower,1.5264,24.7898,49.4314,1.3469,63.4946,0,,train
2025-04-24 23:00:00,BF.BLW.FAN01,bf_sinter_fan_blower,1.6103,25.4672,49.6621,1.2852,63.9687,0,,train
2025-04-25 00:00:00,BF.BLW.FAN01,bf_sinter_fan_blower,1.4651,23.525,48.4051,1.0055,63.6216,0,,train
2025-04-25 01:00:00,BF.BLW.FAN01,bf_sinter_fan_blower,1.4549,19.9457,47.8582,0.9744,64.3369,0,,train
2025-04-25 02:00:00,BF.BLW.FAN01,bf_sinter_fan_blower,1.5188,25.2663,48.1828,1.1567,65.4562,0,,train
2025-04-25 03:00:00,BF.BLW.FAN01,bf_sinter_fan_blower,1.5587,21.2428,50.0733,1.1574,66.1207,0,,train
2025-04-25 04:00:00,BF.BLW.FAN01,bf_sinter_fan_blower,1.6867,26.2647,50.9038,1.093,66.4115,0,,train
2025-04-25 05:00:00,BF.BLW.FAN01,bf_sinter_fan_blower,1.6329,30.709,51.2712,0.8893,65.5853,0,,train
2025-04-25 06:00:00,BF.BLW.FAN01,bf_sinter_fan_blower,1.5641,28.641,50.2776,0.9149,65.9595,0,,train
2025-04-25 07:00:00,BF.BLW.FAN01,bf_sinter_fan_blower,1.5615,23.741,49.2476,0.916,65.7864,0,,train
2025-04-25 08:00:00,BF.BLW.FAN01,bf_sinter_fan_blower,1.603,22.3759,49.3699,0.8421,66.9344,0,,train
2025-04-25 09:00:00,BF.BLW.FAN01,bf_sinter_fan_blower,1.6238,23.5716,50.2737,1.0381,66.3382,0,,train
2025-04-25 10:00:00,BF.BLW.FAN01,bf_sinter_fan_blower,1.6721,20.595,50.4621,1.1654,66.5583,0,,train
2025-04-25 11:00:00,BF.BLW.FAN01,bf_sinter_fan_blower,1.5805,25.3719,49.8346,1.0062,65.4026,0,,train
2025-04-25 12:00:00,BF.BLW.FAN01,bf_sinter_fan_blower,1.6545,28.411,49.8174,0.8123,65.7816,0,,train
2025-04-25 13:00:00,BF.BLW.FAN01,bf_sinter_fan_blower,1.5681,32.5184,49.2793,0.7641,64.5175,0,,train
2025-04-25 14:00:00,BF.BLW.FAN01,bf_sinter_fan_blower,1.5913,29.3956,49.3545,0.8855,65.0314,0,,train
2025-04-25 15:00:00,BF.BLW.FAN01,bf_sinter_fan_blower,1.6151,28.0415,49.8539,0.8429,63.9069,0,,train
2025-04-25 16:00:00,BF.BLW.FAN01,bf_sinter_fan_blower,1.6405,28.1051,49.4796,0.8053,64.5266,0,,train
2025-04-25 17:00:00,BF.BLW.FAN01,bf_sinter_fan_blower,1.6446,29.2643,48.686,0.6651,65.0539,0,,train
2025-04-25 18:00:00,BF.BLW.FAN01,bf_sinter_fan_blower,1.6337,35.8702,48.3388,0.7851,64.9488,0,,train
2025-04-25 19:00:00,BF.BLW.FAN01,bf_sinter_fan_blower,1.7978,35.6094,49.5832,0.6673,64.6946,0,,train
2025-04-25 20:00:00,BF.BLW.FAN01,bf_sinter_fan_blower,1.8026,39.0051,50.0669,0.8455,64.9175,0,,train
2025-04-25 21:00:00,BF.BLW.FAN01,bf_sinter_fan_blower,1.6793,37.657,50.3493,0.8995,64.5234,0,,train
2025-04-25 22:00:00,BF.BLW.FAN01,bf_sinter_fan_blower,1.8394,40.3619,51.3077,0.9471,64.9649,0,,train
2025-04-25 23:00:00,BF.BLW.FAN01,bf_sinter_fan_blower,1.8442,36.1757,52.4721,1.1073,65.3501,0,,train
2025-04-26 00:00:00,BF.BLW.FAN01,bf_sinter_fan_blower,1.8901,38.7991,51.8569,1.0342,65.869,0,,train
2025-04-26 01:00:00,BF.BLW.FAN01,bf_sinter_fan_blower,1.9062,39.8227,51.8407,1.0471,66.3348,0,,train
2025-04-26 02:00:00,BF.BLW.FAN01,bf_sinter_fan_blower,1.9227,39.401,52.5423,0.9689,66.5764,0,,train
2025-04-26 03:00:00,BF.BLW.FAN01,bf_sinter_fan_blower,2.0282,37.956,52.5276,0.6824,66.9819,0,,train
2025-04-26 04:00:00,BF.BLW.FAN01,bf_sinter_fan_blower,1.9279,39.0665,52.5388,0.9335,66.5278,0,,train
2025-04-26 05:00:00,BF.BLW.FAN01,bf_sinter_fan_blower,2.0145,41.5437,52.5185,0.9664,67.8544,0,,train
2025-04-26 06:00:00,BF.BLW.FAN01,bf_sinter_fan_blower,2.0604,42.7449,52.9739,1.0664,67.9117,0,,train
2025-04-26 07:00:00,BF.BLW.FAN01,bf_sinter_fan_blower,1.9274,43.9114,52.1965,1.0346,68.1518,0,,train
2025-04-26 08:00:00,BF.BLW.FAN01,bf_sinter_fan_blower,1.8785,45.8572,51.3706,1.1293,68.5315,0,,train
2025-04-26 09:00:00,BF.BLW.FAN01,bf_sinter_fan_blower,1.7414,47.2867,50.6949,1.0979,67.4198,0,,train
2025-04-26 10:00:00,BF.BLW.FAN01,bf_sinter_fan_blower,1.7192,42.4634,49.7657,1.1273,67.1397,0,,train
2025-04-26 11:00:00,BF.BLW.FAN01,bf_sinter_fan_blower,1.7024,39.5979,49.4078,1.0707,66.5708,0,,train
2025-04-26 12:00:00,BF.BLW.FAN01,bf_sinter_fan_blower,1.5766,35.3243,49.8668,1.0393,65.1727,0,,train
2025-04-26 13:00:00,BF.BLW.FAN01,bf_sinter_fan_blower,1.5555,34.2589,49.4829,1.2275,64.1866,0,,train
2025-04-26 14:00:00,BF.BLW.FAN01,bf_sinter_fan_blower,1.6312,32.6648,50.653,1.1441,62.6086,0,,train
2025-04-26 15:00:00,BF.BLW.FAN01,bf_sinter_fan_blower,1.4175,29.637,48.3524,1.1854,61.6653,0,,train
2025-04-26 16:00:00,BF.BLW.FAN01,bf_sinter_fan_blower,1.4066,31.3934,48.9914,1.2966,60.771,0,,train
2025-04-26 17:00:00,BF.BLW.FAN01,bf_sinter_fan_blower,1.4881,29.9069,49.204,1.2033,60.7217,0,,train
2025-04-26 18:00:00,BF.BLW.FAN01,bf_sinter_fan_blower,1.5232,30.8552,49.4879,1.333,61.4085,0,,train
2025-04-26 19:00:00,BF.BLW.FAN01,bf_sinter_fan_blower,1.5481,31.234,49.7227,1.3782,62.1178,0,,train
2025-04-26 20:00:00,BF.BLW.FAN01,bf_sinter_fan_blower,1.5491,31.1281,49.758,1.167,61.8936,0,,train
2025-04-26 21:00:00,BF.BLW.FAN01,bf_sinter_fan_blower,1.4884,27.8192,49.6395,1.1934,61.8549,0,,train
2025-04-26 22:00:00,BF.BLW.FAN01,bf_sinter_fan_blower,1.7068,26.4977,50.4939,1.1906,63.2569,0,,train
2025-04-26 23:00:00,BF.BLW.FAN01,bf_sinter_fan_blower,1.7413,31.6347,50.2003,1.2285,63.9133,0,,train
2025-04-27 00:00:00,BF.BLW.FAN01,bf_sinter_fan_blower,1.899,31.611,51.3344,1.3334,65.3568,0,,train
2025-04-27 01:00:00,BF.BLW.FAN01,bf_sinter_fan_blower,1.7833,30.0959,50.8518,1.1713,65.2412,0,,train
2025-04-27 02:00:00,BF.BLW.FAN01,bf_sinter_fan_blower,1.7852,33.7005,51.6289,1.0626,65.1617,0,,train
2025-04-27 03:00:00,BF.BLW.FAN01,bf_sinter_fan_blower,1.6388,30.5436,51.163,1.0723,65.5445,0,,train
2025-04-27 04:00:00,BF.BLW.FAN01,bf_sinter_fan_blower,1.6905,33.73,50.6279,1.0271,65.5986,0,,train
2025-04-27 05:00:00,BF.BLW.FAN01,bf_sinter_fan_blower,1.6249,31.756,50.0503,1.0244,66.0535,0,,train
2025-04-27 06:00:00,BF.BLW.FAN01,bf_sinter_fan_blower,1.6267,28.7159,49.8404,0.8885,65.9398,0,,train
2025-04-27 07:00:00,BF.BLW.FAN01,bf_sinter_fan_blower,1.5565,28.542,49.1328,0.7779,65.6911,0,,train
2025-04-27 08:00:00,BF.BLW.FAN01,bf_sinter_fan_blower,1.6122,29.9658,49.6094,0.834,65.6775,0,,train
2025-04-27 09:00:00,BF.BLW.FAN01,bf_sinter_fan_blower,1.666,29.4737,49.2884,0.573,65.1973,0,,train
2025-04-27 10:00:00,BF.BLW.FAN01,bf_sinter_fan_blower,1.6861,28.118,49.7875,0.6525,64.9598,0,,train
2025-04-27 11:00:00,BF.BLW.FAN01,bf_sinter_fan_blower,1.7332,25.4751,49.6124,0.7159,64.8049,0,,train
2025-04-27 12:00:00,BF.BLW.FAN01,bf_sinter_fan_blower,1.8792,27.3174,50.1611,0.6902,65.4091,0,,train
2025-04-27 13:00:00,BF.BLW.FAN01,bf_sinter_fan_blower,1.817,27.6965,49.721,0.8513,64.5528,0,,train
2025-04-27 14:00:00,BF.BLW.FAN01,bf_sinter_fan_blower,1.8549,28.7767,49.8598,0.9835,64.7456,0,,train
2025-04-27 15:00:00,BF.BLW.FAN01,bf_sinter_fan_blower,1.7706,28.5328,48.9845,1.0442,64.7772,0,,train
2025-04-27 16:00:00,BF.BLW.FAN01,bf_sinter_fan_blower,1.964,30.774,50.0458,0.9758,65.2942,0,,train
2025-04-27 17:00:00,BF.BLW.FAN01,bf_sinter_fan_blower,1.8794,27.3518,49.8246,0.7952,64.0866,0,,train
2025-04-27 18:00:00,BF.BLW.FAN01,bf_sinter_fan_blower,2.006,30.8464,51.1261,0.7396,64.7295,0,,train
2025-04-27 19:00:00,BF.BLW.FAN01,bf_sinter_fan_blower,1.9812,26.5944,50.6546,0.8255,65.3354,0,,train
2025-04-27 20:00:00,BF.BLW.FAN01,bf_sinter_fan_blower,1.8842,27.7637,50.9099,0.8237,64.2727,0,,train
2025-04-27 21:00:00,BF.BLW.FAN01,bf_sinter_fan_blower,1.819,25.6928,51.2364,1.0609,63.5829,0,,train
2025-04-27 22:00:00,BF.BLW.FAN01,bf_sinter_fan_blower,1.7261,25.3366,51.4657,1.0934,62.9985,0,,train
2025-04-27 23:00:00,BF.BLW.FAN01,bf_sinter_fan_blower,1.7662,27.1947,52.7705,1.1771,62.8853,0,,train
2025-04-28 00:00:00,BF.BLW.FAN01,bf_sinter_fan_blower,1.7791,32.3903,53.1014,1.0188,62.2021,0,,train
2025-04-28 01:00:00,BF.BLW.FAN01,bf_sinter_fan_blower,1.7097,29.6752,53.034,0.9067,62.5877,0,,train
2025-04-28 02:00:00,BF.BLW.FAN01,bf_sinter_fan_blower,1.724,32.0761,53.5762,0.8671,63.0958,0,,train
2025-04-28 03:00:00,BF.BLW.FAN01,bf_sinter_fan_blower,1.6546,30.1816,53.746,0.7037,63.0926,0,,train
2025-04-28 04:00:00,BF.BLW.FAN01,bf_sinter_fan_blower,1.4305,24.1612,53.3698,0.9803,61.9699,0,,train
2025-04-28 05:00:00,BF.BLW.FAN01,bf_sinter_fan_blower,1.3197,25.9692,53.0914,1.0645,61.3698,0,,train
2025-04-28 06:00:00,BF.BLW.FAN01,bf_sinter_fan_blower,1.3856,30.0313,52.8199,0.9783,62.4034,0,,train
2025-04-28 07:00:00,BF.BLW.FAN01,bf_sinter_fan_blower,1.3879,31.7753,53.5028,1.1127,61.6749,0,,train
2025-04-28 08:00:00,BF.BLW.FAN01,bf_sinter_fan_blower,1.5641,30.8895,53.7567,0.8453,61.7468,0,,train
2025-04-28 09:00:00,BF.BLW.FAN01,bf_sinter_fan_blower,1.5924,32.1634,53.5131,0.7714,62.1858,0,,train
2025-04-28 10:00:00,BF.BLW.FAN01,bf_sinter_fan_blower,1.4886,32.3592,52.4379,0.9316,62.9129,0,,train
2025-04-28 11:00:00,BF.BLW.FAN01,bf_sinter_fan_blower,1.3729,32.5089,50.3374,1.0599,62.8153,0,,train
2025-04-28 12:00:00,BF.BLW.FAN01,bf_sinter_fan_blower,1.5343,33.0763,50.6912,1.1377,63.4359,0,,train
2025-04-28 13:00:00,BF.BLW.FAN01,bf_sinter_fan_blower,1.3971,33.3859,50.0022,1.1927,62.4501,0,,train
2025-04-28 14:00:00,BF.BLW.FAN01,bf_sinter_fan_blower,1.4375,30.226,49.7362,1.1871,62.908,0,,train
2025-04-28 15:00:00,BF.BLW.FAN01,bf_sinter_fan_blower,1.4937,29.3981,49.5909,1.0988,63.3809,0,,train
2025-04-28 16:00:00,BF.BLW.FAN01,bf_sinter_fan_blower,1.5519,31.8078,49.4001,1.1267,64.5917,0,,train
2025-04-28 17:00:00,BF.BLW.FAN01,bf_sinter_fan_blower,1.6652,32.3584,49.2579,1.2325,65.5807,0,,train
2025-04-28 18:00:00,BF.BLW.FAN01,bf_sinter_fan_blower,1.7156,29.9634,48.775,1.061,66.7615,0,,train
2025-04-28 19:00:00,BF.BLW.FAN01,bf_sinter_fan_blower,1.7688,31.2641,49.6362,1.2349,66.6603,0,,train
2025-04-28 20:00:00,BF.BLW.FAN01,bf_sinter_fan_blower,1.7077,27.5976,49.3047,1.3213,66.196,0,,train
2025-04-28 21:00:00,BF.BLW.FAN01,bf_sinter_fan_blower,1.7326,24.0492,50.0598,1.3866,66.5306,0,,train
2025-04-28 22:00:00,BF.BLW.FAN01,bf_sinter_fan_blower,1.7784,24.8863,51.4552,1.3898,66.0014,0,,train
2025-04-28 23:00:00,BF.BLW.FAN01,bf_sinter_fan_blower,1.7458,24.8773,52.2254,1.4147,65.1899,0,,train
2025-04-29 00:00:00,BF.BLW.FAN01,bf_sinter_fan_blower,1.653,26.7437,51.4637,1.4154,65.0361,0,,train
2025-04-29 01:00:00,BF.BLW.FAN01,bf_sinter_fan_blower,1.6681,24.5668,51.5646,1.3753,65.474,0,,train
2025-04-29 02:00:00,BF.BLW.FAN01,bf_sinter_fan_blower,1.6604,23.3188,52.4786,1.2858,65.1229,0,,train
2025-04-29 03:00:00,BF.BLW.FAN01,bf_sinter_fan_blower,1.6825,21.879,52.0864,1.2846,65.7052,0,,train
2025-04-29 04:00:00,BF.BLW.FAN01,bf_sinter_fan_blower,1.5789,24.0604,51.6879,1.2155,65.4139,0,,train
2025-04-29 05:00:00,BF.BLW.FAN01,bf_sinter_fan_blower,1.5952,29.0839,52.5248,1.2004,64.7719,0,,train
2025-04-29 06:00:00,BF.BLW.FAN01,bf_sinter_fan_blower,1.7427,32.0729,53.2379,1.2836,66.293,0,,train
2025-04-29 07:00:00,BF.BLW.FAN01,bf_sinter_fan_blower,1.7492,29.7039,53.6029,1.2176,67.5151,0,,train
2025-04-29 08:00:00,BF.BLW.FAN01,bf_sinter_fan_blower,1.7202,32.3581,53.6214,1.1469,67.3425,0,,train
2025-04-29 09:00:00,BF.BLW.FAN01,bf_sinter_fan_blower,1.6896,30.6917,52.2527,1.0532,67.5116,0,,train
2025-04-29 10:00:00,BF.BLW.FAN01,bf_sinter_fan_blower,1.7377,28.8426,52.9255,1.246,67.0737,0,,train
2025-04-29 11:00:00,BF.BLW.FAN01,bf_sinter_fan_blower,1.7269,31.7126,53.3613,1.1774,66.6558,0,,train
2025-04-29 12:00:00,BF.BLW.FAN01,bf_sinter_fan_blower,1.534,28.9881,52.1018,1.1928,65.5916,0,,train
2025-04-29 13:00:00,BF.BLW.FAN01,bf_sinter_fan_blower,1.5106,28.7937,52.4527,0.865,65.6938,0,,train
2025-04-29 14:00:00,BF.BLW.FAN01,bf_sinter_fan_blower,1.4662,26.7034,51.0053,1.0278,66.5757,0,,train
2025-04-29 15:00:00,BF.BLW.FAN01,bf_sinter_fan_blower,1.3717,27.4505,50.2919,0.9837,65.7537,0,,train
2025-04-29 16:00:00,BF.BLW.FAN01,bf_sinter_fan_blower,1.3593,28.7665,50.6642,1.0762,64.6091,0,,train
2025-04-29 17:00:00,BF.BLW.FAN01,bf_sinter_fan_blower,1.3048,28.5787,50.1535,1.3102,63.9889,0,,train
2025-04-29 18:00:00,BF.BLW.FAN01,bf_sinter_fan_blower,1.2896,35.0909,50.2036,1.1699,63.7227,0,,train
2025-04-29 19:00:00,BF.BLW.FAN01,bf_sinter_fan_blower,1.1996,32.5403,50.3561,1.2708,62.9772,0,,train
2025-04-29 20:00:00,BF.BLW.FAN01,bf_sinter_fan_blower,1.2989,31.6918,50.7782,1.1515,63.3485,0,,train
2025-04-29 21:00:00,BF.BLW.FAN01,bf_sinter_fan_blower,1.2976,32.9,50.3758,1.1375,63.826,0,,train
2025-04-29 22:00:00,BF.BLW.FAN01,bf_sinter_fan_blower,1.2339,30.2796,50.148,1.35,63.9699,0,,train
2025-04-29 23:00:00,BF.BLW.FAN01,bf_sinter_fan_blower,1.3663,30.6693,51.1418,1.195,64.2762,0,,train
2025-04-30 00:00:00,BF.BLW.FAN01,bf_sinter_fan_blower,1.2482,26.821,50.3166,1.1505,64.4467,0,,train
2025-04-30 01:00:00,BF.BLW.FAN01,bf_sinter_fan_blower,1.2857,23.8434,50.7252,1.0533,64.1507,0,,train
2025-04-30 02:00:00,BF.BLW.FAN01,bf_sinter_fan_blower,1.2666,27.6177,51.1662,1.0452,64.7711,0,,train
2025-04-30 03:00:00,BF.BLW.FAN01,bf_sinter_fan_blower,1.3055,29.9005,51.4391,0.9636,65.559,0,,train
2025-04-30 04:00:00,BF.BLW.FAN01,bf_sinter_fan_blower,1.248,30.9803,50.8251,0.9656,65.9249,0,,train
2025-04-30 05:00:00,BF.BLW.FAN01,bf_sinter_fan_blower,1.1283,33.0332,50.6394,1.1544,64.8927,0,,train
2025-04-30 06:00:00,BF.BLW.FAN01,bf_sinter_fan_blower,1.1813,36.1026,50.7062,1.1388,65.1066,0,,train
2025-04-30 07:00:00,BF.BLW.FAN01,bf_sinter_fan_blower,1.2425,37.2761,51.7148,1.1268,66.2949,0,,train
2025-04-30 08:00:00,BF.BLW.FAN01,bf_sinter_fan_blower,1.2363,40.8333,51.6914,0.977,66.9094,0,,train
2025-04-30 09:00:00,BF.BLW.FAN01,bf_sinter_fan_blower,1.3156,37.1026,51.646,0.9963,67.0359,0,,train
2025-04-30 10:00:00,BF.BLW.FAN01,bf_sinter_fan_blower,1.3585,34.4158,51.2616,1.2391,67.4199,0,,train
2025-04-30 11:00:00,BF.BLW.FAN01,bf_sinter_fan_blower,1.2477,33.4366,51.3497,1.2655,65.7945,0,,train
2025-04-30 12:00:00,BF.BLW.FAN01,bf_sinter_fan_blower,1.217,35.1905,51.2305,1.1542,65.7288,0,,train
2025-04-30 13:00:00,BF.BLW.FAN01,bf_sinter_fan_blower,1.1692,36.1268,50.547,1.413,65.8795,0,,train
2025-04-30 14:00:00,BF.BLW.FAN01,bf_sinter_fan_blower,1.1466,37.3544,49.6749,1.3612,65.9403,0,,train
2025-04-30 15:00:00,BF.BLW.FAN01,bf_sinter_fan_blower,1.242,35.4908,49.8863,1.3316,66.7978,0,,train
2025-04-30 16:00:00,BF.BLW.FAN01,bf_sinter_fan_blower,1.237,34.4701,49.6944,1.2781,65.7969,0,,train
2025-04-30 17:00:00,BF.BLW.FAN01,bf_sinter_fan_blower,1.3316,36.6239,49.8576,0.9918,66.1652,0,,train
2025-04-30 18:00:00,BF.BLW.FAN01,bf_sinter_fan_blower,1.3095,31.6561,49.5392,0.9261,65.9996,0,,train
2025-04-30 19:00:00,BF.BLW.FAN01,bf_sinter_fan_blower,1.4121,29.2747,50.7865,0.8519,65.3365,0,,train
2025-04-30 20:00:00,BF.BLW.FAN01,bf_sinter_fan_blower,1.429,29.6854,51.5855,0.8258,65.1887,0,,train
2025-04-30 21:00:00,BF.BLW.FAN01,bf_sinter_fan_blower,1.4547,30.3696,50.8791,0.7198,65.702,0,,train
2025-04-30 22:00:00,BF.BLW.FAN01,bf_sinter_fan_blower,1.4695,30.9159,51.2328,0.8557,66.3349,0,,train
2025-04-30 23:00:00,BF.BLW.FAN01,bf_sinter_fan_blower,1.4775,30.5288,50.7117,0.7761,66.3025,0,,train
2025-05-01 00:00:00,BF.BLW.FAN01,bf_sinter_fan_blower,1.5389,30.4546,50.8976,0.6328,66.8511,0,,train
2025-05-01 01:00:00,BF.BLW.FAN01,bf_sinter_fan_blower,1.5185,35.9135,51.8588,0.8056,65.8769,0,,train
2025-05-01 02:00:00,BF.BLW.FAN01,bf_sinter_fan_blower,1.5991,33.7258,51.5589,0.7105,66.429,0,,train
2025-05-01 03:00:00,BF.BLW.FAN01,bf_sinter_fan_blower,1.8082,32.913,53.1622,0.5018,66.8501,0,,train
2025-05-01 04:00:00,BF.BLW.FAN01,bf_sinter_fan_blower,1.7946,31.7032,54.2816,0.6038,66.5182,0,,train
2025-05-01 05:00:00,BF.BLW.FAN01,bf_sinter_fan_blower,1.7273,30.2696,52.6042,0.6345,67.4536,0,,train
2025-05-01 06:00:00,BF.BLW.FAN01,bf_sinter_fan_blower,1.727,30.1173,51.8931,0.4622,68.4438,0,,train
2025-05-01 07:00:00,BF.BLW.FAN01,bf_sinter_fan_blower,1.535,29.4793,51.1834,0.4899,67.557,0,,train
2025-05-01 08:00:00,BF.BLW.FAN01,bf_sinter_fan_blower,1.5603,31.6636,52.3695,0.758,67.6316,0,,train
2025-05-01 09:00:00,BF.BLW.FAN01,bf_sinter_fan_blower,1.5632,33.8816,52.098,0.7448,67.2769,0,,train
2025-05-01 10:00:00,BF.BLW.FAN01,bf_sinter_fan_blower,1.6047,33.8301,53.3827,0.7782,67.3851,0,,train
2025-05-01 11:00:00,BF.BLW.FAN01,bf_sinter_fan_blower,1.594,32.4664,52.1414,0.6112,67.1512,0,,train
2025-05-01 12:00:00,BF.BLW.FAN01,bf_sinter_fan_blower,1.6576,28.7245,52.742,0.714,67.6821,0,,train
2025-05-01 13:00:00,BF.BLW.FAN01,bf_sinter_fan_blower,1.5844,23.6215,51.3523,0.4888,68.1514,0,,train
2025-05-01 14:00:00,BF.BLW.FAN01,bf_sinter_fan_blower,1.4765,28.213,51.6956,0.4693,67.0782,0,,train
2025-05-01 15:00:00,BF.BLW.FAN01,bf_sinter_fan_blower,1.4864,28.9028,50.8123,0.5234,67.2016,0,,train
2025-05-01 16:00:00,BF.BLW.FAN01,bf_sinter_fan_blower,1.5553,25.8741,51.2247,0.4667,66.7828,0,,train
2025-05-01 17:00:00,BF.BLW.FAN01,bf_sinter_fan_blower,1.573,26.2789,51.5196,0.4745,65.9523,0,,train
2025-05-01 18:00:00,BF.BLW.FAN01,bf_sinter_fan_blower,1.5593,27.9872,52.291,0.5455,66.1007,0,,train
2025-05-01 19:00:00,BF.BLW.FAN01,bf_sinter_fan_blower,1.4743,28.2306,51.6745,0.6569,66.017,0,,train
2025-05-01 20:00:00,BF.BLW.FAN01,bf_sinter_fan_blower,1.5444,21.8061,52.7972,0.7274,65.4743,0,,train
2025-05-01 21:00:00,BF.BLW.FAN01,bf_sinter_fan_blower,1.5626,20.6517,53.5659,0.7419,65.9758,0,,train
2025-05-01 22:00:00,BF.BLW.FAN01,bf_sinter_fan_blower,1.6037,20.6222,53.8134,1.0393,66.3641,0,,train
2025-05-01 23:00:00,BF.BLW.FAN01,bf_sinter_fan_blower,1.5548,21.3852,54.1809,0.8647,65.5505,0,,train
2025-05-02 00:00:00,BF.BLW.FAN01,bf_sinter_fan_blower,1.609,24.0786,54.3401,0.9125,66.0049,0,,train
2025-05-02 01:00:00,BF.BLW.FAN01,bf_sinter_fan_blower,1.7638,26.6704,55.707,0.7844,67.294,0,,train
2025-05-02 02:00:00,BF.BLW.FAN01,bf_sinter_fan_blower,1.8859,25.4004,57.2975,0.699,67.3158,0,,train
2025-05-02 03:00:00,BF.BLW.FAN01,bf_sinter_fan_blower,1.9568,27.9082,57.0405,0.7059,68.0172,0,,train
2025-05-02 04:00:00,BF.BLW.FAN01,bf_sinter_fan_blower,1.897,29.2388,56.7454,0.896,68.1468,0,,train
2025-05-02 05:00:00,BF.BLW.FAN01,bf_sinter_fan_blower,1.8137,29.9408,57.4955,0.8682,66.4856,0,,train
2025-05-02 06:00:00,BF.BLW.FAN01,bf_sinter_fan_blower,1.7699,28.5834,56.9225,0.7749,66.7612,0,,train
2025-05-02 07:00:00,BF.BLW.FAN01,bf_sinter_fan_blower,1.7769,29.0139,56.7114,0.809,67.2211,0,,train
2025-05-02 08:00:00,BF.BLW.FAN01,bf_sinter_fan_blower,1.8178,29.5878,56.5457,0.7021,67.3483,0,,train
2025-05-02 09:00:00,BF.BLW.FAN01,bf_sinter_fan_blower,1.8548,27.8333,56.562,0.6643,67.0518,0,,train
2025-05-02 10:00:00,BF.BLW.FAN01,bf_sinter_fan_blower,1.9416,24.8858,56.4454,0.3579,67.2835,0,,train
2025-05-02 11:00:00,BF.BLW.FAN01,bf_sinter_fan_blower,1.8978,26.4116,56.3002,0.4976,67.3791,0,,train
2025-05-02 12:00:00,BF.BLW.FAN01,bf_sinter_fan_blower,1.9651,23.3621,56.9291,0.5101,67.5005,0,,train
2025-05-02 13:00:00,BF.BLW.FAN01,bf_sinter_fan_blower,1.8484,25.7633,55.6751,0.8501,67.2371,0,,train
2025-05-02 14:00:00,BF.BLW.FAN01,bf_sinter_fan_blower,1.8128,23.0463,55.1421,0.762,67.569,0,,train
2025-05-02 15:00:00,BF.BLW.FAN01,bf_sinter_fan_blower,1.7325,22.3321,54.0662,0.542,66.0314,0,,train
2025-05-02 16:00:00,BF.BLW.FAN01,bf_sinter_fan_blower,1.7836,18.7581,53.8609,0.5768,66.4814,0,,train
2025-05-02 17:00:00,BF.BLW.FAN01,bf_sinter_fan_blower,1.6896,21.5076,53.76,0.7446,66.4762,0,,train
2025-05-02 18:00:00,BF.BLW.FAN01,bf_sinter_fan_blower,1.6355,25.1933,53.0408,0.7616,65.4453,0,,train
2025-05-02 19:00:00,BF.BLW.FAN01,bf_sinter_fan_blower,1.5118,26.012,53.0181,0.9677,65.2941,0,,train
2025-05-02 20:00:00,BF.BLW.FAN01,bf_sinter_fan_blower,1.5554,26.3362,53.8162,0.9321,64.8665,0,,train
2025-05-02 21:00:00,BF.BLW.FAN01,bf_sinter_fan_blower,1.538,30.7084,53.1317,0.8164,65.4546,0,,train
2025-05-02 22:00:00,BF.BLW.FAN01,bf_sinter_fan_blower,1.4517,31.1846,52.7232,0.8048,65.3686,0,,train
2025-05-02 23:00:00,BF.BLW.FAN01,bf_sinter_fan_blower,1.5538,30.4625,53.5837,1.0028,65.5519,0,,train
2025-05-03 00:00:00,BF.BLW.FAN01,bf_sinter_fan_blower,1.5087,28.2681,53.5814,1.14,67.2077,0,,train
2025-05-03 01:00:00,BF.BLW.FAN01,bf_sinter_fan_blower,1.6116,29.4773,54.395,1.3183,68.5677,0,,train
2025-05-03 02:00:00,BF.BLW.FAN01,bf_sinter_fan_blower,1.6381,30.7577,55.7539,1.2021,68.0696,0,,train
2025-05-03 03:00:00,BF.BLW.FAN01,bf_sinter_fan_blower,1.6101,33.3904,55.9115,1.0148,68.5921,0,,train
2025-05-03 04:00:00,BF.BLW.FAN01,bf_sinter_fan_blower,1.6279,31.2716,55.3553,0.9352,68.3279,0,,train
2025-05-03 05:00:00,BF.BLW.FAN01,bf_sinter_fan_blower,1.5453,29.9256,55.2574,0.9232,67.7856,0,,train
2025-05-03 06:00:00,BF.BLW.FAN01,bf_sinter_fan_blower,1.5874,28.6866,54.934,0.9726,68.8706,0,,train
2025-05-03 07:00:00,BF.BLW.FAN01,bf_sinter_fan_blower,1.5544,26.5269,54.7435,0.943,67.4642,0,,train
2025-05-03 08:00:00,BF.BLW.FAN01,bf_sinter_fan_blower,1.501,25.4136,53.9273,0.9906,66.8801,0,,train
2025-05-03 09:00:00,BF.BLW.FAN01,bf_sinter_fan_blower,1.5594,22.898,53.0493,1.1445,66.9122,0,,train
2025-05-03 10:00:00,BF.BLW.FAN01,bf_sinter_fan_blower,1.4989,25.482,52.6584,1.1287,66.2649,0,,train
2025-05-03 11:00:00,BF.BLW.FAN01,bf_sinter_fan_blower,1.5305,26.2011,52.3987,1.1048,65.9397,0,,train
2025-05-03 12:00:00,BF.BLW.FAN01,bf_sinter_fan_blower,1.6861,28.6798,53.4313,1.2075,66.5152,0,,train
2025-05-03 13:00:00,BF.BLW.FAN01,bf_sinter_fan_blower,1.7601,25.1145,53.425,1.0984,66.2936,0,,train
2025-05-03 14:00:00,BF.BLW.FAN01,bf_sinter_fan_blower,1.6691,27.0062,53.1138,0.9418,65.1724,0,,train
2025-05-03 15:00:00,BF.BLW.FAN01,bf_sinter_fan_blower,1.8253,26.444,54.2888,0.9695,65.5165,0,,train
2025-05-03 16:00:00,BF.BLW.FAN01,bf_sinter_fan_blower,1.8108,27.1234,54.2239,0.9518,64.1233,0,,train
2025-05-03 17:00:00,BF.BLW.FAN01,bf_sinter_fan_blower,1.9362,32.3518,54.9918,0.8065,65.5383,0,,train
2025-05-03 18:00:00,BF.BLW.FAN01,bf_sinter_fan_blower,1.9257,32.2677,55.4168,0.8819,65.703,0,,train
2025-05-03 19:00:00,BF.BLW.FAN01,bf_sinter_fan_blower,1.9184,31.7077,55.0448,0.7525,65.6496,0,,train
2025-05-03 20:00:00,BF.BLW.FAN01,bf_sinter_fan_blower,1.9868,32.2885,56.1265,0.5844,64.5918,0,,train
2025-05-03 21:00:00,BF.BLW.FAN01,bf_sinter_fan_blower,1.9581,30.2425,56.0765,0.6666,65.2072,0,,train
2025-05-03 22:00:00,BF.BLW.FAN01,bf_sinter_fan_blower,1.8705,28.7726,56.6781,0.6973,65.3942,0,,train
2025-05-03 23:00:00,BF.BLW.FAN01,bf_sinter_fan_blower,1.8892,30.7957,57.8567,0.7744,64.7067,0,,train
2025-05-04 00:00:00,BF.BLW.FAN01,bf_sinter_fan_blower,1.937,28.8884,57.7686,0.713,66.5661,0,,train
2025-05-04 01:00:00,BF.BLW.FAN01,bf_sinter_fan_blower,1.98,30.1956,58.5264,0.5298,67.7433,0,,train
2025-05-04 02:00:00,BF.BLW.FAN01,bf_sinter_fan_blower,2.1834,29.318,59.4833,0.6988,67.9902,0,,train
2025-05-04 03:00:00,BF.BLW.FAN01,bf_sinter_fan_blower,2.667,29.2457,59.5252,0.7626,67.8363,0,,train
2025-05-04 04:00:00,BF.BLW.FAN01,bf_sinter_fan_blower,3.1865,28.8247,59.0556,0.9816,67.879,0,,train
2025-05-04 05:00:00,BF.BLW.FAN01,bf_sinter_fan_blower,3.8387,33.2158,58.7582,0.8491,68.5311,0,,train
2025-05-04 06:00:00,BF.BLW.FAN01,bf_sinter_fan_blower,4.1827,31.194,59.0141,0.8342,67.5037,0,,train
2025-05-04 07:00:00,BF.BLW.FAN01,bf_sinter_fan_blower,4.2075,38.0983,59.3535,0.8846,66.8168,0,,train
2025-05-04 08:00:00,BF.BLW.FAN01,bf_sinter_fan_blower,3.9913,36.0331,60.3644,0.8006,66.9752,0,,train
2025-05-04 09:00:00,BF.BLW.FAN01,bf_sinter_fan_blower,3.3816,35.9465,60.0938,0.9291,65.9604,0,,train
2025-05-04 10:00:00,BF.BLW.FAN01,bf_sinter_fan_blower,2.6959,39.0346,61.0898,0.9546,65.0913,0,,train
2025-05-04 11:00:00,BF.BLW.FAN01,bf_sinter_fan_blower,2.237,42.5752,61.2272,0.8998,64.2093,0,,train
2025-05-04 12:00:00,BF.BLW.FAN01,bf_sinter_fan_blower,2.0974,46.9494,62.6645,0.7567,63.1957,0,,train
2025-05-04 13:00:00,BF.BLW.FAN01,bf_sinter_fan_blower,2.225,46.5593,63.8781,0.5956,61.8753,0,,train
2025-05-04 14:00:00,BF.BLW.FAN01,bf_sinter_fan_blower,2.2416,50.7913,62.3049,0.5872,62.1789,0,,train
2025-05-04 15:00:00,BF.BLW.FAN01,bf_sinter_fan_blower,2.2088,50.7034,61.1491,0.5162,62.6786,0,,train
2025-05-04 16:00:00,BF.BLW.FAN01,bf_sinter_fan_blower,2.1124,52.706,60.9456,0.6921,61.196,0,,train
2025-05-04 17:00:00,BF.BLW.FAN01,bf_sinter_fan_blower,2.0784,48.8743,61.097,0.5909,60.4905,0,,train
2025-05-04 18:00:00,BF.BLW.FAN01,bf_sinter_fan_blower,2.0213,49.1835,61.0995,0.501,60.1035,0,,train
2025-05-04 19:00:00,BF.BLW.FAN01,bf_sinter_fan_blower,2.02,53.5779,61.3234,0.6255,59.5715,0,,train
2025-05-04 20:00:00,BF.BLW.FAN01,bf_sinter_fan_blower,2.01,49.33,60.81,0.5047,60.3685,0,,train
2025-05-04 21:00:00,BF.BLW.FAN01,bf_sinter_fan_blower,2.0629,50.3028,61.4507,0.5688,60.5312,0,,train
2025-05-04 22:00:00,BF.BLW.FAN01,bf_sinter_fan_blower,1.9714,43.3418,60.5519,0.5397,60.0942,0,,train
2025-05-04 23:00:00,BF.BLW.FAN01,bf_sinter_fan_blower,1.9774,42.4801,60.627,0.5912,60.7462,0,,train
2025-05-05 00:00:00,BF.BLW.FAN01,bf_sinter_fan_blower,1.9592,42.5674,61.2471,0.4881,59.7931,0,,train
2025-05-05 01:00:00,BF.BLW.FAN01,bf_sinter_fan_blower,1.9057,42.3421,61.1423,0.5455,59.2744,0,,train
2025-05-05 02:00:00,BF.BLW.FAN01,bf_sinter_fan_blower,1.9637,40.9345,61.2111,0.5419,59.8563,0,,train
2025-05-05 03:00:00,BF.BLW.FAN01,bf_sinter_fan_blower,1.9391,40.6918,61.49,0.5225,60.3627,0,,train
2025-05-05 04:00:00,BF.BLW.FAN01,bf_sinter_fan_blower,1.9004,38.1833,62.1896,0.6451,60.5986,0,,train
2025-05-05 05:00:00,BF.BLW.FAN01,bf_sinter_fan_blower,1.8374,36.6502,63.077,0.682,60.4466,0,,train
2025-05-05 06:00:00,BF.BLW.FAN01,bf_sinter_fan_blower,1.7981,38.3612,62.5474,0.6105,60.667,0,,train
2025-05-05 07:00:00,BF.BLW.FAN01,bf_sinter_fan_blower,1.7094,36.6152,61.5632,0.5905,60.6326,0,,train
2025-05-05 08:00:00,BF.BLW.FAN01,bf_sinter_fan_blower,1.6972,37.7606,61.8748,0.8532,60.7255,0,,train
2025-05-05 09:00:00,BF.BLW.FAN01,bf_sinter_fan_blower,1.5007,35.4807,61.7174,0.9664,58.6164,0,,train
2025-05-05 10:00:00,BF.BLW.FAN01,bf_sinter_fan_blower,1.5532,36.2105,61.2855,0.9161,58.7733,0,,train
2025-05-05 11:00:00,BF.BLW.FAN01,bf_sinter_fan_blower,1.4274,34.7962,60.6131,1.1023,57.2842,0,,train
2025-05-05 12:00:00,BF.BLW.FAN01,bf_sinter_fan_blower,1.462,31.205,59.2624,1.0073,57.7998,0,,train
2025-05-05 13:00:00,BF.BLW.FAN01,bf_sinter_fan_blower,1.5182,27.1326,59.3766,1.1087,58.1548,0,,train
2025-05-05 14:00:00,BF.BLW.FAN01,bf_sinter_fan_blower,1.6218,30.0801,58.8324,1.1534,58.7398,0,,train
2025-05-05 15:00:00,BF.BLW.FAN01,bf_sinter_fan_blower,1.5177,24.1197,58.506,0.9557,57.2733,0,,train
2025-05-05 16:00:00,BF.BLW.FAN01,bf_sinter_fan_blower,1.5848,24.4216,58.6013,0.9383,57.6506,0,,train
2025-05-05 17:00:00,BF.BLW.FAN01,bf_sinter_fan_blower,1.5981,23.3167,57.8246,0.9485,57.9029,0,,train
2025-05-05 18:00:00,BF.BLW.FAN01,bf_sinter_fan_blower,1.6266,20.9278,57.465,0.9093,57.8673,0,,train
2025-05-05 19:00:00,BF.BLW.FAN01,bf_sinter_fan_blower,1.5215,18.9046,56.8029,0.7068,58.1073,0,,train
2025-05-05 20:00:00,BF.BLW.FAN01,bf_sinter_fan_blower,1.7079,21.1929,57.1925,0.7124,59.8283,0,,train
2025-05-05 21:00:00,BF.BLW.FAN01,bf_sinter_fan_blower,1.651,19.1517,57.4356,0.8015,60.094,0,,train
2025-05-05 22:00:00,BF.BLW.FAN01,bf_sinter_fan_blower,1.6514,15.0514,58.4374,0.7398,59.0456,0,,train
2025-05-05 23:00:00,BF.BLW.FAN01,bf_sinter_fan_blower,1.5224,18.8884,57.2322,0.6866,58.9827,0,,train
2025-05-06 00:00:00,BF.BLW.FAN01,bf_sinter_fan_blower,1.6361,16.4214,57.3318,0.7257,59.882,0,,train
2025-05-06 01:00:00,BF.BLW.FAN01,bf_sinter_fan_blower,1.576,15.8963,57.3251,0.7575,59.5473,0,,train
2025-05-06 02:00:00,BF.BLW.FAN01,bf_sinter_fan_blower,1.7738,16.6878,58.4288,0.7415,61.3559,0,,train
2025-05-06 03:00:00,BF.BLW.FAN01,bf_sinter_fan_blower,1.7481,21.0504,58.731,0.5744,61.2778,0,,train
2025-05-06 04:00:00,BF.BLW.FAN01,bf_sinter_fan_blower,1.7255,21.9434,58.014,0.5186,61.929,0,,train
2025-05-06 05:00:00,BF.BLW.FAN01,bf_sinter_fan_blower,1.7796,24.246,58.9553,0.5687,61.9705,0,,train
2025-05-06 06:00:00,BF.BLW.FAN01,bf_sinter_fan_blower,1.7774,24.495,57.9745,0.4579,61.7427,0,,train
2025-05-06 07:00:00,BF.BLW.FAN01,bf_sinter_fan_blower,1.7091,24.3406,56.4603,0.5032,63.0206,0,,train
2025-05-06 08:00:00,BF.BLW.FAN01,bf_sinter_fan_blower,1.7173,27.162,56.166,0.8199,63.1198,0,,train
2025-05-06 09:00:00,BF.BLW.FAN01,bf_sinter_fan_blower,1.8545,32.0433,56.4622,0.7475,63.3536,0,,train
2025-05-06 10:00:00,BF.BLW.FAN01,bf_sinter_fan_blower,1.8288,32.3192,55.4936,0.9848,64.5571,0,,train
2025-05-06 11:00:00,BF.BLW.FAN01,bf_sinter_fan_blower,1.7216,31.0937,54.3572,1.0949,64.5687,0,,train
2025-05-06 12:00:00,BF.BLW.FAN01,bf_sinter_fan_blower,1.5988,28.7112,53.9842,1.1423,63.064,0,,train
2025-05-06 13:00:00,BF.BLW.FAN01,bf_sinter_fan_blower,1.6074,28.2336,53.6897,1.0537,62.0043,0,,train
2025-05-06 14:00:00,BF.BLW.FAN01,bf_sinter_fan_blower,1.6272,27.3612,53.8424,1.116,61.1364,0,,train
2025-05-06 15:00:00,BF.BLW.FAN01,bf_sinter_fan_blower,1.6494,25.0174,53.0618,1.0577,60.7766,0,,train
2025-05-06 16:00:00,BF.BLW.FAN01,bf_sinter_fan_blower,1.6865,26.484,52.9291,1.0883,61.9285,0,,train
2025-05-06 17:00:00,BF.BLW.FAN01,bf_sinter_fan_blower,1.7852,27.2473,53.0423,0.8067,61.9157,0,,train
2025-05-06 18:00:00,BF.BLW.FAN01,bf_sinter_fan_blower,1.7598,29.4556,53.8101,0.6606,60.8758,0,,train
2025-05-06 19:00:00,BF.BLW.FAN01,bf_sinter_fan_blower,1.7752,28.5716,52.7069,0.5813,61.3274,0,,train
2025-05-06 20:00:00,BF.BLW.FAN01,bf_sinter_fan_blower,1.6496,29.129,52.3358,0.7056,60.8209,0,,train
2025-05-06 21:00:00,BF.BLW.FAN01,bf_sinter_fan_blower,1.686,29.5531,51.9444,0.5792,62.3886,0,,train
2025-05-06 22:00:00,BF.BLW.FAN01,bf_sinter_fan_blower,1.6272,27.3955,52.0098,0.6363,62.6335,0,,train
2025-05-06 23:00:00,BF.BLW.FAN01,bf_sinter_fan_blower,1.6017,28.572,51.8889,0.7606,63.0528,0,,train
2025-05-07 00:00:00,BF.BLW.FAN01,bf_sinter_fan_blower,1.5352,30.4885,51.4649,0.557,62.9182,0,,train
2025-05-07 01:00:00,BF.BLW.FAN01,bf_sinter_fan_blower,1.5234,31.7767,51.9568,0.725,63.626,0,,train
2025-05-07 02:00:00,BF.BLW.FAN01,bf_sinter_fan_blower,1.5618,31.0445,52.0529,0.6465,64.2307,0,,train
2025-05-07 03:00:00,BF.BLW.FAN01,bf_sinter_fan_blower,1.5217,33.2375,52.5047,0.4489,64.0027,0,,train
2025-05-07 04:00:00,BF.BLW.FAN01,bf_sinter_fan_blower,1.4983,32.3943,52.3999,0.3899,63.3843,0,,train
2025-05-07 05:00:00,BF.BLW.FAN01,bf_sinter_fan_blower,1.4141,32.1864,51.9031,0.4682,63.6906,0,,train
2025-05-07 06:00:00,BF.BLW.FAN01,bf_sinter_fan_blower,1.4236,34.8544,52.6362,0.6054,64.0796,0,,train
2025-05-07 07:00:00,BF.BLW.FAN01,bf_sinter_fan_blower,1.5237,33.0411,52.8476,0.5749,63.7892,0,,train
2025-05-07 08:00:00,BF.BLW.FAN01,bf_sinter_fan_blower,1.6152,35.392,53.0678,0.4514,65.0997,0,,train
2025-05-07 09:00:00,BF.BLW.FAN01,bf_sinter_fan_blower,1.6779,37.5781,53.2818,0.5298,65.6331,0,,train
2025-05-07 10:00:00,BF.BLW.FAN01,bf_sinter_fan_blower,1.8234,35.7947,53.8089,0.5814,66.0728,0,,train
2025-05-07 11:00:00,BF.BLW.FAN01,bf_sinter_fan_blower,1.7921,33.9749,54.5592,0.7591,65.4952,0,,train
2025-05-07 12:00:00,BF.BLW.FAN01,bf_sinter_fan_blower,1.8224,37.9963,54.0725,0.7996,65.5458,0,,train
2025-05-07 13:00:00,BF.BLW.FAN01,bf_sinter_fan_blower,1.7948,44.3064,54.0222,0.8252,65.3273,0,,train
2025-05-07 14:00:00,BF.BLW.FAN01,bf_sinter_fan_blower,1.8811,41.6936,54.8671,0.7154,65.6639,0,,train
2025-05-07 15:00:00,BF.BLW.FAN01,bf_sinter_fan_blower,1.8854,41.7209,55.337,0.8136,65.4351,0,,train
2025-05-07 16:00:00,BF.BLW.FAN01,bf_sinter_fan_blower,2.0258,39.8016,55.2326,0.7623,66.3449,0,,train
2025-05-07 17:00:00,BF.BLW.FAN01,bf_sinter_fan_blower,1.9716,37.9252,54.3891,0.8278,65.938,0,,train
2025-05-07 18:00:00,BF.BLW.FAN01,bf_sinter_fan_blower,1.9979,39.025,53.4187,0.74,66.3239,0,,train
2025-05-07 19:00:00,BF.BLW.FAN01,bf_sinter_fan_blower,2.1312,40.3737,54.1653,0.9568,68.4115,0,,train
2025-05-07 20:00:00,BF.BLW.FAN01,bf_sinter_fan_blower,2.158,37.021,54.3215,1.0008,68.5714,0,,train
2025-05-07 21:00:00,BF.BLW.FAN01,bf_sinter_fan_blower,2.3156,39.0442,55.3438,0.7651,69.1421,0,,train
2025-05-07 22:00:00,BF.BLW.FAN01,bf_sinter_fan_blower,2.2173,41.0327,56.3302,1.0286,68.7427,0,,train
2025-05-07 23:00:00,BF.BLW.FAN01,bf_sinter_fan_blower,2.2911,40.2496,57.1458,1.1109,68.9385,0,,train
2025-05-08 00:00:00,BF.BLW.FAN01,bf_sinter_fan_blower,2.3537,36.2408,57.5391,1.1088,69.9578,0,,train
2025-05-08 01:00:00,BF.BLW.FAN01,bf_sinter_fan_blower,2.278,38.0723,58.5393,1.0641,69.5732,0,,train
2025-05-08 02:00:00,BF.BLW.FAN01,bf_sinter_fan_blower,2.1109,35.9458,57.8618,0.9022,68.7399,0,,train
2025-05-08 03:00:00,BF.BLW.FAN01,bf_sinter_fan_blower,2.0239,35.5498,58.3023,1.0525,68.7793,0,,train
2025-05-08 04:00:00,BF.BLW.FAN01,bf_sinter_fan_blower,2.0967,38.2953,58.6844,0.9907,69.2276,0,,train
2025-05-08 05:00:00,BF.BLW.FAN01,bf_sinter_fan_blower,1.9636,39.3952,58.0536,0.8111,69.1086,0,,train
2025-05-08 06:00:00,BF.BLW.FAN01,bf_sinter_fan_blower,2.1362,36.2637,58.5781,0.7582,70.3523,0,,train
2025-05-08 07:00:00,BF.BLW.FAN01,bf_sinter_fan_blower,2.222,37.8717,59.3062,0.6651,70.9635,0,,train
2025-05-08 08:00:00,BF.BLW.FAN01,bf_sinter_fan_blower,2.2159,37.9836,58.6112,0.493,70.6005,0,,train
2025-05-08 09:00:00,BF.BLW.FAN01,bf_sinter_fan_blower,2.255,38.4672,58.1182,0.4823,70.6079,0,,train
2025-05-08 10:00:00,BF.BLW.FAN01,bf_sinter_fan_blower,2.2799,33.5695,57.3657,0.5158,70.4024,0,,train
2025-05-08 11:00:00,BF.BLW.FAN01,bf_sinter_fan_blower,2.1615,30.5644,56.8828,0.5358,69.0721,0,,train
2025-05-08 12:00:00,BF.BLW.FAN01,bf_sinter_fan_blower,2.2793,32.1225,57.3565,0.6877,70.3081,0,,train
2025-05-08 13:00:00,BF.BLW.FAN01,bf_sinter_fan_blower,2.2981,31.3216,57.5607,0.8132,70.5177,0,,train
2025-05-08 14:00:00,BF.BLW.FAN01,bf_sinter_fan_blower,2.3525,29.2545,58.2075,0.7692,70.4259,0,,train
2025-05-08 15:00:00,BF.BLW.FAN01,bf_sinter_fan_blower,2.3318,29.3691,58.3885,0.8434,70.078,0,,train
2025-05-08 16:00:00,BF.BLW.FAN01,bf_sinter_fan_blower,2.3105,29.4786,58.0824,0.8664,69.0236,0,,train
2025-05-08 17:00:00,BF.BLW.FAN01,bf_sinter_fan_blower,2.2243,31.4871,58.6222,0.935,68.0733,0,,train
2025-05-08 18:00:00,BF.BLW.FAN01,bf_sinter_fan_blower,2.1681,32.1737,58.4334,0.9671,68.818,0,,train
2025-05-08 19:00:00,BF.BLW.FAN01,bf_sinter_fan_blower,1.9903,33.6049,57.6381,0.8453,68.6773,0,,train
2025-05-08 20:00:00,BF.BLW.FAN01,bf_sinter_fan_blower,2.0495,34.2778,58.3568,0.7752,68.0111,0,,train
2025-05-08 21:00:00,BF.BLW.FAN01,bf_sinter_fan_blower,1.9808,36.9853,57.8979,0.8081,68.7229,0,,train
2025-05-08 22:00:00,BF.BLW.FAN01,bf_sinter_fan_blower,1.9492,32.3563,58.1178,0.8443,68.2129,0,,train
2025-05-08 23:00:00,BF.BLW.FAN01,bf_sinter_fan_blower,1.9324,30.9948,58.9167,0.7929,67.758,0,,train
2025-05-09 00:00:00,BF.BLW.FAN01,bf_sinter_fan_blower,1.8214,30.3337,59.108,0.7917,67.2733,0,,train
2025-05-09 01:00:00,BF.BLW.FAN01,bf_sinter_fan_blower,1.9972,28.6088,59.6312,0.8321,69.3529,0,,train
2025-05-09 02:00:00,BF.BLW.FAN01,bf_sinter_fan_blower,1.9909,27.1955,60.4756,0.775,69.0113,0,,train
2025-05-09 03:00:00,BF.BLW.FAN01,bf_sinter_fan_blower,1.8235,25.6711,59.7548,0.9147,68.521,0,,train
2025-05-09 04:00:00,BF.BLW.FAN01,bf_sinter_fan_blower,1.8354,24.1647,60.8321,1.0199,68.6719,0,,train
2025-05-09 05:00:00,BF.BLW.FAN01,bf_sinter_fan_blower,1.8387,25.6544,60.6003,0.9295,68.3105,0,,train
2025-05-09 06:00:00,BF.BLW.FAN01,bf_sinter_fan_blower,1.8504,25.9455,61.2925,1.0666,67.749,0,,train
2025-05-09 07:00:00,BF.BLW.FAN01,bf_sinter_fan_blower,1.8832,23.2401,61.665,0.9881,68.2135,0,,train
2025-05-09 08:00:00,BF.BLW.FAN01,bf_sinter_fan_blower,1.8491,24.9546,61.3452,0.8971,67.5054,0,,train
2025-05-09 09:00:00,BF.BLW.FAN01,bf_sinter_fan_blower,1.898,20.8977,61.8371,0.9921,66.8637,0,,train
2025-05-09 10:00:00,BF.BLW.FAN01,bf_sinter_fan_blower,1.9126,21.2483,61.8706,1.1377,66.3064,0,,train
2025-05-09 11:00:00,BF.BLW.FAN01,bf_sinter_fan_blower,1.9639,22.8163,62.3698,1.0123,65.1335,0,,train
2025-05-09 12:00:00,BF.BLW.FAN01,bf_sinter_fan_blower,1.9325,22.2079,61.3637,1.078,64.5079,0,,train
2025-05-09 13:00:00,BF.BLW.FAN01,bf_sinter_fan_blower,1.8105,24.7653,59.9587,1.1819,64.8274,0,,train
2025-05-09 14:00:00,BF.BLW.FAN01,bf_sinter_fan_blower,1.8284,22.1397,59.5563,1.0662,65.0861,0,,train
2025-05-09 15:00:00,BF.BLW.FAN01,bf_sinter_fan_blower,1.832,23.2284,58.7279,1.2063,65.7453,0,,train
2025-05-09 16:00:00,BF.BLW.FAN01,bf_sinter_fan_blower,1.7206,24.1169,57.9084,1.0714,65.5233,0,,train
2025-05-09 17:00:00,BF.BLW.FAN01,bf_sinter_fan_blower,1.7765,26.0062,57.1881,1.1103,65.6961,0,,train
2025-05-09 18:00:00,BF.BLW.FAN01,bf_sinter_fan_blower,1.7268,28.7068,56.7485,1.1032,64.8912,0,,train
2025-05-09 19:00:00,BF.BLW.FAN01,bf_sinter_fan_blower,1.8738,33.672,56.938,1.0161,65.567,0,,train
2025-05-09 20:00:00,BF.BLW.FAN01,bf_sinter_fan_blower,1.9886,29.0765,57.4831,0.9951,66.5907,0,,train
2025-05-09 21:00:00,BF.BLW.FAN01,bf_sinter_fan_blower,1.9877,29.8967,57.5794,1.0063,67.4219,0,,train
2025-05-09 22:00:00,BF.BLW.FAN01,bf_sinter_fan_blower,1.9409,30.1992,57.2245,1.0693,67.8847,0,,train
2025-05-09 23:00:00,BF.BLW.FAN01,bf_sinter_fan_blower,2.1343,30.6154,58.8257,0.8848,68.2918,0,,train
2025-05-10 00:00:00,BF.BLW.FAN01,bf_sinter_fan_blower,2.0334,28.1579,58.1767,0.9602,67.5535,0,,train
2025-05-10 01:00:00,BF.BLW.FAN01,bf_sinter_fan_blower,2.046,30.4838,58.7575,1.0412,68.8438,0,,train
2025-05-10 02:00:00,BF.BLW.FAN01,bf_sinter_fan_blower,2.1315,30.6115,59.2866,1.1506,69.8446,0,,train
2025-05-10 03:00:00,BF.BLW.FAN01,bf_sinter_fan_blower,2.1614,32.0097,59.5017,0.9796,70.2338,0,,train
2025-05-10 04:00:00,BF.BLW.FAN01,bf_sinter_fan_blower,2.0206,27.3602,59.1145,1.0981,69.2076,0,,train
2025-05-10 05:00:00,BF.BLW.FAN01,bf_sinter_fan_blower,1.9161,24.6181,58.6428,1.2282,69.2305,0,,train
2025-05-10 06:00:00,BF.BLW.FAN01,bf_sinter_fan_blower,1.8558,29.124,58.9849,1.2539,68.5664,0,,train
2025-05-10 07:00:00,BF.BLW.FAN01,bf_sinter_fan_blower,1.7532,32.0924,58.2413,1.305,67.8542,0,,train
2025-05-10 08:00:00,BF.BLW.FAN01,bf_sinter_fan_blower,1.7867,35.6912,57.9468,1.3191,68.0678,0,,train
2025-05-10 09:00:00,BF.BLW.FAN01,bf_sinter_fan_blower,1.5693,35.4427,56.8426,1.5523,66.2941,0,,train
2025-05-10 10:00:00,BF.BLW.FAN01,bf_sinter_fan_blower,1.6355,33.9539,57.5819,1.5303,65.7428,0,,train
2025-05-10 11:00:00,BF.BLW.FAN01,bf_sinter_fan_blower,1.7179,35.6804,58.0754,1.5757,66.106,0,,train
2025-05-10 12:00:00,BF.BLW.FAN01,bf_sinter_fan_blower,1.8002,31.4121,59.0376,1.5124,65.7549,0,,train
2025-05-10 13:00:00,BF.BLW.FAN01,bf_sinter_fan_blower,1.6506,31.3089,57.9198,1.4284,64.0335,0,,train
2025-05-10 14:00:00,BF.BLW.FAN01,bf_sinter_fan_blower,1.4671,29.6511,56.4791,1.4239,62.8551,0,,train
2025-05-10 15:00:00,BF.BLW.FAN01,bf_sinter_fan_blower,1.5867,30.9242,56.9002,1.4221,62.5924,0,,train
2025-05-10 16:00:00,BF.BLW.FAN01,bf_sinter_fan_blower,1.4449,29.6943,,1.5195,,0,,train
2025-05-10 17:00:00,BF.BLW.FAN01,bf_sinter_fan_blower,1.4841,28.8856,55.8697,1.5137,62.9396,0,,train
2025-05-10 18:00:00,BF.BLW.FAN01,bf_sinter_fan_blower,1.3998,29.7329,55.9837,1.6136,62.8311,0,,train
2025-05-10 19:00:00,BF.BLW.FAN01,bf_sinter_fan_blower,1.4113,29.8701,54.6132,1.5058,63.1475,0,,train
2025-05-10 20:00:00,BF.BLW.FAN01,bf_sinter_fan_blower,1.3774,29.8826,54.8675,1.3065,62.3641,0,,train
2025-05-10 21:00:00,BF.BLW.FAN01,bf_sinter_fan_blower,1.5985,31.4872,55.9815,1.4155,64.3733,0,,train
2025-05-10 22:00:00,BF.BLW.FAN01,bf_sinter_fan_blower,1.6349,30.5375,55.9778,1.3819,64.8654,0,,train
2025-05-10 23:00:00,BF.BLW.FAN01,bf_sinter_fan_blower,1.505,30.5643,55.9641,1.4631,64.9173,0,,train
2025-05-11 00:00:00,BF.BLW.FAN01,bf_sinter_fan_blower,1.3881,30.9193,55.7554,1.6433,64.8578,0,,train
2025-05-11 01:00:00,BF.BLW.FAN01,bf_sinter_fan_blower,1.485,28.4686,55.4023,1.5899,67.2801,0,,train
2025-05-11 02:00:00,BF.BLW.FAN01,bf_sinter_fan_blower,1.4679,29.2698,53.9474,1.5621,68.3997,0,,train
2025-05-11 03:00:00,BF.BLW.FAN01,bf_sinter_fan_blower,1.5546,30.5267,54.1433,1.4365,68.3579,0,,train
2025-05-11 04:00:00,BF.BLW.FAN01,bf_sinter_fan_blower,1.639,29.3857,54.0119,1.2515,68.4686,0,,train
2025-05-11 05:00:00,BF.BLW.FAN01,bf_sinter_fan_blower,1.6131,26.1757,53.6109,1.4126,69.0298,0,,train
2025-05-11 06:00:00,BF.BLW.FAN01,bf_sinter_fan_blower,1.362,23.7802,52.012,1.603,67.5594,0,,train
2025-05-11 07:00:00,BF.BLW.FAN01,bf_sinter_fan_blower,1.3866,27.7357,52.4794,1.5544,67.976,0,,train
2025-05-11 08:00:00,BF.BLW.FAN01,bf_sinter_fan_blower,1.2378,27.8141,52.4915,1.5476,67.0507,0,,train
2025-05-11 09:00:00,BF.BLW.FAN01,bf_sinter_fan_blower,1.1746,32.2438,52.4132,1.6238,66.6438,0,,train
2025-05-11 10:00:00,BF.BLW.FAN01,bf_sinter_fan_blower,1.1716,32.1588,51.9867,1.723,66.6305,0,,train
2025-05-11 11:00:00,BF.BLW.FAN01,bf_sinter_fan_blower,1.137,33.8114,51.0843,1.675,66.2311,0,,train
2025-05-11 12:00:00,BF.BLW.FAN01,bf_sinter_fan_blower,1.2143,35.4947,50.9792,1.6563,66.7739,0,,train
2025-05-11 13:00:00,BF.BLW.FAN01,bf_sinter_fan_blower,1.3599,34.7108,50.8542,1.609,67.961,0,,train
2025-05-11 14:00:00,BF.BLW.FAN01,bf_sinter_fan_blower,1.3409,37.9755,51.1296,1.548,67.1854,0,,train
2025-05-11 15:00:00,BF.BLW.FAN01,bf_sinter_fan_blower,1.4087,40.1151,51.5577,1.5511,67.7828,0,,train
2025-05-11 16:00:00,BF.BLW.FAN01,bf_sinter_fan_blower,1.3254,39.6006,51.4195,1.5835,66.4856,0,,train
2025-05-11 17:00:00,BF.BLW.FAN01,bf_sinter_fan_blower,1.3987,36.4342,51.8521,1.6266,65.9579,0,,train
2025-05-11 18:00:00,BF.BLW.FAN01,bf_sinter_fan_blower,1.4007,38.725,51.3878,1.364,65.6432,0,,train
2025-05-11 19:00:00,BF.BLW.FAN01,bf_sinter_fan_blower,1.2827,37.0331,50.6244,1.5729,64.9765,0,,train
2025-05-11 20:00:00,BF.BLW.FAN01,bf_sinter_fan_blower,1.3263,39.7004,50.2659,1.4377,65.2019,0,,train
2025-05-11 21:00:00,BF.BLW.FAN01,bf_sinter_fan_blower,1.3648,39.6406,50.8555,1.5949,65.0269,0,,train
2025-05-11 22:00:00,BF.BLW.FAN01,bf_sinter_fan_blower,1.4182,42.5197,51.9251,1.6292,64.0605,0,,train
2025-05-11 23:00:00,BF.BLW.FAN01,bf_sinter_fan_blower,1.4933,46.0416,52.8041,1.6093,64.0295,0,,train
2025-05-12 00:00:00,BF.BLW.FAN01,bf_sinter_fan_blower,1.4077,43.0849,53.0194,1.5881,63.2615,0,,train
2025-05-12 01:00:00,BF.BLW.FAN01,bf_sinter_fan_blower,1.4252,42.9791,53.7726,1.5325,64.2051,0,,train
2025-05-12 02:00:00,BF.BLW.FAN01,bf_sinter_fan_blower,1.5123,43.8544,54.1587,1.5624,65.7313,0,,train
2025-05-12 03:00:00,BF.BLW.FAN01,bf_sinter_fan_blower,1.5116,45.6658,55.1891,1.6469,66.3475,0,,train
2025-05-12 04:00:00,BF.BLW.FAN01,bf_sinter_fan_blower,1.5515,46.3932,55.5889,1.8103,68.2351,0,,train
2025-05-12 05:00:00,BF.BLW.FAN01,bf_sinter_fan_blower,1.4626,46.5033,54.4294,1.5482,67.8023,0,,train
2025-05-12 06:00:00,BF.BLW.FAN01,bf_sinter_fan_blower,1.5137,47.9551,54.4493,1.6392,68.3938,0,,train
2025-05-12 07:00:00,BF.BLW.FAN01,bf_sinter_fan_blower,1.5611,45.4621,54.7057,1.7353,68.5401,0,,train
2025-05-12 08:00:00,BF.BLW.FAN01,bf_sinter_fan_blower,1.4729,46.6146,53.8257,1.7883,69.1795,0,,train
2025-05-12 09:00:00,BF.BLW.FAN01,bf_sinter_fan_blower,1.4318,45.2105,54.4957,1.924,67.586,0,,train
2025-05-12 10:00:00,BF.BLW.FAN01,bf_sinter_fan_blower,1.5815,42.6,54.5901,1.9489,67.5274,0,,train
2025-05-12 11:00:00,BF.BLW.FAN01,bf_sinter_fan_blower,1.571,38.2913,53.4861,1.7832,66.9581,0,,train
2025-05-12 12:00:00,BF.BLW.FAN01,bf_sinter_fan_blower,1.546,37.5941,52.5689,1.5386,66.8353,0,,train
2025-05-12 13:00:00,BF.BLW.FAN01,bf_sinter_fan_blower,1.5951,39.6312,52.2838,1.6106,66.566,0,,train
2025-05-12 14:00:00,BF.BLW.FAN01,bf_sinter_fan_blower,1.7121,34.3495,52.9631,1.674,66.3368,0,,train
2025-05-12 15:00:00,BF.BLW.FAN01,bf_sinter_fan_blower,1.7773,35.3603,53.739,1.7935,66.5523,0,,train
2025-05-12 16:00:00,BF.BLW.FAN01,bf_sinter_fan_blower,1.766,33.6647,53.556,1.7903,67.0881,0,,train
2025-05-12 17:00:00,BF.BLW.FAN01,bf_sinter_fan_blower,1.6769,33.5574,53.3656,1.8405,66.6231,0,,train
2025-05-12 18:00:00,BF.BLW.FAN01,bf_sinter_fan_blower,1.7057,35.2388,53.331,1.6633,66.66,0,,train
2025-05-12 19:00:00,BF.BLW.FAN01,bf_sinter_fan_blower,1.7657,38.8225,54.0158,1.6044,66.3069,0,,train
2025-05-12 20:00:00,BF.BLW.FAN01,bf_sinter_fan_blower,1.649,39.8612,53.3207,1.6916,65.562,0,,train
2025-05-12 21:00:00,BF.BLW.FAN01,bf_sinter_fan_blower,1.4775,45.0627,52.4504,1.5665,64.3395,0,,train
2025-05-12 22:00:00,BF.BLW.FAN01,bf_sinter_fan_blower,1.6163,39.6934,52.6091,1.5223,67.1006,0,,train
2025-05-12 23:00:00,BF.BLW.FAN01,bf_sinter_fan_blower,1.6825,38.1358,52.9047,1.394,67.3917,0,BF.BLW.FAN01::E01,train
2025-05-13 00:00:00,BF.BLW.FAN01,bf_sinter_fan_blower,1.6312,39.9808,53.6742,1.6106,67.0229,0,BF.BLW.FAN01::E01,train
2025-05-13 01:00:00,BF.BLW.FAN01,bf_sinter_fan_blower,1.8116,40.9694,55.0199,1.8173,67.7121,0,BF.BLW.FAN01::E01,train
2025-05-13 02:00:00,BF.BLW.FAN01,bf_sinter_fan_blower,1.7563,42.5604,55.6925,1.9702,67.1582,0,BF.BLW.FAN01::E01,train
2025-05-13 03:00:00,BF.BLW.FAN01,bf_sinter_fan_blower,1.7243,45.7786,55.5313,2.0193,67.1216,0,BF.BLW.FAN01::E01,train
2025-05-13 04:00:00,BF.BLW.FAN01,bf_sinter_fan_blower,1.816,49.1069,56.4152,1.938,67.5414,0,BF.BLW.FAN01::E01,train
2025-05-13 05:00:00,BF.BLW.FAN01,bf_sinter_fan_blower,1.8216,47.711,56.5899,2.0301,67.6517,0,BF.BLW.FAN01::E01,train
2025-05-13 06:00:00,BF.BLW.FAN01,bf_sinter_fan_blower,1.6884,46.0391,56.1528,2.0133,66.6772,0,BF.BLW.FAN01::E01,train
2025-05-13 07:00:00,BF.BLW.FAN01,bf_sinter_fan_blower,1.6079,49.7918,55.6152,2.0328,65.816,0,BF.BLW.FAN01::E01,train
2025-05-13 08:00:00,BF.BLW.FAN01,bf_sinter_fan_blower,1.6707,52.3983,56.096,1.9996,66.4886,0,BF.BLW.FAN01::E01,train
2025-05-13 09:00:00,BF.BLW.FAN01,bf_sinter_fan_blower,1.5132,51.468,55.8511,2.3978,65.5037,0,BF.BLW.FAN01::E01,train
2025-05-13 10:00:00,BF.BLW.FAN01,bf_sinter_fan_blower,1.5377,56.9433,55.8495,2.2591,65.8391,0,BF.BLW.FAN01::E01,train
2025-05-13 11:00:00,BF.BLW.FAN01,bf_sinter_fan_blower,1.4244,54.1368,55.8077,2.2694,65.0527,0,BF.BLW.FAN01::E01,train
2025-05-13 12:00:00,BF.BLW.FAN01,bf_sinter_fan_blower,1.4397,56.4145,56.0357,2.286,64.2502,0,BF.BLW.FAN01::E01,train
2025-05-13 13:00:00,BF.BLW.FAN01,bf_sinter_fan_blower,1.5751,54.3041,56.9754,2.2849,63.7712,0,BF.BLW.FAN01::E01,train
2025-05-13 14:00:00,BF.BLW.FAN01,bf_sinter_fan_blower,1.6055,52.633,57.1541,2.2271,63.7227,0,BF.BLW.FAN01::E01,train
2025-05-13 15:00:00,BF.BLW.FAN01,bf_sinter_fan_blower,1.7083,52.8901,56.7634,2.1411,63.4719,0,BF.BLW.FAN01::E01,train
2025-05-13 16:00:00,BF.BLW.FAN01,bf_sinter_fan_blower,1.7837,51.6841,56.2617,1.8901,63.0098,0,BF.BLW.FAN01::E01,train
2025-05-13 17:00:00,BF.BLW.FAN01,bf_sinter_fan_blower,1.8548,54.9872,57.1875,2.0784,62.988,0,BF.BLW.FAN01::E01,train
2025-05-13 18:00:00,BF.BLW.FAN01,bf_sinter_fan_blower,1.9265,59.8171,57.4457,2.1472,63.7048,0,BF.BLW.FAN01::E01,train
2025-05-13 19:00:00,BF.BLW.FAN01,bf_sinter_fan_blower,1.9284,57.9631,57.4084,2.0888,64.0824,0,BF.BLW.FAN01::E01,train
2025-05-13 20:00:00,BF.BLW.FAN01,bf_sinter_fan_blower,1.9424,62.7896,57.8173,2.1163,63.9701,0,BF.BLW.FAN01::E01,train
2025-05-13 21:00:00,BF.BLW.FAN01,bf_sinter_fan_blower,2.0698,59.9369,58.6575,2.2035,64.5785,0,BF.BLW.FAN01::E01,train
2025-05-13 22:00:00,BF.BLW.FAN01,bf_sinter_fan_blower,2.0149,60.3829,58.7131,2.1359,63.5906,0,BF.BLW.FAN01::E01,train
2025-05-13 23:00:00,BF.BLW.FAN01,bf_sinter_fan_blower,1.9442,58.5776,58.8573,2.5127,63.8897,0,BF.BLW.FAN01::E01,train
2025-05-14 00:00:00,BF.BLW.FAN01,bf_sinter_fan_blower,1.9405,57.7931,59.636,2.451,63.8577,0,BF.BLW.FAN01::E01,train
2025-05-14 01:00:00,BF.BLW.FAN01,bf_sinter_fan_blower,1.9712,58.3141,61.0806,2.6475,63.8097,0,BF.BLW.FAN01::E01,train
2025-05-14 02:00:00,BF.BLW.FAN01,bf_sinter_fan_blower,1.9944,58.0302,61.3687,2.6743,65.1687,0,BF.BLW.FAN01::E01,train
2025-05-14 03:00:00,BF.BLW.FAN01,bf_sinter_fan_blower,1.9239,62.4915,61.7484,2.8219,65.1323,0,BF.BLW.FAN01::E01,train
2025-05-14 04:00:00,BF.BLW.FAN01,bf_sinter_fan_blower,1.9466,62.2948,61.6796,3.0331,66.5214,0,BF.BLW.FAN01::E01,train
2025-05-14 05:00:00,BF.BLW.FAN01,bf_sinter_fan_blower,1.9353,63.3526,61.6565,3.078,66.2171,0,BF.BLW.FAN01::E01,train
2025-05-14 06:00:00,BF.BLW.FAN01,bf_sinter_fan_blower,1.8987,62.0341,61.7436,3.1179,66.2258,0,BF.BLW.FAN01::E01,train
2025-05-14 07:00:00,BF.BLW.FAN01,bf_sinter_fan_blower,1.8251,62.477,61.1837,3.1275,65.0237,0,BF.BLW.FAN01::E01,train
2025-05-14 08:00:00,BF.BLW.FAN01,bf_sinter_fan_blower,1.8377,60.4966,60.8191,3.3325,64.811,0,BF.BLW.FAN01::E01,train
2025-05-14 09:00:00,BF.BLW.FAN01,bf_sinter_fan_blower,1.8395,62.3616,60.5917,3.3753,64.2667,0,BF.BLW.FAN01::E01,train
2025-05-14 10:00:00,BF.BLW.FAN01,bf_sinter_fan_blower,1.8403,61.9579,60.4098,3.2507,63.4153,0,BF.BLW.FAN01::E01,train
2025-05-14 11:00:00,BF.BLW.FAN01,bf_sinter_fan_blower,1.7814,63.1667,59.5266,3.4241,63.6583,0,BF.BLW.FAN01::E01,train
2025-05-14 12:00:00,BF.BLW.FAN01,bf_sinter_fan_blower,1.8452,65.3816,59.9324,3.3697,63.3398,0,BF.BLW.FAN01::E01,train
2025-05-14 13:00:00,BF.BLW.FAN01,bf_sinter_fan_blower,1.8776,65.6257,59.0516,3.4365,64.0977,1,BF.BLW.FAN01::E01,train
2025-05-14 14:00:00,BF.BLW.FAN01,bf_sinter_fan_blower,1.9361,67.4455,59.0125,3.4728,64.1355,0,BF.BLW.FAN01::E01,train
2025-05-14 15:00:00,BF.BLW.FAN01,bf_sinter_fan_blower,1.8478,65.7973,58.3036,3.7019,64.9379,0,BF.BLW.FAN01::E01,train
2025-05-14 16:00:00,BF.BLW.FAN01,bf_sinter_fan_blower,1.8227,67.6082,58.9665,3.6914,64.6076,0,BF.BLW.FAN01::E01,train
2025-05-14 17:00:00,BF.BLW.FAN01,bf_sinter_fan_blower,1.8314,67.7771,59.3422,3.7544,64.2879,0,BF.BLW.FAN01::E01,train
2025-05-14 18:00:00,BF.BLW.FAN01,bf_sinter_fan_blower,1.7406,71.0205,59.2251,3.6486,63.6892,0,BF.BLW.FAN01::E01,train
2025-05-14 19:00:00,BF.BLW.FAN01,bf_sinter_fan_blower,1.7479,72.7348,59.1998,3.7304,63.937,0,BF.BLW.FAN01::E01,train
2025-05-14 20:00:00,BF.BLW.FAN01,bf_sinter_fan_blower,1.7153,71.8364,58.8354,3.7156,64.3127,0,BF.BLW.FAN01::E01,train
2025-05-14 21:00:00,BF.BLW.FAN01,bf_sinter_fan_blower,1.7062,75.2422,59.1987,3.8289,63.5554,1,BF.BLW.FAN01::E01,train
2025-05-14 22:00:00,BF.BLW.FAN01,bf_sinter_fan_blower,1.6726,74.5168,58.8919,3.8904,64.4686,1,BF.BLW.FAN01::E01,train
2025-05-14 23:00:00,BF.BLW.FAN01,bf_sinter_fan_blower,1.6888,78.6128,59.6244,4.105,64.0175,1,BF.BLW.FAN01::E01,train
2025-05-15 00:00:00,BF.BLW.FAN01,bf_sinter_fan_blower,1.6338,80.914,59.3014,4.362,64.1046,1,BF.BLW.FAN01::E01,train
2025-05-15 01:00:00,BF.BLW.FAN01,bf_sinter_fan_blower,1.5819,80.8884,59.6146,4.3873,63.4332,0,BF.BLW.FAN01::E01,train
2025-05-15 02:00:00,BF.BLW.FAN01,bf_sinter_fan_blower,1.6567,77.9686,61.0274,4.3706,63.6796,1,BF.BLW.FAN01::E01,train
2025-05-15 03:00:00,BF.BLW.FAN01,bf_sinter_fan_blower,1.6963,80.962,61.0509,4.5484,64.5454,0,BF.BLW.FAN01::E01,train
2025-05-15 04:00:00,BF.BLW.FAN01,bf_sinter_fan_blower,1.626,81.8033,60.8881,4.4464,64.1343,1,BF.BLW.FAN01::E01,train
2025-05-15 05:00:00,BF.BLW.FAN01,bf_sinter_fan_blower,1.5622,84.01,61.4626,4.3549,63.5444,1,BF.BLW.FAN01::E01,train
2025-05-15 06:00:00,BF.BLW.FAN01,bf_sinter_fan_blower,1.5775,80.3539,60.5996,4.3606,63.3714,1,BF.BLW.FAN01::E01,train
2025-05-15 07:00:00,BF.BLW.FAN01,bf_sinter_fan_blower,1.572,78.3837,60.5127,4.4775,62.4317,1,BF.BLW.FAN01::E01,train
2025-05-15 08:00:00,BF.BLW.FAN01,bf_sinter_fan_blower,1.5651,78.3503,60.6615,4.6885,62.1709,0,BF.BLW.FAN01::E01,train
2025-05-15 09:00:00,BF.BLW.FAN01,bf_sinter_fan_blower,1.7068,78.285,60.748,4.6771,62.9071,1,BF.BLW.FAN01::E01,train
2025-05-15 10:00:00,BF.BLW.FAN01,bf_sinter_fan_blower,1.7829,79.5655,60.7883,4.7906,62.8434,1,BF.BLW.FAN01::E01,train
2025-05-15 11:00:00,BF.BLW.FAN01,bf_sinter_fan_blower,1.771,79.9494,60.5616,4.6835,62.0196,1,BF.BLW.FAN01::E01,train
2025-05-15 12:00:00,BF.BLW.FAN01,bf_sinter_fan_blower,1.8617,81.8761,59.9867,4.4854,62.0324,1,BF.BLW.FAN01::E01,train
2025-05-15 13:00:00,BF.BLW.FAN01,bf_sinter_fan_blower,1.7188,79.5817,59.0815,4.52,60.4107,1,BF.BLW.FAN01::E01,train
2025-05-15 14:00:00,BF.BLW.FAN01,bf_sinter_fan_blower,1.8159,80.2077,59.4433,4.516,60.2321,1,BF.BLW.FAN01::E01,train
2025-05-15 15:00:00,BF.BLW.FAN01,bf_sinter_fan_blower,1.7847,81.1066,58.7471,4.7115,61.538,1,BF.BLW.FAN01::E01,train
2025-05-15 16:00:00,BF.BLW.FAN01,bf_sinter_fan_blower,1.9282,79.1127,59.7058,5.2958,62.674,1,BF.BLW.FAN01::E01,train
2025-05-15 17:00:00,BF.BLW.FAN01,bf_sinter_fan_blower,1.8462,77.7292,59.3717,5.8907,61.4917,1,BF.BLW.FAN01::E01,train
2025-05-15 18:00:00,BF.BLW.FAN01,bf_sinter_fan_blower,1.9835,78.857,59.8418,6.4361,61.4598,1,BF.BLW.FAN01::E01,train
2025-05-15 19:00:00,BF.BLW.FAN01,bf_sinter_fan_blower,2.1279,78.7061,60.2073,7.2103,62.489,1,BF.BLW.FAN01::E01,train
2025-05-15 20:00:00,BF.BLW.FAN01,bf_sinter_fan_blower,2.0357,79.6857,60.5197,7.4925,61.3311,2,BF.BLW.FAN01::E01,train
2025-05-15 21:00:00,BF.BLW.FAN01,bf_sinter_fan_blower,2.0444,81.0139,59.8451,7.4202,61.5745,1,BF.BLW.FAN01::E01,train
2025-05-15 22:00:00,BF.BLW.FAN01,bf_sinter_fan_blower,1.9188,81.3137,59.9719,7.5344,60.3523,2,BF.BLW.FAN01::E01,train
2025-05-15 23:00:00,BF.BLW.FAN01,bf_sinter_fan_blower,1.9362,87.3033,60.7977,7.672,60.9434,2,BF.BLW.FAN01::E01,train
2025-05-16 00:00:00,BF.BLW.FAN01,bf_sinter_fan_blower,1.9062,87.1235,61.0165,7.7711,61.6378,1,BF.BLW.FAN01::E01,train
2025-05-16 01:00:00,BF.BLW.FAN01,bf_sinter_fan_blower,1.8991,88.4873,61.6496,7.978,61.6394,2,BF.BLW.FAN01::E01,train
2025-05-16 02:00:00,BF.BLW.FAN01,bf_sinter_fan_blower,,85.7392,,8.2391,61.5198,2,BF.BLW.FAN01::E01,train
2025-05-16 03:00:00,BF.BLW.FAN01,bf_sinter_fan_blower,1.9264,88.1613,62.4537,8.2435,61.4789,2,BF.BLW.FAN01::E01,train
2025-05-16 04:00:00,BF.BLW.FAN01,bf_sinter_fan_blower,1.9275,89.7023,62.7787,8.2191,61.4257,1,BF.BLW.FAN01::E01,train
2025-05-16 05:00:00,BF.BLW.FAN01,bf_sinter_fan_blower,1.9657,90.0739,62.3392,8.3455,62.1809,2,BF.BLW.FAN01::E01,train
2025-05-16 06:00:00,BF.BLW.FAN01,bf_sinter_fan_blower,1.8724,88.3535,61.9454,8.4529,60.9413,2,BF.BLW.FAN01::E01,train
2025-05-16 07:00:00,BF.BLW.FAN01,bf_sinter_fan_blower,1.8827,93.1866,62.5493,8.3474,60.7417,1,BF.BLW.FAN01::E01,train
2025-05-16 08:00:00,BF.BLW.FAN01,bf_sinter_fan_blower,1.813,93.5194,62.883,8.5078,59.5322,2,BF.BLW.FAN01::E01,train
2025-05-16 09:00:00,BF.BLW.FAN01,bf_sinter_fan_blower,1.7744,93.7293,62.5058,8.5686,59.6343,2,BF.BLW.FAN01::E01,train
2025-05-16 10:00:00,BF.BLW.FAN01,bf_sinter_fan_blower,1.7843,95.6419,62.3993,8.8305,60.3669,2,BF.BLW.FAN01::E01,train
2025-05-16 11:00:00,BF.BLW.FAN01,bf_sinter_fan_blower,1.6994,40.325,60.4827,0.7472,60.1962,0,,train
2025-05-16 12:00:00,BF.BLW.FAN01,bf_sinter_fan_blower,1.6981,39.8857,59.4784,0.7602,60.8576,0,,train
2025-05-16 13:00:00,BF.BLW.FAN01,bf_sinter_fan_blower,1.648,40.4679,58.4397,0.6886,60.6487,0,,train
2025-05-16 14:00:00,BF.BLW.FAN01,bf_sinter_fan_blower,1.8755,35.6757,58.5832,0.4843,61.4217,0,,train
2025-05-16 15:00:00,BF.BLW.FAN01,bf_sinter_fan_blower,1.8553,38.8104,57.6986,0.4847,62.0717,0,,train
2025-05-16 16:00:00,BF.BLW.FAN01,bf_sinter_fan_blower,1.8336,37.8332,57.7129,0.3881,61.7571,0,,train
2025-05-16 17:00:00,BF.BLW.FAN01,bf_sinter_fan_blower,1.8401,36.2307,57.9546,0.3059,61.6174,0,,train
2025-05-16 18:00:00,BF.BLW.FAN01,bf_sinter_fan_blower,1.9034,31.2152,58.1529,0.5674,62.5341,0,,train
2025-05-16 19:00:00,BF.BLW.FAN01,bf_sinter_fan_blower,1.9274,33.021,58.7075,0.6184,62.3631,0,,train
2025-05-16 20:00:00,BF.BLW.FAN01,bf_sinter_fan_blower,1.9763,31.6809,59.412,0.7084,61.9175,0,,train
2025-05-16 21:00:00,BF.BLW.FAN01,bf_sinter_fan_blower,1.8818,34.0273,58.8921,0.8904,61.1857,0,,train
2025-05-16 22:00:00,BF.BLW.FAN01,bf_sinter_fan_blower,1.8323,36.7757,59.2851,0.9771,60.5807,0,,train
2025-05-16 23:00:00,BF.BLW.FAN01,bf_sinter_fan_blower,1.7751,34.405,59.1063,0.9289,61.0307,0,,train
2025-05-17 00:00:00,BF.BLW.FAN01,bf_sinter_fan_blower,1.6939,28.6652,58.9883,1.0531,60.9261,0,,train
2025-05-17 01:00:00,BF.BLW.FAN01,bf_sinter_fan_blower,1.5375,27.5447,59.3046,1.0606,59.3503,0,,train
2025-05-17 02:00:00,BF.BLW.FAN01,bf_sinter_fan_blower,1.6682,28.3384,60.3533,1.118,60.701,0,,train
2025-05-17 03:00:00,BF.BLW.FAN01,bf_sinter_fan_blower,1.7058,25.3874,59.9702,1.0257,61.7477,0,,train
2025-05-17 04:00:00,BF.BLW.FAN01,bf_sinter_fan_blower,1.7102,30.6128,60.3803,1.0101,62.1015,0,,train
2025-05-17 05:00:00,BF.BLW.FAN01,bf_sinter_fan_blower,1.7898,29.9421,60.9257,0.9185,63.3427,0,,train
2025-05-17 06:00:00,BF.BLW.FAN01,bf_sinter_fan_blower,1.7993,32.6265,61.0259,0.5546,64.6467,0,,train
2025-05-17 07:00:00,BF.BLW.FAN01,bf_sinter_fan_blower,1.7437,34.8101,61.5303,0.4312,63.8343,0,,train
2025-05-17 08:00:00,BF.BLW.FAN01,bf_sinter_fan_blower,1.7878,37.1424,60.3086,0.4926,64.8328,0,,train
2025-05-17 09:00:00,BF.BLW.FAN01,bf_sinter_fan_blower,1.7083,37.9369,60.0578,0.5599,63.203,0,,train
2025-05-17 10:00:00,BF.BLW.FAN01,bf_sinter_fan_blower,1.5433,41.633,59.2116,0.8531,62.1539,0,,train
2025-05-17 11:00:00,BF.BLW.FAN01,bf_sinter_fan_blower,1.5726,36.1726,58.675,0.9961,62.3845,0,,train
2025-05-17 12:00:00,BF.BLW.FAN01,bf_sinter_fan_blower,1.4421,33.7691,57.782,1.1151,61.1189,0,,train
2025-05-17 13:00:00,BF.BLW.FAN01,bf_sinter_fan_blower,1.4015,34.2168,57.6801,0.8946,59.6242,0,,train
2025-05-17 14:00:00,BF.BLW.FAN01,bf_sinter_fan_blower,1.4116,31.2905,57.4252,0.8963,59.2883,0,,train
2025-05-17 15:00:00,BF.BLW.FAN01,bf_sinter_fan_blower,1.3592,30.5229,56.6753,0.9402,58.4154,0,,train
2025-05-17 16:00:00,BF.BLW.FAN01,bf_sinter_fan_blower,1.4942,32.3543,57.4177,1.045,58.7184,0,,train
2025-05-17 17:00:00,BF.BLW.FAN01,bf_sinter_fan_blower,1.5714,33.8848,58.2916,0.9595,59.5023,0,,train
2025-05-17 18:00:00,BF.BLW.FAN01,bf_sinter_fan_blower,1.5098,32.8557,56.732,1.0466,59.7463,0,,train
2025-05-17 19:00:00,BF.BLW.FAN01,bf_sinter_fan_blower,1.5941,35.358,57.2483,1.1048,59.7493,0,,train
2025-05-17 20:00:00,BF.BLW.FAN01,bf_sinter_fan_blower,1.6168,36.5532,57.8089,1.1243,59.6219,0,,train
2025-05-17 21:00:00,BF.BLW.FAN01,bf_sinter_fan_blower,1.6487,38.3569,58.0643,1.1931,60.1907,0,,train
2025-05-17 22:00:00,BF.BLW.FAN01,bf_sinter_fan_blower,1.617,40.2418,57.599,1.059,60.4518,0,,train
2025-05-17 23:00:00,BF.BLW.FAN01,bf_sinter_fan_blower,1.5941,35.2041,57.5443,1.1744,60.4523,0,,train
2025-05-18 00:00:00,BF.BLW.FAN01,bf_sinter_fan_blower,1.6181,34.5756,58.0583,1.1144,60.0246,0,,train
2025-05-18 01:00:00,BF.BLW.FAN01,bf_sinter_fan_blower,1.6485,36.7891,59.0035,1.012,60.4977,0,,train
2025-05-18 02:00:00,BF.BLW.FAN01,bf_sinter_fan_blower,1.6155,38.3348,59.1421,0.8012,60.0063,0,,train
2025-05-18 03:00:00,BF.BLW.FAN01,bf_sinter_fan_blower,1.6358,38.2356,59.3545,0.8115,59.3811,0,,train
2025-05-18 04:00:00,BF.BLW.FAN01,bf_sinter_fan_blower,1.7175,39.4962,59.5823,0.7658,60.824,0,,train
2025-05-18 05:00:00,BF.BLW.FAN01,bf_sinter_fan_blower,1.6365,42.4501,59.4469,0.9178,60.3677,0,,train
2025-05-18 06:00:00,BF.BLW.FAN01,bf_sinter_fan_blower,1.684,40.1901,60.1197,0.8037,60.2168,0,,train
2025-05-18 07:00:00,BF.BLW.FAN01,bf_sinter_fan_blower,1.6993,42.5345,60.0918,0.688,59.7881,0,,train
2025-05-18 08:00:00,BF.BLW.FAN01,bf_sinter_fan_blower,1.574,41.4027,58.4218,0.7833,59.5589,0,,train
2025-05-18 09:00:00,BF.BLW.FAN01,bf_sinter_fan_blower,1.7367,38.872,59.112,0.5642,59.9775,0,,train
2025-05-18 10:00:00,BF.BLW.FAN01,bf_sinter_fan_blower,1.8069,35.7938,59.8054,0.36,59.5311,0,,train
2025-05-18 11:00:00,BF.BLW.FAN01,bf_sinter_fan_blower,1.5996,36.8978,59.156,0.3991,57.4491,0,,train
2025-05-18 12:00:00,BF.BLW.FAN01,bf_sinter_fan_blower,1.6861,39.3851,60.2791,0.4352,56.7885,0,,train
2025-05-18 13:00:00,BF.BLW.FAN01,bf_sinter_fan_blower,1.5826,31.7804,59.7419,0.6004,55.5253,0,,train
2025-05-18 14:00:00,BF.BLW.FAN01,bf_sinter_fan_blower,1.6463,30.5997,59.2894,0.6296,55.8357,0,,train
2025-05-18 15:00:00,BF.BLW.FAN01,bf_sinter_fan_blower,1.6564,32.6746,57.5064,0.6287,55.7805,0,,train
2025-05-18 16:00:00,BF.BLW.FAN01,bf_sinter_fan_blower,1.8325,33.9019,58.1076,0.4864,55.1912,0,,train
2025-05-18 17:00:00,BF.BLW.FAN01,bf_sinter_fan_blower,1.8462,31.1826,57.8407,0.7954,54.7145,0,,train
2025-05-18 18:00:00,BF.BLW.FAN01,bf_sinter_fan_blower,1.8035,29.1317,57.5568,0.9561,54.8384,0,,train
2025-05-18 19:00:00,BF.BLW.FAN01,bf_sinter_fan_blower,1.8909,31.119,58.5481,0.8469,54.2086,0,,train
2025-05-18 20:00:00,BF.BLW.FAN01,bf_sinter_fan_blower,2.0042,30.9769,58.9325,0.8576,54.5386,0,,train
2025-05-18 21:00:00,BF.BLW.FAN01,bf_sinter_fan_blower,1.9252,32.4961,58.7819,0.8613,54.6196,0,,train
2025-05-18 22:00:00,BF.BLW.FAN01,bf_sinter_fan_blower,1.8064,34.2989,58.3123,1.108,54.8928,0,,train
2025-05-18 23:00:00,BF.BLW.FAN01,bf_sinter_fan_blower,1.8317,33.0059,58.976,1.1048,56.2178,0,,train
2025-05-19 00:00:00,BF.BLW.FAN01,bf_sinter_fan_blower,1.839,33.1969,58.91,1.1452,57.153,0,,train
2025-05-19 01:00:00,BF.BLW.FAN01,bf_sinter_fan_blower,1.8873,32.7641,59.2306,1.2052,58.2868,0,,train
2025-05-19 02:00:00,BF.BLW.FAN01,bf_sinter_fan_blower,1.903,32.1572,60.5116,1.1781,58.3647,0,,train
2025-05-19 03:00:00,BF.BLW.FAN01,bf_sinter_fan_blower,1.9262,34.1374,60.7237,1.1562,58.9943,0,,train
2025-05-19 04:00:00,BF.BLW.FAN01,bf_sinter_fan_blower,1.8972,33.2905,60.5217,1.148,58.9683,0,,train
2025-05-19 05:00:00,BF.BLW.FAN01,bf_sinter_fan_blower,1.7387,35.6979,59.726,1.157,58.4293,0,,train
2025-05-19 06:00:00,BF.BLW.FAN01,bf_sinter_fan_blower,1.7361,39.6628,59.354,1.2073,58.6227,0,,train
2025-05-19 07:00:00,BF.BLW.FAN01,bf_sinter_fan_blower,1.6765,34.9967,59.4885,1.2736,58.7732,0,,train
2025-05-19 08:00:00,BF.BLW.FAN01,bf_sinter_fan_blower,1.7767,32.18,59.618,1.1024,59.1953,0,,train
2025-05-19 09:00:00,BF.BLW.FAN01,bf_sinter_fan_blower,1.7033,31.623,58.7389,1.1276,59.2395,0,,train
2025-05-19 10:00:00,BF.BLW.FAN01,bf_sinter_fan_blower,1.7419,26.2541,57.7382,0.9656,58.8394,0,,train
2025-05-19 11:00:00,BF.BLW.FAN01,bf_sinter_fan_blower,1.6756,26.6921,56.9644,0.9339,57.4826,0,,train
2025-05-19 12:00:00,BF.BLW.FAN01,bf_sinter_fan_blower,1.6866,27.3209,55.5274,1.0026,58.4686,0,,train
2025-05-19 13:00:00,BF.BLW.FAN01,bf_sinter_fan_blower,1.7315,27.5272,54.5037,0.7148,59.315,0,,train
2025-05-19 14:00:00,BF.BLW.FAN01,bf_sinter_fan_blower,1.8517,25.5442,54.7959,0.6552,59.3023,0,,train
2025-05-19 15:00:00,BF.BLW.FAN01,bf_sinter_fan_blower,1.8075,24.7786,53.9922,0.5108,59.5611,0,,train
2025-05-19 16:00:00,BF.BLW.FAN01,bf_sinter_fan_blower,2.0134,22.8498,55.7735,0.4253,60.4213,0,,train
2025-05-19 17:00:00,BF.BLW.FAN01,bf_sinter_fan_blower,2.0869,22.0545,55.4061,0.4406,61.2051,0,,train
2025-05-19 18:00:00,BF.BLW.FAN01,bf_sinter_fan_blower,2.0603,21.0692,56.124,0.7239,62.0579,0,,train
2025-05-19 19:00:00,BF.BLW.FAN01,bf_sinter_fan_blower,2.0655,21.475,55.9298,0.685,61.8466,0,,train
2025-05-19 20:00:00,BF.BLW.FAN01,bf_sinter_fan_blower,1.9483,24.0837,55.1468,0.7687,62.5515,0,,train
2025-05-19 21:00:00,BF.BLW.FAN01,bf_sinter_fan_blower,1.8331,31.8728,55.8881,0.8749,62.0674,0,,train
2025-05-19 22:00:00,BF.BLW.FAN01,bf_sinter_fan_blower,1.8622,30.7353,57.6862,1.0029,61.6331,0,,train
2025-05-19 23:00:00,BF.BLW.FAN01,bf_sinter_fan_blower,1.9092,28.6533,57.5572,1.1733,63.7487,0,,train
2025-05-20 00:00:00,BF.BLW.FAN01,bf_sinter_fan_blower,1.9126,25.4779,57.3952,1.3138,64.0503,0,,train
2025-05-20 01:00:00,BF.BLW.FAN01,bf_sinter_fan_blower,1.8463,26.4559,56.9155,1.3875,64.6036,0,,train
2025-05-20 02:00:00,BF.BLW.FAN01,bf_sinter_fan_blower,2.0163,30.5368,57.8209,1.2144,66.0595,0,,train
2025-05-20 03:00:00,BF.BLW.FAN01,bf_sinter_fan_blower,1.9567,28.2293,57.3957,1.1499,65.7823,0,,train
2025-05-20 04:00:00,BF.BLW.FAN01,bf_sinter_fan_blower,2.1327,23.8059,57.8702,1.0309,67.6787,0,,train
2025-05-20 05:00:00,BF.BLW.FAN01,bf_sinter_fan_blower,1.9578,22.2284,57.1001,1.1267,70.8983,0,,train
2025-05-20 06:00:00,BF.BLW.FAN01,bf_sinter_fan_blower,1.9592,23.8288,58.0816,0.9906,75.9986,0,,train
2025-05-20 07:00:00,BF.BLW.FAN01,bf_sinter_fan_blower,1.9108,24.5323,56.5094,1.0769,82.8784,0,,train
2025-05-20 08:00:00,BF.BLW.FAN01,bf_sinter_fan_blower,1.9349,26.1887,56.6834,0.9743,88.2047,0,,train
2025-05-20 09:00:00,BF.BLW.FAN01,bf_sinter_fan_blower,2.0283,29.1732,57.0229,0.8442,92.4787,0,,train
2025-05-20 10:00:00,BF.BLW.FAN01,bf_sinter_fan_blower,1.9863,29.7953,56.9001,0.8013,93.5054,0,,train
2025-05-20 11:00:00,BF.BLW.FAN01,bf_sinter_fan_blower,2.0513,33.25,57.7151,0.7474,92.4265,0,,train
2025-05-20 12:00:00,BF.BLW.FAN01,bf_sinter_fan_blower,2.1506,27.5656,57.5606,0.8487,90.314,0,,train
2025-05-20 13:00:00,BF.BLW.FAN01,bf_sinter_fan_blower,1.9262,29.4576,56.9102,1.0364,83.1048,0,,train
2025-05-20 14:00:00,BF.BLW.FAN01,bf_sinter_fan_blower,1.8409,29.4439,55.605,0.9748,77.0347,0,,train
2025-05-20 15:00:00,BF.BLW.FAN01,bf_sinter_fan_blower,1.8482,28.0019,55.5516,1.0752,72.1032,0,,train
2025-05-20 16:00:00,BF.BLW.FAN01,bf_sinter_fan_blower,1.8572,26.8237,55.3305,1.1134,69.3082,0,,train
2025-05-20 17:00:00,BF.BLW.FAN01,bf_sinter_fan_blower,1.8363,28.3612,55.6331,1.1906,68.0313,0,,train
2025-05-20 18:00:00,BF.BLW.FAN01,bf_sinter_fan_blower,1.7559,25.8412,54.6721,1.1547,66.7906,0,,train
2025-05-20 19:00:00,BF.BLW.FAN01,bf_sinter_fan_blower,1.751,21.1071,53.6822,1.1482,66.7975,0,,train
2025-05-20 20:00:00,BF.BLW.FAN01,bf_sinter_fan_blower,1.77,21.2338,53.8194,1.2122,67.0157,0,,train
2025-05-20 21:00:00,BF.BLW.FAN01,bf_sinter_fan_blower,1.8518,24.1829,54.104,1.0366,67.5139,0,,train
2025-05-20 22:00:00,BF.BLW.FAN01,bf_sinter_fan_blower,1.934,24.1727,54.7003,1.0012,68.1668,0,,train
2025-05-20 23:00:00,BF.BLW.FAN01,bf_sinter_fan_blower,1.9013,22.5683,54.8234,1.0946,68.2795,0,,train
2025-05-21 00:00:00,BF.BLW.FAN01,bf_sinter_fan_blower,1.8882,22.2042,54.8965,0.9456,67.993,0,,train
2025-05-21 01:00:00,BF.BLW.FAN01,bf_sinter_fan_blower,1.8639,22.5537,54.7753,0.7094,68.2243,0,,train
2025-05-21 02:00:00,BF.BLW.FAN01,bf_sinter_fan_blower,1.9744,18.932,55.8257,0.7018,69.2088,0,,train
2025-05-21 03:00:00,BF.BLW.FAN01,bf_sinter_fan_blower,2.0425,20.9331,56.881,0.8335,69.6773,0,,train
2025-05-21 04:00:00,BF.BLW.FAN01,bf_sinter_fan_blower,1.98,19.7685,57.4378,0.8993,69.0231,0,,train
2025-05-21 05:00:00,BF.BLW.FAN01,bf_sinter_fan_blower,1.9299,18.8585,56.5211,0.9211,69.3078,0,,train
2025-05-21 06:00:00,BF.BLW.FAN01,bf_sinter_fan_blower,1.9668,23.8512,57.0707,0.8118,69.0029,0,,train
2025-05-21 07:00:00,BF.BLW.FAN01,bf_sinter_fan_blower,1.8649,22.8515,56.9954,0.9395,68.7837,0,,train
2025-05-21 08:00:00,BF.BLW.FAN01,bf_sinter_fan_blower,1.8621,20.4018,56.2841,0.8498,68.9091,0,,train
2025-05-21 09:00:00,BF.BLW.FAN01,bf_sinter_fan_blower,1.8518,20.2195,56.9613,0.8475,68.7844,0,,train
2025-05-21 10:00:00,BF.BLW.FAN01,bf_sinter_fan_blower,1.7991,18.4649,57.2187,0.9238,67.7649,0,,train
2025-05-21 11:00:00,BF.BLW.FAN01,bf_sinter_fan_blower,1.8356,17.5949,57.1513,1.037,67.2248,0,,train
2025-05-21 12:00:00,BF.BLW.FAN01,bf_sinter_fan_blower,1.8246,17.6136,57.2589,1.0405,67.3651,0,,train
2025-05-21 13:00:00,BF.BLW.FAN01,bf_sinter_fan_blower,1.7514,22.7307,56.5533,1.2278,66.9222,0,,train
2025-05-21 14:00:00,BF.BLW.FAN01,bf_sinter_fan_blower,1.8488,24.5119,56.8638,1.2267,67.4264,0,,train
2025-05-21 15:00:00,BF.BLW.FAN01,bf_sinter_fan_blower,1.7021,21.3991,56.8026,1.2187,65.591,0,,train
2025-05-21 16:00:00,BF.BLW.FAN01,bf_sinter_fan_blower,1.7812,21.3531,56.8138,1.2992,65.8466,0,,train
2025-05-21 17:00:00,BF.BLW.FAN01,bf_sinter_fan_blower,1.7321,20.4691,56.0709,1.1771,65.1095,0,,train
2025-05-21 18:00:00,BF.BLW.FAN01,bf_sinter_fan_blower,1.8802,17.9852,55.4882,0.9367,66.8552,0,,train
2025-05-21 19:00:00,BF.BLW.FAN01,bf_sinter_fan_blower,1.8613,18.5336,55.3031,0.9602,67.4787,0,,train
2025-05-21 20:00:00,BF.BLW.FAN01,bf_sinter_fan_blower,1.9058,18.0857,55.5734,0.9937,67.6618,0,,train
2025-05-21 21:00:00,BF.BLW.FAN01,bf_sinter_fan_blower,1.9669,17.5157,56.1426,0.7939,67.8382,0,,train
2025-05-21 22:00:00,BF.BLW.FAN01,bf_sinter_fan_blower,1.8379,16.8084,55.9093,0.8254,67.7237,0,,train
2025-05-21 23:00:00,BF.BLW.FAN01,bf_sinter_fan_blower,1.8134,22.4806,55.6727,0.9223,68.5767,0,,train
2025-05-22 00:00:00,BF.BLW.FAN01,bf_sinter_fan_blower,1.7868,23.6641,56.3573,1.002,68.9625,0,,train
2025-05-22 01:00:00,BF.BLW.FAN01,bf_sinter_fan_blower,1.7475,23.2993,56.3095,1.0558,70.1494,0,,train
2025-05-22 02:00:00,BF.BLW.FAN01,bf_sinter_fan_blower,1.7833,18.0002,57.2151,0.9797,70.4,0,,train
2025-05-22 03:00:00,BF.BLW.FAN01,bf_sinter_fan_blower,1.8049,21.1337,57.2934,0.8019,71.1396,0,,train
2025-05-22 04:00:00,BF.BLW.FAN01,bf_sinter_fan_blower,1.7239,21.7579,57.9169,0.7974,70.3312,0,,train
2025-05-22 05:00:00,BF.BLW.FAN01,bf_sinter_fan_blower,1.6506,20.5171,57.4988,0.6945,69.7972,0,,train
2025-05-22 06:00:00,BF.BLW.FAN01,bf_sinter_fan_blower,1.6487,20.2796,58.0591,0.6421,68.747,0,,train
2025-05-22 07:00:00,BF.BLW.FAN01,bf_sinter_fan_blower,1.6953,14.4912,59.1323,0.4941,67.7844,0,,train
2025-05-22 08:00:00,BF.BLW.FAN01,bf_sinter_fan_blower,1.774,18.4776,59.2725,0.4663,68.9182,0,,train
2025-05-22 09:00:00,BF.BLW.FAN01,bf_sinter_fan_blower,1.7817,15.6548,59.2133,0.4879,69.1344,0,,train
2025-05-22 10:00:00,BF.BLW.FAN01,bf_sinter_fan_blower,1.8257,18.4538,59.069,0.4117,68.1766,0,,train
2025-05-22 11:00:00,BF.BLW.FAN01,bf_sinter_fan_blower,1.8661,16.9524,60.0657,0.5325,67.7852,0,,train
2025-05-22 12:00:00,BF.BLW.FAN01,bf_sinter_fan_blower,1.989,19.9437,59.3617,0.415,68.1853,0,,train
2025-05-22 13:00:00,BF.BLW.FAN01,bf_sinter_fan_blower,1.875,,59.1725,,66.7302,0,,train
2025-05-22 14:00:00,BF.BLW.FAN01,bf_sinter_fan_blower,1.8169,20.1033,58.3678,0.3757,66.558,0,,train
2025-05-22 15:00:00,BF.BLW.FAN01,bf_sinter_fan_blower,1.7334,17.2772,57.5937,0.5516,65.7815,0,,train
2025-05-22 16:00:00,BF.BLW.FAN01,bf_sinter_fan_blower,1.7978,21.1891,57.6902,0.5732,65.7062,0,,train
2025-05-22 17:00:00,BF.BLW.FAN01,bf_sinter_fan_blower,1.7676,23.9213,56.6406,0.4449,65.3977,0,,train
2025-05-22 18:00:00,BF.BLW.FAN01,bf_sinter_fan_blower,1.872,24.7197,57.1624,0.443,65.2352,0,,train
2025-05-22 19:00:00,BF.BLW.FAN01,bf_sinter_fan_blower,1.8936,27.0192,57.5131,0.5703,65.124,0,,train
2025-05-22 20:00:00,BF.BLW.FAN01,bf_sinter_fan_blower,2.0142,29.5718,57.6375,0.2419,66.3912,0,,train
2025-05-22 21:00:00,BF.BLW.FAN01,bf_sinter_fan_blower,2.0726,32.2617,57.7278,0.4421,66.4562,0,,train
2025-05-22 22:00:00,BF.BLW.FAN01,bf_sinter_fan_blower,2.1088,34.2843,58.4021,0.4737,66.6577,0,,train
2025-05-22 23:00:00,BF.BLW.FAN01,bf_sinter_fan_blower,2.0404,36.1278,57.7679,0.6963,66.7665,0,,train
2025-05-23 00:00:00,BF.BLW.FAN01,bf_sinter_fan_blower,2.0947,38.3748,57.7753,0.6856,67.3644,0,,train
2025-05-23 01:00:00,BF.BLW.FAN01,bf_sinter_fan_blower,2.2332,36.0259,59.3424,0.465,68.006,0,,train
2025-05-23 02:00:00,BF.BLW.FAN01,bf_sinter_fan_blower,2.133,,59.6246,,67.5004,0,,train
2025-05-23 03:00:00,BF.BLW.FAN01,bf_sinter_fan_blower,2.1282,34.0262,59.7133,0.7708,67.0086,0,,train
2025-05-23 04:00:00,BF.BLW.FAN01,bf_sinter_fan_blower,2.1165,32.6245,60.1208,0.7329,67.2202,0,,train
2025-05-23 05:00:00,BF.BLW.FAN01,bf_sinter_fan_blower,1.9865,30.2542,60.5229,0.7871,66.3227,0,,train
2025-05-23 06:00:00,BF.BLW.FAN01,bf_sinter_fan_blower,1.9287,30.3732,60.4489,0.844,66.2427,0,,train
2025-05-23 07:00:00,BF.BLW.FAN01,bf_sinter_fan_blower,1.9808,30.1796,61.3186,0.832,65.8569,0,,train
2025-05-23 08:00:00,BF.BLW.FAN01,bf_sinter_fan_blower,2.0617,28.9859,62.4426,0.7262,65.3953,0,,train
2025-05-23 09:00:00,BF.BLW.FAN01,bf_sinter_fan_blower,2.0195,26.1169,61.9879,0.6897,64.4452,0,,train
2025-05-23 10:00:00,BF.BLW.FAN01,bf_sinter_fan_blower,2.0165,29.1333,62.3189,0.9341,64.1289,0,,train
2025-05-23 11:00:00,BF.BLW.FAN01,bf_sinter_fan_blower,1.979,35.7883,62.4176,1.1663,63.4044,0,,train
2025-05-23 12:00:00,BF.BLW.FAN01,bf_sinter_fan_blower,1.9815,35.3735,61.9933,1.1787,62.972,0,,train
2025-05-23 13:00:00,BF.BLW.FAN01,bf_sinter_fan_blower,1.8795,35.5872,62.2734,1.3025,62.0441,0,,train
2025-05-23 14:00:00,BF.BLW.FAN01,bf_sinter_fan_blower,1.8233,35.8676,61.3409,1.1474,61.4214,0,,train
2025-05-23 15:00:00,BF.BLW.FAN01,bf_sinter_fan_blower,1.842,34.0319,60.9096,1.1169,61.5202,0,,train
2025-05-23 16:00:00,BF.BLW.FAN01,bf_sinter_fan_blower,1.803,36.5084,,1.0764,,0,,train
2025-05-23 17:00:00,BF.BLW.FAN01,bf_sinter_fan_blower,1.8209,39.5655,60.2298,1.0381,61.3678,0,,train
2025-05-23 18:00:00,BF.BLW.FAN01,bf_sinter_fan_blower,1.6626,38.4551,58.7573,1.0279,60.1627,0,,train
2025-05-23 19:00:00,BF.BLW.FAN01,bf_sinter_fan_blower,1.7122,37.9756,59.3799,1.1375,59.781,0,,train
2025-05-23 20:00:00,BF.BLW.FAN01,bf_sinter_fan_blower,1.6906,36.1219,58.3811,1.0303,59.9201,0,,train
2025-05-23 21:00:00,BF.BLW.FAN01,bf_sinter_fan_blower,1.7979,34.0597,58.3732,0.9333,61.8848,0,,train
2025-05-23 22:00:00,BF.BLW.FAN01,bf_sinter_fan_blower,1.6663,35.2653,56.5821,1.1476,61.8489,0,,train
2025-05-23 23:00:00,BF.BLW.FAN01,bf_sinter_fan_blower,1.7228,33.918,56.5087,1.1723,62.9127,0,,train
2025-05-24 00:00:00,BF.BLW.FAN01,bf_sinter_fan_blower,1.707,28.3736,56.9066,1.306,63.3065,0,,train
2025-05-24 01:00:00,BF.BLW.FAN01,bf_sinter_fan_blower,1.7771,32.2962,57.5252,1.1249,64.0619,0,,train
2025-05-24 02:00:00,BF.BLW.FAN01,bf_sinter_fan_blower,1.8536,32.2033,58.3013,1.0709,65.2035,0,,train
2025-05-24 03:00:00,BF.BLW.FAN01,bf_sinter_fan_blower,1.9014,34.7713,59.1943,1.0474,65.6014,0,,train
2025-05-24 04:00:00,BF.BLW.FAN01,bf_sinter_fan_blower,1.7804,35.7378,58.86,1.0683,65.2028,0,,train
2025-05-24 05:00:00,BF.BLW.FAN01,bf_sinter_fan_blower,1.8193,38.596,59.0955,1.085,65.6354,0,,train
2025-05-24 06:00:00,BF.BLW.FAN01,bf_sinter_fan_blower,1.9495,39.9936,60.7921,1.0831,65.9745,0,,train
2025-05-24 07:00:00,BF.BLW.FAN01,bf_sinter_fan_blower,1.9486,41.1763,60.5557,1.1857,65.5308,0,,train
2025-05-24 08:00:00,BF.BLW.FAN01,bf_sinter_fan_blower,1.9498,41.1287,60.6705,1.2298,64.3964,0,,train
2025-05-24 09:00:00,BF.BLW.FAN01,bf_sinter_fan_blower,1.8706,38.751,59.6804,1.375,64.1471,0,,train
2025-05-24 10:00:00,BF.BLW.FAN01,bf_sinter_fan_blower,1.8454,36.9298,58.7868,1.1534,63.6086,0,,train
2025-05-24 11:00:00,BF.BLW.FAN01,bf_sinter_fan_blower,1.7208,33.3466,58.129,1.0219,63.1182,0,,train
2025-05-24 12:00:00,BF.BLW.FAN01,bf_sinter_fan_blower,1.7234,35.7583,58.3391,0.9264,61.4341,0,,train
2025-05-24 13:00:00,BF.BLW.FAN01,bf_sinter_fan_blower,1.8058,35.6389,58.3599,0.8414,60.999,0,,train
2025-05-24 14:00:00,BF.BLW.FAN01,bf_sinter_fan_blower,1.8221,32.0097,59.1628,0.6957,59.468,0,,train
2025-05-24 15:00:00,BF.BLW.FAN01,bf_sinter_fan_blower,1.9038,35.0245,58.9508,0.7736,60.1598,0,,train
2025-05-24 16:00:00,BF.BLW.FAN01,bf_sinter_fan_blower,1.8948,29.3406,58.6497,0.9732,60.2831,0,,train
2025-05-24 17:00:00,BF.BLW.FAN01,bf_sinter_fan_blower,1.9966,32.8671,58.4888,0.8363,60.6994,0,,train
2025-05-24 18:00:00,BF.BLW.FAN01,bf_sinter_fan_blower,2.0416,32.2146,58.6677,0.913,60.5497,0,,train
2025-05-24 19:00:00,BF.BLW.FAN01,bf_sinter_fan_blower,2.044,31.5225,58.4916,0.9464,61.1731,0,,train
2025-05-24 20:00:00,BF.BLW.FAN01,bf_sinter_fan_blower,1.9854,35.4672,57.4506,0.9388,61.5599,0,,train
2025-05-24 21:00:00,BF.BLW.FAN01,bf_sinter_fan_blower,2.007,36.7358,57.3308,0.852,61.759,0,,train
2025-05-24 22:00:00,BF.BLW.FAN01,bf_sinter_fan_blower,1.9272,39.505,58.0156,0.7559,61.2986,0,,train
2025-05-24 23:00:00,BF.BLW.FAN01,bf_sinter_fan_blower,1.8344,36.4076,57.7418,0.9025,60.6153,0,,train
2025-05-25 00:00:00,BF.BLW.FAN01,bf_sinter_fan_blower,1.8562,30.9654,57.6845,0.8701,61.144,0,,train
2025-05-25 01:00:00,BF.BLW.FAN01,bf_sinter_fan_blower,1.8858,31.6223,59.3629,0.6262,61.3025,0,,train
2025-05-25 02:00:00,BF.BLW.FAN01,bf_sinter_fan_blower,1.8965,30.4798,59.6107,0.5807,61.0835,0,,train
2025-05-25 03:00:00,BF.BLW.FAN01,bf_sinter_fan_blower,1.8873,27.5185,60.0187,0.7052,61.4634,0,,train
2025-05-25 04:00:00,BF.BLW.FAN01,bf_sinter_fan_blower,1.8009,26.0957,60.2836,0.8154,60.5739,0,,train
2025-05-25 05:00:00,BF.BLW.FAN01,bf_sinter_fan_blower,1.6182,32.8335,58.3468,0.8308,60.2128,0,,train
2025-05-25 06:00:00,BF.BLW.FAN01,bf_sinter_fan_blower,1.5868,31.6992,58.9722,0.8678,60.4315,0,,train
2025-05-25 07:00:00,BF.BLW.FAN01,bf_sinter_fan_blower,1.5292,35.223,59.1158,1.1124,60.0145,0,,train
2025-05-25 08:00:00,BF.BLW.FAN01,bf_sinter_fan_blower,1.5322,36.9384,59.5422,1.0254,58.7843,0,,train
2025-05-25 09:00:00,BF.BLW.FAN01,bf_sinter_fan_blower,1.5001,34.911,60.1012,1.0493,57.9395,0,,train
2025-05-25 10:00:00,BF.BLW.FAN01,bf_sinter_fan_blower,1.5109,36.5855,59.1772,1.1077,57.763,0,,train
2025-05-25 11:00:00,BF.BLW.FAN01,bf_sinter_fan_blower,1.427,36.1648,58.7532,1.4044,57.7611,0,,train
2025-05-25 12:00:00,BF.BLW.FAN01,bf_sinter_fan_blower,1.4504,36.4196,59.0158,1.368,57.1689,0,,train
2025-05-25 13:00:00,BF.BLW.FAN01,bf_sinter_fan_blower,1.386,40.613,57.8615,1.4229,57.0035,0,,train
2025-05-25 14:00:00,BF.BLW.FAN01,bf_sinter_fan_blower,1.2236,43.8757,56.9692,1.2581,54.9581,0,,train
2025-05-25 15:00:00,BF.BLW.FAN01,bf_sinter_fan_blower,1.4181,42.5833,56.2875,1.2236,57.3495,0,,train
2025-05-25 16:00:00,BF.BLW.FAN01,bf_sinter_fan_blower,1.5039,41.871,56.2832,1.214,56.7122,0,,train
2025-05-25 17:00:00,BF.BLW.FAN01,bf_sinter_fan_blower,1.5215,39.0038,55.8466,1.0192,58.208,0,,train
2025-05-25 18:00:00,BF.BLW.FAN01,bf_sinter_fan_blower,1.4974,36.5042,55.2042,1.0791,58.3308,0,,train
2025-05-25 19:00:00,BF.BLW.FAN01,bf_sinter_fan_blower,1.5703,36.3599,56.0011,0.997,58.4182,0,,train
2025-05-25 20:00:00,BF.BLW.FAN01,bf_sinter_fan_blower,1.5127,36.2394,55.8038,1.0077,58.9559,0,,train
2025-05-25 21:00:00,BF.BLW.FAN01,bf_sinter_fan_blower,1.5598,38.9,55.5247,0.8428,60.3087,0,,train
2025-05-25 22:00:00,BF.BLW.FAN01,bf_sinter_fan_blower,1.6125,35.7586,56.0541,0.6589,60.0011,0,,train
2025-05-25 23:00:00,BF.BLW.FAN01,bf_sinter_fan_blower,1.5046,36.4659,54.8821,0.6064,59.4603,0,,train
2025-05-26 00:00:00,BF.BLW.FAN01,bf_sinter_fan_blower,1.406,39.551,54.3086,0.5407,57.9816,0,,train
2025-05-26 01:00:00,BF.BLW.FAN01,bf_sinter_fan_blower,1.3099,35.3133,54.6441,0.6112,57.245,0,,train
2025-05-26 02:00:00,BF.BLW.FAN01,bf_sinter_fan_blower,1.1866,36.2617,54.1592,0.7303,57.0788,0,,train
2025-05-26 03:00:00,BF.BLW.FAN01,bf_sinter_fan_blower,1.1142,41.1645,54.8197,0.8433,57.189,0,,train
2025-05-26 04:00:00,BF.BLW.FAN01,bf_sinter_fan_blower,1.0028,37.9713,54.9148,1.0335,56.2121,0,,train
2025-05-26 05:00:00,BF.BLW.FAN01,bf_sinter_fan_blower,1.0843,33.8584,54.7084,0.9737,57.0389,0,,train
2025-05-26 06:00:00,BF.BLW.FAN01,bf_sinter_fan_blower,1.0147,33.9645,55.3057,1.3852,56.6538,0,,train
2025-05-26 07:00:00,BF.BLW.FAN01,bf_sinter_fan_blower,0.9953,33.6691,53.6289,1.5086,56.511,0,,train
2025-05-26 08:00:00,BF.BLW.FAN01,bf_sinter_fan_blower,1.0603,33.4159,53.8337,1.5631,56.5869,0,,train
2025-05-26 09:00:00,BF.BLW.FAN01,bf_sinter_fan_blower,1.0538,36.3807,53.776,1.4053,56.11,0,,train
2025-05-26 10:00:00,BF.BLW.FAN01,bf_sinter_fan_blower,1.0685,43.8329,52.7865,1.3551,55.7453,0,,train
2025-05-26 11:00:00,BF.BLW.FAN01,bf_sinter_fan_blower,0.9936,41.3232,51.5261,1.3718,54.8978,0,,train
2025-05-26 12:00:00,BF.BLW.FAN01,bf_sinter_fan_blower,0.9552,39.6199,51.3576,1.3922,53.4573,0,,train
2025-05-26 13:00:00,BF.BLW.FAN01,bf_sinter_fan_blower,1.005,39.0012,51.1569,1.4808,54.2366,0,,train
2025-05-26 14:00:00,BF.BLW.FAN01,bf_sinter_fan_blower,1.0225,37.8435,50.4745,1.4888,53.7493,0,,train
2025-05-26 15:00:00,BF.BLW.FAN01,bf_sinter_fan_blower,1.1207,34.9954,50.8154,1.2564,53.9733,0,,train
2025-05-26 16:00:00,BF.BLW.FAN01,bf_sinter_fan_blower,1.1383,36.9257,50.7124,1.2021,53.26,0,,train
2025-05-26 17:00:00,BF.BLW.FAN01,bf_sinter_fan_blower,1.0788,33.9125,50.0753,1.4109,52.9117,0,,train
2025-05-26 18:00:00,BF.BLW.FAN01,bf_sinter_fan_blower,1.1608,33.8441,49.9419,1.2652,52.8861,0,,train
2025-05-26 19:00:00,BF.BLW.FAN01,bf_sinter_fan_blower,1.227,35.2601,51.3102,1.2344,53.141,0,,train
2025-05-26 20:00:00,BF.BLW.FAN01,bf_sinter_fan_blower,1.3378,37.5202,52.8126,1.1596,53.9589,0,,train
2025-05-26 21:00:00,BF.BLW.FAN01,bf_sinter_fan_blower,1.3337,41.2784,52.8759,1.1382,53.7308,0,,train
2025-05-26 22:00:00,BF.BLW.FAN01,bf_sinter_fan_blower,1.3237,44.4694,52.6254,1.2136,53.9702,0,,train
2025-05-26 23:00:00,BF.BLW.FAN01,bf_sinter_fan_blower,1.4356,43.2881,52.0678,1.0986,55.53,0,,train
2025-05-27 00:00:00,BF.BLW.FAN01,bf_sinter_fan_blower,1.5272,44.3562,52.222,1.0395,56.7877,0,,train
2025-05-27 01:00:00,BF.BLW.FAN01,bf_sinter_fan_blower,1.5512,44.6041,51.9708,0.9608,57.1931,0,,train
2025-05-27 02:00:00,BF.BLW.FAN01,bf_sinter_fan_blower,1.5479,42.9797,52.6611,1.1058,57.2219,0,,train
2025-05-27 03:00:00,BF.BLW.FAN01,bf_sinter_fan_blower,1.6536,43.9178,53.0337,1.0924,58.3985,0,,train
2025-05-27 04:00:00,BF.BLW.FAN01,bf_sinter_fan_blower,1.754,42.0687,53.657,1.1153,59.1992,0,,train
2025-05-27 05:00:00,BF.BLW.FAN01,bf_sinter_fan_blower,1.9107,39.1444,53.9512,0.8802,60.1013,0,,train
2025-05-27 06:00:00,BF.BLW.FAN01,bf_sinter_fan_blower,1.8353,39.9147,54.4504,0.9907,60.2116,0,,train
2025-05-27 07:00:00,BF.BLW.FAN01,bf_sinter_fan_blower,1.7961,37.4836,54.1015,1.0115,60.0267,0,,train
2025-05-27 08:00:00,BF.BLW.FAN01,bf_sinter_fan_blower,1.847,38.3598,55.2499,1.0929,59.6106,0,,train
2025-05-27 09:00:00,BF.BLW.FAN01,bf_sinter_fan_blower,1.9167,39.9969,55.8461,0.9735,59.0549,0,,train
2025-05-27 10:00:00,BF.BLW.FAN01,bf_sinter_fan_blower,1.7184,35.4262,54.5977,1.157,56.9001,0,,train
2025-05-27 11:00:00,BF.BLW.FAN01,bf_sinter_fan_blower,1.6558,36.5265,54.1121,1.2399,56.4877,0,,train
2025-05-27 12:00:00,BF.BLW.FAN01,bf_sinter_fan_blower,1.5951,34.5096,53.6023,1.3676,56.2742,0,,train
2025-05-27 13:00:00,BF.BLW.FAN01,bf_sinter_fan_blower,1.5715,29.0076,53.4012,1.177,56.2384,0,,train
2025-05-27 14:00:00,BF.BLW.FAN01,bf_sinter_fan_blower,1.5813,28.4739,54.5444,1.3088,55.5563,0,,train
2025-05-27 15:00:00,BF.BLW.FAN01,bf_sinter_fan_blower,1.5063,29.9281,54.1821,1.3353,54.2148,0,,train
2025-05-27 16:00:00,BF.BLW.FAN01,bf_sinter_fan_blower,1.5282,32.147,54.6123,1.1429,53.8334,0,,train
2025-05-27 17:00:00,BF.BLW.FAN01,bf_sinter_fan_blower,1.3935,34.2992,53.533,1.0449,53.2096,0,,train
2025-05-27 18:00:00,BF.BLW.FAN01,bf_sinter_fan_blower,1.5012,31.8708,54.5053,1.144,53.7317,0,,train
2025-05-27 19:00:00,BF.BLW.FAN01,bf_sinter_fan_blower,1.5253,31.9311,54.7301,1.2102,53.8869,0,,train
2025-05-27 20:00:00,BF.BLW.FAN01,bf_sinter_fan_blower,1.5515,33.2703,54.5647,1.3214,54.4612,0,,train
2025-05-27 21:00:00,BF.BLW.FAN01,bf_sinter_fan_blower,1.5495,28.2728,54.7122,1.1768,54.8473,0,,train
2025-05-27 22:00:00,BF.BLW.FAN01,bf_sinter_fan_blower,1.613,28.8874,55.5548,1.2454,56.011,0,,train
2025-05-27 23:00:00,BF.BLW.FAN01,bf_sinter_fan_blower,1.6796,27.1208,56.6665,1.1797,56.5692,0,,train
2025-05-28 00:00:00,BF.BLW.FAN01,bf_sinter_fan_blower,1.555,28.1,55.6432,1.2449,56.4505,0,,train
2025-05-28 01:00:00,BF.BLW.FAN01,bf_sinter_fan_blower,1.5217,24.8153,55.0617,1.3019,56.6175,0,,train
2025-05-28 02:00:00,BF.BLW.FAN01,bf_sinter_fan_blower,1.5151,29.5801,55.8395,1.418,56.3899,0,,train
2025-05-28 03:00:00,BF.BLW.FAN01,bf_sinter_fan_blower,1.5306,31.5984,55.5068,1.3264,56.5575,0,,train
2025-05-28 04:00:00,BF.BLW.FAN01,bf_sinter_fan_blower,1.6178,30.3229,56.3561,1.2761,56.5788,0,,train
2025-05-28 05:00:00,BF.BLW.FAN01,bf_sinter_fan_blower,1.6238,30.6265,56.8032,1.4524,56.2949,0,,train
2025-05-28 06:00:00,BF.BLW.FAN01,bf_sinter_fan_blower,1.5905,27.4621,56.5062,1.4696,56.4587,0,,train
2025-05-28 07:00:00,BF.BLW.FAN01,bf_sinter_fan_blower,1.5,26.2584,55.0292,1.434,56.4881,0,,train
2025-05-28 08:00:00,BF.BLW.FAN01,bf_sinter_fan_blower,1.6342,26.4679,54.8078,1.2823,56.5001,0,,train
2025-05-28 09:00:00,BF.BLW.FAN01,bf_sinter_fan_blower,1.6433,28.8785,53.999,1.2214,56.3001,0,,train
2025-05-28 10:00:00,BF.BLW.FAN01,bf_sinter_fan_blower,1.5453,29.1814,54.0296,1.0691,54.2706,0,,train
2025-05-28 11:00:00,BF.BLW.FAN01,bf_sinter_fan_blower,1.6538,27.0331,53.8873,1.0814,54.2554,0,,train
2025-05-28 12:00:00,BF.BLW.FAN01,bf_sinter_fan_blower,1.6847,27.3733,54.0024,1.0301,53.6734,0,,train
2025-05-28 13:00:00,BF.BLW.FAN01,bf_sinter_fan_blower,1.6947,31.4768,53.5009,0.9643,53.8182,0,,train
2025-05-28 14:00:00,BF.BLW.FAN01,bf_sinter_fan_blower,1.7454,29.6783,53.3664,0.9963,54.5493,0,,train
2025-05-28 15:00:00,BF.BLW.FAN01,bf_sinter_fan_blower,1.8569,43.053,53.6677,0.9917,55.5549,0,,train
2025-05-28 16:00:00,BF.BLW.FAN01,bf_sinter_fan_blower,1.8373,67.2851,53.656,0.9863,53.9775,0,,train
2025-05-28 17:00:00,BF.BLW.FAN01,bf_sinter_fan_blower,1.8809,63.8141,54.1164,0.7085,54.6483,0,,train
2025-05-28 18:00:00,BF.BLW.FAN01,bf_sinter_fan_blower,1.8573,41.9129,53.6791,0.7753,55.1874,0,,train
2025-05-28 19:00:00,BF.BLW.FAN01,bf_sinter_fan_blower,1.6716,27.1946,52.9933,0.9425,54.0176,0,,train
2025-05-28 20:00:00,BF.BLW.FAN01,bf_sinter_fan_blower,1.7059,28.2385,53.3413,0.8863,54.8239,0,,train
2025-05-28 21:00:00,BF.BLW.FAN01,bf_sinter_fan_blower,1.5607,35.4803,52.7861,1.045,54.028,0,,train
2025-05-28 22:00:00,BF.BLW.FAN01,bf_sinter_fan_blower,1.7042,37.3753,52.7621,1.0673,56.2298,0,,train
2025-05-28 23:00:00,BF.BLW.FAN01,bf_sinter_fan_blower,1.644,34.7264,52.8536,1.172,56.5746,0,,train
2025-05-29 00:00:00,BF.BLW.FAN01,bf_sinter_fan_blower,1.6183,36.1192,53.3889,1.2681,57.747,0,,train
2025-05-29 01:00:00,BF.BLW.FAN01,bf_sinter_fan_blower,1.6453,35.9472,53.5687,1.412,58.3369,0,,train
2025-05-29 02:00:00,BF.BLW.FAN01,bf_sinter_fan_blower,1.7576,31.6922,53.8429,1.1661,60.0477,0,,train
2025-05-29 03:00:00,BF.BLW.FAN01,bf_sinter_fan_blower,1.7929,31.42,54.4883,0.9117,60.3438,0,,train
2025-05-29 04:00:00,BF.BLW.FAN01,bf_sinter_fan_blower,1.8235,32.3987,55.1451,0.8249,60.6987,0,,train
2025-05-29 05:00:00,BF.BLW.FAN01,bf_sinter_fan_blower,1.7522,32.7304,54.4327,0.8515,61.778,0,,train
2025-05-29 06:00:00,BF.BLW.FAN01,bf_sinter_fan_blower,1.6493,32.2064,53.7557,0.9519,61.6053,0,,train
2025-05-29 07:00:00,BF.BLW.FAN01,bf_sinter_fan_blower,1.637,31.3937,53.268,0.9009,61.7872,0,,train
2025-05-29 08:00:00,BF.BLW.FAN01,bf_sinter_fan_blower,1.5378,34.9125,52.661,0.8324,62.2779,0,,train
2025-05-29 09:00:00,BF.BLW.FAN01,bf_sinter_fan_blower,1.5638,33.0083,52.7815,0.9635,62.4664,0,,train
2025-05-29 10:00:00,BF.BLW.FAN01,bf_sinter_fan_blower,1.5543,32.803,52.3529,0.9125,62.0187,0,,train
2025-05-29 11:00:00,BF.BLW.FAN01,bf_sinter_fan_blower,1.5014,34.9024,52.4229,0.8058,61.7438,0,,train
2025-05-29 12:00:00,BF.BLW.FAN01,bf_sinter_fan_blower,1.5216,30.7032,51.1908,0.7586,62.5779,0,,train
2025-05-29 13:00:00,BF.BLW.FAN01,bf_sinter_fan_blower,1.6088,33.5686,50.5309,0.8107,63.1764,0,,train
2025-05-29 14:00:00,BF.BLW.FAN01,bf_sinter_fan_blower,1.5395,35.47,50.0612,0.9396,63.148,0,,train
2025-05-29 15:00:00,BF.BLW.FAN01,bf_sinter_fan_blower,1.5713,36.2177,50.3286,0.9206,63.243,0,,train
2025-05-29 16:00:00,BF.BLW.FAN01,bf_sinter_fan_blower,1.5004,33.0336,49.7972,0.9389,61.6809,0,,train
2025-05-29 17:00:00,BF.BLW.FAN01,bf_sinter_fan_blower,1.5972,33.906,50.8073,0.9197,62.6806,0,,train
2025-05-29 18:00:00,BF.BLW.FAN01,bf_sinter_fan_blower,1.5456,39.0589,50.4023,0.6972,62.7432,0,,train
2025-05-29 19:00:00,BF.BLW.FAN01,bf_sinter_fan_blower,1.4516,37.8456,50.1646,0.8311,61.4383,0,,train
2025-05-29 20:00:00,BF.BLW.FAN01,bf_sinter_fan_blower,1.3669,36.8729,50.6412,0.7882,60.0609,0,,train
2025-05-29 21:00:00,BF.BLW.FAN01,bf_sinter_fan_blower,1.3353,35.5785,50.4302,0.8967,59.9815,0,,train
2025-05-29 22:00:00,BF.BLW.FAN01,bf_sinter_fan_blower,1.4188,38.4826,50.7261,0.9025,60.2501,0,,train
2025-05-29 23:00:00,BF.BLW.FAN01,bf_sinter_fan_blower,1.2824,37.9436,50.3951,0.9724,59.1826,0,,train
2025-05-30 00:00:00,BF.BLW.FAN01,bf_sinter_fan_blower,1.2792,39.7907,50.2233,1.0747,58.7541,0,,train
2025-05-30 01:00:00,BF.BLW.FAN01,bf_sinter_fan_blower,1.3741,39.9165,50.0968,0.8783,60.7527,0,,train
2025-05-30 02:00:00,BF.BLW.FAN01,bf_sinter_fan_blower,1.4119,35.8957,49.5231,0.7713,60.7772,0,,train
2025-05-30 03:00:00,BF.BLW.FAN01,bf_sinter_fan_blower,1.337,29.8564,48.7171,0.653,61.092,0,,train
2025-05-30 04:00:00,BF.BLW.FAN01,bf_sinter_fan_blower,1.1763,29.3807,48.1128,0.7139,61.6083,0,,train
2025-05-30 05:00:00,BF.BLW.FAN01,bf_sinter_fan_blower,1.2012,30.4806,47.4945,0.5524,62.0878,0,,train
2025-05-30 06:00:00,BF.BLW.FAN01,bf_sinter_fan_blower,1.2532,31.1337,48.0531,0.5266,61.3499,0,,train
2025-05-30 07:00:00,BF.BLW.FAN01,bf_sinter_fan_blower,1.2279,29.278,48.6738,0.6214,61.8769,0,,train
2025-05-30 08:00:00,BF.BLW.FAN01,bf_sinter_fan_blower,1.2724,28.0309,49.2425,0.5912,60.8651,0,,train
2025-05-30 09:00:00,BF.BLW.FAN01,bf_sinter_fan_blower,1.3427,26.1963,50.1841,0.7068,61.0893,0,,train
2025-05-30 10:00:00,BF.BLW.FAN01,bf_sinter_fan_blower,1.3129,25.1796,50.6478,0.674,60.5272,0,,train
2025-05-30 11:00:00,BF.BLW.FAN01,bf_sinter_fan_blower,1.3211,22.1258,49.9616,0.5765,60.5703,0,,train
2025-05-30 12:00:00,BF.BLW.FAN01,bf_sinter_fan_blower,1.4081,23.9785,50.7297,0.7271,60.0674,0,,train
2025-05-30 13:00:00,BF.BLW.FAN01,bf_sinter_fan_blower,1.4772,22.3129,51.0324,0.6519,59.8931,0,,train
2025-05-30 14:00:00,BF.BLW.FAN01,bf_sinter_fan_blower,1.6655,23.5741,52.0177,0.7365,60.1286,0,,train
2025-05-30 15:00:00,BF.BLW.FAN01,bf_sinter_fan_blower,1.6699,21.0025,52.5771,0.6786,59.1362,0,,train
2025-05-30 16:00:00,BF.BLW.FAN01,bf_sinter_fan_blower,1.7945,22.0484,53.5008,0.6611,59.6451,0,,train
2025-05-30 17:00:00,BF.BLW.FAN01,bf_sinter_fan_blower,1.8084,20.5672,52.9419,0.4852,59.7472,0,,train
2025-05-30 18:00:00,BF.BLW.FAN01,bf_sinter_fan_blower,1.7607,23.7845,53.1751,0.4364,58.8655,0,,train
2025-05-30 19:00:00,BF.BLW.FAN01,bf_sinter_fan_blower,1.8124,20.8097,53.4499,0.4775,59.345,0,,train
2025-05-30 20:00:00,BF.BLW.FAN01,bf_sinter_fan_blower,1.9147,20.1115,53.0633,0.3918,60.8026,0,,train
2025-05-30 21:00:00,BF.BLW.FAN01,bf_sinter_fan_blower,1.8126,22.6411,52.4072,0.256,60.5282,0,,train
2025-05-30 22:00:00,BF.BLW.FAN01,bf_sinter_fan_blower,1.7962,22.2132,51.4288,0.2157,61.0936,0,,train
2025-05-30 23:00:00,BF.BLW.FAN01,bf_sinter_fan_blower,1.7003,23.3669,51.2755,0.3159,60.9655,0,,train
2025-05-31 00:00:00,BF.BLW.FAN01,bf_sinter_fan_blower,1.5807,24.3046,51.3668,0.4514,60.4295,0,,train
2025-05-31 01:00:00,BF.BLW.FAN01,bf_sinter_fan_blower,1.7747,24.2564,52.6226,0.4811,61.2477,0,,train
2025-05-31 02:00:00,BF.BLW.FAN01,bf_sinter_fan_blower,1.7323,25.2864,52.7481,0.4759,61.1954,0,,train
2025-05-31 03:00:00,BF.BLW.FAN01,bf_sinter_fan_blower,1.7711,25.6316,52.6749,0.6728,62.6572,0,,train
2025-05-31 04:00:00,BF.BLW.FAN01,bf_sinter_fan_blower,1.7648,29.9752,53.029,0.7262,61.8317,0,,train
2025-05-31 05:00:00,BF.BLW.FAN01,bf_sinter_fan_blower,1.5395,24.7373,52.0045,0.7487,61.0894,0,,train
2025-05-31 06:00:00,BF.BLW.FAN01,bf_sinter_fan_blower,1.6024,21.6711,51.635,0.6628,61.6492,0,,train
2025-05-31 07:00:00,BF.BLW.FAN01,bf_sinter_fan_blower,1.5707,22.8577,50.7481,0.6847,62.0816,0,,train
2025-05-31 08:00:00,BF.BLW.FAN01,bf_sinter_fan_blower,1.455,23.2327,50.0418,0.818,61.7465,0,,train
2025-05-31 09:00:00,BF.BLW.FAN01,bf_sinter_fan_blower,1.4325,22.9324,49.7479,0.6355,60.9177,0,,train
2025-05-31 10:00:00,BF.BLW.FAN01,bf_sinter_fan_blower,1.4676,20.33,49.8295,0.4909,59.7759,0,,train
2025-05-31 11:00:00,BF.BLW.FAN01,bf_sinter_fan_blower,1.5222,23.7123,50.46,0.5097,59.4469,0,,train
2025-05-31 12:00:00,BF.BLW.FAN01,bf_sinter_fan_blower,1.5401,22.1796,50.0188,0.555,59.437,0,,train
2025-05-31 13:00:00,BF.BLW.FAN01,bf_sinter_fan_blower,1.684,25.0003,50.8571,0.4246,59.6933,0,,train
2025-05-31 14:00:00,BF.BLW.FAN01,bf_sinter_fan_blower,1.6824,26.2553,50.8202,0.3116,59.316,0,,train
2025-05-31 15:00:00,BF.BLW.FAN01,bf_sinter_fan_blower,1.6866,24.4148,51.5767,0.4709,58.1821,0,,train
2025-05-31 16:00:00,BF.BLW.FAN01,bf_sinter_fan_blower,1.6843,22.6391,52.0724,0.2752,57.0842,0,,train
2025-05-31 17:00:00,BF.BLW.FAN01,bf_sinter_fan_blower,1.7051,20.5602,52.4919,0.3364,57.1309,0,,train
2025-05-31 18:00:00,BF.BLW.FAN01,bf_sinter_fan_blower,1.7184,19.2758,52.9587,0.3588,56.7733,0,,train
2025-05-31 19:00:00,BF.BLW.FAN01,bf_sinter_fan_blower,1.7212,18.8872,53.322,0.3513,56.3916,0,,train
2025-05-31 20:00:00,BF.BLW.FAN01,bf_sinter_fan_blower,1.6708,17.6003,53.165,0.4916,56.6686,0,,train
2025-05-31 21:00:00,BF.BLW.FAN01,bf_sinter_fan_blower,1.6869,23.4737,53.6933,0.5422,57.2709,0,,train
2025-05-31 22:00:00,BF.BLW.FAN01,bf_sinter_fan_blower,1.6382,19.5274,53.5815,0.5698,56.7829,0,,train
2025-05-31 23:00:00,BF.BLW.FAN01,bf_sinter_fan_blower,1.7351,20.5395,54.2299,0.4329,58.2769,0,,train
2025-06-01 00:00:00,BF.BLW.FAN01,bf_sinter_fan_blower,1.6922,17.8655,54.1944,0.5079,59.2422,0,,train
2025-06-01 01:00:00,BF.BLW.FAN01,bf_sinter_fan_blower,1.7871,19.4418,54.4689,0.5926,60.3444,0,,train
2025-06-01 02:00:00,BF.BLW.FAN01,bf_sinter_fan_blower,1.8364,22.0465,55.0985,0.5321,60.9959,0,,train
2025-06-01 03:00:00,BF.BLW.FAN01,bf_sinter_fan_blower,1.8107,22.1618,55.8665,0.7304,61.3532,0,,train
2025-06-01 04:00:00,BF.BLW.FAN01,bf_sinter_fan_blower,1.8333,20.3723,55.4788,0.6617,61.4975,0,,train
2025-06-01 05:00:00,BF.BLW.FAN01,bf_sinter_fan_blower,1.838,20.4683,55.5098,0.6116,61.5827,0,,train
2025-06-01 06:00:00,BF.BLW.FAN01,bf_sinter_fan_blower,1.8972,20.4337,56.9261,0.6703,60.8943,0,,train
2025-06-01 07:00:00,BF.BLW.FAN01,bf_sinter_fan_blower,1.7941,20.4738,56.8551,0.5836,59.7598,0,,train
2025-06-01 08:00:00,BF.BLW.FAN01,bf_sinter_fan_blower,1.738,25.0885,55.7317,0.6273,59.7523,0,,train
2025-06-01 09:00:00,BF.BLW.FAN01,bf_sinter_fan_blower,1.7751,28.4484,56.0257,0.5432,59.5976,0,,train
2025-06-01 10:00:00,BF.BLW.FAN01,bf_sinter_fan_blower,1.7454,31.4462,56.3273,0.4592,59.0444,0,,train
2025-06-01 11:00:00,BF.BLW.FAN01,bf_sinter_fan_blower,1.587,27.9461,55.2762,0.5776,59.1955,0,,train
2025-06-01 12:00:00,BF.BLW.FAN01,bf_sinter_fan_blower,1.5706,28.9557,54.7345,0.4956,58.6785,0,,train
2025-06-01 13:00:00,BF.BLW.FAN01,bf_sinter_fan_blower,1.6055,27.6067,54.4933,0.5699,59.3437,0,,train
2025-06-01 14:00:00,BF.BLW.FAN01,bf_sinter_fan_blower,1.7141,28.6021,54.3676,0.8451,59.5865,0,,train
2025-06-01 15:00:00,BF.BLW.FAN01,bf_sinter_fan_blower,1.6375,30.7961,53.4606,0.9502,59.5148,0,,train
2025-06-01 16:00:00,BF.BLW.FAN01,bf_sinter_fan_blower,1.7355,31.6529,53.5194,1.0302,59.8476,0,,train
2025-06-01 17:00:00,BF.BLW.FAN01,bf_sinter_fan_blower,1.7474,24.7219,53.274,1.1497,58.9112,0,,train
2025-06-01 18:00:00,BF.BLW.FAN01,bf_sinter_fan_blower,1.7692,24.3843,52.4316,1.0595,59.6207,0,,train
2025-06-01 19:00:00,BF.BLW.FAN01,bf_sinter_fan_blower,1.6924,27.8273,52.5723,1.2639,59.3054,0,,train
2025-06-01 20:00:00,BF.BLW.FAN01,bf_sinter_fan_blower,1.777,27.8522,52.7595,1.3396,60.0372,0,,train
2025-06-01 21:00:00,BF.BLW.FAN01,bf_sinter_fan_blower,1.7195,30.2625,52.4591,1.0741,59.1151,0,,train
2025-06-01 22:00:00,BF.BLW.FAN01,bf_sinter_fan_blower,1.7298,30.3456,53.4524,0.9033,59.1049,0,,train
2025-06-01 23:00:00,BF.BLW.FAN01,bf_sinter_fan_blower,1.8093,27.4337,53.739,0.8892,59.7303,0,,train
2025-06-02 00:00:00,BF.BLW.FAN01,bf_sinter_fan_blower,1.8237,27.7257,54.3926,0.8444,60.0685,0,,train
2025-06-02 01:00:00,BF.BLW.FAN01,bf_sinter_fan_blower,1.913,27.4815,54.9285,0.7818,60.6093,0,,train
2025-06-02 02:00:00,BF.BLW.FAN01,bf_sinter_fan_blower,1.8681,28.8595,54.9161,0.7546,61.1934,0,,train
2025-06-02 03:00:00,BF.BLW.FAN01,bf_sinter_fan_blower,1.8185,30.3876,54.6497,0.7585,61.6913,0,,train
2025-06-02 04:00:00,BF.BLW.FAN01,bf_sinter_fan_blower,1.6663,32.3444,53.8355,0.8002,61.3704,0,,train
2025-06-02 05:00:00,BF.BLW.FAN01,bf_sinter_fan_blower,1.7222,32.8406,53.6701,0.5828,62.1062,0,,train
2025-06-02 06:00:00,BF.BLW.FAN01,bf_sinter_fan_blower,1.8696,35.9386,55.4036,0.5258,62.2214,0,,train
2025-06-02 07:00:00,BF.BLW.FAN01,bf_sinter_fan_blower,1.8784,40.2525,55.3543,0.4306,62.3262,0,,train
2025-06-02 08:00:00,BF.BLW.FAN01,bf_sinter_fan_blower,1.976,44.0258,56.3675,0.5022,62.929,0,,train
2025-06-02 09:00:00,BF.BLW.FAN01,bf_sinter_fan_blower,1.9927,41.7053,57.4092,0.5098,62.6147,0,,train
2025-06-02 10:00:00,BF.BLW.FAN01,bf_sinter_fan_blower,1.8617,38.8359,57.4218,0.6509,61.3243,0,,train
2025-06-02 11:00:00,BF.BLW.FAN01,bf_sinter_fan_blower,1.9155,37.6349,57.6715,0.5697,60.731,0,,train
2025-06-02 12:00:00,BF.BLW.FAN01,bf_sinter_fan_blower,1.7837,39.998,57.443,0.566,60.0516,0,,train
2025-06-02 13:00:00,BF.BLW.FAN01,bf_sinter_fan_blower,1.8012,44.2707,57.6583,0.7195,59.5896,0,,train
2025-06-02 14:00:00,BF.BLW.FAN01,bf_sinter_fan_blower,1.7637,47.2722,57.3421,0.7989,59.2737,0,,train
2025-06-02 15:00:00,BF.BLW.FAN01,bf_sinter_fan_blower,1.6775,47.3496,56.0235,0.7264,57.8033,0,,train
2025-06-02 16:00:00,BF.BLW.FAN01,bf_sinter_fan_blower,1.6282,47.4807,55.2435,0.7297,56.9381,0,,train
2025-06-02 17:00:00,BF.BLW.FAN01,bf_sinter_fan_blower,1.6189,48.9322,54.583,0.9631,56.9095,0,,train
2025-06-02 18:00:00,BF.BLW.FAN01,bf_sinter_fan_blower,1.7429,42.4012,55.1654,1.0504,57.0995,0,,train
2025-06-02 19:00:00,BF.BLW.FAN01,bf_sinter_fan_blower,1.6477,38.9069,55.3463,1.1721,56.4992,0,,train
2025-06-02 20:00:00,BF.BLW.FAN01,bf_sinter_fan_blower,1.5749,37.4694,55.024,1.101,56.4291,0,,train
2025-06-02 21:00:00,BF.BLW.FAN01,bf_sinter_fan_blower,1.5356,33.6819,55.0593,0.9455,56.6628,0,,train
2025-06-02 22:00:00,BF.BLW.FAN01,bf_sinter_fan_blower,1.5877,33.3087,55.4232,0.8854,57.233,0,,train
2025-06-02 23:00:00,BF.BLW.FAN01,bf_sinter_fan_blower,1.5868,31.5064,56.1733,0.9466,56.9036,0,,train
2025-06-03 00:00:00,BF.BLW.FAN01,bf_sinter_fan_blower,1.56,30.8113,56.9329,0.8861,57.3569,0,,train
2025-06-03 01:00:00,BF.BLW.FAN01,bf_sinter_fan_blower,1.6305,28.1732,57.3909,0.9235,58.8512,0,,train
2025-06-03 02:00:00,BF.BLW.FAN01,bf_sinter_fan_blower,1.5895,30.6616,58.1219,0.9304,58.8911,0,,train
2025-06-03 03:00:00,BF.BLW.FAN01,bf_sinter_fan_blower,1.5887,33.5139,58.0203,1.018,59.659,0,,train
2025-06-03 04:00:00,BF.BLW.FAN01,bf_sinter_fan_blower,1.5705,40.3262,58.6567,1.004,60.3122,0,,train
2025-06-03 05:00:00,BF.BLW.FAN01,bf_sinter_fan_blower,1.7315,42.0946,59.5536,0.931,61.028,0,,train
2025-06-03 06:00:00,BF.BLW.FAN01,bf_sinter_fan_blower,1.6883,42.8499,58.5491,0.8324,61.5502,0,,train
2025-06-03 07:00:00,BF.BLW.FAN01,bf_sinter_fan_blower,1.5535,42.6976,58.6571,0.933,61.8743,0,,train
2025-06-03 08:00:00,BF.BLW.FAN01,bf_sinter_fan_blower,1.4065,41.9797,58.444,0.9616,60.0003,0,,train
2025-06-03 09:00:00,BF.BLW.FAN01,bf_sinter_fan_blower,1.4873,39.3799,58.6451,1.0009,59.866,0,,train
2025-06-03 10:00:00,BF.BLW.FAN01,bf_sinter_fan_blower,1.5358,39.6335,59.1906,1.3096,60.19,0,,train
2025-06-03 11:00:00,BF.BLW.FAN01,bf_sinter_fan_blower,1.5887,35.6564,58.6691,1.1895,59.9299,0,,train
2025-06-03 12:00:00,BF.BLW.FAN01,bf_sinter_fan_blower,1.6528,34.2082,58.3236,1.1281,60.0269,0,,train
2025-06-03 13:00:00,BF.BLW.FAN01,bf_sinter_fan_blower,1.5241,31.6261,57.1603,1.1793,59.3031,0,,train
2025-06-03 14:00:00,BF.BLW.FAN01,bf_sinter_fan_blower,1.5807,32.4631,56.6647,1.0886,59.4538,0,,train
2025-06-03 15:00:00,BF.BLW.FAN01,bf_sinter_fan_blower,1.4366,36.5966,55.4412,1.1191,58.9802,0,,train
2025-06-03 16:00:00,BF.BLW.FAN01,bf_sinter_fan_blower,1.4364,43.3072,55.5985,1.1497,58.4159,0,,train
2025-06-03 17:00:00,BF.BLW.FAN01,bf_sinter_fan_blower,1.3745,39.7651,54.5238,1.133,58.1289,0,,train
2025-06-03 18:00:00,BF.BLW.FAN01,bf_sinter_fan_blower,1.4243,47.9069,53.9255,1.0894,57.599,0,,train
2025-06-03 19:00:00,BF.BLW.FAN01,bf_sinter_fan_blower,1.3816,45.3935,53.8203,1.2503,57.2528,0,,train
2025-06-03 20:00:00,BF.BLW.FAN01,bf_sinter_fan_blower,1.3661,43.1177,54.022,1.438,58.552,0,,train
2025-06-03 21:00:00,BF.BLW.FAN01,bf_sinter_fan_blower,1.2463,41.8185,53.5793,1.5833,57.9958,0,,train
2025-06-03 22:00:00,BF.BLW.FAN01,bf_sinter_fan_blower,1.18,38.279,54.3967,1.5363,57.1535,0,,train
2025-06-03 23:00:00,BF.BLW.FAN01,bf_sinter_fan_blower,1.1992,36.9064,55.066,1.4716,57.8526,0,,train
2025-06-04 00:00:00,BF.BLW.FAN01,bf_sinter_fan_blower,1.2108,37.1843,55.1418,1.5942,58.3108,0,,train
2025-06-04 01:00:00,BF.BLW.FAN01,bf_sinter_fan_blower,1.2472,39.6534,54.6516,1.6437,58.5935,0,,train
2025-06-04 02:00:00,BF.BLW.FAN01,bf_sinter_fan_blower,1.1431,37.0337,54.1165,1.5553,57.9145,0,,train
2025-06-04 03:00:00,BF.BLW.FAN01,bf_sinter_fan_blower,1.1749,37.3978,54.5096,1.668,58.2332,0,,train
2025-06-04 04:00:00,BF.BLW.FAN01,bf_sinter_fan_blower,1.2128,37.2468,53.741,1.4492,59.4489,0,,train
2025-06-04 05:00:00,BF.BLW.FAN01,bf_sinter_fan_blower,1.2183,35.0846,54.1905,1.5681,59.2374,0,,train
2025-06-04 06:00:00,BF.BLW.FAN01,bf_sinter_fan_blower,1.2233,35.735,54.1242,1.3165,59.6487,0,,train
2025-06-04 07:00:00,BF.BLW.FAN01,bf_sinter_fan_blower,1.124,34.0592,53.1992,1.3922,59.6064,0,,train
2025-06-04 08:00:00,BF.BLW.FAN01,bf_sinter_fan_blower,1.1274,33.6898,53.1514,1.3432,59.6134,0,,train
2025-06-04 09:00:00,BF.BLW.FAN01,bf_sinter_fan_blower,1.2448,35.8196,53.7158,1.2844,59.4062,0,,train
2025-06-04 10:00:00,BF.BLW.FAN01,bf_sinter_fan_blower,1.2224,32.4307,54.5517,1.4229,58.0614,0,,train
2025-06-04 11:00:00,BF.BLW.FAN01,bf_sinter_fan_blower,1.2202,30.4306,54.0655,1.5113,57.6649,0,,train
2025-06-04 12:00:00,BF.BLW.FAN01,bf_sinter_fan_blower,1.2569,26.9382,53.8028,1.3792,56.846,0,,train
2025-06-04 13:00:00,BF.BLW.FAN01,bf_sinter_fan_blower,1.2038,29.1234,53.471,1.4522,56.6198,0,,train
2025-06-04 14:00:00,BF.BLW.FAN01,bf_sinter_fan_blower,1.1974,30.7354,53.7297,1.2219,55.9199,0,,train
2025-06-04 15:00:00,BF.BLW.FAN01,bf_sinter_fan_blower,1.138,34.2718,52.8967,1.2471,55.8543,0,,train
2025-06-04 16:00:00,BF.BLW.FAN01,bf_sinter_fan_blower,1.2942,31.7868,53.6563,1.2641,56.3352,0,,train
2025-06-04 17:00:00,BF.BLW.FAN01,bf_sinter_fan_blower,1.2978,29.96,55.0287,1.3286,54.8603,0,,train
2025-06-04 18:00:00,BF.BLW.FAN01,bf_sinter_fan_blower,1.291,30.7153,55.3646,1.3628,54.3891,0,,train
2025-06-04 19:00:00,BF.BLW.FAN01,bf_sinter_fan_blower,1.3873,28.0478,56.0308,1.4393,55.0533,0,,train
2025-06-04 20:00:00,BF.BLW.FAN01,bf_sinter_fan_blower,1.5918,31.6451,56.8935,1.3023,56.2816,0,,train
2025-06-04 21:00:00,BF.BLW.FAN01,bf_sinter_fan_blower,1.6646,30.7507,57.098,1.5269,56.763,0,,train
2025-06-04 22:00:00,BF.BLW.FAN01,bf_sinter_fan_blower,1.8011,29.2404,58.6608,1.4783,57.8187,0,,train
2025-06-04 23:00:00,BF.BLW.FAN01,bf_sinter_fan_blower,1.7376,28.6176,58.3248,1.5178,59.0554,0,,train
2025-06-05 00:00:00,BF.BLW.FAN01,bf_sinter_fan_blower,1.803,31.5053,59.4528,1.3408,59.8516,0,,train
2025-06-05 01:00:00,BF.BLW.FAN01,bf_sinter_fan_blower,1.7857,27.3324,59.3169,1.4798,60.3356,0,,train
2025-06-05 02:00:00,BF.BLW.FAN01,bf_sinter_fan_blower,1.6338,25.3491,59.2463,1.6187,60.3346,0,,train
2025-06-05 03:00:00,BF.BLW.FAN01,bf_sinter_fan_blower,1.5971,22.2016,58.7898,1.7083,60.6407,0,,train
2025-06-05 04:00:00,BF.BLW.FAN01,bf_sinter_fan_blower,1.6946,21.8466,59.5537,1.5404,60.5037,0,,train
2025-06-05 05:00:00,BF.BLW.FAN01,bf_sinter_fan_blower,1.6428,22.2095,59.4848,1.4627,60.0015,0,,train
2025-06-05 06:00:00,BF.BLW.FAN01,bf_sinter_fan_blower,1.5517,22.2496,59.1988,1.4979,59.7433,0,,train
2025-06-05 07:00:00,BF.BLW.FAN01,bf_sinter_fan_blower,1.5036,23.7791,58.9507,1.4959,59.7404,0,,train
2025-06-05 08:00:00,BF.BLW.FAN01,bf_sinter_fan_blower,1.6038,22.6292,59.2548,1.3768,60.6528,0,,train
2025-06-05 09:00:00,BF.BLW.FAN01,bf_sinter_fan_blower,1.6756,20.9959,59.7412,1.2206,60.8331,0,,train
2025-06-05 10:00:00,BF.BLW.FAN01,bf_sinter_fan_blower,1.7221,23.4203,59.0125,1.3904,60.9114,0,,train
2025-06-05 11:00:00,BF.BLW.FAN01,bf_sinter_fan_blower,1.5611,27.7241,58.0299,1.4465,59.4924,0,,train
2025-06-05 12:00:00,BF.BLW.FAN01,bf_sinter_fan_blower,1.4421,22.6132,56.9088,1.316,58.5277,0,,train
2025-06-05 13:00:00,BF.BLW.FAN01,bf_sinter_fan_blower,1.3584,26.7673,55.6429,1.3976,57.9401,0,,train
2025-06-05 14:00:00,BF.BLW.FAN01,bf_sinter_fan_blower,1.4751,25.445,55.8993,1.3115,58.2336,0,,train
2025-06-05 15:00:00,BF.BLW.FAN01,bf_sinter_fan_blower,1.5427,21.72,55.2942,1.2429,58.1595,0,,train
2025-06-05 16:00:00,BF.BLW.FAN01,bf_sinter_fan_blower,1.4819,26.1126,54.3265,1.3054,58.0923,0,,train
2025-06-05 17:00:00,BF.BLW.FAN01,bf_sinter_fan_blower,1.4419,27.213,53.8734,1.2953,58.0362,0,,train
2025-06-05 18:00:00,BF.BLW.FAN01,bf_sinter_fan_blower,1.3073,25.2184,53.6495,1.3013,57.2704,0,,train
2025-06-05 19:00:00,BF.BLW.FAN01,bf_sinter_fan_blower,1.2571,28.2114,54.1945,1.4722,57.4696,0,,train
2025-06-05 20:00:00,BF.BLW.FAN01,bf_sinter_fan_blower,1.2731,29.2354,53.9615,1.473,57.6474,0,,train
2025-06-05 21:00:00,BF.BLW.FAN01,bf_sinter_fan_blower,1.27,29.2432,54.0796,1.4197,57.4694,0,,train
2025-06-05 22:00:00,BF.BLW.FAN01,bf_sinter_fan_blower,1.3731,31.9562,55.0144,1.2904,57.4499,0,,train
2025-06-05 23:00:00,BF.BLW.FAN01,bf_sinter_fan_blower,1.3926,26.8489,56.2427,1.4727,57.419,0,,train
2025-06-06 00:00:00,BF.BLW.FAN01,bf_sinter_fan_blower,1.4775,22.9358,57.2882,1.5538,57.6323,0,,train
2025-06-06 01:00:00,BF.BLW.FAN01,bf_sinter_fan_blower,1.5483,20.2757,57.6974,1.5005,57.4521,0,,train
2025-06-06 02:00:00,BF.BLW.FAN01,bf_sinter_fan_blower,1.517,18.5222,57.8449,1.3832,58.0647,0,,train
2025-06-06 03:00:00,BF.BLW.FAN01,bf_sinter_fan_blower,1.5571,18.0562,58.1198,1.4215,59.1046,0,,train
2025-06-06 04:00:00,BF.BLW.FAN01,bf_sinter_fan_blower,1.483,19.0172,57.5656,1.4955,59.4307,0,,train
2025-06-06 05:00:00,BF.BLW.FAN01,bf_sinter_fan_blower,1.5068,20.1315,57.5171,1.5718,59.415,0,,train
2025-06-06 06:00:00,BF.BLW.FAN01,bf_sinter_fan_blower,1.401,21.4632,57.7734,1.5699,58.7186,0,,train
2025-06-06 07:00:00,BF.BLW.FAN01,bf_sinter_fan_blower,1.5664,26.5735,57.1893,1.3702,60.3717,0,,train
2025-06-06 08:00:00,BF.BLW.FAN01,bf_sinter_fan_blower,1.516,32.2751,56.6602,1.4093,59.6369,0,,train
2025-06-06 09:00:00,BF.BLW.FAN01,bf_sinter_fan_blower,1.4872,30.473,56.8091,1.3297,59.2847,0,,train
2025-06-06 10:00:00,BF.BLW.FAN01,bf_sinter_fan_blower,1.5056,28.0071,57.0672,1.39,58.8251,0,,train
2025-06-06 11:00:00,BF.BLW.FAN01,bf_sinter_fan_blower,1.4815,25.6289,57.117,1.4374,58.0446,0,,train
2025-06-06 12:00:00,BF.BLW.FAN01,bf_sinter_fan_blower,1.4958,24.2489,58.0606,1.43,57.9431,0,,train
2025-06-06 13:00:00,BF.BLW.FAN01,bf_sinter_fan_blower,1.3965,22.3136,56.4192,1.6066,57.6484,0,,train
2025-06-06 14:00:00,BF.BLW.FAN01,bf_sinter_fan_blower,1.2771,18.3424,55.9125,1.7302,56.9333,0,,train
2025-06-06 15:00:00,BF.BLW.FAN01,bf_sinter_fan_blower,1.2482,19.0395,54.6345,1.7176,56.4572,0,,train
2025-06-06 16:00:00,BF.BLW.FAN01,bf_sinter_fan_blower,1.263,18.4179,53.705,1.6045,56.4991,0,,train
2025-06-06 17:00:00,BF.BLW.FAN01,bf_sinter_fan_blower,1.2363,15.8201,54.2577,1.7481,56.5603,0,,train
2025-06-06 18:00:00,BF.BLW.FAN01,bf_sinter_fan_blower,1.2424,15.9084,53.1783,1.5047,56.6197,0,,train
2025-06-06 19:00:00,BF.BLW.FAN01,bf_sinter_fan_blower,1.2531,18.9462,53.3575,1.4606,55.6086,0,,train
2025-06-06 20:00:00,BF.BLW.FAN01,bf_sinter_fan_blower,1.251,17.6758,52.4218,1.2824,56.7921,0,,train
2025-06-06 21:00:00,BF.BLW.FAN01,bf_sinter_fan_blower,1.2329,17.1028,52.1881,1.3002,57.5789,0,,train
2025-06-06 22:00:00,BF.BLW.FAN01,bf_sinter_fan_blower,1.2783,17.8336,52.8638,1.3543,58.2616,0,,train
2025-06-06 23:00:00,BF.BLW.FAN01,bf_sinter_fan_blower,1.3919,20.3411,54.0158,1.3902,59.1585,0,,train
2025-06-07 00:00:00,BF.BLW.FAN01,bf_sinter_fan_blower,1.4219,19.4868,55.3956,1.2439,59.1555,0,,train
2025-06-07 01:00:00,BF.BLW.FAN01,bf_sinter_fan_blower,1.4215,14.8598,54.8097,1.2259,59.8113,0,,train
2025-06-07 02:00:00,BF.BLW.FAN01,bf_sinter_fan_blower,1.4408,16.7907,55.4084,1.239,60.2427,0,,train
2025-06-07 03:00:00,BF.BLW.FAN01,bf_sinter_fan_blower,1.5144,19.9684,56.1202,1.1206,60.8495,0,,train
2025-06-07 04:00:00,BF.BLW.FAN01,bf_sinter_fan_blower,1.534,23.1048,55.4417,1.12,62.0665,0,,train
2025-06-07 05:00:00,BF.BLW.FAN01,bf_sinter_fan_blower,1.4883,20.562,54.2835,1.0407,62.5466,0,,train
2025-06-07 06:00:00,BF.BLW.FAN01,bf_sinter_fan_blower,1.5938,19.7183,54.6221,0.9217,62.8463,0,,train
2025-06-07 07:00:00,BF.BLW.FAN01,bf_sinter_fan_blower,1.6112,18.7785,53.9006,0.827,63.815,0,,train
2025-06-07 08:00:00,BF.BLW.FAN01,bf_sinter_fan_blower,1.4813,18.239,53.0856,0.7713,62.6364,0,,train
2025-06-07 09:00:00,BF.BLW.FAN01,bf_sinter_fan_blower,1.5248,22.6739,52.08,0.6073,62.4775,0,,train
2025-06-07 10:00:00,BF.BLW.FAN01,bf_sinter_fan_blower,1.4674,20.9757,50.341,0.4084,62.6721,0,,train
2025-06-07 11:00:00,BF.BLW.FAN01,bf_sinter_fan_blower,1.4699,18.7856,50.3011,0.7699,62.3351,0,,train
2025-06-07 12:00:00,BF.BLW.FAN01,bf_sinter_fan_blower,1.4515,18.8134,49.8813,0.7668,61.2187,0,,train
2025-06-07 13:00:00,BF.BLW.FAN01,bf_sinter_fan_blower,1.3532,15.8842,49.3183,0.8375,61.0122,0,,train
2025-06-07 14:00:00,BF.BLW.FAN01,bf_sinter_fan_blower,1.2984,19.3862,48.6263,0.84,59.632,0,,train
2025-06-07 15:00:00,BF.BLW.FAN01,bf_sinter_fan_blower,1.3196,20.0676,48.2391,0.7997,58.9375,0,,train
2025-06-07 16:00:00,BF.BLW.FAN01,bf_sinter_fan_blower,1.413,22.5826,48.3366,0.8073,59.3451,0,,train
2025-06-07 17:00:00,BF.BLW.FAN01,bf_sinter_fan_blower,1.3106,25.3055,47.4054,0.7845,58.9245,0,,train
2025-06-07 18:00:00,BF.BLW.FAN01,bf_sinter_fan_blower,1.7497,27.2292,47.5591,0.8532,59.6849,0,,train
2025-06-07 19:00:00,BF.BLW.FAN01,bf_sinter_fan_blower,2.6044,29.92,48.2087,0.9861,59.8001,0,,train
2025-06-07 20:00:00,BF.BLW.FAN01,bf_sinter_fan_blower,3.4318,28.6894,47.9748,0.9544,59.5463,0,,train
2025-06-07 21:00:00,BF.BLW.FAN01,bf_sinter_fan_blower,3.8059,28.8081,48.1886,0.9043,59.7519,0,,train
2025-06-07 22:00:00,BF.BLW.FAN01,bf_sinter_fan_blower,3.3941,27.999,48.3629,1.1747,60.4737,0,,train
2025-06-07 23:00:00,BF.BLW.FAN01,bf_sinter_fan_blower,2.6112,32.3631,49.0537,1.165,60.3628,0,,train
2025-06-08 00:00:00,BF.BLW.FAN01,bf_sinter_fan_blower,1.7033,30.7971,48.4667,1.0609,59.6318,0,,train
2025-06-08 01:00:00,BF.BLW.FAN01,bf_sinter_fan_blower,1.4242,31.6455,49.8526,0.9476,59.0712,0,,train
2025-06-08 02:00:00,BF.BLW.FAN01,bf_sinter_fan_blower,1.5989,29.3721,50.7123,0.886,60.2203,0,,train
2025-06-08 03:00:00,BF.BLW.FAN01,bf_sinter_fan_blower,1.6933,32.4235,49.8802,0.8293,62.2437,0,,train
2025-06-08 04:00:00,BF.BLW.FAN01,bf_sinter_fan_blower,1.6693,32.899,49.6342,0.7106,62.8659,0,,train
2025-06-08 05:00:00,BF.BLW.FAN01,bf_sinter_fan_blower,1.6899,33.7815,50.8066,0.8539,62.8035,0,,train
2025-06-08 06:00:00,BF.BLW.FAN01,bf_sinter_fan_blower,1.684,38.7398,50.4354,0.7821,62.1484,0,,train
2025-06-08 07:00:00,BF.BLW.FAN01,bf_sinter_fan_blower,1.7032,37.6549,50.6225,0.9984,62.3,0,,train
2025-06-08 08:00:00,BF.BLW.FAN01,bf_sinter_fan_blower,1.7229,31.9884,51.2368,1.1198,62.1391,0,,train
2025-06-08 09:00:00,BF.BLW.FAN01,bf_sinter_fan_blower,1.5656,32.5033,50.4653,1.3437,61.4933,0,,train
2025-06-08 10:00:00,BF.BLW.FAN01,bf_sinter_fan_blower,1.6347,31.3328,50.1114,1.1369,62.4386,0,,train
2025-06-08 11:00:00,BF.BLW.FAN01,bf_sinter_fan_blower,1.5638,30.8672,50.2313,1.1438,61.1154,0,BF.BLW.FAN01::E02,train
2025-06-08 12:00:00,BF.BLW.FAN01,bf_sinter_fan_blower,1.6354,26.0059,50.3827,1.091,62.2245,0,BF.BLW.FAN01::E02,train
2025-06-08 13:00:00,BF.BLW.FAN01,bf_sinter_fan_blower,1.7074,20.1931,50.5084,1.2915,62.4202,0,BF.BLW.FAN01::E02,train
2025-06-08 14:00:00,BF.BLW.FAN01,bf_sinter_fan_blower,1.5385,21.4455,49.6283,1.3591,61.18,0,BF.BLW.FAN01::E02,train
2025-06-08 15:00:00,BF.BLW.FAN01,bf_sinter_fan_blower,1.6212,24.2544,49.463,1.3712,61.119,0,BF.BLW.FAN01::E02,train
2025-06-08 16:00:00,BF.BLW.FAN01,bf_sinter_fan_blower,1.5973,20.4094,49.5836,1.2257,60.4985,0,BF.BLW.FAN01::E02,train
2025-06-08 17:00:00,BF.BLW.FAN01,bf_sinter_fan_blower,1.4934,18.5502,48.7541,1.3186,59.5164,0,BF.BLW.FAN01::E02,train
2025-06-08 18:00:00,BF.BLW.FAN01,bf_sinter_fan_blower,1.63,19.1414,48.1533,1.1214,60.3747,0,BF.BLW.FAN01::E02,train
2025-06-08 19:00:00,BF.BLW.FAN01,bf_sinter_fan_blower,1.6074,18.2385,48.1046,1.2246,59.7685,0,BF.BLW.FAN01::E02,train
2025-06-08 20:00:00,BF.BLW.FAN01,bf_sinter_fan_blower,1.5181,18.4425,48.2373,1.1935,58.6978,0,BF.BLW.FAN01::E02,train
2025-06-08 21:00:00,BF.BLW.FAN01,bf_sinter_fan_blower,1.4974,16.6915,48.1291,1.1852,59.3486,0,BF.BLW.FAN01::E02,train
2025-06-08 22:00:00,BF.BLW.FAN01,bf_sinter_fan_blower,1.4367,20.0986,48.1741,1.0781,58.6807,0,BF.BLW.FAN01::E02,train
2025-06-08 23:00:00,BF.BLW.FAN01,bf_sinter_fan_blower,1.4,17.641,47.7696,1.098,59.2128,0,BF.BLW.FAN01::E02,train
2025-06-09 00:00:00,BF.BLW.FAN01,bf_sinter_fan_blower,1.2869,16.4774,48.106,1.3874,59.2758,0,BF.BLW.FAN01::E02,train
2025-06-09 01:00:00,BF.BLW.FAN01,bf_sinter_fan_blower,1.2974,16.0465,48.6514,1.4269,59.5422,0,BF.BLW.FAN01::E02,train
2025-06-09 02:00:00,BF.BLW.FAN01,bf_sinter_fan_blower,1.2848,18.5143,48.7604,1.5772,59.7304,0,BF.BLW.FAN01::E02,train
2025-06-09 03:00:00,BF.BLW.FAN01,bf_sinter_fan_blower,1.3318,23.3973,49.6236,1.6989,60.0577,0,BF.BLW.FAN01::E02,train
2025-06-09 04:00:00,BF.BLW.FAN01,bf_sinter_fan_blower,1.1734,30.2806,49.7703,1.9614,59.2154,0,BF.BLW.FAN01::E02,train
2025-06-09 05:00:00,BF.BLW.FAN01,bf_sinter_fan_blower,1.199,32.2481,49.9101,1.8221,59.4777,0,BF.BLW.FAN01::E02,train
2025-06-09 06:00:00,BF.BLW.FAN01,bf_sinter_fan_blower,1.2705,28.6688,50.9497,1.9102,58.8282,0,BF.BLW.FAN01::E02,train
2025-06-09 07:00:00,BF.BLW.FAN01,bf_sinter_fan_blower,1.2947,26.5596,51.6969,1.8631,57.725,0,BF.BLW.FAN01::E02,train
2025-06-09 08:00:00,BF.BLW.FAN01,bf_sinter_fan_blower,1.284,32.0689,51.3666,1.9436,59.007,0,BF.BLW.FAN01::E02,train
2025-06-09 09:00:00,BF.BLW.FAN01,bf_sinter_fan_blower,1.5116,35.3422,52.6223,1.861,59.0036,0,BF.BLW.FAN01::E02,train
2025-06-09 10:00:00,BF.BLW.FAN01,bf_sinter_fan_blower,1.5806,35.6765,52.7248,1.9072,59.086,0,BF.BLW.FAN01::E02,train
2025-06-09 11:00:00,BF.BLW.FAN01,bf_sinter_fan_blower,1.5904,34.3679,52.2133,1.9762,60.7554,0,BF.BLW.FAN01::E02,train
2025-06-09 12:00:00,BF.BLW.FAN01,bf_sinter_fan_blower,1.8393,35.8831,53.1479,1.7402,61.1307,0,BF.BLW.FAN01::E02,train
2025-06-09 13:00:00,BF.BLW.FAN01,bf_sinter_fan_blower,1.8446,36.9138,53.8162,1.6105,61.2091,0,BF.BLW.FAN01::E02,train
2025-06-09 14:00:00,BF.BLW.FAN01,bf_sinter_fan_blower,1.8133,36.4383,53.1289,1.3649,61.0029,0,BF.BLW.FAN01::E02,train
2025-06-09 15:00:00,BF.BLW.FAN01,bf_sinter_fan_blower,1.881,34.1786,53.5833,1.32,60.2887,0,BF.BLW.FAN01::E02,train
2025-06-09 16:00:00,BF.BLW.FAN01,bf_sinter_fan_blower,1.8504,32.0787,53.3208,1.5252,60.531,0,BF.BLW.FAN01::E02,train
2025-06-09 17:00:00,BF.BLW.FAN01,bf_sinter_fan_blower,1.8261,30.0109,52.6359,1.5891,60.0817,0,BF.BLW.FAN01::E02,train
2025-06-09 18:00:00,BF.BLW.FAN01,bf_sinter_fan_blower,1.9207,31.5828,51.9324,1.4066,59.9467,0,BF.BLW.FAN01::E02,train
2025-06-09 19:00:00,BF.BLW.FAN01,bf_sinter_fan_blower,1.9776,29.1865,52.2324,1.1497,59.4093,0,BF.BLW.FAN01::E02,train
2025-06-09 20:00:00,BF.BLW.FAN01,bf_sinter_fan_blower,1.86,30.1492,52.7289,1.2299,58.7785,0,BF.BLW.FAN01::E02,train
2025-06-09 21:00:00,BF.BLW.FAN01,bf_sinter_fan_blower,1.8907,30.1464,53.1357,1.2341,60.2868,0,BF.BLW.FAN01::E02,train
2025-06-09 22:00:00,BF.BLW.FAN01,bf_sinter_fan_blower,1.8733,30.0787,53.8265,1.1877,60.0633,0,BF.BLW.FAN01::E02,train
2025-06-09 23:00:00,BF.BLW.FAN01,bf_sinter_fan_blower,1.8663,31.552,53.8674,1.1963,61.5253,0,BF.BLW.FAN01::E02,train
2025-06-10 00:00:00,BF.BLW.FAN01,bf_sinter_fan_blower,1.9165,31.9104,54.2168,1.2652,62.2693,0,BF.BLW.FAN01::E02,train
2025-06-10 01:00:00,BF.BLW.FAN01,bf_sinter_fan_blower,1.8868,33.1781,54.0136,1.1338,62.4785,0,BF.BLW.FAN01::E02,train
2025-06-10 02:00:00,BF.BLW.FAN01,bf_sinter_fan_blower,2.1111,33.2421,55.4335,1.0034,64.0521,0,BF.BLW.FAN01::E02,train
2025-06-10 03:00:00,BF.BLW.FAN01,bf_sinter_fan_blower,2.0919,37.8997,55.8031,1.1283,64.3221,0,BF.BLW.FAN01::E02,train
2025-06-10 04:00:00,BF.BLW.FAN01,bf_sinter_fan_blower,2.1033,42.0854,56.1074,1.0694,64.2895,0,BF.BLW.FAN01::E02,train
2025-06-10 05:00:00,BF.BLW.FAN01,bf_sinter_fan_blower,1.9931,39.3494,55.783,1.1914,64.5795,0,BF.BLW.FAN01::E02,train
2025-06-10 06:00:00,BF.BLW.FAN01,bf_sinter_fan_blower,1.975,40.2797,55.0098,1.5765,65.7466,0,BF.BLW.FAN01::E02,train
2025-06-10 07:00:00,BF.BLW.FAN01,bf_sinter_fan_blower,1.9323,37.1471,55.0027,2.491,66.0444,0,BF.BLW.FAN01::E02,train
2025-06-10 08:00:00,BF.BLW.FAN01,bf_sinter_fan_blower,1.934,39.0574,55.345,3.3587,65.8437,0,BF.BLW.FAN01::E02,train
2025-06-10 09:00:00,BF.BLW.FAN01,bf_sinter_fan_blower,1.759,37.1401,55.0211,4.3972,64.4854,0,BF.BLW.FAN01::E02,train
2025-06-10 10:00:00,BF.BLW.FAN01,bf_sinter_fan_blower,1.784,43.3002,53.6789,4.551,64.5872,0,BF.BLW.FAN01::E02,train
2025-06-10 11:00:00,BF.BLW.FAN01,bf_sinter_fan_blower,1.7956,46.0211,53.3682,4.1219,64.1431,0,BF.BLW.FAN01::E02,train
2025-06-10 12:00:00,BF.BLW.FAN01,bf_sinter_fan_blower,1.8259,46.0749,52.8124,3.267,64.058,0,BF.BLW.FAN01::E02,train
2025-06-10 13:00:00,BF.BLW.FAN01,bf_sinter_fan_blower,1.708,45.7482,52.9992,2.5197,63.5372,0,BF.BLW.FAN01::E02,train
2025-06-10 14:00:00,BF.BLW.FAN01,bf_sinter_fan_blower,1.8154,47.194,53.2007,1.7822,64.5261,0,BF.BLW.FAN01::E02,train
2025-06-10 15:00:00,BF.BLW.FAN01,bf_sinter_fan_blower,1.8542,47.7451,52.9916,1.6734,65.2006,0,BF.BLW.FAN01::E02,train
2025-06-10 16:00:00,BF.BLW.FAN01,bf_sinter_fan_blower,1.9299,48.2665,52.987,1.6653,65.9365,0,BF.BLW.FAN01::E02,train
2025-06-10 17:00:00,BF.BLW.FAN01,bf_sinter_fan_blower,1.7598,41.6852,51.0406,1.9276,66.3916,0,BF.BLW.FAN01::E02,train
2025-06-10 18:00:00,BF.BLW.FAN01,bf_sinter_fan_blower,1.6624,41.9159,49.7545,1.9517,66.1434,0,BF.BLW.FAN01::E02,train
2025-06-10 19:00:00,BF.BLW.FAN01,bf_sinter_fan_blower,1.5971,43.0457,49.1579,1.8753,66.0389,0,BF.BLW.FAN01::E02,train
2025-06-10 20:00:00,BF.BLW.FAN01,bf_sinter_fan_blower,1.6351,40.7132,49.1418,2.0206,66.1271,0,BF.BLW.FAN01::E02,train
2025-06-10 21:00:00,BF.BLW.FAN01,bf_sinter_fan_blower,1.6852,42.8285,49.9189,2.1048,66.7055,0,BF.BLW.FAN01::E02,train
2025-06-10 22:00:00,BF.BLW.FAN01,bf_sinter_fan_blower,1.7069,42.2845,50.3403,2.1785,67.1747,0,BF.BLW.FAN01::E02,train
2025-06-10 23:00:00,BF.BLW.FAN01,bf_sinter_fan_blower,1.558,46.1255,49.6831,2.202,66.4157,0,BF.BLW.FAN01::E02,train
2025-06-11 00:00:00,BF.BLW.FAN01,bf_sinter_fan_blower,1.5151,41.564,49.4344,2.374,67.9769,0,BF.BLW.FAN01::E02,train
2025-06-11 01:00:00,BF.BLW.FAN01,bf_sinter_fan_blower,1.5421,35.8308,50.3391,2.6553,69.1909,0,BF.BLW.FAN01::E02,train
2025-06-11 02:00:00,BF.BLW.FAN01,bf_sinter_fan_blower,1.6491,40.8757,50.7944,2.4533,69.0877,0,BF.BLW.FAN01::E02,train
2025-06-11 03:00:00,BF.BLW.FAN01,bf_sinter_fan_blower,1.7083,39.6353,52.0276,2.3561,68.7834,0,BF.BLW.FAN01::E02,train
2025-06-11 04:00:00,BF.BLW.FAN01,bf_sinter_fan_blower,1.7308,40.9356,52.8954,2.3107,67.7859,0,BF.BLW.FAN01::E02,train
2025-06-11 05:00:00,BF.BLW.FAN01,bf_sinter_fan_blower,1.7902,41.8611,53.4236,2.21,67.8183,0,BF.BLW.FAN01::E02,train
2025-06-11 06:00:00,BF.BLW.FAN01,bf_sinter_fan_blower,1.8239,44.8391,53.4564,2.3039,69.3063,0,BF.BLW.FAN01::E02,train
2025-06-11 07:00:00,BF.BLW.FAN01,bf_sinter_fan_blower,1.8698,48.2276,53.5416,2.4238,69.5396,0,BF.BLW.FAN01::E02,train
2025-06-11 08:00:00,BF.BLW.FAN01,bf_sinter_fan_blower,1.8915,46.275,53.1614,2.3015,69.8326,0,BF.BLW.FAN01::E02,train
2025-06-11 09:00:00,BF.BLW.FAN01,bf_sinter_fan_blower,1.8481,45.8406,53.194,2.2432,68.7021,0,BF.BLW.FAN01::E02,train
2025-06-11 10:00:00,BF.BLW.FAN01,bf_sinter_fan_blower,1.7378,46.2411,53.0821,2.4799,66.8665,0,BF.BLW.FAN01::E02,train
2025-06-11 11:00:00,BF.BLW.FAN01,bf_sinter_fan_blower,1.8042,45.0776,53.6966,2.394,66.1197,0,BF.BLW.FAN01::E02,train
2025-06-11 12:00:00,BF.BLW.FAN01,bf_sinter_fan_blower,1.8004,42.3444,52.9332,2.4203,65.7436,0,BF.BLW.FAN01::E02,train
2025-06-11 13:00:00,BF.BLW.FAN01,bf_sinter_fan_blower,1.778,40.0582,53.2612,2.4967,65.2172,0,BF.BLW.FAN01::E02,train
2025-06-11 14:00:00,BF.BLW.FAN01,bf_sinter_fan_blower,1.7737,37.1673,53.1836,2.6193,65.0979,0,BF.BLW.FAN01::E02,train
2025-06-11 15:00:00,BF.BLW.FAN01,bf_sinter_fan_blower,1.8233,35.988,52.7825,2.5656,66.1602,0,BF.BLW.FAN01::E02,train
2025-06-11 16:00:00,BF.BLW.FAN01,bf_sinter_fan_blower,1.747,36.828,52.2881,2.6879,65.9116,0,BF.BLW.FAN01::E02,train
2025-06-11 17:00:00,BF.BLW.FAN01,bf_sinter_fan_blower,1.8465,40.6637,51.8609,2.6906,67.0483,0,BF.BLW.FAN01::E02,train
2025-06-11 18:00:00,BF.BLW.FAN01,bf_sinter_fan_blower,1.8623,38.6662,52.2128,2.6595,66.8386,0,BF.BLW.FAN01::E02,train
2025-06-11 19:00:00,BF.BLW.FAN01,bf_sinter_fan_blower,1.9051,39.442,52.1253,2.5765,67.4322,0,BF.BLW.FAN01::E02,train
2025-06-11 20:00:00,BF.BLW.FAN01,bf_sinter_fan_blower,1.8986,43.0776,52.3404,2.5307,67.9291,0,BF.BLW.FAN01::E02,train
2025-06-11 21:00:00,BF.BLW.FAN01,bf_sinter_fan_blower,1.8186,43.5342,51.4993,2.5791,67.9189,0,BF.BLW.FAN01::E02,train
2025-06-11 22:00:00,BF.BLW.FAN01,bf_sinter_fan_blower,1.8798,41.1359,52.945,2.7079,68.3696,0,BF.BLW.FAN01::E02,train
2025-06-11 23:00:00,BF.BLW.FAN01,bf_sinter_fan_blower,1.8271,43.3795,52.8368,2.7113,68.3894,0,BF.BLW.FAN01::E02,train
2025-06-12 00:00:00,BF.BLW.FAN01,bf_sinter_fan_blower,1.7976,44.8856,53.7684,2.8419,68.3674,0,BF.BLW.FAN01::E02,train
2025-06-12 01:00:00,BF.BLW.FAN01,bf_sinter_fan_blower,1.8808,43.2073,54.56,2.8578,69.8812,0,BF.BLW.FAN01::E02,train
2025-06-12 02:00:00,BF.BLW.FAN01,bf_sinter_fan_blower,1.7745,42.2917,53.8475,2.9731,70.2149,0,BF.BLW.FAN01::E02,train
2025-06-12 03:00:00,BF.BLW.FAN01,bf_sinter_fan_blower,1.7341,43.6495,54.1942,3.2495,69.5429,0,BF.BLW.FAN01::E02,train
2025-06-12 04:00:00,BF.BLW.FAN01,bf_sinter_fan_blower,1.6952,40.8753,53.7837,3.2137,69.9404,0,BF.BLW.FAN01::E02,train
2025-06-12 05:00:00,BF.BLW.FAN01,bf_sinter_fan_blower,1.6875,42.1831,54.2229,3.041,69.6708,0,BF.BLW.FAN01::E02,train
2025-06-12 06:00:00,BF.BLW.FAN01,bf_sinter_fan_blower,1.7757,44.3889,55.7753,2.9431,68.4634,0,BF.BLW.FAN01::E02,train
2025-06-12 07:00:00,BF.BLW.FAN01,bf_sinter_fan_blower,1.7246,42.373,54.7741,2.7953,68.3913,0,BF.BLW.FAN01::E02,train
2025-06-12 08:00:00,BF.BLW.FAN01,bf_sinter_fan_blower,1.7024,43.3114,54.1044,2.6731,67.794,0,BF.BLW.FAN01::E02,train
2025-06-12 09:00:00,BF.BLW.FAN01,bf_sinter_fan_blower,1.7246,45.8602,54.2329,2.7068,67.3638,0,BF.BLW.FAN01::E02,train
2025-06-12 10:00:00,BF.BLW.FAN01,bf_sinter_fan_blower,1.6693,46.4353,53.4746,2.7151,67.0625,0,BF.BLW.FAN01::E02,train
2025-06-12 11:00:00,BF.BLW.FAN01,bf_sinter_fan_blower,1.604,49.0501,52.6792,2.8503,66.1778,0,BF.BLW.FAN01::E02,train
2025-06-12 12:00:00,BF.BLW.FAN01,bf_sinter_fan_blower,1.7006,46.5808,52.7038,2.7652,66.5592,0,BF.BLW.FAN01::E02,train
2025-06-12 13:00:00,BF.BLW.FAN01,bf_sinter_fan_blower,1.7176,50.4098,52.6551,2.6487,65.7953,0,BF.BLW.FAN01::E02,train
2025-06-12 14:00:00,BF.BLW.FAN01,bf_sinter_fan_blower,1.7308,53.461,52.9392,2.8856,65.3933,0,BF.BLW.FAN01::E02,train
2025-06-12 15:00:00,BF.BLW.FAN01,bf_sinter_fan_blower,1.7135,53.7942,52.9736,2.8399,65.1682,0,BF.BLW.FAN01::E02,train
2025-06-12 16:00:00,BF.BLW.FAN01,bf_sinter_fan_blower,1.7278,55.661,52.4567,2.8805,64.9523,0,BF.BLW.FAN01::E02,train
2025-06-12 17:00:00,BF.BLW.FAN01,bf_sinter_fan_blower,1.7479,57.7315,53.4535,3.0462,64.883,0,BF.BLW.FAN01::E02,train
2025-06-12 18:00:00,BF.BLW.FAN01,bf_sinter_fan_blower,1.7938,57.375,54.0985,3.1656,65.0114,0,BF.BLW.FAN01::E02,train
2025-06-12 19:00:00,BF.BLW.FAN01,bf_sinter_fan_blower,1.7898,56.401,54.5087,3.0098,65.1642,0,BF.BLW.FAN01::E02,train
2025-06-12 20:00:00,BF.BLW.FAN01,bf_sinter_fan_blower,1.9155,57.2839,54.3446,2.9206,66.0129,0,BF.BLW.FAN01::E02,train
2025-06-12 21:00:00,BF.BLW.FAN01,bf_sinter_fan_blower,1.8302,57.0626,54.4502,2.9845,65.2036,0,BF.BLW.FAN01::E02,train
2025-06-12 22:00:00,BF.BLW.FAN01,bf_sinter_fan_blower,1.8877,57.1681,54.7072,2.8663,64.7419,0,BF.BLW.FAN01::E02,train
2025-06-12 23:00:00,BF.BLW.FAN01,bf_sinter_fan_blower,1.7985,56.994,54.4948,2.5912,64.0,0,BF.BLW.FAN01::E02,train
2025-06-13 00:00:00,BF.BLW.FAN01,bf_sinter_fan_blower,1.7077,56.7442,54.1318,2.9661,64.6522,0,BF.BLW.FAN01::E02,train
2025-06-13 01:00:00,BF.BLW.FAN01,bf_sinter_fan_blower,1.7505,60.8273,54.4761,2.9685,65.0144,0,BF.BLW.FAN01::E02,train
2025-06-13 02:00:00,BF.BLW.FAN01,bf_sinter_fan_blower,1.7337,60.9616,54.2185,3.0054,66.175,0,BF.BLW.FAN01::E02,train
2025-06-13 03:00:00,BF.BLW.FAN01,bf_sinter_fan_blower,1.7416,58.8721,53.9611,2.8787,66.4956,0,BF.BLW.FAN01::E02,train
2025-06-13 04:00:00,BF.BLW.FAN01,bf_sinter_fan_blower,1.5761,60.0765,53.0191,2.7618,66.1252,0,BF.BLW.FAN01::E02,train
2025-06-13 05:00:00,BF.BLW.FAN01,bf_sinter_fan_blower,1.6147,59.5955,53.1056,2.8924,66.2747,0,BF.BLW.FAN01::E02,train
2025-06-13 06:00:00,BF.BLW.FAN01,bf_sinter_fan_blower,1.5454,56.5252,53.0085,2.913,65.8359,0,BF.BLW.FAN01::E02,train
2025-06-13 07:00:00,BF.BLW.FAN01,bf_sinter_fan_blower,1.6402,57.3577,53.1756,2.9931,66.8853,0,BF.BLW.FAN01::E02,train
2025-06-13 08:00:00,BF.BLW.FAN01,bf_sinter_fan_blower,1.7488,61.5743,54.2195,3.1158,68.1721,0,BF.BLW.FAN01::E02,train
2025-06-13 09:00:00,BF.BLW.FAN01,bf_sinter_fan_blower,1.5585,58.0198,53.7865,3.2859,67.8375,0,BF.BLW.FAN01::E02,train
2025-06-13 10:00:00,BF.BLW.FAN01,bf_sinter_fan_blower,1.6691,61.0211,54.3218,3.2616,67.9197,0,BF.BLW.FAN01::E02,train
2025-06-13 11:00:00,BF.BLW.FAN01,bf_sinter_fan_blower,1.7026,62.8199,53.5847,3.3265,68.4241,0,BF.BLW.FAN01::E02,train
2025-06-13 12:00:00,BF.BLW.FAN01,bf_sinter_fan_blower,1.6138,62.8427,53.1597,3.1729,67.956,0,BF.BLW.FAN01::E02,train
2025-06-13 13:00:00,BF.BLW.FAN01,bf_sinter_fan_blower,1.6671,60.3649,52.7276,2.9808,66.8593,0,BF.BLW.FAN01::E02,train
2025-06-13 14:00:00,BF.BLW.FAN01,bf_sinter_fan_blower,1.5819,63.8271,52.3872,2.9262,66.5629,0,BF.BLW.FAN01::E02,train
2025-06-13 15:00:00,BF.BLW.FAN01,bf_sinter_fan_blower,1.6594,62.6271,52.5523,2.9721,67.395,0,BF.BLW.FAN01::E02,train
2025-06-13 16:00:00,BF.BLW.FAN01,bf_sinter_fan_blower,1.5616,60.2685,52.7694,2.9825,66.0008,0,BF.BLW.FAN01::E02,train
2025-06-13 17:00:00,BF.BLW.FAN01,bf_sinter_fan_blower,1.6129,61.0128,53.096,3.0593,65.7461,0,BF.BLW.FAN01::E02,train
2025-06-13 18:00:00,BF.BLW.FAN01,bf_sinter_fan_blower,1.5751,66.1429,52.841,3.1985,65.9307,0,BF.BLW.FAN01::E02,train
2025-06-13 19:00:00,BF.BLW.FAN01,bf_sinter_fan_blower,1.4263,62.2599,52.6534,3.5246,65.2552,0,BF.BLW.FAN01::E02,train
2025-06-13 20:00:00,BF.BLW.FAN01,bf_sinter_fan_blower,1.3417,64.6733,53.3224,3.8328,64.4544,0,BF.BLW.FAN01::E02,train
2025-06-13 21:00:00,BF.BLW.FAN01,bf_sinter_fan_blower,1.2195,63.166,52.3381,4.0695,64.7419,0,BF.BLW.FAN01::E02,train
2025-06-13 22:00:00,BF.BLW.FAN01,bf_sinter_fan_blower,1.2744,61.3498,52.0416,3.7959,65.1366,0,BF.BLW.FAN01::E02,train
2025-06-13 23:00:00,BF.BLW.FAN01,bf_sinter_fan_blower,1.4805,65.1292,53.9118,3.6373,65.5094,0,BF.BLW.FAN01::E02,train
2025-06-14 00:00:00,BF.BLW.FAN01,bf_sinter_fan_blower,1.5281,65.2039,54.4048,3.6837,67.0494,0,BF.BLW.FAN01::E02,train
2025-06-14 01:00:00,BF.BLW.FAN01,bf_sinter_fan_blower,1.5457,63.7659,54.3442,3.6136,67.1049,0,BF.BLW.FAN01::E02,train
2025-06-14 02:00:00,BF.BLW.FAN01,bf_sinter_fan_blower,1.5192,65.7011,55.3952,3.4768,66.4476,0,BF.BLW.FAN01::E02,train
2025-06-14 03:00:00,BF.BLW.FAN01,bf_sinter_fan_blower,1.4209,68.1709,54.9256,3.8425,67.0333,0,BF.BLW.FAN01::E02,train
2025-06-14 04:00:00,BF.BLW.FAN01,bf_sinter_fan_blower,1.4857,70.6603,55.1086,3.7625,66.8143,0,BF.BLW.FAN01::E02,train
2025-06-14 05:00:00,BF.BLW.FAN01,bf_sinter_fan_blower,1.3976,74.979,53.9642,3.8901,66.2755,0,BF.BLW.FAN01::E02,train
2025-06-14 06:00:00,BF.BLW.FAN01,bf_sinter_fan_blower,1.3646,73.5642,53.1391,3.7938,66.9025,0,BF.BLW.FAN01::E02,train
2025-06-14 07:00:00,BF.BLW.FAN01,bf_sinter_fan_blower,1.3734,69.1681,53.3581,3.7887,66.386,0,BF.BLW.FAN01::E02,train
2025-06-14 08:00:00,BF.BLW.FAN01,bf_sinter_fan_blower,1.4412,70.5302,53.3238,3.6712,65.8371,0,BF.BLW.FAN01::E02,train
2025-06-14 09:00:00,BF.BLW.FAN01,bf_sinter_fan_blower,1.4564,68.3124,53.8889,3.6474,65.1589,0,BF.BLW.FAN01::E02,train
2025-06-14 10:00:00,BF.BLW.FAN01,bf_sinter_fan_blower,1.3772,68.8394,54.3312,3.9736,63.9048,0,BF.BLW.FAN01::E02,train
2025-06-14 11:00:00,BF.BLW.FAN01,bf_sinter_fan_blower,1.3501,69.6551,53.6784,4.1306,63.3026,1,BF.BLW.FAN01::E02,train
2025-06-14 12:00:00,BF.BLW.FAN01,bf_sinter_fan_blower,1.2702,67.2194,52.5729,4.2376,63.0322,0,BF.BLW.FAN01::E02,train
2025-06-14 13:00:00,BF.BLW.FAN01,bf_sinter_fan_blower,1.3496,70.0116,52.4806,4.4314,63.9961,0,BF.BLW.FAN01::E02,train
2025-06-14 14:00:00,BF.BLW.FAN01,bf_sinter_fan_blower,1.4783,72.0848,53.5876,4.5098,64.1035,0,BF.BLW.FAN01::E02,train
2025-06-14 15:00:00,BF.BLW.FAN01,bf_sinter_fan_blower,1.4744,69.663,53.5946,4.5607,63.1138,0,BF.BLW.FAN01::E02,train
2025-06-14 16:00:00,BF.BLW.FAN01,bf_sinter_fan_blower,1.6209,68.7664,54.105,4.5277,62.7382,1,BF.BLW.FAN01::E02,train
2025-06-14 17:00:00,BF.BLW.FAN01,bf_sinter_fan_blower,1.6515,65.7155,53.6772,4.5032,62.7992,0,BF.BLW.FAN01::E02,train
2025-06-14 18:00:00,BF.BLW.FAN01,bf_sinter_fan_blower,1.5945,64.9781,53.7793,4.4757,62.8834,0,BF.BLW.FAN01::E02,train
2025-06-14 19:00:00,BF.BLW.FAN01,bf_sinter_fan_blower,1.417,66.2195,53.783,4.5142,62.1633,0,BF.BLW.FAN01::E02,train
2025-06-14 20:00:00,BF.BLW.FAN01,bf_sinter_fan_blower,1.3414,66.999,52.1912,4.4566,61.3863,1,BF.BLW.FAN01::E02,train
2025-06-14 21:00:00,BF.BLW.FAN01,bf_sinter_fan_blower,1.373,66.9672,52.9626,4.3472,61.2028,0,BF.BLW.FAN01::E02,train
2025-06-14 22:00:00,BF.BLW.FAN01,bf_sinter_fan_blower,1.4243,66.3762,53.8863,4.4841,61.5334,0,BF.BLW.FAN01::E02,train
2025-06-14 23:00:00,BF.BLW.FAN01,bf_sinter_fan_blower,1.5349,67.6245,55.1544,4.581,60.8731,0,BF.BLW.FAN01::E02,train
2025-06-15 00:00:00,BF.BLW.FAN01,bf_sinter_fan_blower,1.4569,71.4241,54.7513,4.6635,61.5669,0,BF.BLW.FAN01::E02,train
2025-06-15 01:00:00,BF.BLW.FAN01,bf_sinter_fan_blower,1.4725,68.8073,54.7651,4.4706,61.8951,0,BF.BLW.FAN01::E02,train
2025-06-15 02:00:00,BF.BLW.FAN01,bf_sinter_fan_blower,1.5192,71.112,54.2063,4.2803,63.4409,0,BF.BLW.FAN01::E02,train
2025-06-15 03:00:00,BF.BLW.FAN01,bf_sinter_fan_blower,1.6498,71.7698,54.6608,4.1542,63.6182,0,BF.BLW.FAN01::E02,train
2025-06-15 04:00:00,BF.BLW.FAN01,bf_sinter_fan_blower,1.5969,68.5677,55.1289,4.4002,63.263,0,BF.BLW.FAN01::E02,train
2025-06-15 05:00:00,BF.BLW.FAN01,bf_sinter_fan_blower,1.6385,71.371,54.1017,4.2304,65.1528,1,BF.BLW.FAN01::E02,train
2025-06-15 06:00:00,BF.BLW.FAN01,bf_sinter_fan_blower,1.6797,72.8443,54.6363,4.2474,65.1159,0,BF.BLW.FAN01::E02,train
2025-06-15 07:00:00,BF.BLW.FAN01,bf_sinter_fan_blower,1.8244,70.0209,55.915,4.1706,65.4511,1,BF.BLW.FAN01::E02,train
2025-06-15 08:00:00,BF.BLW.FAN01,bf_sinter_fan_blower,1.9603,70.6743,56.3384,4.0463,65.5616,0,BF.BLW.FAN01::E02,train
2025-06-15 09:00:00,BF.BLW.FAN01,bf_sinter_fan_blower,1.9351,72.4898,55.199,4.0832,65.7289,0,BF.BLW.FAN01::E02,train
2025-06-15 10:00:00,BF.BLW.FAN01,bf_sinter_fan_blower,1.8625,71.451,54.0377,4.3558,65.0677,0,BF.BLW.FAN01::E02,train
2025-06-15 11:00:00,BF.BLW.FAN01,bf_sinter_fan_blower,1.827,69.4321,54.1121,4.2937,63.9628,1,BF.BLW.FAN01::E02,train
2025-06-15 12:00:00,BF.BLW.FAN01,bf_sinter_fan_blower,1.8616,66.3106,53.1609,4.4732,64.9264,0,BF.BLW.FAN01::E02,train
2025-06-15 13:00:00,BF.BLW.FAN01,bf_sinter_fan_blower,1.6882,65.8156,53.1297,4.5379,63.4223,0,BF.BLW.FAN01::E02,train
2025-06-15 14:00:00,BF.BLW.FAN01,bf_sinter_fan_blower,1.7087,60.246,52.3152,4.4693,63.7874,1,BF.BLW.FAN01::E02,train
2025-06-15 15:00:00,BF.BLW.FAN01,bf_sinter_fan_blower,1.7961,62.314,52.9382,4.6248,64.1334,0,BF.BLW.FAN01::E02,train
2025-06-15 16:00:00,BF.BLW.FAN01,bf_sinter_fan_blower,1.8623,60.1637,53.0539,4.4316,64.1107,0,BF.BLW.FAN01::E02,train
2025-06-15 17:00:00,BF.BLW.FAN01,bf_sinter_fan_blower,1.9171,62.3508,53.8643,4.2275,64.1523,0,BF.BLW.FAN01::E02,train
2025-06-15 18:00:00,BF.BLW.FAN01,bf_sinter_fan_blower,1.9942,65.9648,53.9582,4.3285,65.6596,1,BF.BLW.FAN01::E02,train
2025-06-15 19:00:00,BF.BLW.FAN01,bf_sinter_fan_blower,1.9966,66.539,54.8687,4.4331,65.0438,0,BF.BLW.FAN01::E02,train
2025-06-15 20:00:00,BF.BLW.FAN01,bf_sinter_fan_blower,1.9876,67.0426,54.8223,4.3671,64.9129,1,BF.BLW.FAN01::E02,train
2025-06-15 21:00:00,BF.BLW.FAN01,bf_sinter_fan_blower,1.9402,69.1849,55.0031,4.1594,64.8338,1,BF.BLW.FAN01::E02,train
2025-06-15 22:00:00,BF.BLW.FAN01,bf_sinter_fan_blower,2.0068,70.4175,55.4221,4.2188,65.5811,1,BF.BLW.FAN01::E02,train
2025-06-15 23:00:00,BF.BLW.FAN01,bf_sinter_fan_blower,2.1083,76.8079,56.4126,4.1639,66.6,0,BF.BLW.FAN01::E02,train
2025-06-16 00:00:00,BF.BLW.FAN01,bf_sinter_fan_blower,2.049,75.6469,57.8528,4.4483,66.1786,1,BF.BLW.FAN01::E02,train
2025-06-16 01:00:00,BF.BLW.FAN01,bf_sinter_fan_blower,2.1332,74.8511,59.2556,4.6552,66.8189,1,BF.BLW.FAN01::E02,train
2025-06-16 02:00:00,BF.BLW.FAN01,bf_sinter_fan_blower,2.0072,77.0416,58.5519,4.6562,67.1085,1,BF.BLW.FAN01::E02,train
2025-06-16 03:00:00,BF.BLW.FAN01,bf_sinter_fan_blower,1.973,77.3377,59.0747,4.7282,66.5853,0,BF.BLW.FAN01::E02,train
2025-06-16 04:00:00,BF.BLW.FAN01,bf_sinter_fan_blower,1.9008,78.5421,59.2386,4.7876,66.3452,1,BF.BLW.FAN01::E02,train
2025-06-16 05:00:00,BF.BLW.FAN01,bf_sinter_fan_blower,1.8365,78.3545,59.3861,4.8323,66.6121,1,BF.BLW.FAN01::E02,train
2025-06-16 06:00:00,BF.BLW.FAN01,bf_sinter_fan_blower,1.7998,80.8207,59.8859,4.9637,66.3561,1,BF.BLW.FAN01::E02,train
2025-06-16 07:00:00,BF.BLW.FAN01,bf_sinter_fan_blower,1.8854,78.5182,60.3172,5.0411,66.1697,1,BF.BLW.FAN01::E02,train
2025-06-16 08:00:00,BF.BLW.FAN01,bf_sinter_fan_blower,1.8986,80.5542,60.4974,5.027,66.0213,1,BF.BLW.FAN01::E02,train
2025-06-16 09:00:00,BF.BLW.FAN01,bf_sinter_fan_blower,1.6747,81.7229,59.3661,5.1867,64.9423,0,BF.BLW.FAN01::E02,train
2025-06-16 10:00:00,BF.BLW.FAN01,bf_sinter_fan_blower,1.5641,83.1695,58.4928,5.4042,64.718,1,BF.BLW.FAN01::E02,train
2025-06-16 11:00:00,BF.BLW.FAN01,bf_sinter_fan_blower,1.5603,77.2746,57.5804,5.4503,64.1538,1,BF.BLW.FAN01::E02,train
2025-06-16 12:00:00,BF.BLW.FAN01,bf_sinter_fan_blower,1.5031,75.7744,57.5398,5.6239,62.0549,1,BF.BLW.FAN01::E02,train
2025-06-16 13:00:00,BF.BLW.FAN01,bf_sinter_fan_blower,1.5208,75.685,57.4932,5.7059,61.4062,0,BF.BLW.FAN01::E02,train
2025-06-16 14:00:00,BF.BLW.FAN01,bf_sinter_fan_blower,1.432,80.4792,55.6269,5.6924,60.9428,1,BF.BLW.FAN01::E02,train
2025-06-16 15:00:00,BF.BLW.FAN01,bf_sinter_fan_blower,1.3843,78.3508,54.5679,5.9279,61.4178,1,BF.BLW.FAN01::E02,train
2025-06-16 16:00:00,BF.BLW.FAN01,bf_sinter_fan_blower,1.4978,76.7235,53.799,5.8842,62.0217,0,BF.BLW.FAN01::E02,train
2025-06-16 17:00:00,BF.BLW.FAN01,bf_sinter_fan_blower,1.5802,74.7566,55.192,5.8619,61.5694,1,BF.BLW.FAN01::E02,train
2025-06-16 18:00:00,BF.BLW.FAN01,bf_sinter_fan_blower,1.6014,74.9428,54.82,5.6959,61.2898,1,BF.BLW.FAN01::E02,train
2025-06-16 19:00:00,BF.BLW.FAN01,bf_sinter_fan_blower,1.4205,75.9266,54.1147,5.7536,60.5439,1,BF.BLW.FAN01::E02,train
2025-06-16 20:00:00,BF.BLW.FAN01,bf_sinter_fan_blower,1.4262,74.1534,53.9766,5.6075,60.2226,1,BF.BLW.FAN01::E02,train
2025-06-16 21:00:00,BF.BLW.FAN01,bf_sinter_fan_blower,1.6092,73.0491,54.5413,5.8296,61.2132,1,BF.BLW.FAN01::E02,train
2025-06-16 22:00:00,BF.BLW.FAN01,bf_sinter_fan_blower,1.5761,75.9887,54.8518,5.8097,60.7235,1,BF.BLW.FAN01::E02,train
2025-06-16 23:00:00,BF.BLW.FAN01,bf_sinter_fan_blower,1.5507,72.1692,55.2723,5.8786,61.1881,1,BF.BLW.FAN01::E02,train
2025-06-17 00:00:00,BF.BLW.FAN01,bf_sinter_fan_blower,1.5776,74.5087,55.3932,5.9045,61.2885,1,BF.BLW.FAN01::E02,train
2025-06-17 01:00:00,BF.BLW.FAN01,bf_sinter_fan_blower,1.5701,76.6271,55.5996,6.0191,61.2685,1,BF.BLW.FAN01::E02,train
2025-06-17 02:00:00,BF.BLW.FAN01,bf_sinter_fan_blower,1.5874,76.4557,55.3494,5.8519,61.0795,1,BF.BLW.FAN01::E02,train
2025-06-17 03:00:00,BF.BLW.FAN01,bf_sinter_fan_blower,1.5241,72.9908,54.8113,6.1223,61.196,1,BF.BLW.FAN01::E02,train
2025-06-17 04:00:00,BF.BLW.FAN01,bf_sinter_fan_blower,1.6136,72.0462,55.8894,6.1819,61.2362,1,BF.BLW.FAN01::E02,train
2025-06-17 05:00:00,BF.BLW.FAN01,bf_sinter_fan_blower,1.6762,71.3083,56.5439,6.1327,62.2262,1,BF.BLW.FAN01::E02,train
2025-06-17 06:00:00,BF.BLW.FAN01,bf_sinter_fan_blower,1.6452,69.8823,55.6055,6.1126,61.9882,1,BF.BLW.FAN01::E02,train
2025-06-17 07:00:00,BF.BLW.FAN01,bf_sinter_fan_blower,1.5924,70.2103,55.9185,6.3505,62.6193,1,BF.BLW.FAN01::E02,train
2025-06-17 08:00:00,BF.BLW.FAN01,bf_sinter_fan_blower,1.5709,72.4424,56.3441,6.301,62.0327,1,BF.BLW.FAN01::E02,train
2025-06-17 09:00:00,BF.BLW.FAN01,bf_sinter_fan_blower,1.5794,74.602,56.2174,6.2355,63.248,1,BF.BLW.FAN01::E02,train
2025-06-17 10:00:00,BF.BLW.FAN01,bf_sinter_fan_blower,1.5417,73.7919,56.2352,6.3327,61.7925,1,BF.BLW.FAN01::E02,train
2025-06-17 11:00:00,BF.BLW.FAN01,bf_sinter_fan_blower,1.5364,72.4953,55.2936,6.479,61.5321,1,BF.BLW.FAN01::E02,train
2025-06-17 12:00:00,BF.BLW.FAN01,bf_sinter_fan_blower,1.5714,77.0335,55.2636,6.5798,61.969,1,BF.BLW.FAN01::E02,train
2025-06-17 13:00:00,BF.BLW.FAN01,bf_sinter_fan_blower,1.7359,76.0141,55.7189,6.6522,62.4498,1,BF.BLW.FAN01::E02,train
2025-06-17 14:00:00,BF.BLW.FAN01,bf_sinter_fan_blower,1.667,78.9367,54.9898,6.5376,62.4774,1,BF.BLW.FAN01::E02,train
2025-06-17 15:00:00,BF.BLW.FAN01,bf_sinter_fan_blower,1.5933,80.2832,53.7435,6.5323,61.8722,1,BF.BLW.FAN01::E02,train
2025-06-17 16:00:00,BF.BLW.FAN01,bf_sinter_fan_blower,1.5653,77.8479,54.1435,6.693,61.0415,1,BF.BLW.FAN01::E02,train
2025-06-17 17:00:00,BF.BLW.FAN01,bf_sinter_fan_blower,1.6636,82.6911,54.4939,6.7662,62.2987,1,BF.BLW.FAN01::E02,train
2025-06-17 18:00:00,BF.BLW.FAN01,bf_sinter_fan_blower,1.7116,85.2174,55.0669,6.7705,63.5172,1,BF.BLW.FAN01::E02,train
2025-06-17 19:00:00,BF.BLW.FAN01,bf_sinter_fan_blower,1.6957,84.5173,54.6767,6.7381,63.8782,1,BF.BLW.FAN01::E02,train
2025-06-17 20:00:00,BF.BLW.FAN01,bf_sinter_fan_blower,1.7542,81.6695,55.1534,6.765,64.1879,1,BF.BLW.FAN01::E02,train
2025-06-17 21:00:00,BF.BLW.FAN01,bf_sinter_fan_blower,1.6289,83.6917,55.0669,6.8337,63.9804,1,BF.BLW.FAN01::E02,train
2025-06-17 22:00:00,BF.BLW.FAN01,bf_sinter_fan_blower,1.5977,81.5594,55.7984,6.9036,63.6454,2,BF.BLW.FAN01::E02,train
2025-06-17 23:00:00,BF.BLW.FAN01,bf_sinter_fan_blower,1.6245,81.494,57.0682,6.7075,62.446,1,BF.BLW.FAN01::E02,train
2025-06-18 00:00:00,BF.BLW.FAN01,bf_sinter_fan_blower,1.7128,79.0208,58.6202,6.8492,62.5829,1,BF.BLW.FAN01::E02,train
2025-06-18 01:00:00,BF.BLW.FAN01,bf_sinter_fan_blower,1.7576,82.3092,59.1537,6.9683,62.7123,1,BF.BLW.FAN01::E02,train
2025-06-18 02:00:00,BF.BLW.FAN01,bf_sinter_fan_blower,1.8095,77.4184,59.898,7.1293,63.714,1,BF.BLW.FAN01::E02,train
2025-06-18 03:00:00,BF.BLW.FAN01,bf_sinter_fan_blower,1.9027,83.2322,60.2325,7.0746,65.4098,1,BF.BLW.FAN01::E02,train
2025-06-18 04:00:00,BF.BLW.FAN01,bf_sinter_fan_blower,1.9105,85.2541,59.6365,6.9376,66.1083,1,BF.BLW.FAN01::E02,train
2025-06-18 05:00:00,BF.BLW.FAN01,bf_sinter_fan_blower,1.9385,87.1013,58.7517,6.9074,67.2158,1,BF.BLW.FAN01::E02,train
2025-06-18 06:00:00,BF.BLW.FAN01,bf_sinter_fan_blower,1.8992,85.1011,59.5528,6.9989,66.3464,2,BF.BLW.FAN01::E02,train
2025-06-18 07:00:00,BF.BLW.FAN01,bf_sinter_fan_blower,1.7974,79.575,59.4071,7.1086,66.2476,1,BF.BLW.FAN01::E02,train
2025-06-18 08:00:00,BF.BLW.FAN01,bf_sinter_fan_blower,1.7058,80.7364,59.8026,7.4629,64.9902,1,BF.BLW.FAN01::E02,train
2025-06-18 09:00:00,BF.BLW.FAN01,bf_sinter_fan_blower,1.7204,79.377,59.1777,7.5423,65.0888,1,BF.BLW.FAN01::E02,train
2025-06-18 10:00:00,BF.BLW.FAN01,bf_sinter_fan_blower,1.6347,82.8553,58.5102,7.6272,64.7441,1,BF.BLW.FAN01::E02,train
2025-06-18 11:00:00,BF.BLW.FAN01,bf_sinter_fan_blower,1.6888,82.0301,58.0155,7.7874,65.3867,2,BF.BLW.FAN01::E02,train
2025-06-18 12:00:00,BF.BLW.FAN01,bf_sinter_fan_blower,1.6887,82.6618,58.0651,7.7222,64.2576,1,BF.BLW.FAN01::E02,train
2025-06-18 13:00:00,BF.BLW.FAN01,bf_sinter_fan_blower,1.6198,82.3058,57.6425,7.6411,63.3787,1,BF.BLW.FAN01::E02,train
2025-06-18 14:00:00,BF.BLW.FAN01,bf_sinter_fan_blower,1.6108,83.7505,56.9173,7.6451,63.2105,1,BF.BLW.FAN01::E02,train
2025-06-18 15:00:00,BF.BLW.FAN01,bf_sinter_fan_blower,1.5928,86.7108,56.0821,7.8958,63.1163,1,BF.BLW.FAN01::E02,train
2025-06-18 16:00:00,BF.BLW.FAN01,bf_sinter_fan_blower,1.5805,90.0102,54.9073,7.8586,64.4365,2,BF.BLW.FAN01::E02,train
2025-06-18 17:00:00,BF.BLW.FAN01,bf_sinter_fan_blower,1.5562,89.0147,54.668,8.0136,64.0355,1,BF.BLW.FAN01::E02,train
2025-06-18 18:00:00,BF.BLW.FAN01,bf_sinter_fan_blower,1.5292,86.0431,55.0056,7.9561,63.6514,1,BF.BLW.FAN01::E02,train
2025-06-18 19:00:00,BF.BLW.FAN01,bf_sinter_fan_blower,1.445,89.6957,55.5436,7.9306,62.023,1,BF.BLW.FAN01::E02,train
2025-06-18 20:00:00,BF.BLW.FAN01,bf_sinter_fan_blower,1.369,87.845,55.2812,8.1251,61.151,1,BF.BLW.FAN01::E02,train
2025-06-18 21:00:00,BF.BLW.FAN01,bf_sinter_fan_blower,1.6009,86.7812,56.8607,8.0118,62.0339,1,BF.BLW.FAN01::E02,train
2025-06-18 22:00:00,BF.BLW.FAN01,bf_sinter_fan_blower,1.5332,86.1162,56.7226,7.9699,62.5562,1,BF.BLW.FAN01::E02,train
2025-06-18 23:00:00,BF.BLW.FAN01,bf_sinter_fan_blower,1.4739,84.2718,56.8768,7.9561,63.019,1,BF.BLW.FAN01::E02,train
2025-06-19 00:00:00,BF.BLW.FAN01,bf_sinter_fan_blower,1.5031,85.0472,57.3114,7.818,62.6392,2,BF.BLW.FAN01::E02,train
2025-06-19 01:00:00,BF.BLW.FAN01,bf_sinter_fan_blower,1.5475,84.9723,58.3315,7.9188,63.3435,1,BF.BLW.FAN01::E02,train
2025-06-19 02:00:00,BF.BLW.FAN01,bf_sinter_fan_blower,1.6612,86.7182,58.8612,7.6907,63.9391,1,BF.BLW.FAN01::E02,train
2025-06-19 03:00:00,BF.BLW.FAN01,bf_sinter_fan_blower,1.7747,84.2558,58.6857,7.5245,64.5875,1,BF.BLW.FAN01::E02,train
2025-06-19 04:00:00,BF.BLW.FAN01,bf_sinter_fan_blower,1.8021,83.5464,59.2894,7.6392,65.2161,1,BF.BLW.FAN01::E02,train
2025-06-19 05:00:00,BF.BLW.FAN01,bf_sinter_fan_blower,1.8191,80.2916,59.2926,7.6867,64.9398,1,BF.BLW.FAN01::E02,train
2025-06-19 06:00:00,BF.BLW.FAN01,bf_sinter_fan_blower,1.8334,80.5508,59.0164,7.5854,64.9861,1,BF.BLW.FAN01::E02,train
2025-06-19 07:00:00,BF.BLW.FAN01,bf_sinter_fan_blower,1.8002,82.0816,60.476,7.7223,64.4808,2,BF.BLW.FAN01::E02,train
2025-06-19 08:00:00,BF.BLW.FAN01,bf_sinter_fan_blower,1.8388,80.0067,62.0725,7.9703,63.9469,1,BF.BLW.FAN01::E02,train
2025-06-19 09:00:00,BF.BLW.FAN01,bf_sinter_fan_blower,1.7464,84.7075,61.7579,7.9853,63.2228,2,BF.BLW.FAN01::E02,train
2025-06-19 10:00:00,BF.BLW.FAN01,bf_sinter_fan_blower,1.5973,85.4694,61.0614,8.0105,62.8245,1,BF.BLW.FAN01::E02,train
2025-06-19 11:00:00,BF.BLW.FAN01,bf_sinter_fan_blower,1.6728,83.1242,61.049,7.9106,62.8862,2,BF.BLW.FAN01::E02,train
2025-06-19 12:00:00,BF.BLW.FAN01,bf_sinter_fan_blower,1.69,80.2255,60.6998,8.0488,62.8104,2,BF.BLW.FAN01::E02,train
2025-06-19 13:00:00,BF.BLW.FAN01,bf_sinter_fan_blower,1.6116,82.5328,59.9974,8.0832,62.4281,1,BF.BLW.FAN01::E02,train
2025-06-19 14:00:00,BF.BLW.FAN01,bf_sinter_fan_blower,1.731,86.6482,59.5453,8.0653,63.0813,1,BF.BLW.FAN01::E02,train
2025-06-19 15:00:00,BF.BLW.FAN01,bf_sinter_fan_blower,1.7518,82.0796,60.4673,8.0386,61.7677,2,BF.BLW.FAN01::E02,train
2025-06-19 16:00:00,BF.BLW.FAN01,bf_sinter_fan_blower,1.6779,86.3764,61.0268,8.362,61.304,2,BF.BLW.FAN01::E02,train
2025-06-19 17:00:00,BF.BLW.FAN01,bf_sinter_fan_blower,1.7168,85.6166,60.6415,8.2234,61.4824,1,BF.BLW.FAN01::E02,train
2025-06-19 18:00:00,BF.BLW.FAN01,bf_sinter_fan_blower,1.6799,81.8514,60.0009,8.288,60.7661,1,BF.BLW.FAN01::E02,train
2025-06-19 19:00:00,BF.BLW.FAN01,bf_sinter_fan_blower,1.6533,84.048,60.1732,8.3949,60.6024,1,BF.BLW.FAN01::E02,train
2025-06-19 20:00:00,BF.BLW.FAN01,bf_sinter_fan_blower,1.6444,87.4273,60.0217,8.6185,60.7364,2,BF.BLW.FAN01::E02,train
2025-06-19 21:00:00,BF.BLW.FAN01,bf_sinter_fan_blower,1.6123,86.515,59.5098,8.662,60.6438,2,BF.BLW.FAN01::E02,train
2025-06-19 22:00:00,BF.BLW.FAN01,bf_sinter_fan_blower,1.535,84.8866,60.0157,8.6965,59.3359,1,BF.BLW.FAN01::E02,train
2025-06-19 23:00:00,BF.BLW.FAN01,bf_sinter_fan_blower,1.4095,80.7787,59.2857,8.7764,58.8396,1,BF.BLW.FAN01::E02,train
2025-06-20 00:00:00,BF.BLW.FAN01,bf_sinter_fan_blower,1.3216,82.8536,59.256,8.8898,59.1492,2,BF.BLW.FAN01::E02,train
2025-06-20 01:00:00,BF.BLW.FAN01,bf_sinter_fan_blower,1.3728,84.2056,59.1941,8.7662,59.7481,1,BF.BLW.FAN01::E02,train
2025-06-20 02:00:00,BF.BLW.FAN01,bf_sinter_fan_blower,1.3681,87.7615,59.0424,8.7473,60.632,2,BF.BLW.FAN01::E02,train
2025-06-20 03:00:00,BF.BLW.FAN01,bf_sinter_fan_blower,1.2167,89.9056,58.456,8.9046,60.0363,2,BF.BLW.FAN01::E02,train
2025-06-20 04:00:00,BF.BLW.FAN01,bf_sinter_fan_blower,1.2568,93.0984,57.2384,8.8687,60.8479,2,BF.BLW.FAN01::E02,train
2025-06-20 05:00:00,BF.BLW.FAN01,bf_sinter_fan_blower,1.2503,94.2078,57.4064,8.886,60.5001,2,BF.BLW.FAN01::E02,train
2025-06-20 06:00:00,BF.BLW.FAN01,bf_sinter_fan_blower,1.3921,90.5742,57.2069,8.7937,60.7605,2,BF.BLW.FAN01::E02,train
2025-06-20 07:00:00,BF.BLW.FAN01,bf_sinter_fan_blower,1.5977,91.1836,57.8755,8.856,60.2387,2,BF.BLW.FAN01::E02,train
2025-06-20 08:00:00,BF.BLW.FAN01,bf_sinter_fan_blower,1.6917,91.9807,58.4364,8.9937,61.3446,2,BF.BLW.FAN01::E02,train
2025-06-20 09:00:00,BF.BLW.FAN01,bf_sinter_fan_blower,1.6911,95.5393,58.931,9.2026,60.9291,2,BF.BLW.FAN01::E02,train
2025-06-20 10:00:00,BF.BLW.FAN01,bf_sinter_fan_blower,1.8136,97.0332,59.2846,9.1462,61.7298,2,BF.BLW.FAN01::E02,train
2025-06-20 11:00:00,BF.BLW.FAN01,bf_sinter_fan_blower,1.8547,91.9689,59.3415,9.2556,61.6219,1,BF.BLW.FAN01::E02,train
2025-06-20 12:00:00,BF.BLW.FAN01,bf_sinter_fan_blower,1.7378,90.2117,58.4877,9.1953,61.2773,2,BF.BLW.FAN01::E02,train
2025-06-20 13:00:00,BF.BLW.FAN01,bf_sinter_fan_blower,1.8586,92.5058,58.381,9.1575,62.9673,2,BF.BLW.FAN01::E02,train
2025-06-20 14:00:00,BF.BLW.FAN01,bf_sinter_fan_blower,1.8678,35.0087,57.1831,0.862,63.4008,0,,train
2025-06-20 15:00:00,BF.BLW.FAN01,bf_sinter_fan_blower,1.8507,35.5622,56.2977,0.9454,63.8556,0,,train
2025-06-20 16:00:00,BF.BLW.FAN01,bf_sinter_fan_blower,1.8198,37.5724,55.8035,0.8365,63.5305,0,,train
2025-06-20 17:00:00,BF.BLW.FAN01,bf_sinter_fan_blower,1.6656,38.7749,54.5578,1.0382,62.9095,0,,train
2025-06-20 18:00:00,BF.BLW.FAN01,bf_sinter_fan_blower,1.5143,36.9462,54.6977,1.1488,61.2179,0,,train
2025-06-20 19:00:00,BF.BLW.FAN01,bf_sinter_fan_blower,1.4789,30.2109,54.5491,1.1655,61.0211,0,,train
2025-06-20 20:00:00,BF.BLW.FAN01,bf_sinter_fan_blower,1.4678,27.2587,53.9702,1.2512,61.8768,0,,train
2025-06-20 21:00:00,BF.BLW.FAN01,bf_sinter_fan_blower,1.5509,22.4834,55.5328,1.2496,61.4463,0,,train
2025-06-20 22:00:00,BF.BLW.FAN01,bf_sinter_fan_blower,1.5527,24.8357,55.8618,1.285,61.3239,0,,train
2025-06-20 23:00:00,BF.BLW.FAN01,bf_sinter_fan_blower,1.6355,23.1963,55.9484,1.5218,63.3857,0,,train
2025-06-21 00:00:00,BF.BLW.FAN01,bf_sinter_fan_blower,1.6476,20.9895,57.6859,1.6794,63.4283,0,,train
2025-06-21 01:00:00,BF.BLW.FAN01,bf_sinter_fan_blower,1.604,22.1027,58.2761,1.6308,62.9713,0,,train
2025-06-21 02:00:00,BF.BLW.FAN01,bf_sinter_fan_blower,1.573,23.333,58.5201,1.5712,62.6679,0,,train
2025-06-21 03:00:00,BF.BLW.FAN01,bf_sinter_fan_blower,1.6015,23.8648,59.0432,1.3621,61.6702,0,,train
2025-06-21 04:00:00,BF.BLW.FAN01,bf_sinter_fan_blower,1.5537,23.889,58.9775,1.3082,61.3528,0,,train
2025-06-21 05:00:00,BF.BLW.FAN01,bf_sinter_fan_blower,1.5178,21.001,58.2722,1.3162,61.7727,0,,train
2025-06-21 06:00:00,BF.BLW.FAN01,bf_sinter_fan_blower,1.3602,19.7619,58.959,1.4586,60.7672,0,,train
2025-06-21 07:00:00,BF.BLW.FAN01,bf_sinter_fan_blower,1.5488,14.5574,59.5637,1.2912,61.0363,0,,train
2025-06-21 08:00:00,BF.BLW.FAN01,bf_sinter_fan_blower,1.5138,16.5334,58.2601,1.066,60.0638,0,,train
2025-06-21 09:00:00,BF.BLW.FAN01,bf_sinter_fan_blower,1.5652,14.5664,58.2033,1.0226,59.1756,0,,train
2025-06-21 10:00:00,BF.BLW.FAN01,bf_sinter_fan_blower,1.5489,17.5244,56.9458,0.9651,59.0632,0,,train
2025-06-21 11:00:00,BF.BLW.FAN01,bf_sinter_fan_blower,1.5902,21.1393,57.3399,0.934,58.9502,0,,train
2025-06-21 12:00:00,BF.BLW.FAN01,bf_sinter_fan_blower,1.6649,26.0795,57.4774,0.8755,59.0603,0,,train
2025-06-21 13:00:00,BF.BLW.FAN01,bf_sinter_fan_blower,1.6402,26.309,57.0263,0.829,58.2414,0,,train
2025-06-21 14:00:00,BF.BLW.FAN01,bf_sinter_fan_blower,1.5499,28.582,56.8107,0.8769,57.2702,0,,train
2025-06-21 15:00:00,BF.BLW.FAN01,bf_sinter_fan_blower,1.5623,28.7912,55.3703,0.8301,57.4262,0,,train
2025-06-21 16:00:00,BF.BLW.FAN01,bf_sinter_fan_blower,1.6468,27.2411,55.6696,0.8766,57.6014,0,,train
2025-06-21 17:00:00,BF.BLW.FAN01,bf_sinter_fan_blower,1.6093,29.7953,55.2618,0.7695,57.1401,0,,train
2025-06-21 18:00:00,BF.BLW.FAN01,bf_sinter_fan_blower,1.6517,35.9648,55.4811,0.7895,57.4681,0,,train
2025-06-21 19:00:00,BF.BLW.FAN01,bf_sinter_fan_blower,1.7215,35.5684,56.4452,0.6526,58.0214,0,,train
2025-06-21 20:00:00,BF.BLW.FAN01,bf_sinter_fan_blower,1.6911,34.691,56.1555,0.6998,57.7908,0,,train
2025-06-21 21:00:00,BF.BLW.FAN01,bf_sinter_fan_blower,1.8398,33.2412,57.252,0.8451,57.8847,0,,train
2025-06-21 22:00:00,BF.BLW.FAN01,bf_sinter_fan_blower,1.7671,31.4686,56.7835,0.7796,57.9371,0,,train
2025-06-21 23:00:00,BF.BLW.FAN01,bf_sinter_fan_blower,1.8527,28.4811,57.7104,0.7704,57.7561,0,,train
2025-06-22 00:00:00,BF.BLW.FAN01,bf_sinter_fan_blower,1.8725,31.233,57.7463,0.6937,58.9597,0,,train
2025-06-22 01:00:00,BF.BLW.FAN01,bf_sinter_fan_blower,1.9018,32.2238,57.8612,0.7986,59.8296,0,,train
2025-06-22 02:00:00,BF.BLW.FAN01,bf_sinter_fan_blower,1.939,31.6632,57.2467,0.7031,61.1848,0,,train
2025-06-22 03:00:00,BF.BLW.FAN01,bf_sinter_fan_blower,1.8438,33.6236,57.5225,0.7426,60.8568,0,,train
2025-06-22 04:00:00,BF.BLW.FAN01,bf_sinter_fan_blower,1.8855,33.3631,57.0994,0.6021,61.536,0,,train
2025-06-22 05:00:00,BF.BLW.FAN01,bf_sinter_fan_blower,1.8573,34.1588,56.2338,0.7242,62.3247,0,,train
2025-06-22 06:00:00,BF.BLW.FAN01,bf_sinter_fan_blower,2.0166,33.6506,57.1692,0.6658,63.3318,0,,train
2025-06-22 07:00:00,BF.BLW.FAN01,bf_sinter_fan_blower,1.9116,33.8429,57.0223,0.8221,62.5317,0,,train
2025-06-22 08:00:00,BF.BLW.FAN01,bf_sinter_fan_blower,1.8732,35.1685,56.1174,0.9619,62.4327,0,,train
2025-06-22 09:00:00,BF.BLW.FAN01,bf_sinter_fan_blower,1.7844,33.3433,55.3576,0.9859,62.4894,0,,train
2025-06-22 10:00:00,BF.BLW.FAN01,bf_sinter_fan_blower,1.7536,31.9708,54.7801,0.9072,62.1787,0,,train
2025-06-22 11:00:00,BF.BLW.FAN01,bf_sinter_fan_blower,1.6513,30.2244,54.8025,1.0908,61.9553,0,,train
2025-06-22 12:00:00,BF.BLW.FAN01,bf_sinter_fan_blower,1.7454,26.5004,53.9977,0.9563,63.6096,0,,train
2025-06-22 13:00:00,BF.BLW.FAN01,bf_sinter_fan_blower,1.5476,24.4479,53.1021,0.9498,62.2611,0,,train
2025-06-22 14:00:00,BF.BLW.FAN01,bf_sinter_fan_blower,1.488,28.7335,53.0082,0.9895,61.7373,0,,train
2025-06-22 15:00:00,BF.BLW.FAN01,bf_sinter_fan_blower,1.4115,28.533,52.5809,0.9447,60.8349,0,,train
2025-06-22 16:00:00,BF.BLW.FAN01,bf_sinter_fan_blower,1.4588,25.9555,53.0928,0.8462,59.6526,0,,train
2025-06-22 17:00:00,BF.BLW.FAN01,bf_sinter_fan_blower,1.3993,27.0601,52.4028,0.8981,59.0125,0,,train
2025-06-22 18:00:00,BF.BLW.FAN01,bf_sinter_fan_blower,1.4289,31.3359,52.7211,0.9486,59.7531,0,,train
2025-06-22 19:00:00,BF.BLW.FAN01,bf_sinter_fan_blower,1.4046,34.3517,52.9237,0.8538,59.0609,0,,train
2025-06-22 20:00:00,BF.BLW.FAN01,bf_sinter_fan_blower,1.4462,36.8265,53.6087,0.9711,60.1953,0,,train
2025-06-22 21:00:00,BF.BLW.FAN01,bf_sinter_fan_blower,1.3469,39.6776,53.1428,1.0898,58.9562,0,,train
2025-06-22 22:00:00,BF.BLW.FAN01,bf_sinter_fan_blower,1.2435,39.6941,52.6114,1.1255,57.5206,0,,train
2025-06-22 23:00:00,BF.BLW.FAN01,bf_sinter_fan_blower,1.2893,42.5026,52.1464,1.1635,58.811,0,,train
2025-06-23 00:00:00,BF.BLW.FAN01,bf_sinter_fan_blower,1.2894,42.975,51.7585,1.0583,59.0223,0,,train
2025-06-23 01:00:00,BF.BLW.FAN01,bf_sinter_fan_blower,1.1761,41.2664,51.8879,1.1887,59.6083,0,,train
2025-06-23 02:00:00,BF.BLW.FAN01,bf_sinter_fan_blower,1.1395,38.0751,51.901,1.1993,59.9031,0,,train
2025-06-23 03:00:00,BF.BLW.FAN01,bf_sinter_fan_blower,1.2251,38.3963,51.7139,1.2179,60.8259,0,,train
2025-06-23 04:00:00,BF.BLW.FAN01,bf_sinter_fan_blower,1.3506,39.1098,52.4235,1.1679,62.0771,0,,train
2025-06-23 05:00:00,BF.BLW.FAN01,bf_sinter_fan_blower,1.4669,39.7555,52.9465,1.3796,62.7057,0,,train
2025-06-23 06:00:00,BF.BLW.FAN01,bf_sinter_fan_blower,1.3411,38.9558,52.4413,1.4714,62.6356,0,,train
2025-06-23 07:00:00,BF.BLW.FAN01,bf_sinter_fan_blower,1.4332,37.3269,52.9808,1.3304,63.1056,0,,train
2025-06-23 08:00:00,BF.BLW.FAN01,bf_sinter_fan_blower,1.3852,37.4315,52.6106,1.3425,62.0341,0,,train
2025-06-23 09:00:00,BF.BLW.FAN01,bf_sinter_fan_blower,1.5076,33.8736,53.3749,1.2672,62.1354,0,,train
2025-06-23 10:00:00,BF.BLW.FAN01,bf_sinter_fan_blower,1.5179,33.4282,52.949,1.2481,60.6673,0,,train
2025-06-23 11:00:00,BF.BLW.FAN01,bf_sinter_fan_blower,1.6705,31.8977,53.7247,1.1132,61.5944,0,,train
2025-06-23 12:00:00,BF.BLW.FAN01,bf_sinter_fan_blower,1.6879,36.455,53.5183,1.2449,61.7103,0,,train
2025-06-23 13:00:00,BF.BLW.FAN01,bf_sinter_fan_blower,1.7274,37.7071,53.6116,1.1969,62.0927,0,,train
2025-06-23 14:00:00,BF.BLW.FAN01,bf_sinter_fan_blower,1.6613,37.9696,53.1282,1.259,61.6631,0,,train
2025-06-23 15:00:00,BF.BLW.FAN01,bf_sinter_fan_blower,1.7691,35.8848,53.8368,0.9798,61.0912,0,,train
2025-06-23 16:00:00,BF.BLW.FAN01,bf_sinter_fan_blower,1.6157,40.1011,52.6793,1.0978,60.8324,0,,train
2025-06-23 17:00:00,BF.BLW.FAN01,bf_sinter_fan_blower,1.6273,37.3435,51.6178,0.9839,61.5171,0,,train
2025-06-23 18:00:00,BF.BLW.FAN01,bf_sinter_fan_blower,1.6192,38.624,52.1259,1.0028,61.4555,0,,train
2025-06-23 19:00:00,BF.BLW.FAN01,bf_sinter_fan_blower,1.6314,39.9236,53.0752,1.0471,61.9418,0,,train
2025-06-23 20:00:00,BF.BLW.FAN01,bf_sinter_fan_blower,1.6493,36.9415,53.3296,1.1923,62.8614,0,,train
2025-06-23 21:00:00,BF.BLW.FAN01,bf_sinter_fan_blower,1.6829,35.0541,53.1646,1.2267,62.8117,0,,train
2025-06-23 22:00:00,BF.BLW.FAN01,bf_sinter_fan_blower,1.7187,31.5054,53.8039,1.176,63.0837,0,,train
2025-06-23 23:00:00,BF.BLW.FAN01,bf_sinter_fan_blower,1.6639,32.2095,53.7736,1.1858,62.9186,0,,train
2025-06-24 00:00:00,BF.BLW.FAN01,bf_sinter_fan_blower,1.6996,29.6934,55.6711,1.242,63.4555,0,,train
2025-06-24 01:00:00,BF.BLW.FAN01,bf_sinter_fan_blower,1.7375,29.9017,56.6596,1.2547,63.3036,0,,train
2025-06-24 02:00:00,BF.BLW.FAN01,bf_sinter_fan_blower,1.7009,28.6724,56.342,1.3449,63.8799,0,,train
2025-06-24 03:00:00,BF.BLW.FAN01,bf_sinter_fan_blower,1.6318,25.1924,56.2368,1.2677,63.2234,0,,train
2025-06-24 04:00:00,BF.BLW.FAN01,bf_sinter_fan_blower,1.6843,24.2126,56.9684,1.2156,63.2358,0,,train
2025-06-24 05:00:00,BF.BLW.FAN01,bf_sinter_fan_blower,1.6451,23.438,57.1443,1.3015,62.8792,0,,train
2025-06-24 06:00:00,BF.BLW.FAN01,bf_sinter_fan_blower,1.6727,23.7764,56.873,1.2415,63.4394,0,,train
2025-06-24 07:00:00,BF.BLW.FAN01,bf_sinter_fan_blower,1.6257,23.4482,57.3608,1.1423,62.3054,0,,train
2025-06-24 08:00:00,BF.BLW.FAN01,bf_sinter_fan_blower,1.7113,23.1992,58.524,1.089,62.1513,0,,train
2025-06-24 09:00:00,BF.BLW.FAN01,bf_sinter_fan_blower,1.6384,24.7224,58.3447,1.2463,62.2469,0,,train
2025-06-24 10:00:00,BF.BLW.FAN01,bf_sinter_fan_blower,1.6964,26.0586,58.981,1.4336,61.5469,0,,train
2025-06-24 11:00:00,BF.BLW.FAN01,bf_sinter_fan_blower,1.5645,27.5,57.9671,1.4696,60.6175,0,,train
2025-06-24 12:00:00,BF.BLW.FAN01,bf_sinter_fan_blower,1.6196,27.1166,57.338,1.3916,61.0354,0,,train
2025-06-24 13:00:00,BF.BLW.FAN01,bf_sinter_fan_blower,1.5801,26.0849,56.5585,1.4771,60.6451,0,,train
2025-06-24 14:00:00,BF.BLW.FAN01,bf_sinter_fan_blower,1.4176,22.468,55.9509,1.4811,59.1275,0,,train
2025-06-24 15:00:00,BF.BLW.FAN01,bf_sinter_fan_blower,1.3397,21.7307,55.8542,1.4325,57.6508,0,,train
2025-06-24 16:00:00,BF.BLW.FAN01,bf_sinter_fan_blower,1.3975,20.1255,56.1795,1.2698,57.3596,0,,train
2025-06-24 17:00:00,BF.BLW.FAN01,bf_sinter_fan_blower,1.4026,18.6441,56.7327,1.2678,56.6435,0,,train
2025-06-24 18:00:00,BF.BLW.FAN01,bf_sinter_fan_blower,1.4907,18.9926,57.0534,1.2709,56.6831,0,,train
2025-06-24 19:00:00,BF.BLW.FAN01,bf_sinter_fan_blower,1.4852,21.0005,56.6667,1.4221,62.014,0,,train
2025-06-24 20:00:00,BF.BLW.FAN01,bf_sinter_fan_blower,1.4253,20.9184,56.9859,1.3466,71.0151,0,,train
2025-06-24 21:00:00,BF.BLW.FAN01,bf_sinter_fan_blower,1.4455,20.1376,56.884,1.3592,81.1785,0,,train
2025-06-24 22:00:00,BF.BLW.FAN01,bf_sinter_fan_blower,1.3888,20.5069,56.3303,1.4374,85.135,0,,train
2025-06-24 23:00:00,BF.BLW.FAN01,bf_sinter_fan_blower,1.4551,16.9177,56.7117,1.3948,81.848,0,,train
2025-06-25 00:00:00,BF.BLW.FAN01,bf_sinter_fan_blower,1.3221,20.6411,55.6858,1.3011,72.4127,0,,train
2025-06-25 01:00:00,BF.BLW.FAN01,bf_sinter_fan_blower,1.388,20.5564,56.0636,1.0175,63.8469,0,,train
2025-06-25 02:00:00,BF.BLW.FAN01,bf_sinter_fan_blower,1.515,23.4416,56.5322,1.2099,61.7698,0,,train
2025-06-25 03:00:00,BF.BLW.FAN01,bf_sinter_fan_blower,1.3593,26.4178,55.5958,1.2486,60.38,0,,train
2025-06-25 04:00:00,BF.BLW.FAN01,bf_sinter_fan_blower,1.3208,27.7258,54.658,1.1973,60.821,0,,train
2025-06-25 05:00:00,BF.BLW.FAN01,bf_sinter_fan_blower,1.176,30.3043,53.85,1.237,60.9633,0,,train
2025-06-25 06:00:00,BF.BLW.FAN01,bf_sinter_fan_blower,1.1189,27.2061,53.6869,1.2729,60.8082,0,,train
2025-06-25 07:00:00,BF.BLW.FAN01,bf_sinter_fan_blower,1.1806,24.1815,53.8337,1.3681,60.4854,0,,train
2025-06-25 08:00:00,BF.BLW.FAN01,bf_sinter_fan_blower,1.2138,24.3548,53.3717,1.2696,60.6539,0,,train
2025-06-25 09:00:00,BF.BLW.FAN01,bf_sinter_fan_blower,1.2613,26.2722,54.852,1.5913,59.1623,0,,train
2025-06-25 10:00:00,BF.BLW.FAN01,bf_sinter_fan_blower,1.4376,30.8799,55.0422,1.4365,60.2265,0,,train
2025-06-25 11:00:00,BF.BLW.FAN01,bf_sinter_fan_blower,1.5244,27.4202,55.6372,1.4468,59.8478,0,,train
2025-06-25 12:00:00,BF.BLW.FAN01,bf_sinter_fan_blower,1.3925,31.8837,55.4385,1.5839,58.84,0,,train
2025-06-25 13:00:00,BF.BLW.FAN01,bf_sinter_fan_blower,1.3814,34.3972,55.2795,1.612,58.3419,0,,train
2025-06-25 14:00:00,BF.BLW.FAN01,bf_sinter_fan_blower,1.2858,35.4133,54.0926,1.759,57.6274,0,,train
2025-06-25 15:00:00,BF.BLW.FAN01,bf_sinter_fan_blower,1.3203,33.4672,54.0514,1.6919,57.667,0,,train
2025-06-25 16:00:00,BF.BLW.FAN01,bf_sinter_fan_blower,1.427,27.2242,53.9172,1.6097,58.4732,0,,train
2025-06-25 17:00:00,BF.BLW.FAN01,bf_sinter_fan_blower,1.3936,29.1862,53.3191,1.7023,59.5879,0,,train
2025-06-25 18:00:00,BF.BLW.FAN01,bf_sinter_fan_blower,1.4767,26.0379,53.7872,1.6292,60.1215,0,,train
2025-06-25 19:00:00,BF.BLW.FAN01,bf_sinter_fan_blower,1.5157,25.8453,53.8539,1.4104,59.365,0,,train
2025-06-25 20:00:00,BF.BLW.FAN01,bf_sinter_fan_blower,1.5713,20.9543,54.9809,1.2265,59.3088,0,,train
2025-06-25 21:00:00,BF.BLW.FAN01,bf_sinter_fan_blower,1.6983,21.6921,54.4102,1.1088,61.527,0,,train
2025-06-25 22:00:00,BF.BLW.FAN01,bf_sinter_fan_blower,1.602,22.3276,54.9866,1.2403,61.0574,0,,train
2025-06-25 23:00:00,BF.BLW.FAN01,bf_sinter_fan_blower,1.7078,24.2756,55.8228,1.1105,61.8249,0,,train
2025-06-26 00:00:00,BF.BLW.FAN01,bf_sinter_fan_blower,1.7925,27.5579,56.2167,0.9947,62.9282,0,,train
2025-06-26 01:00:00,BF.BLW.FAN01,bf_sinter_fan_blower,1.8192,26.9472,57.4057,1.0151,62.5821,0,,train
2025-06-26 02:00:00,BF.BLW.FAN01,bf_sinter_fan_blower,1.8436,29.1617,57.3488,1.0752,63.1434,0,,train
2025-06-26 03:00:00,BF.BLW.FAN01,bf_sinter_fan_blower,1.6058,29.9909,56.1747,1.2077,62.2837,0,,train
2025-06-26 04:00:00,BF.BLW.FAN01,bf_sinter_fan_blower,1.5015,32.5638,57.1744,1.4519,60.9353,0,,train
2025-06-26 05:00:00,BF.BLW.FAN01,bf_sinter_fan_blower,1.5047,34.3551,57.4007,1.465,61.9623,0,,train
2025-06-26 06:00:00,BF.BLW.FAN01,bf_sinter_fan_blower,1.398,38.8983,57.4689,1.3451,60.7432,0,,train
2025-06-26 07:00:00,BF.BLW.FAN01,bf_sinter_fan_blower,1.4242,34.5472,56.6077,1.1196,61.3475,0,,train
2025-06-26 08:00:00,BF.BLW.FAN01,bf_sinter_fan_blower,1.3325,31.5064,56.4437,1.289,60.1901,0,,train
2025-06-26 09:00:00,BF.BLW.FAN01,bf_sinter_fan_blower,1.3976,27.9656,56.8613,1.4732,60.297,0,,train
2025-06-26 10:00:00,BF.BLW.FAN01,bf_sinter_fan_blower,1.3732,,57.0763,1.4402,,0,,train
2025-06-26 11:00:00,BF.BLW.FAN01,bf_sinter_fan_blower,1.3037,29.8953,55.4955,1.3513,58.0883,0,,train
2025-06-26 12:00:00,BF.BLW.FAN01,bf_sinter_fan_blower,1.2583,30.3254,55.1506,1.567,56.9375,0,,train
2025-06-26 13:00:00,BF.BLW.FAN01,bf_sinter_fan_blower,1.1532,33.2817,54.8281,1.7675,55.8992,0,,train
2025-06-26 14:00:00,BF.BLW.FAN01,bf_sinter_fan_blower,1.1488,34.3699,54.73,1.7398,54.951,0,,train
2025-06-26 15:00:00,BF.BLW.FAN01,bf_sinter_fan_blower,0.9631,34.0974,52.5251,1.6674,53.6086,0,,train
2025-06-26 16:00:00,BF.BLW.FAN01,bf_sinter_fan_blower,1.0411,36.8163,53.0205,1.515,53.609,0,,train
2025-06-26 17:00:00,BF.BLW.FAN01,bf_sinter_fan_blower,1.2471,30.6561,52.9296,1.1623,55.3128,0,,train
2025-06-26 18:00:00,BF.BLW.FAN01,bf_sinter_fan_blower,1.2587,29.7829,52.7533,1.114,55.2592,0,,train
2025-06-26 19:00:00,BF.BLW.FAN01,bf_sinter_fan_blower,1.2992,34.0584,54.2634,1.1524,55.3996,0,,train
2025-06-26 20:00:00,BF.BLW.FAN01,bf_sinter_fan_blower,1.2032,35.4595,53.6404,0.9937,55.2338,0,,train
2025-06-26 21:00:00,BF.BLW.FAN01,bf_sinter_fan_blower,1.2545,36.706,52.643,0.9314,55.1523,0,,train
2025-06-26 22:00:00,BF.BLW.FAN01,bf_sinter_fan_blower,1.2532,29.8986,52.5436,0.8875,55.4039,0,,train
2025-06-26 23:00:00,BF.BLW.FAN01,bf_sinter_fan_blower,1.3542,22.5793,53.8124,1.0196,55.8569,0,,train
2025-06-27 00:00:00,BF.BLW.FAN01,bf_sinter_fan_blower,1.5264,19.4325,55.7774,0.9452,56.8271,0,,train
2025-06-27 01:00:00,BF.BLW.FAN01,bf_sinter_fan_blower,1.6006,21.3731,56.6108,0.9133,57.2548,0,,train
2025-06-27 02:00:00,BF.BLW.FAN01,bf_sinter_fan_blower,1.6007,22.6102,58.1685,1.0498,56.5499,0,,train
2025-06-27 03:00:00,BF.BLW.FAN01,bf_sinter_fan_blower,1.5798,23.7484,58.95,1.1023,56.8546,0,,train
2025-06-27 04:00:00,BF.BLW.FAN01,bf_sinter_fan_blower,1.5418,24.8868,59.1969,1.2727,57.503,0,,train
2025-06-27 05:00:00,BF.BLW.FAN01,bf_sinter_fan_blower,1.5289,21.2697,60.1596,1.2247,58.0108,0,,train
2025-06-27 06:00:00,BF.BLW.FAN01,bf_sinter_fan_blower,1.5281,17.1561,60.8286,1.1216,57.7499,0,,train
2025-06-27 07:00:00,BF.BLW.FAN01,bf_sinter_fan_blower,1.5559,19.5801,60.626,1.1555,57.7995,0,,train
2025-06-27 08:00:00,BF.BLW.FAN01,bf_sinter_fan_blower,1.6638,22.6438,61.0466,1.2333,59.0894,0,,train
2025-06-27 09:00:00,BF.BLW.FAN01,bf_sinter_fan_blower,1.6453,22.8796,60.2555,1.216,58.73,0,,train
2025-06-27 10:00:00,BF.BLW.FAN01,bf_sinter_fan_blower,1.738,23.0728,60.9401,1.1561,59.4976,0,,train
2025-06-27 11:00:00,BF.BLW.FAN01,bf_sinter_fan_blower,1.7736,26.1795,60.5924,1.1774,59.7909,0,,train
2025-06-27 12:00:00,BF.BLW.FAN01,bf_sinter_fan_blower,1.8209,25.089,61.3211,1.2611,60.0112,0,,train
2025-06-27 13:00:00,BF.BLW.FAN01,bf_sinter_fan_blower,1.693,29.5438,60.2635,1.2381,59.3596,0,,train
2025-06-27 14:00:00,BF.BLW.FAN01,bf_sinter_fan_blower,1.7419,32.3063,59.3505,1.1124,59.8911,0,,train
2025-06-27 15:00:00,BF.BLW.FAN01,bf_sinter_fan_blower,1.8129,31.4632,58.8292,1.0877,59.8426,0,,train
2025-06-27 16:00:00,BF.BLW.FAN01,bf_sinter_fan_blower,1.8338,29.4427,59.7233,1.2886,59.9889,0,,train
2025-06-27 17:00:00,BF.BLW.FAN01,bf_sinter_fan_blower,1.7957,29.5637,60.1035,1.328,59.8987,0,,train
2025-06-27 18:00:00,BF.BLW.FAN01,bf_sinter_fan_blower,1.8108,29.7501,59.7485,1.111,59.6406,0,,train
2025-06-27 19:00:00,BF.BLW.FAN01,bf_sinter_fan_blower,1.788,29.3408,60.0341,1.1454,59.5097,0,,train
2025-06-27 20:00:00,BF.BLW.FAN01,bf_sinter_fan_blower,1.755,30.1899,59.6789,1.3224,59.6158,0,,train
2025-06-27 21:00:00,BF.BLW.FAN01,bf_sinter_fan_blower,1.765,33.1778,59.1322,1.3477,60.2042,0,,train
2025-06-27 22:00:00,BF.BLW.FAN01,bf_sinter_fan_blower,1.7197,32.9228,59.0445,1.3822,60.2957,0,,train
2025-06-27 23:00:00,BF.BLW.FAN01,bf_sinter_fan_blower,1.7563,37.7877,59.2858,1.2963,61.0176,0,,train
2025-06-28 00:00:00,BF.BLW.FAN01,bf_sinter_fan_blower,1.7646,36.7181,58.7494,1.1992,62.0467,0,,train
2025-06-28 01:00:00,BF.BLW.FAN01,bf_sinter_fan_blower,1.6162,40.4332,58.1165,1.2052,62.1893,0,,train
2025-06-28 02:00:00,BF.BLW.FAN01,bf_sinter_fan_blower,1.6955,39.4376,59.2876,1.3166,62.6684,0,,train
2025-06-28 03:00:00,BF.BLW.FAN01,bf_sinter_fan_blower,1.723,42.7044,59.5434,1.1479,63.5553,0,,train
2025-06-28 04:00:00,BF.BLW.FAN01,bf_sinter_fan_blower,1.5825,41.26,59.6003,1.0762,63.5952,0,,train
2025-06-28 05:00:00,BF.BLW.FAN01,bf_sinter_fan_blower,1.4624,42.7439,59.4876,1.113,62.1456,0,,train
2025-06-28 06:00:00,BF.BLW.FAN01,bf_sinter_fan_blower,1.5169,40.4387,59.6916,1.0896,62.8196,0,,train
2025-06-28 07:00:00,BF.BLW.FAN01,bf_sinter_fan_blower,1.65,39.9907,59.9259,0.9348,63.4289,0,,train
2025-06-28 08:00:00,BF.BLW.FAN01,bf_sinter_fan_blower,1.7956,41.1607,60.1897,0.7105,63.639,0,,train
2025-06-28 09:00:00,BF.BLW.FAN01,bf_sinter_fan_blower,1.7358,41.1654,59.6918,0.7807,67.5196,0,,train
2025-06-28 10:00:00,BF.BLW.FAN01,bf_sinter_fan_blower,1.6576,43.8656,58.937,0.9667,76.437,0,,train
2025-06-28 11:00:00,BF.BLW.FAN01,bf_sinter_fan_blower,1.5467,42.6594,58.445,0.9838,84.1103,0,,train
2025-06-28 12:00:00,BF.BLW.FAN01,bf_sinter_fan_blower,1.4839,46.257,56.9446,1.0727,87.981,0,,train
2025-06-28 13:00:00,BF.BLW.FAN01,bf_sinter_fan_blower,1.4283,42.6909,55.6064,1.1015,84.3719,0,,train
2025-06-28 14:00:00,BF.BLW.FAN01,bf_sinter_fan_blower,1.3676,38.9525,54.8522,0.9586,73.7925,0,,train
2025-06-28 15:00:00,BF.BLW.FAN01,bf_sinter_fan_blower,1.2727,33.525,54.5814,1.1524,64.6391,0,,train
2025-06-28 16:00:00,BF.BLW.FAN01,bf_sinter_fan_blower,1.238,37.0145,53.0249,0.9362,60.4652,0,,train
2025-06-28 17:00:00,BF.BLW.FAN01,bf_sinter_fan_blower,1.3149,31.5304,52.3526,0.9126,60.8657,0,,train
2025-06-28 18:00:00,BF.BLW.FAN01,bf_sinter_fan_blower,1.3423,32.0777,52.5773,0.9287,59.8309,0,,train
2025-06-28 19:00:00,BF.BLW.FAN01,bf_sinter_fan_blower,1.2248,30.1528,51.8343,1.0515,58.7818,0,,train
2025-06-28 20:00:00,BF.BLW.FAN01,bf_sinter_fan_blower,1.2703,28.7017,51.6748,0.9872,57.899,0,,train
2025-06-28 21:00:00,BF.BLW.FAN01,bf_sinter_fan_blower,1.3269,31.5283,52.5673,1.2536,58.4626,0,,train
2025-06-28 22:00:00,BF.BLW.FAN01,bf_sinter_fan_blower,1.4436,28.6204,52.5068,1.2166,59.3877,0,,train
2025-06-28 23:00:00,BF.BLW.FAN01,bf_sinter_fan_blower,1.4852,30.4822,52.126,1.0712,60.1803,0,,train
2025-06-29 00:00:00,BF.BLW.FAN01,bf_sinter_fan_blower,1.4928,26.6073,52.5251,1.1308,60.6364,0,,train
2025-06-29 01:00:00,BF.BLW.FAN01,bf_sinter_fan_blower,1.4479,27.4334,52.5026,1.1181,60.2808,0,,train
2025-06-29 02:00:00,BF.BLW.FAN01,bf_sinter_fan_blower,1.3965,24.4274,52.8282,1.1268,59.9551,0,,train
2025-06-29 03:00:00,BF.BLW.FAN01,bf_sinter_fan_blower,1.5365,23.4814,52.9015,0.9195,61.1746,0,,train
2025-06-29 04:00:00,BF.BLW.FAN01,bf_sinter_fan_blower,1.411,20.4687,52.1489,0.9467,60.0604,0,,train
2025-06-29 05:00:00,BF.BLW.FAN01,bf_sinter_fan_blower,1.4523,22.3311,52.8697,0.8635,59.7458,0,,train
2025-06-29 06:00:00,BF.BLW.FAN01,bf_sinter_fan_blower,1.4124,24.0987,53.1922,0.8747,59.05,0,,train
2025-06-29 07:00:00,BF.BLW.FAN01,bf_sinter_fan_blower,1.4404,23.9992,53.4246,0.8347,59.0363,0,,train
2025-06-29 08:00:00,BF.BLW.FAN01,bf_sinter_fan_blower,1.3887,24.5139,52.875,0.775,58.2864,0,,train
2025-06-29 09:00:00,BF.BLW.FAN01,bf_sinter_fan_blower,1.361,28.8396,52.926,0.9554,56.6169,0,,train
2025-06-29 10:00:00,BF.BLW.FAN01,bf_sinter_fan_blower,1.4498,30.6265,52.839,0.9654,57.5295,0,,train
2025-06-29 11:00:00,BF.BLW.FAN01,bf_sinter_fan_blower,1.4653,29.277,53.5699,0.9507,55.7662,0,,train
2025-06-29 12:00:00,BF.BLW.FAN01,bf_sinter_fan_blower,1.5872,31.6565,53.5262,0.8895,56.0067,0,,train
2025-06-29 13:00:00,BF.BLW.FAN01,bf_sinter_fan_blower,1.6367,33.5789,53.8948,0.9275,55.4388,0,,train
2025-06-29 14:00:00,BF.BLW.FAN01,bf_sinter_fan_blower,1.665,33.1582,53.6165,0.921,55.3611,0,,train
2025-06-29 15:00:00,BF.BLW.FAN01,bf_sinter_fan_blower,1.6137,31.5406,53.8508,0.8893,54.2123,0,,train
2025-06-29 16:00:00,BF.BLW.FAN01,bf_sinter_fan_blower,1.5833,32.0156,54.1129,0.921,53.7458,0,,train
2025-06-29 17:00:00,BF.BLW.FAN01,bf_sinter_fan_blower,1.5621,32.6478,53.4231,0.903,53.7418,0,,train
2025-06-29 18:00:00,BF.BLW.FAN01,bf_sinter_fan_blower,1.6012,31.7766,53.4526,1.0366,53.8546,0,,train
2025-06-29 19:00:00,BF.BLW.FAN01,bf_sinter_fan_blower,1.5962,29.8734,53.5965,0.8752,53.6785,0,,train
2025-06-29 20:00:00,BF.BLW.FAN01,bf_sinter_fan_blower,1.5715,33.095,54.002,0.8932,53.1098,0,,train
2025-06-29 21:00:00,BF.BLW.FAN01,bf_sinter_fan_blower,1.4885,32.0218,53.7145,0.9175,53.1653,0,,train
2025-06-29 22:00:00,BF.BLW.FAN01,bf_sinter_fan_blower,1.4225,30.9001,53.646,0.867,52.7973,0,,train
2025-06-29 23:00:00,BF.BLW.FAN01,bf_sinter_fan_blower,1.4444,29.6817,53.4778,0.8693,53.5007,0,,train
2025-06-30 00:00:00,BF.BLW.FAN01,bf_sinter_fan_blower,1.4257,30.1395,53.1023,1.0185,53.8448,0,,train
2025-06-30 01:00:00,BF.BLW.FAN01,bf_sinter_fan_blower,1.397,29.5107,52.9856,1.0596,53.9789,0,,train
2025-06-30 02:00:00,BF.BLW.FAN01,bf_sinter_fan_blower,1.4631,26.0292,53.0638,1.0757,54.9106,0,,train
2025-06-30 03:00:00,BF.BLW.FAN01,bf_sinter_fan_blower,1.4631,29.5438,53.1314,0.9783,54.8643,0,,train
2025-06-30 04:00:00,BF.BLW.FAN01,bf_sinter_fan_blower,1.3144,24.9372,52.1789,0.8814,54.6315,0,,train
2025-06-30 05:00:00,BF.BLW.FAN01,bf_sinter_fan_blower,1.4097,24.5645,53.2529,0.7749,54.6549,0,,train
2025-06-30 06:00:00,BF.BLW.FAN01,bf_sinter_fan_blower,1.4395,19.8553,53.4421,0.9035,55.279,0,,train
2025-06-30 07:00:00,BF.BLW.FAN01,bf_sinter_fan_blower,1.4695,16.5975,53.7662,0.8719,55.0289,0,,train
2025-06-30 08:00:00,BF.BLW.FAN01,bf_sinter_fan_blower,1.5885,20.9408,53.8879,0.9446,55.0834,0,,train
2025-06-30 09:00:00,BF.BLW.FAN01,bf_sinter_fan_blower,1.4864,23.6629,53.1968,0.9218,54.4395,0,,train
2025-06-30 10:00:00,BF.BLW.FAN01,bf_sinter_fan_blower,1.5073,22.7295,53.892,0.7522,54.5034,0,,train
2025-06-30 11:00:00,BF.BLW.FAN01,bf_sinter_fan_blower,1.5857,22.939,53.4509,0.669,54.6098,0,,train
2025-06-30 12:00:00,BF.BLW.FAN01,bf_sinter_fan_blower,1.5868,32.3862,53.189,0.6055,53.8387,0,,train
2025-06-30 13:00:00,BF.BLW.FAN01,bf_sinter_fan_blower,1.6175,31.9093,53.3385,0.8746,54.2952,0,,train
2025-06-30 14:00:00,BF.BLW.FAN01,bf_sinter_fan_blower,1.5188,29.3377,52.3182,0.8332,53.4511,0,,train
2025-06-30 15:00:00,BF.BLW.FAN01,bf_sinter_fan_blower,1.6575,33.4766,53.0237,0.8458,55.295,0,,train
2025-06-30 16:00:00,BF.BLW.FAN01,bf_sinter_fan_blower,1.6364,30.9079,52.1456,0.7638,54.9477,0,,train
2025-06-30 17:00:00,BF.BLW.FAN01,bf_sinter_fan_blower,1.6955,29.6896,52.3818,0.6368,54.8793,0,,train
2025-06-30 18:00:00,BF.BLW.FAN01,bf_sinter_fan_blower,1.6014,30.6423,51.7892,0.6914,53.5774,0,,train
2025-06-30 19:00:00,BF.BLW.FAN01,bf_sinter_fan_blower,1.5161,31.104,51.5194,1.0018,53.3975,0,,train
2025-06-30 20:00:00,BF.BLW.FAN01,bf_sinter_fan_blower,1.5569,33.206,51.6985,0.9798,53.9965,0,,train
2025-06-30 21:00:00,BF.BLW.FAN01,bf_sinter_fan_blower,1.5082,33.9818,51.5351,0.9142,54.6343,0,,train
2025-06-30 22:00:00,BF.BLW.FAN01,bf_sinter_fan_blower,1.4114,31.3044,50.4546,0.8712,54.4701,0,,train
2025-06-30 23:00:00,BF.BLW.FAN01,bf_sinter_fan_blower,1.483,32.7179,51.1823,0.9328,55.0206,0,,train
2025-07-01 00:00:00,BF.BLW.FAN01,bf_sinter_fan_blower,1.518,27.9449,50.8993,0.9145,55.7705,0,,train
2025-07-01 01:00:00,BF.BLW.FAN01,bf_sinter_fan_blower,1.4961,25.8497,50.8412,1.0133,56.1827,0,,train
2025-07-01 02:00:00,BF.BLW.FAN01,bf_sinter_fan_blower,1.453,26.0394,49.9039,1.0462,57.1654,0,,train
2025-07-01 03:00:00,BF.BLW.FAN01,bf_sinter_fan_blower,1.5267,27.329,50.9092,1.133,57.6109,0,,train
2025-07-01 04:00:00,BF.BLW.FAN01,bf_sinter_fan_blower,1.5531,31.4287,51.3331,1.137,57.9814,0,,train
2025-07-01 05:00:00,BF.BLW.FAN01,bf_sinter_fan_blower,1.5912,30.928,51.7387,1.0716,58.9955,0,,train
2025-07-01 06:00:00,BF.BLW.FAN01,bf_sinter_fan_blower,1.549,33.2839,51.5824,0.9113,57.6518,0,,train
2025-07-01 07:00:00,BF.BLW.FAN01,bf_sinter_fan_blower,1.4971,31.2619,51.1108,0.9643,57.3694,0,,train
2025-07-01 08:00:00,BF.BLW.FAN01,bf_sinter_fan_blower,1.469,33.5651,50.8104,0.9351,57.0551,0,,train
2025-07-01 09:00:00,BF.BLW.FAN01,bf_sinter_fan_blower,1.5325,35.6855,50.952,0.9989,58.2313,0,,train
2025-07-01 10:00:00,BF.BLW.FAN01,bf_sinter_fan_blower,1.5718,32.8709,51.0433,,,0,,train
2025-07-01 11:00:00,BF.BLW.FAN01,bf_sinter_fan_blower,1.5864,35.8417,50.4595,1.0896,59.5216,0,,train
2025-07-01 12:00:00,BF.BLW.FAN01,bf_sinter_fan_blower,1.4328,31.5704,49.6978,1.0839,58.1134,0,,train
2025-07-01 13:00:00,BF.BLW.FAN01,bf_sinter_fan_blower,1.5177,27.8323,50.0311,1.0404,58.4489,0,,train
2025-07-01 14:00:00,BF.BLW.FAN01,bf_sinter_fan_blower,1.5537,27.0748,50.2095,1.114,58.6186,0,,train
2025-07-01 15:00:00,BF.BLW.FAN01,bf_sinter_fan_blower,1.5268,26.1035,,,57.1966,0,,train
2025-07-01 16:00:00,BF.BLW.FAN01,bf_sinter_fan_blower,1.4497,23.6573,51.4495,1.3156,57.0807,0,,train
2025-07-01 17:00:00,BF.BLW.FAN01,bf_sinter_fan_blower,1.3292,22.4995,53.5654,1.3379,56.2962,0,,train
2025-07-01 18:00:00,BF.BLW.FAN01,bf_sinter_fan_blower,1.4111,20.7971,58.7851,1.0883,56.1925,0,,train
2025-07-01 19:00:00,BF.BLW.FAN01,bf_sinter_fan_blower,1.4811,24.394,63.2584,0.988,56.2226,0,,train
2025-07-01 20:00:00,BF.BLW.FAN01,bf_sinter_fan_blower,1.5146,27.8858,67.0907,1.0704,56.4364,0,,train
2025-07-01 21:00:00,BF.BLW.FAN01,bf_sinter_fan_blower,1.3535,31.3343,66.4012,1.1824,57.1867,0,,train
2025-07-01 22:00:00,BF.BLW.FAN01,bf_sinter_fan_blower,1.3716,27.8521,65.2866,1.0967,57.4496,0,,train
2025-07-01 23:00:00,BF.BLW.FAN01,bf_sinter_fan_blower,1.327,24.0726,62.2909,1.1798,57.777,0,,train
2025-07-02 00:00:00,BF.BLW.FAN01,bf_sinter_fan_blower,1.2704,24.7316,58.1196,1.257,57.1777,0,,train
2025-07-02 01:00:00,BF.BLW.FAN01,bf_sinter_fan_blower,1.2221,28.5558,54.4789,1.4029,57.3537,0,,train
2025-07-02 02:00:00,BF.BLW.FAN01,bf_sinter_fan_blower,1.3419,27.1653,52.0502,1.4796,58.5948,0,,train
2025-07-02 03:00:00,BF.BLW.FAN01,bf_sinter_fan_blower,1.4959,27.8454,59.7885,1.4471,59.3294,0,,train
2025-07-02 04:00:00,BF.BLW.FAN01,bf_sinter_fan_blower,1.6141,26.9294,68.517,1.4787,60.8985,0,,train
2025-07-02 05:00:00,BF.BLW.FAN01,bf_sinter_fan_blower,1.532,29.5813,59.8775,1.5177,61.2207,0,,train
2025-07-02 06:00:00,BF.BLW.FAN01,bf_sinter_fan_blower,1.4043,27.9757,52.4086,1.6448,60.1642,0,,train
2025-07-02 07:00:00,BF.BLW.FAN01,bf_sinter_fan_blower,1.379,23.8315,52.3854,1.695,60.6575,0,,train
2025-07-02 08:00:00,BF.BLW.FAN01,bf_sinter_fan_blower,1.298,24.3124,52.6229,1.6698,59.4777,0,,train
2025-07-02 09:00:00,BF.BLW.FAN01,bf_sinter_fan_blower,1.3957,21.2285,53.0134,1.699,59.4727,0,,train
2025-07-02 10:00:00,BF.BLW.FAN01,bf_sinter_fan_blower,1.4335,21.709,54.7193,1.7165,58.2472,0,,train
2025-07-02 11:00:00,BF.BLW.FAN01,bf_sinter_fan_blower,1.5449,20.0286,54.8494,1.7091,58.9648,0,,train
2025-07-02 12:00:00,BF.BLW.FAN01,bf_sinter_fan_blower,1.5053,21.4165,54.0694,1.4434,58.2002,0,,train
2025-07-02 13:00:00,BF.BLW.FAN01,bf_sinter_fan_blower,1.4491,19.8524,53.9772,1.4753,58.1205,0,,train
2025-07-02 14:00:00,BF.BLW.FAN01,bf_sinter_fan_blower,1.5127,22.2524,53.6129,1.5936,58.2179,0,,train
2025-07-02 15:00:00,BF.BLW.FAN01,bf_sinter_fan_blower,1.4923,24.2207,52.7312,1.3955,57.1,0,,train
2025-07-02 16:00:00,BF.BLW.FAN01,bf_sinter_fan_blower,1.5414,25.5062,53.4283,1.4547,56.7679,0,,train
2025-07-02 17:00:00,BF.BLW.FAN01,bf_sinter_fan_blower,1.4679,24.2058,52.5405,1.5554,56.7861,0,,train
2025-07-02 18:00:00,BF.BLW.FAN01,bf_sinter_fan_blower,1.4131,25.3398,52.6387,1.4692,56.7124,0,,train
2025-07-02 19:00:00,BF.BLW.FAN01,bf_sinter_fan_blower,1.4786,24.9374,53.7652,1.4398,56.6847,0,,train
2025-07-02 20:00:00,BF.BLW.FAN01,bf_sinter_fan_blower,1.4462,26.9048,52.1054,1.167,57.0836,0,,train
2025-07-02 21:00:00,BF.BLW.FAN01,bf_sinter_fan_blower,1.3387,23.5186,51.8839,1.2303,56.1929,0,,train
2025-07-02 22:00:00,BF.BLW.FAN01,bf_sinter_fan_blower,1.2331,23.2052,52.0164,1.1691,55.7091,0,,train
2025-07-02 23:00:00,BF.BLW.FAN01,bf_sinter_fan_blower,1.3565,23.1163,53.1671,1.1049,56.5262,0,,train
2025-07-03 00:00:00,BF.BLW.FAN01,bf_sinter_fan_blower,1.4491,26.9844,54.4999,1.1595,57.3171,0,,train
2025-07-03 01:00:00,BF.BLW.FAN01,bf_sinter_fan_blower,1.4436,25.2856,55.5064,1.2497,56.9097,0,,train
2025-07-03 02:00:00,BF.BLW.FAN01,bf_sinter_fan_blower,1.3456,29.4672,55.2925,1.3467,56.714,0,,train
2025-07-03 03:00:00,BF.BLW.FAN01,bf_sinter_fan_blower,1.42,30.0986,56.6364,1.139,56.3426,0,,train
2025-07-03 04:00:00,BF.BLW.FAN01,bf_sinter_fan_blower,1.5386,29.4834,56.7597,1.2647,57.6271,0,,train
2025-07-03 05:00:00,BF.BLW.FAN01,bf_sinter_fan_blower,1.716,31.3169,58.1836,1.3414,59.9042,0,,train
2025-07-03 06:00:00,BF.BLW.FAN01,bf_sinter_fan_blower,1.5794,29.9195,57.7359,1.3298,62.9966,0,,train
2025-07-03 07:00:00,BF.BLW.FAN01,bf_sinter_fan_blower,1.7578,29.6578,58.0885,1.3493,69.2126,0,,train
2025-07-03 08:00:00,BF.BLW.FAN01,bf_sinter_fan_blower,1.7573,27.0937,58.0125,1.2178,74.772,0,,train
2025-07-03 09:00:00,BF.BLW.FAN01,bf_sinter_fan_blower,1.7907,22.7739,57.6361,1.3325,78.9207,0,,train
2025-07-03 10:00:00,BF.BLW.FAN01,bf_sinter_fan_blower,1.7232,17.8698,56.7646,1.2101,78.5225,0,,train
2025-07-03 11:00:00,BF.BLW.FAN01,bf_sinter_fan_blower,1.6461,20.5737,56.3453,1.3074,74.8276,0,,train
2025-07-03 12:00:00,BF.BLW.FAN01,bf_sinter_fan_blower,1.4739,21.2499,55.4385,1.3813,68.0695,0,,train
2025-07-03 13:00:00,BF.BLW.FAN01,bf_sinter_fan_blower,1.5389,18.6066,55.4464,1.2505,62.4866,0,,train
2025-07-03 14:00:00,BF.BLW.FAN01,bf_sinter_fan_blower,1.5951,20.0352,55.4092,1.2442,58.355,0,,train
2025-07-03 15:00:00,BF.BLW.FAN01,bf_sinter_fan_blower,1.6413,24.0025,55.7813,1.227,56.1708,0,,train
2025-07-03 16:00:00,BF.BLW.FAN01,bf_sinter_fan_blower,1.5886,22.0094,55.4849,1.1445,56.0556,0,,train
2025-07-03 17:00:00,BF.BLW.FAN01,bf_sinter_fan_blower,1.5508,25.5058,55.5357,1.2349,56.1018,0,,train
2025-07-03 18:00:00,BF.BLW.FAN01,bf_sinter_fan_blower,1.5326,25.5203,55.1921,1.3329,56.5741,0,,train
2025-07-03 19:00:00,BF.BLW.FAN01,bf_sinter_fan_blower,1.4218,24.6376,54.1882,1.2873,55.9678,0,,train
2025-07-03 20:00:00,BF.BLW.FAN01,bf_sinter_fan_blower,1.3362,23.5652,53.464,1.4348,55.4009,0,,train
2025-07-03 21:00:00,BF.BLW.FAN01,bf_sinter_fan_blower,1.4611,22.3814,54.5241,1.4966,56.8317,0,,train
2025-07-03 22:00:00,BF.BLW.FAN01,bf_sinter_fan_blower,1.5383,23.7587,55.4646,1.504,56.8803,0,,train
2025-07-03 23:00:00,BF.BLW.FAN01,bf_sinter_fan_blower,1.4492,24.1506,55.4867,1.5717,56.9106,0,,train
2025-07-04 00:00:00,BF.BLW.FAN01,bf_sinter_fan_blower,1.3446,20.8543,55.7391,1.7949,57.0307,0,,train
2025-07-04 01:00:00,BF.BLW.FAN01,bf_sinter_fan_blower,1.4402,19.7034,57.0568,1.8393,58.2155,0,,train
2025-07-04 02:00:00,BF.BLW.FAN01,bf_sinter_fan_blower,1.561,21.3553,57.9824,1.6324,59.162,0,,train
2025-07-04 03:00:00,BF.BLW.FAN01,bf_sinter_fan_blower,1.571,23.3118,58.3442,1.3528,60.3107,0,,train
2025-07-04 04:00:00,BF.BLW.FAN01,bf_sinter_fan_blower,1.6504,22.9018,58.5332,1.3485,61.9563,0,,train
2025-07-04 05:00:00,BF.BLW.FAN01,bf_sinter_fan_blower,1.7442,23.5574,58.8796,1.3712,62.7532,0,,train
2025-07-04 06:00:00,BF.BLW.FAN01,bf_sinter_fan_blower,1.7008,28.289,58.3382,1.2017,62.8011,0,,train
2025-07-04 07:00:00,BF.BLW.FAN01,bf_sinter_fan_blower,1.5874,26.1502,57.7262,1.2099,62.1331,0,,train
2025-07-04 08:00:00,BF.BLW.FAN01,bf_sinter_fan_blower,1.674,26.6201,57.9006,1.0249,61.7941,0,,train
2025-07-04 09:00:00,BF.BLW.FAN01,bf_sinter_fan_blower,1.6662,27.5677,57.0074,0.9941,62.6328,0,,train
2025-07-04 10:00:00,BF.BLW.FAN01,bf_sinter_fan_blower,1.7102,31.8741,57.2125,1.1405,62.7206,0,,train
2025-07-04 11:00:00,BF.BLW.FAN01,bf_sinter_fan_blower,1.5961,30.2518,56.8366,1.4762,62.547,0,,train
2025-07-04 12:00:00,BF.BLW.FAN01,bf_sinter_fan_blower,1.5376,31.4017,55.1394,1.2599,61.1331,0,,train
2025-07-04 13:00:00,BF.BLW.FAN01,bf_sinter_fan_blower,1.4089,30.0539,53.861,1.1188,59.8757,0,,train
2025-07-04 14:00:00,BF.BLW.FAN01,bf_sinter_fan_blower,1.4642,27.9666,53.8223,1.0209,59.7459,0,,train
2025-07-04 15:00:00,BF.BLW.FAN01,bf_sinter_fan_blower,1.5253,28.6298,53.6172,0.9855,60.0583,0,,train
2025-07-04 16:00:00,BF.BLW.FAN01,bf_sinter_fan_blower,1.5528,22.2561,53.9794,1.03,59.0253,0,,train
2025-07-04 17:00:00,BF.BLW.FAN01,bf_sinter_fan_blower,1.5266,19.8244,54.3687,1.0058,58.8724,0,,train
2025-07-04 18:00:00,BF.BLW.FAN01,bf_sinter_fan_blower,1.5341,18.9863,54.1872,1.2806,58.787,0,,train
2025-07-04 19:00:00,BF.BLW.FAN01,bf_sinter_fan_blower,1.6265,21.6835,53.943,1.1282,58.9632,0,,train
2025-07-04 20:00:00,BF.BLW.FAN01,bf_sinter_fan_blower,1.7917,22.2447,55.0048,1.2098,59.884,0,,train
2025-07-04 21:00:00,BF.BLW.FAN01,bf_sinter_fan_blower,1.7164,20.92,54.3457,1.1185,60.592,0,,train
2025-07-04 22:00:00,BF.BLW.FAN01,bf_sinter_fan_blower,1.811,18.0323,55.5114,1.15,61.0403,0,,train
2025-07-04 23:00:00,BF.BLW.FAN01,bf_sinter_fan_blower,1.7945,18.4007,55.9861,1.0312,61.4856,0,,train
2025-07-05 00:00:00,BF.BLW.FAN01,bf_sinter_fan_blower,1.9395,19.7153,56.068,0.5939,62.9519,0,,train
2025-07-05 01:00:00,BF.BLW.FAN01,bf_sinter_fan_blower,2.0474,19.726,56.1366,0.8597,64.6383,0,,train
2025-07-05 02:00:00,BF.BLW.FAN01,bf_sinter_fan_blower,2.0068,18.2585,56.633,1.0346,65.2516,0,,train
2025-07-05 03:00:00,BF.BLW.FAN01,bf_sinter_fan_blower,2.0705,20.6248,58.0753,0.958,66.0841,0,,train
2025-07-05 04:00:00,BF.BLW.FAN01,bf_sinter_fan_blower,2.1286,24.3598,58.2327,1.0721,68.4614,0,,train
2025-07-05 05:00:00,BF.BLW.FAN01,bf_sinter_fan_blower,2.0119,21.7957,57.7904,1.0881,68.0061,0,,train
2025-07-05 06:00:00,BF.BLW.FAN01,bf_sinter_fan_blower,2.0645,24.75,57.8561,1.0421,68.6329,0,,train
2025-07-05 07:00:00,BF.BLW.FAN01,bf_sinter_fan_blower,2.0867,26.0067,57.7274,1.0128,69.3871,0,,train
2025-07-05 08:00:00,BF.BLW.FAN01,bf_sinter_fan_blower,2.0052,24.5952,57.5983,1.152,69.0603,0,,train
2025-07-05 09:00:00,BF.BLW.FAN01,bf_sinter_fan_blower,2.0395,20.774,56.3515,1.0684,69.6936,0,,train
2025-07-05 10:00:00,BF.BLW.FAN01,bf_sinter_fan_blower,1.9524,22.3057,55.72,0.9607,69.6225,0,,train
2025-07-05 11:00:00,BF.BLW.FAN01,bf_sinter_fan_blower,1.9444,25.0609,55.9916,1.0725,68.6071,0,,train
2025-07-05 12:00:00,BF.BLW.FAN01,bf_sinter_fan_blower,1.8394,24.532,56.1534,1.0786,67.8453,0,,train
2025-07-05 13:00:00,BF.BLW.FAN01,bf_sinter_fan_blower,1.8124,24.8707,56.1963,0.8337,66.7822,0,,train
2025-07-05 14:00:00,BF.BLW.FAN01,bf_sinter_fan_blower,1.8481,23.0285,56.31,0.7629,65.4489,0,,train
2025-07-05 15:00:00,BF.BLW.FAN01,bf_sinter_fan_blower,1.8588,25.6253,56.3458,0.7227,65.084,0,,train
2025-07-05 16:00:00,BF.BLW.FAN01,bf_sinter_fan_blower,1.8716,26.9063,56.8848,0.6943,64.6213,0,,train
2025-07-05 17:00:00,BF.BLW.FAN01,bf_sinter_fan_blower,1.8551,26.7292,55.9224,0.6159,64.3906,0,,train
2025-07-05 18:00:00,BF.BLW.FAN01,bf_sinter_fan_blower,1.7874,27.654,55.1699,0.5447,64.0787,0,,train
2025-07-05 19:00:00,BF.BLW.FAN01,bf_sinter_fan_blower,1.6159,28.8647,53.7984,0.5553,62.9086,0,,train
2025-07-05 20:00:00,BF.BLW.FAN01,bf_sinter_fan_blower,1.6117,26.5438,54.3003,0.6727,62.6883,0,,train
2025-07-05 21:00:00,BF.BLW.FAN01,bf_sinter_fan_blower,1.4996,27.4556,53.3573,0.6618,62.0527,0,,train
2025-07-05 22:00:00,BF.BLW.FAN01,bf_sinter_fan_blower,1.55,29.0691,53.4298,0.6283,62.4215,0,,train
2025-07-05 23:00:00,BF.BLW.FAN01,bf_sinter_fan_blower,1.4116,30.7945,52.6887,0.6524,62.5822,0,,train
2025-07-06 00:00:00,BF.BLW.FAN01,bf_sinter_fan_blower,1.254,33.9735,53.384,0.6488,62.2765,0,,train
2025-07-06 01:00:00,BF.BLW.FAN01,bf_sinter_fan_blower,1.3791,32.9776,53.8861,0.7288,62.6536,0,,train
2025-07-06 02:00:00,BF.BLW.FAN01,bf_sinter_fan_blower,1.3816,31.2528,53.2735,0.4642,62.479,0,,train
2025-07-06 03:00:00,BF.BLW.FAN01,bf_sinter_fan_blower,1.4534,36.1406,52.9282,0.3363,63.5519,0,,train
2025-07-06 04:00:00,BF.BLW.FAN01,bf_sinter_fan_blower,1.5256,36.8404,53.7155,0.2031,63.5602,0,,train
2025-07-06 05:00:00,BF.BLW.FAN01,bf_sinter_fan_blower,1.502,38.1133,53.8085,0.3718,63.7142,0,,train
2025-07-06 06:00:00,BF.BLW.FAN01,bf_sinter_fan_blower,1.4222,42.3098,53.0305,0.5036,64.0421,0,,train
2025-07-06 07:00:00,BF.BLW.FAN01,bf_sinter_fan_blower,1.2712,38.6622,52.9077,0.5517,63.2564,0,,train
2025-07-06 08:00:00,BF.BLW.FAN01,bf_sinter_fan_blower,1.2497,41.1441,53.1377,0.4815,63.0158,0,,train
2025-07-06 09:00:00,BF.BLW.FAN01,bf_sinter_fan_blower,1.2639,41.0481,53.207,0.3647,62.2501,0,,train
2025-07-06 10:00:00,BF.BLW.FAN01,bf_sinter_fan_blower,1.2226,35.9796,52.5689,0.4576,61.2648,0,,train
2025-07-06 11:00:00,BF.BLW.FAN01,bf_sinter_fan_blower,1.1361,33.6297,52.1416,0.5211,60.0693,0,,train
2025-07-06 12:00:00,BF.BLW.FAN01,bf_sinter_fan_blower,1.1811,31.1719,52.672,0.5577,59.2142,0,,train
2025-07-06 13:00:00,BF.BLW.FAN01,bf_sinter_fan_blower,1.151,27.918,51.0195,0.6674,60.0809,0,,train
2025-07-06 14:00:00,BF.BLW.FAN01,bf_sinter_fan_blower,1.1217,26.5203,49.9395,0.7619,59.6137,0,,train
2025-07-06 15:00:00,BF.BLW.FAN01,bf_sinter_fan_blower,1.1869,28.9671,49.9493,0.8506,58.4904,0,,train
2025-07-06 16:00:00,BF.BLW.FAN01,bf_sinter_fan_blower,1.3567,31.3916,50.7391,0.8551,58.5155,0,,train
2025-07-06 17:00:00,BF.BLW.FAN01,bf_sinter_fan_blower,1.4315,29.7379,49.476,0.6076,60.0326,0,,train
2025-07-06 18:00:00,BF.BLW.FAN01,bf_sinter_fan_blower,1.4312,36.2389,49.0992,0.472,61.0418,0,,train
2025-07-06 19:00:00,BF.BLW.FAN01,bf_sinter_fan_blower,1.3023,42.6558,48.9408,0.4793,60.5143,0,,train
2025-07-06 20:00:00,BF.BLW.FAN01,bf_sinter_fan_blower,1.4321,45.9305,50.3343,0.3923,60.7278,0,,train
2025-07-06 21:00:00,BF.BLW.FAN01,bf_sinter_fan_blower,1.4966,41.9079,50.8387,0.6201,60.9191,0,,train
2025-07-06 22:00:00,BF.BLW.FAN01,bf_sinter_fan_blower,1.4647,40.814,50.9871,0.6895,61.5798,0,,train
2025-07-06 23:00:00,BF.BLW.FAN01,bf_sinter_fan_blower,1.4795,44.0299,51.3464,0.6303,61.6521,0,,train
2025-07-07 00:00:00,BF.BLW.FAN01,bf_sinter_fan_blower,1.457,45.8335,51.8395,0.5485,61.4705,0,,train
2025-07-07 01:00:00,BF.BLW.FAN01,bf_sinter_fan_blower,1.5218,46.7859,53.5116,0.5748,62.9203,0,,train
2025-07-07 02:00:00,BF.BLW.FAN01,bf_sinter_fan_blower,1.606,43.139,53.8862,0.629,65.6475,0,,train
2025-07-07 03:00:00,BF.BLW.FAN01,bf_sinter_fan_blower,1.7806,43.1303,54.2735,0.6746,72.9656,0,,train
2025-07-07 04:00:00,BF.BLW.FAN01,bf_sinter_fan_blower,1.6994,41.4906,53.7621,0.7813,79.9332,0,,train
2025-07-07 05:00:00,BF.BLW.FAN01,bf_sinter_fan_blower,1.7477,40.9679,53.5936,1.0015,86.318,0,,train
2025-07-07 06:00:00,BF.BLW.FAN01,bf_sinter_fan_blower,1.607,40.4962,52.7163,1.1636,89.681,0,,train
2025-07-07 07:00:00,BF.BLW.FAN01,bf_sinter_fan_blower,1.5987,41.4139,53.0975,0.9697,89.6186,0,,train
2025-07-07 08:00:00,BF.BLW.FAN01,bf_sinter_fan_blower,1.3807,39.768,53.255,1.1257,85.0796,0,,train
2025-07-07 09:00:00,BF.BLW.FAN01,bf_sinter_fan_blower,1.4863,39.2384,53.7603,1.0123,78.7579,0,,train
2025-07-07 10:00:00,BF.BLW.FAN01,bf_sinter_fan_blower,1.4801,36.5266,54.0341,1.2288,71.8057,0,,train
2025-07-07 11:00:00,BF.BLW.FAN01,bf_sinter_fan_blower,1.4529,40.5782,53.5134,0.9145,64.8333,0,,train
2025-07-07 12:00:00,BF.BLW.FAN01,bf_sinter_fan_blower,1.507,39.0883,53.3003,0.9693,62.9815,0,,train
2025-07-07 13:00:00,BF.BLW.FAN01,bf_sinter_fan_blower,1.5066,37.4277,52.6908,0.9915,62.5141,0,,train
2025-07-07 14:00:00,BF.BLW.FAN01,bf_sinter_fan_blower,1.5444,34.9491,52.3757,1.1666,62.9253,0,,train
2025-07-07 15:00:00,BF.BLW.FAN01,bf_sinter_fan_blower,1.4866,37.5664,51.5615,1.1821,63.3395,0,,train
2025-07-07 16:00:00,BF.BLW.FAN01,bf_sinter_fan_blower,1.547,40.1745,52.1036,1.0423,62.298,0,,train
2025-07-07 17:00:00,BF.BLW.FAN01,bf_sinter_fan_blower,1.698,39.6001,52.4205,0.8995,62.1884,0,,train
2025-07-07 18:00:00,BF.BLW.FAN01,bf_sinter_fan_blower,1.6852,39.47,52.9452,0.9035,62.3903,0,,train
2025-07-07 19:00:00,BF.BLW.FAN01,bf_sinter_fan_blower,1.6374,36.4376,52.7368,1.1728,62.6905,0,,train
2025-07-07 20:00:00,BF.BLW.FAN01,bf_sinter_fan_blower,1.7344,36.8885,52.9093,1.2207,63.4493,0,,train
2025-07-07 21:00:00,BF.BLW.FAN01,bf_sinter_fan_blower,1.7225,36.4672,53.201,1.3535,63.1014,0,,train
2025-07-07 22:00:00,BF.BLW.FAN01,bf_sinter_fan_blower,1.726,39.534,53.653,1.39,62.8948,0,,train
2025-07-07 23:00:00,BF.BLW.FAN01,bf_sinter_fan_blower,1.7535,37.6313,53.7141,1.2919,63.9455,0,,train
2025-07-08 00:00:00,BF.BLW.FAN01,bf_sinter_fan_blower,1.8132,41.7655,54.6893,1.3926,63.7328,0,,train
2025-07-08 01:00:00,BF.BLW.FAN01,bf_sinter_fan_blower,1.6908,43.784,54.4156,1.3483,63.5323,0,,train
2025-07-08 02:00:00,BF.BLW.FAN01,bf_sinter_fan_blower,1.8871,41.2316,54.8191,1.0697,65.2777,0,,train
2025-07-08 03:00:00,BF.BLW.FAN01,bf_sinter_fan_blower,1.8504,43.0096,54.6494,1.077,65.5258,0,,train
2025-07-08 04:00:00,BF.BLW.FAN01,bf_sinter_fan_blower,1.8954,46.6579,55.819,1.0244,66.3779,0,,train
2025-07-08 05:00:00,BF.BLW.FAN01,bf_sinter_fan_blower,1.7376,42.8772,54.8059,0.8982,65.5126,0,,train
2025-07-08 06:00:00,BF.BLW.FAN01,bf_sinter_fan_blower,1.7024,40.3648,54.9659,0.8049,64.0439,0,,train
2025-07-08 07:00:00,BF.BLW.FAN01,bf_sinter_fan_blower,1.6642,42.7649,53.8882,0.9001,64.1895,0,,train
2025-07-08 08:00:00,BF.BLW.FAN01,bf_sinter_fan_blower,1.5613,38.9973,53.2631,0.7497,62.8589,0,,train
2025-07-08 09:00:00,BF.BLW.FAN01,bf_sinter_fan_blower,1.5822,37.5348,54.4636,0.5873,62.1214,0,,train
2025-07-08 10:00:00,BF.BLW.FAN01,bf_sinter_fan_blower,1.5256,37.6885,54.4531,0.5653,61.5725,0,,train
2025-07-08 11:00:00,BF.BLW.FAN01,bf_sinter_fan_blower,1.5627,39.4458,54.1882,0.6195,60.9946,0,,train
2025-07-08 12:00:00,BF.BLW.FAN01,bf_sinter_fan_blower,1.5138,38.2698,53.5616,0.6746,59.8962,0,,train
2025-07-08 13:00:00,BF.BLW.FAN01,bf_sinter_fan_blower,1.4214,38.358,53.2553,0.7659,58.3438,0,,train
2025-07-08 14:00:00,BF.BLW.FAN01,bf_sinter_fan_blower,1.3881,32.967,52.3401,0.6114,57.9449,0,,train
2025-07-08 15:00:00,BF.BLW.FAN01,bf_sinter_fan_blower,1.4572,31.3384,52.3069,0.5133,58.6562,0,,train
2025-07-08 16:00:00,BF.BLW.FAN01,bf_sinter_fan_blower,1.6167,29.8117,53.7415,0.514,59.8808,0,,train
2025-07-08 17:00:00,BF.BLW.FAN01,bf_sinter_fan_blower,1.6274,31.3131,53.3539,0.5551,59.3395,0,,train
2025-07-08 18:00:00,BF.BLW.FAN01,bf_sinter_fan_blower,1.7252,29.5648,54.4223,0.5566,58.2412,0,,train
2025-07-08 19:00:00,BF.BLW.FAN01,bf_sinter_fan_blower,1.6547,27.6864,53.6761,0.7028,58.6698,0,,train
2025-07-08 20:00:00,BF.BLW.FAN01,bf_sinter_fan_blower,1.5696,29.8929,53.1809,0.8271,58.5246,0,,train
2025-07-08 21:00:00,BF.BLW.FAN01,bf_sinter_fan_blower,1.5977,25.4111,52.5758,0.6479,59.4765,0,,train
2025-07-08 22:00:00,BF.BLW.FAN01,bf_sinter_fan_blower,1.7323,29.1602,53.5719,0.5701,60.02,0,,train
2025-07-08 23:00:00,BF.BLW.FAN01,bf_sinter_fan_blower,1.6475,26.2316,53.6867,0.7983,60.0085,0,,train
2025-07-09 00:00:00,BF.BLW.FAN01,bf_sinter_fan_blower,1.7753,20.1498,54.1269,0.8528,61.4991,0,,train
2025-07-09 01:00:00,BF.BLW.FAN01,bf_sinter_fan_blower,1.7258,18.5067,54.2188,1.0001,61.9609,0,,train
2025-07-09 02:00:00,BF.BLW.FAN01,bf_sinter_fan_blower,1.6084,27.9064,53.5023,0.7783,62.0186,0,,train
2025-07-09 03:00:00,BF.BLW.FAN01,bf_sinter_fan_blower,1.5886,24.0276,54.9484,0.8975,62.1444,0,,train
2025-07-09 04:00:00,BF.BLW.FAN01,bf_sinter_fan_blower,1.68,25.8782,55.4238,0.9406,61.9487,0,,train
2025-07-09 05:00:00,BF.BLW.FAN01,bf_sinter_fan_blower,1.7446,26.6533,55.8885,0.951,63.7765,0,,train
2025-07-09 06:00:00,BF.BLW.FAN01,bf_sinter_fan_blower,1.7482,26.0477,55.7757,1.0353,64.2169,0,,train
2025-07-09 07:00:00,BF.BLW.FAN01,bf_sinter_fan_blower,1.8656,24.983,55.048,0.9673,64.0848,0,,train
2025-07-09 08:00:00,BF.BLW.FAN01,bf_sinter_fan_blower,1.6992,27.4938,54.2315,1.001,62.4976,0,,train
2025-07-09 09:00:00,BF.BLW.FAN01,bf_sinter_fan_blower,1.6507,29.81,53.8956,1.0091,62.3825,0,,train
2025-07-09 10:00:00,BF.BLW.FAN01,bf_sinter_fan_blower,1.5554,28.5803,52.6535,0.9918,61.7996,0,,train
2025-07-09 11:00:00,BF.BLW.FAN01,bf_sinter_fan_blower,1.6109,23.3878,52.5767,1.0056,61.7747,0,,train
2025-07-09 12:00:00,BF.BLW.FAN01,bf_sinter_fan_blower,1.6654,26.5671,52.0775,1.0591,62.5012,0,,train
2025-07-09 13:00:00,BF.BLW.FAN01,bf_sinter_fan_blower,1.7263,29.1975,52.2041,1.1104,62.3695,0,,train
2025-07-09 14:00:00,BF.BLW.FAN01,bf_sinter_fan_blower,1.7156,31.7253,51.9488,1.1562,62.3201,0,,train
2025-07-09 15:00:00,BF.BLW.FAN01,bf_sinter_fan_blower,1.774,29.548,51.0303,1.0312,62.7965,0,,train
2025-07-09 16:00:00,BF.BLW.FAN01,bf_sinter_fan_blower,1.7849,30.4512,52.0939,1.0507,61.7292,0,,train
2025-07-09 17:00:00,BF.BLW.FAN01,bf_sinter_fan_blower,1.8299,28.6789,51.9119,0.967,62.631,0,,train
2025-07-09 18:00:00,BF.BLW.FAN01,bf_sinter_fan_blower,1.9255,25.0929,52.3417,0.8217,62.3179,0,,train
2025-07-09 19:00:00,BF.BLW.FAN01,bf_sinter_fan_blower,2.1003,22.4156,53.4067,0.6444,63.1532,0,,train
2025-07-09 20:00:00,BF.BLW.FAN01,bf_sinter_fan_blower,2.1526,19.9949,53.9449,0.6155,64.214,0,,train
2025-07-09 21:00:00,BF.BLW.FAN01,bf_sinter_fan_blower,2.2002,20.5655,53.6423,0.6173,65.4796,0,,train
2025-07-09 22:00:00,BF.BLW.FAN01,bf_sinter_fan_blower,2.0921,23.1532,52.9179,0.6348,65.5628,0,,train
2025-07-09 23:00:00,BF.BLW.FAN01,bf_sinter_fan_blower,5.174,18.2935,54.2245,0.5301,66.9475,0,,train
2025-07-10 00:00:00,BF.BLW.FAN01,bf_sinter_fan_blower,2.1606,14.9714,53.652,0.5199,67.8116,0,,train
2025-07-10 01:00:00,BF.BLW.FAN01,bf_sinter_fan_blower,2.1778,18.1178,55.005,0.6497,68.3135,0,,train
2025-07-10 02:00:00,BF.BLW.FAN01,bf_sinter_fan_blower,2.074,19.0077,54.8394,0.6628,67.5056,0,,train
2025-07-10 03:00:00,BF.BLW.FAN01,bf_sinter_fan_blower,1.9935,19.4962,54.7439,0.729,68.0994,0,,train
2025-07-10 04:00:00,BF.BLW.FAN01,bf_sinter_fan_blower,1.9053,16.8358,55.146,0.6403,67.392,0,,train
2025-07-10 05:00:00,BF.BLW.FAN01,bf_sinter_fan_blower,1.9355,17.2285,55.0172,0.6598,68.0487,0,,train
2025-07-10 06:00:00,BF.BLW.FAN01,bf_sinter_fan_blower,1.9462,18.5431,55.0658,0.6027,68.5207,0,,train
2025-07-10 07:00:00,BF.BLW.FAN01,bf_sinter_fan_blower,1.9044,18.0595,54.0583,0.6127,68.3132,0,,train
2025-07-10 08:00:00,BF.BLW.FAN01,bf_sinter_fan_blower,1.8604,16.6509,53.5594,0.8182,69.3348,0,,train
2025-07-10 09:00:00,BF.BLW.FAN01,bf_sinter_fan_blower,1.7968,14.8306,53.6775,1.0872,69.449,0,,train
2025-07-10 10:00:00,BF.BLW.FAN01,bf_sinter_fan_blower,1.8642,18.3979,53.554,0.8335,69.0626,0,,train
2025-07-10 11:00:00,BF.BLW.FAN01,bf_sinter_fan_blower,1.9029,20.6587,54.3676,0.9039,67.7396,0,,train
2025-07-10 12:00:00,BF.BLW.FAN01,bf_sinter_fan_blower,1.9622,17.5068,54.2431,0.9358,68.643,0,,train
2025-07-10 13:00:00,BF.BLW.FAN01,bf_sinter_fan_blower,1.8007,14.6242,52.8147,0.8389,68.2701,0,,train
2025-07-10 14:00:00,BF.BLW.FAN01,bf_sinter_fan_blower,1.6904,18.2018,51.7738,0.8122,66.9356,0,,train
2025-07-10 15:00:00,BF.BLW.FAN01,bf_sinter_fan_blower,1.7361,16.2474,51.2336,0.9322,66.6873,0,,train
2025-07-10 16:00:00,BF.BLW.FAN01,bf_sinter_fan_blower,1.6561,16.6621,51.267,1.2118,65.5848,0,,train
2025-07-10 17:00:00,BF.BLW.FAN01,bf_sinter_fan_blower,1.6685,18.1947,50.2934,1.0446,65.3855,0,,train
2025-07-10 18:00:00,BF.BLW.FAN01,bf_sinter_fan_blower,1.515,15.5376,49.9171,1.1262,64.3633,0,,train
2025-07-10 19:00:00,BF.BLW.FAN01,bf_sinter_fan_blower,1.5226,20.2666,50.381,1.1042,64.0261,0,,train
2025-07-10 20:00:00,BF.BLW.FAN01,bf_sinter_fan_blower,1.4845,19.0196,50.4537,1.1865,64.167,0,,train
2025-07-10 21:00:00,BF.BLW.FAN01,bf_sinter_fan_blower,1.5873,17.7457,51.9161,1.0045,64.7135,0,,train
2025-07-10 22:00:00,BF.BLW.FAN01,bf_sinter_fan_blower,1.5928,21.6428,52.727,1.1771,64.6625,0,,train
2025-07-10 23:00:00,BF.BLW.FAN01,bf_sinter_fan_blower,1.531,29.5352,52.3587,1.0054,64.5273,0,,train
2025-07-11 00:00:00,BF.BLW.FAN01,bf_sinter_fan_blower,1.5609,29.9397,53.6931,0.992,65.4996,0,,train
2025-07-11 01:00:00,BF.BLW.FAN01,bf_sinter_fan_blower,1.7893,31.3738,55.0728,0.7614,66.7168,0,,train
2025-07-11 02:00:00,BF.BLW.FAN01,bf_sinter_fan_blower,1.8676,33.7895,55.5386,0.7453,68.3195,0,,train
2025-07-11 03:00:00,BF.BLW.FAN01,bf_sinter_fan_blower,1.8734,35.2599,55.6971,0.7015,69.134,0,,train
2025-07-11 04:00:00,BF.BLW.FAN01,bf_sinter_fan_blower,1.8787,34.8914,55.9763,0.7911,69.4392,0,,train
2025-07-11 05:00:00,BF.BLW.FAN01,bf_sinter_fan_blower,1.7332,27.6174,56.0917,0.977,68.0281,0,,train
2025-07-11 06:00:00,BF.BLW.FAN01,bf_sinter_fan_blower,1.6716,28.7363,54.9577,0.9393,68.4816,0,,train
2025-07-11 07:00:00,BF.BLW.FAN01,bf_sinter_fan_blower,1.676,27.5322,55.4163,1.201,67.8352,0,,train
2025-07-11 08:00:00,BF.BLW.FAN01,bf_sinter_fan_blower,1.5268,30.9282,55.3708,1.2914,66.3514,0,,train
2025-07-11 09:00:00,BF.BLW.FAN01,bf_sinter_fan_blower,1.4603,29.6495,55.2065,1.3047,65.2935,0,,train
2025-07-11 10:00:00,BF.BLW.FAN01,bf_sinter_fan_blower,1.423,26.8317,54.9237,1.5702,65.16,0,,train
2025-07-11 11:00:00,BF.BLW.FAN01,bf_sinter_fan_blower,1.4599,29.2894,54.7309,1.3415,64.6431,0,,train
2025-07-11 12:00:00,BF.BLW.FAN01,bf_sinter_fan_blower,1.4158,25.8445,53.7742,1.2653,63.4033,0,,train
2025-07-11 13:00:00,BF.BLW.FAN01,bf_sinter_fan_blower,1.4683,28.8898,53.8033,1.4009,63.1232,0,,train
2025-07-11 14:00:00,BF.BLW.FAN01,bf_sinter_fan_blower,1.4382,30.9391,53.3075,1.411,61.3771,0,,train
2025-07-11 15:00:00,BF.BLW.FAN01,bf_sinter_fan_blower,1.3336,29.9854,52.7903,1.3303,59.9366,0,,train
2025-07-11 16:00:00,BF.BLW.FAN01,bf_sinter_fan_blower,1.2809,25.4704,51.2906,1.3116,68.2501,0,,train
2025-07-11 17:00:00,BF.BLW.FAN01,bf_sinter_fan_blower,1.3493,23.4002,52.3776,1.394,83.4851,0,,train
2025-07-11 18:00:00,BF.BLW.FAN01,bf_sinter_fan_blower,1.2174,18.0616,51.6785,1.4275,90.3593,0,,train
2025-07-11 19:00:00,BF.BLW.FAN01,bf_sinter_fan_blower,1.2407,15.7136,51.7491,1.4652,81.5336,0,,train
2025-07-11 20:00:00,BF.BLW.FAN01,bf_sinter_fan_blower,1.2436,15.314,52.3833,1.4081,65.3052,0,,train
2025-07-11 21:00:00,BF.BLW.FAN01,bf_sinter_fan_blower,1.4258,15.7678,53.2815,1.3554,58.1199,0,,train
2025-07-11 22:00:00,BF.BLW.FAN01,bf_sinter_fan_blower,1.3935,19.8063,52.706,1.4961,58.89,0,,train
2025-07-11 23:00:00,BF.BLW.FAN01,bf_sinter_fan_blower,1.4707,20.1857,53.0185,1.4711,59.3945,0,,train
2025-07-12 00:00:00,BF.BLW.FAN01,bf_sinter_fan_blower,1.5212,19.6914,53.7871,1.1819,59.029,0,,train
2025-07-12 01:00:00,BF.BLW.FAN01,bf_sinter_fan_blower,1.5482,21.9141,54.2877,1.0001,59.4116,0,,train
2025-07-12 02:00:00,BF.BLW.FAN01,bf_sinter_fan_blower,1.5481,19.9362,55.2301,1.1664,60.6717,0,,train
2025-07-12 03:00:00,BF.BLW.FAN01,bf_sinter_fan_blower,1.6119,20.7821,56.0838,1.0797,61.7377,0,,train
2025-07-12 04:00:00,BF.BLW.FAN01,bf_sinter_fan_blower,1.5421,24.4388,54.6846,1.117,61.7084,0,,train
2025-07-12 05:00:00,BF.BLW.FAN01,bf_sinter_fan_blower,1.6436,25.9267,55.3977,1.2042,61.9783,0,,train
2025-07-12 06:00:00,BF.BLW.FAN01,bf_sinter_fan_blower,1.6378,26.1849,55.2995,1.2432,61.4395,0,,train
2025-07-12 07:00:00,BF.BLW.FAN01,bf_sinter_fan_blower,1.8556,28.3519,56.6858,1.2766,62.8918,0,,train
2025-07-12 08:00:00,BF.BLW.FAN01,bf_sinter_fan_blower,1.9015,28.1296,56.3528,1.1636,63.7977,0,,train
2025-07-12 09:00:00,BF.BLW.FAN01,bf_sinter_fan_blower,1.902,28.1349,56.678,1.1704,62.888,0,,train
2025-07-12 10:00:00,BF.BLW.FAN01,bf_sinter_fan_blower,1.8111,32.6758,55.2422,1.1472,62.3918,0,,train
2025-07-12 11:00:00,BF.BLW.FAN01,bf_sinter_fan_blower,1.743,31.314,54.9672,1.0336,60.7855,0,,train
2025-07-12 12:00:00,BF.BLW.FAN01,bf_sinter_fan_blower,1.7396,32.1458,55.3324,0.9124,60.2894,0,,train
2025-07-12 13:00:00,BF.BLW.FAN01,bf_sinter_fan_blower,1.6037,27.1313,54.3813,0.7611,60.0992,0,,train
2025-07-12 14:00:00,BF.BLW.FAN01,bf_sinter_fan_blower,1.591,25.9219,53.7547,0.8185,58.8519,0,,train
2025-07-12 15:00:00,BF.BLW.FAN01,bf_sinter_fan_blower,1.8182,25.2465,53.3876,0.5694,59.6869,0,,train
2025-07-12 16:00:00,BF.BLW.FAN01,bf_sinter_fan_blower,1.7831,28.2017,53.6404,0.5436,58.3722,0,,train
2025-07-12 17:00:00,BF.BLW.FAN01,bf_sinter_fan_blower,1.7253,30.6149,53.2357,0.4028,58.0566,0,,train
2025-07-12 18:00:00,BF.BLW.FAN01,bf_sinter_fan_blower,1.7887,36.4566,57.3707,0.5366,58.5362,0,,train
2025-07-12 19:00:00,BF.BLW.FAN01,bf_sinter_fan_blower,1.8616,34.448,65.8645,0.5443,59.807,0,,train
2025-07-12 20:00:00,BF.BLW.FAN01,bf_sinter_fan_blower,1.8431,30.5042,75.0777,0.595,59.5425,0,,train
2025-07-12 21:00:00,BF.BLW.FAN01,bf_sinter_fan_blower,1.7614,30.1243,78.7061,0.5754,58.2896,0,,train
2025-07-12 22:00:00,BF.BLW.FAN01,bf_sinter_fan_blower,1.7297,32.6385,75.2732,0.7434,59.0411,0,,train
2025-07-12 23:00:00,BF.BLW.FAN01,bf_sinter_fan_blower,1.6031,31.8168,67.1547,0.6725,59.139,0,,train
2025-07-13 00:00:00,BF.BLW.FAN01,bf_sinter_fan_blower,1.6099,34.935,59.4917,0.7139,58.8645,0,,train
2025-07-13 01:00:00,BF.BLW.FAN01,bf_sinter_fan_blower,1.6163,37.0888,56.7583,0.8288,59.5431,0,,train
2025-07-13 02:00:00,BF.BLW.FAN01,bf_sinter_fan_blower,1.5055,34.322,56.9308,0.7627,59.2502,0,,train
2025-07-13 03:00:00,BF.BLW.FAN01,bf_sinter_fan_blower,1.4281,32.6572,55.6965,0.585,59.648,0,,train
2025-07-13 04:00:00,BF.BLW.FAN01,bf_sinter_fan_blower,1.1777,33.8015,54.3919,0.6997,58.0816,0,,train
2025-07-13 05:00:00,BF.BLW.FAN01,bf_sinter_fan_blower,1.1656,34.9867,53.7604,0.4576,57.7004,0,,train
2025-07-13 06:00:00,BF.BLW.FAN01,bf_sinter_fan_blower,1.1666,35.9234,53.6191,0.4568,57.3688,0,,train
2025-07-13 07:00:00,BF.BLW.FAN01,bf_sinter_fan_blower,1.3739,34.8755,53.5021,0.3003,58.557,0,,train
2025-07-13 08:00:00,BF.BLW.FAN01,bf_sinter_fan_blower,1.4409,31.8489,53.4877,0.2152,58.7617,0,,train
2025-07-13 09:00:00,BF.BLW.FAN01,bf_sinter_fan_blower,1.4076,33.6392,52.5617,0.3559,59.1,0,,train
2025-07-13 10:00:00,BF.BLW.FAN01,bf_sinter_fan_blower,1.4437,35.5353,53.2117,0.2797,58.5736,0,,train
2025-07-13 11:00:00,BF.BLW.FAN01,bf_sinter_fan_blower,1.4475,37.4973,52.5662,0.3273,58.8661,0,,train
2025-07-13 12:00:00,BF.BLW.FAN01,bf_sinter_fan_blower,1.402,39.4666,52.6644,0.4815,57.1537,0,,train
2025-07-13 13:00:00,BF.BLW.FAN01,bf_sinter_fan_blower,1.3789,37.7737,53.0679,0.6337,56.8208,0,,train
2025-07-13 14:00:00,BF.BLW.FAN01,bf_sinter_fan_blower,1.4538,41.2986,53.6196,0.4533,56.7351,0,,train
2025-07-13 15:00:00,BF.BLW.FAN01,bf_sinter_fan_blower,1.3978,35.2788,53.1257,0.5591,55.6496,0,,train
2025-07-13 16:00:00,BF.BLW.FAN01,bf_sinter_fan_blower,1.3687,33.4394,51.331,0.4028,55.4576,0,,train
2025-07-13 17:00:00,BF.BLW.FAN01,bf_sinter_fan_blower,1.3349,39.3053,49.9864,0.3709,56.6089,0,,train
2025-07-13 18:00:00,BF.BLW.FAN01,bf_sinter_fan_blower,1.3923,35.2496,50.6958,0.3712,56.8152,0,,train
2025-07-13 19:00:00,BF.BLW.FAN01,bf_sinter_fan_blower,1.3676,34.4794,50.175,0.4171,56.9361,0,,train
2025-07-13 20:00:00,BF.BLW.FAN01,bf_sinter_fan_blower,1.5206,37.474,51.1255,0.4151,57.8458,0,,train
2025-07-13 21:00:00,BF.BLW.FAN01,bf_sinter_fan_blower,1.5969,37.143,51.3958,0.3773,57.7556,0,,train
2025-07-13 22:00:00,BF.BLW.FAN01,bf_sinter_fan_blower,1.4625,38.9532,51.615,0.4783,56.9616,0,,train
2025-07-13 23:00:00,BF.BLW.FAN01,bf_sinter_fan_blower,1.4613,35.4488,51.7959,0.4255,56.8924,0,,train
2025-07-14 00:00:00,BF.BLW.FAN01,bf_sinter_fan_blower,1.3256,36.5973,50.529,0.59,57.5987,0,,train
2025-07-14 01:00:00,BF.BLW.FAN01,bf_sinter_fan_blower,1.2743,34.5118,51.0836,0.7276,56.8615,0,,train
2025-07-14 02:00:00,BF.BLW.FAN01,bf_sinter_fan_blower,1.3003,33.6328,51.8054,0.918,57.0205,0,,train
2025-07-14 03:00:00,BF.BLW.FAN01,bf_sinter_fan_blower,1.4536,37.3204,52.6903,0.8806,58.2116,0,BF.BLW.FAN01::E03,train
2025-07-14 04:00:00,BF.BLW.FAN01,bf_sinter_fan_blower,1.4784,40.5773,52.3627,0.8388,59.2593,0,BF.BLW.FAN01::E03,train
2025-07-14 05:00:00,BF.BLW.FAN01,bf_sinter_fan_blower,1.4059,33.778,52.475,0.9156,59.0278,0,BF.BLW.FAN01::E03,train
2025-07-14 06:00:00,BF.BLW.FAN01,bf_sinter_fan_blower,1.428,33.0847,53.5027,1.0317,59.101,0,BF.BLW.FAN01::E03,train
2025-07-14 07:00:00,BF.BLW.FAN01,bf_sinter_fan_blower,1.435,32.7843,53.333,1.0273,59.4006,0,BF.BLW.FAN01::E03,train
2025-07-14 08:00:00,BF.BLW.FAN01,bf_sinter_fan_blower,1.5578,29.4204,53.7144,1.0064,60.3508,0,BF.BLW.FAN01::E03,train
2025-07-14 09:00:00,BF.BLW.FAN01,bf_sinter_fan_blower,1.5843,29.7499,54.3587,1.0243,59.3394,0,BF.BLW.FAN01::E03,train
2025-07-14 10:00:00,BF.BLW.FAN01,bf_sinter_fan_blower,1.5227,26.357,54.4079,0.8738,58.8555,0,BF.BLW.FAN01::E03,train
2025-07-14 11:00:00,BF.BLW.FAN01,bf_sinter_fan_blower,1.4801,25.7731,54.1235,0.9785,58.1611,0,BF.BLW.FAN01::E03,train
2025-07-14 12:00:00,BF.BLW.FAN01,bf_sinter_fan_blower,1.4229,24.7767,53.513,1.0172,57.7311,0,BF.BLW.FAN01::E03,train
2025-07-14 13:00:00,BF.BLW.FAN01,bf_sinter_fan_blower,1.5603,27.6758,53.4967,1.1798,58.3809,0,BF.BLW.FAN01::E03,train
2025-07-14 14:00:00,BF.BLW.FAN01,bf_sinter_fan_blower,1.6008,27.2191,53.0857,1.0598,57.8623,0,BF.BLW.FAN01::E03,train
2025-07-14 15:00:00,BF.BLW.FAN01,bf_sinter_fan_blower,1.5755,25.6888,53.0129,1.0575,58.3015,0,BF.BLW.FAN01::E03,train
2025-07-14 16:00:00,BF.BLW.FAN01,bf_sinter_fan_blower,1.6182,25.5839,52.2615,1.0737,58.6358,0,BF.BLW.FAN01::E03,train
2025-07-14 17:00:00,BF.BLW.FAN01,bf_sinter_fan_blower,1.6229,26.6094,51.7932,1.1484,58.6818,0,BF.BLW.FAN01::E03,train
2025-07-14 18:00:00,BF.BLW.FAN01,bf_sinter_fan_blower,1.5669,29.6105,51.0181,1.2189,58.8493,0,BF.BLW.FAN01::E03,train
2025-07-14 19:00:00,BF.BLW.FAN01,bf_sinter_fan_blower,1.5769,29.2236,52.0494,1.2012,58.2848,0,BF.BLW.FAN01::E03,train
2025-07-14 20:00:00,BF.BLW.FAN01,bf_sinter_fan_blower,1.5344,28.793,52.9146,1.4005,60.4414,0,BF.BLW.FAN01::E03,train
2025-07-14 21:00:00,BF.BLW.FAN01,bf_sinter_fan_blower,1.4157,25.282,52.4552,1.4831,67.99,0,BF.BLW.FAN01::E03,train
2025-07-14 22:00:00,BF.BLW.FAN01,bf_sinter_fan_blower,1.5085,33.6577,53.2637,1.2443,76.2667,0,BF.BLW.FAN01::E03,train
2025-07-14 23:00:00,BF.BLW.FAN01,bf_sinter_fan_blower,1.4967,30.6112,53.1624,1.2301,80.323,0,BF.BLW.FAN01::E03,train
2025-07-15 00:00:00,BF.BLW.FAN01,bf_sinter_fan_blower,1.4897,29.6615,52.9396,1.3345,77.9527,0,BF.BLW.FAN01::E03,train
2025-07-15 01:00:00,BF.BLW.FAN01,bf_sinter_fan_blower,1.5113,30.5086,52.3308,1.377,71.1251,0,BF.BLW.FAN01::E03,train
2025-07-15 02:00:00,BF.BLW.FAN01,bf_sinter_fan_blower,1.5781,25.3847,52.6324,1.2995,64.6872,0,BF.BLW.FAN01::E03,train
2025-07-15 03:00:00,BF.BLW.FAN01,bf_sinter_fan_blower,1.5697,30.4149,52.4961,1.3444,62.5404,0,BF.BLW.FAN01::E03,train
2025-07-15 04:00:00,BF.BLW.FAN01,bf_sinter_fan_blower,1.4588,28.8116,52.3811,1.4006,62.0491,0,BF.BLW.FAN01::E03,train
2025-07-15 05:00:00,BF.BLW.FAN01,bf_sinter_fan_blower,1.4659,28.2952,52.3428,1.3917,62.559,0,BF.BLW.FAN01::E03,train
2025-07-15 06:00:00,BF.BLW.FAN01,bf_sinter_fan_blower,1.5325,31.5453,52.6399,1.4316,62.3472,0,BF.BLW.FAN01::E03,train
2025-07-15 07:00:00,BF.BLW.FAN01,bf_sinter_fan_blower,1.4659,31.7746,53.0463,1.4307,62.1173,0,BF.BLW.FAN01::E03,train
2025-07-15 08:00:00,BF.BLW.FAN01,bf_sinter_fan_blower,1.4942,29.6903,52.9944,1.4054,62.5316,0,BF.BLW.FAN01::E03,train
2025-07-15 09:00:00,BF.BLW.FAN01,bf_sinter_fan_blower,1.3827,33.5461,52.8325,1.2425,61.3389,0,BF.BLW.FAN01::E03,train
2025-07-15 10:00:00,BF.BLW.FAN01,bf_sinter_fan_blower,1.303,34.5592,52.2933,1.4045,60.8913,0,BF.BLW.FAN01::E03,train
2025-07-15 11:00:00,BF.BLW.FAN01,bf_sinter_fan_blower,1.2563,32.8232,52.1825,1.2847,60.1732,0,BF.BLW.FAN01::E03,train
2025-07-15 12:00:00,BF.BLW.FAN01,bf_sinter_fan_blower,1.3188,37.6538,51.8031,1.1624,59.835,0,BF.BLW.FAN01::E03,train
2025-07-15 13:00:00,BF.BLW.FAN01,bf_sinter_fan_blower,1.2748,40.0948,51.8756,1.2693,58.6764,0,BF.BLW.FAN01::E03,train
2025-07-15 14:00:00,BF.BLW.FAN01,bf_sinter_fan_blower,1.3335,37.9604,51.1017,1.2882,59.2702,0,BF.BLW.FAN01::E03,train
2025-07-15 15:00:00,BF.BLW.FAN01,bf_sinter_fan_blower,1.4187,34.2894,51.51,1.1645,59.3692,0,BF.BLW.FAN01::E03,train
2025-07-15 16:00:00,BF.BLW.FAN01,bf_sinter_fan_blower,1.5078,34.6095,52.163,1.1841,59.6051,0,BF.BLW.FAN01::E03,train
2025-07-15 17:00:00,BF.BLW.FAN01,bf_sinter_fan_blower,1.5484,36.6792,52.5831,1.0319,59.226,0,BF.BLW.FAN01::E03,train
2025-07-15 18:00:00,BF.BLW.FAN01,bf_sinter_fan_blower,1.5844,33.7667,52.5683,1.1928,59.0822,0,BF.BLW.FAN01::E03,train
2025-07-15 19:00:00,BF.BLW.FAN01,bf_sinter_fan_blower,1.5736,34.1056,52.8714,1.2173,59.7032,0,BF.BLW.FAN01::E03,train
2025-07-15 20:00:00,BF.BLW.FAN01,bf_sinter_fan_blower,1.7357,29.2563,53.3442,1.1788,61.1661,0,BF.BLW.FAN01::E03,train
2025-07-15 21:00:00,BF.BLW.FAN01,bf_sinter_fan_blower,1.7419,30.1659,53.5289,1.0071,61.3547,0,BF.BLW.FAN01::E03,train
2025-07-15 22:00:00,BF.BLW.FAN01,bf_sinter_fan_blower,1.8226,34.277,54.6378,0.9836,61.5803,0,BF.BLW.FAN01::E03,train
2025-07-15 23:00:00,BF.BLW.FAN01,bf_sinter_fan_blower,1.9312,33.9566,56.2217,1.0795,61.6851,0,BF.BLW.FAN01::E03,train
2025-07-16 00:00:00,BF.BLW.FAN01,bf_sinter_fan_blower,1.8622,33.3095,56.6939,1.0378,61.5158,0,BF.BLW.FAN01::E03,train
2025-07-16 01:00:00,BF.BLW.FAN01,bf_sinter_fan_blower,1.9246,33.2997,56.9017,0.787,61.2064,0,BF.BLW.FAN01::E03,train
2025-07-16 02:00:00,BF.BLW.FAN01,bf_sinter_fan_blower,1.888,33.5628,56.9418,0.8696,61.4932,0,BF.BLW.FAN01::E03,train
2025-07-16 03:00:00,BF.BLW.FAN01,bf_sinter_fan_blower,1.8832,33.5105,58.2753,0.9906,60.597,0,BF.BLW.FAN01::E03,train
2025-07-16 04:00:00,BF.BLW.FAN01,bf_sinter_fan_blower,1.6983,37.6207,58.2607,1.1843,59.4583,0,BF.BLW.FAN01::E03,train
2025-07-16 05:00:00,BF.BLW.FAN01,bf_sinter_fan_blower,1.6652,41.7173,59.1218,1.3545,59.2522,0,BF.BLW.FAN01::E03,train
2025-07-16 06:00:00,BF.BLW.FAN01,bf_sinter_fan_blower,1.4959,40.1579,57.1147,1.1853,58.6311,0,BF.BLW.FAN01::E03,train
2025-07-16 07:00:00,BF.BLW.FAN01,bf_sinter_fan_blower,1.4299,37.7834,56.8493,1.2021,58.2575,0,BF.BLW.FAN01::E03,train
2025-07-16 08:00:00,BF.BLW.FAN01,bf_sinter_fan_blower,1.3235,34.8194,56.3961,1.2711,57.3257,0,BF.BLW.FAN01::E03,train
2025-07-16 09:00:00,BF.BLW.FAN01,bf_sinter_fan_blower,1.2306,35.8258,55.3143,1.2624,57.5368,0,BF.BLW.FAN01::E03,train
2025-07-16 10:00:00,BF.BLW.FAN01,bf_sinter_fan_blower,1.3691,35.5395,55.8698,1.2484,57.7285,0,BF.BLW.FAN01::E03,train
2025-07-16 11:00:00,BF.BLW.FAN01,bf_sinter_fan_blower,1.3479,39.7739,55.6181,1.4059,56.8436,0,BF.BLW.FAN01::E03,train
2025-07-16 12:00:00,BF.BLW.FAN01,bf_sinter_fan_blower,1.2804,43.6283,55.9847,1.4925,55.4326,0,BF.BLW.FAN01::E03,train
2025-07-16 13:00:00,BF.BLW.FAN01,bf_sinter_fan_blower,1.3138,44.4551,55.7739,1.4093,55.141,0,BF.BLW.FAN01::E03,train
2025-07-16 14:00:00,BF.BLW.FAN01,bf_sinter_fan_blower,1.4511,45.0091,55.7798,1.1161,54.2928,0,BF.BLW.FAN01::E03,train
2025-07-16 15:00:00,BF.BLW.FAN01,bf_sinter_fan_blower,1.4785,43.2644,55.501,0.9311,54.4457,0,BF.BLW.FAN01::E03,train
2025-07-16 16:00:00,BF.BLW.FAN01,bf_sinter_fan_blower,1.5302,43.0304,55.9201,0.9443,53.7022,0,BF.BLW.FAN01::E03,train
2025-07-16 17:00:00,BF.BLW.FAN01,bf_sinter_fan_blower,1.7731,42.1765,57.6031,0.8022,54.0402,0,BF.BLW.FAN01::E03,train
2025-07-16 18:00:00,BF.BLW.FAN01,bf_sinter_fan_blower,1.7842,42.9048,57.7925,0.5876,53.7275,0,BF.BLW.FAN01::E03,train
2025-07-16 19:00:00,BF.BLW.FAN01,bf_sinter_fan_blower,1.8934,44.9644,57.7822,0.6648,55.5933,0,BF.BLW.FAN01::E03,train
2025-07-16 20:00:00,BF.BLW.FAN01,bf_sinter_fan_blower,1.9589,43.5623,57.4587,0.6017,55.6941,0,BF.BLW.FAN01::E03,train
2025-07-16 21:00:00,BF.BLW.FAN01,bf_sinter_fan_blower,1.9761,46.1566,58.7834,0.3437,55.2587,0,BF.BLW.FAN01::E03,train
2025-07-16 22:00:00,BF.BLW.FAN01,bf_sinter_fan_blower,1.8934,45.1274,58.5888,0.4608,55.7644,0,BF.BLW.FAN01::E03,train
2025-07-16 23:00:00,BF.BLW.FAN01,bf_sinter_fan_blower,1.87,45.4367,59.336,0.4758,56.4978,0,BF.BLW.FAN01::E03,train
2025-07-17 00:00:00,BF.BLW.FAN01,bf_sinter_fan_blower,1.8751,44.1209,59.3217,0.3604,56.7609,0,BF.BLW.FAN01::E03,train
2025-07-17 01:00:00,BF.BLW.FAN01,bf_sinter_fan_blower,1.8474,45.6123,60.1931,0.2964,56.8207,0,BF.BLW.FAN01::E03,train
2025-07-17 02:00:00,BF.BLW.FAN01,bf_sinter_fan_blower,1.9016,45.333,60.331,0.2676,56.8164,0,BF.BLW.FAN01::E03,train
2025-07-17 03:00:00,BF.BLW.FAN01,bf_sinter_fan_blower,1.7952,47.0171,59.5688,0.3217,57.4527,0,BF.BLW.FAN01::E03,train
2025-07-17 04:00:00,BF.BLW.FAN01,bf_sinter_fan_blower,1.8901,48.4405,60.4185,0.497,58.625,0,BF.BLW.FAN01::E03,train
2025-07-17 05:00:00,BF.BLW.FAN01,bf_sinter_fan_blower,1.694,47.5136,59.885,0.5046,57.2507,0,BF.BLW.FAN01::E03,train
2025-07-17 06:00:00,BF.BLW.FAN01,bf_sinter_fan_blower,1.743,47.4394,60.1658,0.7673,57.9591,0,BF.BLW.FAN01::E03,train
2025-07-17 07:00:00,BF.BLW.FAN01,bf_sinter_fan_blower,1.771,43.973,59.9134,0.6609,57.7505,0,BF.BLW.FAN01::E03,train
2025-07-17 08:00:00,BF.BLW.FAN01,bf_sinter_fan_blower,1.7456,47.2584,59.3157,0.5684,56.6162,0,BF.BLW.FAN01::E03,train
2025-07-17 09:00:00,BF.BLW.FAN01,bf_sinter_fan_blower,1.7747,44.3959,59.5402,0.531,56.5528,0,BF.BLW.FAN01::E03,train
2025-07-17 10:00:00,BF.BLW.FAN01,bf_sinter_fan_blower,1.6846,45.6911,58.5686,0.4706,55.5225,0,BF.BLW.FAN01::E03,train
2025-07-17 11:00:00,BF.BLW.FAN01,bf_sinter_fan_blower,1.6425,42.682,57.3522,0.3769,55.6656,0,BF.BLW.FAN01::E03,train
2025-07-17 12:00:00,BF.BLW.FAN01,bf_sinter_fan_blower,1.5836,45.377,56.3804,0.5496,55.0913,0,BF.BLW.FAN01::E03,train
2025-07-17 13:00:00,BF.BLW.FAN01,bf_sinter_fan_blower,1.5038,45.6808,55.5475,0.6084,53.3332,0,BF.BLW.FAN01::E03,train
2025-07-17 14:00:00,BF.BLW.FAN01,bf_sinter_fan_blower,1.5527,47.2251,55.6762,0.4786,52.9919,0,BF.BLW.FAN01::E03,train
2025-07-17 15:00:00,BF.BLW.FAN01,bf_sinter_fan_blower,1.553,42.4448,56.2269,0.5825,53.0529,0,BF.BLW.FAN01::E03,train
2025-07-17 16:00:00,BF.BLW.FAN01,bf_sinter_fan_blower,1.6693,41.3324,56.7344,0.4403,53.5749,0,BF.BLW.FAN01::E03,train
2025-07-17 17:00:00,BF.BLW.FAN01,bf_sinter_fan_blower,1.704,40.7901,57.1365,0.2516,53.3461,0,BF.BLW.FAN01::E03,train
2025-07-17 18:00:00,BF.BLW.FAN01,bf_sinter_fan_blower,1.6929,40.3335,57.2483,0.4435,53.0889,0,BF.BLW.FAN01::E03,train
2025-07-17 19:00:00,BF.BLW.FAN01,bf_sinter_fan_blower,1.7522,37.5945,57.5221,0.4908,53.6851,0,BF.BLW.FAN01::E03,train
2025-07-17 20:00:00,BF.BLW.FAN01,bf_sinter_fan_blower,1.9144,36.8463,58.5731,0.5073,53.5733,0,BF.BLW.FAN01::E03,train
2025-07-17 21:00:00,BF.BLW.FAN01,bf_sinter_fan_blower,1.7955,35.6389,57.7537,0.3643,52.8854,0,BF.BLW.FAN01::E03,train
2025-07-17 22:00:00,BF.BLW.FAN01,bf_sinter_fan_blower,1.8913,36.2633,57.4661,0.2084,54.3014,0,BF.BLW.FAN01::E03,train
2025-07-17 23:00:00,BF.BLW.FAN01,bf_sinter_fan_blower,1.8929,40.0103,57.8961,0.3127,54.726,0,BF.BLW.FAN01::E03,train
2025-07-18 00:00:00,BF.BLW.FAN01,bf_sinter_fan_blower,1.8374,37.2538,57.1097,0.2651,55.2076,0,BF.BLW.FAN01::E03,train
2025-07-18 01:00:00,BF.BLW.FAN01,bf_sinter_fan_blower,1.8871,36.5858,57.5816,0.3296,56.9695,0,BF.BLW.FAN01::E03,train
2025-07-18 02:00:00,BF.BLW.FAN01,bf_sinter_fan_blower,1.697,39.3388,56.2155,0.4738,56.4576,0,BF.BLW.FAN01::E03,train
2025-07-18 03:00:00,BF.BLW.FAN01,bf_sinter_fan_blower,1.7876,42.5822,57.3866,0.6042,56.4242,0,BF.BLW.FAN01::E03,train
2025-07-18 04:00:00,BF.BLW.FAN01,bf_sinter_fan_blower,1.8138,41.1143,57.3304,0.6726,57.304,0,BF.BLW.FAN01::E03,train
2025-07-18 05:00:00,BF.BLW.FAN01,bf_sinter_fan_blower,1.7736,43.5535,57.3702,0.7004,56.7329,0,BF.BLW.FAN01::E03,train
2025-07-18 06:00:00,BF.BLW.FAN01,bf_sinter_fan_blower,1.8385,41.2627,57.9555,0.6315,56.3249,0,BF.BLW.FAN01::E03,train
2025-07-18 07:00:00,BF.BLW.FAN01,bf_sinter_fan_blower,2.0141,38.4827,58.8329,0.5312,57.5418,0,BF.BLW.FAN01::E03,train
2025-07-18 08:00:00,BF.BLW.FAN01,bf_sinter_fan_blower,1.9479,39.0668,58.9726,0.4204,56.6688,0,BF.BLW.FAN01::E03,train
2025-07-18 09:00:00,BF.BLW.FAN01,bf_sinter_fan_blower,1.9006,42.5692,58.8434,0.5449,55.5668,0,BF.BLW.FAN01::E03,train
2025-07-18 10:00:00,BF.BLW.FAN01,bf_sinter_fan_blower,1.8823,39.5273,59.3825,0.5837,54.9707,0,BF.BLW.FAN01::E03,train
2025-07-18 11:00:00,BF.BLW.FAN01,bf_sinter_fan_blower,1.7506,40.3968,59.0151,0.7465,54.3181,0,BF.BLW.FAN01::E03,train
2025-07-18 12:00:00,BF.BLW.FAN01,bf_sinter_fan_blower,1.7905,43.4929,58.6929,0.9607,55.2793,0,BF.BLW.FAN01::E03,train
2025-07-18 13:00:00,BF.BLW.FAN01,bf_sinter_fan_blower,1.6275,42.2131,57.8809,1.1157,54.6372,0,BF.BLW.FAN01::E03,train
2025-07-18 14:00:00,BF.BLW.FAN01,bf_sinter_fan_blower,1.7029,41.9833,58.3287,1.1173,53.8919,0,BF.BLW.FAN01::E03,train
2025-07-18 15:00:00,BF.BLW.FAN01,bf_sinter_fan_blower,1.6725,40.6799,58.0393,0.936,53.0581,0,BF.BLW.FAN01::E03,train
2025-07-18 16:00:00,BF.BLW.FAN01,bf_sinter_fan_blower,1.6804,41.6092,57.8949,1.0603,52.8068,0,BF.BLW.FAN01::E03,train
2025-07-18 17:00:00,BF.BLW.FAN01,bf_sinter_fan_blower,1.878,43.2571,58.7418,0.84,53.3828,0,BF.BLW.FAN01::E03,train
2025-07-18 18:00:00,BF.BLW.FAN01,bf_sinter_fan_blower,1.7999,40.2517,58.302,0.92,53.4055,0,BF.BLW.FAN01::E03,train
2025-07-18 19:00:00,BF.BLW.FAN01,bf_sinter_fan_blower,1.6958,40.8065,58.0896,1.0593,52.8317,0,BF.BLW.FAN01::E03,train
2025-07-18 20:00:00,BF.BLW.FAN01,bf_sinter_fan_blower,1.7437,42.1035,58.101,1.0187,53.6507,0,BF.BLW.FAN01::E03,train
2025-07-18 21:00:00,BF.BLW.FAN01,bf_sinter_fan_blower,1.74,41.3575,58.1833,0.9912,54.1596,0,BF.BLW.FAN01::E03,train
2025-07-18 22:00:00,BF.BLW.FAN01,bf_sinter_fan_blower,1.6759,43.7126,58.3931,1.0427,54.4844,0,BF.BLW.FAN01::E03,train
2025-07-18 23:00:00,BF.BLW.FAN01,bf_sinter_fan_blower,1.708,44.4495,58.339,1.2138,54.9003,0,BF.BLW.FAN01::E03,train
2025-07-19 00:00:00,BF.BLW.FAN01,bf_sinter_fan_blower,1.6689,47.5474,58.4358,1.3625,55.5707,0,BF.BLW.FAN01::E03,train
2025-07-19 01:00:00,BF.BLW.FAN01,bf_sinter_fan_blower,1.6453,48.8596,59.332,1.5065,56.2724,0,BF.BLW.FAN01::E03,train
2025-07-19 02:00:00,BF.BLW.FAN01,bf_sinter_fan_blower,1.6947,47.8655,59.5408,1.3288,56.6851,0,BF.BLW.FAN01::E03,train
2025-07-19 03:00:00,BF.BLW.FAN01,bf_sinter_fan_blower,1.7224,51.2243,59.1146,1.3751,57.6634,0,BF.BLW.FAN01::E03,train
2025-07-19 04:00:00,BF.BLW.FAN01,bf_sinter_fan_blower,1.6884,51.0687,58.9862,1.2604,57.095,0,BF.BLW.FAN01::E03,train
2025-07-19 05:00:00,BF.BLW.FAN01,bf_sinter_fan_blower,1.8644,47.179,60.0981,1.0744,57.6657,0,BF.BLW.FAN01::E03,train
2025-07-19 06:00:00,BF.BLW.FAN01,bf_sinter_fan_blower,1.826,48.4233,60.2446,1.0679,57.7135,0,BF.BLW.FAN01::E03,train
2025-07-19 07:00:00,BF.BLW.FAN01,bf_sinter_fan_blower,1.9238,47.7171,61.2197,0.8986,57.6062,0,BF.BLW.FAN01::E03,train
2025-07-19 08:00:00,BF.BLW.FAN01,bf_sinter_fan_blower,2.0761,47.177,62.1012,1.0233,58.4031,0,BF.BLW.FAN01::E03,train
2025-07-19 09:00:00,BF.BLW.FAN01,bf_sinter_fan_blower,1.9979,47.8722,62.2754,1.2023,58.2038,0,BF.BLW.FAN01::E03,train
2025-07-19 10:00:00,BF.BLW.FAN01,bf_sinter_fan_blower,2.139,47.2945,61.9872,1.112,59.1405,0,BF.BLW.FAN01::E03,train
2025-07-19 11:00:00,BF.BLW.FAN01,bf_sinter_fan_blower,2.027,49.1853,60.7126,0.7753,59.1746,0,BF.BLW.FAN01::E03,train
2025-07-19 12:00:00,BF.BLW.FAN01,bf_sinter_fan_blower,2.0337,42.2878,60.9183,0.7591,59.0322,0,BF.BLW.FAN01::E03,train
2025-07-19 13:00:00,BF.BLW.FAN01,bf_sinter_fan_blower,2.0874,45.1009,60.974,0.7508,58.662,0,BF.BLW.FAN01::E03,train
2025-07-19 14:00:00,BF.BLW.FAN01,bf_sinter_fan_blower,2.1053,41.8561,60.747,0.8662,58.6729,0,BF.BLW.FAN01::E03,train
2025-07-19 15:00:00,BF.BLW.FAN01,bf_sinter_fan_blower,2.0149,38.757,59.8329,0.9418,58.3376,0,BF.BLW.FAN01::E03,train
2025-07-19 16:00:00,BF.BLW.FAN01,bf_sinter_fan_blower,1.9101,40.6031,60.03,0.9686,57.6053,0,BF.BLW.FAN01::E03,train
2025-07-19 17:00:00,BF.BLW.FAN01,bf_sinter_fan_blower,2.007,39.7036,59.8987,0.8392,58.2687,0,BF.BLW.FAN01::E03,train
2025-07-19 18:00:00,BF.BLW.FAN01,bf_sinter_fan_blower,1.9486,36.7951,59.3632,0.9038,57.6772,0,BF.BLW.FAN01::E03,train
2025-07-19 19:00:00,BF.BLW.FAN01,bf_sinter_fan_blower,1.8506,36.1546,58.7397,1.0239,57.1093,0,BF.BLW.FAN01::E03,train
2025-07-19 20:00:00,BF.BLW.FAN01,bf_sinter_fan_blower,1.8949,30.9813,59.02,1.117,57.8819,0,BF.BLW.FAN01::E03,train
2025-07-19 21:00:00,BF.BLW.FAN01,bf_sinter_fan_blower,1.8022,28.0334,58.1485,1.0493,58.3929,0,BF.BLW.FAN01::E03,train
2025-07-19 22:00:00,BF.BLW.FAN01,bf_sinter_fan_blower,1.7625,30.7086,57.6363,1.363,57.9019,0,BF.BLW.FAN01::E03,train
2025-07-19 23:00:00,BF.BLW.FAN01,bf_sinter_fan_blower,1.7952,31.3681,57.3937,1.3162,58.9525,0,BF.BLW.FAN01::E03,train
2025-07-20 00:00:00,BF.BLW.FAN01,bf_sinter_fan_blower,1.7082,27.3303,57.4164,1.4001,58.9761,0,BF.BLW.FAN01::E03,train
2025-07-20 01:00:00,BF.BLW.FAN01,bf_sinter_fan_blower,1.8441,24.354,58.1726,1.5232,60.6058,0,BF.BLW.FAN01::E03,train
2025-07-20 02:00:00,BF.BLW.FAN01,bf_sinter_fan_blower,1.7847,29.2566,57.8736,1.5556,60.1194,0,BF.BLW.FAN01::E03,train
2025-07-20 03:00:00,BF.BLW.FAN01,bf_sinter_fan_blower,1.9421,29.5962,59.574,1.6432,60.3419,0,BF.BLW.FAN01::E03,train
2025-07-20 04:00:00,BF.BLW.FAN01,bf_sinter_fan_blower,1.8638,31.7624,59.8319,1.5058,59.8119,0,BF.BLW.FAN01::E03,train
2025-07-20 05:00:00,BF.BLW.FAN01,bf_sinter_fan_blower,1.8113,34.8199,59.592,1.4128,59.9415,0,BF.BLW.FAN01::E03,train
2025-07-20 06:00:00,BF.BLW.FAN01,bf_sinter_fan_blower,1.8668,34.4959,59.4027,1.3636,60.4784,0,BF.BLW.FAN01::E03,train
2025-07-20 07:00:00,BF.BLW.FAN01,bf_sinter_fan_blower,1.6919,32.1862,58.2808,1.3174,60.6415,0,BF.BLW.FAN01::E03,train
2025-07-20 08:00:00,BF.BLW.FAN01,bf_sinter_fan_blower,1.7329,37.993,58.1035,1.2641,60.1284,0,BF.BLW.FAN01::E03,train
2025-07-20 09:00:00,BF.BLW.FAN01,bf_sinter_fan_blower,1.7401,36.3058,58.0551,1.2767,60.1895,0,BF.BLW.FAN01::E03,train
2025-07-20 10:00:00,BF.BLW.FAN01,bf_sinter_fan_blower,1.5828,30.4797,56.8324,1.3567,59.1878,0,BF.BLW.FAN01::E03,train
2025-07-20 11:00:00,BF.BLW.FAN01,bf_sinter_fan_blower,1.6685,33.7543,56.2492,1.1371,59.5145,0,BF.BLW.FAN01::E03,train
2025-07-20 12:00:00,BF.BLW.FAN01,bf_sinter_fan_blower,1.687,36.7662,56.9155,1.058,58.2864,0,BF.BLW.FAN01::E03,train
2025-07-20 13:00:00,BF.BLW.FAN01,bf_sinter_fan_blower,1.6974,36.3575,57.3254,1.3317,58.3393,0,BF.BLW.FAN01::E03,train
2025-07-20 14:00:00,BF.BLW.FAN01,bf_sinter_fan_blower,1.7797,34.4653,57.1289,1.3796,57.9592,0,BF.BLW.FAN01::E03,train
2025-07-20 15:00:00,BF.BLW.FAN01,bf_sinter_fan_blower,1.9392,33.1403,57.667,1.3254,58.7747,0,BF.BLW.FAN01::E03,train
2025-07-20 16:00:00,BF.BLW.FAN01,bf_sinter_fan_blower,1.994,32.0234,58.41,1.3125,58.6539,0,BF.BLW.FAN01::E03,train
2025-07-20 17:00:00,BF.BLW.FAN01,bf_sinter_fan_blower,1.9358,34.1954,57.9689,1.4138,59.1242,0,BF.BLW.FAN01::E03,train
2025-07-20 18:00:00,BF.BLW.FAN01,bf_sinter_fan_blower,1.8113,35.0926,57.5037,1.3386,58.1937,0,BF.BLW.FAN01::E03,train
2025-07-20 19:00:00,BF.BLW.FAN01,bf_sinter_fan_blower,1.6012,40.3151,56.2812,1.407,58.3684,0,BF.BLW.FAN01::E03,train
2025-07-20 20:00:00,BF.BLW.FAN01,bf_sinter_fan_blower,1.4948,40.6686,56.3019,1.5033,58.2542,0,BF.BLW.FAN01::E03,train
2025-07-20 21:00:00,BF.BLW.FAN01,bf_sinter_fan_blower,1.5302,39.2036,57.0329,1.5685,58.1024,0,BF.BLW.FAN01::E03,train
2025-07-20 22:00:00,BF.BLW.FAN01,bf_sinter_fan_blower,1.5199,37.7386,55.8527,1.6102,59.0642,0,BF.BLW.FAN01::E03,train
2025-07-20 23:00:00,BF.BLW.FAN01,bf_sinter_fan_blower,1.4901,37.1101,56.5103,1.6673,59.0116,0,BF.BLW.FAN01::E03,train
2025-07-21 00:00:00,BF.BLW.FAN01,bf_sinter_fan_blower,1.3223,34.4519,55.264,1.7993,58.385,0,BF.BLW.FAN01::E03,train
2025-07-21 01:00:00,BF.BLW.FAN01,bf_sinter_fan_blower,1.4977,37.274,56.0263,1.7037,58.691,0,BF.BLW.FAN01::E03,train
2025-07-21 02:00:00,BF.BLW.FAN01,bf_sinter_fan_blower,1.483,37.1797,56.5527,1.8265,58.9365,0,BF.BLW.FAN01::E03,train
2025-07-21 03:00:00,BF.BLW.FAN01,bf_sinter_fan_blower,1.4777,37.7218,56.7341,1.8574,58.8667,0,BF.BLW.FAN01::E03,train
2025-07-21 04:00:00,BF.BLW.FAN01,bf_sinter_fan_blower,1.4943,43.3258,56.7082,1.8208,58.9938,0,BF.BLW.FAN01::E03,train
2025-07-21 05:00:00,BF.BLW.FAN01,bf_sinter_fan_blower,1.5558,43.3267,56.9338,1.6133,58.506,0,BF.BLW.FAN01::E03,train
2025-07-21 06:00:00,BF.BLW.FAN01,bf_sinter_fan_blower,1.5654,45.6084,56.5492,1.4873,59.6787,0,BF.BLW.FAN01::E03,train
2025-07-21 07:00:00,BF.BLW.FAN01,bf_sinter_fan_blower,1.5776,48.9022,56.9544,1.4635,59.7938,0,BF.BLW.FAN01::E03,train
2025-07-21 08:00:00,BF.BLW.FAN01,bf_sinter_fan_blower,1.6034,47.4418,56.809,1.3961,59.3522,0,BF.BLW.FAN01::E03,train
2025-07-21 09:00:00,BF.BLW.FAN01,bf_sinter_fan_blower,1.7108,48.3811,57.4397,1.2568,60.4078,0,BF.BLW.FAN01::E03,train
2025-07-21 10:00:00,BF.BLW.FAN01,bf_sinter_fan_blower,1.7887,51.8339,58.797,1.2938,59.6115,0,BF.BLW.FAN01::E03,train
2025-07-21 11:00:00,BF.BLW.FAN01,bf_sinter_fan_blower,1.7203,53.9746,57.9124,1.1439,58.4557,0,BF.BLW.FAN01::E03,train
2025-07-21 12:00:00,BF.BLW.FAN01,bf_sinter_fan_blower,1.7424,51.3109,58.0872,1.314,58.6266,0,BF.BLW.FAN01::E03,train
2025-07-21 13:00:00,BF.BLW.FAN01,bf_sinter_fan_blower,1.7423,50.6723,57.3245,1.3406,58.1896,0,BF.BLW.FAN01::E03,train
2025-07-21 14:00:00,BF.BLW.FAN01,bf_sinter_fan_blower,1.6791,51.064,56.5048,1.3806,57.6195,0,BF.BLW.FAN01::E03,train
2025-07-21 15:00:00,BF.BLW.FAN01,bf_sinter_fan_blower,1.6675,51.9013,56.9979,1.3602,57.0713,0,BF.BLW.FAN01::E03,train
2025-07-21 16:00:00,BF.BLW.FAN01,bf_sinter_fan_blower,1.6847,52.5396,56.7347,1.4888,56.8618,0,BF.BLW.FAN01::E03,train
2025-07-21 17:00:00,BF.BLW.FAN01,bf_sinter_fan_blower,1.5466,53.0796,56.1753,1.4705,57.049,0,BF.BLW.FAN01::E03,train
2025-07-21 18:00:00,BF.BLW.FAN01,bf_sinter_fan_blower,1.5336,53.3332,57.2833,1.3996,57.1238,0,BF.BLW.FAN01::E03,train
2025-07-21 19:00:00,BF.BLW.FAN01,bf_sinter_fan_blower,1.4324,57.8903,56.677,1.4758,56.2039,0,BF.BLW.FAN01::E03,train
2025-07-21 20:00:00,BF.BLW.FAN01,bf_sinter_fan_blower,1.2561,60.5624,56.1181,1.4374,55.6233,0,BF.BLW.FAN01::E03,train
2025-07-21 21:00:00,BF.BLW.FAN01,bf_sinter_fan_blower,1.2009,58.2671,55.9495,1.4984,56.0463,0,BF.BLW.FAN01::E03,train
2025-07-21 22:00:00,BF.BLW.FAN01,bf_sinter_fan_blower,1.3251,59.086,57.2826,1.4916,57.5454,0,BF.BLW.FAN01::E03,train
2025-07-21 23:00:00,BF.BLW.FAN01,bf_sinter_fan_blower,1.4267,57.4995,57.1519,1.4489,59.3393,0,BF.BLW.FAN01::E03,train
2025-07-22 00:00:00,BF.BLW.FAN01,bf_sinter_fan_blower,1.5376,58.1898,57.6699,1.3822,59.7385,0,BF.BLW.FAN01::E03,train
2025-07-22 01:00:00,BF.BLW.FAN01,bf_sinter_fan_blower,1.6449,61.0919,57.6428,1.0475,60.1175,0,BF.BLW.FAN01::E03,train
2025-07-22 02:00:00,BF.BLW.FAN01,bf_sinter_fan_blower,1.6346,62.7773,57.7292,1.0391,60.8759,0,BF.BLW.FAN01::E03,train
2025-07-22 03:00:00,BF.BLW.FAN01,bf_sinter_fan_blower,1.711,64.3625,58.2155,1.0319,61.8547,0,BF.BLW.FAN01::E03,train
2025-07-22 04:00:00,BF.BLW.FAN01,bf_sinter_fan_blower,1.6807,67.9408,58.2395,0.914,62.4931,0,BF.BLW.FAN01::E03,train
2025-07-22 05:00:00,BF.BLW.FAN01,bf_sinter_fan_blower,1.7722,67.8115,58.5264,0.9788,62.2276,0,BF.BLW.FAN01::E03,train
2025-07-22 06:00:00,BF.BLW.FAN01,bf_sinter_fan_blower,1.7817,64.9511,58.2071,1.1947,63.2792,0,BF.BLW.FAN01::E03,train
2025-07-22 07:00:00,BF.BLW.FAN01,bf_sinter_fan_blower,1.7765,62.5434,57.9508,1.2859,63.3974,0,BF.BLW.FAN01::E03,train
2025-07-22 08:00:00,BF.BLW.FAN01,bf_sinter_fan_blower,1.8611,59.2033,58.3369,1.2711,63.9458,0,BF.BLW.FAN01::E03,train
2025-07-22 09:00:00,BF.BLW.FAN01,bf_sinter_fan_blower,1.8984,54.2873,57.6846,1.2368,64.1114,0,BF.BLW.FAN01::E03,train
2025-07-22 10:00:00,BF.BLW.FAN01,bf_sinter_fan_blower,1.6837,51.8926,56.7065,1.2174,62.471,0,BF.BLW.FAN01::E03,train
2025-07-22 11:00:00,BF.BLW.FAN01,bf_sinter_fan_blower,1.7293,50.4612,56.1377,1.0269,62.8241,0,BF.BLW.FAN01::E03,train
2025-07-22 12:00:00,BF.BLW.FAN01,bf_sinter_fan_blower,1.6125,50.3733,55.3671,1.083,61.813,0,BF.BLW.FAN01::E03,train
2025-07-22 13:00:00,BF.BLW.FAN01,bf_sinter_fan_blower,1.6009,47.9442,55.0173,0.9435,61.7453,0,BF.BLW.FAN01::E03,train
2025-07-22 14:00:00,BF.BLW.FAN01,bf_sinter_fan_blower,1.5359,45.3201,55.0318,1.0994,60.7742,0,BF.BLW.FAN01::E03,train
2025-07-22 15:00:00,BF.BLW.FAN01,bf_sinter_fan_blower,1.5142,47.9423,54.9992,1.1174,60.6441,0,BF.BLW.FAN01::E03,train
2025-07-22 16:00:00,BF.BLW.FAN01,bf_sinter_fan_blower,1.3951,49.158,53.9902,1.1777,60.647,0,BF.BLW.FAN01::E03,train
2025-07-22 17:00:00,BF.BLW.FAN01,bf_sinter_fan_blower,1.5482,48.6057,54.9638,1.1992,60.6346,0,BF.BLW.FAN01::E03,train
2025-07-22 18:00:00,BF.BLW.FAN01,bf_sinter_fan_blower,1.527,47.8902,54.4898,1.1349,60.3169,0,BF.BLW.FAN01::E03,train
2025-07-22 19:00:00,BF.BLW.FAN01,bf_sinter_fan_blower,1.6889,47.9996,55.5243,1.0441,61.1749,0,BF.BLW.FAN01::E03,train
2025-07-22 20:00:00,BF.BLW.FAN01,bf_sinter_fan_blower,1.8285,46.7929,56.0684,0.7823,62.1091,0,BF.BLW.FAN01::E03,train
2025-07-22 21:00:00,BF.BLW.FAN01,bf_sinter_fan_blower,1.9542,44.3899,56.6873,0.4813,63.3589,0,BF.BLW.FAN01::E03,train
2025-07-22 22:00:00,BF.BLW.FAN01,bf_sinter_fan_blower,1.808,45.2863,55.8682,0.4977,62.8012,0,BF.BLW.FAN01::E03,train
2025-07-22 23:00:00,BF.BLW.FAN01,bf_sinter_fan_blower,1.8683,43.6732,56.382,0.4547,63.5122,0,BF.BLW.FAN01::E03,train
2025-07-23 00:00:00,BF.BLW.FAN01,bf_sinter_fan_blower,1.9179,41.4259,57.2303,0.4306,64.309,0,BF.BLW.FAN01::E03,train
2025-07-23 01:00:00,BF.BLW.FAN01,bf_sinter_fan_blower,1.9054,41.1224,58.1339,0.4094,63.7667,0,BF.BLW.FAN01::E03,train
2025-07-23 02:00:00,BF.BLW.FAN01,bf_sinter_fan_blower,1.7954,,,0.6825,63.0547,0,BF.BLW.FAN01::E03,train
2025-07-23 03:00:00,BF.BLW.FAN01,bf_sinter_fan_blower,1.8551,45.2184,59.9604,0.5537,63.1879,0,BF.BLW.FAN01::E03,train
2025-07-23 04:00:00,BF.BLW.FAN01,bf_sinter_fan_blower,1.7914,50.8527,60.7999,0.5561,62.9817,0,BF.BLW.FAN01::E03,train
2025-07-23 05:00:00,BF.BLW.FAN01,bf_sinter_fan_blower,1.792,52.0552,60.198,0.4786,62.9497,0,BF.BLW.FAN01::E03,train
2025-07-23 06:00:00,BF.BLW.FAN01,bf_sinter_fan_blower,1.7523,53.2525,60.514,0.3499,62.1726,0,BF.BLW.FAN01::E03,train
2025-07-23 07:00:00,BF.BLW.FAN01,bf_sinter_fan_blower,1.8047,51.6682,60.52,0.3604,63.3028,0,BF.BLW.FAN01::E03,train
2025-07-23 08:00:00,BF.BLW.FAN01,bf_sinter_fan_blower,1.6905,55.2642,60.3742,0.3801,61.6606,0,BF.BLW.FAN01::E03,train
2025-07-23 09:00:00,BF.BLW.FAN01,bf_sinter_fan_blower,1.6193,52.4026,59.536,0.4908,60.3918,0,BF.BLW.FAN01::E03,train
2025-07-23 10:00:00,BF.BLW.FAN01,bf_sinter_fan_blower,1.5942,55.2245,59.0924,0.4509,59.7166,0,BF.BLW.FAN01::E03,train
2025-07-23 11:00:00,BF.BLW.FAN01,bf_sinter_fan_blower,1.7162,53.154,58.6255,0.5331,60.1053,0,BF.BLW.FAN01::E03,train
2025-07-23 12:00:00,BF.BLW.FAN01,bf_sinter_fan_blower,1.7597,49.6393,59.0413,0.6713,60.1634,0,BF.BLW.FAN01::E03,train
2025-07-23 13:00:00,BF.BLW.FAN01,bf_sinter_fan_blower,1.8096,50.7815,59.4594,0.5625,60.0107,0,BF.BLW.FAN01::E03,train
2025-07-23 14:00:00,BF.BLW.FAN01,bf_sinter_fan_blower,1.8212,52.6853,59.7055,0.5951,58.1901,0,BF.BLW.FAN01::E03,train
2025-07-23 15:00:00,BF.BLW.FAN01,bf_sinter_fan_blower,1.8866,55.5904,59.3101,0.6123,58.9746,0,BF.BLW.FAN01::E03,train
2025-07-23 16:00:00,BF.BLW.FAN01,bf_sinter_fan_blower,1.9667,58.0418,59.0037,0.4342,58.9146,0,BF.BLW.FAN01::E03,train
2025-07-23 17:00:00,BF.BLW.FAN01,bf_sinter_fan_blower,1.8566,55.7383,58.8488,0.4287,57.516,0,BF.BLW.FAN01::E03,train
2025-07-23 18:00:00,BF.BLW.FAN01,bf_sinter_fan_blower,1.8446,58.6863,59.2706,0.4107,56.6495,0,BF.BLW.FAN01::E03,train
2025-07-23 19:00:00,BF.BLW.FAN01,bf_sinter_fan_blower,1.7409,58.1636,58.7677,0.4832,56.4436,0,BF.BLW.FAN01::E03,train
2025-07-23 20:00:00,BF.BLW.FAN01,bf_sinter_fan_blower,1.79,57.0131,59.4535,0.6472,56.6119,0,BF.BLW.FAN01::E03,train
2025-07-23 21:00:00,BF.BLW.FAN01,bf_sinter_fan_blower,1.8276,60.5227,59.8262,0.6823,57.03,0,BF.BLW.FAN01::E03,train
2025-07-23 22:00:00,BF.BLW.FAN01,bf_sinter_fan_blower,1.7634,61.57,59.7627,0.647,56.217,0,BF.BLW.FAN01::E03,train
2025-07-23 23:00:00,BF.BLW.FAN01,bf_sinter_fan_blower,1.8445,61.9233,59.8349,0.6094,58.0609,1,BF.BLW.FAN01::E03,train
2025-07-24 00:00:00,BF.BLW.FAN01,bf_sinter_fan_blower,1.8233,64.123,60.4038,0.8226,57.7027,0,BF.BLW.FAN01::E03,train
2025-07-24 01:00:00,BF.BLW.FAN01,bf_sinter_fan_blower,1.7782,63.6105,60.2749,0.9025,57.7045,0,BF.BLW.FAN01::E03,train
2025-07-24 02:00:00,BF.BLW.FAN01,bf_sinter_fan_blower,1.688,63.084,59.7055,0.9156,56.6724,0,BF.BLW.FAN01::E03,train
2025-07-24 03:00:00,BF.BLW.FAN01,bf_sinter_fan_blower,1.4745,58.8304,58.8557,0.9989,56.0538,0,BF.BLW.FAN01::E03,train
2025-07-24 04:00:00,BF.BLW.FAN01,bf_sinter_fan_blower,2.5566,56.5913,58.6705,0.9792,56.093,0,BF.BLW.FAN01::E03,train
2025-07-24 05:00:00,BF.BLW.FAN01,bf_sinter_fan_blower,4.3164,57.1904,59.1629,1.157,55.6276,0,BF.BLW.FAN01::E03,train
2025-07-24 06:00:00,BF.BLW.FAN01,bf_sinter_fan_blower,4.3577,56.0846,58.4931,1.1002,55.9273,0,BF.BLW.FAN01::E03,train
2025-07-24 07:00:00,BF.BLW.FAN01,bf_sinter_fan_blower,2.6611,54.3177,57.7861,1.1424,57.0418,0,BF.BLW.FAN01::E03,train
2025-07-24 08:00:00,BF.BLW.FAN01,bf_sinter_fan_blower,1.6651,54.7761,56.8045,1.0127,57.4904,0,BF.BLW.FAN01::E03,train
2025-07-24 09:00:00,BF.BLW.FAN01,bf_sinter_fan_blower,1.6699,53.9825,57.4186,1.0072,57.1827,0,BF.BLW.FAN01::E03,train
2025-07-24 10:00:00,BF.BLW.FAN01,bf_sinter_fan_blower,1.6208,49.1254,56.3338,1.0153,57.0124,0,BF.BLW.FAN01::E03,train
2025-07-24 11:00:00,BF.BLW.FAN01,bf_sinter_fan_blower,1.6484,54.7667,56.2861,1.0453,56.713,0,BF.BLW.FAN01::E03,train
2025-07-24 12:00:00,BF.BLW.FAN01,bf_sinter_fan_blower,1.6846,57.6421,56.5061,1.1129,56.1446,0,BF.BLW.FAN01::E03,train
2025-07-24 13:00:00,BF.BLW.FAN01,bf_sinter_fan_blower,1.6253,57.8079,55.0587,1.0314,55.9365,0,BF.BLW.FAN01::E03,train
2025-07-24 14:00:00,BF.BLW.FAN01,bf_sinter_fan_blower,1.5108,60.4291,55.0089,0.9515,54.0906,0,BF.BLW.FAN01::E03,train
2025-07-24 15:00:00,BF.BLW.FAN01,bf_sinter_fan_blower,1.4738,61.0905,54.4051,0.9488,54.0014,1,BF.BLW.FAN01::E03,train
2025-07-24 16:00:00,BF.BLW.FAN01,bf_sinter_fan_blower,1.5286,56.9744,54.0285,0.777,54.6243,0,BF.BLW.FAN01::E03,train
2025-07-24 17:00:00,BF.BLW.FAN01,bf_sinter_fan_blower,1.4017,57.2481,53.0628,0.759,54.9076,0,BF.BLW.FAN01::E03,train
2025-07-24 18:00:00,BF.BLW.FAN01,bf_sinter_fan_blower,1.3343,57.189,53.7531,0.982,53.9604,0,BF.BLW.FAN01::E03,train
2025-07-24 19:00:00,BF.BLW.FAN01,bf_sinter_fan_blower,1.4287,56.2163,54.1085,1.0386,53.0665,0,BF.BLW.FAN01::E03,train
2025-07-24 20:00:00,BF.BLW.FAN01,bf_sinter_fan_blower,1.7936,55.3657,54.987,1.2329,53.2967,0,BF.BLW.FAN01::E03,train
2025-07-24 21:00:00,BF.BLW.FAN01,bf_sinter_fan_blower,2.3237,52.6315,56.107,1.3771,52.9715,0,BF.BLW.FAN01::E03,train
2025-07-24 22:00:00,BF.BLW.FAN01,bf_sinter_fan_blower,2.877,52.1843,57.0739,1.188,51.6109,0,BF.BLW.FAN01::E03,train
2025-07-24 23:00:00,BF.BLW.FAN01,bf_sinter_fan_blower,3.3424,52.2358,57.1245,1.2262,53.4121,0,BF.BLW.FAN01::E03,train
2025-07-25 00:00:00,BF.BLW.FAN01,bf_sinter_fan_blower,3.4135,51.67,57.4934,1.2839,52.2671,0,BF.BLW.FAN01::E03,train
2025-07-25 01:00:00,BF.BLW.FAN01,bf_sinter_fan_blower,3.327,55.0524,58.0423,1.3015,53.053,0,BF.BLW.FAN01::E03,train
2025-07-25 02:00:00,BF.BLW.FAN01,bf_sinter_fan_blower,2.8372,56.9924,58.2203,1.2884,52.8079,1,BF.BLW.FAN01::E03,train
2025-07-25 03:00:00,BF.BLW.FAN01,bf_sinter_fan_blower,2.3418,60.9063,58.4323,1.1711,52.8407,0,BF.BLW.FAN01::E03,train
2025-07-25 04:00:00,BF.BLW.FAN01,bf_sinter_fan_blower,1.9527,59.001,59.0444,0.9108,53.1192,1,BF.BLW.FAN01::E03,train
2025-07-25 05:00:00,BF.BLW.FAN01,bf_sinter_fan_blower,1.6659,62.9976,59.0686,0.9239,53.8739,0,BF.BLW.FAN01::E03,train
2025-07-25 06:00:00,BF.BLW.FAN01,bf_sinter_fan_blower,1.5947,67.8638,59.0778,0.8378,53.9762,0,BF.BLW.FAN01::E03,train
2025-07-25 07:00:00,BF.BLW.FAN01,bf_sinter_fan_blower,1.6829,70.7034,60.3826,0.9386,54.0828,0,BF.BLW.FAN01::E03,train
2025-07-25 08:00:00,BF.BLW.FAN01,bf_sinter_fan_blower,1.6671,71.4435,60.442,0.736,53.6241,1,BF.BLW.FAN01::E03,train
2025-07-25 09:00:00,BF.BLW.FAN01,bf_sinter_fan_blower,1.8072,70.8158,60.588,0.7083,53.9478,0,BF.BLW.FAN01::E03,train
2025-07-25 10:00:00,BF.BLW.FAN01,bf_sinter_fan_blower,1.7363,70.5422,60.3585,0.998,53.6437,0,BF.BLW.FAN01::E03,train
2025-07-25 11:00:00,BF.BLW.FAN01,bf_sinter_fan_blower,1.7835,75.3012,60.1432,0.96,53.2042,1,BF.BLW.FAN01::E03,train
2025-07-25 12:00:00,BF.BLW.FAN01,bf_sinter_fan_blower,1.6613,74.4393,59.3582,0.9173,51.4515,0,BF.BLW.FAN01::E03,train
2025-07-25 13:00:00,BF.BLW.FAN01,bf_sinter_fan_blower,1.5884,75.092,58.5686,1.1422,51.1922,0,BF.BLW.FAN01::E03,train
2025-07-25 14:00:00,BF.BLW.FAN01,bf_sinter_fan_blower,1.5307,73.7672,58.5423,1.1208,49.5632,0,BF.BLW.FAN01::E03,train
2025-07-25 15:00:00,BF.BLW.FAN01,bf_sinter_fan_blower,1.4235,76.5879,57.1427,1.0068,48.2112,0,BF.BLW.FAN01::E03,train
2025-07-25 16:00:00,BF.BLW.FAN01,bf_sinter_fan_blower,1.3596,74.6968,56.141,0.9463,47.1481,0,BF.BLW.FAN01::E03,train
2025-07-25 17:00:00,BF.BLW.FAN01,bf_sinter_fan_blower,1.3194,68.9844,55.0195,1.2091,47.2677,0,BF.BLW.FAN01::E03,train
2025-07-25 18:00:00,BF.BLW.FAN01,bf_sinter_fan_blower,1.4115,72.851,55.9755,1.3582,47.2943,1,BF.BLW.FAN01::E03,train
2025-07-25 19:00:00,BF.BLW.FAN01,bf_sinter_fan_blower,1.5037,76.0509,56.1943,1.3506,48.0412,0,BF.BLW.FAN01::E03,train
2025-07-25 20:00:00,BF.BLW.FAN01,bf_sinter_fan_blower,1.4991,73.2086,56.1391,1.4294,47.6517,1,BF.BLW.FAN01::E03,train
2025-07-25 21:00:00,BF.BLW.FAN01,bf_sinter_fan_blower,1.5038,72.8368,56.6232,1.4697,48.1793,0,BF.BLW.FAN01::E03,train
2025-07-25 22:00:00,BF.BLW.FAN01,bf_sinter_fan_blower,1.5228,70.6336,56.6157,1.5061,48.7951,0,BF.BLW.FAN01::E03,train
2025-07-25 23:00:00,BF.BLW.FAN01,bf_sinter_fan_blower,1.6027,72.4822,56.8394,1.4599,49.7491,0,BF.BLW.FAN01::E03,train
2025-07-26 00:00:00,BF.BLW.FAN01,bf_sinter_fan_blower,1.6407,70.4922,56.6892,1.3521,50.4092,0,BF.BLW.FAN01::E03,train
2025-07-26 01:00:00,BF.BLW.FAN01,bf_sinter_fan_blower,1.6469,69.3962,56.7997,1.1987,49.2299,0,BF.BLW.FAN01::E03,train
2025-07-26 02:00:00,BF.BLW.FAN01,bf_sinter_fan_blower,1.5534,67.3888,56.9329,1.2095,48.7692,0,BF.BLW.FAN01::E03,train
2025-07-26 03:00:00,BF.BLW.FAN01,bf_sinter_fan_blower,1.5846,69.9684,56.2192,1.1576,49.8941,0,BF.BLW.FAN01::E03,train
2025-07-26 04:00:00,BF.BLW.FAN01,bf_sinter_fan_blower,1.5512,68.4023,56.8176,1.065,49.7725,1,BF.BLW.FAN01::E03,train
2025-07-26 05:00:00,BF.BLW.FAN01,bf_sinter_fan_blower,1.6314,68.4363,57.7356,0.7685,49.8945,0,BF.BLW.FAN01::E03,train
2025-07-26 06:00:00,BF.BLW.FAN01,bf_sinter_fan_blower,1.6497,69.0447,57.4424,0.757,50.3746,0,BF.BLW.FAN01::E03,train
2025-07-26 07:00:00,BF.BLW.FAN01,bf_sinter_fan_blower,1.6383,68.9402,57.2137,0.8056,51.4441,0,BF.BLW.FAN01::E03,train
2025-07-26 08:00:00,BF.BLW.FAN01,bf_sinter_fan_blower,1.5077,69.9041,56.2622,0.7896,51.2263,1,BF.BLW.FAN01::E03,train
2025-07-26 09:00:00,BF.BLW.FAN01,bf_sinter_fan_blower,1.587,67.8398,56.0946,0.6483,50.9947,0,BF.BLW.FAN01::E03,train
2025-07-26 10:00:00,BF.BLW.FAN01,bf_sinter_fan_blower,1.5472,67.0907,54.8517,0.8077,51.0149,1,BF.BLW.FAN01::E03,train
2025-07-26 11:00:00,BF.BLW.FAN01,bf_sinter_fan_blower,1.6779,70.0738,55.0318,0.7469,51.878,0,BF.BLW.FAN01::E03,train
2025-07-26 12:00:00,BF.BLW.FAN01,bf_sinter_fan_blower,1.8139,64.3918,55.6343,0.7887,53.4196,0,BF.BLW.FAN01::E03,train
2025-07-26 13:00:00,BF.BLW.FAN01,bf_sinter_fan_blower,1.8728,66.5971,55.2861,0.6603,57.4962,0,BF.BLW.FAN01::E03,train
2025-07-26 14:00:00,BF.BLW.FAN01,bf_sinter_fan_blower,1.979,68.0896,55.7549,0.5999,62.9601,1,BF.BLW.FAN01::E03,train
2025-07-26 15:00:00,BF.BLW.FAN01,bf_sinter_fan_blower,1.9166,65.51,55.0198,0.7484,69.5333,1,BF.BLW.FAN01::E03,train
2025-07-26 16:00:00,BF.BLW.FAN01,bf_sinter_fan_blower,1.9653,66.8581,55.0151,0.754,76.3086,1,BF.BLW.FAN01::E03,train
2025-07-26 17:00:00,BF.BLW.FAN01,bf_sinter_fan_blower,1.914,62.7639,54.5338,1.1115,80.7158,0,BF.BLW.FAN01::E03,train
2025-07-26 18:00:00,BF.BLW.FAN01,bf_sinter_fan_blower,1.9252,60.3855,54.2174,1.0888,81.0016,0,BF.BLW.FAN01::E03,train
2025-07-26 19:00:00,BF.BLW.FAN01,bf_sinter_fan_blower,1.9247,63.5845,54.4976,1.0883,79.4676,1,BF.BLW.FAN01::E03,train
2025-07-26 20:00:00,BF.BLW.FAN01,bf_sinter_fan_blower,1.6881,65.6187,53.4078,1.1463,74.4776,0,BF.BLW.FAN01::E03,train
2025-07-26 21:00:00,BF.BLW.FAN01,bf_sinter_fan_blower,1.6545,66.6983,52.4497,1.1175,69.7712,1,BF.BLW.FAN01::E03,train
2025-07-26 22:00:00,BF.BLW.FAN01,bf_sinter_fan_blower,1.6528,63.2219,53.9218,1.0555,62.8718,1,BF.BLW.FAN01::E03,train
2025-07-26 23:00:00,BF.BLW.FAN01,bf_sinter_fan_blower,1.6025,64.4023,54.9311,1.266,56.9473,0,BF.BLW.FAN01::E03,train
2025-07-27 00:00:00,BF.BLW.FAN01,bf_sinter_fan_blower,1.5299,65.3333,55.0355,1.3477,52.3039,1,BF.BLW.FAN01::E03,train
2025-07-27 01:00:00,BF.BLW.FAN01,bf_sinter_fan_blower,1.4626,61.5017,54.301,1.3892,50.5139,0,BF.BLW.FAN01::E03,train
2025-07-27 02:00:00,BF.BLW.FAN01,bf_sinter_fan_blower,1.5399,63.7631,54.9059,1.3399,50.7856,0,BF.BLW.FAN01::E03,train
2025-07-27 03:00:00,BF.BLW.FAN01,bf_sinter_fan_blower,1.4772,60.0023,54.6564,1.4266,50.8431,0,BF.BLW.FAN01::E03,train
2025-07-27 04:00:00,BF.BLW.FAN01,bf_sinter_fan_blower,1.5874,55.8291,55.3874,1.1466,51.4486,0,BF.BLW.FAN01::E03,train
2025-07-27 05:00:00,BF.BLW.FAN01,bf_sinter_fan_blower,1.5841,60.9517,55.5437,1.1434,52.0651,0,BF.BLW.FAN01::E03,train
2025-07-27 06:00:00,BF.BLW.FAN01,bf_sinter_fan_blower,1.5365,62.8099,54.9133,1.1938,50.7007,1,BF.BLW.FAN01::E03,train
2025-07-27 07:00:00,BF.BLW.FAN01,bf_sinter_fan_blower,1.4268,68.6407,54.6635,1.1916,49.5609,1,BF.BLW.FAN01::E03,train
2025-07-27 08:00:00,BF.BLW.FAN01,bf_sinter_fan_blower,1.4802,71.251,55.1899,1.0524,49.0326,0,BF.BLW.FAN01::E03,train
2025-07-27 09:00:00,BF.BLW.FAN01,bf_sinter_fan_blower,1.4418,71.2598,55.3325,1.0559,49.6172,1,BF.BLW.FAN01::E03,train
2025-07-27 10:00:00,BF.BLW.FAN01,bf_sinter_fan_blower,1.5268,73.69,55.5942,1.0106,49.721,0,BF.BLW.FAN01::E03,train
2025-07-27 11:00:00,BF.BLW.FAN01,bf_sinter_fan_blower,1.6326,71.2791,56.5816,1.0668,49.8356,1,BF.BLW.FAN01::E03,train
2025-07-27 12:00:00,BF.BLW.FAN01,bf_sinter_fan_blower,1.5959,73.0271,55.8791,1.1105,49.5519,1,BF.BLW.FAN01::E03,train
2025-07-27 13:00:00,BF.BLW.FAN01,bf_sinter_fan_blower,1.5341,72.3278,55.4588,1.2716,48.2799,0,BF.BLW.FAN01::E03,train
2025-07-27 14:00:00,BF.BLW.FAN01,bf_sinter_fan_blower,1.5794,73.029,55.7389,1.3326,48.7209,1,BF.BLW.FAN01::E03,train
2025-07-27 15:00:00,BF.BLW.FAN01,bf_sinter_fan_blower,1.6048,72.3171,55.9573,1.2479,48.3371,1,BF.BLW.FAN01::E03,train
2025-07-27 16:00:00,BF.BLW.FAN01,bf_sinter_fan_blower,1.5522,71.0327,55.2619,1.3343,48.4568,1,BF.BLW.FAN01::E03,train
2025-07-27 17:00:00,BF.BLW.FAN01,bf_sinter_fan_blower,1.5313,72.5965,54.694,1.2202,48.8731,1,BF.BLW.FAN01::E03,train
2025-07-27 18:00:00,BF.BLW.FAN01,bf_sinter_fan_blower,1.5976,74.4238,53.8043,1.0104,49.972,0,BF.BLW.FAN01::E03,train
2025-07-27 19:00:00,BF.BLW.FAN01,bf_sinter_fan_blower,1.6182,76.4847,54.4807,1.0431,50.1263,0,BF.BLW.FAN01::E03,train
2025-07-27 20:00:00,BF.BLW.FAN01,bf_sinter_fan_blower,1.5289,77.9757,54.3738,1.1098,50.563,1,BF.BLW.FAN01::E03,train
2025-07-27 21:00:00,BF.BLW.FAN01,bf_sinter_fan_blower,1.4743,74.0758,53.7702,1.1939,50.8618,0,BF.BLW.FAN01::E03,train
2025-07-27 22:00:00,BF.BLW.FAN01,bf_sinter_fan_blower,1.5047,71.4073,53.1006,1.1625,52.2151,0,BF.BLW.FAN01::E03,train
2025-07-27 23:00:00,BF.BLW.FAN01,bf_sinter_fan_blower,1.5655,72.3633,53.7145,1.0732,52.7962,1,BF.BLW.FAN01::E03,train
2025-07-28 00:00:00,BF.BLW.FAN01,bf_sinter_fan_blower,1.5911,74.8418,53.8772,1.0045,53.6072,0,BF.BLW.FAN01::E03,train
2025-07-28 01:00:00,BF.BLW.FAN01,bf_sinter_fan_blower,1.603,72.7088,53.6615,1.046,55.0411,1,BF.BLW.FAN01::E03,train
2025-07-28 02:00:00,BF.BLW.FAN01,bf_sinter_fan_blower,1.5809,68.4811,53.2927,1.1383,55.4164,1,BF.BLW.FAN01::E03,train
2025-07-28 03:00:00,BF.BLW.FAN01,bf_sinter_fan_blower,1.5125,67.5073,52.4807,1.1498,56.2475,1,BF.BLW.FAN01::E03,train
2025-07-28 04:00:00,BF.BLW.FAN01,bf_sinter_fan_blower,1.481,67.4374,52.4827,1.2984,57.042,1,BF.BLW.FAN01::E03,train
2025-07-28 05:00:00,BF.BLW.FAN01,bf_sinter_fan_blower,1.3279,66.2803,51.7344,1.3531,56.368,1,BF.BLW.FAN01::E03,train
2025-07-28 06:00:00,BF.BLW.FAN01,bf_sinter_fan_blower,1.4086,67.3049,51.1302,1.1907,57.2863,1,BF.BLW.FAN01::E03,train
2025-07-28 07:00:00,BF.BLW.FAN01,bf_sinter_fan_blower,1.212,68.6658,50.2335,1.5079,56.7619,1,BF.BLW.FAN01::E03,train
2025-07-28 08:00:00,BF.BLW.FAN01,bf_sinter_fan_blower,1.2569,73.8431,50.2101,1.4886,57.6606,0,BF.BLW.FAN01::E03,train
2025-07-28 09:00:00,BF.BLW.FAN01,bf_sinter_fan_blower,1.3383,73.3563,50.9097,1.4149,57.5339,1,BF.BLW.FAN01::E03,train
2025-07-28 10:00:00,BF.BLW.FAN01,bf_sinter_fan_blower,1.3872,74.4595,51.1015,1.3966,58.256,0,BF.BLW.FAN01::E03,train
2025-07-28 11:00:00,BF.BLW.FAN01,bf_sinter_fan_blower,1.4655,76.0191,51.8876,1.0639,57.8636,1,BF.BLW.FAN01::E03,train
2025-07-28 12:00:00,BF.BLW.FAN01,bf_sinter_fan_blower,1.4828,73.0449,52.4603,0.9483,57.1061,1,BF.BLW.FAN01::E03,train
2025-07-28 13:00:00,BF.BLW.FAN01,bf_sinter_fan_blower,1.6356,75.6003,52.5928,0.8382,56.7589,1,BF.BLW.FAN01::E03,train
2025-07-28 14:00:00,BF.BLW.FAN01,bf_sinter_fan_blower,1.6536,75.481,51.7768,0.8126,57.0526,0,BF.BLW.FAN01::E03,train
2025-07-28 15:00:00,BF.BLW.FAN01,bf_sinter_fan_blower,1.519,75.6159,51.0812,0.801,55.4748,0,BF.BLW.FAN01::E03,train
2025-07-28 16:00:00,BF.BLW.FAN01,bf_sinter_fan_blower,1.4399,74.1608,50.8294,0.8073,54.7283,1,BF.BLW.FAN01::E03,train
2025-07-28 17:00:00,BF.BLW.FAN01,bf_sinter_fan_blower,1.6271,78.2395,52.3759,0.8762,55.4896,1,BF.BLW.FAN01::E03,train
2025-07-28 18:00:00,BF.BLW.FAN01,bf_sinter_fan_blower,1.5835,78.8282,52.5676,0.9781,56.0004,1,BF.BLW.FAN01::E03,train
2025-07-28 19:00:00,BF.BLW.FAN01,bf_sinter_fan_blower,1.6173,76.6811,52.3282,0.8795,56.1164,1,BF.BLW.FAN01::E03,train
2025-07-28 20:00:00,BF.BLW.FAN01,bf_sinter_fan_blower,1.5924,76.0174,51.8309,0.8271,57.1836,1,BF.BLW.FAN01::E03,train
2025-07-28 21:00:00,BF.BLW.FAN01,bf_sinter_fan_blower,1.5895,78.3346,51.3314,0.7584,58.5923,0,BF.BLW.FAN01::E03,train
2025-07-28 22:00:00,BF.BLW.FAN01,bf_sinter_fan_blower,1.5685,78.9884,52.0588,0.7741,58.6535,1,BF.BLW.FAN01::E03,train
2025-07-28 23:00:00,BF.BLW.FAN01,bf_sinter_fan_blower,1.514,75.6621,51.16,0.6605,59.2741,1,BF.BLW.FAN01::E03,train
2025-07-29 00:00:00,BF.BLW.FAN01,bf_sinter_fan_blower,1.3187,75.7719,50.1913,0.8068,58.6083,1,BF.BLW.FAN01::E03,train
2025-07-29 01:00:00,BF.BLW.FAN01,bf_sinter_fan_blower,1.318,73.4007,50.4048,0.6082,58.6773,0,BF.BLW.FAN01::E03,train
2025-07-29 02:00:00,BF.BLW.FAN01,bf_sinter_fan_blower,1.2215,71.8535,49.5786,0.5397,58.8126,1,BF.BLW.FAN01::E03,train
2025-07-29 03:00:00,BF.BLW.FAN01,bf_sinter_fan_blower,1.2069,68.3806,49.3074,0.7105,59.7546,0,BF.BLW.FAN01::E03,train
2025-07-29 04:00:00,BF.BLW.FAN01,bf_sinter_fan_blower,1.293,69.1328,49.0781,0.8685,60.6829,1,BF.BLW.FAN01::E03,train
2025-07-29 05:00:00,BF.BLW.FAN01,bf_sinter_fan_blower,1.3272,69.4703,49.8353,0.8128,61.0582,1,BF.BLW.FAN01::E03,train
2025-07-29 06:00:00,BF.BLW.FAN01,bf_sinter_fan_blower,1.5175,72.0447,51.3224,0.6717,62.2071,1,BF.BLW.FAN01::E03,train
2025-07-29 07:00:00,BF.BLW.FAN01,bf_sinter_fan_blower,1.4,72.7388,51.1199,0.8096,61.1747,1,BF.BLW.FAN01::E03,train
2025-07-29 08:00:00,BF.BLW.FAN01,bf_sinter_fan_blower,1.4366,71.8456,53.2104,0.7235,59.2296,1,BF.BLW.FAN01::E03,train
2025-07-29 09:00:00,BF.BLW.FAN01,bf_sinter_fan_blower,1.4699,72.0698,52.9584,0.7945,59.6795,1,BF.BLW.FAN01::E03,train
2025-07-29 10:00:00,BF.BLW.FAN01,bf_sinter_fan_blower,1.5794,73.0267,52.5983,0.6352,60.63,0,BF.BLW.FAN01::E03,train
2025-07-29 11:00:00,BF.BLW.FAN01,bf_sinter_fan_blower,1.5579,74.24,52.5913,0.8071,60.1699,1,BF.BLW.FAN01::E03,train
2025-07-29 12:00:00,BF.BLW.FAN01,bf_sinter_fan_blower,1.4834,73.8131,52.0307,0.8974,59.8701,1,BF.BLW.FAN01::E03,train
2025-07-29 13:00:00,BF.BLW.FAN01,bf_sinter_fan_blower,1.4096,75.0814,50.5521,1.0686,60.5041,1,BF.BLW.FAN01::E03,train
2025-07-29 14:00:00,BF.BLW.FAN01,bf_sinter_fan_blower,1.273,80.3265,49.5371,1.3491,60.6039,1,BF.BLW.FAN01::E03,train
2025-07-29 15:00:00,BF.BLW.FAN01,bf_sinter_fan_blower,1.1849,75.9854,48.9797,1.1397,59.5923,1,BF.BLW.FAN01::E03,train
2025-07-29 16:00:00,BF.BLW.FAN01,bf_sinter_fan_blower,1.2272,75.9675,48.6666,1.2087,59.7565,0,BF.BLW.FAN01::E03,train
2025-07-29 17:00:00,BF.BLW.FAN01,bf_sinter_fan_blower,1.1733,76.6258,48.85,1.1736,58.6438,1,BF.BLW.FAN01::E03,train
2025-07-29 18:00:00,BF.BLW.FAN01,bf_sinter_fan_blower,1.256,74.0644,49.3343,1.2304,58.9164,1,BF.BLW.FAN01::E03,train
2025-07-29 19:00:00,BF.BLW.FAN01,bf_sinter_fan_blower,1.2199,73.4258,48.6095,1.1619,58.3756,1,BF.BLW.FAN01::E03,train
2025-07-29 20:00:00,BF.BLW.FAN01,bf_sinter_fan_blower,1.2319,68.0596,48.7248,1.1285,58.4833,1,BF.BLW.FAN01::E03,train
2025-07-29 21:00:00,BF.BLW.FAN01,bf_sinter_fan_blower,1.0308,64.2787,47.5529,1.1846,57.6432,1,BF.BLW.FAN01::E03,train
2025-07-29 22:00:00,BF.BLW.FAN01,bf_sinter_fan_blower,1.0421,62.2683,47.9418,1.0038,58.07,1,BF.BLW.FAN01::E03,train
2025-07-29 23:00:00,BF.BLW.FAN01,bf_sinter_fan_blower,0.982,61.3634,48.2206,1.0555,57.4698,1,BF.BLW.FAN01::E03,train
2025-07-30 00:00:00,BF.BLW.FAN01,bf_sinter_fan_blower,1.0085,61.5994,48.2732,1.0304,57.9791,1,BF.BLW.FAN01::E03,train
2025-07-30 01:00:00,BF.BLW.FAN01,bf_sinter_fan_blower,0.978,64.921,48.2009,0.9971,57.7968,1,BF.BLW.FAN01::E03,train
2025-07-30 02:00:00,BF.BLW.FAN01,bf_sinter_fan_blower,0.9961,60.5339,48.0113,0.8857,58.4058,1,BF.BLW.FAN01::E03,train
2025-07-30 03:00:00,BF.BLW.FAN01,bf_sinter_fan_blower,0.9625,61.1211,47.4493,1.0887,58.8662,1,BF.BLW.FAN01::E03,train
2025-07-30 04:00:00,BF.BLW.FAN01,bf_sinter_fan_blower,1.0132,62.7598,47.435,1.0929,59.3347,1,BF.BLW.FAN01::E03,train
2025-07-30 05:00:00,BF.BLW.FAN01,bf_sinter_fan_blower,1.0993,65.2923,48.4591,1.1026,58.6977,1,BF.BLW.FAN01::E03,train
2025-07-30 06:00:00,BF.BLW.FAN01,bf_sinter_fan_blower,1.0525,65.0815,48.4749,1.2055,58.1211,1,BF.BLW.FAN01::E03,train
2025-07-30 07:00:00,BF.BLW.FAN01,bf_sinter_fan_blower,0.9428,63.9411,47.3299,1.117,57.5516,1,BF.BLW.FAN01::E03,train
2025-07-30 08:00:00,BF.BLW.FAN01,bf_sinter_fan_blower,0.9736,69.6954,47.0344,1.1334,57.5058,1,BF.BLW.FAN01::E03,train
2025-07-30 09:00:00,BF.BLW.FAN01,bf_sinter_fan_blower,0.976,67.6483,47.1929,1.0731,56.4871,1,BF.BLW.FAN01::E03,train
2025-07-30 10:00:00,BF.BLW.FAN01,bf_sinter_fan_blower,1.0413,69.2066,47.0828,0.9607,56.3594,1,BF.BLW.FAN01::E03,train
2025-07-30 11:00:00,BF.BLW.FAN01,bf_sinter_fan_blower,1.1019,67.4939,46.526,1.0437,57.0486,1,BF.BLW.FAN01::E03,train
2025-07-30 12:00:00,BF.BLW.FAN01,bf_sinter_fan_blower,1.1754,70.959,46.142,0.95,56.3299,1,BF.BLW.FAN01::E03,train
2025-07-30 13:00:00,BF.BLW.FAN01,bf_sinter_fan_blower,1.1264,71.1248,44.8355,1.0322,55.8315,1,BF.BLW.FAN01::E03,train
2025-07-30 14:00:00,BF.BLW.FAN01,bf_sinter_fan_blower,1.1201,70.7517,44.9186,1.1723,54.8561,1,BF.BLW.FAN01::E03,train
2025-07-30 15:00:00,BF.BLW.FAN01,bf_sinter_fan_blower,1.1995,71.571,44.9525,1.1243,55.3696,1,BF.BLW.FAN01::E03,train
2025-07-30 16:00:00,BF.BLW.FAN01,bf_sinter_fan_blower,1.1701,73.3658,44.4104,1.2223,55.3341,1,BF.BLW.FAN01::E03,train
2025-07-30 17:00:00,BF.BLW.FAN01,bf_sinter_fan_blower,1.2613,69.8631,44.7629,1.1762,54.9273,1,BF.BLW.FAN01::E03,train
2025-07-30 18:00:00,BF.BLW.FAN01,bf_sinter_fan_blower,1.4178,69.741,45.9163,0.9583,55.1552,1,BF.BLW.FAN01::E03,train
2025-07-30 19:00:00,BF.BLW.FAN01,bf_sinter_fan_blower,1.3155,70.5059,45.8311,1.0815,54.1299,1,BF.BLW.FAN01::E03,train
2025-07-30 20:00:00,BF.BLW.FAN01,bf_sinter_fan_blower,1.4407,70.5845,46.5487,1.0604,55.2151,1,BF.BLW.FAN01::E03,train
2025-07-30 21:00:00,BF.BLW.FAN01,bf_sinter_fan_blower,1.3592,71.5202,45.4328,1.0445,56.0679,1,BF.BLW.FAN01::E03,train
2025-07-30 22:00:00,BF.BLW.FAN01,bf_sinter_fan_blower,1.5826,71.9049,46.3739,0.9334,57.4878,1,BF.BLW.FAN01::E03,train
2025-07-30 23:00:00,BF.BLW.FAN01,bf_sinter_fan_blower,1.6132,70.5479,47.887,0.9809,57.3072,1,BF.BLW.FAN01::E03,train
2025-07-31 00:00:00,BF.BLW.FAN01,bf_sinter_fan_blower,1.7424,73.6719,49.9585,0.8563,57.9323,1,BF.BLW.FAN01::E03,train
2025-07-31 01:00:00,BF.BLW.FAN01,bf_sinter_fan_blower,1.7328,75.5183,49.3765,0.7191,59.1719,1,BF.BLW.FAN01::E03,train
2025-07-31 02:00:00,BF.BLW.FAN01,bf_sinter_fan_blower,1.5466,73.6738,49.2097,0.7405,57.5841,1,BF.BLW.FAN01::E03,train
2025-07-31 03:00:00,BF.BLW.FAN01,bf_sinter_fan_blower,1.4752,78.8648,48.8397,0.895,56.9538,1,BF.BLW.FAN01::E03,train
2025-07-31 04:00:00,BF.BLW.FAN01,bf_sinter_fan_blower,1.5916,78.9651,49.1978,0.955,57.9944,1,BF.BLW.FAN01::E03,train
2025-07-31 05:00:00,BF.BLW.FAN01,bf_sinter_fan_blower,1.5258,74.7082,49.2829,1.0189,58.9624,1,BF.BLW.FAN01::E03,train
2025-07-31 06:00:00,BF.BLW.FAN01,bf_sinter_fan_blower,1.5529,76.1235,49.5685,0.7584,58.5801,1,BF.BLW.FAN01::E03,train
2025-07-31 07:00:00,BF.BLW.FAN01,bf_sinter_fan_blower,1.5185,76.0113,49.5276,0.7481,58.4741,2,BF.BLW.FAN01::E03,train
2025-07-31 08:00:00,BF.BLW.FAN01,bf_sinter_fan_blower,1.5713,69.6249,49.8253,0.9046,59.7468,1,BF.BLW.FAN01::E03,train
2025-07-31 09:00:00,BF.BLW.FAN01,bf_sinter_fan_blower,1.609,67.0653,50.0086,0.8565,59.9771,1,BF.BLW.FAN01::E03,train
2025-07-31 10:00:00,BF.BLW.FAN01,bf_sinter_fan_blower,1.5779,64.5953,49.201,0.9091,58.9329,1,BF.BLW.FAN01::E03,train
2025-07-31 11:00:00,BF.BLW.FAN01,bf_sinter_fan_blower,1.5504,67.6401,48.6676,0.9572,58.6693,1,BF.BLW.FAN01::E03,train
2025-07-31 12:00:00,BF.BLW.FAN01,bf_sinter_fan_blower,1.6226,64.1623,49.2677,0.8862,59.0728,1,BF.BLW.FAN01::E03,train
2025-07-31 13:00:00,BF.BLW.FAN01,bf_sinter_fan_blower,1.6883,65.3072,50.7303,0.7819,57.467,1,BF.BLW.FAN01::E03,train
2025-07-31 14:00:00,BF.BLW.FAN01,bf_sinter_fan_blower,1.7598,67.244,50.5086,0.8546,57.3254,2,BF.BLW.FAN01::E03,train
2025-07-31 15:00:00,BF.BLW.FAN01,bf_sinter_fan_blower,1.8262,65.5314,50.5339,0.7953,57.6418,1,BF.BLW.FAN01::E03,train
2025-07-31 16:00:00,BF.BLW.FAN01,bf_sinter_fan_blower,1.7683,65.6405,49.3589,0.9371,57.0144,1,BF.BLW.FAN01::E03,train
2025-07-31 17:00:00,BF.BLW.FAN01,bf_sinter_fan_blower,1.8105,69.5769,48.9754,0.8594,58.0666,1,BF.BLW.FAN01::E03,train
2025-07-31 18:00:00,BF.BLW.FAN01,bf_sinter_fan_blower,1.7698,75.2059,48.7228,0.8079,58.0152,1,BF.BLW.FAN01::E03,train
2025-07-31 19:00:00,BF.BLW.FAN01,bf_sinter_fan_blower,1.8447,83.7126,48.3759,0.6692,59.5621,1,BF.BLW.FAN01::E03,train
2025-07-31 20:00:00,BF.BLW.FAN01,bf_sinter_fan_blower,1.784,86.6506,49.1113,0.5495,58.4639,1,BF.BLW.FAN01::E03,train
2025-07-31 21:00:00,BF.BLW.FAN01,bf_sinter_fan_blower,1.7734,85.0695,49.412,0.5311,58.0532,1,BF.BLW.FAN01::E03,train
2025-07-31 22:00:00,BF.BLW.FAN01,bf_sinter_fan_blower,1.7829,84.9596,49.5753,0.5137,59.7214,1,BF.BLW.FAN01::E03,train
2025-07-31 23:00:00,BF.BLW.FAN01,bf_sinter_fan_blower,1.8097,80.9993,50.253,0.5531,60.3119,1,BF.BLW.FAN01::E03,train
2025-08-01 00:00:00,BF.BLW.FAN01,bf_sinter_fan_blower,1.7781,78.5259,51.3054,0.8075,59.6596,1,BF.BLW.FAN01::E03,train
2025-08-01 01:00:00,BF.BLW.FAN01,bf_sinter_fan_blower,1.6835,79.2802,51.0696,0.7967,60.0019,1,BF.BLW.FAN01::E03,train
2025-08-01 02:00:00,BF.BLW.FAN01,bf_sinter_fan_blower,1.7366,82.491,52.8579,0.7679,58.9391,1,BF.BLW.FAN01::E03,train
2025-08-01 03:00:00,BF.BLW.FAN01,bf_sinter_fan_blower,1.912,85.5591,53.7778,0.8651,61.0612,1,BF.BLW.FAN01::E03,train
2025-08-01 04:00:00,BF.BLW.FAN01,bf_sinter_fan_blower,1.8492,82.2742,53.5032,1.0331,60.5325,1,BF.BLW.FAN01::E03,train
2025-08-01 05:00:00,BF.BLW.FAN01,bf_sinter_fan_blower,1.7926,80.5148,53.0026,1.2655,60.127,1,BF.BLW.FAN01::E03,train
2025-08-01 06:00:00,BF.BLW.FAN01,bf_sinter_fan_blower,1.8181,78.6106,53.619,1.12,60.0238,1,BF.BLW.FAN01::E03,train
2025-08-01 07:00:00,BF.BLW.FAN01,bf_sinter_fan_blower,1.8732,78.671,53.6332,1.061,60.3537,1,BF.BLW.FAN01::E03,train
2025-08-01 08:00:00,BF.BLW.FAN01,bf_sinter_fan_blower,1.8956,83.5521,54.3143,1.0399,59.8782,1,BF.BLW.FAN01::E03,train
2025-08-01 09:00:00,BF.BLW.FAN01,bf_sinter_fan_blower,1.9123,82.3809,54.7152,1.107,59.8644,1,BF.BLW.FAN01::E03,train
2025-08-01 10:00:00,BF.BLW.FAN01,bf_sinter_fan_blower,1.9496,80.8596,54.7305,1.2566,60.2621,1,BF.BLW.FAN01::E03,train
2025-08-01 11:00:00,BF.BLW.FAN01,bf_sinter_fan_blower,1.8289,83.9314,53.7884,1.2911,59.829,2,BF.BLW.FAN01::E03,train
2025-08-01 12:00:00,BF.BLW.FAN01,bf_sinter_fan_blower,1.633,85.3303,53.2283,1.2408,58.0885,1,BF.BLW.FAN01::E03,train
2025-08-01 13:00:00,BF.BLW.FAN01,bf_sinter_fan_blower,1.5349,82.5837,52.302,1.2937,58.2184,1,BF.BLW.FAN01::E03,train
2025-08-01 14:00:00,BF.BLW.FAN01,bf_sinter_fan_blower,1.5585,79.8499,51.2353,1.217,58.663,1,BF.BLW.FAN01::E03,train
2025-08-01 15:00:00,BF.BLW.FAN01,bf_sinter_fan_blower,1.5329,83.7081,50.3481,1.3027,58.2703,2,BF.BLW.FAN01::E03,train
2025-08-01 16:00:00,BF.BLW.FAN01,bf_sinter_fan_blower,1.6221,85.1208,48.9851,1.43,59.7768,2,BF.BLW.FAN01::E03,train
2025-08-01 17:00:00,BF.BLW.FAN01,bf_sinter_fan_blower,1.6315,83.2651,48.408,1.4486,60.7807,1,BF.BLW.FAN01::E03,train
2025-08-01 18:00:00,BF.BLW.FAN01,bf_sinter_fan_blower,1.5039,83.1999,48.0636,1.4231,59.318,1,BF.BLW.FAN01::E03,train
2025-08-01 19:00:00,BF.BLW.FAN01,bf_sinter_fan_blower,1.5791,81.1477,49.2637,1.3494,59.1932,2,BF.BLW.FAN01::E03,train
2025-08-01 20:00:00,BF.BLW.FAN01,bf_sinter_fan_blower,1.44,80.7182,48.9504,1.3739,57.4798,1,BF.BLW.FAN01::E03,train
2025-08-01 21:00:00,BF.BLW.FAN01,bf_sinter_fan_blower,1.6045,82.2755,49.6513,1.3525,58.1245,1,BF.BLW.FAN01::E03,train
2025-08-01 22:00:00,BF.BLW.FAN01,bf_sinter_fan_blower,1.5624,77.1408,50.9131,1.5263,58.357,2,BF.BLW.FAN01::E03,train
2025-08-01 23:00:00,BF.BLW.FAN01,bf_sinter_fan_blower,1.5287,79.3273,51.2229,1.4372,57.9773,1,BF.BLW.FAN01::E03,train
2025-08-02 00:00:00,BF.BLW.FAN01,bf_sinter_fan_blower,1.5078,81.9165,50.4015,1.4305,58.1893,2,BF.BLW.FAN01::E03,train
2025-08-02 01:00:00,BF.BLW.FAN01,bf_sinter_fan_blower,1.6009,82.5858,50.2213,1.5207,59.9966,1,BF.BLW.FAN01::E03,train
2025-08-02 02:00:00,BF.BLW.FAN01,bf_sinter_fan_blower,1.6513,87.8553,49.9894,1.5045,61.926,1,BF.BLW.FAN01::E03,train
2025-08-02 03:00:00,BF.BLW.FAN01,bf_sinter_fan_blower,1.6323,89.7029,49.2764,1.4077,63.4615,1,BF.BLW.FAN01::E03,train
2025-08-02 04:00:00,BF.BLW.FAN01,bf_sinter_fan_blower,1.5805,89.3806,49.3433,1.2957,64.4464,1,BF.BLW.FAN01::E03,train
2025-08-02 05:00:00,BF.BLW.FAN01,bf_sinter_fan_blower,1.5184,85.6467,49.343,1.2575,64.9182,1,BF.BLW.FAN01::E03,train
2025-08-02 06:00:00,BF.BLW.FAN01,bf_sinter_fan_blower,1.491,87.8328,49.3923,1.2909,64.9454,1,BF.BLW.FAN01::E03,train
2025-08-02 07:00:00,BF.BLW.FAN01,bf_sinter_fan_blower,1.4998,87.4153,48.6502,1.3091,65.7559,1,BF.BLW.FAN01::E03,train
2025-08-02 08:00:00,BF.BLW.FAN01,bf_sinter_fan_blower,1.4974,88.1639,49.8018,1.5342,65.378,1,BF.BLW.FAN01::E03,train
2025-08-02 09:00:00,BF.BLW.FAN01,bf_sinter_fan_blower,1.3833,88.7743,49.3846,1.6104,64.4732,1,BF.BLW.FAN01::E03,train
2025-08-02 10:00:00,BF.BLW.FAN01,bf_sinter_fan_blower,1.4965,87.6975,48.8611,1.3409,65.24,1,BF.BLW.FAN01::E03,train
2025-08-02 11:00:00,BF.BLW.FAN01,bf_sinter_fan_blower,1.5396,90.0098,49.0277,1.3057,65.2107,1,BF.BLW.FAN01::E03,train
2025-08-02 12:00:00,BF.BLW.FAN01,bf_sinter_fan_blower,1.571,90.2069,48.6347,1.2307,64.6111,1,BF.BLW.FAN01::E03,train
2025-08-02 13:00:00,BF.BLW.FAN01,bf_sinter_fan_blower,1.6655,91.2315,48.7237,1.1981,64.3983,1,BF.BLW.FAN01::E03,train
2025-08-02 14:00:00,BF.BLW.FAN01,bf_sinter_fan_blower,1.6158,89.0674,47.5567,1.1541,64.6608,1,BF.BLW.FAN01::E03,train
2025-08-02 15:00:00,BF.BLW.FAN01,bf_sinter_fan_blower,1.5644,88.5454,48.1707,1.0754,64.1685,1,BF.BLW.FAN01::E03,train
2025-08-02 16:00:00,BF.BLW.FAN01,bf_sinter_fan_blower,1.6518,90.7365,48.3061,0.9391,65.7575,1,BF.BLW.FAN01::E03,train
2025-08-02 17:00:00,BF.BLW.FAN01,bf_sinter_fan_blower,1.661,90.1338,48.9031,0.8969,65.1678,1,BF.BLW.FAN01::E03,train
2025-08-02 18:00:00,BF.BLW.FAN01,bf_sinter_fan_blower,1.5666,91.0046,48.7944,0.9751,65.1675,1,BF.BLW.FAN01::E03,train
2025-08-02 19:00:00,BF.BLW.FAN01,bf_sinter_fan_blower,1.4834,91.6845,48.1559,0.7779,64.776,1,BF.BLW.FAN01::E03,train
2025-08-02 20:00:00,BF.BLW.FAN01,bf_sinter_fan_blower,1.5597,92.5311,48.5991,1.0508,65.3693,2,BF.BLW.FAN01::E03,train
2025-08-02 21:00:00,BF.BLW.FAN01,bf_sinter_fan_blower,1.7021,87.6471,49.6198,1.2263,66.644,1,BF.BLW.FAN01::E03,train
2025-08-02 22:00:00,BF.BLW.FAN01,bf_sinter_fan_blower,1.6192,86.4917,48.615,1.1051,66.905,1,BF.BLW.FAN01::E03,train
2025-08-02 23:00:00,BF.BLW.FAN01,bf_sinter_fan_blower,1.6005,88.7454,49.1158,1.1868,67.0334,2,BF.BLW.FAN01::E03,train
2025-08-03 00:00:00,BF.BLW.FAN01,bf_sinter_fan_blower,1.7364,88.4691,50.2171,1.1813,67.7869,1,BF.BLW.FAN01::E03,train
2025-08-03 01:00:00,BF.BLW.FAN01,bf_sinter_fan_blower,1.7874,86.9952,50.7161,1.2448,67.9952,1,BF.BLW.FAN01::E03,train
2025-08-03 02:00:00,BF.BLW.FAN01,bf_sinter_fan_blower,1.7886,83.5988,51.6151,1.2097,67.9781,2,BF.BLW.FAN01::E03,train
2025-08-03 03:00:00,BF.BLW.FAN01,bf_sinter_fan_blower,1.8304,84.3395,52.8065,1.1691,68.0188,1,BF.BLW.FAN01::E03,train
2025-08-03 04:00:00,BF.BLW.FAN01,bf_sinter_fan_blower,1.774,84.2624,53.2095,1.0545,67.0716,1,BF.BLW.FAN01::E03,train
2025-08-03 05:00:00,BF.BLW.FAN01,bf_sinter_fan_blower,1.7197,87.3325,52.7276,1.1587,67.0678,2,BF.BLW.FAN01::E03,train
2025-08-03 06:00:00,BF.BLW.FAN01,bf_sinter_fan_blower,1.7238,88.4077,52.0122,1.3567,68.3691,1,BF.BLW.FAN01::E03,train
2025-08-03 07:00:00,BF.BLW.FAN01,bf_sinter_fan_blower,1.5922,91.1903,51.8115,1.35,66.8129,1,BF.BLW.FAN01::E03,train
2025-08-03 08:00:00,BF.BLW.FAN01,bf_sinter_fan_blower,1.5519,87.6072,51.6265,1.2345,66.5988,1,BF.BLW.FAN01::E03,train
2025-08-03 09:00:00,BF.BLW.FAN01,bf_sinter_fan_blower,1.5532,87.588,51.8058,1.1155,66.7155,2,BF.BLW.FAN01::E03,train
2025-08-03 10:00:00,BF.BLW.FAN01,bf_sinter_fan_blower,1.6533,85.9203,52.138,1.1304,66.1759,1,BF.BLW.FAN01::E03,train
2025-08-03 11:00:00,BF.BLW.FAN01,bf_sinter_fan_blower,1.6825,86.2353,52.4812,1.0943,66.1945,1,BF.BLW.FAN01::E03,train
2025-08-03 12:00:00,BF.BLW.FAN01,bf_sinter_fan_blower,1.7274,87.061,52.5615,1.2375,65.2102,1,BF.BLW.FAN01::E03,train
2025-08-03 13:00:00,BF.BLW.FAN01,bf_sinter_fan_blower,1.7106,88.8507,52.7597,1.0673,63.9362,1,BF.BLW.FAN01::E03,train
2025-08-03 14:00:00,BF.BLW.FAN01,bf_sinter_fan_blower,1.7663,88.9381,52.8844,1.2806,63.7616,2,BF.BLW.FAN01::E03,train
2025-08-03 15:00:00,BF.BLW.FAN01,bf_sinter_fan_blower,1.6494,90.1868,52.3713,1.3441,63.0143,2,BF.BLW.FAN01::E03,train
2025-08-03 16:00:00,BF.BLW.FAN01,bf_sinter_fan_blower,1.6982,91.0877,52.3896,1.2905,63.0033,1,BF.BLW.FAN01::E03,train
2025-08-03 17:00:00,BF.BLW.FAN01,bf_sinter_fan_blower,1.5686,89.8901,52.2518,1.5142,62.171,2,BF.BLW.FAN01::E03,train
2025-08-03 18:00:00,BF.BLW.FAN01,bf_sinter_fan_blower,1.5425,87.9969,52.7942,1.4497,62.6017,2,BF.BLW.FAN01::E03,train
2025-08-03 19:00:00,BF.BLW.FAN01,bf_sinter_fan_blower,1.5762,86.6301,53.4604,1.6246,62.3407,1,BF.BLW.FAN01::E03,train
2025-08-03 20:00:00,BF.BLW.FAN01,bf_sinter_fan_blower,1.5271,85.6846,53.199,1.5958,62.1568,2,BF.BLW.FAN01::E03,train
2025-08-03 21:00:00,BF.BLW.FAN01,bf_sinter_fan_blower,1.4736,83.7111,52.2255,1.5501,61.7894,1,BF.BLW.FAN01::E03,train
2025-08-03 22:00:00,BF.BLW.FAN01,bf_sinter_fan_blower,1.4899,82.7139,52.8544,1.5382,61.1109,2,BF.BLW.FAN01::E03,train
2025-08-03 23:00:00,BF.BLW.FAN01,bf_sinter_fan_blower,1.4118,79.6445,52.4847,1.675,60.7189,2,BF.BLW.FAN01::E03,train
2025-08-04 00:00:00,BF.BLW.FAN01,bf_sinter_fan_blower,1.4128,85.5733,52.9578,1.6722,61.1014,1,BF.BLW.FAN01::E03,train
2025-08-04 01:00:00,BF.BLW.FAN01,bf_sinter_fan_blower,1.4989,81.3423,52.4232,1.5759,61.7813,2,BF.BLW.FAN01::E03,train
2025-08-04 02:00:00,BF.BLW.FAN01,bf_sinter_fan_blower,1.4483,82.5854,52.5233,1.6638,62.514,1,BF.BLW.FAN01::E03,train
2025-08-04 03:00:00,BF.BLW.FAN01,bf_sinter_fan_blower,1.5151,76.2792,52.7201,1.7513,63.6079,2,BF.BLW.FAN01::E03,train
2025-08-04 04:00:00,BF.BLW.FAN01,bf_sinter_fan_blower,1.5295,77.0378,53.4983,2.1392,64.0971,2,BF.BLW.FAN01::E03,train
2025-08-04 05:00:00,BF.BLW.FAN01,bf_sinter_fan_blower,1.5887,79.022,54.2991,2.484,64.4099,1,BF.BLW.FAN01::E03,train
2025-08-04 06:00:00,BF.BLW.FAN01,bf_sinter_fan_blower,1.5607,85.641,54.7691,3.0801,64.6758,2,BF.BLW.FAN01::E03,train
2025-08-04 07:00:00,BF.BLW.FAN01,bf_sinter_fan_blower,1.6774,87.161,56.0531,3.5338,64.6102,1,BF.BLW.FAN01::E03,train
2025-08-04 08:00:00,BF.BLW.FAN01,bf_sinter_fan_blower,1.6657,90.2632,54.728,3.722,64.8186,2,BF.BLW.FAN01::E03,train
2025-08-04 09:00:00,BF.BLW.FAN01,bf_sinter_fan_blower,1.7228,86.4336,55.5501,3.7439,64.715,1,BF.BLW.FAN01::E03,train
2025-08-04 10:00:00,BF.BLW.FAN01,bf_sinter_fan_blower,1.7639,87.2797,55.8795,3.7139,65.0396,2,BF.BLW.FAN01::E03,train
2025-08-04 11:00:00,BF.BLW.FAN01,bf_sinter_fan_blower,1.9096,85.25,56.4753,3.5415,66.0119,1,BF.BLW.FAN01::E03,train
2025-08-04 12:00:00,BF.BLW.FAN01,bf_sinter_fan_blower,1.9031,87.3148,55.461,3.0424,66.6739,2,BF.BLW.FAN01::E03,train
2025-08-04 13:00:00,BF.BLW.FAN01,bf_sinter_fan_blower,1.7008,84.9907,54.9098,2.4828,65.251,2,BF.BLW.FAN01::E03,train
2025-08-04 14:00:00,BF.BLW.FAN01,bf_sinter_fan_blower,1.736,83.5662,54.3996,1.8606,66.3539,2,BF.BLW.FAN01::E03,train
2025-08-04 15:00:00,BF.BLW.FAN01,bf_sinter_fan_blower,1.6626,82.2897,54.1004,1.4949,66.4397,2,BF.BLW.FAN01::E03,train
2025-08-04 16:00:00,BF.BLW.FAN01,bf_sinter_fan_blower,1.7515,85.715,55.0154,1.4495,65.6379,2,BF.BLW.FAN01::E03,train
2025-08-04 17:00:00,BF.BLW.FAN01,bf_sinter_fan_blower,1.647,84.8666,54.4581,1.5084,64.684,2,BF.BLW.FAN01::E03,train
2025-08-04 18:00:00,BF.BLW.FAN01,bf_sinter_fan_blower,1.7576,85.1865,55.3021,1.5022,64.1752,2,BF.BLW.FAN01::E03,train
2025-08-04 19:00:00,BF.BLW.FAN01,bf_sinter_fan_blower,1.7497,88.2524,56.3946,1.5511,64.472,2,BF.BLW.FAN01::E03,train
2025-08-04 20:00:00,BF.BLW.FAN01,bf_sinter_fan_blower,1.6488,88.3001,56.1007,1.384,64.0592,2,BF.BLW.FAN01::E03,train
2025-08-04 21:00:00,BF.BLW.FAN01,bf_sinter_fan_blower,1.7123,91.6908,55.7669,1.266,66.0108,2,BF.BLW.FAN01::E03,train
2025-08-04 22:00:00,BF.BLW.FAN01,bf_sinter_fan_blower,1.6926,97.5702,55.5288,1.0818,66.7072,2,BF.BLW.FAN01::E03,train
2025-08-04 23:00:00,BF.BLW.FAN01,bf_sinter_fan_blower,1.6626,94.4991,56.0595,1.1639,67.6172,1,BF.BLW.FAN01::E03,train
2025-08-05 00:00:00,BF.BLW.FAN01,bf_sinter_fan_blower,1.581,93.1937,56.9734,1.3927,67.2912,1,BF.BLW.FAN01::E03,train
2025-08-05 01:00:00,BF.BLW.FAN01,bf_sinter_fan_blower,1.6206,96.0257,57.6315,1.1942,66.9808,2,BF.BLW.FAN01::E03,train
2025-08-05 02:00:00,BF.BLW.FAN01,bf_sinter_fan_blower,1.4864,95.5671,56.9803,1.2623,67.4394,2,BF.BLW.FAN01::E03,train
2025-08-05 03:00:00,BF.BLW.FAN01,bf_sinter_fan_blower,1.5794,92.0155,58.0758,1.2107,67.9187,2,BF.BLW.FAN01::E03,train
2025-08-05 04:00:00,BF.BLW.FAN01,bf_sinter_fan_blower,1.4545,94.2081,56.6117,0.9943,67.6142,1,BF.BLW.FAN01::E03,train
2025-08-05 05:00:00,BF.BLW.FAN01,bf_sinter_fan_blower,1.5169,93.4709,55.686,0.9042,68.6454,2,BF.BLW.FAN01::E03,train
2025-08-05 06:00:00,BF.BLW.FAN01,bf_sinter_fan_blower,1.5237,92.3516,55.3942,0.8603,68.6809,2,BF.BLW.FAN01::E03,train
2025-08-05 07:00:00,BF.BLW.FAN01,bf_sinter_fan_blower,1.5408,94.1182,54.9865,0.9829,69.1519,1,BF.BLW.FAN01::E03,train
2025-08-05 08:00:00,BF.BLW.FAN01,bf_sinter_fan_blower,1.6604,95.1619,56.8942,0.966,69.9088,2,BF.BLW.FAN01::E03,train
2025-08-05 09:00:00,BF.BLW.FAN01,bf_sinter_fan_blower,1.7432,95.0763,57.5351,0.9218,69.164,2,BF.BLW.FAN01::E03,train
2025-08-05 10:00:00,BF.BLW.FAN01,bf_sinter_fan_blower,1.6604,92.1893,57.1156,1.0973,68.6773,2,BF.BLW.FAN01::E03,train
2025-08-05 11:00:00,BF.BLW.FAN01,bf_sinter_fan_blower,1.6234,87.4558,56.817,1.1682,68.1633,2,BF.BLW.FAN01::E03,train
2025-08-05 12:00:00,BF.BLW.FAN01,bf_sinter_fan_blower,1.707,92.6191,57.4176,1.0383,68.1662,1,BF.BLW.FAN01::E03,train
2025-08-05 13:00:00,BF.BLW.FAN01,bf_sinter_fan_blower,1.7169,94.8022,57.5183,1.2556,67.8381,2,BF.BLW.FAN01::E03,train
2025-08-05 14:00:00,BF.BLW.FAN01,bf_sinter_fan_blower,1.8472,91.0671,57.741,1.2473,68.5544,2,BF.BLW.FAN01::E03,train
2025-08-05 15:00:00,BF.BLW.FAN01,bf_sinter_fan_blower,1.8064,89.3805,56.9243,1.2128,68.4465,2,BF.BLW.FAN01::E03,train
2025-08-05 16:00:00,BF.BLW.FAN01,bf_sinter_fan_blower,1.9337,87.6063,57.0733,1.2202,69.2417,1,BF.BLW.FAN01::E03,train
2025-08-05 17:00:00,BF.BLW.FAN01,bf_sinter_fan_blower,1.9753,87.7544,57.704,1.0907,68.7786,2,BF.BLW.FAN01::E03,train
2025-08-05 18:00:00,BF.BLW.FAN01,bf_sinter_fan_blower,2.1266,27.2956,58.4034,0.8748,69.1918,0,,train
2025-08-05 19:00:00,BF.BLW.FAN01,bf_sinter_fan_blower,2.133,29.7094,58.0116,0.8408,69.2222,0,,train
2025-08-05 20:00:00,BF.BLW.FAN01,bf_sinter_fan_blower,2.2009,31.5837,57.3476,0.8202,71.0591,0,,train
2025-08-05 21:00:00,BF.BLW.FAN01,bf_sinter_fan_blower,2.1977,34.9077,58.0635,0.7097,70.9508,0,,train
2025-08-05 22:00:00,BF.BLW.FAN01,bf_sinter_fan_blower,2.2068,32.7226,58.4156,0.8185,70.6505,0,,train
2025-08-05 23:00:00,BF.BLW.FAN01,bf_sinter_fan_blower,2.2038,34.0864,58.2846,1.0037,70.7243,0,,train
2025-08-06 00:00:00,BF.BLW.FAN01,bf_sinter_fan_blower,2.1714,30.8014,58.1445,0.981,72.1065,0,,train
2025-08-06 01:00:00,BF.BLW.FAN01,bf_sinter_fan_blower,2.1244,35.7716,57.4798,0.9969,72.0036,0,,train
2025-08-06 02:00:00,BF.BLW.FAN01,bf_sinter_fan_blower,2.0854,34.9307,58.3992,1.0319,71.4447,0,,train
2025-08-06 03:00:00,BF.BLW.FAN01,bf_sinter_fan_blower,2.0586,34.6927,59.3896,1.1163,71.547,0,,train
2025-08-06 04:00:00,BF.BLW.FAN01,bf_sinter_fan_blower,2.0368,35.8304,59.137,1.0681,71.6816,0,,train
2025-08-06 05:00:00,BF.BLW.FAN01,bf_sinter_fan_blower,2.0859,36.9304,60.2439,0.9931,71.9673,0,,train
2025-08-06 06:00:00,BF.BLW.FAN01,bf_sinter_fan_blower,1.8752,37.0408,58.72,1.185,71.3663,0,,train
2025-08-06 07:00:00,BF.BLW.FAN01,bf_sinter_fan_blower,1.8944,38.5476,58.6513,1.0999,71.1559,0,,train
2025-08-06 08:00:00,BF.BLW.FAN01,bf_sinter_fan_blower,1.9199,40.3484,59.0038,1.1583,71.6477,0,,train
2025-08-06 09:00:00,BF.BLW.FAN01,bf_sinter_fan_blower,1.8523,35.5183,59.0902,1.3795,70.9847,0,,train
2025-08-06 10:00:00,BF.BLW.FAN01,bf_sinter_fan_blower,1.879,39.9883,58.7404,1.4802,71.7635,0,,train
2025-08-06 11:00:00,BF.BLW.FAN01,bf_sinter_fan_blower,1.8606,38.6845,59.0563,1.5008,69.9459,0,,train
2025-08-06 12:00:00,BF.BLW.FAN01,bf_sinter_fan_blower,1.9275,36.3038,59.0969,1.3182,69.0312,0,,train
2025-08-06 13:00:00,BF.BLW.FAN01,bf_sinter_fan_blower,1.91,35.8846,58.6738,1.3147,69.2883,0,,train
2025-08-06 14:00:00,BF.BLW.FAN01,bf_sinter_fan_blower,1.7841,38.5597,57.7178,1.3629,68.9243,0,,train
2025-08-06 15:00:00,BF.BLW.FAN01,bf_sinter_fan_blower,1.7148,39.5702,57.169,1.3984,68.0642,0,,train
2025-08-06 16:00:00,BF.BLW.FAN01,bf_sinter_fan_blower,1.6827,38.8573,57.6711,1.2508,65.9781,0,,train
2025-08-06 17:00:00,BF.BLW.FAN01,bf_sinter_fan_blower,1.6324,39.2756,57.6613,1.1616,65.5625,0,,train
2025-08-06 18:00:00,BF.BLW.FAN01,bf_sinter_fan_blower,1.6665,39.5575,57.6372,1.3019,66.1615,0,,train
2025-08-06 19:00:00,BF.BLW.FAN01,bf_sinter_fan_blower,1.6691,42.2483,57.8268,1.4245,66.1554,0,,train
2025-08-06 20:00:00,BF.BLW.FAN01,bf_sinter_fan_blower,1.5612,39.7275,57.1342,1.3174,64.4939,0,,train
2025-08-06 21:00:00,BF.BLW.FAN01,bf_sinter_fan_blower,1.5305,35.5988,56.8569,1.3322,65.1426,0,,train
2025-08-06 22:00:00,BF.BLW.FAN01,bf_sinter_fan_blower,1.5597,36.6908,57.92,1.4908,65.6235,0,,train
2025-08-06 23:00:00,BF.BLW.FAN01,bf_sinter_fan_blower,1.6766,39.6506,58.4559,1.3986,66.1079,0,,train
2025-08-07 00:00:00,BF.BLW.FAN01,bf_sinter_fan_blower,1.8084,40.1307,59.3789,1.5311,67.5002,0,,train
2025-08-07 01:00:00,BF.BLW.FAN01,bf_sinter_fan_blower,1.9944,35.5722,59.9628,1.566,69.2232,0,,train
2025-08-07 02:00:00,BF.BLW.FAN01,bf_sinter_fan_blower,1.934,37.138,60.2037,1.5986,69.1029,0,,train
2025-08-07 03:00:00,BF.BLW.FAN01,bf_sinter_fan_blower,1.8485,36.8633,60.4355,1.6027,68.9584,0,,train
2025-08-07 04:00:00,BF.BLW.FAN01,bf_sinter_fan_blower,1.9205,33.617,59.9811,1.5661,70.0037,0,,train
2025-08-07 05:00:00,BF.BLW.FAN01,bf_sinter_fan_blower,1.9345,29.7452,60.756,1.5793,69.4486,0,,train
2025-08-07 06:00:00,BF.BLW.FAN01,bf_sinter_fan_blower,1.914,26.9148,61.1191,1.4605,68.248,0,,train
2025-08-07 07:00:00,BF.BLW.FAN01,bf_sinter_fan_blower,1.9827,30.2672,62.0483,1.6521,68.6356,0,,train
2025-08-07 08:00:00,BF.BLW.FAN01,bf_sinter_fan_blower,2.0101,25.8802,61.8858,1.6537,69.22,0,,train
2025-08-07 09:00:00,BF.BLW.FAN01,bf_sinter_fan_blower,2.0292,27.7636,62.1152,1.6815,69.234,0,,train
2025-08-07 10:00:00,BF.BLW.FAN01,bf_sinter_fan_blower,2.0084,26.2494,60.7144,1.7097,69.4734,0,,train
2025-08-07 11:00:00,BF.BLW.FAN01,bf_sinter_fan_blower,2.0544,24.7189,60.8493,1.708,69.1306,0,,train
2025-08-07 12:00:00,BF.BLW.FAN01,bf_sinter_fan_blower,1.9583,19.355,60.2457,1.572,68.6167,0,,train
2025-08-07 13:00:00,BF.BLW.FAN01,bf_sinter_fan_blower,1.8732,26.4196,59.8699,1.7734,67.8011,0,,train
2025-08-07 14:00:00,BF.BLW.FAN01,bf_sinter_fan_blower,1.8915,26.8124,59.5597,1.6926,67.8067,0,,train
2025-08-07 15:00:00,BF.BLW.FAN01,bf_sinter_fan_blower,1.7849,29.1186,59.2757,1.6526,66.6957,0,,train
2025-08-07 16:00:00,BF.BLW.FAN01,bf_sinter_fan_blower,1.7764,34.5206,58.8912,1.6632,66.6036,0,,train
2025-08-07 17:00:00,BF.BLW.FAN01,bf_sinter_fan_blower,1.8351,31.0317,59.256,1.5785,65.6944,0,,train
2025-08-07 18:00:00,BF.BLW.FAN01,bf_sinter_fan_blower,1.7524,32.8134,58.0727,1.616,64.3472,0,,train
2025-08-07 19:00:00,BF.BLW.FAN01,bf_sinter_fan_blower,1.8499,29.7622,58.5444,1.5165,65.7069,0,,train
2025-08-07 20:00:00,BF.BLW.FAN01,bf_sinter_fan_blower,1.8381,32.5614,58.5852,1.5471,65.2402,0,,train
2025-08-07 21:00:00,BF.BLW.FAN01,bf_sinter_fan_blower,1.7911,31.8159,59.3071,1.4633,65.1826,0,,train
2025-08-07 22:00:00,BF.BLW.FAN01,bf_sinter_fan_blower,1.8832,30.2402,59.937,1.3658,65.3936,0,,train
2025-08-07 23:00:00,BF.BLW.FAN01,bf_sinter_fan_blower,1.7098,29.8629,58.4735,1.4306,65.0944,0,,train
2025-08-08 00:00:00,BF.BLW.FAN01,bf_sinter_fan_blower,1.6794,25.55,59.1745,1.4489,64.7678,0,,train
2025-08-08 01:00:00,BF.BLW.FAN01,bf_sinter_fan_blower,1.6516,30.1586,59.4088,1.3767,65.3174,0,,train
2025-08-08 02:00:00,BF.BLW.FAN01,bf_sinter_fan_blower,1.792,35.9375,59.964,1.4984,67.0944,0,,train
2025-08-08 03:00:00,BF.BLW.FAN01,bf_sinter_fan_blower,1.7428,33.917,59.3469,1.2783,66.3125,0,,train
2025-08-08 04:00:00,BF.BLW.FAN01,bf_sinter_fan_blower,1.7256,34.3822,57.8229,1.3243,67.8387,0,,train
2025-08-08 05:00:00,BF.BLW.FAN01,bf_sinter_fan_blower,1.7962,32.0159,58.3824,1.423,68.2789,0,,train
2025-08-08 06:00:00,BF.BLW.FAN01,bf_sinter_fan_blower,1.8776,34.0807,57.4373,1.1267,68.6478,0,,train
2025-08-08 07:00:00,BF.BLW.FAN01,bf_sinter_fan_blower,1.8808,36.5087,57.1912,1.1566,69.581,0,,train
2025-08-08 08:00:00,BF.BLW.FAN01,bf_sinter_fan_blower,1.7284,36.5657,56.7936,1.2476,69.2872,0,,train
2025-08-08 09:00:00,BF.BLW.FAN01,bf_sinter_fan_blower,1.792,36.6568,57.4585,1.244,68.3928,0,,train
2025-08-08 10:00:00,BF.BLW.FAN01,bf_sinter_fan_blower,1.8935,37.0353,57.1837,1.1755,69.0067,0,,train
2025-08-08 11:00:00,BF.BLW.FAN01,bf_sinter_fan_blower,1.647,35.2636,56.5517,1.1273,66.7176,0,,train
2025-08-08 12:00:00,BF.BLW.FAN01,bf_sinter_fan_blower,1.6015,31.4633,55.7928,1.1616,65.619,0,,train
2025-08-08 13:00:00,BF.BLW.FAN01,bf_sinter_fan_blower,1.4982,28.9795,56.0856,1.2299,63.7302,0,,train
2025-08-08 14:00:00,BF.BLW.FAN01,bf_sinter_fan_blower,1.5628,27.8263,56.1626,1.1217,63.6062,0,,train
2025-08-08 15:00:00,BF.BLW.FAN01,bf_sinter_fan_blower,1.5312,21.013,55.9016,1.0784,63.3351,0,,train
2025-08-08 16:00:00,BF.BLW.FAN01,bf_sinter_fan_blower,1.3966,22.597,55.5912,1.094,61.3013,0,,train
2025-08-08 17:00:00,BF.BLW.FAN01,bf_sinter_fan_blower,1.4475,19.8975,55.8035,1.1121,60.8559,0,,train
2025-08-08 18:00:00,BF.BLW.FAN01,bf_sinter_fan_blower,1.4694,20.2746,55.9017,1.1199,61.8836,0,,train
2025-08-08 19:00:00,BF.BLW.FAN01,bf_sinter_fan_blower,1.3485,17.4715,55.023,1.3203,62.14,0,,train
2025-08-08 20:00:00,BF.BLW.FAN01,bf_sinter_fan_blower,1.3227,19.8628,55.0686,1.3547,61.3187,0,,train
2025-08-08 21:00:00,BF.BLW.FAN01,bf_sinter_fan_blower,1.4002,19.565,55.0079,1.3923,61.6096,0,,train
2025-08-08 22:00:00,BF.BLW.FAN01,bf_sinter_fan_blower,1.5202,21.603,55.6422,1.1859,61.9866,0,,train
2025-08-08 23:00:00,BF.BLW.FAN01,bf_sinter_fan_blower,1.5539,19.7326,55.9154,1.3142,62.5663,0,,train
2025-08-09 00:00:00,BF.BLW.FAN01,bf_sinter_fan_blower,1.5303,21.8187,56.1913,1.3803,62.4044,0,,train
2025-08-09 01:00:00,BF.BLW.FAN01,bf_sinter_fan_blower,1.5653,18.0754,57.3135,1.482,62.6493,0,,train
2025-08-09 02:00:00,BF.BLW.FAN01,bf_sinter_fan_blower,1.5408,19.8228,58.2938,1.6403,62.2364,0,,train
2025-08-09 03:00:00,BF.BLW.FAN01,bf_sinter_fan_blower,1.468,23.2975,58.1437,1.6277,62.2662,0,,train
2025-08-09 04:00:00,BF.BLW.FAN01,bf_sinter_fan_blower,1.4877,20.3672,58.4174,1.748,61.7795,0,,train
2025-08-09 05:00:00,BF.BLW.FAN01,bf_sinter_fan_blower,1.4209,23.0868,59.5258,1.8131,61.5968,0,,train
2025-08-09 06:00:00,BF.BLW.FAN01,bf_sinter_fan_blower,1.5789,22.0019,60.3486,1.7884,62.4491,0,,train
2025-08-09 07:00:00,BF.BLW.FAN01,bf_sinter_fan_blower,1.6578,21.3858,60.7255,1.7821,62.4193,0,,train
2025-08-09 08:00:00,BF.BLW.FAN01,bf_sinter_fan_blower,1.7399,19.4492,61.0883,1.7751,62.3294,0,,train
2025-08-09 09:00:00,BF.BLW.FAN01,bf_sinter_fan_blower,1.8686,26.2469,61.1041,1.7061,62.781,0,,train
2025-08-09 10:00:00,BF.BLW.FAN01,bf_sinter_fan_blower,2.0325,28.2377,61.9905,1.6097,63.4418,0,,train
2025-08-09 11:00:00,BF.BLW.FAN01,bf_sinter_fan_blower,2.034,29.5668,61.8113,1.7158,63.6881,0,,train
2025-08-09 12:00:00,BF.BLW.FAN01,bf_sinter_fan_blower,1.9472,26.6162,60.3267,1.7006,63.8247,0,,train
2025-08-09 13:00:00,BF.BLW.FAN01,bf_sinter_fan_blower,1.9061,30.4019,59.1843,1.6189,63.5743,0,,train
2025-08-09 14:00:00,BF.BLW.FAN01,bf_sinter_fan_blower,1.776,32.4454,58.4173,1.596,61.4269,0,,train
2025-08-09 15:00:00,BF.BLW.FAN01,bf_sinter_fan_blower,1.9441,29.3062,58.9857,1.5194,63.6747,0,,train
2025-08-09 16:00:00,BF.BLW.FAN01,bf_sinter_fan_blower,1.8419,28.809,57.0687,1.4308,63.4674,0,,train
2025-08-09 17:00:00,BF.BLW.FAN01,bf_sinter_fan_blower,1.9381,23.0991,56.0048,1.3002,64.4023,0,,train
2025-08-09 18:00:00,BF.BLW.FAN01,bf_sinter_fan_blower,1.7088,20.1939,55.3671,1.526,63.4427,0,,train
2025-08-09 19:00:00,BF.BLW.FAN01,bf_sinter_fan_blower,1.7216,21.2897,56.0377,1.4454,62.7059,0,,train
2025-08-09 20:00:00,BF.BLW.FAN01,bf_sinter_fan_blower,1.7376,24.122,57.5244,1.3333,63.1339,0,,train
2025-08-09 21:00:00,BF.BLW.FAN01,bf_sinter_fan_blower,1.6968,24.7583,57.0139,1.3755,64.1101,0,,train
2025-08-09 22:00:00,BF.BLW.FAN01,bf_sinter_fan_blower,1.5774,26.4964,55.7711,1.3147,63.027,0,,train
2025-08-09 23:00:00,BF.BLW.FAN01,bf_sinter_fan_blower,1.6545,27.9953,56.1498,1.1631,64.2609,0,,train
2025-08-10 00:00:00,BF.BLW.FAN01,bf_sinter_fan_blower,1.77,26.7684,56.3711,0.9839,65.2454,0,,train
2025-08-10 01:00:00,BF.BLW.FAN01,bf_sinter_fan_blower,1.7286,25.0937,56.8398,0.9131,64.2042,0,,train
2025-08-10 02:00:00,BF.BLW.FAN01,bf_sinter_fan_blower,1.8442,26.1936,57.8337,1.0276,64.6123,0,,train
2025-08-10 03:00:00,BF.BLW.FAN01,bf_sinter_fan_blower,1.9152,26.751,58.0773,0.7761,65.1728,0,,train
2025-08-10 04:00:00,BF.BLW.FAN01,bf_sinter_fan_blower,1.7728,25.1803,57.696,0.8284,65.0054,0,,train
2025-08-10 05:00:00,BF.BLW.FAN01,bf_sinter_fan_blower,1.8071,28.1525,58.1085,0.6905,65.0548,0,,train
2025-08-10 06:00:00,BF.BLW.FAN01,bf_sinter_fan_blower,1.8162,30.1456,58.4068,0.7354,64.5991,0,,train
2025-08-10 07:00:00,BF.BLW.FAN01,bf_sinter_fan_blower,1.8172,33.8766,58.6695,0.6667,64.9182,0,,train
2025-08-10 08:00:00,BF.BLW.FAN01,bf_sinter_fan_blower,1.8864,35.0662,59.1103,0.8737,65.1828,0,,train
2025-08-10 09:00:00,BF.BLW.FAN01,bf_sinter_fan_blower,2.0927,36.6982,58.9948,0.749,66.3638,0,,train
2025-08-10 10:00:00,BF.BLW.FAN01,bf_sinter_fan_blower,2.1844,34.9678,58.1051,0.734,67.2845,0,,train
2025-08-10 11:00:00,BF.BLW.FAN01,bf_sinter_fan_blower,2.2214,35.973,57.6862,0.6645,67.0406,0,,train
2025-08-10 12:00:00,BF.BLW.FAN01,bf_sinter_fan_blower,2.2098,37.3423,57.9174,0.8547,66.2532,0,,train
2025-08-10 13:00:00,BF.BLW.FAN01,bf_sinter_fan_blower,2.3293,35.1423,57.6398,0.7916,67.1424,0,,train
2025-08-10 14:00:00,BF.BLW.FAN01,bf_sinter_fan_blower,2.3095,30.3565,58.1743,0.8971,67.6405,0,,train
2025-08-10 15:00:00,BF.BLW.FAN01,bf_sinter_fan_blower,2.199,29.7066,57.7884,0.7689,66.2872,0,,train
2025-08-10 16:00:00,BF.BLW.FAN01,bf_sinter_fan_blower,2.2414,29.5103,59.6897,0.787,65.4203,0,,train
2025-08-10 17:00:00,BF.BLW.FAN01,bf_sinter_fan_blower,2.3015,33.9833,60.262,0.797,64.3228,0,,train
2025-08-10 18:00:00,BF.BLW.FAN01,bf_sinter_fan_blower,2.37,35.739,61.3493,0.7907,63.957,0,,train
2025-08-10 19:00:00,BF.BLW.FAN01,bf_sinter_fan_blower,2.3836,37.8444,60.6939,0.6603,65.0846,0,,train
2025-08-10 20:00:00,BF.BLW.FAN01,bf_sinter_fan_blower,2.3246,34.4084,60.7233,0.6548,65.2182,0,,train
2025-08-10 21:00:00,BF.BLW.FAN01,bf_sinter_fan_blower,2.399,32.7875,61.7231,0.8253,65.867,0,,train
2025-08-10 22:00:00,BF.BLW.FAN01,bf_sinter_fan_blower,2.216,35.7597,60.84,0.8598,65.9686,0,,train
2025-08-10 23:00:00,BF.BLW.FAN01,bf_sinter_fan_blower,2.0701,36.2189,60.6474,0.8906,65.7135,0,,train
2025-08-11 00:00:00,BF.BLW.FAN01,bf_sinter_fan_blower,2.0219,37.2958,62.3386,0.9273,65.0874,0,,train
2025-08-11 01:00:00,BF.BLW.FAN01,bf_sinter_fan_blower,2.0371,41.5621,62.809,0.8174,66.6692,0,,train
2025-08-11 02:00:00,BF.BLW.FAN01,bf_sinter_fan_blower,2.0331,47.8815,62.7274,0.7746,67.0709,0,,train
2025-08-11 03:00:00,BF.BLW.FAN01,bf_sinter_fan_blower,2.1176,41.1473,63.5581,0.6301,66.8707,0,,train
2025-08-11 04:00:00,BF.BLW.FAN01,bf_sinter_fan_blower,2.2024,42.4184,63.8963,0.7475,67.7004,0,,train
2025-08-11 05:00:00,BF.BLW.FAN01,bf_sinter_fan_blower,2.1536,41.0389,62.8561,0.6687,68.0405,0,,train
2025-08-11 06:00:00,BF.BLW.FAN01,bf_sinter_fan_blower,2.0704,37.6442,62.4679,0.765,67.6271,0,,train
2025-08-11 07:00:00,BF.BLW.FAN01,bf_sinter_fan_blower,1.9882,36.286,62.2744,0.7714,67.4118,0,,train
2025-08-11 08:00:00,BF.BLW.FAN01,bf_sinter_fan_blower,1.9933,36.2688,61.9895,0.8906,66.9565,0,,train
2025-08-11 09:00:00,BF.BLW.FAN01,bf_sinter_fan_blower,1.9886,38.7164,62.4857,0.9103,66.9055,0,,train
2025-08-11 10:00:00,BF.BLW.FAN01,bf_sinter_fan_blower,2.058,39.0868,62.1362,0.9315,67.168,0,,train
2025-08-11 11:00:00,BF.BLW.FAN01,bf_sinter_fan_blower,2.093,35.5763,61.1567,0.9184,67.2892,0,,train
2025-08-11 12:00:00,BF.BLW.FAN01,bf_sinter_fan_blower,2.1889,31.918,61.3751,0.8893,67.5194,0,,train
2025-08-11 13:00:00,BF.BLW.FAN01,bf_sinter_fan_blower,2.1113,32.3026,60.4383,1.0127,67.2685,0,,train
2025-08-11 14:00:00,BF.BLW.FAN01,bf_sinter_fan_blower,2.1919,34.4187,60.4768,0.8047,67.0186,0,,train
2025-08-11 15:00:00,BF.BLW.FAN01,bf_sinter_fan_blower,2.0685,31.2492,59.4687,0.934,66.322,0,,train
2025-08-11 16:00:00,BF.BLW.FAN01,bf_sinter_fan_blower,2.0959,32.526,59.3625,1.0291,66.8383,0,,train
2025-08-11 17:00:00,BF.BLW.FAN01,bf_sinter_fan_blower,2.1207,35.273,60.3504,0.8793,66.678,0,,train
2025-08-11 18:00:00,BF.BLW.FAN01,bf_sinter_fan_blower,2.1696,39.2153,60.1973,0.9574,66.7852,0,,train
2025-08-11 19:00:00,BF.BLW.FAN01,bf_sinter_fan_blower,2.0475,41.7136,59.8962,0.9613,66.4942,0,,train
2025-08-11 20:00:00,BF.BLW.FAN01,bf_sinter_fan_blower,2.0471,40.2748,59.8345,0.7794,66.2175,0,,train
2025-08-11 21:00:00,BF.BLW.FAN01,bf_sinter_fan_blower,2.0093,,,0.7643,65.8252,0,,train
2025-08-11 22:00:00,BF.BLW.FAN01,bf_sinter_fan_blower,2.0085,35.6885,60.3801,0.9708,66.917,0,,train
2025-08-11 23:00:00,BF.BLW.FAN01,bf_sinter_fan_blower,1.8194,40.1507,60.5078,1.0362,66.2792,0,,train
2025-08-12 00:00:00,BF.BLW.FAN01,bf_sinter_fan_blower,1.8936,41.1528,60.6482,0.9394,66.0314,0,,train
2025-08-12 01:00:00,BF.BLW.FAN01,bf_sinter_fan_blower,1.9306,37.2058,62.053,0.9321,65.9833,0,,train
2025-08-12 02:00:00,BF.BLW.FAN01,bf_sinter_fan_blower,1.9298,41.9326,62.1574,0.7811,65.7845,0,,train
2025-08-12 03:00:00,BF.BLW.FAN01,bf_sinter_fan_blower,1.8229,41.0869,61.8,0.8836,66.1421,0,,train
2025-08-12 04:00:00,BF.BLW.FAN01,bf_sinter_fan_blower,1.8246,40.8148,61.7356,1.0176,66.5264,0,,train
2025-08-12 05:00:00,BF.BLW.FAN01,bf_sinter_fan_blower,1.9231,41.3717,62.2579,1.1765,66.142,0,,train
2025-08-12 06:00:00,BF.BLW.FAN01,bf_sinter_fan_blower,1.9687,41.4909,62.5526,1.2862,67.0605,0,,train
2025-08-12 07:00:00,BF.BLW.FAN01,bf_sinter_fan_blower,1.9363,40.7083,63.0724,1.1335,66.5379,0,,train
2025-08-12 08:00:00,BF.BLW.FAN01,bf_sinter_fan_blower,1.9433,34.5666,62.8493,1.0864,66.5053,0,,train
2025-08-12 09:00:00,BF.BLW.FAN01,bf_sinter_fan_blower,2.1336,35.2063,64.2778,1.2176,67.4643,0,,train
2025-08-12 10:00:00,BF.BLW.FAN01,bf_sinter_fan_blower,2.1545,32.1016,64.3999,1.1166,67.7004,0,,train
2025-08-12 11:00:00,BF.BLW.FAN01,bf_sinter_fan_blower,1.9953,29.7988,63.0373,1.1707,66.4763,0,,train
2025-08-12 12:00:00,BF.BLW.FAN01,bf_sinter_fan_blower,1.9428,29.9879,62.5603,1.2202,66.3699,0,,train
2025-08-12 13:00:00,BF.BLW.FAN01,bf_sinter_fan_blower,2.0202,32.3168,63.182,1.2336,66.2833,0,,train
2025-08-12 14:00:00,BF.BLW.FAN01,bf_sinter_fan_blower,1.9871,35.2074,63.0756,1.0074,66.3368,0,,train
2025-08-12 15:00:00,BF.BLW.FAN01,bf_sinter_fan_blower,1.9436,31.2195,62.8092,0.7892,65.516,0,,train
2025-08-12 16:00:00,BF.BLW.FAN01,bf_sinter_fan_blower,2.0379,27.8703,61.6967,0.6319,66.5801,0,,train
2025-08-12 17:00:00,BF.BLW.FAN01,bf_sinter_fan_blower,2.0882,27.0905,59.7371,0.4901,67.3231,0,,train
2025-08-12 18:00:00,BF.BLW.FAN01,bf_sinter_fan_blower,2.1324,31.6337,59.1248,0.3958,67.769,0,,train
2025-08-12 19:00:00,BF.BLW.FAN01,bf_sinter_fan_blower,1.9671,38.36,59.0435,0.5286,66.5985,0,,train
2025-08-12 20:00:00,BF.BLW.FAN01,bf_sinter_fan_blower,2.0,37.4522,58.8794,0.4626,67.1093,0,,train
2025-08-12 21:00:00,BF.BLW.FAN01,bf_sinter_fan_blower,2.0687,36.868,58.9056,0.6137,67.3358,0,,train
2025-08-12 22:00:00,BF.BLW.FAN01,bf_sinter_fan_blower,2.1048,37.6478,58.852,0.6032,67.5248,0,,train
2025-08-12 23:00:00,BF.BLW.FAN01,bf_sinter_fan_blower,2.009,39.3939,59.1513,0.5154,66.4764,0,,train
2025-08-13 00:00:00,BF.BLW.FAN01,bf_sinter_fan_blower,1.9065,37.615,58.1342,0.5289,67.0217,0,,train
2025-08-13 01:00:00,BF.BLW.FAN01,bf_sinter_fan_blower,1.9695,34.5446,58.7146,0.7277,67.5999,0,,train
2025-08-13 02:00:00,BF.BLW.FAN01,bf_sinter_fan_blower,1.8575,33.0119,59.4793,0.787,67.0831,0,,train
2025-08-13 03:00:00,BF.BLW.FAN01,bf_sinter_fan_blower,1.8842,33.9177,59.9194,0.9252,68.575,0,,train
2025-08-13 04:00:00,BF.BLW.FAN01,bf_sinter_fan_blower,1.7663,38.4935,59.8822,0.9351,68.6142,0,,train
2025-08-13 05:00:00,BF.BLW.FAN01,bf_sinter_fan_blower,1.7618,33.2139,59.0121,1.0119,68.5031,0,,train
2025-08-13 06:00:00,BF.BLW.FAN01,bf_sinter_fan_blower,1.7528,33.261,58.5708,0.9511,69.0474,0,,train
2025-08-13 07:00:00,BF.BLW.FAN01,bf_sinter_fan_blower,1.7035,33.2188,58.677,1.1051,67.9684,0,,train
2025-08-13 08:00:00,BF.BLW.FAN01,bf_sinter_fan_blower,1.696,31.1721,58.9375,1.1666,67.903,0,,train
2025-08-13 09:00:00,BF.BLW.FAN01,bf_sinter_fan_blower,1.7092,29.4147,58.2464,1.2715,68.7558,0,,train
2025-08-13 10:00:00,BF.BLW.FAN01,bf_sinter_fan_blower,1.7703,26.3601,57.3312,1.222,68.9224,0,,train
2025-08-13 11:00:00,BF.BLW.FAN01,bf_sinter_fan_blower,1.7284,28.9608,57.1447,1.2384,67.9576,0,,train
2025-08-13 12:00:00,BF.BLW.FAN01,bf_sinter_fan_blower,1.7026,29.0516,57.7358,1.3348,67.0765,0,,train
2025-08-13 13:00:00,BF.BLW.FAN01,bf_sinter_fan_blower,1.6443,26.9973,57.0845,1.6131,66.4393,0,,train
2025-08-13 14:00:00,BF.BLW.FAN01,bf_sinter_fan_blower,1.6653,30.1793,56.7955,1.5626,66.4778,0,,train
2025-08-13 15:00:00,BF.BLW.FAN01,bf_sinter_fan_blower,1.6216,31.7332,55.5936,1.6888,66.2688,0,,train
2025-08-13 16:00:00,BF.BLW.FAN01,bf_sinter_fan_blower,1.6049,32.1925,54.7448,1.4997,66.1661,0,,train
2025-08-13 17:00:00,BF.BLW.FAN01,bf_sinter_fan_blower,1.6147,35.6952,55.5517,1.5486,65.2762,0,,train
2025-08-13 18:00:00,BF.BLW.FAN01,bf_sinter_fan_blower,1.6068,37.0437,55.6293,1.4526,65.3464,0,,train
2025-08-13 19:00:00,BF.BLW.FAN01,bf_sinter_fan_blower,1.6221,32.5424,56.4272,1.3435,65.2619,0,,train
2025-08-13 20:00:00,BF.BLW.FAN01,bf_sinter_fan_blower,1.5531,28.2087,54.9176,1.3223,65.6355,0,,train
2025-08-13 21:00:00,BF.BLW.FAN01,bf_sinter_fan_blower,1.5602,29.9408,55.713,1.2049,66.0556,0,,train
2025-08-13 22:00:00,BF.BLW.FAN01,bf_sinter_fan_blower,1.592,27.3424,55.8478,1.4099,66.1615,0,,train
2025-08-13 23:00:00,BF.BLW.FAN01,bf_sinter_fan_blower,1.6452,29.9906,56.015,1.2042,66.0407,0,,train
2025-08-14 00:00:00,BF.BLW.FAN01,bf_sinter_fan_blower,1.6548,29.6536,55.8188,0.9006,66.935,0,,train
2025-08-14 01:00:00,BF.BLW.FAN01,bf_sinter_fan_blower,1.8518,27.3729,57.3792,0.9314,67.8229,0,,train
2025-08-14 02:00:00,BF.BLW.FAN01,bf_sinter_fan_blower,1.8369,25.7187,57.8797,0.9904,67.807,0,,train
2025-08-14 03:00:00,BF.BLW.FAN01,bf_sinter_fan_blower,1.6425,23.447,56.9942,1.0558,66.5257,0,,train
2025-08-14 04:00:00,BF.BLW.FAN01,bf_sinter_fan_blower,1.6825,24.5717,56.45,1.2543,68.1654,0,,train
2025-08-14 05:00:00,BF.BLW.FAN01,bf_sinter_fan_blower,1.6449,23.7106,55.9663,1.2677,67.9025,0,,train
2025-08-14 06:00:00,BF.BLW.FAN01,bf_sinter_fan_blower,1.6414,22.9758,56.0375,1.2988,67.9743,0,,train
2025-08-14 07:00:00,BF.BLW.FAN01,bf_sinter_fan_blower,1.8522,27.3149,57.1097,1.3023,68.9269,0,,train
2025-08-14 08:00:00,BF.BLW.FAN01,bf_sinter_fan_blower,1.6377,28.4001,56.1918,1.107,67.0263,0,,train
2025-08-14 09:00:00,BF.BLW.FAN01,bf_sinter_fan_blower,1.5716,26.4596,56.2275,1.2046,66.1585,0,,train
2025-08-14 10:00:00,BF.BLW.FAN01,bf_sinter_fan_blower,1.6159,26.7725,57.5138,1.1724,66.1532,0,,train
2025-08-14 11:00:00,BF.BLW.FAN01,bf_sinter_fan_blower,1.6065,29.1307,57.4997,1.0453,65.5492,0,,train
2025-08-14 12:00:00,BF.BLW.FAN01,bf_sinter_fan_blower,1.5745,28.1536,57.4524,1.2937,65.0244,0,,train
2025-08-14 13:00:00,BF.BLW.FAN01,bf_sinter_fan_blower,1.5246,27.8064,56.2984,1.396,64.8293,0,,train
2025-08-14 14:00:00,BF.BLW.FAN01,bf_sinter_fan_blower,1.5605,27.5118,56.1758,1.3079,64.2924,0,,train
2025-08-14 15:00:00,BF.BLW.FAN01,bf_sinter_fan_blower,1.3386,24.254,55.0342,1.3813,62.7228,0,,train
2025-08-14 16:00:00,BF.BLW.FAN01,bf_sinter_fan_blower,1.2432,24.6874,54.0824,1.4699,63.451,0,,train
2025-08-14 17:00:00,BF.BLW.FAN01,bf_sinter_fan_blower,1.2255,21.6817,53.7884,1.4002,62.5077,0,,train
2025-08-14 18:00:00,BF.BLW.FAN01,bf_sinter_fan_blower,1.2792,18.6602,54.2149,1.3406,61.7464,0,,train
2025-08-14 19:00:00,BF.BLW.FAN01,bf_sinter_fan_blower,1.2512,17.7093,54.4062,1.367,61.8673,0,,train
2025-08-14 20:00:00,BF.BLW.FAN01,bf_sinter_fan_blower,1.1803,17.2919,54.0243,1.4296,61.446,0,,train
2025-08-14 21:00:00,BF.BLW.FAN01,bf_sinter_fan_blower,1.3193,21.4271,55.2681,1.2755,62.0932,0,,train
2025-08-14 22:00:00,BF.BLW.FAN01,bf_sinter_fan_blower,1.3922,24.7989,55.3915,1.3139,62.3606,0,,train
2025-08-14 23:00:00,BF.BLW.FAN01,bf_sinter_fan_blower,1.38,27.7568,54.1358,1.3909,62.6373,0,,train
2025-08-15 00:00:00,BF.BLW.FAN01,bf_sinter_fan_blower,1.4984,29.5666,54.511,1.3192,63.8032,0,,train
2025-08-15 01:00:00,BF.BLW.FAN01,bf_sinter_fan_blower,1.4195,29.0622,54.8319,1.4754,63.108,0,,train
2025-08-15 02:00:00,BF.BLW.FAN01,bf_sinter_fan_blower,1.451,31.7103,54.7091,1.3364,63.3824,0,,train
2025-08-15 03:00:00,BF.BLW.FAN01,bf_sinter_fan_blower,1.3866,30.8585,54.8671,1.3409,62.9932,0,,train
2025-08-15 04:00:00,BF.BLW.FAN01,bf_sinter_fan_blower,1.3658,30.4975,54.5352,1.2049,62.8972,0,,train
2025-08-15 05:00:00,BF.BLW.FAN01,bf_sinter_fan_blower,1.362,33.8101,54.5976,1.3568,62.1326,0,,train
2025-08-15 06:00:00,BF.BLW.FAN01,bf_sinter_fan_blower,1.4435,32.2656,54.0251,1.5087,63.6961,0,,train
2025-08-15 07:00:00,BF.BLW.FAN01,bf_sinter_fan_blower,1.581,37.7843,54.2571,1.2464,65.0612,0,,train
2025-08-15 08:00:00,BF.BLW.FAN01,bf_sinter_fan_blower,1.4654,35.8851,53.2952,1.2753,64.2761,0,,train
2025-08-15 09:00:00,BF.BLW.FAN01,bf_sinter_fan_blower,1.3528,34.9726,52.9879,1.2878,64.1982,0,,train
2025-08-15 10:00:00,BF.BLW.FAN01,bf_sinter_fan_blower,1.3644,38.442,53.4016,1.2271,63.5088,0,,train
2025-08-15 11:00:00,BF.BLW.FAN01,bf_sinter_fan_blower,1.3663,38.9504,53.6746,1.0803,63.0054,0,,train
2025-08-15 12:00:00,BF.BLW.FAN01,bf_sinter_fan_blower,1.3675,38.4357,53.3882,1.2118,62.9716,0,,train
2025-08-15 13:00:00,BF.BLW.FAN01,bf_sinter_fan_blower,1.4546,40.2049,53.9929,1.1419,62.2813,0,,train
2025-08-15 14:00:00,BF.BLW.FAN01,bf_sinter_fan_blower,1.4398,38.7255,53.7467,1.3752,61.6172,0,,train
2025-08-15 15:00:00,BF.BLW.FAN01,bf_sinter_fan_blower,1.4294,35.3491,53.8047,1.5042,61.5675,0,,train
2025-08-15 16:00:00,BF.BLW.FAN01,bf_sinter_fan_blower,1.4273,39.6216,53.292,1.2093,60.2463,0,,train
2025-08-15 17:00:00,BF.BLW.FAN01,bf_sinter_fan_blower,1.4266,41.7926,53.3556,1.2734,60.4867,0,,train
2025-08-15 18:00:00,BF.BLW.FAN01,bf_sinter_fan_blower,1.5374,41.4911,54.2937,1.1672,60.9497,0,,train
2025-08-15 19:00:00,BF.BLW.FAN01,bf_sinter_fan_blower,1.5952,37.9158,55.1559,1.0405,61.3873,0,,train
2025-08-15 20:00:00,BF.BLW.FAN01,bf_sinter_fan_blower,1.7456,35.7946,55.0186,1.1735,62.716,0,,train
2025-08-15 21:00:00,BF.BLW.FAN01,bf_sinter_fan_blower,1.7543,36.0393,54.8902,1.1993,64.1028,0,,train
2025-08-15 22:00:00,BF.BLW.FAN01,bf_sinter_fan_blower,1.7093,38.1125,54.9605,1.1742,64.2399,0,,train
2025-08-15 23:00:00,BF.BLW.FAN01,bf_sinter_fan_blower,1.7595,41.2781,55.6047,1.2769,65.3421,0,,train
2025-08-16 00:00:00,BF.BLW.FAN01,bf_sinter_fan_blower,1.8004,40.5949,55.5112,1.1671,66.1149,0,,train
2025-08-16 01:00:00,BF.BLW.FAN01,bf_sinter_fan_blower,1.762,39.5835,55.128,1.2695,66.5567,0,,train
2025-08-16 02:00:00,BF.BLW.FAN01,bf_sinter_fan_blower,1.7688,41.2481,55.095,1.0647,67.2939,0,,train
2025-08-16 03:00:00,BF.BLW.FAN01,bf_sinter_fan_blower,1.7675,38.4908,54.7455,0.8785,67.05,0,,train
2025-08-16 04:00:00,BF.BLW.FAN01,bf_sinter_fan_blower,1.8341,39.7986,55.4596,0.7837,67.107,0,,train
2025-08-16 05:00:00,BF.BLW.FAN01,bf_sinter_fan_blower,1.9347,39.3748,55.5719,0.748,66.9592,0,,train
2025-08-16 06:00:00,BF.BLW.FAN01,bf_sinter_fan_blower,1.8832,36.85,55.8414,0.7846,66.4643,0,,train
2025-08-16 07:00:00,BF.BLW.FAN01,bf_sinter_fan_blower,1.7627,39.0171,55.8108,0.8033,66.2435,0,,train
2025-08-16 08:00:00,BF.BLW.FAN01,bf_sinter_fan_blower,1.832,42.0457,56.1659,0.8384,65.9464,0,,train
2025-08-16 09:00:00,BF.BLW.FAN01,bf_sinter_fan_blower,1.71,40.6659,54.4476,0.7474,65.6756,0,,train
2025-08-16 10:00:00,BF.BLW.FAN01,bf_sinter_fan_blower,1.7797,40.0172,55.325,0.6771,64.3406,0,,train
2025-08-16 11:00:00,BF.BLW.FAN01,bf_sinter_fan_blower,1.8176,39.6809,54.9685,0.7313,64.9987,0,,train
2025-08-16 12:00:00,BF.BLW.FAN01,bf_sinter_fan_blower,1.7826,38.7867,54.3246,0.7187,64.1917,0,,train
2025-08-16 13:00:00,BF.BLW.FAN01,bf_sinter_fan_blower,1.9409,38.3763,54.4481,0.8005,63.5234,0,,train
2025-08-16 14:00:00,BF.BLW.FAN01,bf_sinter_fan_blower,2.466,37.6481,53.7173,0.9107,63.6797,0,,train
2025-08-16 15:00:00,BF.BLW.FAN01,bf_sinter_fan_blower,3.1293,40.3235,53.9351,0.7895,62.0853,0,,train
2025-08-16 16:00:00,BF.BLW.FAN01,bf_sinter_fan_blower,3.8977,40.7906,52.9335,0.8867,62.009,0,,train
2025-08-16 17:00:00,BF.BLW.FAN01,bf_sinter_fan_blower,4.4523,41.8227,53.4658,0.8853,62.2396,0,,train
2025-08-16 18:00:00,BF.BLW.FAN01,bf_sinter_fan_blower,4.5578,38.9512,52.7221,0.9271,61.354,0,,train
2025-08-16 19:00:00,BF.BLW.FAN01,bf_sinter_fan_blower,4.4832,39.168,53.6698,1.0058,63.2223,0,,train
2025-08-16 20:00:00,BF.BLW.FAN01,bf_sinter_fan_blower,3.9443,37.2655,54.0858,0.9851,63.4404,0,,train
2025-08-16 21:00:00,BF.BLW.FAN01,bf_sinter_fan_blower,3.2824,36.3789,54.0408,1.0128,64.2825,0,,train
2025-08-16 22:00:00,BF.BLW.FAN01,bf_sinter_fan_blower,2.4884,34.2648,53.6981,0.9773,64.0507,0,,train
2025-08-16 23:00:00,BF.BLW.FAN01,bf_sinter_fan_blower,1.8851,35.4693,54.2334,0.963,63.3935,0,,train
2025-08-17 00:00:00,BF.BLW.FAN01,bf_sinter_fan_blower,1.7155,34.8619,54.3532,1.1071,64.2414,0,,train
2025-08-17 01:00:00,BF.BLW.FAN01,bf_sinter_fan_blower,1.7891,36.2906,55.6707,1.1142,64.6478,0,,train
2025-08-17 02:00:00,BF.BLW.FAN01,bf_sinter_fan_blower,1.7036,35.9304,55.7815,1.0243,64.0056,0,,train
2025-08-17 03:00:00,BF.BLW.FAN01,bf_sinter_fan_blower,1.5204,34.1119,54.9042,1.0104,64.0089,0,,train
2025-08-17 04:00:00,BF.BLW.FAN01,bf_sinter_fan_blower,1.5882,32.8865,55.4239,1.0456,64.4658,0,,train
2025-08-17 05:00:00,BF.BLW.FAN01,bf_sinter_fan_blower,1.5829,31.2368,56.0338,0.8385,62.8996,0,,train
2025-08-17 06:00:00,BF.BLW.FAN01,bf_sinter_fan_blower,1.5067,28.4719,56.6287,0.7779,62.5178,0,,train
2025-08-17 07:00:00,BF.BLW.FAN01,bf_sinter_fan_blower,1.5494,32.9242,57.1313,0.7948,62.9541,0,,train
2025-08-17 08:00:00,BF.BLW.FAN01,bf_sinter_fan_blower,1.5998,35.0845,57.111,0.789,63.0272,0,,train
2025-08-17 09:00:00,BF.BLW.FAN01,bf_sinter_fan_blower,1.5646,31.2754,57.4273,0.8454,61.9985,0,,train
2025-08-17 10:00:00,BF.BLW.FAN01,bf_sinter_fan_blower,1.5432,32.5822,57.0766,1.0079,61.8017,0,,train
2025-08-17 11:00:00,BF.BLW.FAN01,bf_sinter_fan_blower,1.581,32.1441,57.0744,0.8478,62.0979,0,,train
2025-08-17 12:00:00,BF.BLW.FAN01,bf_sinter_fan_blower,1.4969,32.1553,55.2399,0.8335,61.7976,0,,train
2025-08-17 13:00:00,BF.BLW.FAN01,bf_sinter_fan_blower,1.5193,31.4181,54.8271,0.7078,61.1737,0,,train
2025-08-17 14:00:00,BF.BLW.FAN01,bf_sinter_fan_blower,1.5902,34.8689,54.9454,0.6991,60.7037,0,,train
2025-08-17 15:00:00,BF.BLW.FAN01,bf_sinter_fan_blower,1.4628,37.9206,52.1367,0.7599,60.344,0,,train
2025-08-17 16:00:00,BF.BLW.FAN01,bf_sinter_fan_blower,1.4604,38.5125,51.1873,0.7332,60.6344,0,,train
2025-08-17 17:00:00,BF.BLW.FAN01,bf_sinter_fan_blower,1.4575,35.2725,50.8741,0.7414,61.6578,0,,train
2025-08-17 18:00:00,BF.BLW.FAN01,bf_sinter_fan_blower,1.6005,33.3887,50.5632,0.7385,63.2482,0,,train
2025-08-17 19:00:00,BF.BLW.FAN01,bf_sinter_fan_blower,1.6254,32.0625,50.4234,0.7659,63.2929,0,,train
2025-08-17 20:00:00,BF.BLW.FAN01,bf_sinter_fan_blower,1.7389,32.06,51.1167,0.8513,64.1152,0,,train
2025-08-17 21:00:00,BF.BLW.FAN01,bf_sinter_fan_blower,1.7238,32.9282,51.0285,0.8671,64.9244,0,,train
2025-08-17 22:00:00,BF.BLW.FAN01,bf_sinter_fan_blower,1.6681,31.2891,50.3901,0.7185,65.7908,0,,train
2025-08-17 23:00:00,BF.BLW.FAN01,bf_sinter_fan_blower,1.6267,31.5602,49.7335,0.7419,66.5149,0,,train
2025-08-18 00:00:00,BF.BLW.FAN01,bf_sinter_fan_blower,1.6585,30.6464,50.3993,0.9199,66.9557,0,,train
2025-08-18 01:00:00,BF.BLW.FAN01,bf_sinter_fan_blower,1.5481,27.311,49.5823,0.8748,66.923,0,,train
2025-08-18 02:00:00,BF.BLW.FAN01,bf_sinter_fan_blower,1.5574,26.1906,50.254,0.8291,66.167,0,,train
2025-08-18 03:00:00,BF.BLW.FAN01,bf_sinter_fan_blower,1.4682,27.5843,51.5817,1.0161,65.3922,0,,train
2025-08-18 04:00:00,BF.BLW.FAN01,bf_sinter_fan_blower,1.6279,28.5991,53.1897,0.8481,66.1313,0,,train
2025-08-18 05:00:00,BF.BLW.FAN01,bf_sinter_fan_blower,1.6027,32.6623,52.763,0.8082,65.7178,0,,train
2025-08-18 06:00:00,BF.BLW.FAN01,bf_sinter_fan_blower,1.583,33.4126,52.5912,0.8053,65.312,0,,train
2025-08-18 07:00:00,BF.BLW.FAN01,bf_sinter_fan_blower,1.4047,32.4906,51.9981,0.739,62.4498,0,,train
2025-08-18 08:00:00,BF.BLW.FAN01,bf_sinter_fan_blower,1.2314,31.7603,51.3845,0.86,61.1363,0,,train
2025-08-18 09:00:00,BF.BLW.FAN01,bf_sinter_fan_blower,1.3135,26.0507,51.8923,0.835,60.4761,0,,train
2025-08-18 10:00:00,BF.BLW.FAN01,bf_sinter_fan_blower,1.296,23.6415,51.4772,0.8796,60.606,0,,train
2025-08-18 11:00:00,BF.BLW.FAN01,bf_sinter_fan_blower,1.2484,18.2118,51.7836,0.9634,60.1946,0,,train
2025-08-18 12:00:00,BF.BLW.FAN01,bf_sinter_fan_blower,1.2938,18.6809,52.4495,1.0048,59.4866,0,,train
2025-08-18 13:00:00,BF.BLW.FAN01,bf_sinter_fan_blower,1.3224,14.936,52.7494,0.8663,59.1134,0,,train
2025-08-18 14:00:00,BF.BLW.FAN01,bf_sinter_fan_blower,1.3938,15.9298,53.1975,1.0334,59.8103,0,,train
2025-08-18 15:00:00,BF.BLW.FAN01,bf_sinter_fan_blower,1.3119,14.5788,53.0366,1.1894,59.5718,0,,train
2025-08-18 16:00:00,BF.BLW.FAN01,bf_sinter_fan_blower,1.2016,11.5046,51.6648,1.0797,58.8997,0,,train
2025-08-18 17:00:00,BF.BLW.FAN01,bf_sinter_fan_blower,1.1388,14.3095,51.453,1.0518,58.114,0,,train
2025-08-18 18:00:00,BF.BLW.FAN01,bf_sinter_fan_blower,1.1566,16.2176,51.0968,1.1258,57.529,0,,train
2025-08-18 19:00:00,BF.BLW.FAN01,bf_sinter_fan_blower,1.1796,16.6214,51.8755,1.0949,56.8901,0,,train
2025-08-18 20:00:00,BF.BLW.FAN01,bf_sinter_fan_blower,1.3008,21.5572,52.825,1.1037,57.7727,0,,train
2025-08-18 21:00:00,BF.BLW.FAN01,bf_sinter_fan_blower,1.2826,25.7166,53.3886,1.1155,57.267,0,,train
2025-08-18 22:00:00,BF.BLW.FAN01,bf_sinter_fan_blower,1.2278,27.0952,53.1817,1.0857,57.7761,0,,train
2025-08-18 23:00:00,BF.BLW.FAN01,bf_sinter_fan_blower,1.1665,24.609,52.6057,1.1683,57.2652,0,,train
2025-08-19 00:00:00,BF.BLW.FAN01,bf_sinter_fan_blower,1.1336,23.2531,53.3586,1.4465,56.8984,0,,train
2025-08-19 01:00:00,BF.BLW.FAN01,bf_sinter_fan_blower,1.1449,25.7868,53.348,1.3506,56.8728,0,,train
2025-08-19 02:00:00,BF.BLW.FAN01,bf_sinter_fan_blower,1.0923,23.839,52.7428,1.5285,57.2979,0,,train
2025-08-19 03:00:00,BF.BLW.FAN01,bf_sinter_fan_blower,0.9216,26.965,51.6617,1.617,56.5054,0,,train
2025-08-19 04:00:00,BF.BLW.FAN01,bf_sinter_fan_blower,0.9724,26.3366,51.8918,1.6603,57.8629,0,,train
2025-08-19 05:00:00,BF.BLW.FAN01,bf_sinter_fan_blower,1.0765,23.4804,52.1576,1.6662,58.5653,0,,train
2025-08-19 06:00:00,BF.BLW.FAN01,bf_sinter_fan_blower,1.0416,24.3915,51.529,1.5963,57.9015,0,,train
2025-08-19 07:00:00,BF.BLW.FAN01,bf_sinter_fan_blower,1.1902,24.6015,52.0465,1.5043,58.5918,0,,train
2025-08-19 08:00:00,BF.BLW.FAN01,bf_sinter_fan_blower,1.2868,28.5562,52.4253,1.6957,59.7644,0,,train
2025-08-19 09:00:00,BF.BLW.FAN01,bf_sinter_fan_blower,1.454,28.0261,52.5606,1.6002,59.8809,0,,train
2025-08-19 10:00:00,BF.BLW.FAN01,bf_sinter_fan_blower,1.4592,28.316,51.4836,1.4892,59.9156,0,,train
2025-08-19 11:00:00,BF.BLW.FAN01,bf_sinter_fan_blower,1.3367,25.3262,49.7791,1.2628,59.8058,0,,train
2025-08-19 12:00:00,BF.BLW.FAN01,bf_sinter_fan_blower,1.4161,27.4841,50.396,1.3631,60.4607,0,,train
2025-08-19 13:00:00,BF.BLW.FAN01,bf_sinter_fan_blower,1.3772,26.2308,49.5305,1.2038,59.3881,0,,train
2025-08-19 14:00:00,BF.BLW.FAN01,bf_sinter_fan_blower,1.4944,26.0088,50.2669,1.1475,60.0532,0,,train
2025-08-19 15:00:00,BF.BLW.FAN01,bf_sinter_fan_blower,1.5676,28.8059,50.0845,1.0336,59.6198,0,,train
2025-08-19 16:00:00,BF.BLW.FAN01,bf_sinter_fan_blower,1.4923,27.5002,49.0049,1.1756,59.5068,0,,train
2025-08-19 17:00:00,BF.BLW.FAN01,bf_sinter_fan_blower,1.465,28.7305,48.0571,1.1144,60.3033,0,,train
2025-08-19 18:00:00,BF.BLW.FAN01,bf_sinter_fan_blower,1.5384,28.0097,47.6549,0.9312,60.4171,0,,train
2025-08-19 19:00:00,BF.BLW.FAN01,bf_sinter_fan_blower,1.4831,29.9612,47.1613,0.8538,61.3646,0,,train
2025-08-19 20:00:00,BF.BLW.FAN01,bf_sinter_fan_blower,1.4627,27.9206,47.1796,0.7578,61.0453,0,,train
2025-08-19 21:00:00,BF.BLW.FAN01,bf_sinter_fan_blower,1.608,29.7874,48.2508,0.6427,61.6546,0,,train
2025-08-19 22:00:00,BF.BLW.FAN01,bf_sinter_fan_blower,1.6683,32.127,48.8057,0.8122,61.429,0,,train
2025-08-19 23:00:00,BF.BLW.FAN01,bf_sinter_fan_blower,1.8178,31.1135,49.5241,0.7106,62.1365,0,,train
2025-08-20 00:00:00,BF.BLW.FAN01,bf_sinter_fan_blower,1.8416,27.8769,50.0451,0.8555,62.8456,0,,train
2025-08-20 01:00:00,BF.BLW.FAN01,bf_sinter_fan_blower,1.87,25.4176,51.1162,1.0555,63.8784,0,,train
2025-08-20 02:00:00,BF.BLW.FAN01,bf_sinter_fan_blower,1.9501,29.0627,51.9615,1.127,64.8523,0,,train
2025-08-20 03:00:00,BF.BLW.FAN01,bf_sinter_fan_blower,1.9296,29.0276,51.3678,1.1465,65.6015,0,,train
2025-08-20 04:00:00,BF.BLW.FAN01,bf_sinter_fan_blower,1.9028,26.0773,50.7616,1.2099,66.492,0,,train
2025-08-20 05:00:00,BF.BLW.FAN01,bf_sinter_fan_blower,1.8247,26.6997,50.3407,1.4464,67.9826,0,,train
2025-08-20 06:00:00,BF.BLW.FAN01,bf_sinter_fan_blower,1.6462,25.7886,49.4954,1.4685,68.1337,0,,train
2025-08-20 07:00:00,BF.BLW.FAN01,bf_sinter_fan_blower,1.6129,27.8628,48.3334,1.4284,67.8122,0,,train
2025-08-20 08:00:00,BF.BLW.FAN01,bf_sinter_fan_blower,1.4928,25.416,46.7501,1.5115,68.3583,0,,train
2025-08-20 09:00:00,BF.BLW.FAN01,bf_sinter_fan_blower,1.4741,30.7176,46.3435,1.5856,67.6054,0,,train
2025-08-20 10:00:00,BF.BLW.FAN01,bf_sinter_fan_blower,1.5779,34.1221,46.6664,1.5542,67.9495,0,,train
2025-08-20 11:00:00,BF.BLW.FAN01,bf_sinter_fan_blower,1.4523,36.1176,46.8912,1.6287,65.5364,0,,train
2025-08-20 12:00:00,BF.BLW.FAN01,bf_sinter_fan_blower,1.6114,37.8316,48.3629,1.455,64.9742,0,,train
2025-08-20 13:00:00,BF.BLW.FAN01,bf_sinter_fan_blower,1.5718,38.7795,48.3976,1.2275,64.1637,0,,train
2025-08-20 14:00:00,BF.BLW.FAN01,bf_sinter_fan_blower,1.591,38.769,48.5128,1.2172,63.9787,0,,train
2025-08-20 15:00:00,BF.BLW.FAN01,bf_sinter_fan_blower,1.5223,35.2982,49.0768,1.1689,62.4332,0,,train
2025-08-20 16:00:00,BF.BLW.FAN01,bf_sinter_fan_blower,1.5878,35.5159,48.4948,1.2369,63.461,0,,train
2025-08-20 17:00:00,BF.BLW.FAN01,bf_sinter_fan_blower,1.5699,33.4263,48.2309,1.52,64.0195,0,,train
2025-08-20 18:00:00,BF.BLW.FAN01,bf_sinter_fan_blower,1.4898,27.5835,47.7499,1.6451,63.7478,0,,train
2025-08-20 19:00:00,BF.BLW.FAN01,bf_sinter_fan_blower,1.4403,33.5711,47.4555,1.5673,63.7617,0,,train
2025-08-20 20:00:00,BF.BLW.FAN01,bf_sinter_fan_blower,1.3957,34.2916,48.3911,1.5872,64.4095,0,,train
2025-08-20 21:00:00,BF.BLW.FAN01,bf_sinter_fan_blower,1.3918,30.7597,48.2831,1.6649,68.8169,0,,train
2025-08-20 22:00:00,BF.BLW.FAN01,bf_sinter_fan_blower,1.4669,29.7584,49.1477,1.3707,75.366,0,,train
2025-08-20 23:00:00,BF.BLW.FAN01,bf_sinter_fan_blower,1.4385,32.5896,48.9515,1.4792,81.6677,0,,train
2025-08-21 00:00:00,BF.BLW.FAN01,bf_sinter_fan_blower,1.4731,28.6198,48.1943,1.412,87.7519,0,,train
2025-08-21 01:00:00,BF.BLW.FAN01,bf_sinter_fan_blower,1.5052,30.5662,49.1124,1.5464,89.7877,0,,train
2025-08-21 02:00:00,BF.BLW.FAN01,bf_sinter_fan_blower,1.5536,35.8768,49.5977,1.5765,90.4569,0,,train
2025-08-21 03:00:00,BF.BLW.FAN01,bf_sinter_fan_blower,1.5193,34.6378,49.3417,1.4733,87.7664,0,,train
2025-08-21 04:00:00,BF.BLW.FAN01,bf_sinter_fan_blower,1.5684,33.6281,50.8656,1.552,81.3763,0,,train
2025-08-21 05:00:00,BF.BLW.FAN01,bf_sinter_fan_blower,1.5273,29.0294,51.4135,1.6041,74.4398,0,,train
2025-08-21 06:00:00,BF.BLW.FAN01,bf_sinter_fan_blower,1.5371,31.2878,51.1308,1.4689,68.9212,0,,train
2025-08-21 07:00:00,BF.BLW.FAN01,bf_sinter_fan_blower,1.5585,30.5883,52.1907,1.3564,63.8124,0,,train
2025-08-21 08:00:00,BF.BLW.FAN01,bf_sinter_fan_blower,1.5843,30.394,52.9048,1.4199,62.3989,0,,train
2025-08-21 09:00:00,BF.BLW.FAN01,bf_sinter_fan_blower,1.5511,30.4492,52.5035,1.5142,63.4389,0,,train
2025-08-21 10:00:00,BF.BLW.FAN01,bf_sinter_fan_blower,1.5447,30.6115,51.2168,1.4227,64.1282,0,,train
2025-08-21 11:00:00,BF.BLW.FAN01,bf_sinter_fan_blower,1.5507,31.0999,51.7816,1.2597,63.2079,0,,train
2025-08-21 12:00:00,BF.BLW.FAN01,bf_sinter_fan_blower,1.5384,29.7473,51.9293,1.4105,63.313,0,,train
2025-08-21 13:00:00,BF.BLW.FAN01,bf_sinter_fan_blower,1.444,27.0248,50.4111,1.5377,63.32,0,,train
2025-08-21 14:00:00,BF.BLW.FAN01,bf_sinter_fan_blower,1.403,27.5524,50.0209,1.5437,62.7028,0,,train
2025-08-21 15:00:00,BF.BLW.FAN01,bf_sinter_fan_blower,1.4044,28.498,49.9058,1.5831,62.4399,0,,train
2025-08-21 16:00:00,BF.BLW.FAN01,bf_sinter_fan_blower,1.3719,30.3356,49.5237,1.4879,61.4922,0,,train
2025-08-21 17:00:00,BF.BLW.FAN01,bf_sinter_fan_blower,1.3434,34.2573,48.8843,1.2836,61.0523,0,,train
2025-08-21 18:00:00,BF.BLW.FAN01,bf_sinter_fan_blower,1.3546,37.5291,49.7929,1.2586,59.3378,0,,train
2025-08-21 19:00:00,BF.BLW.FAN01,bf_sinter_fan_blower,1.3957,38.1532,50.5483,1.3129,59.6064,0,,train
2025-08-21 20:00:00,BF.BLW.FAN01,bf_sinter_fan_blower,1.4152,39.381,50.0407,1.218,59.6861,0,,train
2025-08-21 21:00:00,BF.BLW.FAN01,bf_sinter_fan_blower,1.4037,32.5401,50.5878,1.1699,59.3201,0,,train
2025-08-21 22:00:00,BF.BLW.FAN01,bf_sinter_fan_blower,1.3026,34.8909,50.9678,1.3182,58.7383,0,,train
2025-08-21 23:00:00,BF.BLW.FAN01,bf_sinter_fan_blower,1.3174,32.8144,50.6912,1.3203,59.2572,0,,train
2025-08-22 00:00:00,BF.BLW.FAN01,bf_sinter_fan_blower,1.3707,27.5901,51.9844,1.2325,58.9855,0,,train
2025-08-22 01:00:00,BF.BLW.FAN01,bf_sinter_fan_blower,1.3248,26.7744,51.9079,1.4907,59.5985,0,,train
2025-08-22 02:00:00,BF.BLW.FAN01,bf_sinter_fan_blower,1.3763,25.4407,52.6097,1.3597,59.4602,0,,train
2025-08-22 03:00:00,BF.BLW.FAN01,bf_sinter_fan_blower,1.3374,25.0083,52.7702,1.2337,59.4144,0,,train
2025-08-22 04:00:00,BF.BLW.FAN01,bf_sinter_fan_blower,1.3747,26.14,52.8322,0.9389,59.24,0,,train
2025-08-22 05:00:00,BF.BLW.FAN01,bf_sinter_fan_blower,1.3394,23.5439,53.2184,0.9241,58.7742,0,,train
2025-08-22 06:00:00,BF.BLW.FAN01,bf_sinter_fan_blower,1.5051,22.7477,53.4934,0.8733,59.3706,0,,train
2025-08-22 07:00:00,BF.BLW.FAN01,bf_sinter_fan_blower,1.5164,22.924,53.525,0.6597,59.2937,0,,train
2025-08-22 08:00:00,BF.BLW.FAN01,bf_sinter_fan_blower,1.606,22.8804,52.9634,0.5705,60.0317,0,,train
2025-08-22 09:00:00,BF.BLW.FAN01,bf_sinter_fan_blower,1.4854,23.8212,52.2801,0.8808,59.2822,0,,train
2025-08-22 10:00:00,BF.BLW.FAN01,bf_sinter_fan_blower,1.6194,26.5649,53.0352,1.2619,60.5954,0,,train
2025-08-22 11:00:00,BF.BLW.FAN01,bf_sinter_fan_blower,1.4559,,,1.5541,59.9719,0,,train
2025-08-22 12:00:00,BF.BLW.FAN01,bf_sinter_fan_blower,1.3658,32.1787,51.8376,1.6812,58.4686,0,,train
2025-08-22 13:00:00,BF.BLW.FAN01,bf_sinter_fan_blower,1.2998,30.5772,51.7644,1.585,57.1985,0,,train
2025-08-22 14:00:00,BF.BLW.FAN01,bf_sinter_fan_blower,1.3059,32.4629,51.7056,1.4387,57.2294,0,,train
2025-08-22 15:00:00,BF.BLW.FAN01,bf_sinter_fan_blower,1.3239,36.3386,53.0699,1.6048,56.5855,0,,train
2025-08-22 16:00:00,BF.BLW.FAN01,bf_sinter_fan_blower,1.2736,34.503,52.8604,1.6256,55.3969,0,,train
2025-08-22 17:00:00,BF.BLW.FAN01,bf_sinter_fan_blower,1.3392,30.9478,52.6135,1.6572,54.7461,0,,train
2025-08-22 18:00:00,BF.BLW.FAN01,bf_sinter_fan_blower,1.269,33.662,52.6141,1.5929,53.8364,0,,train
2025-08-22 19:00:00,BF.BLW.FAN01,bf_sinter_fan_blower,1.3873,30.5964,53.1186,1.5352,54.7208,0,,train
2025-08-22 20:00:00,BF.BLW.FAN01,bf_sinter_fan_blower,1.4344,31.8057,54.02,1.4616,54.9369,0,,train
2025-08-22 21:00:00,BF.BLW.FAN01,bf_sinter_fan_blower,1.3979,32.0464,53.8529,1.3764,54.9097,0,,train
2025-08-22 22:00:00,BF.BLW.FAN01,bf_sinter_fan_blower,1.3881,31.1486,53.2514,1.2662,55.4722,0,,train
2025-08-22 23:00:00,BF.BLW.FAN01,bf_sinter_fan_blower,1.3847,30.3558,53.5338,1.3016,56.1239,0,,train
2025-08-23 00:00:00,BF.BLW.FAN01,bf_sinter_fan_blower,1.3345,29.5387,53.1603,1.3876,55.9382,0,,train
2025-08-23 01:00:00,BF.BLW.FAN01,bf_sinter_fan_blower,1.49,31.6237,53.3406,1.3312,58.2141,0,,train
2025-08-23 02:00:00,BF.BLW.FAN01,bf_sinter_fan_blower,1.4212,31.93,53.3209,0.9589,57.786,0,,train
2025-08-23 03:00:00,BF.BLW.FAN01,bf_sinter_fan_blower,1.6053,34.1025,54.7394,0.9212,59.5947,0,,train
2025-08-23 04:00:00,BF.BLW.FAN01,bf_sinter_fan_blower,1.6267,31.9219,54.4996,0.9429,60.9488,0,,train
2025-08-23 05:00:00,BF.BLW.FAN01,bf_sinter_fan_blower,1.6275,35.1908,53.9507,0.8384,60.9049,0,,train
2025-08-23 06:00:00,BF.BLW.FAN01,bf_sinter_fan_blower,1.5191,36.5793,54.2129,1.1541,60.553,0,,train
2025-08-23 07:00:00,BF.BLW.FAN01,bf_sinter_fan_blower,1.4405,33.1379,53.7393,1.1209,60.8052,0,,train
2025-08-23 08:00:00,BF.BLW.FAN01,bf_sinter_fan_blower,1.6644,34.7191,54.1421,0.8537,61.5301,0,,train
2025-08-23 09:00:00,BF.BLW.FAN01,bf_sinter_fan_blower,1.6578,33.154,53.8427,0.9461,61.9584,0,,train
2025-08-23 10:00:00,BF.BLW.FAN01,bf_sinter_fan_blower,1.5802,35.747,53.2712,1.1611,61.4547,0,,train
2025-08-23 11:00:00,BF.BLW.FAN01,bf_sinter_fan_blower,1.4504,31.3917,52.7188,1.2192,60.0111,0,,train
2025-08-23 12:00:00,BF.BLW.FAN01,bf_sinter_fan_blower,1.4876,31.7919,52.8176,1.1789,59.8109,0,,train
2025-08-23 13:00:00,BF.BLW.FAN01,bf_sinter_fan_blower,1.5471,34.9271,52.6387,1.2295,60.3959,0,,train
2025-08-23 14:00:00,BF.BLW.FAN01,bf_sinter_fan_blower,1.5222,36.9495,52.9349,1.202,59.9201,0,,train
2025-08-23 15:00:00,BF.BLW.FAN01,bf_sinter_fan_blower,1.477,37.0757,52.124,1.2406,60.1068,0,,train
2025-08-23 16:00:00,BF.BLW.FAN01,bf_sinter_fan_blower,1.6114,36.7382,52.0774,1.3611,61.2025,0,,train
2025-08-23 17:00:00,BF.BLW.FAN01,bf_sinter_fan_blower,1.6697,36.4095,51.9562,1.1482,61.0263,0,,train
2025-08-23 18:00:00,BF.BLW.FAN01,bf_sinter_fan_blower,1.6961,36.5276,51.303,1.0448,61.7635,0,,train
2025-08-23 19:00:00,BF.BLW.FAN01,bf_sinter_fan_blower,1.5327,30.395,50.8419,1.1875,61.3005,0,,train
2025-08-23 20:00:00,BF.BLW.FAN01,bf_sinter_fan_blower,1.4393,23.8809,51.3593,1.1022,59.8514,0,,train
2025-08-23 21:00:00,BF.BLW.FAN01,bf_sinter_fan_blower,1.3907,23.0165,50.6294,1.0312,59.4652,0,,train
2025-08-23 22:00:00,BF.BLW.FAN01,bf_sinter_fan_blower,1.3945,21.3169,50.4229,1.1161,59.3832,0,,train
2025-08-23 23:00:00,BF.BLW.FAN01,bf_sinter_fan_blower,1.3858,21.355,50.5348,1.149,59.7741,0,,train
2025-08-24 00:00:00,BF.BLW.FAN01,bf_sinter_fan_blower,1.4643,21.1495,50.6795,1.094,60.2759,0,,train
2025-08-24 01:00:00,BF.BLW.FAN01,bf_sinter_fan_blower,1.5092,25.6087,50.7717,1.2746,61.5804,0,,train
2025-08-24 02:00:00,BF.BLW.FAN01,bf_sinter_fan_blower,1.537,29.8019,50.6299,1.1326,62.5749,0,,train
2025-08-24 03:00:00,BF.BLW.FAN01,bf_sinter_fan_blower,1.5518,32.0339,51.3928,1.1287,63.0239,0,,train
2025-08-24 04:00:00,BF.BLW.FAN01,bf_sinter_fan_blower,1.5657,28.9232,51.9824,1.0125,62.955,0,,train
2025-08-24 05:00:00,BF.BLW.FAN01,bf_sinter_fan_blower,1.5924,32.5223,51.7803,1.0339,62.898,0,,train
2025-08-24 06:00:00,BF.BLW.FAN01,bf_sinter_fan_blower,1.5313,29.8763,51.4732,0.8678,62.4866,0,,train
2025-08-24 07:00:00,BF.BLW.FAN01,bf_sinter_fan_blower,1.5842,30.7143,51.8703,0.8287,62.2299,0,,train
2025-08-24 08:00:00,BF.BLW.FAN01,bf_sinter_fan_blower,1.5474,27.6747,51.0491,0.8114,61.4379,0,,train
2025-08-24 09:00:00,BF.BLW.FAN01,bf_sinter_fan_blower,1.5815,29.9346,52.1252,0.8967,60.9475,0,,train
2025-08-24 10:00:00,BF.BLW.FAN01,bf_sinter_fan_blower,1.6408,29.0107,53.2766,0.8665,60.8861,0,,train
2025-08-24 11:00:00,BF.BLW.FAN01,bf_sinter_fan_blower,1.5683,28.3498,53.6826,0.6449,58.9703,0,,train
2025-08-24 12:00:00,BF.BLW.FAN01,bf_sinter_fan_blower,1.487,27.4458,53.1263,0.6739,57.8808,0,,train
2025-08-24 13:00:00,BF.BLW.FAN01,bf_sinter_fan_blower,1.3941,28.6331,52.0656,0.8616,57.9008,0,,train
2025-08-24 14:00:00,BF.BLW.FAN01,bf_sinter_fan_blower,1.3788,28.2137,51.8278,0.858,57.4953,0,,train
2025-08-24 15:00:00,BF.BLW.FAN01,bf_sinter_fan_blower,1.3511,22.7341,50.7737,0.8633,57.6779,0,,train
2025-08-24 16:00:00,BF.BLW.FAN01,bf_sinter_fan_blower,1.4478,25.0367,50.9767,0.9549,57.6833,0,,train
2025-08-24 17:00:00,BF.BLW.FAN01,bf_sinter_fan_blower,1.5443,26.9511,50.9525,0.9427,58.7813,0,,train
2025-08-24 18:00:00,BF.BLW.FAN01,bf_sinter_fan_blower,1.5448,28.7389,50.9889,0.8709,58.188,0,,train
2025-08-24 19:00:00,BF.BLW.FAN01,bf_sinter_fan_blower,1.6679,25.3062,51.6249,0.8673,59.0414,0,,train
2025-08-24 20:00:00,BF.BLW.FAN01,bf_sinter_fan_blower,1.5577,27.1039,51.5639,1.1416,58.6013,0,,train
2025-08-24 21:00:00,BF.BLW.FAN01,bf_sinter_fan_blower,1.5606,26.3024,51.8973,1.1647,59.4674,0,,train
2025-08-24 22:00:00,BF.BLW.FAN01,bf_sinter_fan_blower,1.6688,24.1161,53.24,1.1384,61.0832,0,,train
2025-08-24 23:00:00,BF.BLW.FAN01,bf_sinter_fan_blower,1.7189,24.5285,52.6276,0.9683,62.4416,0,,train
2025-08-25 00:00:00,BF.BLW.FAN01,bf_sinter_fan_blower,1.5575,27.9972,52.0284,1.0992,61.9042,0,,train
2025-08-25 01:00:00,BF.BLW.FAN01,bf_sinter_fan_blower,1.4622,31.4293,51.2103,1.1202,60.8919,0,,train
2025-08-25 02:00:00,BF.BLW.FAN01,bf_sinter_fan_blower,1.4685,25.5187,50.9409,1.2853,61.4427,0,,train
2025-08-25 03:00:00,BF.BLW.FAN01,bf_sinter_fan_blower,1.4847,27.5844,51.3401,1.3874,60.8803,0,,train
2025-08-25 04:00:00,BF.BLW.FAN01,bf_sinter_fan_blower,1.4504,24.6417,50.0756,1.3539,60.6736,0,,train
2025-08-25 05:00:00,BF.BLW.FAN01,bf_sinter_fan_blower,1.4406,21.5354,50.0213,1.3686,60.9422,0,,train
2025-08-25 06:00:00,BF.BLW.FAN01,bf_sinter_fan_blower,1.5645,22.5062,50.0687,1.4186,61.2803,0,,train
2025-08-25 07:00:00,BF.BLW.FAN01,bf_sinter_fan_blower,1.5787,24.8694,50.2769,1.2779,61.5757,0,,train
2025-08-25 08:00:00,BF.BLW.FAN01,bf_sinter_fan_blower,1.6943,25.6439,50.6278,1.2617,62.6199,0,,train
2025-08-25 09:00:00,BF.BLW.FAN01,bf_sinter_fan_blower,1.7034,24.3082,50.7935,1.2472,62.7755,0,,train
2025-08-25 10:00:00,BF.BLW.FAN01,bf_sinter_fan_blower,1.7513,25.677,50.2094,1.3161,63.1268,0,,train
2025-08-25 11:00:00,BF.BLW.FAN01,bf_sinter_fan_blower,1.6444,25.9126,49.6886,1.1673,62.9405,0,,train
2025-08-25 12:00:00,BF.BLW.FAN01,bf_sinter_fan_blower,1.6182,26.069,50.4688,1.2482,61.8777,0,,train
2025-08-25 13:00:00,BF.BLW.FAN01,bf_sinter_fan_blower,1.6214,21.8423,50.1825,1.3381,61.9288,0,,train
2025-08-25 14:00:00,BF.BLW.FAN01,bf_sinter_fan_blower,1.6314,24.5069,50.2873,1.3518,61.1298,0,,train
2025-08-25 15:00:00,BF.BLW.FAN01,bf_sinter_fan_blower,1.7292,24.8423,49.8975,1.181,61.0026,0,,train
2025-08-25 16:00:00,BF.BLW.FAN01,bf_sinter_fan_blower,1.6399,25.0852,49.6844,1.2114,59.6096,0,,train
2025-08-25 17:00:00,BF.BLW.FAN01,bf_sinter_fan_blower,1.6359,23.2503,49.2776,1.2164,59.569,0,,train
2025-08-25 18:00:00,BF.BLW.FAN01,bf_sinter_fan_blower,1.6184,22.3196,49.9437,1.0412,58.4001,0,,train
2025-08-25 19:00:00,BF.BLW.FAN01,bf_sinter_fan_blower,1.5174,23.4632,48.9592,1.1077,57.441,0,,train
2025-08-25 20:00:00,BF.BLW.FAN01,bf_sinter_fan_blower,1.5911,26.286,49.2913,1.0277,58.0157,0,,train
2025-08-25 21:00:00,BF.BLW.FAN01,bf_sinter_fan_blower,1.6378,28.4146,49.4532,1.0234,59.7868,0,,train
2025-08-25 22:00:00,BF.BLW.FAN01,bf_sinter_fan_blower,1.6594,31.9146,49.8138,0.8762,59.1083,0,,train
2025-08-25 23:00:00,BF.BLW.FAN01,bf_sinter_fan_blower,1.6353,34.5268,49.8821,0.852,58.8445,0,,train
2025-08-26 00:00:00,BF.BLW.FAN01,bf_sinter_fan_blower,1.6073,37.3137,50.6887,0.7727,59.6847,0,,train
2025-08-26 01:00:00,BF.BLW.FAN01,bf_sinter_fan_blower,1.4955,36.2028,51.4056,0.8867,59.2142,0,,train
2025-08-26 02:00:00,BF.BLW.FAN01,bf_sinter_fan_blower,1.447,33.4681,51.8102,1.1013,59.615,0,,train
2025-08-26 03:00:00,BF.BLW.FAN01,bf_sinter_fan_blower,1.6162,29.5781,53.7912,1.0262,59.0282,0,,train
2025-08-26 04:00:00,BF.BLW.FAN01,bf_sinter_fan_blower,1.5094,26.0689,53.9811,1.0058,58.7068,0,,train
2025-08-26 05:00:00,BF.BLW.FAN01,bf_sinter_fan_blower,1.5157,28.6102,54.5745,0.8249,59.2758,0,,train
2025-08-26 06:00:00,BF.BLW.FAN01,bf_sinter_fan_blower,1.5347,26.8511,55.0767,0.5855,59.4434,0,,train
2025-08-26 07:00:00,BF.BLW.FAN01,bf_sinter_fan_blower,1.5828,26.3906,55.1831,0.5372,59.0993,0,,train
2025-08-26 08:00:00,BF.BLW.FAN01,bf_sinter_fan_blower,1.6401,20.6787,56.1202,0.5291,58.3013,0,,train
2025-08-26 09:00:00,BF.BLW.FAN01,bf_sinter_fan_blower,1.6353,20.8615,56.4129,0.582,58.2075,0,,train
2025-08-26 10:00:00,BF.BLW.FAN01,bf_sinter_fan_blower,1.6992,20.3629,56.9435,0.4083,57.6748,0,,train
2025-08-26 11:00:00,BF.BLW.FAN01,bf_sinter_fan_blower,1.7092,18.672,55.6994,0.4913,58.4752,0,,train
2025-08-26 12:00:00,BF.BLW.FAN01,bf_sinter_fan_blower,1.6034,19.7706,54.6898,0.8894,59.582,0,,train
2025-08-26 13:00:00,BF.BLW.FAN01,bf_sinter_fan_blower,1.5779,19.7206,55.0633,0.8071,59.264,0,,train
2025-08-26 14:00:00,BF.BLW.FAN01,bf_sinter_fan_blower,1.6159,25.7591,55.4394,0.8098,58.8111,0,,train
2025-08-26 15:00:00,BF.BLW.FAN01,bf_sinter_fan_blower,1.5467,25.28,54.3885,0.8161,58.1666,0,,train
2025-08-26 16:00:00,BF.BLW.FAN01,bf_sinter_fan_blower,1.5195,25.4581,54.4418,1.1367,57.8804,0,,train
2025-08-26 17:00:00,BF.BLW.FAN01,bf_sinter_fan_blower,1.5232,24.8549,53.2879,1.1638,57.7757,0,,train
2025-08-26 18:00:00,BF.BLW.FAN01,bf_sinter_fan_blower,1.5848,26.5556,53.4195,1.2911,58.2733,0,,train
2025-08-26 19:00:00,BF.BLW.FAN01,bf_sinter_fan_blower,1.5251,26.7893,52.2432,1.4089,58.5525,0,,train
2025-08-26 20:00:00,BF.BLW.FAN01,bf_sinter_fan_blower,1.5653,27.6966,52.1455,1.2814,58.7341,0,,train
2025-08-26 21:00:00,BF.BLW.FAN01,bf_sinter_fan_blower,1.56,26.363,51.9102,1.1952,58.8815,0,,train
2025-08-26 22:00:00,BF.BLW.FAN01,bf_sinter_fan_blower,1.6622,24.7946,52.8755,1.1327,59.4472,0,,train
2025-08-26 23:00:00,BF.BLW.FAN01,bf_sinter_fan_blower,1.7918,26.9296,53.5693,1.0838,60.3432,0,,train
2025-08-27 00:00:00,BF.BLW.FAN01,bf_sinter_fan_blower,1.764,26.6945,54.0281,0.8435,60.222,0,,train
2025-08-27 01:00:00,BF.BLW.FAN01,bf_sinter_fan_blower,1.7503,25.1957,55.3481,0.8084,59.8753,0,,train
2025-08-27 02:00:00,BF.BLW.FAN01,bf_sinter_fan_blower,1.748,25.0824,55.4971,0.6574,60.1977,0,,train
2025-08-27 03:00:00,BF.BLW.FAN01,bf_sinter_fan_blower,1.8868,28.5503,56.6272,0.6904,60.9497,0,,train
2025-08-27 04:00:00,BF.BLW.FAN01,bf_sinter_fan_blower,1.8455,27.6581,56.6607,0.6469,61.0797,0,,train
2025-08-27 05:00:00,BF.BLW.FAN01,bf_sinter_fan_blower,1.8397,26.978,56.5138,0.5644,61.5051,0,,train
2025-08-27 06:00:00,BF.BLW.FAN01,bf_sinter_fan_blower,1.8178,30.216,56.3241,0.6835,62.3427,0,,train
2025-08-27 07:00:00,BF.BLW.FAN01,bf_sinter_fan_blower,1.7889,31.6664,56.4682,0.7383,62.6903,0,,train
2025-08-27 08:00:00,BF.BLW.FAN01,bf_sinter_fan_blower,1.8272,29.5434,55.6198,0.605,63.7764,0,,train
2025-08-27 09:00:00,BF.BLW.FAN01,bf_sinter_fan_blower,1.8351,33.4151,55.058,0.4847,64.2695,0,,train
2025-08-27 10:00:00,BF.BLW.FAN01,bf_sinter_fan_blower,1.9341,31.4612,55.6422,0.4965,63.7879,0,,train
2025-08-27 11:00:00,BF.BLW.FAN01,bf_sinter_fan_blower,1.8897,28.3762,54.3439,0.5804,64.4298,0,,train
2025-08-27 12:00:00,BF.BLW.FAN01,bf_sinter_fan_blower,1.852,26.9748,54.4621,0.5064,63.6019,0,,train
2025-08-27 13:00:00,BF.BLW.FAN01,bf_sinter_fan_blower,1.7422,30.5182,53.3907,0.6793,64.0252,0,,train
2025-08-27 14:00:00,BF.BLW.FAN01,bf_sinter_fan_blower,1.8602,30.5876,52.8151,0.8206,64.3979,0,,train
2025-08-27 15:00:00,BF.BLW.FAN01,bf_sinter_fan_blower,1.6959,27.7824,52.0227,0.9071,63.2409,0,,train
2025-08-27 16:00:00,BF.BLW.FAN01,bf_sinter_fan_blower,1.7392,26.0147,51.3304,1.0039,62.987,0,,train
2025-08-27 17:00:00,BF.BLW.FAN01,bf_sinter_fan_blower,1.7906,26.5476,51.8518,0.8032,62.1772,0,,train
2025-08-27 18:00:00,BF.BLW.FAN01,bf_sinter_fan_blower,1.7332,27.9964,51.7801,0.7412,62.842,0,,train
2025-08-27 19:00:00,BF.BLW.FAN01,bf_sinter_fan_blower,1.6617,33.217,50.6217,0.7588,62.9916,0,,train
2025-08-27 20:00:00,BF.BLW.FAN01,bf_sinter_fan_blower,,36.2059,50.42,0.9176,,0,,train
2025-08-27 21:00:00,BF.BLW.FAN01,bf_sinter_fan_blower,1.5596,30.4987,51.0988,0.9577,63.576,0,,train
2025-08-27 22:00:00,BF.BLW.FAN01,bf_sinter_fan_blower,1.5562,27.3356,50.9159,0.886,62.8088,0,,train
2025-08-27 23:00:00,BF.BLW.FAN01,bf_sinter_fan_blower,1.4657,25.9491,51.0747,1.1355,63.2169,0,,train
2025-08-28 00:00:00,BF.BLW.FAN01,bf_sinter_fan_blower,1.3311,28.1965,50.7142,1.2724,63.0237,0,,train
2025-08-28 01:00:00,BF.BLW.FAN01,bf_sinter_fan_blower,1.3671,28.274,51.3867,1.2801,63.7151,0,,train
2025-08-28 02:00:00,BF.BLW.FAN01,bf_sinter_fan_blower,1.3697,28.0136,51.7319,1.2055,64.5048,0,,train
2025-08-28 03:00:00,BF.BLW.FAN01,bf_sinter_fan_blower,1.229,27.4911,51.5282,1.1227,63.509,0,,train
2025-08-28 04:00:00,BF.BLW.FAN01,bf_sinter_fan_blower,1.1847,28.8271,52.1313,1.202,62.6022,0,,train
2025-08-28 05:00:00,BF.BLW.FAN01,bf_sinter_fan_blower,1.3117,24.9123,52.3915,1.05,63.2137,0,,train
2025-08-28 06:00:00,BF.BLW.FAN01,bf_sinter_fan_blower,1.3681,25.3466,51.6105,0.8927,63.5909,0,,train
2025-08-28 07:00:00,BF.BLW.FAN01,bf_sinter_fan_blower,1.483,25.2061,52.192,1.1057,63.9017,0,,train
2025-08-28 08:00:00,BF.BLW.FAN01,bf_sinter_fan_blower,1.5021,26.7806,51.9071,1.0734,65.1394,0,,train
2025-08-28 09:00:00,BF.BLW.FAN01,bf_sinter_fan_blower,1.5636,24.5845,51.1651,0.9944,65.7784,0,,train
2025-08-28 10:00:00,BF.BLW.FAN01,bf_sinter_fan_blower,1.4884,20.4772,49.8682,0.8427,65.4304,0,,train
2025-08-28 11:00:00,BF.BLW.FAN01,bf_sinter_fan_blower,1.642,18.7909,51.2737,0.9083,64.8673,0,,train
2025-08-28 12:00:00,BF.BLW.FAN01,bf_sinter_fan_blower,1.6495,18.861,50.8841,0.8858,65.0731,0,,train
2025-08-28 13:00:00,BF.BLW.FAN01,bf_sinter_fan_blower,1.6085,15.4874,50.2724,1.0137,64.9858,0,,train
2025-08-28 14:00:00,BF.BLW.FAN01,bf_sinter_fan_blower,1.4724,16.82,50.2369,1.2217,64.6388,0,,train
2025-08-28 15:00:00,BF.BLW.FAN01,bf_sinter_fan_blower,1.4739,16.2411,50.4309,1.2466,64.8329,0,,train
2025-08-28 16:00:00,BF.BLW.FAN01,bf_sinter_fan_blower,1.3366,13.0399,49.6926,1.4385,65.1238,0,,train
2025-08-28 17:00:00,BF.BLW.FAN01,bf_sinter_fan_blower,1.3297,16.1269,49.7275,1.1373,64.6322,0,,train
2025-08-28 18:00:00,BF.BLW.FAN01,bf_sinter_fan_blower,1.288,19.8919,49.7481,1.0389,63.6322,0,,train
2025-08-28 19:00:00,BF.BLW.FAN01,bf_sinter_fan_blower,1.19,19.1216,49.661,1.3164,63.2295,0,,train
2025-08-28 20:00:00,BF.BLW.FAN01,bf_sinter_fan_blower,1.0976,20.6602,49.0091,1.5412,63.3407,0,,train
2025-08-28 21:00:00,BF.BLW.FAN01,bf_sinter_fan_blower,1.15,19.7623,49.2457,1.4982,62.8571,0,,train
2025-08-28 22:00:00,BF.BLW.FAN01,bf_sinter_fan_blower,1.2905,15.1442,49.8378,1.3819,63.1882,0,,train
2025-08-28 23:00:00,BF.BLW.FAN01,bf_sinter_fan_blower,1.197,13.7686,49.1533,1.1684,63.9285,0,,train
2025-08-29 00:00:00,BF.BLW.FAN01,bf_sinter_fan_blower,1.2552,15.1958,49.7737,1.2192,65.0706,0,BF.BLW.FAN01::E04,train
2025-08-29 01:00:00,BF.BLW.FAN01,bf_sinter_fan_blower,1.3947,19.998,50.234,1.0171,65.6756,0,BF.BLW.FAN01::E04,train
2025-08-29 02:00:00,BF.BLW.FAN01,bf_sinter_fan_blower,1.3391,18.4112,50.0127,1.089,65.3368,0,BF.BLW.FAN01::E04,train
2025-08-29 03:00:00,BF.BLW.FAN01,bf_sinter_fan_blower,1.2582,16.4598,50.8463,1.1715,64.5971,0,BF.BLW.FAN01::E04,train
2025-08-29 04:00:00,BF.BLW.FAN01,bf_sinter_fan_blower,1.4139,18.4829,52.3897,1.258,65.0241,0,BF.BLW.FAN01::E04,train
2025-08-29 05:00:00,BF.BLW.FAN01,bf_sinter_fan_blower,1.4724,19.2281,53.1679,1.167,64.9555,0,BF.BLW.FAN01::E04,train
2025-08-29 06:00:00,BF.BLW.FAN01,bf_sinter_fan_blower,1.5101,21.7794,53.1218,1.2058,65.6847,0,BF.BLW.FAN01::E04,train
2025-08-29 07:00:00,BF.BLW.FAN01,bf_sinter_fan_blower,1.3882,20.7568,52.5255,1.1495,64.5399,0,BF.BLW.FAN01::E04,train
2025-08-29 08:00:00,BF.BLW.FAN01,bf_sinter_fan_blower,1.3807,20.0702,52.5086,1.1893,64.2338,0,BF.BLW.FAN01::E04,train
2025-08-29 09:00:00,BF.BLW.FAN01,bf_sinter_fan_blower,1.4266,17.2684,52.5614,1.1621,64.1641,0,BF.BLW.FAN01::E04,train
2025-08-29 10:00:00,BF.BLW.FAN01,bf_sinter_fan_blower,1.5141,19.896,52.9369,1.1329,64.759,0,BF.BLW.FAN01::E04,train
2025-08-29 11:00:00,BF.BLW.FAN01,bf_sinter_fan_blower,1.5025,22.5828,52.9323,1.139,64.7527,0,BF.BLW.FAN01::E04,train
2025-08-29 12:00:00,BF.BLW.FAN01,bf_sinter_fan_blower,1.5489,26.4269,52.1873,1.1047,65.1336,0,BF.BLW.FAN01::E04,train
2025-08-29 13:00:00,BF.BLW.FAN01,bf_sinter_fan_blower,1.5781,25.2617,51.6105,1.2077,64.3726,0,BF.BLW.FAN01::E04,train
2025-08-29 14:00:00,BF.BLW.FAN01,bf_sinter_fan_blower,1.4954,24.8189,50.7477,1.2549,64.2021,0,BF.BLW.FAN01::E04,train
2025-08-29 15:00:00,BF.BLW.FAN01,bf_sinter_fan_blower,1.6593,27.5682,52.0359,1.2281,64.2455,0,BF.BLW.FAN01::E04,train
2025-08-29 16:00:00,BF.BLW.FAN01,bf_sinter_fan_blower,1.6233,26.1217,50.8164,1.2331,64.1979,0,BF.BLW.FAN01::E04,train
2025-08-29 17:00:00,BF.BLW.FAN01,bf_sinter_fan_blower,1.5168,29.2807,50.1875,1.156,62.7992,0,BF.BLW.FAN01::E04,train
2025-08-29 18:00:00,BF.BLW.FAN01,bf_sinter_fan_blower,1.5885,29.3468,51.0209,1.1178,63.1671,0,BF.BLW.FAN01::E04,train
2025-08-29 19:00:00,BF.BLW.FAN01,bf_sinter_fan_blower,1.6224,30.4832,51.0598,0.9578,63.0865,0,BF.BLW.FAN01::E04,train
2025-08-29 20:00:00,BF.BLW.FAN01,bf_sinter_fan_blower,1.6406,30.9666,50.5313,0.9325,64.098,0,BF.BLW.FAN01::E04,train
2025-08-29 21:00:00,BF.BLW.FAN01,bf_sinter_fan_blower,1.5973,28.4846,51.3174,0.9508,63.8966,0,BF.BLW.FAN01::E04,train
2025-08-29 22:00:00,BF.BLW.FAN01,bf_sinter_fan_blower,1.6661,23.8607,51.5937,1.0059,64.7743,0,BF.BLW.FAN01::E04,train
2025-08-29 23:00:00,BF.BLW.FAN01,bf_sinter_fan_blower,1.6087,26.6189,51.1499,1.0161,65.2287,0,BF.BLW.FAN01::E04,train
2025-08-30 00:00:00,BF.BLW.FAN01,bf_sinter_fan_blower,1.6578,26.8966,52.6058,0.9509,66.2268,0,BF.BLW.FAN01::E04,train
2025-08-30 01:00:00,BF.BLW.FAN01,bf_sinter_fan_blower,1.4691,24.7465,52.3879,1.0967,65.3046,0,BF.BLW.FAN01::E04,train
2025-08-30 02:00:00,BF.BLW.FAN01,bf_sinter_fan_blower,1.3316,20.9108,51.7247,1.1988,64.5759,0,BF.BLW.FAN01::E04,train
2025-08-30 03:00:00,BF.BLW.FAN01,bf_sinter_fan_blower,1.3797,21.3442,51.8092,1.31,65.0252,0,BF.BLW.FAN01::E04,train
2025-08-30 04:00:00,BF.BLW.FAN01,bf_sinter_fan_blower,1.4101,17.9078,53.1691,1.566,65.3468,0,BF.BLW.FAN01::E04,train
2025-08-30 05:00:00,BF.BLW.FAN01,bf_sinter_fan_blower,1.4975,20.8446,53.8413,1.5976,65.9458,0,BF.BLW.FAN01::E04,train
2025-08-30 06:00:00,BF.BLW.FAN01,bf_sinter_fan_blower,1.4877,21.5554,54.2572,1.903,65.6636,0,BF.BLW.FAN01::E04,train
2025-08-30 07:00:00,BF.BLW.FAN01,bf_sinter_fan_blower,1.5626,19.3075,54.7154,1.7489,66.0662,0,BF.BLW.FAN01::E04,train
2025-08-30 08:00:00,BF.BLW.FAN01,bf_sinter_fan_blower,1.6607,24.8982,55.0271,1.5596,66.6239,0,BF.BLW.FAN01::E04,train
2025-08-30 09:00:00,BF.BLW.FAN01,bf_sinter_fan_blower,1.6036,27.8846,55.9602,1.5519,65.012,0,BF.BLW.FAN01::E04,train
2025-08-30 10:00:00,BF.BLW.FAN01,bf_sinter_fan_blower,1.6107,31.4269,55.5045,1.5966,65.4836,0,BF.BLW.FAN01::E04,train
2025-08-30 11:00:00,BF.BLW.FAN01,bf_sinter_fan_blower,1.5968,28.202,56.3422,1.5406,65.0171,0,BF.BLW.FAN01::E04,train
2025-08-30 12:00:00,BF.BLW.FAN01,bf_sinter_fan_blower,1.741,29.8238,56.7822,1.4267,66.1561,0,BF.BLW.FAN01::E04,train
2025-08-30 13:00:00,BF.BLW.FAN01,bf_sinter_fan_blower,1.753,24.9746,56.2307,1.4252,66.3234,0,BF.BLW.FAN01::E04,train
2025-08-30 14:00:00,BF.BLW.FAN01,bf_sinter_fan_blower,1.7611,21.6543,55.9061,1.2293,66.0196,0,BF.BLW.FAN01::E04,train
2025-08-30 15:00:00,BF.BLW.FAN01,bf_sinter_fan_blower,1.8716,21.0063,56.2926,1.0406,65.6326,0,BF.BLW.FAN01::E04,train
2025-08-30 16:00:00,BF.BLW.FAN01,bf_sinter_fan_blower,1.9011,24.5676,56.3443,1.0038,65.5669,0,BF.BLW.FAN01::E04,train
2025-08-30 17:00:00,BF.BLW.FAN01,bf_sinter_fan_blower,1.9823,25.8898,56.7425,0.901,66.1954,0,BF.BLW.FAN01::E04,train
2025-08-30 18:00:00,BF.BLW.FAN01,bf_sinter_fan_blower,1.9595,26.3095,56.61,1.0448,65.952,0,BF.BLW.FAN01::E04,train
2025-08-30 19:00:00,BF.BLW.FAN01,bf_sinter_fan_blower,1.8812,27.1536,56.3824,1.1332,65.8817,0,BF.BLW.FAN01::E04,train
2025-08-30 20:00:00,BF.BLW.FAN01,bf_sinter_fan_blower,1.822,25.3374,56.4292,1.1341,65.051,0,BF.BLW.FAN01::E04,train
2025-08-30 21:00:00,BF.BLW.FAN01,bf_sinter_fan_blower,1.6922,28.1089,56.5262,1.1809,64.3583,0,BF.BLW.FAN01::E04,train
2025-08-30 22:00:00,BF.BLW.FAN01,bf_sinter_fan_blower,1.7193,26.7137,56.895,1.1023,64.6343,0,BF.BLW.FAN01::E04,train
2025-08-30 23:00:00,BF.BLW.FAN01,bf_sinter_fan_blower,1.7648,27.1382,57.2536,1.0982,66.3849,0,BF.BLW.FAN01::E04,train
2025-08-31 00:00:00,BF.BLW.FAN01,bf_sinter_fan_blower,1.8461,30.5343,57.6439,0.9011,66.7318,0,BF.BLW.FAN01::E04,train
2025-08-31 01:00:00,BF.BLW.FAN01,bf_sinter_fan_blower,1.8709,31.2582,58.2417,0.9874,67.5132,0,BF.BLW.FAN01::E04,train
2025-08-31 02:00:00,BF.BLW.FAN01,bf_sinter_fan_blower,1.8223,29.4997,57.8409,0.9267,67.4217,0,BF.BLW.FAN01::E04,train
2025-08-31 03:00:00,BF.BLW.FAN01,bf_sinter_fan_blower,1.6981,33.2512,57.4439,0.9819,67.2671,0,BF.BLW.FAN01::E04,train
2025-08-31 04:00:00,BF.BLW.FAN01,bf_sinter_fan_blower,1.75,31.1374,57.1163,0.9892,67.8297,0,BF.BLW.FAN01::E04,train
2025-08-31 05:00:00,BF.BLW.FAN01,bf_sinter_fan_blower,1.7846,31.6321,58.4366,0.9402,68.0306,0,BF.BLW.FAN01::E04,train
2025-08-31 06:00:00,BF.BLW.FAN01,bf_sinter_fan_blower,1.6444,33.922,57.3401,0.9745,68.3872,0,BF.BLW.FAN01::E04,train
2025-08-31 07:00:00,BF.BLW.FAN01,bf_sinter_fan_blower,1.684,36.0402,58.0299,0.9871,68.159,0,BF.BLW.FAN01::E04,train
2025-08-31 08:00:00,BF.BLW.FAN01,bf_sinter_fan_blower,1.6322,35.9063,57.8474,1.1459,67.8563,0,BF.BLW.FAN01::E04,train
2025-08-31 09:00:00,BF.BLW.FAN01,bf_sinter_fan_blower,1.6977,36.7126,58.5752,0.952,68.3846,0,BF.BLW.FAN01::E04,train
2025-08-31 10:00:00,BF.BLW.FAN01,bf_sinter_fan_blower,1.6942,43.5162,58.5319,0.9495,67.6664,0,BF.BLW.FAN01::E04,train
2025-08-31 11:00:00,BF.BLW.FAN01,bf_sinter_fan_blower,1.8275,42.4613,59.5582,0.7964,67.274,0,BF.BLW.FAN01::E04,train
2025-08-31 12:00:00,BF.BLW.FAN01,bf_sinter_fan_blower,1.7128,40.2894,58.6978,0.9069,67.5678,0,BF.BLW.FAN01::E04,train
2025-08-31 13:00:00,BF.BLW.FAN01,bf_sinter_fan_blower,1.7039,41.3554,58.2901,0.7857,68.1902,0,BF.BLW.FAN01::E04,train
2025-08-31 14:00:00,BF.BLW.FAN01,bf_sinter_fan_blower,1.6446,44.9647,57.1385,0.9638,67.9581,0,BF.BLW.FAN01::E04,train
2025-08-31 15:00:00,BF.BLW.FAN01,bf_sinter_fan_blower,1.6714,46.8223,56.3933,0.851,68.1561,0,BF.BLW.FAN01::E04,train
2025-08-31 16:00:00,BF.BLW.FAN01,bf_sinter_fan_blower,1.5336,43.1995,55.945,0.9857,67.0527,0,BF.BLW.FAN01::E04,train
2025-08-31 17:00:00,BF.BLW.FAN01,bf_sinter_fan_blower,1.6146,39.2019,56.8545,0.9266,67.074,0,BF.BLW.FAN01::E04,train
2025-08-31 18:00:00,BF.BLW.FAN01,bf_sinter_fan_blower,1.4788,39.9501,55.9251,0.866,66.0972,0,BF.BLW.FAN01::E04,train
2025-08-31 19:00:00,BF.BLW.FAN01,bf_sinter_fan_blower,1.4244,39.8974,56.2793,1.0108,65.5556,0,BF.BLW.FAN01::E04,train
2025-08-31 20:00:00,BF.BLW.FAN01,bf_sinter_fan_blower,1.5415,37.844,57.3116,0.7791,65.7749,0,BF.BLW.FAN01::E04,train
2025-08-31 21:00:00,BF.BLW.FAN01,bf_sinter_fan_blower,1.6455,40.6356,58.2096,0.7718,65.4609,0,BF.BLW.FAN01::E04,train
2025-08-31 22:00:00,BF.BLW.FAN01,bf_sinter_fan_blower,1.6278,43.4156,57.3441,0.6853,66.1604,0,BF.BLW.FAN01::E04,train
2025-08-31 23:00:00,BF.BLW.FAN01,bf_sinter_fan_blower,1.6387,43.1669,57.5466,0.8477,66.3858,0,BF.BLW.FAN01::E04,train
2025-09-01 00:00:00,BF.BLW.FAN01,bf_sinter_fan_blower,1.7293,43.1687,58.5092,0.5898,66.1865,0,BF.BLW.FAN01::E04,train
2025-09-01 01:00:00,BF.BLW.FAN01,bf_sinter_fan_blower,1.8615,44.8291,59.6434,0.6008,67.4892,0,BF.BLW.FAN01::E04,train
2025-09-01 02:00:00,BF.BLW.FAN01,bf_sinter_fan_blower,1.6769,42.852,58.044,0.7486,67.1154,0,BF.BLW.FAN01::E04,train
2025-09-01 03:00:00,BF.BLW.FAN01,bf_sinter_fan_blower,1.6245,39.426,57.6397,0.8948,68.3659,0,BF.BLW.FAN01::E04,train
2025-09-01 04:00:00,BF.BLW.FAN01,bf_sinter_fan_blower,1.5809,39.2345,57.6226,0.7689,68.165,0,BF.BLW.FAN01::E04,train
2025-09-01 05:00:00,BF.BLW.FAN01,bf_sinter_fan_blower,1.4716,42.8988,56.2378,0.7687,68.6028,0,BF.BLW.FAN01::E04,train
2025-09-01 06:00:00,BF.BLW.FAN01,bf_sinter_fan_blower,1.5034,42.5594,56.6276,0.9383,68.8533,0,BF.BLW.FAN01::E04,train
2025-09-01 07:00:00,BF.BLW.FAN01,bf_sinter_fan_blower,1.5767,43.8495,56.4861,1.0505,69.0124,0,BF.BLW.FAN01::E04,train
2025-09-01 08:00:00,BF.BLW.FAN01,bf_sinter_fan_blower,1.414,42.1245,55.5521,1.0358,68.2248,0,BF.BLW.FAN01::E04,train
2025-09-01 09:00:00,BF.BLW.FAN01,bf_sinter_fan_blower,1.4299,39.4026,54.532,0.9111,67.4013,0,BF.BLW.FAN01::E04,train
2025-09-01 10:00:00,BF.BLW.FAN01,bf_sinter_fan_blower,1.2834,32.8891,53.5905,1.1648,66.1816,0,BF.BLW.FAN01::E04,train
2025-09-01 11:00:00,BF.BLW.FAN01,bf_sinter_fan_blower,1.4762,36.2382,53.948,1.0062,66.6632,0,BF.BLW.FAN01::E04,train
2025-09-01 12:00:00,BF.BLW.FAN01,bf_sinter_fan_blower,1.4825,36.1166,53.3557,0.9529,66.3755,0,BF.BLW.FAN01::E04,train
2025-09-01 13:00:00,BF.BLW.FAN01,bf_sinter_fan_blower,1.4012,38.0669,52.8694,0.9442,65.3245,0,BF.BLW.FAN01::E04,train
2025-09-01 14:00:00,BF.BLW.FAN01,bf_sinter_fan_blower,1.3963,36.1118,52.2643,0.9723,64.3204,0,BF.BLW.FAN01::E04,train
2025-09-01 15:00:00,BF.BLW.FAN01,bf_sinter_fan_blower,1.3711,32.7943,50.8018,1.0373,64.2644,0,BF.BLW.FAN01::E04,train
2025-09-01 16:00:00,BF.BLW.FAN01,bf_sinter_fan_blower,1.4278,35.8063,51.973,1.0744,62.4374,0,BF.BLW.FAN01::E04,train
2025-09-01 17:00:00,BF.BLW.FAN01,bf_sinter_fan_blower,1.4343,33.8583,51.7558,1.1215,63.5415,0,BF.BLW.FAN01::E04,train
2025-09-01 18:00:00,BF.BLW.FAN01,bf_sinter_fan_blower,1.5131,32.9948,51.6084,0.8097,63.7007,0,BF.BLW.FAN01::E04,train
2025-09-01 19:00:00,BF.BLW.FAN01,bf_sinter_fan_blower,1.4817,37.2643,52.0215,0.9673,63.0644,0,BF.BLW.FAN01::E04,train
2025-09-01 20:00:00,BF.BLW.FAN01,bf_sinter_fan_blower,1.63,31.9978,52.088,0.7897,63.2644,0,BF.BLW.FAN01::E04,train
2025-09-01 21:00:00,BF.BLW.FAN01,bf_sinter_fan_blower,1.7618,29.7813,53.1742,0.8459,63.1111,0,BF.BLW.FAN01::E04,train
2025-09-01 22:00:00,BF.BLW.FAN01,bf_sinter_fan_blower,1.7762,34.0221,54.6215,1.0713,63.0402,0,BF.BLW.FAN01::E04,train
2025-09-01 23:00:00,BF.BLW.FAN01,bf_sinter_fan_blower,1.857,33.1176,55.2518,0.9485,63.6972,0,BF.BLW.FAN01::E04,train
2025-09-02 00:00:00,BF.BLW.FAN01,bf_sinter_fan_blower,1.9745,31.0801,55.2828,0.7831,65.1863,0,BF.BLW.FAN01::E04,train
2025-09-02 01:00:00,BF.BLW.FAN01,bf_sinter_fan_blower,1.9583,34.143,55.1128,0.7441,65.0696,0,BF.BLW.FAN01::E04,train
2025-09-02 02:00:00,BF.BLW.FAN01,bf_sinter_fan_blower,1.9839,34.2377,56.4921,0.8809,65.2596,0,BF.BLW.FAN01::E04,train
2025-09-02 03:00:00,BF.BLW.FAN01,bf_sinter_fan_blower,1.9896,34.1551,56.685,0.8835,65.7435,0,BF.BLW.FAN01::E04,train
2025-09-02 04:00:00,BF.BLW.FAN01,bf_sinter_fan_blower,2.0183,38.2808,56.2366,0.8789,66.7176,0,BF.BLW.FAN01::E04,train
2025-09-02 05:00:00,BF.BLW.FAN01,bf_sinter_fan_blower,1.9955,38.5035,56.6265,1.0509,67.3912,0,BF.BLW.FAN01::E04,train
2025-09-02 06:00:00,BF.BLW.FAN01,bf_sinter_fan_blower,1.9693,36.202,56.4599,0.8912,67.8795,0,BF.BLW.FAN01::E04,train
2025-09-02 07:00:00,BF.BLW.FAN01,bf_sinter_fan_blower,1.9517,39.2759,56.7199,0.7691,68.2212,0,BF.BLW.FAN01::E04,train
2025-09-02 08:00:00,BF.BLW.FAN01,bf_sinter_fan_blower,1.8593,37.3045,57.4098,0.887,67.8879,0,BF.BLW.FAN01::E04,train
2025-09-02 09:00:00,BF.BLW.FAN01,bf_sinter_fan_blower,1.7449,40.6168,56.6537,0.8473,66.3368,0,BF.BLW.FAN01::E04,train
2025-09-02 10:00:00,BF.BLW.FAN01,bf_sinter_fan_blower,1.7265,42.6876,55.691,0.7044,66.6054,0,BF.BLW.FAN01::E04,train
2025-09-02 11:00:00,BF.BLW.FAN01,bf_sinter_fan_blower,1.6579,39.1346,54.4863,0.6534,65.8978,0,BF.BLW.FAN01::E04,train
2025-09-02 12:00:00,BF.BLW.FAN01,bf_sinter_fan_blower,1.6331,36.8625,53.703,0.6849,66.088,0,BF.BLW.FAN01::E04,train
2025-09-02 13:00:00,BF.BLW.FAN01,bf_sinter_fan_blower,1.7332,36.8221,54.2457,0.7465,66.5838,0,BF.BLW.FAN01::E04,train
2025-09-02 14:00:00,BF.BLW.FAN01,bf_sinter_fan_blower,1.7559,34.8919,54.8891,0.7798,65.5958,0,BF.BLW.FAN01::E04,train
2025-09-02 15:00:00,BF.BLW.FAN01,bf_sinter_fan_blower,1.7367,37.0968,54.4011,0.9113,65.845,0,BF.BLW.FAN01::E04,train
2025-09-02 16:00:00,BF.BLW.FAN01,bf_sinter_fan_blower,1.7592,36.8725,53.5935,0.8859,65.7724,0,BF.BLW.FAN01::E04,train
2025-09-02 17:00:00,BF.BLW.FAN01,bf_sinter_fan_blower,1.6931,34.6744,53.2074,0.9777,65.692,0,BF.BLW.FAN01::E04,train
2025-09-02 18:00:00,BF.BLW.FAN01,bf_sinter_fan_blower,1.5925,36.3809,52.496,0.9306,64.5461,0,BF.BLW.FAN01::E04,train
2025-09-02 19:00:00,BF.BLW.FAN01,bf_sinter_fan_blower,1.4731,35.6431,52.962,1.0576,64.1731,0,BF.BLW.FAN01::E04,train
2025-09-02 20:00:00,BF.BLW.FAN01,bf_sinter_fan_blower,1.4134,36.0808,53.5954,1.0181,63.5732,0,BF.BLW.FAN01::E04,train
2025-09-02 21:00:00,BF.BLW.FAN01,bf_sinter_fan_blower,1.378,38.0163,52.788,1.0744,64.9016,0,BF.BLW.FAN01::E04,train
2025-09-02 22:00:00,BF.BLW.FAN01,bf_sinter_fan_blower,1.4372,35.0876,54.5745,1.0463,64.394,0,BF.BLW.FAN01::E04,train
2025-09-02 23:00:00,BF.BLW.FAN01,bf_sinter_fan_blower,1.4718,38.847,54.4408,0.8431,64.1809,0,BF.BLW.FAN01::E04,train
2025-09-03 00:00:00,BF.BLW.FAN01,bf_sinter_fan_blower,1.4433,37.3659,55.2115,0.7957,63.2986,0,BF.BLW.FAN01::E04,train
2025-09-03 01:00:00,BF.BLW.FAN01,bf_sinter_fan_blower,1.3818,41.11,54.8444,0.9109,63.7912,0,BF.BLW.FAN01::E04,train
2025-09-03 02:00:00,BF.BLW.FAN01,bf_sinter_fan_blower,1.3416,43.48,54.3732,0.9099,63.7626,0,BF.BLW.FAN01::E04,train
2025-09-03 03:00:00,BF.BLW.FAN01,bf_sinter_fan_blower,1.2698,45.9116,53.8797,0.8279,63.7133,0,BF.BLW.FAN01::E04,train
2025-09-03 04:00:00,BF.BLW.FAN01,bf_sinter_fan_blower,1.3023,47.7304,54.1817,0.9265,64.2352,0,BF.BLW.FAN01::E04,train
2025-09-03 05:00:00,BF.BLW.FAN01,bf_sinter_fan_blower,1.2598,48.6071,53.5682,0.9492,64.2359,0,BF.BLW.FAN01::E04,train
2025-09-03 06:00:00,BF.BLW.FAN01,bf_sinter_fan_blower,1.2669,48.8733,53.4684,0.9908,63.5012,0,BF.BLW.FAN01::E04,train
2025-09-03 07:00:00,BF.BLW.FAN01,bf_sinter_fan_blower,1.2243,50.6768,52.9835,1.1716,62.8047,0,BF.BLW.FAN01::E04,train
2025-09-03 08:00:00,BF.BLW.FAN01,bf_sinter_fan_blower,2.054,48.95,51.9425,1.1428,63.0582,0,BF.BLW.FAN01::E04,train
2025-09-03 09:00:00,BF.BLW.FAN01,bf_sinter_fan_blower,3.055,43.6058,53.0069,1.0188,63.3599,0,BF.BLW.FAN01::E04,train
2025-09-03 10:00:00,BF.BLW.FAN01,bf_sinter_fan_blower,2.2384,43.1873,52.6642,1.126,62.959,0,BF.BLW.FAN01::E04,train
2025-09-03 11:00:00,BF.BLW.FAN01,bf_sinter_fan_blower,1.4206,49.0758,51.5453,1.1028,62.6398,0,BF.BLW.FAN01::E04,train
2025-09-03 12:00:00,BF.BLW.FAN01,bf_sinter_fan_blower,1.5492,46.7059,51.3659,1.1908,63.6951,0,BF.BLW.FAN01::E04,train
2025-09-03 13:00:00,BF.BLW.FAN01,bf_sinter_fan_blower,1.5433,46.1971,50.3804,1.0695,63.3975,0,BF.BLW.FAN01::E04,train
2025-09-03 14:00:00,BF.BLW.FAN01,bf_sinter_fan_blower,1.4568,46.2222,49.3123,0.7095,62.2699,0,BF.BLW.FAN01::E04,train
2025-09-03 15:00:00,BF.BLW.FAN01,bf_sinter_fan_blower,1.4138,42.4341,49.7418,0.7682,63.333,0,BF.BLW.FAN01::E04,train
2025-09-03 16:00:00,BF.BLW.FAN01,bf_sinter_fan_blower,1.3162,38.4773,49.3912,0.8796,62.0783,0,BF.BLW.FAN01::E04,train
2025-09-03 17:00:00,BF.BLW.FAN01,bf_sinter_fan_blower,1.3928,38.3564,49.542,0.8561,62.6208,0,BF.BLW.FAN01::E04,train
2025-09-03 18:00:00,BF.BLW.FAN01,bf_sinter_fan_blower,1.6193,42.2041,50.3143,0.6637,63.0708,0,BF.BLW.FAN01::E04,train
2025-09-03 19:00:00,BF.BLW.FAN01,bf_sinter_fan_blower,1.6095,45.6854,51.0337,0.7345,62.1862,0,BF.BLW.FAN01::E04,train
2025-09-03 20:00:00,BF.BLW.FAN01,bf_sinter_fan_blower,1.5362,48.0144,51.3709,0.6472,61.1373,0,BF.BLW.FAN01::E04,train
2025-09-03 21:00:00,BF.BLW.FAN01,bf_sinter_fan_blower,1.5265,45.8591,51.343,0.9084,62.1897,0,BF.BLW.FAN01::E04,train
2025-09-03 22:00:00,BF.BLW.FAN01,bf_sinter_fan_blower,1.6806,48.6575,52.6494,0.8404,63.0981,0,BF.BLW.FAN01::E04,train
2025-09-03 23:00:00,BF.BLW.FAN01,bf_sinter_fan_blower,1.7025,50.4247,54.3171,0.7275,62.4987,0,BF.BLW.FAN01::E04,train
2025-09-04 00:00:00,BF.BLW.FAN01,bf_sinter_fan_blower,1.4981,50.7243,53.2029,0.7893,61.1592,0,BF.BLW.FAN01::E04,train
2025-09-04 01:00:00,BF.BLW.FAN01,bf_sinter_fan_blower,1.482,48.4399,52.9894,0.7519,60.8328,0,BF.BLW.FAN01::E04,train
2025-09-04 02:00:00,BF.BLW.FAN01,bf_sinter_fan_blower,1.5671,46.7027,53.7834,0.6075,61.752,0,BF.BLW.FAN01::E04,train
2025-09-04 03:00:00,BF.BLW.FAN01,bf_sinter_fan_blower,1.7477,48.7775,54.8934,0.5271,62.509,0,BF.BLW.FAN01::E04,train
2025-09-04 04:00:00,BF.BLW.FAN01,bf_sinter_fan_blower,1.6955,47.7106,55.6306,0.6898,62.467,0,BF.BLW.FAN01::E04,train
2025-09-04 05:00:00,BF.BLW.FAN01,bf_sinter_fan_blower,1.7828,48.7738,55.6758,0.7281,63.0336,0,BF.BLW.FAN01::E04,train
2025-09-04 06:00:00,BF.BLW.FAN01,bf_sinter_fan_blower,1.7217,50.8254,55.2489,0.6389,63.2582,0,BF.BLW.FAN01::E04,train
2025-09-04 07:00:00,BF.BLW.FAN01,bf_sinter_fan_blower,1.7844,47.5033,55.5166,0.5178,63.4302,0,BF.BLW.FAN01::E04,train
2025-09-04 08:00:00,BF.BLW.FAN01,bf_sinter_fan_blower,1.6432,46.6043,54.615,0.4399,63.2983,0,BF.BLW.FAN01::E04,train
2025-09-04 09:00:00,BF.BLW.FAN01,bf_sinter_fan_blower,1.6725,49.5136,53.9414,0.4172,63.3538,0,BF.BLW.FAN01::E04,train
2025-09-04 10:00:00,BF.BLW.FAN01,bf_sinter_fan_blower,1.665,46.8675,53.6178,0.2934,63.1195,0,BF.BLW.FAN01::E04,train
2025-09-04 11:00:00,BF.BLW.FAN01,bf_sinter_fan_blower,1.5906,48.5727,53.507,0.3599,62.1361,0,BF.BLW.FAN01::E04,train
2025-09-04 12:00:00,BF.BLW.FAN01,bf_sinter_fan_blower,,49.4683,52.908,0.3339,,0,BF.BLW.FAN01::E04,train
2025-09-04 13:00:00,BF.BLW.FAN01,bf_sinter_fan_blower,1.5905,50.784,52.4544,0.2947,61.4727,0,BF.BLW.FAN01::E04,train
2025-09-04 14:00:00,BF.BLW.FAN01,bf_sinter_fan_blower,1.6199,54.1265,52.4847,0.3503,60.5724,0,BF.BLW.FAN01::E04,train
2025-09-04 15:00:00,BF.BLW.FAN01,bf_sinter_fan_blower,1.8585,50.7129,53.5048,0.3776,61.7735,0,BF.BLW.FAN01::E04,train
2025-09-04 16:00:00,BF.BLW.FAN01,bf_sinter_fan_blower,1.8348,50.3613,52.972,0.4078,62.2597,0,BF.BLW.FAN01::E04,train
2025-09-04 17:00:00,BF.BLW.FAN01,bf_sinter_fan_blower,1.8737,45.8628,53.5501,0.2948,60.9313,0,BF.BLW.FAN01::E04,train
2025-09-04 18:00:00,BF.BLW.FAN01,bf_sinter_fan_blower,1.8586,50.276,53.0264,0.5347,60.7044,0,BF.BLW.FAN01::E04,train
2025-09-04 19:00:00,BF.BLW.FAN01,bf_sinter_fan_blower,1.8405,51.4124,52.976,0.3544,59.2991,0,BF.BLW.FAN01::E04,train
2025-09-04 20:00:00,BF.BLW.FAN01,bf_sinter_fan_blower,1.7419,50.5724,53.1549,0.4031,59.0351,0,BF.BLW.FAN01::E04,train
2025-09-04 21:00:00,BF.BLW.FAN01,bf_sinter_fan_blower,1.7578,50.5136,53.3962,0.3403,59.1357,0,BF.BLW.FAN01::E04,train
2025-09-04 22:00:00,BF.BLW.FAN01,bf_sinter_fan_blower,1.7615,49.6415,53.0104,0.2237,59.5485,0,BF.BLW.FAN01::E04,train
2025-09-04 23:00:00,BF.BLW.FAN01,bf_sinter_fan_blower,1.82,48.0944,53.4328,0.3017,60.9439,0,BF.BLW.FAN01::E04,train
2025-09-05 00:00:00,BF.BLW.FAN01,bf_sinter_fan_blower,1.7013,46.5352,53.1229,0.4642,60.905,0,BF.BLW.FAN01::E04,train
2025-09-05 01:00:00,BF.BLW.FAN01,bf_sinter_fan_blower,1.7671,42.5025,53.662,0.6088,62.4465,0,BF.BLW.FAN01::E04,train
2025-09-05 02:00:00,BF.BLW.FAN01,bf_sinter_fan_blower,1.8089,45.904,53.1904,0.4432,63.4147,0,BF.BLW.FAN01::E04,train
2025-09-05 03:00:00,BF.BLW.FAN01,bf_sinter_fan_blower,1.7017,45.6696,53.4743,0.776,61.8984,0,BF.BLW.FAN01::E04,train
2025-09-05 04:00:00,BF.BLW.FAN01,bf_sinter_fan_blower,1.6599,46.5976,54.4305,0.787,61.3915,0,BF.BLW.FAN01::E04,train
2025-09-05 05:00:00,BF.BLW.FAN01,bf_sinter_fan_blower,1.6493,46.664,55.4408,0.8064,61.0661,0,BF.BLW.FAN01::E04,train
2025-09-05 06:00:00,BF.BLW.FAN01,bf_sinter_fan_blower,1.6927,44.0525,55.9697,0.7013,60.565,0,BF.BLW.FAN01::E04,train
2025-09-05 07:00:00,BF.BLW.FAN01,bf_sinter_fan_blower,1.6004,48.2397,56.2525,0.8327,60.3016,0,BF.BLW.FAN01::E04,train
2025-09-05 08:00:00,BF.BLW.FAN01,bf_sinter_fan_blower,1.4696,48.3505,55.4052,0.8528,59.1572,0,BF.BLW.FAN01::E04,train
2025-09-05 09:00:00,BF.BLW.FAN01,bf_sinter_fan_blower,1.3502,47.4543,54.3251,0.7191,57.9925,0,BF.BLW.FAN01::E04,train
2025-09-05 10:00:00,BF.BLW.FAN01,bf_sinter_fan_blower,1.3119,47.9731,54.1895,0.7127,58.0641,0,BF.BLW.FAN01::E04,train
2025-09-05 11:00:00,BF.BLW.FAN01,bf_sinter_fan_blower,1.3244,47.0853,52.8973,0.786,58.2025,0,BF.BLW.FAN01::E04,train
2025-09-05 12:00:00,BF.BLW.FAN01,bf_sinter_fan_blower,1.356,47.2327,52.243,0.7761,58.2248,0,BF.BLW.FAN01::E04,train
2025-09-05 13:00:00,BF.BLW.FAN01,bf_sinter_fan_blower,1.3794,46.0715,51.4354,0.6545,58.5472,0,BF.BLW.FAN01::E04,train
2025-09-05 14:00:00,BF.BLW.FAN01,bf_sinter_fan_blower,1.3271,47.9619,49.704,0.8006,59.1979,0,BF.BLW.FAN01::E04,train
2025-09-05 15:00:00,BF.BLW.FAN01,bf_sinter_fan_blower,1.4092,48.4925,49.5718,0.824,59.9402,0,BF.BLW.FAN01::E04,train
2025-09-05 16:00:00,BF.BLW.FAN01,bf_sinter_fan_blower,1.3386,48.7342,48.174,0.8076,59.606,0,BF.BLW.FAN01::E04,train
2025-09-05 17:00:00,BF.BLW.FAN01,bf_sinter_fan_blower,1.2922,46.5379,48.3909,0.7768,58.529,0,BF.BLW.FAN01::E04,train
2025-09-05 18:00:00,BF.BLW.FAN01,bf_sinter_fan_blower,1.2836,48.8286,48.2357,0.7343,58.6555,0,BF.BLW.FAN01::E04,train
2025-09-05 19:00:00,BF.BLW.FAN01,bf_sinter_fan_blower,1.1884,49.6292,48.0321,0.6549,57.5134,0,BF.BLW.FAN01::E04,train
2025-09-05 20:00:00,BF.BLW.FAN01,bf_sinter_fan_blower,1.3493,49.1695,49.79,0.5298,57.3677,0,BF.BLW.FAN01::E04,train
2025-09-05 21:00:00,BF.BLW.FAN01,bf_sinter_fan_blower,1.5505,47.9072,50.6875,0.4998,58.5002,0,BF.BLW.FAN01::E04,train
2025-09-05 22:00:00,BF.BLW.FAN01,bf_sinter_fan_blower,1.6323,48.5889,51.6778,0.5283,59.0269,0,BF.BLW.FAN01::E04,train
2025-09-05 23:00:00,BF.BLW.FAN01,bf_sinter_fan_blower,1.7206,51.1549,52.531,0.3649,59.7865,0,BF.BLW.FAN01::E04,train
2025-09-06 00:00:00,BF.BLW.FAN01,bf_sinter_fan_blower,1.6628,50.0235,52.8416,0.3592,59.4485,0,BF.BLW.FAN01::E04,train
2025-09-06 01:00:00,BF.BLW.FAN01,bf_sinter_fan_blower,1.6702,53.966,52.1613,0.2887,59.8148,0,BF.BLW.FAN01::E04,train
2025-09-06 02:00:00,BF.BLW.FAN01,bf_sinter_fan_blower,1.5271,50.1956,51.6464,0.3462,59.1981,0,BF.BLW.FAN01::E04,train
2025-09-06 03:00:00,BF.BLW.FAN01,bf_sinter_fan_blower,1.3287,51.718,50.571,0.4861,58.3336,0,BF.BLW.FAN01::E04,train
2025-09-06 04:00:00,BF.BLW.FAN01,bf_sinter_fan_blower,1.1618,51.7127,50.0129,0.7944,58.3917,0,BF.BLW.FAN01::E04,train
2025-09-06 05:00:00,BF.BLW.FAN01,bf_sinter_fan_blower,1.2482,56.7407,50.3803,0.8232,59.2924,0,BF.BLW.FAN01::E04,train
2025-09-06 06:00:00,BF.BLW.FAN01,bf_sinter_fan_blower,1.223,58.7367,50.5214,1.0527,59.3919,0,BF.BLW.FAN01::E04,train
2025-09-06 07:00:00,BF.BLW.FAN01,bf_sinter_fan_blower,1.359,54.0715,51.4256,1.0435,59.1662,0,BF.BLW.FAN01::E04,train
2025-09-06 08:00:00,BF.BLW.FAN01,bf_sinter_fan_blower,1.4507,54.4061,52.1077,0.8332,58.0401,0,BF.BLW.FAN01::E04,train
2025-09-06 09:00:00,BF.BLW.FAN01,bf_sinter_fan_blower,1.4867,53.8512,52.2072,0.7228,57.7587,0,BF.BLW.FAN01::E04,train
2025-09-06 10:00:00,BF.BLW.FAN01,bf_sinter_fan_blower,1.4758,54.1689,51.6175,0.9704,57.0163,0,BF.BLW.FAN01::E04,train
2025-09-06 11:00:00,BF.BLW.FAN01,bf_sinter_fan_blower,1.6296,52.9361,51.7257,1.0698,57.5231,0,BF.BLW.FAN01::E04,train
2025-09-06 12:00:00,BF.BLW.FAN01,bf_sinter_fan_blower,1.7056,54.8895,52.127,1.0098,57.5553,0,BF.BLW.FAN01::E04,train
2025-09-06 13:00:00,BF.BLW.FAN01,bf_sinter_fan_blower,1.5678,58.4887,50.7923,1.1321,57.107,0,BF.BLW.FAN01::E04,train
2025-09-06 14:00:00,BF.BLW.FAN01,bf_sinter_fan_blower,1.5448,56.8195,50.8004,1.0938,57.0331,0,BF.BLW.FAN01::E04,train
2025-09-06 15:00:00,BF.BLW.FAN01,bf_sinter_fan_blower,1.4918,51.2433,51.4829,1.0715,56.1452,0,BF.BLW.FAN01::E04,train
2025-09-06 16:00:00,BF.BLW.FAN01,bf_sinter_fan_blower,1.4817,47.2901,51.7335,1.1597,56.1171,0,BF.BLW.FAN01::E04,train
2025-09-06 17:00:00,BF.BLW.FAN01,bf_sinter_fan_blower,1.5573,48.3117,51.0792,1.0283,57.1762,0,BF.BLW.FAN01::E04,train
2025-09-06 18:00:00,BF.BLW.FAN01,bf_sinter_fan_blower,1.6083,48.7286,50.9335,1.1362,57.5467,0,BF.BLW.FAN01::E04,train
2025-09-06 19:00:00,BF.BLW.FAN01,bf_sinter_fan_blower,1.8052,45.0104,51.9959,1.087,58.6571,0,BF.BLW.FAN01::E04,train
2025-09-06 20:00:00,BF.BLW.FAN01,bf_sinter_fan_blower,1.687,46.0537,50.9953,0.977,57.7859,0,BF.BLW.FAN01::E04,train
2025-09-06 21:00:00,BF.BLW.FAN01,bf_sinter_fan_blower,1.6219,48.9848,51.0838,1.237,57.6264,0,BF.BLW.FAN01::E04,train
2025-09-06 22:00:00,BF.BLW.FAN01,bf_sinter_fan_blower,1.5434,49.8146,50.7326,1.1304,57.8492,0,BF.BLW.FAN01::E04,train
2025-09-06 23:00:00,BF.BLW.FAN01,bf_sinter_fan_blower,1.4952,49.167,50.8196,1.2992,59.1127,0,BF.BLW.FAN01::E04,train
2025-09-07 00:00:00,BF.BLW.FAN01,bf_sinter_fan_blower,1.4882,50.0734,51.834,1.3333,59.333,0,BF.BLW.FAN01::E04,train
2025-09-07 01:00:00,BF.BLW.FAN01,bf_sinter_fan_blower,1.4015,50.9224,52.4073,1.5056,58.7201,0,BF.BLW.FAN01::E04,train
2025-09-07 02:00:00,BF.BLW.FAN01,bf_sinter_fan_blower,1.3251,53.0588,51.9021,1.3546,57.8161,0,BF.BLW.FAN01::E04,train
2025-09-07 03:00:00,BF.BLW.FAN01,bf_sinter_fan_blower,1.3422,50.7363,51.0382,1.2324,58.6382,0,BF.BLW.FAN01::E04,train
2025-09-07 04:00:00,BF.BLW.FAN01,bf_sinter_fan_blower,1.3492,53.6926,51.594,1.1057,58.0042,0,BF.BLW.FAN01::E04,train
2025-09-07 05:00:00,BF.BLW.FAN01,bf_sinter_fan_blower,1.4162,53.6517,51.7156,0.9472,59.3899,0,BF.BLW.FAN01::E04,train
2025-09-07 06:00:00,BF.BLW.FAN01,bf_sinter_fan_blower,1.3173,56.3088,49.6049,0.6802,59.0398,0,BF.BLW.FAN01::E04,train
2025-09-07 07:00:00,BF.BLW.FAN01,bf_sinter_fan_blower,1.3247,55.2907,49.4164,0.8727,59.6335,0,BF.BLW.FAN01::E04,train
2025-09-07 08:00:00,BF.BLW.FAN01,bf_sinter_fan_blower,1.4304,56.0798,48.7455,0.9288,60.5932,0,BF.BLW.FAN01::E04,train
2025-09-07 09:00:00,BF.BLW.FAN01,bf_sinter_fan_blower,1.547,55.309,48.8306,0.8738,61.77,0,BF.BLW.FAN01::E04,train
2025-09-07 10:00:00,BF.BLW.FAN01,bf_sinter_fan_blower,1.7301,56.1504,49.6518,0.9125,62.4068,0,BF.BLW.FAN01::E04,train
2025-09-07 11:00:00,BF.BLW.FAN01,bf_sinter_fan_blower,1.6644,54.8971,49.3792,1.0044,62.0359,0,BF.BLW.FAN01::E04,train
2025-09-07 12:00:00,BF.BLW.FAN01,bf_sinter_fan_blower,1.6146,52.754,49.2314,0.9487,61.1346,0,BF.BLW.FAN01::E04,train
2025-09-07 13:00:00,BF.BLW.FAN01,bf_sinter_fan_blower,1.671,54.3973,49.1186,1.0119,60.9993,0,BF.BLW.FAN01::E04,train
2025-09-07 14:00:00,BF.BLW.FAN01,bf_sinter_fan_blower,1.645,54.4529,48.8537,0.9909,60.2863,0,BF.BLW.FAN01::E04,train
2025-09-07 15:00:00,BF.BLW.FAN01,bf_sinter_fan_blower,1.6757,54.6824,50.4434,1.1853,61.5503,0,BF.BLW.FAN01::E04,train
2025-09-07 16:00:00,BF.BLW.FAN01,bf_sinter_fan_blower,1.6968,54.4199,50.8604,1.0719,60.7989,0,BF.BLW.FAN01::E04,train
2025-09-07 17:00:00,BF.BLW.FAN01,bf_sinter_fan_blower,1.7734,56.5529,50.8343,1.0192,62.5172,0,BF.BLW.FAN01::E04,train
2025-09-07 18:00:00,BF.BLW.FAN01,bf_sinter_fan_blower,1.7467,55.5723,50.5041,1.0033,61.8202,0,BF.BLW.FAN01::E04,train
2025-09-07 19:00:00,BF.BLW.FAN01,bf_sinter_fan_blower,1.7383,56.748,50.6645,1.1041,62.1586,0,BF.BLW.FAN01::E04,train
2025-09-07 20:00:00,BF.BLW.FAN01,bf_sinter_fan_blower,2.0026,53.0793,52.0888,0.9442,63.5587,0,BF.BLW.FAN01::E04,train
2025-09-07 21:00:00,BF.BLW.FAN01,bf_sinter_fan_blower,1.92,55.4363,51.5213,0.9972,63.0148,0,BF.BLW.FAN01::E04,train
2025-09-07 22:00:00,BF.BLW.FAN01,bf_sinter_fan_blower,1.8257,54.2615,51.3371,0.9628,62.6599,0,BF.BLW.FAN01::E04,train
2025-09-07 23:00:00,BF.BLW.FAN01,bf_sinter_fan_blower,1.8694,49.3776,52.4886,1.034,62.4838,0,BF.BLW.FAN01::E04,train
2025-09-08 00:00:00,BF.BLW.FAN01,bf_sinter_fan_blower,1.9118,49.6175,53.5979,1.0674,62.6486,0,BF.BLW.FAN01::E04,train
2025-09-08 01:00:00,BF.BLW.FAN01,bf_sinter_fan_blower,1.8623,49.9033,54.2585,1.0688,62.1722,0,BF.BLW.FAN01::E04,train
2025-09-08 02:00:00,BF.BLW.FAN01,bf_sinter_fan_blower,1.9193,52.1122,55.3494,1.0381,63.3925,0,BF.BLW.FAN01::E04,train
2025-09-08 03:00:00,BF.BLW.FAN01,bf_sinter_fan_blower,1.9841,47.8137,55.6889,0.9453,65.1284,0,BF.BLW.FAN01::E04,train
2025-09-08 04:00:00,BF.BLW.FAN01,bf_sinter_fan_blower,1.8611,49.6066,54.8478,1.0075,65.4696,0,BF.BLW.FAN01::E04,train
2025-09-08 05:00:00,BF.BLW.FAN01,bf_sinter_fan_blower,1.824,49.5439,54.8175,0.6984,64.9484,0,BF.BLW.FAN01::E04,train
2025-09-08 06:00:00,BF.BLW.FAN01,bf_sinter_fan_blower,1.8942,47.6946,55.3938,0.8217,65.2766,0,BF.BLW.FAN01::E04,train
2025-09-08 07:00:00,BF.BLW.FAN01,bf_sinter_fan_blower,1.9243,52.7356,55.2134,0.6656,65.9952,0,BF.BLW.FAN01::E04,train
2025-09-08 08:00:00,BF.BLW.FAN01,bf_sinter_fan_blower,1.9826,55.0106,55.247,0.7605,67.0099,0,BF.BLW.FAN01::E04,train
2025-09-08 09:00:00,BF.BLW.FAN01,bf_sinter_fan_blower,2.1379,53.16,55.2433,0.6558,67.2042,0,BF.BLW.FAN01::E04,train
2025-09-08 10:00:00,BF.BLW.FAN01,bf_sinter_fan_blower,2.1657,53.0639,56.3736,0.3937,64.7902,0,BF.BLW.FAN01::E04,train
2025-09-08 11:00:00,BF.BLW.FAN01,bf_sinter_fan_blower,2.1735,53.055,56.2512,0.3739,65.2379,0,BF.BLW.FAN01::E04,train
2025-09-08 12:00:00,BF.BLW.FAN01,bf_sinter_fan_blower,2.223,56.1517,55.8369,0.4007,65.4996,0,BF.BLW.FAN01::E04,train
2025-09-08 13:00:00,BF.BLW.FAN01,bf_sinter_fan_blower,2.2872,59.7212,56.0509,0.5278,66.279,0,BF.BLW.FAN01::E04,train
2025-09-08 14:00:00,BF.BLW.FAN01,bf_sinter_fan_blower,2.248,58.8863,55.7593,0.4195,65.5028,0,BF.BLW.FAN01::E04,train
2025-09-08 15:00:00,BF.BLW.FAN01,bf_sinter_fan_blower,2.2039,54.2582,56.0601,0.4971,64.8129,0,BF.BLW.FAN01::E04,train
2025-09-08 16:00:00,BF.BLW.FAN01,bf_sinter_fan_blower,2.1704,58.3599,55.4134,0.5496,65.3565,0,BF.BLW.FAN01::E04,train
2025-09-08 17:00:00,BF.BLW.FAN01,bf_sinter_fan_blower,2.0842,55.2843,54.054,0.6831,65.687,0,BF.BLW.FAN01::E04,train
2025-09-08 18:00:00,BF.BLW.FAN01,bf_sinter_fan_blower,2.1093,53.2211,54.2709,0.7473,65.6904,0,BF.BLW.FAN01::E04,train
2025-09-08 19:00:00,BF.BLW.FAN01,bf_sinter_fan_blower,2.1981,58.7358,54.4566,0.5859,66.6465,0,BF.BLW.FAN01::E04,train
2025-09-08 20:00:00,BF.BLW.FAN01,bf_sinter_fan_blower,2.0687,62.3383,53.6342,0.8078,67.4092,0,BF.BLW.FAN01::E04,train
2025-09-08 21:00:00,BF.BLW.FAN01,bf_sinter_fan_blower,2.154,61.917,54.5284,0.8519,67.5451,0,BF.BLW.FAN01::E04,train
2025-09-08 22:00:00,BF.BLW.FAN01,bf_sinter_fan_blower,2.2467,63.4619,54.9751,0.9063,67.6899,0,BF.BLW.FAN01::E04,train
2025-09-08 23:00:00,BF.BLW.FAN01,bf_sinter_fan_blower,2.1936,62.2573,55.3074,0.9734,67.3785,0,BF.BLW.FAN01::E04,train
2025-09-09 00:00:00,BF.BLW.FAN01,bf_sinter_fan_blower,2.215,60.9423,54.8555,0.8803,67.299,0,BF.BLW.FAN01::E04,train
2025-09-09 01:00:00,BF.BLW.FAN01,bf_sinter_fan_blower,2.1395,58.0601,55.9678,1.0663,67.1971,0,BF.BLW.FAN01::E04,train
2025-09-09 02:00:00,BF.BLW.FAN01,bf_sinter_fan_blower,2.0931,55.8086,56.0951,1.1617,68.4436,0,BF.BLW.FAN01::E04,train
2025-09-09 03:00:00,BF.BLW.FAN01,bf_sinter_fan_blower,2.0197,54.5457,55.5468,1.2301,68.8072,0,BF.BLW.FAN01::E04,train
2025-09-09 04:00:00,BF.BLW.FAN01,bf_sinter_fan_blower,2.1207,56.3047,57.1434,1.359,69.8397,0,BF.BLW.FAN01::E04,train
2025-09-09 05:00:00,BF.BLW.FAN01,bf_sinter_fan_blower,2.1285,57.2411,58.0187,1.2557,69.1152,0,BF.BLW.FAN01::E04,train
2025-09-09 06:00:00,BF.BLW.FAN01,bf_sinter_fan_blower,2.1225,55.9219,57.4019,1.0812,68.6516,0,BF.BLW.FAN01::E04,train
2025-09-09 07:00:00,BF.BLW.FAN01,bf_sinter_fan_blower,2.0695,55.8841,56.7973,0.9977,68.7201,0,BF.BLW.FAN01::E04,train
2025-09-09 08:00:00,BF.BLW.FAN01,bf_sinter_fan_blower,2.1898,53.0536,57.1942,0.8512,69.4641,0,BF.BLW.FAN01::E04,train
2025-09-09 09:00:00,BF.BLW.FAN01,bf_sinter_fan_blower,2.1307,50.1644,57.0832,1.0543,69.0939,0,BF.BLW.FAN01::E04,train
2025-09-09 10:00:00,BF.BLW.FAN01,bf_sinter_fan_blower,2.0645,52.6205,56.8633,1.2333,68.1507,0,BF.BLW.FAN01::E04,train
2025-09-09 11:00:00,BF.BLW.FAN01,bf_sinter_fan_blower,2.1322,51.234,58.3727,1.1669,66.5229,0,BF.BLW.FAN01::E04,train
2025-09-09 12:00:00,BF.BLW.FAN01,bf_sinter_fan_blower,2.091,53.6352,58.1343,1.1725,66.4426,0,BF.BLW.FAN01::E04,train
2025-09-09 13:00:00,BF.BLW.FAN01,bf_sinter_fan_blower,1.8493,56.5096,56.7695,1.3653,65.9215,0,BF.BLW.FAN01::E04,train
2025-09-09 14:00:00,BF.BLW.FAN01,bf_sinter_fan_blower,1.8114,56.6943,56.6862,1.5159,65.5455,0,BF.BLW.FAN01::E04,train
2025-09-09 15:00:00,BF.BLW.FAN01,bf_sinter_fan_blower,1.8078,55.9915,56.6975,1.5625,65.5554,0,BF.BLW.FAN01::E04,train
2025-09-09 16:00:00,BF.BLW.FAN01,bf_sinter_fan_blower,1.9471,56.0221,57.0079,1.5091,66.1131,0,BF.BLW.FAN01::E04,train
2025-09-09 17:00:00,BF.BLW.FAN01,bf_sinter_fan_blower,1.9695,58.1517,57.0437,1.5241,66.1523,0,BF.BLW.FAN01::E04,train
2025-09-09 18:00:00,BF.BLW.FAN01,bf_sinter_fan_blower,1.9002,61.5448,56.1955,1.4405,67.3028,0,BF.BLW.FAN01::E04,train
2025-09-09 19:00:00,BF.BLW.FAN01,bf_sinter_fan_blower,1.8077,62.9997,55.7292,1.3445,67.0249,0,BF.BLW.FAN01::E04,train
2025-09-09 20:00:00,BF.BLW.FAN01,bf_sinter_fan_blower,1.8078,61.561,57.0546,1.4401,66.2172,0,BF.BLW.FAN01::E04,train
2025-09-09 21:00:00,BF.BLW.FAN01,bf_sinter_fan_blower,1.7891,59.4648,57.3708,1.4705,66.5333,0,BF.BLW.FAN01::E04,train
2025-09-09 22:00:00,BF.BLW.FAN01,bf_sinter_fan_blower,1.8668,62.4065,58.6827,1.3923,65.8795,0,BF.BLW.FAN01::E04,train
2025-09-09 23:00:00,BF.BLW.FAN01,bf_sinter_fan_blower,1.8989,68.5313,59.1881,1.3366,65.6795,0,BF.BLW.FAN01::E04,train
2025-09-10 00:00:00,BF.BLW.FAN01,bf_sinter_fan_blower,1.7406,63.0249,58.5698,1.2514,63.9104,0,BF.BLW.FAN01::E04,train
2025-09-10 01:00:00,BF.BLW.FAN01,bf_sinter_fan_blower,1.6644,60.7967,59.0157,1.2753,63.6172,0,BF.BLW.FAN01::E04,train
2025-09-10 02:00:00,BF.BLW.FAN01,bf_sinter_fan_blower,1.6159,58.407,58.2541,1.4617,64.3421,0,BF.BLW.FAN01::E04,train
2025-09-10 03:00:00,BF.BLW.FAN01,bf_sinter_fan_blower,1.5936,55.626,58.9436,1.4406,64.4124,0,BF.BLW.FAN01::E04,train
2025-09-10 04:00:00,BF.BLW.FAN01,bf_sinter_fan_blower,1.6902,57.5823,58.4792,1.0977,65.6102,0,BF.BLW.FAN01::E04,train
2025-09-10 05:00:00,BF.BLW.FAN01,bf_sinter_fan_blower,1.7159,56.8043,58.3613,1.1036,65.1669,0,BF.BLW.FAN01::E04,train
2025-09-10 06:00:00,BF.BLW.FAN01,bf_sinter_fan_blower,1.7515,56.4181,58.5587,1.1711,66.1659,0,BF.BLW.FAN01::E04,train
2025-09-10 07:00:00,BF.BLW.FAN01,bf_sinter_fan_blower,1.8497,59.6862,59.4078,1.2255,67.062,0,BF.BLW.FAN01::E04,train
2025-09-10 08:00:00,BF.BLW.FAN01,bf_sinter_fan_blower,1.8494,59.9498,59.4507,1.2474,67.0903,0,BF.BLW.FAN01::E04,train
2025-09-10 09:00:00,BF.BLW.FAN01,bf_sinter_fan_blower,1.8233,57.5054,59.1357,1.3118,66.9954,0,BF.BLW.FAN01::E04,train
2025-09-10 10:00:00,BF.BLW.FAN01,bf_sinter_fan_blower,1.8572,57.462,60.0574,1.4818,67.044,0,BF.BLW.FAN01::E04,train
2025-09-10 11:00:00,BF.BLW.FAN01,bf_sinter_fan_blower,1.7737,56.0817,59.1534,1.3583,66.7537,0,BF.BLW.FAN01::E04,train
2025-09-10 12:00:00,BF.BLW.FAN01,bf_sinter_fan_blower,1.7656,52.0661,58.8291,1.3518,65.9574,0,BF.BLW.FAN01::E04,train
2025-09-10 13:00:00,BF.BLW.FAN01,bf_sinter_fan_blower,1.8575,53.558,58.4925,1.335,65.8076,1,BF.BLW.FAN01::E04,train
2025-09-10 14:00:00,BF.BLW.FAN01,bf_sinter_fan_blower,1.8618,56.2274,57.6998,1.3877,65.8454,0,BF.BLW.FAN01::E04,train
2025-09-10 15:00:00,BF.BLW.FAN01,bf_sinter_fan_blower,1.912,58.4092,57.3509,1.2266,66.6154,0,BF.BLW.FAN01::E04,train
2025-09-10 16:00:00,BF.BLW.FAN01,bf_sinter_fan_blower,1.9387,53.6013,57.3132,1.343,66.599,0,BF.BLW.FAN01::E04,train
2025-09-10 17:00:00,BF.BLW.FAN01,bf_sinter_fan_blower,2.1045,53.0331,58.5671,1.2679,67.717,0,BF.BLW.FAN01::E04,train
2025-09-10 18:00:00,BF.BLW.FAN01,bf_sinter_fan_blower,1.9771,53.4125,57.8038,1.1984,66.0557,0,BF.BLW.FAN01::E04,train
2025-09-10 19:00:00,BF.BLW.FAN01,bf_sinter_fan_blower,2.1179,51.2412,59.0581,1.2416,67.3375,0,BF.BLW.FAN01::E04,train
2025-09-10 20:00:00,BF.BLW.FAN01,bf_sinter_fan_blower,2.0648,49.6356,59.0793,1.3715,66.5044,0,BF.BLW.FAN01::E04,train
2025-09-10 21:00:00,BF.BLW.FAN01,bf_sinter_fan_blower,1.9748,49.1445,58.7983,1.4867,67.182,0,BF.BLW.FAN01::E04,train
2025-09-10 22:00:00,BF.BLW.FAN01,bf_sinter_fan_blower,1.9083,54.9827,58.9618,1.3259,67.6981,0,BF.BLW.FAN01::E04,train
2025-09-10 23:00:00,BF.BLW.FAN01,bf_sinter_fan_blower,1.9004,57.4102,59.2314,1.3241,68.6119,0,BF.BLW.FAN01::E04,train
2025-09-11 00:00:00,BF.BLW.FAN01,bf_sinter_fan_blower,1.9172,63.6716,59.6826,1.2702,68.8873,0,BF.BLW.FAN01::E04,train
2025-09-11 01:00:00,BF.BLW.FAN01,bf_sinter_fan_blower,1.818,61.0681,59.2103,1.2463,68.6642,0,BF.BLW.FAN01::E04,train
2025-09-11 02:00:00,BF.BLW.FAN01,bf_sinter_fan_blower,1.8338,63.1379,59.5457,1.2997,69.1048,0,BF.BLW.FAN01::E04,train
2025-09-11 03:00:00,BF.BLW.FAN01,bf_sinter_fan_blower,1.7701,58.4364,60.1335,1.3408,69.1579,0,BF.BLW.FAN01::E04,train
2025-09-11 04:00:00,BF.BLW.FAN01,bf_sinter_fan_blower,1.8276,63.3186,60.3954,1.2156,70.0522,0,BF.BLW.FAN01::E04,train
2025-09-11 05:00:00,BF.BLW.FAN01,bf_sinter_fan_blower,1.9233,64.0112,60.5595,1.2521,71.0932,0,BF.BLW.FAN01::E04,train
2025-09-11 06:00:00,BF.BLW.FAN01,bf_sinter_fan_blower,2.0136,64.1515,61.0719,1.3544,72.4274,0,BF.BLW.FAN01::E04,train
2025-09-11 07:00:00,BF.BLW.FAN01,bf_sinter_fan_blower,1.9637,65.8643,61.9927,1.3651,71.8222,0,BF.BLW.FAN01::E04,train
2025-09-11 08:00:00,BF.BLW.FAN01,bf_sinter_fan_blower,1.9525,63.2422,61.6863,1.4266,71.4828,0,BF.BLW.FAN01::E04,train
2025-09-11 09:00:00,BF.BLW.FAN01,bf_sinter_fan_blower,1.8691,67.2929,59.7771,1.3629,71.254,1,BF.BLW.FAN01::E04,train
2025-09-11 10:00:00,BF.BLW.FAN01,bf_sinter_fan_blower,1.7524,68.0338,58.8729,1.2039,70.2008,0,BF.BLW.FAN01::E04,train
2025-09-11 11:00:00,BF.BLW.FAN01,bf_sinter_fan_blower,1.7404,68.1405,58.7454,1.1765,68.3476,0,BF.BLW.FAN01::E04,train
2025-09-11 12:00:00,BF.BLW.FAN01,bf_sinter_fan_blower,1.779,67.4962,58.6437,1.1346,68.6285,0,BF.BLW.FAN01::E04,train
2025-09-11 13:00:00,BF.BLW.FAN01,bf_sinter_fan_blower,1.7023,66.4104,57.7073,1.1603,68.3039,0,BF.BLW.FAN01::E04,train
2025-09-11 14:00:00,BF.BLW.FAN01,bf_sinter_fan_blower,1.669,67.9865,58.4728,0.9082,67.5862,1,BF.BLW.FAN01::E04,train
2025-09-11 15:00:00,BF.BLW.FAN01,bf_sinter_fan_blower,1.7509,67.0564,58.8668,0.9551,67.6316,1,BF.BLW.FAN01::E04,train
2025-09-11 16:00:00,BF.BLW.FAN01,bf_sinter_fan_blower,1.6775,67.1758,59.1742,1.144,66.431,0,BF.BLW.FAN01::E04,train
2025-09-11 17:00:00,BF.BLW.FAN01,bf_sinter_fan_blower,1.6274,69.6469,58.2163,1.1362,66.3674,0,BF.BLW.FAN01::E04,train
2025-09-11 18:00:00,BF.BLW.FAN01,bf_sinter_fan_blower,1.6682,69.8516,58.9571,1.1912,67.1183,0,BF.BLW.FAN01::E04,train
2025-09-11 19:00:00,BF.BLW.FAN01,bf_sinter_fan_blower,1.5831,68.197,59.0705,1.1637,65.844,0,BF.BLW.FAN01::E04,train
2025-09-11 20:00:00,BF.BLW.FAN01,bf_sinter_fan_blower,1.5379,68.0734,59.0851,1.1985,65.3573,0,BF.BLW.FAN01::E04,train
2025-09-11 21:00:00,BF.BLW.FAN01,bf_sinter_fan_blower,1.5043,69.1679,57.4508,1.2704,66.3305,0,BF.BLW.FAN01::E04,train
2025-09-11 22:00:00,BF.BLW.FAN01,bf_sinter_fan_blower,1.5663,69.1521,58.589,1.3021,66.307,0,BF.BLW.FAN01::E04,train
2025-09-11 23:00:00,BF.BLW.FAN01,bf_sinter_fan_blower,1.6206,66.2222,59.2472,1.2365,66.4168,0,BF.BLW.FAN01::E04,train
2025-09-12 00:00:00,BF.BLW.FAN01,bf_sinter_fan_blower,1.4702,67.3461,58.2997,1.2545,67.3676,0,BF.BLW.FAN01::E04,train
2025-09-12 01:00:00,BF.BLW.FAN01,bf_sinter_fan_blower,1.578,64.5402,58.2433,1.3299,68.5901,0,BF.BLW.FAN01::E04,train
2025-09-12 02:00:00,BF.BLW.FAN01,bf_sinter_fan_blower,1.4889,67.9448,58.1957,1.4103,67.9665,0,BF.BLW.FAN01::E04,train
2025-09-12 03:00:00,BF.BLW.FAN01,bf_sinter_fan_blower,1.3977,67.0081,58.2083,1.3605,67.4519,0,BF.BLW.FAN01::E04,train
2025-09-12 04:00:00,BF.BLW.FAN01,bf_sinter_fan_blower,1.3468,65.9822,58.1806,1.205,67.7915,0,BF.BLW.FAN01::E04,train
2025-09-12 05:00:00,BF.BLW.FAN01,bf_sinter_fan_blower,1.3751,63.4595,57.2724,1.1404,68.3963,0,BF.BLW.FAN01::E04,train
2025-09-12 06:00:00,BF.BLW.FAN01,bf_sinter_fan_blower,1.447,61.2556,57.4599,1.1833,69.3964,0,BF.BLW.FAN01::E04,train
2025-09-12 07:00:00,BF.BLW.FAN01,bf_sinter_fan_blower,1.3994,61.5417,57.0275,0.9033,68.9648,1,BF.BLW.FAN01::E04,train
2025-09-12 08:00:00,BF.BLW.FAN01,bf_sinter_fan_blower,1.4648,57.3137,56.8597,0.9584,69.3791,0,BF.BLW.FAN01::E04,train
2025-09-12 09:00:00,BF.BLW.FAN01,bf_sinter_fan_blower,1.512,58.0374,57.0838,0.9466,68.2206,0,BF.BLW.FAN01::E04,train
2025-09-12 10:00:00,BF.BLW.FAN01,bf_sinter_fan_blower,1.4793,57.4161,55.7684,0.9483,68.2702,0,BF.BLW.FAN01::E04,train
2025-09-12 11:00:00,BF.BLW.FAN01,bf_sinter_fan_blower,1.4476,56.954,55.0127,0.7684,67.8886,0,BF.BLW.FAN01::E04,train
2025-09-12 12:00:00,BF.BLW.FAN01,bf_sinter_fan_blower,1.5023,61.5062,55.5268,0.9072,67.9562,0,BF.BLW.FAN01::E04,train
2025-09-12 13:00:00,BF.BLW.FAN01,bf_sinter_fan_blower,1.488,59.6719,55.1196,0.844,66.9712,0,BF.BLW.FAN01::E04,train
2025-09-12 14:00:00,BF.BLW.FAN01,bf_sinter_fan_blower,1.4475,62.1972,54.4224,0.8401,65.5341,0,BF.BLW.FAN01::E04,train
2025-09-12 15:00:00,BF.BLW.FAN01,bf_sinter_fan_blower,1.488,59.2038,54.7108,0.9315,65.4622,0,BF.BLW.FAN01::E04,train
2025-09-12 16:00:00,BF.BLW.FAN01,bf_sinter_fan_blower,1.3926,62.4018,54.5442,0.8705,64.4358,0,BF.BLW.FAN01::E04,train
2025-09-12 17:00:00,BF.BLW.FAN01,bf_sinter_fan_blower,1.4166,63.5775,55.1708,0.8848,62.757,1,BF.BLW.FAN01::E04,train
2025-09-12 18:00:00,BF.BLW.FAN01,bf_sinter_fan_blower,1.5155,64.46,54.5852,1.0907,64.4005,1,BF.BLW.FAN01::E04,train
2025-09-12 19:00:00,BF.BLW.FAN01,bf_sinter_fan_blower,1.544,64.1567,53.6157,1.05,65.0207,0,BF.BLW.FAN01::E04,train
2025-09-12 20:00:00,BF.BLW.FAN01,bf_sinter_fan_blower,1.5806,64.3414,54.576,1.0161,64.8691,0,BF.BLW.FAN01::E04,train
2025-09-12 21:00:00,BF.BLW.FAN01,bf_sinter_fan_blower,1.4697,68.0776,54.9214,1.0449,64.495,1,BF.BLW.FAN01::E04,train
2025-09-12 22:00:00,BF.BLW.FAN01,bf_sinter_fan_blower,1.4684,67.2557,54.9653,0.806,64.2158,0,BF.BLW.FAN01::E04,train
2025-09-12 23:00:00,BF.BLW.FAN01,bf_sinter_fan_blower,1.5214,69.0804,55.1068,0.9699,63.9335,0,BF.BLW.FAN01::E04,train
2025-09-13 00:00:00,BF.BLW.FAN01,bf_sinter_fan_blower,1.6115,68.6319,56.2297,0.9382,64.5696,0,BF.BLW.FAN01::E04,train
2025-09-13 01:00:00,BF.BLW.FAN01,bf_sinter_fan_blower,1.7594,65.6651,57.1724,0.9704,64.9096,0,BF.BLW.FAN01::E04,train
2025-09-13 02:00:00,BF.BLW.FAN01,bf_sinter_fan_blower,1.6701,63.569,56.9462,0.9389,64.3507,0,BF.BLW.FAN01::E04,train
2025-09-13 03:00:00,BF.BLW.FAN01,bf_sinter_fan_blower,1.6324,66.9208,56.3004,0.6742,65.2548,0,BF.BLW.FAN01::E04,train
2025-09-13 04:00:00,BF.BLW.FAN01,bf_sinter_fan_blower,1.7832,66.2827,56.8907,0.603,66.7636,0,BF.BLW.FAN01::E04,train
2025-09-13 05:00:00,BF.BLW.FAN01,bf_sinter_fan_blower,1.673,64.905,56.9976,0.8357,66.0851,1,BF.BLW.FAN01::E04,train
2025-09-13 06:00:00,BF.BLW.FAN01,bf_sinter_fan_blower,1.7624,69.1731,56.6663,0.752,67.1517,1,BF.BLW.FAN01::E04,train
2025-09-13 07:00:00,BF.BLW.FAN01,bf_sinter_fan_blower,1.881,69.4322,56.802,0.5633,67.5644,0,BF.BLW.FAN01::E04,train
2025-09-13 08:00:00,BF.BLW.FAN01,bf_sinter_fan_blower,1.9125,70.3482,56.7933,0.4091,67.7689,0,BF.BLW.FAN01::E04,train
2025-09-13 09:00:00,BF.BLW.FAN01,bf_sinter_fan_blower,1.9771,69.6959,56.7468,0.4264,66.8085,1,BF.BLW.FAN01::E04,train
2025-09-13 10:00:00,BF.BLW.FAN01,bf_sinter_fan_blower,1.9299,75.315,55.8697,0.6123,66.976,0,BF.BLW.FAN01::E04,train
2025-09-13 11:00:00,BF.BLW.FAN01,bf_sinter_fan_blower,1.8261,78.3937,55.5738,0.684,66.2055,0,BF.BLW.FAN01::E04,train
2025-09-13 12:00:00,BF.BLW.FAN01,bf_sinter_fan_blower,1.7741,75.9807,54.5043,0.5987,64.5754,0,BF.BLW.FAN01::E04,train
2025-09-13 13:00:00,BF.BLW.FAN01,bf_sinter_fan_blower,1.8081,77.6278,53.3464,0.5261,64.6616,1,BF.BLW.FAN01::E04,train
2025-09-13 14:00:00,BF.BLW.FAN01,bf_sinter_fan_blower,1.7213,81.1648,53.0272,0.6578,63.5333,1,BF.BLW.FAN01::E04,train
2025-09-13 15:00:00,BF.BLW.FAN01,bf_sinter_fan_blower,1.6105,79.3542,52.1922,0.7245,63.0204,0,BF.BLW.FAN01::E04,train
2025-09-13 16:00:00,BF.BLW.FAN01,bf_sinter_fan_blower,1.6394,73.5808,51.9996,0.6445,61.8335,1,BF.BLW.FAN01::E04,train
2025-09-13 17:00:00,BF.BLW.FAN01,bf_sinter_fan_blower,1.6343,72.221,51.9602,0.5716,61.8813,0,BF.BLW.FAN01::E04,train
2025-09-13 18:00:00,BF.BLW.FAN01,bf_sinter_fan_blower,1.6642,70.0037,51.9332,0.5484,62.2181,1,BF.BLW.FAN01::E04,train
2025-09-13 19:00:00,BF.BLW.FAN01,bf_sinter_fan_blower,1.6091,64.4958,51.712,0.5744,61.6547,1,BF.BLW.FAN01::E04,train
2025-09-13 20:00:00,BF.BLW.FAN01,bf_sinter_fan_blower,1.6695,66.9622,51.5545,0.398,62.0274,0,BF.BLW.FAN01::E04,train
2025-09-13 21:00:00,BF.BLW.FAN01,bf_sinter_fan_blower,1.6693,70.2843,51.4874,0.5333,62.3871,1,BF.BLW.FAN01::E04,train
2025-09-13 22:00:00,BF.BLW.FAN01,bf_sinter_fan_blower,1.6537,67.0834,51.1179,0.7335,63.3423,0,BF.BLW.FAN01::E04,train
2025-09-13 23:00:00,BF.BLW.FAN01,bf_sinter_fan_blower,1.8126,64.3991,51.2498,0.7841,64.3649,0,BF.BLW.FAN01::E04,train
2025-09-14 00:00:00,BF.BLW.FAN01,bf_sinter_fan_blower,1.8141,66.1368,51.52,0.6711,64.5796,0,BF.BLW.FAN01::E04,train
2025-09-14 01:00:00,BF.BLW.FAN01,bf_sinter_fan_blower,1.5898,62.9923,49.6487,0.7908,64.0306,0,BF.BLW.FAN01::E04,train
2025-09-14 02:00:00,BF.BLW.FAN01,bf_sinter_fan_blower,1.6623,59.3313,49.8266,0.9052,65.3099,0,BF.BLW.FAN01::E04,train
2025-09-14 03:00:00,BF.BLW.FAN01,bf_sinter_fan_blower,1.5748,63.4481,49.5944,1.0624,64.3193,1,BF.BLW.FAN01::E04,train
2025-09-14 04:00:00,BF.BLW.FAN01,bf_sinter_fan_blower,1.6154,63.3985,50.3469,0.8715,63.8073,1,BF.BLW.FAN01::E04,train
2025-09-14 05:00:00,BF.BLW.FAN01,bf_sinter_fan_blower,1.709,58.8147,51.016,0.9839,64.5254,1,BF.BLW.FAN01::E04,train
2025-09-14 06:00:00,BF.BLW.FAN01,bf_sinter_fan_blower,1.7657,59.4095,51.473,0.8528,65.1158,0,BF.BLW.FAN01::E04,train
2025-09-14 07:00:00,BF.BLW.FAN01,bf_sinter_fan_blower,1.6916,60.8963,50.9103,0.6984,63.8692,0,BF.BLW.FAN01::E04,train
2025-09-14 08:00:00,BF.BLW.FAN01,bf_sinter_fan_blower,1.6952,61.9395,50.8791,0.627,63.9133,0,BF.BLW.FAN01::E04,train
2025-09-14 09:00:00,BF.BLW.FAN01,bf_sinter_fan_blower,1.6456,57.7791,50.7855,0.549,63.0488,1,BF.BLW.FAN01::E04,train
2025-09-14 10:00:00,BF.BLW.FAN01,bf_sinter_fan_blower,1.7271,59.5489,50.7584,0.3619,62.7809,0,BF.BLW.FAN01::E04,train
2025-09-14 11:00:00,BF.BLW.FAN01,bf_sinter_fan_blower,1.8038,60.1584,50.7275,0.3117,62.9779,0,BF.BLW.FAN01::E04,train
2025-09-14 12:00:00,BF.BLW.FAN01,bf_sinter_fan_blower,1.7795,56.4634,51.6116,0.5063,62.2021,1,BF.BLW.FAN01::E04,train
2025-09-14 13:00:00,BF.BLW.FAN01,bf_sinter_fan_blower,1.7945,60.2655,50.8062,0.3636,61.8557,0,BF.BLW.FAN01::E04,train
2025-09-14 14:00:00,BF.BLW.FAN01,bf_sinter_fan_blower,1.9279,65.1071,50.8836,0.4149,63.6566,0,BF.BLW.FAN01::E04,train
2025-09-14 15:00:00,BF.BLW.FAN01,bf_sinter_fan_blower,1.9699,66.3727,50.9914,0.3889,63.0095,1,BF.BLW.FAN01::E04,train
2025-09-14 16:00:00,BF.BLW.FAN01,bf_sinter_fan_blower,2.0467,66.5143,50.9812,0.4058,64.0013,0,BF.BLW.FAN01::E04,train
2025-09-14 17:00:00,BF.BLW.FAN01,bf_sinter_fan_blower,1.908,62.7166,50.3854,0.5047,63.2032,1,BF.BLW.FAN01::E04,train
2025-09-14 18:00:00,BF.BLW.FAN01,bf_sinter_fan_blower,1.9329,64.0316,50.6529,0.3795,62.8056,1,BF.BLW.FAN01::E04,train
2025-09-14 19:00:00,BF.BLW.FAN01,bf_sinter_fan_blower,1.9107,64.4857,49.663,0.3911,63.3205,0,BF.BLW.FAN01::E04,train
2025-09-14 20:00:00,BF.BLW.FAN01,bf_sinter_fan_blower,1.8828,63.2113,49.7998,0.2577,63.1397,0,BF.BLW.FAN01::E04,train
2025-09-14 21:00:00,BF.BLW.FAN01,bf_sinter_fan_blower,1.8537,62.3828,49.3953,0.5158,63.6527,1,BF.BLW.FAN01::E04,train
2025-09-14 22:00:00,BF.BLW.FAN01,bf_sinter_fan_blower,1.9376,61.9921,49.7879,0.5423,64.5031,1,BF.BLW.FAN01::E04,train
2025-09-14 23:00:00,BF.BLW.FAN01,bf_sinter_fan_blower,1.7222,59.8526,49.2707,0.8083,64.0713,0,BF.BLW.FAN01::E04,train
2025-09-15 00:00:00,BF.BLW.FAN01,bf_sinter_fan_blower,1.6448,59.8898,49.4937,0.9141,64.4578,0,BF.BLW.FAN01::E04,train
2025-09-15 01:00:00,BF.BLW.FAN01,bf_sinter_fan_blower,1.7845,59.6263,50.2098,0.7042,66.0942,1,BF.BLW.FAN01::E04,train
2025-09-15 02:00:00,BF.BLW.FAN01,bf_sinter_fan_blower,1.739,62.0187,49.9854,0.6894,65.8617,1,BF.BLW.FAN01::E04,train
2025-09-15 03:00:00,BF.BLW.FAN01,bf_sinter_fan_blower,1.6318,65.0019,50.1797,0.6077,64.7911,1,BF.BLW.FAN01::E04,train
2025-09-15 04:00:00,BF.BLW.FAN01,bf_sinter_fan_blower,1.678,59.9529,50.4872,0.4317,64.208,1,BF.BLW.FAN01::E04,train
2025-09-15 05:00:00,BF.BLW.FAN01,bf_sinter_fan_blower,1.5435,63.0819,49.2338,0.347,63.6146,1,BF.BLW.FAN01::E04,train
2025-09-15 06:00:00,BF.BLW.FAN01,bf_sinter_fan_blower,1.5889,66.002,49.4594,0.4253,63.8536,1,BF.BLW.FAN01::E04,train
2025-09-15 07:00:00,BF.BLW.FAN01,bf_sinter_fan_blower,1.4922,62.0292,49.1558,0.3461,63.5136,1,BF.BLW.FAN01::E04,train
2025-09-15 08:00:00,BF.BLW.FAN01,bf_sinter_fan_blower,1.4616,62.8892,47.9668,0.5309,63.355,1,BF.BLW.FAN01::E04,train
2025-09-15 09:00:00,BF.BLW.FAN01,bf_sinter_fan_blower,1.4848,64.5529,48.4041,0.6671,62.9373,0,BF.BLW.FAN01::E04,train
2025-09-15 10:00:00,BF.BLW.FAN01,bf_sinter_fan_blower,1.5331,60.5588,49.8842,0.6527,61.6976,0,BF.BLW.FAN01::E04,train
2025-09-15 11:00:00,BF.BLW.FAN01,bf_sinter_fan_blower,1.5034,60.2349,50.0022,0.8702,60.7007,1,BF.BLW.FAN01::E04,train
2025-09-15 12:00:00,BF.BLW.FAN01,bf_sinter_fan_blower,1.4706,63.9647,48.4027,0.8425,60.7973,0,BF.BLW.FAN01::E04,train
2025-09-15 13:00:00,BF.BLW.FAN01,bf_sinter_fan_blower,1.3101,64.28,46.8037,0.9042,60.7783,1,BF.BLW.FAN01::E04,train
2025-09-15 14:00:00,BF.BLW.FAN01,bf_sinter_fan_blower,1.2419,67.4591,45.5886,0.9976,60.7707,1,BF.BLW.FAN01::E04,train
2025-09-15 15:00:00,BF.BLW.FAN01,bf_sinter_fan_blower,1.2121,69.7251,45.9395,1.2639,60.6595,1,BF.BLW.FAN01::E04,train
2025-09-15 16:00:00,BF.BLW.FAN01,bf_sinter_fan_blower,1.3256,67.2183,46.3117,1.2314,60.7802,1,BF.BLW.FAN01::E04,train
2025-09-15 17:00:00,BF.BLW.FAN01,bf_sinter_fan_blower,1.4471,65.2511,45.8575,0.9765,61.7102,0,BF.BLW.FAN01::E04,train
2025-09-15 18:00:00,BF.BLW.FAN01,bf_sinter_fan_blower,1.4504,61.2318,46.5109,0.9436,61.3796,1,BF.BLW.FAN01::E04,train
2025-09-15 19:00:00,BF.BLW.FAN01,bf_sinter_fan_blower,1.3556,65.9703,46.4868,1.1257,60.8185,1,BF.BLW.FAN01::E04,train
2025-09-15 20:00:00,BF.BLW.FAN01,bf_sinter_fan_blower,1.4403,66.6082,46.9043,1.1411,61.023,0,BF.BLW.FAN01::E04,train
2025-09-15 21:00:00,BF.BLW.FAN01,bf_sinter_fan_blower,1.4832,67.8494,47.1493,1.3125,61.6556,1,BF.BLW.FAN01::E04,train
2025-09-15 22:00:00,BF.BLW.FAN01,bf_sinter_fan_blower,1.5833,66.6417,48.8026,1.4101,61.4424,1,BF.BLW.FAN01::E04,train
2025-09-15 23:00:00,BF.BLW.FAN01,bf_sinter_fan_blower,1.5307,61.6461,49.1975,1.4125,61.8721,1,BF.BLW.FAN01::E04,train
2025-09-16 00:00:00,BF.BLW.FAN01,bf_sinter_fan_blower,1.4282,62.6341,49.4217,1.5915,61.9395,1,BF.BLW.FAN01::E04,train
2025-09-16 01:00:00,BF.BLW.FAN01,bf_sinter_fan_blower,1.3923,65.0879,49.6737,1.5601,62.1934,1,BF.BLW.FAN01::E04,train
2025-09-16 02:00:00,BF.BLW.FAN01,bf_sinter_fan_blower,1.4382,65.337,50.2954,1.5024,62.2903,1,BF.BLW.FAN01::E04,train
2025-09-16 03:00:00,BF.BLW.FAN01,bf_sinter_fan_blower,1.3803,67.0315,50.0411,1.4766,62.8245,0,BF.BLW.FAN01::E04,train
2025-09-16 04:00:00,BF.BLW.FAN01,bf_sinter_fan_blower,1.3547,69.7211,51.0315,1.6299,61.9449,1,BF.BLW.FAN01::E04,train
2025-09-16 05:00:00,BF.BLW.FAN01,bf_sinter_fan_blower,1.331,72.0851,50.0143,1.5389,62.1357,0,BF.BLW.FAN01::E04,train
2025-09-16 06:00:00,BF.BLW.FAN01,bf_sinter_fan_blower,1.2971,74.3005,49.9428,1.666,61.7697,1,BF.BLW.FAN01::E04,train
2025-09-16 07:00:00,BF.BLW.FAN01,bf_sinter_fan_blower,1.3699,71.7564,49.9002,1.4793,62.4822,1,BF.BLW.FAN01::E04,train
2025-09-16 08:00:00,BF.BLW.FAN01,bf_sinter_fan_blower,1.5069,72.6712,51.2665,1.6094,63.7587,1,BF.BLW.FAN01::E04,train
2025-09-16 09:00:00,BF.BLW.FAN01,bf_sinter_fan_blower,1.3556,72.6496,50.5517,1.7068,62.7977,1,BF.BLW.FAN01::E04,train
2025-09-16 10:00:00,BF.BLW.FAN01,bf_sinter_fan_blower,1.4221,70.7132,51.7627,1.7193,62.2374,0,BF.BLW.FAN01::E04,train
2025-09-16 11:00:00,BF.BLW.FAN01,bf_sinter_fan_blower,1.411,70.2731,51.1978,1.5018,60.7145,1,BF.BLW.FAN01::E04,train
2025-09-16 12:00:00,BF.BLW.FAN01,bf_sinter_fan_blower,1.3988,64.2379,51.0621,1.477,59.4795,1,BF.BLW.FAN01::E04,train
2025-09-16 13:00:00,BF.BLW.FAN01,bf_sinter_fan_blower,1.5788,66.2633,50.5154,1.1987,60.7087,1,BF.BLW.FAN01::E04,train
2025-09-16 14:00:00,BF.BLW.FAN01,bf_sinter_fan_blower,1.7819,65.6889,51.5571,1.2173,60.8418,1,BF.BLW.FAN01::E04,train
2025-09-16 15:00:00,BF.BLW.FAN01,bf_sinter_fan_blower,1.8169,70.031,52.4981,1.4547,60.7995,1,BF.BLW.FAN01::E04,train
2025-09-16 16:00:00,BF.BLW.FAN01,bf_sinter_fan_blower,1.7738,71.7958,52.4549,1.4406,60.0036,1,BF.BLW.FAN01::E04,train
2025-09-16 17:00:00,BF.BLW.FAN01,bf_sinter_fan_blower,1.6854,75.3788,50.9914,1.5156,59.6187,1,BF.BLW.FAN01::E04,train
2025-09-16 18:00:00,BF.BLW.FAN01,bf_sinter_fan_blower,1.5925,76.5243,50.3049,1.7035,59.7361,1,BF.BLW.FAN01::E04,train
2025-09-16 19:00:00,BF.BLW.FAN01,bf_sinter_fan_blower,1.636,80.3689,51.4547,1.7291,59.9819,1,BF.BLW.FAN01::E04,train
2025-09-16 20:00:00,BF.BLW.FAN01,bf_sinter_fan_blower,1.6555,79.704,51.1444,1.6387,60.1026,1,BF.BLW.FAN01::E04,train
2025-09-16 21:00:00,BF.BLW.FAN01,bf_sinter_fan_blower,1.5765,76.1545,51.9535,1.8045,59.8161,1,BF.BLW.FAN01::E04,train
2025-09-16 22:00:00,BF.BLW.FAN01,bf_sinter_fan_blower,1.5684,77.0728,52.7523,1.8968,60.0598,1,BF.BLW.FAN01::E04,train
2025-09-16 23:00:00,BF.BLW.FAN01,bf_sinter_fan_blower,1.5231,75.4617,51.9343,1.7577,60.1333,2,BF.BLW.FAN01::E04,train
2025-09-17 00:00:00,BF.BLW.FAN01,bf_sinter_fan_blower,1.4936,74.7846,52.5533,1.6794,59.8308,1,BF.BLW.FAN01::E04,train
2025-09-17 01:00:00,BF.BLW.FAN01,bf_sinter_fan_blower,1.4521,78.1625,53.0261,1.5678,58.8599,0,BF.BLW.FAN01::E04,train
2025-09-17 02:00:00,BF.BLW.FAN01,bf_sinter_fan_blower,1.5307,75.5795,54.041,1.4443,59.0188,1,BF.BLW.FAN01::E04,train
2025-09-17 03:00:00,BF.BLW.FAN01,bf_sinter_fan_blower,1.6249,79.0212,55.3428,1.3656,58.2071,1,BF.BLW.FAN01::E04,train
2025-09-17 04:00:00,BF.BLW.FAN01,bf_sinter_fan_blower,1.7014,77.8207,55.9021,1.1426,58.5099,1,BF.BLW.FAN01::E04,train
2025-09-17 05:00:00,BF.BLW.FAN01,bf_sinter_fan_blower,1.7137,76.5928,56.5243,1.2913,57.5874,1,BF.BLW.FAN01::E04,train
2025-09-17 06:00:00,BF.BLW.FAN01,bf_sinter_fan_blower,1.7539,76.6614,56.4087,1.3009,57.8604,1,BF.BLW.FAN01::E04,train
2025-09-17 07:00:00,BF.BLW.FAN01,bf_sinter_fan_blower,1.7259,77.5228,55.8088,1.2507,58.2778,1,BF.BLW.FAN01::E04,train
2025-09-17 08:00:00,BF.BLW.FAN01,bf_sinter_fan_blower,1.7403,75.5491,55.1287,1.2246,58.1066,1,BF.BLW.FAN01::E04,train
2025-09-17 09:00:00,BF.BLW.FAN01,bf_sinter_fan_blower,1.6925,75.3396,55.9969,1.0977,57.1096,1,BF.BLW.FAN01::E04,train
2025-09-17 10:00:00,BF.BLW.FAN01,bf_sinter_fan_blower,1.6793,77.7965,54.6221,1.1364,57.5912,1,BF.BLW.FAN01::E04,train
2025-09-17 11:00:00,BF.BLW.FAN01,bf_sinter_fan_blower,1.7728,74.3218,55.2066,1.1522,57.6908,1,BF.BLW.FAN01::E04,train
2025-09-17 12:00:00,BF.BLW.FAN01,bf_sinter_fan_blower,1.8552,73.601,55.4202,0.9832,58.4425,1,BF.BLW.FAN01::E04,train
2025-09-17 13:00:00,BF.BLW.FAN01,bf_sinter_fan_blower,1.9912,74.4041,55.9214,1.0365,59.2402,0,BF.BLW.FAN01::E04,train
2025-09-17 14:00:00,BF.BLW.FAN01,bf_sinter_fan_blower,2.0767,75.9465,56.451,0.7071,58.5294,1,BF.BLW.FAN01::E04,train
2025-09-17 15:00:00,BF.BLW.FAN01,bf_sinter_fan_blower,2.1085,75.5897,56.17,0.646,58.7475,1,BF.BLW.FAN01::E04,train
2025-09-17 16:00:00,BF.BLW.FAN01,bf_sinter_fan_blower,2.1448,73.3562,56.835,0.6539,59.1621,1,BF.BLW.FAN01::E04,train
2025-09-17 17:00:00,BF.BLW.FAN01,bf_sinter_fan_blower,2.1647,74.5214,56.6414,0.689,58.9295,0,BF.BLW.FAN01::E04,train
2025-09-17 18:00:00,BF.BLW.FAN01,bf_sinter_fan_blower,2.0883,72.186,56.6762,0.7958,59.8723,1,BF.BLW.FAN01::E04,train
2025-09-17 19:00:00,BF.BLW.FAN01,bf_sinter_fan_blower,2.1326,73.6011,57.9403,0.9003,60.7258,1,BF.BLW.FAN01::E04,train
2025-09-17 20:00:00,BF.BLW.FAN01,bf_sinter_fan_blower,2.1924,73.8865,57.7467,0.8297,61.4205,1,BF.BLW.FAN01::E04,train
2025-09-17 21:00:00,BF.BLW.FAN01,bf_sinter_fan_blower,2.2021,72.28,57.7998,0.8175,62.3418,1,BF.BLW.FAN01::E04,train
2025-09-17 22:00:00,BF.BLW.FAN01,bf_sinter_fan_blower,2.2354,74.0083,59.0483,0.6611,61.909,1,BF.BLW.FAN01::E04,train
2025-09-17 23:00:00,BF.BLW.FAN01,bf_sinter_fan_blower,2.1741,73.0265,58.8545,0.8886,62.4187,1,BF.BLW.FAN01::E04,train
2025-09-18 00:00:00,BF.BLW.FAN01,bf_sinter_fan_blower,2.1166,71.4267,58.4128,0.8861,61.7742,1,BF.BLW.FAN01::E04,train
2025-09-18 01:00:00,BF.BLW.FAN01,bf_sinter_fan_blower,2.1721,68.7228,58.7997,0.8543,63.3712,1,BF.BLW.FAN01::E04,train
2025-09-18 02:00:00,BF.BLW.FAN01,bf_sinter_fan_blower,2.3131,74.4527,59.5085,0.9765,64.1321,1,BF.BLW.FAN01::E04,train
2025-09-18 03:00:00,BF.BLW.FAN01,bf_sinter_fan_blower,2.171,71.9196,59.4238,1.0055,62.3576,1,BF.BLW.FAN01::E04,train
2025-09-18 04:00:00,BF.BLW.FAN01,bf_sinter_fan_blower,2.2863,70.4355,60.3412,0.9271,64.0196,1,BF.BLW.FAN01::E04,train
2025-09-18 05:00:00,BF.BLW.FAN01,bf_sinter_fan_blower,2.2858,66.5713,61.2732,0.9345,64.6478,1,BF.BLW.FAN01::E04,train
2025-09-18 06:00:00,BF.BLW.FAN01,bf_sinter_fan_blower,2.2682,70.0032,61.731,0.9033,64.3219,1,BF.BLW.FAN01::E04,train
2025-09-18 07:00:00,BF.BLW.FAN01,bf_sinter_fan_blower,2.3074,64.0794,62.5837,1.0454,63.809,1,BF.BLW.FAN01::E04,train
2025-09-18 08:00:00,BF.BLW.FAN01,bf_sinter_fan_blower,2.3418,64.2444,62.7843,0.732,63.8746,1,BF.BLW.FAN01::E04,train
2025-09-18 09:00:00,BF.BLW.FAN01,bf_sinter_fan_blower,2.44,67.7072,64.2598,0.6378,64.029,1,BF.BLW.FAN01::E04,train
2025-09-18 10:00:00,BF.BLW.FAN01,bf_sinter_fan_blower,2.3093,69.5259,64.3258,0.6543,63.4975,1,BF.BLW.FAN01::E04,train
2025-09-18 11:00:00,BF.BLW.FAN01,bf_sinter_fan_blower,2.2632,71.8444,64.2404,0.6304,62.6008,1,BF.BLW.FAN01::E04,train
2025-09-18 12:00:00,BF.BLW.FAN01,bf_sinter_fan_blower,2.2641,70.8746,64.6639,0.6056,61.5507,1,BF.BLW.FAN01::E04,train
2025-09-18 13:00:00,BF.BLW.FAN01,bf_sinter_fan_blower,2.2211,71.7576,63.9716,0.5049,61.2237,1,BF.BLW.FAN01::E04,train
2025-09-18 14:00:00,BF.BLW.FAN01,bf_sinter_fan_blower,2.1225,72.1852,63.4944,0.5747,59.9761,1,BF.BLW.FAN01::E04,train
2025-09-18 15:00:00,BF.BLW.FAN01,bf_sinter_fan_blower,2.015,69.4962,62.5483,0.6959,59.4141,1,BF.BLW.FAN01::E04,train
2025-09-18 16:00:00,BF.BLW.FAN01,bf_sinter_fan_blower,1.8992,73.9211,61.5432,0.7878,59.0041,1,BF.BLW.FAN01::E04,train
2025-09-18 17:00:00,BF.BLW.FAN01,bf_sinter_fan_blower,1.9526,77.6084,62.6235,0.768,58.3988,1,BF.BLW.FAN01::E04,train
2025-09-18 18:00:00,BF.BLW.FAN01,bf_sinter_fan_blower,1.924,75.7972,62.2222,0.9435,58.4128,1,BF.BLW.FAN01::E04,train
2025-09-18 19:00:00,BF.BLW.FAN01,bf_sinter_fan_blower,1.8625,74.743,61.596,1.203,58.5247,1,BF.BLW.FAN01::E04,train
2025-09-18 20:00:00,BF.BLW.FAN01,bf_sinter_fan_blower,1.7471,79.8729,61.5335,1.3542,58.3811,1,BF.BLW.FAN01::E04,train
2025-09-18 21:00:00,BF.BLW.FAN01,bf_sinter_fan_blower,1.7279,79.4876,61.2653,1.4482,59.0138,1,BF.BLW.FAN01::E04,train
2025-09-18 22:00:00,BF.BLW.FAN01,bf_sinter_fan_blower,1.7507,78.4561,61.1355,1.3578,59.4829,1,BF.BLW.FAN01::E04,train
2025-09-18 23:00:00,BF.BLW.FAN01,bf_sinter_fan_blower,1.7009,76.0861,61.1278,1.2516,58.6315,1,BF.BLW.FAN01::E04,train
2025-09-19 00:00:00,BF.BLW.FAN01,bf_sinter_fan_blower,1.7064,77.5392,61.5278,1.3954,58.2589,1,BF.BLW.FAN01::E04,train
2025-09-19 01:00:00,BF.BLW.FAN01,bf_sinter_fan_blower,1.7081,80.1493,61.5817,1.6741,59.1887,1,BF.BLW.FAN01::E04,train
2025-09-19 02:00:00,BF.BLW.FAN01,bf_sinter_fan_blower,1.6553,79.757,61.7176,1.4682,59.9028,1,BF.BLW.FAN01::E04,train
2025-09-19 03:00:00,BF.BLW.FAN01,bf_sinter_fan_blower,1.6024,82.5309,60.9388,1.5423,60.7955,1,BF.BLW.FAN01::E04,train
2025-09-19 04:00:00,BF.BLW.FAN01,bf_sinter_fan_blower,1.6273,81.5234,61.974,1.518,61.0314,1,BF.BLW.FAN01::E04,train
2025-09-19 05:00:00,BF.BLW.FAN01,bf_sinter_fan_blower,1.7112,80.9695,62.1545,1.2913,61.9655,1,BF.BLW.FAN01::E04,train
2025-09-19 06:00:00,BF.BLW.FAN01,bf_sinter_fan_blower,1.7283,76.7887,61.5499,1.211,61.5317,1,BF.BLW.FAN01::E04,train
2025-09-19 07:00:00,BF.BLW.FAN01,bf_sinter_fan_blower,1.7571,77.6817,62.117,1.2522,61.3159,1,BF.BLW.FAN01::E04,train
2025-09-19 08:00:00,BF.BLW.FAN01,bf_sinter_fan_blower,1.6132,78.9894,60.8691,1.3123,61.1524,1,BF.BLW.FAN01::E04,train
2025-09-19 09:00:00,BF.BLW.FAN01,bf_sinter_fan_blower,1.5757,79.3869,60.4806,1.3441,59.6747,1,BF.BLW.FAN01::E04,train
2025-09-19 10:00:00,BF.BLW.FAN01,bf_sinter_fan_blower,1.6901,76.2111,59.5643,1.3005,61.7117,1,BF.BLW.FAN01::E04,train
2025-09-19 11:00:00,BF.BLW.FAN01,bf_sinter_fan_blower,1.6906,80.279,59.1525,1.2719,61.9806,1,BF.BLW.FAN01::E04,train
2025-09-19 12:00:00,BF.BLW.FAN01,bf_sinter_fan_blower,1.8261,81.3793,59.3499,1.0964,61.5302,2,BF.BLW.FAN01::E04,train
2025-09-19 13:00:00,BF.BLW.FAN01,bf_sinter_fan_blower,1.7958,81.9477,59.6041,1.1541,60.3567,1,BF.BLW.FAN01::E04,train
2025-09-19 14:00:00,BF.BLW.FAN01,bf_sinter_fan_blower,1.9966,79.5084,60.0326,1.0237,60.8246,1,BF.BLW.FAN01::E04,train
2025-09-19 15:00:00,BF.BLW.FAN01,bf_sinter_fan_blower,1.8815,75.4332,59.6409,1.0544,60.3466,1,BF.BLW.FAN01::E04,train
2025-09-19 16:00:00,BF.BLW.FAN01,bf_sinter_fan_blower,1.902,77.507,59.5185,1.0283,59.7278,1,BF.BLW.FAN01::E04,train
2025-09-19 17:00:00,BF.BLW.FAN01,bf_sinter_fan_blower,1.876,75.9246,60.1079,1.0416,58.862,1,BF.BLW.FAN01::E04,train
2025-09-19 18:00:00,BF.BLW.FAN01,bf_sinter_fan_blower,1.8176,79.7288,60.1358,1.1584,58.5173,1,BF.BLW.FAN01::E04,train
2025-09-19 19:00:00,BF.BLW.FAN01,bf_sinter_fan_blower,1.6593,81.5912,59.0617,1.1616,57.725,1,BF.BLW.FAN01::E04,train
2025-09-19 20:00:00,BF.BLW.FAN01,bf_sinter_fan_blower,1.5979,80.7343,58.063,1.13,57.665,1,BF.BLW.FAN01::E04,train
2025-09-19 21:00:00,BF.BLW.FAN01,bf_sinter_fan_blower,1.737,78.7408,58.7557,0.9471,58.2381,1,BF.BLW.FAN01::E04,train
2025-09-19 22:00:00,BF.BLW.FAN01,bf_sinter_fan_blower,1.7852,74.8443,58.2506,0.8857,58.135,1,BF.BLW.FAN01::E04,train
2025-09-19 23:00:00,BF.BLW.FAN01,bf_sinter_fan_blower,1.6902,76.2753,57.4238,0.9722,58.544,1,BF.BLW.FAN01::E04,train
2025-09-20 00:00:00,BF.BLW.FAN01,bf_sinter_fan_blower,1.7396,75.7633,58.4537,1.0805,58.8,1,BF.BLW.FAN01::E04,train
2025-09-20 01:00:00,BF.BLW.FAN01,bf_sinter_fan_blower,1.7055,75.5166,58.423,1.1808,59.4088,1,BF.BLW.FAN01::E04,train
2025-09-20 02:00:00,BF.BLW.FAN01,bf_sinter_fan_blower,1.7199,73.6963,60.0035,1.0287,59.9926,1,BF.BLW.FAN01::E04,train
2025-09-20 03:00:00,BF.BLW.FAN01,bf_sinter_fan_blower,1.5527,75.0912,59.3895,1.06,59.415,1,BF.BLW.FAN01::E04,train
2025-09-20 04:00:00,BF.BLW.FAN01,bf_sinter_fan_blower,1.4432,71.5371,60.0353,1.2035,58.5124,1,BF.BLW.FAN01::E04,train
2025-09-20 05:00:00,BF.BLW.FAN01,bf_sinter_fan_blower,1.4154,69.5264,59.7747,1.3513,59.5847,1,BF.BLW.FAN01::E04,train
2025-09-20 06:00:00,BF.BLW.FAN01,bf_sinter_fan_blower,1.4348,72.5673,59.4738,1.3267,58.8886,1,BF.BLW.FAN01::E04,train
2025-09-20 07:00:00,BF.BLW.FAN01,bf_sinter_fan_blower,1.4949,68.7775,59.3273,1.1746,59.0783,1,BF.BLW.FAN01::E04,train
2025-09-20 08:00:00,BF.BLW.FAN01,bf_sinter_fan_blower,1.578,70.8165,59.2289,1.226,59.8089,1,BF.BLW.FAN01::E04,train
2025-09-20 09:00:00,BF.BLW.FAN01,bf_sinter_fan_blower,1.6393,70.4642,58.7143,1.2134,59.832,1,BF.BLW.FAN01::E04,train
2025-09-20 10:00:00,BF.BLW.FAN01,bf_sinter_fan_blower,1.843,70.8557,58.8866,1.2922,61.6842,1,BF.BLW.FAN01::E04,train
2025-09-20 11:00:00,BF.BLW.FAN01,bf_sinter_fan_blower,1.8893,68.2283,58.7211,1.1555,62.0673,1,BF.BLW.FAN01::E04,train
2025-09-20 12:00:00,BF.BLW.FAN01,bf_sinter_fan_blower,1.8235,69.6508,58.3418,1.0332,60.9715,1,BF.BLW.FAN01::E04,train
2025-09-20 13:00:00,BF.BLW.FAN01,bf_sinter_fan_blower,1.822,66.6326,57.9197,1.0675,60.4957,1,BF.BLW.FAN01::E04,train
2025-09-20 14:00:00,BF.BLW.FAN01,bf_sinter_fan_blower,1.749,72.5725,57.8995,1.1418,59.0368,1,BF.BLW.FAN01::E04,train
2025-09-20 15:00:00,BF.BLW.FAN01,bf_sinter_fan_blower,1.7234,77.1541,57.4579,1.1278,57.6226,1,BF.BLW.FAN01::E04,train
2025-09-20 16:00:00,BF.BLW.FAN01,bf_sinter_fan_blower,1.8613,76.5566,58.1715,1.0666,58.0881,1,BF.BLW.FAN01::E04,train
2025-09-20 17:00:00,BF.BLW.FAN01,bf_sinter_fan_blower,1.785,76.0552,57.8237,1.0305,58.0194,2,BF.BLW.FAN01::E04,train
2025-09-20 18:00:00,BF.BLW.FAN01,bf_sinter_fan_blower,1.8661,70.5426,56.7298,1.046,59.0487,1,BF.BLW.FAN01::E04,train
2025-09-20 19:00:00,BF.BLW.FAN01,bf_sinter_fan_blower,1.8669,68.3666,57.2437,1.0735,58.0449,1,BF.BLW.FAN01::E04,train
2025-09-20 20:00:00,BF.BLW.FAN01,bf_sinter_fan_blower,1.704,70.6247,56.4401,1.1606,58.4763,1,BF.BLW.FAN01::E04,train
2025-09-20 21:00:00,BF.BLW.FAN01,bf_sinter_fan_blower,1.6959,71.9096,56.1238,1.0803,58.1834,1,BF.BLW.FAN01::E04,train
2025-09-20 22:00:00,BF.BLW.FAN01,bf_sinter_fan_blower,,68.8652,55.9811,1.0694,,1,BF.BLW.FAN01::E04,train
2025-09-20 23:00:00,BF.BLW.FAN01,bf_sinter_fan_blower,1.6208,65.95,56.1963,1.1064,59.6107,1,BF.BLW.FAN01::E04,train
2025-09-21 00:00:00,BF.BLW.FAN01,bf_sinter_fan_blower,1.5268,65.0303,55.8127,1.0459,59.9381,2,BF.BLW.FAN01::E04,train
2025-09-21 01:00:00,BF.BLW.FAN01,bf_sinter_fan_blower,1.6434,59.9667,56.2719,0.9071,61.6677,1,BF.BLW.FAN01::E04,train
2025-09-21 02:00:00,BF.BLW.FAN01,bf_sinter_fan_blower,1.6109,59.8658,55.1911,1.0392,62.491,2,BF.BLW.FAN01::E04,train
2025-09-21 03:00:00,BF.BLW.FAN01,bf_sinter_fan_blower,1.5404,63.6782,54.3126,0.8786,62.2314,1,BF.BLW.FAN01::E04,train
2025-09-21 04:00:00,BF.BLW.FAN01,bf_sinter_fan_blower,1.5196,69.1139,55.4572,0.9557,61.0119,1,BF.BLW.FAN01::E04,train
2025-09-21 05:00:00,BF.BLW.FAN01,bf_sinter_fan_blower,1.5789,68.75,55.8561,0.8171,61.0871,2,BF.BLW.FAN01::E04,train
2025-09-21 06:00:00,BF.BLW.FAN01,bf_sinter_fan_blower,1.6488,67.7362,57.119,0.6503,61.0292,1,BF.BLW.FAN01::E04,train
2025-09-21 07:00:00,BF.BLW.FAN01,bf_sinter_fan_blower,1.6398,70.4231,57.9421,0.836,60.5952,1,BF.BLW.FAN01::E04,train
2025-09-21 08:00:00,BF.BLW.FAN01,bf_sinter_fan_blower,1.5909,74.9966,57.1937,0.8205,60.8773,1,BF.BLW.FAN01::E04,train
2025-09-21 09:00:00,BF.BLW.FAN01,bf_sinter_fan_blower,1.7244,73.8754,57.2851,0.6402,62.2188,1,BF.BLW.FAN01::E04,train
2025-09-21 10:00:00,BF.BLW.FAN01,bf_sinter_fan_blower,1.7104,68.9065,55.8816,0.6875,62.9991,1,BF.BLW.FAN01::E04,train
2025-09-21 11:00:00,BF.BLW.FAN01,bf_sinter_fan_blower,1.7256,69.8649,56.0381,1.0062,62.0024,2,BF.BLW.FAN01::E04,train
2025-09-21 12:00:00,BF.BLW.FAN01,bf_sinter_fan_blower,1.6863,67.2087,55.2283,0.8129,61.2972,1,BF.BLW.FAN01::E04,train
2025-09-21 13:00:00,BF.BLW.FAN01,bf_sinter_fan_blower,1.4432,70.5074,54.3485,0.7733,58.8042,1,BF.BLW.FAN01::E04,train
2025-09-21 14:00:00,BF.BLW.FAN01,bf_sinter_fan_blower,1.368,75.01,53.8833,0.894,58.8893,1,BF.BLW.FAN01::E04,train
2025-09-21 15:00:00,BF.BLW.FAN01,bf_sinter_fan_blower,1.3067,75.0045,53.3835,0.92,57.6591,2,BF.BLW.FAN01::E04,train
2025-09-21 16:00:00,BF.BLW.FAN01,bf_sinter_fan_blower,1.4053,74.6667,52.6344,0.6597,58.5607,1,BF.BLW.FAN01::E04,train
2025-09-21 17:00:00,BF.BLW.FAN01,bf_sinter_fan_blower,1.3436,77.4427,52.7668,0.7585,58.4884,1,BF.BLW.FAN01::E04,train
2025-09-21 18:00:00,BF.BLW.FAN01,bf_sinter_fan_blower,1.3793,72.3146,52.9868,0.622,57.6498,1,BF.BLW.FAN01::E04,train
2025-09-21 19:00:00,BF.BLW.FAN01,bf_sinter_fan_blower,1.4008,75.1367,53.6472,0.6127,57.538,1,BF.BLW.FAN01::E04,train
2025-09-21 20:00:00,BF.BLW.FAN01,bf_sinter_fan_blower,1.3965,69.9784,53.5715,0.5275,57.7449,1,BF.BLW.FAN01::E04,train
2025-09-21 21:00:00,BF.BLW.FAN01,bf_sinter_fan_blower,1.2554,69.4486,52.7662,0.6718,56.2849,1,BF.BLW.FAN01::E04,train
2025-09-21 22:00:00,BF.BLW.FAN01,bf_sinter_fan_blower,1.2511,67.5939,52.2063,0.4566,56.4706,1,BF.BLW.FAN01::E04,train
2025-09-21 23:00:00,BF.BLW.FAN01,bf_sinter_fan_blower,1.3132,65.5496,53.2227,0.3813,56.1167,1,BF.BLW.FAN01::E04,train
2025-09-22 00:00:00,BF.BLW.FAN01,bf_sinter_fan_blower,1.2795,61.8471,53.0834,0.4204,56.8753,2,BF.BLW.FAN01::E04,train
2025-09-22 01:00:00,BF.BLW.FAN01,bf_sinter_fan_blower,1.2161,62.0085,52.9639,0.5912,58.214,2,BF.BLW.FAN01::E04,train
2025-09-22 02:00:00,BF.BLW.FAN01,bf_sinter_fan_blower,1.3095,63.478,53.6502,0.6177,58.6255,2,BF.BLW.FAN01::E04,train
2025-09-22 03:00:00,BF.BLW.FAN01,bf_sinter_fan_blower,1.2558,61.0698,53.376,0.8077,58.8331,2,BF.BLW.FAN01::E04,train
2025-09-22 04:00:00,BF.BLW.FAN01,bf_sinter_fan_blower,1.2616,62.5323,53.9114,0.8702,58.255,1,BF.BLW.FAN01::E04,train
2025-09-22 05:00:00,BF.BLW.FAN01,bf_sinter_fan_blower,1.2148,66.1724,53.6474,1.0223,58.6842,1,BF.BLW.FAN01::E04,train
2025-09-22 06:00:00,BF.BLW.FAN01,bf_sinter_fan_blower,1.1826,69.1331,52.7739,1.0358,59.2362,2,BF.BLW.FAN01::E04,train
2025-09-22 07:00:00,BF.BLW.FAN01,bf_sinter_fan_blower,1.1626,67.3816,52.5444,1.1385,59.5496,2,BF.BLW.FAN01::E04,train
2025-09-22 08:00:00,BF.BLW.FAN01,bf_sinter_fan_blower,1.1217,64.9712,51.6604,1.0528,59.7288,1,BF.BLW.FAN01::E04,train
2025-09-22 09:00:00,BF.BLW.FAN01,bf_sinter_fan_blower,1.2061,69.3341,51.7401,0.9665,59.7865,2,BF.BLW.FAN01::E04,train
2025-09-22 10:00:00,BF.BLW.FAN01,bf_sinter_fan_blower,1.2852,74.0009,51.835,1.0841,59.3492,1,BF.BLW.FAN01::E04,train
2025-09-22 11:00:00,BF.BLW.FAN01,bf_sinter_fan_blower,1.4058,74.3872,51.8808,0.8815,59.5266,1,BF.BLW.FAN01::E04,train
2025-09-22 12:00:00,BF.BLW.FAN01,bf_sinter_fan_blower,1.4691,74.1231,52.1897,0.9351,59.4198,2,BF.BLW.FAN01::E04,train
2025-09-22 13:00:00,BF.BLW.FAN01,bf_sinter_fan_blower,1.4918,72.893,52.2492,0.8573,58.6565,1,BF.BLW.FAN01::E04,train
2025-09-22 14:00:00,BF.BLW.FAN01,bf_sinter_fan_blower,1.4748,73.1596,52.356,0.9302,57.9867,1,BF.BLW.FAN01::E04,train
2025-09-22 15:00:00,BF.BLW.FAN01,bf_sinter_fan_blower,1.4484,75.56,51.873,1.0302,57.6594,1,BF.BLW.FAN01::E04,train
2025-09-22 16:00:00,BF.BLW.FAN01,bf_sinter_fan_blower,1.4345,77.6365,52.3266,1.1759,57.8085,2,BF.BLW.FAN01::E04,train
2025-09-22 17:00:00,BF.BLW.FAN01,bf_sinter_fan_blower,1.4949,77.8392,52.2927,0.9525,58.7083,1,BF.BLW.FAN01::E04,train
2025-09-22 18:00:00,BF.BLW.FAN01,bf_sinter_fan_blower,1.5206,77.5824,52.5979,1.178,59.0818,1,BF.BLW.FAN01::E04,train
2025-09-22 19:00:00,BF.BLW.FAN01,bf_sinter_fan_blower,1.424,75.2327,50.846,1.184,59.0108,1,BF.BLW.FAN01::E04,train
2025-09-22 20:00:00,BF.BLW.FAN01,bf_sinter_fan_blower,1.4509,74.6561,51.074,1.1853,59.8905,1,BF.BLW.FAN01::E04,train
2025-09-22 21:00:00,BF.BLW.FAN01,bf_sinter_fan_blower,1.4706,71.3604,51.0036,1.3509,60.5629,1,BF.BLW.FAN01::E04,train
2025-09-22 22:00:00,BF.BLW.FAN01,bf_sinter_fan_blower,1.5707,72.6963,50.3156,1.2538,62.2825,1,BF.BLW.FAN01::E04,train
2025-09-22 23:00:00,BF.BLW.FAN01,bf_sinter_fan_blower,1.5814,73.0955,50.68,1.0471,62.3275,1,BF.BLW.FAN01::E04,train
2025-09-23 00:00:00,BF.BLW.FAN01,bf_sinter_fan_blower,1.5861,75.4957,50.7718,0.9789,63.4203,2,BF.BLW.FAN01::E04,train
2025-09-23 01:00:00,BF.BLW.FAN01,bf_sinter_fan_blower,1.7188,73.1477,51.0437,0.8645,63.7682,2,BF.BLW.FAN01::E04,train
2025-09-23 02:00:00,BF.BLW.FAN01,bf_sinter_fan_blower,1.5976,74.6531,51.5029,1.0093,62.8775,2,BF.BLW.FAN01::E04,train
2025-09-23 03:00:00,BF.BLW.FAN01,bf_sinter_fan_blower,1.5607,75.9791,51.8279,1.0519,62.6093,2,BF.BLW.FAN01::E04,train
2025-09-23 04:00:00,BF.BLW.FAN01,bf_sinter_fan_blower,1.5479,79.3461,51.8616,1.0769,62.9523,2,BF.BLW.FAN01::E04,train
2025-09-23 05:00:00,BF.BLW.FAN01,bf_sinter_fan_blower,1.5077,82.58,51.859,1.169,62.5887,1,BF.BLW.FAN01::E04,train
2025-09-23 06:00:00,BF.BLW.FAN01,bf_sinter_fan_blower,1.516,84.9093,51.9021,1.1929,62.4564,2,BF.BLW.FAN01::E04,train
2025-09-23 07:00:00,BF.BLW.FAN01,bf_sinter_fan_blower,1.4797,87.6803,51.7269,1.1623,62.4589,1,BF.BLW.FAN01::E04,train
2025-09-23 08:00:00,BF.BLW.FAN01,bf_sinter_fan_blower,1.3314,90.3745,51.2127,1.2375,62.1573,1,BF.BLW.FAN01::E04,train
2025-09-23 09:00:00,BF.BLW.FAN01,bf_sinter_fan_blower,1.2816,87.1397,50.4287,1.198,61.4292,2,BF.BLW.FAN01::E04,train
2025-09-23 10:00:00,BF.BLW.FAN01,bf_sinter_fan_blower,1.4426,90.4431,50.6186,0.9733,62.0439,1,BF.BLW.FAN01::E04,train
2025-09-23 11:00:00,BF.BLW.FAN01,bf_sinter_fan_blower,1.4112,88.2797,49.677,0.9509,61.3132,1,BF.BLW.FAN01::E04,train
2025-09-23 12:00:00,BF.BLW.FAN01,bf_sinter_fan_blower,1.3758,86.8882,49.1828,0.7305,61.2634,2,BF.BLW.FAN01::E04,train
2025-09-23 13:00:00,BF.BLW.FAN01,bf_sinter_fan_blower,1.3431,82.342,48.3216,1.0344,60.4881,1,BF.BLW.FAN01::E04,train
2025-09-23 14:00:00,BF.BLW.FAN01,bf_sinter_fan_blower,1.4452,84.1764,49.1249,0.9664,60.0675,2,BF.BLW.FAN01::E04,train
2025-09-23 15:00:00,BF.BLW.FAN01,bf_sinter_fan_blower,1.5963,84.489,48.8932,0.9699,61.0972,2,BF.BLW.FAN01::E04,train
2025-09-23 16:00:00,BF.BLW.FAN01,bf_sinter_fan_blower,1.5707,83.8336,49.2308,1.0596,60.4953,1,BF.BLW.FAN01::E04,train
2025-09-23 17:00:00,BF.BLW.FAN01,bf_sinter_fan_blower,1.7849,86.2611,50.9181,1.0773,60.3103,2,BF.BLW.FAN01::E04,train
2025-09-23 18:00:00,BF.BLW.FAN01,bf_sinter_fan_blower,1.835,83.0593,51.35,1.056,60.0893,1,BF.BLW.FAN01::E04,train
2025-09-23 19:00:00,BF.BLW.FAN01,bf_sinter_fan_blower,1.7108,84.8743,50.3638,0.9595,60.2739,1,BF.BLW.FAN01::E04,train
2025-09-23 20:00:00,BF.BLW.FAN01,bf_sinter_fan_blower,1.6775,82.8318,51.2018,0.9363,58.6417,1,BF.BLW.FAN01::E04,train
2025-09-23 21:00:00,BF.BLW.FAN01,bf_sinter_fan_blower,1.5869,82.5716,51.5022,0.8912,58.1778,2,BF.BLW.FAN01::E04,train
2025-09-23 22:00:00,BF.BLW.FAN01,bf_sinter_fan_blower,1.5661,81.6857,51.8655,0.9313,58.6247,2,BF.BLW.FAN01::E04,train
2025-09-23 23:00:00,BF.BLW.FAN01,bf_sinter_fan_blower,1.591,83.2048,52.1196,1.0583,59.7948,1,BF.BLW.FAN01::E04,train
2025-09-24 00:00:00,BF.BLW.FAN01,bf_sinter_fan_blower,1.5595,80.3974,51.8748,1.0699,60.2272,2,BF.BLW.FAN01::E04,train
2025-09-24 01:00:00,BF.BLW.FAN01,bf_sinter_fan_blower,1.6047,82.193,52.7052,0.9556,60.3703,1,BF.BLW.FAN01::E04,train
2025-09-24 02:00:00,BF.BLW.FAN01,bf_sinter_fan_blower,1.6883,85.9182,53.8118,1.0292,61.8734,2,BF.BLW.FAN01::E04,train
2025-09-24 03:00:00,BF.BLW.FAN01,bf_sinter_fan_blower,1.7381,81.1476,54.226,0.9878,62.8409,2,BF.BLW.FAN01::E04,train
2025-09-24 04:00:00,BF.BLW.FAN01,bf_sinter_fan_blower,1.7279,81.59,54.6195,0.8309,62.8464,2,BF.BLW.FAN01::E04,train
2025-09-24 05:00:00,BF.BLW.FAN01,bf_sinter_fan_blower,1.6212,83.0197,55.0766,0.8434,62.8575,2,BF.BLW.FAN01::E04,train
2025-09-24 06:00:00,BF.BLW.FAN01,bf_sinter_fan_blower,1.6212,83.4454,55.5082,1.1133,63.5376,2,BF.BLW.FAN01::E04,train
2025-09-24 07:00:00,BF.BLW.FAN01,bf_sinter_fan_blower,1.6852,86.0577,56.3336,1.1713,64.3001,1,BF.BLW.FAN01::E04,train
2025-09-24 08:00:00,BF.BLW.FAN01,bf_sinter_fan_blower,1.7081,87.2174,56.4204,1.0907,63.6296,2,BF.BLW.FAN01::E04,train
2025-09-24 09:00:00,BF.BLW.FAN01,bf_sinter_fan_blower,1.6817,91.9527,56.8553,0.875,62.717,2,BF.BLW.FAN01::E04,train
2025-09-24 10:00:00,BF.BLW.FAN01,bf_sinter_fan_blower,1.656,96.0607,55.7732,1.1432,62.6815,2,BF.BLW.FAN01::E04,train
2025-09-24 11:00:00,BF.BLW.FAN01,bf_sinter_fan_blower,1.7224,95.4867,56.0237,1.1437,62.8777,1,BF.BLW.FAN01::E04,train
2025-09-24 12:00:00,BF.BLW.FAN01,bf_sinter_fan_blower,1.7385,95.205,55.9447,1.2685,63.8064,2,BF.BLW.FAN01::E04,train
2025-09-24 13:00:00,BF.BLW.FAN01,bf_sinter_fan_blower,1.8631,95.8035,56.4588,1.1255,63.9835,2,BF.BLW.FAN01::E04,train
2025-09-24 14:00:00,BF.BLW.FAN01,bf_sinter_fan_blower,1.7439,96.5321,55.071,1.2021,64.241,2,BF.BLW.FAN01::E04,train
2025-09-24 15:00:00,BF.BLW.FAN01,bf_sinter_fan_blower,1.7766,96.2869,55.0148,1.1499,63.9136,2,BF.BLW.FAN01::E04,train
2025-09-24 16:00:00,BF.BLW.FAN01,bf_sinter_fan_blower,1.8228,95.7437,54.9207,1.2405,64.3278,2,BF.BLW.FAN01::E04,train
2025-09-24 17:00:00,BF.BLW.FAN01,bf_sinter_fan_blower,1.7628,90.6352,55.2359,1.3683,63.9137,2,BF.BLW.FAN01::E04,train
2025-09-24 18:00:00,BF.BLW.FAN01,bf_sinter_fan_blower,1.7303,98.0519,55.5422,1.4321,63.58,1,BF.BLW.FAN01::E04,train
2025-09-24 19:00:00,BF.BLW.FAN01,bf_sinter_fan_blower,1.7661,94.7612,56.0787,1.436,63.7083,2,BF.BLW.FAN01::E04,train
2025-09-24 20:00:00,BF.BLW.FAN01,bf_sinter_fan_blower,1.6771,92.2684,55.3974,1.4804,63.815,2,BF.BLW.FAN01::E04,train
2025-09-24 21:00:00,BF.BLW.FAN01,bf_sinter_fan_blower,1.7407,91.4044,56.0912,1.4243,63.5098,1,BF.BLW.FAN01::E04,train
2025-09-24 22:00:00,BF.BLW.FAN01,bf_sinter_fan_blower,1.8267,93.4138,57.45,1.1635,63.4745,2,BF.BLW.FAN01::E04,train
2025-09-24 23:00:00,BF.BLW.FAN01,bf_sinter_fan_blower,1.9662,91.9687,58.3455,1.1518,65.0478,2,BF.BLW.FAN01::E04,train
2025-09-25 00:00:00,BF.BLW.FAN01,bf_sinter_fan_blower,1.9805,90.2373,58.4843,1.3702,65.8776,1,BF.BLW.FAN01::E04,train
2025-09-25 01:00:00,BF.BLW.FAN01,bf_sinter_fan_blower,1.9219,86.7444,59.1662,1.4478,65.5594,2,BF.BLW.FAN01::E04,train
2025-09-25 02:00:00,BF.BLW.FAN01,bf_sinter_fan_blower,2.0814,89.0568,58.8822,1.3958,68.1103,2,BF.BLW.FAN01::E04,train
2025-09-25 03:00:00,BF.BLW.FAN01,bf_sinter_fan_blower,1.9102,88.8618,58.2724,1.4043,67.8196,2,BF.BLW.FAN01::E04,train
2025-09-25 04:00:00,BF.BLW.FAN01,bf_sinter_fan_blower,1.8408,89.8043,57.5068,1.3846,67.9175,2,BF.BLW.FAN01::E04,train
2025-09-25 05:00:00,BF.BLW.FAN01,bf_sinter_fan_blower,1.7977,86.4208,56.9844,1.1947,67.2138,1,BF.BLW.FAN01::E04,train
2025-09-25 06:00:00,BF.BLW.FAN01,bf_sinter_fan_blower,1.7376,83.676,56.8203,1.2491,66.4436,1,BF.BLW.FAN01::E04,train
2025-09-25 07:00:00,BF.BLW.FAN01,bf_sinter_fan_blower,1.6575,86.3565,56.5752,1.1553,66.0256,1,BF.BLW.FAN01::E04,train
2025-09-25 08:00:00,BF.BLW.FAN01,bf_sinter_fan_blower,1.6313,90.9842,56.2389,1.1955,65.1423,2,BF.BLW.FAN01::E04,train
2025-09-25 09:00:00,BF.BLW.FAN01,bf_sinter_fan_blower,1.729,93.1609,57.7722,1.2568,65.7116,2,BF.BLW.FAN01::E04,train
2025-09-25 10:00:00,BF.BLW.FAN01,bf_sinter_fan_blower,1.706,95.5188,56.7676,1.2535,65.574,1,BF.BLW.FAN01::E04,train
2025-09-25 11:00:00,BF.BLW.FAN01,bf_sinter_fan_blower,1.7313,98.5499,55.6828,1.1622,66.5152,2,BF.BLW.FAN01::E04,train
2025-09-25 12:00:00,BF.BLW.FAN01,bf_sinter_fan_blower,1.8122,100.146,56.1201,1.0334,66.4394,2,BF.BLW.FAN01::E04,train
2025-09-25 13:00:00,BF.BLW.FAN01,bf_sinter_fan_blower,1.643,99.7931,55.252,1.0861,65.4645,2,BF.BLW.FAN01::E04,train
2025-09-25 14:00:00,BF.BLW.FAN01,bf_sinter_fan_blower,1.5137,97.7462,54.4577,1.129,64.4644,2,BF.BLW.FAN01::E04,train
2025-09-25 15:00:00,BF.BLW.FAN01,bf_sinter_fan_blower,1.629,100.8568,53.8541,0.9713,64.919,2,BF.BLW.FAN01::E04,train
2025-09-25 16:00:00,BF.BLW.FAN01,bf_sinter_fan_blower,1.6126,99.5673,52.8929,1.0548,64.3143,2,BF.BLW.FAN01::E04,train
2025-09-25 17:00:00,BF.BLW.FAN01,bf_sinter_fan_blower,1.5846,102.1792,52.5301,1.1804,64.2887,1,BF.BLW.FAN01::E04,train
2025-09-25 18:00:00,BF.BLW.FAN01,bf_sinter_fan_blower,1.5226,103.8101,52.2496,1.1317,64.3581,2,BF.BLW.FAN01::E04,train
2025-09-25 19:00:00,BF.BLW.FAN01,bf_sinter_fan_blower,1.6282,99.7269,53.082,1.1367,64.4399,2,BF.BLW.FAN01::E04,train
2025-09-25 20:00:00,BF.BLW.FAN01,bf_sinter_fan_blower,1.5013,36.8758,52.7818,0.9414,62.9919,0,,val
2025-09-25 21:00:00,BF.BLW.FAN01,bf_sinter_fan_blower,1.5146,35.947,52.9209,1.0225,63.7051,0,,val
2025-09-25 22:00:00,BF.BLW.FAN01,bf_sinter_fan_blower,1.4419,34.5082,51.8575,1.0146,63.9485,0,,val
2025-09-25 23:00:00,BF.BLW.FAN01,bf_sinter_fan_blower,1.6287,31.2731,53.1207,0.9705,64.9263,0,,val
2025-09-26 00:00:00,BF.BLW.FAN01,bf_sinter_fan_blower,1.6013,32.3568,54.562,1.1,64.4297,0,,val
2025-09-26 01:00:00,BF.BLW.FAN01,bf_sinter_fan_blower,1.5442,34.7726,54.8353,1.28,64.2924,0,,val
2025-09-26 02:00:00,BF.BLW.FAN01,bf_sinter_fan_blower,1.5271,36.7228,55.8789,1.2677,63.6597,0,,val
2025-09-26 03:00:00,BF.BLW.FAN01,bf_sinter_fan_blower,1.5666,37.5652,57.6119,1.1265,63.8286,0,,val
2025-09-26 04:00:00,BF.BLW.FAN01,bf_sinter_fan_blower,1.5601,35.0383,58.4303,1.1219,62.3836,0,,val
2025-09-26 05:00:00,BF.BLW.FAN01,bf_sinter_fan_blower,1.5139,42.5529,59.1555,0.8543,61.0704,0,,val
2025-09-26 06:00:00,BF.BLW.FAN01,bf_sinter_fan_blower,1.7481,47.8316,60.1091,0.8386,62.3477,0,,val
2025-09-26 07:00:00,BF.BLW.FAN01,bf_sinter_fan_blower,1.8346,62.4523,60.2643,0.8118,62.4683,0,,val
2025-09-26 08:00:00,BF.BLW.FAN01,bf_sinter_fan_blower,1.7764,78.7206,59.9262,0.7978,61.7085,0,,val
2025-09-26 09:00:00,BF.BLW.FAN01,bf_sinter_fan_blower,1.7176,89.3398,59.438,0.9202,61.3365,0,,val
2025-09-26 10:00:00,BF.BLW.FAN01,bf_sinter_fan_blower,1.7109,91.4954,58.9147,0.7605,60.2961,0,,val
2025-09-26 11:00:00,BF.BLW.FAN01,bf_sinter_fan_blower,1.642,83.3834,58.6606,0.823,59.9082,0,,val
2025-09-26 12:00:00,BF.BLW.FAN01,bf_sinter_fan_blower,1.684,72.4551,57.9961,0.7295,59.1937,0,,val
2025-09-26 13:00:00,BF.BLW.FAN01,bf_sinter_fan_blower,1.7012,60.8712,57.6882,0.665,58.6721,0,,val
2025-09-26 14:00:00,BF.BLW.FAN01,bf_sinter_fan_blower,1.7133,49.249,57.7146,0.7983,59.1808,0,,val
2025-09-26 15:00:00,BF.BLW.FAN01,bf_sinter_fan_blower,1.7784,39.2399,56.2186,0.9238,60.9206,0,,val
2025-09-26 16:00:00,BF.BLW.FAN01,bf_sinter_fan_blower,1.8638,35.1784,56.0744,0.9031,61.175,0,,val
2025-09-26 17:00:00,BF.BLW.FAN01,bf_sinter_fan_blower,1.8341,32.724,56.8281,0.9738,59.4797,0,,val
2025-09-26 18:00:00,BF.BLW.FAN01,bf_sinter_fan_blower,1.8421,32.1245,56.6553,1.0396,60.8627,0,,val
2025-09-26 19:00:00,BF.BLW.FAN01,bf_sinter_fan_blower,1.9256,30.7717,57.3142,0.9418,61.8618,0,,val
2025-09-26 20:00:00,BF.BLW.FAN01,bf_sinter_fan_blower,1.8881,31.2012,57.4844,0.8519,61.8768,0,,val
2025-09-26 21:00:00,BF.BLW.FAN01,bf_sinter_fan_blower,1.975,30.5821,58.1299,0.7985,62.8137,0,,val
2025-09-26 22:00:00,BF.BLW.FAN01,bf_sinter_fan_blower,1.8691,29.0503,57.4903,0.9839,62.9441,0,,val
2025-09-26 23:00:00,BF.BLW.FAN01,bf_sinter_fan_blower,1.7581,28.6626,57.6174,1.0183,62.0457,0,,val
2025-09-27 00:00:00,BF.BLW.FAN01,bf_sinter_fan_blower,1.8203,27.3563,57.6082,0.9387,62.3697,0,,val
2025-09-27 01:00:00,BF.BLW.FAN01,bf_sinter_fan_blower,1.8686,24.9443,59.0712,0.9093,62.0089,0,,val
2025-09-27 02:00:00,BF.BLW.FAN01,bf_sinter_fan_blower,1.8801,29.2771,60.017,1.2464,62.4332,0,,val
2025-09-27 03:00:00,BF.BLW.FAN01,bf_sinter_fan_blower,1.8404,29.1829,60.0086,1.2559,62.6572,0,,val
2025-09-27 04:00:00,BF.BLW.FAN01,bf_sinter_fan_blower,1.8489,27.0899,61.0976,1.3074,63.3574,0,,val
2025-09-27 05:00:00,BF.BLW.FAN01,bf_sinter_fan_blower,1.7689,24.3803,60.3,1.1827,63.4524,0,,val
2025-09-27 06:00:00,BF.BLW.FAN01,bf_sinter_fan_blower,1.7682,23.6609,60.3274,1.2171,64.6781,0,,val
2025-09-27 07:00:00,BF.BLW.FAN01,bf_sinter_fan_blower,1.8345,26.5035,59.6033,1.0989,64.9411,0,,val
2025-09-27 08:00:00,BF.BLW.FAN01,bf_sinter_fan_blower,1.8111,26.1549,59.355,0.9286,64.0055,0,,val
2025-09-27 09:00:00,BF.BLW.FAN01,bf_sinter_fan_blower,1.703,27.3109,58.8727,0.903,62.9699,0,,val
2025-09-27 10:00:00,BF.BLW.FAN01,bf_sinter_fan_blower,1.6459,24.1957,58.6783,1.0362,61.5544,0,,val
2025-09-27 11:00:00,BF.BLW.FAN01,bf_sinter_fan_blower,1.5149,23.817,57.2588,1.2048,60.5594,0,,val
2025-09-27 12:00:00,BF.BLW.FAN01,bf_sinter_fan_blower,1.5908,28.1424,57.2837,1.3475,61.0037,0,,val
2025-09-27 13:00:00,BF.BLW.FAN01,bf_sinter_fan_blower,1.7,26.3794,57.539,1.3199,61.2156,0,,val
2025-09-27 14:00:00,BF.BLW.FAN01,bf_sinter_fan_blower,1.6843,24.2924,56.7827,1.2017,61.1795,0,,val
2025-09-27 15:00:00,BF.BLW.FAN01,bf_sinter_fan_blower,1.6404,26.4262,56.4111,1.1954,61.9315,0,,val
2025-09-27 16:00:00,BF.BLW.FAN01,bf_sinter_fan_blower,1.6492,29.2789,56.5688,1.1818,61.6132,0,,val
2025-09-27 17:00:00,BF.BLW.FAN01,bf_sinter_fan_blower,1.5563,28.8978,56.5963,1.3912,61.3275,0,,val
2025-09-27 18:00:00,BF.BLW.FAN01,bf_sinter_fan_blower,1.5134,31.1765,55.9603,1.4452,60.2637,0,,val
2025-09-27 19:00:00,BF.BLW.FAN01,bf_sinter_fan_blower,1.517,29.8105,55.8141,1.3481,60.4718,0,,val
2025-09-27 20:00:00,BF.BLW.FAN01,bf_sinter_fan_blower,1.5221,30.6519,55.5197,1.2187,59.9079,0,,val
2025-09-27 21:00:00,BF.BLW.FAN01,bf_sinter_fan_blower,1.4834,31.0737,54.5387,1.0646,59.4356,0,,val
2025-09-27 22:00:00,BF.BLW.FAN01,bf_sinter_fan_blower,1.5784,28.3593,56.2467,1.1383,59.8546,0,,val
2025-09-27 23:00:00,BF.BLW.FAN01,bf_sinter_fan_blower,1.6224,27.3145,55.7341,1.051,60.5248,0,,val
2025-09-28 00:00:00,BF.BLW.FAN01,bf_sinter_fan_blower,1.5539,31.8593,56.2201,0.9506,60.5413,0,,val
2025-09-28 01:00:00,BF.BLW.FAN01,bf_sinter_fan_blower,1.6115,34.4262,57.0043,0.9958,61.688,0,,val
2025-09-28 02:00:00,BF.BLW.FAN01,bf_sinter_fan_blower,1.7007,35.7981,57.8717,0.9166,62.0436,0,,val
2025-09-28 03:00:00,BF.BLW.FAN01,bf_sinter_fan_blower,1.7241,34.2236,57.2573,0.6623,62.4218,0,,val
2025-09-28 04:00:00,BF.BLW.FAN01,bf_sinter_fan_blower,1.6725,34.4849,56.7323,0.5603,62.6884,0,,val
2025-09-28 05:00:00,BF.BLW.FAN01,bf_sinter_fan_blower,1.7493,34.5745,57.0081,0.6436,62.7623,0,,val
2025-09-28 06:00:00,BF.BLW.FAN01,bf_sinter_fan_blower,1.5619,34.5238,56.8034,0.9154,62.1017,0,,val
2025-09-28 07:00:00,BF.BLW.FAN01,bf_sinter_fan_blower,1.6096,36.724,57.4233,0.6807,62.0872,0,,val
2025-09-28 08:00:00,BF.BLW.FAN01,bf_sinter_fan_blower,1.7156,41.1394,57.1724,0.4965,63.69,0,,val
2025-09-28 09:00:00,BF.BLW.FAN01,bf_sinter_fan_blower,1.5821,43.6098,56.2618,0.7504,63.3405,0,,val
2025-09-28 10:00:00,BF.BLW.FAN01,bf_sinter_fan_blower,1.6,41.7857,55.4887,0.7873,63.8478,0,,val
2025-09-28 11:00:00,BF.BLW.FAN01,bf_sinter_fan_blower,1.5526,40.1984,54.4633,0.8558,64.6528,0,,val
2025-09-28 12:00:00,BF.BLW.FAN01,bf_sinter_fan_blower,1.5628,39.4434,54.0127,0.8774,64.3696,0,,val
2025-09-28 13:00:00,BF.BLW.FAN01,bf_sinter_fan_blower,1.4856,42.761,53.3838,0.9864,63.7786,0,BF.BLW.FAN01::E05,val
2025-09-28 14:00:00,BF.BLW.FAN01,bf_sinter_fan_blower,1.4866,41.2098,53.3198,1.2223,63.9752,0,BF.BLW.FAN01::E05,val
2025-09-28 15:00:00,BF.BLW.FAN01,bf_sinter_fan_blower,1.4531,40.4375,53.6079,1.3166,63.1009,0,BF.BLW.FAN01::E05,val
2025-09-28 16:00:00,BF.BLW.FAN01,bf_sinter_fan_blower,1.4025,38.4215,52.8038,1.1057,62.9016,0,BF.BLW.FAN01::E05,val
2025-09-28 17:00:00,BF.BLW.FAN01,bf_sinter_fan_blower,1.3754,35.0179,52.3466,1.2857,63.161,0,BF.BLW.FAN01::E05,val
2025-09-28 18:00:00,BF.BLW.FAN01,bf_sinter_fan_blower,1.2764,34.3526,51.7626,1.4862,62.8454,0,BF.BLW.FAN01::E05,val
2025-09-28 19:00:00,BF.BLW.FAN01,bf_sinter_fan_blower,1.2142,36.5097,52.1643,1.4394,62.6162,0,BF.BLW.FAN01::E05,val
2025-09-28 20:00:00,BF.BLW.FAN01,bf_sinter_fan_blower,1.1554,39.2796,51.1034,1.3427,63.0073,0,BF.BLW.FAN01::E05,val
2025-09-28 21:00:00,BF.BLW.FAN01,bf_sinter_fan_blower,1.2756,39.8151,52.0302,1.2803,64.0545,0,BF.BLW.FAN01::E05,val
2025-09-28 22:00:00,BF.BLW.FAN01,bf_sinter_fan_blower,1.4091,38.7753,52.3126,1.0535,65.9859,0,BF.BLW.FAN01::E05,val
2025-09-28 23:00:00,BF.BLW.FAN01,bf_sinter_fan_blower,1.3459,38.6119,51.6529,1.037,66.0915,0,BF.BLW.FAN01::E05,val
2025-09-29 00:00:00,BF.BLW.FAN01,bf_sinter_fan_blower,1.3382,38.1525,52.0513,1.1421,66.5207,0,BF.BLW.FAN01::E05,val
2025-09-29 01:00:00,BF.BLW.FAN01,bf_sinter_fan_blower,1.3472,33.2982,52.3174,1.2063,66.455,0,BF.BLW.FAN01::E05,val
2025-09-29 02:00:00,BF.BLW.FAN01,bf_sinter_fan_blower,1.303,29.9994,52.5763,1.4951,66.8059,0,BF.BLW.FAN01::E05,val
2025-09-29 03:00:00,BF.BLW.FAN01,bf_sinter_fan_blower,1.3465,32.6151,52.5101,1.4938,66.4964,0,BF.BLW.FAN01::E05,val
2025-09-29 04:00:00,BF.BLW.FAN01,bf_sinter_fan_blower,1.4162,29.7591,52.8286,1.4365,67.5494,0,BF.BLW.FAN01::E05,val
2025-09-29 05:00:00,BF.BLW.FAN01,bf_sinter_fan_blower,1.4373,31.3201,53.3201,1.2597,67.2196,0,BF.BLW.FAN01::E05,val
2025-09-29 06:00:00,BF.BLW.FAN01,bf_sinter_fan_blower,1.4052,34.8959,52.5227,1.2183,66.642,0,BF.BLW.FAN01::E05,val
2025-09-29 07:00:00,BF.BLW.FAN01,bf_sinter_fan_blower,1.3645,37.4975,52.7261,1.2842,66.0677,0,BF.BLW.FAN01::E05,val
2025-09-29 08:00:00,BF.BLW.FAN01,bf_sinter_fan_blower,1.4166,34.4686,52.7798,1.2588,65.4839,0,BF.BLW.FAN01::E05,val
2025-09-29 09:00:00,BF.BLW.FAN01,bf_sinter_fan_blower,1.5342,36.2147,52.8716,1.1052,66.4281,0,BF.BLW.FAN01::E05,val
2025-09-29 10:00:00,BF.BLW.FAN01,bf_sinter_fan_blower,1.5714,38.7856,53.4564,1.342,66.7195,0,BF.BLW.FAN01::E05,val
2025-09-29 11:00:00,BF.BLW.FAN01,bf_sinter_fan_blower,1.6179,46.2248,52.8793,1.2586,65.549,0,BF.BLW.FAN01::E05,val
2025-09-29 12:00:00,BF.BLW.FAN01,bf_sinter_fan_blower,1.632,45.3375,53.1567,1.383,64.9124,0,BF.BLW.FAN01::E05,val
2025-09-29 13:00:00,BF.BLW.FAN01,bf_sinter_fan_blower,1.7584,41.381,52.8218,1.4363,65.184,0,BF.BLW.FAN01::E05,val
2025-09-29 14:00:00,BF.BLW.FAN01,bf_sinter_fan_blower,1.8583,42.378,53.5696,1.6957,66.1158,0,BF.BLW.FAN01::E05,val
2025-09-29 15:00:00,BF.BLW.FAN01,bf_sinter_fan_blower,1.8264,43.8204,52.6131,1.7292,65.5231,0,BF.BLW.FAN01::E05,val
2025-09-29 16:00:00,BF.BLW.FAN01,bf_sinter_fan_blower,1.6535,45.0894,51.5497,1.9214,65.4862,0,BF.BLW.FAN01::E05,val
2025-09-29 17:00:00,BF.BLW.FAN01,bf_sinter_fan_blower,1.5595,46.5291,52.2067,1.9471,63.1466,0,BF.BLW.FAN01::E05,val
2025-09-29 18:00:00,BF.BLW.FAN01,bf_sinter_fan_blower,1.462,45.6427,50.5917,1.9185,62.8947,0,BF.BLW.FAN01::E05,val
2025-09-29 19:00:00,BF.BLW.FAN01,bf_sinter_fan_blower,1.5946,50.6226,51.3013,1.7706,62.9556,0,BF.BLW.FAN01::E05,val
2025-09-29 20:00:00,BF.BLW.FAN01,bf_sinter_fan_blower,1.5381,59.0104,51.027,1.8971,63.0881,0,BF.BLW.FAN01::E05,val
2025-09-29 21:00:00,BF.BLW.FAN01,bf_sinter_fan_blower,1.5663,79.3668,50.9114,1.806,62.7233,0,BF.BLW.FAN01::E05,val
2025-09-29 22:00:00,BF.BLW.FAN01,bf_sinter_fan_blower,1.6039,77.0078,51.3431,1.6077,63.212,0,BF.BLW.FAN01::E05,val
2025-09-29 23:00:00,BF.BLW.FAN01,bf_sinter_fan_blower,1.6625,54.0839,52.235,1.8142,64.5008,0,BF.BLW.FAN01::E05,val
2025-09-30 00:00:00,BF.BLW.FAN01,bf_sinter_fan_blower,1.7333,41.4767,52.9946,1.9212,65.4803,0,BF.BLW.FAN01::E05,val
2025-09-30 01:00:00,BF.BLW.FAN01,bf_sinter_fan_blower,1.7697,46.1124,53.3487,2.0105,66.6872,0,BF.BLW.FAN01::E05,val
2025-09-30 02:00:00,BF.BLW.FAN01,bf_sinter_fan_blower,1.8934,45.6388,54.7023,2.1065,68.0558,0,BF.BLW.FAN01::E05,val
2025-09-30 03:00:00,BF.BLW.FAN01,bf_sinter_fan_blower,1.8601,50.4984,55.0938,2.2517,68.3826,0,BF.BLW.FAN01::E05,val
2025-09-30 04:00:00,BF.BLW.FAN01,bf_sinter_fan_blower,1.8044,49.7598,55.6969,2.2384,67.7998,0,BF.BLW.FAN01::E05,val
2025-09-30 05:00:00,BF.BLW.FAN01,bf_sinter_fan_blower,1.8816,51.8274,56.1761,2.2318,68.6712,0,BF.BLW.FAN01::E05,val
2025-09-30 06:00:00,BF.BLW.FAN01,bf_sinter_fan_blower,1.8038,50.2856,56.2918,2.2666,67.2179,0,BF.BLW.FAN01::E05,val
2025-09-30 07:00:00,BF.BLW.FAN01,bf_sinter_fan_blower,1.7821,52.2912,56.5624,2.3116,66.6169,0,BF.BLW.FAN01::E05,val
2025-09-30 08:00:00,BF.BLW.FAN01,bf_sinter_fan_blower,1.76,50.2275,55.8072,2.1248,66.2951,0,BF.BLW.FAN01::E05,val
2025-09-30 09:00:00,BF.BLW.FAN01,bf_sinter_fan_blower,1.8954,47.6613,56.9607,2.1435,66.8535,0,BF.BLW.FAN01::E05,val
2025-09-30 10:00:00,BF.BLW.FAN01,bf_sinter_fan_blower,1.9324,46.0458,57.7552,2.0706,66.671,0,BF.BLW.FAN01::E05,val
2025-09-30 11:00:00,BF.BLW.FAN01,bf_sinter_fan_blower,1.9217,46.926,57.4939,1.874,66.2169,0,BF.BLW.FAN01::E05,val
2025-09-30 12:00:00,BF.BLW.FAN01,bf_sinter_fan_blower,1.9978,48.3508,57.9035,1.9565,66.5288,0,BF.BLW.FAN01::E05,val
2025-09-30 13:00:00,BF.BLW.FAN01,bf_sinter_fan_blower,1.8459,47.3357,56.2221,1.9764,66.9731,0,BF.BLW.FAN01::E05,val
2025-09-30 14:00:00,BF.BLW.FAN01,bf_sinter_fan_blower,1.9472,46.95,57.0523,1.9635,67.1395,0,BF.BLW.FAN01::E05,val
2025-09-30 15:00:00,BF.BLW.FAN01,bf_sinter_fan_blower,1.8695,47.786,56.0224,2.1254,67.2118,0,BF.BLW.FAN01::E05,val
2025-09-30 16:00:00,BF.BLW.FAN01,bf_sinter_fan_blower,1.9162,48.0898,56.0488,2.0788,67.327,0,BF.BLW.FAN01::E05,val
2025-09-30 17:00:00,BF.BLW.FAN01,bf_sinter_fan_blower,1.9197,50.3144,55.9948,2.1816,66.9051,0,BF.BLW.FAN01::E05,val
2025-09-30 18:00:00,BF.BLW.FAN01,bf_sinter_fan_blower,1.9122,50.5736,56.5961,2.143,65.2744,0,BF.BLW.FAN01::E05,val
2025-09-30 19:00:00,BF.BLW.FAN01,bf_sinter_fan_blower,1.8967,51.0972,56.2969,2.2887,65.5435,0,BF.BLW.FAN01::E05,val
2025-09-30 20:00:00,BF.BLW.FAN01,bf_sinter_fan_blower,1.6596,50.6637,54.3459,2.3488,65.1598,0,BF.BLW.FAN01::E05,val
2025-09-30 21:00:00,BF.BLW.FAN01,bf_sinter_fan_blower,1.6154,49.663,55.3728,2.453,64.809,0,BF.BLW.FAN01::E05,val
2025-09-30 22:00:00,BF.BLW.FAN01,bf_sinter_fan_blower,1.6504,43.911,54.9399,2.5704,65.4341,0,BF.BLW.FAN01::E05,val
2025-09-30 23:00:00,BF.BLW.FAN01,bf_sinter_fan_blower,1.6933,44.0656,54.8613,2.6321,66.2538,0,BF.BLW.FAN01::E05,val
2025-10-01 00:00:00,BF.BLW.FAN01,bf_sinter_fan_blower,1.6878,49.2695,55.7561,2.7828,66.809,0,BF.BLW.FAN01::E05,val
2025-10-01 01:00:00,BF.BLW.FAN01,bf_sinter_fan_blower,1.8019,49.5208,57.1274,2.7567,68.0183,0,BF.BLW.FAN01::E05,val
2025-10-01 02:00:00,BF.BLW.FAN01,bf_sinter_fan_blower,1.7764,49.1849,57.3605,2.7554,68.0381,0,BF.BLW.FAN01::E05,val
2025-10-01 03:00:00,BF.BLW.FAN01,bf_sinter_fan_blower,1.8582,51.4333,57.9066,2.7897,69.9661,0,BF.BLW.FAN01::E05,val
2025-10-01 04:00:00,BF.BLW.FAN01,bf_sinter_fan_blower,1.7463,56.2753,57.2101,2.6402,68.6196,0,BF.BLW.FAN01::E05,val
2025-10-01 05:00:00,BF.BLW.FAN01,bf_sinter_fan_blower,1.7635,55.0557,58.3618,2.5841,68.9523,0,BF.BLW.FAN01::E05,val
2025-10-01 06:00:00,BF.BLW.FAN01,bf_sinter_fan_blower,1.7928,50.9946,57.7155,2.5994,69.9622,0,BF.BLW.FAN01::E05,val
2025-10-01 07:00:00,BF.BLW.FAN01,bf_sinter_fan_blower,1.7897,49.3674,57.0372,2.5969,70.5673,0,BF.BLW.FAN01::E05,val
2025-10-01 08:00:00,BF.BLW.FAN01,bf_sinter_fan_blower,1.8447,48.0475,56.87,2.4856,70.461,0,BF.BLW.FAN01::E05,val
2025-10-01 09:00:00,BF.BLW.FAN01,bf_sinter_fan_blower,1.8371,47.5307,56.3811,2.4595,70.1502,0,BF.BLW.FAN01::E05,val
2025-10-01 10:00:00,BF.BLW.FAN01,bf_sinter_fan_blower,1.8577,50.4888,55.9672,2.3264,70.6192,0,BF.BLW.FAN01::E05,val
2025-10-01 11:00:00,BF.BLW.FAN01,bf_sinter_fan_blower,1.8724,48.0118,55.2771,2.1311,69.9367,0,BF.BLW.FAN01::E05,val
2025-10-01 12:00:00,BF.BLW.FAN01,bf_sinter_fan_blower,1.9392,47.6182,55.4784,2.1594,70.8627,0,BF.BLW.FAN01::E05,val
2025-10-01 13:00:00,BF.BLW.FAN01,bf_sinter_fan_blower,1.9581,53.4384,55.7529,2.1331,70.2467,0,BF.BLW.FAN01::E05,val
2025-10-01 14:00:00,BF.BLW.FAN01,bf_sinter_fan_blower,1.8427,51.0213,55.8434,2.1107,68.4653,0,BF.BLW.FAN01::E05,val
2025-10-01 15:00:00,BF.BLW.FAN01,bf_sinter_fan_blower,1.7491,51.1632,54.1654,1.9427,68.5056,0,BF.BLW.FAN01::E05,val
2025-10-01 16:00:00,BF.BLW.FAN01,bf_sinter_fan_blower,1.6065,81.0702,53.7822,1.9164,67.7769,0,BF.BLW.FAN01::E05,val
2025-10-01 17:00:00,BF.BLW.FAN01,bf_sinter_fan_blower,1.6882,104.5,53.766,2.0096,67.856,0,BF.BLW.FAN01::E05,val
2025-10-01 18:00:00,BF.BLW.FAN01,bf_sinter_fan_blower,1.7744,81.2594,54.7326,2.065,67.6315,0,BF.BLW.FAN01::E05,val
2025-10-01 19:00:00,BF.BLW.FAN01,bf_sinter_fan_blower,1.7925,49.9234,54.3539,2.2769,68.5249,0,BF.BLW.FAN01::E05,val
2025-10-01 20:00:00,BF.BLW.FAN01,bf_sinter_fan_blower,1.7236,44.81,54.3761,2.4796,68.4174,0,BF.BLW.FAN01::E05,val
2025-10-01 21:00:00,BF.BLW.FAN01,bf_sinter_fan_blower,1.7212,38.5905,55.2021,2.7676,68.4147,0,BF.BLW.FAN01::E05,val
2025-10-01 22:00:00,BF.BLW.FAN01,bf_sinter_fan_blower,1.8041,35.3539,55.6212,2.8002,68.6092,0,BF.BLW.FAN01::E05,val
2025-10-01 23:00:00,BF.BLW.FAN01,bf_sinter_fan_blower,1.6855,35.1313,54.4762,2.7145,69.0144,0,BF.BLW.FAN01::E05,val
2025-10-02 00:00:00,BF.BLW.FAN01,bf_sinter_fan_blower,1.5792,39.3746,54.0828,2.7136,68.7686,0,BF.BLW.FAN01::E05,val
2025-10-02 01:00:00,BF.BLW.FAN01,bf_sinter_fan_blower,1.6387,40.563,54.4631,2.6894,69.6141,0,BF.BLW.FAN01::E05,val
2025-10-02 02:00:00,BF.BLW.FAN01,bf_sinter_fan_blower,1.7341,41.479,55.0955,2.6844,70.0507,0,BF.BLW.FAN01::E05,val
2025-10-02 03:00:00,BF.BLW.FAN01,bf_sinter_fan_blower,1.9372,38.3922,55.9424,2.6639,71.9441,0,BF.BLW.FAN01::E05,val
2025-10-02 04:00:00,BF.BLW.FAN01,bf_sinter_fan_blower,1.9743,40.3188,56.4308,2.8556,71.7519,0,BF.BLW.FAN01::E05,val
2025-10-02 05:00:00,BF.BLW.FAN01,bf_sinter_fan_blower,1.9053,42.3254,56.2329,2.7781,71.7032,0,BF.BLW.FAN01::E05,val
2025-10-02 06:00:00,BF.BLW.FAN01,bf_sinter_fan_blower,1.9339,40.7627,55.5524,2.5115,71.2739,0,BF.BLW.FAN01::E05,val
2025-10-02 07:00:00,BF.BLW.FAN01,bf_sinter_fan_blower,1.8067,41.4704,54.0111,2.7559,71.5803,0,BF.BLW.FAN01::E05,val
2025-10-02 08:00:00,BF.BLW.FAN01,bf_sinter_fan_blower,1.6953,45.4985,52.9113,2.6404,70.8616,0,BF.BLW.FAN01::E05,val
2025-10-02 09:00:00,BF.BLW.FAN01,bf_sinter_fan_blower,1.7346,47.1855,52.965,2.7632,70.245,0,BF.BLW.FAN01::E05,val
2025-10-02 10:00:00,BF.BLW.FAN01,bf_sinter_fan_blower,1.6646,45.0967,51.809,2.7091,69.0462,0,BF.BLW.FAN01::E05,val
2025-10-02 11:00:00,BF.BLW.FAN01,bf_sinter_fan_blower,1.4794,43.8472,51.0088,2.669,66.7819,0,BF.BLW.FAN01::E05,val
2025-10-02 12:00:00,BF.BLW.FAN01,bf_sinter_fan_blower,1.4707,42.7995,51.2924,2.7961,65.6089,0,BF.BLW.FAN01::E05,val
2025-10-02 13:00:00,BF.BLW.FAN01,bf_sinter_fan_blower,1.5848,40.5126,50.4852,2.832,66.2357,0,BF.BLW.FAN01::E05,val
2025-10-02 14:00:00,BF.BLW.FAN01,bf_sinter_fan_blower,1.6347,42.082,50.1512,2.7818,66.7028,0,BF.BLW.FAN01::E05,val
2025-10-02 15:00:00,BF.BLW.FAN01,bf_sinter_fan_blower,1.6678,42.9432,50.6159,2.6649,66.1709,0,BF.BLW.FAN01::E05,val
2025-10-02 16:00:00,BF.BLW.FAN01,bf_sinter_fan_blower,1.6591,44.0449,50.2321,2.7681,66.3382,0,BF.BLW.FAN01::E05,val
2025-10-02 17:00:00,BF.BLW.FAN01,bf_sinter_fan_blower,1.6284,40.8782,50.1891,2.6359,66.2284,0,BF.BLW.FAN01::E05,val
2025-10-02 18:00:00,BF.BLW.FAN01,bf_sinter_fan_blower,1.5524,43.5922,50.8791,2.5225,64.7926,0,BF.BLW.FAN01::E05,val
2025-10-02 19:00:00,BF.BLW.FAN01,bf_sinter_fan_blower,1.7421,46.8384,52.0434,2.3636,65.9843,0,BF.BLW.FAN01::E05,val
2025-10-02 20:00:00,BF.BLW.FAN01,bf_sinter_fan_blower,1.7148,44.4873,52.0807,2.3335,66.1454,0,BF.BLW.FAN01::E05,val
2025-10-02 21:00:00,BF.BLW.FAN01,bf_sinter_fan_blower,1.6801,48.1055,52.4267,2.5531,66.5024,0,BF.BLW.FAN01::E05,val
2025-10-02 22:00:00,BF.BLW.FAN01,bf_sinter_fan_blower,1.7084,49.0486,52.7619,2.4981,66.493,0,BF.BLW.FAN01::E05,val
2025-10-02 23:00:00,BF.BLW.FAN01,bf_sinter_fan_blower,1.6813,51.4885,53.4404,2.4713,66.6722,0,BF.BLW.FAN01::E05,val
2025-10-03 00:00:00,BF.BLW.FAN01,bf_sinter_fan_blower,1.7503,53.4698,54.3579,2.3631,66.6833,0,BF.BLW.FAN01::E05,val
2025-10-03 01:00:00,BF.BLW.FAN01,bf_sinter_fan_blower,1.7018,52.9574,53.7726,2.5373,66.9107,0,BF.BLW.FAN01::E05,val
2025-10-03 02:00:00,BF.BLW.FAN01,bf_sinter_fan_blower,1.6987,56.558,53.5607,2.726,67.7405,0,BF.BLW.FAN01::E05,val
2025-10-03 03:00:00,BF.BLW.FAN01,bf_sinter_fan_blower,1.6853,56.2051,54.2497,2.7941,67.1586,0,BF.BLW.FAN01::E05,val
2025-10-03 04:00:00,BF.BLW.FAN01,bf_sinter_fan_blower,1.702,54.7633,53.3829,2.7347,68.3602,0,BF.BLW.FAN01::E05,val
2025-10-03 05:00:00,BF.BLW.FAN01,bf_sinter_fan_blower,1.6531,52.5876,53.6447,2.7487,68.0248,0,BF.BLW.FAN01::E05,val
2025-10-03 06:00:00,BF.BLW.FAN01,bf_sinter_fan_blower,1.8451,55.7386,54.204,2.6248,68.4392,0,BF.BLW.FAN01::E05,val
2025-10-03 07:00:00,BF.BLW.FAN01,bf_sinter_fan_blower,1.7363,54.3586,53.3103,2.6266,67.9214,0,BF.BLW.FAN01::E05,val
2025-10-03 08:00:00,BF.BLW.FAN01,bf_sinter_fan_blower,1.7005,51.0317,52.9234,2.5471,68.492,0,BF.BLW.FAN01::E05,val
2025-10-03 09:00:00,BF.BLW.FAN01,bf_sinter_fan_blower,1.6973,52.7709,51.8182,2.7888,68.8256,0,BF.BLW.FAN01::E05,val
2025-10-03 10:00:00,BF.BLW.FAN01,bf_sinter_fan_blower,1.7568,51.1046,52.7404,2.5902,68.3924,0,BF.BLW.FAN01::E05,val
2025-10-03 11:00:00,BF.BLW.FAN01,bf_sinter_fan_blower,1.9147,49.8483,54.0261,2.8156,68.618,0,BF.BLW.FAN01::E05,val
2025-10-03 12:00:00,BF.BLW.FAN01,bf_sinter_fan_blower,1.9643,44.4937,54.5374,2.8,68.2398,0,BF.BLW.FAN01::E05,val
2025-10-03 13:00:00,BF.BLW.FAN01,bf_sinter_fan_blower,1.8923,44.811,54.5153,2.605,66.7177,0,BF.BLW.FAN01::E05,val
2025-10-03 14:00:00,BF.BLW.FAN01,bf_sinter_fan_blower,1.9717,45.812,54.4002,2.4569,66.5774,0,BF.BLW.FAN01::E05,val
2025-10-03 15:00:00,BF.BLW.FAN01,bf_sinter_fan_blower,1.8566,48.7224,53.9573,2.4136,65.5075,0,BF.BLW.FAN01::E05,val
2025-10-03 16:00:00,BF.BLW.FAN01,bf_sinter_fan_blower,1.8104,49.5527,52.3575,2.3434,65.3013,0,BF.BLW.FAN01::E05,val
2025-10-03 17:00:00,BF.BLW.FAN01,bf_sinter_fan_blower,1.8843,52.0963,51.9167,2.5227,65.9908,0,BF.BLW.FAN01::E05,val
2025-10-03 18:00:00,BF.BLW.FAN01,bf_sinter_fan_blower,1.7471,53.3648,51.8213,2.6707,65.1432,0,BF.BLW.FAN01::E05,val
2025-10-03 19:00:00,BF.BLW.FAN01,bf_sinter_fan_blower,1.7474,52.3121,52.5301,2.6924,63.4641,0,BF.BLW.FAN01::E05,val
2025-10-03 20:00:00,BF.BLW.FAN01,bf_sinter_fan_blower,1.8113,53.09,52.1924,2.7458,64.8556,0,BF.BLW.FAN01::E05,val
2025-10-03 21:00:00,BF.BLW.FAN01,bf_sinter_fan_blower,1.7313,54.5247,53.7525,2.7397,63.4517,0,BF.BLW.FAN01::E05,val
2025-10-03 22:00:00,BF.BLW.FAN01,bf_sinter_fan_blower,1.7677,55.7197,53.232,2.7638,63.661,0,BF.BLW.FAN01::E05,val
2025-10-03 23:00:00,BF.BLW.FAN01,bf_sinter_fan_blower,1.6846,55.3043,52.6614,2.661,63.5219,0,BF.BLW.FAN01::E05,val
2025-10-04 00:00:00,BF.BLW.FAN01,bf_sinter_fan_blower,1.7112,60.0223,53.4937,2.6926,64.2714,0,BF.BLW.FAN01::E05,val
2025-10-04 01:00:00,BF.BLW.FAN01,bf_sinter_fan_blower,1.7669,62.6166,54.511,3.1534,64.3344,0,BF.BLW.FAN01::E05,val
2025-10-04 02:00:00,BF.BLW.FAN01,bf_sinter_fan_blower,1.6965,57.8915,54.9004,4.8031,64.0146,0,BF.BLW.FAN01::E05,val
2025-10-04 03:00:00,BF.BLW.FAN01,bf_sinter_fan_blower,1.6366,58.9012,54.0007,6.0439,64.6057,0,BF.BLW.FAN01::E05,val
2025-10-04 04:00:00,BF.BLW.FAN01,bf_sinter_fan_blower,1.5438,60.7033,53.3792,6.0988,63.8849,0,BF.BLW.FAN01::E05,val
2025-10-04 05:00:00,BF.BLW.FAN01,bf_sinter_fan_blower,1.6562,61.819,54.5888,5.1814,64.0968,0,BF.BLW.FAN01::E05,val
2025-10-04 06:00:00,BF.BLW.FAN01,bf_sinter_fan_blower,1.738,61.2567,54.7263,3.8383,66.3378,0,BF.BLW.FAN01::E05,val
2025-10-04 07:00:00,BF.BLW.FAN01,bf_sinter_fan_blower,1.7748,59.5712,55.7558,3.2073,64.8983,0,BF.BLW.FAN01::E05,val
2025-10-04 08:00:00,BF.BLW.FAN01,bf_sinter_fan_blower,1.695,61.1148,55.776,3.4265,64.3808,0,BF.BLW.FAN01::E05,val
2025-10-04 09:00:00,BF.BLW.FAN01,bf_sinter_fan_blower,1.7406,63.1343,56.5299,3.4965,63.5717,0,BF.BLW.FAN01::E05,val
2025-10-04 10:00:00,BF.BLW.FAN01,bf_sinter_fan_blower,1.6543,66.6383,56.0124,3.6821,63.3629,1,BF.BLW.FAN01::E05,val
2025-10-04 11:00:00,BF.BLW.FAN01,bf_sinter_fan_blower,1.6905,66.39,56.1135,3.6414,63.3867,0,BF.BLW.FAN01::E05,val
2025-10-04 12:00:00,BF.BLW.FAN01,bf_sinter_fan_blower,1.7526,68.8048,55.6827,3.8002,64.9288,0,BF.BLW.FAN01::E05,val
2025-10-04 13:00:00,BF.BLW.FAN01,bf_sinter_fan_blower,1.8085,63.1688,54.9344,3.6947,65.497,0,BF.BLW.FAN01::E05,val
2025-10-04 14:00:00,BF.BLW.FAN01,bf_sinter_fan_blower,1.8388,68.2938,53.9206,3.5682,66.1078,0,BF.BLW.FAN01::E05,val
2025-10-04 15:00:00,BF.BLW.FAN01,bf_sinter_fan_blower,1.846,67.6583,54.5754,3.5638,65.7777,0,BF.BLW.FAN01::E05,val
2025-10-04 16:00:00,BF.BLW.FAN01,bf_sinter_fan_blower,1.8205,70.424,53.7971,3.6709,65.6068,0,BF.BLW.FAN01::E05,val
2025-10-04 17:00:00,BF.BLW.FAN01,bf_sinter_fan_blower,1.7494,64.9562,52.9815,3.6461,65.341,0,BF.BLW.FAN01::E05,val
2025-10-04 18:00:00,BF.BLW.FAN01,bf_sinter_fan_blower,1.7582,66.7952,52.5897,3.7783,66.1383,0,BF.BLW.FAN01::E05,val
2025-10-04 19:00:00,BF.BLW.FAN01,bf_sinter_fan_blower,1.8874,69.0457,53.2747,3.7085,65.8474,0,BF.BLW.FAN01::E05,val
2025-10-04 20:00:00,BF.BLW.FAN01,bf_sinter_fan_blower,1.8232,72.6251,53.9159,3.8075,65.3301,0,BF.BLW.FAN01::E05,val
2025-10-04 21:00:00,BF.BLW.FAN01,bf_sinter_fan_blower,1.8471,75.1909,54.6393,3.7353,65.0919,0,BF.BLW.FAN01::E05,val
2025-10-04 22:00:00,BF.BLW.FAN01,bf_sinter_fan_blower,1.8052,72.2796,53.6736,3.7094,65.6119,1,BF.BLW.FAN01::E05,val
2025-10-04 23:00:00,BF.BLW.FAN01,bf_sinter_fan_blower,1.7931,72.2398,53.9798,3.6202,66.1228,0,BF.BLW.FAN01::E05,val
2025-10-05 00:00:00,BF.BLW.FAN01,bf_sinter_fan_blower,1.7118,68.4065,54.0039,3.4508,65.3203,0,BF.BLW.FAN01::E05,val
2025-10-05 01:00:00,BF.BLW.FAN01,bf_sinter_fan_blower,1.7123,67.7866,53.6809,3.4346,65.7233,0,BF.BLW.FAN01::E05,val
2025-10-05 02:00:00,BF.BLW.FAN01,bf_sinter_fan_blower,1.6663,66.3795,53.5023,3.4952,66.3559,0,BF.BLW.FAN01::E05,val
2025-10-05 03:00:00,BF.BLW.FAN01,bf_sinter_fan_blower,1.5946,64.7654,53.0855,3.3756,65.3198,1,BF.BLW.FAN01::E05,val
2025-10-05 04:00:00,BF.BLW.FAN01,bf_sinter_fan_blower,1.5702,62.1024,52.9779,3.6089,66.083,1,BF.BLW.FAN01::E05,val
2025-10-05 05:00:00,BF.BLW.FAN01,bf_sinter_fan_blower,1.4691,59.572,52.5333,3.6005,66.1178,1,BF.BLW.FAN01::E05,val
2025-10-05 06:00:00,BF.BLW.FAN01,bf_sinter_fan_blower,1.5571,57.0399,52.7141,3.4928,67.0079,0,BF.BLW.FAN01::E05,val
2025-10-05 07:00:00,BF.BLW.FAN01,bf_sinter_fan_blower,1.597,59.3197,53.3915,3.6402,67.7965,0,BF.BLW.FAN01::E05,val
2025-10-05 08:00:00,BF.BLW.FAN01,bf_sinter_fan_blower,1.6157,64.4056,52.7281,3.5409,68.1833,1,BF.BLW.FAN01::E05,val
2025-10-05 09:00:00,BF.BLW.FAN01,bf_sinter_fan_blower,1.6372,59.637,53.1845,3.5423,68.444,1,BF.BLW.FAN01::E05,val
2025-10-05 10:00:00,BF.BLW.FAN01,bf_sinter_fan_blower,1.6008,59.1142,53.0016,3.6315,68.2142,1,BF.BLW.FAN01::E05,val
2025-10-05 11:00:00,BF.BLW.FAN01,bf_sinter_fan_blower,1.5526,60.1761,53.4453,3.7333,67.576,0,BF.BLW.FAN01::E05,val
2025-10-05 12:00:00,BF.BLW.FAN01,bf_sinter_fan_blower,1.632,61.407,53.8518,3.7654,67.5394,0,BF.BLW.FAN01::E05,val
2025-10-05 13:00:00,BF.BLW.FAN01,bf_sinter_fan_blower,1.6156,62.3943,52.8203,3.7988,66.3169,0,BF.BLW.FAN01::E05,val
2025-10-05 14:00:00,BF.BLW.FAN01,bf_sinter_fan_blower,1.6538,62.6515,53.1068,3.7398,65.9436,0,BF.BLW.FAN01::E05,val
2025-10-05 15:00:00,BF.BLW.FAN01,bf_sinter_fan_blower,1.7295,64.9463,53.1066,3.6963,65.5269,0,BF.BLW.FAN01::E05,val
2025-10-05 16:00:00,BF.BLW.FAN01,bf_sinter_fan_blower,1.7178,71.9817,53.3195,3.9149,66.3418,0,BF.BLW.FAN01::E05,val
2025-10-05 17:00:00,BF.BLW.FAN01,bf_sinter_fan_blower,1.7666,69.6744,53.9352,3.8012,66.5331,0,BF.BLW.FAN01::E05,val
2025-10-05 18:00:00,BF.BLW.FAN01,bf_sinter_fan_blower,1.7927,71.4337,54.2803,3.7754,66.355,0,BF.BLW.FAN01::E05,val
2025-10-05 19:00:00,BF.BLW.FAN01,bf_sinter_fan_blower,1.7735,71.4225,54.7472,3.9322,66.8231,0,BF.BLW.FAN01::E05,val
2025-10-05 20:00:00,BF.BLW.FAN01,bf_sinter_fan_blower,1.6906,73.6313,53.6893,4.0052,67.0141,0,BF.BLW.FAN01::E05,val
2025-10-05 21:00:00,BF.BLW.FAN01,bf_sinter_fan_blower,1.7867,74.0182,54.0781,4.0481,68.0746,1,BF.BLW.FAN01::E05,val
2025-10-05 22:00:00,BF.BLW.FAN01,bf_sinter_fan_blower,1.9174,74.1811,54.8769,4.2,69.2834,1,BF.BLW.FAN01::E05,val
2025-10-05 23:00:00,BF.BLW.FAN01,bf_sinter_fan_blower,1.9361,74.6227,55.8146,4.2832,68.9795,0,BF.BLW.FAN01::E05,val
2025-10-06 00:00:00,BF.BLW.FAN01,bf_sinter_fan_blower,1.9385,75.6638,56.1232,4.0583,69.2249,1,BF.BLW.FAN01::E05,val
2025-10-06 01:00:00,BF.BLW.FAN01,bf_sinter_fan_blower,1.9237,73.0,56.9001,3.8321,69.3115,0,BF.BLW.FAN01::E05,val
2025-10-06 02:00:00,BF.BLW.FAN01,bf_sinter_fan_blower,1.9154,70.4237,57.0992,3.8815,69.9895,1,BF.BLW.FAN01::E05,val
2025-10-06 03:00:00,BF.BLW.FAN01,bf_sinter_fan_blower,1.915,72.1541,56.5263,3.8259,70.8552,0,BF.BLW.FAN01::E05,val
2025-10-06 04:00:00,BF.BLW.FAN01,bf_sinter_fan_blower,1.7997,71.0771,57.1636,4.0878,70.1848,1,BF.BLW.FAN01::E05,val
2025-10-06 05:00:00,BF.BLW.FAN01,bf_sinter_fan_blower,1.8035,74.3336,57.66,4.1364,70.3524,1,BF.BLW.FAN01::E05,val
2025-10-06 06:00:00,BF.BLW.FAN01,bf_sinter_fan_blower,1.8856,69.96,57.9429,3.827,70.3068,1,BF.BLW.FAN01::E05,val
2025-10-06 07:00:00,BF.BLW.FAN01,bf_sinter_fan_blower,1.9751,70.2931,58.0242,3.8172,71.0824,0,BF.BLW.FAN01::E05,val
2025-10-06 08:00:00,BF.BLW.FAN01,bf_sinter_fan_blower,2.0577,69.3238,59.1176,3.8096,70.8628,0,BF.BLW.FAN01::E05,val
2025-10-06 09:00:00,BF.BLW.FAN01,bf_sinter_fan_blower,1.9554,70.5218,58.3875,3.9694,70.3616,1,BF.BLW.FAN01::E05,val
2025-10-06 10:00:00,BF.BLW.FAN01,bf_sinter_fan_blower,1.9273,70.1582,58.9361,3.8375,68.5463,1,BF.BLW.FAN01::E05,val
2025-10-06 11:00:00,BF.BLW.FAN01,bf_sinter_fan_blower,1.9207,64.4182,58.3325,3.7836,68.3014,0,BF.BLW.FAN01::E05,val
2025-10-06 12:00:00,BF.BLW.FAN01,bf_sinter_fan_blower,1.9292,64.7204,57.7357,3.8916,68.6371,0,BF.BLW.FAN01::E05,val
2025-10-06 13:00:00,BF.BLW.FAN01,bf_sinter_fan_blower,1.7946,61.4327,57.9526,3.8969,66.9241,1,BF.BLW.FAN01::E05,val
2025-10-06 14:00:00,BF.BLW.FAN01,bf_sinter_fan_blower,1.6819,65.4356,56.5498,3.8301,66.4409,1,BF.BLW.FAN01::E05,val
2025-10-06 15:00:00,BF.BLW.FAN01,bf_sinter_fan_blower,1.6198,66.6651,55.8992,3.6742,65.5168,0,BF.BLW.FAN01::E05,val
2025-10-06 16:00:00,BF.BLW.FAN01,bf_sinter_fan_blower,1.6223,66.4451,55.7035,3.7061,65.4404,0,BF.BLW.FAN01::E05,val
2025-10-06 17:00:00,BF.BLW.FAN01,bf_sinter_fan_blower,1.6253,65.9087,56.9997,3.7987,64.2632,1,BF.BLW.FAN01::E05,val
2025-10-06 18:00:00,BF.BLW.FAN01,bf_sinter_fan_blower,1.6278,73.4606,56.9818,3.7043,63.9738,0,BF.BLW.FAN01::E05,val
2025-10-06 19:00:00,BF.BLW.FAN01,bf_sinter_fan_blower,1.5351,74.1748,57.0676,3.955,63.1969,1,BF.BLW.FAN01::E05,val
2025-10-06 20:00:00,BF.BLW.FAN01,bf_sinter_fan_blower,1.4259,73.4303,56.7385,4.141,62.4072,1,BF.BLW.FAN01::E05,val
2025-10-06 21:00:00,BF.BLW.FAN01,bf_sinter_fan_blower,1.553,72.1299,57.539,4.2008,62.8906,1,BF.BLW.FAN01::E05,val
2025-10-06 22:00:00,BF.BLW.FAN01,bf_sinter_fan_blower,1.6883,72.0467,57.8639,4.2246,63.2755,1,BF.BLW.FAN01::E05,val
2025-10-06 23:00:00,BF.BLW.FAN01,bf_sinter_fan_blower,1.7815,68.2936,58.818,4.2503,63.564,1,BF.BLW.FAN01::E05,val
2025-10-07 00:00:00,BF.BLW.FAN01,bf_sinter_fan_blower,1.8149,71.1177,59.7337,4.2713,63.8434,1,BF.BLW.FAN01::E05,val
2025-10-07 01:00:00,BF.BLW.FAN01,bf_sinter_fan_blower,1.7344,71.0359,58.0801,4.3338,65.0206,1,BF.BLW.FAN01::E05,val
2025-10-07 02:00:00,BF.BLW.FAN01,bf_sinter_fan_blower,1.5769,72.9668,57.2272,4.3479,65.4908,1,BF.BLW.FAN01::E05,val
2025-10-07 03:00:00,BF.BLW.FAN01,bf_sinter_fan_blower,1.6054,74.1396,57.6531,4.3278,65.408,1,BF.BLW.FAN01::E05,val
2025-10-07 04:00:00,BF.BLW.FAN01,bf_sinter_fan_blower,1.6815,73.5087,56.8797,4.1062,65.3172,1,BF.BLW.FAN01::E05,val
2025-10-07 05:00:00,BF.BLW.FAN01,bf_sinter_fan_blower,1.786,76.936,57.138,3.9899,65.5303,1,BF.BLW.FAN01::E05,val
2025-10-07 06:00:00,BF.BLW.FAN01,bf_sinter_fan_blower,1.7892,86.0529,57.3516,3.9942,65.4061,1,BF.BLW.FAN01::E05,val
2025-10-07 07:00:00,BF.BLW.FAN01,bf_sinter_fan_blower,1.8786,99.4785,57.9261,3.8544,65.3409,1,BF.BLW.FAN01::E05,val
2025-10-07 08:00:00,BF.BLW.FAN01,bf_sinter_fan_blower,1.895,104.5,58.6406,3.8807,65.7486,1,BF.BLW.FAN01::E05,val
2025-10-07 09:00:00,BF.BLW.FAN01,bf_sinter_fan_blower,1.8506,104.5,59.0815,3.9296,67.0836,1,BF.BLW.FAN01::E05,val
2025-10-07 10:00:00,BF.BLW.FAN01,bf_sinter_fan_blower,1.8066,104.5,59.1172,3.7265,71.2562,1,BF.BLW.FAN01::E05,val
2025-10-07 11:00:00,BF.BLW.FAN01,bf_sinter_fan_blower,1.7349,103.871,58.3151,3.9171,76.4301,1,BF.BLW.FAN01::E05,val
2025-10-07 12:00:00,BF.BLW.FAN01,bf_sinter_fan_blower,1.7822,93.15,58.2596,4.0768,79.269,1,BF.BLW.FAN01::E05,val
2025-10-07 13:00:00,BF.BLW.FAN01,bf_sinter_fan_blower,1.9075,84.6483,57.9536,4.0145,76.8339,1,BF.BLW.FAN01::E05,val
2025-10-07 14:00:00,BF.BLW.FAN01,bf_sinter_fan_blower,2.0455,75.8942,58.3861,3.9651,71.0293,1,BF.BLW.FAN01::E05,val
2025-10-07 15:00:00,BF.BLW.FAN01,bf_sinter_fan_blower,2.0655,73.7567,58.4932,4.1616,65.4765,1,BF.BLW.FAN01::E05,val
2025-10-07 16:00:00,BF.BLW.FAN01,bf_sinter_fan_blower,2.102,70.8488,58.9202,4.3985,63.3217,1,BF.BLW.FAN01::E05,val
2025-10-07 17:00:00,BF.BLW.FAN01,bf_sinter_fan_blower,2.1264,78.0999,59.2237,4.442,63.2256,1,BF.BLW.FAN01::E05,val
2025-10-07 18:00:00,BF.BLW.FAN01,bf_sinter_fan_blower,2.0252,77.5775,58.7383,4.6598,63.2191,1,BF.BLW.FAN01::E05,val
2025-10-07 19:00:00,BF.BLW.FAN01,bf_sinter_fan_blower,1.8956,78.5512,57.6093,4.7518,62.6534,1,BF.BLW.FAN01::E05,val
2025-10-07 20:00:00,BF.BLW.FAN01,bf_sinter_fan_blower,1.8928,79.6024,58.4351,4.5443,61.8191,1,BF.BLW.FAN01::E05,val
2025-10-07 21:00:00,BF.BLW.FAN01,bf_sinter_fan_blower,1.7361,78.9416,57.4027,4.7853,61.578,0,BF.BLW.FAN01::E05,val
2025-10-07 22:00:00,BF.BLW.FAN01,bf_sinter_fan_blower,1.7941,78.0579,58.2168,4.8252,61.8037,1,BF.BLW.FAN01::E05,val
2025-10-07 23:00:00,BF.BLW.FAN01,bf_sinter_fan_blower,1.7086,76.6402,58.5901,4.7505,60.9531,1,BF.BLW.FAN01::E05,val
2025-10-08 00:00:00,BF.BLW.FAN01,bf_sinter_fan_blower,1.6985,76.5903,58.2371,4.7265,61.3647,1,BF.BLW.FAN01::E05,val
2025-10-08 01:00:00,BF.BLW.FAN01,bf_sinter_fan_blower,1.7264,74.8952,58.5989,4.7535,63.021,1,BF.BLW.FAN01::E05,val
2025-10-08 02:00:00,BF.BLW.FAN01,bf_sinter_fan_blower,1.7499,77.1085,58.5346,4.6443,63.6024,1,BF.BLW.FAN01::E05,val
2025-10-08 03:00:00,BF.BLW.FAN01,bf_sinter_fan_blower,1.7972,79.2586,60.1047,4.9378,64.3737,1,BF.BLW.FAN01::E05,val
2025-10-08 04:00:00,BF.BLW.FAN01,bf_sinter_fan_blower,1.7941,78.0002,60.6175,4.8277,63.765,1,BF.BLW.FAN01::E05,val
2025-10-08 05:00:00,BF.BLW.FAN01,bf_sinter_fan_blower,1.8459,84.0737,60.7111,4.8277,64.4439,1,BF.BLW.FAN01::E05,val
2025-10-08 06:00:00,BF.BLW.FAN01,bf_sinter_fan_blower,1.9138,85.9369,62.0425,4.7579,63.8588,1,BF.BLW.FAN01::E05,val
2025-10-08 07:00:00,BF.BLW.FAN01,bf_sinter_fan_blower,1.9238,88.6894,62.9537,4.8921,63.8089,1,BF.BLW.FAN01::E05,val
2025-10-08 08:00:00,BF.BLW.FAN01,bf_sinter_fan_blower,2.0258,93.0923,62.5435,4.8258,63.9445,1,BF.BLW.FAN01::E05,val
2025-10-08 09:00:00,BF.BLW.FAN01,bf_sinter_fan_blower,1.9845,93.4353,62.6655,4.8885,63.7853,1,BF.BLW.FAN01::E05,val
2025-10-08 10:00:00,BF.BLW.FAN01,bf_sinter_fan_blower,2.0672,96.5816,63.172,4.9271,63.7754,1,BF.BLW.FAN01::E05,val
2025-10-08 11:00:00,BF.BLW.FAN01,bf_sinter_fan_blower,2.0519,90.8202,63.3523,4.838,63.0502,1,BF.BLW.FAN01::E05,val
2025-10-08 12:00:00,BF.BLW.FAN01,bf_sinter_fan_blower,2.0756,90.0136,62.7143,4.6924,62.9371,1,BF.BLW.FAN01::E05,val
2025-10-08 13:00:00,BF.BLW.FAN01,bf_sinter_fan_blower,1.9927,91.3113,61.7853,4.6518,62.0553,1,BF.BLW.FAN01::E05,val
2025-10-08 14:00:00,BF.BLW.FAN01,bf_sinter_fan_blower,1.9942,92.6151,62.1494,4.7461,61.3789,1,BF.BLW.FAN01::E05,val
2025-10-08 15:00:00,BF.BLW.FAN01,bf_sinter_fan_blower,1.918,93.9007,62.12,4.8146,60.266,1,BF.BLW.FAN01::E05,val
2025-10-08 16:00:00,BF.BLW.FAN01,bf_sinter_fan_blower,1.8456,92.6473,61.3553,5.0119,59.6646,1,BF.BLW.FAN01::E05,val
2025-10-08 17:00:00,BF.BLW.FAN01,bf_sinter_fan_blower,1.7985,93.4015,60.416,5.0963,60.1914,1,BF.BLW.FAN01::E05,val
2025-10-08 18:00:00,BF.BLW.FAN01,bf_sinter_fan_blower,1.7693,93.8518,59.2289,5.0654,60.3251,1,BF.BLW.FAN01::E05,val
2025-10-08 19:00:00,BF.BLW.FAN01,bf_sinter_fan_blower,1.7201,91.1259,60.6003,5.4288,59.9175,1,BF.BLW.FAN01::E05,val
2025-10-08 20:00:00,BF.BLW.FAN01,bf_sinter_fan_blower,1.7625,92.6513,60.4756,5.7634,60.5237,1,BF.BLW.FAN01::E05,val
2025-10-08 21:00:00,BF.BLW.FAN01,bf_sinter_fan_blower,1.7648,88.4267,60.6311,5.7039,59.1009,1,BF.BLW.FAN01::E05,val
2025-10-08 22:00:00,BF.BLW.FAN01,bf_sinter_fan_blower,1.6566,91.8931,60.718,5.9102,58.5777,1,BF.BLW.FAN01::E05,val
2025-10-08 23:00:00,BF.BLW.FAN01,bf_sinter_fan_blower,1.7128,93.9424,60.3162,6.0857,59.7192,1,BF.BLW.FAN01::E05,val
2025-10-09 00:00:00,BF.BLW.FAN01,bf_sinter_fan_blower,1.8567,94.5492,60.6641,6.3753,59.9593,1,BF.BLW.FAN01::E05,val
2025-10-09 01:00:00,BF.BLW.FAN01,bf_sinter_fan_blower,1.7789,100.1398,60.4523,6.7586,59.4604,1,BF.BLW.FAN01::E05,val
2025-10-09 02:00:00,BF.BLW.FAN01,bf_sinter_fan_blower,1.649,99.6628,59.7897,7.0659,58.8542,1,BF.BLW.FAN01::E05,val
2025-10-09 03:00:00,BF.BLW.FAN01,bf_sinter_fan_blower,1.6475,102.0448,59.4869,7.3703,58.6026,1,BF.BLW.FAN01::E05,val
2025-10-09 04:00:00,BF.BLW.FAN01,bf_sinter_fan_blower,1.6728,104.4328,59.5839,7.6516,58.753,1,BF.BLW.FAN01::E05,val
2025-10-09 05:00:00,BF.BLW.FAN01,bf_sinter_fan_blower,1.6827,102.3992,59.7733,7.846,58.3734,1,BF.BLW.FAN01::E05,val
2025-10-09 06:00:00,BF.BLW.FAN01,bf_sinter_fan_blower,1.7426,100.4489,60.1178,7.6933,58.769,1,BF.BLW.FAN01::E05,val
2025-10-09 07:00:00,BF.BLW.FAN01,bf_sinter_fan_blower,1.7594,102.8401,59.944,7.761,58.827,2,BF.BLW.FAN01::E05,val
2025-10-09 08:00:00,BF.BLW.FAN01,bf_sinter_fan_blower,1.7824,102.8174,59.9805,7.6503,58.9473,1,BF.BLW.FAN01::E05,val
2025-10-09 09:00:00,BF.BLW.FAN01,bf_sinter_fan_blower,1.8185,100.3509,59.2516,7.6941,59.4276,2,BF.BLW.FAN01::E05,val
2025-10-09 10:00:00,BF.BLW.FAN01,bf_sinter_fan_blower,1.8441,100.0823,58.6963,7.7897,59.2204,1,BF.BLW.FAN01::E05,val
2025-10-09 11:00:00,BF.BLW.FAN01,bf_sinter_fan_blower,1.6605,96.1436,58.6583,7.9263,56.8182,1,BF.BLW.FAN01::E05,val
2025-10-09 12:00:00,BF.BLW.FAN01,bf_sinter_fan_blower,1.6079,92.562,58.1551,8.1005,56.6795,1,BF.BLW.FAN01::E05,val
2025-10-09 13:00:00,BF.BLW.FAN01,bf_sinter_fan_blower,1.5771,98.3345,56.75,7.9804,56.2987,2,BF.BLW.FAN01::E05,val
2025-10-09 14:00:00,BF.BLW.FAN01,bf_sinter_fan_blower,1.5719,95.9905,57.0496,7.9683,55.3449,1,BF.BLW.FAN01::E05,val
2025-10-09 15:00:00,BF.BLW.FAN01,bf_sinter_fan_blower,1.5581,96.9733,56.1898,7.8133,55.0691,1,BF.BLW.FAN01::E05,val
2025-10-09 16:00:00,BF.BLW.FAN01,bf_sinter_fan_blower,1.5432,97.9081,55.2578,7.8501,55.498,2,BF.BLW.FAN01::E05,val
2025-10-09 17:00:00,BF.BLW.FAN01,bf_sinter_fan_blower,1.6573,97.2619,55.7525,7.8866,56.2015,1,BF.BLW.FAN01::E05,val
2025-10-09 18:00:00,BF.BLW.FAN01,bf_sinter_fan_blower,1.4972,95.4982,55.4487,8.2022,55.5129,1,BF.BLW.FAN01::E05,val
2025-10-09 19:00:00,BF.BLW.FAN01,bf_sinter_fan_blower,1.5337,93.7903,56.3673,8.2553,56.0492,1,BF.BLW.FAN01::E05,val
2025-10-09 20:00:00,BF.BLW.FAN01,bf_sinter_fan_blower,1.5716,95.3693,56.3028,8.3255,56.5658,1,BF.BLW.FAN01::E05,val
2025-10-09 21:00:00,BF.BLW.FAN01,bf_sinter_fan_blower,1.6482,96.7167,56.8317,8.3176,56.0789,2,BF.BLW.FAN01::E05,val
2025-10-09 22:00:00,BF.BLW.FAN01,bf_sinter_fan_blower,1.7651,94.494,57.101,8.2151,57.29,2,BF.BLW.FAN01::E05,val
2025-10-09 23:00:00,BF.BLW.FAN01,bf_sinter_fan_blower,1.7767,91.9505,57.1151,8.3091,57.8831,2,BF.BLW.FAN01::E05,val
2025-10-10 00:00:00,BF.BLW.FAN01,bf_sinter_fan_blower,1.7601,92.9546,58.2586,8.2797,58.519,1,BF.BLW.FAN01::E05,val
2025-10-10 01:00:00,BF.BLW.FAN01,bf_sinter_fan_blower,1.8143,93.9198,58.1499,8.1559,58.3321,1,BF.BLW.FAN01::E05,val
2025-10-10 02:00:00,BF.BLW.FAN01,bf_sinter_fan_blower,1.6559,97.283,56.7258,8.2388,58.917,1,BF.BLW.FAN01::E05,val
2025-10-10 03:00:00,BF.BLW.FAN01,bf_sinter_fan_blower,1.6975,97.5166,56.4427,8.0643,59.2276,1,BF.BLW.FAN01::E05,val
2025-10-10 04:00:00,BF.BLW.FAN01,bf_sinter_fan_blower,1.8031,99.8989,57.5624,8.005,59.5264,2,BF.BLW.FAN01::E05,val
2025-10-10 05:00:00,BF.BLW.FAN01,bf_sinter_fan_blower,1.7171,100.6818,57.6755,7.9598,59.6215,2,BF.BLW.FAN01::E05,val
2025-10-10 06:00:00,BF.BLW.FAN01,bf_sinter_fan_blower,1.7109,96.7959,58.3988,7.8565,59.2934,1,BF.BLW.FAN01::E05,val
2025-10-10 07:00:00,BF.BLW.FAN01,bf_sinter_fan_blower,1.7886,93.6026,58.3474,7.8317,60.4273,2,BF.BLW.FAN01::E05,val
2025-10-10 08:00:00,BF.BLW.FAN01,bf_sinter_fan_blower,1.694,89.8013,57.7095,7.8663,59.5969,2,BF.BLW.FAN01::E05,val
2025-10-10 09:00:00,BF.BLW.FAN01,bf_sinter_fan_blower,1.6731,86.1986,57.5662,7.9032,59.0559,2,BF.BLW.FAN01::E05,val
2025-10-10 10:00:00,BF.BLW.FAN01,bf_sinter_fan_blower,1.5809,84.7137,57.3622,7.9225,56.8626,1,BF.BLW.FAN01::E05,val
2025-10-10 11:00:00,BF.BLW.FAN01,bf_sinter_fan_blower,1.4191,83.3633,55.7482,7.979,55.2953,2,BF.BLW.FAN01::E05,val
2025-10-10 12:00:00,BF.BLW.FAN01,bf_sinter_fan_blower,1.3412,85.8492,55.231,8.059,54.0264,2,BF.BLW.FAN01::E05,val
2025-10-10 13:00:00,BF.BLW.FAN01,bf_sinter_fan_blower,1.1946,81.8179,54.1189,8.0405,52.9349,2,BF.BLW.FAN01::E05,val
2025-10-10 14:00:00,BF.BLW.FAN01,bf_sinter_fan_blower,1.1981,84.1196,54.6496,8.1153,52.9358,2,BF.BLW.FAN01::E05,val
2025-10-10 15:00:00,BF.BLW.FAN01,bf_sinter_fan_blower,1.2299,80.4341,54.0164,8.2558,53.52,2,BF.BLW.FAN01::E05,val
2025-10-10 16:00:00,BF.BLW.FAN01,bf_sinter_fan_blower,1.2083,81.0237,54.6035,8.4147,52.2021,2,BF.BLW.FAN01::E05,val
2025-10-10 17:00:00,BF.BLW.FAN01,bf_sinter_fan_blower,1.2104,79.631,53.5918,8.4811,52.5273,2,BF.BLW.FAN01::E05,val
2025-10-10 18:00:00,BF.BLW.FAN01,bf_sinter_fan_blower,1.1909,81.1498,55.127,8.5638,53.392,2,BF.BLW.FAN01::E05,val
2025-10-10 19:00:00,BF.BLW.FAN01,bf_sinter_fan_blower,1.2754,85.1526,62.7889,8.591,52.588,2,BF.BLW.FAN01::E05,val
2025-10-10 20:00:00,BF.BLW.FAN01,bf_sinter_fan_blower,1.3185,86.5797,71.4721,8.4901,52.2461,2,BF.BLW.FAN01::E05,val
2025-10-10 21:00:00,BF.BLW.FAN01,bf_sinter_fan_blower,1.3373,84.5534,79.0229,8.5523,52.5005,2,BF.BLW.FAN01::E05,val
2025-10-10 22:00:00,BF.BLW.FAN01,bf_sinter_fan_blower,1.3179,83.9056,82.0039,8.578,52.9367,2,BF.BLW.FAN01::E05,val
2025-10-10 23:00:00,BF.BLW.FAN01,bf_sinter_fan_blower,1.4428,81.5993,80.0871,8.5483,53.8369,2,BF.BLW.FAN01::E05,val
2025-10-11 00:00:00,BF.BLW.FAN01,bf_sinter_fan_blower,1.5012,86.0286,74.3967,8.5863,53.9369,2,BF.BLW.FAN01::E05,val
2025-10-11 01:00:00,BF.BLW.FAN01,bf_sinter_fan_blower,1.4534,85.1361,65.3338,8.6305,54.2516,2,BF.BLW.FAN01::E05,val
2025-10-11 02:00:00,BF.BLW.FAN01,bf_sinter_fan_blower,1.5786,83.2478,58.8978,8.6694,54.6761,2,BF.BLW.FAN01::E05,val
2025-10-11 03:00:00,BF.BLW.FAN01,bf_sinter_fan_blower,1.6273,84.5821,56.2979,8.6524,54.9585,2,BF.BLW.FAN01::E05,val
2025-10-11 04:00:00,BF.BLW.FAN01,bf_sinter_fan_blower,1.641,84.2957,56.2519,8.7793,55.2017,2,BF.BLW.FAN01::E05,val
2025-10-11 05:00:00,BF.BLW.FAN01,bf_sinter_fan_blower,1.494,85.638,55.0502,9.2513,55.5426,2,BF.BLW.FAN01::E05,val
2025-10-11 06:00:00,BF.BLW.FAN01,bf_sinter_fan_blower,1.5779,89.5132,55.3232,9.1989,55.5042,2,BF.BLW.FAN01::E05,val
2025-10-11 07:00:00,BF.BLW.FAN01,bf_sinter_fan_blower,1.6434,26.573,55.0352,1.4476,56.4052,0,,val
2025-10-11 08:00:00,BF.BLW.FAN01,bf_sinter_fan_blower,1.5215,26.0424,53.9029,1.356,55.8726,0,,val
2025-10-11 09:00:00,BF.BLW.FAN01,bf_sinter_fan_blower,1.4854,24.916,53.697,1.3664,54.8335,0,,val
2025-10-11 10:00:00,BF.BLW.FAN01,bf_sinter_fan_blower,1.4895,20.5421,52.2959,1.2336,56.1467,0,,val
2025-10-11 11:00:00,BF.BLW.FAN01,bf_sinter_fan_blower,1.3967,19.0352,51.0927,1.3719,55.946,0,,val
2025-10-11 12:00:00,BF.BLW.FAN01,bf_sinter_fan_blower,1.2989,23.1832,50.279,1.1357,54.3921,0,,val
2025-10-11 13:00:00,BF.BLW.FAN01,bf_sinter_fan_blower,1.3274,21.9256,49.3489,1.3599,54.9666,0,,val
2025-10-11 14:00:00,BF.BLW.FAN01,bf_sinter_fan_blower,1.3246,27.4237,48.0732,1.429,53.6849,0,,val
2025-10-11 15:00:00,BF.BLW.FAN01,bf_sinter_fan_blower,1.3497,29.104,48.3974,1.169,52.2844,0,,val
2025-10-11 16:00:00,BF.BLW.FAN01,bf_sinter_fan_blower,1.2676,28.4243,46.93,1.2787,51.6482,0,,val
2025-10-11 17:00:00,BF.BLW.FAN01,bf_sinter_fan_blower,1.246,28.0352,46.8637,1.2941,52.0358,0,,val
2025-10-11 18:00:00,BF.BLW.FAN01,bf_sinter_fan_blower,1.3112,28.6121,46.7128,1.2031,52.2549,0,,val
2025-10-11 19:00:00,BF.BLW.FAN01,bf_sinter_fan_blower,1.4801,29.9528,46.7535,1.2081,53.5187,0,,val
2025-10-11 20:00:00,BF.BLW.FAN01,bf_sinter_fan_blower,1.3782,27.6328,46.6035,1.3192,53.0403,0,,val
2025-10-11 21:00:00,BF.BLW.FAN01,bf_sinter_fan_blower,1.4042,26.7241,46.8401,1.18,53.1896,0,,val
2025-10-11 22:00:00,BF.BLW.FAN01,bf_sinter_fan_blower,1.335,26.4016,46.5717,1.3108,52.5023,0,,val
2025-10-11 23:00:00,BF.BLW.FAN01,bf_sinter_fan_blower,1.2849,19.969,46.8542,1.4009,51.9449,0,,val
2025-10-12 00:00:00,BF.BLW.FAN01,bf_sinter_fan_blower,1.4427,23.6525,48.6324,1.3951,52.4297,0,,val
2025-10-12 01:00:00,BF.BLW.FAN01,bf_sinter_fan_blower,1.4136,26.3215,49.2713,1.5152,52.3621,0,,val
2025-10-12 02:00:00,BF.BLW.FAN01,bf_sinter_fan_blower,1.3428,28.9771,48.9361,1.4616,52.3921,0,,val
2025-10-12 03:00:00,BF.BLW.FAN01,bf_sinter_fan_blower,1.3524,29.6991,49.9132,1.6666,52.8322,0,,val
2025-10-12 04:00:00,BF.BLW.FAN01,bf_sinter_fan_blower,1.2301,31.4804,49.7205,1.5745,51.7745,0,,val
2025-10-12 05:00:00,BF.BLW.FAN01,bf_sinter_fan_blower,1.296,30.5206,49.7967,1.5232,52.1506,0,,val
2025-10-12 06:00:00,BF.BLW.FAN01,bf_sinter_fan_blower,1.4553,33.4758,50.7623,1.5323,52.5021,0,,val
2025-10-12 07:00:00,BF.BLW.FAN01,bf_sinter_fan_blower,1.4112,34.9207,49.5504,1.5309,52.6621,0,,val
2025-10-12 08:00:00,BF.BLW.FAN01,bf_sinter_fan_blower,1.3961,32.924,50.2686,1.4524,52.1109,0,,val
2025-10-12 09:00:00,BF.BLW.FAN01,bf_sinter_fan_blower,1.3674,28.9799,49.7314,1.4516,53.154,0,,val
2025-10-12 10:00:00,BF.BLW.FAN01,bf_sinter_fan_blower,1.4299,28.2749,49.7183,1.3374,53.0344,0,,val
2025-10-12 11:00:00,BF.BLW.FAN01,bf_sinter_fan_blower,1.2407,29.6241,48.3829,1.5535,51.7891,0,,val
2025-10-12 12:00:00,BF.BLW.FAN01,bf_sinter_fan_blower,1.2916,29.5267,48.121,1.2709,51.4362,0,,val
2025-10-12 13:00:00,BF.BLW.FAN01,bf_sinter_fan_blower,1.258,28.1707,48.5525,1.238,50.2501,0,,val
2025-10-12 14:00:00,BF.BLW.FAN01,bf_sinter_fan_blower,1.4378,33.7101,48.5816,1.1613,51.0588,0,,val
2025-10-12 15:00:00,BF.BLW.FAN01,bf_sinter_fan_blower,1.4379,35.9829,48.9811,1.2172,50.2736,0,,val
2025-10-12 16:00:00,BF.BLW.FAN01,bf_sinter_fan_blower,1.4245,36.9931,47.4061,1.2943,49.9604,0,,val
2025-10-12 17:00:00,BF.BLW.FAN01,bf_sinter_fan_blower,1.4192,34.0125,48.1111,1.1714,49.0592,0,,val
2025-10-12 18:00:00,BF.BLW.FAN01,bf_sinter_fan_blower,1.3885,38.3212,47.6433,1.2402,48.5211,0,,val
2025-10-12 19:00:00,BF.BLW.FAN01,bf_sinter_fan_blower,1.4929,32.1177,48.2529,1.2352,49.1949,0,,val
2025-10-12 20:00:00,BF.BLW.FAN01,bf_sinter_fan_blower,1.5023,32.6566,49.2384,1.208,49.2175,0,,val
2025-10-12 21:00:00,BF.BLW.FAN01,bf_sinter_fan_blower,1.5525,29.4507,49.0288,1.2182,49.6041,0,,val
2025-10-12 22:00:00,BF.BLW.FAN01,bf_sinter_fan_blower,1.6224,25.5011,49.126,1.2909,50.1872,0,,val
2025-10-12 23:00:00,BF.BLW.FAN01,bf_sinter_fan_blower,1.6205,27.207,49.4539,1.5431,50.7451,0,,val
2025-10-13 00:00:00,BF.BLW.FAN01,bf_sinter_fan_blower,1.5778,30.4863,49.4169,1.3645,51.787,0,,val
2025-10-13 01:00:00,BF.BLW.FAN01,bf_sinter_fan_blower,1.6367,34.2624,50.3776,1.2849,52.486,0,,val
2025-10-13 02:00:00,BF.BLW.FAN01,bf_sinter_fan_blower,1.7288,35.5353,51.4851,1.3462,53.79,0,,val
2025-10-13 03:00:00,BF.BLW.FAN01,bf_sinter_fan_blower,1.8216,34.911,52.0137,1.4735,55.1027,0,,val
2025-10-13 04:00:00,BF.BLW.FAN01,bf_sinter_fan_blower,1.9492,35.6271,51.8251,1.5102,57.0669,0,,val
2025-10-13 05:00:00,BF.BLW.FAN01,bf_sinter_fan_blower,1.9058,35.685,52.3629,1.7378,56.8839,0,,val
2025-10-13 06:00:00,BF.BLW.FAN01,bf_sinter_fan_blower,1.8465,37.6449,51.9311,1.4768,56.6499,0,,val
2025-10-13 07:00:00,BF.BLW.FAN01,bf_sinter_fan_blower,1.8373,40.5824,51.8233,1.2733,56.2919,0,,val
2025-10-13 08:00:00,BF.BLW.FAN01,bf_sinter_fan_blower,1.8746,40.7635,51.6787,1.2911,56.9352,0,,val
2025-10-13 09:00:00,BF.BLW.FAN01,bf_sinter_fan_blower,1.8588,40.3687,51.8557,1.2502,56.534,0,,val
2025-10-13 10:00:00,BF.BLW.FAN01,bf_sinter_fan_blower,1.8096,42.3754,50.6644,1.3819,56.1514,0,,val
2025-10-13 11:00:00,BF.BLW.FAN01,bf_sinter_fan_blower,1.8686,37.0283,50.4261,1.3714,56.2818,0,,val
2025-10-13 12:00:00,BF.BLW.FAN01,bf_sinter_fan_blower,1.7326,38.6986,49.1429,1.3858,55.0936,0,,val
2025-10-13 13:00:00,BF.BLW.FAN01,bf_sinter_fan_blower,1.7282,39.663,49.8701,1.5112,53.6597,0,,val
2025-10-13 14:00:00,BF.BLW.FAN01,bf_sinter_fan_blower,1.7132,38.395,50.8679,1.4122,52.5378,0,,val
2025-10-13 15:00:00,BF.BLW.FAN01,bf_sinter_fan_blower,1.8407,39.2528,51.4133,1.4044,53.8069,0,,val
2025-10-13 16:00:00,BF.BLW.FAN01,bf_sinter_fan_blower,1.777,35.2039,50.1225,1.2516,53.838,0,,val
2025-10-13 17:00:00,BF.BLW.FAN01,bf_sinter_fan_blower,1.8294,29.8293,51.77,1.466,53.7342,0,,val
2025-10-13 18:00:00,BF.BLW.FAN01,bf_sinter_fan_blower,1.8239,30.832,50.9352,1.4573,53.5975,0,,val
2025-10-13 19:00:00,BF.BLW.FAN01,bf_sinter_fan_blower,1.7611,28.6444,50.7518,1.4286,53.6071,0,,val
2025-10-13 20:00:00,BF.BLW.FAN01,bf_sinter_fan_blower,1.7598,33.6812,50.5729,1.3084,53.999,0,,val
2025-10-13 21:00:00,BF.BLW.FAN01,bf_sinter_fan_blower,1.8038,34.3255,51.3278,1.4154,54.1028,0,,val
2025-10-13 22:00:00,BF.BLW.FAN01,bf_sinter_fan_blower,1.8546,34.4186,51.7073,1.2412,54.9615,0,,val
2025-10-13 23:00:00,BF.BLW.FAN01,bf_sinter_fan_blower,1.7385,32.0604,51.75,1.0778,54.5774,0,,val
2025-10-14 00:00:00,BF.BLW.FAN01,bf_sinter_fan_blower,1.6427,33.0414,51.6529,1.1358,54.988,0,,val
2025-10-14 01:00:00,BF.BLW.FAN01,bf_sinter_fan_blower,1.6087,32.9184,52.5581,1.1286,54.3957,0,,val
2025-10-14 02:00:00,BF.BLW.FAN01,bf_sinter_fan_blower,1.5305,33.3232,52.6825,1.183,54.2564,0,,val
2025-10-14 03:00:00,BF.BLW.FAN01,bf_sinter_fan_blower,1.5259,35.4736,53.0165,1.0572,54.5318,0,,val
2025-10-14 04:00:00,BF.BLW.FAN01,bf_sinter_fan_blower,1.619,35.8995,52.6687,1.0391,55.5975,0,,val
2025-10-14 05:00:00,BF.BLW.FAN01,bf_sinter_fan_blower,1.5528,36.1532,53.1406,0.996,54.2822,0,,val
2025-10-14 06:00:00,BF.BLW.FAN01,bf_sinter_fan_blower,1.6695,43.2508,53.991,0.9857,54.9916,0,,val
2025-10-14 07:00:00,BF.BLW.FAN01,bf_sinter_fan_blower,1.807,43.0868,53.5362,0.9649,56.3942,0,,val
2025-10-14 08:00:00,BF.BLW.FAN01,bf_sinter_fan_blower,1.8984,41.8778,53.9992,0.8147,56.413,0,,val
2025-10-14 09:00:00,BF.BLW.FAN01,bf_sinter_fan_blower,1.7409,38.7773,53.9012,0.9068,55.1948,0,,val
2025-10-14 10:00:00,BF.BLW.FAN01,bf_sinter_fan_blower,1.7513,35.1813,53.014,0.9852,56.4302,0,,val
2025-10-14 11:00:00,BF.BLW.FAN01,bf_sinter_fan_blower,1.8145,34.9963,52.8254,0.7522,56.5989,0,,val
2025-10-14 12:00:00,BF.BLW.FAN01,bf_sinter_fan_blower,1.7264,29.7722,52.2403,0.4903,55.3944,0,,val
2025-10-14 13:00:00,BF.BLW.FAN01,bf_sinter_fan_blower,1.7906,30.7669,52.8234,0.5913,54.6672,0,,val
2025-10-14 14:00:00,BF.BLW.FAN01,bf_sinter_fan_blower,1.7864,29.0309,51.6669,0.4879,55.1065,0,,val
2025-10-14 15:00:00,BF.BLW.FAN01,bf_sinter_fan_blower,1.796,26.4413,51.0217,0.3324,55.748,0,,val
2025-10-14 16:00:00,BF.BLW.FAN01,bf_sinter_fan_blower,1.8445,29.6907,50.8248,0.3801,55.8554,0,,val
2025-10-14 17:00:00,BF.BLW.FAN01,bf_sinter_fan_blower,1.8408,31.1232,50.4847,0.3129,55.9577,0,,val
2025-10-14 18:00:00,BF.BLW.FAN01,bf_sinter_fan_blower,1.8,28.4347,51.1185,0.4057,55.2198,0,,val
2025-10-14 19:00:00,BF.BLW.FAN01,bf_sinter_fan_blower,1.8657,32.7472,50.3481,0.371,55.7088,0,,val
2025-10-14 20:00:00,BF.BLW.FAN01,bf_sinter_fan_blower,1.8994,32.929,51.1986,0.4016,55.7116,0,,val
2025-10-14 21:00:00,BF.BLW.FAN01,bf_sinter_fan_blower,1.888,32.1788,51.1732,0.3115,56.0618,0,,val
2025-10-14 22:00:00,BF.BLW.FAN01,bf_sinter_fan_blower,1.9108,27.0139,53.0432,0.3555,55.6774,0,,val
2025-10-14 23:00:00,BF.BLW.FAN01,bf_sinter_fan_blower,1.6357,24.8101,52.6356,0.3863,55.2549,0,,val
2025-10-15 00:00:00,BF.BLW.FAN01,bf_sinter_fan_blower,1.6358,26.9787,52.762,0.3225,56.2209,0,,val
2025-10-15 01:00:00,BF.BLW.FAN01,bf_sinter_fan_blower,1.6206,28.926,53.0486,0.2737,56.4573,0,,val
2025-10-15 02:00:00,BF.BLW.FAN01,bf_sinter_fan_blower,1.7069,32.1024,54.0884,0.4641,56.9675,0,,val
2025-10-15 03:00:00,BF.BLW.FAN01,bf_sinter_fan_blower,1.7197,33.3616,53.5976,0.32,58.0883,0,,val
2025-10-15 04:00:00,BF.BLW.FAN01,bf_sinter_fan_blower,1.6547,28.4782,54.3354,0.4117,57.9616,0,,val
2025-10-15 05:00:00,BF.BLW.FAN01,bf_sinter_fan_blower,1.5865,29.1508,53.8564,0.5173,57.866,0,,val
2025-10-15 06:00:00,BF.BLW.FAN01,bf_sinter_fan_blower,1.6348,27.9583,54.0505,0.7243,58.8478,0,,val
2025-10-15 07:00:00,BF.BLW.FAN01,bf_sinter_fan_blower,1.535,25.7404,54.626,0.8607,57.5429,0,,val
2025-10-15 08:00:00,BF.BLW.FAN01,bf_sinter_fan_blower,1.4128,28.7263,53.6802,0.9048,57.2387,0,,val
2025-10-15 09:00:00,BF.BLW.FAN01,bf_sinter_fan_blower,1.3461,35.0026,53.3549,0.8621,56.8581,0,,val
2025-10-15 10:00:00,BF.BLW.FAN01,bf_sinter_fan_blower,1.3745,36.641,52.1466,0.8576,57.2621,0,,val
2025-10-15 11:00:00,BF.BLW.FAN01,bf_sinter_fan_blower,1.2558,36.1931,51.9998,0.9758,55.732,0,,val
2025-10-15 12:00:00,BF.BLW.FAN01,bf_sinter_fan_blower,1.289,34.4466,51.7616,0.9155,54.5329,0,,val
2025-10-15 13:00:00,BF.BLW.FAN01,bf_sinter_fan_blower,1.4008,39.5416,51.4284,0.8868,55.1486,0,,val
2025-10-15 14:00:00,BF.BLW.FAN01,bf_sinter_fan_blower,1.3888,38.8724,51.0343,0.7961,54.1969,0,,val
2025-10-15 15:00:00,BF.BLW.FAN01,bf_sinter_fan_blower,1.5089,36.982,51.6562,0.8194,55.2341,0,,val
2025-10-15 16:00:00,BF.BLW.FAN01,bf_sinter_fan_blower,1.684,37.098,52.3962,0.5875,55.5939,0,,val
2025-10-15 17:00:00,BF.BLW.FAN01,bf_sinter_fan_blower,1.7583,34.7071,52.8303,0.7915,57.1602,0,,val
2025-10-15 18:00:00,BF.BLW.FAN01,bf_sinter_fan_blower,1.6874,30.8323,52.5292,0.946,57.4018,0,,val
2025-10-15 19:00:00,BF.BLW.FAN01,bf_sinter_fan_blower,1.6606,30.2177,52.8657,0.9565,56.6383,0,,val
2025-10-15 20:00:00,BF.BLW.FAN01,bf_sinter_fan_blower,1.6834,29.1544,52.8641,1.1961,57.6854,0,,val
2025-10-15 21:00:00,BF.BLW.FAN01,bf_sinter_fan_blower,1.6441,30.2586,53.1949,1.3147,57.6088,0,,val
2025-10-15 22:00:00,BF.BLW.FAN01,bf_sinter_fan_blower,1.7204,29.8657,53.29,1.1351,57.9767,0,,val
2025-10-15 23:00:00,BF.BLW.FAN01,bf_sinter_fan_blower,1.7812,24.3592,54.1787,1.1031,58.1769,0,,val
2025-10-16 00:00:00,BF.BLW.FAN01,bf_sinter_fan_blower,1.8026,25.7469,54.4593,1.1176,58.778,0,,val
2025-10-16 01:00:00,BF.BLW.FAN01,bf_sinter_fan_blower,1.7269,23.8246,55.2263,1.3008,58.9626,0,,val
2025-10-16 02:00:00,BF.BLW.FAN01,bf_sinter_fan_blower,1.7084,25.256,54.9838,1.2807,59.6092,0,,val
2025-10-16 03:00:00,BF.BLW.FAN01,bf_sinter_fan_blower,1.6647,23.5198,55.9633,1.3561,59.3095,0,,val
2025-10-16 04:00:00,BF.BLW.FAN01,bf_sinter_fan_blower,1.5676,26.3338,54.9996,1.4014,59.5661,0,,val
2025-10-16 05:00:00,BF.BLW.FAN01,bf_sinter_fan_blower,1.4663,26.5882,54.5686,1.4274,58.8966,0,,val
2025-10-16 06:00:00,BF.BLW.FAN01,bf_sinter_fan_blower,1.4966,23.8195,55.2039,1.2639,59.014,0,,val
2025-10-16 07:00:00,BF.BLW.FAN01,bf_sinter_fan_blower,1.516,26.2762,55.2077,1.3597,59.2488,0,,val
2025-10-16 08:00:00,BF.BLW.FAN01,bf_sinter_fan_blower,1.5181,26.1916,55.5958,1.4924,58.6747,0,,val
2025-10-16 09:00:00,BF.BLW.FAN01,bf_sinter_fan_blower,1.6018,30.6532,55.5037,1.4646,58.5898,0,,val
2025-10-16 10:00:00,BF.BLW.FAN01,bf_sinter_fan_blower,1.4687,32.6163,53.7827,1.2213,58.2218,0,,val
2025-10-16 11:00:00,BF.BLW.FAN01,bf_sinter_fan_blower,1.4606,32.4202,53.6726,1.1198,58.117,0,,val
2025-10-16 12:00:00,BF.BLW.FAN01,bf_sinter_fan_blower,1.4298,31.3706,53.1763,1.1565,58.2406,0,,val
2025-10-16 13:00:00,BF.BLW.FAN01,bf_sinter_fan_blower,1.3973,30.9951,52.7356,0.9356,57.9728,0,,val
2025-10-16 14:00:00,BF.BLW.FAN01,bf_sinter_fan_blower,1.4197,30.006,52.8176,0.9348,57.6769,0,,val
2025-10-16 15:00:00,BF.BLW.FAN01,bf_sinter_fan_blower,1.4609,29.4559,51.6366,1.1485,58.4591,0,,val
2025-10-16 16:00:00,BF.BLW.FAN01,bf_sinter_fan_blower,1.4725,28.4338,51.7098,1.0763,58.2067,0,,val
2025-10-16 17:00:00,BF.BLW.FAN01,bf_sinter_fan_blower,1.5293,30.35,51.7607,1.0673,58.2731,0,,val
2025-10-16 18:00:00,BF.BLW.FAN01,bf_sinter_fan_blower,1.6934,26.4852,51.9566,1.0336,58.3014,0,,val
2025-10-16 19:00:00,BF.BLW.FAN01,bf_sinter_fan_blower,1.6921,26.198,52.5776,1.123,57.7456,0,,val
2025-10-16 20:00:00,BF.BLW.FAN01,bf_sinter_fan_blower,1.6215,22.381,51.47,1.0273,57.6944,0,,val
2025-10-16 21:00:00,BF.BLW.FAN01,bf_sinter_fan_blower,1.6618,23.7526,52.5673,0.9649,58.2675,0,,val
2025-10-16 22:00:00,BF.BLW.FAN01,bf_sinter_fan_blower,1.6552,24.8933,52.874,1.0694,58.8346,0,,val
2025-10-16 23:00:00,BF.BLW.FAN01,bf_sinter_fan_blower,1.6446,27.3735,52.7857,0.9732,59.0316,0,,val
2025-10-17 00:00:00,BF.BLW.FAN01,bf_sinter_fan_blower,1.6355,23.1428,52.4328,0.9418,59.7207,0,,val
2025-10-17 01:00:00,BF.BLW.FAN01,bf_sinter_fan_blower,1.6639,23.3782,52.4661,0.8903,60.0398,0,,val
2025-10-17 02:00:00,BF.BLW.FAN01,bf_sinter_fan_blower,1.7398,21.4989,54.2156,0.8975,60.2191,0,,val
2025-10-17 03:00:00,BF.BLW.FAN01,bf_sinter_fan_blower,1.6738,22.328,54.6641,0.9335,59.6203,0,,val
2025-10-17 04:00:00,BF.BLW.FAN01,bf_sinter_fan_blower,1.7162,24.9617,54.7893,0.8641,60.437,0,,val
2025-10-17 05:00:00,BF.BLW.FAN01,bf_sinter_fan_blower,1.7188,26.1272,55.8777,0.8196,59.2865,0,,val
2025-10-17 06:00:00,BF.BLW.FAN01,bf_sinter_fan_blower,1.762,30.4052,56.4541,0.6639,60.1369,0,,val
2025-10-17 07:00:00,BF.BLW.FAN01,bf_sinter_fan_blower,1.8016,26.3857,57.4475,0.6987,59.8341,0,,val
2025-10-17 08:00:00,BF.BLW.FAN01,bf_sinter_fan_blower,1.804,25.1191,56.9652,0.7303,60.7836,0,,val
2025-10-17 09:00:00,BF.BLW.FAN01,bf_sinter_fan_blower,1.77,22.1792,55.6941,0.7073,59.9078,0,,val
2025-10-17 10:00:00,BF.BLW.FAN01,bf_sinter_fan_blower,1.7638,22.7299,55.6977,0.5282,59.7288,0,,val
2025-10-17 11:00:00,BF.BLW.FAN01,bf_sinter_fan_blower,1.7322,21.1909,55.7251,0.7895,58.7322,0,,val
2025-10-17 12:00:00,BF.BLW.FAN01,bf_sinter_fan_blower,1.8067,20.1493,55.9076,0.6927,58.7529,0,,val
2025-10-17 13:00:00,BF.BLW.FAN01,bf_sinter_fan_blower,1.8083,14.3516,56.1852,0.6208,58.1616,0,,val
2025-10-17 14:00:00,BF.BLW.FAN01,bf_sinter_fan_blower,1.9062,13.7386,57.4822,0.4298,57.4698,0,,val
2025-10-17 15:00:00,BF.BLW.FAN01,bf_sinter_fan_blower,1.9548,15.1005,57.6062,0.2855,56.7881,0,,val
2025-10-17 16:00:00,BF.BLW.FAN01,bf_sinter_fan_blower,1.9591,17.3277,58.468,0.472,56.0983,0,,val
2025-10-17 17:00:00,BF.BLW.FAN01,bf_sinter_fan_blower,1.7197,15.8513,57.7524,0.5805,54.7032,0,,val
2025-10-17 18:00:00,BF.BLW.FAN01,bf_sinter_fan_blower,1.608,14.3848,57.1002,0.6325,53.9815,0,,val
2025-10-17 19:00:00,BF.BLW.FAN01,bf_sinter_fan_blower,1.6613,13.5187,57.6518,0.7267,53.7828,0,,val
2025-10-17 20:00:00,BF.BLW.FAN01,bf_sinter_fan_blower,1.69,11.2252,57.5267,0.967,54.7536,0,,val
2025-10-17 21:00:00,BF.BLW.FAN01,bf_sinter_fan_blower,1.6568,12.2556,57.0312,1.1148,56.4666,0,,val
2025-10-17 22:00:00,BF.BLW.FAN01,bf_sinter_fan_blower,1.8166,16.2438,58.0545,0.8348,56.9839,0,,val
2025-10-17 23:00:00,BF.BLW.FAN01,bf_sinter_fan_blower,1.8962,18.2119,59.2799,0.6069,56.1445,0,,val
2025-10-18 00:00:00,BF.BLW.FAN01,bf_sinter_fan_blower,1.9217,17.2296,59.8874,0.5755,57.327,0,,val
2025-10-18 01:00:00,BF.BLW.FAN01,bf_sinter_fan_blower,1.9773,16.9728,60.3949,0.5778,58.0714,0,,val
2025-10-18 02:00:00,BF.BLW.FAN01,bf_sinter_fan_blower,2.0279,15.0763,60.3796,0.556,58.9321,0,,val
2025-10-18 03:00:00,BF.BLW.FAN01,bf_sinter_fan_blower,1.9957,16.8828,61.0277,0.5278,58.4766,0,,val
2025-10-18 04:00:00,BF.BLW.FAN01,bf_sinter_fan_blower,1.9803,19.4092,61.5275,0.5805,59.0792,0,,val
2025-10-18 05:00:00,BF.BLW.FAN01,bf_sinter_fan_blower,1.8942,20.0131,61.6766,0.6386,58.3876,0,,val
2025-10-18 06:00:00,BF.BLW.FAN01,bf_sinter_fan_blower,1.7071,20.7366,60.9343,0.7245,57.8747,0,,val
2025-10-18 07:00:00,BF.BLW.FAN01,bf_sinter_fan_blower,1.6275,17.181,60.0749,0.8904,58.3646,0,,val
2025-10-18 08:00:00,BF.BLW.FAN01,bf_sinter_fan_blower,1.5867,20.7181,60.2299,0.8828,57.3189,0,,val
2025-10-18 09:00:00,BF.BLW.FAN01,bf_sinter_fan_blower,1.7004,19.5336,60.4932,0.634,57.8756,0,,val
2025-10-18 10:00:00,BF.BLW.FAN01,bf_sinter_fan_blower,1.7495,19.5466,61.5909,0.7707,56.8081,0,,val
2025-10-18 11:00:00,BF.BLW.FAN01,bf_sinter_fan_blower,1.6742,18.4367,61.1381,0.9029,55.9264,0,,val
2025-10-18 12:00:00,BF.BLW.FAN01,bf_sinter_fan_blower,1.8068,23.2745,61.8399,0.8384,57.2087,0,,val
2025-10-18 13:00:00,BF.BLW.FAN01,bf_sinter_fan_blower,1.8383,20.3371,61.1846,0.4873,56.6162,0,,val
2025-10-18 14:00:00,BF.BLW.FAN01,bf_sinter_fan_blower,1.7486,23.9919,59.7845,0.618,57.0997,0,,val
2025-10-18 15:00:00,BF.BLW.FAN01,bf_sinter_fan_blower,1.8971,23.3808,60.7731,0.4237,56.7056,0,,val
2025-10-18 16:00:00,BF.BLW.FAN01,bf_sinter_fan_blower,1.9437,22.6003,60.9388,0.388,56.1582,0,,val
2025-10-18 17:00:00,BF.BLW.FAN01,bf_sinter_fan_blower,1.9556,24.9841,61.5586,0.4233,55.7118,0,,val
2025-10-18 18:00:00,BF.BLW.FAN01,bf_sinter_fan_blower,1.8746,27.5892,60.7882,0.5791,56.0808,0,,val
2025-10-18 19:00:00,BF.BLW.FAN01,bf_sinter_fan_blower,1.8605,21.8876,60.0759,0.624,56.5697,0,,val
2025-10-18 20:00:00,BF.BLW.FAN01,bf_sinter_fan_blower,1.8432,22.3087,60.1571,0.5084,56.2422,0,,val
2025-10-18 21:00:00,BF.BLW.FAN01,bf_sinter_fan_blower,1.8094,24.117,60.3521,0.3,56.6172,0,,val
2025-10-18 22:00:00,BF.BLW.FAN01,bf_sinter_fan_blower,1.8302,27.1508,60.2668,0.3638,57.3619,0,,val
2025-10-18 23:00:00,BF.BLW.FAN01,bf_sinter_fan_blower,1.8342,25.054,60.3908,0.2625,58.3594,0,,val
2025-10-19 00:00:00,BF.BLW.FAN01,bf_sinter_fan_blower,1.7542,27.2036,61.262,0.4048,57.9469,0,,val
2025-10-19 01:00:00,BF.BLW.FAN01,bf_sinter_fan_blower,1.7646,28.0058,61.0051,0.4144,58.5057,0,,val
2025-10-19 02:00:00,BF.BLW.FAN01,bf_sinter_fan_blower,1.9169,24.5619,62.0725,0.3651,59.2236,0,,val
2025-10-19 03:00:00,BF.BLW.FAN01,bf_sinter_fan_blower,1.8643,21.6786,61.4635,0.4934,60.8629,0,,val
2025-10-19 04:00:00,BF.BLW.FAN01,bf_sinter_fan_blower,1.8812,20.3234,61.416,0.4948,61.9831,0,,val
2025-10-19 05:00:00,BF.BLW.FAN01,bf_sinter_fan_blower,1.7623,21.5524,60.5325,0.4948,62.1595,0,,val
2025-10-19 06:00:00,BF.BLW.FAN01,bf_sinter_fan_blower,1.7269,21.8441,60.4534,0.4596,61.9564,0,,val
2025-10-19 07:00:00,BF.BLW.FAN01,bf_sinter_fan_blower,1.7302,21.6204,60.8466,0.3194,62.2075,0,,val
2025-10-19 08:00:00,BF.BLW.FAN01,bf_sinter_fan_blower,1.6067,21.9963,61.4468,0.7203,61.4042,0,,val
2025-10-19 09:00:00,BF.BLW.FAN01,bf_sinter_fan_blower,1.7223,21.4651,64.545,1.4872,63.5481,0,,val
2025-10-19 10:00:00,BF.BLW.FAN01,bf_sinter_fan_blower,1.6933,20.3064,68.8794,2.1938,62.3318,0,,val
2025-10-19 11:00:00,BF.BLW.FAN01,bf_sinter_fan_blower,1.7858,21.3659,72.8739,2.5411,62.3638,0,,val
2025-10-19 12:00:00,BF.BLW.FAN01,bf_sinter_fan_blower,1.826,19.9938,76.5513,2.6439,62.739,0,,val
2025-10-19 13:00:00,BF.BLW.FAN01,bf_sinter_fan_blower,1.9151,19.2281,77.5115,2.0992,63.5127,0,,val
2025-10-19 14:00:00,BF.BLW.FAN01,bf_sinter_fan_blower,1.8765,22.8514,75.4285,1.3553,63.3669,0,,val
2025-10-19 15:00:00,BF.BLW.FAN01,bf_sinter_fan_blower,1.8969,26.6727,71.4673,0.4245,62.5689,0,,val
2025-10-19 16:00:00,BF.BLW.FAN01,bf_sinter_fan_blower,1.8452,25.8041,66.4094,0.2843,62.5312,0,,val
2025-10-19 17:00:00,BF.BLW.FAN01,bf_sinter_fan_blower,1.8397,26.9877,62.1604,0.3911,61.6048,0,,val
2025-10-19 18:00:00,BF.BLW.FAN01,bf_sinter_fan_blower,1.9663,28.2387,59.8455,0.744,61.7558,0,,val
2025-10-19 19:00:00,BF.BLW.FAN01,bf_sinter_fan_blower,1.8729,27.8215,58.3568,0.8097,61.9116,0,,val
2025-10-19 20:00:00,BF.BLW.FAN01,bf_sinter_fan_blower,1.8736,28.5985,57.7665,0.8354,62.3814,0,,val
2025-10-19 21:00:00,BF.BLW.FAN01,bf_sinter_fan_blower,1.9763,30.3567,58.0561,0.6113,62.6168,0,,val
2025-10-19 22:00:00,BF.BLW.FAN01,bf_sinter_fan_blower,1.9694,26.4779,58.6163,0.4902,62.4263,0,,val
2025-10-19 23:00:00,BF.BLW.FAN01,bf_sinter_fan_blower,2.043,28.61,59.1626,0.4002,63.702,0,,val
2025-10-20 00:00:00,BF.BLW.FAN01,bf_sinter_fan_blower,2.0982,28.0724,59.3725,0.4954,63.9442,0,,val
2025-10-20 01:00:00,BF.BLW.FAN01,bf_sinter_fan_blower,2.2162,26.2582,59.3069,-0.0349,65.5331,0,,val
2025-10-20 02:00:00,BF.BLW.FAN01,bf_sinter_fan_blower,2.0889,26.8979,59.4525,-0.0132,64.7083,0,,val
2025-10-20 03:00:00,BF.BLW.FAN01,bf_sinter_fan_blower,2.1857,25.64,59.1867,-0.067,65.5504,0,,val
2025-10-20 04:00:00,BF.BLW.FAN01,bf_sinter_fan_blower,2.0996,24.5048,58.847,0.0538,65.9935,0,,val
2025-10-20 05:00:00,BF.BLW.FAN01,bf_sinter_fan_blower,2.08,25.3864,59.81,0.2847,65.8035,0,,val
2025-10-20 06:00:00,BF.BLW.FAN01,bf_sinter_fan_blower,2.1136,26.8419,59.7281,0.3407,66.492,0,,val
2025-10-20 07:00:00,BF.BLW.FAN01,bf_sinter_fan_blower,2.0988,29.2543,60.1635,0.2954,65.9148,0,,val
2025-10-20 08:00:00,BF.BLW.FAN01,bf_sinter_fan_blower,2.0298,29.2671,59.8292,0.212,65.3873,0,,val
2025-10-20 09:00:00,BF.BLW.FAN01,bf_sinter_fan_blower,2.0178,31.616,60.2438,0.2529,66.0412,0,,val
2025-10-20 10:00:00,BF.BLW.FAN01,bf_sinter_fan_blower,1.8568,28.8062,59.3684,0.2274,65.2685,0,,val
2025-10-20 11:00:00,BF.BLW.FAN01,bf_sinter_fan_blower,1.7679,24.8968,58.8338,0.2092,63.7781,0,,val
2025-10-20 12:00:00,BF.BLW.FAN01,bf_sinter_fan_blower,1.6772,24.5336,57.7815,0.4441,63.1786,0,,val
2025-10-20 13:00:00,BF.BLW.FAN01,bf_sinter_fan_blower,1.651,25.9939,57.1902,0.5374,62.2741,0,,val
2025-10-20 14:00:00,BF.BLW.FAN01,bf_sinter_fan_blower,1.654,26.9187,56.1411,0.3563,62.1636,0,,val
2025-10-20 15:00:00,BF.BLW.FAN01,bf_sinter_fan_blower,1.6204,27.7018,56.0832,0.6514,62.1574,0,,val
2025-10-20 16:00:00,BF.BLW.FAN01,bf_sinter_fan_blower,1.5954,27.8643,55.6988,0.4982,61.4585,0,,val
2025-10-20 17:00:00,BF.BLW.FAN01,bf_sinter_fan_blower,1.5927,27.9533,55.4124,0.3429,61.6448,0,,val
2025-10-20 18:00:00,BF.BLW.FAN01,bf_sinter_fan_blower,1.562,29.7496,55.1702,0.5426,61.6164,0,,val
2025-10-20 19:00:00,BF.BLW.FAN01,bf_sinter_fan_blower,1.5417,28.6076,54.2328,0.6415,62.4094,0,,val
2025-10-20 20:00:00,BF.BLW.FAN01,bf_sinter_fan_blower,1.5609,27.7585,54.5933,0.647,62.3221,0,,val
2025-10-20 21:00:00,BF.BLW.FAN01,bf_sinter_fan_blower,1.6679,29.1393,54.8282,0.7152,63.45,0,,val
2025-10-20 22:00:00,BF.BLW.FAN01,bf_sinter_fan_blower,1.6574,31.765,54.487,0.6038,63.1439,0,,val
2025-10-20 23:00:00,BF.BLW.FAN01,bf_sinter_fan_blower,1.5838,30.4862,54.0285,0.4785,62.7631,0,,val
2025-10-21 00:00:00,BF.BLW.FAN01,bf_sinter_fan_blower,1.5076,29.7888,53.6947,0.5729,63.2246,0,,val
2025-10-21 01:00:00,BF.BLW.FAN01,bf_sinter_fan_blower,1.5632,31.7423,54.0972,0.3337,63.3808,0,,val
2025-10-21 02:00:00,BF.BLW.FAN01,bf_sinter_fan_blower,1.6054,29.2239,54.9561,0.2289,62.7958,0,,val
2025-10-21 03:00:00,BF.BLW.FAN01,bf_sinter_fan_blower,1.6025,23.8354,56.0257,0.455,62.4566,0,,val
2025-10-21 04:00:00,BF.BLW.FAN01,bf_sinter_fan_blower,1.6821,30.4274,56.9757,0.6301,63.284,0,,val
2025-10-21 05:00:00,BF.BLW.FAN01,bf_sinter_fan_blower,1.7536,32.1541,56.7622,0.6901,64.0328,0,,val
2025-10-21 06:00:00,BF.BLW.FAN01,bf_sinter_fan_blower,1.6613,30.1452,55.8779,0.7458,63.8714,0,,val
2025-10-21 07:00:00,BF.BLW.FAN01,bf_sinter_fan_blower,1.6692,35.2048,56.0452,0.7634,63.151,0,,val
2025-10-21 08:00:00,BF.BLW.FAN01,bf_sinter_fan_blower,1.6879,34.7612,55.997,0.7698,63.5034,0,,val
2025-10-21 09:00:00,BF.BLW.FAN01,bf_sinter_fan_blower,1.6967,32.7499,56.6865,0.7806,62.5028,0,,val
2025-10-21 10:00:00,BF.BLW.FAN01,bf_sinter_fan_blower,1.8068,30.0089,57.7282,0.7864,62.8826,0,,val
2025-10-21 11:00:00,BF.BLW.FAN01,bf_sinter_fan_blower,1.7858,31.0982,57.3423,0.733,61.7167,0,,val
2025-10-21 12:00:00,BF.BLW.FAN01,bf_sinter_fan_blower,1.8571,30.7878,57.777,0.8011,60.8797,0,,val
2025-10-21 13:00:00,BF.BLW.FAN01,bf_sinter_fan_blower,1.6426,31.6266,55.7605,0.7347,58.4569,0,,val
2025-10-21 14:00:00,BF.BLW.FAN01,bf_sinter_fan_blower,1.5766,35.5204,55.2842,0.6888,57.2444,0,,val
2025-10-21 15:00:00,BF.BLW.FAN01,bf_sinter_fan_blower,1.5545,31.9092,54.3548,0.9171,56.8662,0,,val
2025-10-21 16:00:00,BF.BLW.FAN01,bf_sinter_fan_blower,1.5601,37.3007,54.4883,0.7746,55.7856,0,,val
2025-10-21 17:00:00,BF.BLW.FAN01,bf_sinter_fan_blower,1.5827,44.9728,53.2872,0.6774,57.0213,0,,val
2025-10-21 18:00:00,BF.BLW.FAN01,bf_sinter_fan_blower,1.6181,42.8104,52.1131,0.7213,56.7014,0,,val
2025-10-21 19:00:00,BF.BLW.FAN01,bf_sinter_fan_blower,1.6096,43.5327,51.5743,0.5136,56.7296,0,,val
2025-10-21 20:00:00,BF.BLW.FAN01,bf_sinter_fan_blower,1.658,39.368,52.5374,0.6016,57.4193,0,,val
2025-10-21 21:00:00,BF.BLW.FAN01,bf_sinter_fan_blower,1.6157,37.1045,52.137,0.7549,57.2081,0,,val
2025-10-21 22:00:00,BF.BLW.FAN01,bf_sinter_fan_blower,1.6789,35.6971,51.7107,0.5772,58.5174,0,,val
2025-10-21 23:00:00,BF.BLW.FAN01,bf_sinter_fan_blower,1.6849,40.3019,52.196,0.5293,59.2999,0,,val
2025-10-22 00:00:00,BF.BLW.FAN01,bf_sinter_fan_blower,1.6061,39.8089,52.763,0.5275,59.0452,0,,val
2025-10-22 01:00:00,BF.BLW.FAN01,bf_sinter_fan_blower,1.6611,41.072,53.4798,0.6739,59.0817,0,,val
2025-10-22 02:00:00,BF.BLW.FAN01,bf_sinter_fan_blower,1.7158,42.5958,53.3043,0.5404,59.9551,0,,val
2025-10-22 03:00:00,BF.BLW.FAN01,bf_sinter_fan_blower,1.7423,41.2277,54.2732,0.5929,60.3356,0,,val
2025-10-22 04:00:00,BF.BLW.FAN01,bf_sinter_fan_blower,1.7995,35.6426,54.5119,0.6829,61.3655,0,,val
2025-10-22 05:00:00,BF.BLW.FAN01,bf_sinter_fan_blower,1.8211,32.7481,54.6852,0.8654,62.7202,0,,val
2025-10-22 06:00:00,BF.BLW.FAN01,bf_sinter_fan_blower,1.7739,33.761,53.972,0.7643,62.6918,0,,val
2025-10-22 07:00:00,BF.BLW.FAN01,bf_sinter_fan_blower,1.7106,30.5762,53.5747,0.7653,61.8078,0,,val
2025-10-22 08:00:00,BF.BLW.FAN01,bf_sinter_fan_blower,1.6918,28.9925,53.9016,0.8397,62.768,0,,val
2025-10-22 09:00:00,BF.BLW.FAN01,bf_sinter_fan_blower,1.7538,28.9118,54.0063,0.8691,63.2292,0,,val
2025-10-22 10:00:00,BF.BLW.FAN01,bf_sinter_fan_blower,1.7387,30.3181,54.1862,0.8808,62.1579,0,,val
2025-10-22 11:00:00,BF.BLW.FAN01,bf_sinter_fan_blower,1.7937,28.2442,54.4304,0.7257,62.128,0,,val
2025-10-22 12:00:00,BF.BLW.FAN01,bf_sinter_fan_blower,1.7128,23.4873,54.0004,0.8463,61.2342,0,,val
2025-10-22 13:00:00,BF.BLW.FAN01,bf_sinter_fan_blower,1.5682,25.8473,53.7658,0.6876,59.1639,0,,val
2025-10-22 14:00:00,BF.BLW.FAN01,bf_sinter_fan_blower,1.456,29.3655,52.9289,0.9586,58.8612,0,,val
2025-10-22 15:00:00,BF.BLW.FAN01,bf_sinter_fan_blower,1.3694,29.7328,52.7505,0.8186,57.7201,0,,val
2025-10-22 16:00:00,BF.BLW.FAN01,bf_sinter_fan_blower,1.3019,29.3742,52.1956,0.8335,58.0088,0,,val
2025-10-22 17:00:00,BF.BLW.FAN01,bf_sinter_fan_blower,1.4552,28.3171,51.7768,0.9465,58.5205,0,,val
2025-10-22 18:00:00,BF.BLW.FAN01,bf_sinter_fan_blower,1.4557,25.7762,52.2956,0.9754,58.421,0,,val
2025-10-22 19:00:00,BF.BLW.FAN01,bf_sinter_fan_blower,1.5,24.5431,52.504,0.8144,58.6085,0,,val
2025-10-22 20:00:00,BF.BLW.FAN01,bf_sinter_fan_blower,1.5098,28.1182,52.0262,0.9074,58.7376,0,,val
2025-10-22 21:00:00,BF.BLW.FAN01,bf_sinter_fan_blower,1.55,30.2855,52.0608,0.8523,58.5899,0,,val
2025-10-22 22:00:00,BF.BLW.FAN01,bf_sinter_fan_blower,1.559,28.5577,52.3368,0.934,58.6459,0,,val
2025-10-22 23:00:00,BF.BLW.FAN01,bf_sinter_fan_blower,1.5722,25.0161,53.1727,0.9013,59.5442,0,,val
2025-10-23 00:00:00,BF.BLW.FAN01,bf_sinter_fan_blower,1.6054,24.4844,53.805,1.0066,59.1581,0,,val
2025-10-23 01:00:00,BF.BLW.FAN01,bf_sinter_fan_blower,1.6174,23.113,54.1421,0.8242,59.1696,0,,val
2025-10-23 02:00:00,BF.BLW.FAN01,bf_sinter_fan_blower,1.5597,22.9119,54.5695,0.9636,58.5055,0,,val
2025-10-23 03:00:00,BF.BLW.FAN01,bf_sinter_fan_blower,1.5115,25.2616,55.2744,0.8992,57.2983,0,,val
2025-10-23 04:00:00,BF.BLW.FAN01,bf_sinter_fan_blower,1.587,22.0314,55.584,0.9733,58.0572,0,,val
2025-10-23 05:00:00,BF.BLW.FAN01,bf_sinter_fan_blower,1.501,24.1052,54.4706,1.2876,57.8765,0,,val
2025-10-23 06:00:00,BF.BLW.FAN01,bf_sinter_fan_blower,1.5076,25.8036,53.9964,1.3915,58.7668,0,,val
2025-10-23 07:00:00,BF.BLW.FAN01,bf_sinter_fan_blower,1.55,27.709,54.2812,1.3262,58.2702,0,,val
2025-10-23 08:00:00,BF.BLW.FAN01,bf_sinter_fan_blower,1.5571,29.2463,54.5331,1.1783,57.3497,0,,val
2025-10-23 09:00:00,BF.BLW.FAN01,bf_sinter_fan_blower,1.5923,31.6826,55.1588,1.2451,56.5607,0,,val
2025-10-23 10:00:00,BF.BLW.FAN01,bf_sinter_fan_blower,1.6076,30.2162,55.1747,1.0812,56.6247,0,,val
2025-10-23 11:00:00,BF.BLW.FAN01,bf_sinter_fan_blower,1.5585,33.3905,54.7305,1.1793,56.2894,0,,val
2025-10-23 12:00:00,BF.BLW.FAN01,bf_sinter_fan_blower,1.5865,24.7583,54.4217,1.0211,56.8035,0,,val
2025-10-23 13:00:00,BF.BLW.FAN01,bf_sinter_fan_blower,1.5433,21.2915,54.0133,1.0983,55.8312,0,,val
2025-10-23 14:00:00,BF.BLW.FAN01,bf_sinter_fan_blower,1.524,22.3348,53.3294,0.8826,54.4078,0,,val
2025-10-23 15:00:00,BF.BLW.FAN01,bf_sinter_fan_blower,1.5434,22.2266,53.5762,0.8742,55.1978,0,,val
2025-10-23 16:00:00,BF.BLW.FAN01,bf_sinter_fan_blower,1.5781,24.1449,52.9885,0.7666,56.2345,0,,val
2025-10-23 17:00:00,BF.BLW.FAN01,bf_sinter_fan_blower,1.5926,24.7153,52.1594,0.7063,56.462,0,,val
2025-10-23 18:00:00,BF.BLW.FAN01,bf_sinter_fan_blower,1.5821,29.381,51.1405,0.682,56.2065,0,,val
2025-10-23 19:00:00,BF.BLW.FAN01,bf_sinter_fan_blower,1.6169,30.9538,51.6184,0.6996,56.5993,0,,val
2025-10-23 20:00:00,BF.BLW.FAN01,bf_sinter_fan_blower,1.733,30.545,52.7504,0.5166,57.0377,0,,val
2025-10-23 21:00:00,BF.BLW.FAN01,bf_sinter_fan_blower,1.622,23.4606,52.8108,0.5298,57.4368,0,,val
2025-10-23 22:00:00,BF.BLW.FAN01,bf_sinter_fan_blower,1.5174,25.9949,53.0695,0.6562,56.3364,0,,val
2025-10-23 23:00:00,BF.BLW.FAN01,bf_sinter_fan_blower,1.457,29.0419,52.825,0.8729,56.4861,0,,val
2025-10-24 00:00:00,BF.BLW.FAN01,bf_sinter_fan_blower,1.4566,30.5118,52.2236,0.8134,56.9024,0,,val
2025-10-24 01:00:00,BF.BLW.FAN01,bf_sinter_fan_blower,1.4341,29.017,52.6862,0.9295,56.6628,0,,val
2025-10-24 02:00:00,BF.BLW.FAN01,bf_sinter_fan_blower,1.5588,30.7128,53.3139,0.8718,57.2091,0,,val
2025-10-24 03:00:00,BF.BLW.FAN01,bf_sinter_fan_blower,1.5469,31.5598,52.6492,0.8082,57.8075,0,,val
2025-10-24 04:00:00,BF.BLW.FAN01,bf_sinter_fan_blower,1.343,29.9108,52.1158,0.9101,56.9388,0,,val
2025-10-24 05:00:00,BF.BLW.FAN01,bf_sinter_fan_blower,1.3024,31.6969,51.4962,0.9027,57.1182,0,,val
2025-10-24 06:00:00,BF.BLW.FAN01,bf_sinter_fan_blower,1.32,29.1764,51.8582,1.0016,56.962,0,,val
2025-10-24 07:00:00,BF.BLW.FAN01,bf_sinter_fan_blower,1.4287,30.9228,51.3376,0.9282,57.5228,0,,val
2025-10-24 08:00:00,BF.BLW.FAN01,bf_sinter_fan_blower,1.4753,31.8523,52.1822,0.8523,57.496,0,,val
2025-10-24 09:00:00,BF.BLW.FAN01,bf_sinter_fan_blower,1.5163,30.9151,52.4838,0.8464,57.1898,0,,val
2025-10-24 10:00:00,BF.BLW.FAN01,bf_sinter_fan_blower,1.5993,31.2857,52.9219,0.9642,56.9588,0,,val
2025-10-24 11:00:00,BF.BLW.FAN01,bf_sinter_fan_blower,1.5754,27.9956,53.0843,0.9396,56.2742,0,,val
2025-10-24 12:00:00,BF.BLW.FAN01,bf_sinter_fan_blower,1.5553,27.492,52.7322,1.0954,56.5123,0,,val
2025-10-24 13:00:00,BF.BLW.FAN01,bf_sinter_fan_blower,1.5459,29.7996,51.7492,1.3553,57.9456,0,,val
2025-10-24 14:00:00,BF.BLW.FAN01,bf_sinter_fan_blower,1.526,30.5444,50.767,1.3396,58.1913,0,,val
2025-10-24 15:00:00,BF.BLW.FAN01,bf_sinter_fan_blower,1.7127,31.1056,51.5725,1.1387,59.4152,0,,val
2025-10-24 16:00:00,BF.BLW.FAN01,bf_sinter_fan_blower,1.7587,30.9963,52.3465,1.1842,59.2242,0,,val
2025-10-24 17:00:00,BF.BLW.FAN01,bf_sinter_fan_blower,1.8267,28.7961,52.7958,1.2166,59.5595,0,,val
2025-10-24 18:00:00,BF.BLW.FAN01,bf_sinter_fan_blower,1.8023,33.0215,53.4403,1.1861,59.0627,0,,val
2025-10-24 19:00:00,BF.BLW.FAN01,bf_sinter_fan_blower,1.7741,37.0055,53.7243,1.1734,58.5788,0,,val
2025-10-24 20:00:00,BF.BLW.FAN01,bf_sinter_fan_blower,1.7892,34.5307,54.7478,1.1875,58.7719,0,,val
2025-10-24 21:00:00,BF.BLW.FAN01,bf_sinter_fan_blower,1.9325,33.7659,56.0895,1.1012,58.556,0,,val
2025-10-24 22:00:00,BF.BLW.FAN01,bf_sinter_fan_blower,1.9052,34.5451,56.8091,1.1622,59.2896,0,,val
2025-10-24 23:00:00,BF.BLW.FAN01,bf_sinter_fan_blower,1.9412,38.0842,57.6889,1.2035,60.1262,0,,val
2025-10-25 00:00:00,BF.BLW.FAN01,bf_sinter_fan_blower,1.8901,40.7994,57.6755,1.117,60.6429,0,,val
2025-10-25 01:00:00,BF.BLW.FAN01,bf_sinter_fan_blower,1.9188,34.0227,58.3935,1.1463,60.9438,0,,val
2025-10-25 02:00:00,BF.BLW.FAN01,bf_sinter_fan_blower,1.9489,37.1232,58.0938,1.3019,62.1036,0,,val
2025-10-25 03:00:00,BF.BLW.FAN01,bf_sinter_fan_blower,1.9617,37.9249,58.1252,1.5043,62.3331,0,,val
2025-10-25 04:00:00,BF.BLW.FAN01,bf_sinter_fan_blower,1.9987,34.2717,58.8456,1.3531,62.401,0,,val
2025-10-25 05:00:00,BF.BLW.FAN01,bf_sinter_fan_blower,1.8409,33.805,58.1488,1.4853,62.6411,0,,val
2025-10-25 06:00:00,BF.BLW.FAN01,bf_sinter_fan_blower,1.7115,32.8498,58.2618,1.4376,61.2085,0,,val
2025-10-25 07:00:00,BF.BLW.FAN01,bf_sinter_fan_blower,1.7058,32.5161,57.8339,1.2551,60.7482,0,,val
2025-10-25 08:00:00,BF.BLW.FAN01,bf_sinter_fan_blower,1.7847,27.9793,58.0107,1.231,60.7523,0,,val
2025-10-25 09:00:00,BF.BLW.FAN01,bf_sinter_fan_blower,1.7339,24.5447,57.8609,1.4389,60.7632,0,,val
2025-10-25 10:00:00,BF.BLW.FAN01,bf_sinter_fan_blower,1.7141,27.6115,57.3066,1.4085,60.9744,0,,val
2025-10-25 11:00:00,BF.BLW.FAN01,bf_sinter_fan_blower,1.7355,24.4931,57.5155,1.3433,60.5731,0,,val
2025-10-25 12:00:00,BF.BLW.FAN01,bf_sinter_fan_blower,1.8403,29.0113,57.8658,1.2985,60.9457,0,,val
2025-10-25 13:00:00,BF.BLW.FAN01,bf_sinter_fan_blower,1.8085,29.3927,58.4262,1.4412,60.1517,0,,val
2025-10-25 14:00:00,BF.BLW.FAN01,bf_sinter_fan_blower,1.747,32.5424,58.7866,1.389,58.7159,0,,val
2025-10-25 15:00:00,BF.BLW.FAN01,bf_sinter_fan_blower,1.7805,29.7744,59.3984,1.5427,59.8379,0,,val
2025-10-25 16:00:00,BF.BLW.FAN01,bf_sinter_fan_blower,1.8764,29.7547,59.5554,1.432,61.288,0,,val
2025-10-25 17:00:00,BF.BLW.FAN01,bf_sinter_fan_blower,1.8695,33.5589,59.9105,1.4991,61.0477,0,,val
2025-10-25 18:00:00,BF.BLW.FAN01,bf_sinter_fan_blower,1.9274,30.8032,60.4334,1.3374,60.9843,0,,val
2025-10-25 19:00:00,BF.BLW.FAN01,bf_sinter_fan_blower,1.9342,35.194,60.3373,1.0377,61.066,0,,val
2025-10-25 20:00:00,BF.BLW.FAN01,bf_sinter_fan_blower,2.0554,31.5589,59.7723,0.96,61.6303,0,,val
2025-10-25 21:00:00,BF.BLW.FAN01,bf_sinter_fan_blower,2.0114,28.9249,60.5474,1.1073,62.0627,0,,val
2025-10-25 22:00:00,BF.BLW.FAN01,bf_sinter_fan_blower,2.0784,24.7423,60.1332,1.0581,63.7693,0,,val
2025-10-25 23:00:00,BF.BLW.FAN01,bf_sinter_fan_blower,2.1032,28.6566,61.0258,1.0789,63.9566,0,,val
2025-10-26 00:00:00,BF.BLW.FAN01,bf_sinter_fan_blower,2.0814,26.6475,60.9433,0.8756,64.2802,0,,val
2025-10-26 01:00:00,BF.BLW.FAN01,bf_sinter_fan_blower,1.8887,30.5031,60.4649,0.7776,64.2775,0,,val
2025-10-26 02:00:00,BF.BLW.FAN01,bf_sinter_fan_blower,1.9003,27.2911,61.2797,0.9024,64.5626,0,,val
2025-10-26 03:00:00,BF.BLW.FAN01,bf_sinter_fan_blower,1.9961,23.9117,62.9336,0.8372,64.6769,0,,val
2025-10-26 04:00:00,BF.BLW.FAN01,bf_sinter_fan_blower,2.0201,26.1334,63.666,0.8969,65.2173,0,,val
2025-10-26 05:00:00,BF.BLW.FAN01,bf_sinter_fan_blower,1.9572,22.9603,62.6843,0.703,64.5764,0,,val
2025-10-26 06:00:00,BF.BLW.FAN01,bf_sinter_fan_blower,1.9618,23.6317,62.2259,0.5343,64.242,0,,val
2025-10-26 07:00:00,BF.BLW.FAN01,bf_sinter_fan_blower,1.8782,26.0542,61.2526,0.2806,63.9792,0,,val
2025-10-26 08:00:00,BF.BLW.FAN01,bf_sinter_fan_blower,1.7808,30.0245,60.131,0.3564,63.6261,0,,val
2025-10-26 09:00:00,BF.BLW.FAN01,bf_sinter_fan_blower,1.8296,35.3591,59.6859,0.3582,63.9056,0,,val
2025-10-26 10:00:00,BF.BLW.FAN01,bf_sinter_fan_blower,1.8915,34.2885,58.8793,0.4123,65.4008,0,,val
2025-10-26 11:00:00,BF.BLW.FAN01,bf_sinter_fan_blower,1.8231,35.4279,58.2676,0.6062,63.8885,0,,val
2025-10-26 12:00:00,BF.BLW.FAN01,bf_sinter_fan_blower,1.8161,34.626,57.8816,0.5792,63.8048,0,,val
2025-10-26 13:00:00,BF.BLW.FAN01,bf_sinter_fan_blower,1.6822,32.0038,57.1509,0.696,62.7736,0,,val
2025-10-26 14:00:00,BF.BLW.FAN01,bf_sinter_fan_blower,1.637,30.7783,56.3893,0.7056,62.7559,0,,val
2025-10-26 15:00:00,BF.BLW.FAN01,bf_sinter_fan_blower,1.7174,28.3718,56.474,0.7044,63.1915,0,,val
2025-10-26 16:00:00,BF.BLW.FAN01,bf_sinter_fan_blower,1.6991,22.9131,56.5922,0.9404,62.6505,0,,val
2025-10-26 17:00:00,BF.BLW.FAN01,bf_sinter_fan_blower,1.7421,20.4347,56.5843,0.7137,62.4597,0,,val
2025-10-26 18:00:00,BF.BLW.FAN01,bf_sinter_fan_blower,1.7659,21.3074,56.8199,0.4926,62.2138,0,,val
2025-10-26 19:00:00,BF.BLW.FAN01,bf_sinter_fan_blower,1.7084,21.4262,56.6337,0.514,61.9871,0,,val
2025-10-26 20:00:00,BF.BLW.FAN01,bf_sinter_fan_blower,1.7139,25.3713,56.1715,0.4457,63.3442,0,,val
2025-10-26 21:00:00,BF.BLW.FAN01,bf_sinter_fan_blower,1.704,26.2357,56.1938,0.3703,63.0139,0,,val
2025-10-26 22:00:00,BF.BLW.FAN01,bf_sinter_fan_blower,1.6912,24.2145,56.458,0.4367,62.6887,0,,val
2025-10-26 23:00:00,BF.BLW.FAN01,bf_sinter_fan_blower,1.6514,21.8045,57.4591,0.5694,62.3548,0,,val
2025-10-27 00:00:00,BF.BLW.FAN01,bf_sinter_fan_blower,1.621,20.7415,57.971,0.8631,62.4404,0,,val
2025-10-27 01:00:00,BF.BLW.FAN01,bf_sinter_fan_blower,1.718,22.2541,58.0375,0.6701,63.6019,0,,val
2025-10-27 02:00:00,BF.BLW.FAN01,bf_sinter_fan_blower,1.8223,20.8901,58.9395,0.7436,64.3242,0,,val
2025-10-27 03:00:00,BF.BLW.FAN01,bf_sinter_fan_blower,1.8541,21.233,59.1453,0.6242,65.3069,0,,val
2025-10-27 04:00:00,BF.BLW.FAN01,bf_sinter_fan_blower,1.7661,29.7444,59.618,0.5454,63.3361,0,,val
2025-10-27 05:00:00,BF.BLW.FAN01,bf_sinter_fan_blower,1.6357,,59.1746,0.7356,,0,,val
2025-10-27 06:00:00,BF.BLW.FAN01,bf_sinter_fan_blower,1.5755,25.0637,58.5737,0.8342,61.0789,0,,val
2025-10-27 07:00:00,BF.BLW.FAN01,bf_sinter_fan_blower,1.6052,26.4552,59.7488,0.8971,60.7405,0,,val
2025-10-27 08:00:00,BF.BLW.FAN01,bf_sinter_fan_blower,1.6388,29.8169,60.1228,0.9773,60.694,0,,val
2025-10-27 09:00:00,BF.BLW.FAN01,bf_sinter_fan_blower,1.608,29.5751,59.5445,1.003,60.2998,0,,val
2025-10-27 10:00:00,BF.BLW.FAN01,bf_sinter_fan_blower,1.5769,25.7822,59.5084,0.935,60.4671,0,,val
2025-10-27 11:00:00,BF.BLW.FAN01,bf_sinter_fan_blower,1.6184,26.1656,58.5866,0.9263,60.7323,0,,val
2025-10-27 12:00:00,BF.BLW.FAN01,bf_sinter_fan_blower,1.5474,27.4064,57.8761,0.9821,60.1616,0,,val
2025-10-27 13:00:00,BF.BLW.FAN01,bf_sinter_fan_blower,1.4698,25.7829,58.1823,1.0579,58.1988,0,,val
2025-10-27 14:00:00,BF.BLW.FAN01,bf_sinter_fan_blower,1.5138,27.8405,58.1665,1.021,58.0377,0,,val
2025-10-27 15:00:00,BF.BLW.FAN01,bf_sinter_fan_blower,1.5173,31.6416,57.7999,0.9994,58.0948,0,,val
2025-10-27 16:00:00,BF.BLW.FAN01,bf_sinter_fan_blower,1.5154,31.0148,58.4073,0.8638,57.6321,0,,val
2025-10-27 17:00:00,BF.BLW.FAN01,bf_sinter_fan_blower,1.4332,27.1565,58.1523,0.7873,57.014,0,,val
2025-10-27 18:00:00,BF.BLW.FAN01,bf_sinter_fan_blower,1.606,29.1297,59.0517,0.7367,57.396,0,,val
2025-10-27 19:00:00,BF.BLW.FAN01,bf_sinter_fan_blower,1.6077,27.2317,59.4603,0.9117,57.2357,0,,val
2025-10-27 20:00:00,BF.BLW.FAN01,bf_sinter_fan_blower,1.569,24.3965,59.4405,0.8454,57.1619,0,,val
2025-10-27 21:00:00,BF.BLW.FAN01,bf_sinter_fan_blower,1.615,23.5492,59.8344,0.8066,58.0121,0,,val
2025-10-27 22:00:00,BF.BLW.FAN01,bf_sinter_fan_blower,1.4875,25.5301,60.0234,0.86,57.1859,0,,val
2025-10-27 23:00:00,BF.BLW.FAN01,bf_sinter_fan_blower,1.5092,24.9106,59.6956,0.9801,58.4351,0,,val
2025-10-28 00:00:00,BF.BLW.FAN01,bf_sinter_fan_blower,1.451,28.2424,58.9311,0.8335,57.9739,0,,val
2025-10-28 01:00:00,BF.BLW.FAN01,bf_sinter_fan_blower,1.557,28.2066,59.9617,0.9434,58.5109,0,,val
2025-10-28 02:00:00,BF.BLW.FAN01,bf_sinter_fan_blower,1.4939,28.5793,60.3222,1.0661,57.7462,0,,val
2025-10-28 03:00:00,BF.BLW.FAN01,bf_sinter_fan_blower,1.4656,27.8944,59.0055,1.0061,58.4138,0,,val
2025-10-28 04:00:00,BF.BLW.FAN01,bf_sinter_fan_blower,1.6025,26.0805,59.1125,1.0114,59.4344,0,,val
2025-10-28 05:00:00,BF.BLW.FAN01,bf_sinter_fan_blower,1.6631,23.0988,60.0421,0.9825,59.6065,0,,val
2025-10-28 06:00:00,BF.BLW.FAN01,bf_sinter_fan_blower,1.774,23.5926,61.2208,0.7763,60.2466,0,,val
2025-10-28 07:00:00,BF.BLW.FAN01,bf_sinter_fan_blower,1.7999,24.3933,60.765,0.5626,61.0946,0,,val
2025-10-28 08:00:00,BF.BLW.FAN01,bf_sinter_fan_blower,1.7224,23.4388,60.0772,0.4533,60.2303,0,,val
2025-10-28 09:00:00,BF.BLW.FAN01,bf_sinter_fan_blower,1.8056,26.9806,60.5321,0.4324,59.6129,0,,val
2025-10-28 10:00:00,BF.BLW.FAN01,bf_sinter_fan_blower,1.8682,24.358,60.8415,0.4102,59.3092,0,,val
2025-10-28 11:00:00,BF.BLW.FAN01,bf_sinter_fan_blower,1.71,25.4353,59.2746,0.3892,57.3432,0,,val
2025-10-28 12:00:00,BF.BLW.FAN01,bf_sinter_fan_blower,1.7234,26.8275,59.5889,0.379,56.8206,0,,val
2025-10-28 13:00:00,BF.BLW.FAN01,bf_sinter_fan_blower,1.8439,27.7051,59.2398,0.4544,58.1114,0,,val
2025-10-28 14:00:00,BF.BLW.FAN01,bf_sinter_fan_blower,1.8365,23.8498,59.6555,0.5918,57.9222,0,,val
2025-10-28 15:00:00,BF.BLW.FAN01,bf_sinter_fan_blower,1.7046,24.3933,58.2587,0.6469,58.4255,0,,val
2025-10-28 16:00:00,BF.BLW.FAN01,bf_sinter_fan_blower,1.5845,20.1037,57.4966,0.7264,56.4908,0,,val
2025-10-28 17:00:00,BF.BLW.FAN01,bf_sinter_fan_blower,1.6076,26.1101,57.0982,0.5216,56.8173,0,,val
2025-10-28 18:00:00,BF.BLW.FAN01,bf_sinter_fan_blower,1.6454,24.675,56.8942,0.4209,57.274,0,,val
2025-10-28 19:00:00,BF.BLW.FAN01,bf_sinter_fan_blower,1.5468,28.8195,55.7464,0.7839,57.5319,0,,val
2025-10-28 20:00:00,BF.BLW.FAN01,bf_sinter_fan_blower,1.5666,31.9277,56.2479,1.032,57.2342,0,,val
2025-10-28 21:00:00,BF.BLW.FAN01,bf_sinter_fan_blower,1.5763,28.5078,56.8365,0.9282,56.7319,0,,val
2025-10-28 22:00:00,BF.BLW.FAN01,bf_sinter_fan_blower,1.5352,29.0477,56.7034,1.0015,56.4494,0,,val
2025-10-28 23:00:00,BF.BLW.FAN01,bf_sinter_fan_blower,1.4996,31.2859,58.5816,0.882,55.0678,0,,val
2025-10-29 00:00:00,BF.BLW.FAN01,bf_sinter_fan_blower,1.4959,30.843,57.5826,0.7111,55.7465,0,,val
2025-10-29 01:00:00,BF.BLW.FAN01,bf_sinter_fan_blower,1.4387,33.1311,56.9694,0.6779,56.1532,0,,val
2025-10-29 02:00:00,BF.BLW.FAN01,bf_sinter_fan_blower,1.5854,35.6042,58.3745,0.6859,56.8913,0,,val
2025-10-29 03:00:00,BF.BLW.FAN01,bf_sinter_fan_blower,1.6588,36.4489,58.6893,0.791,57.3435,0,,val
2025-10-29 04:00:00,BF.BLW.FAN01,bf_sinter_fan_blower,1.5738,36.1644,58.1269,0.912,56.7236,0,,val
2025-10-29 05:00:00,BF.BLW.FAN01,bf_sinter_fan_blower,1.6018,37.8949,58.0452,0.8459,57.0663,0,,val
2025-10-29 06:00:00,BF.BLW.FAN01,bf_sinter_fan_blower,1.5422,37.2598,58.0005,0.8878,57.378,0,,val
2025-10-29 07:00:00,BF.BLW.FAN01,bf_sinter_fan_blower,1.5696,38.8141,57.3574,0.8709,57.5813,0,,val
2025-10-29 08:00:00,BF.BLW.FAN01,bf_sinter_fan_blower,1.5836,40.586,57.825,1.0035,57.7299,0,,val
2025-10-29 09:00:00,BF.BLW.FAN01,bf_sinter_fan_blower,1.568,42.1087,57.1146,1.1576,58.1826,0,,val
2025-10-29 10:00:00,BF.BLW.FAN01,bf_sinter_fan_blower,1.5787,37.6279,56.9929,1.0233,57.7608,0,,val
2025-10-29 11:00:00,BF.BLW.FAN01,bf_sinter_fan_blower,1.7216,36.8073,56.2211,1.0095,58.7893,0,,val
2025-10-29 12:00:00,BF.BLW.FAN01,bf_sinter_fan_blower,1.7022,35.6765,57.0616,1.2243,58.5633,0,,val
2025-10-29 13:00:00,BF.BLW.FAN01,bf_sinter_fan_blower,1.6469,31.9422,56.6357,1.071,57.5259,0,,val
2025-10-29 14:00:00,BF.BLW.FAN01,bf_sinter_fan_blower,1.7406,34.0774,57.0006,1.2149,57.944,0,,val
2025-10-29 15:00:00,BF.BLW.FAN01,bf_sinter_fan_blower,1.6892,35.1411,56.6364,1.2302,57.2181,0,,val
2025-10-29 16:00:00,BF.BLW.FAN01,bf_sinter_fan_blower,1.6877,33.3731,55.6907,1.2665,57.6643,0,,val
2025-10-29 17:00:00,BF.BLW.FAN01,bf_sinter_fan_blower,1.8067,30.5418,55.6261,1.5051,59.5508,0,,val
2025-10-29 18:00:00,BF.BLW.FAN01,bf_sinter_fan_blower,1.8942,29.5779,56.1044,1.5629,60.2173,0,,val
2025-10-29 19:00:00,BF.BLW.FAN01,bf_sinter_fan_blower,1.9206,28.3314,55.0766,1.5498,61.155,0,,val
2025-10-29 20:00:00,BF.BLW.FAN01,bf_sinter_fan_blower,1.9045,30.9118,55.4376,1.6134,61.1311,0,,val
2025-10-29 21:00:00,BF.BLW.FAN01,bf_sinter_fan_blower,1.8788,31.9628,56.3092,1.7274,61.3418,0,,val
2025-10-29 22:00:00,BF.BLW.FAN01,bf_sinter_fan_blower,1.9643,32.7645,57.1205,1.5838,61.6273,0,,val
2025-10-29 23:00:00,BF.BLW.FAN01,bf_sinter_fan_blower,1.8514,29.5159,56.3702,1.6356,61.4342,0,,val
2025-10-30 00:00:00,BF.BLW.FAN01,bf_sinter_fan_blower,1.8535,26.36,56.258,1.4716,62.3028,0,,val
2025-10-30 01:00:00,BF.BLW.FAN01,bf_sinter_fan_blower,1.7903,29.5885,55.4381,1.334,62.8054,0,,val
2025-10-30 02:00:00,BF.BLW.FAN01,bf_sinter_fan_blower,1.7546,33.1143,54.5005,1.2775,62.9006,0,,val
2025-10-30 03:00:00,BF.BLW.FAN01,bf_sinter_fan_blower,1.8568,33.76,55.3729,1.3655,63.7431,0,,val
2025-10-30 04:00:00,BF.BLW.FAN01,bf_sinter_fan_blower,1.8329,35.332,55.6203,1.1832,63.2936,0,,val
2025-10-30 05:00:00,BF.BLW.FAN01,bf_sinter_fan_blower,1.9984,33.9254,55.0273,1.1565,65.0327,0,,val
2025-10-30 06:00:00,BF.BLW.FAN01,bf_sinter_fan_blower,2.1168,35.593,55.9687,1.124,65.8447,0,,val
2025-10-30 07:00:00,BF.BLW.FAN01,bf_sinter_fan_blower,2.0738,34.166,56.4577,1.2084,64.9508,0,,val
2025-10-30 08:00:00,BF.BLW.FAN01,bf_sinter_fan_blower,2.1087,33.4798,56.8073,1.289,64.6964,0,,val
2025-10-30 09:00:00,BF.BLW.FAN01,bf_sinter_fan_blower,2.16,33.0613,57.5561,0.9958,64.7582,0,,val
2025-10-30 10:00:00,BF.BLW.FAN01,bf_sinter_fan_blower,2.1992,32.3798,58.6316,0.9586,64.4529,0,,val
2025-10-30 11:00:00,BF.BLW.FAN01,bf_sinter_fan_blower,2.0949,36.6166,57.1381,1.0624,63.6248,0,,val
2025-10-30 12:00:00,BF.BLW.FAN01,bf_sinter_fan_blower,2.0351,34.5304,57.4855,1.3283,63.3709,0,,val
2025-10-30 13:00:00,BF.BLW.FAN01,bf_sinter_fan_blower,1.9818,36.2028,57.4487,1.3748,63.0288,0,,val
2025-10-30 14:00:00,BF.BLW.FAN01,bf_sinter_fan_blower,2.1256,37.5099,57.8211,1.0654,63.5286,0,,val
2025-10-30 15:00:00,BF.BLW.FAN01,bf_sinter_fan_blower,2.0962,38.3844,57.8673,0.8487,62.5496,0,BF.BLW.FAN01::E06,test
2025-10-30 16:00:00,BF.BLW.FAN01,bf_sinter_fan_blower,2.1126,34.6541,57.5232,0.8582,62.4509,0,BF.BLW.FAN01::E06,test
2025-10-30 17:00:00,BF.BLW.FAN01,bf_sinter_fan_blower,2.1415,33.2267,57.1794,0.8452,63.907,0,BF.BLW.FAN01::E06,test
2025-10-30 18:00:00,BF.BLW.FAN01,bf_sinter_fan_blower,1.9807,31.2718,57.8822,0.9052,62.9953,0,BF.BLW.FAN01::E06,test
2025-10-30 19:00:00,BF.BLW.FAN01,bf_sinter_fan_blower,1.8013,34.898,57.6608,0.9228,61.5909,0,BF.BLW.FAN01::E06,test
2025-10-30 20:00:00,BF.BLW.FAN01,bf_sinter_fan_blower,1.8236,33.1571,58.5638,0.9174,60.732,0,BF.BLW.FAN01::E06,test
2025-10-30 21:00:00,BF.BLW.FAN01,bf_sinter_fan_blower,1.8098,35.9362,58.6005,0.6888,60.9619,0,BF.BLW.FAN01::E06,test
2025-10-30 22:00:00,BF.BLW.FAN01,bf_sinter_fan_blower,1.8789,34.2686,58.8716,0.7051,62.0313,0,BF.BLW.FAN01::E06,test
2025-10-30 23:00:00,BF.BLW.FAN01,bf_sinter_fan_blower,1.8415,31.3162,58.7654,0.8433,61.2065,0,BF.BLW.FAN01::E06,test
2025-10-31 00:00:00,BF.BLW.FAN01,bf_sinter_fan_blower,1.7722,32.2662,58.9326,1.048,61.9812,0,BF.BLW.FAN01::E06,test
2025-10-31 01:00:00,BF.BLW.FAN01,bf_sinter_fan_blower,1.8052,30.2723,60.5316,1.233,62.0555,0,BF.BLW.FAN01::E06,test
2025-10-31 02:00:00,BF.BLW.FAN01,bf_sinter_fan_blower,1.8283,33.7732,60.7154,1.2631,63.4431,0,BF.BLW.FAN01::E06,test
2025-10-31 03:00:00,BF.BLW.FAN01,bf_sinter_fan_blower,1.9164,33.0746,61.5272,1.1267,63.1643,0,BF.BLW.FAN01::E06,test
2025-10-31 04:00:00,BF.BLW.FAN01,bf_sinter_fan_blower,1.9638,35.5512,61.5539,1.3031,64.1516,0,BF.BLW.FAN01::E06,test
2025-10-31 05:00:00,BF.BLW.FAN01,bf_sinter_fan_blower,1.992,35.1743,61.6724,1.2278,64.992,0,BF.BLW.FAN01::E06,test
2025-10-31 06:00:00,BF.BLW.FAN01,bf_sinter_fan_blower,1.9848,40.9966,61.9583,1.2927,65.0975,0,BF.BLW.FAN01::E06,test
2025-10-31 07:00:00,BF.BLW.FAN01,bf_sinter_fan_blower,1.9097,38.5703,60.7969,1.5164,65.6628,0,BF.BLW.FAN01::E06,test
2025-10-31 08:00:00,BF.BLW.FAN01,bf_sinter_fan_blower,2.061,41.8064,62.8486,1.5858,66.2554,0,BF.BLW.FAN01::E06,test
2025-10-31 09:00:00,BF.BLW.FAN01,bf_sinter_fan_blower,2.1504,46.5027,62.1324,1.5378,67.042,0,BF.BLW.FAN01::E06,test
2025-10-31 10:00:00,BF.BLW.FAN01,bf_sinter_fan_blower,2.0509,48.5991,61.1595,1.6292,66.1536,0,BF.BLW.FAN01::E06,test
2025-10-31 11:00:00,BF.BLW.FAN01,bf_sinter_fan_blower,2.0285,47.8904,61.3259,1.6824,65.9406,0,BF.BLW.FAN01::E06,test
2025-10-31 12:00:00,BF.BLW.FAN01,bf_sinter_fan_blower,1.9235,49.9408,61.7007,2.0875,64.8511,0,BF.BLW.FAN01::E06,test
2025-10-31 13:00:00,BF.BLW.FAN01,bf_sinter_fan_blower,1.9409,51.0538,60.921,2.0035,65.4122,0,BF.BLW.FAN01::E06,test
2025-10-31 14:00:00,BF.BLW.FAN01,bf_sinter_fan_blower,1.8067,48.7496,59.8819,2.0424,64.138,0,BF.BLW.FAN01::E06,test
2025-10-31 15:00:00,BF.BLW.FAN01,bf_sinter_fan_blower,1.9033,46.9916,60.2039,2.0033,65.0495,0,BF.BLW.FAN01::E06,test
2025-10-31 16:00:00,BF.BLW.FAN01,bf_sinter_fan_blower,1.9681,50.7038,60.4434,2.159,64.9454,0,BF.BLW.FAN01::E06,test
2025-10-31 17:00:00,BF.BLW.FAN01,bf_sinter_fan_blower,2.0329,49.4392,60.6669,2.2766,65.8902,0,BF.BLW.FAN01::E06,test
2025-10-31 18:00:00,BF.BLW.FAN01,bf_sinter_fan_blower,1.9225,51.6552,59.509,2.38,66.5832,0,BF.BLW.FAN01::E06,test
2025-10-31 19:00:00,BF.BLW.FAN01,bf_sinter_fan_blower,1.9562,48.534,60.0006,2.3047,66.7749,0,BF.BLW.FAN01::E06,test
2025-10-31 20:00:00,BF.BLW.FAN01,bf_sinter_fan_blower,1.8093,50.5506,59.5264,2.4025,64.7115,0,BF.BLW.FAN01::E06,test
2025-10-31 21:00:00,BF.BLW.FAN01,bf_sinter_fan_blower,1.819,50.194,60.1791,2.5032,65.3656,0,BF.BLW.FAN01::E06,test
2025-10-31 22:00:00,BF.BLW.FAN01,bf_sinter_fan_blower,1.7536,47.8844,59.8308,2.4976,65.0499,0,BF.BLW.FAN01::E06,test
2025-10-31 23:00:00,BF.BLW.FAN01,bf_sinter_fan_blower,1.6893,50.5847,58.7211,2.5767,65.8293,0,BF.BLW.FAN01::E06,test
2025-11-01 00:00:00,BF.BLW.FAN01,bf_sinter_fan_blower,1.6757,46.533,57.3185,2.6098,66.808,0,BF.BLW.FAN01::E06,test
2025-11-01 01:00:00,BF.BLW.FAN01,bf_sinter_fan_blower,1.7088,43.9509,57.8693,2.5957,67.1941,0,BF.BLW.FAN01::E06,test
2025-11-01 02:00:00,BF.BLW.FAN01,bf_sinter_fan_blower,1.5822,45.7023,57.1832,2.7188,67.2703,0,BF.BLW.FAN01::E06,test
2025-11-01 03:00:00,BF.BLW.FAN01,bf_sinter_fan_blower,1.6055,50.0087,57.3475,2.6904,67.6178,0,BF.BLW.FAN01::E06,test
2025-11-01 04:00:00,BF.BLW.FAN01,bf_sinter_fan_blower,1.6052,42.5232,56.8043,2.6933,67.6136,0,BF.BLW.FAN01::E06,test
2025-11-01 05:00:00,BF.BLW.FAN01,bf_sinter_fan_blower,1.6486,44.7763,56.7953,2.6427,67.7618,0,BF.BLW.FAN01::E06,test
2025-11-01 06:00:00,BF.BLW.FAN01,bf_sinter_fan_blower,1.6822,44.1776,56.9106,2.5524,67.7646,0,BF.BLW.FAN01::E06,test
2025-11-01 07:00:00,BF.BLW.FAN01,bf_sinter_fan_blower,1.6299,42.251,57.1375,2.7708,68.084,0,BF.BLW.FAN01::E06,test
2025-11-01 08:00:00,BF.BLW.FAN01,bf_sinter_fan_blower,1.5859,36.7354,57.6466,2.8095,67.7787,0,BF.BLW.FAN01::E06,test
2025-11-01 09:00:00,BF.BLW.FAN01,bf_sinter_fan_blower,1.649,39.8708,57.7043,2.8168,67.3368,0,BF.BLW.FAN01::E06,test
2025-11-01 10:00:00,BF.BLW.FAN01,bf_sinter_fan_blower,1.7401,41.9594,57.255,2.936,67.8128,0,BF.BLW.FAN01::E06,test
2025-11-01 11:00:00,BF.BLW.FAN01,bf_sinter_fan_blower,1.765,45.0111,56.8515,3.1416,67.8748,0,BF.BLW.FAN01::E06,test
2025-11-01 12:00:00,BF.BLW.FAN01,bf_sinter_fan_blower,1.7018,46.9307,56.1759,3.2349,67.737,0,BF.BLW.FAN01::E06,test
2025-11-01 13:00:00,BF.BLW.FAN01,bf_sinter_fan_blower,1.6533,46.7221,55.4513,3.3028,67.7226,0,BF.BLW.FAN01::E06,test
2025-11-01 14:00:00,BF.BLW.FAN01,bf_sinter_fan_blower,1.5566,47.0494,55.2464,3.2492,66.7707,0,BF.BLW.FAN01::E06,test
2025-11-01 15:00:00,BF.BLW.FAN01,bf_sinter_fan_blower,1.5915,44.019,55.1302,3.3224,66.5511,0,BF.BLW.FAN01::E06,test
2025-11-01 16:00:00,BF.BLW.FAN01,bf_sinter_fan_blower,1.59,39.5892,54.1443,3.4225,66.5923,0,BF.BLW.FAN01::E06,test
2025-11-01 17:00:00,BF.BLW.FAN01,bf_sinter_fan_blower,1.7178,41.0648,54.9875,3.5202,66.7235,0,BF.BLW.FAN01::E06,test
2025-11-01 18:00:00,BF.BLW.FAN01,bf_sinter_fan_blower,1.6838,42.8386,55.4911,3.4053,66.1473,0,BF.BLW.FAN01::E06,test
2025-11-01 19:00:00,BF.BLW.FAN01,bf_sinter_fan_blower,1.7255,42.9293,56.0655,3.2853,65.9997,0,BF.BLW.FAN01::E06,test
2025-11-01 20:00:00,BF.BLW.FAN01,bf_sinter_fan_blower,1.6997,40.5269,56.3027,3.4502,66.0796,0,BF.BLW.FAN01::E06,test
2025-11-01 21:00:00,BF.BLW.FAN01,bf_sinter_fan_blower,1.7463,43.8046,55.6022,3.3873,66.5213,0,BF.BLW.FAN01::E06,test
2025-11-01 22:00:00,BF.BLW.FAN01,bf_sinter_fan_blower,1.7501,44.5249,55.9516,3.5368,67.361,0,BF.BLW.FAN01::E06,test
2025-11-01 23:00:00,BF.BLW.FAN01,bf_sinter_fan_blower,1.7582,46.6717,57.0642,3.3257,67.161,0,BF.BLW.FAN01::E06,test
2025-11-02 00:00:00,BF.BLW.FAN01,bf_sinter_fan_blower,1.5641,47.6638,56.7318,3.3771,66.5544,0,BF.BLW.FAN01::E06,test
2025-11-02 01:00:00,BF.BLW.FAN01,bf_sinter_fan_blower,1.5995,49.9337,56.8392,3.4552,67.117,0,BF.BLW.FAN01::E06,test
2025-11-02 02:00:00,BF.BLW.FAN01,bf_sinter_fan_blower,1.4646,52.6849,56.3688,3.5607,67.2674,0,BF.BLW.FAN01::E06,test
2025-11-02 03:00:00,BF.BLW.FAN01,bf_sinter_fan_blower,1.6321,53.0283,56.9899,3.4397,67.6685,0,BF.BLW.FAN01::E06,test
2025-11-02 04:00:00,BF.BLW.FAN01,bf_sinter_fan_blower,1.8248,53.9732,65.548,3.2473,69.1991,0,BF.BLW.FAN01::E06,test
2025-11-02 05:00:00,BF.BLW.FAN01,bf_sinter_fan_blower,1.8463,55.2789,74.7895,3.3016,69.3701,0,BF.BLW.FAN01::E06,test
2025-11-02 06:00:00,BF.BLW.FAN01,bf_sinter_fan_blower,1.755,59.8826,66.1378,3.3036,69.0168,0,BF.BLW.FAN01::E06,test
2025-11-02 07:00:00,BF.BLW.FAN01,bf_sinter_fan_blower,1.7757,62.4068,57.4139,3.0928,68.8502,0,BF.BLW.FAN01::E06,test
2025-11-02 08:00:00,BF.BLW.FAN01,bf_sinter_fan_blower,1.7721,62.4309,57.1618,3.1665,70.0555,0,BF.BLW.FAN01::E06,test
2025-11-02 09:00:00,BF.BLW.FAN01,bf_sinter_fan_blower,1.7975,62.9638,57.3456,3.1636,69.8296,0,BF.BLW.FAN01::E06,test
2025-11-02 10:00:00,BF.BLW.FAN01,bf_sinter_fan_blower,1.7505,63.4503,57.4068,3.2694,68.4494,0,BF.BLW.FAN01::E06,test
2025-11-02 11:00:00,BF.BLW.FAN01,bf_sinter_fan_blower,1.6315,59.7377,55.9352,3.3202,67.598,0,BF.BLW.FAN01::E06,test
2025-11-02 12:00:00,BF.BLW.FAN01,bf_sinter_fan_blower,1.6249,65.2399,55.6022,3.3948,67.7218,0,BF.BLW.FAN01::E06,test
2025-11-02 13:00:00,BF.BLW.FAN01,bf_sinter_fan_blower,1.8649,64.6611,57.2905,3.5397,68.0043,0,BF.BLW.FAN01::E06,test
2025-11-02 14:00:00,BF.BLW.FAN01,bf_sinter_fan_blower,1.8306,63.0916,57.6407,3.7006,68.0532,0,BF.BLW.FAN01::E06,test
2025-11-02 15:00:00,BF.BLW.FAN01,bf_sinter_fan_blower,1.874,60.6652,57.8768,3.5967,68.4005,0,BF.BLW.FAN01::E06,test
2025-11-02 16:00:00,BF.BLW.FAN01,bf_sinter_fan_blower,1.857,60.8811,57.8629,3.4795,68.0818,1,BF.BLW.FAN01::E06,test
2025-11-02 17:00:00,BF.BLW.FAN01,bf_sinter_fan_blower,1.9098,63.9404,59.2816,3.5927,67.6244,0,BF.BLW.FAN01::E06,test
2025-11-02 18:00:00,BF.BLW.FAN01,bf_sinter_fan_blower,1.936,64.9597,57.9351,3.4812,68.388,0,BF.BLW.FAN01::E06,test
2025-11-02 19:00:00,BF.BLW.FAN01,bf_sinter_fan_blower,1.9701,64.0823,57.478,3.7648,68.7719,0,BF.BLW.FAN01::E06,test
2025-11-02 20:00:00,BF.BLW.FAN01,bf_sinter_fan_blower,1.9649,62.1136,57.391,3.7776,69.6285,1,BF.BLW.FAN01::E06,test
2025-11-02 21:00:00,BF.BLW.FAN01,bf_sinter_fan_blower,2.025,67.149,56.7428,3.9268,71.4497,0,BF.BLW.FAN01::E06,test
2025-11-02 22:00:00,BF.BLW.FAN01,bf_sinter_fan_blower,2.0877,67.3129,56.8058,3.9777,72.6476,0,BF.BLW.FAN01::E06,test
2025-11-02 23:00:00,BF.BLW.FAN01,bf_sinter_fan_blower,2.0072,66.0861,55.6411,3.782,73.4514,0,BF.BLW.FAN01::E06,test
2025-11-03 00:00:00,BF.BLW.FAN01,bf_sinter_fan_blower,2.09,67.3087,55.4652,3.8738,73.8715,0,BF.BLW.FAN01::E06,test
2025-11-03 01:00:00,BF.BLW.FAN01,bf_sinter_fan_blower,2.0666,67.6647,55.5588,3.9067,73.834,0,BF.BLW.FAN01::E06,test
2025-11-03 02:00:00,BF.BLW.FAN01,bf_sinter_fan_blower,2.2036,64.1842,57.4825,4.0461,74.5908,1,BF.BLW.FAN01::E06,test
2025-11-03 03:00:00,BF.BLW.FAN01,bf_sinter_fan_blower,2.2344,64.8701,57.9674,4.2293,76.4008,1,BF.BLW.FAN01::E06,test
2025-11-03 04:00:00,BF.BLW.FAN01,bf_sinter_fan_blower,2.2675,60.9663,58.2618,4.2854,77.6063,0,BF.BLW.FAN01::E06,test
2025-11-03 05:00:00,BF.BLW.FAN01,bf_sinter_fan_blower,2.251,58.5545,58.5815,4.2045,77.6268,0,BF.BLW.FAN01::E06,test
2025-11-03 06:00:00,BF.BLW.FAN01,bf_sinter_fan_blower,2.0795,58.7085,58.3093,4.1489,76.109,0,BF.BLW.FAN01::E06,test
2025-11-03 07:00:00,BF.BLW.FAN01,bf_sinter_fan_blower,2.0917,60.3234,58.1725,4.1825,75.4014,0,BF.BLW.FAN01::E06,test
2025-11-03 08:00:00,BF.BLW.FAN01,bf_sinter_fan_blower,2.0666,60.9277,57.8396,4.2566,75.0506,0,BF.BLW.FAN01::E06,test
2025-11-03 09:00:00,BF.BLW.FAN01,bf_sinter_fan_blower,2.023,61.0075,57.0989,4.3956,75.2893,1,BF.BLW.FAN01::E06,test
2025-11-03 10:00:00,BF.BLW.FAN01,bf_sinter_fan_blower,1.9094,60.7293,55.764,4.6113,74.6532,1,BF.BLW.FAN01::E06,test
2025-11-03 11:00:00,BF.BLW.FAN01,bf_sinter_fan_blower,1.9754,60.6919,55.7287,4.7468,74.5033,1,BF.BLW.FAN01::E06,test
2025-11-03 12:00:00,BF.BLW.FAN01,bf_sinter_fan_blower,1.9991,60.6803,55.637,4.9761,74.5234,0,BF.BLW.FAN01::E06,test
2025-11-03 13:00:00,BF.BLW.FAN01,bf_sinter_fan_blower,2.0188,65.9286,54.1841,5.0404,74.662,1,BF.BLW.FAN01::E06,test
2025-11-03 14:00:00,BF.BLW.FAN01,bf_sinter_fan_blower,1.9386,70.0498,54.4447,5.1887,73.3121,1,BF.BLW.FAN01::E06,test
2025-11-03 15:00:00,BF.BLW.FAN01,bf_sinter_fan_blower,2.0505,70.2706,54.6693,5.088,74.1955,1,BF.BLW.FAN01::E06,test
2025-11-03 16:00:00,BF.BLW.FAN01,bf_sinter_fan_blower,1.8908,69.384,54.9459,5.035,71.7626,1,BF.BLW.FAN01::E06,test
2025-11-03 17:00:00,BF.BLW.FAN01,bf_sinter_fan_blower,1.9781,71.9612,55.7812,5.0393,72.1579,1,BF.BLW.FAN01::E06,test
2025-11-03 18:00:00,BF.BLW.FAN01,bf_sinter_fan_blower,2.0201,73.3355,55.9072,4.9449,72.7951,1,BF.BLW.FAN01::E06,test
2025-11-03 19:00:00,BF.BLW.FAN01,bf_sinter_fan_blower,1.9231,75.4477,55.0826,5.0833,72.5322,1,BF.BLW.FAN01::E06,test
2025-11-03 20:00:00,BF.BLW.FAN01,bf_sinter_fan_blower,1.9949,72.3694,55.0337,5.0948,73.3166,1,BF.BLW.FAN01::E06,test
2025-11-03 21:00:00,BF.BLW.FAN01,bf_sinter_fan_blower,1.9277,77.8236,54.5814,5.3072,74.0865,1,BF.BLW.FAN01::E06,test
2025-11-03 22:00:00,BF.BLW.FAN01,bf_sinter_fan_blower,1.9242,76.0955,55.4559,5.2982,73.9837,1,BF.BLW.FAN01::E06,test
2025-11-03 23:00:00,BF.BLW.FAN01,bf_sinter_fan_blower,1.9868,79.7699,55.6897,5.3449,74.9519,1,BF.BLW.FAN01::E06,test
2025-11-04 00:00:00,BF.BLW.FAN01,bf_sinter_fan_blower,1.99,78.1322,56.2747,5.3691,76.3018,1,BF.BLW.FAN01::E06,test
2025-11-04 01:00:00,BF.BLW.FAN01,bf_sinter_fan_blower,1.9747,78.4929,56.3594,5.2507,75.7605,1,BF.BLW.FAN01::E06,test
2025-11-04 02:00:00,BF.BLW.FAN01,bf_sinter_fan_blower,1.8374,77.5417,56.3607,5.3413,76.0213,1,BF.BLW.FAN01::E06,test
2025-11-04 03:00:00,BF.BLW.FAN01,bf_sinter_fan_blower,1.7541,71.9559,56.2305,5.3429,76.2733,1,BF.BLW.FAN01::E06,test
2025-11-04 04:00:00,BF.BLW.FAN01,bf_sinter_fan_blower,1.7147,71.5222,55.7859,5.3534,76.6653,1,BF.BLW.FAN01::E06,test
2025-11-04 05:00:00,BF.BLW.FAN01,bf_sinter_fan_blower,1.6821,72.9419,56.1919,5.405,75.6771,1,BF.BLW.FAN01::E06,test
2025-11-04 06:00:00,BF.BLW.FAN01,bf_sinter_fan_blower,1.7863,71.1211,56.7179,5.2934,76.7199,1,BF.BLW.FAN01::E06,test
2025-11-04 07:00:00,BF.BLW.FAN01,bf_sinter_fan_blower,1.7912,74.5388,57.6582,5.2122,75.4161,0,BF.BLW.FAN01::E06,test
2025-11-04 08:00:00,BF.BLW.FAN01,bf_sinter_fan_blower,1.8355,73.7962,57.6549,5.0788,75.6385,1,BF.BLW.FAN01::E06,test
2025-11-04 09:00:00,BF.BLW.FAN01,bf_sinter_fan_blower,1.7445,75.7506,57.312,5.2787,75.4447,1,BF.BLW.FAN01::E06,test
2025-11-04 10:00:00,BF.BLW.FAN01,bf_sinter_fan_blower,1.8032,78.4089,56.9982,5.2116,74.8571,1,BF.BLW.FAN01::E06,test
2025-11-04 11:00:00,BF.BLW.FAN01,bf_sinter_fan_blower,1.8995,83.3213,57.1855,5.3589,74.6024,1,BF.BLW.FAN01::E06,test
2025-11-04 12:00:00,BF.BLW.FAN01,bf_sinter_fan_blower,1.805,85.292,56.5474,5.5165,73.5124,1,BF.BLW.FAN01::E06,test
2025-11-04 13:00:00,BF.BLW.FAN01,bf_sinter_fan_blower,1.6895,84.8699,55.1889,5.6657,72.7224,1,BF.BLW.FAN01::E06,test
2025-11-04 14:00:00,BF.BLW.FAN01,bf_sinter_fan_blower,1.7299,89.0743,54.8624,5.6883,72.5929,1,BF.BLW.FAN01::E06,test
2025-11-04 15:00:00,BF.BLW.FAN01,bf_sinter_fan_blower,1.8584,87.9579,55.6988,5.7373,72.1242,1,BF.BLW.FAN01::E06,test
2025-11-04 16:00:00,BF.BLW.FAN01,bf_sinter_fan_blower,1.8804,87.2795,54.8976,5.7718,72.2647,1,BF.BLW.FAN01::E06,test
2025-11-04 17:00:00,BF.BLW.FAN01,bf_sinter_fan_blower,1.8358,84.8491,54.1955,5.895,71.7909,1,BF.BLW.FAN01::E06,test
2025-11-04 18:00:00,BF.BLW.FAN01,bf_sinter_fan_blower,1.7707,83.3741,53.9464,6.2242,71.0802,1,BF.BLW.FAN01::E06,test
2025-11-04 19:00:00,BF.BLW.FAN01,bf_sinter_fan_blower,1.639,83.8194,53.7798,6.3974,70.1538,1,BF.BLW.FAN01::E06,test
2025-11-04 20:00:00,BF.BLW.FAN01,bf_sinter_fan_blower,1.5653,82.401,52.0703,6.3228,70.5299,1,BF.BLW.FAN01::E06,test
2025-11-04 21:00:00,BF.BLW.FAN01,bf_sinter_fan_blower,1.5285,83.6185,51.8172,6.4491,69.9028,1,BF.BLW.FAN01::E06,test
2025-11-04 22:00:00,BF.BLW.FAN01,bf_sinter_fan_blower,1.4883,81.4107,52.111,6.9002,70.0654,1,BF.BLW.FAN01::E06,test
2025-11-04 23:00:00,BF.BLW.FAN01,bf_sinter_fan_blower,1.6131,85.0937,52.1849,6.7669,70.2451,1,BF.BLW.FAN01::E06,test
2025-11-05 00:00:00,BF.BLW.FAN01,bf_sinter_fan_blower,1.6083,84.5943,52.0846,6.9322,70.6221,2,BF.BLW.FAN01::E06,test
2025-11-05 01:00:00,BF.BLW.FAN01,bf_sinter_fan_blower,1.5801,86.2727,53.0286,7.2183,71.3014,2,BF.BLW.FAN01::E06,test
2025-11-05 02:00:00,BF.BLW.FAN01,bf_sinter_fan_blower,1.5118,87.4146,52.5246,7.3879,71.3977,1,BF.BLW.FAN01::E06,test
2025-11-05 03:00:00,BF.BLW.FAN01,bf_sinter_fan_blower,1.6647,84.9664,52.7823,7.3283,73.2569,1,BF.BLW.FAN01::E06,test
2025-11-05 04:00:00,BF.BLW.FAN01,bf_sinter_fan_blower,1.5275,79.4836,53.1788,7.59,72.3663,1,BF.BLW.FAN01::E06,test
2025-11-05 05:00:00,BF.BLW.FAN01,bf_sinter_fan_blower,1.6558,77.7567,53.8732,7.5379,73.0927,1,BF.BLW.FAN01::E06,test
2025-11-05 06:00:00,BF.BLW.FAN01,bf_sinter_fan_blower,1.7426,80.082,53.6011,7.6556,74.848,1,BF.BLW.FAN01::E06,test
2025-11-05 07:00:00,BF.BLW.FAN01,bf_sinter_fan_blower,1.7193,80.2832,52.5675,7.6204,74.9653,2,BF.BLW.FAN01::E06,test
2025-11-05 08:00:00,BF.BLW.FAN01,bf_sinter_fan_blower,1.638,78.398,51.5102,7.675,74.503,1,BF.BLW.FAN01::E06,test
2025-11-05 09:00:00,BF.BLW.FAN01,bf_sinter_fan_blower,1.5532,78.2061,50.192,7.5948,74.8188,1,BF.BLW.FAN01::E06,test
2025-11-05 10:00:00,BF.BLW.FAN01,bf_sinter_fan_blower,1.6234,78.1569,49.5375,7.665,75.1268,1,BF.BLW.FAN01::E06,test
2025-11-05 11:00:00,BF.BLW.FAN01,bf_sinter_fan_blower,1.7446,70.34,49.3959,7.6301,76.5731,2,BF.BLW.FAN01::E06,test
2025-11-05 12:00:00,BF.BLW.FAN01,bf_sinter_fan_blower,1.7757,71.0132,49.4532,7.7445,76.5186,1,BF.BLW.FAN01::E06,test
2025-11-05 13:00:00,BF.BLW.FAN01,bf_sinter_fan_blower,1.6679,73.0139,48.9611,7.7672,75.5406,1,BF.BLW.FAN01::E06,test
2025-11-05 14:00:00,BF.BLW.FAN01,bf_sinter_fan_blower,1.7887,75.5259,48.6802,7.6793,76.1185,1,BF.BLW.FAN01::E06,test
2025-11-05 15:00:00,BF.BLW.FAN01,bf_sinter_fan_blower,1.7318,81.7713,48.5985,7.8128,75.6103,1,BF.BLW.FAN01::E06,test
2025-11-05 16:00:00,BF.BLW.FAN01,bf_sinter_fan_blower,1.6774,80.8322,48.524,7.8703,75.0281,2,BF.BLW.FAN01::E06,test
2025-11-05 17:00:00,BF.BLW.FAN01,bf_sinter_fan_blower,1.7104,81.1872,48.4519,7.9045,75.3058,2,BF.BLW.FAN01::E06,test
2025-11-05 18:00:00,BF.BLW.FAN01,bf_sinter_fan_blower,1.6644,76.2837,48.5902,7.9676,74.5971,1,BF.BLW.FAN01::E06,test
2025-11-05 19:00:00,BF.BLW.FAN01,bf_sinter_fan_blower,1.8254,77.5517,49.2048,7.9888,75.3748,2,BF.BLW.FAN01::E06,test
2025-11-05 20:00:00,BF.BLW.FAN01,bf_sinter_fan_blower,1.8927,77.7537,49.3516,8.0775,75.6617,1,BF.BLW.FAN01::E06,test
2025-11-05 21:00:00,BF.BLW.FAN01,bf_sinter_fan_blower,1.7711,79.5604,49.0186,8.1785,75.6161,2,BF.BLW.FAN01::E06,test
2025-11-05 22:00:00,BF.BLW.FAN01,bf_sinter_fan_blower,1.7825,74.9359,49.5091,8.1399,76.1109,1,BF.BLW.FAN01::E06,test
2025-11-05 23:00:00,BF.BLW.FAN01,bf_sinter_fan_blower,1.8119,77.272,51.4909,8.2895,75.0229,2,BF.BLW.FAN01::E06,test
2025-11-06 00:00:00,BF.BLW.FAN01,bf_sinter_fan_blower,1.9061,78.6068,53.1558,8.4037,75.0397,2,BF.BLW.FAN01::E06,test
2025-11-06 01:00:00,BF.BLW.FAN01,bf_sinter_fan_blower,1.769,78.6559,53.3817,8.3859,74.6826,1,BF.BLW.FAN01::E06,test
2025-11-06 02:00:00,BF.BLW.FAN01,bf_sinter_fan_blower,1.8075,78.7676,54.1959,8.3889,74.9372,2,BF.BLW.FAN01::E06,test
2025-11-06 03:00:00,BF.BLW.FAN01,bf_sinter_fan_blower,1.6538,79.9205,53.9873,8.4671,73.6746,2,BF.BLW.FAN01::E06,test
2025-11-06 04:00:00,BF.BLW.FAN01,bf_sinter_fan_blower,1.6062,82.4882,54.0915,8.5818,73.8555,2,BF.BLW.FAN01::E06,test
2025-11-06 05:00:00,BF.BLW.FAN01,bf_sinter_fan_blower,1.6255,79.006,54.389,8.5794,74.0751,2,BF.BLW.FAN01::E06,test
2025-11-06 06:00:00,BF.BLW.FAN01,bf_sinter_fan_blower,1.5773,76.7617,55.4815,8.637,72.8608,2,BF.BLW.FAN01::E06,test
2025-11-06 07:00:00,BF.BLW.FAN01,bf_sinter_fan_blower,1.5682,76.2046,55.1604,8.7636,72.2935,2,BF.BLW.FAN01::E06,test
2025-11-06 08:00:00,BF.BLW.FAN01,bf_sinter_fan_blower,1.5391,82.9381,54.7527,8.9639,71.7093,2,BF.BLW.FAN01::E06,test
2025-11-06 09:00:00,BF.BLW.FAN01,bf_sinter_fan_blower,1.6506,85.3659,54.6048,8.9161,71.7996,2,BF.BLW.FAN01::E06,test
2025-11-06 10:00:00,BF.BLW.FAN01,bf_sinter_fan_blower,1.5958,30.675,54.4416,0.9784,70.6101,0,,test
2025-11-06 11:00:00,BF.BLW.FAN01,bf_sinter_fan_blower,1.6916,30.3123,53.9037,0.9041,70.3723,0,,test
2025-11-06 12:00:00,BF.BLW.FAN01,bf_sinter_fan_blower,1.7321,35.6749,52.578,0.9901,71.0713,0,,test
2025-11-06 13:00:00,BF.BLW.FAN01,bf_sinter_fan_blower,1.682,35.5761,52.7985,0.8714,69.8125,0,,test
2025-11-06 14:00:00,BF.BLW.FAN01,bf_sinter_fan_blower,1.6361,39.3139,51.8305,0.7878,69.4672,0,,test
2025-11-06 15:00:00,BF.BLW.FAN01,bf_sinter_fan_blower,1.6639,36.7101,51.8721,0.834,69.301,0,,test
2025-11-06 16:00:00,BF.BLW.FAN01,bf_sinter_fan_blower,1.6116,33.5064,52.1086,0.8464,68.809,0,,test
2025-11-06 17:00:00,BF.BLW.FAN01,bf_sinter_fan_blower,1.4745,33.6925,51.2766,0.8235,67.3816,0,,test
2025-11-06 18:00:00,BF.BLW.FAN01,bf_sinter_fan_blower,1.519,33.9846,51.3804,0.8251,67.4964,0,,test
2025-11-06 19:00:00,BF.BLW.FAN01,bf_sinter_fan_blower,1.4825,37.812,50.8958,0.9001,67.3828,0,,test
2025-11-06 20:00:00,BF.BLW.FAN01,bf_sinter_fan_blower,1.4327,38.4749,50.6642,0.9694,68.3701,0,,test
2025-11-06 21:00:00,BF.BLW.FAN01,bf_sinter_fan_blower,1.3779,40.5299,50.9178,0.9494,68.2745,0,,test
2025-11-06 22:00:00,BF.BLW.FAN01,bf_sinter_fan_blower,1.3519,42.2612,51.4297,1.1441,68.57,0,,test
2025-11-06 23:00:00,BF.BLW.FAN01,bf_sinter_fan_blower,1.4051,41.7783,52.2769,1.0849,68.0324,0,,test
2025-11-07 00:00:00,BF.BLW.FAN01,bf_sinter_fan_blower,1.5046,39.4883,53.7331,1.2313,69.385,0,,test
2025-11-07 01:00:00,BF.BLW.FAN01,bf_sinter_fan_blower,1.422,35.5746,54.7499,1.4246,68.6325,0,,test
2025-11-07 02:00:00,BF.BLW.FAN01,bf_sinter_fan_blower,1.4852,35.6592,54.7429,1.3427,68.9267,0,,test
2025-11-07 03:00:00,BF.BLW.FAN01,bf_sinter_fan_blower,1.5195,36.1572,55.2876,1.3295,69.2205,0,,test
2025-11-07 04:00:00,BF.BLW.FAN01,bf_sinter_fan_blower,1.5349,39.0517,54.71,1.268,70.2855,0,,test
2025-11-07 05:00:00,BF.BLW.FAN01,bf_sinter_fan_blower,1.546,40.2941,55.0357,1.3787,70.5121,0,,test
2025-11-07 06:00:00,BF.BLW.FAN01,bf_sinter_fan_blower,1.634,37.723,54.6217,1.2883,71.323,0,,test
2025-11-07 07:00:00,BF.BLW.FAN01,bf_sinter_fan_blower,1.6032,34.3096,54.1613,1.3021,70.3909,0,,test
2025-11-07 08:00:00,BF.BLW.FAN01,bf_sinter_fan_blower,1.4505,36.1186,53.9606,1.2588,68.134,0,,test
2025-11-07 09:00:00,BF.BLW.FAN01,bf_sinter_fan_blower,1.3585,37.3162,53.5905,1.3178,66.9457,0,,test
2025-11-07 10:00:00,BF.BLW.FAN01,bf_sinter_fan_blower,1.3196,36.462,52.5989,1.3315,67.1159,0,,test
2025-11-07 11:00:00,BF.BLW.FAN01,bf_sinter_fan_blower,1.3673,37.1869,51.9395,1.2366,67.5417,0,,test
2025-11-07 12:00:00,BF.BLW.FAN01,bf_sinter_fan_blower,1.2728,37.2216,51.0173,1.2601,65.6596,0,,test
2025-11-07 13:00:00,BF.BLW.FAN01,bf_sinter_fan_blower,1.3469,40.0341,50.7882,1.3248,65.5837,0,,test
2025-11-07 14:00:00,BF.BLW.FAN01,bf_sinter_fan_blower,1.4025,39.9487,51.9373,1.4495,65.0174,0,,test
2025-11-07 15:00:00,BF.BLW.FAN01,bf_sinter_fan_blower,1.4139,36.589,51.9055,1.4628,64.3195,0,,test
2025-11-07 16:00:00,BF.BLW.FAN01,bf_sinter_fan_blower,1.4206,36.1367,50.7919,1.7806,65.3996,0,,test
2025-11-07 17:00:00,BF.BLW.FAN01,bf_sinter_fan_blower,1.4176,41.652,50.7463,1.9246,64.7873,0,,test
2025-11-07 18:00:00,BF.BLW.FAN01,bf_sinter_fan_blower,1.518,43.267,51.1494,1.7482,65.5303,0,,test
2025-11-07 19:00:00,BF.BLW.FAN01,bf_sinter_fan_blower,1.5892,39.4107,51.8296,1.5602,65.8997,0,,test
2025-11-07 20:00:00,BF.BLW.FAN01,bf_sinter_fan_blower,1.5617,37.3352,52.9116,1.4882,64.7984,0,,test
2025-11-07 21:00:00,BF.BLW.FAN01,bf_sinter_fan_blower,1.6228,38.6682,52.782,1.4767,66.5087,0,,test
2025-11-07 22:00:00,BF.BLW.FAN01,bf_sinter_fan_blower,1.6443,37.9389,52.0826,1.3405,67.5545,0,,test
2025-11-07 23:00:00,BF.BLW.FAN01,bf_sinter_fan_blower,1.6909,35.4386,54.1724,1.0518,65.8717,0,,test
2025-11-08 00:00:00,BF.BLW.FAN01,bf_sinter_fan_blower,1.7616,34.9366,55.1207,1.1216,66.6124,0,,test
2025-11-08 01:00:00,BF.BLW.FAN01,bf_sinter_fan_blower,1.6831,34.1117,55.1395,1.0942,67.2247,0,,test
2025-11-08 02:00:00,BF.BLW.FAN01,bf_sinter_fan_blower,1.7406,35.8394,55.473,1.2689,67.8402,0,,test
2025-11-08 03:00:00,BF.BLW.FAN01,bf_sinter_fan_blower,1.7446,38.4271,56.1128,1.23,68.0013,0,,test
2025-11-08 04:00:00,BF.BLW.FAN01,bf_sinter_fan_blower,1.7073,36.7759,55.3542,1.1735,67.9225,0,,test
2025-11-08 05:00:00,BF.BLW.FAN01,bf_sinter_fan_blower,1.561,37.5776,54.5694,1.2043,66.7365,0,,test
2025-11-08 06:00:00,BF.BLW.FAN01,bf_sinter_fan_blower,1.454,37.0137,53.9683,1.3826,65.6387,0,,test
2025-11-08 07:00:00,BF.BLW.FAN01,bf_sinter_fan_blower,1.6145,38.0208,54.7639,1.4844,65.8274,0,,test
2025-11-08 08:00:00,BF.BLW.FAN01,bf_sinter_fan_blower,1.6461,39.2284,54.8143,1.6063,66.3469,0,,test
2025-11-08 09:00:00,BF.BLW.FAN01,bf_sinter_fan_blower,1.7416,39.693,56.6368,1.5973,65.7721,0,,test
2025-11-08 10:00:00,BF.BLW.FAN01,bf_sinter_fan_blower,1.7041,39.6676,56.9318,1.5991,64.7089,0,,test
2025-11-08 11:00:00,BF.BLW.FAN01,bf_sinter_fan_blower,1.727,43.9191,57.462,1.7203,63.1328,0,,test
2025-11-08 12:00:00,BF.BLW.FAN01,bf_sinter_fan_blower,1.6919,35.3926,57.186,1.5825,61.9644,0,,test
2025-11-08 13:00:00,BF.BLW.FAN01,bf_sinter_fan_blower,1.7273,30.8268,56.4533,1.6297,63.3041,0,,test
2025-11-08 14:00:00,BF.BLW.FAN01,bf_sinter_fan_blower,1.6279,31.5786,55.4939,1.7302,63.3719,0,,test
2025-11-08 15:00:00,BF.BLW.FAN01,bf_sinter_fan_blower,1.5689,32.3493,54.8646,1.6125,62.8968,0,,test
2025-11-08 16:00:00,BF.BLW.FAN01,bf_sinter_fan_blower,1.6039,30.0671,55.9325,1.723,62.9085,0,,test
2025-11-08 17:00:00,BF.BLW.FAN01,bf_sinter_fan_blower,1.6228,29.1919,56.3364,1.6053,62.3083,0,,test
2025-11-08 18:00:00,BF.BLW.FAN01,bf_sinter_fan_blower,1.6506,27.9721,57.1639,1.762,61.9389,0,,test
2025-11-08 19:00:00,BF.BLW.FAN01,bf_sinter_fan_blower,1.6675,29.3938,57.5845,1.4598,61.0202,0,,test
2025-11-08 20:00:00,BF.BLW.FAN01,bf_sinter_fan_blower,1.8351,24.1752,58.4609,1.4405,62.1845,0,,test
2025-11-08 21:00:00,BF.BLW.FAN01,bf_sinter_fan_blower,1.828,21.8352,59.1343,1.4815,62.7103,0,,test
2025-11-08 22:00:00,BF.BLW.FAN01,bf_sinter_fan_blower,1.6979,25.7208,57.4113,1.5593,62.8204,0,,test
2025-11-08 23:00:00,BF.BLW.FAN01,bf_sinter_fan_blower,1.6835,25.4337,56.789,1.5032,63.7451,0,,test
2025-11-09 00:00:00,BF.BLW.FAN01,bf_sinter_fan_blower,1.6562,27.0171,57.713,1.5896,63.5415,0,,test
2025-11-09 01:00:00,BF.BLW.FAN01,bf_sinter_fan_blower,1.5866,29.4333,57.814,1.4762,63.5684,0,,test
2025-11-09 02:00:00,BF.BLW.FAN01,bf_sinter_fan_blower,1.7089,27.1168,59.7529,1.2425,63.8599,0,,test
2025-11-09 03:00:00,BF.BLW.FAN01,bf_sinter_fan_blower,1.8123,28.975,59.9287,1.1472,64.9893,0,,test
2025-11-09 04:00:00,BF.BLW.FAN01,bf_sinter_fan_blower,1.7554,35.1165,58.6182,1.142,64.8763,0,,test
2025-11-09 05:00:00,BF.BLW.FAN01,bf_sinter_fan_blower,1.6738,31.1057,58.3239,0.9728,63.9806,0,,test
2025-11-09 06:00:00,BF.BLW.FAN01,bf_sinter_fan_blower,1.6713,33.6635,58.5497,0.8975,64.2063,0,,test
2025-11-09 07:00:00,BF.BLW.FAN01,bf_sinter_fan_blower,1.6266,33.3544,58.145,0.9682,63.9652,0,,test
2025-11-09 08:00:00,BF.BLW.FAN01,bf_sinter_fan_blower,1.5775,31.6492,58.2036,0.994,64.323,0,,test
2025-11-09 09:00:00,BF.BLW.FAN01,bf_sinter_fan_blower,1.6876,30.8988,58.0606,1.0389,64.7371,0,,test
2025-11-09 10:00:00,BF.BLW.FAN01,bf_sinter_fan_blower,1.641,26.7484,58.7358,1.0375,63.4506,0,,test
2025-11-09 11:00:00,BF.BLW.FAN01,bf_sinter_fan_blower,1.7063,30.1232,59.2871,0.9774,63.3626,0,,test
2025-11-09 12:00:00,BF.BLW.FAN01,bf_sinter_fan_blower,1.6889,30.7329,58.5907,0.7909,62.6494,0,,test
2025-11-09 13:00:00,BF.BLW.FAN01,bf_sinter_fan_blower,1.666,36.8023,57.0881,0.7219,62.6098,0,,test
2025-11-09 14:00:00,BF.BLW.FAN01,bf_sinter_fan_blower,1.6823,39.2522,56.7092,0.4885,62.6037,0,,test
2025-11-09 15:00:00,BF.BLW.FAN01,bf_sinter_fan_blower,1.722,35.6026,56.223,0.4868,62.7423,0,,test
2025-11-09 16:00:00,BF.BLW.FAN01,bf_sinter_fan_blower,1.6869,38.2695,55.166,0.4204,62.1169,0,,test
2025-11-09 17:00:00,BF.BLW.FAN01,bf_sinter_fan_blower,1.5999,43.1234,55.3299,0.3846,60.5182,0,,test
2025-11-09 18:00:00,BF.BLW.FAN01,bf_sinter_fan_blower,1.5481,45.2598,56.1256,0.5149,59.2394,0,,test
2025-11-09 19:00:00,BF.BLW.FAN01,bf_sinter_fan_blower,1.458,44.2517,55.779,0.6195,58.4936,0,,test
2025-11-09 20:00:00,BF.BLW.FAN01,bf_sinter_fan_blower,1.4435,42.5028,56.1217,0.5161,58.8937,0,,test
2025-11-09 21:00:00,BF.BLW.FAN01,bf_sinter_fan_blower,1.2298,45.8451,55.9189,0.6621,57.6552,0,,test
2025-11-09 22:00:00,BF.BLW.FAN01,bf_sinter_fan_blower,1.236,45.9114,56.6966,0.5463,57.2951,0,,test
2025-11-09 23:00:00,BF.BLW.FAN01,bf_sinter_fan_blower,1.1448,45.0232,55.646,0.4845,58.4272,0,,test
2025-11-10 00:00:00,BF.BLW.FAN01,bf_sinter_fan_blower,1.0744,41.1836,55.9934,0.5281,58.2626,0,,test
2025-11-10 01:00:00,BF.BLW.FAN01,bf_sinter_fan_blower,1.1169,43.7718,55.9893,0.723,58.9408,0,,test
2025-11-10 02:00:00,BF.BLW.FAN01,bf_sinter_fan_blower,1.1992,44.7467,56.9063,0.7939,59.3537,0,,test
2025-11-10 03:00:00,BF.BLW.FAN01,bf_sinter_fan_blower,1.3323,43.918,57.4843,0.7963,60.1362,0,,test
2025-11-10 04:00:00,BF.BLW.FAN01,bf_sinter_fan_blower,1.455,44.7768,58.1651,0.6792,60.0076,0,,test
2025-11-10 05:00:00,BF.BLW.FAN01,bf_sinter_fan_blower,1.3285,47.582,56.7631,0.8233,59.4789,0,,test
2025-11-10 06:00:00,BF.BLW.FAN01,bf_sinter_fan_blower,1.5083,48.1448,57.9528,0.6943,59.6225,0,,test
2025-11-10 07:00:00,BF.BLW.FAN01,bf_sinter_fan_blower,1.6585,47.1666,57.635,0.5152,60.3358,0,,test
2025-11-10 08:00:00,BF.BLW.FAN01,bf_sinter_fan_blower,1.6487,46.1837,57.4708,0.3942,59.797,0,,test
2025-11-10 09:00:00,BF.BLW.FAN01,bf_sinter_fan_blower,1.7364,45.6954,57.5703,0.3304,60.5275,0,,test
2025-11-10 10:00:00,BF.BLW.FAN01,bf_sinter_fan_blower,1.6943,42.8743,56.6885,0.3372,60.8044,0,,test
2025-11-10 11:00:00,BF.BLW.FAN01,bf_sinter_fan_blower,1.7265,38.2738,57.5842,0.1204,59.8565,0,,test
2025-11-10 12:00:00,BF.BLW.FAN01,bf_sinter_fan_blower,1.751,35.6649,57.9927,0.2853,58.8736,0,,test
2025-11-10 13:00:00,BF.BLW.FAN01,bf_sinter_fan_blower,1.7095,32.4219,57.6462,0.2395,58.0127,0,,test
2025-11-10 14:00:00,BF.BLW.FAN01,bf_sinter_fan_blower,1.6498,33.6744,56.7446,0.4287,58.7185,0,,test
2025-11-10 15:00:00,BF.BLW.FAN01,bf_sinter_fan_blower,1.7001,29.5976,57.0934,0.386,58.8572,0,,test
2025-11-10 16:00:00,BF.BLW.FAN01,bf_sinter_fan_blower,1.7199,27.8318,57.1639,0.5684,59.2641,0,,test
2025-11-10 17:00:00,BF.BLW.FAN01,bf_sinter_fan_blower,1.7566,32.7456,57.8046,0.6461,59.0333,0,,test
2025-11-10 18:00:00,BF.BLW.FAN01,bf_sinter_fan_blower,1.8224,31.8952,58.8166,0.6914,58.969,0,,test
2025-11-10 19:00:00,BF.BLW.FAN01,bf_sinter_fan_blower,1.6862,35.6727,58.6859,0.8678,57.7392,0,,test
2025-11-10 20:00:00,BF.BLW.FAN01,bf_sinter_fan_blower,1.6133,32.2035,59.4639,1.0963,56.6973,0,,test
2025-11-10 21:00:00,BF.BLW.FAN01,bf_sinter_fan_blower,1.6096,32.5235,58.1574,1.2041,57.2291,0,,test
2025-11-10 22:00:00,BF.BLW.FAN01,bf_sinter_fan_blower,1.5784,34.6556,57.9072,1.1506,57.8432,0,,test
2025-11-10 23:00:00,BF.BLW.FAN01,bf_sinter_fan_blower,1.6094,33.0334,58.4608,1.1641,57.1542,0,,test
2025-11-11 00:00:00,BF.BLW.FAN01,bf_sinter_fan_blower,1.5545,29.6778,58.6769,1.2375,56.8841,0,,test
2025-11-11 01:00:00,BF.BLW.FAN01,bf_sinter_fan_blower,1.5882,26.0961,58.7409,1.14,56.8668,0,,test
2025-11-11 02:00:00,BF.BLW.FAN01,bf_sinter_fan_blower,1.6096,24.3909,59.0685,0.9761,56.7368,0,,test
2025-11-11 03:00:00,BF.BLW.FAN01,bf_sinter_fan_blower,1.589,28.286,59.2774,0.992,56.5478,0,,test
2025-11-11 04:00:00,BF.BLW.FAN01,bf_sinter_fan_blower,1.4817,31.4599,58.8504,1.0383,56.4863,0,,test
2025-11-11 05:00:00,BF.BLW.FAN01,bf_sinter_fan_blower,1.4942,29.5956,58.7597,1.0222,56.5673,0,,test
2025-11-11 06:00:00,BF.BLW.FAN01,bf_sinter_fan_blower,1.4469,31.4012,57.8669,0.9508,56.732,0,,test
2025-11-11 07:00:00,BF.BLW.FAN01,bf_sinter_fan_blower,1.3875,30.9785,57.0473,1.1156,56.9051,0,,test
2025-11-11 08:00:00,BF.BLW.FAN01,bf_sinter_fan_blower,1.4381,31.0212,56.5722,1.0017,56.5386,0,,test
2025-11-11 09:00:00,BF.BLW.FAN01,bf_sinter_fan_blower,1.4674,33.946,56.2163,0.9519,56.652,0,,test
2025-11-11 10:00:00,BF.BLW.FAN01,bf_sinter_fan_blower,1.5026,29.4912,55.6254,1.0308,57.0012,0,,test
2025-11-11 11:00:00,BF.BLW.FAN01,bf_sinter_fan_blower,1.5935,30.9425,54.778,0.959,57.801,0,,test
2025-11-11 12:00:00,BF.BLW.FAN01,bf_sinter_fan_blower,1.4791,30.785,53.9721,1.1118,56.2096,0,,test
2025-11-11 13:00:00,BF.BLW.FAN01,bf_sinter_fan_blower,1.5392,30.2747,53.3273,1.034,56.0133,0,,test
2025-11-11 14:00:00,BF.BLW.FAN01,bf_sinter_fan_blower,1.4983,33.4218,52.0959,0.7852,56.2028,0,,test
2025-11-11 15:00:00,BF.BLW.FAN01,bf_sinter_fan_blower,1.4257,33.0872,51.0598,1.0373,55.1232,0,,test
2025-11-11 16:00:00,BF.BLW.FAN01,bf_sinter_fan_blower,1.3434,31.6055,49.9585,1.2008,54.9426,0,,test
2025-11-11 17:00:00,BF.BLW.FAN01,bf_sinter_fan_blower,1.2786,32.5658,49.3947,1.049,55.2899,0,,test
2025-11-11 18:00:00,BF.BLW.FAN01,bf_sinter_fan_blower,1.3489,34.0755,49.7318,1.0117,54.8334,0,,test
2025-11-11 19:00:00,BF.BLW.FAN01,bf_sinter_fan_blower,1.3371,33.0592,49.4184,0.8412,55.2188,0,,test
2025-11-11 20:00:00,BF.BLW.FAN01,bf_sinter_fan_blower,1.2088,32.8618,48.8733,0.9691,54.8878,0,,test
2025-11-11 21:00:00,BF.BLW.FAN01,bf_sinter_fan_blower,1.2528,35.1945,50.1782,1.2645,56.089,0,,test
2025-11-11 22:00:00,BF.BLW.FAN01,bf_sinter_fan_blower,1.2204,33.9602,48.6912,1.3142,56.4499,0,,test
2025-11-11 23:00:00,BF.BLW.FAN01,bf_sinter_fan_blower,1.2028,34.4791,49.2767,1.4251,56.2953,0,,test
2025-11-12 00:00:00,BF.BLW.FAN01,bf_sinter_fan_blower,1.291,31.4268,48.9382,1.4482,57.7082,0,,test
2025-11-12 01:00:00,BF.BLW.FAN01,bf_sinter_fan_blower,1.36,31.9408,49.3707,1.4631,58.302,0,,test
2025-11-12 02:00:00,BF.BLW.FAN01,bf_sinter_fan_blower,1.3245,32.5713,49.406,1.6014,58.7243,0,,test
2025-11-12 03:00:00,BF.BLW.FAN01,bf_sinter_fan_blower,1.2786,32.3487,49.6139,1.7171,58.137,0,,test
2025-11-12 04:00:00,BF.BLW.FAN01,bf_sinter_fan_blower,1.221,30.894,49.5946,1.8326,58.4514,0,,test
2025-11-12 05:00:00,BF.BLW.FAN01,bf_sinter_fan_blower,1.4339,32.4934,51.2642,1.6258,58.8602,0,,test
2025-11-12 06:00:00,BF.BLW.FAN01,bf_sinter_fan_blower,1.3621,35.3933,50.5555,1.7666,58.4302,0,,test
2025-11-12 07:00:00,BF.BLW.FAN01,bf_sinter_fan_blower,1.3628,38.0621,50.6294,1.8769,58.1728,0,,test
2025-11-12 08:00:00,BF.BLW.FAN01,bf_sinter_fan_blower,1.2828,35.9859,49.5813,1.8546,57.5339,0,,test
2025-11-12 09:00:00,BF.BLW.FAN01,bf_sinter_fan_blower,1.3146,33.7442,49.2683,2.0126,57.9997,0,,test
2025-11-12 10:00:00,BF.BLW.FAN01,bf_sinter_fan_blower,1.238,32.7048,49.0459,2.0521,57.5059,0,,test
2025-11-12 11:00:00,BF.BLW.FAN01,bf_sinter_fan_blower,1.2785,35.4893,48.901,1.8611,56.6166,0,,test
2025-11-12 12:00:00,BF.BLW.FAN01,bf_sinter_fan_blower,1.3317,35.358,49.1794,1.8432,56.8492,0,,test
2025-11-12 13:00:00,BF.BLW.FAN01,bf_sinter_fan_blower,1.341,33.7346,49.0124,1.5666,56.9368,0,,test
2025-11-12 14:00:00,BF.BLW.FAN01,bf_sinter_fan_blower,1.3322,34.1335,47.9784,1.4057,56.5312,0,,test
2025-11-12 15:00:00,BF.BLW.FAN01,bf_sinter_fan_blower,1.2733,37.527,47.3579,1.5121,55.9289,0,,test
2025-11-12 16:00:00,BF.BLW.FAN01,bf_sinter_fan_blower,1.3013,34.6271,47.6371,1.3951,56.3971,0,,test
2025-11-12 17:00:00,BF.BLW.FAN01,bf_sinter_fan_blower,1.3476,31.5581,48.4742,1.2048,56.7253,0,,test
2025-11-12 18:00:00,BF.BLW.FAN01,bf_sinter_fan_blower,1.394,33.1141,48.6908,1.2973,57.3072,0,,test
2025-11-12 19:00:00,BF.BLW.FAN01,bf_sinter_fan_blower,1.6141,35.381,49.7345,1.0575,57.6084,0,,test
2025-11-12 20:00:00,BF.BLW.FAN01,bf_sinter_fan_blower,1.679,38.1196,49.5077,1.0886,58.6262,0,,test
2025-11-12 21:00:00,BF.BLW.FAN01,bf_sinter_fan_blower,1.5819,35.394,50.0222,1.3441,58.442,0,,test
2025-11-12 22:00:00,BF.BLW.FAN01,bf_sinter_fan_blower,1.622,36.1389,50.3734,1.1895,59.5297,0,,test
2025-11-12 23:00:00,BF.BLW.FAN01,bf_sinter_fan_blower,1.558,39.088,50.162,1.306,59.932,0,,test
2025-11-13 00:00:00,BF.BLW.FAN01,bf_sinter_fan_blower,1.5825,41.8842,50.3184,1.2056,60.3349,0,,test
2025-11-13 01:00:00,BF.BLW.FAN01,bf_sinter_fan_blower,1.5308,43.4022,50.7485,0.9854,59.5014,0,,test
2025-11-13 02:00:00,BF.BLW.FAN01,bf_sinter_fan_blower,1.6728,42.038,51.7632,0.9635,59.6634,0,,test
2025-11-13 03:00:00,BF.BLW.FAN01,bf_sinter_fan_blower,1.5739,39.0225,52.3536,0.9258,58.933,0,,test
2025-11-13 04:00:00,BF.BLW.FAN01,bf_sinter_fan_blower,1.508,39.4033,52.0181,0.9857,58.9911,0,,test
2025-11-13 05:00:00,BF.BLW.FAN01,bf_sinter_fan_blower,1.4975,36.7835,51.6349,0.902,59.8465,0,,test
2025-11-13 06:00:00,BF.BLW.FAN01,bf_sinter_fan_blower,1.5081,30.6222,51.7588,0.7555,60.1609,0,,test
2025-11-13 07:00:00,BF.BLW.FAN01,bf_sinter_fan_blower,1.538,31.9093,52.7151,0.7936,59.8545,0,,test
2025-11-13 08:00:00,BF.BLW.FAN01,bf_sinter_fan_blower,1.5612,32.5449,52.3794,0.9606,59.5274,0,,test
2025-11-13 09:00:00,BF.BLW.FAN01,bf_sinter_fan_blower,1.4912,30.9632,52.556,1.1502,58.6421,0,,test
2025-11-13 10:00:00,BF.BLW.FAN01,bf_sinter_fan_blower,1.6835,30.9094,52.2726,1.1576,60.1763,0,,test
2025-11-13 11:00:00,BF.BLW.FAN01,bf_sinter_fan_blower,1.5599,35.7067,51.7084,1.085,58.5524,0,,test
2025-11-13 12:00:00,BF.BLW.FAN01,bf_sinter_fan_blower,1.655,32.8003,51.6065,1.0446,57.8074,0,,test
2025-11-13 13:00:00,BF.BLW.FAN01,bf_sinter_fan_blower,1.8517,35.2754,51.7086,0.9027,59.3585,0,,test
2025-11-13 14:00:00,BF.BLW.FAN01,bf_sinter_fan_blower,1.757,35.3326,51.1802,1.1026,59.0344,0,,test
2025-11-13 15:00:00,BF.BLW.FAN01,bf_sinter_fan_blower,1.7409,34.549,51.2338,1.2889,58.8545,0,,test
2025-11-13 16:00:00,BF.BLW.FAN01,bf_sinter_fan_blower,1.7744,34.1715,51.2211,1.1332,58.1844,0,,test
2025-11-13 17:00:00,BF.BLW.FAN01,bf_sinter_fan_blower,1.8038,29.9802,51.2151,1.2029,59.2079,0,,test
2025-11-13 18:00:00,BF.BLW.FAN01,bf_sinter_fan_blower,1.8228,28.1307,50.9223,1.0831,59.9227,0,,test
2025-11-13 19:00:00,BF.BLW.FAN01,bf_sinter_fan_blower,1.7515,22.3035,50.8227,1.0215,59.3546,0,,test
2025-11-13 20:00:00,BF.BLW.FAN01,bf_sinter_fan_blower,1.8321,24.872,51.2934,0.8478,60.3976,0,,test
2025-11-13 21:00:00,BF.BLW.FAN01,bf_sinter_fan_blower,1.8833,25.6424,50.5314,0.7963,62.2267,0,,test
2025-11-13 22:00:00,BF.BLW.FAN01,bf_sinter_fan_blower,1.7808,22.8445,50.1668,0.8919,61.262,0,,test
2025-11-13 23:00:00,BF.BLW.FAN01,bf_sinter_fan_blower,1.7306,22.8506,49.5844,0.655,61.4457,0,,test
2025-11-14 00:00:00,BF.BLW.FAN01,bf_sinter_fan_blower,1.6653,25.7463,50.4914,0.7458,61.8884,0,,test
2025-11-14 01:00:00,BF.BLW.FAN01,bf_sinter_fan_blower,1.5875,25.6234,50.8384,0.8869,62.3157,0,,test
2025-11-14 02:00:00,BF.BLW.FAN01,bf_sinter_fan_blower,1.5979,28.6719,51.5923,0.9698,61.6727,0,,test
2025-11-14 03:00:00,BF.BLW.FAN01,bf_sinter_fan_blower,1.588,30.0974,52.6292,1.0122,61.296,0,,test
2025-11-14 04:00:00,BF.BLW.FAN01,bf_sinter_fan_blower,1.5275,29.0392,52.4576,1.2249,61.5987,0,,test
2025-11-14 05:00:00,BF.BLW.FAN01,bf_sinter_fan_blower,1.5527,29.4031,52.239,1.2724,62.393,0,,test
2025-11-14 06:00:00,BF.BLW.FAN01,bf_sinter_fan_blower,1.5874,30.971,52.3023,1.1427,62.2877,0,,test
2025-11-14 07:00:00,BF.BLW.FAN01,bf_sinter_fan_blower,1.6693,32.1216,52.7173,1.1451,63.8013,0,,test
2025-11-14 08:00:00,BF.BLW.FAN01,bf_sinter_fan_blower,1.5654,31.6506,51.635,1.1798,64.0577,0,,test
2025-11-14 09:00:00,BF.BLW.FAN01,bf_sinter_fan_blower,1.5865,34.8377,51.4367,1.0496,63.5574,0,,test
2025-11-14 10:00:00,BF.BLW.FAN01,bf_sinter_fan_blower,1.7128,34.134,53.1966,1.0544,62.9219,0,,test
2025-11-14 11:00:00,BF.BLW.FAN01,bf_sinter_fan_blower,1.5869,35.3671,52.1663,1.0487,62.229,0,,test
2025-11-14 12:00:00,BF.BLW.FAN01,bf_sinter_fan_blower,1.6458,36.7491,52.3721,0.9634,61.7493,0,,test
2025-11-14 13:00:00,BF.BLW.FAN01,bf_sinter_fan_blower,1.5944,38.3814,51.9814,1.0172,61.2401,0,,test
2025-11-14 14:00:00,BF.BLW.FAN01,bf_sinter_fan_blower,1.6192,37.5343,52.0835,0.8714,60.3077,0,,test
2025-11-14 15:00:00,BF.BLW.FAN01,bf_sinter_fan_blower,1.6898,31.9204,52.3076,0.7149,60.3883,0,,test
2025-11-14 16:00:00,BF.BLW.FAN01,bf_sinter_fan_blower,1.4842,32.3244,50.4373,0.8983,60.342,0,,test
2025-11-14 17:00:00,BF.BLW.FAN01,bf_sinter_fan_blower,1.5708,31.6682,51.5439,0.84,59.9813,0,,test
2025-11-14 18:00:00,BF.BLW.FAN01,bf_sinter_fan_blower,1.5621,30.4836,50.9241,0.5779,58.9112,0,,test
2025-11-14 19:00:00,BF.BLW.FAN01,bf_sinter_fan_blower,1.4839,32.3267,50.5626,0.7238,59.1676,0,,test
2025-11-14 20:00:00,BF.BLW.FAN01,bf_sinter_fan_blower,1.4834,31.5584,50.3144,0.68,59.5499,0,,test
2025-11-14 21:00:00,BF.BLW.FAN01,bf_sinter_fan_blower,1.5638,29.6706,51.2511,0.629,59.4544,0,,test
2025-11-14 22:00:00,BF.BLW.FAN01,bf_sinter_fan_blower,1.5216,30.0305,51.0151,0.5706,59.3987,0,,test
2025-11-14 23:00:00,BF.BLW.FAN01,bf_sinter_fan_blower,1.524,28.8899,51.5899,0.6592,58.1464,0,,test
2025-11-15 00:00:00,BF.BLW.FAN01,bf_sinter_fan_blower,1.5186,24.0583,52.2564,0.7629,58.7053,0,,test
2025-11-15 01:00:00,BF.BLW.FAN01,bf_sinter_fan_blower,1.4263,25.5868,52.2957,0.7484,58.4059,0,,test
2025-11-15 02:00:00,BF.BLW.FAN01,bf_sinter_fan_blower,1.4537,26.1893,52.5434,1.0807,58.8718,0,,test
2025-11-15 03:00:00,BF.BLW.FAN01,bf_sinter_fan_blower,1.3022,27.2281,52.5295,1.1346,57.9457,0,,test
2025-11-15 04:00:00,BF.BLW.FAN01,bf_sinter_fan_blower,1.2284,30.5714,54.1976,1.2193,56.8072,0,,test
2025-11-15 05:00:00,BF.BLW.FAN01,bf_sinter_fan_blower,1.313,30.2304,54.2366,1.2188,58.0105,0,,test
2025-11-15 06:00:00,BF.BLW.FAN01,bf_sinter_fan_blower,1.5093,29.8804,55.7273,1.2618,58.1181,0,,test
2025-11-15 07:00:00,BF.BLW.FAN01,bf_sinter_fan_blower,1.5042,31.9781,55.0637,1.4052,57.6606,0,,test
2025-11-15 08:00:00,BF.BLW.FAN01,bf_sinter_fan_blower,1.5542,36.4969,54.7649,1.2619,57.0288,0,,test
2025-11-15 09:00:00,BF.BLW.FAN01,bf_sinter_fan_blower,1.5597,33.8478,55.9893,1.4,55.9518,0,,test
2025-11-15 10:00:00,BF.BLW.FAN01,bf_sinter_fan_blower,1.4583,33.5123,54.3894,1.2626,54.7073,0,,test
2025-11-15 11:00:00,BF.BLW.FAN01,bf_sinter_fan_blower,1.4325,30.0368,53.7683,1.2227,54.6478,0,,test
2025-11-15 12:00:00,BF.BLW.FAN01,bf_sinter_fan_blower,1.3545,33.3887,53.5851,1.2096,54.7506,0,,test
2025-11-15 13:00:00,BF.BLW.FAN01,bf_sinter_fan_blower,1.3658,34.3145,52.8139,1.3181,53.765,0,,test
2025-11-15 14:00:00,BF.BLW.FAN01,bf_sinter_fan_blower,1.2966,33.0472,52.0404,1.3611,53.7908,0,,test
2025-11-15 15:00:00,BF.BLW.FAN01,bf_sinter_fan_blower,1.3325,32.6857,52.286,1.449,53.1013,0,,test
2025-11-15 16:00:00,BF.BLW.FAN01,bf_sinter_fan_blower,1.3836,30.5777,52.9585,1.3435,53.5672,0,,test
2025-11-15 17:00:00,BF.BLW.FAN01,bf_sinter_fan_blower,1.4537,32.6215,53.0175,1.3002,54.6674,0,,test
2025-11-15 18:00:00,BF.BLW.FAN01,bf_sinter_fan_blower,1.3236,32.2206,52.7587,1.4379,53.8845,0,,test
2025-11-15 19:00:00,BF.BLW.FAN01,bf_sinter_fan_blower,1.2497,35.1725,52.581,1.3019,54.0396,0,,test
2025-11-15 20:00:00,BF.BLW.FAN01,bf_sinter_fan_blower,1.1432,31.7265,51.9513,1.1024,52.9086,0,,test
2025-11-15 21:00:00,BF.BLW.FAN01,bf_sinter_fan_blower,1.1754,30.8037,51.931,1.0476,53.1698,0,,test
2025-11-15 22:00:00,BF.BLW.FAN01,bf_sinter_fan_blower,1.1054,33.732,51.1566,1.0755,53.2463,0,,test
2025-11-15 23:00:00,BF.BLW.FAN01,bf_sinter_fan_blower,1.1786,32.6384,51.5282,0.8834,52.4788,0,,test
2025-11-16 00:00:00,BF.BLW.FAN01,bf_sinter_fan_blower,1.0956,35.2929,50.4971,0.9961,53.526,0,,test
2025-11-16 01:00:00,BF.BLW.FAN01,bf_sinter_fan_blower,1.1835,31.0678,50.6962,0.9885,54.6208,0,,test
2025-11-16 02:00:00,BF.BLW.FAN01,bf_sinter_fan_blower,1.2801,30.9513,52.0411,0.9506,54.5421,0,,test
2025-11-16 03:00:00,BF.BLW.FAN01,bf_sinter_fan_blower,1.2909,25.6096,50.7693,0.9206,55.4742,0,,test
2025-11-16 04:00:00,BF.BLW.FAN01,bf_sinter_fan_blower,1.3006,26.1721,51.0508,0.9929,56.4951,0,,test
2025-11-16 05:00:00,BF.BLW.FAN01,bf_sinter_fan_blower,1.1533,21.578,49.7653,1.1976,56.1238,0,,test
2025-11-16 06:00:00,BF.BLW.FAN01,bf_sinter_fan_blower,1.1486,19.1408,49.3706,1.1583,56.142,0,,test
2025-11-16 07:00:00,BF.BLW.FAN01,bf_sinter_fan_blower,1.3497,19.9888,50.0388,1.0974,56.8292,0,,test
2025-11-16 08:00:00,BF.BLW.FAN01,bf_sinter_fan_blower,1.3259,19.9386,50.7392,1.2821,55.9526,0,,test
2025-11-16 09:00:00,BF.BLW.FAN01,bf_sinter_fan_blower,1.3721,21.3196,51.3304,1.2478,55.7809,0,,test
2025-11-16 10:00:00,BF.BLW.FAN01,bf_sinter_fan_blower,1.3465,17.756,52.2819,1.2256,55.1873,0,,test
2025-11-16 11:00:00,BF.BLW.FAN01,bf_sinter_fan_blower,1.3382,20.9502,51.7266,1.2069,54.1958,0,,test
2025-11-16 12:00:00,BF.BLW.FAN01,bf_sinter_fan_blower,1.4065,22.8907,51.2389,1.3065,55.4654,0,,test
2025-11-16 13:00:00,BF.BLW.FAN01,bf_sinter_fan_blower,1.4331,23.2376,51.4076,1.5002,55.293,0,,test
2025-11-16 14:00:00,BF.BLW.FAN01,bf_sinter_fan_blower,1.3665,22.3588,50.4326,1.4898,54.8763,0,,test
2025-11-16 15:00:00,BF.BLW.FAN01,bf_sinter_fan_blower,1.4429,25.1524,50.8944,1.5234,54.8705,0,,test
2025-11-16 16:00:00,BF.BLW.FAN01,bf_sinter_fan_blower,1.5751,29.3707,51.0626,1.4523,55.2765,0,,test
2025-11-16 17:00:00,BF.BLW.FAN01,bf_sinter_fan_blower,1.7746,29.7226,52.0275,1.3856,56.034,0,,test
2025-11-16 18:00:00,BF.BLW.FAN01,bf_sinter_fan_blower,1.7567,30.7255,51.3556,1.3819,56.4341,0,,test
2025-11-16 19:00:00,BF.BLW.FAN01,bf_sinter_fan_blower,1.7585,27.8029,51.0905,1.3189,56.7719,0,,test
2025-11-16 20:00:00,BF.BLW.FAN01,bf_sinter_fan_blower,1.8576,30.319,52.3112,1.2245,56.888,0,,test
2025-11-16 21:00:00,BF.BLW.FAN01,bf_sinter_fan_blower,1.7884,29.5423,51.3777,1.253,57.9634,0,,test
2025-11-16 22:00:00,BF.BLW.FAN01,bf_sinter_fan_blower,1.6834,30.7752,50.9252,1.3011,58.0272,0,,test
2025-11-16 23:00:00,BF.BLW.FAN01,bf_sinter_fan_blower,1.5523,32.4837,51.0998,1.3242,57.4069,0,,test
2025-11-17 00:00:00,BF.BLW.FAN01,bf_sinter_fan_blower,1.5789,32.7182,51.9055,1.4396,56.7536,0,,test
2025-11-17 01:00:00,BF.BLW.FAN01,bf_sinter_fan_blower,1.5638,30.1174,51.5257,1.249,57.74,0,,test
2025-11-17 02:00:00,BF.BLW.FAN01,bf_sinter_fan_blower,1.684,33.0544,53.0888,1.2946,58.8883,0,,test
2025-11-17 03:00:00,BF.BLW.FAN01,bf_sinter_fan_blower,1.7625,35.1619,52.9158,1.1823,60.3755,0,,test
2025-11-17 04:00:00,BF.BLW.FAN01,bf_sinter_fan_blower,1.7328,37.5874,53.4562,1.2259,60.722,0,,test
2025-11-17 05:00:00,BF.BLW.FAN01,bf_sinter_fan_blower,1.7575,35.6382,53.7109,1.0158,61.4317,0,,test
2025-11-17 06:00:00,BF.BLW.FAN01,bf_sinter_fan_blower,1.696,33.5262,54.1443,0.9954,61.0401,0,,test
2025-11-17 07:00:00,BF.BLW.FAN01,bf_sinter_fan_blower,1.5885,33.7574,53.6577,0.8724,59.7364,0,,test
2025-11-17 08:00:00,BF.BLW.FAN01,bf_sinter_fan_blower,1.5457,35.4452,52.4936,0.775,58.7977,0,,test
2025-11-17 09:00:00,BF.BLW.FAN01,bf_sinter_fan_blower,1.7299,33.5502,52.9299,0.8263,59.4449,0,,test
2025-11-17 10:00:00,BF.BLW.FAN01,bf_sinter_fan_blower,1.7706,36.2184,52.2002,0.8733,59.6162,0,,test
2025-11-17 11:00:00,BF.BLW.FAN01,bf_sinter_fan_blower,1.6113,38.1276,50.8326,0.9489,59.5622,0,,test
2025-11-17 12:00:00,BF.BLW.FAN01,bf_sinter_fan_blower,1.6188,38.6808,50.058,1.0306,58.8349,0,,test
2025-11-17 13:00:00,BF.BLW.FAN01,bf_sinter_fan_blower,1.5508,39.2025,49.4951,1.168,58.4272,0,,test
2025-11-17 14:00:00,BF.BLW.FAN01,bf_sinter_fan_blower,1.5949,36.4514,49.1883,1.2755,57.2966,0,,test
2025-11-17 15:00:00,BF.BLW.FAN01,bf_sinter_fan_blower,1.4922,34.7659,47.5325,1.1237,57.2807,0,,test
2025-11-17 16:00:00,BF.BLW.FAN01,bf_sinter_fan_blower,1.7757,37.0476,47.8995,1.1765,56.4491,0,,test
2025-11-17 17:00:00,BF.BLW.FAN01,bf_sinter_fan_blower,2.6792,37.5201,48.4567,1.4156,57.1997,0,,test
2025-11-17 18:00:00,BF.BLW.FAN01,bf_sinter_fan_blower,3.7365,36.9478,49.0603,1.5029,56.7841,0,,test
2025-11-17 19:00:00,BF.BLW.FAN01,bf_sinter_fan_blower,4.5486,36.3113,49.3138,1.6388,56.2408,0,,test
2025-11-17 20:00:00,BF.BLW.FAN01,bf_sinter_fan_blower,4.9151,32.7954,50.0865,1.6302,56.9509,0,,test
2025-11-17 21:00:00,BF.BLW.FAN01,bf_sinter_fan_blower,4.6809,33.7363,50.9316,1.6607,57.3797,0,,test
2025-11-17 22:00:00,BF.BLW.FAN01,bf_sinter_fan_blower,3.9344,33.0654,51.0379,1.4833,58.2458,0,,test
2025-11-17 23:00:00,BF.BLW.FAN01,bf_sinter_fan_blower,2.9399,36.3728,52.0502,1.6076,58.9177,0,,test
2025-11-18 00:00:00,BF.BLW.FAN01,bf_sinter_fan_blower,2.0729,36.803,52.7662,1.6057,58.6565,0,,test
2025-11-18 01:00:00,BF.BLW.FAN01,bf_sinter_fan_blower,1.7465,36.5553,54.189,1.4931,58.2658,0,,test
2025-11-18 02:00:00,BF.BLW.FAN01,bf_sinter_fan_blower,1.7326,37.1201,54.6402,1.4781,59.6348,0,,test
2025-11-18 03:00:00,BF.BLW.FAN01,bf_sinter_fan_blower,1.7644,37.006,55.5252,1.5561,60.7571,0,,test
2025-11-18 04:00:00,BF.BLW.FAN01,bf_sinter_fan_blower,1.7303,36.8312,54.741,1.5128,60.8564,0,,test
2025-11-18 05:00:00,BF.BLW.FAN01,bf_sinter_fan_blower,1.6429,33.7633,54.4838,1.6108,60.7658,0,,test
2025-11-18 06:00:00,BF.BLW.FAN01,bf_sinter_fan_blower,1.6383,32.5675,53.5826,1.3232,62.0899,0,,test
2025-11-18 07:00:00,BF.BLW.FAN01,bf_sinter_fan_blower,1.671,34.0073,53.0664,1.2179,60.9072,0,,test
2025-11-18 08:00:00,BF.BLW.FAN01,bf_sinter_fan_blower,1.7893,32.9709,52.426,1.1548,62.0016,0,,test
2025-11-18 09:00:00,BF.BLW.FAN01,bf_sinter_fan_blower,1.8016,34.6785,52.0232,1.0777,62.6537,0,,test
2025-11-18 10:00:00,BF.BLW.FAN01,bf_sinter_fan_blower,1.7993,32.4179,51.2389,1.0331,62.2036,0,,test
2025-11-18 11:00:00,BF.BLW.FAN01,bf_sinter_fan_blower,1.7962,32.1681,51.6841,0.9324,61.4955,0,,test
2025-11-18 12:00:00,BF.BLW.FAN01,bf_sinter_fan_blower,1.6632,37.6858,51.6859,0.9138,59.5364,0,,test
2025-11-18 13:00:00,BF.BLW.FAN01,bf_sinter_fan_blower,1.719,39.1116,52.4053,1.0506,59.3204,0,,test
2025-11-18 14:00:00,BF.BLW.FAN01,bf_sinter_fan_blower,1.8116,35.8443,53.1827,1.0357,59.0895,0,,test
2025-11-18 15:00:00,BF.BLW.FAN01,bf_sinter_fan_blower,1.9435,31.5383,53.9116,1.1137,59.8586,0,,test
2025-11-18 16:00:00,BF.BLW.FAN01,bf_sinter_fan_blower,1.9349,29.5989,54.2126,1.0419,59.37,0,,test
2025-11-18 17:00:00,BF.BLW.FAN01,bf_sinter_fan_blower,1.9386,23.549,54.0813,0.8308,59.3579,0,,test
2025-11-18 18:00:00,BF.BLW.FAN01,bf_sinter_fan_blower,1.9972,23.7694,54.5883,0.5438,60.0962,0,,test
2025-11-18 19:00:00,BF.BLW.FAN01,bf_sinter_fan_blower,1.9473,24.5889,54.838,0.8477,60.9049,0,,test
2025-11-18 20:00:00,BF.BLW.FAN01,bf_sinter_fan_blower,1.9578,28.2331,54.5188,0.8653,61.3391,0,,test
2025-11-18 21:00:00,BF.BLW.FAN01,bf_sinter_fan_blower,1.9508,30.6081,54.6361,0.9571,61.2178,0,,test
2025-11-18 22:00:00,BF.BLW.FAN01,bf_sinter_fan_blower,1.9348,31.06,54.0398,0.7699,62.1362,0,,test
2025-11-18 23:00:00,BF.BLW.FAN01,bf_sinter_fan_blower,1.8375,25.8213,53.7348,0.7908,62.0733,0,,test
2025-11-19 00:00:00,BF.BLW.FAN01,bf_sinter_fan_blower,1.831,24.3466,53.9141,0.9062,63.0677,0,,test
2025-11-19 01:00:00,BF.BLW.FAN01,bf_sinter_fan_blower,1.8196,23.0371,54.328,0.8461,62.0604,0,,test
2025-11-19 02:00:00,BF.BLW.FAN01,bf_sinter_fan_blower,1.7289,22.2486,54.6987,0.832,61.725,0,,test
2025-11-19 03:00:00,BF.BLW.FAN01,bf_sinter_fan_blower,1.6541,21.7903,55.0339,0.9319,61.8999,0,,test
2025-11-19 04:00:00,BF.BLW.FAN01,bf_sinter_fan_blower,1.7327,26.3975,55.2996,0.8686,62.4358,0,,test
2025-11-19 05:00:00,BF.BLW.FAN01,bf_sinter_fan_blower,1.7095,28.0939,54.8268,0.8624,62.2166,0,,test
2025-11-19 06:00:00,BF.BLW.FAN01,bf_sinter_fan_blower,1.536,29.464,54.5081,0.992,60.7025,0,,test
2025-11-19 07:00:00,BF.BLW.FAN01,bf_sinter_fan_blower,1.5359,33.0104,54.0044,0.889,60.4911,0,,test
2025-11-19 08:00:00,BF.BLW.FAN01,bf_sinter_fan_blower,1.48,35.76,52.4516,0.7236,60.1682,0,,test
2025-11-19 09:00:00,BF.BLW.FAN01,bf_sinter_fan_blower,1.5988,38.0115,52.6575,0.7924,59.5174,0,,test
2025-11-19 10:00:00,BF.BLW.FAN01,bf_sinter_fan_blower,1.4522,38.6618,52.8336,1.0896,58.323,0,,test
2025-11-19 11:00:00,BF.BLW.FAN01,bf_sinter_fan_blower,1.4092,42.0258,51.3258,1.1543,58.6744,0,,test
2025-11-19 12:00:00,BF.BLW.FAN01,bf_sinter_fan_blower,1.4508,39.8648,50.6727,1.2547,60.0103,0,,test
2025-11-19 13:00:00,BF.BLW.FAN01,bf_sinter_fan_blower,1.5351,38.4092,50.7115,1.0382,59.7813,0,,test
2025-11-19 14:00:00,BF.BLW.FAN01,bf_sinter_fan_blower,1.3599,37.5807,50.621,1.0706,57.974,0,,test
2025-11-19 15:00:00,BF.BLW.FAN01,bf_sinter_fan_blower,1.4621,38.0485,50.2053,0.8245,73.1733,0,,test
2025-11-19 16:00:00,BF.BLW.FAN01,bf_sinter_fan_blower,1.5686,36.523,50.7592,0.8665,72.7191,0,,test
2025-11-19 17:00:00,BF.BLW.FAN01,bf_sinter_fan_blower,1.5907,40.05,50.6667,0.8337,58.1533,0,,test
2025-11-19 18:00:00,BF.BLW.FAN01,bf_sinter_fan_blower,1.5528,39.1684,50.2613,0.7921,57.5853,0,,test
2025-11-19 19:00:00,BF.BLW.FAN01,bf_sinter_fan_blower,1.5876,36.7616,49.8031,0.8758,58.2326,0,,test
2025-11-19 20:00:00,BF.BLW.FAN01,bf_sinter_fan_blower,1.7143,35.0269,50.2081,0.8893,59.1461,0,,test
2025-11-19 21:00:00,BF.BLW.FAN01,bf_sinter_fan_blower,1.6518,37.028,50.9051,1.1446,59.0635,0,,test
2025-11-19 22:00:00,BF.BLW.FAN01,bf_sinter_fan_blower,1.7219,34.1653,52.4394,1.0392,58.4868,0,,test
2025-11-19 23:00:00,BF.BLW.FAN01,bf_sinter_fan_blower,1.8199,32.673,54.4072,0.9919,58.8309,0,,test
2025-11-20 00:00:00,BF.BLW.FAN01,bf_sinter_fan_blower,1.8787,36.7373,55.8728,0.897,58.8122,0,,test
2025-11-20 01:00:00,BF.BLW.FAN01,bf_sinter_fan_blower,1.8352,38.6528,56.264,0.9328,58.8105,0,,test
2025-11-20 02:00:00,BF.BLW.FAN01,bf_sinter_fan_blower,1.807,39.6176,55.6168,1.0378,58.9301,0,,test
2025-11-20 03:00:00,BF.BLW.FAN01,bf_sinter_fan_blower,1.8542,36.345,55.385,0.7998,59.9178,0,,test
2025-11-20 04:00:00,BF.BLW.FAN01,bf_sinter_fan_blower,1.8353,33.1869,56.2218,0.9085,58.7415,0,,test
2025-11-20 05:00:00,BF.BLW.FAN01,bf_sinter_fan_blower,1.7963,30.1202,56.5352,0.9412,58.9483,0,,test
2025-11-20 06:00:00,BF.BLW.FAN01,bf_sinter_fan_blower,1.8183,32.6331,56.9357,0.8038,59.1277,0,,test
2025-11-20 07:00:00,BF.BLW.FAN01,bf_sinter_fan_blower,1.78,29.5718,57.5901,0.7521,58.6149,0,,test
2025-11-20 08:00:00,BF.BLW.FAN01,bf_sinter_fan_blower,1.8179,24.5821,56.6522,0.5201,59.0212,0,,test
2025-11-20 09:00:00,BF.BLW.FAN01,bf_sinter_fan_blower,1.797,24.6258,56.2239,0.3349,58.8235,0,,test
2025-11-20 10:00:00,BF.BLW.FAN01,bf_sinter_fan_blower,1.8212,24.4754,56.1862,0.4228,59.4788,0,,test
2025-11-20 11:00:00,BF.BLW.FAN01,bf_sinter_fan_blower,1.7279,22.1116,56.0231,0.3836,58.3439,0,,test
2025-11-20 12:00:00,BF.BLW.FAN01,bf_sinter_fan_blower,1.6711,21.3461,54.402,0.3162,58.3527,0,,test
2025-11-20 13:00:00,BF.BLW.FAN01,bf_sinter_fan_blower,1.542,19.7614,53.1887,0.5695,57.7461,0,,test
2025-11-20 14:00:00,BF.BLW.FAN01,bf_sinter_fan_blower,1.5223,22.4656,53.1774,0.5079,56.449,0,,test
2025-11-20 15:00:00,BF.BLW.FAN01,bf_sinter_fan_blower,1.5269,23.176,52.8106,0.4326,55.7926,0,,test
2025-11-20 16:00:00,BF.BLW.FAN01,bf_sinter_fan_blower,1.5574,23.1391,52.7215,0.4874,55.664,0,,test
2025-11-20 17:00:00,BF.BLW.FAN01,bf_sinter_fan_blower,1.6213,23.37,52.6986,0.3045,55.7429,0,,test
2025-11-20 18:00:00,BF.BLW.FAN01,bf_sinter_fan_blower,1.4343,22.7298,51.1209,0.3026,55.7953,0,,test
2025-11-20 19:00:00,BF.BLW.FAN01,bf_sinter_fan_blower,1.5351,30.5086,52.0375,0.1939,55.4797,0,,test
2025-11-20 20:00:00,BF.BLW.FAN01,bf_sinter_fan_blower,1.7034,30.71,52.6032,0.3339,56.8124,0,,test
2025-11-20 21:00:00,BF.BLW.FAN01,bf_sinter_fan_blower,1.7816,32.9314,53.0255,0.3069,58.0059,0,,test
2025-11-20 22:00:00,BF.BLW.FAN01,bf_sinter_fan_blower,1.7051,30.4142,52.731,0.397,58.8844,0,,test
2025-11-20 23:00:00,BF.BLW.FAN01,bf_sinter_fan_blower,1.7924,29.2046,53.7129,0.4706,59.2335,0,,test
2025-11-21 00:00:00,BF.BLW.FAN01,bf_sinter_fan_blower,1.8886,29.0461,53.8572,0.2767,60.6763,0,,test
2025-11-21 01:00:00,BF.BLW.FAN01,bf_sinter_fan_blower,1.8417,24.6556,54.281,0.3936,61.387,0,,test
2025-11-21 02:00:00,BF.BLW.FAN01,bf_sinter_fan_blower,1.8727,22.9748,54.4887,0.5018,61.8121,0,,test
2025-11-21 03:00:00,BF.BLW.FAN01,bf_sinter_fan_blower,1.7258,29.7221,54.559,0.4014,60.7023,0,,test
2025-11-21 04:00:00,BF.BLW.FAN01,bf_sinter_fan_blower,1.795,29.7704,55.4259,0.3252,60.2634,0,,test
2025-11-21 05:00:00,BF.BLW.FAN01,bf_sinter_fan_blower,1.8722,29.5873,55.1706,0.3979,62.3886,0,,test
2025-11-21 06:00:00,BF.BLW.FAN01,bf_sinter_fan_blower,1.9665,23.8215,55.4037,0.2718,62.6241,0,,test
2025-11-21 07:00:00,BF.BLW.FAN01,bf_sinter_fan_blower,1.9606,26.3543,54.9468,0.1979,63.1764,0,,test
2025-11-21 08:00:00,BF.BLW.FAN01,bf_sinter_fan_blower,1.9481,25.6749,55.9896,0.5057,63.0713,0,,test
2025-11-21 09:00:00,BF.BLW.FAN01,bf_sinter_fan_blower,1.8556,28.8123,56.1093,1.1829,62.5611,0,,test
2025-11-21 10:00:00,BF.BLW.FAN01,bf_sinter_fan_blower,1.8483,25.4512,54.8215,2.5689,63.3267,0,,test
2025-11-21 11:00:00,BF.BLW.FAN01,bf_sinter_fan_blower,1.8374,24.2697,53.8298,3.5041,63.0501,0,,test
2025-11-21 12:00:00,BF.BLW.FAN01,bf_sinter_fan_blower,1.7613,23.789,53.0601,3.5118,61.9664,0,,test
2025-11-21 13:00:00,BF.BLW.FAN01,bf_sinter_fan_blower,1.8556,22.6978,52.7552,2.3699,62.0487,0,,test
2025-11-21 14:00:00,BF.BLW.FAN01,bf_sinter_fan_blower,1.7701,26.7384,51.8047,0.8862,61.3563,0,,test
2025-11-21 15:00:00,BF.BLW.FAN01,bf_sinter_fan_blower,1.7228,24.3707,51.2053,0.2083,62.147,0,,test
2025-11-21 16:00:00,BF.BLW.FAN01,bf_sinter_fan_blower,1.7304,24.7273,50.9031,0.333,62.5646,0,,test
2025-11-21 17:00:00,BF.BLW.FAN01,bf_sinter_fan_blower,1.6729,23.8439,51.7537,0.4117,61.4613,0,,test
2025-11-21 18:00:00,BF.BLW.FAN01,bf_sinter_fan_blower,1.8274,23.1977,51.5953,0.2101,63.5152,0,,test
2025-11-21 19:00:00,BF.BLW.FAN01,bf_sinter_fan_blower,1.7763,26.7807,52.2675,0.2743,62.8912,0,,test
2025-11-21 20:00:00,BF.BLW.FAN01,bf_sinter_fan_blower,1.6815,27.3431,51.6316,0.3142,63.6072,0,,test
2025-11-21 21:00:00,BF.BLW.FAN01,bf_sinter_fan_blower,1.7431,31.4108,52.5358,0.0814,63.8176,0,,test
2025-11-21 22:00:00,BF.BLW.FAN01,bf_sinter_fan_blower,1.6925,30.3303,53.0239,0.2042,63.803,0,,test
2025-11-21 23:00:00,BF.BLW.FAN01,bf_sinter_fan_blower,1.7009,38.8345,54.0312,0.141,64.348,0,,test
2025-11-22 00:00:00,BF.BLW.FAN01,bf_sinter_fan_blower,1.5512,50.4087,54.1802,0.1748,63.5498,0,,test
2025-11-22 01:00:00,BF.BLW.FAN01,bf_sinter_fan_blower,1.6288,62.5478,55.2892,0.2602,63.7376,0,,test
2025-11-22 02:00:00,BF.BLW.FAN01,bf_sinter_fan_blower,1.4824,73.0657,54.2737,0.17,63.0254,0,,test
2025-11-22 03:00:00,BF.BLW.FAN01,bf_sinter_fan_blower,1.4363,76.9922,53.9278,0.4115,63.1669,0,,test
2025-11-22 04:00:00,BF.BLW.FAN01,bf_sinter_fan_blower,1.3046,73.4324,54.6628,0.6,62.2439,0,,test
2025-11-22 05:00:00,BF.BLW.FAN01,bf_sinter_fan_blower,1.2828,62.5219,54.6616,0.5968,61.2775,0,,test
2025-11-22 06:00:00,BF.BLW.FAN01,bf_sinter_fan_blower,1.4051,49.4781,55.8622,0.5313,62.0004,0,,test
2025-11-22 07:00:00,BF.BLW.FAN01,bf_sinter_fan_blower,1.4709,35.7135,55.5528,0.5503,62.8162,0,,test
2025-11-22 08:00:00,BF.BLW.FAN01,bf_sinter_fan_blower,1.4508,24.5183,55.0532,0.5817,62.7479,0,,test
2025-11-22 09:00:00,BF.BLW.FAN01,bf_sinter_fan_blower,1.4901,20.4112,55.065,0.6288,63.1418,0,,test
2025-11-22 10:00:00,BF.BLW.FAN01,bf_sinter_fan_blower,1.5009,23.1116,55.3008,0.8346,62.8344,0,,test
2025-11-22 11:00:00,BF.BLW.FAN01,bf_sinter_fan_blower,1.5277,22.5885,53.7438,0.6749,62.6075,0,,test
2025-11-22 12:00:00,BF.BLW.FAN01,bf_sinter_fan_blower,1.4928,24.831,54.1384,0.5852,61.4741,0,,test
2025-11-22 13:00:00,BF.BLW.FAN01,bf_sinter_fan_blower,1.3673,27.2329,53.1893,0.6312,60.1933,0,,test
2025-11-22 14:00:00,BF.BLW.FAN01,bf_sinter_fan_blower,1.3157,29.5428,52.1139,0.5931,59.4217,0,,test
2025-11-22 15:00:00,BF.BLW.FAN01,bf_sinter_fan_blower,1.3605,30.6335,53.3147,0.6563,59.4159,0,,test
2025-11-22 16:00:00,BF.BLW.FAN01,bf_sinter_fan_blower,1.4723,25.7676,53.5373,0.693,60.359,0,,test
2025-11-22 17:00:00,BF.BLW.FAN01,bf_sinter_fan_blower,1.5142,24.7221,53.6323,0.7261,59.7921,0,,test
2025-11-22 18:00:00,BF.BLW.FAN01,bf_sinter_fan_blower,1.545,30.4267,54.6829,0.7214,59.7622,0,,test
2025-11-22 19:00:00,BF.BLW.FAN01,bf_sinter_fan_blower,1.4586,30.8845,54.628,0.761,59.0395,0,,test
2025-11-22 20:00:00,BF.BLW.FAN01,bf_sinter_fan_blower,1.35,31.4266,54.4092,0.6532,58.0495,0,,test
2025-11-22 21:00:00,BF.BLW.FAN01,bf_sinter_fan_blower,1.5565,35.0394,54.1141,0.4656,59.7456,0,,test
2025-11-22 22:00:00,BF.BLW.FAN01,bf_sinter_fan_blower,1.5561,34.9716,55.0185,0.6197,59.9824,0,,test
2025-11-22 23:00:00,BF.BLW.FAN01,bf_sinter_fan_blower,1.4492,31.4293,55.4785,0.6635,58.8243,0,,test
2025-11-23 00:00:00,BF.BLW.FAN01,bf_sinter_fan_blower,1.4275,25.8981,55.1204,0.7079,59.6019,0,,test
2025-11-23 01:00:00,BF.BLW.FAN01,bf_sinter_fan_blower,1.5536,27.0029,55.9286,0.6054,60.5897,0,,test
2025-11-23 02:00:00,BF.BLW.FAN01,bf_sinter_fan_blower,1.6102,28.5912,56.5512,0.5736,61.0852,0,,test
2025-11-23 03:00:00,BF.BLW.FAN01,bf_sinter_fan_blower,1.6327,30.1277,56.0613,0.6862,61.6234,0,,test
2025-11-23 04:00:00,BF.BLW.FAN01,bf_sinter_fan_blower,1.652,30.4353,56.3266,0.6135,60.7896,0,,test
2025-11-23 05:00:00,BF.BLW.FAN01,bf_sinter_fan_blower,1.6797,32.7808,57.4203,0.6039,60.5508,0,,test
2025-11-23 06:00:00,BF.BLW.FAN01,bf_sinter_fan_blower,1.7793,37.7494,58.0333,0.6044,61.1803,0,,test
2025-11-23 07:00:00,BF.BLW.FAN01,bf_sinter_fan_blower,1.9062,35.7491,57.7116,0.5359,63.2928,0,,test
2025-11-23 08:00:00,BF.BLW.FAN01,bf_sinter_fan_blower,1.9204,36.905,57.777,0.5259,63.6276,0,,test
2025-11-23 09:00:00,BF.BLW.FAN01,bf_sinter_fan_blower,1.8871,35.0626,57.5863,0.6527,64.7315,0,,test
2025-11-23 10:00:00,BF.BLW.FAN01,bf_sinter_fan_blower,1.8834,34.6713,57.1976,0.7359,65.0547,0,,test
2025-11-23 11:00:00,BF.BLW.FAN01,bf_sinter_fan_blower,1.8277,37.4616,55.8694,0.6414,64.8712,0,,test
2025-11-23 12:00:00,BF.BLW.FAN01,bf_sinter_fan_blower,1.8253,40.9876,55.5356,0.6862,64.0974,0,,test
2025-11-23 13:00:00,BF.BLW.FAN01,bf_sinter_fan_blower,1.8296,36.751,54.5406,0.7921,64.8351,0,,test
2025-11-23 14:00:00,BF.BLW.FAN01,bf_sinter_fan_blower,1.8572,33.396,54.4993,0.6487,65.1578,0,,test
2025-11-23 15:00:00,BF.BLW.FAN01,bf_sinter_fan_blower,1.8599,30.6391,54.7591,0.5569,64.3947,0,,test
2025-11-23 16:00:00,BF.BLW.FAN01,bf_sinter_fan_blower,1.9205,36.7947,55.1788,0.5805,63.8814,0,,test
2025-11-23 17:00:00,BF.BLW.FAN01,bf_sinter_fan_blower,1.8003,35.4369,54.5669,0.433,63.1381,0,,test
2025-11-23 18:00:00,BF.BLW.FAN01,bf_sinter_fan_blower,1.8443,30.9319,55.6226,0.4152,62.5995,0,,test
2025-11-23 19:00:00,BF.BLW.FAN01,bf_sinter_fan_blower,1.8425,34.3397,55.5077,0.461,62.6125,0,,test
2025-11-23 20:00:00,BF.BLW.FAN01,bf_sinter_fan_blower,1.8773,27.4514,55.3807,0.1558,63.1596,0,,test
2025-11-23 21:00:00,BF.BLW.FAN01,bf_sinter_fan_blower,1.7519,26.2043,53.594,0.1423,63.7429,0,,test
2025-11-23 22:00:00,BF.BLW.FAN01,bf_sinter_fan_blower,1.6159,24.5296,53.5796,0.3569,63.0983,0,,test
2025-11-23 23:00:00,BF.BLW.FAN01,bf_sinter_fan_blower,1.5962,26.218,53.0282,0.3873,63.5395,0,,test
2025-11-24 00:00:00,BF.BLW.FAN01,bf_sinter_fan_blower,1.6211,27.3195,53.3299,0.5247,64.0058,0,,test
2025-11-24 01:00:00,BF.BLW.FAN01,bf_sinter_fan_blower,1.5536,32.1969,53.0811,0.6781,63.8574,0,,test
2025-11-24 02:00:00,BF.BLW.FAN01,bf_sinter_fan_blower,1.4948,31.7603,53.5232,0.8951,63.2723,0,,test
2025-11-24 03:00:00,BF.BLW.FAN01,bf_sinter_fan_blower,1.4873,29.7648,54.4141,0.8978,62.6939,0,,test
2025-11-24 04:00:00,BF.BLW.FAN01,bf_sinter_fan_blower,1.4693,27.3321,53.8547,0.8703,62.6948,0,,test
2025-11-24 05:00:00,BF.BLW.FAN01,bf_sinter_fan_blower,1.5771,27.3152,55.063,0.8731,63.2167,0,,test
2025-11-24 06:00:00,BF.BLW.FAN01,bf_sinter_fan_blower,1.5606,29.5774,54.5475,0.7219,63.04,0,,test
2025-11-24 07:00:00,BF.BLW.FAN01,bf_sinter_fan_blower,1.6559,27.5333,54.6729,0.7557,63.0406,0,,test
2025-11-24 08:00:00,BF.BLW.FAN01,bf_sinter_fan_blower,1.7126,27.1286,54.8251,0.8401,63.623,0,,test
2025-11-24 09:00:00,BF.BLW.FAN01,bf_sinter_fan_blower,1.6079,31.1452,54.4601,0.7297,62.3092,0,,test
2025-11-24 10:00:00,BF.BLW.FAN01,bf_sinter_fan_blower,1.5932,34.4538,53.8633,0.7241,61.8759,0,,test
2025-11-24 11:00:00,BF.BLW.FAN01,bf_sinter_fan_blower,1.5889,31.9417,54.1472,0.8473,61.5645,0,,test
2025-11-24 12:00:00,BF.BLW.FAN01,bf_sinter_fan_blower,1.5296,29.1238,53.1095,0.8111,60.9196,0,,test
2025-11-24 13:00:00,BF.BLW.FAN01,bf_sinter_fan_blower,1.4343,24.593,53.3757,0.8757,60.4904,0,,test
2025-11-24 14:00:00,BF.BLW.FAN01,bf_sinter_fan_blower,1.5,21.4604,52.7783,0.898,60.8905,0,,test
2025-11-24 15:00:00,BF.BLW.FAN01,bf_sinter_fan_blower,1.6264,22.607,53.4968,1.1362,60.965,0,,test
2025-11-24 16:00:00,BF.BLW.FAN01,bf_sinter_fan_blower,1.6416,22.9352,53.4751,1.26,60.8557,0,,test
2025-11-24 17:00:00,BF.BLW.FAN01,bf_sinter_fan_blower,1.8079,25.3932,54.5768,1.2386,61.3693,0,,test
2025-11-24 18:00:00,BF.BLW.FAN01,bf_sinter_fan_blower,1.716,22.6582,55.313,1.1952,60.952,0,,test
2025-11-24 19:00:00,BF.BLW.FAN01,bf_sinter_fan_blower,1.6684,27.7551,54.9089,1.1568,60.6643,0,,test
2025-11-24 20:00:00,BF.BLW.FAN01,bf_sinter_fan_blower,1.6976,26.9373,54.0699,1.0296,60.5866,0,,test
2025-11-24 21:00:00,BF.BLW.FAN01,bf_sinter_fan_blower,1.696,25.0389,53.404,1.1372,60.9489,0,,test
2025-11-24 22:00:00,BF.BLW.FAN01,bf_sinter_fan_blower,1.582,26.0729,53.8102,1.1848,60.4683,0,,test
2025-11-24 23:00:00,BF.BLW.FAN01,bf_sinter_fan_blower,1.6391,26.2037,54.0774,1.1639,61.586,0,,test
2025-11-25 00:00:00,BF.BLW.FAN01,bf_sinter_fan_blower,1.6234,30.9355,54.1904,1.0173,61.6183,0,,test
2025-11-25 01:00:00,BF.BLW.FAN01,bf_sinter_fan_blower,1.6352,36.4711,54.301,0.8618,62.257,0,,test
2025-11-25 02:00:00,BF.BLW.FAN01,bf_sinter_fan_blower,1.5956,32.1587,55.3999,0.8827,61.6997,0,BF.BLW.FAN01::E07,test
2025-11-25 03:00:00,BF.BLW.FAN01,bf_sinter_fan_blower,1.5276,27.6438,54.6298,0.9691,62.5826,0,BF.BLW.FAN01::E07,test
2025-11-25 04:00:00,BF.BLW.FAN01,bf_sinter_fan_blower,1.5449,29.6446,54.549,0.8083,62.3171,0,BF.BLW.FAN01::E07,test
2025-11-25 05:00:00,BF.BLW.FAN01,bf_sinter_fan_blower,1.5499,28.9994,55.0343,0.7818,63.1152,0,BF.BLW.FAN01::E07,test
2025-11-25 06:00:00,BF.BLW.FAN01,bf_sinter_fan_blower,1.6163,30.089,54.8331,0.837,63.726,0,BF.BLW.FAN01::E07,test
2025-11-25 07:00:00,BF.BLW.FAN01,bf_sinter_fan_blower,1.4491,32.3433,54.3947,1.1119,62.3162,0,BF.BLW.FAN01::E07,test
2025-11-25 08:00:00,BF.BLW.FAN01,bf_sinter_fan_blower,1.5422,36.2244,55.3556,1.3105,62.3198,0,BF.BLW.FAN01::E07,test
2025-11-25 09:00:00,BF.BLW.FAN01,bf_sinter_fan_blower,1.5632,37.6331,55.7105,1.3773,62.3318,0,BF.BLW.FAN01::E07,test
2025-11-25 10:00:00,BF.BLW.FAN01,bf_sinter_fan_blower,1.5939,39.5382,55.9094,1.3493,62.3019,0,BF.BLW.FAN01::E07,test
2025-11-25 11:00:00,BF.BLW.FAN01,bf_sinter_fan_blower,1.5584,41.8662,56.6786,1.3863,60.7772,0,BF.BLW.FAN01::E07,test
2025-11-25 12:00:00,BF.BLW.FAN01,bf_sinter_fan_blower,1.3851,40.4424,55.3732,1.6459,59.4415,0,BF.BLW.FAN01::E07,test
2025-11-25 13:00:00,BF.BLW.FAN01,bf_sinter_fan_blower,1.3704,39.1829,54.2647,1.7343,59.0903,0,BF.BLW.FAN01::E07,test
2025-11-25 14:00:00,BF.BLW.FAN01,bf_sinter_fan_blower,1.2564,35.7247,54.1013,1.7278,59.0834,0,BF.BLW.FAN01::E07,test
2025-11-25 15:00:00,BF.BLW.FAN01,bf_sinter_fan_blower,1.3184,36.745,53.6859,1.5647,59.3496,0,BF.BLW.FAN01::E07,test
2025-11-25 16:00:00,BF.BLW.FAN01,bf_sinter_fan_blower,1.3667,34.1315,53.9127,1.4654,58.9707,0,BF.BLW.FAN01::E07,test
2025-11-25 17:00:00,BF.BLW.FAN01,bf_sinter_fan_blower,1.3368,36.062,52.7468,1.6067,59.8696,0,BF.BLW.FAN01::E07,test
2025-11-25 18:00:00,BF.BLW.FAN01,bf_sinter_fan_blower,1.2585,35.3683,52.6618,1.9881,60.2454,0,BF.BLW.FAN01::E07,test
2025-11-25 19:00:00,BF.BLW.FAN01,bf_sinter_fan_blower,1.3112,30.3094,52.9014,1.9308,61.0948,0,BF.BLW.FAN01::E07,test
2025-11-25 20:00:00,BF.BLW.FAN01,bf_sinter_fan_blower,1.3498,37.426,52.4804,1.9142,61.5748,0,BF.BLW.FAN01::E07,test
2025-11-25 21:00:00,BF.BLW.FAN01,bf_sinter_fan_blower,1.5039,33.3459,54.1587,1.9342,63.1582,0,BF.BLW.FAN01::E07,test
2025-11-25 22:00:00,BF.BLW.FAN01,bf_sinter_fan_blower,1.4952,34.1159,54.8933,2.0205,62.9037,0,BF.BLW.FAN01::E07,test
2025-11-25 23:00:00,BF.BLW.FAN01,bf_sinter_fan_blower,1.5045,31.0025,55.0843,1.9638,64.183,0,BF.BLW.FAN01::E07,test
2025-11-26 00:00:00,BF.BLW.FAN01,bf_sinter_fan_blower,1.4367,32.9045,54.7109,1.9309,64.8387,0,BF.BLW.FAN01::E07,test
2025-11-26 01:00:00,BF.BLW.FAN01,bf_sinter_fan_blower,1.4828,31.7884,54.1357,1.8798,65.3293,0,BF.BLW.FAN01::E07,test
2025-11-26 02:00:00,BF.BLW.FAN01,bf_sinter_fan_blower,1.5174,33.4692,54.6051,1.6725,65.2877,0,BF.BLW.FAN01::E07,test
2025-11-26 03:00:00,BF.BLW.FAN01,bf_sinter_fan_blower,1.4663,31.4638,54.733,1.6426,65.3922,0,BF.BLW.FAN01::E07,test
2025-11-26 04:00:00,BF.BLW.FAN01,bf_sinter_fan_blower,1.386,27.8072,54.6737,1.6879,64.9947,0,BF.BLW.FAN01::E07,test
2025-11-26 05:00:00,BF.BLW.FAN01,bf_sinter_fan_blower,1.463,29.7049,55.5277,1.8636,65.1781,0,BF.BLW.FAN01::E07,test
2025-11-26 06:00:00,BF.BLW.FAN01,bf_sinter_fan_blower,1.4314,32.2318,54.4279,2.0291,65.9295,0,BF.BLW.FAN01::E07,test
2025-11-26 07:00:00,BF.BLW.FAN01,bf_sinter_fan_blower,1.4134,32.3917,54.3815,1.859,65.6208,0,BF.BLW.FAN01::E07,test
2025-11-26 08:00:00,BF.BLW.FAN01,bf_sinter_fan_blower,1.5515,35.9002,60.5374,1.8572,66.5564,0,BF.BLW.FAN01::E07,test
2025-11-26 09:00:00,BF.BLW.FAN01,bf_sinter_fan_blower,1.5713,35.5754,70.2347,1.7628,65.6183,0,BF.BLW.FAN01::E07,test
2025-11-26 10:00:00,BF.BLW.FAN01,bf_sinter_fan_blower,1.4679,31.3443,69.1182,1.9386,65.8061,0,BF.BLW.FAN01::E07,test
2025-11-26 11:00:00,BF.BLW.FAN01,bf_sinter_fan_blower,1.3473,36.553,58.7939,1.9447,64.6136,0,BF.BLW.FAN01::E07,test
2025-11-26 12:00:00,BF.BLW.FAN01,bf_sinter_fan_blower,1.3938,35.3107,53.6291,2.1202,63.2677,0,BF.BLW.FAN01::E07,test
2025-11-26 13:00:00,BF.BLW.FAN01,bf_sinter_fan_blower,1.3851,34.6892,53.4256,2.2723,62.4802,0,BF.BLW.FAN01::E07,test
2025-11-26 14:00:00,BF.BLW.FAN01,bf_sinter_fan_blower,1.3668,36.412,52.36,1.9434,60.6961,0,BF.BLW.FAN01::E07,test
2025-11-26 15:00:00,BF.BLW.FAN01,bf_sinter_fan_blower,1.4326,33.763,51.6873,1.9172,59.6848,0,BF.BLW.FAN01::E07,test
2025-11-26 16:00:00,BF.BLW.FAN01,bf_sinter_fan_blower,1.5102,32.708,52.5916,1.9371,59.6042,0,BF.BLW.FAN01::E07,test
2025-11-26 17:00:00,BF.BLW.FAN01,bf_sinter_fan_blower,1.4872,32.944,52.5227,1.8565,59.2442,0,BF.BLW.FAN01::E07,test
2025-11-26 18:00:00,BF.BLW.FAN01,bf_sinter_fan_blower,1.5656,30.525,53.1286,1.8811,59.5155,0,BF.BLW.FAN01::E07,test
2025-11-26 19:00:00,BF.BLW.FAN01,bf_sinter_fan_blower,1.4922,33.5075,53.8299,2.1286,58.6615,0,BF.BLW.FAN01::E07,test
2025-11-26 20:00:00,BF.BLW.FAN01,bf_sinter_fan_blower,1.5058,32.6973,54.6607,2.1892,57.9409,0,BF.BLW.FAN01::E07,test
2025-11-26 21:00:00,BF.BLW.FAN01,bf_sinter_fan_blower,1.5089,32.6281,55.031,2.2178,58.2321,0,BF.BLW.FAN01::E07,test
2025-11-26 22:00:00,BF.BLW.FAN01,bf_sinter_fan_blower,1.4065,37.5741,54.9949,2.1248,56.8333,0,BF.BLW.FAN01::E07,test
2025-11-26 23:00:00,BF.BLW.FAN01,bf_sinter_fan_blower,1.4127,42.4342,55.8384,2.3301,57.1666,0,BF.BLW.FAN01::E07,test
2025-11-27 00:00:00,BF.BLW.FAN01,bf_sinter_fan_blower,1.4989,44.1249,56.4365,2.3529,57.9105,0,BF.BLW.FAN01::E07,test
2025-11-27 01:00:00,BF.BLW.FAN01,bf_sinter_fan_blower,1.5579,43.7109,56.9866,2.4247,57.6948,0,BF.BLW.FAN01::E07,test
2025-11-27 02:00:00,BF.BLW.FAN01,bf_sinter_fan_blower,1.5774,45.5589,57.5862,2.2895,57.0188,0,BF.BLW.FAN01::E07,test
2025-11-27 03:00:00,BF.BLW.FAN01,bf_sinter_fan_blower,1.6845,46.4695,57.8021,2.3268,59.2517,0,BF.BLW.FAN01::E07,test
2025-11-27 04:00:00,BF.BLW.FAN01,bf_sinter_fan_blower,1.5948,46.4457,57.0998,2.4329,59.919,0,BF.BLW.FAN01::E07,test
2025-11-27 05:00:00,BF.BLW.FAN01,bf_sinter_fan_blower,1.5628,40.0308,57.2477,2.4472,59.6814,0,BF.BLW.FAN01::E07,test
2025-11-27 06:00:00,BF.BLW.FAN01,bf_sinter_fan_blower,1.6099,41.4703,57.7183,2.4245,59.2094,0,BF.BLW.FAN01::E07,test
2025-11-27 07:00:00,BF.BLW.FAN01,bf_sinter_fan_blower,1.6029,41.3978,57.5341,2.269,58.8639,0,BF.BLW.FAN01::E07,test
2025-11-27 08:00:00,BF.BLW.FAN01,bf_sinter_fan_blower,1.7669,36.5402,58.1224,2.1992,59.6318,0,BF.BLW.FAN01::E07,test
2025-11-27 09:00:00,BF.BLW.FAN01,bf_sinter_fan_blower,1.8433,37.9333,57.899,2.1525,59.6749,0,BF.BLW.FAN01::E07,test
2025-11-27 10:00:00,BF.BLW.FAN01,bf_sinter_fan_blower,1.8227,41.4731,56.8244,2.2597,59.9442,0,BF.BLW.FAN01::E07,test
2025-11-27 11:00:00,BF.BLW.FAN01,bf_sinter_fan_blower,1.8969,44.9018,56.3841,2.3659,60.9866,0,BF.BLW.FAN01::E07,test
2025-11-27 12:00:00,BF.BLW.FAN01,bf_sinter_fan_blower,1.9105,44.1808,54.8982,2.3199,61.3172,0,BF.BLW.FAN01::E07,test
2025-11-27 13:00:00,BF.BLW.FAN01,bf_sinter_fan_blower,1.8174,43.2742,54.4575,2.4239,60.8421,0,BF.BLW.FAN01::E07,test
2025-11-27 14:00:00,BF.BLW.FAN01,bf_sinter_fan_blower,1.8461,40.3913,54.7351,2.5205,60.5276,0,BF.BLW.FAN01::E07,test
2025-11-27 15:00:00,BF.BLW.FAN01,bf_sinter_fan_blower,1.9643,39.8287,55.4335,2.5034,61.1819,0,BF.BLW.FAN01::E07,test
2025-11-27 16:00:00,BF.BLW.FAN01,bf_sinter_fan_blower,1.9879,38.835,55.5875,2.4726,60.5273,0,BF.BLW.FAN01::E07,test
2025-11-27 17:00:00,BF.BLW.FAN01,bf_sinter_fan_blower,1.9051,39.4108,54.1477,2.561,60.7561,0,BF.BLW.FAN01::E07,test
2025-11-27 18:00:00,BF.BLW.FAN01,bf_sinter_fan_blower,1.8979,38.1084,54.4856,2.6085,59.875,0,BF.BLW.FAN01::E07,test
2025-11-27 19:00:00,BF.BLW.FAN01,bf_sinter_fan_blower,1.8332,43.9198,54.5247,2.8044,59.0587,0,BF.BLW.FAN01::E07,test
2025-11-27 20:00:00,BF.BLW.FAN01,bf_sinter_fan_blower,1.8685,48.7478,54.7672,2.7933,60.0593,0,BF.BLW.FAN01::E07,test
2025-11-27 21:00:00,BF.BLW.FAN01,bf_sinter_fan_blower,1.8516,53.344,55.1386,2.9117,60.3167,0,BF.BLW.FAN01::E07,test
2025-11-27 22:00:00,BF.BLW.FAN01,bf_sinter_fan_blower,1.7331,53.3617,54.5065,2.8812,60.0379,0,BF.BLW.FAN01::E07,test
2025-11-27 23:00:00,BF.BLW.FAN01,bf_sinter_fan_blower,1.7486,50.799,54.3774,3.1054,61.2799,0,BF.BLW.FAN01::E07,test
2025-11-28 00:00:00,BF.BLW.FAN01,bf_sinter_fan_blower,1.7128,49.1181,54.6699,3.0144,61.8077,0,BF.BLW.FAN01::E07,test
2025-11-28 01:00:00,BF.BLW.FAN01,bf_sinter_fan_blower,1.8348,48.3545,55.7919,3.1644,63.2008,0,BF.BLW.FAN01::E07,test
2025-11-28 02:00:00,BF.BLW.FAN01,bf_sinter_fan_blower,1.7683,47.2906,55.9032,3.3414,63.8414,0,BF.BLW.FAN01::E07,test
2025-11-28 03:00:00,BF.BLW.FAN01,bf_sinter_fan_blower,1.7576,46.4051,55.5249,3.4304,63.995,0,BF.BLW.FAN01::E07,test
2025-11-28 04:00:00,BF.BLW.FAN01,bf_sinter_fan_blower,1.6907,45.7263,55.1972,3.4621,64.087,0,BF.BLW.FAN01::E07,test
2025-11-28 05:00:00,BF.BLW.FAN01,bf_sinter_fan_blower,1.6866,43.9822,55.9487,3.2869,62.9055,0,BF.BLW.FAN01::E07,test
2025-11-28 06:00:00,BF.BLW.FAN01,bf_sinter_fan_blower,1.5294,42.5258,55.8426,3.3626,62.3408,0,BF.BLW.FAN01::E07,test
2025-11-28 07:00:00,BF.BLW.FAN01,bf_sinter_fan_blower,1.528,45.7181,55.5668,3.2792,63.0418,0,BF.BLW.FAN01::E07,test
2025-11-28 08:00:00,BF.BLW.FAN01,bf_sinter_fan_blower,1.6143,42.96,55.5767,3.2824,62.3332,0,BF.BLW.FAN01::E07,test
2025-11-28 09:00:00,BF.BLW.FAN01,bf_sinter_fan_blower,1.4986,46.0642,54.8333,3.3809,61.6322,0,BF.BLW.FAN01::E07,test
2025-11-28 10:00:00,BF.BLW.FAN01,bf_sinter_fan_blower,1.4389,45.5393,53.7929,3.6258,61.508,0,BF.BLW.FAN01::E07,test
2025-11-28 11:00:00,BF.BLW.FAN01,bf_sinter_fan_blower,1.3941,46.0226,53.2568,3.5662,61.0959,0,BF.BLW.FAN01::E07,test
2025-11-28 12:00:00,BF.BLW.FAN01,bf_sinter_fan_blower,1.3264,47.0988,51.1309,3.3944,61.1092,0,BF.BLW.FAN01::E07,test
2025-11-28 13:00:00,BF.BLW.FAN01,bf_sinter_fan_blower,1.2773,49.8836,50.0717,3.3093,59.2629,0,BF.BLW.FAN01::E07,test
2025-11-28 14:00:00,BF.BLW.FAN01,bf_sinter_fan_blower,1.189,52.8842,49.44,3.4353,59.1136,1,BF.BLW.FAN01::E07,test
2025-11-28 15:00:00,BF.BLW.FAN01,bf_sinter_fan_blower,1.2059,53.2151,49.2197,3.3823,59.1155,0,BF.BLW.FAN01::E07,test
2025-11-28 16:00:00,BF.BLW.FAN01,bf_sinter_fan_blower,1.1728,56.474,49.8363,3.4753,58.635,0,BF.BLW.FAN01::E07,test
2025-11-28 17:00:00,BF.BLW.FAN01,bf_sinter_fan_blower,1.189,58.2963,49.5071,3.3878,58.6323,0,BF.BLW.FAN01::E07,test
2025-11-28 18:00:00,BF.BLW.FAN01,bf_sinter_fan_blower,1.1424,57.9281,49.7376,3.2251,57.5699,0,BF.BLW.FAN01::E07,test
2025-11-28 19:00:00,BF.BLW.FAN01,bf_sinter_fan_blower,1.0643,55.5496,48.9454,3.1169,55.8806,0,BF.BLW.FAN01::E07,test
2025-11-28 20:00:00,BF.BLW.FAN01,bf_sinter_fan_blower,1.1167,54.3809,48.3802,3.105,55.9409,0,BF.BLW.FAN01::E07,test
2025-11-28 21:00:00,BF.BLW.FAN01,bf_sinter_fan_blower,1.269,54.7715,48.3818,3.0892,57.351,0,BF.BLW.FAN01::E07,test
2025-11-28 22:00:00,BF.BLW.FAN01,bf_sinter_fan_blower,1.3057,58.5394,49.539,3.2182,58.1295,0,BF.BLW.FAN01::E07,test
2025-11-28 23:00:00,BF.BLW.FAN01,bf_sinter_fan_blower,1.3153,58.4843,49.6553,3.1604,58.0831,0,BF.BLW.FAN01::E07,test
2025-11-29 00:00:00,BF.BLW.FAN01,bf_sinter_fan_blower,1.2538,54.9805,49.9446,3.2865,57.8934,0,BF.BLW.FAN01::E07,test
2025-11-29 01:00:00,BF.BLW.FAN01,bf_sinter_fan_blower,1.2616,56.5377,50.3158,3.5172,57.1116,0,BF.BLW.FAN01::E07,test
2025-11-29 02:00:00,BF.BLW.FAN01,bf_sinter_fan_blower,1.1811,55.5076,50.0515,3.6603,56.8395,0,BF.BLW.FAN01::E07,test
2025-11-29 03:00:00,BF.BLW.FAN01,bf_sinter_fan_blower,1.2693,58.4715,50.9505,3.4187,56.848,0,BF.BLW.FAN01::E07,test
2025-11-29 04:00:00,BF.BLW.FAN01,bf_sinter_fan_blower,1.4034,59.2236,51.6804,3.3807,57.9087,0,BF.BLW.FAN01::E07,test
2025-11-29 05:00:00,BF.BLW.FAN01,bf_sinter_fan_blower,1.6002,56.903,53.1318,3.101,58.2094,0,BF.BLW.FAN01::E07,test
2025-11-29 06:00:00,BF.BLW.FAN01,bf_sinter_fan_blower,1.5562,54.0239,52.3208,3.109,58.9344,0,BF.BLW.FAN01::E07,test
2025-11-29 07:00:00,BF.BLW.FAN01,bf_sinter_fan_blower,1.7239,51.5045,53.6554,3.1204,59.4487,1,BF.BLW.FAN01::E07,test
2025-11-29 08:00:00,BF.BLW.FAN01,bf_sinter_fan_blower,1.6939,51.4566,53.4072,3.095,59.0589,0,BF.BLW.FAN01::E07,test
2025-11-29 09:00:00,BF.BLW.FAN01,bf_sinter_fan_blower,1.5644,52.174,53.258,3.2131,57.938,0,BF.BLW.FAN01::E07,test
2025-11-29 10:00:00,BF.BLW.FAN01,bf_sinter_fan_blower,1.5245,53.0394,53.2957,3.4135,58.4802,1,BF.BLW.FAN01::E07,test
2025-11-29 11:00:00,BF.BLW.FAN01,bf_sinter_fan_blower,1.5188,48.8348,53.0103,3.5011,58.4903,0,BF.BLW.FAN01::E07,test
2025-11-29 12:00:00,BF.BLW.FAN01,bf_sinter_fan_blower,1.4849,50.7881,52.2315,3.5451,57.8498,0,BF.BLW.FAN01::E07,test
2025-11-29 13:00:00,BF.BLW.FAN01,bf_sinter_fan_blower,1.4815,51.2223,51.9672,3.7091,57.6472,0,BF.BLW.FAN01::E07,test
2025-11-29 14:00:00,BF.BLW.FAN01,bf_sinter_fan_blower,1.4923,49.1954,51.097,3.7925,57.1628,0,BF.BLW.FAN01::E07,test
2025-11-29 15:00:00,BF.BLW.FAN01,bf_sinter_fan_blower,1.3883,53.3149,51.7396,3.7876,56.646,0,BF.BLW.FAN01::E07,test
2025-11-29 16:00:00,BF.BLW.FAN01,bf_sinter_fan_blower,1.4506,56.1101,51.262,3.6931,56.8486,0,BF.BLW.FAN01::E07,test
2025-11-29 17:00:00,BF.BLW.FAN01,bf_sinter_fan_blower,1.4775,60.1807,51.8144,3.6107,56.7421,0,BF.BLW.FAN01::E07,test
2025-11-29 18:00:00,BF.BLW.FAN01,bf_sinter_fan_blower,1.4608,60.0974,50.4251,3.6714,57.1053,0,BF.BLW.FAN01::E07,test
2025-11-29 19:00:00,BF.BLW.FAN01,bf_sinter_fan_blower,1.3693,59.065,49.8364,3.8204,56.2575,1,BF.BLW.FAN01::E07,test
2025-11-29 20:00:00,BF.BLW.FAN01,bf_sinter_fan_blower,1.4169,60.671,50.0317,3.836,57.598,1,BF.BLW.FAN01::E07,test
2025-11-29 21:00:00,BF.BLW.FAN01,bf_sinter_fan_blower,1.3829,57.4456,49.8887,3.7955,56.8059,1,BF.BLW.FAN01::E07,test
2025-11-29 22:00:00,BF.BLW.FAN01,bf_sinter_fan_blower,1.4524,59.0724,51.4426,3.9914,57.5416,1,BF.BLW.FAN01::E07,test
2025-11-29 23:00:00,BF.BLW.FAN01,bf_sinter_fan_blower,1.3849,58.6214,51.2787,3.9679,57.5015,0,BF.BLW.FAN01::E07,test
2025-11-30 00:00:00,BF.BLW.FAN01,bf_sinter_fan_blower,1.4461,62.5507,50.9313,3.8544,57.7594,1,BF.BLW.FAN01::E07,test
2025-11-30 01:00:00,BF.BLW.FAN01,bf_sinter_fan_blower,1.4899,64.4654,51.3749,3.6814,57.7322,0,BF.BLW.FAN01::E07,test
2025-11-30 02:00:00,BF.BLW.FAN01,bf_sinter_fan_blower,1.5001,58.5259,51.922,3.7124,57.597,1,BF.BLW.FAN01::E07,test
2025-11-30 03:00:00,BF.BLW.FAN01,bf_sinter_fan_blower,1.4707,60.8541,51.4348,3.6519,57.6095,1,BF.BLW.FAN01::E07,test
2025-11-30 04:00:00,BF.BLW.FAN01,bf_sinter_fan_blower,1.4038,60.1205,52.4208,3.8611,56.764,0,BF.BLW.FAN01::E07,test
2025-11-30 05:00:00,BF.BLW.FAN01,bf_sinter_fan_blower,1.3887,58.2036,51.7335,3.8514,57.7362,1,BF.BLW.FAN01::E07,test
2025-11-30 06:00:00,BF.BLW.FAN01,bf_sinter_fan_blower,1.3851,60.4491,53.1959,3.9596,56.6694,1,BF.BLW.FAN01::E07,test
2025-11-30 07:00:00,BF.BLW.FAN01,bf_sinter_fan_blower,1.3427,62.743,52.1431,4.0679,57.4046,1,BF.BLW.FAN01::E07,test
2025-11-30 08:00:00,BF.BLW.FAN01,bf_sinter_fan_blower,1.3237,64.1057,51.8754,4.1915,57.3493,0,BF.BLW.FAN01::E07,test
2025-11-30 09:00:00,BF.BLW.FAN01,bf_sinter_fan_blower,1.2836,66.2704,51.4543,4.2806,56.4895,1,BF.BLW.FAN01::E07,test
2025-11-30 10:00:00,BF.BLW.FAN01,bf_sinter_fan_blower,1.2386,70.8624,50.8772,4.4149,56.5125,1,BF.BLW.FAN01::E07,test
2025-11-30 11:00:00,BF.BLW.FAN01,bf_sinter_fan_blower,1.3165,72.9804,51.0862,4.4099,56.9657,1,BF.BLW.FAN01::E07,test
2025-11-30 12:00:00,BF.BLW.FAN01,bf_sinter_fan_blower,1.3892,68.7581,50.2068,4.5849,57.7581,1,BF.BLW.FAN01::E07,test
2025-11-30 13:00:00,BF.BLW.FAN01,bf_sinter_fan_blower,1.4167,65.959,49.9745,4.4987,56.9233,1,BF.BLW.FAN01::E07,test
2025-11-30 14:00:00,BF.BLW.FAN01,bf_sinter_fan_blower,1.6132,65.616,50.4741,4.4285,56.4752,1,BF.BLW.FAN01::E07,test
2025-11-30 15:00:00,BF.BLW.FAN01,bf_sinter_fan_blower,1.533,65.2895,50.6018,4.5638,54.685,1,BF.BLW.FAN01::E07,test
2025-11-30 16:00:00,BF.BLW.FAN01,bf_sinter_fan_blower,1.4735,64.5889,49.6691,4.6242,55.1809,1,BF.BLW.FAN01::E07,test
2025-11-30 17:00:00,BF.BLW.FAN01,bf_sinter_fan_blower,1.3693,69.0703,49.4779,4.6624,54.8455,1,BF.BLW.FAN01::E07,test
2025-11-30 18:00:00,BF.BLW.FAN01,bf_sinter_fan_blower,1.4167,64.3591,49.1646,4.7034,55.35,1,BF.BLW.FAN01::E07,test
2025-11-30 19:00:00,BF.BLW.FAN01,bf_sinter_fan_blower,1.4439,65.4418,50.3696,4.5579,53.621,1,BF.BLW.FAN01::E07,test
2025-11-30 20:00:00,BF.BLW.FAN01,bf_sinter_fan_blower,1.4818,71.1611,51.4826,4.6146,53.62,1,BF.BLW.FAN01::E07,test
2025-11-30 21:00:00,BF.BLW.FAN01,bf_sinter_fan_blower,1.5837,66.2651,52.8364,4.7338,54.9912,1,BF.BLW.FAN01::E07,test
2025-11-30 22:00:00,BF.BLW.FAN01,bf_sinter_fan_blower,1.6612,67.3626,53.2906,4.6861,56.6542,1,BF.BLW.FAN01::E07,test
2025-11-30 23:00:00,BF.BLW.FAN01,bf_sinter_fan_blower,1.7698,65.2124,53.1189,4.7877,58.9627,1,BF.BLW.FAN01::E07,test
2025-12-01 00:00:00,BF.BLW.FAN01,bf_sinter_fan_blower,1.6963,66.2068,52.9559,4.8117,58.5633,1,BF.BLW.FAN01::E07,test
2025-12-01 01:00:00,BF.BLW.FAN01,bf_sinter_fan_blower,1.6213,65.7581,53.3258,5.0692,58.2587,1,BF.BLW.FAN01::E07,test
2025-12-01 02:00:00,BF.BLW.FAN01,bf_sinter_fan_blower,1.4537,66.2062,53.6285,5.0968,57.6352,1,BF.BLW.FAN01::E07,test
2025-12-01 03:00:00,BF.BLW.FAN01,bf_sinter_fan_blower,1.4235,66.1109,53.7993,5.0946,57.6537,1,BF.BLW.FAN01::E07,test
2025-12-01 04:00:00,BF.BLW.FAN01,bf_sinter_fan_blower,1.5737,64.582,54.3011,4.9919,59.288,1,BF.BLW.FAN01::E07,test
2025-12-01 05:00:00,BF.BLW.FAN01,bf_sinter_fan_blower,1.5049,69.5655,54.0558,4.9485,59.8508,1,BF.BLW.FAN01::E07,test
2025-12-01 06:00:00,BF.BLW.FAN01,bf_sinter_fan_blower,1.4599,69.9548,54.0906,4.9242,59.5856,1,BF.BLW.FAN01::E07,test
2025-12-01 07:00:00,BF.BLW.FAN01,bf_sinter_fan_blower,1.3805,68.3122,54.4425,4.8359,58.8782,1,BF.BLW.FAN01::E07,test
2025-12-01 08:00:00,BF.BLW.FAN01,bf_sinter_fan_blower,1.379,65.9906,53.5684,4.8916,60.2432,1,BF.BLW.FAN01::E07,test
2025-12-01 09:00:00,BF.BLW.FAN01,bf_sinter_fan_blower,1.2458,68.7338,52.9507,5.0413,59.155,1,BF.BLW.FAN01::E07,test
2025-12-01 10:00:00,BF.BLW.FAN01,bf_sinter_fan_blower,1.2576,68.4044,52.6401,5.0438,58.5166,1,BF.BLW.FAN01::E07,test
2025-12-01 11:00:00,BF.BLW.FAN01,bf_sinter_fan_blower,1.2015,68.6239,51.3574,5.1661,58.3758,1,BF.BLW.FAN01::E07,test
2025-12-01 12:00:00,BF.BLW.FAN01,bf_sinter_fan_blower,1.3252,66.7917,52.3323,5.148,57.98,1,BF.BLW.FAN01::E07,test
2025-12-01 13:00:00,BF.BLW.FAN01,bf_sinter_fan_blower,1.3482,68.1019,52.1732,5.2748,57.4106,2,BF.BLW.FAN01::E07,test
2025-12-01 14:00:00,BF.BLW.FAN01,bf_sinter_fan_blower,1.2108,64.9691,51.6384,5.5707,56.8048,2,BF.BLW.FAN01::E07,test
2025-12-01 15:00:00,BF.BLW.FAN01,bf_sinter_fan_blower,1.2238,68.9782,51.3269,5.7044,56.7696,1,BF.BLW.FAN01::E07,test
2025-12-01 16:00:00,BF.BLW.FAN01,bf_sinter_fan_blower,1.3434,71.8707,51.2099,5.9081,57.6059,2,BF.BLW.FAN01::E07,test
2025-12-01 17:00:00,BF.BLW.FAN01,bf_sinter_fan_blower,1.2464,75.4067,50.0903,5.9474,56.9769,1,BF.BLW.FAN01::E07,test
2025-12-01 18:00:00,BF.BLW.FAN01,bf_sinter_fan_blower,1.3484,75.4441,50.3703,6.1599,57.0409,1,BF.BLW.FAN01::E07,test
2025-12-01 19:00:00,BF.BLW.FAN01,bf_sinter_fan_blower,1.4061,75.7438,50.4197,6.2501,57.0153,1,BF.BLW.FAN01::E07,test
2025-12-01 20:00:00,BF.BLW.FAN01,bf_sinter_fan_blower,1.4529,80.7519,50.5636,6.5456,57.9233,1,BF.BLW.FAN01::E07,test
2025-12-01 21:00:00,BF.BLW.FAN01,bf_sinter_fan_blower,1.4193,81.2574,51.0026,6.9207,57.483,1,BF.BLW.FAN01::E07,test
2025-12-01 22:00:00,BF.BLW.FAN01,bf_sinter_fan_blower,1.4106,84.0617,51.7261,7.1454,56.9692,1,BF.BLW.FAN01::E07,test
2025-12-01 23:00:00,BF.BLW.FAN01,bf_sinter_fan_blower,1.3918,85.7918,52.2938,7.2378,56.8521,1,BF.BLW.FAN01::E07,test
2025-12-02 00:00:00,BF.BLW.FAN01,bf_sinter_fan_blower,1.3882,85.3213,51.3972,7.4895,58.1472,2,BF.BLW.FAN01::E07,test
2025-12-02 01:00:00,BF.BLW.FAN01,bf_sinter_fan_blower,1.5305,84.6961,53.4551,7.3582,58.6321,2,BF.BLW.FAN01::E07,test
2025-12-02 02:00:00,BF.BLW.FAN01,bf_sinter_fan_blower,1.5533,84.5415,53.3278,7.4774,59.3493,2,BF.BLW.FAN01::E07,test
2025-12-02 03:00:00,BF.BLW.FAN01,bf_sinter_fan_blower,1.557,86.9907,53.5,7.4777,58.9593,1,BF.BLW.FAN01::E07,test
2025-12-02 04:00:00,BF.BLW.FAN01,bf_sinter_fan_blower,1.5571,84.8327,53.0499,7.2833,59.1497,1,BF.BLW.FAN01::E07,test
2025-12-02 05:00:00,BF.BLW.FAN01,bf_sinter_fan_blower,1.5701,86.366,53.0382,7.383,59.0023,1,BF.BLW.FAN01::E07,test
2025-12-02 06:00:00,BF.BLW.FAN01,bf_sinter_fan_blower,1.5451,84.0867,53.263,7.4876,58.1876,1,BF.BLW.FAN01::E07,test
2025-12-02 07:00:00,BF.BLW.FAN01,bf_sinter_fan_blower,1.535,82.5002,52.6763,7.5903,58.5648,2,BF.BLW.FAN01::E07,test
2025-12-02 08:00:00,BF.BLW.FAN01,bf_sinter_fan_blower,1.5552,78.4723,52.474,7.7708,58.6361,2,BF.BLW.FAN01::E07,test
2025-12-02 09:00:00,BF.BLW.FAN01,bf_sinter_fan_blower,1.6026,81.0728,51.9866,7.7639,59.685,2,BF.BLW.FAN01::E07,test
2025-12-02 10:00:00,BF.BLW.FAN01,bf_sinter_fan_blower,1.4832,80.5785,51.2215,8.1641,59.0902,2,BF.BLW.FAN01::E07,test
2025-12-02 11:00:00,BF.BLW.FAN01,bf_sinter_fan_blower,1.4635,80.5207,51.3298,8.2796,58.1808,1,BF.BLW.FAN01::E07,test
2025-12-02 12:00:00,BF.BLW.FAN01,bf_sinter_fan_blower,1.5802,82.9344,51.5562,8.3943,58.6958,1,BF.BLW.FAN01::E07,test
2025-12-02 13:00:00,BF.BLW.FAN01,bf_sinter_fan_blower,1.5556,76.6368,51.1194,8.4737,57.9171,1,BF.BLW.FAN01::E07,test
2025-12-02 14:00:00,BF.BLW.FAN01,bf_sinter_fan_blower,1.4996,75.0376,50.5217,8.4538,57.8974,2,BF.BLW.FAN01::E07,test
2025-12-02 15:00:00,BF.BLW.FAN01,bf_sinter_fan_blower,1.5848,79.2255,51.1812,8.4486,57.4565,1,BF.BLW.FAN01::E07,test
2025-12-02 16:00:00,BF.BLW.FAN01,bf_sinter_fan_blower,1.6122,81.9516,51.2663,8.5092,57.2548,1,BF.BLW.FAN01::E07,test
2025-12-02 17:00:00,BF.BLW.FAN01,bf_sinter_fan_blower,1.5334,84.8573,51.1019,8.5385,56.1814,2,BF.BLW.FAN01::E07,test
2025-12-02 18:00:00,BF.BLW.FAN01,bf_sinter_fan_blower,1.4706,86.9237,50.0446,8.5277,55.3094,1,BF.BLW.FAN01::E07,test
2025-12-02 19:00:00,BF.BLW.FAN01,bf_sinter_fan_blower,1.4677,83.7766,50.7138,8.5152,55.0584,2,BF.BLW.FAN01::E07,test
2025-12-02 20:00:00,BF.BLW.FAN01,bf_sinter_fan_blower,1.318,85.8458,49.7579,8.6649,54.3873,2,BF.BLW.FAN01::E07,test
2025-12-02 21:00:00,BF.BLW.FAN01,bf_sinter_fan_blower,1.3232,85.0117,49.9265,8.7903,54.6629,2,BF.BLW.FAN01::E07,test
2025-12-02 22:00:00,BF.BLW.FAN01,bf_sinter_fan_blower,1.2335,92.1181,50.5161,8.9445,54.0509,2,BF.BLW.FAN01::E07,test
2025-12-02 23:00:00,BF.BLW.FAN01,bf_sinter_fan_blower,1.3242,94.4294,50.8103,8.7846,54.1702,2,BF.BLW.FAN01::E07,test
2025-12-03 00:00:00,BF.BLW.FAN01,bf_sinter_fan_blower,1.2942,93.3787,51.2,8.9914,53.9239,2,BF.BLW.FAN01::E07,test
2025-12-03 01:00:00,BF.BLW.FAN01,bf_sinter_fan_blower,1.2951,91.3961,51.0636,8.9755,55.3427,2,BF.BLW.FAN01::E07,test
2025-12-03 02:00:00,BF.BLW.FAN01,bf_sinter_fan_blower,1.2182,92.8343,50.7733,9.0859,54.5682,2,BF.BLW.FAN01::E07,test
2025-12-03 03:00:00,BF.BLW.FAN01,bf_sinter_fan_blower,1.1207,88.3139,50.1658,9.1143,54.5624,2,BF.BLW.FAN01::E07,test
2025-12-03 04:00:00,BF.BLW.FAN01,bf_sinter_fan_blower,1.1921,88.7433,50.5835,9.1473,55.4108,2,BF.BLW.FAN01::E07,test
2025-12-03 05:00:00,BF.BLW.FAN01,bf_sinter_fan_blower,1.155,88.3124,50.5763,9.3574,55.5742,2,BF.BLW.FAN01::E07,test
2025-12-03 06:00:00,BF.BLW.FAN01,bf_sinter_fan_blower,1.0293,89.821,49.8707,9.7196,55.928,2,BF.BLW.FAN01::E07,test
2025-12-03 07:00:00,BF.BLW.FAN01,bf_sinter_fan_blower,1.0346,33.2904,50.5574,1.887,54.8904,0,,test
2025-12-03 08:00:00,BF.BLW.FAN01,bf_sinter_fan_blower,1.2483,30.0644,50.0683,1.8017,56.8067,0,,test
2025-12-03 09:00:00,BF.BLW.FAN01,bf_sinter_fan_blower,1.3212,27.8637,50.334,1.8545,57.4648,0,,test
2025-12-03 10:00:00,BF.BLW.FAN01,bf_sinter_fan_blower,1.5369,30.3208,50.6367,1.6256,57.7744,0,,test
2025-12-03 11:00:00,BF.BLW.FAN01,bf_sinter_fan_blower,1.4676,31.2366,49.8281,1.6454,56.4657,0,,test
2025-12-03 12:00:00,BF.BLW.FAN01,bf_sinter_fan_blower,1.5165,33.6946,49.8614,1.6771,57.3614,0,,test
2025-12-03 13:00:00,BF.BLW.FAN01,bf_sinter_fan_blower,1.4582,34.2715,50.4934,1.8317,56.5105,0,,test
2025-12-03 14:00:00,BF.BLW.FAN01,bf_sinter_fan_blower,1.4018,32.8326,49.9118,1.7446,55.6006,0,,test
2025-12-03 15:00:00,BF.BLW.FAN01,bf_sinter_fan_blower,1.3521,35.5981,48.9798,1.6516,55.3586,0,,test
2025-12-03 16:00:00,BF.BLW.FAN01,bf_sinter_fan_blower,1.3467,35.6892,49.0836,1.7594,54.9401,0,,test
2025-12-03 17:00:00,BF.BLW.FAN01,bf_sinter_fan_blower,1.2884,33.0528,49.8326,1.911,54.7296,0,,test
2025-12-03 18:00:00,BF.BLW.FAN01,bf_sinter_fan_blower,1.3274,27.5213,50.7147,1.9668,54.5441,0,,test
2025-12-03 19:00:00,BF.BLW.FAN01,bf_sinter_fan_blower,1.3637,25.3534,50.3986,1.8633,54.5345,0,,test
2025-12-03 20:00:00,BF.BLW.FAN01,bf_sinter_fan_blower,1.4071,24.8741,51.4082,1.6842,54.0076,0,,test
2025-12-03 21:00:00,BF.BLW.FAN01,bf_sinter_fan_blower,1.5844,21.5987,53.0821,1.399,54.0888,0,,test
2025-12-03 22:00:00,BF.BLW.FAN01,bf_sinter_fan_blower,1.4618,30.2478,52.5661,1.4253,53.6474,0,,test
2025-12-03 23:00:00,BF.BLW.FAN01,bf_sinter_fan_blower,1.441,28.1539,52.3516,1.4423,54.4285,0,,test
2025-12-04 00:00:00,BF.BLW.FAN01,bf_sinter_fan_blower,1.5468,30.901,53.2667,1.3999,54.9143,0,,test
2025-12-04 01:00:00,BF.BLW.FAN01,bf_sinter_fan_blower,1.5615,27.7897,54.1528,1.2095,54.5471,0,,test
2025-12-04 02:00:00,BF.BLW.FAN01,bf_sinter_fan_blower,1.5064,27.6212,53.8617,1.0836,54.4041,0,,test
2025-12-04 03:00:00,BF.BLW.FAN01,bf_sinter_fan_blower,1.5087,32.7848,54.0041,1.118,55.1186,0,,test
2025-12-04 04:00:00,BF.BLW.FAN01,bf_sinter_fan_blower,1.5584,34.5247,53.6087,1.0244,54.2463,0,,test
2025-12-04 05:00:00,BF.BLW.FAN01,bf_sinter_fan_blower,1.4214,30.1788,53.319,1.1987,54.613,0,,test
2025-12-04 06:00:00,BF.BLW.FAN01,bf_sinter_fan_blower,1.3091,28.769,52.8076,1.199,54.1761,0,,test
2025-12-04 07:00:00,BF.BLW.FAN01,bf_sinter_fan_blower,1.4231,32.4369,53.6492,1.0608,54.9728,0,,test
2025-12-04 08:00:00,BF.BLW.FAN01,bf_sinter_fan_blower,1.4991,34.3898,54.5556,1.1884,54.1592,0,,test
2025-12-04 09:00:00,BF.BLW.FAN01,bf_sinter_fan_blower,1.5965,30.4874,55.5283,1.2006,53.9265,0,,test
2025-12-04 10:00:00,BF.BLW.FAN01,bf_sinter_fan_blower,1.6725,30.1381,55.1053,1.0937,54.0511,0,,test
2025-12-04 11:00:00,BF.BLW.FAN01,bf_sinter_fan_blower,1.6602,30.5694,54.9994,1.069,52.5396,0,,test
2025-12-04 12:00:00,BF.BLW.FAN01,bf_sinter_fan_blower,1.8162,22.7251,55.9933,1.0175,53.2119,0,,test
2025-12-04 13:00:00,BF.BLW.FAN01,bf_sinter_fan_blower,1.8742,22.1158,57.1387,1.1936,53.1595,0,,test
2025-12-04 14:00:00,BF.BLW.FAN01,bf_sinter_fan_blower,1.9702,20.4431,56.9006,1.0531,53.8508,0,,test
2025-12-04 15:00:00,BF.BLW.FAN01,bf_sinter_fan_blower,1.9304,20.3164,56.9942,1.0992,53.1106,0,,test
2025-12-04 16:00:00,BF.BLW.FAN01,bf_sinter_fan_blower,1.878,20.4303,56.5015,1.2843,52.2014,0,,test
2025-12-04 17:00:00,BF.BLW.FAN01,bf_sinter_fan_blower,1.8525,18.8357,56.8544,1.4452,51.4868,0,,test
2025-12-04 18:00:00,BF.BLW.FAN01,bf_sinter_fan_blower,1.9619,20.4272,57.1885,1.2989,52.9474,0,,test
2025-12-04 19:00:00,BF.BLW.FAN01,bf_sinter_fan_blower,1.8782,18.5547,56.4263,1.4811,53.2176,0,,test
2025-12-04 20:00:00,BF.BLW.FAN01,bf_sinter_fan_blower,1.7393,15.6718,55.5494,1.323,52.9069,0,,test
2025-12-04 21:00:00,BF.BLW.FAN01,bf_sinter_fan_blower,1.7672,14.9423,55.7102,1.2388,52.9502,0,,test
2025-12-04 22:00:00,BF.BLW.FAN01,bf_sinter_fan_blower,1.8996,14.8066,57.2074,1.1211,53.5894,0,,test
2025-12-04 23:00:00,BF.BLW.FAN01,bf_sinter_fan_blower,1.9036,17.7559,57.0331,1.2905,54.1756,0,,test
2025-12-05 00:00:00,BF.BLW.FAN01,bf_sinter_fan_blower,1.7964,17.8495,56.7263,1.4147,54.0278,0,,test
2025-12-05 01:00:00,BF.BLW.FAN01,bf_sinter_fan_blower,1.824,18.6511,57.4776,1.4127,53.9533,0,,test
2025-12-05 02:00:00,BF.BLW.FAN01,bf_sinter_fan_blower,1.7681,17.1757,57.7838,1.4505,53.8654,0,,test
2025-12-05 03:00:00,BF.BLW.FAN01,bf_sinter_fan_blower,1.7388,17.1766,58.7611,1.5167,54.7182,0,,test
2025-12-05 04:00:00,BF.BLW.FAN01,bf_sinter_fan_blower,1.6442,14.823,57.7935,1.4712,55.0598,0,,test
2025-12-05 05:00:00,BF.BLW.FAN01,bf_sinter_fan_blower,1.5991,14.4322,57.6656,1.4581,55.1503,0,,test
2025-12-05 06:00:00,BF.BLW.FAN01,bf_sinter_fan_blower,1.5393,12.2531,57.4977,1.5846,55.1465,0,,test
2025-12-05 07:00:00,BF.BLW.FAN01,bf_sinter_fan_blower,1.5317,20.2265,57.9103,1.4015,54.3449,0,,test
2025-12-05 08:00:00,BF.BLW.FAN01,bf_sinter_fan_blower,1.5933,20.3357,58.6378,1.2673,53.5512,0,,test
2025-12-05 09:00:00,BF.BLW.FAN01,bf_sinter_fan_blower,1.6258,19.844,58.1337,1.1278,53.2208,0,,test
2025-12-05 10:00:00,BF.BLW.FAN01,bf_sinter_fan_blower,1.6534,19.8849,57.4928,1.1997,53.1405,0,,test
2025-12-05 11:00:00,BF.BLW.FAN01,bf_sinter_fan_blower,1.7113,17.5636,57.0856,1.1769,54.356,0,,test
2025-12-05 12:00:00,BF.BLW.FAN01,bf_sinter_fan_blower,1.7493,22.6558,57.2144,1.2644,54.3934,0,,test
2025-12-05 13:00:00,BF.BLW.FAN01,bf_sinter_fan_blower,1.6815,25.8413,56.1307,1.1737,54.4,0,,test
2025-12-05 14:00:00,BF.BLW.FAN01,bf_sinter_fan_blower,1.6133,26.9565,54.7114,1.1814,54.9833,0,,test
2025-12-05 15:00:00,BF.BLW.FAN01,bf_sinter_fan_blower,1.6396,29.5444,55.9937,1.2942,54.5827,0,,test
2025-12-05 16:00:00,BF.BLW.FAN01,bf_sinter_fan_blower,1.7115,28.6053,55.6844,1.3812,54.4788,0,,test
2025-12-05 17:00:00,BF.BLW.FAN01,bf_sinter_fan_blower,1.7704,28.0759,55.7404,1.212,55.6747,0,,test
2025-12-05 18:00:00,BF.BLW.FAN01,bf_sinter_fan_blower,1.7994,26.6979,56.0368,1.5279,56.9316,0,,test
2025-12-05 19:00:00,BF.BLW.FAN01,bf_sinter_fan_blower,1.8218,26.4793,55.0529,1.4015,59.2074,0,,test
2025-12-05 20:00:00,BF.BLW.FAN01,bf_sinter_fan_blower,1.7822,22.4112,55.1209,1.3149,58.9816,0,,test
2025-12-05 21:00:00,BF.BLW.FAN01,bf_sinter_fan_blower,1.9054,23.7708,55.5051,1.1966,60.6522,0,,test
2025-12-05 22:00:00,BF.BLW.FAN01,bf_sinter_fan_blower,1.9192,23.8314,56.5353,1.1994,61.3988,0,,test
2025-12-05 23:00:00,BF.BLW.FAN01,bf_sinter_fan_blower,1.9296,27.7051,57.0416,1.198,61.5292,0,,test
2025-12-06 00:00:00,BF.BLW.FAN01,bf_sinter_fan_blower,1.8254,28.8387,56.4064,1.1208,61.2371,0,,test
2025-12-06 01:00:00,BF.BLW.FAN01,bf_sinter_fan_blower,1.7588,28.1019,56.6473,1.2719,61.3926,0,,test
2025-12-06 02:00:00,BF.BLW.FAN01,bf_sinter_fan_blower,1.8722,32.293,57.0667,1.1478,62.1829,0,,test
2025-12-06 03:00:00,BF.BLW.FAN01,bf_sinter_fan_blower,1.8249,34.3039,57.6411,1.2495,62.5073,0,,test
2025-12-06 04:00:00,BF.BLW.FAN01,bf_sinter_fan_blower,1.8819,36.7344,57.5342,1.2239,63.8021,0,,test
2025-12-06 05:00:00,BF.BLW.FAN01,bf_sinter_fan_blower,1.9641,37.0535,58.3355,1.1517,64.7618,0,,test
2025-12-06 06:00:00,BF.BLW.FAN01,bf_sinter_fan_blower,2.0477,36.6209,59.2473,1.317,65.4012,0,,test
2025-12-06 07:00:00,BF.BLW.FAN01,bf_sinter_fan_blower,1.9629,33.2658,58.4313,1.5439,65.3219,0,,test
2025-12-06 08:00:00,BF.BLW.FAN01,bf_sinter_fan_blower,1.9046,35.8984,58.6761,1.646,65.4512,0,,test
2025-12-06 09:00:00,BF.BLW.FAN01,bf_sinter_fan_blower,1.9585,35.9117,59.31,1.6204,66.4251,0,,test
2025-12-06 10:00:00,BF.BLW.FAN01,bf_sinter_fan_blower,1.8828,36.1665,57.9015,1.3529,65.5182,0,,test
2025-12-06 11:00:00,BF.BLW.FAN01,bf_sinter_fan_blower,3.1243,32.803,57.6601,1.3529,66.3252,0,,test
2025-12-06 12:00:00,BF.BLW.FAN01,bf_sinter_fan_blower,3.1739,34.2757,56.6483,1.2288,66.0094,0,,test
2025-12-06 13:00:00,BF.BLW.FAN01,bf_sinter_fan_blower,1.7924,35.8264,56.1424,1.4563,66.0424,0,,test
2025-12-06 14:00:00,BF.BLW.FAN01,bf_sinter_fan_blower,1.8985,37.6774,56.724,1.4576,65.9044,0,,test
2025-12-06 15:00:00,BF.BLW.FAN01,bf_sinter_fan_blower,1.8688,37.7061,56.4397,1.4679,65.8589,0,,test
2025-12-06 16:00:00,BF.BLW.FAN01,bf_sinter_fan_blower,1.8828,31.4683,56.4151,1.4986,66.0618,0,,test
2025-12-06 17:00:00,BF.BLW.FAN01,bf_sinter_fan_blower,1.7711,34.1949,55.6137,1.5109,65.3041,0,,test
2025-12-06 18:00:00,BF.BLW.FAN01,bf_sinter_fan_blower,1.7434,34.5519,54.656,1.552,65.565,0,,test
2025-12-06 19:00:00,BF.BLW.FAN01,bf_sinter_fan_blower,1.694,35.9812,53.8396,1.406,65.656,0,,test
2025-12-06 20:00:00,BF.BLW.FAN01,bf_sinter_fan_blower,1.7534,33.9293,54.1319,1.4196,65.7687,0,,test
2025-12-06 21:00:00,BF.BLW.FAN01,bf_sinter_fan_blower,1.734,33.0897,54.5478,1.3269,65.9278,0,,test
2025-12-06 22:00:00,BF.BLW.FAN01,bf_sinter_fan_blower,1.7944,35.171,55.0095,1.3302,66.1226,0,,test
2025-12-06 23:00:00,BF.BLW.FAN01,bf_sinter_fan_blower,1.7963,37.9015,54.4494,1.4153,66.8731,0,,test
2025-12-07 00:00:00,BF.BLW.FAN01,bf_sinter_fan_blower,1.7832,38.3417,53.7488,1.1737,66.9234,0,,test
2025-12-07 01:00:00,BF.BLW.FAN01,bf_sinter_fan_blower,1.75,35.7223,52.5397,1.1136,68.4954,0,,test
2025-12-07 02:00:00,BF.BLW.FAN01,bf_sinter_fan_blower,1.7417,31.1544,52.4354,1.1768,68.9421,0,,test
2025-12-07 03:00:00,BF.BLW.FAN01,bf_sinter_fan_blower,1.8499,33.3773,53.0435,1.311,70.3218,0,,test
2025-12-07 04:00:00,BF.BLW.FAN01,bf_sinter_fan_blower,1.8554,34.3045,53.6922,1.1826,70.0715,0,,test
2025-12-07 05:00:00,BF.BLW.FAN01,bf_sinter_fan_blower,1.876,36.2063,54.2028,1.1401,70.2746,0,,test
2025-12-07 06:00:00,BF.BLW.FAN01,bf_sinter_fan_blower,1.805,40.1922,54.6225,1.1157,69.2099,0,,test
2025-12-07 07:00:00,BF.BLW.FAN01,bf_sinter_fan_blower,1.6164,37.6929,52.8948,1.0114,69.6897,0,,test
2025-12-07 08:00:00,BF.BLW.FAN01,bf_sinter_fan_blower,1.6799,36.4529,52.6955,1.2353,70.2397,0,,test
2025-12-07 09:00:00,BF.BLW.FAN01,bf_sinter_fan_blower,1.7697,35.6201,53.4988,1.374,70.8512,0,,test
2025-12-07 10:00:00,BF.BLW.FAN01,bf_sinter_fan_blower,1.6385,37.9881,52.3283,1.4898,71.0627,0,,test
2025-12-07 11:00:00,BF.BLW.FAN01,bf_sinter_fan_blower,1.6375,37.8901,51.4802,1.5788,71.0769,0,,test
2025-12-07 12:00:00,BF.BLW.FAN01,bf_sinter_fan_blower,1.6658,38.0934,51.1998,1.4339,70.9191,0,,test
2025-12-07 13:00:00,BF.BLW.FAN01,bf_sinter_fan_blower,1.798,35.7,51.7485,1.3961,71.2314,0,,test
2025-12-07 14:00:00,BF.BLW.FAN01,bf_sinter_fan_blower,1.7907,34.5374,51.1659,1.3122,71.1858,0,,test
2025-12-07 15:00:00,BF.BLW.FAN01,bf_sinter_fan_blower,1.7945,32.3174,51.8966,1.1948,70.3374,0,,test
2025-12-07 16:00:00,BF.BLW.FAN01,bf_sinter_fan_blower,1.6355,33.0735,50.9191,1.3501,69.145,0,,test
2025-12-07 17:00:00,BF.BLW.FAN01,bf_sinter_fan_blower,1.4348,35.4591,49.8625,1.2647,67.6235,0,,test
2025-12-07 18:00:00,BF.BLW.FAN01,bf_sinter_fan_blower,1.4355,35.4578,49.4658,1.0823,67.5479,0,,test
2025-12-07 19:00:00,BF.BLW.FAN01,bf_sinter_fan_blower,1.362,36.7443,49.2317,0.9808,67.0916,0,,test
2025-12-07 20:00:00,BF.BLW.FAN01,bf_sinter_fan_blower,1.3794,35.5619,49.4886,1.1007,67.5859,0,,test
2025-12-07 21:00:00,BF.BLW.FAN01,bf_sinter_fan_blower,1.4066,32.7605,50.4745,0.9377,66.4638,0,,test
2025-12-07 22:00:00,BF.BLW.FAN01,bf_sinter_fan_blower,1.5456,28.0073,50.8856,0.8127,68.2733,0,,test
2025-12-07 23:00:00,BF.BLW.FAN01,bf_sinter_fan_blower,1.5103,23.6427,50.1233,0.9822,68.8244,0,,test
2025-12-08 00:00:00,BF.BLW.FAN01,bf_sinter_fan_blower,1.5857,21.9087,50.4573,0.9158,70.1251,0,,test
2025-12-08 01:00:00,BF.BLW.FAN01,bf_sinter_fan_blower,1.4977,24.5726,50.6896,1.0707,69.7548,0,,test
2025-12-08 02:00:00,BF.BLW.FAN01,bf_sinter_fan_blower,1.5732,25.4247,51.4745,1.1034,70.2059,0,,test
2025-12-08 03:00:00,BF.BLW.FAN01,bf_sinter_fan_blower,1.5589,26.383,51.4913,1.1575,70.5892,0,,test
2025-12-08 04:00:00,BF.BLW.FAN01,bf_sinter_fan_blower,1.5331,23.6941,51.9063,1.0407,69.7943,0,,test
2025-12-08 05:00:00,BF.BLW.FAN01,bf_sinter_fan_blower,1.5539,24.2632,52.6679,1.1522,69.6081,0,,test
2025-12-08 06:00:00,BF.BLW.FAN01,bf_sinter_fan_blower,1.5788,29.9575,52.5054,1.0564,70.53,0,,test
2025-12-08 07:00:00,BF.BLW.FAN01,bf_sinter_fan_blower,1.606,30.8799,52.7122,0.9218,69.449,0,,test
2025-12-08 08:00:00,BF.BLW.FAN01,bf_sinter_fan_blower,1.617,33.1104,51.6774,0.9217,69.9873,0,,test
2025-12-08 09:00:00,BF.BLW.FAN01,bf_sinter_fan_blower,1.6807,35.1153,53.0182,0.8548,69.5751,0,,test
2025-12-08 10:00:00,BF.BLW.FAN01,bf_sinter_fan_blower,1.6749,40.1192,52.5759,0.618,68.8895,0,,test
2025-12-08 11:00:00,BF.BLW.FAN01,bf_sinter_fan_blower,1.6666,40.8076,51.5768,0.3936,68.9893,0,,test
2025-12-08 12:00:00,BF.BLW.FAN01,bf_sinter_fan_blower,1.6294,37.8014,51.5234,0.3938,69.5706,0,,test
2025-12-08 13:00:00,BF.BLW.FAN01,bf_sinter_fan_blower,1.6666,35.2851,50.852,0.3884,69.5674,0,,test
2025-12-08 14:00:00,BF.BLW.FAN01,bf_sinter_fan_blower,1.67,36.8703,50.2612,0.3576,69.1162,0,,test
2025-12-08 15:00:00,BF.BLW.FAN01,bf_sinter_fan_blower,1.685,32.3221,49.0819,0.3665,69.4075,0,,test
2025-12-08 16:00:00,BF.BLW.FAN01,bf_sinter_fan_blower,1.8167,31.6384,49.0287,0.3121,70.0824,0,,test
2025-12-08 17:00:00,BF.BLW.FAN01,bf_sinter_fan_blower,1.8048,31.3432,48.9799,0.3953,69.1662,0,,test
2025-12-08 18:00:00,BF.BLW.FAN01,bf_sinter_fan_blower,1.7982,32.2302,49.1583,0.2984,69.06,0,,test
2025-12-08 19:00:00,BF.BLW.FAN01,bf_sinter_fan_blower,1.7382,33.7602,48.8841,0.2943,69.1712,0,,test
2025-12-08 20:00:00,BF.BLW.FAN01,bf_sinter_fan_blower,1.6186,34.7944,49.3519,0.6471,69.4792,0,,test
2025-12-08 21:00:00,BF.BLW.FAN01,bf_sinter_fan_blower,1.5695,37.1287,48.7382,0.7225,69.8342,0,,test
2025-12-08 22:00:00,BF.BLW.FAN01,bf_sinter_fan_blower,1.5525,35.5842,48.797,0.7612,69.2523,0,,test
2025-12-08 23:00:00,BF.BLW.FAN01,bf_sinter_fan_blower,1.632,36.8107,49.3872,0.7873,69.8467,0,,test
2025-12-09 00:00:00,BF.BLW.FAN01,bf_sinter_fan_blower,1.8273,35.8885,50.4816,0.7549,70.7298,0,,test
2025-12-09 01:00:00,BF.BLW.FAN01,bf_sinter_fan_blower,1.8178,33.9641,50.716,0.7475,69.7746,0,,test
2025-12-09 02:00:00,BF.BLW.FAN01,bf_sinter_fan_blower,1.8706,34.558,51.7716,0.9427,70.7943,0,,test
2025-12-09 03:00:00,BF.BLW.FAN01,bf_sinter_fan_blower,1.9496,30.8075,53.1108,0.9931,70.6482,0,,test
2025-12-09 04:00:00,BF.BLW.FAN01,bf_sinter_fan_blower,1.9402,31.8643,53.1647,0.9834,71.0006,0,,test
2025-12-09 05:00:00,BF.BLW.FAN01,bf_sinter_fan_blower,2.0074,32.8203,53.217,0.9109,73.1205,0,,test
2025-12-09 06:00:00,BF.BLW.FAN01,bf_sinter_fan_blower,2.0991,33.3629,53.86,0.8236,73.5963,0,,test
2025-12-09 07:00:00,BF.BLW.FAN01,bf_sinter_fan_blower,2.0694,29.7188,54.6861,0.9097,73.0705,0,,test
2025-12-09 08:00:00,BF.BLW.FAN01,bf_sinter_fan_blower,2.1073,29.363,54.8505,0.9407,73.191,0,,test
2025-12-09 09:00:00,BF.BLW.FAN01,bf_sinter_fan_blower,1.9792,27.7314,53.9089,0.9107,72.2016,0,,test
2025-12-09 10:00:00,BF.BLW.FAN01,bf_sinter_fan_blower,1.8557,26.8855,52.6273,1.0209,71.2219,0,,test
2025-12-09 11:00:00,BF.BLW.FAN01,bf_sinter_fan_blower,1.8741,30.2996,53.1652,1.1933,70.2529,0,,test
2025-12-09 12:00:00,BF.BLW.FAN01,bf_sinter_fan_blower,1.8356,34.4059,53.5277,1.1622,68.8578,0,,test
2025-12-09 13:00:00,BF.BLW.FAN01,bf_sinter_fan_blower,1.8891,35.4631,52.4616,1.3036,69.3496,0,,test
2025-12-09 14:00:00,BF.BLW.FAN01,bf_sinter_fan_blower,1.8441,37.284,50.8556,1.4014,69.0573,0,,test
2025-12-09 15:00:00,BF.BLW.FAN01,bf_sinter_fan_blower,1.6634,34.0484,49.9335,1.3406,67.0967,0,,test
2025-12-09 16:00:00,BF.BLW.FAN01,bf_sinter_fan_blower,1.5968,32.0996,50.2035,1.3671,66.1532,0,,test
2025-12-09 17:00:00,BF.BLW.FAN01,bf_sinter_fan_blower,1.5461,35.3914,50.7686,1.4347,65.2597,0,,test
2025-12-09 18:00:00,BF.BLW.FAN01,bf_sinter_fan_blower,1.546,33.7398,49.9957,1.4222,64.6752,0,,test
2025-12-09 19:00:00,BF.BLW.FAN01,bf_sinter_fan_blower,1.7225,38.4061,50.7074,1.2562,66.1046,0,,test
2025-12-09 20:00:00,BF.BLW.FAN01,bf_sinter_fan_blower,1.8182,39.5331,50.5731,1.0268,67.0867,0,,test
2025-12-09 21:00:00,BF.BLW.FAN01,bf_sinter_fan_blower,1.8224,38.792,51.0255,0.9674,67.0516,0,,test
2025-12-09 22:00:00,BF.BLW.FAN01,bf_sinter_fan_blower,1.7827,39.8905,51.3357,1.0578,66.6818,0,,test
2025-12-09 23:00:00,BF.BLW.FAN01,bf_sinter_fan_blower,1.8592,40.5488,51.7403,1.2723,67.2516,0,,test
2025-12-10 00:00:00,BF.BLW.FAN01,bf_sinter_fan_blower,1.8539,40.2789,52.6808,1.2504,67.0447,0,,test
2025-12-10 01:00:00,BF.BLW.FAN01,bf_sinter_fan_blower,1.9133,39.9653,52.2965,1.2868,68.0766,0,,test
2025-12-10 02:00:00,BF.BLW.FAN01,bf_sinter_fan_blower,1.9235,38.1964,51.9719,1.3801,68.837,0,,test
2025-12-10 03:00:00,BF.BLW.FAN01,bf_sinter_fan_blower,1.8061,35.557,52.5178,1.4397,68.5914,0,,test
2025-12-10 04:00:00,BF.BLW.FAN01,bf_sinter_fan_blower,1.7129,35.717,52.4598,1.3278,67.4653,0,,test
2025-12-10 05:00:00,BF.BLW.FAN01,bf_sinter_fan_blower,1.662,35.424,52.2437,1.332,67.0056,0,,test
2025-12-10 06:00:00,BF.BLW.FAN01,bf_sinter_fan_blower,1.6828,31.5878,52.0312,1.4057,66.6659,0,,test
2025-12-10 07:00:00,BF.BLW.FAN01,bf_sinter_fan_blower,1.6411,30.5853,50.9552,1.3164,67.477,0,,test
2025-12-10 08:00:00,BF.BLW.FAN01,bf_sinter_fan_blower,1.71,30.388,51.071,1.2548,67.62,0,,test
2025-12-10 09:00:00,BF.BLW.FAN01,bf_sinter_fan_blower,1.6207,29.9458,50.427,1.3906,66.9189,0,,test
2025-12-10 10:00:00,BF.BLW.FAN01,bf_sinter_fan_blower,1.5064,31.1538,49.0667,1.487,66.6115,0,,test
2025-12-10 11:00:00,BF.BLW.FAN01,bf_sinter_fan_blower,1.6134,33.4866,49.0779,1.6554,67.7769,0,,test
2025-12-10 12:00:00,BF.BLW.FAN01,bf_sinter_fan_blower,1.6136,32.014,48.6518,1.5041,66.5835,0,,test
2025-12-10 13:00:00,BF.BLW.FAN01,bf_sinter_fan_blower,1.5971,27.4981,47.5524,1.3112,66.5516,0,,test
2025-12-10 14:00:00,BF.BLW.FAN01,bf_sinter_fan_blower,1.6044,27.8167,47.9116,1.2116,65.5536,0,,test
2025-12-10 15:00:00,BF.BLW.FAN01,bf_sinter_fan_blower,1.5341,31.1379,46.9765,1.4412,65.3352,0,,test
2025-12-10 16:00:00,BF.BLW.FAN01,bf_sinter_fan_blower,1.4468,34.2659,46.2198,1.5624,64.4921,0,,test
2025-12-10 17:00:00,BF.BLW.FAN01,bf_sinter_fan_blower,1.4626,30.7312,45.9945,1.6634,64.865,0,,test
2025-12-10 18:00:00,BF.BLW.FAN01,bf_sinter_fan_blower,1.4578,31.3127,45.4867,1.6189,64.8757,0,,test
2025-12-10 19:00:00,BF.BLW.FAN01,bf_sinter_fan_blower,1.3685,34.9508,45.0022,1.8274,63.9492,0,,test
2025-12-10 20:00:00,BF.BLW.FAN01,bf_sinter_fan_blower,1.2964,31.8302,44.8559,1.8604,63.4252,0,,test
2025-12-10 21:00:00,BF.BLW.FAN01,bf_sinter_fan_blower,1.2354,31.525,44.9364,1.8039,63.5245,0,,test
2025-12-10 22:00:00,BF.BLW.FAN01,bf_sinter_fan_blower,1.3726,30.9138,45.5232,1.4983,64.2188,0,,test
2025-12-10 23:00:00,BF.BLW.FAN01,bf_sinter_fan_blower,,32.6284,,1.1958,64.9665,0,,test
2025-12-11 00:00:00,BF.BLW.FAN01,bf_sinter_fan_blower,1.4649,30.6563,47.2587,1.1425,65.2266,0,,test
2025-12-11 01:00:00,BF.BLW.FAN01,bf_sinter_fan_blower,1.4312,27.3258,47.2964,1.2202,65.5702,0,,test
2025-12-11 02:00:00,BF.BLW.FAN01,bf_sinter_fan_blower,1.3477,29.1299,48.2929,1.3069,64.8986,0,,test
2025-12-11 03:00:00,BF.BLW.FAN01,bf_sinter_fan_blower,1.5201,26.0889,49.2277,1.3294,66.6877,0,,test
2025-12-11 04:00:00,BF.BLW.FAN01,bf_sinter_fan_blower,1.5042,20.9293,49.7454,1.2423,66.2487,0,,test
2025-12-11 05:00:00,BF.BLW.FAN01,bf_sinter_fan_blower,1.4779,23.9222,49.7076,1.1353,65.872,0,,test
2025-12-11 06:00:00,BF.BLW.FAN01,bf_sinter_fan_blower,1.4604,24.3497,49.6867,1.1458,66.4988,0,,test
2025-12-11 07:00:00,BF.BLW.FAN01,bf_sinter_fan_blower,1.4958,22.0646,49.5327,1.3653,66.8291,0,,test
2025-12-11 08:00:00,BF.BLW.FAN01,bf_sinter_fan_blower,1.5951,24.5361,49.755,1.0726,67.723,0,,test
2025-12-11 09:00:00,BF.BLW.FAN01,bf_sinter_fan_blower,1.7377,26.3689,50.6985,1.0354,68.0658,0,,test
2025-12-11 10:00:00,BF.BLW.FAN01,bf_sinter_fan_blower,1.7833,23.317,49.8975,1.0199,68.3009,0,,test
2025-12-11 11:00:00,BF.BLW.FAN01,bf_sinter_fan_blower,1.8036,26.8068,49.1975,0.8946,68.2501,0,,test
2025-12-11 12:00:00,BF.BLW.FAN01,bf_sinter_fan_blower,1.9119,28.2063,49.5858,0.8366,68.0152,0,,test
2025-12-11 13:00:00,BF.BLW.FAN01,bf_sinter_fan_blower,1.9774,31.7761,49.5725,0.738,68.4837,0,,test
2025-12-11 14:00:00,BF.BLW.FAN01,bf_sinter_fan_blower,1.9619,31.692,48.8309,0.7998,68.9081,0,,test
2025-12-11 15:00:00,BF.BLW.FAN01,bf_sinter_fan_blower,1.8757,32.2517,49.0222,0.8972,69.2257,0,,test
2025-12-11 16:00:00,BF.BLW.FAN01,bf_sinter_fan_blower,1.7462,35.3519,48.4734,0.9709,68.8124,0,,test
2025-12-11 17:00:00,BF.BLW.FAN01,bf_sinter_fan_blower,1.6523,34.7733,48.4209,1.0372,66.7136,0,,test
2025-12-11 18:00:00,BF.BLW.FAN01,bf_sinter_fan_blower,1.7474,33.7132,48.7901,1.065,67.0863,0,,test
2025-12-11 19:00:00,BF.BLW.FAN01,bf_sinter_fan_blower,1.7637,33.4579,49.2328,0.8899,67.2253,0,,test
2025-12-11 20:00:00,BF.BLW.FAN01,bf_sinter_fan_blower,1.7554,30.9628,49.2492,1.0392,68.0278,0,,test
2025-12-11 21:00:00,BF.BLW.FAN01,bf_sinter_fan_blower,1.6466,29.7332,49.221,1.1513,66.4696,0,,test
2025-12-11 22:00:00,BF.BLW.FAN01,bf_sinter_fan_blower,1.6194,29.2616,48.5618,1.1816,67.0236,0,,test
2025-12-11 23:00:00,BF.BLW.FAN01,bf_sinter_fan_blower,1.6913,34.3696,48.9484,1.1156,67.1099,0,,test
2025-12-12 00:00:00,BF.BLW.FAN01,bf_sinter_fan_blower,1.7177,28.7289,49.1891,0.8415,67.423,0,,test
2025-12-12 01:00:00,BF.BLW.FAN01,bf_sinter_fan_blower,1.5952,30.1652,48.5546,0.8383,67.9845,0,,test
2025-12-12 02:00:00,BF.BLW.FAN01,bf_sinter_fan_blower,1.6487,33.2082,48.4585,0.9818,68.6225,0,,test
2025-12-12 03:00:00,BF.BLW.FAN01,bf_sinter_fan_blower,1.4513,35.7898,47.9442,1.0853,67.9946,0,,test
2025-12-12 04:00:00,BF.BLW.FAN01,bf_sinter_fan_blower,1.4213,35.6453,47.7219,1.0548,67.5262,0,,test
2025-12-12 05:00:00,BF.BLW.FAN01,bf_sinter_fan_blower,1.4371,37.7058,47.9831,1.0438,67.3857,0,,test
2025-12-12 06:00:00,BF.BLW.FAN01,bf_sinter_fan_blower,1.4934,39.6701,47.5795,1.0082,67.9432,0,,test
2025-12-12 07:00:00,BF.BLW.FAN01,bf_sinter_fan_blower,1.4684,40.1082,48.051,1.1846,68.1116,0,,test
2025-12-12 08:00:00,BF.BLW.FAN01,bf_sinter_fan_blower,1.6561,41.5711,47.6394,1.1316,69.4015,0,,test
2025-12-12 09:00:00,BF.BLW.FAN01,bf_sinter_fan_blower,1.7081,41.7653,48.1982,1.1462,69.3612,0,,test
2025-12-12 10:00:00,BF.BLW.FAN01,bf_sinter_fan_blower,1.9288,43.1116,48.4403,0.9535,69.9729,0,,test
2025-12-12 11:00:00,BF.BLW.FAN01,bf_sinter_fan_blower,1.8405,41.5876,48.0188,0.9328,68.6197,0,,test
2025-12-12 12:00:00,BF.BLW.FAN01,bf_sinter_fan_blower,1.8896,36.6325,47.8648,0.9367,68.8606,0,,test
2025-12-12 13:00:00,BF.BLW.FAN01,bf_sinter_fan_blower,1.8817,33.3775,49.0676,1.1209,67.6925,0,,test
2025-12-12 14:00:00,BF.BLW.FAN01,bf_sinter_fan_blower,1.9561,33.5406,50.357,1.1345,66.9105,0,,test
2025-12-12 15:00:00,BF.BLW.FAN01,bf_sinter_fan_blower,1.9686,31.234,50.265,1.3248,66.9164,0,,test
2025-12-12 16:00:00,BF.BLW.FAN01,bf_sinter_fan_blower,1.9489,34.9511,50.4339,1.186,65.9343,0,,test
2025-12-12 17:00:00,BF.BLW.FAN01,bf_sinter_fan_blower,1.7754,38.6274,49.7867,1.3002,64.9295,0,,test
2025-12-12 18:00:00,BF.BLW.FAN01,bf_sinter_fan_blower,1.7651,38.4122,50.0919,1.2454,64.0537,0,,test
2025-12-12 19:00:00,BF.BLW.FAN01,bf_sinter_fan_blower,1.814,33.6928,50.7242,0.9961,63.828,0,,test
2025-12-12 20:00:00,BF.BLW.FAN01,bf_sinter_fan_blower,1.9208,32.3706,51.6156,1.1687,64.4942,0,,test
2025-12-12 21:00:00,BF.BLW.FAN01,bf_sinter_fan_blower,1.9993,36.1921,52.357,1.1332,65.1853,0,,test
2025-12-12 22:00:00,BF.BLW.FAN01,bf_sinter_fan_blower,2.0395,34.2428,51.9897,1.1641,65.8949,0,,test
2025-12-12 23:00:00,BF.BLW.FAN01,bf_sinter_fan_blower,2.0372,31.5011,52.8586,1.0373,65.2552,0,,test
2025-12-13 00:00:00,BF.BLW.FAN01,bf_sinter_fan_blower,1.9537,35.5934,53.4045,0.8503,65.2835,0,,test
2025-12-13 01:00:00,BF.BLW.FAN01,bf_sinter_fan_blower,1.9994,33.6714,55.0788,0.8693,65.3613,0,,test
2025-12-13 02:00:00,BF.BLW.FAN01,bf_sinter_fan_blower,1.927,30.8836,54.5302,0.9264,65.1418,0,,test
2025-12-13 03:00:00,BF.BLW.FAN01,bf_sinter_fan_blower,1.883,29.5458,55.9515,1.1776,65.2467,0,,test
2025-12-13 04:00:00,BF.BLW.FAN01,bf_sinter_fan_blower,1.886,29.1893,55.8448,1.1234,65.4964,0,,test
2025-12-13 05:00:00,BF.BLW.FAN01,bf_sinter_fan_blower,1.9352,24.4433,55.9674,1.1274,65.8545,0,,test
2025-12-13 06:00:00,BF.BLW.FAN01,bf_sinter_fan_blower,2.0191,23.2547,56.3748,0.9358,66.3183,0,,test
2025-12-13 07:00:00,BF.BLW.FAN01,bf_sinter_fan_blower,2.1921,27.0831,57.8864,0.7761,66.824,0,,test
2025-12-13 08:00:00,BF.BLW.FAN01,bf_sinter_fan_blower,2.1227,25.36,57.4791,0.7225,66.6207,0,,test
2025-12-13 09:00:00,BF.BLW.FAN01,bf_sinter_fan_blower,2.077,29.5169,57.4023,0.795,66.3759,0,,test
2025-12-13 10:00:00,BF.BLW.FAN01,bf_sinter_fan_blower,2.0604,29.9449,57.5572,0.8841,65.7301,0,,test
2025-12-13 11:00:00,BF.BLW.FAN01,bf_sinter_fan_blower,2.0165,31.0047,57.2233,0.9868,64.8768,0,,test
2025-12-13 12:00:00,BF.BLW.FAN01,bf_sinter_fan_blower,1.9022,29.0805,56.4397,1.1339,65.0865,0,,test
2025-12-13 13:00:00,BF.BLW.FAN01,bf_sinter_fan_blower,1.9414,26.2397,55.7515,1.2424,65.0588,0,,test
2025-12-13 14:00:00,BF.BLW.FAN01,bf_sinter_fan_blower,1.793,27.3466,54.7209,1.1227,64.0033,0,,test
2025-12-13 15:00:00,BF.BLW.FAN01,bf_sinter_fan_blower,1.8075,23.0479,55.5094,0.9343,63.8535,0,,test
2025-12-13 16:00:00,BF.BLW.FAN01,bf_sinter_fan_blower,1.7664,24.7964,54.2582,1.0371,63.6708,0,,test
2025-12-13 17:00:00,BF.BLW.FAN01,bf_sinter_fan_blower,1.853,28.0294,54.5156,0.7355,63.933,0,,test
2025-12-13 18:00:00,BF.BLW.FAN01,bf_sinter_fan_blower,1.8146,31.3236,54.9313,0.8257,62.7247,0,,test
2025-12-13 19:00:00,BF.BLW.FAN01,bf_sinter_fan_blower,1.8803,35.3532,55.049,0.8305,63.0678,0,,test
2025-12-13 20:00:00,BF.BLW.FAN01,bf_sinter_fan_blower,1.8392,37.1822,54.6703,1.0218,62.8862,0,,test
2025-12-13 21:00:00,BF.BLW.FAN01,bf_sinter_fan_blower,1.9186,43.2328,54.6613,0.9304,64.2865,0,,test
2025-12-13 22:00:00,BF.BLW.FAN01,bf_sinter_fan_blower,1.7699,44.4016,54.6927,0.9843,63.0141,0,,test
2025-12-13 23:00:00,BF.BLW.FAN01,bf_sinter_fan_blower,1.7214,46.6089,54.2857,0.714,61.8101,0,,test
2025-12-14 00:00:00,BF.BLW.FAN01,bf_sinter_fan_blower,1.6854,44.0794,55.6841,0.7824,62.1563,0,,test
2025-12-14 01:00:00,BF.BLW.FAN01,bf_sinter_fan_blower,1.5922,42.9984,54.7756,0.8562,61.3806,0,,test
2025-12-14 02:00:00,BF.BLW.FAN01,bf_sinter_fan_blower,1.4675,41.2422,54.6011,1.201,61.7615,0,,test
2025-12-14 03:00:00,BF.BLW.FAN01,bf_sinter_fan_blower,1.5298,40.061,56.0584,1.24,61.7573,0,,test
2025-12-14 04:00:00,BF.BLW.FAN01,bf_sinter_fan_blower,1.5775,35.7729,56.2711,1.4107,62.854,0,,test
2025-12-14 05:00:00,BF.BLW.FAN01,bf_sinter_fan_blower,1.6366,39.4173,56.6622,1.5778,63.372,0,,test
2025-12-14 06:00:00,BF.BLW.FAN01,bf_sinter_fan_blower,1.6729,42.2859,56.6391,1.7437,64.856,0,,test
2025-12-14 07:00:00,BF.BLW.FAN01,bf_sinter_fan_blower,1.6616,42.9755,56.7262,1.9084,65.4343,0,,test
2025-12-14 08:00:00,BF.BLW.FAN01,bf_sinter_fan_blower,1.7097,46.0552,56.4442,1.7433,65.2768,0,,test
2025-12-14 09:00:00,BF.BLW.FAN01,bf_sinter_fan_blower,1.6367,41.076,56.8065,1.9173,64.599,0,,test
2025-12-14 10:00:00,BF.BLW.FAN01,bf_sinter_fan_blower,1.7228,40.7385,56.3514,1.821,65.2941,0,,test
2025-12-14 11:00:00,BF.BLW.FAN01,bf_sinter_fan_blower,1.8955,40.1347,57.2867,1.654,64.8569,0,,test
2025-12-14 12:00:00,BF.BLW.FAN01,bf_sinter_fan_blower,1.8681,39.4325,57.5701,1.5288,64.4383,0,,test
2025-12-14 13:00:00,BF.BLW.FAN01,bf_sinter_fan_blower,1.8287,38.8707,57.0604,1.5578,64.2262,0,,test
2025-12-14 14:00:00,BF.BLW.FAN01,bf_sinter_fan_blower,1.8829,33.421,57.3165,1.3992,63.993,0,,test
2025-12-14 15:00:00,BF.BLW.FAN01,bf_sinter_fan_blower,1.8898,32.1304,56.9779,1.3973,64.1513,0,,test
2025-12-14 16:00:00,BF.BLW.FAN01,bf_sinter_fan_blower,2.0818,30.5809,58.1202,1.1422,64.5902,0,,test
2025-12-14 17:00:00,BF.BLW.FAN01,bf_sinter_fan_blower,2.0521,29.1395,57.3235,1.2694,64.8629,0,,test
2025-12-14 18:00:00,BF.BLW.FAN01,bf_sinter_fan_blower,2.0489,26.8993,56.6727,1.479,65.7957,0,,test
2025-12-14 19:00:00,BF.BLW.FAN01,bf_sinter_fan_blower,2.1604,26.0449,57.4701,1.4534,66.0214,0,,test
2025-12-14 20:00:00,BF.BLW.FAN01,bf_sinter_fan_blower,2.1988,25.3013,57.9071,1.4147,66.6463,0,,test
2025-12-14 21:00:00,BF.BLW.FAN01,bf_sinter_fan_blower,2.1494,26.9516,57.8597,1.3945,66.652,0,,test
2025-12-14 22:00:00,BF.BLW.FAN01,bf_sinter_fan_blower,2.2156,23.9624,58.0381,1.1854,66.7651,0,,test
2025-12-14 23:00:00,BF.BLW.FAN01,bf_sinter_fan_blower,2.0737,27.226,57.3722,1.0379,66.564,0,,test
2025-12-15 00:00:00,BF.BLW.FAN01,bf_sinter_fan_blower,2.057,26.6064,57.0595,1.0323,67.2366,0,,test
2025-12-15 01:00:00,BF.BLW.FAN01,bf_sinter_fan_blower,2.0803,28.0658,57.7342,1.1294,68.1238,0,,test
2025-12-15 02:00:00,BF.BLW.FAN01,bf_sinter_fan_blower,2.0314,30.0047,58.2712,1.0716,67.5667,0,,test
2025-12-15 03:00:00,BF.BLW.FAN01,bf_sinter_fan_blower,1.8772,24.5325,57.9554,1.2595,67.9084,0,,test
2025-12-15 04:00:00,BF.BLW.FAN01,bf_sinter_fan_blower,1.8193,21.6926,56.625,1.4656,69.8159,0,,test
2025-12-15 05:00:00,BF.BLW.FAN01,bf_sinter_fan_blower,1.7877,18.3215,56.5231,1.3831,70.5045,0,,test
2025-12-15 06:00:00,BF.BLW.FAN01,bf_sinter_fan_blower,1.7736,17.0732,56.1641,1.2507,70.4804,0,,test
2025-12-15 07:00:00,BF.BLW.FAN01,bf_sinter_fan_blower,1.7293,19.2906,56.0469,1.2454,70.1666,0,,test
2025-12-15 08:00:00,BF.BLW.FAN01,bf_sinter_fan_blower,1.8133,21.3717,55.3691,1.0823,70.0716,0,,test
2025-12-15 09:00:00,BF.BLW.FAN01,bf_sinter_fan_blower,1.7801,23.5874,55.4244,1.2135,69.7254,0,,test
2025-12-15 10:00:00,BF.BLW.FAN01,bf_sinter_fan_blower,1.7857,25.352,55.6615,1.1585,69.0171,0,,test
2025-12-15 11:00:00,BF.BLW.FAN01,bf_sinter_fan_blower,1.6675,25.2665,54.1023,1.3133,68.6824,0,,test
2025-12-15 12:00:00,BF.BLW.FAN01,bf_sinter_fan_blower,1.6577,23.2929,53.307,1.0586,68.4482,0,,test
2025-12-15 13:00:00,BF.BLW.FAN01,bf_sinter_fan_blower,1.5805,25.322,53.0575,1.0596,68.0743,0,,test
2025-12-15 14:00:00,BF.BLW.FAN01,bf_sinter_fan_blower,1.6608,23.4282,53.3213,0.9932,67.0285,0,,test
2025-12-15 15:00:00,BF.BLW.FAN01,bf_sinter_fan_blower,1.6038,21.4389,52.4384,0.9095,66.5572,0,,test
2025-12-15 16:00:00,BF.BLW.FAN01,bf_sinter_fan_blower,1.598,19.7232,51.3438,0.826,66.1769,0,,test
2025-12-15 17:00:00,BF.BLW.FAN01,bf_sinter_fan_blower,1.5466,23.3297,50.7603,0.7928,65.1934,0,,test
2025-12-15 18:00:00,BF.BLW.FAN01,bf_sinter_fan_blower,1.4872,23.3724,50.7115,0.6857,64.3517,0,,test
2025-12-15 19:00:00,BF.BLW.FAN01,bf_sinter_fan_blower,1.6303,19.662,51.0773,0.6316,65.6606,0,,test
2025-12-15 20:00:00,BF.BLW.FAN01,bf_sinter_fan_blower,1.6983,21.1866,51.6823,0.6032,67.0042,0,,test
2025-12-15 21:00:00,BF.BLW.FAN01,bf_sinter_fan_blower,1.6802,15.248,51.8518,0.6982,65.7995,0,,test
2025-12-15 22:00:00,BF.BLW.FAN01,bf_sinter_fan_blower,1.6181,18.5419,51.4371,0.7925,66.8642,0,,test
2025-12-15 23:00:00,BF.BLW.FAN01,bf_sinter_fan_blower,1.5397,17.5793,51.6948,0.9836,67.0594,0,,test
2025-12-16 00:00:00,BF.BLW.FAN01,bf_sinter_fan_blower,1.5156,14.5565,51.1415,0.9427,67.5429,0,,test
2025-12-16 01:00:00,BF.BLW.FAN01,bf_sinter_fan_blower,1.4828,18.5046,50.678,0.8318,68.5388,0,,test
2025-12-16 02:00:00,BF.BLW.FAN01,bf_sinter_fan_blower,1.6454,21.8183,51.9061,0.8079,70.5403,0,,test
2025-12-16 03:00:00,BF.BLW.FAN01,bf_sinter_fan_blower,1.6948,23.7857,51.9813,0.8411,71.0753,0,,test
2025-12-16 04:00:00,BF.BLW.FAN01,bf_sinter_fan_blower,1.7071,24.2464,52.1877,1.5496,71.2005,0,,test
2025-12-16 05:00:00,BF.BLW.FAN01,bf_sinter_fan_blower,1.6058,24.7422,52.0393,2.4808,71.6822,0,,test
2025-12-16 06:00:00,BF.BLW.FAN01,bf_sinter_fan_blower,1.5974,21.6111,52.2082,3.2167,71.2866,0,,test
2025-12-16 07:00:00,BF.BLW.FAN01,bf_sinter_fan_blower,1.4435,21.9128,51.8025,3.8111,70.3996,0,,test
2025-12-16 08:00:00,BF.BLW.FAN01,bf_sinter_fan_blower,1.3827,21.7821,50.8503,3.7987,69.2269,0,,test
2025-12-16 09:00:00,BF.BLW.FAN01,bf_sinter_fan_blower,1.4574,25.2414,51.9068,3.615,69.021,0,,test
2025-12-16 10:00:00,BF.BLW.FAN01,bf_sinter_fan_blower,1.4378,27.658,51.7796,2.9091,68.2564,0,,test
2025-12-16 11:00:00,BF.BLW.FAN01,bf_sinter_fan_blower,1.5273,28.6371,52.5466,1.9125,67.3085,0,,test
2025-12-16 12:00:00,BF.BLW.FAN01,bf_sinter_fan_blower,1.4207,29.7695,51.435,1.2985,66.5249,0,,test
2025-12-16 13:00:00,BF.BLW.FAN01,bf_sinter_fan_blower,1.5292,29.2173,51.5978,0.7502,66.424,0,,test
2025-12-16 14:00:00,BF.BLW.FAN01,bf_sinter_fan_blower,1.5056,28.8098,51.5815,0.6601,66.2963,0,,test
2025-12-16 15:00:00,BF.BLW.FAN01,bf_sinter_fan_blower,1.4476,29.3347,51.1597,0.6875,65.2518,0,,test
2025-12-16 16:00:00,BF.BLW.FAN01,bf_sinter_fan_blower,1.5136,26.8576,51.0807,0.7828,64.8454,0,,test
2025-12-16 17:00:00,BF.BLW.FAN01,bf_sinter_fan_blower,1.7691,29.736,51.8343,0.6209,65.2373,0,,test
2025-12-16 18:00:00,BF.BLW.FAN01,bf_sinter_fan_blower,1.5719,33.5802,51.8397,0.7471,63.9148,0,,test
2025-12-16 19:00:00,BF.BLW.FAN01,bf_sinter_fan_blower,1.4561,32.0334,50.7807,0.7282,62.5986,0,,test
2025-12-16 20:00:00,BF.BLW.FAN01,bf_sinter_fan_blower,1.4392,34.0549,51.3996,0.7917,62.5883,0,,test
2025-12-16 21:00:00,BF.BLW.FAN01,bf_sinter_fan_blower,1.4444,32.8946,51.8351,0.8409,63.0686,0,,test
2025-12-16 22:00:00,BF.BLW.FAN01,bf_sinter_fan_blower,1.4074,33.9658,51.21,0.7582,63.2719,0,,test
2025-12-16 23:00:00,BF.BLW.FAN01,bf_sinter_fan_blower,1.3358,34.4274,50.7508,0.7205,62.7484,0,,test
2025-12-17 00:00:00,BF.BLW.FAN01,bf_sinter_fan_blower,1.3053,38.0708,49.468,0.856,64.5371,0,,test
2025-12-17 01:00:00,BF.BLW.FAN01,bf_sinter_fan_blower,1.3464,38.0206,50.409,0.7992,65.3953,0,,test
2025-12-17 02:00:00,BF.BLW.FAN01,bf_sinter_fan_blower,1.4051,38.7271,50.6679,0.8716,66.2336,0,,test
2025-12-17 03:00:00,BF.BLW.FAN01,bf_sinter_fan_blower,1.4304,38.4276,50.1384,0.6605,66.3998,0,,test
2025-12-17 04:00:00,BF.BLW.FAN01,bf_sinter_fan_blower,1.3593,38.1399,49.472,0.7305,65.227,0,,test
2025-12-17 05:00:00,BF.BLW.FAN01,bf_sinter_fan_blower,1.476,36.8913,49.6364,0.8723,66.3752,0,,test
2025-12-17 06:00:00,BF.BLW.FAN01,bf_sinter_fan_blower,1.4075,36.8892,48.4761,0.8365,66.3104,0,,test
2025-12-17 07:00:00,BF.BLW.FAN01,bf_sinter_fan_blower,1.4042,34.3009,48.9382,1.0367,66.6963,0,,test
2025-12-17 08:00:00,BF.BLW.FAN01,bf_sinter_fan_blower,1.436,33.5186,48.8262,1.0777,65.7668,0,,test
2025-12-17 09:00:00,BF.BLW.FAN01,bf_sinter_fan_blower,1.4824,36.5367,48.5611,1.0614,65.8802,0,,test
2025-12-17 10:00:00,BF.BLW.FAN01,bf_sinter_fan_blower,1.3617,33.1265,47.8699,1.3541,65.5869,0,,test
2025-12-17 11:00:00,BF.BLW.FAN01,bf_sinter_fan_blower,1.3477,28.475,47.7377,1.2937,65.175,0,,test
2025-12-17 12:00:00,BF.BLW.FAN01,bf_sinter_fan_blower,1.2931,28.502,47.7858,1.5241,63.8147,0,,test
2025-12-17 13:00:00,BF.BLW.FAN01,bf_sinter_fan_blower,1.2064,26.1951,47.4239,1.6228,61.6204,0,,test
2025-12-17 14:00:00,BF.BLW.FAN01,bf_sinter_fan_blower,1.1515,27.7115,47.3293,1.6288,59.9888,0,,test
2025-12-17 15:00:00,BF.BLW.FAN01,bf_sinter_fan_blower,1.1829,25.0392,47.8061,1.5856,59.6221,0,,test
2025-12-17 16:00:00,BF.BLW.FAN01,bf_sinter_fan_blower,1.2878,30.6935,48.4844,1.5429,60.2758,0,,test
2025-12-17 17:00:00,BF.BLW.FAN01,bf_sinter_fan_blower,1.3557,27.7076,48.8489,1.418,61.3838,0,,test
2025-12-17 18:00:00,BF.BLW.FAN01,bf_sinter_fan_blower,1.3675,28.5264,47.3573,1.2971,62.1556,0,,test
2025-12-17 19:00:00,BF.BLW.FAN01,bf_sinter_fan_blower,1.3777,31.7187,47.5056,1.5216,62.397,0,,test
2025-12-17 20:00:00,BF.BLW.FAN01,bf_sinter_fan_blower,1.4884,31.6846,47.7422,1.6164,63.0749,0,,test
2025-12-17 21:00:00,BF.BLW.FAN01,bf_sinter_fan_blower,1.6041,29.2348,49.0102,1.5415,63.714,0,,test
2025-12-17 22:00:00,BF.BLW.FAN01,bf_sinter_fan_blower,1.6317,28.4556,50.3378,1.9306,63.753,0,,test
2025-12-17 23:00:00,BF.BLW.FAN01,bf_sinter_fan_blower,1.6256,27.3416,50.7176,1.8195,64.3197,0,,test
2025-12-18 00:00:00,BF.BLW.FAN01,bf_sinter_fan_blower,1.7323,27.3443,51.2529,1.924,65.5774,0,,test
2025-12-18 01:00:00,BF.BLW.FAN01,bf_sinter_fan_blower,1.6207,29.7149,52.2722,1.6544,63.8551,0,,test
2025-12-18 02:00:00,BF.BLW.FAN01,bf_sinter_fan_blower,1.6496,34.4488,52.5671,1.6467,63.5698,0,,test
2025-12-18 03:00:00,BF.BLW.FAN01,bf_sinter_fan_blower,1.6869,36.418,53.56,1.6166,63.2521,0,,test
2025-12-18 04:00:00,BF.BLW.FAN01,bf_sinter_fan_blower,1.5055,33.0162,53.2523,1.6755,62.6104,0,,test
2025-12-18 05:00:00,BF.BLW.FAN01,bf_sinter_fan_blower,1.485,31.8474,53.3762,1.6695,62.2674,0,,test
2025-12-18 06:00:00,BF.BLW.FAN01,bf_sinter_fan_blower,1.6185,33.7495,54.0009,1.6085,62.7368,0,,test
2025-12-18 07:00:00,BF.BLW.FAN01,bf_sinter_fan_blower,1.335,36.0277,52.9478,1.691,61.6259,0,,test
2025-12-18 08:00:00,BF.BLW.FAN01,bf_sinter_fan_blower,1.2817,34.8967,52.8719,1.691,60.248,0,,test
2025-12-18 09:00:00,BF.BLW.FAN01,bf_sinter_fan_blower,1.34,35.018,51.99,1.3159,60.2515,0,,test
2025-12-18 10:00:00,BF.BLW.FAN01,bf_sinter_fan_blower,1.4726,35.6572,52.8828,1.3384,60.1309,0,,test
2025-12-18 11:00:00,BF.BLW.FAN01,bf_sinter_fan_blower,1.4011,38.0098,52.8603,1.483,60.0899,0,,test
2025-12-18 12:00:00,BF.BLW.FAN01,bf_sinter_fan_blower,1.4196,35.9962,52.7789,1.4827,59.9007,0,,test
2025-12-18 13:00:00,BF.BLW.FAN01,bf_sinter_fan_blower,1.4104,32.3696,52.384,1.6001,59.0683,0,,test
2025-12-18 14:00:00,BF.BLW.FAN01,bf_sinter_fan_blower,1.4338,32.4488,52.6695,1.5745,57.7164,0,,test
2025-12-18 15:00:00,BF.BLW.FAN01,bf_sinter_fan_blower,1.4368,34.2873,52.1176,1.4016,56.9415,0,,test
2025-12-18 16:00:00,BF.BLW.FAN01,bf_sinter_fan_blower,1.3548,34.1547,51.7991,1.5622,55.9229,0,,test
2025-12-18 17:00:00,BF.BLW.FAN01,bf_sinter_fan_blower,1.344,32.4693,51.9891,1.5503,54.6937,0,,test
2025-12-18 18:00:00,BF.BLW.FAN01,bf_sinter_fan_blower,1.459,35.058,51.563,1.3345,55.1559,0,,test
2025-12-18 19:00:00,BF.BLW.FAN01,bf_sinter_fan_blower,1.4222,39.1397,51.6145,1.2682,54.0648,0,,test
2025-12-18 20:00:00,BF.BLW.FAN01,bf_sinter_fan_blower,1.4503,38.5756,51.768,1.2307,54.3507,0,,test
2025-12-18 21:00:00,BF.BLW.FAN01,bf_sinter_fan_blower,1.58,41.1024,52.9926,1.0951,54.6386,0,,test
2025-12-18 22:00:00,BF.BLW.FAN01,bf_sinter_fan_blower,1.5419,37.2571,53.1565,1.3152,55.315,0,,test
2025-12-18 23:00:00,BF.BLW.FAN01,bf_sinter_fan_blower,1.4592,40.2389,52.9812,1.3125,55.4776,0,,test
2025-12-19 00:00:00,BF.BLW.FAN01,bf_sinter_fan_blower,1.4372,35.4875,52.7995,1.2886,56.3739,0,,test
2025-12-19 01:00:00,BF.BLW.FAN01,bf_sinter_fan_blower,1.3694,29.6378,52.3497,1.3848,57.0003,0,,test
2025-12-19 02:00:00,BF.BLW.FAN01,bf_sinter_fan_blower,1.339,25.8581,53.4499,1.6512,57.6913,0,,test
2025-12-19 03:00:00,BF.BLW.FAN01,bf_sinter_fan_blower,1.3675,21.7794,53.2649,1.6361,58.3708,0,,test
2025-12-19 04:00:00,BF.BLW.FAN01,bf_sinter_fan_blower,1.5212,22.8452,54.8555,1.3852,59.9324,0,,test
2025-12-19 05:00:00,BF.BLW.FAN01,bf_sinter_fan_blower,1.5494,24.9624,55.7172,1.3995,60.4281,0,,test
2025-12-19 06:00:00,BF.BLW.FAN01,bf_sinter_fan_blower,1.6395,27.3089,55.5361,1.3369,61.1674,0,,test
2025-12-19 07:00:00,BF.BLW.FAN01,bf_sinter_fan_blower,1.8209,20.6673,56.1667,1.3486,62.4891,0,,test
2025-12-19 08:00:00,BF.BLW.FAN01,bf_sinter_fan_blower,1.7932,18.5124,56.605,1.4376,61.6751,0,,test
2025-12-19 09:00:00,BF.BLW.FAN01,bf_sinter_fan_blower,1.8637,21.2636,56.3436,1.1956,60.6381,0,,test
2025-12-19 10:00:00,BF.BLW.FAN01,bf_sinter_fan_blower,1.9341,20.1682,56.1512,1.1744,61.0794,0,,test
2025-12-19 11:00:00,BF.BLW.FAN01,bf_sinter_fan_blower,1.8567,19.6755,55.7144,0.9767,60.0512,0,,test
2025-12-19 12:00:00,BF.BLW.FAN01,bf_sinter_fan_blower,1.7984,23.686,54.8607,0.9785,60.7335,0,,test
2025-12-19 13:00:00,BF.BLW.FAN01,bf_sinter_fan_blower,1.8807,24.7384,54.5227,1.0501,60.853,0,,test
2025-12-19 14:00:00,BF.BLW.FAN01,bf_sinter_fan_blower,1.9246,28.4388,54.8779,1.0113,60.7779,0,,test
2025-12-19 15:00:00,BF.BLW.FAN01,bf_sinter_fan_blower,1.9943,31.1417,55.0397,1.1735,61.5171,0,,test
2025-12-19 16:00:00,BF.BLW.FAN01,bf_sinter_fan_blower,2.0225,28.4103,55.6343,1.266,61.0008,0,,test
2025-12-19 17:00:00,BF.BLW.FAN01,bf_sinter_fan_blower,1.8532,32.0444,54.8347,1.2753,60.0778,0,,test
2025-12-19 18:00:00,BF.BLW.FAN01,bf_sinter_fan_blower,1.7037,30.0571,54.6329,1.3212,58.9712,0,,test
2025-12-19 19:00:00,BF.BLW.FAN01,bf_sinter_fan_blower,1.609,32.0053,54.2306,1.2359,58.0209,0,,test
2025-12-19 20:00:00,BF.BLW.FAN01,bf_sinter_fan_blower,1.6249,33.2022,54.424,1.1233,57.826,0,,test
2025-12-19 21:00:00,BF.BLW.FAN01,bf_sinter_fan_blower,1.6291,36.2393,54.0995,1.1764,58.41,0,,test
2025-12-19 22:00:00,BF.BLW.FAN01,bf_sinter_fan_blower,1.6114,37.9137,54.2403,1.1935,58.4129,0,,test
2025-12-19 23:00:00,BF.BLW.FAN01,bf_sinter_fan_blower,1.6849,36.7364,55.5683,1.3362,58.7553,0,,test
2025-12-20 00:00:00,BF.BLW.FAN01,bf_sinter_fan_blower,1.6771,35.7414,55.6372,1.2067,58.5043,0,,test
2025-12-20 01:00:00,BF.BLW.FAN01,bf_sinter_fan_blower,1.6653,33.4229,55.4439,1.0727,59.1597,0,,test
2025-12-20 02:00:00,BF.BLW.FAN01,bf_sinter_fan_blower,1.7751,31.2217,56.8152,1.0782,59.9833,0,,test
2025-12-20 03:00:00,BF.BLW.FAN01,bf_sinter_fan_blower,1.8454,33.6013,57.1824,1.0884,61.1289,0,,test
2025-12-20 04:00:00,BF.BLW.FAN01,bf_sinter_fan_blower,1.7878,34.1987,56.8357,1.059,61.4528,0,,test
2025-12-20 05:00:00,BF.BLW.FAN01,bf_sinter_fan_blower,1.6904,33.0438,54.9235,0.8247,62.3807,0,,test
2025-12-20 06:00:00,BF.BLW.FAN01,bf_sinter_fan_blower,1.6293,30.5585,54.8582,1.0138,62.1139,0,,test
2025-12-20 07:00:00,BF.BLW.FAN01,bf_sinter_fan_blower,1.7067,29.2056,54.728,0.759,62.8185,0,,test
2025-12-20 08:00:00,BF.BLW.FAN01,bf_sinter_fan_blower,1.7281,27.1766,54.3572,0.7997,63.3159,0,,test
2025-12-20 09:00:00,BF.BLW.FAN01,bf_sinter_fan_blower,1.7746,26.4596,54.095,0.7703,64.3487,0,,test
2025-12-20 10:00:00,BF.BLW.FAN01,bf_sinter_fan_blower,1.782,25.6535,53.5485,0.6621,64.1695,0,,test
2025-12-20 11:00:00,BF.BLW.FAN01,bf_sinter_fan_blower,1.7035,28.8959,52.574,0.7496,64.0479,0,,test
2025-12-20 12:00:00,BF.BLW.FAN01,bf_sinter_fan_blower,1.6727,30.7605,52.1358,0.7369,64.0829,0,,test
2025-12-20 13:00:00,BF.BLW.FAN01,bf_sinter_fan_blower,1.5466,30.1692,51.0873,0.9353,63.3568,0,,test
2025-12-20 14:00:00,BF.BLW.FAN01,bf_sinter_fan_blower,1.4916,31.7539,50.8316,1.0122,62.1962,0,,test
2025-12-20 15:00:00,BF.BLW.FAN01,bf_sinter_fan_blower,1.5815,32.326,50.3204,1.0535,62.8238,0,,test
2025-12-20 16:00:00,BF.BLW.FAN01,bf_sinter_fan_blower,1.6903,34.0983,50.2191,1.0271,63.3076,0,,test
2025-12-20 17:00:00,BF.BLW.FAN01,bf_sinter_fan_blower,1.6444,33.3931,50.008,0.9019,63.5715,0,,test
2025-12-20 18:00:00,BF.BLW.FAN01,bf_sinter_fan_blower,1.5578,32.9038,49.4241,0.9937,64.1754,0,,test
2025-12-20 19:00:00,BF.BLW.FAN01,bf_sinter_fan_blower,1.6285,33.9785,49.7196,1.0541,64.0599,0,,test
2025-12-20 20:00:00,BF.BLW.FAN01,bf_sinter_fan_blower,1.5787,38.9485,49.4037,1.0073,63.4771,0,,test
2025-12-20 21:00:00,BF.BLW.FAN01,bf_sinter_fan_blower,1.5622,38.3416,48.6906,1.1427,64.1239,0,,test
2025-12-20 22:00:00,BF.BLW.FAN01,bf_sinter_fan_blower,1.5089,37.731,49.2163,1.2018,63.7674,0,,test
2025-12-20 23:00:00,BF.BLW.FAN01,bf_sinter_fan_blower,1.5505,32.9921,49.7031,1.1112,64.4067,0,,test
2025-12-21 00:00:00,BF.BLW.FAN01,bf_sinter_fan_blower,1.5966,29.5115,50.1133,0.94,64.9455,0,,test
2025-12-21 01:00:00,BF.BLW.FAN01,bf_sinter_fan_blower,1.5855,29.7723,50.7377,1.0462,64.8724,0,,test
2025-12-21 02:00:00,BF.BLW.FAN01,bf_sinter_fan_blower,1.5672,31.5439,50.8624,1.096,65.6339,0,,test
2025-12-21 03:00:00,BF.BLW.FAN01,bf_sinter_fan_blower,1.5158,33.7243,51.2863,1.0318,65.6549,0,,test
2025-12-21 04:00:00,BF.BLW.FAN01,bf_sinter_fan_blower,1.5121,34.245,51.9893,0.8823,65.15,0,,test
2025-12-21 05:00:00,BF.BLW.FAN01,bf_sinter_fan_blower,1.6296,36.2311,52.7064,0.9047,65.8384,0,,test
2025-12-21 06:00:00,BF.BLW.FAN01,bf_sinter_fan_blower,1.641,35.2685,51.5413,0.7105,66.6626,0,,test
2025-12-21 07:00:00,BF.BLW.FAN01,bf_sinter_fan_blower,1.5352,37.219,51.3032,0.6641,66.1169,0,,test
2025-12-21 08:00:00,BF.BLW.FAN01,bf_sinter_fan_blower,1.5217,39.4395,51.3711,0.9652,66.5854,0,,test
2025-12-21 09:00:00,BF.BLW.FAN01,bf_sinter_fan_blower,1.4417,36.0478,49.8424,0.6942,66.7887,0,,test
2025-12-21 10:00:00,BF.BLW.FAN01,bf_sinter_fan_blower,1.4243,35.4502,49.2077,0.6712,66.5824,0,,test
2025-12-21 11:00:00,BF.BLW.FAN01,bf_sinter_fan_blower,1.364,34.4169,48.1356,0.8283,65.9346,0,,test
2025-12-21 12:00:00,BF.BLW.FAN01,bf_sinter_fan_blower,1.4533,34.187,48.8577,0.8446,65.282,0,,test
2025-12-21 13:00:00,BF.BLW.FAN01,bf_sinter_fan_blower,1.4662,33.9547,48.7065,0.7474,65.0577,0,,test
2025-12-21 14:00:00,BF.BLW.FAN01,bf_sinter_fan_blower,1.6008,33.7884,49.212,0.6796,65.2592,0,,test
2025-12-21 15:00:00,BF.BLW.FAN01,bf_sinter_fan_blower,1.7177,32.4176,48.8692,0.5475,65.8417,0,,test
2025-12-21 16:00:00,BF.BLW.FAN01,bf_sinter_fan_blower,1.614,32.1382,48.048,0.789,65.2203,0,,test
2025-12-21 17:00:00,BF.BLW.FAN01,bf_sinter_fan_blower,1.615,29.0491,48.1022,0.84,64.6604,0,,test
2025-12-21 18:00:00,BF.BLW.FAN01,bf_sinter_fan_blower,1.6689,26.3733,48.8478,0.6203,63.8574,0,,test
2025-12-21 19:00:00,BF.BLW.FAN01,bf_sinter_fan_blower,1.6236,27.2447,48.9762,0.8139,63.0608,0,,test
2025-12-21 20:00:00,BF.BLW.FAN01,bf_sinter_fan_blower,1.6982,28.1675,48.3781,0.7922,63.4483,0,,test
2025-12-21 21:00:00,BF.BLW.FAN01,bf_sinter_fan_blower,1.7202,26.7167,48.1624,0.879,64.0499,0,,test
2025-12-21 22:00:00,BF.BLW.FAN01,bf_sinter_fan_blower,1.6875,26.4055,47.7243,0.9948,64.814,0,,test
2025-12-21 23:00:00,BF.BLW.FAN01,bf_sinter_fan_blower,1.688,21.759,48.0722,1.0153,65.1362,0,,test
2025-12-22 00:00:00,BF.BLW.FAN01,bf_sinter_fan_blower,1.783,20.1,48.3404,0.8156,65.9313,0,,test
2025-12-22 01:00:00,BF.BLW.FAN01,bf_sinter_fan_blower,1.7936,22.7956,48.5797,0.7506,65.8329,0,,test
2025-12-22 02:00:00,BF.BLW.FAN01,bf_sinter_fan_blower,1.7785,22.694,48.7345,0.621,65.3136,0,,test
2025-12-22 03:00:00,BF.BLW.FAN01,bf_sinter_fan_blower,1.7167,25.7453,49.1832,0.6315,64.7042,0,,test
2025-12-22 04:00:00,BF.BLW.FAN01,bf_sinter_fan_blower,1.7042,24.1441,49.5168,0.6249,65.2268,0,,test
2025-12-22 05:00:00,BF.BLW.FAN01,bf_sinter_fan_blower,1.7559,24.3143,50.3631,0.5097,65.3724,0,,test
2025-12-22 06:00:00,BF.BLW.FAN01,bf_sinter_fan_blower,1.8507,23.7352,50.6988,0.4661,66.2921,0,,test
2025-12-22 07:00:00,BF.BLW.FAN01,bf_sinter_fan_blower,1.9331,23.3759,51.2791,0.4473,65.8904,0,,test
2025-12-22 08:00:00,BF.BLW.FAN01,bf_sinter_fan_blower,1.7805,21.446,50.2525,0.4877,65.196,0,,test
2025-12-22 09:00:00,BF.BLW.FAN01,bf_sinter_fan_blower,1.8575,24.0043,50.2288,0.4065,65.3898,0,,test
2025-12-22 10:00:00,BF.BLW.FAN01,bf_sinter_fan_blower,1.8235,21.4385,49.9625,0.2481,65.2151,0,,test
2025-12-22 11:00:00,BF.BLW.FAN01,bf_sinter_fan_blower,1.7045,20.9819,49.1891,0.2591,64.2187,0,,test
2025-12-22 12:00:00,BF.BLW.FAN01,bf_sinter_fan_blower,1.7908,21.0003,48.4715,0.2399,65.2893,0,,test
2025-12-22 13:00:00,BF.BLW.FAN01,bf_sinter_fan_blower,1.7859,23.2875,49.1957,0.4352,64.6937,0,,test
2025-12-22 14:00:00,BF.BLW.FAN01,bf_sinter_fan_blower,1.8266,21.0658,49.7442,0.5655,64.8954,0,,test
2025-12-22 15:00:00,BF.BLW.FAN01,bf_sinter_fan_blower,1.954,21.7576,50.3162,0.488,65.6003,0,,test
2025-12-22 16:00:00,BF.BLW.FAN01,bf_sinter_fan_blower,1.8516,25.5615,49.1877,0.6185,65.8856,0,,test
2025-12-22 17:00:00,BF.BLW.FAN01,bf_sinter_fan_blower,1.8074,21.7924,48.6198,0.6864,66.0665,0,,test
2025-12-22 18:00:00,BF.BLW.FAN01,bf_sinter_fan_blower,1.7427,25.9512,49.2709,0.569,65.517,0,,test
2025-12-22 19:00:00,BF.BLW.FAN01,bf_sinter_fan_blower,1.7988,31.8342,49.6615,0.3434,66.7129,0,,test
2025-12-22 20:00:00,BF.BLW.FAN01,bf_sinter_fan_blower,1.8087,32.8301,50.3384,0.3194,66.8907,0,,test
2025-12-22 21:00:00,BF.BLW.FAN01,bf_sinter_fan_blower,1.7678,34.8994,51.3379,0.4722,65.8051,0,,test
2025-12-22 22:00:00,BF.BLW.FAN01,bf_sinter_fan_blower,1.7534,33.1577,52.126,0.5148,65.7799,0,,test
2025-12-22 23:00:00,BF.BLW.FAN01,bf_sinter_fan_blower,1.7561,30.9689,53.8126,0.6655,65.6547,0,,test
2025-12-23 00:00:00,BF.BLW.FAN01,bf_sinter_fan_blower,1.5827,37.0742,53.3398,0.7657,65.5119,0,,test
2025-12-23 01:00:00,BF.BLW.FAN01,bf_sinter_fan_blower,,35.7511,53.0363,0.7299,,0,,test
2025-12-23 02:00:00,BF.BLW.FAN01,bf_sinter_fan_blower,1.4276,32.0256,52.5754,0.5095,66.5693,0,,test
2025-12-23 03:00:00,BF.BLW.FAN01,bf_sinter_fan_blower,1.3712,30.4563,53.0573,0.6295,67.1417,0,,test
2025-12-23 04:00:00,BF.BLW.FAN01,bf_sinter_fan_blower,1.5205,28.2474,54.4216,0.6342,68.0736,0,,test
2025-12-23 05:00:00,BF.BLW.FAN01,bf_sinter_fan_blower,1.4383,31.3374,53.9076,0.6806,66.0637,0,,test
2025-12-23 06:00:00,BF.BLW.FAN01,bf_sinter_fan_blower,1.3541,31.2278,53.8242,0.649,65.3813,0,,test
2025-12-23 07:00:00,BF.BLW.FAN01,bf_sinter_fan_blower,1.3024,34.328,54.0095,0.6351,64.2923,0,,test
2025-12-23 08:00:00,BF.BLW.FAN01,bf_sinter_fan_blower,1.4087,29.9803,53.8481,0.5174,63.8665,0,,test
2025-12-23 09:00:00,BF.BLW.FAN01,bf_sinter_fan_blower,1.4122,35.5235,53.1626,0.5371,63.9688,0,,test
2025-12-23 10:00:00,BF.BLW.FAN01,bf_sinter_fan_blower,1.4589,36.5317,52.1383,0.7139,64.0238,0,,test
2025-12-23 11:00:00,BF.BLW.FAN01,bf_sinter_fan_blower,1.4774,37.7076,51.8951,0.8415,64.096,0,,test
2025-12-23 12:00:00,BF.BLW.FAN01,bf_sinter_fan_blower,1.5969,34.5403,51.9976,0.8323,64.8386,0,,test
2025-12-23 13:00:00,BF.BLW.FAN01,bf_sinter_fan_blower,1.6242,34.2782,51.9325,0.8595,64.4924,0,,test
2025-12-23 14:00:00,BF.BLW.FAN01,bf_sinter_fan_blower,1.6527,32.9217,51.4418,0.7464,63.8491,0,,test
2025-12-23 15:00:00,BF.BLW.FAN01,bf_sinter_fan_blower,1.7663,31.777,51.9122,0.6706,64.6225,0,,test
2025-12-23 16:00:00,BF.BLW.FAN01,bf_sinter_fan_blower,1.8049,31.5328,52.6025,0.672,64.1768,0,,test
2025-12-23 17:00:00,BF.BLW.FAN01,bf_sinter_fan_blower,1.7687,33.6402,52.7284,0.5216,63.5635,0,,test
2025-12-23 18:00:00,BF.BLW.FAN01,bf_sinter_fan_blower,1.6984,28.625,52.4524,0.4514,62.8506,0,,test
2025-12-23 19:00:00,BF.BLW.FAN01,bf_sinter_fan_blower,4.0975,28.7097,52.3459,0.4563,63.8974,0,,test
2025-12-23 20:00:00,BF.BLW.FAN01,bf_sinter_fan_blower,4.1147,30.7923,52.7414,0.3974,63.9081,0,,test
2025-12-23 21:00:00,BF.BLW.FAN01,bf_sinter_fan_blower,1.7811,33.122,52.9695,0.3604,64.5044,0,,test
2025-12-23 22:00:00,BF.BLW.FAN01,bf_sinter_fan_blower,1.821,37.2293,53.1672,0.3652,65.3088,0,,test
2025-12-23 23:00:00,BF.BLW.FAN01,bf_sinter_fan_blower,1.7689,40.655,53.4384,0.3823,65.0703,0,,test
2025-12-24 00:00:00,BF.BLW.FAN01,bf_sinter_fan_blower,1.7781,38.5823,53.9142,0.2758,63.7885,0,,test
2025-12-24 01:00:00,BF.BLW.FAN01,bf_sinter_fan_blower,1.7561,36.1489,53.9693,0.0562,63.4227,0,,test
2025-12-24 02:00:00,BF.BLW.FAN01,bf_sinter_fan_blower,1.8266,33.8992,54.8843,0.2203,64.4026,0,,test
2025-12-24 03:00:00,BF.BLW.FAN01,bf_sinter_fan_blower,1.7925,31.199,54.0736,0.2862,64.7924,0,,test
2025-12-24 04:00:00,BF.BLW.FAN01,bf_sinter_fan_blower,1.8011,31.2187,54.3342,0.3021,64.3751,0,,test
2025-12-24 05:00:00,BF.BLW.FAN01,bf_sinter_fan_blower,1.8585,32.6641,55.008,0.3929,64.5284,0,,test
2025-12-24 06:00:00,BF.BLW.FAN01,bf_sinter_fan_blower,1.8231,31.3642,54.4648,0.3027,64.2876,0,,test
2025-12-24 07:00:00,BF.BLW.FAN01,bf_sinter_fan_blower,1.8158,31.0917,54.0166,0.3467,64.3113,0,,test
2025-12-24 08:00:00,BF.BLW.FAN01,bf_sinter_fan_blower,1.8439,30.4745,54.7439,0.2736,64.1401,0,,test
2025-12-24 09:00:00,BF.BLW.FAN01,bf_sinter_fan_blower,1.8141,31.038,53.8691,0.2668,64.5154,0,,test
2025-12-24 10:00:00,BF.BLW.FAN01,bf_sinter_fan_blower,1.7889,27.9642,54.4349,0.3241,64.1338,0,,test
2025-12-24 11:00:00,BF.BLW.FAN01,bf_sinter_fan_blower,1.7646,27.4432,54.6228,0.5288,64.2328,0,,test
2025-12-24 12:00:00,BF.BLW.FAN01,bf_sinter_fan_blower,1.6464,31.753,54.1322,0.4759,63.3823,0,,test
2025-12-24 13:00:00,BF.BLW.FAN01,bf_sinter_fan_blower,1.6641,30.0501,55.0644,0.5187,62.9804,0,,test
2025-12-24 14:00:00,BF.BLW.FAN01,bf_sinter_fan_blower,1.6191,29.9643,54.6301,0.683,62.591,0,,test
2025-12-24 15:00:00,BF.BLW.FAN01,bf_sinter_fan_blower,1.7202,28.9903,55.6411,0.7319,62.8957,0,,test
2025-12-24 16:00:00,BF.BLW.FAN01,bf_sinter_fan_blower,1.665,29.737,55.6079,0.7517,61.987,0,,test
2025-12-24 17:00:00,BF.BLW.FAN01,bf_sinter_fan_blower,1.5513,30.8223,54.0041,0.8778,61.8362,0,,test
2025-12-24 18:00:00,BF.BLW.FAN01,bf_sinter_fan_blower,1.4614,29.6809,53.5597,0.9066,61.1317,0,,test
2025-12-24 19:00:00,BF.BLW.FAN01,bf_sinter_fan_blower,1.3483,28.6619,53.22,0.893,59.7914,0,,test
2025-12-24 20:00:00,BF.BLW.FAN01,bf_sinter_fan_blower,1.2886,27.9957,53.3995,0.8749,59.4759,0,,test
2025-12-24 21:00:00,BF.BLW.FAN01,bf_sinter_fan_blower,1.2851,26.0848,52.6799,0.7251,60.8061,0,,test
2025-12-24 22:00:00,BF.BLW.FAN01,bf_sinter_fan_blower,1.2906,27.3848,52.4423,0.7817,60.6309,0,,test
2025-12-24 23:00:00,BF.BLW.FAN01,bf_sinter_fan_blower,1.4149,27.6604,52.8095,0.9634,62.1569,0,,test
2025-12-25 00:00:00,BF.BLW.FAN01,bf_sinter_fan_blower,1.4052,31.1425,52.9825,0.8326,62.5976,0,,test
2025-12-25 01:00:00,BF.BLW.FAN01,bf_sinter_fan_blower,1.4757,25.4568,53.7536,0.7509,61.763,0,,test
2025-12-25 02:00:00,BF.BLW.FAN01,bf_sinter_fan_blower,1.4533,24.4548,54.2286,0.7897,62.0826,0,,test
2025-12-25 03:00:00,BF.BLW.FAN01,bf_sinter_fan_blower,1.488,28.9617,54.7769,1.0554,63.0427,0,,test
2025-12-25 04:00:00,BF.BLW.FAN01,bf_sinter_fan_blower,1.4735,28.7106,55.5303,0.9484,62.3318,0,,test
2025-12-25 05:00:00,BF.BLW.FAN01,bf_sinter_fan_blower,1.5153,33.8056,56.0817,1.137,62.4385,0,,test
2025-12-25 06:00:00,BF.BLW.FAN01,bf_sinter_fan_blower,1.4929,31.6574,56.4704,1.1244,61.9637,0,,test
2025-12-25 07:00:00,BF.BLW.FAN01,bf_sinter_fan_blower,1.5162,33.7659,56.2078,1.1375,62.0353,0,,test
2025-12-25 08:00:00,BF.BLW.FAN01,bf_sinter_fan_blower,1.5996,38.0968,56.1703,1.1943,62.6127,0,,test
2025-12-25 09:00:00,BF.BLW.FAN01,bf_sinter_fan_blower,1.6178,39.6046,55.6549,1.1523,62.8041,0,,test
2025-12-25 10:00:00,BF.BLW.FAN01,bf_sinter_fan_blower,1.4947,38.9469,54.2215,1.4718,63.4991,0,,test
2025-12-25 11:00:00,BF.BLW.FAN01,bf_sinter_fan_blower,1.4239,38.6115,53.0876,1.4554,62.9131,0,,test
2025-12-25 12:00:00,BF.BLW.FAN01,bf_sinter_fan_blower,1.575,40.0579,52.9158,1.1375,63.6823,0,,test
2025-12-25 13:00:00,BF.BLW.FAN01,bf_sinter_fan_blower,1.6185,41.5937,51.9896,0.9289,64.0373,0,,test
2025-12-25 14:00:00,BF.BLW.FAN01,bf_sinter_fan_blower,1.4821,37.9109,51.3703,1.0539,63.8647,0,,test
2025-12-25 15:00:00,BF.BLW.FAN01,bf_sinter_fan_blower,1.638,35.6802,50.9858,1.1387,64.3362,0,,test
2025-12-25 16:00:00,BF.BLW.FAN01,bf_sinter_fan_blower,1.6804,32.7065,50.1965,0.9904,63.9473,0,,test
2025-12-25 17:00:00,BF.BLW.FAN01,bf_sinter_fan_blower,1.5431,28.7258,48.7937,0.898,63.2266,0,,test
2025-12-25 18:00:00,BF.BLW.FAN01,bf_sinter_fan_blower,1.4919,31.4905,48.253,0.9027,63.4123,0,,test
2025-12-25 19:00:00,BF.BLW.FAN01,bf_sinter_fan_blower,1.4496,31.5184,48.3102,1.0659,62.6328,0,,test
2025-12-25 20:00:00,BF.BLW.FAN01,bf_sinter_fan_blower,1.4981,31.261,49.2984,0.8992,61.7023,0,,test
2025-12-25 21:00:00,BF.BLW.FAN01,bf_sinter_fan_blower,1.5005,33.8563,50.3041,0.8907,61.4098,0,,test
2025-12-25 22:00:00,BF.BLW.FAN01,bf_sinter_fan_blower,1.6119,33.6207,50.9809,0.8645,62.2733,0,,test
2025-12-25 23:00:00,BF.BLW.FAN01,bf_sinter_fan_blower,1.6138,31.7012,51.4007,0.9017,62.6304,0,,test
2025-12-26 00:00:00,BF.BLW.FAN01,bf_sinter_fan_blower,1.7055,29.5831,51.1748,0.81,63.7598,0,,test
2025-12-26 01:00:00,BF.BLW.FAN01,bf_sinter_fan_blower,1.4662,26.1853,50.7852,0.7317,63.0271,0,,test
2025-12-26 02:00:00,BF.BLW.FAN01,bf_sinter_fan_blower,1.4233,26.4199,50.513,0.8849,63.1019,0,,test
2025-12-26 03:00:00,BF.BLW.FAN01,bf_sinter_fan_blower,1.4336,30.3216,50.9662,0.9646,62.5178,0,,test
2025-12-26 04:00:00,BF.BLW.FAN01,bf_sinter_fan_blower,1.4223,27.7783,50.2805,0.8782,62.9373,0,,test
2025-12-26 05:00:00,BF.BLW.FAN01,bf_sinter_fan_blower,1.3827,24.8428,50.3536,0.9581,63.4868,0,,test
2025-12-26 06:00:00,BF.BLW.FAN01,bf_sinter_fan_blower,1.1954,23.0436,50.3651,1.1902,62.1136,0,,test
2025-12-26 07:00:00,BF.BLW.FAN01,bf_sinter_fan_blower,1.1835,21.3705,49.4545,0.993,62.0651,0,,test
2025-12-26 08:00:00,BF.BLW.FAN01,bf_sinter_fan_blower,1.2,21.78,49.2306,0.9807,61.7187,0,,test
2025-12-26 09:00:00,BF.BLW.FAN01,bf_sinter_fan_blower,1.1101,20.2908,48.6528,1.0604,61.0104,0,,test
2025-12-26 10:00:00,BF.BLW.FAN01,bf_sinter_fan_blower,1.2222,22.2244,48.1136,0.9578,61.4468,0,,test
2025-12-26 11:00:00,BF.BLW.FAN01,bf_sinter_fan_blower,1.163,24.7647,46.8266,0.6994,61.6042,0,,test
2025-12-26 12:00:00,BF.BLW.FAN01,bf_sinter_fan_blower,1.2129,25.8117,45.8937,0.5426,61.1392,0,,test
2025-12-26 13:00:00,BF.BLW.FAN01,bf_sinter_fan_blower,1.3639,25.0566,45.8213,0.4464,62.7182,0,,test
2025-12-26 14:00:00,BF.BLW.FAN01,bf_sinter_fan_blower,1.3658,18.8898,46.3131,0.6372,62.371,0,,test
2025-12-26 15:00:00,BF.BLW.FAN01,bf_sinter_fan_blower,1.3993,14.3755,46.7415,0.6569,62.4467,0,,test
2025-12-26 16:00:00,BF.BLW.FAN01,bf_sinter_fan_blower,1.4682,12.7793,47.4779,0.6239,62.5261,0,,test
2025-12-26 17:00:00,BF.BLW.FAN01,bf_sinter_fan_blower,1.4417,11.96,46.8393,0.6219,62.65,0,,test
2025-12-26 18:00:00,BF.BLW.FAN01,bf_sinter_fan_blower,1.4394,16.9076,47.5869,0.7363,62.561,0,,test
2025-12-26 19:00:00,BF.BLW.FAN01,bf_sinter_fan_blower,1.4264,20.6039,48.3695,0.7743,62.5796,0,,test
2025-12-26 20:00:00,BF.BLW.FAN01,bf_sinter_fan_blower,1.4149,21.0987,49.781,1.0178,62.2771,0,,test
2025-12-26 21:00:00,BF.BLW.FAN01,bf_sinter_fan_blower,1.3862,21.8106,49.9067,1.1621,61.2613,0,,test
2025-12-26 22:00:00,BF.BLW.FAN01,bf_sinter_fan_blower,1.3626,29.0168,50.168,1.0663,60.6577,0,,test
2025-12-26 23:00:00,BF.BLW.FAN01,bf_sinter_fan_blower,1.5637,29.7038,50.96,0.7835,61.4239,0,,test
2025-12-27 00:00:00,BF.BLW.FAN01,bf_sinter_fan_blower,1.6161,30.724,51.5269,0.9145,61.8605,0,,test
2025-12-27 01:00:00,BF.BLW.FAN01,bf_sinter_fan_blower,1.5287,31.0457,50.8295,0.7582,62.2359,0,,test
2025-12-27 02:00:00,BF.BLW.FAN01,bf_sinter_fan_blower,1.5229,31.1699,50.6186,0.9219,62.3817,0,,test
2025-12-27 03:00:00,BF.BLW.FAN01,bf_sinter_fan_blower,1.4829,23.9774,50.5044,0.9887,62.858,0,,test
2025-12-27 04:00:00,BF.BLW.FAN01,bf_sinter_fan_blower,1.3351,24.5835,49.757,1.1175,62.3718,0,,test
2025-12-27 05:00:00,BF.BLW.FAN01,bf_sinter_fan_blower,1.3265,22.3269,50.0989,1.1327,62.019,0,,test
2025-12-27 06:00:00,BF.BLW.FAN01,bf_sinter_fan_blower,1.3821,23.9335,49.8781,0.9378,62.4352,0,,test
2025-12-27 07:00:00,BF.BLW.FAN01,bf_sinter_fan_blower,1.4776,22.7588,50.6145,0.8676,61.9266,0,,test
2025-12-27 08:00:00,BF.BLW.FAN01,bf_sinter_fan_blower,1.4613,24.9681,50.2379,0.7051,62.1019,0,,test
2025-12-27 09:00:00,BF.BLW.FAN01,bf_sinter_fan_blower,1.3656,25.0799,50.4718,0.5881,60.6139,0,,test
2025-12-27 10:00:00,BF.BLW.FAN01,bf_sinter_fan_blower,1.4093,31.2016,49.4798,0.5162,60.6797,0,,test
2025-12-27 11:00:00,BF.BLW.FAN01,bf_sinter_fan_blower,1.3708,28.1616,49.2512,0.8042,61.5298,0,,test
2025-12-27 12:00:00,BF.BLW.FAN01,bf_sinter_fan_blower,1.346,27.0758,49.0565,0.8345,60.3918,0,,test
2025-12-27 13:00:00,BF.BLW.FAN01,bf_sinter_fan_blower,1.4248,28.2794,48.8978,0.8547,60.1298,0,,test
2025-12-27 14:00:00,BF.BLW.FAN01,bf_sinter_fan_blower,1.3641,23.4853,48.0817,0.799,60.3438,0,,test
2025-12-27 15:00:00,BF.BLW.FAN01,bf_sinter_fan_blower,1.5233,25.291,48.7347,0.6759,60.2405,0,,test
2025-12-27 16:00:00,BF.BLW.FAN01,bf_sinter_fan_blower,1.6692,30.6589,48.7422,0.8356,60.9415,0,,test
2025-12-27 17:00:00,BF.BLW.FAN01,bf_sinter_fan_blower,1.6789,29.8792,48.7343,0.6526,60.896,0,,test
2025-12-27 18:00:00,BF.BLW.FAN01,bf_sinter_fan_blower,1.4719,31.8676,47.928,0.5821,58.7962,0,,test
2025-12-27 19:00:00,BF.BLW.FAN01,bf_sinter_fan_blower,1.4749,32.5041,48.1001,0.5633,59.4619,0,,test
2025-12-27 20:00:00,BF.BLW.FAN01,bf_sinter_fan_blower,1.4733,30.9584,48.5706,0.6488,59.8815,0,,test
2025-12-27 21:00:00,BF.BLW.FAN01,bf_sinter_fan_blower,1.4559,30.9386,49.1428,0.6839,60.2667,0,,test
2025-12-27 22:00:00,BF.BLW.FAN01,bf_sinter_fan_blower,1.6568,35.4266,50.2111,0.5818,60.6626,0,,test
2025-12-27 23:00:00,BF.BLW.FAN01,bf_sinter_fan_blower,1.7377,36.938,51.1956,0.7109,61.4143,0,,test
2025-12-28 00:00:00,BF.BLW.FAN01,bf_sinter_fan_blower,1.6264,34.5514,51.2047,0.776,61.8698,0,,test
2025-12-28 01:00:00,BF.BLW.FAN01,bf_sinter_fan_blower,1.5462,36.1611,51.1745,0.7317,62.0723,0,,test
2025-12-28 02:00:00,BF.BLW.FAN01,bf_sinter_fan_blower,1.6438,35.3444,51.304,0.7022,62.31,0,,test
2025-12-28 03:00:00,BF.BLW.FAN01,bf_sinter_fan_blower,1.6484,37.6643,51.7732,0.7627,62.2448,0,,test
2025-12-28 04:00:00,BF.BLW.FAN01,bf_sinter_fan_blower,1.5524,36.3187,51.8528,0.9952,61.2042,0,,test
2025-12-28 05:00:00,BF.BLW.FAN01,bf_sinter_fan_blower,1.4626,32.5795,51.022,1.1196,61.455,0,,test
2025-12-28 06:00:00,BF.BLW.FAN01,bf_sinter_fan_blower,1.3744,34.3007,50.4959,1.122,60.9631,0,,test
2025-12-28 07:00:00,BF.BLW.FAN01,bf_sinter_fan_blower,1.4939,33.7286,52.6389,1.1266,60.4206,0,,test
2025-12-28 08:00:00,BF.BLW.FAN01,bf_sinter_fan_blower,1.5936,30.5829,53.6471,1.101,60.1332,0,,test
2025-12-28 09:00:00,BF.BLW.FAN01,bf_sinter_fan_blower,1.6417,28.8998,53.6764,1.1863,60.7636,0,,test
2025-12-28 10:00:00,BF.BLW.FAN01,bf_sinter_fan_blower,1.5197,33.0909,53.2901,1.0083,59.3083,0,,test
2025-12-28 11:00:00,BF.BLW.FAN01,bf_sinter_fan_blower,1.5541,36.9812,53.7405,0.7817,59.1086,0,,test
2025-12-28 12:00:00,BF.BLW.FAN01,bf_sinter_fan_blower,1.7163,33.9571,53.4362,0.8365,60.4075,0,,test
2025-12-28 13:00:00,BF.BLW.FAN01,bf_sinter_fan_blower,1.5903,36.7773,53.2718,0.9884,58.4311,0,,test
2025-12-28 14:00:00,BF.BLW.FAN01,bf_sinter_fan_blower,1.5516,38.5177,52.9929,0.9644,58.3252,0,,test
2025-12-28 15:00:00,BF.BLW.FAN01,bf_sinter_fan_blower,1.4988,36.1896,53.1523,0.7454,57.8628,0,,test
2025-12-28 16:00:00,BF.BLW.FAN01,bf_sinter_fan_blower,1.7128,32.1387,53.8485,0.7207,58.2018,0,,test
2025-12-28 17:00:00,BF.BLW.FAN01,bf_sinter_fan_blower,1.777,32.2593,53.2138,0.6882,58.5785,0,,test
2025-12-28 18:00:00,BF.BLW.FAN01,bf_sinter_fan_blower,1.8135,34.2749,53.8536,0.5931,59.5005,0,,test
2025-12-28 19:00:00,BF.BLW.FAN01,bf_sinter_fan_blower,1.7897,30.1895,53.2643,0.3688,59.7042,0,,test
2025-12-28 20:00:00,BF.BLW.FAN01,bf_sinter_fan_blower,1.7721,30.1763,54.3073,0.4029,59.147,0,,test
2025-12-28 21:00:00,BF.BLW.FAN01,bf_sinter_fan_blower,1.5567,33.8096,52.5346,0.5735,58.718,0,,test
2025-12-28 22:00:00,BF.BLW.FAN01,bf_sinter_fan_blower,1.6319,36.3744,52.7603,0.5255,59.0214,0,,test
2025-12-28 23:00:00,BF.BLW.FAN01,bf_sinter_fan_blower,1.5954,36.1062,53.8182,0.6577,58.2933,0,,test
2025-12-29 00:00:00,BF.BLW.FAN01,bf_sinter_fan_blower,1.4479,35.7703,52.4465,0.7783,57.9835,0,,test
2025-12-29 01:00:00,BF.BLW.FAN01,bf_sinter_fan_blower,1.545,35.377,53.5479,0.9002,58.3582,0,,test
2025-12-29 02:00:00,BF.BLW.FAN01,bf_sinter_fan_blower,1.5882,33.5435,54.1184,1.009,59.1701,0,,test
2025-12-29 03:00:00,BF.BLW.FAN01,bf_sinter_fan_blower,1.5637,35.0938,54.9546,1.0435,60.0852,0,,test
2025-12-29 04:00:00,BF.BLW.FAN01,bf_sinter_fan_blower,1.7319,28.2032,56.248,0.7797,60.9692,0,,test
2025-12-29 05:00:00,BF.BLW.FAN01,bf_sinter_fan_blower,1.7427,32.3226,57.1131,0.9517,60.8186,0,,test
2025-12-29 06:00:00,BF.BLW.FAN01,bf_sinter_fan_blower,1.7089,33.1208,57.3529,0.9589,60.3124,0,,test
2025-12-29 07:00:00,BF.BLW.FAN01,bf_sinter_fan_blower,1.6443,31.3653,57.0428,0.9468,59.1144,0,,test
2025-12-29 08:00:00,BF.BLW.FAN01,bf_sinter_fan_blower,1.6442,33.3521,56.9048,0.8874,59.5571,0,,test
2025-12-29 09:00:00,BF.BLW.FAN01,bf_sinter_fan_blower,1.5363,31.654,56.7515,0.8618,58.8873,0,,test
2025-12-29 10:00:00,BF.BLW.FAN01,bf_sinter_fan_blower,1.6406,31.6983,55.8446,0.7953,59.8224,0,,test
2025-12-29 11:00:00,BF.BLW.FAN01,bf_sinter_fan_blower,1.603,28.5787,55.3262,0.8245,59.3267,0,,test
2025-12-29 12:00:00,BF.BLW.FAN01,bf_sinter_fan_blower,1.6996,27.7796,54.6536,0.7207,59.2216,0,,test
2025-12-29 13:00:00,BF.BLW.FAN01,bf_sinter_fan_blower,1.6286,32.6436,53.655,0.9974,58.9743,0,,test
2025-12-29 14:00:00,BF.BLW.FAN01,bf_sinter_fan_blower,1.6377,32.5254,53.636,1.0073,58.5488,0,,test
2025-12-29 15:00:00,BF.BLW.FAN01,bf_sinter_fan_blower,1.49,35.0018,52.2815,0.9536,57.581,0,,test
2025-12-29 16:00:00,BF.BLW.FAN01,bf_sinter_fan_blower,1.6018,36.8802,52.6833,0.9805,58.2769,0,,test
2025-12-29 17:00:00,BF.BLW.FAN01,bf_sinter_fan_blower,1.8084,35.2161,53.9794,0.9989,59.9405,0,,test
2025-12-29 18:00:00,BF.BLW.FAN01,bf_sinter_fan_blower,1.8995,34.33,55.0504,0.959,59.4702,0,,test
2025-12-29 19:00:00,BF.BLW.FAN01,bf_sinter_fan_blower,1.8059,34.4829,55.3102,0.8271,58.6471,0,,test
2025-12-29 20:00:00,BF.BLW.FAN01,bf_sinter_fan_blower,1.8983,37.6452,55.5978,0.7862,59.2511,0,,test
2025-12-29 21:00:00,BF.BLW.FAN01,bf_sinter_fan_blower,1.7908,35.5062,55.0762,0.7835,59.1794,0,,test
2025-12-29 22:00:00,BF.BLW.FAN01,bf_sinter_fan_blower,1.7302,31.5103,54.7443,0.8603,59.2644,0,,test
2025-12-29 23:00:00,BF.BLW.FAN01,bf_sinter_fan_blower,1.579,31.7302,53.2616,0.7245,60.0137,0,,test
2025-12-30 00:00:00,BF.BLW.FAN01,bf_sinter_fan_blower,1.5524,31.3275,52.6534,0.989,61.2013,0,,test
2025-12-30 01:00:00,BF.BLW.FAN01,bf_sinter_fan_blower,1.5216,31.202,53.5308,1.0871,62.3,0,,test
2025-12-30 02:00:00,BF.BLW.FAN01,bf_sinter_fan_blower,1.5992,30.2494,54.5361,1.0362,62.8682,0,,test
2025-12-30 03:00:00,BF.BLW.FAN01,bf_sinter_fan_blower,1.4474,28.1896,53.6695,1.1592,62.4761,0,,test
2025-12-30 04:00:00,BF.BLW.FAN01,bf_sinter_fan_blower,1.4247,34.0429,53.4739,1.1622,62.6339,0,,test
2025-12-30 05:00:00,BF.BLW.FAN01,bf_sinter_fan_blower,1.5326,38.6705,54.849,1.211,62.9304,0,,test
2025-12-30 06:00:00,BF.BLW.FAN01,bf_sinter_fan_blower,1.4597,33.6404,53.8248,1.2823,63.145,0,,test
2025-12-30 07:00:00,BF.BLW.FAN01,bf_sinter_fan_blower,1.4814,35.0786,54.3741,1.3924,63.6194,0,,test
2025-12-30 08:00:00,BF.BLW.FAN01,bf_sinter_fan_blower,1.4083,34.5386,53.8119,1.2033,63.5116,0,,test
2025-12-30 09:00:00,BF.BLW.FAN01,bf_sinter_fan_blower,1.483,32.0692,52.8844,1.1005,63.7709,0,,test
2025-12-30 10:00:00,BF.BLW.FAN01,bf_sinter_fan_blower,1.3978,31.7587,51.6486,1.27,62.5693,0,,test
2025-12-30 11:00:00,BF.BLW.FAN01,bf_sinter_fan_blower,1.3769,35.5064,51.739,1.2458,62.4007,0,,test
2025-12-30 12:00:00,BF.BLW.FAN01,bf_sinter_fan_blower,1.2852,32.1801,50.2116,1.1233,62.1619,0,,test
2025-12-30 13:00:00,BF.BLW.FAN01,bf_sinter_fan_blower,1.409,27.2417,50.7424,1.1543,62.6394,0,,test
2025-12-30 14:00:00,BF.BLW.FAN01,bf_sinter_fan_blower,1.4106,27.0096,51.0402,1.0635,62.3046,0,,test
2025-12-30 15:00:00,BF.BLW.FAN01,bf_sinter_fan_blower,1.3911,24.4201,50.3286,0.9806,62.3809,0,,test
2025-12-30 16:00:00,BF.BLW.FAN01,bf_sinter_fan_blower,1.4163,26.4899,,,62.4901,0,,test
2025-12-30 17:00:00,BF.BLW.FAN01,bf_sinter_fan_blower,1.5443,27.2303,51.0308,0.8236,63.2056,0,,test
2025-12-30 18:00:00,BF.BLW.FAN01,bf_sinter_fan_blower,1.6153,31.3726,51.3876,0.866,63.8913,0,,test
2025-12-30 19:00:00,BF.BLW.FAN01,bf_sinter_fan_blower,1.6284,31.8505,51.9827,0.8915,62.7869,0,,test
2025-12-30 20:00:00,BF.BLW.FAN01,bf_sinter_fan_blower,1.6927,30.4355,52.0597,0.7837,63.0177,0,,test
2025-12-30 21:00:00,BF.BLW.FAN01,bf_sinter_fan_blower,1.7916,30.2775,53.0238,0.8496,63.8902,0,,test
2025-12-30 22:00:00,BF.BLW.FAN01,bf_sinter_fan_blower,1.7914,31.2833,53.3119,0.7481,64.3746,0,,test
2025-12-30 23:00:00,BF.BLW.FAN01,bf_sinter_fan_blower,1.8107,28.9259,54.6618,0.7349,64.1868,0,,test
