timestamp,asset_id,equipment_class,JSR.BF.CW.PMP02.VIB.1X,JSR.BF.CW.PMP02.HEAD.DEV,JSR.BF.CW.PMP02.TEMP.BRG,JSR.BF.CW.PMP02.VIB.BB,fault_label,run_id,split
2025-01-01 00:00:00,BF.CW.PMP02,cooling_descaling_pump,1.3678,-0.7832,61.9701,1.0195,0,,train
2025-01-01 01:00:00,BF.CW.PMP02,cooling_descaling_pump,1.4952,-0.8509,61.9734,0.8838,0,,train
2025-01-01 02:00:00,BF.CW.PMP02,cooling_descaling_pump,1.5548,0.0293,63.3587,0.8936,0,,train
2025-01-01 03:00:00,BF.CW.PMP02,cooling_descaling_pump,1.4368,0.0578,64.1019,0.9386,0,,train
2025-01-01 04:00:00,BF.CW.PMP02,cooling_descaling_pump,1.4178,0.0575,64.5388,0.9455,0,,train
2025-01-01 05:00:00,BF.CW.PMP02,cooling_descaling_pump,1.3353,0.3858,64.27,0.8964,0,,train
2025-01-01 06:00:00,BF.CW.PMP02,cooling_descaling_pump,1.2617,0.6105,63.4885,0.9649,0,,train
2025-01-01 07:00:00,BF.CW.PMP02,cooling_descaling_pump,1.2958,0.3909,63.1745,0.9211,0,,train
2025-01-01 08:00:00,BF.CW.PMP02,cooling_descaling_pump,1.3949,0.2712,63.4173,0.9639,0,,train
2025-01-01 09:00:00,BF.CW.PMP02,cooling_descaling_pump,1.4087,0.6184,62.6786,0.9239,0,,train
2025-01-01 10:00:00,BF.CW.PMP02,cooling_descaling_pump,1.3755,0.7663,61.9917,0.9151,0,,train
2025-01-01 11:00:00,BF.CW.PMP02,cooling_descaling_pump,1.3985,1.4091,62.2157,0.8727,0,,train
2025-01-01 12:00:00,BF.CW.PMP02,cooling_descaling_pump,1.4341,0.7864,62.0928,0.9287,0,,train
2025-01-01 13:00:00,BF.CW.PMP02,cooling_descaling_pump,1.4007,1.3387,61.9496,0.8824,0,,train
2025-01-01 14:00:00,BF.CW.PMP02,cooling_descaling_pump,1.3042,1.173,60.2778,0.8586,0,,train
2025-01-01 15:00:00,BF.CW.PMP02,cooling_descaling_pump,1.4323,1.0696,60.319,0.8596,0,,train
2025-01-01 16:00:00,BF.CW.PMP02,cooling_descaling_pump,1.2835,0.1198,57.9656,0.7403,0,,train
2025-01-01 17:00:00,BF.CW.PMP02,cooling_descaling_pump,1.2797,-0.1786,59.6341,0.8999,0,,train
2025-01-01 18:00:00,BF.CW.PMP02,cooling_descaling_pump,1.2784,-0.2935,58.4566,0.8127,0,,train
2025-01-01 19:00:00,BF.CW.PMP02,cooling_descaling_pump,1.2795,0.1199,57.2969,0.7139,0,,train
2025-01-01 20:00:00,BF.CW.PMP02,cooling_descaling_pump,1.4144,0.3067,59.2945,0.7826,0,,train
2025-01-01 21:00:00,BF.CW.PMP02,cooling_descaling_pump,1.3008,0.0303,58.4276,0.7445,0,,train
2025-01-01 22:00:00,BF.CW.PMP02,cooling_descaling_pump,1.1041,-0.1994,57.1897,0.7852,0,,train
2025-01-01 23:00:00,BF.CW.PMP02,cooling_descaling_pump,1.0942,-0.0586,56.036,0.6782,0,,train
2025-01-02 00:00:00,BF.CW.PMP02,cooling_descaling_pump,1.22,-0.4172,57.1103,0.6741,0,,train
2025-01-02 01:00:00,BF.CW.PMP02,cooling_descaling_pump,1.1373,-0.3724,57.3576,0.7385,0,,train
2025-01-02 02:00:00,BF.CW.PMP02,cooling_descaling_pump,1.0913,-0.3966,57.1586,0.7588,0,,train
2025-01-02 03:00:00,BF.CW.PMP02,cooling_descaling_pump,1.1352,-0.1991,58.6957,0.8292,0,,train
2025-01-02 04:00:00,BF.CW.PMP02,cooling_descaling_pump,0.9282,-0.2037,58.322,0.8855,0,,train
2025-01-02 05:00:00,BF.CW.PMP02,cooling_descaling_pump,0.9953,-0.4199,58.1986,0.949,0,,train
2025-01-02 06:00:00,BF.CW.PMP02,cooling_descaling_pump,1.1115,-0.3778,58.5187,0.9559,0,,train
2025-01-02 07:00:00,BF.CW.PMP02,cooling_descaling_pump,1.0142,-0.8932,57.2393,0.8998,0,,train
2025-01-02 08:00:00,BF.CW.PMP02,cooling_descaling_pump,1.0138,-1.2623,56.3318,0.8231,0,,train
2025-01-02 09:00:00,BF.CW.PMP02,cooling_descaling_pump,1.1433,-1.3457,56.8821,0.9567,0,,train
2025-01-02 10:00:00,BF.CW.PMP02,cooling_descaling_pump,1.2146,-1.3186,58.5805,1.0897,0,,train
2025-01-02 11:00:00,BF.CW.PMP02,cooling_descaling_pump,1.3002,-1.2972,58.6405,1.0862,0,,train
2025-01-02 12:00:00,BF.CW.PMP02,cooling_descaling_pump,1.3598,-1.2104,58.3292,1.0335,0,,train
2025-01-02 13:00:00,BF.CW.PMP02,cooling_descaling_pump,1.3791,-0.7132,58.0277,1.0294,0,,train
2025-01-02 14:00:00,BF.CW.PMP02,cooling_descaling_pump,1.336,-1.1812,58.3566,1.0547,0,,train
2025-01-02 15:00:00,BF.CW.PMP02,cooling_descaling_pump,1.3818,-1.2605,57.7122,0.9705,0,,train
2025-01-02 16:00:00,BF.CW.PMP02,cooling_descaling_pump,1.4126,-1.0295,58.0853,0.9728,0,,train
2025-01-02 17:00:00,BF.CW.PMP02,cooling_descaling_pump,1.2738,-0.7816,56.8268,1.0735,0,,train
2025-01-02 18:00:00,BF.CW.PMP02,cooling_descaling_pump,1.4736,-0.6852,59.2957,1.1767,0,,train
2025-01-02 19:00:00,BF.CW.PMP02,cooling_descaling_pump,1.5859,-0.7057,59.6291,1.0499,0,,train
2025-01-02 20:00:00,BF.CW.PMP02,cooling_descaling_pump,1.4791,-0.6297,59.2003,1.0265,0,,train
2025-01-02 21:00:00,BF.CW.PMP02,cooling_descaling_pump,1.4232,-0.0824,59.0734,0.9925,0,,train
2025-01-02 22:00:00,BF.CW.PMP02,cooling_descaling_pump,1.4701,-0.3551,59.0528,0.9064,0,,train
2025-01-02 23:00:00,BF.CW.PMP02,cooling_descaling_pump,1.5972,-0.5565,58.616,0.8654,0,,train
2025-01-03 00:00:00,BF.CW.PMP02,cooling_descaling_pump,1.6967,-0.3711,60.1988,0.8117,0,,train
2025-01-03 01:00:00,BF.CW.PMP02,cooling_descaling_pump,1.7506,-0.5459,60.0812,0.804,0,,train
2025-01-03 02:00:00,BF.CW.PMP02,cooling_descaling_pump,1.8309,-0.2922,61.2839,0.8013,0,,train
2025-01-03 03:00:00,BF.CW.PMP02,cooling_descaling_pump,1.6902,-0.796,61.7275,0.8402,0,,train
2025-01-03 04:00:00,BF.CW.PMP02,cooling_descaling_pump,1.6373,-0.9714,61.7063,0.815,0,,train
2025-01-03 05:00:00,BF.CW.PMP02,cooling_descaling_pump,1.5685,-0.4429,62.2167,0.81,0,,train
2025-01-03 06:00:00,BF.CW.PMP02,cooling_descaling_pump,1.6094,-0.4236,63.0065,0.8014,0,,train
2025-01-03 07:00:00,BF.CW.PMP02,cooling_descaling_pump,1.6238,0.7419,64.9286,0.8537,0,,train
2025-01-03 08:00:00,BF.CW.PMP02,cooling_descaling_pump,1.593,0.3312,64.1501,0.7741,0,,train
2025-01-03 09:00:00,BF.CW.PMP02,cooling_descaling_pump,1.5584,0.202,64.8147,0.9398,0,BF.CW.PMP02::E00,train
2025-01-03 10:00:00,BF.CW.PMP02,cooling_descaling_pump,1.5565,0.3683,64.7307,0.8537,0,BF.CW.PMP02::E00,train
2025-01-03 11:00:00,BF.CW.PMP02,cooling_descaling_pump,1.6814,0.7746,64.8414,0.9178,0,BF.CW.PMP02::E00,train
2025-01-03 12:00:00,BF.CW.PMP02,cooling_descaling_pump,1.5381,0.4951,63.3568,0.9025,0,BF.CW.PMP02::E00,train
2025-01-03 13:00:00,BF.CW.PMP02,cooling_descaling_pump,1.6356,0.5555,64.9289,0.9696,0,BF.CW.PMP02::E00,train
2025-01-03 14:00:00,BF.CW.PMP02,cooling_descaling_pump,1.4411,0.6177,62.734,0.9472,0,BF.CW.PMP02::E00,train
2025-01-03 15:00:00,BF.CW.PMP02,cooling_descaling_pump,1.3249,0.3618,61.3244,0.828,0,BF.CW.PMP02::E00,train
2025-01-03 16:00:00,BF.CW.PMP02,cooling_descaling_pump,1.2681,0.6637,60.3815,0.8682,0,BF.CW.PMP02::E00,train
2025-01-03 17:00:00,BF.CW.PMP02,cooling_descaling_pump,1.2416,1.0692,60.182,0.9228,0,BF.CW.PMP02::E00,train
2025-01-03 18:00:00,BF.CW.PMP02,cooling_descaling_pump,1.154,0.9608,59.4129,0.8904,0,BF.CW.PMP02::E00,train
2025-01-03 19:00:00,BF.CW.PMP02,cooling_descaling_pump,1.2124,1.4164,58.933,0.8911,0,BF.CW.PMP02::E00,train
2025-01-03 20:00:00,BF.CW.PMP02,cooling_descaling_pump,1.2572,1.3308,60.1977,0.9995,0,BF.CW.PMP02::E00,train
2025-01-03 21:00:00,BF.CW.PMP02,cooling_descaling_pump,1.1464,2.152,60.6812,0.9404,0,BF.CW.PMP02::E00,train
2025-01-03 22:00:00,BF.CW.PMP02,cooling_descaling_pump,1.1126,2.6506,60.9331,0.9417,0,BF.CW.PMP02::E00,train
2025-01-03 23:00:00,BF.CW.PMP02,cooling_descaling_pump,1.0471,2.7754,59.5365,0.8409,0,BF.CW.PMP02::E00,train
2025-01-04 00:00:00,BF.CW.PMP02,cooling_descaling_pump,1.1706,2.1549,60.6141,0.9172,0,BF.CW.PMP02::E00,train
2025-01-04 01:00:00,BF.CW.PMP02,cooling_descaling_pump,1.2026,2.0562,63.0462,1.0852,0,BF.CW.PMP02::E00,train
2025-01-04 02:00:00,BF.CW.PMP02,cooling_descaling_pump,1.1373,1.8805,63.2036,1.0688,0,BF.CW.PMP02::E00,train
2025-01-04 03:00:00,BF.CW.PMP02,cooling_descaling_pump,1.0487,2.0089,62.8024,1.0837,0,BF.CW.PMP02::E00,train
2025-01-04 04:00:00,BF.CW.PMP02,cooling_descaling_pump,1.1588,1.8454,62.9986,1.0123,0,BF.CW.PMP02::E00,train
2025-01-04 05:00:00,BF.CW.PMP02,cooling_descaling_pump,1.1462,1.8367,63.091,0.9945,0,BF.CW.PMP02::E00,train
2025-01-04 06:00:00,BF.CW.PMP02,cooling_descaling_pump,1.0773,2.1207,61.6515,0.9122,0,BF.CW.PMP02::E00,train
2025-01-04 07:00:00,BF.CW.PMP02,cooling_descaling_pump,1.0307,2.2809,60.7463,0.8801,0,BF.CW.PMP02::E00,train
2025-01-04 08:00:00,BF.CW.PMP02,cooling_descaling_pump,1.079,2.8632,62.7352,0.9245,0,BF.CW.PMP02::E00,train
2025-01-04 09:00:00,BF.CW.PMP02,cooling_descaling_pump,1.1022,2.4944,61.5992,0.9426,0,BF.CW.PMP02::E00,train
2025-01-04 10:00:00,BF.CW.PMP02,cooling_descaling_pump,0.924,2.3283,60.9298,0.9834,0,BF.CW.PMP02::E00,train
2025-01-04 11:00:00,BF.CW.PMP02,cooling_descaling_pump,0.9286,2.6673,62.6642,1.1963,0,BF.CW.PMP02::E00,train
2025-01-04 12:00:00,BF.CW.PMP02,cooling_descaling_pump,1.068,2.4196,63.342,1.2965,0,BF.CW.PMP02::E00,train
2025-01-04 13:00:00,BF.CW.PMP02,cooling_descaling_pump,1.0966,1.6654,63.4438,1.1317,0,BF.CW.PMP02::E00,train
2025-01-04 14:00:00,BF.CW.PMP02,cooling_descaling_pump,1.2464,1.3899,63.609,1.0718,0,BF.CW.PMP02::E00,train
2025-01-04 15:00:00,BF.CW.PMP02,cooling_descaling_pump,1.1671,1.377,63.1958,1.0192,0,BF.CW.PMP02::E00,train
2025-01-04 16:00:00,BF.CW.PMP02,cooling_descaling_pump,1.2746,0.6823,64.4959,1.0382,0,BF.CW.PMP02::E00,train
2025-01-04 17:00:00,BF.CW.PMP02,cooling_descaling_pump,1.2472,0.4385,64.2096,1.0305,0,BF.CW.PMP02::E00,train
2025-01-04 18:00:00,BF.CW.PMP02,cooling_descaling_pump,1.2801,-0.5329,64.6446,0.9629,0,BF.CW.PMP02::E00,train
2025-01-04 19:00:00,BF.CW.PMP02,cooling_descaling_pump,1.2135,0.012,63.9886,0.9935,0,BF.CW.PMP02::E00,train
2025-01-04 20:00:00,BF.CW.PMP02,cooling_descaling_pump,1.1619,0.4539,70.3865,1.0162,0,BF.CW.PMP02::E00,train
2025-01-04 21:00:00,BF.CW.PMP02,cooling_descaling_pump,1.0184,0.4528,80.2838,0.8625,0,BF.CW.PMP02::E00,train
2025-01-04 22:00:00,BF.CW.PMP02,cooling_descaling_pump,1.1139,1.8518,85.4175,0.7793,0,BF.CW.PMP02::E00,train
2025-01-04 23:00:00,BF.CW.PMP02,cooling_descaling_pump,1.1325,3.2561,80.4482,0.7108,0,BF.CW.PMP02::E00,train
2025-01-05 00:00:00,BF.CW.PMP02,cooling_descaling_pump,1.2643,4.2596,70.8494,0.6668,0,BF.CW.PMP02::E00,train
2025-01-05 01:00:00,BF.CW.PMP02,cooling_descaling_pump,1.1029,4.9671,63.7536,0.5899,0,BF.CW.PMP02::E00,train
2025-01-05 02:00:00,BF.CW.PMP02,cooling_descaling_pump,1.0315,5.6588,64.2362,0.5993,0,BF.CW.PMP02::E00,train
2025-01-05 03:00:00,BF.CW.PMP02,cooling_descaling_pump,0.976,5.0626,64.6422,0.6072,0,BF.CW.PMP02::E00,train
2025-01-05 04:00:00,BF.CW.PMP02,cooling_descaling_pump,1.0389,3.6224,66.4325,0.7186,0,BF.CW.PMP02::E00,train
2025-01-05 05:00:00,BF.CW.PMP02,cooling_descaling_pump,1.2457,2.0012,68.175,0.7266,0,BF.CW.PMP02::E00,train
2025-01-05 06:00:00,BF.CW.PMP02,cooling_descaling_pump,1.1715,1.1091,68.125,0.7951,0,BF.CW.PMP02::E00,train
2025-01-05 07:00:00,BF.CW.PMP02,cooling_descaling_pump,1.1926,0.1802,68.9533,0.8679,0,BF.CW.PMP02::E00,train
2025-01-05 08:00:00,BF.CW.PMP02,cooling_descaling_pump,1.2404,-0.8059,68.5591,0.846,0,BF.CW.PMP02::E00,train
2025-01-05 09:00:00,BF.CW.PMP02,cooling_descaling_pump,1.1844,-1.2662,67.5721,0.8439,0,BF.CW.PMP02::E00,train
2025-01-05 10:00:00,BF.CW.PMP02,cooling_descaling_pump,1.0996,-0.6594,68.1152,0.9312,0,BF.CW.PMP02::E00,train
2025-01-05 11:00:00,BF.CW.PMP02,cooling_descaling_pump,1.2415,-0.3719,68.7507,0.9239,0,BF.CW.PMP02::E00,train
2025-01-05 12:00:00,BF.CW.PMP02,cooling_descaling_pump,1.1335,-0.2655,66.8765,0.9828,0,BF.CW.PMP02::E00,train
2025-01-05 13:00:00,BF.CW.PMP02,cooling_descaling_pump,1.1059,0.5171,66.466,0.9119,0,BF.CW.PMP02::E00,train
2025-01-05 14:00:00,BF.CW.PMP02,cooling_descaling_pump,1.1302,-0.0719,66.104,1.0235,0,BF.CW.PMP02::E00,train
2025-01-05 15:00:00,BF.CW.PMP02,cooling_descaling_pump,1.0501,0.3071,64.9802,0.9955,0,BF.CW.PMP02::E00,train
2025-01-05 16:00:00,BF.CW.PMP02,cooling_descaling_pump,1.0511,0.06,63.9291,0.8871,0,BF.CW.PMP02::E00,train
2025-01-05 17:00:00,BF.CW.PMP02,cooling_descaling_pump,1.0465,0.1159,65.2523,1.0788,0,BF.CW.PMP02::E00,train
2025-01-05 18:00:00,BF.CW.PMP02,cooling_descaling_pump,1.1779,-0.4065,67.017,1.0952,0,BF.CW.PMP02::E00,train
2025-01-05 19:00:00,BF.CW.PMP02,cooling_descaling_pump,1.0757,-1.1125,65.7065,1.1113,0,BF.CW.PMP02::E00,train
2025-01-05 20:00:00,BF.CW.PMP02,cooling_descaling_pump,1.0219,-0.9544,64.6019,1.1105,0,BF.CW.PMP02::E00,train
2025-01-05 21:00:00,BF.CW.PMP02,cooling_descaling_pump,0.9367,-0.7632,64.1264,1.096,0,BF.CW.PMP02::E00,train
2025-01-05 22:00:00,BF.CW.PMP02,cooling_descaling_pump,0.8462,-1.0354,62.2004,0.9136,0,BF.CW.PMP02::E00,train
2025-01-05 23:00:00,BF.CW.PMP02,cooling_descaling_pump,0.8143,-1.3491,60.2777,0.7376,0,BF.CW.PMP02::E00,train
2025-01-06 00:00:00,BF.CW.PMP02,cooling_descaling_pump,0.618,-1.203,59.4114,0.6383,0,BF.CW.PMP02::E00,train
2025-01-06 01:00:00,BF.CW.PMP02,cooling_descaling_pump,0.6301,-0.4725,59.6353,0.6913,0,BF.CW.PMP02::E00,train
2025-01-06 02:00:00,BF.CW.PMP02,cooling_descaling_pump,0.6926,-0.3796,59.811,0.7203,0,BF.CW.PMP02::E00,train
2025-01-06 03:00:00,BF.CW.PMP02,cooling_descaling_pump,0.8914,-0.6286,61.1402,0.7678,0,BF.CW.PMP02::E00,train
2025-01-06 04:00:00,BF.CW.PMP02,cooling_descaling_pump,0.9304,-0.8207,61.1079,0.7329,0,BF.CW.PMP02::E00,train
2025-01-06 05:00:00,BF.CW.PMP02,cooling_descaling_pump,0.9147,-0.5449,61.195,0.7376,0,BF.CW.PMP02::E00,train
2025-01-06 06:00:00,BF.CW.PMP02,cooling_descaling_pump,0.8841,-0.3936,61.459,0.7452,0,BF.CW.PMP02::E00,train
2025-01-06 07:00:00,BF.CW.PMP02,cooling_descaling_pump,0.9197,0.0481,63.1493,0.7777,0,BF.CW.PMP02::E00,train
2025-01-06 08:00:00,BF.CW.PMP02,cooling_descaling_pump,1.0399,0.4173,63.441,0.7185,0,BF.CW.PMP02::E00,train
2025-01-06 09:00:00,BF.CW.PMP02,cooling_descaling_pump,1.0051,0.1087,63.6741,0.8016,0,BF.CW.PMP02::E00,train
2025-01-06 10:00:00,BF.CW.PMP02,cooling_descaling_pump,1.0495,1.1523,63.7877,0.7857,0,BF.CW.PMP02::E00,train
2025-01-06 11:00:00,BF.CW.PMP02,cooling_descaling_pump,1.1666,1.5015,65.5883,0.9823,0,BF.CW.PMP02::E00,train
2025-01-06 12:00:00,BF.CW.PMP02,cooling_descaling_pump,1.2487,1.1398,65.8856,1.0454,0,BF.CW.PMP02::E00,train
2025-01-06 13:00:00,BF.CW.PMP02,cooling_descaling_pump,1.1691,1.3586,65.7157,0.9541,0,BF.CW.PMP02::E00,train
2025-01-06 14:00:00,BF.CW.PMP02,cooling_descaling_pump,1.1822,1.0181,65.4662,0.9088,0,BF.CW.PMP02::E00,train
2025-01-06 15:00:00,BF.CW.PMP02,cooling_descaling_pump,1.2408,0.7969,65.7988,0.8274,0,BF.CW.PMP02::E00,train
2025-01-06 16:00:00,BF.CW.PMP02,cooling_descaling_pump,1.2454,-0.0717,67.9194,0.8721,0,BF.CW.PMP02::E00,train
2025-01-06 17:00:00,BF.CW.PMP02,cooling_descaling_pump,1.2288,-0.2291,67.4448,0.796,0,BF.CW.PMP02::E00,train
2025-01-06 18:00:00,BF.CW.PMP02,cooling_descaling_pump,1.2981,0.0883,69.6841,0.8989,0,BF.CW.PMP02::E00,train
2025-01-06 19:00:00,BF.CW.PMP02,cooling_descaling_pump,1.1824,0.7505,69.1602,0.9498,0,BF.CW.PMP02::E00,train
2025-01-06 20:00:00,BF.CW.PMP02,cooling_descaling_pump,1.1924,0.6519,69.7519,0.954,0,BF.CW.PMP02::E00,train
2025-01-06 21:00:00,BF.CW.PMP02,cooling_descaling_pump,1.1847,0.5103,70.0451,0.9665,0,BF.CW.PMP02::E00,train
2025-01-06 22:00:00,BF.CW.PMP02,cooling_descaling_pump,1.2936,0.2289,72.2968,1.0466,0,BF.CW.PMP02::E00,train
2025-01-06 23:00:00,BF.CW.PMP02,cooling_descaling_pump,1.1801,0.3598,72.3417,1.1484,0,BF.CW.PMP02::E00,train
2025-01-07 00:00:00,BF.CW.PMP02,cooling_descaling_pump,1.1702,0.6385,72.6485,1.048,0,BF.CW.PMP02::E00,train
2025-01-07 01:00:00,BF.CW.PMP02,cooling_descaling_pump,1.1539,0.8117,71.8761,0.9602,0,BF.CW.PMP02::E00,train
2025-01-07 02:00:00,BF.CW.PMP02,cooling_descaling_pump,1.1094,0.6214,71.0887,0.8491,0,BF.CW.PMP02::E00,train
2025-01-07 03:00:00,BF.CW.PMP02,cooling_descaling_pump,1.1358,0.2072,72.3352,0.8544,0,BF.CW.PMP02::E00,train
2025-01-07 04:00:00,BF.CW.PMP02,cooling_descaling_pump,1.1102,0.417,71.3183,0.7386,0,BF.CW.PMP02::E00,train
2025-01-07 05:00:00,BF.CW.PMP02,cooling_descaling_pump,1.0761,0.6763,70.9254,0.7765,0,BF.CW.PMP02::E00,train
2025-01-07 06:00:00,BF.CW.PMP02,cooling_descaling_pump,1.0631,1.3039,71.6651,0.7656,0,BF.CW.PMP02::E00,train
2025-01-07 07:00:00,BF.CW.PMP02,cooling_descaling_pump,1.1211,0.6333,71.6442,0.6957,0,BF.CW.PMP02::E00,train
2025-01-07 08:00:00,BF.CW.PMP02,cooling_descaling_pump,1.1197,0.5797,71.0827,0.6838,0,BF.CW.PMP02::E00,train
2025-01-07 09:00:00,BF.CW.PMP02,cooling_descaling_pump,1.2251,0.439,71.5727,0.7397,0,BF.CW.PMP02::E00,train
2025-01-07 10:00:00,BF.CW.PMP02,cooling_descaling_pump,1.2926,0.4293,73.3139,0.84,0,BF.CW.PMP02::E00,train
2025-01-07 11:00:00,BF.CW.PMP02,cooling_descaling_pump,1.205,0.373,73.8223,0.9355,0,BF.CW.PMP02::E00,train
2025-01-07 12:00:00,BF.CW.PMP02,cooling_descaling_pump,1.2576,0.3887,74.6241,0.977,0,BF.CW.PMP02::E00,train
2025-01-07 13:00:00,BF.CW.PMP02,cooling_descaling_pump,1.51,0.3267,76.5874,0.9597,0,BF.CW.PMP02::E00,train
2025-01-07 14:00:00,BF.CW.PMP02,cooling_descaling_pump,1.4649,-0.3066,76.1649,1.0026,0,BF.CW.PMP02::E00,train
2025-01-07 15:00:00,BF.CW.PMP02,cooling_descaling_pump,1.6189,0.2825,76.5179,0.9945,0,BF.CW.PMP02::E00,train
2025-01-07 16:00:00,BF.CW.PMP02,cooling_descaling_pump,1.5708,-0.7894,76.432,1.091,0,BF.CW.PMP02::E00,train
2025-01-07 17:00:00,BF.CW.PMP02,cooling_descaling_pump,1.546,-0.6083,75.1247,0.9815,0,BF.CW.PMP02::E00,train
2025-01-07 18:00:00,BF.CW.PMP02,cooling_descaling_pump,1.5648,0.079,76.2824,0.9846,1,BF.CW.PMP02::E00,train
2025-01-07 19:00:00,BF.CW.PMP02,cooling_descaling_pump,1.5354,-0.0163,75.8968,0.8459,0,BF.CW.PMP02::E00,train
2025-01-07 20:00:00,BF.CW.PMP02,cooling_descaling_pump,1.5175,-0.0486,76.074,0.9056,1,BF.CW.PMP02::E00,train
2025-01-07 21:00:00,BF.CW.PMP02,cooling_descaling_pump,1.4103,-0.1005,76.5933,0.8927,1,BF.CW.PMP02::E00,train
2025-01-07 22:00:00,BF.CW.PMP02,cooling_descaling_pump,1.4814,0.6498,77.1657,0.8855,1,BF.CW.PMP02::E00,train
2025-01-07 23:00:00,BF.CW.PMP02,cooling_descaling_pump,1.4843,0.17,77.5496,0.8337,0,BF.CW.PMP02::E00,train
2025-01-08 00:00:00,BF.CW.PMP02,cooling_descaling_pump,1.3296,0.0818,77.8994,0.9282,0,BF.CW.PMP02::E00,train
2025-01-08 01:00:00,BF.CW.PMP02,cooling_descaling_pump,1.5968,0.7417,79.6393,0.8993,0,BF.CW.PMP02::E00,train
2025-01-08 02:00:00,BF.CW.PMP02,cooling_descaling_pump,1.5488,1.3695,81.1726,0.8965,0,BF.CW.PMP02::E00,train
2025-01-08 03:00:00,BF.CW.PMP02,cooling_descaling_pump,1.4477,0.7001,81.2991,0.9712,0,BF.CW.PMP02::E00,train
2025-01-08 04:00:00,BF.CW.PMP02,cooling_descaling_pump,1.4584,0.7816,83.1729,1.0277,0,BF.CW.PMP02::E00,train
2025-01-08 05:00:00,BF.CW.PMP02,cooling_descaling_pump,1.3722,0.6014,84.1092,1.0549,0,BF.CW.PMP02::E00,train
2025-01-08 06:00:00,BF.CW.PMP02,cooling_descaling_pump,1.3357,1.2497,85.5771,1.0263,1,BF.CW.PMP02::E00,train
2025-01-08 07:00:00,BF.CW.PMP02,cooling_descaling_pump,1.1481,1.1921,85.9204,1.1175,0,BF.CW.PMP02::E00,train
2025-01-08 08:00:00,BF.CW.PMP02,cooling_descaling_pump,1.1599,1.2738,86.4388,1.1082,0,BF.CW.PMP02::E00,train
2025-01-08 09:00:00,BF.CW.PMP02,cooling_descaling_pump,1.1168,1.528,85.5511,1.1373,1,BF.CW.PMP02::E00,train
2025-01-08 10:00:00,BF.CW.PMP02,cooling_descaling_pump,1.2636,2.2975,86.146,1.1264,1,BF.CW.PMP02::E00,train
2025-01-08 11:00:00,BF.CW.PMP02,cooling_descaling_pump,1.3174,1.7139,86.8685,1.127,0,BF.CW.PMP02::E00,train
2025-01-08 12:00:00,BF.CW.PMP02,cooling_descaling_pump,1.557,1.3659,87.0207,1.0229,0,BF.CW.PMP02::E00,train
2025-01-08 13:00:00,BF.CW.PMP02,cooling_descaling_pump,1.5754,1.5122,87.095,1.0189,0,BF.CW.PMP02::E00,train
2025-01-08 14:00:00,BF.CW.PMP02,cooling_descaling_pump,1.6168,1.3973,87.1248,1.1189,1,BF.CW.PMP02::E00,train
2025-01-08 15:00:00,BF.CW.PMP02,cooling_descaling_pump,1.524,1.4703,86.9593,1.1807,1,BF.CW.PMP02::E00,train
2025-01-08 16:00:00,BF.CW.PMP02,cooling_descaling_pump,1.4223,1.3488,85.7314,1.0228,1,BF.CW.PMP02::E00,train
2025-01-08 17:00:00,BF.CW.PMP02,cooling_descaling_pump,1.2876,1.0141,84.8047,1.0043,1,BF.CW.PMP02::E00,train
2025-01-08 18:00:00,BF.CW.PMP02,cooling_descaling_pump,1.1532,0.526,84.4724,1.0182,1,BF.CW.PMP02::E00,train
2025-01-08 19:00:00,BF.CW.PMP02,cooling_descaling_pump,1.3823,0.2703,86.9122,1.1309,1,BF.CW.PMP02::E00,train
2025-01-08 20:00:00,BF.CW.PMP02,cooling_descaling_pump,1.293,0.0698,86.9933,1.0765,1,BF.CW.PMP02::E00,train
2025-01-08 21:00:00,BF.CW.PMP02,cooling_descaling_pump,1.1023,0.4714,85.7174,1.083,1,BF.CW.PMP02::E00,train
2025-01-08 22:00:00,BF.CW.PMP02,cooling_descaling_pump,1.296,0.6277,86.8441,1.1041,1,BF.CW.PMP02::E00,train
2025-01-08 23:00:00,BF.CW.PMP02,cooling_descaling_pump,1.3995,0.4244,87.6362,1.1236,1,BF.CW.PMP02::E00,train
2025-01-09 00:00:00,BF.CW.PMP02,cooling_descaling_pump,1.47,0.2421,90.0572,1.1349,1,BF.CW.PMP02::E00,train
2025-01-09 01:00:00,BF.CW.PMP02,cooling_descaling_pump,1.3701,0.4872,90.462,1.1058,1,BF.CW.PMP02::E00,train
2025-01-09 02:00:00,BF.CW.PMP02,cooling_descaling_pump,1.3429,0.4304,91.0622,1.0372,1,BF.CW.PMP02::E00,train
2025-01-09 03:00:00,BF.CW.PMP02,cooling_descaling_pump,1.3993,0.7271,92.6526,1.0183,1,BF.CW.PMP02::E00,train
2025-01-09 04:00:00,BF.CW.PMP02,cooling_descaling_pump,1.4923,0.9967,93.1473,1.0217,1,BF.CW.PMP02::E00,train
2025-01-09 05:00:00,BF.CW.PMP02,cooling_descaling_pump,1.5006,0.5183,92.1563,0.9496,0,BF.CW.PMP02::E00,train
2025-01-09 06:00:00,BF.CW.PMP02,cooling_descaling_pump,1.5359,0.8048,91.231,0.8671,1,BF.CW.PMP02::E00,train
2025-01-09 07:00:00,BF.CW.PMP02,cooling_descaling_pump,1.5161,0.7727,92.372,0.9886,1,BF.CW.PMP02::E00,train
2025-01-09 08:00:00,BF.CW.PMP02,cooling_descaling_pump,1.2992,0.6885,91.2669,0.983,1,BF.CW.PMP02::E00,train
2025-01-09 09:00:00,BF.CW.PMP02,cooling_descaling_pump,1.3729,0.7399,92.1535,0.9385,1,BF.CW.PMP02::E00,train
2025-01-09 10:00:00,BF.CW.PMP02,cooling_descaling_pump,1.2695,0.7919,90.7868,0.8328,1,BF.CW.PMP02::E00,train
2025-01-09 11:00:00,BF.CW.PMP02,cooling_descaling_pump,1.3025,0.532,92.0597,0.9235,1,BF.CW.PMP02::E00,train
2025-01-09 12:00:00,BF.CW.PMP02,cooling_descaling_pump,1.2353,0.2607,90.6199,0.8368,1,BF.CW.PMP02::E00,train
2025-01-09 13:00:00,BF.CW.PMP02,cooling_descaling_pump,1.2365,0.4,89.8312,0.8023,1,BF.CW.PMP02::E00,train
2025-01-09 14:00:00,BF.CW.PMP02,cooling_descaling_pump,1.2772,0.0875,89.2248,0.8012,1,BF.CW.PMP02::E00,train
2025-01-09 15:00:00,BF.CW.PMP02,cooling_descaling_pump,1.342,-0.0407,90.332,0.9141,1,BF.CW.PMP02::E00,train
2025-01-09 16:00:00,BF.CW.PMP02,cooling_descaling_pump,1.2168,0.2643,89.5772,0.8921,1,BF.CW.PMP02::E00,train
2025-01-09 17:00:00,BF.CW.PMP02,cooling_descaling_pump,1.2076,0.137,89.4071,0.8623,1,BF.CW.PMP02::E00,train
2025-01-09 18:00:00,BF.CW.PMP02,cooling_descaling_pump,1.1822,0.4157,88.8873,0.8486,1,BF.CW.PMP02::E00,train
2025-01-09 19:00:00,BF.CW.PMP02,cooling_descaling_pump,1.1128,0.3892,90.2463,0.9218,1,BF.CW.PMP02::E00,train
2025-01-09 20:00:00,BF.CW.PMP02,cooling_descaling_pump,1.1636,0.1876,89.8927,0.9437,1,BF.CW.PMP02::E00,train
2025-01-09 21:00:00,BF.CW.PMP02,cooling_descaling_pump,1.0639,-0.2509,88.0645,0.8327,1,BF.CW.PMP02::E00,train
2025-01-09 22:00:00,BF.CW.PMP02,cooling_descaling_pump,1.2138,0.3434,90.4837,0.897,1,BF.CW.PMP02::E00,train
2025-01-09 23:00:00,BF.CW.PMP02,cooling_descaling_pump,1.2293,-0.1729,91.9231,1.0068,1,BF.CW.PMP02::E00,train
2025-01-10 00:00:00,BF.CW.PMP02,cooling_descaling_pump,1.2298,-0.4036,92.3161,0.9865,1,BF.CW.PMP02::E00,train
2025-01-10 01:00:00,BF.CW.PMP02,cooling_descaling_pump,1.0999,-0.1632,92.6817,1.0552,1,BF.CW.PMP02::E00,train
2025-01-10 02:00:00,BF.CW.PMP02,cooling_descaling_pump,1.236,-0.5101,93.6938,1.0446,1,BF.CW.PMP02::E00,train
2025-01-10 03:00:00,BF.CW.PMP02,cooling_descaling_pump,1.3206,-0.1964,93.4922,0.853,1,BF.CW.PMP02::E00,train
2025-01-10 04:00:00,BF.CW.PMP02,cooling_descaling_pump,1.4403,-0.0149,95.9423,0.919,1,BF.CW.PMP02::E00,train
2025-01-10 05:00:00,BF.CW.PMP02,cooling_descaling_pump,1.4549,-0.0657,96.4974,0.9307,1,BF.CW.PMP02::E00,train
2025-01-10 06:00:00,BF.CW.PMP02,cooling_descaling_pump,1.5232,0.5217,96.8417,0.9384,1,BF.CW.PMP02::E00,train
2025-01-10 07:00:00,BF.CW.PMP02,cooling_descaling_pump,1.4542,1.2393,95.2458,0.9014,1,BF.CW.PMP02::E00,train
2025-01-10 08:00:00,BF.CW.PMP02,cooling_descaling_pump,1.3818,1.0742,96.6237,1.0639,1,BF.CW.PMP02::E00,train
2025-01-10 09:00:00,BF.CW.PMP02,cooling_descaling_pump,1.3357,0.6864,96.7108,1.0151,2,BF.CW.PMP02::E00,train
2025-01-10 10:00:00,BF.CW.PMP02,cooling_descaling_pump,1.2262,0.7575,96.7433,1.0561,1,BF.CW.PMP02::E00,train
2025-01-10 11:00:00,BF.CW.PMP02,cooling_descaling_pump,1.0889,0.6019,95.2336,1.0608,1,BF.CW.PMP02::E00,train
2025-01-10 12:00:00,BF.CW.PMP02,cooling_descaling_pump,1.0686,0.0735,94.3998,1.0544,1,BF.CW.PMP02::E00,train
2025-01-10 13:00:00,BF.CW.PMP02,cooling_descaling_pump,1.0137,0.2886,95.6589,1.2094,1,BF.CW.PMP02::E00,train
2025-01-10 14:00:00,BF.CW.PMP02,cooling_descaling_pump,1.0319,0.7031,95.2861,1.1957,1,BF.CW.PMP02::E00,train
2025-01-10 15:00:00,BF.CW.PMP02,cooling_descaling_pump,1.2296,0.0861,95.1193,1.1517,2,BF.CW.PMP02::E00,train
2025-01-10 16:00:00,BF.CW.PMP02,cooling_descaling_pump,1.246,0.2172,94.6615,1.1864,1,BF.CW.PMP02::E00,train
2025-01-10 17:00:00,BF.CW.PMP02,cooling_descaling_pump,1.1562,0.0314,94.9752,1.2749,1,BF.CW.PMP02::E00,train
2025-01-10 18:00:00,BF.CW.PMP02,cooling_descaling_pump,1.0751,-0.5914,93.5988,1.0975,1,BF.CW.PMP02::E00,train
2025-01-10 19:00:00,BF.CW.PMP02,cooling_descaling_pump,1.2143,0.0867,96.347,1.2022,1,BF.CW.PMP02::E00,train
2025-01-10 20:00:00,BF.CW.PMP02,cooling_descaling_pump,1.3506,-0.2745,99.4996,1.2963,1,BF.CW.PMP02::E00,train
2025-01-10 21:00:00,BF.CW.PMP02,cooling_descaling_pump,1.4799,-0.1639,99.8653,1.2259,1,BF.CW.PMP02::E00,train
2025-01-10 22:00:00,BF.CW.PMP02,cooling_descaling_pump,1.5059,-0.3193,99.8644,1.1855,2,BF.CW.PMP02::E00,train
2025-01-10 23:00:00,BF.CW.PMP02,cooling_descaling_pump,1.4775,-0.1081,101.7594,1.2053,2,BF.CW.PMP02::E00,train
2025-01-11 00:00:00,BF.CW.PMP02,cooling_descaling_pump,1.4294,-0.4711,101.2727,1.2316,1,BF.CW.PMP02::E00,train
2025-01-11 01:00:00,BF.CW.PMP02,cooling_descaling_pump,1.4284,-0.4922,101.5368,1.2895,2,BF.CW.PMP02::E00,train
2025-01-11 02:00:00,BF.CW.PMP02,cooling_descaling_pump,1.3418,-0.8747,100.6126,1.1625,2,BF.CW.PMP02::E00,train
2025-01-11 03:00:00,BF.CW.PMP02,cooling_descaling_pump,1.475,-0.74,100.1621,1.1384,2,BF.CW.PMP02::E00,train
2025-01-11 04:00:00,BF.CW.PMP02,cooling_descaling_pump,1.4565,-0.7693,102.9259,1.3059,1,BF.CW.PMP02::E00,train
2025-01-11 05:00:00,BF.CW.PMP02,cooling_descaling_pump,1.5191,-0.9788,102.9733,1.171,2,BF.CW.PMP02::E00,train
2025-01-11 06:00:00,BF.CW.PMP02,cooling_descaling_pump,1.4909,-0.91,102.4867,1.0978,2,BF.CW.PMP02::E00,train
2025-01-11 07:00:00,BF.CW.PMP02,cooling_descaling_pump,1.5459,-0.6391,103.5795,1.1776,2,BF.CW.PMP02::E00,train
2025-01-11 08:00:00,BF.CW.PMP02,cooling_descaling_pump,1.5897,-1.4478,104.8612,1.2162,2,BF.CW.PMP02::E00,train
2025-01-11 09:00:00,BF.CW.PMP02,cooling_descaling_pump,1.6174,-1.4004,104.5415,1.1396,1,BF.CW.PMP02::E00,train
2025-01-11 10:00:00,BF.CW.PMP02,cooling_descaling_pump,1.602,-1.1674,103.0169,1.0502,1,BF.CW.PMP02::E00,train
2025-01-11 11:00:00,BF.CW.PMP02,cooling_descaling_pump,1.611,-0.5957,104.1056,1.1255,1,BF.CW.PMP02::E00,train
2025-01-11 12:00:00,BF.CW.PMP02,cooling_descaling_pump,1.5612,-0.5298,102.5107,1.0538,2,BF.CW.PMP02::E00,train
2025-01-11 13:00:00,BF.CW.PMP02,cooling_descaling_pump,1.492,-0.1969,103.5007,1.1533,1,BF.CW.PMP02::E00,train
2025-01-11 14:00:00,BF.CW.PMP02,cooling_descaling_pump,1.575,-0.3296,104.782,1.2258,2,BF.CW.PMP02::E00,train
2025-01-11 15:00:00,BF.CW.PMP02,cooling_descaling_pump,1.5399,-0.3773,104.1528,1.2173,2,BF.CW.PMP02::E00,train
2025-01-11 16:00:00,BF.CW.PMP02,cooling_descaling_pump,1.7058,0.0742,104.7146,1.1444,2,BF.CW.PMP02::E00,train
2025-01-11 17:00:00,BF.CW.PMP02,cooling_descaling_pump,1.6421,-0.561,104.7629,1.1508,2,BF.CW.PMP02::E00,train
2025-01-11 18:00:00,BF.CW.PMP02,cooling_descaling_pump,1.7299,0.1081,105.0875,1.1664,2,BF.CW.PMP02::E00,train
2025-01-11 19:00:00,BF.CW.PMP02,cooling_descaling_pump,1.611,0.4645,104.4023,1.1892,2,BF.CW.PMP02::E00,train
2025-01-11 20:00:00,BF.CW.PMP02,cooling_descaling_pump,1.6427,0.4948,105.2016,1.1161,2,BF.CW.PMP02::E00,train
2025-01-11 21:00:00,BF.CW.PMP02,cooling_descaling_pump,1.5339,0.0444,104.2642,1.0449,2,BF.CW.PMP02::E00,train
2025-01-11 22:00:00,BF.CW.PMP02,cooling_descaling_pump,1.5285,-0.5962,104.148,0.9504,2,BF.CW.PMP02::E00,train
2025-01-11 23:00:00,BF.CW.PMP02,cooling_descaling_pump,1.527,-0.2591,106.4148,1.0784,2,BF.CW.PMP02::E00,train
2025-01-12 00:00:00,BF.CW.PMP02,cooling_descaling_pump,1.345,-0.8133,60.4491,1.0109,0,,train
2025-01-12 01:00:00,BF.CW.PMP02,cooling_descaling_pump,1.1363,-0.9095,59.076,0.9777,0,,train
2025-01-12 02:00:00,BF.CW.PMP02,cooling_descaling_pump,1.1509,-0.5058,60.3804,0.9813,0,,train
2025-01-12 03:00:00,BF.CW.PMP02,cooling_descaling_pump,1.1843,-0.6645,60.4402,0.9467,0,,train
2025-01-12 04:00:00,BF.CW.PMP02,cooling_descaling_pump,1.107,-0.6568,59.9664,0.9233,0,,train
2025-01-12 05:00:00,BF.CW.PMP02,cooling_descaling_pump,1.0955,-0.4739,60.1074,0.9648,0,,train
2025-01-12 06:00:00,BF.CW.PMP02,cooling_descaling_pump,1.1292,-0.3017,61.0686,1.1292,0,,train
2025-01-12 07:00:00,BF.CW.PMP02,cooling_descaling_pump,1.1458,-0.2348,61.978,1.103,0,,train
2025-01-12 08:00:00,BF.CW.PMP02,cooling_descaling_pump,1.0407,-0.4722,59.7493,1.0087,0,,train
2025-01-12 09:00:00,BF.CW.PMP02,cooling_descaling_pump,1.1046,-0.2377,60.1604,0.9808,0,,train
2025-01-12 10:00:00,BF.CW.PMP02,cooling_descaling_pump,1.2434,-0.0874,60.9693,0.9742,0,,train
2025-01-12 11:00:00,BF.CW.PMP02,cooling_descaling_pump,1.2967,-0.2286,60.8321,0.9407,0,,train
2025-01-12 12:00:00,BF.CW.PMP02,cooling_descaling_pump,1.392,0.1216,61.141,0.9433,0,,train
2025-01-12 13:00:00,BF.CW.PMP02,cooling_descaling_pump,1.2635,0.2645,59.6804,0.9188,0,,train
2025-01-12 14:00:00,BF.CW.PMP02,cooling_descaling_pump,1.2577,0.8208,60.401,1.0037,0,,train
2025-01-12 15:00:00,BF.CW.PMP02,cooling_descaling_pump,1.3853,0.768,61.957,1.0009,0,,train
2025-01-12 16:00:00,BF.CW.PMP02,cooling_descaling_pump,1.2559,0.8817,61.8981,1.1325,0,,train
2025-01-12 17:00:00,BF.CW.PMP02,cooling_descaling_pump,1.0685,0.976,59.2106,1.0927,0,,train
2025-01-12 18:00:00,BF.CW.PMP02,cooling_descaling_pump,1.2298,0.7018,59.6022,1.0746,0,,train
2025-01-12 19:00:00,BF.CW.PMP02,cooling_descaling_pump,1.0729,0.2355,57.2325,1.0451,0,,train
2025-01-12 20:00:00,BF.CW.PMP02,cooling_descaling_pump,1.0524,-0.1563,56.7241,0.9745,0,,train
2025-01-12 21:00:00,BF.CW.PMP02,cooling_descaling_pump,0.9557,0.3526,57.1024,1.0125,0,,train
2025-01-12 22:00:00,BF.CW.PMP02,cooling_descaling_pump,1.2118,0.4902,59.1093,0.967,0,,train
2025-01-12 23:00:00,BF.CW.PMP02,cooling_descaling_pump,0.997,0.1821,57.8946,0.9802,0,,train
2025-01-13 00:00:00,BF.CW.PMP02,cooling_descaling_pump,1.0367,-0.0902,59.0272,1.0987,0,,train
2025-01-13 01:00:00,BF.CW.PMP02,cooling_descaling_pump,1.022,-0.154,58.7071,1.0605,0,,train
2025-01-13 02:00:00,BF.CW.PMP02,cooling_descaling_pump,1.0946,-0.0574,60.3617,1.0936,0,,train
2025-01-13 03:00:00,BF.CW.PMP02,cooling_descaling_pump,1.1199,0.212,60.5234,1.1128,0,,train
2025-01-13 04:00:00,BF.CW.PMP02,cooling_descaling_pump,1.0319,0.4718,60.1318,1.057,0,,train
2025-01-13 05:00:00,BF.CW.PMP02,cooling_descaling_pump,0.9583,-0.1302,59.1308,0.9932,0,,train
2025-01-13 06:00:00,BF.CW.PMP02,cooling_descaling_pump,0.9573,-0.4437,57.7438,0.9434,0,,train
2025-01-13 07:00:00,BF.CW.PMP02,cooling_descaling_pump,0.9501,-0.5617,58.0746,1.0328,0,,train
2025-01-13 08:00:00,BF.CW.PMP02,cooling_descaling_pump,0.9348,-0.8657,56.9937,0.9846,0,,train
2025-01-13 09:00:00,BF.CW.PMP02,cooling_descaling_pump,0.9018,-1.1263,56.0342,0.9636,0,,train
2025-01-13 10:00:00,BF.CW.PMP02,cooling_descaling_pump,0.8944,-1.2313,56.5576,1.0233,0,,train
2025-01-13 11:00:00,BF.CW.PMP02,cooling_descaling_pump,0.9871,-1.3442,55.7676,1.016,0,,train
2025-01-13 12:00:00,BF.CW.PMP02,cooling_descaling_pump,1.1388,-1.392,55.1387,0.9589,0,,train
2025-01-13 13:00:00,BF.CW.PMP02,cooling_descaling_pump,1.0109,-1.106,54.7498,1.0265,0,,train
2025-01-13 14:00:00,BF.CW.PMP02,cooling_descaling_pump,1.0359,-1.1256,55.0856,1.0433,0,,train
2025-01-13 15:00:00,BF.CW.PMP02,cooling_descaling_pump,0.951,-1.5497,55.5791,1.0675,0,,train
2025-01-13 16:00:00,BF.CW.PMP02,cooling_descaling_pump,0.9488,-1.2708,55.6184,1.0733,0,,train
2025-01-13 17:00:00,BF.CW.PMP02,cooling_descaling_pump,1.006,-1.448,53.6292,1.0747,0,,train
2025-01-13 18:00:00,BF.CW.PMP02,cooling_descaling_pump,1.0763,-0.9231,53.422,1.1115,0,,train
2025-01-13 19:00:00,BF.CW.PMP02,cooling_descaling_pump,0.9527,-0.6303,54.1113,1.2143,0,,train
2025-01-13 20:00:00,BF.CW.PMP02,cooling_descaling_pump,1.0341,-0.5951,54.4269,1.2809,0,,train
2025-01-13 21:00:00,BF.CW.PMP02,cooling_descaling_pump,1.0745,0.054,54.4719,1.1804,0,,train
2025-01-13 22:00:00,BF.CW.PMP02,cooling_descaling_pump,1.0073,0.2138,53.8602,1.1241,0,,train
2025-01-13 23:00:00,BF.CW.PMP02,cooling_descaling_pump,1.0197,0.2141,53.6863,1.1255,0,,train
2025-01-14 00:00:00,BF.CW.PMP02,cooling_descaling_pump,0.9468,0.4157,52.772,1.0656,0,,train
2025-01-14 01:00:00,BF.CW.PMP02,cooling_descaling_pump,1.0201,0.7898,54.3343,1.1206,0,,train
2025-01-14 02:00:00,BF.CW.PMP02,cooling_descaling_pump,1.1081,0.821,55.7338,1.071,0,,train
2025-01-14 03:00:00,BF.CW.PMP02,cooling_descaling_pump,1.2001,0.6428,56.0516,0.96,0,,train
2025-01-14 04:00:00,BF.CW.PMP02,cooling_descaling_pump,1.0932,0.7803,54.8268,0.9175,0,,train
2025-01-14 05:00:00,BF.CW.PMP02,cooling_descaling_pump,0.96,0.8916,53.6079,0.9345,0,,train
2025-01-14 06:00:00,BF.CW.PMP02,cooling_descaling_pump,1.0139,0.7862,53.7354,0.8404,0,,train
2025-01-14 07:00:00,BF.CW.PMP02,cooling_descaling_pump,1.0237,0.5365,53.5049,0.8284,0,,train
2025-01-14 08:00:00,BF.CW.PMP02,cooling_descaling_pump,1.1047,0.5519,53.8082,0.9895,0,,train
2025-01-14 09:00:00,BF.CW.PMP02,cooling_descaling_pump,1.0589,-0.1085,53.939,1.0198,0,,train
2025-01-14 10:00:00,BF.CW.PMP02,cooling_descaling_pump,1.0876,-0.0496,54.9571,1.0725,0,,train
2025-01-14 11:00:00,BF.CW.PMP02,cooling_descaling_pump,0.9986,0.078,53.4079,0.9997,0,,train
2025-01-14 12:00:00,BF.CW.PMP02,cooling_descaling_pump,1.0405,-0.5446,53.7728,1.0353,0,,train
2025-01-14 13:00:00,BF.CW.PMP02,cooling_descaling_pump,1.0022,0.2513,54.1077,0.9952,0,,train
2025-01-14 14:00:00,BF.CW.PMP02,cooling_descaling_pump,1.0724,0.6046,55.0474,0.9469,0,,train
2025-01-14 15:00:00,BF.CW.PMP02,cooling_descaling_pump,1.0283,0.2655,54.4881,0.8845,0,,train
2025-01-14 16:00:00,BF.CW.PMP02,cooling_descaling_pump,1.0476,0.2602,53.9411,0.861,0,,train
2025-01-14 17:00:00,BF.CW.PMP02,cooling_descaling_pump,1.0129,0.4835,53.6177,0.8072,0,,train
2025-01-14 18:00:00,BF.CW.PMP02,cooling_descaling_pump,1.0035,0.517,53.2541,0.8978,0,,train
2025-01-14 19:00:00,BF.CW.PMP02,cooling_descaling_pump,1.0337,-0.1693,53.5499,0.8997,0,,train
2025-01-14 20:00:00,BF.CW.PMP02,cooling_descaling_pump,1.1972,-0.4395,54.6456,0.8544,0,,train
2025-01-14 21:00:00,BF.CW.PMP02,cooling_descaling_pump,1.1767,-0.4875,54.5527,0.8493,0,,train
2025-01-14 22:00:00,BF.CW.PMP02,cooling_descaling_pump,1.148,-0.5244,55.1215,0.8054,0,,train
2025-01-14 23:00:00,BF.CW.PMP02,cooling_descaling_pump,1.1495,-0.5878,54.2334,0.7326,0,,train
2025-01-15 00:00:00,BF.CW.PMP02,cooling_descaling_pump,1.249,-0.4931,53.8845,0.6389,0,,train
2025-01-15 01:00:00,BF.CW.PMP02,cooling_descaling_pump,1.2873,-0.6063,55.6141,0.73,0,,train
2025-01-15 02:00:00,BF.CW.PMP02,cooling_descaling_pump,1.1014,-0.7995,54.0286,0.658,0,,train
2025-01-15 03:00:00,BF.CW.PMP02,cooling_descaling_pump,1.074,-0.6397,55.3812,0.7091,0,,train
2025-01-15 04:00:00,BF.CW.PMP02,cooling_descaling_pump,1.0547,-0.6526,56.6678,0.7438,0,,train
2025-01-15 05:00:00,BF.CW.PMP02,cooling_descaling_pump,0.9708,-0.2118,55.1747,0.7053,0,,train
2025-01-15 06:00:00,BF.CW.PMP02,cooling_descaling_pump,1.1511,-0.1331,55.6804,0.7349,0,,train
2025-01-15 07:00:00,BF.CW.PMP02,cooling_descaling_pump,1.221,-0.2511,55.8082,0.7493,0,,train
2025-01-15 08:00:00,BF.CW.PMP02,cooling_descaling_pump,1.2112,-0.4294,55.1701,0.7212,0,,train
2025-01-15 09:00:00,BF.CW.PMP02,cooling_descaling_pump,1.0921,0.3738,55.0262,0.7543,0,,train
2025-01-15 10:00:00,BF.CW.PMP02,cooling_descaling_pump,1.0911,0.3771,55.383,0.8295,0,,train
2025-01-15 11:00:00,BF.CW.PMP02,cooling_descaling_pump,0.8828,0.9015,53.5521,0.855,0,,train
2025-01-15 12:00:00,BF.CW.PMP02,cooling_descaling_pump,1.026,1.3241,54.8891,0.9221,0,,train
2025-01-15 13:00:00,BF.CW.PMP02,cooling_descaling_pump,1.092,1.4291,53.1776,0.8199,0,,train
2025-01-15 14:00:00,BF.CW.PMP02,cooling_descaling_pump,0.9352,2.2574,51.7091,0.8032,0,,train
2025-01-15 15:00:00,BF.CW.PMP02,cooling_descaling_pump,1.0688,1.6573,50.8556,0.7847,0,,train
2025-01-15 16:00:00,BF.CW.PMP02,cooling_descaling_pump,1.0928,2.137,50.7361,0.7428,0,,train
2025-01-15 17:00:00,BF.CW.PMP02,cooling_descaling_pump,1.0929,1.6682,49.9534,0.7467,0,,train
2025-01-15 18:00:00,BF.CW.PMP02,cooling_descaling_pump,1.3031,1.6436,50.5107,0.7601,0,,train
2025-01-15 19:00:00,BF.CW.PMP02,cooling_descaling_pump,0.9734,1.6009,49.5067,0.7775,0,,train
2025-01-15 20:00:00,BF.CW.PMP02,cooling_descaling_pump,1.0932,2.1231,51.8883,0.8909,0,,train
2025-01-15 21:00:00,BF.CW.PMP02,cooling_descaling_pump,1.1458,2.1096,53.1539,0.8909,0,,train
2025-01-15 22:00:00,BF.CW.PMP02,cooling_descaling_pump,1.1874,2.0648,54.6178,0.8802,0,,train
2025-01-15 23:00:00,BF.CW.PMP02,cooling_descaling_pump,1.1838,2.721,55.9916,0.9753,0,,train
2025-01-16 00:00:00,BF.CW.PMP02,cooling_descaling_pump,1.1085,2.0207,55.6628,1.0734,0,,train
2025-01-16 01:00:00,BF.CW.PMP02,cooling_descaling_pump,1.2038,1.971,56.9735,1.1354,0,,train
2025-01-16 02:00:00,BF.CW.PMP02,cooling_descaling_pump,1.1694,1.9455,56.6068,1.0793,0,,train
2025-01-16 03:00:00,BF.CW.PMP02,cooling_descaling_pump,1.2347,1.7296,57.5452,0.9553,0,,train
2025-01-16 04:00:00,BF.CW.PMP02,cooling_descaling_pump,1.3251,1.6137,56.3321,0.7557,0,,train
2025-01-16 05:00:00,BF.CW.PMP02,cooling_descaling_pump,1.4598,1.6109,56.7433,0.6952,0,,train
2025-01-16 06:00:00,BF.CW.PMP02,cooling_descaling_pump,1.3833,1.9339,57.2497,0.778,0,,train
2025-01-16 07:00:00,BF.CW.PMP02,cooling_descaling_pump,1.3302,1.4779,56.4713,0.82,0,,train
2025-01-16 08:00:00,BF.CW.PMP02,cooling_descaling_pump,1.3833,0.8424,56.0575,0.7901,0,,train
2025-01-16 09:00:00,BF.CW.PMP02,cooling_descaling_pump,1.2835,1.2262,57.0551,0.9536,0,,train
2025-01-16 10:00:00,BF.CW.PMP02,cooling_descaling_pump,1.3019,1.0421,58.5815,1.0494,0,,train
2025-01-16 11:00:00,BF.CW.PMP02,cooling_descaling_pump,1.2646,0.8637,57.3132,0.9855,0,,train
2025-01-16 12:00:00,BF.CW.PMP02,cooling_descaling_pump,1.122,0.9069,55.3309,0.9963,0,,train
2025-01-16 13:00:00,BF.CW.PMP02,cooling_descaling_pump,1.1394,1.7658,55.8715,1.0408,0,,train
2025-01-16 14:00:00,BF.CW.PMP02,cooling_descaling_pump,1.0743,1.4021,55.5376,1.1401,0,,train
2025-01-16 15:00:00,BF.CW.PMP02,cooling_descaling_pump,1.0974,1.6376,54.8424,1.2187,0,,train
2025-01-16 16:00:00,BF.CW.PMP02,cooling_descaling_pump,1.0433,2.2853,53.7525,1.2667,0,,train
2025-01-16 17:00:00,BF.CW.PMP02,cooling_descaling_pump,1.2108,2.8501,54.6282,1.2623,0,,train
2025-01-16 18:00:00,BF.CW.PMP02,cooling_descaling_pump,1.2699,3.1206,56.0613,1.3165,0,,train
2025-01-16 19:00:00,BF.CW.PMP02,cooling_descaling_pump,1.3039,3.1121,55.4457,1.1973,0,,train
2025-01-16 20:00:00,BF.CW.PMP02,cooling_descaling_pump,1.3001,2.386,55.3744,1.1158,0,,train
2025-01-16 21:00:00,BF.CW.PMP02,cooling_descaling_pump,1.3478,2.3223,56.623,1.1378,0,,train
2025-01-16 22:00:00,BF.CW.PMP02,cooling_descaling_pump,1.2206,2.21,56.5517,1.1209,0,,train
2025-01-16 23:00:00,BF.CW.PMP02,cooling_descaling_pump,1.1953,2.3382,57.0891,1.1746,0,,train
2025-01-17 00:00:00,BF.CW.PMP02,cooling_descaling_pump,1.0205,1.6177,55.4037,1.0759,0,,train
2025-01-17 01:00:00,BF.CW.PMP02,cooling_descaling_pump,1.0751,1.9495,55.9523,0.993,0,,train
2025-01-17 02:00:00,BF.CW.PMP02,cooling_descaling_pump,1.1258,1.6439,55.5881,1.0238,0,,train
2025-01-17 03:00:00,BF.CW.PMP02,cooling_descaling_pump,1.1331,1.9239,54.6833,1.0277,0,,train
2025-01-17 04:00:00,BF.CW.PMP02,cooling_descaling_pump,1.2159,1.7218,55.3133,0.9569,0,,train
2025-01-17 05:00:00,BF.CW.PMP02,cooling_descaling_pump,1.3329,1.8147,55.6438,0.8939,0,,train
2025-01-17 06:00:00,BF.CW.PMP02,cooling_descaling_pump,1.3849,1.4458,55.3764,0.8344,0,,train
2025-01-17 07:00:00,BF.CW.PMP02,cooling_descaling_pump,1.2528,0.757,56.524,1.0313,0,,train
2025-01-17 08:00:00,BF.CW.PMP02,cooling_descaling_pump,1.2652,0.9532,55.8554,1.0112,0,,train
2025-01-17 09:00:00,BF.CW.PMP02,cooling_descaling_pump,1.1676,0.9772,56.8138,1.1177,0,,train
2025-01-17 10:00:00,BF.CW.PMP02,cooling_descaling_pump,0.9886,1.0387,54.8022,1.1525,0,,train
2025-01-17 11:00:00,BF.CW.PMP02,cooling_descaling_pump,1.0956,0.9982,57.0297,1.25,0,,train
2025-01-17 12:00:00,BF.CW.PMP02,cooling_descaling_pump,1.2433,0.8918,57.9061,1.1688,0,,train
2025-01-17 13:00:00,BF.CW.PMP02,cooling_descaling_pump,1.2729,0.8924,57.6489,1.137,0,,train
2025-01-17 14:00:00,BF.CW.PMP02,cooling_descaling_pump,1.1422,0.8835,55.9794,1.0739,0,,train
2025-01-17 15:00:00,BF.CW.PMP02,cooling_descaling_pump,1.2262,0.2151,57.6356,1.2328,0,,train
2025-01-17 16:00:00,BF.CW.PMP02,cooling_descaling_pump,1.3032,-0.2534,56.9911,1.0805,0,,train
2025-01-17 17:00:00,BF.CW.PMP02,cooling_descaling_pump,1.2442,-0.6346,57.1818,1.1461,0,,train
2025-01-17 18:00:00,BF.CW.PMP02,cooling_descaling_pump,1.2384,-0.5352,57.9593,1.1262,0,,train
2025-01-17 19:00:00,BF.CW.PMP02,cooling_descaling_pump,1.0785,-0.672,56.4912,1.0805,0,,train
2025-01-17 20:00:00,BF.CW.PMP02,cooling_descaling_pump,0.9685,-0.6051,56.7272,1.128,0,,train
2025-01-17 21:00:00,BF.CW.PMP02,cooling_descaling_pump,1.0605,-0.4422,56.4664,1.0797,0,,train
2025-01-17 22:00:00,BF.CW.PMP02,cooling_descaling_pump,1.067,-0.4138,56.2558,1.0468,0,,train
2025-01-17 23:00:00,BF.CW.PMP02,cooling_descaling_pump,1.1459,-0.5619,56.9449,1.0247,0,,train
2025-01-18 00:00:00,BF.CW.PMP02,cooling_descaling_pump,1.205,-0.9138,57.5604,0.987,0,,train
2025-01-18 01:00:00,BF.CW.PMP02,cooling_descaling_pump,1.2499,-0.516,58.6539,0.9719,0,,train
2025-01-18 02:00:00,BF.CW.PMP02,cooling_descaling_pump,1.2348,0.2808,59.4407,0.9492,0,,train
2025-01-18 03:00:00,BF.CW.PMP02,cooling_descaling_pump,1.3523,0.1645,60.4859,1.0456,0,,train
2025-01-18 04:00:00,BF.CW.PMP02,cooling_descaling_pump,1.4569,0.2745,60.9064,1.11,0,,train
2025-01-18 05:00:00,BF.CW.PMP02,cooling_descaling_pump,1.2549,0.2769,59.7874,1.062,0,,train
2025-01-18 06:00:00,BF.CW.PMP02,cooling_descaling_pump,1.4324,0.3982,62.2882,1.0761,0,,train
2025-01-18 07:00:00,BF.CW.PMP02,cooling_descaling_pump,1.3199,-0.3668,61.8171,1.0685,0,,train
2025-01-18 08:00:00,BF.CW.PMP02,cooling_descaling_pump,1.2067,-0.3832,59.511,0.9523,0,,train
2025-01-18 09:00:00,BF.CW.PMP02,cooling_descaling_pump,1.1051,-0.3115,57.9008,0.8526,0,,train
2025-01-18 10:00:00,BF.CW.PMP02,cooling_descaling_pump,0.9958,-0.5822,57.116,0.89,0,,train
2025-01-18 11:00:00,BF.CW.PMP02,cooling_descaling_pump,1.0348,-0.1987,57.313,0.8896,0,,train
2025-01-18 12:00:00,BF.CW.PMP02,cooling_descaling_pump,0.9653,-0.2263,57.4648,0.9149,0,,train
2025-01-18 13:00:00,BF.CW.PMP02,cooling_descaling_pump,0.9875,-0.2079,58.4405,0.9724,0,,train
2025-01-18 14:00:00,BF.CW.PMP02,cooling_descaling_pump,1.0501,0.2326,59.3775,1.0473,0,,train
2025-01-18 15:00:00,BF.CW.PMP02,cooling_descaling_pump,1.0889,0.3416,59.9361,1.1201,0,,train
2025-01-18 16:00:00,BF.CW.PMP02,cooling_descaling_pump,0.9428,0.702,57.8589,1.0765,0,,train
2025-01-18 17:00:00,BF.CW.PMP02,cooling_descaling_pump,0.934,1.2406,58.7953,1.1144,0,,train
2025-01-18 18:00:00,BF.CW.PMP02,cooling_descaling_pump,0.9706,1.6074,58.8205,1.1208,0,,train
2025-01-18 19:00:00,BF.CW.PMP02,cooling_descaling_pump,1.1166,1.7173,60.4575,1.0413,0,,train
2025-01-18 20:00:00,BF.CW.PMP02,cooling_descaling_pump,1.0235,1.0982,59.6124,1.0088,0,,train
2025-01-18 21:00:00,BF.CW.PMP02,cooling_descaling_pump,1.0692,1.4792,60.126,1.0543,0,,train
2025-01-18 22:00:00,BF.CW.PMP02,cooling_descaling_pump,0.9974,1.3838,60.6804,1.0829,0,,train
2025-01-18 23:00:00,BF.CW.PMP02,cooling_descaling_pump,1.0086,1.1565,61.3457,1.0942,0,,train
2025-01-19 00:00:00,BF.CW.PMP02,cooling_descaling_pump,0.9354,1.0307,60.5896,1.0765,0,,train
2025-01-19 01:00:00,BF.CW.PMP02,cooling_descaling_pump,0.9327,0.5316,61.0114,1.1724,0,,train
2025-01-19 02:00:00,BF.CW.PMP02,cooling_descaling_pump,1.0891,0.3499,61.8484,1.1628,0,,train
2025-01-19 03:00:00,BF.CW.PMP02,cooling_descaling_pump,1.1124,0.468,64.317,1.1661,0,,train
2025-01-19 04:00:00,BF.CW.PMP02,cooling_descaling_pump,1.1373,0.022,65.7493,1.226,0,,train
2025-01-19 05:00:00,BF.CW.PMP02,cooling_descaling_pump,1.134,0.0508,65.5643,1.2291,0,,train
2025-01-19 06:00:00,BF.CW.PMP02,cooling_descaling_pump,1.1588,0.0215,64.7903,1.2877,0,,train
2025-01-19 07:00:00,BF.CW.PMP02,cooling_descaling_pump,1.2488,0.0767,65.4236,1.2695,0,,train
2025-01-19 08:00:00,BF.CW.PMP02,cooling_descaling_pump,1.2534,0.0596,62.9347,1.1193,0,,train
2025-01-19 09:00:00,BF.CW.PMP02,cooling_descaling_pump,1.0861,-0.0932,61.4689,1.0773,0,,train
2025-01-19 10:00:00,BF.CW.PMP02,cooling_descaling_pump,0.9916,-0.3809,62.9188,1.197,0,,train
2025-01-19 11:00:00,BF.CW.PMP02,cooling_descaling_pump,1.1443,-0.3118,63.1585,1.1239,0,,train
2025-01-19 12:00:00,BF.CW.PMP02,cooling_descaling_pump,0.8776,-0.5473,61.1105,1.0766,0,,train
2025-01-19 13:00:00,BF.CW.PMP02,cooling_descaling_pump,0.6945,-0.9981,59.1787,1.1052,0,,train
2025-01-19 14:00:00,BF.CW.PMP02,cooling_descaling_pump,0.6337,-1.2145,56.4498,0.9919,0,,train
2025-01-19 15:00:00,BF.CW.PMP02,cooling_descaling_pump,0.8566,-0.9497,57.017,0.9707,0,,train
2025-01-19 16:00:00,BF.CW.PMP02,cooling_descaling_pump,1.0078,-1.3802,58.5182,0.9603,0,,train
2025-01-19 17:00:00,BF.CW.PMP02,cooling_descaling_pump,0.9529,-1.0388,56.4734,0.9315,0,,train
2025-01-19 18:00:00,BF.CW.PMP02,cooling_descaling_pump,0.855,-0.6776,55.3297,0.8055,0,,train
2025-01-19 19:00:00,BF.CW.PMP02,cooling_descaling_pump,0.795,-0.9965,54.9105,0.8663,0,,train
2025-01-19 20:00:00,BF.CW.PMP02,cooling_descaling_pump,1.0493,-0.6447,56.6334,0.8657,0,,train
2025-01-19 21:00:00,BF.CW.PMP02,cooling_descaling_pump,1.062,-0.6345,55.8715,0.7426,0,,train
2025-01-19 22:00:00,BF.CW.PMP02,cooling_descaling_pump,0.9045,-0.6995,55.4645,0.7257,0,,train
2025-01-19 23:00:00,BF.CW.PMP02,cooling_descaling_pump,0.9998,-0.1334,55.6178,0.7658,0,,train
2025-01-20 00:00:00,BF.CW.PMP02,cooling_descaling_pump,1.0277,0.2361,55.695,0.7416,0,,train
2025-01-20 01:00:00,BF.CW.PMP02,cooling_descaling_pump,1.145,-0.1193,56.918,0.79,0,,train
2025-01-20 02:00:00,BF.CW.PMP02,cooling_descaling_pump,1.1589,0.0997,58.9924,0.8307,0,,train
2025-01-20 03:00:00,BF.CW.PMP02,cooling_descaling_pump,1.2763,0.1293,59.5779,0.7375,0,,train
2025-01-20 04:00:00,BF.CW.PMP02,cooling_descaling_pump,1.1301,-0.7048,59.4666,0.7519,0,,train
2025-01-20 05:00:00,BF.CW.PMP02,cooling_descaling_pump,1.1346,-0.7968,57.9527,0.6424,0,,train
2025-01-20 06:00:00,BF.CW.PMP02,cooling_descaling_pump,1.0654,-0.9838,57.7685,0.588,0,,train
2025-01-20 07:00:00,BF.CW.PMP02,cooling_descaling_pump,1.2906,-1.4721,59.2956,0.648,0,,train
2025-01-20 08:00:00,BF.CW.PMP02,cooling_descaling_pump,1.2132,-1.9401,59.2429,0.7007,0,,train
2025-01-20 09:00:00,BF.CW.PMP02,cooling_descaling_pump,1.1898,-0.7511,59.5414,0.7209,0,,train
2025-01-20 10:00:00,BF.CW.PMP02,cooling_descaling_pump,1.1937,-0.2386,58.5062,0.6683,0,,train
2025-01-20 11:00:00,BF.CW.PMP02,cooling_descaling_pump,1.0179,-0.3121,57.7063,0.6703,0,,train
2025-01-20 12:00:00,BF.CW.PMP02,cooling_descaling_pump,0.9741,-0.4174,58.3351,0.7704,0,,train
2025-01-20 13:00:00,BF.CW.PMP02,cooling_descaling_pump,0.9677,-0.5657,59.33,0.7983,0,,train
2025-01-20 14:00:00,BF.CW.PMP02,cooling_descaling_pump,1.1326,-0.4644,59.4612,0.7901,0,,train
2025-01-20 15:00:00,BF.CW.PMP02,cooling_descaling_pump,1.1347,-0.9835,58.6763,0.7971,0,,train
2025-01-20 16:00:00,BF.CW.PMP02,cooling_descaling_pump,1.1901,-0.6018,59.3319,0.9157,0,,train
2025-01-20 17:00:00,BF.CW.PMP02,cooling_descaling_pump,1.2487,-0.8292,60.0898,0.9914,0,,train
2025-01-20 18:00:00,BF.CW.PMP02,cooling_descaling_pump,1.2019,-0.7754,59.9744,0.9352,0,,train
2025-01-20 19:00:00,BF.CW.PMP02,cooling_descaling_pump,1.3254,-0.7553,62.109,1.0124,0,,train
2025-01-20 20:00:00,BF.CW.PMP02,cooling_descaling_pump,1.2097,-0.7463,61.9689,1.0421,0,,train
2025-01-20 21:00:00,BF.CW.PMP02,cooling_descaling_pump,1.1612,-0.689,62.3553,1.1178,0,,train
2025-01-20 22:00:00,BF.CW.PMP02,cooling_descaling_pump,1.3156,-0.2644,63.2054,1.2117,0,,train
2025-01-20 23:00:00,BF.CW.PMP02,cooling_descaling_pump,1.3251,-0.0771,62.9153,1.1529,0,,train
2025-01-21 00:00:00,BF.CW.PMP02,cooling_descaling_pump,1.2626,-0.1703,62.2775,1.1477,0,,train
2025-01-21 01:00:00,BF.CW.PMP02,cooling_descaling_pump,1.2062,-0.9313,62.6107,1.1686,0,,train
2025-01-21 02:00:00,BF.CW.PMP02,cooling_descaling_pump,1.1524,-1.1587,62.5368,1.2323,0,,train
2025-01-21 03:00:00,BF.CW.PMP02,cooling_descaling_pump,1.2412,-1.2959,63.8015,1.2512,0,,train
2025-01-21 04:00:00,BF.CW.PMP02,cooling_descaling_pump,1.1417,-0.8467,63.6079,1.2777,0,,train
2025-01-21 05:00:00,BF.CW.PMP02,cooling_descaling_pump,1.0426,-0.5758,63.0202,1.2742,0,,train
2025-01-21 06:00:00,BF.CW.PMP02,cooling_descaling_pump,1.0871,-0.3436,62.7237,1.2119,0,,train
2025-01-21 07:00:00,BF.CW.PMP02,cooling_descaling_pump,0.9871,-0.337,62.6468,1.2028,0,,train
2025-01-21 08:00:00,BF.CW.PMP02,cooling_descaling_pump,1.0714,0.4244,61.3485,1.0979,0,,train
2025-01-21 09:00:00,BF.CW.PMP02,cooling_descaling_pump,1.0725,0.3612,61.7712,1.1504,0,,train
2025-01-21 10:00:00,BF.CW.PMP02,cooling_descaling_pump,0.9903,0.3402,59.9315,1.1458,0,,train
2025-01-21 11:00:00,BF.CW.PMP02,cooling_descaling_pump,0.9054,0.4281,59.1383,1.1425,0,,train
2025-01-21 12:00:00,BF.CW.PMP02,cooling_descaling_pump,1.0204,-0.3017,59.2794,1.2042,0,,train
2025-01-21 13:00:00,BF.CW.PMP02,cooling_descaling_pump,1.0439,-0.0994,59.6242,1.1706,0,,train
2025-01-21 14:00:00,BF.CW.PMP02,cooling_descaling_pump,1.0673,-0.9475,57.9368,1.0591,0,,train
2025-01-21 15:00:00,BF.CW.PMP02,cooling_descaling_pump,1.0915,-0.5675,58.0747,1.1363,0,,train
2025-01-21 16:00:00,BF.CW.PMP02,cooling_descaling_pump,1.1466,-0.1379,57.5983,1.0842,0,,train
2025-01-21 17:00:00,BF.CW.PMP02,cooling_descaling_pump,1.1394,-0.044,58.1708,1.1477,0,,train
2025-01-21 18:00:00,BF.CW.PMP02,cooling_descaling_pump,1.2822,0.0212,57.3054,1.0784,0,,train
2025-01-21 19:00:00,BF.CW.PMP02,cooling_descaling_pump,1.3362,0.1551,57.3918,1.0387,0,,train
2025-01-21 20:00:00,BF.CW.PMP02,cooling_descaling_pump,1.4946,0.5547,58.4445,1.0567,0,,train
2025-01-21 21:00:00,BF.CW.PMP02,cooling_descaling_pump,1.5671,0.5543,60.0028,1.0459,0,,train
2025-01-21 22:00:00,BF.CW.PMP02,cooling_descaling_pump,1.639,0.2326,60.898,1.0647,0,,train
2025-01-21 23:00:00,BF.CW.PMP02,cooling_descaling_pump,1.5048,-0.2029,60.9645,1.0912,0,,train
2025-01-22 00:00:00,BF.CW.PMP02,cooling_descaling_pump,1.461,-0.2399,61.379,1.0482,0,,train
2025-01-22 01:00:00,BF.CW.PMP02,cooling_descaling_pump,1.3434,0.5251,62.0941,1.0277,0,,train
2025-01-22 02:00:00,BF.CW.PMP02,cooling_descaling_pump,1.2772,0.5014,62.0032,1.0529,0,,train
2025-01-22 03:00:00,BF.CW.PMP02,cooling_descaling_pump,1.1697,0.0367,61.1735,1.0844,0,,train
2025-01-22 04:00:00,BF.CW.PMP02,cooling_descaling_pump,1.3328,0.3769,61.246,1.0285,0,,train
2025-01-22 05:00:00,BF.CW.PMP02,cooling_descaling_pump,1.309,1.2779,61.5739,1.0653,0,,train
2025-01-22 06:00:00,BF.CW.PMP02,cooling_descaling_pump,1.3552,1.2714,62.5169,1.0385,0,,train
2025-01-22 07:00:00,BF.CW.PMP02,cooling_descaling_pump,1.4365,0.5588,60.8695,0.8868,0,,train
2025-01-22 08:00:00,BF.CW.PMP02,cooling_descaling_pump,1.4063,0.3502,60.7122,0.8469,0,,train
2025-01-22 09:00:00,BF.CW.PMP02,cooling_descaling_pump,1.4234,0.5381,61.0625,0.9146,0,,train
2025-01-22 10:00:00,BF.CW.PMP02,cooling_descaling_pump,1.3741,0.8042,60.3612,0.8867,0,,train
2025-01-22 11:00:00,BF.CW.PMP02,cooling_descaling_pump,1.4824,0.0339,61.0492,0.8142,0,,train
2025-01-22 12:00:00,BF.CW.PMP02,cooling_descaling_pump,1.3203,-0.3113,60.4761,0.9235,0,,train
2025-01-22 13:00:00,BF.CW.PMP02,cooling_descaling_pump,1.3341,-0.3921,59.7211,0.8972,0,,train
2025-01-22 14:00:00,BF.CW.PMP02,cooling_descaling_pump,1.2644,-0.2902,59.5238,1.0005,0,,train
2025-01-22 15:00:00,BF.CW.PMP02,cooling_descaling_pump,1.1487,-0.2659,59.2092,0.9979,0,,train
2025-01-22 16:00:00,BF.CW.PMP02,cooling_descaling_pump,1.1886,0.2743,58.5898,0.9743,0,,train
2025-01-22 17:00:00,BF.CW.PMP02,cooling_descaling_pump,1.2673,0.6375,58.4129,0.9887,0,,train
2025-01-22 18:00:00,BF.CW.PMP02,cooling_descaling_pump,1.2915,1.4304,56.9725,0.96,0,,train
2025-01-22 19:00:00,BF.CW.PMP02,cooling_descaling_pump,1.1878,1.4492,56.0414,0.9347,0,,train
2025-01-22 20:00:00,BF.CW.PMP02,cooling_descaling_pump,1.0349,1.25,56.7135,1.0446,0,,train
2025-01-22 21:00:00,BF.CW.PMP02,cooling_descaling_pump,1.1144,1.5464,57.2761,1.0464,0,,train
2025-01-22 22:00:00,BF.CW.PMP02,cooling_descaling_pump,1.1442,1.5863,57.6559,0.9804,0,,train
2025-01-22 23:00:00,BF.CW.PMP02,cooling_descaling_pump,1.2005,1.3488,57.1129,0.9366,0,,train
2025-01-23 00:00:00,BF.CW.PMP02,cooling_descaling_pump,1.1985,1.7017,57.724,1.0293,0,,train
2025-01-23 01:00:00,BF.CW.PMP02,cooling_descaling_pump,1.2312,1.9037,59.1003,1.0393,0,,train
2025-01-23 02:00:00,BF.CW.PMP02,cooling_descaling_pump,1.1582,1.196,57.0386,0.9477,0,,train
2025-01-23 03:00:00,BF.CW.PMP02,cooling_descaling_pump,1.2587,1.7557,57.4637,0.8848,0,,train
2025-01-23 04:00:00,BF.CW.PMP02,cooling_descaling_pump,1.2643,1.106,58.398,1.0331,0,,train
2025-01-23 05:00:00,BF.CW.PMP02,cooling_descaling_pump,1.2901,0.513,59.6995,1.0695,0,,train
2025-01-23 06:00:00,BF.CW.PMP02,cooling_descaling_pump,1.26,-0.018,59.0039,0.9426,0,,train
2025-01-23 07:00:00,BF.CW.PMP02,cooling_descaling_pump,1.0934,-0.1604,59.3204,1.0459,0,,train
2025-01-23 08:00:00,BF.CW.PMP02,cooling_descaling_pump,1.0149,0.5423,57.3282,0.9616,0,,train
2025-01-23 09:00:00,BF.CW.PMP02,cooling_descaling_pump,0.9122,0.999,56.2149,0.9677,0,,train
2025-01-23 10:00:00,BF.CW.PMP02,cooling_descaling_pump,0.9572,1.1831,56.0371,0.9543,0,,train
2025-01-23 11:00:00,BF.CW.PMP02,cooling_descaling_pump,0.85,0.9011,55.4584,1.0696,0,,train
2025-01-23 12:00:00,BF.CW.PMP02,cooling_descaling_pump,1.0013,0.2356,55.9289,1.0846,0,,train
2025-01-23 13:00:00,BF.CW.PMP02,cooling_descaling_pump,0.9047,0.2991,55.5518,1.1603,0,,train
2025-01-23 14:00:00,BF.CW.PMP02,cooling_descaling_pump,0.8865,0.1671,54.3219,1.1293,0,,train
2025-01-23 15:00:00,BF.CW.PMP02,cooling_descaling_pump,1.0029,0.9805,55.0957,1.1286,0,,train
2025-01-23 16:00:00,BF.CW.PMP02,cooling_descaling_pump,0.8634,0.9202,53.8768,1.1634,0,,train
2025-01-23 17:00:00,BF.CW.PMP02,cooling_descaling_pump,0.9047,0.8631,53.096,1.1698,0,,train
2025-01-23 18:00:00,BF.CW.PMP02,cooling_descaling_pump,0.7829,1.1373,52.2999,1.2031,0,,train
2025-01-23 19:00:00,BF.CW.PMP02,cooling_descaling_pump,0.7346,0.9762,51.0945,1.1217,0,,train
2025-01-23 20:00:00,BF.CW.PMP02,cooling_descaling_pump,0.6603,1.1252,50.2117,1.1555,0,,train
2025-01-23 21:00:00,BF.CW.PMP02,cooling_descaling_pump,0.687,1.2056,49.7664,1.0684,0,,train
2025-01-23 22:00:00,BF.CW.PMP02,cooling_descaling_pump,0.6679,0.8139,50.3989,1.0147,0,,train
2025-01-23 23:00:00,BF.CW.PMP02,cooling_descaling_pump,0.7551,0.7446,49.7758,0.9641,0,,train
2025-01-24 00:00:00,BF.CW.PMP02,cooling_descaling_pump,0.7922,0.539,49.0971,0.8321,0,,train
2025-01-24 01:00:00,BF.CW.PMP02,cooling_descaling_pump,0.835,0.553,50.6815,0.8893,0,,train
2025-01-24 02:00:00,BF.CW.PMP02,cooling_descaling_pump,0.7905,0.0843,50.775,0.9386,0,,train
2025-01-24 03:00:00,BF.CW.PMP02,cooling_descaling_pump,0.7986,-0.0366,51.6905,1.0107,0,,train
2025-01-24 04:00:00,BF.CW.PMP02,cooling_descaling_pump,0.8923,0.4116,52.1535,0.9553,0,,train
2025-01-24 05:00:00,BF.CW.PMP02,cooling_descaling_pump,1.0039,-0.2727,52.3657,0.8691,0,,train
2025-01-24 06:00:00,BF.CW.PMP02,cooling_descaling_pump,0.8426,1.9654,51.52,0.9157,0,,train
2025-01-24 07:00:00,BF.CW.PMP02,cooling_descaling_pump,0.9736,3.8807,52.4676,0.9369,0,,train
2025-01-24 08:00:00,BF.CW.PMP02,cooling_descaling_pump,1.1103,3.6077,52.929,0.9407,0,,train
2025-01-24 09:00:00,BF.CW.PMP02,cooling_descaling_pump,1.0673,2.0512,53.0902,0.9358,0,,train
2025-01-24 10:00:00,BF.CW.PMP02,cooling_descaling_pump,1.158,0.6474,52.7588,0.9225,0,,train
2025-01-24 11:00:00,BF.CW.PMP02,cooling_descaling_pump,1.285,0.1778,53.426,1.0418,0,,train
2025-01-24 12:00:00,BF.CW.PMP02,cooling_descaling_pump,1.3436,0.4553,53.0091,0.9971,0,,train
2025-01-24 13:00:00,BF.CW.PMP02,cooling_descaling_pump,1.24,0.1915,51.0433,0.9328,0,,train
2025-01-24 14:00:00,BF.CW.PMP02,cooling_descaling_pump,1.2664,-0.4377,50.4059,0.9655,0,,train
2025-01-24 15:00:00,BF.CW.PMP02,cooling_descaling_pump,1.2934,-0.4104,51.4676,1.0158,0,,train
2025-01-24 16:00:00,BF.CW.PMP02,cooling_descaling_pump,1.35,-0.4522,52.5964,1.049,0,,train
2025-01-24 17:00:00,BF.CW.PMP02,cooling_descaling_pump,1.0798,0.0844,51.4341,1.1568,0,,train
2025-01-24 18:00:00,BF.CW.PMP02,cooling_descaling_pump,1.2473,0.4017,49.8248,1.1503,0,,train
2025-01-24 19:00:00,BF.CW.PMP02,cooling_descaling_pump,1.1736,0.6163,50.5282,1.1535,0,,train
2025-01-24 20:00:00,BF.CW.PMP02,cooling_descaling_pump,1.0446,0.2366,49.4293,1.2575,0,,train
2025-01-24 21:00:00,BF.CW.PMP02,cooling_descaling_pump,1.0984,-0.7697,51.0254,1.3539,0,,train
2025-01-24 22:00:00,BF.CW.PMP02,cooling_descaling_pump,1.0828,-0.7171,51.1391,1.4223,0,,train
2025-01-24 23:00:00,BF.CW.PMP02,cooling_descaling_pump,1.0781,-1.4165,52.2343,1.5089,0,,train
2025-01-25 00:00:00,BF.CW.PMP02,cooling_descaling_pump,1.1672,-0.8813,52.2853,1.4012,0,,train
2025-01-25 01:00:00,BF.CW.PMP02,cooling_descaling_pump,1.2153,-0.9164,53.356,1.4001,0,,train
2025-01-25 02:00:00,BF.CW.PMP02,cooling_descaling_pump,1.2208,-1.8118,54.5078,1.3677,0,,train
2025-01-25 03:00:00,BF.CW.PMP02,cooling_descaling_pump,1.1345,-1.5768,52.1476,1.2373,0,,train
2025-01-25 04:00:00,BF.CW.PMP02,cooling_descaling_pump,1.3175,-1.2644,53.362,1.2162,0,,train
2025-01-25 05:00:00,BF.CW.PMP02,cooling_descaling_pump,1.3523,-1.5242,51.3922,1.0903,0,,train
2025-01-25 06:00:00,BF.CW.PMP02,cooling_descaling_pump,1.3949,-1.7524,53.6977,1.0303,0,,train
2025-01-25 07:00:00,BF.CW.PMP02,cooling_descaling_pump,1.3539,-1.2578,52.8673,1.0546,0,,train
2025-01-25 08:00:00,BF.CW.PMP02,cooling_descaling_pump,1.2593,-0.5413,53.0593,1.1184,0,,train
2025-01-25 09:00:00,BF.CW.PMP02,cooling_descaling_pump,1.1704,-1.0871,52.4855,1.0779,0,,train
2025-01-25 10:00:00,BF.CW.PMP02,cooling_descaling_pump,1.0761,-0.6462,49.6031,0.9966,0,,train
2025-01-25 11:00:00,BF.CW.PMP02,cooling_descaling_pump,1.0455,-1.228,49.5169,1.0637,0,,train
2025-01-25 12:00:00,BF.CW.PMP02,cooling_descaling_pump,1.1024,-0.5686,48.7555,1.1395,0,,train
2025-01-25 13:00:00,BF.CW.PMP02,cooling_descaling_pump,1.2108,-0.1128,48.7839,1.1825,0,,train
2025-01-25 14:00:00,BF.CW.PMP02,cooling_descaling_pump,1.2637,-0.7052,48.5132,1.1351,0,,train
2025-01-25 15:00:00,BF.CW.PMP02,cooling_descaling_pump,1.2941,-0.0124,47.2264,1.08,0,,train
2025-01-25 16:00:00,BF.CW.PMP02,cooling_descaling_pump,1.2584,0.0266,48.5258,1.1221,0,,train
2025-01-25 17:00:00,BF.CW.PMP02,cooling_descaling_pump,1.2925,0.475,49.1768,1.2123,0,,train
2025-01-25 18:00:00,BF.CW.PMP02,cooling_descaling_pump,1.3076,0.8362,48.5199,1.1056,0,,train
2025-01-25 19:00:00,BF.CW.PMP02,cooling_descaling_pump,1.2168,0.7831,48.1576,1.0979,0,,train
2025-01-25 20:00:00,BF.CW.PMP02,cooling_descaling_pump,1.2042,0.5803,47.0498,1.0611,0,,train
2025-01-25 21:00:00,BF.CW.PMP02,cooling_descaling_pump,1.4219,0.1815,47.1319,1.0166,0,,train
2025-01-25 22:00:00,BF.CW.PMP02,cooling_descaling_pump,1.3823,0.1838,47.8091,1.0689,0,,train
2025-01-25 23:00:00,BF.CW.PMP02,cooling_descaling_pump,1.4553,-0.2128,48.592,1.0153,0,,train
2025-01-26 00:00:00,BF.CW.PMP02,cooling_descaling_pump,1.337,-0.3453,47.7774,1.0086,0,,train
2025-01-26 01:00:00,BF.CW.PMP02,cooling_descaling_pump,1.2145,-0.8927,47.6067,1.1262,0,,train
2025-01-26 02:00:00,BF.CW.PMP02,cooling_descaling_pump,1.1437,-0.331,47.6256,1.1248,0,,train
2025-01-26 03:00:00,BF.CW.PMP02,cooling_descaling_pump,1.1338,-0.8665,48.406,1.08,0,,train
2025-01-26 04:00:00,BF.CW.PMP02,cooling_descaling_pump,1.0364,-0.1989,47.574,1.0854,0,,train
2025-01-26 05:00:00,BF.CW.PMP02,cooling_descaling_pump,1.0215,0.3825,48.5795,1.1197,0,,train
2025-01-26 06:00:00,BF.CW.PMP02,cooling_descaling_pump,1.0167,0.1726,48.6187,1.0519,0,,train
2025-01-26 07:00:00,BF.CW.PMP02,cooling_descaling_pump,0.9846,0.0388,47.6388,1.0484,0,,train
2025-01-26 08:00:00,BF.CW.PMP02,cooling_descaling_pump,1.1563,0.481,48.6402,1.0933,0,,train
2025-01-26 09:00:00,BF.CW.PMP02,cooling_descaling_pump,1.2714,0.344,49.4712,1.1785,0,,train
2025-01-26 10:00:00,BF.CW.PMP02,cooling_descaling_pump,1.2452,0.138,49.5785,1.16,0,,train
2025-01-26 11:00:00,BF.CW.PMP02,cooling_descaling_pump,1.2925,0.758,48.1409,1.0983,0,,train
2025-01-26 12:00:00,BF.CW.PMP02,cooling_descaling_pump,1.2364,0.9036,47.8623,1.0539,0,,train
2025-01-26 13:00:00,BF.CW.PMP02,cooling_descaling_pump,1.2123,1.222,47.9865,1.0105,0,,train
2025-01-26 14:00:00,BF.CW.PMP02,cooling_descaling_pump,1.222,0.3366,47.5828,1.0272,0,,train
2025-01-26 15:00:00,BF.CW.PMP02,cooling_descaling_pump,1.1717,-0.1936,46.5748,1.0633,0,,train
2025-01-26 16:00:00,BF.CW.PMP02,cooling_descaling_pump,1.1337,0.2013,46.6522,1.0705,0,,train
2025-01-26 17:00:00,BF.CW.PMP02,cooling_descaling_pump,1.2491,0.6668,47.4472,0.9535,0,,train
2025-01-26 18:00:00,BF.CW.PMP02,cooling_descaling_pump,1.3869,-0.0335,49.1978,1.1016,0,,train
2025-01-26 19:00:00,BF.CW.PMP02,cooling_descaling_pump,1.2471,0.2879,49.0592,1.1455,0,,train
2025-01-26 20:00:00,BF.CW.PMP02,cooling_descaling_pump,1.1033,0.5232,49.0815,1.2278,0,,train
2025-01-26 21:00:00,BF.CW.PMP02,cooling_descaling_pump,1.1057,0.7176,50.9877,1.3088,0,,train
2025-01-26 22:00:00,BF.CW.PMP02,cooling_descaling_pump,1.1402,0.9785,51.582,1.2947,0,,train
2025-01-26 23:00:00,BF.CW.PMP02,cooling_descaling_pump,1.1844,0.8475,53.0355,1.2909,0,,train
2025-01-27 00:00:00,BF.CW.PMP02,cooling_descaling_pump,1.035,0.0016,51.6332,1.1997,0,,train
2025-01-27 01:00:00,BF.CW.PMP02,cooling_descaling_pump,1.113,-0.3804,52.4319,1.2919,0,,train
2025-01-27 02:00:00,BF.CW.PMP02,cooling_descaling_pump,0.9605,-0.4003,52.22,1.2583,0,,train
2025-01-27 03:00:00,BF.CW.PMP02,cooling_descaling_pump,0.9232,-0.291,53.4166,1.3203,0,,train
2025-01-27 04:00:00,BF.CW.PMP02,cooling_descaling_pump,0.7992,-0.4861,52.6641,1.2479,0,,train
2025-01-27 05:00:00,BF.CW.PMP02,cooling_descaling_pump,0.7579,0.2498,52.4653,1.2406,0,,train
2025-01-27 06:00:00,BF.CW.PMP02,cooling_descaling_pump,0.7397,0.3516,52.3854,1.2637,0,,train
2025-01-27 07:00:00,BF.CW.PMP02,cooling_descaling_pump,0.8581,0.19,51.4621,1.1395,0,,train
2025-01-27 08:00:00,BF.CW.PMP02,cooling_descaling_pump,0.6769,0.5355,49.8863,1.1073,0,,train
2025-01-27 09:00:00,BF.CW.PMP02,cooling_descaling_pump,0.7928,0.1387,50.2019,1.1227,0,,train
2025-01-27 10:00:00,BF.CW.PMP02,cooling_descaling_pump,0.822,-0.0902,49.0477,1.1681,0,,train
2025-01-27 11:00:00,BF.CW.PMP02,cooling_descaling_pump,0.7931,0.1753,48.8068,1.2861,0,,train
2025-01-27 12:00:00,BF.CW.PMP02,cooling_descaling_pump,0.6236,-0.0661,48.5975,1.3329,0,,train
2025-01-27 13:00:00,BF.CW.PMP02,cooling_descaling_pump,0.7024,-0.9484,49.0258,1.3256,0,,train
2025-01-27 14:00:00,BF.CW.PMP02,cooling_descaling_pump,0.5858,-0.6283,48.3875,1.3107,0,,train
2025-01-27 15:00:00,BF.CW.PMP02,cooling_descaling_pump,0.4726,-0.2416,47.374,1.305,0,,train
2025-01-27 16:00:00,BF.CW.PMP02,cooling_descaling_pump,0.5757,-0.1673,46.1615,1.1259,0,,train
2025-01-27 17:00:00,BF.CW.PMP02,cooling_descaling_pump,0.6383,-0.2432,45.8187,1.0913,0,,train
2025-01-27 18:00:00,BF.CW.PMP02,cooling_descaling_pump,0.779,-0.3834,47.1084,1.0753,0,,train
2025-01-27 19:00:00,BF.CW.PMP02,cooling_descaling_pump,0.7783,-0.5842,46.3457,1.0434,0,,train
2025-01-27 20:00:00,BF.CW.PMP02,cooling_descaling_pump,0.8145,0.0946,47.0937,1.0846,0,,train
2025-01-27 21:00:00,BF.CW.PMP02,cooling_descaling_pump,0.8565,-0.1052,49.1382,1.1107,0,,train
2025-01-27 22:00:00,BF.CW.PMP02,cooling_descaling_pump,1.0532,0.223,50.4821,1.1403,0,,train
2025-01-27 23:00:00,BF.CW.PMP02,cooling_descaling_pump,1.0637,0.6719,52.0362,1.2548,0,,train
2025-01-28 00:00:00,BF.CW.PMP02,cooling_descaling_pump,1.0331,-0.2647,52.9704,1.2452,0,,train
2025-01-28 01:00:00,BF.CW.PMP02,cooling_descaling_pump,1.1091,0.369,54.7573,1.2554,0,,train
2025-01-28 02:00:00,BF.CW.PMP02,cooling_descaling_pump,1.0631,0.4151,54.2055,1.1108,0,,train
2025-01-28 03:00:00,BF.CW.PMP02,cooling_descaling_pump,1.0521,0.4849,53.2672,1.0368,0,,train
2025-01-28 04:00:00,BF.CW.PMP02,cooling_descaling_pump,1.0852,0.6773,54.1168,1.0654,0,,train
2025-01-28 05:00:00,BF.CW.PMP02,cooling_descaling_pump,1.1907,0.8636,54.4423,0.98,0,,train
2025-01-28 06:00:00,BF.CW.PMP02,cooling_descaling_pump,1.1624,0.5474,53.4631,0.9495,0,,train
2025-01-28 07:00:00,BF.CW.PMP02,cooling_descaling_pump,1.2324,0.2328,54.4376,1.0512,0,,train
2025-01-28 08:00:00,BF.CW.PMP02,cooling_descaling_pump,1.1066,0.3896,54.2425,1.0373,0,,train
2025-01-28 09:00:00,BF.CW.PMP02,cooling_descaling_pump,1.0695,0.0417,55.0171,1.0928,0,,train
2025-01-28 10:00:00,BF.CW.PMP02,cooling_descaling_pump,0.8604,-0.3897,52.0164,0.9961,0,,train
2025-01-28 11:00:00,BF.CW.PMP02,cooling_descaling_pump,0.9052,-0.4028,53.0506,1.0624,0,,train
2025-01-28 12:00:00,BF.CW.PMP02,cooling_descaling_pump,0.8729,-0.7969,52.6148,1.1149,0,,train
2025-01-28 13:00:00,BF.CW.PMP02,cooling_descaling_pump,0.8712,-1.3285,52.6649,1.1697,0,,train
2025-01-28 14:00:00,BF.CW.PMP02,cooling_descaling_pump,0.9023,-0.7598,53.1085,1.2621,0,BF.CW.PMP02::E01,train
2025-01-28 15:00:00,BF.CW.PMP02,cooling_descaling_pump,0.9022,-0.5136,52.8209,1.2825,0,BF.CW.PMP02::E01,train
2025-01-28 16:00:00,BF.CW.PMP02,cooling_descaling_pump,0.9527,-1.0441,52.0607,1.2464,0,BF.CW.PMP02::E01,train
2025-01-28 17:00:00,BF.CW.PMP02,cooling_descaling_pump,0.9868,-1.9627,51.4151,1.1909,0,BF.CW.PMP02::E01,train
2025-01-28 18:00:00,BF.CW.PMP02,cooling_descaling_pump,0.996,-1.5459,51.6367,1.1121,0,BF.CW.PMP02::E01,train
2025-01-28 19:00:00,BF.CW.PMP02,cooling_descaling_pump,1.0989,-1.2821,51.8829,0.9982,0,BF.CW.PMP02::E01,train
2025-01-28 20:00:00,BF.CW.PMP02,cooling_descaling_pump,1.0585,-0.8577,51.8163,0.9649,0,BF.CW.PMP02::E01,train
2025-01-28 21:00:00,BF.CW.PMP02,cooling_descaling_pump,1.2391,-0.9533,53.8672,0.9787,0,BF.CW.PMP02::E01,train
2025-01-28 22:00:00,BF.CW.PMP02,cooling_descaling_pump,1.0846,-1.2574,53.1655,1.0556,0,BF.CW.PMP02::E01,train
2025-01-28 23:00:00,BF.CW.PMP02,cooling_descaling_pump,1.1435,-1.2003,53.2865,1.0815,0,BF.CW.PMP02::E01,train
2025-01-29 00:00:00,BF.CW.PMP02,cooling_descaling_pump,1.211,-0.7902,54.02,1.114,0,BF.CW.PMP02::E01,train
2025-01-29 01:00:00,BF.CW.PMP02,cooling_descaling_pump,1.065,-0.6558,52.475,1.1388,0,BF.CW.PMP02::E01,train
2025-01-29 02:00:00,BF.CW.PMP02,cooling_descaling_pump,1.077,-0.1914,51.6558,1.1006,0,BF.CW.PMP02::E01,train
2025-01-29 03:00:00,BF.CW.PMP02,cooling_descaling_pump,1.1301,-0.3307,51.5373,1.0671,0,BF.CW.PMP02::E01,train
2025-01-29 04:00:00,BF.CW.PMP02,cooling_descaling_pump,1.1381,0.2955,52.4233,1.1964,0,BF.CW.PMP02::E01,train
2025-01-29 05:00:00,BF.CW.PMP02,cooling_descaling_pump,1.3154,-0.0606,53.3023,1.1793,0,BF.CW.PMP02::E01,train
2025-01-29 06:00:00,BF.CW.PMP02,cooling_descaling_pump,1.5413,0.5959,54.674,1.1868,0,BF.CW.PMP02::E01,train
2025-01-29 07:00:00,BF.CW.PMP02,cooling_descaling_pump,1.5658,0.7258,54.6899,1.176,0,BF.CW.PMP02::E01,train
2025-01-29 08:00:00,BF.CW.PMP02,cooling_descaling_pump,1.7728,0.8374,54.1743,1.1236,0,BF.CW.PMP02::E01,train
2025-01-29 09:00:00,BF.CW.PMP02,cooling_descaling_pump,1.6999,0.7549,54.3337,1.1237,0,BF.CW.PMP02::E01,train
2025-01-29 10:00:00,BF.CW.PMP02,cooling_descaling_pump,1.7148,0.6196,55.7219,1.1704,0,BF.CW.PMP02::E01,train
2025-01-29 11:00:00,BF.CW.PMP02,cooling_descaling_pump,1.7279,0.4873,56.0766,1.0507,0,BF.CW.PMP02::E01,train
2025-01-29 12:00:00,BF.CW.PMP02,cooling_descaling_pump,1.6584,-0.1368,55.5773,1.0208,0,BF.CW.PMP02::E01,train
2025-01-29 13:00:00,BF.CW.PMP02,cooling_descaling_pump,1.5139,0.2027,53.3753,0.9561,0,BF.CW.PMP02::E01,train
2025-01-29 14:00:00,BF.CW.PMP02,cooling_descaling_pump,1.6057,0.2128,53.9815,0.9621,0,BF.CW.PMP02::E01,train
2025-01-29 15:00:00,BF.CW.PMP02,cooling_descaling_pump,1.6507,0.7959,54.7843,0.9176,0,BF.CW.PMP02::E01,train
2025-01-29 16:00:00,BF.CW.PMP02,cooling_descaling_pump,1.6887,0.785,55.7425,0.9624,0,BF.CW.PMP02::E01,train
2025-01-29 17:00:00,BF.CW.PMP02,cooling_descaling_pump,1.7376,1.0747,55.4076,0.9866,0,BF.CW.PMP02::E01,train
2025-01-29 18:00:00,BF.CW.PMP02,cooling_descaling_pump,1.76,1.2276,55.8126,0.9677,0,BF.CW.PMP02::E01,train
2025-01-29 19:00:00,BF.CW.PMP02,cooling_descaling_pump,1.6525,0.7783,55.9618,1.004,0,BF.CW.PMP02::E01,train
2025-01-29 20:00:00,BF.CW.PMP02,cooling_descaling_pump,1.6515,0.8983,56.3759,0.97,0,BF.CW.PMP02::E01,train
2025-01-29 21:00:00,BF.CW.PMP02,cooling_descaling_pump,1.7055,1.1328,56.5259,0.9445,0,BF.CW.PMP02::E01,train
2025-01-29 22:00:00,BF.CW.PMP02,cooling_descaling_pump,1.6629,1.1456,58.4883,1.0808,0,BF.CW.PMP02::E01,train
2025-01-29 23:00:00,BF.CW.PMP02,cooling_descaling_pump,1.6998,1.823,59.2498,0.9891,0,BF.CW.PMP02::E01,train
2025-01-30 00:00:00,BF.CW.PMP02,cooling_descaling_pump,1.5627,1.4689,59.5735,1.0903,0,BF.CW.PMP02::E01,train
2025-01-30 01:00:00,BF.CW.PMP02,cooling_descaling_pump,1.5551,1.8101,60.9353,1.1059,0,BF.CW.PMP02::E01,train
2025-01-30 02:00:00,BF.CW.PMP02,cooling_descaling_pump,1.5976,1.1221,62.0886,1.0767,0,BF.CW.PMP02::E01,train
2025-01-30 03:00:00,BF.CW.PMP02,cooling_descaling_pump,1.5195,1.142,62.5601,1.0249,0,BF.CW.PMP02::E01,train
2025-01-30 04:00:00,BF.CW.PMP02,cooling_descaling_pump,1.5596,1.1634,66.0307,1.1029,0,BF.CW.PMP02::E01,train
2025-01-30 05:00:00,BF.CW.PMP02,cooling_descaling_pump,1.5328,1.5344,66.6528,1.0667,0,BF.CW.PMP02::E01,train
2025-01-30 06:00:00,BF.CW.PMP02,cooling_descaling_pump,1.4314,1.3547,65.8023,1.0857,0,BF.CW.PMP02::E01,train
2025-01-30 07:00:00,BF.CW.PMP02,cooling_descaling_pump,1.4518,1.0204,64.3978,1.0802,0,BF.CW.PMP02::E01,train
2025-01-30 08:00:00,BF.CW.PMP02,cooling_descaling_pump,1.4948,1.1361,63.863,0.996,0,BF.CW.PMP02::E01,train
2025-01-30 09:00:00,BF.CW.PMP02,cooling_descaling_pump,1.3833,1.0184,63.8028,1.0353,0,BF.CW.PMP02::E01,train
2025-01-30 10:00:00,BF.CW.PMP02,cooling_descaling_pump,1.3527,0.227,62.7913,1.1019,0,BF.CW.PMP02::E01,train
2025-01-30 11:00:00,BF.CW.PMP02,cooling_descaling_pump,1.444,-0.1669,61.6291,1.0362,0,BF.CW.PMP02::E01,train
2025-01-30 12:00:00,BF.CW.PMP02,cooling_descaling_pump,1.4143,-0.9078,59.9712,0.9139,0,BF.CW.PMP02::E01,train
2025-01-30 13:00:00,BF.CW.PMP02,cooling_descaling_pump,1.2068,-1.5609,58.123,0.8997,0,BF.CW.PMP02::E01,train
2025-01-30 14:00:00,BF.CW.PMP02,cooling_descaling_pump,1.0962,-0.8355,57.9611,0.9773,0,BF.CW.PMP02::E01,train
2025-01-30 15:00:00,BF.CW.PMP02,cooling_descaling_pump,1.1327,-0.4249,57.8191,1.0008,0,BF.CW.PMP02::E01,train
2025-01-30 16:00:00,BF.CW.PMP02,cooling_descaling_pump,1.1366,-0.7879,57.3105,1.0493,0,BF.CW.PMP02::E01,train
2025-01-30 17:00:00,BF.CW.PMP02,cooling_descaling_pump,0.9741,-0.3486,56.2532,1.0299,0,BF.CW.PMP02::E01,train
2025-01-30 18:00:00,BF.CW.PMP02,cooling_descaling_pump,0.9169,0.1849,55.5372,1.0003,0,BF.CW.PMP02::E01,train
2025-01-30 19:00:00,BF.CW.PMP02,cooling_descaling_pump,1.0146,0.0736,56.1165,1.0426,0,BF.CW.PMP02::E01,train
2025-01-30 20:00:00,BF.CW.PMP02,cooling_descaling_pump,1.0149,-0.0293,55.1897,0.9737,0,BF.CW.PMP02::E01,train
2025-01-30 21:00:00,BF.CW.PMP02,cooling_descaling_pump,1.0072,-0.1585,55.2916,0.9454,0,BF.CW.PMP02::E01,train
2025-01-30 22:00:00,BF.CW.PMP02,cooling_descaling_pump,1.0249,0.073,56.4892,0.9688,0,BF.CW.PMP02::E01,train
2025-01-30 23:00:00,BF.CW.PMP02,cooling_descaling_pump,1.0622,0.4342,57.4253,1.0364,0,BF.CW.PMP02::E01,train
2025-01-31 00:00:00,BF.CW.PMP02,cooling_descaling_pump,0.9782,0.8735,57.6358,1.1128,0,BF.CW.PMP02::E01,train
2025-01-31 01:00:00,BF.CW.PMP02,cooling_descaling_pump,1.1286,1.9454,58.543,1.109,0,BF.CW.PMP02::E01,train
2025-01-31 02:00:00,BF.CW.PMP02,cooling_descaling_pump,1.0873,2.5902,58.0661,1.0951,0,BF.CW.PMP02::E01,train
2025-01-31 03:00:00,BF.CW.PMP02,cooling_descaling_pump,1.01,3.4701,57.7045,1.0874,0,BF.CW.PMP02::E01,train
2025-01-31 04:00:00,BF.CW.PMP02,cooling_descaling_pump,1.0513,3.6731,56.1262,0.9462,0,BF.CW.PMP02::E01,train
2025-01-31 05:00:00,BF.CW.PMP02,cooling_descaling_pump,1.041,4.2584,55.2527,0.87,0,BF.CW.PMP02::E01,train
2025-01-31 06:00:00,BF.CW.PMP02,cooling_descaling_pump,1.2065,3.7764,54.7926,0.8388,0,BF.CW.PMP02::E01,train
2025-01-31 07:00:00,BF.CW.PMP02,cooling_descaling_pump,1.1962,2.407,55.6039,0.9356,0,BF.CW.PMP02::E01,train
2025-01-31 08:00:00,BF.CW.PMP02,cooling_descaling_pump,1.1349,1.4708,55.0055,0.9339,0,BF.CW.PMP02::E01,train
2025-01-31 09:00:00,BF.CW.PMP02,cooling_descaling_pump,1.0415,0.4715,51.9586,0.8457,0,BF.CW.PMP02::E01,train
2025-01-31 10:00:00,BF.CW.PMP02,cooling_descaling_pump,1.1246,-0.2484,51.9776,0.8597,0,BF.CW.PMP02::E01,train
2025-01-31 11:00:00,BF.CW.PMP02,cooling_descaling_pump,0.9967,-0.4169,50.2527,0.8317,0,BF.CW.PMP02::E01,train
2025-01-31 12:00:00,BF.CW.PMP02,cooling_descaling_pump,1.0253,-0.529,48.6453,0.8127,0,BF.CW.PMP02::E01,train
2025-01-31 13:00:00,BF.CW.PMP02,cooling_descaling_pump,1.0665,-0.6814,47.9833,0.8743,0,BF.CW.PMP02::E01,train
2025-01-31 14:00:00,BF.CW.PMP02,cooling_descaling_pump,1.0934,-0.5436,47.7619,0.9026,0,BF.CW.PMP02::E01,train
2025-01-31 15:00:00,BF.CW.PMP02,cooling_descaling_pump,1.2854,-0.2792,48.0304,0.9522,0,BF.CW.PMP02::E01,train
2025-01-31 16:00:00,BF.CW.PMP02,cooling_descaling_pump,1.3192,-0.5153,48.7663,0.9762,0,BF.CW.PMP02::E01,train
2025-01-31 17:00:00,BF.CW.PMP02,cooling_descaling_pump,1.2894,-0.8935,48.5213,1.0028,0,BF.CW.PMP02::E01,train
2025-01-31 18:00:00,BF.CW.PMP02,cooling_descaling_pump,1.2865,-0.5883,49.8,1.0975,0,BF.CW.PMP02::E01,train
2025-01-31 19:00:00,BF.CW.PMP02,cooling_descaling_pump,1.3935,-0.3685,50.6635,1.0619,0,BF.CW.PMP02::E01,train
2025-01-31 20:00:00,BF.CW.PMP02,cooling_descaling_pump,1.3713,-0.2243,50.5003,1.0284,0,BF.CW.PMP02::E01,train
2025-01-31 21:00:00,BF.CW.PMP02,cooling_descaling_pump,1.2854,-0.2011,49.5271,0.9192,0,BF.CW.PMP02::E01,train
2025-01-31 22:00:00,BF.CW.PMP02,cooling_descaling_pump,1.2455,-0.4738,49.5445,0.8676,0,BF.CW.PMP02::E01,train
2025-01-31 23:00:00,BF.CW.PMP02,cooling_descaling_pump,1.1875,-0.4385,49.9272,0.84,0,BF.CW.PMP02::E01,train
2025-02-01 00:00:00,BF.CW.PMP02,cooling_descaling_pump,1.2112,-0.7785,49.5242,0.8278,0,BF.CW.PMP02::E01,train
2025-02-01 01:00:00,BF.CW.PMP02,cooling_descaling_pump,1.156,-0.8383,49.5828,0.9204,0,BF.CW.PMP02::E01,train
2025-02-01 02:00:00,BF.CW.PMP02,cooling_descaling_pump,1.2779,-1.24,50.3053,0.9853,0,BF.CW.PMP02::E01,train
2025-02-01 03:00:00,BF.CW.PMP02,cooling_descaling_pump,1.2386,-1.5044,50.6977,0.9848,0,BF.CW.PMP02::E01,train
2025-02-01 04:00:00,BF.CW.PMP02,cooling_descaling_pump,1.2702,-1.0942,51.3281,1.0892,0,BF.CW.PMP02::E01,train
2025-02-01 05:00:00,BF.CW.PMP02,cooling_descaling_pump,1.1871,-1.5347,49.9143,1.0957,0,BF.CW.PMP02::E01,train
2025-02-01 06:00:00,BF.CW.PMP02,cooling_descaling_pump,1.1918,-1.374,50.7036,1.0607,0,BF.CW.PMP02::E01,train
2025-02-01 07:00:00,BF.CW.PMP02,cooling_descaling_pump,1.295,-0.4103,50.8516,1.0404,0,BF.CW.PMP02::E01,train
2025-02-01 08:00:00,BF.CW.PMP02,cooling_descaling_pump,1.1616,-0.0748,48.7387,0.9371,0,BF.CW.PMP02::E01,train
2025-02-01 09:00:00,BF.CW.PMP02,cooling_descaling_pump,1.2211,-0.5676,50.0802,0.9339,0,BF.CW.PMP02::E01,train
2025-02-01 10:00:00,BF.CW.PMP02,cooling_descaling_pump,1.1384,-0.3243,49.6478,0.9535,0,BF.CW.PMP02::E01,train
2025-02-01 11:00:00,BF.CW.PMP02,cooling_descaling_pump,1.1824,-0.1345,50.0609,0.9653,0,BF.CW.PMP02::E01,train
2025-02-01 12:00:00,BF.CW.PMP02,cooling_descaling_pump,1.2249,-0.5036,50.2361,0.9816,0,BF.CW.PMP02::E01,train
2025-02-01 13:00:00,BF.CW.PMP02,cooling_descaling_pump,1.2409,-0.7128,51.1152,1.1252,0,BF.CW.PMP02::E01,train
2025-02-01 14:00:00,BF.CW.PMP02,cooling_descaling_pump,1.4002,-0.6635,50.1381,0.9599,0,BF.CW.PMP02::E01,train
2025-02-01 15:00:00,BF.CW.PMP02,cooling_descaling_pump,1.2232,-1.0753,49.4802,1.0159,0,BF.CW.PMP02::E01,train
2025-02-01 16:00:00,BF.CW.PMP02,cooling_descaling_pump,1.1925,-0.5967,48.2908,0.979,0,BF.CW.PMP02::E01,train
2025-02-01 17:00:00,BF.CW.PMP02,cooling_descaling_pump,1.2997,-1.1029,47.7044,0.9163,0,BF.CW.PMP02::E01,train
2025-02-01 18:00:00,BF.CW.PMP02,cooling_descaling_pump,1.1268,-1.5549,47.7432,0.8666,0,BF.CW.PMP02::E01,train
2025-02-01 19:00:00,BF.CW.PMP02,cooling_descaling_pump,1.0004,-1.2058,47.8901,0.8308,0,BF.CW.PMP02::E01,train
2025-02-01 20:00:00,BF.CW.PMP02,cooling_descaling_pump,1.0386,-0.8837,47.0518,0.7758,0,BF.CW.PMP02::E01,train
2025-02-01 21:00:00,BF.CW.PMP02,cooling_descaling_pump,1.0089,-0.8095,47.1821,0.7676,0,BF.CW.PMP02::E01,train
2025-02-01 22:00:00,BF.CW.PMP02,cooling_descaling_pump,1.0032,-0.5737,46.3755,0.8587,0,BF.CW.PMP02::E01,train
2025-02-01 23:00:00,BF.CW.PMP02,cooling_descaling_pump,0.9362,-0.9415,46.5302,0.9073,0,BF.CW.PMP02::E01,train
2025-02-02 00:00:00,BF.CW.PMP02,cooling_descaling_pump,0.9243,-0.8107,46.7995,0.9847,0,BF.CW.PMP02::E01,train
2025-02-02 01:00:00,BF.CW.PMP02,cooling_descaling_pump,0.9053,-1.2695,46.1036,0.8931,0,BF.CW.PMP02::E01,train
2025-02-02 02:00:00,BF.CW.PMP02,cooling_descaling_pump,1.0751,-0.6683,46.6604,0.8587,0,BF.CW.PMP02::E01,train
2025-02-02 03:00:00,BF.CW.PMP02,cooling_descaling_pump,1.0451,-0.5652,45.6624,0.8029,0,BF.CW.PMP02::E01,train
2025-02-02 04:00:00,BF.CW.PMP02,cooling_descaling_pump,1.0312,-0.8589,46.7715,0.841,0,BF.CW.PMP02::E01,train
2025-02-02 05:00:00,BF.CW.PMP02,cooling_descaling_pump,1.3167,-0.6568,47.8247,0.8623,0,BF.CW.PMP02::E01,train
2025-02-02 06:00:00,BF.CW.PMP02,cooling_descaling_pump,1.5117,-0.3161,49.0343,0.8163,0,BF.CW.PMP02::E01,train
2025-02-02 07:00:00,BF.CW.PMP02,cooling_descaling_pump,1.544,-0.3292,48.0216,0.6811,0,BF.CW.PMP02::E01,train
2025-02-02 08:00:00,BF.CW.PMP02,cooling_descaling_pump,1.7195,-0.1607,49.9949,0.7866,0,BF.CW.PMP02::E01,train
2025-02-02 09:00:00,BF.CW.PMP02,cooling_descaling_pump,1.5915,-0.0057,49.0963,0.8287,0,BF.CW.PMP02::E01,train
2025-02-02 10:00:00,BF.CW.PMP02,cooling_descaling_pump,1.4857,-0.0632,47.2525,0.7612,0,BF.CW.PMP02::E01,train
2025-02-02 11:00:00,BF.CW.PMP02,cooling_descaling_pump,1.4675,0.029,47.409,0.9604,0,BF.CW.PMP02::E01,train
2025-02-02 12:00:00,BF.CW.PMP02,cooling_descaling_pump,1.4821,-0.3508,47.3717,1.0027,0,BF.CW.PMP02::E01,train
2025-02-02 13:00:00,BF.CW.PMP02,cooling_descaling_pump,1.4801,-0.2871,45.5752,0.9335,0,BF.CW.PMP02::E01,train
2025-02-02 14:00:00,BF.CW.PMP02,cooling_descaling_pump,1.4347,0.0657,45.5221,1.0533,0,BF.CW.PMP02::E01,train
2025-02-02 15:00:00,BF.CW.PMP02,cooling_descaling_pump,1.5121,-0.1729,45.4804,1.0661,0,BF.CW.PMP02::E01,train
2025-02-02 16:00:00,BF.CW.PMP02,cooling_descaling_pump,1.5227,0.0135,45.3119,1.0688,0,BF.CW.PMP02::E01,train
2025-02-02 17:00:00,BF.CW.PMP02,cooling_descaling_pump,1.5909,-0.5959,45.8164,1.1538,0,BF.CW.PMP02::E01,train
2025-02-02 18:00:00,BF.CW.PMP02,cooling_descaling_pump,1.6387,-0.54,46.6484,1.2298,0,BF.CW.PMP02::E01,train
2025-02-02 19:00:00,BF.CW.PMP02,cooling_descaling_pump,1.6159,-1.1696,45.8405,1.1264,0,BF.CW.PMP02::E01,train
2025-02-02 20:00:00,BF.CW.PMP02,cooling_descaling_pump,1.7842,-0.6475,48.0758,1.1126,0,BF.CW.PMP02::E01,train
2025-02-02 21:00:00,BF.CW.PMP02,cooling_descaling_pump,1.7049,-1.0023,49.7956,1.2153,0,BF.CW.PMP02::E01,train
2025-02-02 22:00:00,BF.CW.PMP02,cooling_descaling_pump,1.6966,-0.2676,50.4342,1.1801,0,BF.CW.PMP02::E01,train
2025-02-02 23:00:00,BF.CW.PMP02,cooling_descaling_pump,1.7,-0.2024,53.282,1.3165,0,BF.CW.PMP02::E01,train
2025-02-03 00:00:00,BF.CW.PMP02,cooling_descaling_pump,1.7993,0.2333,54.6373,1.2372,0,BF.CW.PMP02::E01,train
2025-02-03 01:00:00,BF.CW.PMP02,cooling_descaling_pump,1.7259,0.8162,55.2778,1.2322,0,BF.CW.PMP02::E01,train
2025-02-03 02:00:00,BF.CW.PMP02,cooling_descaling_pump,1.7137,0.853,56.5126,1.3144,0,BF.CW.PMP02::E01,train
2025-02-03 03:00:00,BF.CW.PMP02,cooling_descaling_pump,1.5427,1.1108,54.9516,1.2656,0,BF.CW.PMP02::E01,train
2025-02-03 04:00:00,BF.CW.PMP02,cooling_descaling_pump,1.641,1.1141,56.0125,1.2666,0,BF.CW.PMP02::E01,train
2025-02-03 05:00:00,BF.CW.PMP02,cooling_descaling_pump,1.5877,1.0091,55.6747,1.2371,0,BF.CW.PMP02::E01,train
2025-02-03 06:00:00,BF.CW.PMP02,cooling_descaling_pump,1.5223,1.0282,56.0865,1.249,0,BF.CW.PMP02::E01,train
2025-02-03 07:00:00,BF.CW.PMP02,cooling_descaling_pump,1.5596,1.0682,57.3641,1.3311,0,BF.CW.PMP02::E01,train
2025-02-03 08:00:00,BF.CW.PMP02,cooling_descaling_pump,1.6342,0.9461,58.2839,1.3725,0,BF.CW.PMP02::E01,train
2025-02-03 09:00:00,BF.CW.PMP02,cooling_descaling_pump,1.5721,0.4287,57.3754,1.2757,0,BF.CW.PMP02::E01,train
2025-02-03 10:00:00,BF.CW.PMP02,cooling_descaling_pump,1.5654,0.2559,55.7889,1.0844,0,BF.CW.PMP02::E01,train
2025-02-03 11:00:00,BF.CW.PMP02,cooling_descaling_pump,1.7089,-0.4015,56.0633,1.0918,0,BF.CW.PMP02::E01,train
2025-02-03 12:00:00,BF.CW.PMP02,cooling_descaling_pump,1.6744,0.1285,55.8118,1.089,0,BF.CW.PMP02::E01,train
2025-02-03 13:00:00,BF.CW.PMP02,cooling_descaling_pump,1.7483,-0.3357,56.17,1.0624,0,BF.CW.PMP02::E01,train
2025-02-03 14:00:00,BF.CW.PMP02,cooling_descaling_pump,1.6038,-0.746,55.2414,1.05,0,BF.CW.PMP02::E01,train
2025-02-03 15:00:00,BF.CW.PMP02,cooling_descaling_pump,1.5731,-1.6517,54.3945,1.0665,0,BF.CW.PMP02::E01,train
2025-02-03 16:00:00,BF.CW.PMP02,cooling_descaling_pump,1.4834,-1.8152,53.8832,1.0705,0,BF.CW.PMP02::E01,train
2025-02-03 17:00:00,BF.CW.PMP02,cooling_descaling_pump,1.4786,-1.6587,53.4087,1.0561,0,BF.CW.PMP02::E01,train
2025-02-03 18:00:00,BF.CW.PMP02,cooling_descaling_pump,1.4083,-1.3452,52.7776,0.9564,0,BF.CW.PMP02::E01,train
2025-02-03 19:00:00,BF.CW.PMP02,cooling_descaling_pump,1.3952,-1.3191,54.0415,1.0335,0,BF.CW.PMP02::E01,train
2025-02-03 20:00:00,BF.CW.PMP02,cooling_descaling_pump,1.3373,-1.0285,53.7593,1.0705,0,BF.CW.PMP02::E01,train
2025-02-03 21:00:00,BF.CW.PMP02,cooling_descaling_pump,1.2601,-0.6443,52.8937,1.0394,0,BF.CW.PMP02::E01,train
2025-02-03 22:00:00,BF.CW.PMP02,cooling_descaling_pump,1.3074,-0.3975,52.8447,1.0266,0,BF.CW.PMP02::E01,train
2025-02-03 23:00:00,BF.CW.PMP02,cooling_descaling_pump,1.3209,0.1676,53.5602,0.9864,0,BF.CW.PMP02::E01,train
2025-02-04 00:00:00,BF.CW.PMP02,cooling_descaling_pump,1.4025,0.353,53.9485,1.0177,0,BF.CW.PMP02::E01,train
2025-02-04 01:00:00,BF.CW.PMP02,cooling_descaling_pump,1.5019,0.2117,54.1903,0.9488,0,BF.CW.PMP02::E01,train
2025-02-04 02:00:00,BF.CW.PMP02,cooling_descaling_pump,1.5988,-0.0186,55.971,1.1,0,BF.CW.PMP02::E01,train
2025-02-04 03:00:00,BF.CW.PMP02,cooling_descaling_pump,1.8003,-0.279,56.9936,1.1117,0,BF.CW.PMP02::E01,train
2025-02-04 04:00:00,BF.CW.PMP02,cooling_descaling_pump,1.7779,-0.1019,57.7741,1.1557,0,BF.CW.PMP02::E01,train
2025-02-04 05:00:00,BF.CW.PMP02,cooling_descaling_pump,1.6945,0.2806,56.3846,1.0981,0,BF.CW.PMP02::E01,train
2025-02-04 06:00:00,BF.CW.PMP02,cooling_descaling_pump,1.7968,0.1173,57.1236,1.0315,0,BF.CW.PMP02::E01,train
2025-02-04 07:00:00,BF.CW.PMP02,cooling_descaling_pump,1.6918,0.5446,55.1921,0.965,0,BF.CW.PMP02::E01,train
2025-02-04 08:00:00,BF.CW.PMP02,cooling_descaling_pump,1.7507,0.3909,55.1811,0.9365,0,BF.CW.PMP02::E01,train
2025-02-04 09:00:00,BF.CW.PMP02,cooling_descaling_pump,1.6013,1.079,54.2773,0.8748,0,BF.CW.PMP02::E01,train
2025-02-04 10:00:00,BF.CW.PMP02,cooling_descaling_pump,1.5292,0.625,52.2312,0.7423,0,BF.CW.PMP02::E01,train
2025-02-04 11:00:00,BF.CW.PMP02,cooling_descaling_pump,1.7268,-0.1285,53.0623,0.7933,0,BF.CW.PMP02::E01,train
2025-02-04 12:00:00,BF.CW.PMP02,cooling_descaling_pump,1.7481,-0.34,53.4351,0.9062,0,BF.CW.PMP02::E01,train
2025-02-04 13:00:00,BF.CW.PMP02,cooling_descaling_pump,1.795,-0.4317,53.6486,0.9554,0,BF.CW.PMP02::E01,train
2025-02-04 14:00:00,BF.CW.PMP02,cooling_descaling_pump,1.7526,0.0259,53.2825,1.0037,0,BF.CW.PMP02::E01,train
2025-02-04 15:00:00,BF.CW.PMP02,cooling_descaling_pump,1.8125,-0.1967,53.2052,0.8637,0,BF.CW.PMP02::E01,train
2025-02-04 16:00:00,BF.CW.PMP02,cooling_descaling_pump,1.7828,-0.0734,54.6675,0.9342,0,BF.CW.PMP02::E01,train
2025-02-04 17:00:00,BF.CW.PMP02,cooling_descaling_pump,1.8435,-0.9765,54.2738,0.9548,0,BF.CW.PMP02::E01,train
2025-02-04 18:00:00,BF.CW.PMP02,cooling_descaling_pump,1.867,-0.7816,55.4228,0.9934,0,BF.CW.PMP02::E01,train
2025-02-04 19:00:00,BF.CW.PMP02,cooling_descaling_pump,1.9903,-0.9358,56.6007,0.9996,0,BF.CW.PMP02::E01,train
2025-02-04 20:00:00,BF.CW.PMP02,cooling_descaling_pump,1.8958,-1.1876,55.3905,0.9559,0,BF.CW.PMP02::E01,train
2025-02-04 21:00:00,BF.CW.PMP02,cooling_descaling_pump,1.7445,-1.5356,55.0104,0.8852,0,BF.CW.PMP02::E01,train
2025-02-04 22:00:00,BF.CW.PMP02,cooling_descaling_pump,1.904,-1.1396,56.8242,0.7581,0,BF.CW.PMP02::E01,train
2025-02-04 23:00:00,BF.CW.PMP02,cooling_descaling_pump,1.7303,-1.2506,55.4607,0.7899,0,BF.CW.PMP02::E01,train
2025-02-05 00:00:00,BF.CW.PMP02,cooling_descaling_pump,1.5866,-1.1934,55.9291,0.927,0,BF.CW.PMP02::E01,train
2025-02-05 01:00:00,BF.CW.PMP02,cooling_descaling_pump,1.5249,-0.7674,56.1225,0.9595,0,BF.CW.PMP02::E01,train
2025-02-05 02:00:00,BF.CW.PMP02,cooling_descaling_pump,1.6647,-0.4946,56.7792,0.878,0,BF.CW.PMP02::E01,train
2025-02-05 03:00:00,BF.CW.PMP02,cooling_descaling_pump,1.6948,-1.0095,57.1994,0.9619,0,BF.CW.PMP02::E01,train
2025-02-05 04:00:00,BF.CW.PMP02,cooling_descaling_pump,1.6262,-1.0855,57.1137,0.9784,0,BF.CW.PMP02::E01,train
2025-02-05 05:00:00,BF.CW.PMP02,cooling_descaling_pump,1.762,-0.9267,57.9715,0.9539,0,BF.CW.PMP02::E01,train
2025-02-05 06:00:00,BF.CW.PMP02,cooling_descaling_pump,1.869,-0.7757,57.8801,0.8931,0,BF.CW.PMP02::E01,train
2025-02-05 07:00:00,BF.CW.PMP02,cooling_descaling_pump,1.743,-0.6064,58.2621,0.9751,0,BF.CW.PMP02::E01,train
2025-02-05 08:00:00,BF.CW.PMP02,cooling_descaling_pump,1.6883,-0.9361,58.1424,0.987,0,BF.CW.PMP02::E01,train
2025-02-05 09:00:00,BF.CW.PMP02,cooling_descaling_pump,1.605,-0.634,59.709,1.0373,0,BF.CW.PMP02::E01,train
2025-02-05 10:00:00,BF.CW.PMP02,cooling_descaling_pump,1.7006,-0.4865,58.6765,0.9312,0,BF.CW.PMP02::E01,train
2025-02-05 11:00:00,BF.CW.PMP02,cooling_descaling_pump,1.6676,-0.3879,57.9828,0.977,0,BF.CW.PMP02::E01,train
2025-02-05 12:00:00,BF.CW.PMP02,cooling_descaling_pump,1.5616,-0.0475,57.318,0.9625,0,BF.CW.PMP02::E01,train
2025-02-05 13:00:00,BF.CW.PMP02,cooling_descaling_pump,1.5809,0.7813,55.7064,0.8303,0,BF.CW.PMP02::E01,train
2025-02-05 14:00:00,BF.CW.PMP02,cooling_descaling_pump,1.277,0.7539,54.5569,0.9151,0,BF.CW.PMP02::E01,train
2025-02-05 15:00:00,BF.CW.PMP02,cooling_descaling_pump,1.3103,0.8362,53.2776,0.8954,0,BF.CW.PMP02::E01,train
2025-02-05 16:00:00,BF.CW.PMP02,cooling_descaling_pump,1.1716,1.3166,52.2278,0.8429,0,BF.CW.PMP02::E01,train
2025-02-05 17:00:00,BF.CW.PMP02,cooling_descaling_pump,1.3086,1.0811,51.526,0.7742,0,BF.CW.PMP02::E01,train
2025-02-05 18:00:00,BF.CW.PMP02,cooling_descaling_pump,1.16,0.4832,51.3472,0.838,0,BF.CW.PMP02::E01,train
2025-02-05 19:00:00,BF.CW.PMP02,cooling_descaling_pump,1.1407,0.376,51.3012,0.7916,0,BF.CW.PMP02::E01,train
2025-02-05 20:00:00,BF.CW.PMP02,cooling_descaling_pump,1.1075,0.1942,51.6637,0.9137,0,BF.CW.PMP02::E01,train
2025-02-05 21:00:00,BF.CW.PMP02,cooling_descaling_pump,1.2799,1.2247,52.9493,0.9982,0,BF.CW.PMP02::E01,train
2025-02-05 22:00:00,BF.CW.PMP02,cooling_descaling_pump,1.3007,0.7158,53.1598,0.9525,0,BF.CW.PMP02::E01,train
2025-02-05 23:00:00,BF.CW.PMP02,cooling_descaling_pump,1.4522,0.6127,56.6417,1.2156,0,BF.CW.PMP02::E01,train
2025-02-06 00:00:00,BF.CW.PMP02,cooling_descaling_pump,1.3414,0.9034,55.88,1.178,0,BF.CW.PMP02::E01,train
2025-02-06 01:00:00,BF.CW.PMP02,cooling_descaling_pump,1.4679,1.3731,57.1913,1.2236,0,BF.CW.PMP02::E01,train
2025-02-06 02:00:00,BF.CW.PMP02,cooling_descaling_pump,1.5711,1.4822,57.4727,1.1229,0,BF.CW.PMP02::E01,train
2025-02-06 03:00:00,BF.CW.PMP02,cooling_descaling_pump,1.5264,1.1814,56.7282,1.1089,0,BF.CW.PMP02::E01,train
2025-02-06 04:00:00,BF.CW.PMP02,cooling_descaling_pump,1.5114,0.5883,56.6515,1.0242,0,BF.CW.PMP02::E01,train
2025-02-06 05:00:00,BF.CW.PMP02,cooling_descaling_pump,1.435,0.4745,56.5394,1.0299,0,BF.CW.PMP02::E01,train
2025-02-06 06:00:00,BF.CW.PMP02,cooling_descaling_pump,1.4,0.1618,56.2396,0.9652,0,BF.CW.PMP02::E01,train
2025-02-06 07:00:00,BF.CW.PMP02,cooling_descaling_pump,1.4027,-0.1479,56.9801,0.9185,0,BF.CW.PMP02::E01,train
2025-02-06 08:00:00,BF.CW.PMP02,cooling_descaling_pump,1.5311,-0.1447,57.4264,0.9009,0,BF.CW.PMP02::E01,train
2025-02-06 09:00:00,BF.CW.PMP02,cooling_descaling_pump,1.518,0.1928,57.3566,0.975,0,BF.CW.PMP02::E01,train
2025-02-06 10:00:00,BF.CW.PMP02,cooling_descaling_pump,1.4627,0.3126,54.7349,0.8953,0,BF.CW.PMP02::E01,train
2025-02-06 11:00:00,BF.CW.PMP02,cooling_descaling_pump,1.5101,0.3378,55.4925,0.9635,0,BF.CW.PMP02::E01,train
2025-02-06 12:00:00,BF.CW.PMP02,cooling_descaling_pump,1.5149,0.3311,55.9222,1.0078,0,BF.CW.PMP02::E01,train
2025-02-06 13:00:00,BF.CW.PMP02,cooling_descaling_pump,1.4502,0.4572,56.2546,1.0324,0,BF.CW.PMP02::E01,train
2025-02-06 14:00:00,BF.CW.PMP02,cooling_descaling_pump,1.6022,0.8521,57.5025,1.081,0,BF.CW.PMP02::E01,train
2025-02-06 15:00:00,BF.CW.PMP02,cooling_descaling_pump,1.4941,1.0574,56.2801,1.0685,0,BF.CW.PMP02::E01,train
2025-02-06 16:00:00,BF.CW.PMP02,cooling_descaling_pump,1.5662,1.2404,56.2884,1.0206,0,BF.CW.PMP02::E01,train
2025-02-06 17:00:00,BF.CW.PMP02,cooling_descaling_pump,1.6976,0.505,57.3275,1.02,0,BF.CW.PMP02::E01,train
2025-02-06 18:00:00,BF.CW.PMP02,cooling_descaling_pump,1.4971,-0.2769,56.9642,1.0309,0,BF.CW.PMP02::E01,train
2025-02-06 19:00:00,BF.CW.PMP02,cooling_descaling_pump,1.4637,-0.6208,56.6075,0.9852,0,BF.CW.PMP02::E01,train
2025-02-06 20:00:00,BF.CW.PMP02,cooling_descaling_pump,1.5591,0.1645,56.3339,0.9558,0,BF.CW.PMP02::E01,train
2025-02-06 21:00:00,BF.CW.PMP02,cooling_descaling_pump,1.5008,0.4485,56.8535,1.0209,0,BF.CW.PMP02::E01,train
2025-02-06 22:00:00,BF.CW.PMP02,cooling_descaling_pump,1.5253,0.4193,57.716,1.0221,0,BF.CW.PMP02::E01,train
2025-02-06 23:00:00,BF.CW.PMP02,cooling_descaling_pump,1.5605,0.191,57.0633,0.9428,0,BF.CW.PMP02::E01,train
2025-02-07 00:00:00,BF.CW.PMP02,cooling_descaling_pump,1.5728,0.3974,58.2417,0.9299,0,BF.CW.PMP02::E01,train
2025-02-07 01:00:00,BF.CW.PMP02,cooling_descaling_pump,1.5438,0.4166,59.5902,1.0131,0,BF.CW.PMP02::E01,train
2025-02-07 02:00:00,BF.CW.PMP02,cooling_descaling_pump,1.6221,0.1391,59.5802,0.9473,0,BF.CW.PMP02::E01,train
2025-02-07 03:00:00,BF.CW.PMP02,cooling_descaling_pump,1.7445,-0.3994,61.027,0.9487,0,BF.CW.PMP02::E01,train
2025-02-07 04:00:00,BF.CW.PMP02,cooling_descaling_pump,1.6426,-0.1787,60.5114,0.9376,0,BF.CW.PMP02::E01,train
2025-02-07 05:00:00,BF.CW.PMP02,cooling_descaling_pump,1.6497,-0.2256,60.3498,0.9303,0,BF.CW.PMP02::E01,train
2025-02-07 06:00:00,BF.CW.PMP02,cooling_descaling_pump,1.6435,-0.4385,59.3937,0.8599,0,BF.CW.PMP02::E01,train
2025-02-07 07:00:00,BF.CW.PMP02,cooling_descaling_pump,1.6831,-0.291,59.8285,0.8273,0,BF.CW.PMP02::E01,train
2025-02-07 08:00:00,BF.CW.PMP02,cooling_descaling_pump,1.6668,-0.5042,60.1961,0.8795,0,BF.CW.PMP02::E01,train
2025-02-07 09:00:00,BF.CW.PMP02,cooling_descaling_pump,1.5973,-0.6378,59.3441,0.8722,0,BF.CW.PMP02::E01,train
2025-02-07 10:00:00,BF.CW.PMP02,cooling_descaling_pump,1.5282,-0.1143,57.4676,0.7933,0,BF.CW.PMP02::E01,train
2025-02-07 11:00:00,BF.CW.PMP02,cooling_descaling_pump,1.5706,-0.6809,56.7873,0.8256,0,BF.CW.PMP02::E01,train
2025-02-07 12:00:00,BF.CW.PMP02,cooling_descaling_pump,1.6854,-0.6619,56.8171,0.7661,0,BF.CW.PMP02::E01,train
2025-02-07 13:00:00,BF.CW.PMP02,cooling_descaling_pump,1.7174,0.0252,56.0855,0.7439,0,BF.CW.PMP02::E01,train
2025-02-07 14:00:00,BF.CW.PMP02,cooling_descaling_pump,1.864,-0.4809,57.3081,0.7184,0,BF.CW.PMP02::E01,train
2025-02-07 15:00:00,BF.CW.PMP02,cooling_descaling_pump,1.9778,-0.3906,57.2805,0.6,0,BF.CW.PMP02::E01,train
2025-02-07 16:00:00,BF.CW.PMP02,cooling_descaling_pump,1.9237,0.1338,58.1821,0.7143,0,BF.CW.PMP02::E01,train
2025-02-07 17:00:00,BF.CW.PMP02,cooling_descaling_pump,2.1313,0.2568,57.9699,0.6732,0,BF.CW.PMP02::E01,train
2025-02-07 18:00:00,BF.CW.PMP02,cooling_descaling_pump,2.0135,0.5619,58.5405,0.7848,0,BF.CW.PMP02::E01,train
2025-02-07 19:00:00,BF.CW.PMP02,cooling_descaling_pump,1.9214,0.5839,58.5496,0.8856,0,BF.CW.PMP02::E01,train
2025-02-07 20:00:00,BF.CW.PMP02,cooling_descaling_pump,1.9417,0.7311,58.8748,0.8835,0,BF.CW.PMP02::E01,train
2025-02-07 21:00:00,BF.CW.PMP02,cooling_descaling_pump,1.9527,0.2799,59.4579,0.8736,0,BF.CW.PMP02::E01,train
2025-02-07 22:00:00,BF.CW.PMP02,cooling_descaling_pump,1.8758,0.0554,58.775,0.9294,0,BF.CW.PMP02::E01,train
2025-02-07 23:00:00,BF.CW.PMP02,cooling_descaling_pump,1.7551,-0.0791,59.8028,1.0445,0,BF.CW.PMP02::E01,train
2025-02-08 00:00:00,BF.CW.PMP02,cooling_descaling_pump,1.9423,-0.1826,61.4656,1.0532,0,BF.CW.PMP02::E01,train
2025-02-08 01:00:00,BF.CW.PMP02,cooling_descaling_pump,1.8133,-0.4378,63.2646,1.2094,0,BF.CW.PMP02::E01,train
2025-02-08 02:00:00,BF.CW.PMP02,cooling_descaling_pump,1.6852,-0.2036,64.0549,1.1454,0,BF.CW.PMP02::E01,train
2025-02-08 03:00:00,BF.CW.PMP02,cooling_descaling_pump,1.6292,-0.5574,63.4771,1.0539,0,BF.CW.PMP02::E01,train
2025-02-08 04:00:00,BF.CW.PMP02,cooling_descaling_pump,1.7261,-0.6972,63.2502,0.948,0,BF.CW.PMP02::E01,train
2025-02-08 05:00:00,BF.CW.PMP02,cooling_descaling_pump,1.678,-0.4891,64.6459,1.07,0,BF.CW.PMP02::E01,train
2025-02-08 06:00:00,BF.CW.PMP02,cooling_descaling_pump,1.6127,-0.1083,64.8647,1.137,0,BF.CW.PMP02::E01,train
2025-02-08 07:00:00,BF.CW.PMP02,cooling_descaling_pump,1.7685,0.5325,66.4443,1.1409,0,BF.CW.PMP02::E01,train
2025-02-08 08:00:00,BF.CW.PMP02,cooling_descaling_pump,1.6169,0.4741,64.7018,1.1274,0,BF.CW.PMP02::E01,train
2025-02-08 09:00:00,BF.CW.PMP02,cooling_descaling_pump,1.5395,0.4366,63.988,1.1978,0,BF.CW.PMP02::E01,train
2025-02-08 10:00:00,BF.CW.PMP02,cooling_descaling_pump,1.6197,1.0779,63.0938,1.1094,0,BF.CW.PMP02::E01,train
2025-02-08 11:00:00,BF.CW.PMP02,cooling_descaling_pump,1.576,1.3412,60.6686,0.9903,0,BF.CW.PMP02::E01,train
2025-02-08 12:00:00,BF.CW.PMP02,cooling_descaling_pump,1.6085,1.1921,60.4915,0.9139,0,BF.CW.PMP02::E01,train
2025-02-08 13:00:00,BF.CW.PMP02,cooling_descaling_pump,1.7031,0.9623,60.2544,0.9389,0,BF.CW.PMP02::E01,train
2025-02-08 14:00:00,BF.CW.PMP02,cooling_descaling_pump,1.8931,1.1156,60.639,0.8844,0,BF.CW.PMP02::E01,train
2025-02-08 15:00:00,BF.CW.PMP02,cooling_descaling_pump,1.775,0.4944,58.841,0.8651,0,BF.CW.PMP02::E01,train
2025-02-08 16:00:00,BF.CW.PMP02,cooling_descaling_pump,1.6846,0.8754,57.78,0.8718,0,BF.CW.PMP02::E01,train
2025-02-08 17:00:00,BF.CW.PMP02,cooling_descaling_pump,1.5659,0.5987,55.0643,0.722,0,BF.CW.PMP02::E01,train
2025-02-08 18:00:00,BF.CW.PMP02,cooling_descaling_pump,1.7481,0.1731,56.6667,0.7107,0,BF.CW.PMP02::E01,train
2025-02-08 19:00:00,BF.CW.PMP02,cooling_descaling_pump,1.859,-0.3111,56.3098,0.6385,0,BF.CW.PMP02::E01,train
2025-02-08 20:00:00,BF.CW.PMP02,cooling_descaling_pump,1.9032,-0.1533,56.3084,0.7479,0,BF.CW.PMP02::E01,train
2025-02-08 21:00:00,BF.CW.PMP02,cooling_descaling_pump,1.927,-1.1165,57.9315,0.8249,0,BF.CW.PMP02::E01,train
2025-02-08 22:00:00,BF.CW.PMP02,cooling_descaling_pump,1.8767,-2.1241,57.062,0.6617,0,BF.CW.PMP02::E01,train
2025-02-08 23:00:00,BF.CW.PMP02,cooling_descaling_pump,1.9179,-1.5224,57.725,0.762,0,BF.CW.PMP02::E01,train
2025-02-09 00:00:00,BF.CW.PMP02,cooling_descaling_pump,1.8579,-1.6633,58.9167,0.8364,0,BF.CW.PMP02::E01,train
2025-02-09 01:00:00,BF.CW.PMP02,cooling_descaling_pump,1.9103,-1.4963,60.0776,0.8824,0,BF.CW.PMP02::E01,train
2025-02-09 02:00:00,BF.CW.PMP02,cooling_descaling_pump,1.9024,-1.1509,59.8259,0.7665,0,BF.CW.PMP02::E01,train
2025-02-09 03:00:00,BF.CW.PMP02,cooling_descaling_pump,1.9811,-1.2061,58.8884,0.6726,0,BF.CW.PMP02::E01,train
2025-02-09 04:00:00,BF.CW.PMP02,cooling_descaling_pump,2.0815,-1.1843,60.1056,0.6732,0,BF.CW.PMP02::E01,train
2025-02-09 05:00:00,BF.CW.PMP02,cooling_descaling_pump,2.0352,-0.4572,60.6798,0.6767,0,BF.CW.PMP02::E01,train
2025-02-09 06:00:00,BF.CW.PMP02,cooling_descaling_pump,2.0917,-0.6297,62.5625,0.7379,0,BF.CW.PMP02::E01,train
2025-02-09 07:00:00,BF.CW.PMP02,cooling_descaling_pump,2.3239,-0.3638,64.9552,0.7365,0,BF.CW.PMP02::E01,train
2025-02-09 08:00:00,BF.CW.PMP02,cooling_descaling_pump,2.1368,-0.0631,62.4128,0.6205,0,BF.CW.PMP02::E01,train
2025-02-09 09:00:00,BF.CW.PMP02,cooling_descaling_pump,2.2078,0.3753,64.3798,0.7695,0,BF.CW.PMP02::E01,train
2025-02-09 10:00:00,BF.CW.PMP02,cooling_descaling_pump,2.1329,0.6697,64.0169,0.8678,0,BF.CW.PMP02::E01,train
2025-02-09 11:00:00,BF.CW.PMP02,cooling_descaling_pump,2.1677,0.774,62.3502,0.7863,0,BF.CW.PMP02::E01,train
2025-02-09 12:00:00,BF.CW.PMP02,cooling_descaling_pump,2.0988,0.8597,62.0162,0.783,0,BF.CW.PMP02::E01,train
2025-02-09 13:00:00,BF.CW.PMP02,cooling_descaling_pump,2.042,1.4903,61.467,0.8072,0,BF.CW.PMP02::E01,train
2025-02-09 14:00:00,BF.CW.PMP02,cooling_descaling_pump,2.2548,1.3622,62.1775,0.8452,0,BF.CW.PMP02::E01,train
2025-02-09 15:00:00,BF.CW.PMP02,cooling_descaling_pump,2.3194,0.7005,62.4684,0.8245,0,BF.CW.PMP02::E01,train
2025-02-09 16:00:00,BF.CW.PMP02,cooling_descaling_pump,2.1727,0.6391,61.5964,0.9362,0,BF.CW.PMP02::E01,train
2025-02-09 17:00:00,BF.CW.PMP02,cooling_descaling_pump,2.1292,0.0386,61.468,1.0302,0,BF.CW.PMP02::E01,train
2025-02-09 18:00:00,BF.CW.PMP02,cooling_descaling_pump,2.1915,0.4806,62.8877,1.1712,0,BF.CW.PMP02::E01,train
2025-02-09 19:00:00,BF.CW.PMP02,cooling_descaling_pump,2.1581,1.1714,62.1043,1.1944,0,BF.CW.PMP02::E01,train
2025-02-09 20:00:00,BF.CW.PMP02,cooling_descaling_pump,2.1879,1.4748,63.0434,1.1403,0,BF.CW.PMP02::E01,train
2025-02-09 21:00:00,BF.CW.PMP02,cooling_descaling_pump,2.1447,1.3816,62.2769,1.0472,0,BF.CW.PMP02::E01,train
2025-02-09 22:00:00,BF.CW.PMP02,cooling_descaling_pump,2.1503,1.6425,62.0877,1.0119,0,BF.CW.PMP02::E01,train
2025-02-09 23:00:00,BF.CW.PMP02,cooling_descaling_pump,2.1754,1.9879,61.126,0.9772,0,BF.CW.PMP02::E01,train
2025-02-10 00:00:00,BF.CW.PMP02,cooling_descaling_pump,2.2255,1.71,61.9064,1.0081,0,BF.CW.PMP02::E01,train
2025-02-10 01:00:00,BF.CW.PMP02,cooling_descaling_pump,2.311,1.574,63.1212,0.9078,0,BF.CW.PMP02::E01,train
2025-02-10 02:00:00,BF.CW.PMP02,cooling_descaling_pump,2.2972,1.2441,63.1337,0.8954,0,BF.CW.PMP02::E01,train
2025-02-10 03:00:00,BF.CW.PMP02,cooling_descaling_pump,2.1162,0.6249,62.9378,0.8221,0,BF.CW.PMP02::E01,train
2025-02-10 04:00:00,BF.CW.PMP02,cooling_descaling_pump,1.8954,0.4703,61.755,0.7725,0,BF.CW.PMP02::E01,train
2025-02-10 05:00:00,BF.CW.PMP02,cooling_descaling_pump,1.9518,1.0644,61.754,0.7903,0,BF.CW.PMP02::E01,train
2025-02-10 06:00:00,BF.CW.PMP02,cooling_descaling_pump,1.997,0.948,62.5532,0.7739,0,BF.CW.PMP02::E01,train
2025-02-10 07:00:00,BF.CW.PMP02,cooling_descaling_pump,1.811,0.8821,61.3246,0.8205,0,BF.CW.PMP02::E01,train
2025-02-10 08:00:00,BF.CW.PMP02,cooling_descaling_pump,1.9312,0.4403,60.5794,0.7387,0,BF.CW.PMP02::E01,train
2025-02-10 09:00:00,BF.CW.PMP02,cooling_descaling_pump,1.9105,-0.2032,60.6991,0.7911,0,BF.CW.PMP02::E01,train
2025-02-10 10:00:00,BF.CW.PMP02,cooling_descaling_pump,1.8581,-0.5384,59.6485,0.7875,0,BF.CW.PMP02::E01,train
2025-02-10 11:00:00,BF.CW.PMP02,cooling_descaling_pump,1.773,-0.6741,58.9484,0.8282,0,BF.CW.PMP02::E01,train
2025-02-10 12:00:00,BF.CW.PMP02,cooling_descaling_pump,1.8992,-0.4558,58.5758,0.9108,0,BF.CW.PMP02::E01,train
2025-02-10 13:00:00,BF.CW.PMP02,cooling_descaling_pump,1.7135,-0.3795,55.9351,0.8089,0,BF.CW.PMP02::E01,train
2025-02-10 14:00:00,BF.CW.PMP02,cooling_descaling_pump,1.6897,0.4869,54.5694,0.7157,0,BF.CW.PMP02::E01,train
2025-02-10 15:00:00,BF.CW.PMP02,cooling_descaling_pump,1.58,1.182,55.0307,0.8604,0,BF.CW.PMP02::E01,train
2025-02-10 16:00:00,BF.CW.PMP02,cooling_descaling_pump,1.702,1.1128,56.6383,0.9148,0,BF.CW.PMP02::E01,train
2025-02-10 17:00:00,BF.CW.PMP02,cooling_descaling_pump,1.8266,0.2683,56.706,0.9325,0,BF.CW.PMP02::E01,train
2025-02-10 18:00:00,BF.CW.PMP02,cooling_descaling_pump,1.9307,0.0118,57.0322,0.9198,0,BF.CW.PMP02::E01,train
2025-02-10 19:00:00,BF.CW.PMP02,cooling_descaling_pump,1.666,0.4731,54.9204,0.8392,0,BF.CW.PMP02::E01,train
2025-02-10 20:00:00,BF.CW.PMP02,cooling_descaling_pump,1.7203,0.5176,55.1624,0.9554,0,BF.CW.PMP02::E01,train
2025-02-10 21:00:00,BF.CW.PMP02,cooling_descaling_pump,1.6386,0.0219,53.5286,1.017,0,BF.CW.PMP02::E01,train
2025-02-10 22:00:00,BF.CW.PMP02,cooling_descaling_pump,1.8882,-0.2319,55.5359,1.1041,0,BF.CW.PMP02::E01,train
2025-02-10 23:00:00,BF.CW.PMP02,cooling_descaling_pump,1.9152,-0.5499,55.3012,1.0725,0,BF.CW.PMP02::E01,train
2025-02-11 00:00:00,BF.CW.PMP02,cooling_descaling_pump,2.1011,-0.1413,56.5591,1.0394,0,BF.CW.PMP02::E01,train
2025-02-11 01:00:00,BF.CW.PMP02,cooling_descaling_pump,2.0362,0.1275,55.6258,0.9323,0,BF.CW.PMP02::E01,train
2025-02-11 02:00:00,BF.CW.PMP02,cooling_descaling_pump,2.0525,-0.1383,56.6768,0.9268,0,BF.CW.PMP02::E01,train
2025-02-11 03:00:00,BF.CW.PMP02,cooling_descaling_pump,2.0746,-0.8798,58.4087,0.9966,0,BF.CW.PMP02::E01,train
2025-02-11 04:00:00,BF.CW.PMP02,cooling_descaling_pump,2.0924,-0.9199,59.2731,1.0219,0,BF.CW.PMP02::E01,train
2025-02-11 05:00:00,BF.CW.PMP02,cooling_descaling_pump,2.0479,-1.0488,59.0893,1.0071,0,BF.CW.PMP02::E01,train
2025-02-11 06:00:00,BF.CW.PMP02,cooling_descaling_pump,2.0536,-0.7425,60.9619,1.0968,0,BF.CW.PMP02::E01,train
2025-02-11 07:00:00,BF.CW.PMP02,cooling_descaling_pump,2.0141,-1.6854,59.1221,0.9839,0,BF.CW.PMP02::E01,train
2025-02-11 08:00:00,BF.CW.PMP02,cooling_descaling_pump,1.8639,-1.2629,59.1563,1.1517,0,BF.CW.PMP02::E01,train
2025-02-11 09:00:00,BF.CW.PMP02,cooling_descaling_pump,1.7539,-1.1938,57.7261,1.2341,0,BF.CW.PMP02::E01,train
2025-02-11 10:00:00,BF.CW.PMP02,cooling_descaling_pump,1.7551,-1.8554,58.0127,1.281,0,BF.CW.PMP02::E01,train
2025-02-11 11:00:00,BF.CW.PMP02,cooling_descaling_pump,1.7105,-1.8451,57.372,1.2947,0,BF.CW.PMP02::E01,train
2025-02-11 12:00:00,BF.CW.PMP02,cooling_descaling_pump,1.8476,-1.8385,56.5424,1.174,0,BF.CW.PMP02::E01,train
2025-02-11 13:00:00,BF.CW.PMP02,cooling_descaling_pump,1.9488,-1.7654,56.581,1.1531,0,BF.CW.PMP02::E01,train
2025-02-11 14:00:00,BF.CW.PMP02,cooling_descaling_pump,1.9474,-0.9556,56.5908,1.1965,0,BF.CW.PMP02::E01,train
2025-02-11 15:00:00,BF.CW.PMP02,cooling_descaling_pump,1.8801,-0.8908,56.4489,1.1015,0,BF.CW.PMP02::E01,train
2025-02-11 16:00:00,BF.CW.PMP02,cooling_descaling_pump,1.7783,-0.9329,56.4642,1.1791,0,BF.CW.PMP02::E01,train
2025-02-11 17:00:00,BF.CW.PMP02,cooling_descaling_pump,1.9098,-0.4329,56.7802,1.2013,0,BF.CW.PMP02::E01,train
2025-02-11 18:00:00,BF.CW.PMP02,cooling_descaling_pump,1.8795,-0.3667,57.3758,1.2315,0,BF.CW.PMP02::E01,train
2025-02-11 19:00:00,BF.CW.PMP02,cooling_descaling_pump,1.8456,-0.2076,59.0636,1.3424,0,BF.CW.PMP02::E01,train
2025-02-11 20:00:00,BF.CW.PMP02,cooling_descaling_pump,1.6119,-0.5068,56.9441,1.2903,0,BF.CW.PMP02::E01,train
2025-02-11 21:00:00,BF.CW.PMP02,cooling_descaling_pump,1.5549,0.131,58.434,1.3976,0,BF.CW.PMP02::E01,train
2025-02-11 22:00:00,BF.CW.PMP02,cooling_descaling_pump,1.5249,-0.1028,58.6129,1.4909,0,BF.CW.PMP02::E01,train
2025-02-11 23:00:00,BF.CW.PMP02,cooling_descaling_pump,1.6381,0.0405,58.8892,1.3337,0,BF.CW.PMP02::E01,train
2025-02-12 00:00:00,BF.CW.PMP02,cooling_descaling_pump,1.7963,-0.3044,58.7141,1.1967,0,BF.CW.PMP02::E01,train
2025-02-12 01:00:00,BF.CW.PMP02,cooling_descaling_pump,1.7328,0.1048,58.2244,1.1459,0,BF.CW.PMP02::E01,train
2025-02-12 02:00:00,BF.CW.PMP02,cooling_descaling_pump,1.7502,-0.276,59.3263,1.1204,0,BF.CW.PMP02::E01,train
2025-02-12 03:00:00,BF.CW.PMP02,cooling_descaling_pump,1.7597,-0.4828,58.9796,0.9993,0,BF.CW.PMP02::E01,train
2025-02-12 04:00:00,BF.CW.PMP02,cooling_descaling_pump,1.7524,-0.7137,60.0744,1.1194,0,BF.CW.PMP02::E01,train
2025-02-12 05:00:00,BF.CW.PMP02,cooling_descaling_pump,1.8383,-0.2898,59.0682,1.0818,0,BF.CW.PMP02::E01,train
2025-02-12 06:00:00,BF.CW.PMP02,cooling_descaling_pump,1.8284,-0.3199,57.8687,1.033,0,BF.CW.PMP02::E01,train
2025-02-12 07:00:00,BF.CW.PMP02,cooling_descaling_pump,1.9364,-0.2806,58.866,1.0955,0,BF.CW.PMP02::E01,train
2025-02-12 08:00:00,BF.CW.PMP02,cooling_descaling_pump,2.0569,-0.4921,60.3458,1.1343,0,BF.CW.PMP02::E01,train
2025-02-12 09:00:00,BF.CW.PMP02,cooling_descaling_pump,1.9155,-1.0337,58.9924,1.1634,0,BF.CW.PMP02::E01,train
2025-02-12 10:00:00,BF.CW.PMP02,cooling_descaling_pump,1.8701,-1.8818,57.7037,1.085,0,BF.CW.PMP02::E01,train
2025-02-12 11:00:00,BF.CW.PMP02,cooling_descaling_pump,1.9317,-1.8012,58.3391,1.1098,0,BF.CW.PMP02::E01,train
2025-02-12 12:00:00,BF.CW.PMP02,cooling_descaling_pump,1.8648,-1.3642,57.3939,1.2049,0,BF.CW.PMP02::E01,train
2025-02-12 13:00:00,BF.CW.PMP02,cooling_descaling_pump,1.9782,-1.8022,57.0122,1.1948,0,BF.CW.PMP02::E01,train
2025-02-12 14:00:00,BF.CW.PMP02,cooling_descaling_pump,2.0927,-1.7288,57.4099,1.2072,0,BF.CW.PMP02::E01,train
2025-02-12 15:00:00,BF.CW.PMP02,cooling_descaling_pump,2.166,-1.5029,56.6165,1.1156,0,BF.CW.PMP02::E01,train
2025-02-12 16:00:00,BF.CW.PMP02,cooling_descaling_pump,2.0902,-0.9185,55.5461,1.0234,0,BF.CW.PMP02::E01,train
2025-02-12 17:00:00,BF.CW.PMP02,cooling_descaling_pump,2.2022,-0.4509,58.0147,1.1315,0,BF.CW.PMP02::E01,train
2025-02-12 18:00:00,BF.CW.PMP02,cooling_descaling_pump,2.3573,-0.7343,59.7224,1.2071,0,BF.CW.PMP02::E01,train
2025-02-12 19:00:00,BF.CW.PMP02,cooling_descaling_pump,2.409,0.389,60.0561,1.1841,0,BF.CW.PMP02::E01,train
2025-02-12 20:00:00,BF.CW.PMP02,cooling_descaling_pump,2.2749,0.4897,60.0908,1.2574,0,BF.CW.PMP02::E01,train
2025-02-12 21:00:00,BF.CW.PMP02,cooling_descaling_pump,2.3637,0.1339,61.2508,1.2983,0,BF.CW.PMP02::E01,train
2025-02-12 22:00:00,BF.CW.PMP02,cooling_descaling_pump,2.4202,-0.2474,61.8112,1.2524,0,BF.CW.PMP02::E01,train
2025-02-12 23:00:00,BF.CW.PMP02,cooling_descaling_pump,2.4551,-0.8341,62.5815,1.2323,0,BF.CW.PMP02::E01,train
2025-02-13 00:00:00,BF.CW.PMP02,cooling_descaling_pump,2.414,-1.2377,63.4524,1.2985,0,BF.CW.PMP02::E01,train
2025-02-13 01:00:00,BF.CW.PMP02,cooling_descaling_pump,2.463,-1.7884,63.7626,1.1924,0,BF.CW.PMP02::E01,train
2025-02-13 02:00:00,BF.CW.PMP02,cooling_descaling_pump,2.3766,-1.234,63.5072,1.1971,0,BF.CW.PMP02::E01,train
2025-02-13 03:00:00,BF.CW.PMP02,cooling_descaling_pump,2.3957,-1.037,64.3983,1.2147,0,BF.CW.PMP02::E01,train
2025-02-13 04:00:00,BF.CW.PMP02,cooling_descaling_pump,2.323,-1.3169,63.4671,1.0565,0,BF.CW.PMP02::E01,train
2025-02-13 05:00:00,BF.CW.PMP02,cooling_descaling_pump,2.36,-1.5257,62.4147,1.1592,0,BF.CW.PMP02::E01,train
2025-02-13 06:00:00,BF.CW.PMP02,cooling_descaling_pump,2.4006,-1.2922,62.7329,1.1698,0,BF.CW.PMP02::E01,train
2025-02-13 07:00:00,BF.CW.PMP02,cooling_descaling_pump,2.3797,-1.3451,64.1931,1.3081,0,BF.CW.PMP02::E01,train
2025-02-13 08:00:00,BF.CW.PMP02,cooling_descaling_pump,,,64.2027,1.3369,0,BF.CW.PMP02::E01,train
2025-02-13 09:00:00,BF.CW.PMP02,cooling_descaling_pump,2.5043,-0.1477,64.8461,1.2601,0,BF.CW.PMP02::E01,train
2025-02-13 10:00:00,BF.CW.PMP02,cooling_descaling_pump,2.3088,0.1247,63.0963,1.2768,0,BF.CW.PMP02::E01,train
2025-02-13 11:00:00,BF.CW.PMP02,cooling_descaling_pump,2.2768,0.2809,62.9373,1.2911,0,BF.CW.PMP02::E01,train
2025-02-13 12:00:00,BF.CW.PMP02,cooling_descaling_pump,2.1583,0.2895,61.8862,1.3164,0,BF.CW.PMP02::E01,train
2025-02-13 13:00:00,BF.CW.PMP02,cooling_descaling_pump,2.1554,0.8004,61.2978,1.339,0,BF.CW.PMP02::E01,train
2025-02-13 14:00:00,BF.CW.PMP02,cooling_descaling_pump,2.1841,0.9137,61.6343,1.3146,0,BF.CW.PMP02::E01,train
2025-02-13 15:00:00,BF.CW.PMP02,cooling_descaling_pump,2.1727,0.8394,63.8201,1.3444,0,BF.CW.PMP02::E01,train
2025-02-13 16:00:00,BF.CW.PMP02,cooling_descaling_pump,2.1984,0.7982,62.893,1.2702,0,BF.CW.PMP02::E01,train
2025-02-13 17:00:00,BF.CW.PMP02,cooling_descaling_pump,2.2002,0.8207,63.058,1.4005,0,BF.CW.PMP02::E01,train
2025-02-13 18:00:00,BF.CW.PMP02,cooling_descaling_pump,1.9119,0.8754,61.0095,1.3363,0,BF.CW.PMP02::E01,train
2025-02-13 19:00:00,BF.CW.PMP02,cooling_descaling_pump,1.8224,0.6062,61.0608,1.3301,0,BF.CW.PMP02::E01,train
2025-02-13 20:00:00,BF.CW.PMP02,cooling_descaling_pump,1.7877,0.6493,61.3163,1.2194,0,BF.CW.PMP02::E01,train
2025-02-13 21:00:00,BF.CW.PMP02,cooling_descaling_pump,1.8033,1.111,61.2575,1.2046,0,BF.CW.PMP02::E01,train
2025-02-13 22:00:00,BF.CW.PMP02,cooling_descaling_pump,1.6933,0.5526,61.7228,1.2738,0,BF.CW.PMP02::E01,train
2025-02-13 23:00:00,BF.CW.PMP02,cooling_descaling_pump,1.8371,0.9078,63.3601,1.263,0,BF.CW.PMP02::E01,train
2025-02-14 00:00:00,BF.CW.PMP02,cooling_descaling_pump,1.9212,0.8314,63.9196,1.2867,0,BF.CW.PMP02::E01,train
2025-02-14 01:00:00,BF.CW.PMP02,cooling_descaling_pump,1.9999,1.3449,65.207,1.3379,0,BF.CW.PMP02::E01,train
2025-02-14 02:00:00,BF.CW.PMP02,cooling_descaling_pump,1.9985,0.9025,65.5916,1.3178,0,BF.CW.PMP02::E01,train
2025-02-14 03:00:00,BF.CW.PMP02,cooling_descaling_pump,2.0689,0.2289,67.5488,1.2531,0,BF.CW.PMP02::E01,train
2025-02-14 04:00:00,BF.CW.PMP02,cooling_descaling_pump,1.9086,0.5987,66.1472,1.2194,0,BF.CW.PMP02::E01,train
2025-02-14 05:00:00,BF.CW.PMP02,cooling_descaling_pump,1.8777,0.6847,64.8097,1.1545,0,BF.CW.PMP02::E01,train
2025-02-14 06:00:00,BF.CW.PMP02,cooling_descaling_pump,1.9851,0.8568,65.3956,1.1066,0,BF.CW.PMP02::E01,train
2025-02-14 07:00:00,BF.CW.PMP02,cooling_descaling_pump,2.0077,0.6496,64.0951,1.1098,0,BF.CW.PMP02::E01,train
2025-02-14 08:00:00,BF.CW.PMP02,cooling_descaling_pump,2.2179,1.005,65.5805,1.1154,0,BF.CW.PMP02::E01,train
2025-02-14 09:00:00,BF.CW.PMP02,cooling_descaling_pump,2.1651,1.5635,65.9613,1.1113,0,BF.CW.PMP02::E01,train
2025-02-14 10:00:00,BF.CW.PMP02,cooling_descaling_pump,2.1028,2.0085,63.8011,1.1065,0,BF.CW.PMP02::E01,train
2025-02-14 11:00:00,BF.CW.PMP02,cooling_descaling_pump,2.1483,2.2843,63.2877,1.1212,0,BF.CW.PMP02::E01,train
2025-02-14 12:00:00,BF.CW.PMP02,cooling_descaling_pump,2.1209,2.2321,62.5988,1.175,0,BF.CW.PMP02::E01,train
2025-02-14 13:00:00,BF.CW.PMP02,cooling_descaling_pump,2.1856,1.7245,63.7277,1.1613,0,BF.CW.PMP02::E01,train
2025-02-14 14:00:00,BF.CW.PMP02,cooling_descaling_pump,2.2298,1.5527,63.8754,1.1737,0,BF.CW.PMP02::E01,train
2025-02-14 15:00:00,BF.CW.PMP02,cooling_descaling_pump,2.1157,2.2815,63.2407,1.1724,0,BF.CW.PMP02::E01,train
2025-02-14 16:00:00,BF.CW.PMP02,cooling_descaling_pump,1.9513,2.1133,61.4996,1.0985,0,BF.CW.PMP02::E01,train
2025-02-14 17:00:00,BF.CW.PMP02,cooling_descaling_pump,1.9441,1.3253,60.4544,1.097,0,BF.CW.PMP02::E01,train
2025-02-14 18:00:00,BF.CW.PMP02,cooling_descaling_pump,1.8479,1.5997,59.9884,1.1791,0,BF.CW.PMP02::E01,train
2025-02-14 19:00:00,BF.CW.PMP02,cooling_descaling_pump,1.8953,1.3892,59.6381,1.1935,0,BF.CW.PMP02::E01,train
2025-02-14 20:00:00,BF.CW.PMP02,cooling_descaling_pump,2.0707,1.2362,61.0067,1.1573,0,BF.CW.PMP02::E01,train
2025-02-14 21:00:00,BF.CW.PMP02,cooling_descaling_pump,2.17,0.6992,61.2923,1.0902,0,BF.CW.PMP02::E01,train
2025-02-14 22:00:00,BF.CW.PMP02,cooling_descaling_pump,2.1502,1.1325,61.5398,1.1198,0,BF.CW.PMP02::E01,train
2025-02-14 23:00:00,BF.CW.PMP02,cooling_descaling_pump,2.1123,1.2282,63.7646,1.249,0,BF.CW.PMP02::E01,train
2025-02-15 00:00:00,BF.CW.PMP02,cooling_descaling_pump,2.1117,1.6565,64.3059,1.2059,0,BF.CW.PMP02::E01,train
2025-02-15 01:00:00,BF.CW.PMP02,cooling_descaling_pump,2.125,2.6824,64.4402,1.133,0,BF.CW.PMP02::E01,train
2025-02-15 02:00:00,BF.CW.PMP02,cooling_descaling_pump,2.0293,2.1343,63.3234,1.009,0,BF.CW.PMP02::E01,train
2025-02-15 03:00:00,BF.CW.PMP02,cooling_descaling_pump,1.954,1.9177,62.7007,1.0257,0,BF.CW.PMP02::E01,train
2025-02-15 04:00:00,BF.CW.PMP02,cooling_descaling_pump,1.9713,2.1625,62.4403,1.0114,0,BF.CW.PMP02::E01,train
2025-02-15 05:00:00,BF.CW.PMP02,cooling_descaling_pump,1.9677,1.5934,61.4021,0.9816,0,BF.CW.PMP02::E01,train
2025-02-15 06:00:00,BF.CW.PMP02,cooling_descaling_pump,2.0565,1.8725,62.8988,1.04,0,BF.CW.PMP02::E01,train
2025-02-15 07:00:00,BF.CW.PMP02,cooling_descaling_pump,1.9508,1.9082,63.8693,1.2513,0,BF.CW.PMP02::E01,train
2025-02-15 08:00:00,BF.CW.PMP02,cooling_descaling_pump,1.9485,2.0435,62.9514,1.1678,0,BF.CW.PMP02::E01,train
2025-02-15 09:00:00,BF.CW.PMP02,cooling_descaling_pump,2.0776,1.3455,60.8494,1.0828,0,BF.CW.PMP02::E01,train
2025-02-15 10:00:00,BF.CW.PMP02,cooling_descaling_pump,1.9408,1.0196,60.3207,1.0728,0,BF.CW.PMP02::E01,train
2025-02-15 11:00:00,BF.CW.PMP02,cooling_descaling_pump,1.8683,0.4299,58.6517,1.0091,0,BF.CW.PMP02::E01,train
2025-02-15 12:00:00,BF.CW.PMP02,cooling_descaling_pump,1.7989,0.7216,57.8816,0.9556,0,BF.CW.PMP02::E01,train
2025-02-15 13:00:00,BF.CW.PMP02,cooling_descaling_pump,1.887,0.0303,58.1363,0.9108,0,BF.CW.PMP02::E01,train
2025-02-15 14:00:00,BF.CW.PMP02,cooling_descaling_pump,1.9167,0.3747,57.3902,0.829,0,BF.CW.PMP02::E01,train
2025-02-15 15:00:00,BF.CW.PMP02,cooling_descaling_pump,1.9462,0.6169,56.712,0.8708,0,BF.CW.PMP02::E01,train
2025-02-15 16:00:00,BF.CW.PMP02,cooling_descaling_pump,2.0535,0.4866,55.2291,0.8072,0,BF.CW.PMP02::E01,train
2025-02-15 17:00:00,BF.CW.PMP02,cooling_descaling_pump,2.0795,0.2987,55.7925,0.8338,0,BF.CW.PMP02::E01,train
2025-02-15 18:00:00,BF.CW.PMP02,cooling_descaling_pump,2.108,0.3406,55.6989,0.8532,0,BF.CW.PMP02::E01,train
2025-02-15 19:00:00,BF.CW.PMP02,cooling_descaling_pump,2.0418,0.4587,56.219,0.9431,0,BF.CW.PMP02::E01,train
2025-02-15 20:00:00,BF.CW.PMP02,cooling_descaling_pump,2.0715,0.3695,56.2511,0.9244,0,BF.CW.PMP02::E01,train
2025-02-15 21:00:00,BF.CW.PMP02,cooling_descaling_pump,2.1959,0.0727,57.5379,0.9452,0,BF.CW.PMP02::E01,train
2025-02-15 22:00:00,BF.CW.PMP02,cooling_descaling_pump,2.1828,0.3079,58.763,1.0193,0,BF.CW.PMP02::E01,train
2025-02-15 23:00:00,BF.CW.PMP02,cooling_descaling_pump,2.1161,-0.0368,59.5464,1.0744,0,BF.CW.PMP02::E01,train
2025-02-16 00:00:00,BF.CW.PMP02,cooling_descaling_pump,2.0918,0.7198,59.4816,1.1192,0,BF.CW.PMP02::E01,train
2025-02-16 01:00:00,BF.CW.PMP02,cooling_descaling_pump,2.1733,0.9658,58.6144,1.1116,0,BF.CW.PMP02::E01,train
2025-02-16 02:00:00,BF.CW.PMP02,cooling_descaling_pump,2.2909,0.8213,59.9971,1.179,0,BF.CW.PMP02::E01,train
2025-02-16 03:00:00,BF.CW.PMP02,cooling_descaling_pump,2.2419,0.6079,59.918,1.1891,0,BF.CW.PMP02::E01,train
2025-02-16 04:00:00,BF.CW.PMP02,cooling_descaling_pump,2.2367,0.38,59.9436,1.1627,0,BF.CW.PMP02::E01,train
2025-02-16 05:00:00,BF.CW.PMP02,cooling_descaling_pump,2.2226,-0.0452,60.007,1.1523,0,BF.CW.PMP02::E01,train
2025-02-16 06:00:00,BF.CW.PMP02,cooling_descaling_pump,2.2163,-0.2581,60.1623,1.1476,0,BF.CW.PMP02::E01,train
2025-02-16 07:00:00,BF.CW.PMP02,cooling_descaling_pump,2.0866,-0.3499,59.7728,1.1208,0,BF.CW.PMP02::E01,train
2025-02-16 08:00:00,BF.CW.PMP02,cooling_descaling_pump,2.0754,-0.0883,60.6122,1.1415,0,BF.CW.PMP02::E01,train
2025-02-16 09:00:00,BF.CW.PMP02,cooling_descaling_pump,2.0296,-0.1007,59.5339,1.1202,0,BF.CW.PMP02::E01,train
2025-02-16 10:00:00,BF.CW.PMP02,cooling_descaling_pump,2.012,-0.1511,57.9506,1.0484,0,BF.CW.PMP02::E01,train
2025-02-16 11:00:00,BF.CW.PMP02,cooling_descaling_pump,2.1734,-0.0702,59.3765,1.0381,0,BF.CW.PMP02::E01,train
2025-02-16 12:00:00,BF.CW.PMP02,cooling_descaling_pump,2.1772,0.0813,58.9546,1.0938,0,BF.CW.PMP02::E01,train
2025-02-16 13:00:00,BF.CW.PMP02,cooling_descaling_pump,2.2718,0.2307,60.2239,1.0851,0,BF.CW.PMP02::E01,train
2025-02-16 14:00:00,BF.CW.PMP02,cooling_descaling_pump,2.2593,0.6019,59.2783,1.1216,0,BF.CW.PMP02::E01,train
2025-02-16 15:00:00,BF.CW.PMP02,cooling_descaling_pump,2.2599,-0.0308,57.6134,1.0388,0,BF.CW.PMP02::E01,train
2025-02-16 16:00:00,BF.CW.PMP02,cooling_descaling_pump,2.141,0.054,56.7852,1.1519,0,BF.CW.PMP02::E01,train
2025-02-16 17:00:00,BF.CW.PMP02,cooling_descaling_pump,2.1267,-0.0683,57.3107,1.1162,0,BF.CW.PMP02::E01,train
2025-02-16 18:00:00,BF.CW.PMP02,cooling_descaling_pump,2.0873,-0.5036,57.5596,1.1183,0,BF.CW.PMP02::E01,train
2025-02-16 19:00:00,BF.CW.PMP02,cooling_descaling_pump,2.0554,-0.491,56.5853,1.0392,0,BF.CW.PMP02::E01,train
2025-02-16 20:00:00,BF.CW.PMP02,cooling_descaling_pump,1.9305,0.337,55.6525,1.0106,0,BF.CW.PMP02::E01,train
2025-02-16 21:00:00,BF.CW.PMP02,cooling_descaling_pump,1.9736,0.1868,57.2862,1.131,0,BF.CW.PMP02::E01,train
2025-02-16 22:00:00,BF.CW.PMP02,cooling_descaling_pump,2.1124,0.2006,58.9107,1.2766,0,BF.CW.PMP02::E01,train
2025-02-16 23:00:00,BF.CW.PMP02,cooling_descaling_pump,2.1063,0.3091,58.6756,1.2019,0,BF.CW.PMP02::E01,train
2025-02-17 00:00:00,BF.CW.PMP02,cooling_descaling_pump,2.2288,0.5982,59.4902,1.1414,0,BF.CW.PMP02::E01,train
2025-02-17 01:00:00,BF.CW.PMP02,cooling_descaling_pump,2.2008,0.6404,57.9626,1.004,0,BF.CW.PMP02::E01,train
2025-02-17 02:00:00,BF.CW.PMP02,cooling_descaling_pump,2.0581,0.4158,56.5381,0.8826,0,BF.CW.PMP02::E01,train
2025-02-17 03:00:00,BF.CW.PMP02,cooling_descaling_pump,2.1338,0.5291,56.9992,0.9047,0,BF.CW.PMP02::E01,train
2025-02-17 04:00:00,BF.CW.PMP02,cooling_descaling_pump,2.118,0.7779,57.1923,0.9502,0,BF.CW.PMP02::E01,train
2025-02-17 05:00:00,BF.CW.PMP02,cooling_descaling_pump,2.0773,0.8473,56.568,0.9035,0,BF.CW.PMP02::E01,train
2025-02-17 06:00:00,BF.CW.PMP02,cooling_descaling_pump,2.035,0.4872,57.5521,0.9305,0,BF.CW.PMP02::E01,train
2025-02-17 07:00:00,BF.CW.PMP02,cooling_descaling_pump,2.1497,0.3704,58.9671,0.9718,0,BF.CW.PMP02::E01,train
2025-02-17 08:00:00,BF.CW.PMP02,cooling_descaling_pump,2.2056,0.8718,58.8613,1.0213,0,BF.CW.PMP02::E01,train
2025-02-17 09:00:00,BF.CW.PMP02,cooling_descaling_pump,2.2651,0.2051,58.4537,1.0225,0,BF.CW.PMP02::E01,train
2025-02-17 10:00:00,BF.CW.PMP02,cooling_descaling_pump,2.1434,0.1068,57.8296,1.0485,0,BF.CW.PMP02::E01,train
2025-02-17 11:00:00,BF.CW.PMP02,cooling_descaling_pump,2.1827,0.2532,58.9868,1.127,0,BF.CW.PMP02::E01,train
2025-02-17 12:00:00,BF.CW.PMP02,cooling_descaling_pump,2.3271,0.6307,59.3686,1.1024,0,BF.CW.PMP02::E01,train
2025-02-17 13:00:00,BF.CW.PMP02,cooling_descaling_pump,2.1395,1.0989,57.8744,1.0874,0,BF.CW.PMP02::E01,train
2025-02-17 14:00:00,BF.CW.PMP02,cooling_descaling_pump,2.2305,0.9699,57.9693,1.1328,0,BF.CW.PMP02::E01,train
2025-02-17 15:00:00,BF.CW.PMP02,cooling_descaling_pump,2.1228,1.251,57.1947,1.1,0,BF.CW.PMP02::E01,train
2025-02-17 16:00:00,BF.CW.PMP02,cooling_descaling_pump,2.2439,1.4625,58.0635,1.0778,0,BF.CW.PMP02::E01,train
2025-02-17 17:00:00,BF.CW.PMP02,cooling_descaling_pump,2.1618,1.1242,58.2481,1.2154,0,BF.CW.PMP02::E01,train
2025-02-17 18:00:00,BF.CW.PMP02,cooling_descaling_pump,2.4208,1.328,59.8079,1.2525,0,BF.CW.PMP02::E01,train
2025-02-17 19:00:00,BF.CW.PMP02,cooling_descaling_pump,2.4532,1.2749,61.1109,1.1923,0,BF.CW.PMP02::E01,train
2025-02-17 20:00:00,BF.CW.PMP02,cooling_descaling_pump,2.483,1.4038,61.9628,1.1521,0,BF.CW.PMP02::E01,train
2025-02-17 21:00:00,BF.CW.PMP02,cooling_descaling_pump,2.3907,2.0892,62.217,1.1985,0,BF.CW.PMP02::E01,train
2025-02-17 22:00:00,BF.CW.PMP02,cooling_descaling_pump,2.4514,2.1094,63.1883,1.2379,0,BF.CW.PMP02::E01,train
2025-02-17 23:00:00,BF.CW.PMP02,cooling_descaling_pump,2.468,1.5945,63.4767,1.2673,0,BF.CW.PMP02::E01,train
2025-02-18 00:00:00,BF.CW.PMP02,cooling_descaling_pump,2.4231,1.2283,62.423,1.1307,0,BF.CW.PMP02::E01,train
2025-02-18 01:00:00,BF.CW.PMP02,cooling_descaling_pump,2.2987,0.8949,59.5527,0.9545,0,BF.CW.PMP02::E01,train
2025-02-18 02:00:00,BF.CW.PMP02,cooling_descaling_pump,2.338,0.9227,59.7714,0.9522,0,BF.CW.PMP02::E01,train
2025-02-18 03:00:00,BF.CW.PMP02,cooling_descaling_pump,2.4791,1.3448,60.9775,0.9671,0,BF.CW.PMP02::E01,train
2025-02-18 04:00:00,BF.CW.PMP02,cooling_descaling_pump,2.4632,1.4941,62.0622,1.0098,0,BF.CW.PMP02::E01,train
2025-02-18 05:00:00,BF.CW.PMP02,cooling_descaling_pump,2.4051,1.3793,62.4954,0.9753,0,BF.CW.PMP02::E01,train
2025-02-18 06:00:00,BF.CW.PMP02,cooling_descaling_pump,2.3282,0.8234,61.7404,1.061,0,BF.CW.PMP02::E01,train
2025-02-18 07:00:00,BF.CW.PMP02,cooling_descaling_pump,2.5019,1.2573,63.1329,1.0491,0,BF.CW.PMP02::E01,train
2025-02-18 08:00:00,BF.CW.PMP02,cooling_descaling_pump,2.2688,0.92,62.0471,1.0307,0,BF.CW.PMP02::E01,train
2025-02-18 09:00:00,BF.CW.PMP02,cooling_descaling_pump,2.0977,0.7991,61.1546,1.0135,0,BF.CW.PMP02::E01,train
2025-02-18 10:00:00,BF.CW.PMP02,cooling_descaling_pump,2.0667,0.8688,58.5331,0.8575,0,BF.CW.PMP02::E01,train
2025-02-18 11:00:00,BF.CW.PMP02,cooling_descaling_pump,1.8948,1.1308,56.0169,0.8432,0,BF.CW.PMP02::E01,train
2025-02-18 12:00:00,BF.CW.PMP02,cooling_descaling_pump,1.833,0.6324,55.0547,0.8941,0,BF.CW.PMP02::E01,train
2025-02-18 13:00:00,BF.CW.PMP02,cooling_descaling_pump,1.9568,0.6043,54.4848,0.8189,0,BF.CW.PMP02::E01,train
2025-02-18 14:00:00,BF.CW.PMP02,cooling_descaling_pump,2.0933,0.6473,55.611,0.8481,0,BF.CW.PMP02::E01,train
2025-02-18 15:00:00,BF.CW.PMP02,cooling_descaling_pump,2.0261,0.6828,53.6249,0.7856,0,BF.CW.PMP02::E01,train
2025-02-18 16:00:00,BF.CW.PMP02,cooling_descaling_pump,2.1358,0.6209,52.8122,0.7917,0,BF.CW.PMP02::E01,train
2025-02-18 17:00:00,BF.CW.PMP02,cooling_descaling_pump,2.3041,0.9816,54.757,0.9256,0,BF.CW.PMP02::E01,train
2025-02-18 18:00:00,BF.CW.PMP02,cooling_descaling_pump,2.2576,0.9828,55.7945,1.0564,0,BF.CW.PMP02::E01,train
2025-02-18 19:00:00,BF.CW.PMP02,cooling_descaling_pump,2.3751,0.955,58.2607,1.1241,0,BF.CW.PMP02::E01,train
2025-02-18 20:00:00,BF.CW.PMP02,cooling_descaling_pump,2.4986,0.8454,58.3331,1.0656,0,BF.CW.PMP02::E01,train
2025-02-18 21:00:00,BF.CW.PMP02,cooling_descaling_pump,2.5559,0.5658,59.2811,1.0637,0,BF.CW.PMP02::E01,train
2025-02-18 22:00:00,BF.CW.PMP02,cooling_descaling_pump,2.6486,0.5818,60.2919,1.0383,0,BF.CW.PMP02::E01,train
2025-02-18 23:00:00,BF.CW.PMP02,cooling_descaling_pump,2.5163,0.505,59.2995,0.9723,0,BF.CW.PMP02::E01,train
2025-02-19 00:00:00,BF.CW.PMP02,cooling_descaling_pump,2.434,0.4195,58.6608,0.8773,0,BF.CW.PMP02::E01,train
2025-02-19 01:00:00,BF.CW.PMP02,cooling_descaling_pump,2.334,0.3725,58.1293,0.9357,0,BF.CW.PMP02::E01,train
2025-02-19 02:00:00,BF.CW.PMP02,cooling_descaling_pump,2.2919,0.1871,57.3855,0.8175,0,BF.CW.PMP02::E01,train
2025-02-19 03:00:00,BF.CW.PMP02,cooling_descaling_pump,2.2933,0.5011,58.3043,0.9176,0,BF.CW.PMP02::E01,train
2025-02-19 04:00:00,BF.CW.PMP02,cooling_descaling_pump,2.3266,0.4589,58.7959,0.9157,0,BF.CW.PMP02::E01,train
2025-02-19 05:00:00,BF.CW.PMP02,cooling_descaling_pump,2.3873,-0.0728,58.3384,0.8128,0,BF.CW.PMP02::E01,train
2025-02-19 06:00:00,BF.CW.PMP02,cooling_descaling_pump,2.4148,-0.5202,57.7333,0.811,0,BF.CW.PMP02::E01,train
2025-02-19 07:00:00,BF.CW.PMP02,cooling_descaling_pump,2.5258,-0.7705,59.136,0.8889,0,BF.CW.PMP02::E01,train
2025-02-19 08:00:00,BF.CW.PMP02,cooling_descaling_pump,2.7263,-1.1697,59.9202,0.7672,1,BF.CW.PMP02::E01,train
2025-02-19 09:00:00,BF.CW.PMP02,cooling_descaling_pump,2.7095,-0.8069,58.3784,0.7056,0,BF.CW.PMP02::E01,train
2025-02-19 10:00:00,BF.CW.PMP02,cooling_descaling_pump,2.6365,-1.4476,58.3597,0.811,0,BF.CW.PMP02::E01,train
2025-02-19 11:00:00,BF.CW.PMP02,cooling_descaling_pump,2.471,-1.433,57.5769,0.8884,0,BF.CW.PMP02::E01,train
2025-02-19 12:00:00,BF.CW.PMP02,cooling_descaling_pump,2.437,-1.5199,56.0609,0.8705,0,BF.CW.PMP02::E01,train
2025-02-19 13:00:00,BF.CW.PMP02,cooling_descaling_pump,2.4476,-1.3604,55.1323,0.8231,0,BF.CW.PMP02::E01,train
2025-02-19 14:00:00,BF.CW.PMP02,cooling_descaling_pump,2.5706,-1.3757,55.8503,0.9308,0,BF.CW.PMP02::E01,train
2025-02-19 15:00:00,BF.CW.PMP02,cooling_descaling_pump,2.4573,-1.3538,54.6918,0.9388,0,BF.CW.PMP02::E01,train
2025-02-19 16:00:00,BF.CW.PMP02,cooling_descaling_pump,2.461,-1.4629,54.8261,0.9717,0,BF.CW.PMP02::E01,train
2025-02-19 17:00:00,BF.CW.PMP02,cooling_descaling_pump,2.5259,-0.8794,54.324,0.9049,0,BF.CW.PMP02::E01,train
2025-02-19 18:00:00,BF.CW.PMP02,cooling_descaling_pump,2.3291,-0.7288,52.387,0.854,0,BF.CW.PMP02::E01,train
2025-02-19 19:00:00,BF.CW.PMP02,cooling_descaling_pump,2.4433,-1.1281,53.7145,0.8795,0,BF.CW.PMP02::E01,train
2025-02-19 20:00:00,BF.CW.PMP02,cooling_descaling_pump,2.4203,-0.8734,52.7413,0.8326,0,BF.CW.PMP02::E01,train
2025-02-19 21:00:00,BF.CW.PMP02,cooling_descaling_pump,2.4828,-0.5249,52.2746,0.8145,0,BF.CW.PMP02::E01,train
2025-02-19 22:00:00,BF.CW.PMP02,cooling_descaling_pump,2.5408,-0.69,53.5299,0.8383,0,BF.CW.PMP02::E01,train
2025-02-19 23:00:00,BF.CW.PMP02,cooling_descaling_pump,2.3053,-0.7408,53.7506,0.9112,0,BF.CW.PMP02::E01,train
2025-02-20 00:00:00,BF.CW.PMP02,cooling_descaling_pump,2.3952,-1.3105,52.9327,0.8974,1,BF.CW.PMP02::E01,train
2025-02-20 01:00:00,BF.CW.PMP02,cooling_descaling_pump,2.2452,-1.3412,52.1295,0.8791,0,BF.CW.PMP02::E01,train
2025-02-20 02:00:00,BF.CW.PMP02,cooling_descaling_pump,2.093,-1.4057,51.1625,0.8409,0,BF.CW.PMP02::E01,train
2025-02-20 03:00:00,BF.CW.PMP02,cooling_descaling_pump,2.1393,-1.4877,51.7481,0.9072,0,BF.CW.PMP02::E01,train
2025-02-20 04:00:00,BF.CW.PMP02,cooling_descaling_pump,2.2311,-0.9475,53.671,0.9811,0,BF.CW.PMP02::E01,train
2025-02-20 05:00:00,BF.CW.PMP02,cooling_descaling_pump,2.2171,-1.1086,53.387,0.9148,0,BF.CW.PMP02::E01,train
2025-02-20 06:00:00,BF.CW.PMP02,cooling_descaling_pump,2.1825,-0.9828,53.3298,0.8866,0,BF.CW.PMP02::E01,train
2025-02-20 07:00:00,BF.CW.PMP02,cooling_descaling_pump,2.1153,-0.9271,53.7941,0.9068,0,BF.CW.PMP02::E01,train
2025-02-20 08:00:00,BF.CW.PMP02,cooling_descaling_pump,2.0038,-0.35,53.2782,0.8053,0,BF.CW.PMP02::E01,train
2025-02-20 09:00:00,BF.CW.PMP02,cooling_descaling_pump,2.1101,-0.4336,53.181,0.8008,0,BF.CW.PMP02::E01,train
2025-02-20 10:00:00,BF.CW.PMP02,cooling_descaling_pump,2.0097,-0.1599,52.4973,0.8229,0,BF.CW.PMP02::E01,train
2025-02-20 11:00:00,BF.CW.PMP02,cooling_descaling_pump,2.0595,-0.2334,51.1764,0.7219,0,BF.CW.PMP02::E01,train
2025-02-20 12:00:00,BF.CW.PMP02,cooling_descaling_pump,2.1817,-0.3205,49.8001,0.6936,0,BF.CW.PMP02::E01,train
2025-02-20 13:00:00,BF.CW.PMP02,cooling_descaling_pump,2.048,-0.3563,47.2302,0.6666,0,BF.CW.PMP02::E01,train
2025-02-20 14:00:00,BF.CW.PMP02,cooling_descaling_pump,2.0029,-0.3626,47.2974,0.7838,0,BF.CW.PMP02::E01,train
2025-02-20 15:00:00,BF.CW.PMP02,cooling_descaling_pump,2.1161,0.0521,47.6612,0.8277,0,BF.CW.PMP02::E01,train
2025-02-20 16:00:00,BF.CW.PMP02,cooling_descaling_pump,1.9768,-0.2641,46.604,0.9222,0,BF.CW.PMP02::E01,train
2025-02-20 17:00:00,BF.CW.PMP02,cooling_descaling_pump,1.9303,0.0798,46.2436,1.001,0,BF.CW.PMP02::E01,train
2025-02-20 18:00:00,BF.CW.PMP02,cooling_descaling_pump,2.086,0.1543,47.5691,1.0806,0,BF.CW.PMP02::E01,train
2025-02-20 19:00:00,BF.CW.PMP02,cooling_descaling_pump,2.1803,0.4888,48.3068,1.022,0,BF.CW.PMP02::E01,train
2025-02-20 20:00:00,BF.CW.PMP02,cooling_descaling_pump,2.1611,0.4735,48.6637,1.0436,0,BF.CW.PMP02::E01,train
2025-02-20 21:00:00,BF.CW.PMP02,cooling_descaling_pump,2.4001,0.4046,50.3803,0.9642,0,BF.CW.PMP02::E01,train
2025-02-20 22:00:00,BF.CW.PMP02,cooling_descaling_pump,2.5309,0.0837,51.6522,0.8804,0,BF.CW.PMP02::E01,train
2025-02-20 23:00:00,BF.CW.PMP02,cooling_descaling_pump,2.4161,0.1924,51.9802,0.9244,0,BF.CW.PMP02::E01,train
2025-02-21 00:00:00,BF.CW.PMP02,cooling_descaling_pump,2.3005,0.416,50.2398,0.9542,0,BF.CW.PMP02::E01,train
2025-02-21 01:00:00,BF.CW.PMP02,cooling_descaling_pump,2.5937,0.5927,51.0142,0.8225,0,BF.CW.PMP02::E01,train
2025-02-21 02:00:00,BF.CW.PMP02,cooling_descaling_pump,2.7958,0.7973,52.183,0.8982,0,BF.CW.PMP02::E01,train
2025-02-21 03:00:00,BF.CW.PMP02,cooling_descaling_pump,2.8394,0.648,54.1568,0.9704,0,BF.CW.PMP02::E01,train
2025-02-21 04:00:00,BF.CW.PMP02,cooling_descaling_pump,2.773,0.1951,54.0779,0.9734,0,BF.CW.PMP02::E01,train
2025-02-21 05:00:00,BF.CW.PMP02,cooling_descaling_pump,2.8283,0.4523,56.5564,1.1237,0,BF.CW.PMP02::E01,train
2025-02-21 06:00:00,BF.CW.PMP02,cooling_descaling_pump,2.8172,0.5642,57.0899,1.2009,0,BF.CW.PMP02::E01,train
2025-02-21 07:00:00,BF.CW.PMP02,cooling_descaling_pump,2.7018,0.6401,56.8097,1.1936,0,BF.CW.PMP02::E01,train
2025-02-21 08:00:00,BF.CW.PMP02,cooling_descaling_pump,2.5514,-0.1038,54.6292,1.1538,0,BF.CW.PMP02::E01,train
2025-02-21 09:00:00,BF.CW.PMP02,cooling_descaling_pump,2.4574,-0.2238,54.2485,1.1313,0,BF.CW.PMP02::E01,train
2025-02-21 10:00:00,BF.CW.PMP02,cooling_descaling_pump,2.7036,-0.3409,55.8183,1.2398,0,BF.CW.PMP02::E01,train
2025-02-21 11:00:00,BF.CW.PMP02,cooling_descaling_pump,2.7719,-0.1452,56.6956,1.2338,0,BF.CW.PMP02::E01,train
2025-02-21 12:00:00,BF.CW.PMP02,cooling_descaling_pump,2.6301,-0.2281,55.5227,1.2029,0,BF.CW.PMP02::E01,train
2025-02-21 13:00:00,BF.CW.PMP02,cooling_descaling_pump,2.674,-0.285,55.1812,1.1984,0,BF.CW.PMP02::E01,train
2025-02-21 14:00:00,BF.CW.PMP02,cooling_descaling_pump,2.8552,-0.0049,57.0222,1.281,0,BF.CW.PMP02::E01,train
2025-02-21 15:00:00,BF.CW.PMP02,cooling_descaling_pump,2.7551,0.2038,54.9166,1.1805,0,BF.CW.PMP02::E01,train
2025-02-21 16:00:00,BF.CW.PMP02,cooling_descaling_pump,2.6845,1.4897,54.0831,1.167,1,BF.CW.PMP02::E01,train
2025-02-21 17:00:00,BF.CW.PMP02,cooling_descaling_pump,2.6517,1.7039,53.9861,1.159,0,BF.CW.PMP02::E01,train
2025-02-21 18:00:00,BF.CW.PMP02,cooling_descaling_pump,2.5381,1.435,52.5558,1.1321,0,BF.CW.PMP02::E01,train
2025-02-21 19:00:00,BF.CW.PMP02,cooling_descaling_pump,2.5525,1.2003,54.6892,1.1809,0,BF.CW.PMP02::E01,train
2025-02-21 20:00:00,BF.CW.PMP02,cooling_descaling_pump,2.5364,0.7508,55.1007,1.19,0,BF.CW.PMP02::E01,train
2025-02-21 21:00:00,BF.CW.PMP02,cooling_descaling_pump,2.4941,0.3602,54.7238,1.1234,0,BF.CW.PMP02::E01,train
2025-02-21 22:00:00,BF.CW.PMP02,cooling_descaling_pump,2.5794,-0.0923,55.0825,1.1539,0,BF.CW.PMP02::E01,train
2025-02-21 23:00:00,BF.CW.PMP02,cooling_descaling_pump,2.5198,0.0322,54.8429,1.0641,0,BF.CW.PMP02::E01,train
2025-02-22 00:00:00,BF.CW.PMP02,cooling_descaling_pump,2.5492,0.5583,56.1416,1.1239,0,BF.CW.PMP02::E01,train
2025-02-22 01:00:00,BF.CW.PMP02,cooling_descaling_pump,2.5138,0.6686,60.2807,1.0135,0,BF.CW.PMP02::E01,train
2025-02-22 02:00:00,BF.CW.PMP02,cooling_descaling_pump,2.5398,-0.2704,69.017,0.9864,0,BF.CW.PMP02::E01,train
2025-02-22 03:00:00,BF.CW.PMP02,cooling_descaling_pump,2.3486,-0.3829,73.511,0.9063,0,BF.CW.PMP02::E01,train
2025-02-22 04:00:00,BF.CW.PMP02,cooling_descaling_pump,2.4109,0.0785,75.9257,0.999,0,BF.CW.PMP02::E01,train
2025-02-22 05:00:00,BF.CW.PMP02,cooling_descaling_pump,2.4798,-0.0881,69.7864,0.978,0,BF.CW.PMP02::E01,train
2025-02-22 06:00:00,BF.CW.PMP02,cooling_descaling_pump,2.5175,-0.3641,62.3382,1.0339,0,BF.CW.PMP02::E01,train
2025-02-22 07:00:00,BF.CW.PMP02,cooling_descaling_pump,2.5245,-0.6797,59.5257,1.0997,0,BF.CW.PMP02::E01,train
2025-02-22 08:00:00,BF.CW.PMP02,cooling_descaling_pump,2.5319,-0.1975,58.4956,1.0003,0,BF.CW.PMP02::E01,train
2025-02-22 09:00:00,BF.CW.PMP02,cooling_descaling_pump,2.6809,0.6311,58.2878,0.9235,0,BF.CW.PMP02::E01,train
2025-02-22 10:00:00,BF.CW.PMP02,cooling_descaling_pump,2.6231,0.3005,58.672,1.024,0,BF.CW.PMP02::E01,train
2025-02-22 11:00:00,BF.CW.PMP02,cooling_descaling_pump,2.7965,-0.3392,58.5605,1.0324,0,BF.CW.PMP02::E01,train
2025-02-22 12:00:00,BF.CW.PMP02,cooling_descaling_pump,2.7245,-0.8105,58.5777,1.1551,0,BF.CW.PMP02::E01,train
2025-02-22 13:00:00,BF.CW.PMP02,cooling_descaling_pump,2.8475,-0.8047,58.7098,1.2051,0,BF.CW.PMP02::E01,train
2025-02-22 14:00:00,BF.CW.PMP02,cooling_descaling_pump,2.9999,-1.0198,59.3479,1.2322,0,BF.CW.PMP02::E01,train
2025-02-22 15:00:00,BF.CW.PMP02,cooling_descaling_pump,2.975,-1.4906,58.9271,1.2218,0,BF.CW.PMP02::E01,train
2025-02-22 16:00:00,BF.CW.PMP02,cooling_descaling_pump,2.8092,-1.6423,57.4347,1.1197,0,BF.CW.PMP02::E01,train
2025-02-22 17:00:00,BF.CW.PMP02,cooling_descaling_pump,2.8206,-1.1282,56.8289,1.0835,0,BF.CW.PMP02::E01,train
2025-02-22 18:00:00,BF.CW.PMP02,cooling_descaling_pump,2.8005,-1.3091,55.2061,0.977,0,BF.CW.PMP02::E01,train
2025-02-22 19:00:00,BF.CW.PMP02,cooling_descaling_pump,2.6739,-1.0148,55.7833,0.9966,0,BF.CW.PMP02::E01,train
2025-02-22 20:00:00,BF.CW.PMP02,cooling_descaling_pump,2.6628,-1.2986,56.0744,0.9675,0,BF.CW.PMP02::E01,train
2025-02-22 21:00:00,BF.CW.PMP02,cooling_descaling_pump,2.6679,-1.6443,56.6205,0.999,0,BF.CW.PMP02::E01,train
2025-02-22 22:00:00,BF.CW.PMP02,cooling_descaling_pump,2.6073,-1.9156,56.8897,0.979,0,BF.CW.PMP02::E01,train
2025-02-22 23:00:00,BF.CW.PMP02,cooling_descaling_pump,2.5856,-1.8531,57.4644,0.9757,0,BF.CW.PMP02::E01,train
2025-02-23 00:00:00,BF.CW.PMP02,cooling_descaling_pump,2.6267,-2.0988,59.2631,1.0739,0,BF.CW.PMP02::E01,train
2025-02-23 01:00:00,BF.CW.PMP02,cooling_descaling_pump,2.749,-1.889,61.5225,0.9993,0,BF.CW.PMP02::E01,train
2025-02-23 02:00:00,BF.CW.PMP02,cooling_descaling_pump,2.7779,-1.7217,62.4712,1.05,0,BF.CW.PMP02::E01,train
2025-02-23 03:00:00,BF.CW.PMP02,cooling_descaling_pump,2.66,-1.9961,60.9111,1.0533,0,BF.CW.PMP02::E01,train
2025-02-23 04:00:00,BF.CW.PMP02,cooling_descaling_pump,2.6448,-2.0002,59.4664,0.9956,0,BF.CW.PMP02::E01,train
2025-02-23 05:00:00,BF.CW.PMP02,cooling_descaling_pump,2.6949,-1.8901,60.004,0.962,1,BF.CW.PMP02::E01,train
2025-02-23 06:00:00,BF.CW.PMP02,cooling_descaling_pump,2.401,-1.3841,58.7054,0.9895,0,BF.CW.PMP02::E01,train
2025-02-23 07:00:00,BF.CW.PMP02,cooling_descaling_pump,2.516,-1.1866,59.2939,0.9349,1,BF.CW.PMP02::E01,train
2025-02-23 08:00:00,BF.CW.PMP02,cooling_descaling_pump,2.3617,-0.2384,58.4621,0.9426,0,BF.CW.PMP02::E01,train
2025-02-23 09:00:00,BF.CW.PMP02,cooling_descaling_pump,2.4861,-0.6865,60.3891,1.0095,1,BF.CW.PMP02::E01,train
2025-02-23 10:00:00,BF.CW.PMP02,cooling_descaling_pump,2.5189,-0.4995,60.5024,1.0099,0,BF.CW.PMP02::E01,train
2025-02-23 11:00:00,BF.CW.PMP02,cooling_descaling_pump,2.4746,-0.8999,60.1007,1.0263,0,BF.CW.PMP02::E01,train
2025-02-23 12:00:00,BF.CW.PMP02,cooling_descaling_pump,2.4751,-0.8097,59.9862,1.0966,0,BF.CW.PMP02::E01,train
2025-02-23 13:00:00,BF.CW.PMP02,cooling_descaling_pump,2.5572,-0.9853,58.197,1.0688,1,BF.CW.PMP02::E01,train
2025-02-23 14:00:00,BF.CW.PMP02,cooling_descaling_pump,2.5168,-1.0122,57.8104,1.0254,1,BF.CW.PMP02::E01,train
2025-02-23 15:00:00,BF.CW.PMP02,cooling_descaling_pump,2.5546,-0.5181,57.2455,1.0278,0,BF.CW.PMP02::E01,train
2025-02-23 16:00:00,BF.CW.PMP02,cooling_descaling_pump,2.6062,-0.71,57.9735,1.0406,0,BF.CW.PMP02::E01,train
2025-02-23 17:00:00,BF.CW.PMP02,cooling_descaling_pump,2.5848,-0.1781,57.4568,0.9815,0,BF.CW.PMP02::E01,train
2025-02-23 18:00:00,BF.CW.PMP02,cooling_descaling_pump,2.6997,0.1092,57.6242,0.9439,0,BF.CW.PMP02::E01,train
2025-02-23 19:00:00,BF.CW.PMP02,cooling_descaling_pump,2.6276,0.1073,56.9336,0.9501,0,BF.CW.PMP02::E01,train
2025-02-23 20:00:00,BF.CW.PMP02,cooling_descaling_pump,2.5577,0.1894,57.4461,1.068,0,BF.CW.PMP02::E01,train
2025-02-23 21:00:00,BF.CW.PMP02,cooling_descaling_pump,2.7098,0.3424,59.5691,1.1656,0,BF.CW.PMP02::E01,train
2025-02-23 22:00:00,BF.CW.PMP02,cooling_descaling_pump,2.6544,0.5759,60.1504,1.153,0,BF.CW.PMP02::E01,train
2025-02-23 23:00:00,BF.CW.PMP02,cooling_descaling_pump,2.6306,1.0837,60.771,1.187,0,BF.CW.PMP02::E01,train
2025-02-24 00:00:00,BF.CW.PMP02,cooling_descaling_pump,2.6922,0.817,62.1678,1.2201,0,BF.CW.PMP02::E01,train
2025-02-24 01:00:00,BF.CW.PMP02,cooling_descaling_pump,2.6179,0.0503,61.6868,1.2158,1,BF.CW.PMP02::E01,train
2025-02-24 02:00:00,BF.CW.PMP02,cooling_descaling_pump,2.4633,0.4282,61.4733,1.2273,0,BF.CW.PMP02::E01,train
2025-02-24 03:00:00,BF.CW.PMP02,cooling_descaling_pump,2.4415,0.283,60.3903,1.0849,0,BF.CW.PMP02::E01,train
2025-02-24 04:00:00,BF.CW.PMP02,cooling_descaling_pump,2.5862,-0.362,64.1433,1.2744,0,BF.CW.PMP02::E01,train
2025-02-24 05:00:00,BF.CW.PMP02,cooling_descaling_pump,2.6824,-0.6781,65.4958,1.2879,1,BF.CW.PMP02::E01,train
2025-02-24 06:00:00,BF.CW.PMP02,cooling_descaling_pump,2.5857,-0.9458,63.42,1.2121,0,BF.CW.PMP02::E01,train
2025-02-24 07:00:00,BF.CW.PMP02,cooling_descaling_pump,2.6901,-1.2818,64.8779,1.1433,0,BF.CW.PMP02::E01,train
2025-02-24 08:00:00,BF.CW.PMP02,cooling_descaling_pump,2.8418,-0.6772,65.8856,1.1888,0,BF.CW.PMP02::E01,train
2025-02-24 09:00:00,BF.CW.PMP02,cooling_descaling_pump,2.8423,-0.3837,65.7465,1.1678,0,BF.CW.PMP02::E01,train
2025-02-24 10:00:00,BF.CW.PMP02,cooling_descaling_pump,2.6432,-0.1114,65.2003,1.2162,0,BF.CW.PMP02::E01,train
2025-02-24 11:00:00,BF.CW.PMP02,cooling_descaling_pump,2.6506,-0.4762,63.9324,1.1538,0,BF.CW.PMP02::E01,train
2025-02-24 12:00:00,BF.CW.PMP02,cooling_descaling_pump,2.5864,-0.8637,63.712,1.1435,0,BF.CW.PMP02::E01,train
2025-02-24 13:00:00,BF.CW.PMP02,cooling_descaling_pump,2.533,-1.0038,62.2177,1.0709,0,BF.CW.PMP02::E01,train
2025-02-24 14:00:00,BF.CW.PMP02,cooling_descaling_pump,2.5582,-1.367,63.1599,1.1777,1,BF.CW.PMP02::E01,train
2025-02-24 15:00:00,BF.CW.PMP02,cooling_descaling_pump,2.6986,-1.3487,63.5337,1.168,1,BF.CW.PMP02::E01,train
2025-02-24 16:00:00,BF.CW.PMP02,cooling_descaling_pump,2.714,-1.567,62.2957,1.1442,0,BF.CW.PMP02::E01,train
2025-02-24 17:00:00,BF.CW.PMP02,cooling_descaling_pump,2.7448,-1.7686,61.083,1.0413,0,BF.CW.PMP02::E01,train
2025-02-24 18:00:00,BF.CW.PMP02,cooling_descaling_pump,2.7782,-1.5723,61.5093,1.042,1,BF.CW.PMP02::E01,train
2025-02-24 19:00:00,BF.CW.PMP02,cooling_descaling_pump,2.6159,-1.0219,61.7439,1.0247,0,BF.CW.PMP02::E01,train
2025-02-24 20:00:00,BF.CW.PMP02,cooling_descaling_pump,2.6447,-0.3515,61.6539,1.0789,0,BF.CW.PMP02::E01,train
2025-02-24 21:00:00,BF.CW.PMP02,cooling_descaling_pump,2.6253,0.2754,61.5492,1.0674,0,BF.CW.PMP02::E01,train
2025-02-24 22:00:00,BF.CW.PMP02,cooling_descaling_pump,2.566,0.4951,60.6436,1.0254,0,BF.CW.PMP02::E01,train
2025-02-24 23:00:00,BF.CW.PMP02,cooling_descaling_pump,2.5666,0.5785,59.2661,0.9275,0,BF.CW.PMP02::E01,train
2025-02-25 00:00:00,BF.CW.PMP02,cooling_descaling_pump,2.543,0.7772,59.2331,0.9623,1,BF.CW.PMP02::E01,train
2025-02-25 01:00:00,BF.CW.PMP02,cooling_descaling_pump,2.2771,-0.2418,59.8637,1.1336,0,BF.CW.PMP02::E01,train
2025-02-25 02:00:00,BF.CW.PMP02,cooling_descaling_pump,2.1594,-1.4704,58.4562,1.0656,1,BF.CW.PMP02::E01,train
2025-02-25 03:00:00,BF.CW.PMP02,cooling_descaling_pump,2.2379,-1.7664,58.3251,1.0563,0,BF.CW.PMP02::E01,train
2025-02-25 04:00:00,BF.CW.PMP02,cooling_descaling_pump,2.1623,-0.8586,57.7924,0.9537,0,BF.CW.PMP02::E01,train
2025-02-25 05:00:00,BF.CW.PMP02,cooling_descaling_pump,2.1324,-0.1509,58.1733,0.9474,0,BF.CW.PMP02::E01,train
2025-02-25 06:00:00,BF.CW.PMP02,cooling_descaling_pump,2.1748,0.2884,57.6074,0.9871,0,BF.CW.PMP02::E01,train
2025-02-25 07:00:00,BF.CW.PMP02,cooling_descaling_pump,2.2773,0.4124,57.2764,0.9306,0,BF.CW.PMP02::E01,train
2025-02-25 08:00:00,BF.CW.PMP02,cooling_descaling_pump,2.349,0.608,56.5191,0.914,1,BF.CW.PMP02::E01,train
2025-02-25 09:00:00,BF.CW.PMP02,cooling_descaling_pump,2.3412,1.1915,56.6498,0.9233,0,BF.CW.PMP02::E01,train
2025-02-25 10:00:00,BF.CW.PMP02,cooling_descaling_pump,2.1857,1.8617,53.2251,0.8816,0,BF.CW.PMP02::E01,train
2025-02-25 11:00:00,BF.CW.PMP02,cooling_descaling_pump,2.2713,2.1352,53.521,0.9569,0,BF.CW.PMP02::E01,train
2025-02-25 12:00:00,BF.CW.PMP02,cooling_descaling_pump,2.4083,2.0387,53.6525,1.0418,0,BF.CW.PMP02::E01,train
2025-02-25 13:00:00,BF.CW.PMP02,cooling_descaling_pump,2.5616,2.0242,53.6898,1.0428,0,BF.CW.PMP02::E01,train
2025-02-25 14:00:00,BF.CW.PMP02,cooling_descaling_pump,2.5981,1.6032,52.8982,1.0388,0,BF.CW.PMP02::E01,train
2025-02-25 15:00:00,BF.CW.PMP02,cooling_descaling_pump,2.6163,1.6718,51.9392,0.8701,0,BF.CW.PMP02::E01,train
2025-02-25 16:00:00,BF.CW.PMP02,cooling_descaling_pump,2.6622,1.813,52.0989,0.9088,0,BF.CW.PMP02::E01,train
2025-02-25 17:00:00,BF.CW.PMP02,cooling_descaling_pump,2.5378,1.0139,50.6995,1.0028,0,BF.CW.PMP02::E01,train
2025-02-25 18:00:00,BF.CW.PMP02,cooling_descaling_pump,2.6661,1.3865,51.9023,0.9941,1,BF.CW.PMP02::E01,train
2025-02-25 19:00:00,BF.CW.PMP02,cooling_descaling_pump,2.7747,1.1479,52.0096,1.1043,0,BF.CW.PMP02::E01,train
2025-02-25 20:00:00,BF.CW.PMP02,cooling_descaling_pump,2.8367,1.1845,53.1852,1.0523,0,BF.CW.PMP02::E01,train
2025-02-25 21:00:00,BF.CW.PMP02,cooling_descaling_pump,2.8646,0.6511,53.9673,1.0875,1,BF.CW.PMP02::E01,train
2025-02-25 22:00:00,BF.CW.PMP02,cooling_descaling_pump,2.8149,0.8283,53.2057,0.9607,1,BF.CW.PMP02::E01,train
2025-02-25 23:00:00,BF.CW.PMP02,cooling_descaling_pump,2.6886,0.5996,53.6921,1.0208,0,BF.CW.PMP02::E01,train
2025-02-26 00:00:00,BF.CW.PMP02,cooling_descaling_pump,2.7072,0.8001,54.0646,1.0556,1,BF.CW.PMP02::E01,train
2025-02-26 01:00:00,BF.CW.PMP02,cooling_descaling_pump,2.7243,0.7474,54.8279,1.0553,1,BF.CW.PMP02::E01,train
2025-02-26 02:00:00,BF.CW.PMP02,cooling_descaling_pump,2.7911,0.1029,56.0504,1.0636,1,BF.CW.PMP02::E01,train
2025-02-26 03:00:00,BF.CW.PMP02,cooling_descaling_pump,2.8428,0.3311,55.0466,0.9333,0,BF.CW.PMP02::E01,train
2025-02-26 04:00:00,BF.CW.PMP02,cooling_descaling_pump,2.8938,0.6806,53.6001,0.8183,1,BF.CW.PMP02::E01,train
2025-02-26 05:00:00,BF.CW.PMP02,cooling_descaling_pump,2.811,0.661,54.8422,0.7647,0,BF.CW.PMP02::E01,train
2025-02-26 06:00:00,BF.CW.PMP02,cooling_descaling_pump,2.7974,0.4693,56.1948,0.9035,1,BF.CW.PMP02::E01,train
2025-02-26 07:00:00,BF.CW.PMP02,cooling_descaling_pump,2.8225,-0.2076,54.7624,0.8573,0,BF.CW.PMP02::E01,train
2025-02-26 08:00:00,BF.CW.PMP02,cooling_descaling_pump,2.759,-0.1675,53.6826,0.8202,1,BF.CW.PMP02::E01,train
2025-02-26 09:00:00,BF.CW.PMP02,cooling_descaling_pump,2.8574,0.2934,54.7288,0.916,1,BF.CW.PMP02::E01,train
2025-02-26 10:00:00,BF.CW.PMP02,cooling_descaling_pump,2.6936,0.2086,54.1157,0.9489,1,BF.CW.PMP02::E01,train
2025-02-26 11:00:00,BF.CW.PMP02,cooling_descaling_pump,2.6547,-0.5427,52.239,0.8587,1,BF.CW.PMP02::E01,train
2025-02-26 12:00:00,BF.CW.PMP02,cooling_descaling_pump,2.5937,-0.9985,52.4023,0.935,0,BF.CW.PMP02::E01,train
2025-02-26 13:00:00,BF.CW.PMP02,cooling_descaling_pump,2.7953,-0.9549,53.6178,0.9738,1,BF.CW.PMP02::E01,train
2025-02-26 14:00:00,BF.CW.PMP02,cooling_descaling_pump,2.6155,-0.4466,52.6413,0.997,0,BF.CW.PMP02::E01,train
2025-02-26 15:00:00,BF.CW.PMP02,cooling_descaling_pump,2.6733,0.3977,51.5594,0.9945,0,BF.CW.PMP02::E01,train
2025-02-26 16:00:00,BF.CW.PMP02,cooling_descaling_pump,2.5707,0.9425,51.1463,1.0226,1,BF.CW.PMP02::E01,train
2025-02-26 17:00:00,BF.CW.PMP02,cooling_descaling_pump,2.6768,0.509,52.2077,1.0478,0,BF.CW.PMP02::E01,train
2025-02-26 18:00:00,BF.CW.PMP02,cooling_descaling_pump,2.6458,0.3218,52.3264,1.0123,0,BF.CW.PMP02::E01,train
2025-02-26 19:00:00,BF.CW.PMP02,cooling_descaling_pump,2.7911,0.6749,52.8024,0.9319,0,BF.CW.PMP02::E01,train
2025-02-26 20:00:00,BF.CW.PMP02,cooling_descaling_pump,2.7932,1.267,52.3785,0.912,1,BF.CW.PMP02::E01,train
2025-02-26 21:00:00,BF.CW.PMP02,cooling_descaling_pump,2.7133,0.7018,53.2203,0.9958,1,BF.CW.PMP02::E01,train
2025-02-26 22:00:00,BF.CW.PMP02,cooling_descaling_pump,2.8141,0.8884,53.955,1.0202,0,BF.CW.PMP02::E01,train
2025-02-26 23:00:00,BF.CW.PMP02,cooling_descaling_pump,2.8192,0.6545,54.1637,1.0512,0,BF.CW.PMP02::E01,train
2025-02-27 00:00:00,BF.CW.PMP02,cooling_descaling_pump,2.9493,0.4601,55.959,1.1704,1,BF.CW.PMP02::E01,train
2025-02-27 01:00:00,BF.CW.PMP02,cooling_descaling_pump,2.8296,0.7115,56.4431,1.1263,0,BF.CW.PMP02::E01,train
2025-02-27 02:00:00,BF.CW.PMP02,cooling_descaling_pump,2.8169,0.6974,56.1168,0.9974,0,BF.CW.PMP02::E01,train
2025-02-27 03:00:00,BF.CW.PMP02,cooling_descaling_pump,2.7948,0.4439,56.4719,0.9806,0,BF.CW.PMP02::E01,train
2025-02-27 04:00:00,BF.CW.PMP02,cooling_descaling_pump,2.6073,0.8346,54.3608,0.9038,0,BF.CW.PMP02::E01,train
2025-02-27 05:00:00,BF.CW.PMP02,cooling_descaling_pump,2.5777,1.511,52.2962,0.8388,0,BF.CW.PMP02::E01,train
2025-02-27 06:00:00,BF.CW.PMP02,cooling_descaling_pump,2.5717,1.0305,51.0734,0.8047,1,BF.CW.PMP02::E01,train
2025-02-27 07:00:00,BF.CW.PMP02,cooling_descaling_pump,2.6231,0.9445,51.0281,0.7004,0,BF.CW.PMP02::E01,train
2025-02-27 08:00:00,BF.CW.PMP02,cooling_descaling_pump,2.6159,1.1659,51.4912,0.7456,1,BF.CW.PMP02::E01,train
2025-02-27 09:00:00,BF.CW.PMP02,cooling_descaling_pump,2.6806,1.0554,50.8841,0.7148,0,BF.CW.PMP02::E01,train
2025-02-27 10:00:00,BF.CW.PMP02,cooling_descaling_pump,2.7028,1.8563,51.8245,0.8774,0,BF.CW.PMP02::E01,train
2025-02-27 11:00:00,BF.CW.PMP02,cooling_descaling_pump,2.5973,1.2883,51.196,0.8664,0,BF.CW.PMP02::E01,train
2025-02-27 12:00:00,BF.CW.PMP02,cooling_descaling_pump,2.6037,1.3676,51.3308,0.845,1,BF.CW.PMP02::E01,train
2025-02-27 13:00:00,BF.CW.PMP02,cooling_descaling_pump,2.5678,1.9198,50.1221,0.8631,0,BF.CW.PMP02::E01,train
2025-02-27 14:00:00,BF.CW.PMP02,cooling_descaling_pump,2.5543,1.3449,50.2146,0.965,1,BF.CW.PMP02::E01,train
2025-02-27 15:00:00,BF.CW.PMP02,cooling_descaling_pump,2.6727,1.0323,49.0496,0.8857,0,BF.CW.PMP02::E01,train
2025-02-27 16:00:00,BF.CW.PMP02,cooling_descaling_pump,2.6519,0.9172,49.2164,0.8849,1,BF.CW.PMP02::E01,train
2025-02-27 17:00:00,BF.CW.PMP02,cooling_descaling_pump,2.5169,0.5788,48.1898,0.874,1,BF.CW.PMP02::E01,train
2025-02-27 18:00:00,BF.CW.PMP02,cooling_descaling_pump,2.4342,0.3377,47.3103,0.8805,1,BF.CW.PMP02::E01,train
2025-02-27 19:00:00,BF.CW.PMP02,cooling_descaling_pump,2.4916,-0.5096,47.7512,0.907,1,BF.CW.PMP02::E01,train
2025-02-27 20:00:00,BF.CW.PMP02,cooling_descaling_pump,2.6438,-0.2784,48.7515,0.9501,1,BF.CW.PMP02::E01,train
2025-02-27 21:00:00,BF.CW.PMP02,cooling_descaling_pump,2.5933,-0.514,47.6045,0.9196,0,BF.CW.PMP02::E01,train
2025-02-27 22:00:00,BF.CW.PMP02,cooling_descaling_pump,2.6983,-0.6367,49.6766,0.9593,0,BF.CW.PMP02::E01,train
2025-02-27 23:00:00,BF.CW.PMP02,cooling_descaling_pump,2.742,-0.5128,50.7736,0.9814,1,BF.CW.PMP02::E01,train
2025-02-28 00:00:00,BF.CW.PMP02,cooling_descaling_pump,2.7579,-1.0258,51.2075,0.8637,1,BF.CW.PMP02::E01,train
2025-02-28 01:00:00,BF.CW.PMP02,cooling_descaling_pump,2.8652,-1.3833,52.0741,0.8558,0,BF.CW.PMP02::E01,train
2025-02-28 02:00:00,BF.CW.PMP02,cooling_descaling_pump,2.9662,-0.7497,52.8368,0.818,0,BF.CW.PMP02::E01,train
2025-02-28 03:00:00,BF.CW.PMP02,cooling_descaling_pump,2.8069,-0.797,52.8179,0.9641,0,BF.CW.PMP02::E01,train
2025-02-28 04:00:00,BF.CW.PMP02,cooling_descaling_pump,2.6628,-0.1449,52.845,0.9897,1,BF.CW.PMP02::E01,train
2025-02-28 05:00:00,BF.CW.PMP02,cooling_descaling_pump,2.6642,-0.1861,52.1101,0.955,1,BF.CW.PMP02::E01,train
2025-02-28 06:00:00,BF.CW.PMP02,cooling_descaling_pump,2.6705,-0.5086,51.8237,0.9725,0,BF.CW.PMP02::E01,train
2025-02-28 07:00:00,BF.CW.PMP02,cooling_descaling_pump,2.6391,-0.3201,51.8339,0.9727,1,BF.CW.PMP02::E01,train
2025-02-28 08:00:00,BF.CW.PMP02,cooling_descaling_pump,2.4815,-0.1481,50.0,0.978,1,BF.CW.PMP02::E01,train
2025-02-28 09:00:00,BF.CW.PMP02,cooling_descaling_pump,2.5302,0.5723,48.8992,0.9368,1,BF.CW.PMP02::E01,train
2025-02-28 10:00:00,BF.CW.PMP02,cooling_descaling_pump,2.5689,0.5211,47.5085,0.8673,0,BF.CW.PMP02::E01,train
2025-02-28 11:00:00,BF.CW.PMP02,cooling_descaling_pump,2.5065,0.2325,47.3244,0.9188,1,BF.CW.PMP02::E01,train
2025-02-28 12:00:00,BF.CW.PMP02,cooling_descaling_pump,2.4297,0.8504,48.6749,1.0604,0,BF.CW.PMP02::E01,train
2025-02-28 13:00:00,BF.CW.PMP02,cooling_descaling_pump,2.415,0.0762,48.9497,1.0337,0,BF.CW.PMP02::E01,train
2025-02-28 14:00:00,BF.CW.PMP02,cooling_descaling_pump,2.4438,0.1288,48.2608,1.0116,1,BF.CW.PMP02::E01,train
2025-02-28 15:00:00,BF.CW.PMP02,cooling_descaling_pump,2.5866,0.3194,49.2871,1.0683,0,BF.CW.PMP02::E01,train
2025-02-28 16:00:00,BF.CW.PMP02,cooling_descaling_pump,2.6664,-0.3097,50.4963,1.1054,1,BF.CW.PMP02::E01,train
2025-02-28 17:00:00,BF.CW.PMP02,cooling_descaling_pump,2.7266,-0.0615,51.0793,1.102,1,BF.CW.PMP02::E01,train
2025-02-28 18:00:00,BF.CW.PMP02,cooling_descaling_pump,2.6964,-0.1472,50.4728,1.0013,1,BF.CW.PMP02::E01,train
2025-02-28 19:00:00,BF.CW.PMP02,cooling_descaling_pump,2.6011,-0.2164,51.48,1.099,1,BF.CW.PMP02::E01,train
2025-02-28 20:00:00,BF.CW.PMP02,cooling_descaling_pump,2.4854,0.1035,50.6102,1.027,1,BF.CW.PMP02::E01,train
2025-02-28 21:00:00,BF.CW.PMP02,cooling_descaling_pump,2.5936,-0.3302,50.5084,0.9764,1,BF.CW.PMP02::E01,train
2025-02-28 22:00:00,BF.CW.PMP02,cooling_descaling_pump,2.621,-0.4267,52.4479,1.0495,0,BF.CW.PMP02::E01,train
2025-02-28 23:00:00,BF.CW.PMP02,cooling_descaling_pump,2.7101,-0.6406,53.9839,1.1107,1,BF.CW.PMP02::E01,train
2025-03-01 00:00:00,BF.CW.PMP02,cooling_descaling_pump,2.7801,-0.3693,53.2008,0.9767,1,BF.CW.PMP02::E01,train
2025-03-01 01:00:00,BF.CW.PMP02,cooling_descaling_pump,2.782,-0.8556,52.0197,0.9787,1,BF.CW.PMP02::E01,train
2025-03-01 02:00:00,BF.CW.PMP02,cooling_descaling_pump,2.7821,-0.4957,51.4019,0.8966,1,BF.CW.PMP02::E01,train
2025-03-01 03:00:00,BF.CW.PMP02,cooling_descaling_pump,2.9409,-0.7894,52.2447,0.9367,0,BF.CW.PMP02::E01,train
2025-03-01 04:00:00,BF.CW.PMP02,cooling_descaling_pump,2.7981,-1.0243,49.3507,0.71,1,BF.CW.PMP02::E01,train
2025-03-01 05:00:00,BF.CW.PMP02,cooling_descaling_pump,2.9102,-0.2707,51.3447,0.7258,1,BF.CW.PMP02::E01,train
2025-03-01 06:00:00,BF.CW.PMP02,cooling_descaling_pump,3.0873,-0.3291,53.4211,0.8192,1,BF.CW.PMP02::E01,train
2025-03-01 07:00:00,BF.CW.PMP02,cooling_descaling_pump,3.1141,-0.3075,52.4155,0.725,1,BF.CW.PMP02::E01,train
2025-03-01 08:00:00,BF.CW.PMP02,cooling_descaling_pump,3.0742,-0.533,53.4494,0.9021,1,BF.CW.PMP02::E01,train
2025-03-01 09:00:00,BF.CW.PMP02,cooling_descaling_pump,3.1079,0.7873,52.9672,0.8557,1,BF.CW.PMP02::E01,train
2025-03-01 10:00:00,BF.CW.PMP02,cooling_descaling_pump,3.2565,0.6128,54.0766,0.8893,1,BF.CW.PMP02::E01,train
2025-03-01 11:00:00,BF.CW.PMP02,cooling_descaling_pump,3.3496,0.7229,53.9994,0.9473,1,BF.CW.PMP02::E01,train
2025-03-01 12:00:00,BF.CW.PMP02,cooling_descaling_pump,3.5328,1.4888,53.252,0.8795,0,BF.CW.PMP02::E01,train
2025-03-01 13:00:00,BF.CW.PMP02,cooling_descaling_pump,3.6682,1.1323,53.8317,0.836,0,BF.CW.PMP02::E01,train
2025-03-01 14:00:00,BF.CW.PMP02,cooling_descaling_pump,3.5744,0.4741,54.5761,0.8709,1,BF.CW.PMP02::E01,train
2025-03-01 15:00:00,BF.CW.PMP02,cooling_descaling_pump,3.6047,0.9437,54.8787,0.9071,1,BF.CW.PMP02::E01,train
2025-03-01 16:00:00,BF.CW.PMP02,cooling_descaling_pump,3.4017,0.7625,53.7718,0.9235,1,BF.CW.PMP02::E01,train
2025-03-01 17:00:00,BF.CW.PMP02,cooling_descaling_pump,3.2219,0.7866,52.6956,0.9348,1,BF.CW.PMP02::E01,train
2025-03-01 18:00:00,BF.CW.PMP02,cooling_descaling_pump,3.0622,1.0684,51.8306,0.9679,1,BF.CW.PMP02::E01,train
2025-03-01 19:00:00,BF.CW.PMP02,cooling_descaling_pump,2.9815,0.5056,50.7624,0.9794,1,BF.CW.PMP02::E01,train
2025-03-01 20:00:00,BF.CW.PMP02,cooling_descaling_pump,3.0509,0.5232,51.2865,1.0175,1,BF.CW.PMP02::E01,train
2025-03-01 21:00:00,BF.CW.PMP02,cooling_descaling_pump,2.8743,0.1236,50.2928,1.0225,1,BF.CW.PMP02::E01,train
2025-03-01 22:00:00,BF.CW.PMP02,cooling_descaling_pump,3.0424,0.0525,51.5083,0.9997,1,BF.CW.PMP02::E01,train
2025-03-01 23:00:00,BF.CW.PMP02,cooling_descaling_pump,3.0879,-0.3286,51.5015,1.0267,0,BF.CW.PMP02::E01,train
2025-03-02 00:00:00,BF.CW.PMP02,cooling_descaling_pump,3.1807,-0.0912,52.448,1.0274,1,BF.CW.PMP02::E01,train
2025-03-02 01:00:00,BF.CW.PMP02,cooling_descaling_pump,3.2516,-0.1605,53.2276,1.0395,1,BF.CW.PMP02::E01,train
2025-03-02 02:00:00,BF.CW.PMP02,cooling_descaling_pump,3.2233,-0.7463,54.3306,1.0716,0,BF.CW.PMP02::E01,train
2025-03-02 03:00:00,BF.CW.PMP02,cooling_descaling_pump,3.2518,-0.3272,54.9399,0.9664,1,BF.CW.PMP02::E01,train
2025-03-02 04:00:00,BF.CW.PMP02,cooling_descaling_pump,3.297,-0.4328,55.1732,1.0231,1,BF.CW.PMP02::E01,train
2025-03-02 05:00:00,BF.CW.PMP02,cooling_descaling_pump,3.2988,-0.4265,56.5475,1.0926,1,BF.CW.PMP02::E01,train
2025-03-02 06:00:00,BF.CW.PMP02,cooling_descaling_pump,3.3221,-1.0523,55.4363,1.0022,0,BF.CW.PMP02::E01,train
2025-03-02 07:00:00,BF.CW.PMP02,cooling_descaling_pump,3.2825,-0.6017,54.607,0.9701,1,BF.CW.PMP02::E01,train
2025-03-02 08:00:00,BF.CW.PMP02,cooling_descaling_pump,3.2362,-0.2911,54.977,1.0039,1,BF.CW.PMP02::E01,train
2025-03-02 09:00:00,BF.CW.PMP02,cooling_descaling_pump,3.148,0.0129,53.4155,0.9933,1,BF.CW.PMP02::E01,train
2025-03-02 10:00:00,BF.CW.PMP02,cooling_descaling_pump,3.1319,0.272,54.7239,1.1347,1,BF.CW.PMP02::E01,train
2025-03-02 11:00:00,BF.CW.PMP02,cooling_descaling_pump,3.0674,1.3447,53.06,1.0177,1,BF.CW.PMP02::E01,train
2025-03-02 12:00:00,BF.CW.PMP02,cooling_descaling_pump,3.083,1.3592,51.9704,0.9737,1,BF.CW.PMP02::E01,train
2025-03-02 13:00:00,BF.CW.PMP02,cooling_descaling_pump,3.2728,1.7649,53.3814,0.978,1,BF.CW.PMP02::E01,train
2025-03-02 14:00:00,BF.CW.PMP02,cooling_descaling_pump,3.2356,1.629,53.0722,0.9579,1,BF.CW.PMP02::E01,train
2025-03-02 15:00:00,BF.CW.PMP02,cooling_descaling_pump,3.2143,2.2245,52.5301,0.9426,1,BF.CW.PMP02::E01,train
2025-03-02 16:00:00,BF.CW.PMP02,cooling_descaling_pump,3.2433,2.1392,51.9191,0.8915,1,BF.CW.PMP02::E01,train
2025-03-02 17:00:00,BF.CW.PMP02,cooling_descaling_pump,3.2297,1.8295,50.5238,0.8905,1,BF.CW.PMP02::E01,train
2025-03-02 18:00:00,BF.CW.PMP02,cooling_descaling_pump,3.1331,2.1169,49.2479,0.8766,1,BF.CW.PMP02::E01,train
2025-03-02 19:00:00,BF.CW.PMP02,cooling_descaling_pump,3.1474,1.5537,48.3266,0.898,1,BF.CW.PMP02::E01,train
2025-03-02 20:00:00,BF.CW.PMP02,cooling_descaling_pump,3.2533,1.1246,49.4784,0.944,0,BF.CW.PMP02::E01,train
2025-03-02 21:00:00,BF.CW.PMP02,cooling_descaling_pump,3.2661,0.7398,50.5402,1.0273,1,BF.CW.PMP02::E01,train
2025-03-02 22:00:00,BF.CW.PMP02,cooling_descaling_pump,3.2907,1.4069,51.3239,1.0528,1,BF.CW.PMP02::E01,train
2025-03-02 23:00:00,BF.CW.PMP02,cooling_descaling_pump,3.219,1.3061,52.3799,1.143,1,BF.CW.PMP02::E01,train
2025-03-03 00:00:00,BF.CW.PMP02,cooling_descaling_pump,3.206,1.7082,53.0957,1.2139,1,BF.CW.PMP02::E01,train
2025-03-03 01:00:00,BF.CW.PMP02,cooling_descaling_pump,3.3033,1.1617,54.3483,1.1487,1,BF.CW.PMP02::E01,train
2025-03-03 02:00:00,BF.CW.PMP02,cooling_descaling_pump,3.3679,0.8355,54.8168,1.1879,1,BF.CW.PMP02::E01,train
2025-03-03 03:00:00,BF.CW.PMP02,cooling_descaling_pump,3.4,1.5212,55.0111,1.1316,1,BF.CW.PMP02::E01,train
2025-03-03 04:00:00,BF.CW.PMP02,cooling_descaling_pump,3.4338,1.5149,55.7607,1.1294,1,BF.CW.PMP02::E01,train
2025-03-03 05:00:00,BF.CW.PMP02,cooling_descaling_pump,3.3767,1.2664,55.1461,1.058,1,BF.CW.PMP02::E01,train
2025-03-03 06:00:00,BF.CW.PMP02,cooling_descaling_pump,3.3849,1.6468,55.6637,1.0805,1,BF.CW.PMP02::E01,train
2025-03-03 07:00:00,BF.CW.PMP02,cooling_descaling_pump,3.3764,1.5213,54.2746,0.9711,1,BF.CW.PMP02::E01,train
2025-03-03 08:00:00,BF.CW.PMP02,cooling_descaling_pump,3.357,1.7476,53.5873,0.9973,1,BF.CW.PMP02::E01,train
2025-03-03 09:00:00,BF.CW.PMP02,cooling_descaling_pump,3.3753,1.0338,53.7236,1.0,1,BF.CW.PMP02::E01,train
2025-03-03 10:00:00,BF.CW.PMP02,cooling_descaling_pump,3.4054,1.0754,51.7247,0.8402,1,BF.CW.PMP02::E01,train
2025-03-03 11:00:00,BF.CW.PMP02,cooling_descaling_pump,3.3581,0.8739,51.6305,0.8069,1,BF.CW.PMP02::E01,train
2025-03-03 12:00:00,BF.CW.PMP02,cooling_descaling_pump,3.3766,0.5528,51.2277,0.8375,1,BF.CW.PMP02::E01,train
2025-03-03 13:00:00,BF.CW.PMP02,cooling_descaling_pump,3.3568,-0.1636,51.9202,0.8369,1,BF.CW.PMP02::E01,train
2025-03-03 14:00:00,BF.CW.PMP02,cooling_descaling_pump,3.4284,0.2271,51.9698,0.8932,1,BF.CW.PMP02::E01,train
2025-03-03 15:00:00,BF.CW.PMP02,cooling_descaling_pump,3.265,1.2171,50.2907,0.8583,1,BF.CW.PMP02::E01,train
2025-03-03 16:00:00,BF.CW.PMP02,cooling_descaling_pump,3.3804,0.9932,52.254,0.9436,1,BF.CW.PMP02::E01,train
2025-03-03 17:00:00,BF.CW.PMP02,cooling_descaling_pump,3.4333,0.9686,53.011,0.9252,1,BF.CW.PMP02::E01,train
2025-03-03 18:00:00,BF.CW.PMP02,cooling_descaling_pump,3.6217,1.3618,54.1186,0.9658,1,BF.CW.PMP02::E01,train
2025-03-03 19:00:00,BF.CW.PMP02,cooling_descaling_pump,3.7283,1.1451,53.7422,0.9837,1,BF.CW.PMP02::E01,train
2025-03-03 20:00:00,BF.CW.PMP02,cooling_descaling_pump,3.7567,0.8308,53.8413,0.9182,1,BF.CW.PMP02::E01,train
2025-03-03 21:00:00,BF.CW.PMP02,cooling_descaling_pump,3.8189,0.7875,54.3695,0.8846,0,BF.CW.PMP02::E01,train
2025-03-03 22:00:00,BF.CW.PMP02,cooling_descaling_pump,3.7683,1.1849,56.3031,1.0047,1,BF.CW.PMP02::E01,train
2025-03-03 23:00:00,BF.CW.PMP02,cooling_descaling_pump,3.8109,1.1664,57.5564,1.1116,1,BF.CW.PMP02::E01,train
2025-03-04 00:00:00,BF.CW.PMP02,cooling_descaling_pump,3.7458,1.6937,57.6232,1.1477,1,BF.CW.PMP02::E01,train
2025-03-04 01:00:00,BF.CW.PMP02,cooling_descaling_pump,3.7333,1.2206,56.7383,1.0717,1,BF.CW.PMP02::E01,train
2025-03-04 02:00:00,BF.CW.PMP02,cooling_descaling_pump,3.6579,0.7806,56.1463,1.0528,1,BF.CW.PMP02::E01,train
2025-03-04 03:00:00,BF.CW.PMP02,cooling_descaling_pump,3.5976,0.5481,55.1673,0.987,1,BF.CW.PMP02::E01,train
2025-03-04 04:00:00,BF.CW.PMP02,cooling_descaling_pump,3.532,0.9411,55.7294,1.0593,1,BF.CW.PMP02::E01,train
2025-03-04 05:00:00,BF.CW.PMP02,cooling_descaling_pump,3.5412,0.4105,55.4007,1.0171,1,BF.CW.PMP02::E01,train
2025-03-04 06:00:00,BF.CW.PMP02,cooling_descaling_pump,3.3552,0.1694,55.7373,1.1522,1,BF.CW.PMP02::E01,train
2025-03-04 07:00:00,BF.CW.PMP02,cooling_descaling_pump,3.3037,0.2894,55.4373,1.1651,1,BF.CW.PMP02::E01,train
2025-03-04 08:00:00,BF.CW.PMP02,cooling_descaling_pump,3.428,0.5218,55.2993,1.0312,1,BF.CW.PMP02::E01,train
2025-03-04 09:00:00,BF.CW.PMP02,cooling_descaling_pump,3.2582,0.2893,54.6717,1.121,1,BF.CW.PMP02::E01,train
2025-03-04 10:00:00,BF.CW.PMP02,cooling_descaling_pump,3.3559,0.0264,55.219,1.2028,1,BF.CW.PMP02::E01,train
2025-03-04 11:00:00,BF.CW.PMP02,cooling_descaling_pump,3.445,-0.3049,55.667,1.1268,1,BF.CW.PMP02::E01,train
2025-03-04 12:00:00,BF.CW.PMP02,cooling_descaling_pump,3.3067,-0.2346,54.9586,1.0806,1,BF.CW.PMP02::E01,train
2025-03-04 13:00:00,BF.CW.PMP02,cooling_descaling_pump,3.3325,-0.535,54.0318,1.0349,1,BF.CW.PMP02::E01,train
2025-03-04 14:00:00,BF.CW.PMP02,cooling_descaling_pump,3.4242,-1.2785,55.2219,1.1981,1,BF.CW.PMP02::E01,train
2025-03-04 15:00:00,BF.CW.PMP02,cooling_descaling_pump,3.5729,-1.6872,54.77,1.0693,0,BF.CW.PMP02::E01,train
2025-03-04 16:00:00,BF.CW.PMP02,cooling_descaling_pump,3.3867,-1.5389,53.1139,1.0699,1,BF.CW.PMP02::E01,train
2025-03-04 17:00:00,BF.CW.PMP02,cooling_descaling_pump,3.2723,-1.7324,50.8846,0.9766,1,BF.CW.PMP02::E01,train
2025-03-04 18:00:00,BF.CW.PMP02,cooling_descaling_pump,3.4206,-1.6663,53.477,1.1115,1,BF.CW.PMP02::E01,train
2025-03-04 19:00:00,BF.CW.PMP02,cooling_descaling_pump,3.5432,-0.1283,54.4027,1.1663,1,BF.CW.PMP02::E01,train
2025-03-04 20:00:00,BF.CW.PMP02,cooling_descaling_pump,3.629,-0.2063,55.1577,1.1485,1,BF.CW.PMP02::E01,train
2025-03-04 21:00:00,BF.CW.PMP02,cooling_descaling_pump,3.7078,-0.5676,55.3993,1.115,1,BF.CW.PMP02::E01,train
2025-03-04 22:00:00,BF.CW.PMP02,cooling_descaling_pump,3.649,-0.3433,55.5739,1.0384,1,BF.CW.PMP02::E01,train
2025-03-04 23:00:00,BF.CW.PMP02,cooling_descaling_pump,3.6458,-0.1071,56.4725,1.0429,1,BF.CW.PMP02::E01,train
2025-03-05 00:00:00,BF.CW.PMP02,cooling_descaling_pump,3.6135,0.7983,56.9243,1.0709,1,BF.CW.PMP02::E01,train
2025-03-05 01:00:00,BF.CW.PMP02,cooling_descaling_pump,3.7152,0.071,57.177,1.0041,1,BF.CW.PMP02::E01,train
2025-03-05 02:00:00,BF.CW.PMP02,cooling_descaling_pump,3.7139,-0.1796,56.0605,0.9222,1,BF.CW.PMP02::E01,train
2025-03-05 03:00:00,BF.CW.PMP02,cooling_descaling_pump,3.6633,0.0786,57.182,0.9999,0,BF.CW.PMP02::E01,train
2025-03-05 04:00:00,BF.CW.PMP02,cooling_descaling_pump,3.802,-0.1533,58.509,1.0203,1,BF.CW.PMP02::E01,train
2025-03-05 05:00:00,BF.CW.PMP02,cooling_descaling_pump,3.7228,-0.3582,56.8876,0.9804,1,BF.CW.PMP02::E01,train
2025-03-05 06:00:00,BF.CW.PMP02,cooling_descaling_pump,3.686,-0.9488,57.5025,1.0101,1,BF.CW.PMP02::E01,train
2025-03-05 07:00:00,BF.CW.PMP02,cooling_descaling_pump,3.5609,-0.595,55.5549,0.9772,1,BF.CW.PMP02::E01,train
2025-03-05 08:00:00,BF.CW.PMP02,cooling_descaling_pump,3.6294,-0.608,56.1266,0.9548,1,BF.CW.PMP02::E01,train
2025-03-05 09:00:00,BF.CW.PMP02,cooling_descaling_pump,3.7606,-0.8157,57.1424,0.9965,1,BF.CW.PMP02::E01,train
2025-03-05 10:00:00,BF.CW.PMP02,cooling_descaling_pump,3.7322,-0.9293,56.3839,1.0192,1,BF.CW.PMP02::E01,train
2025-03-05 11:00:00,BF.CW.PMP02,cooling_descaling_pump,3.814,-0.6091,55.9491,0.9826,1,BF.CW.PMP02::E01,train
2025-03-05 12:00:00,BF.CW.PMP02,cooling_descaling_pump,3.7597,-0.867,53.7088,0.884,1,BF.CW.PMP02::E01,train
2025-03-05 13:00:00,BF.CW.PMP02,cooling_descaling_pump,3.6084,-0.7612,51.8852,0.8671,1,BF.CW.PMP02::E01,train
2025-03-05 14:00:00,BF.CW.PMP02,cooling_descaling_pump,3.7881,0.0403,52.8565,0.8641,1,BF.CW.PMP02::E01,train
2025-03-05 15:00:00,BF.CW.PMP02,cooling_descaling_pump,3.8074,0.3568,52.4117,0.824,1,BF.CW.PMP02::E01,train
2025-03-05 16:00:00,BF.CW.PMP02,cooling_descaling_pump,3.9409,0.2831,53.1258,0.8079,0,BF.CW.PMP02::E01,train
2025-03-05 17:00:00,BF.CW.PMP02,cooling_descaling_pump,3.9439,0.13,52.475,0.803,1,BF.CW.PMP02::E01,train
2025-03-05 18:00:00,BF.CW.PMP02,cooling_descaling_pump,3.9732,0.2131,53.1742,0.8696,1,BF.CW.PMP02::E01,train
2025-03-05 19:00:00,BF.CW.PMP02,cooling_descaling_pump,3.9179,0.6403,55.2731,0.9468,1,BF.CW.PMP02::E01,train
2025-03-05 20:00:00,BF.CW.PMP02,cooling_descaling_pump,3.9304,0.956,56.3063,1.0383,1,BF.CW.PMP02::E01,train
2025-03-05 21:00:00,BF.CW.PMP02,cooling_descaling_pump,4.083,0.8242,55.7768,0.9332,1,BF.CW.PMP02::E01,train
2025-03-05 22:00:00,BF.CW.PMP02,cooling_descaling_pump,4.0714,0.8717,55.9264,0.8796,1,BF.CW.PMP02::E01,train
2025-03-05 23:00:00,BF.CW.PMP02,cooling_descaling_pump,4.0539,1.4019,56.1438,0.9539,1,BF.CW.PMP02::E01,train
2025-03-06 00:00:00,BF.CW.PMP02,cooling_descaling_pump,3.9289,1.5785,57.1202,0.9994,1,BF.CW.PMP02::E01,train
2025-03-06 01:00:00,BF.CW.PMP02,cooling_descaling_pump,3.7857,1.5396,56.1957,0.9683,1,BF.CW.PMP02::E01,train
2025-03-06 02:00:00,BF.CW.PMP02,cooling_descaling_pump,3.8874,0.9097,57.9142,1.0593,1,BF.CW.PMP02::E01,train
2025-03-06 03:00:00,BF.CW.PMP02,cooling_descaling_pump,3.8622,1.3164,59.477,1.0761,1,BF.CW.PMP02::E01,train
2025-03-06 04:00:00,BF.CW.PMP02,cooling_descaling_pump,3.9564,0.7923,60.1717,1.0872,1,BF.CW.PMP02::E01,train
2025-03-06 05:00:00,BF.CW.PMP02,cooling_descaling_pump,3.8829,0.7616,59.5161,1.0763,1,BF.CW.PMP02::E01,train
2025-03-06 06:00:00,BF.CW.PMP02,cooling_descaling_pump,3.8168,1.0461,58.9087,1.0744,1,BF.CW.PMP02::E01,train
2025-03-06 07:00:00,BF.CW.PMP02,cooling_descaling_pump,3.7494,1.0971,57.4775,0.9673,1,BF.CW.PMP02::E01,train
2025-03-06 08:00:00,BF.CW.PMP02,cooling_descaling_pump,3.5434,0.7386,56.1859,0.9698,1,BF.CW.PMP02::E01,train
2025-03-06 09:00:00,BF.CW.PMP02,cooling_descaling_pump,3.5898,0.3878,54.5312,0.8755,1,BF.CW.PMP02::E01,train
2025-03-06 10:00:00,BF.CW.PMP02,cooling_descaling_pump,3.6191,0.4476,54.4776,0.9858,1,BF.CW.PMP02::E01,train
2025-03-06 11:00:00,BF.CW.PMP02,cooling_descaling_pump,3.5439,0.6213,53.8604,0.9458,1,BF.CW.PMP02::E01,train
2025-03-06 12:00:00,BF.CW.PMP02,cooling_descaling_pump,3.6592,0.4138,55.0971,1.0076,2,BF.CW.PMP02::E01,train
2025-03-06 13:00:00,BF.CW.PMP02,cooling_descaling_pump,3.4968,0.6124,53.0823,1.02,1,BF.CW.PMP02::E01,train
2025-03-06 14:00:00,BF.CW.PMP02,cooling_descaling_pump,3.591,-0.1544,53.8444,1.0075,1,BF.CW.PMP02::E01,train
2025-03-06 15:00:00,BF.CW.PMP02,cooling_descaling_pump,3.5254,-0.0646,52.5159,1.047,1,BF.CW.PMP02::E01,train
2025-03-06 16:00:00,BF.CW.PMP02,cooling_descaling_pump,3.5279,0.252,52.1216,1.0316,1,BF.CW.PMP02::E01,train
2025-03-06 17:00:00,BF.CW.PMP02,cooling_descaling_pump,3.6189,1.0816,52.6914,1.0558,1,BF.CW.PMP02::E01,train
2025-03-06 18:00:00,BF.CW.PMP02,cooling_descaling_pump,3.7079,1.0388,53.2774,1.068,1,BF.CW.PMP02::E01,train
2025-03-06 19:00:00,BF.CW.PMP02,cooling_descaling_pump,3.7637,1.2813,53.8886,1.0088,1,BF.CW.PMP02::E01,train
2025-03-06 20:00:00,BF.CW.PMP02,cooling_descaling_pump,3.8269,1.8508,55.0179,1.0129,1,BF.CW.PMP02::E01,train
2025-03-06 21:00:00,BF.CW.PMP02,cooling_descaling_pump,3.7527,1.747,54.0644,0.9905,1,BF.CW.PMP02::E01,train
2025-03-06 22:00:00,BF.CW.PMP02,cooling_descaling_pump,3.7917,1.7506,53.6551,0.9392,1,BF.CW.PMP02::E01,train
2025-03-06 23:00:00,BF.CW.PMP02,cooling_descaling_pump,3.7538,1.0203,53.4961,0.8815,1,BF.CW.PMP02::E01,train
2025-03-07 00:00:00,BF.CW.PMP02,cooling_descaling_pump,3.7802,1.7891,54.3295,0.8559,1,BF.CW.PMP02::E01,train
2025-03-07 01:00:00,BF.CW.PMP02,cooling_descaling_pump,3.7339,1.6992,53.2153,0.7881,1,BF.CW.PMP02::E01,train
2025-03-07 02:00:00,BF.CW.PMP02,cooling_descaling_pump,3.8192,1.3512,54.2392,0.8115,1,BF.CW.PMP02::E01,train
2025-03-07 03:00:00,BF.CW.PMP02,cooling_descaling_pump,3.8157,1.34,53.7586,0.7609,1,BF.CW.PMP02::E01,train
2025-03-07 04:00:00,BF.CW.PMP02,cooling_descaling_pump,3.7895,1.5073,53.3214,0.7361,1,BF.CW.PMP02::E01,train
2025-03-07 05:00:00,BF.CW.PMP02,cooling_descaling_pump,3.7077,1.8638,53.843,0.7316,1,BF.CW.PMP02::E01,train
2025-03-07 06:00:00,BF.CW.PMP02,cooling_descaling_pump,3.7211,1.8746,53.3354,0.6586,1,BF.CW.PMP02::E01,train
2025-03-07 07:00:00,BF.CW.PMP02,cooling_descaling_pump,3.6939,2.1763,52.7308,0.6434,1,BF.CW.PMP02::E01,train
2025-03-07 08:00:00,BF.CW.PMP02,cooling_descaling_pump,3.5862,2.0854,51.2793,0.7039,1,BF.CW.PMP02::E01,train
2025-03-07 09:00:00,BF.CW.PMP02,cooling_descaling_pump,3.743,2.2255,51.5317,0.7807,1,BF.CW.PMP02::E01,train
2025-03-07 10:00:00,BF.CW.PMP02,cooling_descaling_pump,3.7636,2.4897,51.487,0.7351,1,BF.CW.PMP02::E01,train
2025-03-07 11:00:00,BF.CW.PMP02,cooling_descaling_pump,3.9209,1.9243,53.0415,0.8424,1,BF.CW.PMP02::E01,train
2025-03-07 12:00:00,BF.CW.PMP02,cooling_descaling_pump,4.0428,1.5327,54.498,0.9168,1,BF.CW.PMP02::E01,train
2025-03-07 13:00:00,BF.CW.PMP02,cooling_descaling_pump,4.0146,1.6391,55.8322,1.0988,2,BF.CW.PMP02::E01,train
2025-03-07 14:00:00,BF.CW.PMP02,cooling_descaling_pump,4.0972,1.7027,54.8571,1.0474,1,BF.CW.PMP02::E01,train
2025-03-07 15:00:00,BF.CW.PMP02,cooling_descaling_pump,4.0914,0.8104,55.0098,1.0553,1,BF.CW.PMP02::E01,train
2025-03-07 16:00:00,BF.CW.PMP02,cooling_descaling_pump,3.9936,0.472,54.4202,1.0412,1,BF.CW.PMP02::E01,train
2025-03-07 17:00:00,BF.CW.PMP02,cooling_descaling_pump,3.8752,0.6775,52.5958,0.9937,1,BF.CW.PMP02::E01,train
2025-03-07 18:00:00,BF.CW.PMP02,cooling_descaling_pump,3.947,0.0651,54.3851,1.0043,1,BF.CW.PMP02::E01,train
2025-03-07 19:00:00,BF.CW.PMP02,cooling_descaling_pump,3.9613,0.3554,54.7222,0.99,1,BF.CW.PMP02::E01,train
2025-03-07 20:00:00,BF.CW.PMP02,cooling_descaling_pump,3.8857,1.4445,55.6201,1.1065,1,BF.CW.PMP02::E01,train
2025-03-07 21:00:00,BF.CW.PMP02,cooling_descaling_pump,3.926,1.265,56.7906,1.1986,1,BF.CW.PMP02::E01,train
2025-03-07 22:00:00,BF.CW.PMP02,cooling_descaling_pump,3.9566,1.2414,58.4446,1.3024,1,BF.CW.PMP02::E01,train
2025-03-07 23:00:00,BF.CW.PMP02,cooling_descaling_pump,3.7183,1.1208,56.8882,1.295,1,BF.CW.PMP02::E01,train
2025-03-08 00:00:00,BF.CW.PMP02,cooling_descaling_pump,3.7744,1.362,58.8547,1.3628,1,BF.CW.PMP02::E01,train
2025-03-08 01:00:00,BF.CW.PMP02,cooling_descaling_pump,3.9416,1.6853,60.7567,1.31,1,BF.CW.PMP02::E01,train
2025-03-08 02:00:00,BF.CW.PMP02,cooling_descaling_pump,3.9063,1.905,61.1848,1.33,1,BF.CW.PMP02::E01,train
2025-03-08 03:00:00,BF.CW.PMP02,cooling_descaling_pump,4.0396,1.9185,62.8778,1.3742,1,BF.CW.PMP02::E01,train
2025-03-08 04:00:00,BF.CW.PMP02,cooling_descaling_pump,4.0281,1.3926,63.4552,1.451,1,BF.CW.PMP02::E01,train
2025-03-08 05:00:00,BF.CW.PMP02,cooling_descaling_pump,4.1763,1.6363,64.6842,1.4356,1,BF.CW.PMP02::E01,train
2025-03-08 06:00:00,BF.CW.PMP02,cooling_descaling_pump,4.2128,1.0025,64.3005,1.3363,1,BF.CW.PMP02::E01,train
2025-03-08 07:00:00,BF.CW.PMP02,cooling_descaling_pump,4.1332,1.0473,63.2276,1.3297,1,BF.CW.PMP02::E01,train
2025-03-08 08:00:00,BF.CW.PMP02,cooling_descaling_pump,4.2614,0.7106,63.0741,1.2067,1,BF.CW.PMP02::E01,train
2025-03-08 09:00:00,BF.CW.PMP02,cooling_descaling_pump,4.0874,0.4585,61.7077,1.184,1,BF.CW.PMP02::E01,train
2025-03-08 10:00:00,BF.CW.PMP02,cooling_descaling_pump,4.0357,0.1587,59.1222,1.082,1,BF.CW.PMP02::E01,train
2025-03-08 11:00:00,BF.CW.PMP02,cooling_descaling_pump,3.8453,-0.0042,58.184,1.1154,1,BF.CW.PMP02::E01,train
2025-03-08 12:00:00,BF.CW.PMP02,cooling_descaling_pump,4.0006,-0.4322,59.369,1.1346,1,BF.CW.PMP02::E01,train
2025-03-08 13:00:00,BF.CW.PMP02,cooling_descaling_pump,3.9182,-0.3653,58.1631,1.1596,1,BF.CW.PMP02::E01,train
2025-03-08 14:00:00,BF.CW.PMP02,cooling_descaling_pump,3.8046,0.2266,57.3341,1.2813,1,BF.CW.PMP02::E01,train
2025-03-08 15:00:00,BF.CW.PMP02,cooling_descaling_pump,3.7531,0.208,57.8026,1.3561,1,BF.CW.PMP02::E01,train
2025-03-08 16:00:00,BF.CW.PMP02,cooling_descaling_pump,3.6476,-0.3573,56.75,1.3114,1,BF.CW.PMP02::E01,train
2025-03-08 17:00:00,BF.CW.PMP02,cooling_descaling_pump,3.703,-0.1483,57.8143,1.4325,1,BF.CW.PMP02::E01,train
2025-03-08 18:00:00,BF.CW.PMP02,cooling_descaling_pump,3.6933,1.0809,57.0995,1.3574,1,BF.CW.PMP02::E01,train
2025-03-08 19:00:00,BF.CW.PMP02,cooling_descaling_pump,3.8259,0.8984,59.3379,1.3782,2,BF.CW.PMP02::E01,train
2025-03-08 20:00:00,BF.CW.PMP02,cooling_descaling_pump,3.8106,0.398,58.8183,1.2864,1,BF.CW.PMP02::E01,train
2025-03-08 21:00:00,BF.CW.PMP02,cooling_descaling_pump,3.8233,0.179,60.5134,1.2875,1,BF.CW.PMP02::E01,train
2025-03-08 22:00:00,BF.CW.PMP02,cooling_descaling_pump,3.8813,-0.0619,60.6226,1.3205,1,BF.CW.PMP02::E01,train
2025-03-08 23:00:00,BF.CW.PMP02,cooling_descaling_pump,4.0237,-0.5751,61.8812,1.3365,1,BF.CW.PMP02::E01,train
2025-03-09 00:00:00,BF.CW.PMP02,cooling_descaling_pump,3.9526,-1.0269,61.4875,1.2759,1,BF.CW.PMP02::E01,train
2025-03-09 01:00:00,BF.CW.PMP02,cooling_descaling_pump,4.0876,-0.6655,61.2706,1.2544,1,BF.CW.PMP02::E01,train
2025-03-09 02:00:00,BF.CW.PMP02,cooling_descaling_pump,3.9892,-0.1051,61.398,1.2271,1,BF.CW.PMP02::E01,train
2025-03-09 03:00:00,BF.CW.PMP02,cooling_descaling_pump,3.9525,-0.0264,61.4355,1.2369,1,BF.CW.PMP02::E01,train
2025-03-09 04:00:00,BF.CW.PMP02,cooling_descaling_pump,3.9495,-0.2097,61.514,1.2484,1,BF.CW.PMP02::E01,train
2025-03-09 05:00:00,BF.CW.PMP02,cooling_descaling_pump,3.9366,0.2033,61.5958,1.2055,1,BF.CW.PMP02::E01,train
2025-03-09 06:00:00,BF.CW.PMP02,cooling_descaling_pump,3.943,0.6042,60.8706,1.1121,1,BF.CW.PMP02::E01,train
2025-03-09 07:00:00,BF.CW.PMP02,cooling_descaling_pump,3.9795,0.6926,60.5141,1.1135,1,BF.CW.PMP02::E01,train
2025-03-09 08:00:00,BF.CW.PMP02,cooling_descaling_pump,4.0523,0.4936,59.039,0.9925,1,BF.CW.PMP02::E01,train
2025-03-09 09:00:00,BF.CW.PMP02,cooling_descaling_pump,4.2039,-0.1271,59.2464,1.038,1,BF.CW.PMP02::E01,train
2025-03-09 10:00:00,BF.CW.PMP02,cooling_descaling_pump,4.1968,-0.035,58.4721,1.0892,1,BF.CW.PMP02::E01,train
2025-03-09 11:00:00,BF.CW.PMP02,cooling_descaling_pump,4.192,0.8501,58.3235,1.1529,1,BF.CW.PMP02::E01,train
2025-03-09 12:00:00,BF.CW.PMP02,cooling_descaling_pump,4.1913,0.7819,58.2129,1.1407,1,BF.CW.PMP02::E01,train
2025-03-09 13:00:00,BF.CW.PMP02,cooling_descaling_pump,4.22,0.4347,59.135,1.1828,1,BF.CW.PMP02::E01,train
2025-03-09 14:00:00,BF.CW.PMP02,cooling_descaling_pump,4.2845,-0.0789,59.515,1.2018,1,BF.CW.PMP02::E01,train
2025-03-09 15:00:00,BF.CW.PMP02,cooling_descaling_pump,4.2159,0.1246,57.9984,1.2169,1,BF.CW.PMP02::E01,train
2025-03-09 16:00:00,BF.CW.PMP02,cooling_descaling_pump,4.0899,-0.0386,57.3008,1.253,1,BF.CW.PMP02::E01,train
2025-03-09 17:00:00,BF.CW.PMP02,cooling_descaling_pump,4.2012,-0.0406,57.2045,1.1789,1,BF.CW.PMP02::E01,train
2025-03-09 18:00:00,BF.CW.PMP02,cooling_descaling_pump,4.3435,0.4709,57.607,1.0938,2,BF.CW.PMP02::E01,train
2025-03-09 19:00:00,BF.CW.PMP02,cooling_descaling_pump,4.3914,0.0508,58.2589,1.094,2,BF.CW.PMP02::E01,train
2025-03-09 20:00:00,BF.CW.PMP02,cooling_descaling_pump,4.2165,-0.0535,57.4197,1.1201,2,BF.CW.PMP02::E01,train
2025-03-09 21:00:00,BF.CW.PMP02,cooling_descaling_pump,4.0995,-0.2326,57.373,1.1955,2,BF.CW.PMP02::E01,train
2025-03-09 22:00:00,BF.CW.PMP02,cooling_descaling_pump,4.0374,-0.1589,56.7869,1.1045,1,BF.CW.PMP02::E01,train
2025-03-09 23:00:00,BF.CW.PMP02,cooling_descaling_pump,4.1117,-0.407,54.5923,1.0409,1,BF.CW.PMP02::E01,train
2025-03-10 00:00:00,BF.CW.PMP02,cooling_descaling_pump,4.1353,-0.1421,55.0569,1.0231,1,BF.CW.PMP02::E01,train
2025-03-10 01:00:00,BF.CW.PMP02,cooling_descaling_pump,4.1237,0.4895,56.3367,0.9981,1,BF.CW.PMP02::E01,train
2025-03-10 02:00:00,BF.CW.PMP02,cooling_descaling_pump,4.0625,0.7716,56.695,0.9184,1,BF.CW.PMP02::E01,train
2025-03-10 03:00:00,BF.CW.PMP02,cooling_descaling_pump,4.1488,0.135,58.9152,1.0256,1,BF.CW.PMP02::E01,train
2025-03-10 04:00:00,BF.CW.PMP02,cooling_descaling_pump,4.1422,0.4406,58.7393,1.0139,1,BF.CW.PMP02::E01,train
2025-03-10 05:00:00,BF.CW.PMP02,cooling_descaling_pump,4.152,-0.0455,58.7974,0.9496,1,BF.CW.PMP02::E01,train
2025-03-10 06:00:00,BF.CW.PMP02,cooling_descaling_pump,4.0737,0.5277,59.3089,0.9987,1,BF.CW.PMP02::E01,train
2025-03-10 07:00:00,BF.CW.PMP02,cooling_descaling_pump,4.1102,0.8127,60.3382,0.9901,2,BF.CW.PMP02::E01,train
2025-03-10 08:00:00,BF.CW.PMP02,cooling_descaling_pump,4.1127,0.902,60.1103,1.0088,1,BF.CW.PMP02::E01,train
2025-03-10 09:00:00,BF.CW.PMP02,cooling_descaling_pump,3.985,1.2409,58.6778,0.9417,1,BF.CW.PMP02::E01,train
2025-03-10 10:00:00,BF.CW.PMP02,cooling_descaling_pump,3.8234,1.0679,59.6576,1.104,1,BF.CW.PMP02::E01,train
2025-03-10 11:00:00,BF.CW.PMP02,cooling_descaling_pump,3.8237,0.6933,59.8099,1.1716,1,BF.CW.PMP02::E01,train
2025-03-10 12:00:00,BF.CW.PMP02,cooling_descaling_pump,3.702,0.3354,59.2146,1.1901,2,BF.CW.PMP02::E01,train
2025-03-10 13:00:00,BF.CW.PMP02,cooling_descaling_pump,3.679,0.5299,58.3872,1.2219,1,BF.CW.PMP02::E01,train
2025-03-10 14:00:00,BF.CW.PMP02,cooling_descaling_pump,3.6799,0.6042,57.8743,1.2785,1,BF.CW.PMP02::E01,train
2025-03-10 15:00:00,BF.CW.PMP02,cooling_descaling_pump,3.7612,0.8697,57.6945,1.2688,1,BF.CW.PMP02::E01,train
2025-03-10 16:00:00,BF.CW.PMP02,cooling_descaling_pump,3.9266,0.773,58.3234,1.3694,1,BF.CW.PMP02::E01,train
2025-03-10 17:00:00,BF.CW.PMP02,cooling_descaling_pump,4.0701,0.5637,59.5288,1.4362,1,BF.CW.PMP02::E01,train
2025-03-10 18:00:00,BF.CW.PMP02,cooling_descaling_pump,4.3053,0.7596,60.3689,1.3849,1,BF.CW.PMP02::E01,train
2025-03-10 19:00:00,BF.CW.PMP02,cooling_descaling_pump,4.6192,0.8756,61.1438,1.3705,1,BF.CW.PMP02::E01,train
2025-03-10 20:00:00,BF.CW.PMP02,cooling_descaling_pump,4.8405,1.0902,61.992,1.2843,2,BF.CW.PMP02::E01,train
2025-03-10 21:00:00,BF.CW.PMP02,cooling_descaling_pump,5.1206,1.8381,61.8584,1.2516,1,BF.CW.PMP02::E01,train
2025-03-10 22:00:00,BF.CW.PMP02,cooling_descaling_pump,5.2475,1.8715,62.8178,1.3111,1,BF.CW.PMP02::E01,train
2025-03-10 23:00:00,BF.CW.PMP02,cooling_descaling_pump,5.233,1.0923,62.5641,1.3,1,BF.CW.PMP02::E01,train
2025-03-11 00:00:00,BF.CW.PMP02,cooling_descaling_pump,5.2241,1.086,62.2882,1.2701,1,BF.CW.PMP02::E01,train
2025-03-11 01:00:00,BF.CW.PMP02,cooling_descaling_pump,5.383,0.7881,63.709,1.2592,1,BF.CW.PMP02::E01,train
2025-03-11 02:00:00,BF.CW.PMP02,cooling_descaling_pump,5.546,0.855,64.7336,1.2987,1,BF.CW.PMP02::E01,train
2025-03-11 03:00:00,BF.CW.PMP02,cooling_descaling_pump,5.6642,0.4504,67.2534,1.4297,1,BF.CW.PMP02::E01,train
2025-03-11 04:00:00,BF.CW.PMP02,cooling_descaling_pump,5.7051,0.5457,67.9496,1.3413,1,BF.CW.PMP02::E01,train
2025-03-11 05:00:00,BF.CW.PMP02,cooling_descaling_pump,5.7562,1.1518,67.6847,1.3001,1,BF.CW.PMP02::E01,train
2025-03-11 06:00:00,BF.CW.PMP02,cooling_descaling_pump,5.7676,1.3771,67.0741,1.3145,2,BF.CW.PMP02::E01,train
2025-03-11 07:00:00,BF.CW.PMP02,cooling_descaling_pump,5.7158,1.4422,67.3946,1.3176,1,BF.CW.PMP02::E01,train
2025-03-11 08:00:00,BF.CW.PMP02,cooling_descaling_pump,5.5893,1.2792,67.8289,1.353,1,BF.CW.PMP02::E01,train
2025-03-11 09:00:00,BF.CW.PMP02,cooling_descaling_pump,5.2401,0.9345,67.1296,1.2717,2,BF.CW.PMP02::E01,train
2025-03-11 10:00:00,BF.CW.PMP02,cooling_descaling_pump,4.9809,0.899,65.8595,1.1671,1,BF.CW.PMP02::E01,train
2025-03-11 11:00:00,BF.CW.PMP02,cooling_descaling_pump,4.7863,0.9377,65.971,1.2121,1,BF.CW.PMP02::E01,train
2025-03-11 12:00:00,BF.CW.PMP02,cooling_descaling_pump,4.6616,0.9856,65.1538,1.157,1,BF.CW.PMP02::E01,train
2025-03-11 13:00:00,BF.CW.PMP02,cooling_descaling_pump,4.4623,0.2725,64.7312,1.2656,1,BF.CW.PMP02::E01,train
2025-03-11 14:00:00,BF.CW.PMP02,cooling_descaling_pump,4.5438,0.9177,64.4683,1.252,1,BF.CW.PMP02::E01,train
2025-03-11 15:00:00,BF.CW.PMP02,cooling_descaling_pump,4.3944,1.303,64.9768,1.2664,2,BF.CW.PMP02::E01,train
2025-03-11 16:00:00,BF.CW.PMP02,cooling_descaling_pump,4.3363,1.6685,64.174,1.2477,1,BF.CW.PMP02::E01,train
2025-03-11 17:00:00,BF.CW.PMP02,cooling_descaling_pump,4.4572,1.5404,64.474,1.2499,2,BF.CW.PMP02::E01,train
2025-03-11 18:00:00,BF.CW.PMP02,cooling_descaling_pump,4.3668,0.8245,63.7994,1.1965,1,BF.CW.PMP02::E01,train
2025-03-11 19:00:00,BF.CW.PMP02,cooling_descaling_pump,4.2528,1.2485,62.3908,1.1802,1,BF.CW.PMP02::E01,train
2025-03-11 20:00:00,BF.CW.PMP02,cooling_descaling_pump,4.2132,1.4016,61.8585,1.1839,1,BF.CW.PMP02::E01,train
2025-03-11 21:00:00,BF.CW.PMP02,cooling_descaling_pump,4.1921,1.6455,60.5973,1.1197,1,BF.CW.PMP02::E01,train
2025-03-11 22:00:00,BF.CW.PMP02,cooling_descaling_pump,4.2396,0.7185,60.8397,1.1587,1,BF.CW.PMP02::E01,train
2025-03-11 23:00:00,BF.CW.PMP02,cooling_descaling_pump,4.2255,0.1755,60.4145,1.0826,1,BF.CW.PMP02::E01,train
2025-03-12 00:00:00,BF.CW.PMP02,cooling_descaling_pump,4.3762,0.564,60.9159,1.0094,1,BF.CW.PMP02::E01,train
2025-03-12 01:00:00,BF.CW.PMP02,cooling_descaling_pump,4.4482,0.6591,60.5953,0.9832,1,BF.CW.PMP02::E01,train
2025-03-12 02:00:00,BF.CW.PMP02,cooling_descaling_pump,4.4171,0.6761,59.8806,0.9677,1,BF.CW.PMP02::E01,train
2025-03-12 03:00:00,BF.CW.PMP02,cooling_descaling_pump,4.4305,0.443,59.6706,0.8711,1,BF.CW.PMP02::E01,train
2025-03-12 04:00:00,BF.CW.PMP02,cooling_descaling_pump,4.4121,0.502,59.6767,0.9238,1,BF.CW.PMP02::E01,train
2025-03-12 05:00:00,BF.CW.PMP02,cooling_descaling_pump,4.6797,1.1291,61.0377,0.9777,2,BF.CW.PMP02::E01,train
2025-03-12 06:00:00,BF.CW.PMP02,cooling_descaling_pump,4.6254,0.6944,61.9551,1.0003,1,BF.CW.PMP02::E01,train
2025-03-12 07:00:00,BF.CW.PMP02,cooling_descaling_pump,4.8669,1.1802,63.6325,1.042,1,BF.CW.PMP02::E01,train
2025-03-12 08:00:00,BF.CW.PMP02,cooling_descaling_pump,4.9978,1.2013,65.8821,1.0549,1,BF.CW.PMP02::E01,train
2025-03-12 09:00:00,BF.CW.PMP02,cooling_descaling_pump,4.8789,1.448,64.8616,0.9715,2,BF.CW.PMP02::E01,train
2025-03-12 10:00:00,BF.CW.PMP02,cooling_descaling_pump,4.8688,1.0372,63.3703,0.9429,1,BF.CW.PMP02::E01,train
2025-03-12 11:00:00,BF.CW.PMP02,cooling_descaling_pump,4.8574,1.1226,64.001,0.9272,1,BF.CW.PMP02::E01,train
2025-03-12 12:00:00,BF.CW.PMP02,cooling_descaling_pump,4.8138,0.9783,63.4293,0.9583,1,BF.CW.PMP02::E01,train
2025-03-12 13:00:00,BF.CW.PMP02,cooling_descaling_pump,4.6548,0.9155,61.2367,0.9273,1,BF.CW.PMP02::E01,train
2025-03-12 14:00:00,BF.CW.PMP02,cooling_descaling_pump,4.5855,1.0868,60.7366,1.0363,1,BF.CW.PMP02::E01,train
2025-03-12 15:00:00,BF.CW.PMP02,cooling_descaling_pump,4.4821,1.7649,59.947,1.0712,2,BF.CW.PMP02::E01,train
2025-03-12 16:00:00,BF.CW.PMP02,cooling_descaling_pump,4.4405,1.4502,59.4164,1.0376,1,BF.CW.PMP02::E01,train
2025-03-12 17:00:00,BF.CW.PMP02,cooling_descaling_pump,4.4036,1.8771,58.7384,1.0651,1,BF.CW.PMP02::E01,train
2025-03-12 18:00:00,BF.CW.PMP02,cooling_descaling_pump,4.4388,2.2305,58.2203,1.0725,2,BF.CW.PMP02::E01,train
2025-03-12 19:00:00,BF.CW.PMP02,cooling_descaling_pump,4.3805,2.2691,59.5028,1.2051,1,BF.CW.PMP02::E01,train
2025-03-12 20:00:00,BF.CW.PMP02,cooling_descaling_pump,4.3841,1.7603,59.124,1.2266,1,BF.CW.PMP02::E01,train
2025-03-12 21:00:00,BF.CW.PMP02,cooling_descaling_pump,4.4424,2.3132,58.957,1.2028,1,BF.CW.PMP02::E01,train
2025-03-12 22:00:00,BF.CW.PMP02,cooling_descaling_pump,4.4548,1.8354,58.6526,1.1913,1,BF.CW.PMP02::E01,train
2025-03-12 23:00:00,BF.CW.PMP02,cooling_descaling_pump,4.4842,2.5408,60.7745,1.289,2,BF.CW.PMP02::E01,train
2025-03-13 00:00:00,BF.CW.PMP02,cooling_descaling_pump,4.5559,2.9383,61.0381,1.2409,1,BF.CW.PMP02::E01,train
2025-03-13 01:00:00,BF.CW.PMP02,cooling_descaling_pump,4.6126,2.6073,61.2324,1.2406,1,BF.CW.PMP02::E01,train
2025-03-13 02:00:00,BF.CW.PMP02,cooling_descaling_pump,4.4816,1.5369,59.0848,1.2058,2,BF.CW.PMP02::E01,train
2025-03-13 03:00:00,BF.CW.PMP02,cooling_descaling_pump,4.4485,1.0875,58.5299,1.1198,2,BF.CW.PMP02::E01,train
2025-03-13 04:00:00,BF.CW.PMP02,cooling_descaling_pump,4.4177,1.2255,58.179,1.1007,1,BF.CW.PMP02::E01,train
2025-03-13 05:00:00,BF.CW.PMP02,cooling_descaling_pump,4.3879,0.7501,57.1848,1.1219,2,BF.CW.PMP02::E01,train
2025-03-13 06:00:00,BF.CW.PMP02,cooling_descaling_pump,4.3692,0.7246,57.0698,1.2037,1,BF.CW.PMP02::E01,train
2025-03-13 07:00:00,BF.CW.PMP02,cooling_descaling_pump,4.4549,0.6834,56.9637,1.1271,1,BF.CW.PMP02::E01,train
2025-03-13 08:00:00,BF.CW.PMP02,cooling_descaling_pump,4.5598,1.4631,57.3827,1.1491,1,BF.CW.PMP02::E01,train
2025-03-13 09:00:00,BF.CW.PMP02,cooling_descaling_pump,4.5743,1.4611,55.4154,1.0185,1,BF.CW.PMP02::E01,train
2025-03-13 10:00:00,BF.CW.PMP02,cooling_descaling_pump,4.6699,1.406,55.1758,1.0779,2,BF.CW.PMP02::E01,train
2025-03-13 11:00:00,BF.CW.PMP02,cooling_descaling_pump,4.7572,1.1453,56.5089,1.1068,1,BF.CW.PMP02::E01,train
2025-03-13 12:00:00,BF.CW.PMP02,cooling_descaling_pump,4.7775,1.0169,56.2469,1.0486,1,BF.CW.PMP02::E01,train
2025-03-13 13:00:00,BF.CW.PMP02,cooling_descaling_pump,4.734,1.4816,56.3875,1.018,2,BF.CW.PMP02::E01,train
2025-03-13 14:00:00,BF.CW.PMP02,cooling_descaling_pump,4.8792,1.2831,55.8137,0.9827,1,BF.CW.PMP02::E01,train
2025-03-13 15:00:00,BF.CW.PMP02,cooling_descaling_pump,4.8275,0.6375,55.9607,1.0726,1,BF.CW.PMP02::E01,train
2025-03-13 16:00:00,BF.CW.PMP02,cooling_descaling_pump,4.7593,0.5119,54.9915,1.0405,2,BF.CW.PMP02::E01,train
2025-03-13 17:00:00,BF.CW.PMP02,cooling_descaling_pump,4.6417,0.2435,54.9331,0.9845,2,BF.CW.PMP02::E01,train
2025-03-13 18:00:00,BF.CW.PMP02,cooling_descaling_pump,4.6894,0.0854,53.4218,0.9363,1,BF.CW.PMP02::E01,train
2025-03-13 19:00:00,BF.CW.PMP02,cooling_descaling_pump,4.7644,-0.0593,54.4412,0.9881,1,BF.CW.PMP02::E01,train
2025-03-13 20:00:00,BF.CW.PMP02,cooling_descaling_pump,4.7083,-0.1384,54.637,1.0227,2,BF.CW.PMP02::E01,train
2025-03-13 21:00:00,BF.CW.PMP02,cooling_descaling_pump,4.7646,-0.3008,54.3305,0.9966,1,BF.CW.PMP02::E01,train
2025-03-13 22:00:00,BF.CW.PMP02,cooling_descaling_pump,4.7202,-0.2806,54.216,0.9543,1,BF.CW.PMP02::E01,train
2025-03-13 23:00:00,BF.CW.PMP02,cooling_descaling_pump,4.8443,0.1407,53.9735,0.8805,2,BF.CW.PMP02::E01,train
2025-03-14 00:00:00,BF.CW.PMP02,cooling_descaling_pump,4.8674,0.1184,54.6012,0.8492,1,BF.CW.PMP02::E01,train
2025-03-14 01:00:00,BF.CW.PMP02,cooling_descaling_pump,4.8732,-0.223,54.5257,0.8459,2,BF.CW.PMP02::E01,train
2025-03-14 02:00:00,BF.CW.PMP02,cooling_descaling_pump,5.0618,-0.0923,57.7253,0.9018,1,BF.CW.PMP02::E01,train
2025-03-14 03:00:00,BF.CW.PMP02,cooling_descaling_pump,5.0301,-0.4895,57.4523,0.9435,1,BF.CW.PMP02::E01,train
2025-03-14 04:00:00,BF.CW.PMP02,cooling_descaling_pump,5.1301,-0.1072,57.7193,0.8674,1,BF.CW.PMP02::E01,train
2025-03-14 05:00:00,BF.CW.PMP02,cooling_descaling_pump,5.1438,0.2109,58.413,0.8955,1,BF.CW.PMP02::E01,train
2025-03-14 06:00:00,BF.CW.PMP02,cooling_descaling_pump,5.0626,0.5032,59.256,1.0681,1,BF.CW.PMP02::E01,train
2025-03-14 07:00:00,BF.CW.PMP02,cooling_descaling_pump,5.0091,0.4767,59.0849,1.1299,1,BF.CW.PMP02::E01,train
2025-03-14 08:00:00,BF.CW.PMP02,cooling_descaling_pump,4.9804,0.655,59.8278,1.1318,1,BF.CW.PMP02::E01,train
2025-03-14 09:00:00,BF.CW.PMP02,cooling_descaling_pump,5.0723,0.6504,59.5615,1.1133,1,BF.CW.PMP02::E01,train
2025-03-14 10:00:00,BF.CW.PMP02,cooling_descaling_pump,5.1255,0.8667,59.4752,1.1591,2,BF.CW.PMP02::E01,train
2025-03-14 11:00:00,BF.CW.PMP02,cooling_descaling_pump,6.16,0.2672,57.7343,1.0635,1,BF.CW.PMP02::E01,train
2025-03-14 12:00:00,BF.CW.PMP02,cooling_descaling_pump,4.9745,-0.424,57.0846,1.11,2,BF.CW.PMP02::E01,train
2025-03-14 13:00:00,BF.CW.PMP02,cooling_descaling_pump,4.8527,-0.2326,55.0668,1.0178,1,BF.CW.PMP02::E01,train
2025-03-14 14:00:00,BF.CW.PMP02,cooling_descaling_pump,4.8183,0.2128,54.8172,1.0106,1,BF.CW.PMP02::E01,train
2025-03-14 15:00:00,BF.CW.PMP02,cooling_descaling_pump,4.8364,0.4431,54.3964,1.0879,2,BF.CW.PMP02::E01,train
2025-03-14 16:00:00,BF.CW.PMP02,cooling_descaling_pump,4.8617,0.3229,54.3641,1.1331,2,BF.CW.PMP02::E01,train
2025-03-14 17:00:00,BF.CW.PMP02,cooling_descaling_pump,4.9645,-0.1925,53.9402,1.1097,2,BF.CW.PMP02::E01,train
2025-03-14 18:00:00,BF.CW.PMP02,cooling_descaling_pump,5.0557,-0.1746,53.8998,1.1021,1,BF.CW.PMP02::E01,train
2025-03-14 19:00:00,BF.CW.PMP02,cooling_descaling_pump,4.9442,-0.4629,51.7109,0.924,2,BF.CW.PMP02::E01,train
2025-03-14 20:00:00,BF.CW.PMP02,cooling_descaling_pump,5.0665,-0.7451,54.3562,0.9686,1,BF.CW.PMP02::E01,train
2025-03-14 21:00:00,BF.CW.PMP02,cooling_descaling_pump,4.9595,-0.6686,54.0808,0.9415,2,BF.CW.PMP02::E01,train
2025-03-14 22:00:00,BF.CW.PMP02,cooling_descaling_pump,5.0217,-0.5156,55.4932,0.9936,1,BF.CW.PMP02::E01,train
2025-03-14 23:00:00,BF.CW.PMP02,cooling_descaling_pump,5.0537,-0.0899,54.5874,0.9512,2,BF.CW.PMP02::E01,train
2025-03-15 00:00:00,BF.CW.PMP02,cooling_descaling_pump,5.2497,-0.1293,54.2909,0.8608,1,BF.CW.PMP02::E01,train
2025-03-15 01:00:00,BF.CW.PMP02,cooling_descaling_pump,5.2253,-0.3897,55.2974,0.8773,2,BF.CW.PMP02::E01,train
2025-03-15 02:00:00,BF.CW.PMP02,cooling_descaling_pump,5.1298,-0.4784,54.9045,0.9108,2,BF.CW.PMP02::E01,train
2025-03-15 03:00:00,BF.CW.PMP02,cooling_descaling_pump,5.0135,-0.4834,55.7251,0.8938,1,BF.CW.PMP02::E01,train
2025-03-15 04:00:00,BF.CW.PMP02,cooling_descaling_pump,5.1458,0.0974,57.3237,1.0063,2,BF.CW.PMP02::E01,train
2025-03-15 05:00:00,BF.CW.PMP02,cooling_descaling_pump,5.1019,-0.4489,56.9903,1.0361,2,BF.CW.PMP02::E01,train
2025-03-15 06:00:00,BF.CW.PMP02,cooling_descaling_pump,5.1509,-0.0456,59.025,1.048,2,BF.CW.PMP02::E01,train
2025-03-15 07:00:00,BF.CW.PMP02,cooling_descaling_pump,4.9987,-0.2556,58.1961,1.0576,1,BF.CW.PMP02::E01,train
2025-03-15 08:00:00,BF.CW.PMP02,cooling_descaling_pump,4.8683,-0.6748,56.3977,1.1123,2,BF.CW.PMP02::E01,train
2025-03-15 09:00:00,BF.CW.PMP02,cooling_descaling_pump,4.8179,-0.3545,55.6464,1.0987,1,BF.CW.PMP02::E01,train
2025-03-15 10:00:00,BF.CW.PMP02,cooling_descaling_pump,4.8983,-0.3719,55.7333,1.1211,1,BF.CW.PMP02::E01,train
2025-03-15 11:00:00,BF.CW.PMP02,cooling_descaling_pump,4.7555,-0.5396,55.7807,1.1736,1,BF.CW.PMP02::E01,train
2025-03-15 12:00:00,BF.CW.PMP02,cooling_descaling_pump,4.7713,-0.8919,54.9453,1.0935,2,BF.CW.PMP02::E01,train
2025-03-15 13:00:00,BF.CW.PMP02,cooling_descaling_pump,5.0513,-0.6134,55.7047,1.0468,1,BF.CW.PMP02::E01,train
2025-03-15 14:00:00,BF.CW.PMP02,cooling_descaling_pump,5.1723,-0.3448,56.0104,1.0488,2,BF.CW.PMP02::E01,train
2025-03-15 15:00:00,BF.CW.PMP02,cooling_descaling_pump,5.0738,-0.4988,55.6787,1.149,1,BF.CW.PMP02::E01,train
2025-03-15 16:00:00,BF.CW.PMP02,cooling_descaling_pump,5.0746,-0.8135,56.4617,1.1424,1,BF.CW.PMP02::E01,train
2025-03-15 17:00:00,BF.CW.PMP02,cooling_descaling_pump,5.1427,-0.7339,57.3878,1.2343,2,BF.CW.PMP02::E01,train
2025-03-15 18:00:00,BF.CW.PMP02,cooling_descaling_pump,5.1285,-0.6031,57.5083,1.274,2,BF.CW.PMP02::E01,train
2025-03-15 19:00:00,BF.CW.PMP02,cooling_descaling_pump,5.067,-0.4829,57.5962,1.3869,2,BF.CW.PMP02::E01,train
2025-03-15 20:00:00,BF.CW.PMP02,cooling_descaling_pump,5.1349,0.3097,59.1045,1.3265,1,BF.CW.PMP02::E01,train
2025-03-15 21:00:00,BF.CW.PMP02,cooling_descaling_pump,5.2716,-0.0858,59.3194,1.2695,2,BF.CW.PMP02::E01,train
2025-03-15 22:00:00,BF.CW.PMP02,cooling_descaling_pump,5.3536,-0.391,60.0704,1.2509,2,BF.CW.PMP02::E01,train
2025-03-15 23:00:00,BF.CW.PMP02,cooling_descaling_pump,5.3979,-0.953,60.5865,1.169,2,BF.CW.PMP02::E01,train
2025-03-16 00:00:00,BF.CW.PMP02,cooling_descaling_pump,5.161,-1.0358,60.5605,1.2283,2,BF.CW.PMP02::E01,train
2025-03-16 01:00:00,BF.CW.PMP02,cooling_descaling_pump,5.2173,-0.9871,60.5232,1.1577,2,BF.CW.PMP02::E01,train
2025-03-16 02:00:00,BF.CW.PMP02,cooling_descaling_pump,5.2908,-0.3841,62.1186,1.1244,2,BF.CW.PMP02::E01,train
2025-03-16 03:00:00,BF.CW.PMP02,cooling_descaling_pump,5.3706,-0.6503,63.1492,1.1055,2,BF.CW.PMP02::E01,train
2025-03-16 04:00:00,BF.CW.PMP02,cooling_descaling_pump,5.1496,-0.7378,63.2011,1.1458,2,BF.CW.PMP02::E01,train
2025-03-16 05:00:00,BF.CW.PMP02,cooling_descaling_pump,5.1687,-0.4949,62.8598,1.1263,1,BF.CW.PMP02::E01,train
2025-03-16 06:00:00,BF.CW.PMP02,cooling_descaling_pump,5.081,-0.6975,63.0631,1.1349,1,BF.CW.PMP02::E01,train
2025-03-16 07:00:00,BF.CW.PMP02,cooling_descaling_pump,5.0159,-0.069,62.1743,1.0774,2,BF.CW.PMP02::E01,train
2025-03-16 08:00:00,BF.CW.PMP02,cooling_descaling_pump,5.1136,0.1486,63.6458,1.2265,2,BF.CW.PMP02::E01,train
2025-03-16 09:00:00,BF.CW.PMP02,cooling_descaling_pump,4.9693,0.0379,61.0584,1.1548,1,BF.CW.PMP02::E01,train
2025-03-16 10:00:00,BF.CW.PMP02,cooling_descaling_pump,5.0014,-0.3347,61.1646,1.2445,1,BF.CW.PMP02::E01,train
2025-03-16 11:00:00,BF.CW.PMP02,cooling_descaling_pump,4.915,-0.5267,59.944,1.1827,2,BF.CW.PMP02::E01,train
2025-03-16 12:00:00,BF.CW.PMP02,cooling_descaling_pump,4.9936,0.0524,60.3638,1.2338,2,BF.CW.PMP02::E01,train
2025-03-16 13:00:00,BF.CW.PMP02,cooling_descaling_pump,4.9601,-0.0456,61.2547,1.329,2,BF.CW.PMP02::E01,train
2025-03-16 14:00:00,BF.CW.PMP02,cooling_descaling_pump,4.9658,-0.4459,61.1436,1.2636,2,BF.CW.PMP02::E01,train
2025-03-16 15:00:00,BF.CW.PMP02,cooling_descaling_pump,4.8859,-1.1735,59.2054,1.2888,1,BF.CW.PMP02::E01,train
2025-03-16 16:00:00,BF.CW.PMP02,cooling_descaling_pump,4.9471,-1.4623,59.5589,1.2779,2,BF.CW.PMP02::E01,train
2025-03-16 17:00:00,BF.CW.PMP02,cooling_descaling_pump,5.0033,-1.4975,59.3127,1.2595,1,BF.CW.PMP02::E01,train
2025-03-16 18:00:00,BF.CW.PMP02,cooling_descaling_pump,5.224,-1.184,60.4812,1.2435,2,BF.CW.PMP02::E01,train
2025-03-16 19:00:00,BF.CW.PMP02,cooling_descaling_pump,5.2604,-0.8981,59.751,1.1571,2,BF.CW.PMP02::E01,train
2025-03-16 20:00:00,BF.CW.PMP02,cooling_descaling_pump,5.2417,-0.9651,60.4483,1.1448,2,BF.CW.PMP02::E01,train
2025-03-16 21:00:00,BF.CW.PMP02,cooling_descaling_pump,5.1978,-0.8427,59.8276,1.1032,1,BF.CW.PMP02::E01,train
2025-03-16 22:00:00,BF.CW.PMP02,cooling_descaling_pump,5.2661,-0.4152,60.6317,1.2385,1,BF.CW.PMP02::E01,train
2025-03-16 23:00:00,BF.CW.PMP02,cooling_descaling_pump,5.1327,-0.191,60.8852,1.3269,2,BF.CW.PMP02::E01,train
2025-03-17 00:00:00,BF.CW.PMP02,cooling_descaling_pump,5.2711,-0.4965,61.5465,1.2821,2,BF.CW.PMP02::E01,train
2025-03-17 01:00:00,BF.CW.PMP02,cooling_descaling_pump,5.2271,0.1499,60.5697,1.1475,2,BF.CW.PMP02::E01,train
2025-03-17 02:00:00,BF.CW.PMP02,cooling_descaling_pump,5.3464,0.2685,61.3872,1.0228,2,BF.CW.PMP02::E01,train
2025-03-17 03:00:00,BF.CW.PMP02,cooling_descaling_pump,5.5184,-0.0148,62.6336,1.0646,1,BF.CW.PMP02::E01,train
2025-03-17 04:00:00,BF.CW.PMP02,cooling_descaling_pump,5.5357,0.2954,63.2177,1.0513,1,BF.CW.PMP02::E01,train
2025-03-17 05:00:00,BF.CW.PMP02,cooling_descaling_pump,5.4992,0.354,62.6102,0.9749,1,BF.CW.PMP02::E01,train
2025-03-17 06:00:00,BF.CW.PMP02,cooling_descaling_pump,5.54,0.359,61.0164,0.8941,2,BF.CW.PMP02::E01,train
2025-03-17 07:00:00,BF.CW.PMP02,cooling_descaling_pump,5.3909,0.1325,60.2959,0.9736,1,BF.CW.PMP02::E01,train
2025-03-17 08:00:00,BF.CW.PMP02,cooling_descaling_pump,5.4047,-0.3696,61.1678,1.0324,1,BF.CW.PMP02::E01,train
2025-03-17 09:00:00,BF.CW.PMP02,cooling_descaling_pump,5.1518,0.1381,60.063,1.0451,2,BF.CW.PMP02::E01,train
2025-03-17 10:00:00,BF.CW.PMP02,cooling_descaling_pump,5.1066,-0.0157,59.2036,1.0026,2,BF.CW.PMP02::E01,train
2025-03-17 11:00:00,BF.CW.PMP02,cooling_descaling_pump,5.2288,-0.2691,57.8694,0.9851,2,BF.CW.PMP02::E01,train
2025-03-17 12:00:00,BF.CW.PMP02,cooling_descaling_pump,5.1077,-0.3139,57.3107,1.1057,2,BF.CW.PMP02::E01,train
2025-03-17 13:00:00,BF.CW.PMP02,cooling_descaling_pump,5.0187,-0.1072,55.0345,1.0165,2,BF.CW.PMP02::E01,train
2025-03-17 14:00:00,BF.CW.PMP02,cooling_descaling_pump,5.0835,0.1856,55.8122,1.1441,2,BF.CW.PMP02::E01,train
2025-03-17 15:00:00,BF.CW.PMP02,cooling_descaling_pump,5.0353,-0.2321,54.468,1.05,2,BF.CW.PMP02::E01,train
2025-03-17 16:00:00,BF.CW.PMP02,cooling_descaling_pump,5.1128,-0.2313,54.8984,1.041,2,BF.CW.PMP02::E01,train
2025-03-17 17:00:00,BF.CW.PMP02,cooling_descaling_pump,5.1342,-0.4129,55.5026,0.9882,2,BF.CW.PMP02::E01,train
2025-03-17 18:00:00,BF.CW.PMP02,cooling_descaling_pump,5.2186,0.2322,54.8723,0.8902,2,BF.CW.PMP02::E01,train
2025-03-17 19:00:00,BF.CW.PMP02,cooling_descaling_pump,5.2339,-0.0521,54.6147,0.891,2,BF.CW.PMP02::E01,train
2025-03-17 20:00:00,BF.CW.PMP02,cooling_descaling_pump,5.1758,-0.2546,54.1056,0.9774,1,BF.CW.PMP02::E01,train
2025-03-17 21:00:00,BF.CW.PMP02,cooling_descaling_pump,5.0496,-0.2985,54.169,0.9595,2,BF.CW.PMP02::E01,train
2025-03-17 22:00:00,BF.CW.PMP02,cooling_descaling_pump,5.1173,0.0586,53.7393,0.8991,2,BF.CW.PMP02::E01,train
2025-03-17 23:00:00,BF.CW.PMP02,cooling_descaling_pump,5.1795,-0.0477,53.8866,0.9016,1,BF.CW.PMP02::E01,train
2025-03-18 00:00:00,BF.CW.PMP02,cooling_descaling_pump,5.0496,-0.3631,53.3413,0.892,1,BF.CW.PMP02::E01,train
2025-03-18 01:00:00,BF.CW.PMP02,cooling_descaling_pump,5.1716,-0.8309,53.281,0.8278,2,BF.CW.PMP02::E01,train
2025-03-18 02:00:00,BF.CW.PMP02,cooling_descaling_pump,5.1114,-0.9076,53.6762,0.8796,2,BF.CW.PMP02::E01,train
2025-03-18 03:00:00,BF.CW.PMP02,cooling_descaling_pump,5.0321,-1.0141,55.411,1.0338,2,BF.CW.PMP02::E01,train
2025-03-18 04:00:00,BF.CW.PMP02,cooling_descaling_pump,5.0978,-0.5979,54.5701,1.0319,2,BF.CW.PMP02::E01,train
2025-03-18 05:00:00,BF.CW.PMP02,cooling_descaling_pump,5.1632,-0.2528,54.2709,1.0508,2,BF.CW.PMP02::E01,train
2025-03-18 06:00:00,BF.CW.PMP02,cooling_descaling_pump,5.2335,-0.3941,54.6388,0.9773,1,BF.CW.PMP02::E01,train
2025-03-18 07:00:00,BF.CW.PMP02,cooling_descaling_pump,5.2868,-0.6774,55.6138,1.0428,2,BF.CW.PMP02::E01,train
2025-03-18 08:00:00,BF.CW.PMP02,cooling_descaling_pump,5.258,-0.991,55.5136,1.1041,2,BF.CW.PMP02::E01,train
2025-03-18 09:00:00,BF.CW.PMP02,cooling_descaling_pump,5.3149,-0.2469,55.5798,1.1517,2,BF.CW.PMP02::E01,train
2025-03-18 10:00:00,BF.CW.PMP02,cooling_descaling_pump,5.5065,-0.0006,57.768,1.155,2,BF.CW.PMP02::E01,train
2025-03-18 11:00:00,BF.CW.PMP02,cooling_descaling_pump,5.4084,0.0515,57.151,1.159,2,BF.CW.PMP02::E01,train
2025-03-18 12:00:00,BF.CW.PMP02,cooling_descaling_pump,5.4518,-0.5397,57.5265,1.1568,2,BF.CW.PMP02::E01,train
2025-03-18 13:00:00,BF.CW.PMP02,cooling_descaling_pump,5.4068,-0.2889,56.3027,1.1101,1,BF.CW.PMP02::E01,train
2025-03-18 14:00:00,BF.CW.PMP02,cooling_descaling_pump,5.3851,-0.7559,56.4962,1.041,2,BF.CW.PMP02::E01,train
2025-03-18 15:00:00,BF.CW.PMP02,cooling_descaling_pump,5.2595,-1.0392,55.4681,1.0101,2,BF.CW.PMP02::E01,train
2025-03-18 16:00:00,BF.CW.PMP02,cooling_descaling_pump,5.2056,-1.2295,53.9441,0.9901,2,BF.CW.PMP02::E01,train
2025-03-18 17:00:00,BF.CW.PMP02,cooling_descaling_pump,5.2336,-1.4333,54.42,0.9751,2,BF.CW.PMP02::E01,train
2025-03-18 18:00:00,BF.CW.PMP02,cooling_descaling_pump,5.1972,-1.0983,54.106,1.0089,2,BF.CW.PMP02::E01,train
2025-03-18 19:00:00,BF.CW.PMP02,cooling_descaling_pump,5.1022,-0.9518,53.0829,0.9523,2,BF.CW.PMP02::E01,train
2025-03-18 20:00:00,BF.CW.PMP02,cooling_descaling_pump,5.0852,-0.3604,53.4759,1.0001,1,BF.CW.PMP02::E01,train
2025-03-18 21:00:00,BF.CW.PMP02,cooling_descaling_pump,5.0367,-0.5317,52.8864,0.9655,2,BF.CW.PMP02::E01,train
2025-03-18 22:00:00,BF.CW.PMP02,cooling_descaling_pump,5.0804,-0.2948,52.6593,0.9332,2,BF.CW.PMP02::E01,train
2025-03-18 23:00:00,BF.CW.PMP02,cooling_descaling_pump,4.8477,-0.4786,51.1999,0.9519,2,BF.CW.PMP02::E01,train
2025-03-19 00:00:00,BF.CW.PMP02,cooling_descaling_pump,4.9218,-0.7869,51.4864,0.8995,2,BF.CW.PMP02::E01,train
2025-03-19 01:00:00,BF.CW.PMP02,cooling_descaling_pump,4.972,-0.7365,52.2901,0.9498,2,BF.CW.PMP02::E01,train
2025-03-19 02:00:00,BF.CW.PMP02,cooling_descaling_pump,5.0637,-0.6934,52.2561,0.9189,2,BF.CW.PMP02::E01,train
2025-03-19 03:00:00,BF.CW.PMP02,cooling_descaling_pump,5.1242,-0.2888,52.8516,0.8232,2,BF.CW.PMP02::E01,train
2025-03-19 04:00:00,BF.CW.PMP02,cooling_descaling_pump,5.009,-0.2422,52.0794,0.8118,2,BF.CW.PMP02::E01,train
2025-03-19 05:00:00,BF.CW.PMP02,cooling_descaling_pump,5.0277,-0.3632,51.9673,0.8979,2,BF.CW.PMP02::E01,train
2025-03-19 06:00:00,BF.CW.PMP02,cooling_descaling_pump,5.0418,-0.8761,51.3862,0.8111,2,BF.CW.PMP02::E01,train
2025-03-19 07:00:00,BF.CW.PMP02,cooling_descaling_pump,5.1951,-0.989,53.409,1.0215,2,BF.CW.PMP02::E01,train
2025-03-19 08:00:00,BF.CW.PMP02,cooling_descaling_pump,5.1604,-1.0616,53.9658,1.0487,2,BF.CW.PMP02::E01,train
2025-03-19 09:00:00,BF.CW.PMP02,cooling_descaling_pump,5.267,-0.6785,53.1674,1.0332,1,BF.CW.PMP02::E01,train
2025-03-19 10:00:00,BF.CW.PMP02,cooling_descaling_pump,5.096,-0.8669,50.1522,0.9991,2,BF.CW.PMP02::E01,train
2025-03-19 11:00:00,BF.CW.PMP02,cooling_descaling_pump,5.2532,-0.6566,50.3791,0.9432,2,BF.CW.PMP02::E01,train
2025-03-19 12:00:00,BF.CW.PMP02,cooling_descaling_pump,5.3556,-0.6993,50.4112,0.8652,2,BF.CW.PMP02::E01,train
2025-03-19 13:00:00,BF.CW.PMP02,cooling_descaling_pump,5.4071,-0.4877,50.2478,0.7912,2,BF.CW.PMP02::E01,train
2025-03-19 14:00:00,BF.CW.PMP02,cooling_descaling_pump,5.5139,-0.8904,50.094,0.7602,2,BF.CW.PMP02::E01,train
2025-03-19 15:00:00,BF.CW.PMP02,cooling_descaling_pump,5.6541,0.6425,51.5562,0.8143,2,BF.CW.PMP02::E01,train
2025-03-19 16:00:00,BF.CW.PMP02,cooling_descaling_pump,5.5318,1.2757,51.1211,0.7829,2,BF.CW.PMP02::E01,train
2025-03-19 17:00:00,BF.CW.PMP02,cooling_descaling_pump,5.4489,1.1125,50.5141,0.6983,2,BF.CW.PMP02::E01,train
2025-03-19 18:00:00,BF.CW.PMP02,cooling_descaling_pump,5.5281,1.4195,50.2415,0.7386,2,BF.CW.PMP02::E01,train
2025-03-19 19:00:00,BF.CW.PMP02,cooling_descaling_pump,1.0659,1.727,49.147,0.742,0,,train
2025-03-19 20:00:00,BF.CW.PMP02,cooling_descaling_pump,0.9172,1.7228,49.6093,0.8428,0,,train
2025-03-19 21:00:00,BF.CW.PMP02,cooling_descaling_pump,0.9979,1.5962,50.2372,0.8277,0,,train
2025-03-19 22:00:00,BF.CW.PMP02,cooling_descaling_pump,1.0073,1.4357,50.7263,0.7337,0,,train
2025-03-19 23:00:00,BF.CW.PMP02,cooling_descaling_pump,0.9887,1.5695,51.3636,0.7465,0,,train
2025-03-20 00:00:00,BF.CW.PMP02,cooling_descaling_pump,1.0604,0.9343,51.3143,0.7779,0,,train
2025-03-20 01:00:00,BF.CW.PMP02,cooling_descaling_pump,1.2003,0.9379,52.2515,0.8476,0,,train
2025-03-20 02:00:00,BF.CW.PMP02,cooling_descaling_pump,1.13,1.4269,53.7103,0.9273,0,,train
2025-03-20 03:00:00,BF.CW.PMP02,cooling_descaling_pump,1.1367,1.5096,53.7033,0.9787,0,,train
2025-03-20 04:00:00,BF.CW.PMP02,cooling_descaling_pump,0.9697,1.2914,53.412,1.0291,0,,train
2025-03-20 05:00:00,BF.CW.PMP02,cooling_descaling_pump,0.92,1.1492,54.3975,1.0601,0,,train
2025-03-20 06:00:00,BF.CW.PMP02,cooling_descaling_pump,1.0475,0.9083,55.324,1.0895,0,,train
2025-03-20 07:00:00,BF.CW.PMP02,cooling_descaling_pump,1.0049,1.2235,55.262,1.0708,0,,train
2025-03-20 08:00:00,BF.CW.PMP02,cooling_descaling_pump,1.0471,1.5095,54.4456,0.9817,0,,train
2025-03-20 09:00:00,BF.CW.PMP02,cooling_descaling_pump,1.0875,1.0228,53.6675,0.8928,0,,train
2025-03-20 10:00:00,BF.CW.PMP02,cooling_descaling_pump,1.1987,1.457,52.714,0.8231,0,,train
2025-03-20 11:00:00,BF.CW.PMP02,cooling_descaling_pump,1.1829,2.1165,52.4752,0.8374,0,,train
2025-03-20 12:00:00,BF.CW.PMP02,cooling_descaling_pump,1.1798,2.8132,51.1218,0.7922,0,,train
2025-03-20 13:00:00,BF.CW.PMP02,cooling_descaling_pump,1.2703,1.6116,51.6176,0.8798,0,,train
2025-03-20 14:00:00,BF.CW.PMP02,cooling_descaling_pump,1.1812,1.3308,51.3077,0.9171,0,,train
2025-03-20 15:00:00,BF.CW.PMP02,cooling_descaling_pump,1.3032,0.784,50.9968,0.8721,0,,train
2025-03-20 16:00:00,BF.CW.PMP02,cooling_descaling_pump,1.3637,0.4604,52.3562,0.9059,0,,train
2025-03-20 17:00:00,BF.CW.PMP02,cooling_descaling_pump,1.3279,1.5447,50.4011,0.7392,0,,train
2025-03-20 18:00:00,BF.CW.PMP02,cooling_descaling_pump,1.2316,1.352,49.9321,0.7217,0,,train
2025-03-20 19:00:00,BF.CW.PMP02,cooling_descaling_pump,1.1584,1.5828,49.4572,0.8189,0,,train
2025-03-20 20:00:00,BF.CW.PMP02,cooling_descaling_pump,0.9914,1.2921,48.9386,0.9417,0,,train
2025-03-20 21:00:00,BF.CW.PMP02,cooling_descaling_pump,0.8859,1.2203,49.8621,1.0936,0,,train
2025-03-20 22:00:00,BF.CW.PMP02,cooling_descaling_pump,1.0724,0.6938,50.5681,1.038,0,,train
2025-03-20 23:00:00,BF.CW.PMP02,cooling_descaling_pump,1.0354,0.7658,50.5276,0.9855,0,,train
2025-03-21 00:00:00,BF.CW.PMP02,cooling_descaling_pump,1.0518,0.7305,52.1672,0.9775,0,,train
2025-03-21 01:00:00,BF.CW.PMP02,cooling_descaling_pump,1.0227,0.5086,52.4117,0.9303,0,,train
2025-03-21 02:00:00,BF.CW.PMP02,cooling_descaling_pump,1.0955,0.3886,54.2491,1.0209,0,,train
2025-03-21 03:00:00,BF.CW.PMP02,cooling_descaling_pump,1.0911,1.2106,55.2194,1.05,0,,train
2025-03-21 04:00:00,BF.CW.PMP02,cooling_descaling_pump,1.2259,1.3627,54.9746,0.8383,0,,train
2025-03-21 05:00:00,BF.CW.PMP02,cooling_descaling_pump,1.2277,0.8126,56.4733,0.8829,0,,train
2025-03-21 06:00:00,BF.CW.PMP02,cooling_descaling_pump,1.2374,1.0168,55.1683,0.7418,0,,train
2025-03-21 07:00:00,BF.CW.PMP02,cooling_descaling_pump,1.172,0.6919,55.0646,0.8152,0,,train
2025-03-21 08:00:00,BF.CW.PMP02,cooling_descaling_pump,1.189,0.2359,55.6223,0.9083,0,,train
2025-03-21 09:00:00,BF.CW.PMP02,cooling_descaling_pump,1.155,-0.4551,54.6371,0.881,0,,train
2025-03-21 10:00:00,BF.CW.PMP02,cooling_descaling_pump,1.2105,0.0686,54.379,0.8523,0,,train
2025-03-21 11:00:00,BF.CW.PMP02,cooling_descaling_pump,1.1701,-0.4674,54.8397,0.9036,0,,train
2025-03-21 12:00:00,BF.CW.PMP02,cooling_descaling_pump,1.1638,-0.0038,52.9423,0.7842,0,,train
2025-03-21 13:00:00,BF.CW.PMP02,cooling_descaling_pump,1.1724,0.2664,52.7203,0.8599,0,,train
2025-03-21 14:00:00,BF.CW.PMP02,cooling_descaling_pump,1.07,0.5583,52.8955,0.9019,0,,train
2025-03-21 15:00:00,BF.CW.PMP02,cooling_descaling_pump,1.0818,0.2625,53.3454,0.9808,0,,train
2025-03-21 16:00:00,BF.CW.PMP02,cooling_descaling_pump,1.1318,0.4417,53.3155,0.9488,0,,train
2025-03-21 17:00:00,BF.CW.PMP02,cooling_descaling_pump,1.0297,0.811,54.3997,1.017,0,,train
2025-03-21 18:00:00,BF.CW.PMP02,cooling_descaling_pump,1.1205,0.5987,54.4619,1.0251,0,,train
2025-03-21 19:00:00,BF.CW.PMP02,cooling_descaling_pump,1.142,0.0254,53.9377,0.9043,0,,train
2025-03-21 20:00:00,BF.CW.PMP02,cooling_descaling_pump,1.1652,0.2164,55.6217,0.9745,0,,train
2025-03-21 21:00:00,BF.CW.PMP02,cooling_descaling_pump,1.1619,0.3811,55.6199,1.0172,0,,train
2025-03-21 22:00:00,BF.CW.PMP02,cooling_descaling_pump,1.1393,-0.3407,57.2638,1.1154,0,,train
2025-03-21 23:00:00,BF.CW.PMP02,cooling_descaling_pump,1.2971,-0.2492,58.1803,1.1025,0,,train
2025-03-22 00:00:00,BF.CW.PMP02,cooling_descaling_pump,1.2599,-0.5934,57.8747,0.9851,0,,train
2025-03-22 01:00:00,BF.CW.PMP02,cooling_descaling_pump,1.1816,-0.8049,57.5841,0.9926,0,,train
2025-03-22 02:00:00,BF.CW.PMP02,cooling_descaling_pump,1.1195,-0.5987,58.4069,1.0955,0,,train
2025-03-22 03:00:00,BF.CW.PMP02,cooling_descaling_pump,1.3182,-0.6967,61.6323,1.1909,0,,train
2025-03-22 04:00:00,BF.CW.PMP02,cooling_descaling_pump,1.3405,-0.576,62.0471,1.1938,0,,train
2025-03-22 05:00:00,BF.CW.PMP02,cooling_descaling_pump,1.2668,-0.9474,61.674,1.0364,0,,train
2025-03-22 06:00:00,BF.CW.PMP02,cooling_descaling_pump,1.2509,-0.7849,61.8765,1.0568,0,,train
2025-03-22 07:00:00,BF.CW.PMP02,cooling_descaling_pump,1.2777,-0.9042,63.4253,1.1786,0,,train
2025-03-22 08:00:00,BF.CW.PMP02,cooling_descaling_pump,1.2039,-1.041,60.6753,1.0329,0,,train
2025-03-22 09:00:00,BF.CW.PMP02,cooling_descaling_pump,1.152,-1.2839,60.1727,0.9636,0,,train
2025-03-22 10:00:00,BF.CW.PMP02,cooling_descaling_pump,1.2139,-1.9138,60.4823,0.9721,0,,train
2025-03-22 11:00:00,BF.CW.PMP02,cooling_descaling_pump,1.0116,-1.6728,59.3265,0.9714,0,,train
2025-03-22 12:00:00,BF.CW.PMP02,cooling_descaling_pump,1.1126,-1.6085,60.2549,0.9543,0,,train
2025-03-22 13:00:00,BF.CW.PMP02,cooling_descaling_pump,0.8454,-1.5787,57.4273,0.9722,0,,train
2025-03-22 14:00:00,BF.CW.PMP02,cooling_descaling_pump,0.889,-1.8876,56.1199,0.9242,0,,train
2025-03-22 15:00:00,BF.CW.PMP02,cooling_descaling_pump,1.0014,-1.2635,55.9571,0.8595,0,,train
2025-03-22 16:00:00,BF.CW.PMP02,cooling_descaling_pump,0.8553,-1.2312,54.7253,0.829,0,,train
2025-03-22 17:00:00,BF.CW.PMP02,cooling_descaling_pump,0.8246,-1.0522,54.3151,0.8897,0,,train
2025-03-22 18:00:00,BF.CW.PMP02,cooling_descaling_pump,0.9794,-0.6181,54.4062,0.806,0,,train
2025-03-22 19:00:00,BF.CW.PMP02,cooling_descaling_pump,0.9872,0.5646,54.6425,0.7844,0,,train
2025-03-22 20:00:00,BF.CW.PMP02,cooling_descaling_pump,1.1638,0.4044,55.837,0.8766,0,,train
2025-03-22 21:00:00,BF.CW.PMP02,cooling_descaling_pump,1.0642,0.1778,54.335,0.7742,0,,train
2025-03-22 22:00:00,BF.CW.PMP02,cooling_descaling_pump,0.9902,0.079,52.5601,0.8177,0,,train
2025-03-22 23:00:00,BF.CW.PMP02,cooling_descaling_pump,0.9891,-0.0092,53.8252,0.9517,0,,train
2025-03-23 00:00:00,BF.CW.PMP02,cooling_descaling_pump,0.7367,0.6474,52.5959,0.9547,0,,train
2025-03-23 01:00:00,BF.CW.PMP02,cooling_descaling_pump,0.6651,0.9179,52.4648,0.921,0,,train
2025-03-23 02:00:00,BF.CW.PMP02,cooling_descaling_pump,0.7589,0.889,53.0749,0.9146,0,,train
2025-03-23 03:00:00,BF.CW.PMP02,cooling_descaling_pump,0.9553,0.5181,54.4068,0.951,0,,train
2025-03-23 04:00:00,BF.CW.PMP02,cooling_descaling_pump,0.9379,0.4654,55.1282,0.9841,0,,train
2025-03-23 05:00:00,BF.CW.PMP02,cooling_descaling_pump,0.7599,0.813,55.826,1.1074,0,,train
2025-03-23 06:00:00,BF.CW.PMP02,cooling_descaling_pump,0.785,0.5684,56.8961,1.1592,0,,train
2025-03-23 07:00:00,BF.CW.PMP02,cooling_descaling_pump,0.7767,0.4114,58.2882,1.1814,0,,train
2025-03-23 08:00:00,BF.CW.PMP02,cooling_descaling_pump,0.9187,0.7707,58.5186,1.2569,0,,train
2025-03-23 09:00:00,BF.CW.PMP02,cooling_descaling_pump,1.0642,0.5988,58.38,1.1836,0,,train
2025-03-23 10:00:00,BF.CW.PMP02,cooling_descaling_pump,1.1083,0.6878,58.6913,1.133,0,,train
2025-03-23 11:00:00,BF.CW.PMP02,cooling_descaling_pump,1.0373,0.0594,57.1481,1.1165,0,,train
2025-03-23 12:00:00,BF.CW.PMP02,cooling_descaling_pump,1.1419,0.9323,58.0551,1.1642,0,,train
2025-03-23 13:00:00,BF.CW.PMP02,cooling_descaling_pump,1.1643,0.5254,57.4623,1.1905,0,,train
2025-03-23 14:00:00,BF.CW.PMP02,cooling_descaling_pump,1.1006,-0.2947,56.0059,1.1029,0,,train
2025-03-23 15:00:00,BF.CW.PMP02,cooling_descaling_pump,1.259,-0.2103,57.0285,1.1556,0,,train
2025-03-23 16:00:00,BF.CW.PMP02,cooling_descaling_pump,1.323,-0.3811,57.2539,1.1332,0,,train
2025-03-23 17:00:00,BF.CW.PMP02,cooling_descaling_pump,1.4885,0.1263,57.2137,1.0503,0,,train
2025-03-23 18:00:00,BF.CW.PMP02,cooling_descaling_pump,1.5452,0.2454,56.4467,0.9624,0,,train
2025-03-23 19:00:00,BF.CW.PMP02,cooling_descaling_pump,1.4779,0.0327,54.8419,0.9269,0,,train
2025-03-23 20:00:00,BF.CW.PMP02,cooling_descaling_pump,1.4221,-0.4782,55.0491,0.9444,0,,train
2025-03-23 21:00:00,BF.CW.PMP02,cooling_descaling_pump,1.4533,-0.6582,55.9118,1.0002,0,,train
2025-03-23 22:00:00,BF.CW.PMP02,cooling_descaling_pump,1.3179,0.0082,55.549,0.9932,0,,train
2025-03-23 23:00:00,BF.CW.PMP02,cooling_descaling_pump,1.2929,-0.1953,55.6822,0.9932,0,,train
2025-03-24 00:00:00,BF.CW.PMP02,cooling_descaling_pump,1.2948,-0.0574,55.4423,0.9933,0,,train
2025-03-24 01:00:00,BF.CW.PMP02,cooling_descaling_pump,1.3402,-0.196,55.6205,0.9549,0,,train
2025-03-24 02:00:00,BF.CW.PMP02,cooling_descaling_pump,1.4261,0.1055,56.3984,0.8446,0,,train
2025-03-24 03:00:00,BF.CW.PMP02,cooling_descaling_pump,1.2792,-0.2005,55.0789,0.7972,0,,train
2025-03-24 04:00:00,BF.CW.PMP02,cooling_descaling_pump,1.3567,-0.767,55.6456,0.8004,0,,train
2025-03-24 05:00:00,BF.CW.PMP02,cooling_descaling_pump,1.3589,-0.5317,56.9065,0.9078,0,,train
2025-03-24 06:00:00,BF.CW.PMP02,cooling_descaling_pump,1.3689,0.3981,56.7745,0.844,0,,train
2025-03-24 07:00:00,BF.CW.PMP02,cooling_descaling_pump,1.5092,0.3124,58.0349,0.8807,0,,train
2025-03-24 08:00:00,BF.CW.PMP02,cooling_descaling_pump,1.3171,0.3363,55.7224,0.8212,0,,train
2025-03-24 09:00:00,BF.CW.PMP02,cooling_descaling_pump,1.2692,0.3532,53.999,0.7445,0,,train
2025-03-24 10:00:00,BF.CW.PMP02,cooling_descaling_pump,1.266,0.2046,53.5506,0.6815,0,,train
2025-03-24 11:00:00,BF.CW.PMP02,cooling_descaling_pump,1.2763,-0.6145,53.2968,0.706,0,,train
2025-03-24 12:00:00,BF.CW.PMP02,cooling_descaling_pump,1.3775,-0.9207,54.7519,0.8159,0,,train
2025-03-24 13:00:00,BF.CW.PMP02,cooling_descaling_pump,1.3689,-1.2397,54.9951,0.8167,0,,train
2025-03-24 14:00:00,BF.CW.PMP02,cooling_descaling_pump,1.389,-0.8636,55.1749,0.8613,0,,train
2025-03-24 15:00:00,BF.CW.PMP02,cooling_descaling_pump,1.5304,-1.0848,54.5094,0.8453,0,,train
2025-03-24 16:00:00,BF.CW.PMP02,cooling_descaling_pump,1.4825,-1.6927,54.23,0.8265,0,,train
2025-03-24 17:00:00,BF.CW.PMP02,cooling_descaling_pump,1.5167,-1.1343,54.8856,0.89,0,,train
2025-03-24 18:00:00,BF.CW.PMP02,cooling_descaling_pump,1.6387,-0.2907,56.3969,0.9793,0,,train
2025-03-24 19:00:00,BF.CW.PMP02,cooling_descaling_pump,1.6685,-0.2256,58.4007,1.1058,0,,train
2025-03-24 20:00:00,BF.CW.PMP02,cooling_descaling_pump,1.6803,0.0045,58.775,1.1029,0,,train
2025-03-24 21:00:00,BF.CW.PMP02,cooling_descaling_pump,1.4992,0.3927,58.5626,1.1333,0,,train
2025-03-24 22:00:00,BF.CW.PMP02,cooling_descaling_pump,1.4077,-0.1047,58.5126,1.1364,0,,train
2025-03-24 23:00:00,BF.CW.PMP02,cooling_descaling_pump,1.2814,0.2686,57.6078,1.0873,0,,train
2025-03-25 00:00:00,BF.CW.PMP02,cooling_descaling_pump,1.3917,0.1444,59.5336,1.1192,0,,train
2025-03-25 01:00:00,BF.CW.PMP02,cooling_descaling_pump,1.3259,-0.1968,59.539,1.1021,0,,train
2025-03-25 02:00:00,BF.CW.PMP02,cooling_descaling_pump,1.2823,-0.3792,58.3013,1.0404,0,,train
2025-03-25 03:00:00,BF.CW.PMP02,cooling_descaling_pump,1.3002,-0.4071,58.3294,0.9823,0,,train
2025-03-25 04:00:00,BF.CW.PMP02,cooling_descaling_pump,1.1994,-0.3258,57.8322,0.9085,0,,train
2025-03-25 05:00:00,BF.CW.PMP02,cooling_descaling_pump,1.2266,-0.6989,57.3101,0.8394,0,,train
2025-03-25 06:00:00,BF.CW.PMP02,cooling_descaling_pump,1.3921,-0.8126,58.4143,0.9146,0,,train
2025-03-25 07:00:00,BF.CW.PMP02,cooling_descaling_pump,1.3236,-0.8706,57.4584,0.9429,0,,train
2025-03-25 08:00:00,BF.CW.PMP02,cooling_descaling_pump,1.161,-0.6661,56.1568,0.8986,0,,train
2025-03-25 09:00:00,BF.CW.PMP02,cooling_descaling_pump,1.1281,-0.1257,58.2519,1.0284,0,,train
2025-03-25 10:00:00,BF.CW.PMP02,cooling_descaling_pump,1.1698,-0.7189,57.9436,1.0865,0,,train
2025-03-25 11:00:00,BF.CW.PMP02,cooling_descaling_pump,0.9769,0.0718,57.7192,1.1324,0,,train
2025-03-25 12:00:00,BF.CW.PMP02,cooling_descaling_pump,1.1714,-0.3205,57.4497,1.0762,0,,train
2025-03-25 13:00:00,BF.CW.PMP02,cooling_descaling_pump,1.3527,-0.9488,56.4454,0.9243,0,,train
2025-03-25 14:00:00,BF.CW.PMP02,cooling_descaling_pump,1.2884,-0.9,55.6707,0.9337,0,,train
2025-03-25 15:00:00,BF.CW.PMP02,cooling_descaling_pump,1.2251,-0.5678,55.5454,0.9475,0,,train
2025-03-25 16:00:00,BF.CW.PMP02,cooling_descaling_pump,1.2031,-0.6981,54.7965,0.7987,0,,train
2025-03-25 17:00:00,BF.CW.PMP02,cooling_descaling_pump,1.049,-0.326,55.4996,0.9211,0,,train
2025-03-25 18:00:00,BF.CW.PMP02,cooling_descaling_pump,1.1166,-0.5693,55.4104,0.8897,0,,train
2025-03-25 19:00:00,BF.CW.PMP02,cooling_descaling_pump,1.1676,-0.2317,55.8441,0.8729,0,,train
2025-03-25 20:00:00,BF.CW.PMP02,cooling_descaling_pump,1.1525,-0.8264,55.8331,0.9444,0,,train
2025-03-25 21:00:00,BF.CW.PMP02,cooling_descaling_pump,1.1274,-0.613,56.4158,1.0123,0,,train
2025-03-25 22:00:00,BF.CW.PMP02,cooling_descaling_pump,1.2063,-0.448,56.8849,1.0589,0,,train
2025-03-25 23:00:00,BF.CW.PMP02,cooling_descaling_pump,1.3104,-0.5288,58.5978,1.0976,0,,train
2025-03-26 00:00:00,BF.CW.PMP02,cooling_descaling_pump,1.0946,-0.856,56.3982,1.0808,0,,train
2025-03-26 01:00:00,BF.CW.PMP02,cooling_descaling_pump,1.2691,-0.8661,57.1749,1.071,0,,train
2025-03-26 02:00:00,BF.CW.PMP02,cooling_descaling_pump,1.3278,-0.5372,57.8803,1.0462,0,,train
2025-03-26 03:00:00,BF.CW.PMP02,cooling_descaling_pump,1.4587,-0.7519,57.7208,1.0285,0,,train
2025-03-26 04:00:00,BF.CW.PMP02,cooling_descaling_pump,1.5396,0.5993,58.2994,0.9551,0,,train
2025-03-26 05:00:00,BF.CW.PMP02,cooling_descaling_pump,1.5433,0.7638,58.1935,0.909,0,,train
2025-03-26 06:00:00,BF.CW.PMP02,cooling_descaling_pump,1.5765,0.5287,57.8365,0.8953,0,,train
2025-03-26 07:00:00,BF.CW.PMP02,cooling_descaling_pump,1.4916,0.8565,57.5166,0.9811,0,,train
2025-03-26 08:00:00,BF.CW.PMP02,cooling_descaling_pump,1.5736,0.2221,56.9108,0.9587,0,,train
2025-03-26 09:00:00,BF.CW.PMP02,cooling_descaling_pump,1.5446,0.2591,56.1684,1.0165,0,,train
2025-03-26 10:00:00,BF.CW.PMP02,cooling_descaling_pump,1.6217,0.6006,56.8412,0.9737,0,,train
2025-03-26 11:00:00,BF.CW.PMP02,cooling_descaling_pump,1.625,0.5915,57.8374,0.9478,0,,train
2025-03-26 12:00:00,BF.CW.PMP02,cooling_descaling_pump,1.6172,0.1236,57.633,0.9666,0,,train
2025-03-26 13:00:00,BF.CW.PMP02,cooling_descaling_pump,1.6552,-0.176,56.4336,0.9367,0,,train
2025-03-26 14:00:00,BF.CW.PMP02,cooling_descaling_pump,1.5088,-0.1245,54.3865,0.9068,0,,train
2025-03-26 15:00:00,BF.CW.PMP02,cooling_descaling_pump,1.2968,-0.9486,55.1134,1.0528,0,,train
2025-03-26 16:00:00,BF.CW.PMP02,cooling_descaling_pump,1.2106,-0.817,54.1793,1.0506,0,,train
2025-03-26 17:00:00,BF.CW.PMP02,cooling_descaling_pump,1.0759,-0.8224,53.4617,1.0601,0,,train
2025-03-26 18:00:00,BF.CW.PMP02,cooling_descaling_pump,1.1713,-0.1035,53.5335,0.9933,0,,train
2025-03-26 19:00:00,BF.CW.PMP02,cooling_descaling_pump,1.0815,-0.0446,51.2971,0.9148,0,,train
2025-03-26 20:00:00,BF.CW.PMP02,cooling_descaling_pump,1.1715,0.2451,53.161,1.0771,0,,train
2025-03-26 21:00:00,BF.CW.PMP02,cooling_descaling_pump,1.1754,0.0055,52.4735,0.9771,0,,train
2025-03-26 22:00:00,BF.CW.PMP02,cooling_descaling_pump,1.0458,0.074,50.7895,0.9133,0,,train
2025-03-26 23:00:00,BF.CW.PMP02,cooling_descaling_pump,0.9864,0.4372,51.238,0.9895,0,,train
2025-03-27 00:00:00,BF.CW.PMP02,cooling_descaling_pump,0.8588,0.183,51.2875,0.9919,0,,train
2025-03-27 01:00:00,BF.CW.PMP02,cooling_descaling_pump,0.7516,-0.8883,49.9134,0.8407,0,,train
2025-03-27 02:00:00,BF.CW.PMP02,cooling_descaling_pump,0.7263,-0.7815,50.3571,0.8839,0,,train
2025-03-27 03:00:00,BF.CW.PMP02,cooling_descaling_pump,0.7753,-0.7776,51.5039,0.9457,0,,train
2025-03-27 04:00:00,BF.CW.PMP02,cooling_descaling_pump,0.9695,0.1396,52.6669,0.9833,0,,train
2025-03-27 05:00:00,BF.CW.PMP02,cooling_descaling_pump,1.07,0.0321,53.7338,1.0739,0,,train
2025-03-27 06:00:00,BF.CW.PMP02,cooling_descaling_pump,1.0802,-0.1963,53.9487,1.0815,0,,train
2025-03-27 07:00:00,BF.CW.PMP02,cooling_descaling_pump,1.1353,0.0531,55.2892,1.1233,0,,train
2025-03-27 08:00:00,BF.CW.PMP02,cooling_descaling_pump,1.2369,0.1572,56.6667,1.2329,0,,train
2025-03-27 09:00:00,BF.CW.PMP02,cooling_descaling_pump,1.2092,0.3494,55.9039,1.1986,0,,train
2025-03-27 10:00:00,BF.CW.PMP02,cooling_descaling_pump,1.1399,0.6121,56.2565,1.2182,0,,train
2025-03-27 11:00:00,BF.CW.PMP02,cooling_descaling_pump,1.0947,0.5452,56.3728,1.2402,0,,train
2025-03-27 12:00:00,BF.CW.PMP02,cooling_descaling_pump,1.0212,0.914,54.7289,1.058,0,,train
2025-03-27 13:00:00,BF.CW.PMP02,cooling_descaling_pump,1.1535,0.4414,54.9705,1.1675,0,,train
2025-03-27 14:00:00,BF.CW.PMP02,cooling_descaling_pump,1.2423,0.2685,55.1661,1.1557,0,,train
2025-03-27 15:00:00,BF.CW.PMP02,cooling_descaling_pump,1.2634,0.139,53.6928,1.1416,0,,train
2025-03-27 16:00:00,BF.CW.PMP02,cooling_descaling_pump,1.2035,-0.0749,52.0695,1.1131,0,,train
2025-03-27 17:00:00,BF.CW.PMP02,cooling_descaling_pump,1.0831,-0.024,50.8462,1.0195,0,,train
2025-03-27 18:00:00,BF.CW.PMP02,cooling_descaling_pump,1.1273,1.2757,52.129,1.1815,0,,train
2025-03-27 19:00:00,BF.CW.PMP02,cooling_descaling_pump,1.1569,1.4935,51.9484,1.0796,0,,train
2025-03-27 20:00:00,BF.CW.PMP02,cooling_descaling_pump,1.0896,1.1445,51.4519,1.0608,0,,train
2025-03-27 21:00:00,BF.CW.PMP02,cooling_descaling_pump,1.1325,0.8136,53.6874,1.1363,0,,train
2025-03-27 22:00:00,BF.CW.PMP02,cooling_descaling_pump,1.0628,0.4244,53.0422,1.1126,0,,train
2025-03-27 23:00:00,BF.CW.PMP02,cooling_descaling_pump,0.9949,0.2297,53.7539,1.1395,0,,train
2025-03-28 00:00:00,BF.CW.PMP02,cooling_descaling_pump,0.9536,0.1516,54.0291,1.1688,0,,train
2025-03-28 01:00:00,BF.CW.PMP02,cooling_descaling_pump,0.7651,-0.2865,53.8167,1.1872,0,,train
2025-03-28 02:00:00,BF.CW.PMP02,cooling_descaling_pump,0.8137,-0.0789,54.2021,1.1383,0,,train
2025-03-28 03:00:00,BF.CW.PMP02,cooling_descaling_pump,0.8065,1.0489,54.9206,1.1397,0,,train
2025-03-28 04:00:00,BF.CW.PMP02,cooling_descaling_pump,0.9616,0.7277,54.8666,1.1434,0,,train
2025-03-28 05:00:00,BF.CW.PMP02,cooling_descaling_pump,0.9283,1.1391,55.2436,1.1422,0,,train
2025-03-28 06:00:00,BF.CW.PMP02,cooling_descaling_pump,0.7833,0.9088,53.8646,1.0557,0,,train
2025-03-28 07:00:00,BF.CW.PMP02,cooling_descaling_pump,0.7177,-0.0937,52.9351,1.0987,0,,train
2025-03-28 08:00:00,BF.CW.PMP02,cooling_descaling_pump,0.8483,-0.0875,53.3609,1.1063,0,,train
2025-03-28 09:00:00,BF.CW.PMP02,cooling_descaling_pump,0.8837,0.3095,54.0389,1.1215,0,,train
2025-03-28 10:00:00,BF.CW.PMP02,cooling_descaling_pump,1.034,1.0305,54.315,1.1088,0,,train
2025-03-28 11:00:00,BF.CW.PMP02,cooling_descaling_pump,0.9521,1.5279,54.4499,1.0414,0,,train
2025-03-28 12:00:00,BF.CW.PMP02,cooling_descaling_pump,1.0272,1.0801,55.8228,1.1308,0,,train
2025-03-28 13:00:00,BF.CW.PMP02,cooling_descaling_pump,1.1117,0.8498,57.2933,1.1817,0,,train
2025-03-28 14:00:00,BF.CW.PMP02,cooling_descaling_pump,1.237,0.6002,58.0912,1.1558,0,,train
2025-03-28 15:00:00,BF.CW.PMP02,cooling_descaling_pump,1.0453,0.9372,56.9267,1.1062,0,,train
2025-03-28 16:00:00,BF.CW.PMP02,cooling_descaling_pump,1.175,0.9709,56.643,1.1047,0,,train
2025-03-28 17:00:00,BF.CW.PMP02,cooling_descaling_pump,1.2166,0.7905,56.8205,1.1398,0,,train
2025-03-28 18:00:00,BF.CW.PMP02,cooling_descaling_pump,1.1128,0.6871,56.7668,1.1138,0,,train
2025-03-28 19:00:00,BF.CW.PMP02,cooling_descaling_pump,1.1723,0.8107,55.7898,1.0668,0,,train
2025-03-28 20:00:00,BF.CW.PMP02,cooling_descaling_pump,1.2131,0.7354,56.1512,1.101,0,,train
2025-03-28 21:00:00,BF.CW.PMP02,cooling_descaling_pump,1.0996,1.332,56.3046,1.0006,0,,train
2025-03-28 22:00:00,BF.CW.PMP02,cooling_descaling_pump,1.057,0.8852,57.1561,0.9801,0,,train
2025-03-28 23:00:00,BF.CW.PMP02,cooling_descaling_pump,1.0732,0.51,56.4745,0.8742,0,,train
2025-03-29 00:00:00,BF.CW.PMP02,cooling_descaling_pump,0.9087,0.5465,55.8185,0.9077,0,,train
2025-03-29 01:00:00,BF.CW.PMP02,cooling_descaling_pump,1.0181,0.6442,57.714,0.9697,0,,train
2025-03-29 02:00:00,BF.CW.PMP02,cooling_descaling_pump,0.9885,0.1535,58.4026,1.0015,0,,train
2025-03-29 03:00:00,BF.CW.PMP02,cooling_descaling_pump,1.0521,0.2065,57.6535,0.9667,0,,train
2025-03-29 04:00:00,BF.CW.PMP02,cooling_descaling_pump,0.9759,-0.5062,56.0183,0.8284,0,,train
2025-03-29 05:00:00,BF.CW.PMP02,cooling_descaling_pump,0.936,-0.1064,57.7933,0.9721,0,,train
2025-03-29 06:00:00,BF.CW.PMP02,cooling_descaling_pump,1.121,-0.1693,57.8447,1.0339,0,,train
2025-03-29 07:00:00,BF.CW.PMP02,cooling_descaling_pump,1.2853,-0.0684,59.6217,1.0831,0,,train
2025-03-29 08:00:00,BF.CW.PMP02,cooling_descaling_pump,1.397,-0.3136,59.7419,1.079,0,,train
2025-03-29 09:00:00,BF.CW.PMP02,cooling_descaling_pump,1.3122,-0.4682,58.9972,1.0427,0,,train
2025-03-29 10:00:00,BF.CW.PMP02,cooling_descaling_pump,1.059,0.1716,57.9554,1.0395,0,,train
2025-03-29 11:00:00,BF.CW.PMP02,cooling_descaling_pump,1.1685,-0.6762,57.2803,0.9271,0,,train
2025-03-29 12:00:00,BF.CW.PMP02,cooling_descaling_pump,1.035,-0.812,56.3633,0.9059,0,,train
2025-03-29 13:00:00,BF.CW.PMP02,cooling_descaling_pump,0.9484,-1.027,55.8916,0.9409,0,,train
2025-03-29 14:00:00,BF.CW.PMP02,cooling_descaling_pump,0.9831,-0.898,56.8483,0.9582,0,,train
2025-03-29 15:00:00,BF.CW.PMP02,cooling_descaling_pump,0.9742,-0.6996,55.3661,0.9275,0,,train
2025-03-29 16:00:00,BF.CW.PMP02,cooling_descaling_pump,1.0497,-1.287,55.3134,0.9566,0,,train
2025-03-29 17:00:00,BF.CW.PMP02,cooling_descaling_pump,1.0727,-1.5714,55.4652,1.0408,0,,train
2025-03-29 18:00:00,BF.CW.PMP02,cooling_descaling_pump,1.1392,-1.7813,56.566,1.0656,0,,train
2025-03-29 19:00:00,BF.CW.PMP02,cooling_descaling_pump,1.0652,-1.1059,55.8233,0.9994,0,,train
2025-03-29 20:00:00,BF.CW.PMP02,cooling_descaling_pump,1.1815,-1.3668,55.8322,0.8847,0,,train
2025-03-29 21:00:00,BF.CW.PMP02,cooling_descaling_pump,1.0848,-1.1079,55.0308,0.8873,0,,train
2025-03-29 22:00:00,BF.CW.PMP02,cooling_descaling_pump,1.025,-0.8439,55.7502,0.9595,0,,train
2025-03-29 23:00:00,BF.CW.PMP02,cooling_descaling_pump,1.2028,-0.4352,57.8499,0.8802,0,,train
2025-03-30 00:00:00,BF.CW.PMP02,cooling_descaling_pump,1.0147,-0.3325,57.6234,0.9306,0,,train
2025-03-30 01:00:00,BF.CW.PMP02,cooling_descaling_pump,0.801,-0.7653,57.9865,1.0352,0,,train
2025-03-30 02:00:00,BF.CW.PMP02,cooling_descaling_pump,0.8198,-0.4014,57.9347,0.9476,0,,train
2025-03-30 03:00:00,BF.CW.PMP02,cooling_descaling_pump,0.8742,-0.3354,58.9792,0.9884,0,,train
2025-03-30 04:00:00,BF.CW.PMP02,cooling_descaling_pump,0.8756,-0.5002,59.835,1.0163,0,,train
2025-03-30 05:00:00,BF.CW.PMP02,cooling_descaling_pump,0.8915,0.03,57.2169,0.9043,0,,train
2025-03-30 06:00:00,BF.CW.PMP02,cooling_descaling_pump,0.9177,0.9474,58.034,0.9314,0,,train
2025-03-30 07:00:00,BF.CW.PMP02,cooling_descaling_pump,1.0034,-0.0985,58.181,0.8644,0,,train
2025-03-30 08:00:00,BF.CW.PMP02,cooling_descaling_pump,1.1902,0.2034,60.1659,0.9413,0,,train
2025-03-30 09:00:00,BF.CW.PMP02,cooling_descaling_pump,1.0834,0.6528,60.2594,0.9209,0,,train
2025-03-30 10:00:00,BF.CW.PMP02,cooling_descaling_pump,1.2419,1.1507,61.018,0.8783,0,,train
2025-03-30 11:00:00,BF.CW.PMP02,cooling_descaling_pump,1.1699,1.0183,58.6791,0.8165,0,,train
2025-03-30 12:00:00,BF.CW.PMP02,cooling_descaling_pump,1.2307,1.188,59.6477,0.7856,0,,train
2025-03-30 13:00:00,BF.CW.PMP02,cooling_descaling_pump,1.2461,1.2502,60.5902,0.8243,0,,train
2025-03-30 14:00:00,BF.CW.PMP02,cooling_descaling_pump,1.2535,1.2797,59.7902,0.7621,0,,train
2025-03-30 15:00:00,BF.CW.PMP02,cooling_descaling_pump,1.3878,1.5116,59.2398,0.777,0,,train
2025-03-30 16:00:00,BF.CW.PMP02,cooling_descaling_pump,1.4168,0.7115,58.6154,0.695,0,,train
2025-03-30 17:00:00,BF.CW.PMP02,cooling_descaling_pump,1.2073,1.0856,57.437,0.8481,0,,train
2025-03-30 18:00:00,BF.CW.PMP02,cooling_descaling_pump,1.2199,1.287,58.1154,1.0454,0,,train
2025-03-30 19:00:00,BF.CW.PMP02,cooling_descaling_pump,1.3168,0.8415,60.1202,1.0796,0,,train
2025-03-30 20:00:00,BF.CW.PMP02,cooling_descaling_pump,1.1741,0.9511,58.8292,1.1413,0,,train
2025-03-30 21:00:00,BF.CW.PMP02,cooling_descaling_pump,1.3015,1.1754,59.7643,1.0736,0,,train
2025-03-30 22:00:00,BF.CW.PMP02,cooling_descaling_pump,1.2512,0.9884,60.8054,1.204,0,,train
2025-03-30 23:00:00,BF.CW.PMP02,cooling_descaling_pump,0.9862,0.4938,60.6373,1.2178,0,,train
2025-03-31 00:00:00,BF.CW.PMP02,cooling_descaling_pump,1.003,-0.3685,60.6431,1.1511,0,,train
2025-03-31 01:00:00,BF.CW.PMP02,cooling_descaling_pump,1.0583,-0.6299,61.1605,1.09,0,,train
2025-03-31 02:00:00,BF.CW.PMP02,cooling_descaling_pump,0.9786,-1.3979,61.3821,1.059,0,,train
2025-03-31 03:00:00,BF.CW.PMP02,cooling_descaling_pump,1.0569,-1.3504,59.6535,0.9339,0,,train
2025-03-31 04:00:00,BF.CW.PMP02,cooling_descaling_pump,1.1595,-1.6662,61.6532,1.0429,0,,train
2025-03-31 05:00:00,BF.CW.PMP02,cooling_descaling_pump,1.142,-2.2582,62.7318,1.0512,0,,train
2025-03-31 06:00:00,BF.CW.PMP02,cooling_descaling_pump,1.1379,-2.2907,62.4486,1.0812,0,,train
2025-03-31 07:00:00,BF.CW.PMP02,cooling_descaling_pump,1.1043,-1.2075,61.5377,1.0772,0,,train
2025-03-31 08:00:00,BF.CW.PMP02,cooling_descaling_pump,1.166,-1.6757,61.8762,1.131,0,,train
2025-03-31 09:00:00,BF.CW.PMP02,cooling_descaling_pump,1.0838,-1.2122,59.8209,1.0464,0,,train
2025-03-31 10:00:00,BF.CW.PMP02,cooling_descaling_pump,1.0684,-1.0573,59.8218,1.0958,0,,train
2025-03-31 11:00:00,BF.CW.PMP02,cooling_descaling_pump,1.0686,-0.4248,59.859,1.1138,0,,train
2025-03-31 12:00:00,BF.CW.PMP02,cooling_descaling_pump,1.0479,-0.2152,59.8539,1.1762,0,,train
2025-03-31 13:00:00,BF.CW.PMP02,cooling_descaling_pump,1.1124,0.0278,59.8152,1.11,0,,train
2025-03-31 14:00:00,BF.CW.PMP02,cooling_descaling_pump,1.0093,0.1248,60.2351,1.1815,0,,train
2025-03-31 15:00:00,BF.CW.PMP02,cooling_descaling_pump,0.9413,-0.146,60.8996,1.3406,0,,train
2025-03-31 16:00:00,BF.CW.PMP02,cooling_descaling_pump,0.8855,-0.0727,59.006,1.2925,0,,train
2025-03-31 17:00:00,BF.CW.PMP02,cooling_descaling_pump,0.8501,0.2658,59.072,1.3588,0,,train
2025-03-31 18:00:00,BF.CW.PMP02,cooling_descaling_pump,0.8577,0.6491,57.8637,1.3051,0,,train
2025-03-31 19:00:00,BF.CW.PMP02,cooling_descaling_pump,0.9607,0.7345,58.9411,1.3471,0,,train
2025-03-31 20:00:00,BF.CW.PMP02,cooling_descaling_pump,0.9321,0.845,58.7213,1.2778,0,,train
2025-03-31 21:00:00,BF.CW.PMP02,cooling_descaling_pump,0.8039,1.3615,57.7093,1.2462,0,,train
2025-03-31 22:00:00,BF.CW.PMP02,cooling_descaling_pump,0.7693,1.3224,57.1579,1.2396,0,,train
2025-03-31 23:00:00,BF.CW.PMP02,cooling_descaling_pump,0.6065,1.2084,58.5671,1.3465,0,,train
2025-04-01 00:00:00,BF.CW.PMP02,cooling_descaling_pump,0.7383,1.4102,60.7608,1.3842,0,,train
2025-04-01 01:00:00,BF.CW.PMP02,cooling_descaling_pump,0.6833,1.2928,60.1519,1.2736,0,,train
2025-04-01 02:00:00,BF.CW.PMP02,cooling_descaling_pump,0.6156,1.6598,58.3428,1.2069,0,,train
2025-04-01 03:00:00,BF.CW.PMP02,cooling_descaling_pump,0.8323,1.6168,57.7269,1.0975,0,,train
2025-04-01 04:00:00,BF.CW.PMP02,cooling_descaling_pump,1.0261,1.1805,57.7534,0.9893,0,,train
2025-04-01 05:00:00,BF.CW.PMP02,cooling_descaling_pump,0.9821,1.194,56.7014,0.918,0,,train
2025-04-01 06:00:00,BF.CW.PMP02,cooling_descaling_pump,1.1681,0.7699,57.6076,0.9416,0,,train
2025-04-01 07:00:00,BF.CW.PMP02,cooling_descaling_pump,1.0907,0.6678,56.7816,0.9288,0,,train
2025-04-01 08:00:00,BF.CW.PMP02,cooling_descaling_pump,1.1347,0.9751,56.0056,0.817,0,,train
2025-04-01 09:00:00,BF.CW.PMP02,cooling_descaling_pump,1.2627,0.1958,57.195,0.7901,0,,train
2025-04-01 10:00:00,BF.CW.PMP02,cooling_descaling_pump,1.2524,-0.6796,57.5351,0.791,0,,train
2025-04-01 11:00:00,BF.CW.PMP02,cooling_descaling_pump,1.3352,-1.1215,57.624,0.7708,0,,train
2025-04-01 12:00:00,BF.CW.PMP02,cooling_descaling_pump,1.4336,-1.1994,59.1287,0.9335,0,,train
2025-04-01 13:00:00,BF.CW.PMP02,cooling_descaling_pump,1.2695,-1.3257,57.4588,0.9576,0,,train
2025-04-01 14:00:00,BF.CW.PMP02,cooling_descaling_pump,1.1567,-1.6454,56.1165,0.956,0,,train
2025-04-01 15:00:00,BF.CW.PMP02,cooling_descaling_pump,1.0245,-1.372,55.8521,0.9753,0,,train
2025-04-01 16:00:00,BF.CW.PMP02,cooling_descaling_pump,1.1297,-1.3526,54.291,0.8894,0,,train
2025-04-01 17:00:00,BF.CW.PMP02,cooling_descaling_pump,1.0687,-1.1957,54.4216,0.9254,0,,train
2025-04-01 18:00:00,BF.CW.PMP02,cooling_descaling_pump,1.069,-1.0334,54.4047,1.0081,0,,train
2025-04-01 19:00:00,BF.CW.PMP02,cooling_descaling_pump,0.8701,-1.9584,53.3997,1.0508,0,,train
2025-04-01 20:00:00,BF.CW.PMP02,cooling_descaling_pump,0.9673,-1.5908,53.9935,1.0568,0,,train
2025-04-01 21:00:00,BF.CW.PMP02,cooling_descaling_pump,1.0322,-1.7255,54.4359,1.0806,0,,train
2025-04-01 22:00:00,BF.CW.PMP02,cooling_descaling_pump,0.912,-2.1385,53.7875,1.0615,0,,train
2025-04-01 23:00:00,BF.CW.PMP02,cooling_descaling_pump,0.9901,-1.7789,54.9324,1.0608,0,,train
2025-04-02 00:00:00,BF.CW.PMP02,cooling_descaling_pump,0.9652,-2.0401,56.1357,1.1342,0,,train
2025-04-02 01:00:00,BF.CW.PMP02,cooling_descaling_pump,0.9604,-1.2798,57.6102,1.15,0,,train
2025-04-02 02:00:00,BF.CW.PMP02,cooling_descaling_pump,1.1488,-0.9242,58.1808,1.0761,0,,train
2025-04-02 03:00:00,BF.CW.PMP02,cooling_descaling_pump,1.1483,-1.3334,58.8857,1.1531,0,,train
2025-04-02 04:00:00,BF.CW.PMP02,cooling_descaling_pump,1.1819,-0.7502,58.6622,1.0885,0,,train
2025-04-02 05:00:00,BF.CW.PMP02,cooling_descaling_pump,1.1263,0.3454,58.1956,1.0941,0,,train
2025-04-02 06:00:00,BF.CW.PMP02,cooling_descaling_pump,1.1387,0.5168,59.0706,1.1145,0,,train
2025-04-02 07:00:00,BF.CW.PMP02,cooling_descaling_pump,1.2699,0.2171,58.676,1.0926,0,,train
2025-04-02 08:00:00,BF.CW.PMP02,cooling_descaling_pump,1.4684,0.2643,58.8159,1.0646,0,,train
2025-04-02 09:00:00,BF.CW.PMP02,cooling_descaling_pump,1.3282,0.098,57.5216,1.0195,0,,train
2025-04-02 10:00:00,BF.CW.PMP02,cooling_descaling_pump,1.2276,0.0428,57.5187,0.9907,0,,train
2025-04-02 11:00:00,BF.CW.PMP02,cooling_descaling_pump,1.1638,-0.066,58.1495,1.0727,0,,train
2025-04-02 12:00:00,BF.CW.PMP02,cooling_descaling_pump,1.2234,-0.5148,56.4638,0.9777,0,,train
2025-04-02 13:00:00,BF.CW.PMP02,cooling_descaling_pump,1.2149,0.4267,55.8435,1.0645,0,,train
2025-04-02 14:00:00,BF.CW.PMP02,cooling_descaling_pump,1.2748,0.0317,55.8124,0.9885,0,,train
2025-04-02 15:00:00,BF.CW.PMP02,cooling_descaling_pump,1.3489,1.0788,55.0062,0.9462,0,,train
2025-04-02 16:00:00,BF.CW.PMP02,cooling_descaling_pump,1.3451,1.1824,54.0242,0.8947,0,,train
2025-04-02 17:00:00,BF.CW.PMP02,cooling_descaling_pump,1.3716,1.1135,54.6845,0.8568,0,,train
2025-04-02 18:00:00,BF.CW.PMP02,cooling_descaling_pump,1.3943,0.3586,54.6239,0.9443,0,,train
2025-04-02 19:00:00,BF.CW.PMP02,cooling_descaling_pump,1.3778,0.5745,54.0825,0.9286,0,,train
2025-04-02 20:00:00,BF.CW.PMP02,cooling_descaling_pump,1.4091,0.5561,53.7321,0.8398,0,,train
2025-04-02 21:00:00,BF.CW.PMP02,cooling_descaling_pump,1.3953,0.8203,53.9764,0.8012,0,,train
2025-04-02 22:00:00,BF.CW.PMP02,cooling_descaling_pump,1.2774,1.2287,52.7703,0.8803,0,,train
2025-04-02 23:00:00,BF.CW.PMP02,cooling_descaling_pump,1.2356,1.1245,54.4465,1.005,0,,train
2025-04-03 00:00:00,BF.CW.PMP02,cooling_descaling_pump,1.2305,0.7051,54.2473,0.9549,0,,train
2025-04-03 01:00:00,BF.CW.PMP02,cooling_descaling_pump,1.2097,0.711,55.2081,1.0111,0,,train
2025-04-03 02:00:00,BF.CW.PMP02,cooling_descaling_pump,1.1144,0.4483,55.0638,1.0131,0,BF.CW.PMP02::E02,train
2025-04-03 03:00:00,BF.CW.PMP02,cooling_descaling_pump,1.0639,-0.0842,55.2513,0.9614,0,BF.CW.PMP02::E02,train
2025-04-03 04:00:00,BF.CW.PMP02,cooling_descaling_pump,0.9716,-0.7189,55.03,0.9643,0,BF.CW.PMP02::E02,train
2025-04-03 05:00:00,BF.CW.PMP02,cooling_descaling_pump,0.9792,-1.0906,55.4908,0.9503,0,BF.CW.PMP02::E02,train
2025-04-03 06:00:00,BF.CW.PMP02,cooling_descaling_pump,1.0209,-0.8191,54.8961,0.8939,0,BF.CW.PMP02::E02,train
2025-04-03 07:00:00,BF.CW.PMP02,cooling_descaling_pump,1.0984,-0.9242,55.0609,0.8451,0,BF.CW.PMP02::E02,train
2025-04-03 08:00:00,BF.CW.PMP02,cooling_descaling_pump,1.12,-0.9743,55.3267,0.8034,0,BF.CW.PMP02::E02,train
2025-04-03 09:00:00,BF.CW.PMP02,cooling_descaling_pump,1.0759,-0.6827,54.2221,0.8048,0,BF.CW.PMP02::E02,train
2025-04-03 10:00:00,BF.CW.PMP02,cooling_descaling_pump,1.0543,-0.2203,54.5756,0.9316,0,BF.CW.PMP02::E02,train
2025-04-03 11:00:00,BF.CW.PMP02,cooling_descaling_pump,1.0542,-0.7488,53.5153,0.8156,0,BF.CW.PMP02::E02,train
2025-04-03 12:00:00,BF.CW.PMP02,cooling_descaling_pump,0.9596,-0.7975,52.5489,0.7427,0,BF.CW.PMP02::E02,train
2025-04-03 13:00:00,BF.CW.PMP02,cooling_descaling_pump,0.9886,-0.6464,53.2622,0.7346,0,BF.CW.PMP02::E02,train
2025-04-03 14:00:00,BF.CW.PMP02,cooling_descaling_pump,0.958,-0.3549,52.2046,0.6981,0,BF.CW.PMP02::E02,train
2025-04-03 15:00:00,BF.CW.PMP02,cooling_descaling_pump,0.8633,-0.4612,51.6212,0.7516,0,BF.CW.PMP02::E02,train
2025-04-03 16:00:00,BF.CW.PMP02,cooling_descaling_pump,1.1081,-0.6072,51.956,0.7348,0,BF.CW.PMP02::E02,train
2025-04-03 17:00:00,BF.CW.PMP02,cooling_descaling_pump,1.2725,-0.9516,52.2693,0.7161,0,BF.CW.PMP02::E02,train
2025-04-03 18:00:00,BF.CW.PMP02,cooling_descaling_pump,1.2592,-0.9539,52.6234,0.8215,0,BF.CW.PMP02::E02,train
2025-04-03 19:00:00,BF.CW.PMP02,cooling_descaling_pump,1.3931,-0.9198,53.0273,0.8979,0,BF.CW.PMP02::E02,train
2025-04-03 20:00:00,BF.CW.PMP02,cooling_descaling_pump,1.4373,-0.487,52.7079,0.9377,0,BF.CW.PMP02::E02,train
2025-04-03 21:00:00,BF.CW.PMP02,cooling_descaling_pump,1.3943,-0.1069,51.6323,0.9399,0,BF.CW.PMP02::E02,train
2025-04-03 22:00:00,BF.CW.PMP02,cooling_descaling_pump,1.5287,0.2055,51.7396,0.9026,0,BF.CW.PMP02::E02,train
2025-04-03 23:00:00,BF.CW.PMP02,cooling_descaling_pump,1.5997,-0.2071,53.3624,0.9139,0,BF.CW.PMP02::E02,train
2025-04-04 00:00:00,BF.CW.PMP02,cooling_descaling_pump,1.6788,0.1435,55.3794,1.0248,0,BF.CW.PMP02::E02,train
2025-04-04 01:00:00,BF.CW.PMP02,cooling_descaling_pump,1.5781,-0.1587,54.4459,0.9098,0,BF.CW.PMP02::E02,train
2025-04-04 02:00:00,BF.CW.PMP02,cooling_descaling_pump,1.6351,0.0915,56.1806,0.945,0,BF.CW.PMP02::E02,train
2025-04-04 03:00:00,BF.CW.PMP02,cooling_descaling_pump,1.654,0.4206,56.6109,1.0348,0,BF.CW.PMP02::E02,train
2025-04-04 04:00:00,BF.CW.PMP02,cooling_descaling_pump,1.6885,0.2384,57.5318,0.9705,0,BF.CW.PMP02::E02,train
2025-04-04 05:00:00,BF.CW.PMP02,cooling_descaling_pump,1.4814,-0.6593,58.073,0.988,0,BF.CW.PMP02::E02,train
2025-04-04 06:00:00,BF.CW.PMP02,cooling_descaling_pump,1.5549,-1.0169,57.3412,0.9192,0,BF.CW.PMP02::E02,train
2025-04-04 07:00:00,BF.CW.PMP02,cooling_descaling_pump,1.2979,-0.5249,55.5995,0.8753,0,BF.CW.PMP02::E02,train
2025-04-04 08:00:00,BF.CW.PMP02,cooling_descaling_pump,1.2933,-1.2153,54.7362,0.7837,0,BF.CW.PMP02::E02,train
2025-04-04 09:00:00,BF.CW.PMP02,cooling_descaling_pump,1.1645,-1.5287,53.3479,0.7751,0,BF.CW.PMP02::E02,train
2025-04-04 10:00:00,BF.CW.PMP02,cooling_descaling_pump,1.3209,-1.22,52.049,0.6683,0,BF.CW.PMP02::E02,train
2025-04-04 11:00:00,BF.CW.PMP02,cooling_descaling_pump,1.478,-1.648,53.0531,0.7407,0,BF.CW.PMP02::E02,train
2025-04-04 12:00:00,BF.CW.PMP02,cooling_descaling_pump,1.4497,-1.2059,51.0536,0.7136,0,BF.CW.PMP02::E02,train
2025-04-04 13:00:00,BF.CW.PMP02,cooling_descaling_pump,1.5545,-0.5885,51.9146,0.8057,0,BF.CW.PMP02::E02,train
2025-04-04 14:00:00,BF.CW.PMP02,cooling_descaling_pump,1.5697,-0.6591,51.5081,0.8609,0,BF.CW.PMP02::E02,train
2025-04-04 15:00:00,BF.CW.PMP02,cooling_descaling_pump,1.7941,-0.5091,52.4071,0.829,0,BF.CW.PMP02::E02,train
2025-04-04 16:00:00,BF.CW.PMP02,cooling_descaling_pump,1.9631,-0.8855,52.4318,0.8083,0,BF.CW.PMP02::E02,train
2025-04-04 17:00:00,BF.CW.PMP02,cooling_descaling_pump,2.0563,-0.8631,53.4378,0.897,0,BF.CW.PMP02::E02,train
2025-04-04 18:00:00,BF.CW.PMP02,cooling_descaling_pump,2.1068,-0.8135,52.949,0.9301,0,BF.CW.PMP02::E02,train
2025-04-04 19:00:00,BF.CW.PMP02,cooling_descaling_pump,2.0627,-0.4804,53.2164,0.935,0,BF.CW.PMP02::E02,train
2025-04-04 20:00:00,BF.CW.PMP02,cooling_descaling_pump,1.9313,0.1435,53.0319,0.9899,0,BF.CW.PMP02::E02,train
2025-04-04 21:00:00,BF.CW.PMP02,cooling_descaling_pump,2.0473,0.6533,52.9765,0.98,0,BF.CW.PMP02::E02,train
2025-04-04 22:00:00,BF.CW.PMP02,cooling_descaling_pump,2.0692,0.1193,54.378,1.0316,0,BF.CW.PMP02::E02,train
2025-04-04 23:00:00,BF.CW.PMP02,cooling_descaling_pump,2.0212,0.5057,55.4041,1.0237,0,BF.CW.PMP02::E02,train
2025-04-05 00:00:00,BF.CW.PMP02,cooling_descaling_pump,1.9833,1.002,55.6967,1.0715,0,BF.CW.PMP02::E02,train
2025-04-05 01:00:00,BF.CW.PMP02,cooling_descaling_pump,2.1147,0.6496,56.3321,1.0099,0,BF.CW.PMP02::E02,train
2025-04-05 02:00:00,BF.CW.PMP02,cooling_descaling_pump,2.2291,1.1411,58.4479,1.0325,0,BF.CW.PMP02::E02,train
2025-04-05 03:00:00,BF.CW.PMP02,cooling_descaling_pump,2.0078,0.9074,57.8909,1.0018,0,BF.CW.PMP02::E02,train
2025-04-05 04:00:00,BF.CW.PMP02,cooling_descaling_pump,2.0016,0.3999,57.7254,1.0497,0,BF.CW.PMP02::E02,train
2025-04-05 05:00:00,BF.CW.PMP02,cooling_descaling_pump,2.0295,-0.365,56.9306,0.951,0,BF.CW.PMP02::E02,train
2025-04-05 06:00:00,BF.CW.PMP02,cooling_descaling_pump,2.0612,0.1021,57.2096,0.9727,0,BF.CW.PMP02::E02,train
2025-04-05 07:00:00,BF.CW.PMP02,cooling_descaling_pump,2.1151,-0.0622,57.3846,1.0104,0,BF.CW.PMP02::E02,train
2025-04-05 08:00:00,BF.CW.PMP02,cooling_descaling_pump,2.137,0.2562,57.8513,1.1096,0,BF.CW.PMP02::E02,train
2025-04-05 09:00:00,BF.CW.PMP02,cooling_descaling_pump,2.205,0.6598,55.182,0.9896,0,BF.CW.PMP02::E02,train
2025-04-05 10:00:00,BF.CW.PMP02,cooling_descaling_pump,2.2263,0.9882,55.4388,0.9779,1,BF.CW.PMP02::E02,train
2025-04-05 11:00:00,BF.CW.PMP02,cooling_descaling_pump,2.2531,0.65,55.1377,0.9596,0,BF.CW.PMP02::E02,train
2025-04-05 12:00:00,BF.CW.PMP02,cooling_descaling_pump,2.2596,1.4545,54.9949,0.9659,0,BF.CW.PMP02::E02,train
2025-04-05 13:00:00,BF.CW.PMP02,cooling_descaling_pump,2.4116,1.6609,54.1401,0.9071,0,BF.CW.PMP02::E02,train
2025-04-05 14:00:00,BF.CW.PMP02,cooling_descaling_pump,2.4359,2.3143,52.3666,0.8311,0,BF.CW.PMP02::E02,train
2025-04-05 15:00:00,BF.CW.PMP02,cooling_descaling_pump,2.4116,2.4565,52.475,0.8928,0,BF.CW.PMP02::E02,train
2025-04-05 16:00:00,BF.CW.PMP02,cooling_descaling_pump,2.3576,1.8476,51.5677,0.9302,0,BF.CW.PMP02::E02,train
2025-04-05 17:00:00,BF.CW.PMP02,cooling_descaling_pump,2.4877,2.2875,52.3765,0.967,1,BF.CW.PMP02::E02,train
2025-04-05 18:00:00,BF.CW.PMP02,cooling_descaling_pump,2.4712,2.2194,52.2592,0.9627,0,BF.CW.PMP02::E02,train
2025-04-05 19:00:00,BF.CW.PMP02,cooling_descaling_pump,2.423,1.9947,53.7683,1.0904,0,BF.CW.PMP02::E02,train
2025-04-05 20:00:00,BF.CW.PMP02,cooling_descaling_pump,2.5985,1.7198,53.874,1.0703,0,BF.CW.PMP02::E02,train
2025-04-05 21:00:00,BF.CW.PMP02,cooling_descaling_pump,3.1646,1.814,55.0294,1.1195,0,BF.CW.PMP02::E02,train
2025-04-05 22:00:00,BF.CW.PMP02,cooling_descaling_pump,3.6998,2.2054,55.3343,1.0551,1,BF.CW.PMP02::E02,train
2025-04-05 23:00:00,BF.CW.PMP02,cooling_descaling_pump,4.2451,1.8121,57.216,1.0575,1,BF.CW.PMP02::E02,train
2025-04-06 00:00:00,BF.CW.PMP02,cooling_descaling_pump,4.2392,1.9666,58.2853,1.1308,0,BF.CW.PMP02::E02,train
2025-04-06 01:00:00,BF.CW.PMP02,cooling_descaling_pump,4.0084,1.5543,59.1802,1.0879,0,BF.CW.PMP02::E02,train
2025-04-06 02:00:00,BF.CW.PMP02,cooling_descaling_pump,3.3845,1.5982,59.696,1.1323,0,BF.CW.PMP02::E02,train
2025-04-06 03:00:00,BF.CW.PMP02,cooling_descaling_pump,2.9247,1.1488,61.1368,1.2369,1,BF.CW.PMP02::E02,train
2025-04-06 04:00:00,BF.CW.PMP02,cooling_descaling_pump,2.8697,1.3254,60.1362,1.143,1,BF.CW.PMP02::E02,train
2025-04-06 05:00:00,BF.CW.PMP02,cooling_descaling_pump,2.6415,1.6369,58.5832,1.1886,1,BF.CW.PMP02::E02,train
2025-04-06 06:00:00,BF.CW.PMP02,cooling_descaling_pump,2.5355,1.3062,59.2132,1.2895,0,BF.CW.PMP02::E02,train
2025-04-06 07:00:00,BF.CW.PMP02,cooling_descaling_pump,2.6637,1.3322,60.1734,1.2875,1,BF.CW.PMP02::E02,train
2025-04-06 08:00:00,BF.CW.PMP02,cooling_descaling_pump,2.6692,1.3371,58.8209,1.2329,1,BF.CW.PMP02::E02,train
2025-04-06 09:00:00,BF.CW.PMP02,cooling_descaling_pump,2.7957,1.4661,60.4836,1.3205,0,BF.CW.PMP02::E02,train
2025-04-06 10:00:00,BF.CW.PMP02,cooling_descaling_pump,2.8009,1.2987,59.351,1.2368,1,BF.CW.PMP02::E02,train
2025-04-06 11:00:00,BF.CW.PMP02,cooling_descaling_pump,2.8419,1.6208,58.3548,1.1448,1,BF.CW.PMP02::E02,train
2025-04-06 12:00:00,BF.CW.PMP02,cooling_descaling_pump,2.9462,1.2819,56.7617,1.1071,1,BF.CW.PMP02::E02,train
2025-04-06 13:00:00,BF.CW.PMP02,cooling_descaling_pump,2.8649,1.1412,55.4327,1.0922,1,BF.CW.PMP02::E02,train
2025-04-06 14:00:00,BF.CW.PMP02,cooling_descaling_pump,2.884,1.4761,53.5843,1.0257,0,BF.CW.PMP02::E02,train
2025-04-06 15:00:00,BF.CW.PMP02,cooling_descaling_pump,2.9152,1.03,52.8554,1.0204,1,BF.CW.PMP02::E02,train
2025-04-06 16:00:00,BF.CW.PMP02,cooling_descaling_pump,2.8892,1.3239,52.0459,1.0279,1,BF.CW.PMP02::E02,train
2025-04-06 17:00:00,BF.CW.PMP02,cooling_descaling_pump,2.991,0.6736,50.4179,0.9767,1,BF.CW.PMP02::E02,train
2025-04-06 18:00:00,BF.CW.PMP02,cooling_descaling_pump,2.9638,0.8735,48.692,0.923,1,BF.CW.PMP02::E02,train
2025-04-06 19:00:00,BF.CW.PMP02,cooling_descaling_pump,3.0461,0.4866,48.4603,0.8166,1,BF.CW.PMP02::E02,train
2025-04-06 20:00:00,BF.CW.PMP02,cooling_descaling_pump,3.1137,0.7734,49.275,0.8125,1,BF.CW.PMP02::E02,train
2025-04-06 21:00:00,BF.CW.PMP02,cooling_descaling_pump,3.165,0.7561,49.3829,0.8382,1,BF.CW.PMP02::E02,train
2025-04-06 22:00:00,BF.CW.PMP02,cooling_descaling_pump,3.3169,0.841,49.7828,0.8164,1,BF.CW.PMP02::E02,train
2025-04-06 23:00:00,BF.CW.PMP02,cooling_descaling_pump,3.3052,0.1089,49.8537,0.8557,2,BF.CW.PMP02::E02,train
2025-04-07 00:00:00,BF.CW.PMP02,cooling_descaling_pump,3.4675,0.2686,50.8346,0.8634,1,BF.CW.PMP02::E02,train
2025-04-07 01:00:00,BF.CW.PMP02,cooling_descaling_pump,3.4994,-0.0313,50.5467,0.8817,1,BF.CW.PMP02::E02,train
2025-04-07 02:00:00,BF.CW.PMP02,cooling_descaling_pump,3.5751,0.0944,51.6659,0.8128,1,BF.CW.PMP02::E02,train
2025-04-07 03:00:00,BF.CW.PMP02,cooling_descaling_pump,3.6462,0.5259,51.9789,0.8589,1,BF.CW.PMP02::E02,train
2025-04-07 04:00:00,BF.CW.PMP02,cooling_descaling_pump,3.6478,0.1942,51.8624,0.8858,1,BF.CW.PMP02::E02,train
2025-04-07 05:00:00,BF.CW.PMP02,cooling_descaling_pump,3.8737,-0.0662,52.2439,0.8626,2,BF.CW.PMP02::E02,train
2025-04-07 06:00:00,BF.CW.PMP02,cooling_descaling_pump,3.8737,-0.2021,51.8849,0.9405,1,BF.CW.PMP02::E02,train
2025-04-07 07:00:00,BF.CW.PMP02,cooling_descaling_pump,3.8716,-0.3811,50.9692,0.9295,1,BF.CW.PMP02::E02,train
2025-04-07 08:00:00,BF.CW.PMP02,cooling_descaling_pump,4.0566,-0.3339,50.7448,0.9531,1,BF.CW.PMP02::E02,train
2025-04-07 09:00:00,BF.CW.PMP02,cooling_descaling_pump,4.1494,-0.3761,50.7051,0.9309,2,BF.CW.PMP02::E02,train
2025-04-07 10:00:00,BF.CW.PMP02,cooling_descaling_pump,4.4497,-0.467,52.577,1.064,2,BF.CW.PMP02::E02,train
2025-04-07 11:00:00,BF.CW.PMP02,cooling_descaling_pump,4.327,0.5709,50.0147,0.9347,2,BF.CW.PMP02::E02,train
2025-04-07 12:00:00,BF.CW.PMP02,cooling_descaling_pump,4.411,0.3688,51.6202,1.0425,2,BF.CW.PMP02::E02,train
2025-04-07 13:00:00,BF.CW.PMP02,cooling_descaling_pump,4.4879,0.0089,49.9607,0.9485,2,BF.CW.PMP02::E02,train
2025-04-07 14:00:00,BF.CW.PMP02,cooling_descaling_pump,4.5497,-0.8624,48.9317,0.8693,2,BF.CW.PMP02::E02,train
2025-04-07 15:00:00,BF.CW.PMP02,cooling_descaling_pump,4.6044,-1.0261,48.0527,0.9011,2,BF.CW.PMP02::E02,train
2025-04-07 16:00:00,BF.CW.PMP02,cooling_descaling_pump,4.6241,-0.8698,47.1759,0.9258,2,BF.CW.PMP02::E02,train
2025-04-07 17:00:00,BF.CW.PMP02,cooling_descaling_pump,4.7714,-1.343,48.1321,0.9867,1,BF.CW.PMP02::E02,train
2025-04-07 18:00:00,BF.CW.PMP02,cooling_descaling_pump,5.0117,-1.0328,48.1015,0.9134,2,BF.CW.PMP02::E02,train
2025-04-07 19:00:00,BF.CW.PMP02,cooling_descaling_pump,5.1941,-1.5282,49.6788,1.0449,2,BF.CW.PMP02::E02,train
2025-04-07 20:00:00,BF.CW.PMP02,cooling_descaling_pump,5.1767,-1.4675,48.0513,0.9708,2,BF.CW.PMP02::E02,train
2025-04-07 21:00:00,BF.CW.PMP02,cooling_descaling_pump,5.3606,-1.4603,49.4204,0.9887,1,BF.CW.PMP02::E02,train
2025-04-07 22:00:00,BF.CW.PMP02,cooling_descaling_pump,5.5585,-0.6381,50.5237,1.0116,2,BF.CW.PMP02::E02,train
2025-04-07 23:00:00,BF.CW.PMP02,cooling_descaling_pump,5.7845,-0.599,50.8275,0.9733,2,BF.CW.PMP02::E02,train
2025-04-08 00:00:00,BF.CW.PMP02,cooling_descaling_pump,1.3374,-0.596,50.6148,0.996,0,,train
2025-04-08 01:00:00,BF.CW.PMP02,cooling_descaling_pump,1.3319,-1.4527,51.5304,1.0278,0,,train
2025-04-08 02:00:00,BF.CW.PMP02,cooling_descaling_pump,1.27,-1.2401,51.6965,1.0153,0,,train
2025-04-08 03:00:00,BF.CW.PMP02,cooling_descaling_pump,1.4018,-1.7772,53.2059,1.001,0,,train
2025-04-08 04:00:00,BF.CW.PMP02,cooling_descaling_pump,1.3546,-1.856,53.0981,0.9907,0,,train
2025-04-08 05:00:00,BF.CW.PMP02,cooling_descaling_pump,1.301,-1.3717,52.934,0.9887,0,,train
2025-04-08 06:00:00,BF.CW.PMP02,cooling_descaling_pump,1.434,-1.2835,54.1129,1.0585,0,,train
2025-04-08 07:00:00,BF.CW.PMP02,cooling_descaling_pump,1.3704,-1.2109,52.9451,1.0784,0,,train
2025-04-08 08:00:00,BF.CW.PMP02,cooling_descaling_pump,1.149,-0.4718,52.1805,1.1274,0,,train
2025-04-08 09:00:00,BF.CW.PMP02,cooling_descaling_pump,1.0465,-0.2752,50.7969,1.0576,0,,train
2025-04-08 10:00:00,BF.CW.PMP02,cooling_descaling_pump,0.9535,-0.2828,50.0529,1.0844,0,,train
2025-04-08 11:00:00,BF.CW.PMP02,cooling_descaling_pump,0.8251,-0.4932,48.1597,1.0695,0,,train
2025-04-08 12:00:00,BF.CW.PMP02,cooling_descaling_pump,0.9304,-0.2378,48.6914,1.0705,0,,train
2025-04-08 13:00:00,BF.CW.PMP02,cooling_descaling_pump,0.8659,-0.2884,46.8003,1.0222,0,,train
2025-04-08 14:00:00,BF.CW.PMP02,cooling_descaling_pump,0.9468,-0.1511,46.165,0.935,0,,train
2025-04-08 15:00:00,BF.CW.PMP02,cooling_descaling_pump,0.9641,0.3353,47.6187,1.0965,0,,train
2025-04-08 16:00:00,BF.CW.PMP02,cooling_descaling_pump,0.9142,0.1815,46.4688,1.0437,0,,train
2025-04-08 17:00:00,BF.CW.PMP02,cooling_descaling_pump,1.0675,0.8596,47.8142,1.0389,0,,train
2025-04-08 18:00:00,BF.CW.PMP02,cooling_descaling_pump,1.1289,0.4783,46.8734,0.9156,0,,train
2025-04-08 19:00:00,BF.CW.PMP02,cooling_descaling_pump,1.1552,0.4963,47.3745,0.946,0,,train
2025-04-08 20:00:00,BF.CW.PMP02,cooling_descaling_pump,1.1703,0.6455,48.0392,0.949,0,,train
2025-04-08 21:00:00,BF.CW.PMP02,cooling_descaling_pump,1.2995,-0.0959,48.8821,0.9577,0,,train
2025-04-08 22:00:00,BF.CW.PMP02,cooling_descaling_pump,1.1687,0.6269,49.1084,1.0365,0,,train
2025-04-08 23:00:00,BF.CW.PMP02,cooling_descaling_pump,1.2814,1.1388,49.6195,1.0559,0,,train
2025-04-09 00:00:00,BF.CW.PMP02,cooling_descaling_pump,1.344,1.2662,51.3742,1.1645,0,,train
2025-04-09 01:00:00,BF.CW.PMP02,cooling_descaling_pump,1.3664,1.6542,51.6604,1.0892,0,,train
2025-04-09 02:00:00,BF.CW.PMP02,cooling_descaling_pump,1.3754,1.4024,50.8868,0.9834,0,,train
2025-04-09 03:00:00,BF.CW.PMP02,cooling_descaling_pump,1.4168,1.0025,52.7846,1.056,0,,train
2025-04-09 04:00:00,BF.CW.PMP02,cooling_descaling_pump,1.4285,0.9019,53.691,1.0565,0,,train
2025-04-09 05:00:00,BF.CW.PMP02,cooling_descaling_pump,1.3084,0.3345,52.8632,1.0028,0,,train
2025-04-09 06:00:00,BF.CW.PMP02,cooling_descaling_pump,1.2561,0.0263,52.4705,0.9621,0,,train
2025-04-09 07:00:00,BF.CW.PMP02,cooling_descaling_pump,1.2513,0.257,51.2514,1.0088,0,,train
2025-04-09 08:00:00,BF.CW.PMP02,cooling_descaling_pump,1.2701,1.0164,51.604,1.0658,0,,train
2025-04-09 09:00:00,BF.CW.PMP02,cooling_descaling_pump,1.1027,1.4831,49.8717,0.9448,0,,train
2025-04-09 10:00:00,BF.CW.PMP02,cooling_descaling_pump,1.0933,1.1789,48.5334,0.9081,0,,train
2025-04-09 11:00:00,BF.CW.PMP02,cooling_descaling_pump,1.1523,0.962,48.7114,0.8996,0,,train
2025-04-09 12:00:00,BF.CW.PMP02,cooling_descaling_pump,1.1084,1.18,47.679,0.8598,0,,train
2025-04-09 13:00:00,BF.CW.PMP02,cooling_descaling_pump,1.0039,1.2261,48.0674,1.0006,0,,train
2025-04-09 14:00:00,BF.CW.PMP02,cooling_descaling_pump,1.1467,1.2552,50.3807,1.0519,0,,train
2025-04-09 15:00:00,BF.CW.PMP02,cooling_descaling_pump,1.047,1.1234,49.8268,1.0311,0,,train
2025-04-09 16:00:00,BF.CW.PMP02,cooling_descaling_pump,1.091,1.4319,49.0899,0.9335,0,,train
2025-04-09 17:00:00,BF.CW.PMP02,cooling_descaling_pump,1.2617,1.5764,49.3785,0.959,0,,train
2025-04-09 18:00:00,BF.CW.PMP02,cooling_descaling_pump,1.2878,1.8294,48.0244,0.9038,0,,train
2025-04-09 19:00:00,BF.CW.PMP02,cooling_descaling_pump,1.1837,1.1279,46.2546,0.8523,0,,train
2025-04-09 20:00:00,BF.CW.PMP02,cooling_descaling_pump,1.2435,1.556,45.3845,0.8718,0,,train
2025-04-09 21:00:00,BF.CW.PMP02,cooling_descaling_pump,1.2944,1.1489,47.0489,0.8686,0,,train
2025-04-09 22:00:00,BF.CW.PMP02,cooling_descaling_pump,1.2772,1.0005,48.134,0.9045,0,,train
2025-04-09 23:00:00,BF.CW.PMP02,cooling_descaling_pump,1.212,1.2166,48.4257,0.8967,0,,train
2025-04-10 00:00:00,BF.CW.PMP02,cooling_descaling_pump,1.3166,1.1919,49.919,1.0279,0,,train
2025-04-10 01:00:00,BF.CW.PMP02,cooling_descaling_pump,1.3109,1.7255,51.4094,1.0759,0,,train
2025-04-10 02:00:00,BF.CW.PMP02,cooling_descaling_pump,1.3306,1.8024,50.9907,0.9981,0,,train
2025-04-10 03:00:00,BF.CW.PMP02,cooling_descaling_pump,1.3022,0.9866,51.4624,1.0006,0,,train
2025-04-10 04:00:00,BF.CW.PMP02,cooling_descaling_pump,1.2984,0.3852,52.6816,1.0528,0,,train
2025-04-10 05:00:00,BF.CW.PMP02,cooling_descaling_pump,1.2207,0.578,51.2928,0.9468,0,,train
2025-04-10 06:00:00,BF.CW.PMP02,cooling_descaling_pump,1.1484,0.0356,51.5002,0.9792,0,,train
2025-04-10 07:00:00,BF.CW.PMP02,cooling_descaling_pump,1.1822,-0.8084,52.8116,1.0798,0,,train
2025-04-10 08:00:00,BF.CW.PMP02,cooling_descaling_pump,1.2665,-0.7218,51.9898,1.0271,0,,train
2025-04-10 09:00:00,BF.CW.PMP02,cooling_descaling_pump,1.2257,-0.5859,52.5902,1.14,0,,train
2025-04-10 10:00:00,BF.CW.PMP02,cooling_descaling_pump,1.3502,-0.6164,53.9609,1.1921,0,,train
2025-04-10 11:00:00,BF.CW.PMP02,cooling_descaling_pump,1.2805,-0.7727,53.1608,1.1564,0,,train
2025-04-10 12:00:00,BF.CW.PMP02,cooling_descaling_pump,1.3883,-1.2286,52.0837,1.1135,0,,train
2025-04-10 13:00:00,BF.CW.PMP02,cooling_descaling_pump,1.3911,-1.4902,52.8475,1.1897,0,,train
2025-04-10 14:00:00,BF.CW.PMP02,cooling_descaling_pump,1.5418,-0.9768,53.928,1.2138,0,,train
2025-04-10 15:00:00,BF.CW.PMP02,cooling_descaling_pump,1.501,-0.9405,53.3326,1.2998,0,,train
2025-04-10 16:00:00,BF.CW.PMP02,cooling_descaling_pump,1.5329,-0.6805,54.1417,1.2951,0,,train
2025-04-10 17:00:00,BF.CW.PMP02,cooling_descaling_pump,1.4736,-0.6273,54.1981,1.2402,0,,train
2025-04-10 18:00:00,BF.CW.PMP02,cooling_descaling_pump,1.4305,-0.835,54.7888,1.3172,0,,train
2025-04-10 19:00:00,BF.CW.PMP02,cooling_descaling_pump,1.4251,-1.233,54.8626,1.2577,0,,train
2025-04-10 20:00:00,BF.CW.PMP02,cooling_descaling_pump,1.5457,-0.9656,54.6176,1.2028,0,,train
2025-04-10 21:00:00,BF.CW.PMP02,cooling_descaling_pump,1.4041,-0.2137,52.8039,1.1721,0,,train
2025-04-10 22:00:00,BF.CW.PMP02,cooling_descaling_pump,1.2854,0.0374,54.4212,1.3015,0,,train
2025-04-10 23:00:00,BF.CW.PMP02,cooling_descaling_pump,1.2992,0.1634,55.3701,1.38,0,,train
2025-04-11 00:00:00,BF.CW.PMP02,cooling_descaling_pump,1.5451,0.3269,57.0225,1.3899,0,,train
2025-04-11 01:00:00,BF.CW.PMP02,cooling_descaling_pump,1.496,0.2614,58.5438,1.4184,0,,train
2025-04-11 02:00:00,BF.CW.PMP02,cooling_descaling_pump,1.5424,0.4726,59.0526,1.4334,0,,train
2025-04-11 03:00:00,BF.CW.PMP02,cooling_descaling_pump,1.4593,1.1329,59.4686,1.5001,0,,train
2025-04-11 04:00:00,BF.CW.PMP02,cooling_descaling_pump,1.4724,0.1076,60.1851,1.4372,0,,train
2025-04-11 05:00:00,BF.CW.PMP02,cooling_descaling_pump,1.3646,-0.2687,61.3016,1.4929,0,,train
2025-04-11 06:00:00,BF.CW.PMP02,cooling_descaling_pump,1.2559,-0.5761,59.6962,1.3475,0,,train
2025-04-11 07:00:00,BF.CW.PMP02,cooling_descaling_pump,1.2415,0.672,60.4181,1.2887,0,,train
2025-04-11 08:00:00,BF.CW.PMP02,cooling_descaling_pump,1.5473,-0.0817,61.3559,1.2316,0,,train
2025-04-11 09:00:00,BF.CW.PMP02,cooling_descaling_pump,1.457,0.0049,60.9706,1.2263,0,,train
2025-04-11 10:00:00,BF.CW.PMP02,cooling_descaling_pump,1.4528,0.1012,59.0587,1.1499,0,,train
2025-04-11 11:00:00,BF.CW.PMP02,cooling_descaling_pump,1.3843,0.9115,56.9285,1.0554,0,,train
2025-04-11 12:00:00,BF.CW.PMP02,cooling_descaling_pump,1.1655,1.2418,54.3595,0.9688,0,,train
2025-04-11 13:00:00,BF.CW.PMP02,cooling_descaling_pump,1.2976,1.129,54.1059,0.9407,0,,train
2025-04-11 14:00:00,BF.CW.PMP02,cooling_descaling_pump,1.2504,1.2338,53.2143,0.9152,0,,train
2025-04-11 15:00:00,BF.CW.PMP02,cooling_descaling_pump,1.3729,1.0953,55.0698,1.0005,0,,train
2025-04-11 16:00:00,BF.CW.PMP02,cooling_descaling_pump,1.3791,0.9991,55.7483,1.0504,0,,train
2025-04-11 17:00:00,BF.CW.PMP02,cooling_descaling_pump,1.447,0.3618,55.9663,1.0801,0,,train
2025-04-11 18:00:00,BF.CW.PMP02,cooling_descaling_pump,1.3852,0.5822,55.4014,1.0304,0,,train
2025-04-11 19:00:00,BF.CW.PMP02,cooling_descaling_pump,1.3831,0.5961,55.5309,1.0683,0,,train
2025-04-11 20:00:00,BF.CW.PMP02,cooling_descaling_pump,1.2599,0.1687,54.1113,1.0608,0,,train
2025-04-11 21:00:00,BF.CW.PMP02,cooling_descaling_pump,1.1231,0.1791,52.9154,0.984,0,,train
2025-04-11 22:00:00,BF.CW.PMP02,cooling_descaling_pump,1.0569,0.44,51.8777,0.9644,0,,train
2025-04-11 23:00:00,BF.CW.PMP02,cooling_descaling_pump,0.9799,1.1551,51.1945,0.9667,0,,train
2025-04-12 00:00:00,BF.CW.PMP02,cooling_descaling_pump,1.0037,0.9526,52.3532,0.975,0,,train
2025-04-12 01:00:00,BF.CW.PMP02,cooling_descaling_pump,1.0288,0.8635,52.124,0.9436,0,,train
2025-04-12 02:00:00,BF.CW.PMP02,cooling_descaling_pump,1.1121,0.8418,51.8896,0.8136,0,,train
2025-04-12 03:00:00,BF.CW.PMP02,cooling_descaling_pump,1.2033,0.5012,51.7545,0.7711,0,,train
2025-04-12 04:00:00,BF.CW.PMP02,cooling_descaling_pump,1.298,0.4259,52.0873,0.743,0,,train
2025-04-12 05:00:00,BF.CW.PMP02,cooling_descaling_pump,1.3529,-0.3657,53.5643,0.7443,0,,train
2025-04-12 06:00:00,BF.CW.PMP02,cooling_descaling_pump,1.27,-0.8711,52.3606,0.7486,0,,train
2025-04-12 07:00:00,BF.CW.PMP02,cooling_descaling_pump,1.326,-0.422,53.606,0.7023,0,,train
2025-04-12 08:00:00,BF.CW.PMP02,cooling_descaling_pump,1.1893,-0.1518,52.9955,0.7428,0,,train
2025-04-12 09:00:00,BF.CW.PMP02,cooling_descaling_pump,1.2415,-0.6777,53.7624,0.7714,0,,train
2025-04-12 10:00:00,BF.CW.PMP02,cooling_descaling_pump,1.2302,-0.3939,54.984,0.8193,0,,train
2025-04-12 11:00:00,BF.CW.PMP02,cooling_descaling_pump,1.0479,-0.2497,52.7558,0.7859,0,,train
2025-04-12 12:00:00,BF.CW.PMP02,cooling_descaling_pump,0.953,-0.2522,51.3815,0.7102,0,,train
2025-04-12 13:00:00,BF.CW.PMP02,cooling_descaling_pump,0.8925,-0.3259,51.3306,0.7723,0,,train
2025-04-12 14:00:00,BF.CW.PMP02,cooling_descaling_pump,1.1149,-1.0223,52.3348,0.7728,0,,train
2025-04-12 15:00:00,BF.CW.PMP02,cooling_descaling_pump,0.9962,-0.2861,51.0465,0.7716,0,,train
2025-04-12 16:00:00,BF.CW.PMP02,cooling_descaling_pump,1.0087,-0.4847,50.5774,0.7841,0,,train
2025-04-12 17:00:00,BF.CW.PMP02,cooling_descaling_pump,0.8789,-0.1412,50.269,0.9042,0,,train
2025-04-12 18:00:00,BF.CW.PMP02,cooling_descaling_pump,0.9592,-0.3115,51.0513,0.941,0,,train
2025-04-12 19:00:00,BF.CW.PMP02,cooling_descaling_pump,0.8614,0.0378,50.979,0.9041,0,,train
2025-04-12 20:00:00,BF.CW.PMP02,cooling_descaling_pump,1.0626,-0.092,51.4493,0.84,0,,train
2025-04-12 21:00:00,BF.CW.PMP02,cooling_descaling_pump,1.2089,-0.0665,53.4378,0.8945,0,,train
2025-04-12 22:00:00,BF.CW.PMP02,cooling_descaling_pump,1.081,-0.3202,54.1629,1.0097,0,,train
2025-04-12 23:00:00,BF.CW.PMP02,cooling_descaling_pump,1.1441,-0.3099,55.1561,1.0236,0,,train
2025-04-13 00:00:00,BF.CW.PMP02,cooling_descaling_pump,1.1963,-0.4011,55.8488,1.046,0,,train
2025-04-13 01:00:00,BF.CW.PMP02,cooling_descaling_pump,1.1082,-0.6424,55.2659,1.0472,0,,train
2025-04-13 02:00:00,BF.CW.PMP02,cooling_descaling_pump,1.0541,-0.7983,53.9698,0.8918,0,,train
2025-04-13 03:00:00,BF.CW.PMP02,cooling_descaling_pump,1.0027,-1.4043,53.7034,0.9398,0,,train
2025-04-13 04:00:00,BF.CW.PMP02,cooling_descaling_pump,0.9064,-0.9088,52.2694,0.886,0,,train
2025-04-13 05:00:00,BF.CW.PMP02,cooling_descaling_pump,0.7673,-1.6107,52.2172,0.9217,0,,train
2025-04-13 06:00:00,BF.CW.PMP02,cooling_descaling_pump,0.8229,-1.398,52.3742,0.8456,0,,train
2025-04-13 07:00:00,BF.CW.PMP02,cooling_descaling_pump,0.8962,-1.8554,52.961,0.907,0,,train
2025-04-13 08:00:00,BF.CW.PMP02,cooling_descaling_pump,0.9254,-1.5467,53.617,1.0637,0,,train
2025-04-13 09:00:00,BF.CW.PMP02,cooling_descaling_pump,1.2069,-1.0716,53.8076,0.9468,0,,train
2025-04-13 10:00:00,BF.CW.PMP02,cooling_descaling_pump,1.2393,-1.3952,53.4137,0.9537,0,,train
2025-04-13 11:00:00,BF.CW.PMP02,cooling_descaling_pump,1.3298,-0.8485,52.5557,0.8848,0,,train
2025-04-13 12:00:00,BF.CW.PMP02,cooling_descaling_pump,1.2015,-1.2471,51.6542,0.9008,0,,train
2025-04-13 13:00:00,BF.CW.PMP02,cooling_descaling_pump,1.0988,-1.5645,49.8673,0.8219,0,,train
2025-04-13 14:00:00,BF.CW.PMP02,cooling_descaling_pump,0.915,-1.4989,47.5496,0.7285,0,,train
2025-04-13 15:00:00,BF.CW.PMP02,cooling_descaling_pump,1.0412,-1.7806,48.0564,0.7313,0,,train
2025-04-13 16:00:00,BF.CW.PMP02,cooling_descaling_pump,1.1624,-1.9747,48.6187,0.8083,0,,train
2025-04-13 17:00:00,BF.CW.PMP02,cooling_descaling_pump,1.2326,-2.4063,49.2334,0.7991,0,,train
2025-04-13 18:00:00,BF.CW.PMP02,cooling_descaling_pump,1.071,-1.6176,49.8754,0.8577,0,,train
2025-04-13 19:00:00,BF.CW.PMP02,cooling_descaling_pump,1.1155,-2.2953,50.324,0.9267,0,,train
2025-04-13 20:00:00,BF.CW.PMP02,cooling_descaling_pump,1.227,-2.1282,51.8919,1.0043,0,,train
2025-04-13 21:00:00,BF.CW.PMP02,cooling_descaling_pump,1.1235,-2.1532,51.3292,1.0037,0,,train
2025-04-13 22:00:00,BF.CW.PMP02,cooling_descaling_pump,1.1181,-1.6751,51.9685,0.9901,0,,train
2025-04-13 23:00:00,BF.CW.PMP02,cooling_descaling_pump,1.079,-1.5161,52.7767,1.1017,0,,train
2025-04-14 00:00:00,BF.CW.PMP02,cooling_descaling_pump,1.2492,-1.2298,54.5894,1.0495,0,,train
2025-04-14 01:00:00,BF.CW.PMP02,cooling_descaling_pump,1.2785,-1.0714,55.8204,1.1915,0,,train
2025-04-14 02:00:00,BF.CW.PMP02,cooling_descaling_pump,1.2678,-1.4625,54.7997,1.0963,0,,train
2025-04-14 03:00:00,BF.CW.PMP02,cooling_descaling_pump,1.2282,-1.1354,54.7662,0.992,0,,train
2025-04-14 04:00:00,BF.CW.PMP02,cooling_descaling_pump,1.3261,-1.3513,55.6997,1.0705,0,,train
2025-04-14 05:00:00,BF.CW.PMP02,cooling_descaling_pump,1.3912,-0.8946,55.9996,1.0779,0,,train
2025-04-14 06:00:00,BF.CW.PMP02,cooling_descaling_pump,1.4988,-0.7502,55.7287,1.0306,0,,train
2025-04-14 07:00:00,BF.CW.PMP02,cooling_descaling_pump,1.6088,-0.1149,55.9963,0.9583,0,,train
2025-04-14 08:00:00,BF.CW.PMP02,cooling_descaling_pump,1.4849,-0.5261,54.8356,0.8759,0,,train
2025-04-14 09:00:00,BF.CW.PMP02,cooling_descaling_pump,1.5302,-0.6557,54.2478,0.9,0,,train
2025-04-14 10:00:00,BF.CW.PMP02,cooling_descaling_pump,1.5928,-0.864,55.1174,0.9763,0,,train
2025-04-14 11:00:00,BF.CW.PMP02,cooling_descaling_pump,1.6424,-0.8355,54.7021,0.9706,0,,train
2025-04-14 12:00:00,BF.CW.PMP02,cooling_descaling_pump,1.4121,-1.0461,54.5813,1.0394,0,,train
2025-04-14 13:00:00,BF.CW.PMP02,cooling_descaling_pump,1.4169,-0.7856,55.154,1.0454,0,,train
2025-04-14 14:00:00,BF.CW.PMP02,cooling_descaling_pump,1.3652,-0.6406,55.506,1.0841,0,,train
2025-04-14 15:00:00,BF.CW.PMP02,cooling_descaling_pump,1.3863,-0.9051,55.8611,1.1851,0,,train
2025-04-14 16:00:00,BF.CW.PMP02,cooling_descaling_pump,1.2857,-0.8587,54.0719,1.2805,0,,train
2025-04-14 17:00:00,BF.CW.PMP02,cooling_descaling_pump,1.2058,-1.0429,52.4784,1.5761,0,,train
2025-04-14 18:00:00,BF.CW.PMP02,cooling_descaling_pump,1.1801,-1.2161,51.7417,1.8214,0,,train
2025-04-14 19:00:00,BF.CW.PMP02,cooling_descaling_pump,1.2124,-1.2171,52.0541,2.0504,0,,train
2025-04-14 20:00:00,BF.CW.PMP02,cooling_descaling_pump,1.0617,-1.6497,51.4864,2.2086,0,,train
2025-04-14 21:00:00,BF.CW.PMP02,cooling_descaling_pump,1.0633,-0.2114,53.6408,2.2335,0,,train
2025-04-14 22:00:00,BF.CW.PMP02,cooling_descaling_pump,1.1821,-0.3177,54.3522,1.9357,0,,train
2025-04-14 23:00:00,BF.CW.PMP02,cooling_descaling_pump,1.1545,-0.722,57.1935,1.7208,0,,train
2025-04-15 00:00:00,BF.CW.PMP02,cooling_descaling_pump,1.1638,-0.4482,58.8787,1.4425,0,,train
2025-04-15 01:00:00,BF.CW.PMP02,cooling_descaling_pump,0.8829,-0.8026,57.9458,1.2185,0,,train
2025-04-15 02:00:00,BF.CW.PMP02,cooling_descaling_pump,0.9112,-0.517,55.5772,0.9762,0,,train
2025-04-15 03:00:00,BF.CW.PMP02,cooling_descaling_pump,0.9902,-0.571,53.5632,0.907,0,,train
2025-04-15 04:00:00,BF.CW.PMP02,cooling_descaling_pump,0.8609,-0.3101,52.4654,0.8382,0,,train
2025-04-15 05:00:00,BF.CW.PMP02,cooling_descaling_pump,0.8842,-0.7628,51.2791,0.8435,0,,train
2025-04-15 06:00:00,BF.CW.PMP02,cooling_descaling_pump,0.9719,-1.2498,53.6682,0.9642,0,,train
2025-04-15 07:00:00,BF.CW.PMP02,cooling_descaling_pump,1.0051,-0.8564,53.174,0.8521,0,,train
2025-04-15 08:00:00,BF.CW.PMP02,cooling_descaling_pump,0.997,-0.4814,53.3329,0.882,0,,train
2025-04-15 09:00:00,BF.CW.PMP02,cooling_descaling_pump,1.0493,-0.7698,52.8506,0.8756,0,,train
2025-04-15 10:00:00,BF.CW.PMP02,cooling_descaling_pump,1.1485,-0.6513,52.8133,0.8354,0,,train
2025-04-15 11:00:00,BF.CW.PMP02,cooling_descaling_pump,0.9795,-0.4898,51.4761,0.7919,0,,train
2025-04-15 12:00:00,BF.CW.PMP02,cooling_descaling_pump,1.05,-0.7121,50.04,0.6846,0,,train
2025-04-15 13:00:00,BF.CW.PMP02,cooling_descaling_pump,1.036,-0.7069,49.0607,0.6942,0,,train
2025-04-15 14:00:00,BF.CW.PMP02,cooling_descaling_pump,1.0433,-0.1879,49.5843,0.7077,0,,train
2025-04-15 15:00:00,BF.CW.PMP02,cooling_descaling_pump,1.0949,-0.1592,48.893,0.7483,0,,train
2025-04-15 16:00:00,BF.CW.PMP02,cooling_descaling_pump,1.0972,-0.2066,48.7838,0.7446,0,,train
2025-04-15 17:00:00,BF.CW.PMP02,cooling_descaling_pump,1.0137,0.1231,48.1136,0.8243,0,,train
2025-04-15 18:00:00,BF.CW.PMP02,cooling_descaling_pump,1.0414,0.0873,49.1481,0.7753,0,,train
2025-04-15 19:00:00,BF.CW.PMP02,cooling_descaling_pump,1.0208,0.2236,48.7168,0.7797,0,,train
2025-04-15 20:00:00,BF.CW.PMP02,cooling_descaling_pump,1.0451,0.0121,47.8537,0.7899,0,,train
2025-04-15 21:00:00,BF.CW.PMP02,cooling_descaling_pump,1.012,-0.7401,48.8615,0.8212,0,,train
2025-04-15 22:00:00,BF.CW.PMP02,cooling_descaling_pump,1.0081,-0.3904,50.3918,0.8375,0,,train
2025-04-15 23:00:00,BF.CW.PMP02,cooling_descaling_pump,1.0146,-0.2629,51.3172,0.7675,0,,train
2025-04-16 00:00:00,BF.CW.PMP02,cooling_descaling_pump,0.9466,-0.2174,52.3779,0.8528,0,,train
2025-04-16 01:00:00,BF.CW.PMP02,cooling_descaling_pump,1.0523,-0.6389,53.741,0.9705,0,,train
2025-04-16 02:00:00,BF.CW.PMP02,cooling_descaling_pump,1.0616,-0.9944,53.1318,0.931,0,,train
2025-04-16 03:00:00,BF.CW.PMP02,cooling_descaling_pump,1.1183,-1.0525,52.8989,0.8568,0,,train
2025-04-16 04:00:00,BF.CW.PMP02,cooling_descaling_pump,1.0201,-1.0397,52.7278,0.8492,0,,train
2025-04-16 05:00:00,BF.CW.PMP02,cooling_descaling_pump,1.0518,-0.9553,52.364,0.7859,0,,train
2025-04-16 06:00:00,BF.CW.PMP02,cooling_descaling_pump,1.0247,-0.8691,52.2611,0.7883,0,,train
2025-04-16 07:00:00,BF.CW.PMP02,cooling_descaling_pump,1.0865,-1.053,52.2501,0.7512,0,,train
2025-04-16 08:00:00,BF.CW.PMP02,cooling_descaling_pump,1.0221,-0.7685,51.108,0.8199,0,,train
2025-04-16 09:00:00,BF.CW.PMP02,cooling_descaling_pump,1.0294,-0.764,51.4953,0.8419,0,,train
2025-04-16 10:00:00,BF.CW.PMP02,cooling_descaling_pump,1.0662,-0.9386,52.1611,0.8801,0,,train
2025-04-16 11:00:00,BF.CW.PMP02,cooling_descaling_pump,0.9679,-1.8619,49.7131,0.8455,0,,train
2025-04-16 12:00:00,BF.CW.PMP02,cooling_descaling_pump,0.8094,-1.4291,50.6447,0.8842,0,,train
2025-04-16 13:00:00,BF.CW.PMP02,cooling_descaling_pump,0.7119,-1.9386,50.6799,0.9746,0,,train
2025-04-16 14:00:00,BF.CW.PMP02,cooling_descaling_pump,0.884,-1.8514,49.8727,0.8682,0,,train
2025-04-16 15:00:00,BF.CW.PMP02,cooling_descaling_pump,0.8052,-1.3564,49.7746,0.9811,0,,train
2025-04-16 16:00:00,BF.CW.PMP02,cooling_descaling_pump,0.9159,-0.9664,49.8959,1.0027,0,,train
2025-04-16 17:00:00,BF.CW.PMP02,cooling_descaling_pump,0.933,-0.5107,49.5242,0.9254,0,,train
2025-04-16 18:00:00,BF.CW.PMP02,cooling_descaling_pump,0.9045,-0.0748,48.8919,0.8919,0,,train
2025-04-16 19:00:00,BF.CW.PMP02,cooling_descaling_pump,0.8382,-0.5749,47.1187,0.8822,0,,train
2025-04-16 20:00:00,BF.CW.PMP02,cooling_descaling_pump,0.88,-0.2567,46.6785,0.9119,0,,train
2025-04-16 21:00:00,BF.CW.PMP02,cooling_descaling_pump,0.9086,-0.198,45.1719,0.8372,0,,train
2025-04-16 22:00:00,BF.CW.PMP02,cooling_descaling_pump,0.9425,-0.3235,44.587,0.783,0,,train
2025-04-16 23:00:00,BF.CW.PMP02,cooling_descaling_pump,0.9856,-0.406,44.3372,0.7996,0,,train
2025-04-17 00:00:00,BF.CW.PMP02,cooling_descaling_pump,0.9184,-0.7077,44.8219,0.8076,0,,train
2025-04-17 01:00:00,BF.CW.PMP02,cooling_descaling_pump,0.7774,-0.7583,45.2625,0.8601,0,,train
2025-04-17 02:00:00,BF.CW.PMP02,cooling_descaling_pump,0.9811,-1.1689,46.2188,0.8369,0,,train
2025-04-17 03:00:00,BF.CW.PMP02,cooling_descaling_pump,0.9857,-1.2937,47.4197,0.8555,0,,train
2025-04-17 04:00:00,BF.CW.PMP02,cooling_descaling_pump,1.0816,-1.1254,47.9064,0.8274,0,,train
2025-04-17 05:00:00,BF.CW.PMP02,cooling_descaling_pump,1.022,-0.9693,46.1861,0.697,0,,train
2025-04-17 06:00:00,BF.CW.PMP02,cooling_descaling_pump,1.1462,-0.6953,46.9709,0.6959,0,,train
2025-04-17 07:00:00,BF.CW.PMP02,cooling_descaling_pump,1.2952,-0.5181,49.5379,0.7425,0,,train
2025-04-17 08:00:00,BF.CW.PMP02,cooling_descaling_pump,1.3289,-0.8081,50.9884,0.886,0,,train
2025-04-17 09:00:00,BF.CW.PMP02,cooling_descaling_pump,1.3166,-0.7438,50.5746,0.9015,0,,train
2025-04-17 10:00:00,BF.CW.PMP02,cooling_descaling_pump,1.348,-0.2281,49.5324,0.8524,0,,train
2025-04-17 11:00:00,BF.CW.PMP02,cooling_descaling_pump,1.2468,-0.6189,48.2981,0.8053,0,,train
2025-04-17 12:00:00,BF.CW.PMP02,cooling_descaling_pump,1.1635,-0.7543,46.5959,0.7883,0,,train
2025-04-17 13:00:00,BF.CW.PMP02,cooling_descaling_pump,1.1017,-0.7324,45.4406,0.7698,0,,train
2025-04-17 14:00:00,BF.CW.PMP02,cooling_descaling_pump,1.0457,-0.7344,45.3974,0.8655,0,,train
2025-04-17 15:00:00,BF.CW.PMP02,cooling_descaling_pump,1.0688,-0.6123,45.352,0.8306,0,,train
2025-04-17 16:00:00,BF.CW.PMP02,cooling_descaling_pump,1.066,-0.6464,45.4396,0.7659,0,,train
2025-04-17 17:00:00,BF.CW.PMP02,cooling_descaling_pump,1.1683,-0.5919,46.2165,0.8037,0,,train
2025-04-17 18:00:00,BF.CW.PMP02,cooling_descaling_pump,1.2956,-0.6498,46.3222,0.8394,0,,train
2025-04-17 19:00:00,BF.CW.PMP02,cooling_descaling_pump,1.297,-0.8632,47.5888,0.8875,0,,train
2025-04-17 20:00:00,BF.CW.PMP02,cooling_descaling_pump,1.3603,-0.8862,47.1372,0.7732,0,,train
2025-04-17 21:00:00,BF.CW.PMP02,cooling_descaling_pump,1.3909,-0.457,48.8137,0.7385,0,,train
2025-04-17 22:00:00,BF.CW.PMP02,cooling_descaling_pump,1.3549,-0.4856,50.8866,0.7582,0,,train
2025-04-17 23:00:00,BF.CW.PMP02,cooling_descaling_pump,1.4262,-1.1089,52.8671,0.8112,0,,train
2025-04-18 00:00:00,BF.CW.PMP02,cooling_descaling_pump,1.4423,-1.0839,52.942,0.7731,0,,train
2025-04-18 01:00:00,BF.CW.PMP02,cooling_descaling_pump,1.4066,-1.1362,53.5005,0.7957,0,,train
2025-04-18 02:00:00,BF.CW.PMP02,cooling_descaling_pump,1.2708,-1.2367,53.0294,0.809,0,,train
2025-04-18 03:00:00,BF.CW.PMP02,cooling_descaling_pump,1.2602,-1.4338,55.3562,0.9897,0,,train
2025-04-18 04:00:00,BF.CW.PMP02,cooling_descaling_pump,1.1473,-1.46,55.5864,1.0247,0,,train
2025-04-18 05:00:00,BF.CW.PMP02,cooling_descaling_pump,1.2431,-2.0733,55.1673,0.9997,0,,train
2025-04-18 06:00:00,BF.CW.PMP02,cooling_descaling_pump,1.1869,-2.3601,54.4695,1.0876,0,,train
2025-04-18 07:00:00,BF.CW.PMP02,cooling_descaling_pump,1.276,-2.4844,54.5384,1.176,0,,train
2025-04-18 08:00:00,BF.CW.PMP02,cooling_descaling_pump,1.2483,-2.1513,54.0026,1.1776,0,,train
2025-04-18 09:00:00,BF.CW.PMP02,cooling_descaling_pump,1.2605,-1.957,54.094,1.2051,0,,train
2025-04-18 10:00:00,BF.CW.PMP02,cooling_descaling_pump,1.2947,-1.2991,54.7727,1.2636,0,,train
2025-04-18 11:00:00,BF.CW.PMP02,cooling_descaling_pump,1.3549,-1.3032,54.1622,1.2167,0,,train
2025-04-18 12:00:00,BF.CW.PMP02,cooling_descaling_pump,1.3148,-1.2652,53.0723,1.1383,0,,train
2025-04-18 13:00:00,BF.CW.PMP02,cooling_descaling_pump,1.3192,-0.9603,53.0208,1.2184,0,,train
2025-04-18 14:00:00,BF.CW.PMP02,cooling_descaling_pump,1.1743,-1.2536,51.2126,1.1773,0,,train
2025-04-18 15:00:00,BF.CW.PMP02,cooling_descaling_pump,1.1957,-0.7641,50.2743,1.1747,0,,train
2025-04-18 16:00:00,BF.CW.PMP02,cooling_descaling_pump,1.2096,-0.6041,49.381,1.128,0,,train
2025-04-18 17:00:00,BF.CW.PMP02,cooling_descaling_pump,1.1994,-0.4817,50.1098,1.2002,0,,train
2025-04-18 18:00:00,BF.CW.PMP02,cooling_descaling_pump,1.2569,-0.7377,50.7592,1.164,0,,train
2025-04-18 19:00:00,BF.CW.PMP02,cooling_descaling_pump,1.2015,-0.9409,50.9628,1.2319,0,,train
2025-04-18 20:00:00,BF.CW.PMP02,cooling_descaling_pump,1.3287,-0.7299,51.6555,1.2154,0,,train
2025-04-18 21:00:00,BF.CW.PMP02,cooling_descaling_pump,1.2708,-0.6899,53.3659,1.2585,0,,train
2025-04-18 22:00:00,BF.CW.PMP02,cooling_descaling_pump,1.3433,-0.1986,53.8166,1.1586,0,,train
2025-04-18 23:00:00,BF.CW.PMP02,cooling_descaling_pump,1.3003,-0.7474,54.7813,1.1954,0,,train
2025-04-19 00:00:00,BF.CW.PMP02,cooling_descaling_pump,1.451,-0.3109,55.7763,1.2122,0,,train
2025-04-19 01:00:00,BF.CW.PMP02,cooling_descaling_pump,1.3838,0.3119,55.9016,1.1838,0,,train
2025-04-19 02:00:00,BF.CW.PMP02,cooling_descaling_pump,1.339,0.3556,57.5395,1.297,0,,train
2025-04-19 03:00:00,BF.CW.PMP02,cooling_descaling_pump,1.2912,0.5331,57.7387,1.2814,0,,train
2025-04-19 04:00:00,BF.CW.PMP02,cooling_descaling_pump,1.3593,0.8493,57.8139,1.2352,0,,train
2025-04-19 05:00:00,BF.CW.PMP02,cooling_descaling_pump,1.3278,0.4215,57.5977,1.1876,0,,train
2025-04-19 06:00:00,BF.CW.PMP02,cooling_descaling_pump,1.2257,-0.2592,56.7764,1.0463,0,,train
2025-04-19 07:00:00,BF.CW.PMP02,cooling_descaling_pump,1.282,-0.3486,57.9575,1.1527,0,,train
2025-04-19 08:00:00,BF.CW.PMP02,cooling_descaling_pump,1.162,-0.4895,56.665,1.0739,0,,train
2025-04-19 09:00:00,BF.CW.PMP02,cooling_descaling_pump,1.0318,-0.182,54.9422,1.0197,0,,train
2025-04-19 10:00:00,BF.CW.PMP02,cooling_descaling_pump,1.0789,-0.8905,54.5109,1.0064,0,,train
2025-04-19 11:00:00,BF.CW.PMP02,cooling_descaling_pump,1.0721,-0.787,53.9384,0.9028,0,,train
2025-04-19 12:00:00,BF.CW.PMP02,cooling_descaling_pump,1.1311,0.2372,54.1106,0.9369,0,,train
2025-04-19 13:00:00,BF.CW.PMP02,cooling_descaling_pump,1.0101,0.687,52.0262,0.872,0,,train
2025-04-19 14:00:00,BF.CW.PMP02,cooling_descaling_pump,0.9411,0.3737,52.3679,0.8995,0,,train
2025-04-19 15:00:00,BF.CW.PMP02,cooling_descaling_pump,0.8965,0.6282,52.7227,0.9794,0,,train
2025-04-19 16:00:00,BF.CW.PMP02,cooling_descaling_pump,0.848,0.9049,50.9707,0.9894,0,,train
2025-04-19 17:00:00,BF.CW.PMP02,cooling_descaling_pump,0.8413,0.49,48.7083,0.9216,0,,train
2025-04-19 18:00:00,BF.CW.PMP02,cooling_descaling_pump,0.8552,0.1391,49.2577,0.9771,0,,train
2025-04-19 19:00:00,BF.CW.PMP02,cooling_descaling_pump,0.7631,0.2651,49.7007,0.9922,0,,train
2025-04-19 20:00:00,BF.CW.PMP02,cooling_descaling_pump,0.8175,-0.1906,51.7731,0.9978,0,,train
2025-04-19 21:00:00,BF.CW.PMP02,cooling_descaling_pump,0.958,-0.3327,53.807,1.0752,0,,train
2025-04-19 22:00:00,BF.CW.PMP02,cooling_descaling_pump,0.9915,-0.1522,53.5341,1.0552,0,,train
2025-04-19 23:00:00,BF.CW.PMP02,cooling_descaling_pump,0.9087,-0.0162,53.6847,1.0492,0,,train
2025-04-20 00:00:00,BF.CW.PMP02,cooling_descaling_pump,0.9626,-0.3441,54.0681,1.1107,0,,train
2025-04-20 01:00:00,BF.CW.PMP02,cooling_descaling_pump,0.9313,-0.5723,54.3887,1.1327,0,,train
2025-04-20 02:00:00,BF.CW.PMP02,cooling_descaling_pump,0.919,-0.8536,54.9128,1.1011,0,,train
2025-04-20 03:00:00,BF.CW.PMP02,cooling_descaling_pump,0.9743,-0.9972,54.8496,1.0324,0,,train
2025-04-20 04:00:00,BF.CW.PMP02,cooling_descaling_pump,0.9947,-1.0798,57.4146,1.1402,0,,train
2025-04-20 05:00:00,BF.CW.PMP02,cooling_descaling_pump,0.9575,-1.4794,56.9811,1.1053,0,,train
2025-04-20 06:00:00,BF.CW.PMP02,cooling_descaling_pump,1.03,-2.1586,56.8286,1.0587,0,,train
2025-04-20 07:00:00,BF.CW.PMP02,cooling_descaling_pump,0.9711,-2.3712,57.4301,1.1468,0,,train
2025-04-20 08:00:00,BF.CW.PMP02,cooling_descaling_pump,1.1383,-1.4875,57.7981,1.1252,0,,train
2025-04-20 09:00:00,BF.CW.PMP02,cooling_descaling_pump,1.2176,-2.1219,57.3571,1.1384,0,,train
2025-04-20 10:00:00,BF.CW.PMP02,cooling_descaling_pump,1.1298,-1.6957,56.1563,1.1957,0,,train
2025-04-20 11:00:00,BF.CW.PMP02,cooling_descaling_pump,1.1685,-1.3125,56.5028,1.2259,0,,train
2025-04-20 12:00:00,BF.CW.PMP02,cooling_descaling_pump,1.1742,-0.6358,56.0245,1.2334,0,,train
2025-04-20 13:00:00,BF.CW.PMP02,cooling_descaling_pump,1.2065,-0.9028,56.7496,1.3489,0,,train
2025-04-20 14:00:00,BF.CW.PMP02,cooling_descaling_pump,1.0686,-1.1679,54.38,1.2658,0,,train
2025-04-20 15:00:00,BF.CW.PMP02,cooling_descaling_pump,1.1396,-0.7913,53.8458,1.2647,0,,train
2025-04-20 16:00:00,BF.CW.PMP02,cooling_descaling_pump,1.0743,-1.0037,53.3298,1.2028,0,,train
2025-04-20 17:00:00,BF.CW.PMP02,cooling_descaling_pump,1.0501,-0.548,53.9695,1.2665,0,,train
2025-04-20 18:00:00,BF.CW.PMP02,cooling_descaling_pump,0.9188,-0.6927,52.3907,1.1902,0,,train
2025-04-20 19:00:00,BF.CW.PMP02,cooling_descaling_pump,0.8463,-1.319,51.1557,1.0413,0,,train
2025-04-20 20:00:00,BF.CW.PMP02,cooling_descaling_pump,0.7797,-1.1039,49.4354,0.9405,0,,train
2025-04-20 21:00:00,BF.CW.PMP02,cooling_descaling_pump,0.7749,-0.8156,49.4127,0.9137,0,,train
2025-04-20 22:00:00,BF.CW.PMP02,cooling_descaling_pump,1.013,-0.9937,51.5315,0.9495,0,,train
2025-04-20 23:00:00,BF.CW.PMP02,cooling_descaling_pump,1.0891,-1.527,51.8703,0.9564,0,,train
2025-04-21 00:00:00,BF.CW.PMP02,cooling_descaling_pump,1.0423,-0.6753,52.1928,0.9213,0,,train
2025-04-21 01:00:00,BF.CW.PMP02,cooling_descaling_pump,1.0557,-0.4898,51.513,0.94,0,,train
2025-04-21 02:00:00,BF.CW.PMP02,cooling_descaling_pump,1.0796,-0.5779,52.3012,0.8411,0,,train
2025-04-21 03:00:00,BF.CW.PMP02,cooling_descaling_pump,1.106,-0.6253,53.7206,0.9593,0,,train
2025-04-21 04:00:00,BF.CW.PMP02,cooling_descaling_pump,1.0567,-0.4143,54.8527,1.0068,0,,train
2025-04-21 05:00:00,BF.CW.PMP02,cooling_descaling_pump,1.1789,-0.3423,57.8387,1.1586,0,,train
2025-04-21 06:00:00,BF.CW.PMP02,cooling_descaling_pump,0.9429,-0.6747,56.8558,1.1757,0,,train
2025-04-21 07:00:00,BF.CW.PMP02,cooling_descaling_pump,0.9821,-0.8912,54.4871,1.0694,0,,train
2025-04-21 08:00:00,BF.CW.PMP02,cooling_descaling_pump,1.1577,-0.6508,55.1931,1.0431,0,,train
2025-04-21 09:00:00,BF.CW.PMP02,cooling_descaling_pump,1.1909,-0.9388,54.6282,1.0263,0,,train
2025-04-21 10:00:00,BF.CW.PMP02,cooling_descaling_pump,1.0902,-0.9065,54.7543,1.0582,0,,train
2025-04-21 11:00:00,BF.CW.PMP02,cooling_descaling_pump,1.07,-1.0462,53.4889,0.9854,0,,train
2025-04-21 12:00:00,BF.CW.PMP02,cooling_descaling_pump,1.076,-0.8184,52.6263,0.9366,0,,train
2025-04-21 13:00:00,BF.CW.PMP02,cooling_descaling_pump,0.9588,-0.9852,51.2093,0.8792,0,,train
2025-04-21 14:00:00,BF.CW.PMP02,cooling_descaling_pump,0.86,-1.2252,49.6786,0.8621,0,,train
2025-04-21 15:00:00,BF.CW.PMP02,cooling_descaling_pump,0.8621,-0.9919,48.9219,0.9487,0,,train
2025-04-21 16:00:00,BF.CW.PMP02,cooling_descaling_pump,0.8891,-1.0194,50.15,0.9601,0,,train
2025-04-21 17:00:00,BF.CW.PMP02,cooling_descaling_pump,0.9204,-0.4999,49.3322,0.8975,0,,train
2025-04-21 18:00:00,BF.CW.PMP02,cooling_descaling_pump,0.769,-0.3643,48.397,0.9026,0,,train
2025-04-21 19:00:00,BF.CW.PMP02,cooling_descaling_pump,0.9031,0.063,49.951,0.9617,0,,train
2025-04-21 20:00:00,BF.CW.PMP02,cooling_descaling_pump,0.9242,0.3708,50.3323,0.9695,0,,train
2025-04-21 21:00:00,BF.CW.PMP02,cooling_descaling_pump,0.7817,0.3415,49.237,0.9333,0,,train
2025-04-21 22:00:00,BF.CW.PMP02,cooling_descaling_pump,0.6402,-0.1831,49.9838,0.9138,0,,train
2025-04-21 23:00:00,BF.CW.PMP02,cooling_descaling_pump,0.5925,-0.8749,50.1634,0.9577,0,,train
2025-04-22 00:00:00,BF.CW.PMP02,cooling_descaling_pump,0.6445,-1.1179,51.6574,1.0298,0,,train
2025-04-22 01:00:00,BF.CW.PMP02,cooling_descaling_pump,0.6746,-1.2126,51.5002,1.0624,0,,train
2025-04-22 02:00:00,BF.CW.PMP02,cooling_descaling_pump,0.5807,-1.2839,50.66,0.9983,0,,train
2025-04-22 03:00:00,BF.CW.PMP02,cooling_descaling_pump,0.6467,-1.84,51.3538,1.0521,0,,train
2025-04-22 04:00:00,BF.CW.PMP02,cooling_descaling_pump,0.5922,-1.712,51.5972,1.0631,0,,train
2025-04-22 05:00:00,BF.CW.PMP02,cooling_descaling_pump,0.4609,-1.3422,50.3827,0.9745,0,,train
2025-04-22 06:00:00,BF.CW.PMP02,cooling_descaling_pump,0.3804,-1.3482,49.7123,1.0222,0,,train
2025-04-22 07:00:00,BF.CW.PMP02,cooling_descaling_pump,0.4718,-1.3361,51.1512,1.0617,0,,train
2025-04-22 08:00:00,BF.CW.PMP02,cooling_descaling_pump,0.5969,-1.0912,51.8421,1.0052,0,,train
2025-04-22 09:00:00,BF.CW.PMP02,cooling_descaling_pump,0.6105,-1.1908,52.1787,1.0504,0,,train
2025-04-22 10:00:00,BF.CW.PMP02,cooling_descaling_pump,0.6607,-0.947,52.1377,1.1104,0,,train
2025-04-22 11:00:00,BF.CW.PMP02,cooling_descaling_pump,0.6437,-0.1514,50.7624,1.0018,0,,train
2025-04-22 12:00:00,BF.CW.PMP02,cooling_descaling_pump,0.6554,0.2452,49.9324,0.9606,0,,train
2025-04-22 13:00:00,BF.CW.PMP02,cooling_descaling_pump,0.6766,0.2769,49.591,0.985,0,,train
2025-04-22 14:00:00,BF.CW.PMP02,cooling_descaling_pump,0.5278,0.5598,48.1209,1.0145,0,,train
2025-04-22 15:00:00,BF.CW.PMP02,cooling_descaling_pump,0.5745,0.0139,47.2407,1.0412,0,,train
2025-04-22 16:00:00,BF.CW.PMP02,cooling_descaling_pump,0.7232,-0.2675,46.1501,1.1053,0,,train
2025-04-22 17:00:00,BF.CW.PMP02,cooling_descaling_pump,0.9209,-0.2393,45.9189,1.0235,0,,train
2025-04-22 18:00:00,BF.CW.PMP02,cooling_descaling_pump,0.9401,-0.2049,45.0714,0.9331,0,,train
2025-04-22 19:00:00,BF.CW.PMP02,cooling_descaling_pump,0.8137,-0.1038,44.2529,0.8603,0,,train
2025-04-22 20:00:00,BF.CW.PMP02,cooling_descaling_pump,0.7956,-0.5255,44.4906,0.9468,0,,train
2025-04-22 21:00:00,BF.CW.PMP02,cooling_descaling_pump,0.9408,-0.1526,43.7963,0.8142,0,,train
2025-04-22 22:00:00,BF.CW.PMP02,cooling_descaling_pump,0.7601,-0.6992,43.5313,0.8235,0,,train
2025-04-22 23:00:00,BF.CW.PMP02,cooling_descaling_pump,0.8273,-0.0289,43.0618,0.7827,0,,train
2025-04-23 00:00:00,BF.CW.PMP02,cooling_descaling_pump,0.9017,-0.2176,42.8798,0.7151,0,,train
2025-04-23 01:00:00,BF.CW.PMP02,cooling_descaling_pump,1.0339,0.1133,43.4803,0.7991,0,,train
2025-04-23 02:00:00,BF.CW.PMP02,cooling_descaling_pump,1.0356,-0.0212,44.1365,0.9071,0,,train
2025-04-23 03:00:00,BF.CW.PMP02,cooling_descaling_pump,1.0584,-0.6442,45.8618,0.9669,0,,train
2025-04-23 04:00:00,BF.CW.PMP02,cooling_descaling_pump,1.1313,-0.1302,45.8965,0.9266,0,,train
2025-04-23 05:00:00,BF.CW.PMP02,cooling_descaling_pump,1.2145,0.0795,46.9086,0.871,0,,train
2025-04-23 06:00:00,BF.CW.PMP02,cooling_descaling_pump,1.1574,0.5129,46.2735,0.757,0,,train
2025-04-23 07:00:00,BF.CW.PMP02,cooling_descaling_pump,1.0631,0.3058,46.1406,0.8126,0,,train
2025-04-23 08:00:00,BF.CW.PMP02,cooling_descaling_pump,1.2032,0.289,45.9772,0.8179,0,,train
2025-04-23 09:00:00,BF.CW.PMP02,cooling_descaling_pump,1.2244,0.347,45.5141,0.7663,0,,train
2025-04-23 10:00:00,BF.CW.PMP02,cooling_descaling_pump,1.2222,-0.0432,46.0557,0.8512,0,,train
2025-04-23 11:00:00,BF.CW.PMP02,cooling_descaling_pump,1.15,0.1388,46.9352,0.9451,0,,train
2025-04-23 12:00:00,BF.CW.PMP02,cooling_descaling_pump,1.2144,0.3504,47.5395,1.0027,0,,train
2025-04-23 13:00:00,BF.CW.PMP02,cooling_descaling_pump,1.2192,0.5502,47.8898,1.0724,0,,train
2025-04-23 14:00:00,BF.CW.PMP02,cooling_descaling_pump,1.1515,1.6332,48.1317,1.1562,0,,train
2025-04-23 15:00:00,BF.CW.PMP02,cooling_descaling_pump,1.2167,1.9075,48.865,1.2114,0,,train
2025-04-23 16:00:00,BF.CW.PMP02,cooling_descaling_pump,1.0775,1.7088,48.1165,1.0981,0,,train
2025-04-23 17:00:00,BF.CW.PMP02,cooling_descaling_pump,1.1661,1.4773,47.1677,0.9906,0,,train
2025-04-23 18:00:00,BF.CW.PMP02,cooling_descaling_pump,1.2142,1.1557,47.4372,0.9562,0,,train
2025-04-23 19:00:00,BF.CW.PMP02,cooling_descaling_pump,1.1474,0.673,48.5002,1.0351,0,,train
2025-04-23 20:00:00,BF.CW.PMP02,cooling_descaling_pump,1.0658,0.5126,48.3751,1.1456,0,,train
2025-04-23 21:00:00,BF.CW.PMP02,cooling_descaling_pump,1.0169,0.5238,48.527,1.1172,0,,train
2025-04-23 22:00:00,BF.CW.PMP02,cooling_descaling_pump,0.9879,0.9113,48.5613,1.1593,0,,train
2025-04-23 23:00:00,BF.CW.PMP02,cooling_descaling_pump,0.9843,0.3447,48.8882,1.1628,0,,train
2025-04-24 00:00:00,BF.CW.PMP02,cooling_descaling_pump,0.9954,0.5955,49.23,1.1567,0,,train
2025-04-24 01:00:00,BF.CW.PMP02,cooling_descaling_pump,0.9024,0.8746,48.9029,1.1408,0,,train
2025-04-24 02:00:00,BF.CW.PMP02,cooling_descaling_pump,0.9516,0.9097,49.0475,1.0671,0,,train
2025-04-24 03:00:00,BF.CW.PMP02,cooling_descaling_pump,1.0899,1.2671,50.8389,1.1655,0,,train
2025-04-24 04:00:00,BF.CW.PMP02,cooling_descaling_pump,1.1039,1.113,50.9933,1.182,0,,train
2025-04-24 05:00:00,BF.CW.PMP02,cooling_descaling_pump,1.2322,0.7747,52.2359,1.1487,0,,train
2025-04-24 06:00:00,BF.CW.PMP02,cooling_descaling_pump,1.2435,0.694,51.9993,1.1515,0,,train
2025-04-24 07:00:00,BF.CW.PMP02,cooling_descaling_pump,1.1402,0.6288,50.6076,1.1659,0,,train
2025-04-24 08:00:00,BF.CW.PMP02,cooling_descaling_pump,0.9902,0.3746,51.6093,1.2491,0,,train
2025-04-24 09:00:00,BF.CW.PMP02,cooling_descaling_pump,0.9135,0.7994,50.4139,1.1806,0,,train
2025-04-24 10:00:00,BF.CW.PMP02,cooling_descaling_pump,0.9485,0.3184,50.6697,1.101,0,,train
2025-04-24 11:00:00,BF.CW.PMP02,cooling_descaling_pump,1.0391,0.293,50.9162,1.0758,0,,train
2025-04-24 12:00:00,BF.CW.PMP02,cooling_descaling_pump,0.906,0.3952,49.0757,0.9341,0,,train
2025-04-24 13:00:00,BF.CW.PMP02,cooling_descaling_pump,0.9884,-0.4062,49.2383,0.9326,0,,train
2025-04-24 14:00:00,BF.CW.PMP02,cooling_descaling_pump,1.1302,-0.8027,50.5371,1.0045,0,,train
2025-04-24 15:00:00,BF.CW.PMP02,cooling_descaling_pump,1.059,-0.9588,50.4271,1.1282,0,,train
2025-04-24 16:00:00,BF.CW.PMP02,cooling_descaling_pump,1.1526,-0.4118,49.5832,1.0282,0,,train
2025-04-24 17:00:00,BF.CW.PMP02,cooling_descaling_pump,1.0971,-0.3046,49.6097,1.057,0,,train
2025-04-24 18:00:00,BF.CW.PMP02,cooling_descaling_pump,1.1821,-0.2291,50.3981,1.0235,0,,train
2025-04-24 19:00:00,BF.CW.PMP02,cooling_descaling_pump,1.2487,0.1546,50.0477,0.9577,0,,train
2025-04-24 20:00:00,BF.CW.PMP02,cooling_descaling_pump,1.0838,-0.094,47.9226,0.851,0,,train
2025-04-24 21:00:00,BF.CW.PMP02,cooling_descaling_pump,1.1436,0.0624,50.1942,0.9877,0,,train
2025-04-24 22:00:00,BF.CW.PMP02,cooling_descaling_pump,1.0768,0.0199,51.3571,1.0956,0,,train
2025-04-24 23:00:00,BF.CW.PMP02,cooling_descaling_pump,0.9964,0.0556,52.9,1.1324,0,,train
2025-04-25 00:00:00,BF.CW.PMP02,cooling_descaling_pump,0.9783,-0.0389,52.2711,1.0797,0,,train
2025-04-25 01:00:00,BF.CW.PMP02,cooling_descaling_pump,1.1335,0.257,53.8433,1.0349,0,,train
2025-04-25 02:00:00,BF.CW.PMP02,cooling_descaling_pump,1.2205,0.1802,54.5359,0.8984,0,,train
2025-04-25 03:00:00,BF.CW.PMP02,cooling_descaling_pump,1.2149,0.2489,55.1434,0.914,0,,train
2025-04-25 04:00:00,BF.CW.PMP02,cooling_descaling_pump,1.1353,0.7821,54.6205,0.9858,0,,train
2025-04-25 05:00:00,BF.CW.PMP02,cooling_descaling_pump,1.1483,1.1644,53.6259,0.9761,0,,train
2025-04-25 06:00:00,BF.CW.PMP02,cooling_descaling_pump,1.282,1.4087,54.4359,0.9597,0,,train
2025-04-25 07:00:00,BF.CW.PMP02,cooling_descaling_pump,1.3956,0.7704,56.1467,0.9991,0,,train
2025-04-25 08:00:00,BF.CW.PMP02,cooling_descaling_pump,1.5373,0.7309,56.4356,0.966,0,,train
2025-04-25 09:00:00,BF.CW.PMP02,cooling_descaling_pump,1.6234,0.7527,57.0793,0.9826,0,,train
2025-04-25 10:00:00,BF.CW.PMP02,cooling_descaling_pump,1.6081,0.448,56.7066,0.9704,0,,train
2025-04-25 11:00:00,BF.CW.PMP02,cooling_descaling_pump,1.5858,0.5984,55.7458,0.9459,0,,train
2025-04-25 12:00:00,BF.CW.PMP02,cooling_descaling_pump,1.3896,0.6142,54.5516,0.9855,0,,train
2025-04-25 13:00:00,BF.CW.PMP02,cooling_descaling_pump,1.3088,-0.0787,54.9324,1.0065,0,,train
2025-04-25 14:00:00,BF.CW.PMP02,cooling_descaling_pump,1.2094,0.2922,54.3128,0.9896,0,,train
2025-04-25 15:00:00,BF.CW.PMP02,cooling_descaling_pump,1.2789,0.1687,54.6303,0.9242,0,,train
2025-04-25 16:00:00,BF.CW.PMP02,cooling_descaling_pump,1.3694,0.5409,55.8703,0.9298,0,,train
2025-04-25 17:00:00,BF.CW.PMP02,cooling_descaling_pump,1.3632,0.9391,56.1807,0.9506,0,,train
2025-04-25 18:00:00,BF.CW.PMP02,cooling_descaling_pump,1.3751,1.2004,57.7631,0.9979,0,,train
2025-04-25 19:00:00,BF.CW.PMP02,cooling_descaling_pump,1.375,0.6083,57.9648,1.0261,0,,train
2025-04-25 20:00:00,BF.CW.PMP02,cooling_descaling_pump,1.5278,0.0968,58.1654,0.9071,0,,train
2025-04-25 21:00:00,BF.CW.PMP02,cooling_descaling_pump,1.389,0.3557,57.1131,0.7987,0,,train
2025-04-25 22:00:00,BF.CW.PMP02,cooling_descaling_pump,1.3223,1.1592,55.7826,0.721,0,,train
2025-04-25 23:00:00,BF.CW.PMP02,cooling_descaling_pump,1.1464,1.8825,55.5364,0.7046,0,,train
2025-04-26 00:00:00,BF.CW.PMP02,cooling_descaling_pump,1.0491,1.9249,55.6852,0.7175,0,,train
2025-04-26 01:00:00,BF.CW.PMP02,cooling_descaling_pump,1.0592,1.7423,56.1261,0.7535,0,,train
2025-04-26 02:00:00,BF.CW.PMP02,cooling_descaling_pump,1.081,1.7331,57.3852,0.7483,0,,train
2025-04-26 03:00:00,BF.CW.PMP02,cooling_descaling_pump,1.2553,1.4523,57.7909,0.6873,0,,train
2025-04-26 04:00:00,BF.CW.PMP02,cooling_descaling_pump,1.1555,1.6032,58.364,0.751,0,,train
2025-04-26 05:00:00,BF.CW.PMP02,cooling_descaling_pump,1.3329,1.4479,59.844,0.6877,0,,train
2025-04-26 06:00:00,BF.CW.PMP02,cooling_descaling_pump,1.1831,1.5668,58.6405,0.6632,0,,train
2025-04-26 07:00:00,BF.CW.PMP02,cooling_descaling_pump,1.2252,1.128,59.3415,0.7102,0,,train
2025-04-26 08:00:00,BF.CW.PMP02,cooling_descaling_pump,1.1116,0.831,59.5679,0.8557,0,,train
2025-04-26 09:00:00,BF.CW.PMP02,cooling_descaling_pump,1.1933,0.6366,59.3835,0.8704,0,,train
2025-04-26 10:00:00,BF.CW.PMP02,cooling_descaling_pump,1.3869,0.9786,60.479,0.8133,0,,train
2025-04-26 11:00:00,BF.CW.PMP02,cooling_descaling_pump,1.3524,0.8633,61.313,0.8842,0,,train
2025-04-26 12:00:00,BF.CW.PMP02,cooling_descaling_pump,1.3004,0.1649,60.1314,0.8476,0,,train
2025-04-26 13:00:00,BF.CW.PMP02,cooling_descaling_pump,1.2767,0.9422,60.1991,0.8706,0,,train
2025-04-26 14:00:00,BF.CW.PMP02,cooling_descaling_pump,1.0814,1.216,58.5595,0.8458,0,,train
2025-04-26 15:00:00,BF.CW.PMP02,cooling_descaling_pump,1.1103,1.5411,58.9054,0.9029,0,,train
2025-04-26 16:00:00,BF.CW.PMP02,cooling_descaling_pump,1.2161,1.1549,59.2763,0.9599,0,,train
2025-04-26 17:00:00,BF.CW.PMP02,cooling_descaling_pump,0.939,0.5353,57.6727,1.066,0,,train
2025-04-26 18:00:00,BF.CW.PMP02,cooling_descaling_pump,1.048,0.2357,58.0302,1.0428,0,,train
2025-04-26 19:00:00,BF.CW.PMP02,cooling_descaling_pump,1.1653,0.6206,57.976,1.0749,0,,train
2025-04-26 20:00:00,BF.CW.PMP02,cooling_descaling_pump,1.3672,1.6263,58.6786,1.1208,0,,train
2025-04-26 21:00:00,BF.CW.PMP02,cooling_descaling_pump,1.5629,1.1662,57.5923,1.0565,0,,train
2025-04-26 22:00:00,BF.CW.PMP02,cooling_descaling_pump,1.8835,0.5386,57.9092,1.021,0,,train
2025-04-26 23:00:00,BF.CW.PMP02,cooling_descaling_pump,1.9523,0.0677,56.8607,1.0111,0,,train
2025-04-27 00:00:00,BF.CW.PMP02,cooling_descaling_pump,2.0289,-0.3894,56.3502,0.9548,0,,train
2025-04-27 01:00:00,BF.CW.PMP02,cooling_descaling_pump,2.0787,-0.4862,58.4413,1.0933,0,,train
2025-04-27 02:00:00,BF.CW.PMP02,cooling_descaling_pump,2.0332,-0.5671,59.5189,1.1429,0,,train
2025-04-27 03:00:00,BF.CW.PMP02,cooling_descaling_pump,1.905,-0.3561,59.2485,1.0298,0,,train
2025-04-27 04:00:00,BF.CW.PMP02,cooling_descaling_pump,1.6462,-0.1428,59.6268,1.0778,0,,train
2025-04-27 05:00:00,BF.CW.PMP02,cooling_descaling_pump,1.3957,-0.1622,60.2012,1.0588,0,,train
2025-04-27 06:00:00,BF.CW.PMP02,cooling_descaling_pump,1.2932,-0.3401,59.6892,0.9966,0,,train
2025-04-27 07:00:00,BF.CW.PMP02,cooling_descaling_pump,1.0205,0.3275,58.3925,1.0404,0,,train
2025-04-27 08:00:00,BF.CW.PMP02,cooling_descaling_pump,0.9782,1.2798,57.1392,0.9266,0,,train
2025-04-27 09:00:00,BF.CW.PMP02,cooling_descaling_pump,0.988,1.0072,57.4637,1.0201,0,,train
2025-04-27 10:00:00,BF.CW.PMP02,cooling_descaling_pump,1.1121,1.122,56.328,0.9408,0,,train
2025-04-27 11:00:00,BF.CW.PMP02,cooling_descaling_pump,1.127,0.6964,58.2492,1.0614,0,,train
2025-04-27 12:00:00,BF.CW.PMP02,cooling_descaling_pump,1.0521,0.283,55.4423,0.9109,0,,train
2025-04-27 13:00:00,BF.CW.PMP02,cooling_descaling_pump,1.0703,0.6031,53.6889,0.8397,0,,train
2025-04-27 14:00:00,BF.CW.PMP02,cooling_descaling_pump,1.209,0.6437,53.5573,0.7921,0,,train
2025-04-27 15:00:00,BF.CW.PMP02,cooling_descaling_pump,1.1704,0.1997,52.8739,0.7537,0,,train
2025-04-27 16:00:00,BF.CW.PMP02,cooling_descaling_pump,1.1672,0.0218,52.6337,0.7812,0,,train
2025-04-27 17:00:00,BF.CW.PMP02,cooling_descaling_pump,1.0851,-0.2168,52.5375,0.8172,0,,train
2025-04-27 18:00:00,BF.CW.PMP02,cooling_descaling_pump,1.1387,0.1142,52.1823,0.8736,0,,train
2025-04-27 19:00:00,BF.CW.PMP02,cooling_descaling_pump,1.0333,0.6873,51.9516,0.9351,0,,train
2025-04-27 20:00:00,BF.CW.PMP02,cooling_descaling_pump,1.0622,0.6816,50.1742,0.7403,0,,train
2025-04-27 21:00:00,BF.CW.PMP02,cooling_descaling_pump,0.9549,0.5943,48.7853,0.736,0,,train
2025-04-27 22:00:00,BF.CW.PMP02,cooling_descaling_pump,1.1033,2.4159,50.8516,0.8222,0,,train
2025-04-27 23:00:00,BF.CW.PMP02,cooling_descaling_pump,0.8693,5.2753,50.1713,0.8619,0,,train
2025-04-28 00:00:00,BF.CW.PMP02,cooling_descaling_pump,0.8963,6.8052,50.1329,0.8386,0,,train
2025-04-28 01:00:00,BF.CW.PMP02,cooling_descaling_pump,0.8106,4.9092,49.1506,0.7686,0,,train
2025-04-28 02:00:00,BF.CW.PMP02,cooling_descaling_pump,0.646,1.6155,48.0225,0.7354,0,,train
2025-04-28 03:00:00,BF.CW.PMP02,cooling_descaling_pump,0.8355,0.083,48.2003,0.667,0,,train
2025-04-28 04:00:00,BF.CW.PMP02,cooling_descaling_pump,0.9486,-0.4385,49.3581,0.6947,0,,train
2025-04-28 05:00:00,BF.CW.PMP02,cooling_descaling_pump,0.9163,0.0968,49.0166,0.6687,0,,train
2025-04-28 06:00:00,BF.CW.PMP02,cooling_descaling_pump,0.7494,-0.1096,47.9272,0.683,0,,train
2025-04-28 07:00:00,BF.CW.PMP02,cooling_descaling_pump,0.8438,-0.382,46.8572,0.6605,0,,train
2025-04-28 08:00:00,BF.CW.PMP02,cooling_descaling_pump,0.8533,-0.4591,47.0611,0.7522,0,,train
2025-04-28 09:00:00,BF.CW.PMP02,cooling_descaling_pump,0.9561,-0.4248,47.4726,0.7479,0,,train
2025-04-28 10:00:00,BF.CW.PMP02,cooling_descaling_pump,0.9819,-0.9108,48.3147,0.9298,0,,train
2025-04-28 11:00:00,BF.CW.PMP02,cooling_descaling_pump,1.0833,-1.096,48.1448,0.9122,0,,train
2025-04-28 12:00:00,BF.CW.PMP02,cooling_descaling_pump,1.086,-0.8916,49.0382,0.9852,0,,train
2025-04-28 13:00:00,BF.CW.PMP02,cooling_descaling_pump,1.0225,-1.0885,48.4964,1.0116,0,,train
2025-04-28 14:00:00,BF.CW.PMP02,cooling_descaling_pump,1.1929,-0.3595,49.9345,1.0421,0,,train
2025-04-28 15:00:00,BF.CW.PMP02,cooling_descaling_pump,1.1167,-0.2076,48.179,0.9446,0,,train
2025-04-28 16:00:00,BF.CW.PMP02,cooling_descaling_pump,1.1654,-0.5761,48.8098,0.9836,0,,train
2025-04-28 17:00:00,BF.CW.PMP02,cooling_descaling_pump,1.2194,-0.2006,48.6023,0.9864,0,,train
2025-04-28 18:00:00,BF.CW.PMP02,cooling_descaling_pump,1.4253,0.4907,51.9522,1.1553,0,,train
2025-04-28 19:00:00,BF.CW.PMP02,cooling_descaling_pump,1.2777,0.7094,52.2721,1.2211,0,,train
2025-04-28 20:00:00,BF.CW.PMP02,cooling_descaling_pump,1.3098,0.9974,52.0093,1.2308,0,,train
2025-04-28 21:00:00,BF.CW.PMP02,cooling_descaling_pump,1.2308,0.9989,52.7057,1.292,0,,train
2025-04-28 22:00:00,BF.CW.PMP02,cooling_descaling_pump,1.2148,1.3083,52.1868,1.257,0,,train
2025-04-28 23:00:00,BF.CW.PMP02,cooling_descaling_pump,1.2352,0.8968,52.5073,1.2184,0,,train
2025-04-29 00:00:00,BF.CW.PMP02,cooling_descaling_pump,1.4023,0.1781,53.1416,1.0999,0,,train
2025-04-29 01:00:00,BF.CW.PMP02,cooling_descaling_pump,1.3108,0.5912,53.3829,1.1376,0,,train
2025-04-29 02:00:00,BF.CW.PMP02,cooling_descaling_pump,1.2887,0.6411,54.2445,1.2215,0,,train
2025-04-29 03:00:00,BF.CW.PMP02,cooling_descaling_pump,1.4186,0.7434,56.5234,1.1973,0,,train
2025-04-29 04:00:00,BF.CW.PMP02,cooling_descaling_pump,1.4878,0.5621,58.1617,1.2321,0,,train
2025-04-29 05:00:00,BF.CW.PMP02,cooling_descaling_pump,1.3939,0.1127,57.3453,1.2764,0,,train
2025-04-29 06:00:00,BF.CW.PMP02,cooling_descaling_pump,1.3621,0.0411,56.192,1.2252,0,,train
2025-04-29 07:00:00,BF.CW.PMP02,cooling_descaling_pump,1.4035,0.1967,55.8943,1.1873,0,,train
2025-04-29 08:00:00,BF.CW.PMP02,cooling_descaling_pump,1.2814,0.48,54.7634,1.1624,0,,train
2025-04-29 09:00:00,BF.CW.PMP02,cooling_descaling_pump,1.2663,0.3133,54.976,1.1188,0,,train
2025-04-29 10:00:00,BF.CW.PMP02,cooling_descaling_pump,1.3744,0.3262,54.9149,1.0551,0,,train
2025-04-29 11:00:00,BF.CW.PMP02,cooling_descaling_pump,1.1974,0.1942,53.9563,1.1312,0,,train
2025-04-29 12:00:00,BF.CW.PMP02,cooling_descaling_pump,1.1729,0.1507,53.1932,1.1211,0,,train
2025-04-29 13:00:00,BF.CW.PMP02,cooling_descaling_pump,1.0966,0.3304,52.8423,1.0962,0,,train
2025-04-29 14:00:00,BF.CW.PMP02,cooling_descaling_pump,0.8454,0.1072,50.7713,1.0959,0,,train
2025-04-29 15:00:00,BF.CW.PMP02,cooling_descaling_pump,0.9661,0.3298,51.6725,1.102,0,,train
2025-04-29 16:00:00,BF.CW.PMP02,cooling_descaling_pump,0.8148,0.5879,50.0112,1.0946,0,,train
2025-04-29 17:00:00,BF.CW.PMP02,cooling_descaling_pump,0.875,0.3986,50.3939,1.082,0,,train
2025-04-29 18:00:00,BF.CW.PMP02,cooling_descaling_pump,1.0171,0.7113,49.2992,0.9281,0,,train
2025-04-29 19:00:00,BF.CW.PMP02,cooling_descaling_pump,0.9949,0.1389,49.8484,0.9925,0,,train
2025-04-29 20:00:00,BF.CW.PMP02,cooling_descaling_pump,0.8655,0.0404,50.1165,0.9563,0,,train
2025-04-29 21:00:00,BF.CW.PMP02,cooling_descaling_pump,0.9641,-0.1142,48.6861,0.8893,0,,train
2025-04-29 22:00:00,BF.CW.PMP02,cooling_descaling_pump,1.0663,-0.1943,50.539,0.9559,0,,train
2025-04-29 23:00:00,BF.CW.PMP02,cooling_descaling_pump,1.0829,0.0205,50.5873,0.9726,0,,train
2025-04-30 00:00:00,BF.CW.PMP02,cooling_descaling_pump,1.0149,0.0016,51.2615,1.0337,0,,train
2025-04-30 01:00:00,BF.CW.PMP02,cooling_descaling_pump,1.0319,-0.6652,52.3784,1.094,0,,train
2025-04-30 02:00:00,BF.CW.PMP02,cooling_descaling_pump,1.016,-0.623,52.9781,1.1574,0,,train
2025-04-30 03:00:00,BF.CW.PMP02,cooling_descaling_pump,1.0016,-0.4346,52.7631,1.1012,0,,train
2025-04-30 04:00:00,BF.CW.PMP02,cooling_descaling_pump,0.9314,-0.1872,54.1647,1.1447,0,,train
2025-04-30 05:00:00,BF.CW.PMP02,cooling_descaling_pump,0.8683,0.5215,54.7851,1.2683,0,,train
2025-04-30 06:00:00,BF.CW.PMP02,cooling_descaling_pump,0.8205,0.1256,53.8344,1.2979,0,,train
2025-04-30 07:00:00,BF.CW.PMP02,cooling_descaling_pump,0.8796,0.0508,53.0571,1.298,0,,train
2025-04-30 08:00:00,BF.CW.PMP02,cooling_descaling_pump,0.8993,-0.2996,52.4965,1.2325,0,,train
2025-04-30 09:00:00,BF.CW.PMP02,cooling_descaling_pump,0.8776,0.0476,52.5767,1.2194,0,,train
2025-04-30 10:00:00,BF.CW.PMP02,cooling_descaling_pump,0.8714,0.2625,53.0984,1.2196,0,,train
2025-04-30 11:00:00,BF.CW.PMP02,cooling_descaling_pump,0.8011,1.0806,53.0165,1.2998,0,,train
2025-04-30 12:00:00,BF.CW.PMP02,cooling_descaling_pump,0.7511,1.2056,51.7678,1.3267,0,,train
2025-04-30 13:00:00,BF.CW.PMP02,cooling_descaling_pump,0.8837,0.9456,52.8372,1.3906,0,,train
2025-04-30 14:00:00,BF.CW.PMP02,cooling_descaling_pump,0.884,0.5614,52.98,1.3163,0,,train
2025-04-30 15:00:00,BF.CW.PMP02,cooling_descaling_pump,1.0469,0.2353,54.213,1.2986,0,,train
2025-04-30 16:00:00,BF.CW.PMP02,cooling_descaling_pump,1.0537,0.2573,64.9889,1.2257,0,,train
2025-04-30 17:00:00,BF.CW.PMP02,cooling_descaling_pump,1.2364,0.0549,79.5486,1.2471,0,,train
2025-04-30 18:00:00,BF.CW.PMP02,cooling_descaling_pump,1.1922,0.3504,66.7081,1.1745,0,,train
2025-04-30 19:00:00,BF.CW.PMP02,cooling_descaling_pump,1.1772,0.2335,54.5325,1.2222,0,,train
2025-04-30 20:00:00,BF.CW.PMP02,cooling_descaling_pump,1.2141,0.7797,55.6508,1.2455,0,,train
2025-04-30 21:00:00,BF.CW.PMP02,cooling_descaling_pump,1.2517,0.9269,58.27,1.2512,0,,train
2025-04-30 22:00:00,BF.CW.PMP02,cooling_descaling_pump,1.2595,0.1967,60.7263,1.3404,0,,train
2025-04-30 23:00:00,BF.CW.PMP02,cooling_descaling_pump,1.1588,0.2621,59.9435,1.2888,0,,train
2025-05-01 00:00:00,BF.CW.PMP02,cooling_descaling_pump,1.2028,0.3207,60.4869,1.1584,0,,train
2025-05-01 01:00:00,BF.CW.PMP02,cooling_descaling_pump,1.1334,0.3144,60.8702,1.2369,0,,train
2025-05-01 02:00:00,BF.CW.PMP02,cooling_descaling_pump,1.2787,0.496,61.2515,1.1464,0,,train
2025-05-01 03:00:00,BF.CW.PMP02,cooling_descaling_pump,1.0562,0.832,61.2813,1.1343,0,,train
2025-05-01 04:00:00,BF.CW.PMP02,cooling_descaling_pump,0.9935,0.5225,60.9667,1.0941,0,,train
2025-05-01 05:00:00,BF.CW.PMP02,cooling_descaling_pump,0.874,0.0903,59.0433,1.1087,0,,train
2025-05-01 06:00:00,BF.CW.PMP02,cooling_descaling_pump,0.9721,0.1581,59.2739,1.0101,0,,train
2025-05-01 07:00:00,BF.CW.PMP02,cooling_descaling_pump,1.0084,-0.0607,58.8866,1.0041,0,,train
2025-05-01 08:00:00,BF.CW.PMP02,cooling_descaling_pump,1.0592,-0.1046,58.2471,1.0589,0,,train
2025-05-01 09:00:00,BF.CW.PMP02,cooling_descaling_pump,1.0682,-0.0724,58.4661,1.0567,0,,train
2025-05-01 10:00:00,BF.CW.PMP02,cooling_descaling_pump,1.0855,-0.0537,58.1628,1.114,0,,train
2025-05-01 11:00:00,BF.CW.PMP02,cooling_descaling_pump,1.0969,0.4813,58.9202,1.2466,0,,train
2025-05-01 12:00:00,BF.CW.PMP02,cooling_descaling_pump,1.0358,0.6709,57.617,1.217,0,,train
2025-05-01 13:00:00,BF.CW.PMP02,cooling_descaling_pump,1.1221,0.587,57.6145,1.2949,0,,train
2025-05-01 14:00:00,BF.CW.PMP02,cooling_descaling_pump,1.0823,0.0811,56.4721,1.2188,0,,train
2025-05-01 15:00:00,BF.CW.PMP02,cooling_descaling_pump,1.2135,-0.0815,57.7136,1.2583,0,,train
2025-05-01 16:00:00,BF.CW.PMP02,cooling_descaling_pump,1.3991,0.3914,57.2818,1.1118,0,,train
2025-05-01 17:00:00,BF.CW.PMP02,cooling_descaling_pump,1.3943,0.4599,58.0894,1.1786,0,,train
2025-05-01 18:00:00,BF.CW.PMP02,cooling_descaling_pump,1.4101,0.1711,57.5297,1.1177,0,,train
2025-05-01 19:00:00,BF.CW.PMP02,cooling_descaling_pump,1.5074,-0.1043,59.1225,1.0917,0,,train
2025-05-01 20:00:00,BF.CW.PMP02,cooling_descaling_pump,1.4492,0.0073,59.5449,1.0581,0,,train
2025-05-01 21:00:00,BF.CW.PMP02,cooling_descaling_pump,1.4339,-0.3287,60.6425,1.1634,0,,train
2025-05-01 22:00:00,BF.CW.PMP02,cooling_descaling_pump,1.2951,-0.2376,59.5469,1.1263,0,,train
2025-05-01 23:00:00,BF.CW.PMP02,cooling_descaling_pump,1.2292,-0.9545,59.0027,1.1089,0,,train
2025-05-02 00:00:00,BF.CW.PMP02,cooling_descaling_pump,1.3098,-0.6449,59.0502,1.0925,0,,train
2025-05-02 01:00:00,BF.CW.PMP02,cooling_descaling_pump,1.2218,-0.8503,58.1448,0.9615,0,,train
2025-05-02 02:00:00,BF.CW.PMP02,cooling_descaling_pump,1.156,-0.5705,56.1748,0.9595,0,,train
2025-05-02 03:00:00,BF.CW.PMP02,cooling_descaling_pump,1.2414,-0.5569,57.1154,0.9835,0,,train
2025-05-02 04:00:00,BF.CW.PMP02,cooling_descaling_pump,1.3963,-1.5922,56.5034,0.9013,0,,train
2025-05-02 05:00:00,BF.CW.PMP02,cooling_descaling_pump,1.3809,-1.336,57.0884,0.9885,0,,train
2025-05-02 06:00:00,BF.CW.PMP02,cooling_descaling_pump,1.2896,-1.0641,58.1415,1.0699,0,,train
2025-05-02 07:00:00,BF.CW.PMP02,cooling_descaling_pump,1.2724,-0.3747,57.4777,0.9921,0,,train
2025-05-02 08:00:00,BF.CW.PMP02,cooling_descaling_pump,1.306,-0.2555,57.3932,1.0643,0,,train
2025-05-02 09:00:00,BF.CW.PMP02,cooling_descaling_pump,1.2667,-0.0767,56.8665,1.0094,0,,train
2025-05-02 10:00:00,BF.CW.PMP02,cooling_descaling_pump,1.1338,-0.7457,55.4832,1.0354,0,,train
2025-05-02 11:00:00,BF.CW.PMP02,cooling_descaling_pump,1.2947,-0.4787,55.9117,0.9694,0,,train
2025-05-02 12:00:00,BF.CW.PMP02,cooling_descaling_pump,1.0797,-0.5808,55.2162,0.9715,0,,train
2025-05-02 13:00:00,BF.CW.PMP02,cooling_descaling_pump,1.1214,-0.3105,55.4919,1.0423,0,,train
2025-05-02 14:00:00,BF.CW.PMP02,cooling_descaling_pump,1.2865,-0.5194,55.4015,0.9859,0,,train
2025-05-02 15:00:00,BF.CW.PMP02,cooling_descaling_pump,1.3678,-0.5569,56.7518,1.0606,0,,train
2025-05-02 16:00:00,BF.CW.PMP02,cooling_descaling_pump,1.3353,-1.0085,56.8626,1.0187,0,,train
2025-05-02 17:00:00,BF.CW.PMP02,cooling_descaling_pump,1.2947,-1.1002,56.6338,1.0473,0,,train
2025-05-02 18:00:00,BF.CW.PMP02,cooling_descaling_pump,1.1471,-1.3988,56.1308,1.1078,0,,train
2025-05-02 19:00:00,BF.CW.PMP02,cooling_descaling_pump,0.916,-0.9768,53.0339,1.0141,0,,train
2025-05-02 20:00:00,BF.CW.PMP02,cooling_descaling_pump,0.9409,-0.9692,54.1158,1.0402,0,,train
2025-05-02 21:00:00,BF.CW.PMP02,cooling_descaling_pump,1.0617,-0.544,54.9038,1.0817,0,,train
2025-05-02 22:00:00,BF.CW.PMP02,cooling_descaling_pump,1.1652,-0.3922,56.3439,1.0895,0,,train
2025-05-02 23:00:00,BF.CW.PMP02,cooling_descaling_pump,1.1479,-0.7659,57.9269,1.1681,0,,train
2025-05-03 00:00:00,BF.CW.PMP02,cooling_descaling_pump,0.9707,-1.6505,58.1542,1.2298,0,,train
2025-05-03 01:00:00,BF.CW.PMP02,cooling_descaling_pump,0.9026,-1.6293,58.4421,1.1688,0,,train
2025-05-03 02:00:00,BF.CW.PMP02,cooling_descaling_pump,0.9834,-1.1319,59.1122,1.234,0,,train
2025-05-03 03:00:00,BF.CW.PMP02,cooling_descaling_pump,1.0615,-1.1397,59.1954,1.2237,0,,train
2025-05-03 04:00:00,BF.CW.PMP02,cooling_descaling_pump,0.9786,-0.9608,59.7827,1.1798,0,,train
2025-05-03 05:00:00,BF.CW.PMP02,cooling_descaling_pump,0.8095,-1.0965,59.7479,1.2449,0,,train
2025-05-03 06:00:00,BF.CW.PMP02,cooling_descaling_pump,0.8169,-1.112,59.4506,1.1585,0,,train
2025-05-03 07:00:00,BF.CW.PMP02,cooling_descaling_pump,0.9063,-1.6722,59.1473,1.0872,0,,train
2025-05-03 08:00:00,BF.CW.PMP02,cooling_descaling_pump,0.804,-1.9502,57.0936,1.0632,0,,train
2025-05-03 09:00:00,BF.CW.PMP02,cooling_descaling_pump,0.8302,-1.4103,56.5164,0.9668,0,,train
2025-05-03 10:00:00,BF.CW.PMP02,cooling_descaling_pump,0.8683,-1.2691,55.9351,0.9014,0,,train
2025-05-03 11:00:00,BF.CW.PMP02,cooling_descaling_pump,0.8651,-1.8548,55.3831,0.929,0,,train
2025-05-03 12:00:00,BF.CW.PMP02,cooling_descaling_pump,0.8113,-2.0426,55.9222,0.9921,0,,train
2025-05-03 13:00:00,BF.CW.PMP02,cooling_descaling_pump,1.0363,-1.9421,56.8334,1.0636,0,,train
2025-05-03 14:00:00,BF.CW.PMP02,cooling_descaling_pump,1.1239,-2.2235,56.4164,1.1059,0,,train
2025-05-03 15:00:00,BF.CW.PMP02,cooling_descaling_pump,1.1733,-2.0335,56.5633,1.0597,0,,train
2025-05-03 16:00:00,BF.CW.PMP02,cooling_descaling_pump,1.0548,-1.5948,55.146,0.9061,0,,train
2025-05-03 17:00:00,BF.CW.PMP02,cooling_descaling_pump,1.0895,-1.4386,53.1261,0.7375,0,,train
2025-05-03 18:00:00,BF.CW.PMP02,cooling_descaling_pump,1.0197,-1.2535,53.0753,0.7015,0,,train
2025-05-03 19:00:00,BF.CW.PMP02,cooling_descaling_pump,1.0207,-1.4888,52.2033,0.641,0,,train
2025-05-03 20:00:00,BF.CW.PMP02,cooling_descaling_pump,1.0464,-1.3853,54.4272,0.7518,0,,train
2025-05-03 21:00:00,BF.CW.PMP02,cooling_descaling_pump,1.0287,-2.0837,54.4461,0.764,0,,train
2025-05-03 22:00:00,BF.CW.PMP02,cooling_descaling_pump,0.89,-1.3547,52.7423,0.8019,0,,train
2025-05-03 23:00:00,BF.CW.PMP02,cooling_descaling_pump,0.918,-1.2119,54.0429,0.8312,0,,train
2025-05-04 00:00:00,BF.CW.PMP02,cooling_descaling_pump,1.0059,-1.0115,54.7133,0.8289,0,,train
2025-05-04 01:00:00,BF.CW.PMP02,cooling_descaling_pump,1.0173,-1.5503,54.37,0.8479,0,,train
2025-05-04 02:00:00,BF.CW.PMP02,cooling_descaling_pump,1.1248,-1.9008,55.8052,0.8941,0,,train
2025-05-04 03:00:00,BF.CW.PMP02,cooling_descaling_pump,1.0605,-1.772,56.0202,0.9525,0,,train
2025-05-04 04:00:00,BF.CW.PMP02,cooling_descaling_pump,0.8947,-2.2777,55.8644,0.9431,0,,train
2025-05-04 05:00:00,BF.CW.PMP02,cooling_descaling_pump,0.7973,-1.757,54.9765,0.944,0,,train
2025-05-04 06:00:00,BF.CW.PMP02,cooling_descaling_pump,1.0203,-0.861,56.4386,0.994,0,,train
2025-05-04 07:00:00,BF.CW.PMP02,cooling_descaling_pump,1.0054,-1.2593,55.3635,0.9928,0,,train
2025-05-04 08:00:00,BF.CW.PMP02,cooling_descaling_pump,0.8307,-1.4731,54.3867,1.0528,0,,train
2025-05-04 09:00:00,BF.CW.PMP02,cooling_descaling_pump,0.8386,-1.11,53.8988,1.0317,0,,train
2025-05-04 10:00:00,BF.CW.PMP02,cooling_descaling_pump,0.9451,-0.1802,53.7276,0.9279,0,,train
2025-05-04 11:00:00,BF.CW.PMP02,cooling_descaling_pump,1.0721,-0.0328,52.936,0.8327,0,,train
2025-05-04 12:00:00,BF.CW.PMP02,cooling_descaling_pump,1.1391,0.4792,52.2546,0.8385,0,,train
2025-05-04 13:00:00,BF.CW.PMP02,cooling_descaling_pump,1.094,0.1016,51.4426,0.8627,0,,train
2025-05-04 14:00:00,BF.CW.PMP02,cooling_descaling_pump,1.1014,-0.057,50.1516,0.8423,0,,train
2025-05-04 15:00:00,BF.CW.PMP02,cooling_descaling_pump,1.0754,0.2338,48.5366,0.7553,0,,train
2025-05-04 16:00:00,BF.CW.PMP02,cooling_descaling_pump,1.2433,-0.1848,49.3604,0.7629,0,,train
2025-05-04 17:00:00,BF.CW.PMP02,cooling_descaling_pump,1.1535,-0.0771,49.4905,0.8071,0,,train
2025-05-04 18:00:00,BF.CW.PMP02,cooling_descaling_pump,1.1057,-0.2838,48.9339,0.8066,0,,train
2025-05-04 19:00:00,BF.CW.PMP02,cooling_descaling_pump,0.973,-0.0002,48.3948,0.9192,0,,train
2025-05-04 20:00:00,BF.CW.PMP02,cooling_descaling_pump,1.0197,0.1469,48.7084,0.8531,0,,train
2025-05-04 21:00:00,BF.CW.PMP02,cooling_descaling_pump,1.2012,0.2346,50.1604,0.8678,0,,train
2025-05-04 22:00:00,BF.CW.PMP02,cooling_descaling_pump,1.1641,0.1927,,,0,,train
2025-05-04 23:00:00,BF.CW.PMP02,cooling_descaling_pump,1.1934,-0.0579,51.7286,0.9055,0,,train
2025-05-05 00:00:00,BF.CW.PMP02,cooling_descaling_pump,1.0767,-0.8368,51.8526,0.9001,0,,train
2025-05-05 01:00:00,BF.CW.PMP02,cooling_descaling_pump,1.1042,-0.437,53.4571,1.0311,0,,train
2025-05-05 02:00:00,BF.CW.PMP02,cooling_descaling_pump,1.1085,0.268,53.7355,1.0735,0,,train
2025-05-05 03:00:00,BF.CW.PMP02,cooling_descaling_pump,1.0868,0.1802,54.1199,1.0116,0,,train
2025-05-05 04:00:00,BF.CW.PMP02,cooling_descaling_pump,1.1062,-0.4687,54.4318,1.1042,0,,train
2025-05-05 05:00:00,BF.CW.PMP02,cooling_descaling_pump,1.0098,-0.3286,54.6209,1.1238,0,,train
2025-05-05 06:00:00,BF.CW.PMP02,cooling_descaling_pump,1.0106,0.3018,54.2324,1.1379,0,,train
2025-05-05 07:00:00,BF.CW.PMP02,cooling_descaling_pump,0.9251,0.2533,53.9764,1.1781,0,,train
2025-05-05 08:00:00,BF.CW.PMP02,cooling_descaling_pump,0.7713,0.4829,52.2972,1.1223,0,,train
2025-05-05 09:00:00,BF.CW.PMP02,cooling_descaling_pump,0.9463,-0.1699,53.002,1.0906,0,,train
2025-05-05 10:00:00,BF.CW.PMP02,cooling_descaling_pump,0.9541,0.2314,52.1974,1.0967,0,,train
2025-05-05 11:00:00,BF.CW.PMP02,cooling_descaling_pump,0.8996,-0.2078,52.5246,1.1687,0,,train
2025-05-05 12:00:00,BF.CW.PMP02,cooling_descaling_pump,0.7017,0.663,50.8482,1.1927,0,,train
2025-05-05 13:00:00,BF.CW.PMP02,cooling_descaling_pump,0.6123,0.3106,50.0388,1.1556,0,,train
2025-05-05 14:00:00,BF.CW.PMP02,cooling_descaling_pump,0.7735,0.4578,49.0085,0.9079,0,,train
2025-05-05 15:00:00,BF.CW.PMP02,cooling_descaling_pump,0.9452,0.5912,49.6308,0.9206,0,,train
2025-05-05 16:00:00,BF.CW.PMP02,cooling_descaling_pump,0.8946,1.348,48.1161,0.8174,0,,train
2025-05-05 17:00:00,BF.CW.PMP02,cooling_descaling_pump,0.9084,1.0749,47.7655,0.7905,0,,train
2025-05-05 18:00:00,BF.CW.PMP02,cooling_descaling_pump,0.9393,1.0342,47.7709,0.8251,0,,train
2025-05-05 19:00:00,BF.CW.PMP02,cooling_descaling_pump,1.0766,0.9069,48.6217,0.9012,0,,train
2025-05-05 20:00:00,BF.CW.PMP02,cooling_descaling_pump,1.0431,0.0758,48.4864,0.9355,0,,train
2025-05-05 21:00:00,BF.CW.PMP02,cooling_descaling_pump,1.0412,0.1449,48.6084,0.9432,0,,train
2025-05-05 22:00:00,BF.CW.PMP02,cooling_descaling_pump,1.062,-0.2338,48.8513,0.9433,0,,train
2025-05-05 23:00:00,BF.CW.PMP02,cooling_descaling_pump,0.9348,-0.1337,47.5492,0.8473,0,,train
2025-05-06 00:00:00,BF.CW.PMP02,cooling_descaling_pump,1.1257,-0.6603,48.5387,0.8477,0,,train
2025-05-06 01:00:00,BF.CW.PMP02,cooling_descaling_pump,1.1613,-0.1512,49.4725,0.8771,0,,train
2025-05-06 02:00:00,BF.CW.PMP02,cooling_descaling_pump,1.1598,0.1259,49.1931,0.9197,0,,train
2025-05-06 03:00:00,BF.CW.PMP02,cooling_descaling_pump,1.1188,-0.8499,49.5948,0.96,0,,train
2025-05-06 04:00:00,BF.CW.PMP02,cooling_descaling_pump,1.2307,-0.6329,50.1217,0.873,0,,train
2025-05-06 05:00:00,BF.CW.PMP02,cooling_descaling_pump,1.1042,-0.8155,50.7627,0.984,0,,train
2025-05-06 06:00:00,BF.CW.PMP02,cooling_descaling_pump,1.1324,-0.8002,51.9715,0.9861,0,,train
2025-05-06 07:00:00,BF.CW.PMP02,cooling_descaling_pump,1.3021,-1.2546,52.6252,0.9757,0,,train
2025-05-06 08:00:00,BF.CW.PMP02,cooling_descaling_pump,1.2527,-0.8727,53.9314,1.1619,0,,train
2025-05-06 09:00:00,BF.CW.PMP02,cooling_descaling_pump,1.2005,-0.4293,53.7912,1.1286,0,,train
2025-05-06 10:00:00,BF.CW.PMP02,cooling_descaling_pump,1.2373,-0.8891,53.2383,1.1044,0,,train
2025-05-06 11:00:00,BF.CW.PMP02,cooling_descaling_pump,1.1235,-1.024,51.3023,1.0739,0,,train
2025-05-06 12:00:00,BF.CW.PMP02,cooling_descaling_pump,1.0304,-0.9378,50.1942,1.0894,0,,train
2025-05-06 13:00:00,BF.CW.PMP02,cooling_descaling_pump,0.936,-0.7332,50.2085,1.1211,0,,train
2025-05-06 14:00:00,BF.CW.PMP02,cooling_descaling_pump,1.045,-0.9598,49.4076,1.0518,0,,train
2025-05-06 15:00:00,BF.CW.PMP02,cooling_descaling_pump,0.9966,-1.3227,47.4071,1.0145,0,,train
2025-05-06 16:00:00,BF.CW.PMP02,cooling_descaling_pump,1.086,-0.5727,48.2622,1.0593,0,,train
2025-05-06 17:00:00,BF.CW.PMP02,cooling_descaling_pump,0.9857,0.244,47.4409,1.0266,0,,train
2025-05-06 18:00:00,BF.CW.PMP02,cooling_descaling_pump,0.9113,0.4163,48.3347,1.1587,0,,train
2025-05-06 19:00:00,BF.CW.PMP02,cooling_descaling_pump,0.8405,0.1378,49.6334,1.2474,0,,train
2025-05-06 20:00:00,BF.CW.PMP02,cooling_descaling_pump,0.7204,0.0357,47.833,1.0738,0,,train
2025-05-06 21:00:00,BF.CW.PMP02,cooling_descaling_pump,0.8499,0.0242,49.7626,1.2103,0,,train
2025-05-06 22:00:00,BF.CW.PMP02,cooling_descaling_pump,0.8841,0.0369,50.8017,1.1788,0,,train
2025-05-06 23:00:00,BF.CW.PMP02,cooling_descaling_pump,1.1025,-0.2703,52.8353,1.1917,0,,train
2025-05-07 00:00:00,BF.CW.PMP02,cooling_descaling_pump,1.2771,-0.7196,54.1083,1.1811,0,,train
2025-05-07 01:00:00,BF.CW.PMP02,cooling_descaling_pump,1.3994,-0.5551,55.3249,1.202,0,,train
2025-05-07 02:00:00,BF.CW.PMP02,cooling_descaling_pump,1.3967,-0.6139,54.1316,1.118,0,,train
2025-05-07 03:00:00,BF.CW.PMP02,cooling_descaling_pump,1.4303,-0.0821,56.1202,1.1322,0,,train
2025-05-07 04:00:00,BF.CW.PMP02,cooling_descaling_pump,1.3976,-0.1156,56.0281,1.1418,0,,train
2025-05-07 05:00:00,BF.CW.PMP02,cooling_descaling_pump,1.4164,0.4629,57.3991,1.1868,0,,train
2025-05-07 06:00:00,BF.CW.PMP02,cooling_descaling_pump,1.5118,0.7726,58.4844,1.2762,0,,train
2025-05-07 07:00:00,BF.CW.PMP02,cooling_descaling_pump,1.4953,0.7573,58.1023,1.2819,0,,train
2025-05-07 08:00:00,BF.CW.PMP02,cooling_descaling_pump,1.1325,-0.1084,57.2631,1.415,0,,train
2025-05-07 09:00:00,BF.CW.PMP02,cooling_descaling_pump,1.0903,0.4116,56.892,1.3545,0,,train
2025-05-07 10:00:00,BF.CW.PMP02,cooling_descaling_pump,1.0395,-0.3476,56.4213,1.4045,0,,train
2025-05-07 11:00:00,BF.CW.PMP02,cooling_descaling_pump,1.1169,-0.27,55.5282,1.3124,0,,train
2025-05-07 12:00:00,BF.CW.PMP02,cooling_descaling_pump,1.0392,-0.3545,55.5594,1.3381,0,,train
2025-05-07 13:00:00,BF.CW.PMP02,cooling_descaling_pump,1.0503,-0.3167,54.0394,1.3733,0,,train
2025-05-07 14:00:00,BF.CW.PMP02,cooling_descaling_pump,1.1315,-0.5928,56.423,1.5076,0,,train
2025-05-07 15:00:00,BF.CW.PMP02,cooling_descaling_pump,1.2353,-1.2708,55.8197,1.4448,0,,train
2025-05-07 16:00:00,BF.CW.PMP02,cooling_descaling_pump,1.0682,-1.812,54.1263,1.4309,0,,train
2025-05-07 17:00:00,BF.CW.PMP02,cooling_descaling_pump,1.0122,-1.2763,52.587,1.3238,0,,train
2025-05-07 18:00:00,BF.CW.PMP02,cooling_descaling_pump,1.0519,-1.0333,53.1084,1.3054,0,,train
2025-05-07 19:00:00,BF.CW.PMP02,cooling_descaling_pump,1.302,-0.9408,56.2032,1.4741,0,,train
2025-05-07 20:00:00,BF.CW.PMP02,cooling_descaling_pump,1.3434,-1.2972,56.3354,1.4421,0,,train
2025-05-07 21:00:00,BF.CW.PMP02,cooling_descaling_pump,1.328,-0.7166,56.8044,1.4948,0,,train
2025-05-07 22:00:00,BF.CW.PMP02,cooling_descaling_pump,1.4921,-1.1337,58.0613,1.4201,0,,train
2025-05-07 23:00:00,BF.CW.PMP02,cooling_descaling_pump,1.4846,-0.3028,57.2899,1.411,0,,train
2025-05-08 00:00:00,BF.CW.PMP02,cooling_descaling_pump,1.3236,-0.2737,56.8846,1.3386,0,,train
2025-05-08 01:00:00,BF.CW.PMP02,cooling_descaling_pump,1.5044,-0.1141,57.4861,1.3338,0,,train
2025-05-08 02:00:00,BF.CW.PMP02,cooling_descaling_pump,1.3157,-0.0143,55.6042,1.2398,0,,train
2025-05-08 03:00:00,BF.CW.PMP02,cooling_descaling_pump,1.2003,0.6876,55.4168,1.2398,0,,train
2025-05-08 04:00:00,BF.CW.PMP02,cooling_descaling_pump,1.1009,0.8212,55.2273,1.2666,0,,train
2025-05-08 05:00:00,BF.CW.PMP02,cooling_descaling_pump,1.0264,0.6075,54.0272,1.2098,0,,train
2025-05-08 06:00:00,BF.CW.PMP02,cooling_descaling_pump,0.8725,0.3953,53.7752,1.1833,0,,train
2025-05-08 07:00:00,BF.CW.PMP02,cooling_descaling_pump,1.1547,0.2391,52.9751,1.0061,0,,train
2025-05-08 08:00:00,BF.CW.PMP02,cooling_descaling_pump,1.1449,0.1628,52.0951,0.9856,0,,train
2025-05-08 09:00:00,BF.CW.PMP02,cooling_descaling_pump,1.0947,0.15,50.5887,0.8867,0,,train
2025-05-08 10:00:00,BF.CW.PMP02,cooling_descaling_pump,1.0877,0.9575,49.5856,0.8342,0,,train
2025-05-08 11:00:00,BF.CW.PMP02,cooling_descaling_pump,1.1377,1.7556,49.8963,0.7949,0,,train
2025-05-08 12:00:00,BF.CW.PMP02,cooling_descaling_pump,1.3162,1.8683,51.3069,0.8831,0,,train
2025-05-08 13:00:00,BF.CW.PMP02,cooling_descaling_pump,1.3633,1.5221,49.9343,0.8365,0,,train
2025-05-08 14:00:00,BF.CW.PMP02,cooling_descaling_pump,1.2968,0.9293,48.9252,0.8388,0,,train
2025-05-08 15:00:00,BF.CW.PMP02,cooling_descaling_pump,1.4813,0.9626,49.9456,0.9131,0,,train
2025-05-08 16:00:00,BF.CW.PMP02,cooling_descaling_pump,1.4138,1.2438,49.5031,0.9658,0,,train
2025-05-08 17:00:00,BF.CW.PMP02,cooling_descaling_pump,1.2849,1.0234,46.9852,0.8031,0,,train
2025-05-08 18:00:00,BF.CW.PMP02,cooling_descaling_pump,1.139,0.7284,45.6603,0.7822,0,,train
2025-05-08 19:00:00,BF.CW.PMP02,cooling_descaling_pump,1.1411,0.4518,46.5211,0.8376,0,,train
2025-05-08 20:00:00,BF.CW.PMP02,cooling_descaling_pump,1.2472,0.3635,47.608,0.8259,0,,train
2025-05-08 21:00:00,BF.CW.PMP02,cooling_descaling_pump,1.3677,-0.0432,49.7181,0.9322,0,,train
2025-05-08 22:00:00,BF.CW.PMP02,cooling_descaling_pump,1.3401,-1.0526,50.9349,0.9589,0,,train
2025-05-08 23:00:00,BF.CW.PMP02,cooling_descaling_pump,1.3242,-1.2606,51.2075,0.9061,0,,train
2025-05-09 00:00:00,BF.CW.PMP02,cooling_descaling_pump,1.3324,-1.0978,52.1375,0.9452,0,,train
2025-05-09 01:00:00,BF.CW.PMP02,cooling_descaling_pump,1.192,-0.1967,50.0613,0.8523,0,,train
2025-05-09 02:00:00,BF.CW.PMP02,cooling_descaling_pump,1.1999,-0.3346,50.0404,0.8397,0,,train
2025-05-09 03:00:00,BF.CW.PMP02,cooling_descaling_pump,1.3276,-1.1413,51.282,0.8636,0,,train
2025-05-09 04:00:00,BF.CW.PMP02,cooling_descaling_pump,1.1675,-1.139,50.5957,0.8945,0,,train
2025-05-09 05:00:00,BF.CW.PMP02,cooling_descaling_pump,1.3293,-0.8392,52.4601,0.9474,0,,train
2025-05-09 06:00:00,BF.CW.PMP02,cooling_descaling_pump,1.2392,-0.5883,52.0479,0.9852,0,,train
2025-05-09 07:00:00,BF.CW.PMP02,cooling_descaling_pump,1.2746,-0.3081,51.372,0.9083,0,,train
2025-05-09 08:00:00,BF.CW.PMP02,cooling_descaling_pump,1.1572,-0.5103,50.9946,1.0024,0,,train
2025-05-09 09:00:00,BF.CW.PMP02,cooling_descaling_pump,1.2985,-0.924,51.3001,1.0945,0,,train
2025-05-09 10:00:00,BF.CW.PMP02,cooling_descaling_pump,1.2246,-0.9678,50.3699,1.0192,0,,train
2025-05-09 11:00:00,BF.CW.PMP02,cooling_descaling_pump,1.2949,-0.782,51.0133,1.0729,0,,train
2025-05-09 12:00:00,BF.CW.PMP02,cooling_descaling_pump,1.1617,-0.3685,50.7147,1.1087,0,,train
2025-05-09 13:00:00,BF.CW.PMP02,cooling_descaling_pump,1.1907,-0.561,50.7844,1.0983,0,,train
2025-05-09 14:00:00,BF.CW.PMP02,cooling_descaling_pump,1.1421,-0.2336,50.825,1.1162,0,,train
2025-05-09 15:00:00,BF.CW.PMP02,cooling_descaling_pump,1.2368,-0.6481,49.5332,0.902,0,,train
2025-05-09 16:00:00,BF.CW.PMP02,cooling_descaling_pump,1.1897,-0.4744,48.075,0.8534,0,,train
2025-05-09 17:00:00,BF.CW.PMP02,cooling_descaling_pump,1.2627,-0.9525,48.0178,0.8678,0,,train
2025-05-09 18:00:00,BF.CW.PMP02,cooling_descaling_pump,1.1586,-1.1684,46.7816,0.9338,0,,train
2025-05-09 19:00:00,BF.CW.PMP02,cooling_descaling_pump,1.0793,-1.1591,47.4257,0.9266,0,,train
2025-05-09 20:00:00,BF.CW.PMP02,cooling_descaling_pump,0.9706,-1.2302,48.0991,0.9758,0,,train
2025-05-09 21:00:00,BF.CW.PMP02,cooling_descaling_pump,1.008,-1.2138,49.3256,0.9946,0,,train
2025-05-09 22:00:00,BF.CW.PMP02,cooling_descaling_pump,1.0967,-1.1132,50.0629,1.0603,0,,train
2025-05-09 23:00:00,BF.CW.PMP02,cooling_descaling_pump,1.2485,-0.9543,49.676,0.9788,0,,train
2025-05-10 00:00:00,BF.CW.PMP02,cooling_descaling_pump,1.25,-0.8922,51.3687,1.0344,0,,train
2025-05-10 01:00:00,BF.CW.PMP02,cooling_descaling_pump,1.4741,-0.964,53.5047,0.9028,0,,train
2025-05-10 02:00:00,BF.CW.PMP02,cooling_descaling_pump,1.5769,-0.8155,53.432,0.8623,0,,train
2025-05-10 03:00:00,BF.CW.PMP02,cooling_descaling_pump,1.4958,-0.8403,52.7208,0.7572,0,,train
2025-05-10 04:00:00,BF.CW.PMP02,cooling_descaling_pump,1.3792,-0.926,53.006,0.7988,0,,train
2025-05-10 05:00:00,BF.CW.PMP02,cooling_descaling_pump,1.3569,-0.6539,53.1684,0.7249,0,,train
2025-05-10 06:00:00,BF.CW.PMP02,cooling_descaling_pump,1.53,-0.7157,53.6016,0.7515,0,,train
2025-05-10 07:00:00,BF.CW.PMP02,cooling_descaling_pump,1.4134,-0.2277,54.7774,0.8434,0,,train
2025-05-10 08:00:00,BF.CW.PMP02,cooling_descaling_pump,1.3508,0.0537,54.7776,0.8712,0,,train
2025-05-10 09:00:00,BF.CW.PMP02,cooling_descaling_pump,1.3657,0.3298,54.669,0.9097,0,,train
2025-05-10 10:00:00,BF.CW.PMP02,cooling_descaling_pump,1.4323,-0.1547,54.843,0.9054,0,,train
2025-05-10 11:00:00,BF.CW.PMP02,cooling_descaling_pump,1.3519,-0.0055,53.8326,0.8941,0,,train
2025-05-10 12:00:00,BF.CW.PMP02,cooling_descaling_pump,1.212,-0.4305,53.0102,0.9958,0,,train
2025-05-10 13:00:00,BF.CW.PMP02,cooling_descaling_pump,1.2111,-0.3977,52.0668,0.9065,0,,train
2025-05-10 14:00:00,BF.CW.PMP02,cooling_descaling_pump,1.13,-0.3742,52.31,0.9714,0,,train
2025-05-10 15:00:00,BF.CW.PMP02,cooling_descaling_pump,1.1435,-0.6181,52.0206,0.9205,0,,train
2025-05-10 16:00:00,BF.CW.PMP02,cooling_descaling_pump,1.1649,-0.6967,50.9829,0.9037,0,,train
2025-05-10 17:00:00,BF.CW.PMP02,cooling_descaling_pump,1.0511,-0.7796,50.8836,0.932,0,,train
2025-05-10 18:00:00,BF.CW.PMP02,cooling_descaling_pump,0.965,-0.5625,50.6434,0.8865,0,,train
2025-05-10 19:00:00,BF.CW.PMP02,cooling_descaling_pump,0.9452,-0.0142,50.733,0.9147,0,,train
2025-05-10 20:00:00,BF.CW.PMP02,cooling_descaling_pump,1.0535,0.0896,52.8024,1.0681,0,,train
2025-05-10 21:00:00,BF.CW.PMP02,cooling_descaling_pump,1.1467,-0.414,53.0329,1.0423,0,,train
2025-05-10 22:00:00,BF.CW.PMP02,cooling_descaling_pump,1.146,-0.4991,53.8289,0.9366,0,,train
2025-05-10 23:00:00,BF.CW.PMP02,cooling_descaling_pump,1.179,1.8691,53.6383,0.8937,0,,train
2025-05-11 00:00:00,BF.CW.PMP02,cooling_descaling_pump,1.2212,4.8502,54.586,0.9216,0,,train
2025-05-11 01:00:00,BF.CW.PMP02,cooling_descaling_pump,1.0602,5.2936,52.5681,0.8448,0,,train
2025-05-11 02:00:00,BF.CW.PMP02,cooling_descaling_pump,1.0782,1.2401,52.9832,0.754,0,,train
2025-05-11 03:00:00,BF.CW.PMP02,cooling_descaling_pump,1.1968,-1.2173,53.9987,0.7706,0,,train
2025-05-11 04:00:00,BF.CW.PMP02,cooling_descaling_pump,1.2293,-1.4517,54.8257,0.8075,0,,train
2025-05-11 05:00:00,BF.CW.PMP02,cooling_descaling_pump,1.1141,-1.1337,53.3786,0.7556,0,,train
2025-05-11 06:00:00,BF.CW.PMP02,cooling_descaling_pump,1.1895,-0.5934,52.9067,0.6922,0,,train
2025-05-11 07:00:00,BF.CW.PMP02,cooling_descaling_pump,1.265,-0.1982,53.4183,0.7352,0,,train
2025-05-11 08:00:00,BF.CW.PMP02,cooling_descaling_pump,1.2976,-0.3385,54.4225,0.7741,0,,train
2025-05-11 09:00:00,BF.CW.PMP02,cooling_descaling_pump,1.1452,-0.5688,53.2264,0.8324,0,,train
2025-05-11 10:00:00,BF.CW.PMP02,cooling_descaling_pump,1.1131,0.2537,52.5498,0.8962,0,,train
2025-05-11 11:00:00,BF.CW.PMP02,cooling_descaling_pump,1.2024,1.11,53.306,0.8479,0,,train
2025-05-11 12:00:00,BF.CW.PMP02,cooling_descaling_pump,1.1672,1.7062,51.1685,0.7491,0,,train
2025-05-11 13:00:00,BF.CW.PMP02,cooling_descaling_pump,1.1207,1.9869,49.7183,0.7188,0,,train
2025-05-11 14:00:00,BF.CW.PMP02,cooling_descaling_pump,1.071,1.6585,49.9466,0.7749,0,,train
2025-05-11 15:00:00,BF.CW.PMP02,cooling_descaling_pump,1.113,1.5825,49.0982,0.8,0,,train
2025-05-11 16:00:00,BF.CW.PMP02,cooling_descaling_pump,1.1061,0.8519,46.3589,0.7456,0,,train
2025-05-11 17:00:00,BF.CW.PMP02,cooling_descaling_pump,1.1477,0.5123,46.3173,0.7022,0,,train
2025-05-11 18:00:00,BF.CW.PMP02,cooling_descaling_pump,1.2232,0.666,45.9902,0.6659,0,,train
2025-05-11 19:00:00,BF.CW.PMP02,cooling_descaling_pump,1.2066,0.3778,45.5825,0.6742,0,,train
2025-05-11 20:00:00,BF.CW.PMP02,cooling_descaling_pump,1.204,0.9768,46.1631,0.6521,0,,train
2025-05-11 21:00:00,BF.CW.PMP02,cooling_descaling_pump,1.1051,1.1343,46.8853,0.7214,0,,train
2025-05-11 22:00:00,BF.CW.PMP02,cooling_descaling_pump,1.2005,1.1562,48.9524,0.8944,0,,train
2025-05-11 23:00:00,BF.CW.PMP02,cooling_descaling_pump,1.3011,1.7194,48.0885,0.7422,0,,train
2025-05-12 00:00:00,BF.CW.PMP02,cooling_descaling_pump,1.2229,0.7359,48.1866,0.6941,0,,train
2025-05-12 01:00:00,BF.CW.PMP02,cooling_descaling_pump,1.3535,0.2636,50.0674,0.6938,0,,train
2025-05-12 02:00:00,BF.CW.PMP02,cooling_descaling_pump,1.3921,0.029,51.7485,0.7423,0,,train
2025-05-12 03:00:00,BF.CW.PMP02,cooling_descaling_pump,1.353,-0.4067,52.791,0.8822,0,,train
2025-05-12 04:00:00,BF.CW.PMP02,cooling_descaling_pump,1.2883,0.3287,53.4172,0.8917,0,,train
2025-05-12 05:00:00,BF.CW.PMP02,cooling_descaling_pump,1.1253,0.3309,52.5485,0.8117,0,,train
2025-05-12 06:00:00,BF.CW.PMP02,cooling_descaling_pump,0.9323,0.1177,51.9649,0.8663,0,,train
2025-05-12 07:00:00,BF.CW.PMP02,cooling_descaling_pump,0.9285,-0.6425,51.5699,0.8526,0,,train
2025-05-12 08:00:00,BF.CW.PMP02,cooling_descaling_pump,1.0196,-0.7096,50.5805,0.8304,0,,train
2025-05-12 09:00:00,BF.CW.PMP02,cooling_descaling_pump,0.9735,-0.6429,49.4196,0.7762,0,,train
2025-05-12 10:00:00,BF.CW.PMP02,cooling_descaling_pump,1.0735,-1.0146,52.8206,0.9962,0,,train
2025-05-12 11:00:00,BF.CW.PMP02,cooling_descaling_pump,1.192,-1.2758,52.4493,0.9829,0,,train
2025-05-12 12:00:00,BF.CW.PMP02,cooling_descaling_pump,1.2313,-1.0152,51.8331,0.9905,0,,train
2025-05-12 13:00:00,BF.CW.PMP02,cooling_descaling_pump,1.0693,-1.5456,50.6301,0.9653,0,,train
2025-05-12 14:00:00,BF.CW.PMP02,cooling_descaling_pump,1.1307,-1.7893,50.1794,1.0015,0,,train
2025-05-12 15:00:00,BF.CW.PMP02,cooling_descaling_pump,1.1915,-1.4109,50.8223,1.0279,0,,train
2025-05-12 16:00:00,BF.CW.PMP02,cooling_descaling_pump,1.1082,-1.5413,51.1542,1.0471,0,,train
2025-05-12 17:00:00,BF.CW.PMP02,cooling_descaling_pump,1.0196,-0.8196,51.7886,1.1688,0,,train
2025-05-12 18:00:00,BF.CW.PMP02,cooling_descaling_pump,1.1593,0.047,51.3129,1.1427,0,,train
2025-05-12 19:00:00,BF.CW.PMP02,cooling_descaling_pump,1.1997,-0.6077,51.9611,1.048,0,,train
2025-05-12 20:00:00,BF.CW.PMP02,cooling_descaling_pump,1.1454,-1.0433,52.0432,1.1223,0,,train
2025-05-12 21:00:00,BF.CW.PMP02,cooling_descaling_pump,1.166,-1.51,53.6768,1.1283,0,,train
2025-05-12 22:00:00,BF.CW.PMP02,cooling_descaling_pump,1.2842,-1.4434,54.7319,1.0535,0,,train
2025-05-12 23:00:00,BF.CW.PMP02,cooling_descaling_pump,1.187,-1.2388,53.976,0.9881,0,,train
2025-05-13 00:00:00,BF.CW.PMP02,cooling_descaling_pump,1.256,-1.2317,55.6519,1.0465,0,,train
2025-05-13 01:00:00,BF.CW.PMP02,cooling_descaling_pump,1.0946,-0.7921,55.343,1.1022,0,,train
2025-05-13 02:00:00,BF.CW.PMP02,cooling_descaling_pump,1.0426,-0.9243,54.3726,0.9841,0,,train
2025-05-13 03:00:00,BF.CW.PMP02,cooling_descaling_pump,0.9034,-0.7174,53.4742,0.9758,0,,train
2025-05-13 04:00:00,BF.CW.PMP02,cooling_descaling_pump,0.8153,-0.4621,51.1236,0.8725,0,,train
2025-05-13 05:00:00,BF.CW.PMP02,cooling_descaling_pump,0.6574,-0.7068,50.0982,0.9135,0,,train
2025-05-13 06:00:00,BF.CW.PMP02,cooling_descaling_pump,0.7395,-0.7007,51.6369,1.0467,0,,train
2025-05-13 07:00:00,BF.CW.PMP02,cooling_descaling_pump,0.738,-0.3347,49.2619,0.9942,0,,train
2025-05-13 08:00:00,BF.CW.PMP02,cooling_descaling_pump,0.6532,-0.449,48.145,0.8796,0,,train
2025-05-13 09:00:00,BF.CW.PMP02,cooling_descaling_pump,0.5682,-0.4067,48.168,0.9334,0,,train
2025-05-13 10:00:00,BF.CW.PMP02,cooling_descaling_pump,0.6681,-0.0877,49.38,0.9142,0,,train
2025-05-13 11:00:00,BF.CW.PMP02,cooling_descaling_pump,0.691,-0.1585,47.7914,0.8405,0,,train
2025-05-13 12:00:00,BF.CW.PMP02,cooling_descaling_pump,0.6488,-0.2826,48.2175,0.9914,0,,train
2025-05-13 13:00:00,BF.CW.PMP02,cooling_descaling_pump,0.7723,-0.1873,48.128,1.0473,0,,train
2025-05-13 14:00:00,BF.CW.PMP02,cooling_descaling_pump,0.7805,-0.0048,47.4095,0.9745,0,,train
2025-05-13 15:00:00,BF.CW.PMP02,cooling_descaling_pump,0.8503,0.2361,48.1685,0.9237,0,,train
2025-05-13 16:00:00,BF.CW.PMP02,cooling_descaling_pump,0.8403,-0.3369,48.2339,0.9749,0,,train
2025-05-13 17:00:00,BF.CW.PMP02,cooling_descaling_pump,0.8872,-0.2722,48.3523,0.9556,0,,train
2025-05-13 18:00:00,BF.CW.PMP02,cooling_descaling_pump,0.9601,0.2608,48.1438,0.896,0,,train
2025-05-13 19:00:00,BF.CW.PMP02,cooling_descaling_pump,0.9615,0.6752,47.7099,0.9071,0,,train
2025-05-13 20:00:00,BF.CW.PMP02,cooling_descaling_pump,1.1133,0.9095,48.9411,0.9034,0,,train
2025-05-13 21:00:00,BF.CW.PMP02,cooling_descaling_pump,1.2948,0.974,49.2735,0.9539,0,,train
2025-05-13 22:00:00,BF.CW.PMP02,cooling_descaling_pump,1.3389,1.1655,50.3907,1.0099,0,,train
2025-05-13 23:00:00,BF.CW.PMP02,cooling_descaling_pump,1.1884,1.1394,49.5919,1.075,0,,train
2025-05-14 00:00:00,BF.CW.PMP02,cooling_descaling_pump,1.006,1.0052,48.5294,0.9287,0,,train
2025-05-14 01:00:00,BF.CW.PMP02,cooling_descaling_pump,1.1133,0.8832,49.0179,0.9146,0,,train
2025-05-14 02:00:00,BF.CW.PMP02,cooling_descaling_pump,1.0533,0.7688,47.3208,0.8732,0,,train
2025-05-14 03:00:00,BF.CW.PMP02,cooling_descaling_pump,1.0037,0.1188,47.3376,0.8587,0,,train
2025-05-14 04:00:00,BF.CW.PMP02,cooling_descaling_pump,1.0277,0.5212,46.7906,0.7907,0,,train
2025-05-14 05:00:00,BF.CW.PMP02,cooling_descaling_pump,1.0279,0.6418,47.3089,0.8599,0,,train
2025-05-14 06:00:00,BF.CW.PMP02,cooling_descaling_pump,1.0161,0.1722,48.553,0.9163,0,,train
2025-05-14 07:00:00,BF.CW.PMP02,cooling_descaling_pump,1.0122,-0.4701,49.3643,1.0284,0,,train
2025-05-14 08:00:00,BF.CW.PMP02,cooling_descaling_pump,1.0431,0.4443,49.3371,0.9457,0,,train
2025-05-14 09:00:00,BF.CW.PMP02,cooling_descaling_pump,1.0897,0.4321,49.965,1.0818,0,,train
2025-05-14 10:00:00,BF.CW.PMP02,cooling_descaling_pump,1.2398,-0.4953,51.3327,1.0834,0,,train
2025-05-14 11:00:00,BF.CW.PMP02,cooling_descaling_pump,1.2728,-0.4966,51.8882,1.1093,0,,train
2025-05-14 12:00:00,BF.CW.PMP02,cooling_descaling_pump,1.3527,-0.0246,52.1265,1.1196,0,,train
2025-05-14 13:00:00,BF.CW.PMP02,cooling_descaling_pump,1.4517,-0.2802,51.55,1.0212,0,,train
2025-05-14 14:00:00,BF.CW.PMP02,cooling_descaling_pump,1.3915,-0.7753,50.4532,0.922,0,,train
2025-05-14 15:00:00,BF.CW.PMP02,cooling_descaling_pump,1.261,-0.8366,51.0382,1.0862,0,,train
2025-05-14 16:00:00,BF.CW.PMP02,cooling_descaling_pump,1.2856,-0.5647,51.0731,1.1401,0,,train
2025-05-14 17:00:00,BF.CW.PMP02,cooling_descaling_pump,1.3343,-0.7836,51.9688,1.2827,0,,train
2025-05-14 18:00:00,BF.CW.PMP02,cooling_descaling_pump,1.3493,-1.3398,51.1743,1.178,0,,train
2025-05-14 19:00:00,BF.CW.PMP02,cooling_descaling_pump,1.2567,-1.3891,50.9949,1.1097,0,,train
2025-05-14 20:00:00,BF.CW.PMP02,cooling_descaling_pump,1.0979,-1.2194,49.6974,1.084,0,,train
2025-05-14 21:00:00,BF.CW.PMP02,cooling_descaling_pump,1.1312,-1.2221,50.4296,1.0576,0,,train
2025-05-14 22:00:00,BF.CW.PMP02,cooling_descaling_pump,1.1291,-0.7265,49.6861,0.88,0,,train
2025-05-14 23:00:00,BF.CW.PMP02,cooling_descaling_pump,1.1577,-0.4306,49.734,0.9267,0,,train
2025-05-15 00:00:00,BF.CW.PMP02,cooling_descaling_pump,1.2327,0.2975,50.3024,0.9038,0,,train
2025-05-15 01:00:00,BF.CW.PMP02,cooling_descaling_pump,1.1198,0.1777,51.371,1.0177,0,,train
2025-05-15 02:00:00,BF.CW.PMP02,cooling_descaling_pump,1.0903,0.7774,52.5605,1.09,0,,train
2025-05-15 03:00:00,BF.CW.PMP02,cooling_descaling_pump,1.1609,0.9634,51.7473,1.1082,0,,train
2025-05-15 04:00:00,BF.CW.PMP02,cooling_descaling_pump,1.1042,0.7405,52.5169,1.2168,0,,train
2025-05-15 05:00:00,BF.CW.PMP02,cooling_descaling_pump,1.1329,0.248,52.5209,1.1694,0,,train
2025-05-15 06:00:00,BF.CW.PMP02,cooling_descaling_pump,0.9788,0.2043,52.5309,1.2375,0,,train
2025-05-15 07:00:00,BF.CW.PMP02,cooling_descaling_pump,0.9705,0.5259,52.2085,1.111,0,,train
2025-05-15 08:00:00,BF.CW.PMP02,cooling_descaling_pump,0.9036,0.9775,52.2451,1.2015,0,,train
2025-05-15 09:00:00,BF.CW.PMP02,cooling_descaling_pump,0.9172,0.6607,49.8918,1.086,0,,train
2025-05-15 10:00:00,BF.CW.PMP02,cooling_descaling_pump,0.889,0.3233,49.4287,1.0257,0,,train
2025-05-15 11:00:00,BF.CW.PMP02,cooling_descaling_pump,0.735,0.0267,49.0611,1.0444,0,,train
2025-05-15 12:00:00,BF.CW.PMP02,cooling_descaling_pump,0.8606,0.2654,48.278,1.0267,0,,train
2025-05-15 13:00:00,BF.CW.PMP02,cooling_descaling_pump,0.9593,0.0618,48.801,1.1287,0,,train
2025-05-15 14:00:00,BF.CW.PMP02,cooling_descaling_pump,0.945,0.0448,48.299,1.1051,0,,train
2025-05-15 15:00:00,BF.CW.PMP02,cooling_descaling_pump,0.8815,-0.1979,47.3461,1.085,0,,train
2025-05-15 16:00:00,BF.CW.PMP02,cooling_descaling_pump,0.8612,0.1515,46.9794,1.1132,0,,train
2025-05-15 17:00:00,BF.CW.PMP02,cooling_descaling_pump,0.9587,-0.7341,48.2197,1.1451,0,,train
2025-05-15 18:00:00,BF.CW.PMP02,cooling_descaling_pump,0.8151,-0.1278,48.6609,1.1966,0,,train
2025-05-15 19:00:00,BF.CW.PMP02,cooling_descaling_pump,0.884,-0.551,49.1884,1.1414,0,,train
2025-05-15 20:00:00,BF.CW.PMP02,cooling_descaling_pump,0.8264,-0.2611,49.1967,1.1042,0,,train
2025-05-15 21:00:00,BF.CW.PMP02,cooling_descaling_pump,0.8841,0.154,48.7934,1.0094,0,,train
2025-05-15 22:00:00,BF.CW.PMP02,cooling_descaling_pump,0.9553,-0.0517,48.5578,0.9823,0,,train
2025-05-15 23:00:00,BF.CW.PMP02,cooling_descaling_pump,0.8437,-0.3917,47.3601,0.9529,0,,train
2025-05-16 00:00:00,BF.CW.PMP02,cooling_descaling_pump,0.7917,-0.8169,49.2851,1.0922,0,,train
2025-05-16 01:00:00,BF.CW.PMP02,cooling_descaling_pump,0.8842,-0.7711,51.7486,1.1531,0,,train
2025-05-16 02:00:00,BF.CW.PMP02,cooling_descaling_pump,0.7405,-0.9937,49.6508,0.9456,0,,train
2025-05-16 03:00:00,BF.CW.PMP02,cooling_descaling_pump,0.7897,-0.7675,49.6008,0.9395,0,,train
2025-05-16 04:00:00,BF.CW.PMP02,cooling_descaling_pump,0.8617,-1.6135,51.2628,0.9359,0,,train
2025-05-16 05:00:00,BF.CW.PMP02,cooling_descaling_pump,0.8513,-1.8364,51.328,0.9,0,,train
2025-05-16 06:00:00,BF.CW.PMP02,cooling_descaling_pump,0.9296,-1.4832,53.2943,1.0324,0,,train
2025-05-16 07:00:00,BF.CW.PMP02,cooling_descaling_pump,1.0256,-1.4114,54.4103,0.9063,0,,train
2025-05-16 08:00:00,BF.CW.PMP02,cooling_descaling_pump,1.0889,-1.1292,53.7305,0.9683,0,,train
2025-05-16 09:00:00,BF.CW.PMP02,cooling_descaling_pump,1.1909,-1.3054,55.0434,0.9437,0,,train
2025-05-16 10:00:00,BF.CW.PMP02,cooling_descaling_pump,1.224,-0.5356,54.5525,0.9053,0,,train
2025-05-16 11:00:00,BF.CW.PMP02,cooling_descaling_pump,1.1736,-0.934,53.8092,0.9378,0,,train
2025-05-16 12:00:00,BF.CW.PMP02,cooling_descaling_pump,1.0542,-1.6125,54.1626,0.9837,0,,train
2025-05-16 13:00:00,BF.CW.PMP02,cooling_descaling_pump,1.0462,-1.5676,54.1828,0.9697,0,,train
2025-05-16 14:00:00,BF.CW.PMP02,cooling_descaling_pump,1.1735,-1.5059,53.1966,0.8646,0,,train
2025-05-16 15:00:00,BF.CW.PMP02,cooling_descaling_pump,1.2265,-0.9491,53.4944,0.9533,0,,train
2025-05-16 16:00:00,BF.CW.PMP02,cooling_descaling_pump,1.284,-1.0602,53.9838,1.0104,0,,train
2025-05-16 17:00:00,BF.CW.PMP02,cooling_descaling_pump,1.2916,-1.0782,54.5194,1.0566,0,,train
2025-05-16 18:00:00,BF.CW.PMP02,cooling_descaling_pump,1.2039,-0.8574,53.8123,0.9885,0,,train
2025-05-16 19:00:00,BF.CW.PMP02,cooling_descaling_pump,1.0667,-1.1592,51.4663,0.8784,0,,train
2025-05-16 20:00:00,BF.CW.PMP02,cooling_descaling_pump,0.8753,-1.3994,50.4943,0.9264,0,,train
2025-05-16 21:00:00,BF.CW.PMP02,cooling_descaling_pump,0.8229,-0.6238,51.098,0.998,0,,train
2025-05-16 22:00:00,BF.CW.PMP02,cooling_descaling_pump,0.8395,-1.2058,51.3596,0.9941,0,,train
2025-05-16 23:00:00,BF.CW.PMP02,cooling_descaling_pump,0.8187,-0.623,51.8302,0.9426,0,,train
2025-05-17 00:00:00,BF.CW.PMP02,cooling_descaling_pump,0.7205,-0.877,53.4095,1.1098,0,,train
2025-05-17 01:00:00,BF.CW.PMP02,cooling_descaling_pump,0.6917,-0.7423,52.4491,0.9905,0,,train
2025-05-17 02:00:00,BF.CW.PMP02,cooling_descaling_pump,0.7247,-0.5571,52.8413,1.0096,0,,train
2025-05-17 03:00:00,BF.CW.PMP02,cooling_descaling_pump,0.7502,0.0861,52.8019,0.9666,0,,train
2025-05-17 04:00:00,BF.CW.PMP02,cooling_descaling_pump,0.7537,0.5286,52.8481,1.0105,0,,train
2025-05-17 05:00:00,BF.CW.PMP02,cooling_descaling_pump,0.7628,0.9221,53.4262,1.0636,0,,train
2025-05-17 06:00:00,BF.CW.PMP02,cooling_descaling_pump,0.9188,0.3516,54.2292,1.147,0,,train
2025-05-17 07:00:00,BF.CW.PMP02,cooling_descaling_pump,0.8459,0.1984,53.5229,1.1853,0,,train
2025-05-17 08:00:00,BF.CW.PMP02,cooling_descaling_pump,0.8481,-0.4571,52.952,1.2159,0,,train
2025-05-17 09:00:00,BF.CW.PMP02,cooling_descaling_pump,0.6238,-0.8214,50.7882,1.1327,0,,train
2025-05-17 10:00:00,BF.CW.PMP02,cooling_descaling_pump,0.6829,-0.457,49.2826,1.1272,0,,train
2025-05-17 11:00:00,BF.CW.PMP02,cooling_descaling_pump,0.8042,-0.5777,50.5062,1.0999,0,,train
2025-05-17 12:00:00,BF.CW.PMP02,cooling_descaling_pump,0.8371,-0.4401,50.9873,1.0966,0,,train
2025-05-17 13:00:00,BF.CW.PMP02,cooling_descaling_pump,0.6731,0.1006,51.4508,1.1556,0,,train
2025-05-17 14:00:00,BF.CW.PMP02,cooling_descaling_pump,0.6269,0.0645,50.2696,1.115,0,,train
2025-05-17 15:00:00,BF.CW.PMP02,cooling_descaling_pump,0.6196,0.6748,50.9212,1.1799,0,,train
2025-05-17 16:00:00,BF.CW.PMP02,cooling_descaling_pump,0.4741,0.2841,48.6509,1.1079,0,,train
2025-05-17 17:00:00,BF.CW.PMP02,cooling_descaling_pump,0.4829,0.1909,48.4333,0.9957,0,,train
2025-05-17 18:00:00,BF.CW.PMP02,cooling_descaling_pump,0.718,0.6901,49.3144,1.016,0,,train
2025-05-17 19:00:00,BF.CW.PMP02,cooling_descaling_pump,0.666,0.6035,49.413,1.0386,0,,train
2025-05-17 20:00:00,BF.CW.PMP02,cooling_descaling_pump,0.6362,-0.1665,48.4772,0.9669,0,,train
2025-05-17 21:00:00,BF.CW.PMP02,cooling_descaling_pump,0.6695,0.2296,48.9325,1.0229,0,,train
2025-05-17 22:00:00,BF.CW.PMP02,cooling_descaling_pump,0.6425,0.8207,49.2204,1.0642,0,,train
2025-05-17 23:00:00,BF.CW.PMP02,cooling_descaling_pump,0.7492,0.7489,49.4052,0.9493,0,,train
2025-05-18 00:00:00,BF.CW.PMP02,cooling_descaling_pump,0.8293,0.4709,51.1818,0.9749,0,,train
2025-05-18 01:00:00,BF.CW.PMP02,cooling_descaling_pump,0.8256,0.738,51.6358,1.1259,0,,train
2025-05-18 02:00:00,BF.CW.PMP02,cooling_descaling_pump,0.844,1.1938,51.2958,1.0603,0,,train
2025-05-18 03:00:00,BF.CW.PMP02,cooling_descaling_pump,0.8121,1.5834,51.7037,1.0551,0,,train
2025-05-18 04:00:00,BF.CW.PMP02,cooling_descaling_pump,0.7041,1.571,52.2188,1.1254,0,,train
2025-05-18 05:00:00,BF.CW.PMP02,cooling_descaling_pump,0.6171,0.86,51.9943,1.1025,0,,train
2025-05-18 06:00:00,BF.CW.PMP02,cooling_descaling_pump,0.6022,-0.0185,52.1507,1.0962,0,,train
2025-05-18 07:00:00,BF.CW.PMP02,cooling_descaling_pump,0.7679,-0.5843,52.1809,1.0378,0,,train
2025-05-18 08:00:00,BF.CW.PMP02,cooling_descaling_pump,0.9555,-0.9152,52.0125,0.9996,0,,train
2025-05-18 09:00:00,BF.CW.PMP02,cooling_descaling_pump,1.069,-0.8933,51.4527,0.9328,0,,train
2025-05-18 10:00:00,BF.CW.PMP02,cooling_descaling_pump,0.9857,-1.1545,51.8607,0.9461,0,,train
2025-05-18 11:00:00,BF.CW.PMP02,cooling_descaling_pump,0.8649,-1.1022,50.3368,0.955,0,,train
2025-05-18 12:00:00,BF.CW.PMP02,cooling_descaling_pump,0.8093,-0.7625,48.7119,0.886,0,,train
2025-05-18 13:00:00,BF.CW.PMP02,cooling_descaling_pump,0.8038,-0.8141,48.8583,0.8576,0,,train
2025-05-18 14:00:00,BF.CW.PMP02,cooling_descaling_pump,0.7262,-0.4743,48.6503,0.9112,0,,train
2025-05-18 15:00:00,BF.CW.PMP02,cooling_descaling_pump,0.81,-0.1934,49.5062,0.895,0,,train
2025-05-18 16:00:00,BF.CW.PMP02,cooling_descaling_pump,0.806,-0.1882,48.1328,0.9296,0,,train
2025-05-18 17:00:00,BF.CW.PMP02,cooling_descaling_pump,0.7771,-0.9279,46.6472,0.8547,0,,train
2025-05-18 18:00:00,BF.CW.PMP02,cooling_descaling_pump,0.7968,-0.8339,45.8916,0.8677,0,,train
2025-05-18 19:00:00,BF.CW.PMP02,cooling_descaling_pump,0.8276,-0.983,46.058,0.9939,0,,train
2025-05-18 20:00:00,BF.CW.PMP02,cooling_descaling_pump,0.7905,-1.1613,46.3064,0.9914,0,,train
2025-05-18 21:00:00,BF.CW.PMP02,cooling_descaling_pump,0.7393,-1.496,46.6497,1.0335,0,,train
2025-05-18 22:00:00,BF.CW.PMP02,cooling_descaling_pump,0.8649,-1.7311,48.0866,1.0251,0,,train
2025-05-18 23:00:00,BF.CW.PMP02,cooling_descaling_pump,0.8865,-1.0333,48.7341,0.9803,0,,train
2025-05-19 00:00:00,BF.CW.PMP02,cooling_descaling_pump,0.9699,-1.2618,50.0992,1.0691,0,,train
2025-05-19 01:00:00,BF.CW.PMP02,cooling_descaling_pump,1.0832,-1.2007,51.59,1.0377,0,,train
2025-05-19 02:00:00,BF.CW.PMP02,cooling_descaling_pump,1.1603,-0.9734,51.5725,0.9533,0,,train
2025-05-19 03:00:00,BF.CW.PMP02,cooling_descaling_pump,1.1484,-0.7693,51.9932,0.924,0,,train
2025-05-19 04:00:00,BF.CW.PMP02,cooling_descaling_pump,1.0558,-0.8264,52.1398,0.9192,0,,train
2025-05-19 05:00:00,BF.CW.PMP02,cooling_descaling_pump,0.9697,-0.533,51.9002,0.9597,0,,train
2025-05-19 06:00:00,BF.CW.PMP02,cooling_descaling_pump,1.0539,-0.8616,52.2488,0.9227,0,,train
2025-05-19 07:00:00,BF.CW.PMP02,cooling_descaling_pump,0.9738,-0.458,52.0879,0.9966,0,BF.CW.PMP02::E03,train
2025-05-19 08:00:00,BF.CW.PMP02,cooling_descaling_pump,1.0433,-0.3507,52.5004,1.0754,0,BF.CW.PMP02::E03,train
2025-05-19 09:00:00,BF.CW.PMP02,cooling_descaling_pump,0.9908,-0.0223,51.9857,1.0901,0,BF.CW.PMP02::E03,train
2025-05-19 10:00:00,BF.CW.PMP02,cooling_descaling_pump,1.0561,-0.1987,50.701,1.0625,0,BF.CW.PMP02::E03,train
2025-05-19 11:00:00,BF.CW.PMP02,cooling_descaling_pump,1.3365,-0.2826,52.2192,1.0776,0,BF.CW.PMP02::E03,train
2025-05-19 12:00:00,BF.CW.PMP02,cooling_descaling_pump,1.2306,-0.8142,51.5105,1.1712,0,BF.CW.PMP02::E03,train
2025-05-19 13:00:00,BF.CW.PMP02,cooling_descaling_pump,1.1694,-1.0358,49.3007,1.0632,0,BF.CW.PMP02::E03,train
2025-05-19 14:00:00,BF.CW.PMP02,cooling_descaling_pump,1.007,-1.1184,47.9082,1.0331,0,BF.CW.PMP02::E03,train
2025-05-19 15:00:00,BF.CW.PMP02,cooling_descaling_pump,0.9443,-0.6814,46.8521,1.043,0,BF.CW.PMP02::E03,train
2025-05-19 16:00:00,BF.CW.PMP02,cooling_descaling_pump,0.9931,-0.5602,46.2674,0.9777,0,BF.CW.PMP02::E03,train
2025-05-19 17:00:00,BF.CW.PMP02,cooling_descaling_pump,1.2033,-0.2754,47.0055,0.9386,0,BF.CW.PMP02::E03,train
2025-05-19 18:00:00,BF.CW.PMP02,cooling_descaling_pump,1.365,-0.473,49.1783,0.9614,0,BF.CW.PMP02::E03,train
2025-05-19 19:00:00,BF.CW.PMP02,cooling_descaling_pump,1.2481,-0.4233,47.7841,0.9624,0,BF.CW.PMP02::E03,train
2025-05-19 20:00:00,BF.CW.PMP02,cooling_descaling_pump,1.165,-0.6991,47.2584,0.9365,0,BF.CW.PMP02::E03,train
2025-05-19 21:00:00,BF.CW.PMP02,cooling_descaling_pump,1.2895,-0.8192,48.6963,0.9379,0,BF.CW.PMP02::E03,train
2025-05-19 22:00:00,BF.CW.PMP02,cooling_descaling_pump,1.2521,-0.584,49.4668,0.9732,0,BF.CW.PMP02::E03,train
2025-05-19 23:00:00,BF.CW.PMP02,cooling_descaling_pump,1.1261,-0.8578,49.2025,0.9531,0,BF.CW.PMP02::E03,train
2025-05-20 00:00:00,BF.CW.PMP02,cooling_descaling_pump,1.1269,0.0042,49.5755,0.9212,0,BF.CW.PMP02::E03,train
2025-05-20 01:00:00,BF.CW.PMP02,cooling_descaling_pump,0.9359,-0.0707,49.0931,0.9576,0,BF.CW.PMP02::E03,train
2025-05-20 02:00:00,BF.CW.PMP02,cooling_descaling_pump,1.0095,-0.1712,49.0478,0.9302,0,BF.CW.PMP02::E03,train
2025-05-20 03:00:00,BF.CW.PMP02,cooling_descaling_pump,1.0529,-0.1502,49.7955,0.9455,0,BF.CW.PMP02::E03,train
2025-05-20 04:00:00,BF.CW.PMP02,cooling_descaling_pump,0.9276,0.1685,48.7188,0.8859,0,BF.CW.PMP02::E03,train
2025-05-20 05:00:00,BF.CW.PMP02,cooling_descaling_pump,0.8361,0.6696,48.9649,0.9312,0,BF.CW.PMP02::E03,train
2025-05-20 06:00:00,BF.CW.PMP02,cooling_descaling_pump,0.8774,-0.0543,50.5644,1.0054,0,BF.CW.PMP02::E03,train
2025-05-20 07:00:00,BF.CW.PMP02,cooling_descaling_pump,0.9251,0.6324,51.2165,0.9744,0,BF.CW.PMP02::E03,train
2025-05-20 08:00:00,BF.CW.PMP02,cooling_descaling_pump,0.958,0.8862,51.243,0.9649,0,BF.CW.PMP02::E03,train
2025-05-20 09:00:00,BF.CW.PMP02,cooling_descaling_pump,1.0226,1.1824,52.9483,1.0007,0,BF.CW.PMP02::E03,train
2025-05-20 10:00:00,BF.CW.PMP02,cooling_descaling_pump,1.1734,1.4425,51.6691,0.8931,0,BF.CW.PMP02::E03,train
2025-05-20 11:00:00,BF.CW.PMP02,cooling_descaling_pump,1.0843,2.0506,50.8072,0.955,0,BF.CW.PMP02::E03,train
2025-05-20 12:00:00,BF.CW.PMP02,cooling_descaling_pump,1.2724,2.1321,51.3084,0.8463,0,BF.CW.PMP02::E03,train
2025-05-20 13:00:00,BF.CW.PMP02,cooling_descaling_pump,1.2834,2.4839,51.0606,0.8391,0,BF.CW.PMP02::E03,train
2025-05-20 14:00:00,BF.CW.PMP02,cooling_descaling_pump,1.2508,2.1671,51.1993,0.849,0,BF.CW.PMP02::E03,train
2025-05-20 15:00:00,BF.CW.PMP02,cooling_descaling_pump,1.3354,2.3013,51.2346,0.8603,0,BF.CW.PMP02::E03,train
2025-05-20 16:00:00,BF.CW.PMP02,cooling_descaling_pump,1.1605,1.4611,50.5307,0.9272,0,BF.CW.PMP02::E03,train
2025-05-20 17:00:00,BF.CW.PMP02,cooling_descaling_pump,0.9153,1.2253,49.4415,0.968,0,BF.CW.PMP02::E03,train
2025-05-20 18:00:00,BF.CW.PMP02,cooling_descaling_pump,0.9274,1.3357,48.1755,0.867,0,BF.CW.PMP02::E03,train
2025-05-20 19:00:00,BF.CW.PMP02,cooling_descaling_pump,1.0204,1.1906,50.292,0.9445,0,BF.CW.PMP02::E03,train
2025-05-20 20:00:00,BF.CW.PMP02,cooling_descaling_pump,0.971,1.0391,50.5972,1.0677,0,BF.CW.PMP02::E03,train
2025-05-20 21:00:00,BF.CW.PMP02,cooling_descaling_pump,1.1929,1.0656,52.3087,1.015,0,BF.CW.PMP02::E03,train
2025-05-20 22:00:00,BF.CW.PMP02,cooling_descaling_pump,1.0124,1.0841,52.7378,1.0306,0,BF.CW.PMP02::E03,train
2025-05-20 23:00:00,BF.CW.PMP02,cooling_descaling_pump,1.0893,0.8486,54.046,1.0937,0,BF.CW.PMP02::E03,train
2025-05-21 00:00:00,BF.CW.PMP02,cooling_descaling_pump,1.0306,0.866,52.2597,0.9195,0,BF.CW.PMP02::E03,train
2025-05-21 01:00:00,BF.CW.PMP02,cooling_descaling_pump,1.1045,1.2152,52.6711,0.8552,0,BF.CW.PMP02::E03,train
2025-05-21 02:00:00,BF.CW.PMP02,cooling_descaling_pump,1.0258,0.6131,51.3913,0.7803,0,BF.CW.PMP02::E03,train
2025-05-21 03:00:00,BF.CW.PMP02,cooling_descaling_pump,1.0636,0.7864,51.878,0.7887,0,BF.CW.PMP02::E03,train
2025-05-21 04:00:00,BF.CW.PMP02,cooling_descaling_pump,1.1408,1.2312,52.8147,0.8019,0,BF.CW.PMP02::E03,train
2025-05-21 05:00:00,BF.CW.PMP02,cooling_descaling_pump,1.1014,1.0831,52.8308,0.7197,0,BF.CW.PMP02::E03,train
2025-05-21 06:00:00,BF.CW.PMP02,cooling_descaling_pump,1.251,1.1243,54.2098,0.8093,0,BF.CW.PMP02::E03,train
2025-05-21 07:00:00,BF.CW.PMP02,cooling_descaling_pump,1.1529,0.5845,55.2247,0.8434,0,BF.CW.PMP02::E03,train
2025-05-21 08:00:00,BF.CW.PMP02,cooling_descaling_pump,1.2284,0.5888,55.4313,0.8343,0,BF.CW.PMP02::E03,train
2025-05-21 09:00:00,BF.CW.PMP02,cooling_descaling_pump,1.2478,0.2138,55.3565,0.8308,0,BF.CW.PMP02::E03,train
2025-05-21 10:00:00,BF.CW.PMP02,cooling_descaling_pump,1.4398,0.3985,56.2134,0.8921,0,BF.CW.PMP02::E03,train
2025-05-21 11:00:00,BF.CW.PMP02,cooling_descaling_pump,1.4143,0.1356,55.5855,0.9005,0,BF.CW.PMP02::E03,train
2025-05-21 12:00:00,BF.CW.PMP02,cooling_descaling_pump,1.4336,0.5067,54.8686,0.8962,0,BF.CW.PMP02::E03,train
2025-05-21 13:00:00,BF.CW.PMP02,cooling_descaling_pump,1.4122,0.185,53.3578,0.7956,0,BF.CW.PMP02::E03,train
2025-05-21 14:00:00,BF.CW.PMP02,cooling_descaling_pump,1.3963,0.4682,53.707,0.8665,0,BF.CW.PMP02::E03,train
2025-05-21 15:00:00,BF.CW.PMP02,cooling_descaling_pump,1.4944,0.6026,52.4748,0.8495,0,BF.CW.PMP02::E03,train
2025-05-21 16:00:00,BF.CW.PMP02,cooling_descaling_pump,1.4009,0.6729,51.2933,0.9265,0,BF.CW.PMP02::E03,train
2025-05-21 17:00:00,BF.CW.PMP02,cooling_descaling_pump,1.4241,0.585,51.2698,0.8705,0,BF.CW.PMP02::E03,train
2025-05-21 18:00:00,BF.CW.PMP02,cooling_descaling_pump,1.5565,-0.3717,51.3619,0.9048,0,BF.CW.PMP02::E03,train
2025-05-21 19:00:00,BF.CW.PMP02,cooling_descaling_pump,1.4008,-0.0355,50.9238,0.9339,0,BF.CW.PMP02::E03,train
2025-05-21 20:00:00,BF.CW.PMP02,cooling_descaling_pump,1.4533,0.343,51.4836,0.7897,0,BF.CW.PMP02::E03,train
2025-05-21 21:00:00,BF.CW.PMP02,cooling_descaling_pump,1.4517,0.3241,52.7405,0.8026,0,BF.CW.PMP02::E03,train
2025-05-21 22:00:00,BF.CW.PMP02,cooling_descaling_pump,1.44,0.1379,51.519,0.778,0,BF.CW.PMP02::E03,train
2025-05-21 23:00:00,BF.CW.PMP02,cooling_descaling_pump,1.5742,-0.0561,53.4087,0.8414,0,BF.CW.PMP02::E03,train
2025-05-22 00:00:00,BF.CW.PMP02,cooling_descaling_pump,1.4636,-0.4681,53.5661,0.8447,0,BF.CW.PMP02::E03,train
2025-05-22 01:00:00,BF.CW.PMP02,cooling_descaling_pump,1.4325,-0.4946,54.3903,0.9309,0,BF.CW.PMP02::E03,train
2025-05-22 02:00:00,BF.CW.PMP02,cooling_descaling_pump,1.2667,-1.088,54.3006,0.987,0,BF.CW.PMP02::E03,train
2025-05-22 03:00:00,BF.CW.PMP02,cooling_descaling_pump,1.2731,-1.455,54.7759,1.0786,0,BF.CW.PMP02::E03,train
2025-05-22 04:00:00,BF.CW.PMP02,cooling_descaling_pump,1.1247,-1.4121,54.8666,1.0569,0,BF.CW.PMP02::E03,train
2025-05-22 05:00:00,BF.CW.PMP02,cooling_descaling_pump,1.1063,-1.3843,54.298,1.0766,0,BF.CW.PMP02::E03,train
2025-05-22 06:00:00,BF.CW.PMP02,cooling_descaling_pump,1.073,-1.8636,54.4071,1.0563,0,BF.CW.PMP02::E03,train
2025-05-22 07:00:00,BF.CW.PMP02,cooling_descaling_pump,1.0085,-2.0719,53.5259,1.01,0,BF.CW.PMP02::E03,train
2025-05-22 08:00:00,BF.CW.PMP02,cooling_descaling_pump,1.1023,-2.55,52.9058,0.9075,0,BF.CW.PMP02::E03,train
2025-05-22 09:00:00,BF.CW.PMP02,cooling_descaling_pump,1.1494,-3.2773,53.2432,0.9646,0,BF.CW.PMP02::E03,train
2025-05-22 10:00:00,BF.CW.PMP02,cooling_descaling_pump,1.2112,-2.8632,52.5952,0.9452,0,BF.CW.PMP02::E03,train
2025-05-22 11:00:00,BF.CW.PMP02,cooling_descaling_pump,1.1776,-3.1959,51.3298,1.0094,0,BF.CW.PMP02::E03,train
2025-05-22 12:00:00,BF.CW.PMP02,cooling_descaling_pump,1.1907,-3.2229,50.8772,1.0961,0,BF.CW.PMP02::E03,train
2025-05-22 13:00:00,BF.CW.PMP02,cooling_descaling_pump,1.2494,-2.2982,50.865,1.1477,0,BF.CW.PMP02::E03,train
2025-05-22 14:00:00,BF.CW.PMP02,cooling_descaling_pump,1.3019,-1.6458,50.9404,1.175,0,BF.CW.PMP02::E03,train
2025-05-22 15:00:00,BF.CW.PMP02,cooling_descaling_pump,,-1.6428,50.1746,,0,BF.CW.PMP02::E03,train
2025-05-22 16:00:00,BF.CW.PMP02,cooling_descaling_pump,1.3002,-1.5813,51.9189,1.2967,0,BF.CW.PMP02::E03,train
2025-05-22 17:00:00,BF.CW.PMP02,cooling_descaling_pump,1.4745,-1.7497,52.9007,1.2699,0,BF.CW.PMP02::E03,train
2025-05-22 18:00:00,BF.CW.PMP02,cooling_descaling_pump,1.4536,-2.2526,52.7063,1.2829,0,BF.CW.PMP02::E03,train
2025-05-22 19:00:00,BF.CW.PMP02,cooling_descaling_pump,1.495,-1.8389,53.3679,1.3245,0,BF.CW.PMP02::E03,train
2025-05-22 20:00:00,BF.CW.PMP02,cooling_descaling_pump,1.5669,-1.0998,55.5338,1.3774,0,BF.CW.PMP02::E03,train
2025-05-22 21:00:00,BF.CW.PMP02,cooling_descaling_pump,1.6503,-0.7186,56.3137,1.3994,0,BF.CW.PMP02::E03,train
2025-05-22 22:00:00,BF.CW.PMP02,cooling_descaling_pump,1.6952,-0.3679,57.2604,1.4056,0,BF.CW.PMP02::E03,train
2025-05-22 23:00:00,BF.CW.PMP02,cooling_descaling_pump,1.5461,-0.5022,57.0005,1.3609,0,BF.CW.PMP02::E03,train
2025-05-23 00:00:00,BF.CW.PMP02,cooling_descaling_pump,1.4646,-0.4987,57.6356,1.3754,0,BF.CW.PMP02::E03,train
2025-05-23 01:00:00,BF.CW.PMP02,cooling_descaling_pump,1.4601,-0.6936,59.3825,1.4966,0,BF.CW.PMP02::E03,train
2025-05-23 02:00:00,BF.CW.PMP02,cooling_descaling_pump,1.7057,-0.7833,61.6951,1.4906,0,BF.CW.PMP02::E03,train
2025-05-23 03:00:00,BF.CW.PMP02,cooling_descaling_pump,1.4246,-0.6686,60.8685,1.5144,0,BF.CW.PMP02::E03,train
2025-05-23 04:00:00,BF.CW.PMP02,cooling_descaling_pump,1.4265,-0.1574,61.4889,1.5047,0,BF.CW.PMP02::E03,train
2025-05-23 05:00:00,BF.CW.PMP02,cooling_descaling_pump,1.4629,-0.0539,62.777,1.4448,0,BF.CW.PMP02::E03,train
2025-05-23 06:00:00,BF.CW.PMP02,cooling_descaling_pump,1.2779,0.1902,63.0889,1.4068,0,BF.CW.PMP02::E03,train
2025-05-23 07:00:00,BF.CW.PMP02,cooling_descaling_pump,1.1948,0.7969,63.0779,1.4904,0,BF.CW.PMP02::E03,train
2025-05-23 08:00:00,BF.CW.PMP02,cooling_descaling_pump,1.1761,1.3711,63.3447,1.5499,0,BF.CW.PMP02::E03,train
2025-05-23 09:00:00,BF.CW.PMP02,cooling_descaling_pump,1.2094,1.2804,62.3616,1.4754,0,BF.CW.PMP02::E03,train
2025-05-23 10:00:00,BF.CW.PMP02,cooling_descaling_pump,1.3326,1.3203,64.3533,1.5414,0,BF.CW.PMP02::E03,train
2025-05-23 11:00:00,BF.CW.PMP02,cooling_descaling_pump,1.217,1.1602,64.5827,1.6373,0,BF.CW.PMP02::E03,train
2025-05-23 12:00:00,BF.CW.PMP02,cooling_descaling_pump,1.3913,1.4663,64.5204,1.6147,0,BF.CW.PMP02::E03,train
2025-05-23 13:00:00,BF.CW.PMP02,cooling_descaling_pump,1.2998,1.8395,62.6422,1.4148,0,BF.CW.PMP02::E03,train
2025-05-23 14:00:00,BF.CW.PMP02,cooling_descaling_pump,1.3343,2.1776,61.845,1.3773,0,BF.CW.PMP02::E03,train
2025-05-23 15:00:00,BF.CW.PMP02,cooling_descaling_pump,1.3463,2.1485,61.4648,1.4008,0,BF.CW.PMP02::E03,train
2025-05-23 16:00:00,BF.CW.PMP02,cooling_descaling_pump,1.3336,2.0319,61.7865,1.4468,0,BF.CW.PMP02::E03,train
2025-05-23 17:00:00,BF.CW.PMP02,cooling_descaling_pump,1.3419,1.8139,62.9066,1.4613,0,BF.CW.PMP02::E03,train
2025-05-23 18:00:00,BF.CW.PMP02,cooling_descaling_pump,1.3776,2.0505,61.6619,1.3575,0,BF.CW.PMP02::E03,train
2025-05-23 19:00:00,BF.CW.PMP02,cooling_descaling_pump,1.4595,1.1505,62.7831,1.4231,0,BF.CW.PMP02::E03,train
2025-05-23 20:00:00,BF.CW.PMP02,cooling_descaling_pump,1.3107,0.5419,62.0787,1.3569,0,BF.CW.PMP02::E03,train
2025-05-23 21:00:00,BF.CW.PMP02,cooling_descaling_pump,1.3394,0.6363,61.8099,1.3489,0,BF.CW.PMP02::E03,train
2025-05-23 22:00:00,BF.CW.PMP02,cooling_descaling_pump,1.2833,0.7055,63.3103,1.3898,0,BF.CW.PMP02::E03,train
2025-05-23 23:00:00,BF.CW.PMP02,cooling_descaling_pump,1.5408,0.4829,64.1167,1.288,0,BF.CW.PMP02::E03,train
2025-05-24 00:00:00,BF.CW.PMP02,cooling_descaling_pump,1.4243,0.3885,63.4879,1.2203,0,BF.CW.PMP02::E03,train
2025-05-24 01:00:00,BF.CW.PMP02,cooling_descaling_pump,1.2239,0.6293,63.3718,1.259,0,BF.CW.PMP02::E03,train
2025-05-24 02:00:00,BF.CW.PMP02,cooling_descaling_pump,1.301,0.8043,62.9433,1.1737,0,BF.CW.PMP02::E03,train
2025-05-24 03:00:00,BF.CW.PMP02,cooling_descaling_pump,1.1434,1.0837,60.833,1.0444,0,BF.CW.PMP02::E03,train
2025-05-24 04:00:00,BF.CW.PMP02,cooling_descaling_pump,1.2493,0.472,62.4996,1.1864,0,BF.CW.PMP02::E03,train
2025-05-24 05:00:00,BF.CW.PMP02,cooling_descaling_pump,1.3507,0.4178,62.3751,1.1245,0,BF.CW.PMP02::E03,train
2025-05-24 06:00:00,BF.CW.PMP02,cooling_descaling_pump,1.3364,0.8911,63.0613,1.1608,0,BF.CW.PMP02::E03,train
2025-05-24 07:00:00,BF.CW.PMP02,cooling_descaling_pump,1.218,0.4884,61.7078,1.162,0,BF.CW.PMP02::E03,train
2025-05-24 08:00:00,BF.CW.PMP02,cooling_descaling_pump,1.2532,-0.0633,61.5961,1.1223,0,BF.CW.PMP02::E03,train
2025-05-24 09:00:00,BF.CW.PMP02,cooling_descaling_pump,1.2052,-0.3425,61.3682,1.0833,0,BF.CW.PMP02::E03,train
2025-05-24 10:00:00,BF.CW.PMP02,cooling_descaling_pump,1.367,0.1994,61.3782,1.0817,0,BF.CW.PMP02::E03,train
2025-05-24 11:00:00,BF.CW.PMP02,cooling_descaling_pump,1.2761,0.2594,59.1901,1.1379,0,BF.CW.PMP02::E03,train
2025-05-24 12:00:00,BF.CW.PMP02,cooling_descaling_pump,1.2885,0.8328,58.8252,1.1245,0,BF.CW.PMP02::E03,train
2025-05-24 13:00:00,BF.CW.PMP02,cooling_descaling_pump,1.3423,1.0027,60.0227,1.1925,0,BF.CW.PMP02::E03,train
2025-05-24 14:00:00,BF.CW.PMP02,cooling_descaling_pump,1.4334,0.5736,58.9697,1.2035,0,BF.CW.PMP02::E03,train
2025-05-24 15:00:00,BF.CW.PMP02,cooling_descaling_pump,1.3342,0.032,57.1028,1.1589,0,BF.CW.PMP02::E03,train
2025-05-24 16:00:00,BF.CW.PMP02,cooling_descaling_pump,1.1873,-0.0743,56.7777,1.2583,0,BF.CW.PMP02::E03,train
2025-05-24 17:00:00,BF.CW.PMP02,cooling_descaling_pump,1.2978,-0.1107,57.3119,1.2428,0,BF.CW.PMP02::E03,train
2025-05-24 18:00:00,BF.CW.PMP02,cooling_descaling_pump,1.1851,-0.7935,57.3689,1.3342,0,BF.CW.PMP02::E03,train
2025-05-24 19:00:00,BF.CW.PMP02,cooling_descaling_pump,1.2331,-0.3488,57.4455,1.2894,0,BF.CW.PMP02::E03,train
2025-05-24 20:00:00,BF.CW.PMP02,cooling_descaling_pump,1.1541,0.0622,56.7835,1.2183,0,BF.CW.PMP02::E03,train
2025-05-24 21:00:00,BF.CW.PMP02,cooling_descaling_pump,1.1628,0.1956,57.4177,1.2052,0,BF.CW.PMP02::E03,train
2025-05-24 22:00:00,BF.CW.PMP02,cooling_descaling_pump,1.1044,-0.4066,58.6311,1.2727,0,BF.CW.PMP02::E03,train
2025-05-24 23:00:00,BF.CW.PMP02,cooling_descaling_pump,1.0645,-1.2516,58.6126,1.2322,0,BF.CW.PMP02::E03,train
2025-05-25 00:00:00,BF.CW.PMP02,cooling_descaling_pump,1.1057,-1.2259,59.2013,1.2347,0,BF.CW.PMP02::E03,train
2025-05-25 01:00:00,BF.CW.PMP02,cooling_descaling_pump,1.1444,-0.8822,60.8522,1.2872,0,BF.CW.PMP02::E03,train
2025-05-25 02:00:00,BF.CW.PMP02,cooling_descaling_pump,1.2548,-0.4878,61.9384,1.2413,0,BF.CW.PMP02::E03,train
2025-05-25 03:00:00,BF.CW.PMP02,cooling_descaling_pump,1.166,-0.4863,61.5793,1.2833,0,BF.CW.PMP02::E03,train
2025-05-25 04:00:00,BF.CW.PMP02,cooling_descaling_pump,1.2607,-0.7399,62.1794,1.3537,0,BF.CW.PMP02::E03,train
2025-05-25 05:00:00,BF.CW.PMP02,cooling_descaling_pump,1.4486,-1.1161,61.0211,1.2433,0,BF.CW.PMP02::E03,train
2025-05-25 06:00:00,BF.CW.PMP02,cooling_descaling_pump,1.3876,-0.9758,60.5061,1.2285,0,BF.CW.PMP02::E03,train
2025-05-25 07:00:00,BF.CW.PMP02,cooling_descaling_pump,1.3465,-1.2399,60.4628,1.2655,0,BF.CW.PMP02::E03,train
2025-05-25 08:00:00,BF.CW.PMP02,cooling_descaling_pump,1.384,-1.0195,60.1279,1.2433,0,BF.CW.PMP02::E03,train
2025-05-25 09:00:00,BF.CW.PMP02,cooling_descaling_pump,1.438,-0.7328,60.75,1.3352,0,BF.CW.PMP02::E03,train
2025-05-25 10:00:00,BF.CW.PMP02,cooling_descaling_pump,1.355,-0.555,60.2656,1.3773,0,BF.CW.PMP02::E03,train
2025-05-25 11:00:00,BF.CW.PMP02,cooling_descaling_pump,1.3442,-0.8148,59.2534,1.3922,0,BF.CW.PMP02::E03,train
2025-05-25 12:00:00,BF.CW.PMP02,cooling_descaling_pump,1.2983,-0.4761,57.5891,1.2953,0,BF.CW.PMP02::E03,train
2025-05-25 13:00:00,BF.CW.PMP02,cooling_descaling_pump,1.3223,0.1161,57.4043,1.2441,0,BF.CW.PMP02::E03,train
2025-05-25 14:00:00,BF.CW.PMP02,cooling_descaling_pump,1.4016,0.2752,56.7858,1.1214,0,BF.CW.PMP02::E03,train
2025-05-25 15:00:00,BF.CW.PMP02,cooling_descaling_pump,1.493,0.271,56.4332,1.1795,0,BF.CW.PMP02::E03,train
2025-05-25 16:00:00,BF.CW.PMP02,cooling_descaling_pump,1.5927,1.0111,56.0447,1.182,0,BF.CW.PMP02::E03,train
2025-05-25 17:00:00,BF.CW.PMP02,cooling_descaling_pump,1.6153,1.7034,55.4585,1.1358,0,BF.CW.PMP02::E03,train
2025-05-25 18:00:00,BF.CW.PMP02,cooling_descaling_pump,1.4689,1.9896,55.7048,1.1409,0,BF.CW.PMP02::E03,train
2025-05-25 19:00:00,BF.CW.PMP02,cooling_descaling_pump,1.4689,2.0574,56.2945,1.2049,0,BF.CW.PMP02::E03,train
2025-05-25 20:00:00,BF.CW.PMP02,cooling_descaling_pump,1.3481,1.1416,54.5564,1.0679,0,BF.CW.PMP02::E03,train
2025-05-25 21:00:00,BF.CW.PMP02,cooling_descaling_pump,1.3367,1.3332,56.8655,1.2069,0,BF.CW.PMP02::E03,train
2025-05-25 22:00:00,BF.CW.PMP02,cooling_descaling_pump,1.4561,1.1586,58.2493,1.2369,0,BF.CW.PMP02::E03,train
2025-05-25 23:00:00,BF.CW.PMP02,cooling_descaling_pump,1.6485,1.3265,58.5091,1.1675,0,BF.CW.PMP02::E03,train
2025-05-26 00:00:00,BF.CW.PMP02,cooling_descaling_pump,1.6542,1.676,58.5542,1.061,0,BF.CW.PMP02::E03,train
2025-05-26 01:00:00,BF.CW.PMP02,cooling_descaling_pump,1.6307,1.6826,58.3463,1.0469,0,BF.CW.PMP02::E03,train
2025-05-26 02:00:00,BF.CW.PMP02,cooling_descaling_pump,1.5643,1.0405,59.4279,1.1044,0,BF.CW.PMP02::E03,train
2025-05-26 03:00:00,BF.CW.PMP02,cooling_descaling_pump,1.6542,0.7471,59.8085,1.0609,0,BF.CW.PMP02::E03,train
2025-05-26 04:00:00,BF.CW.PMP02,cooling_descaling_pump,1.7458,0.5557,59.514,1.0035,0,BF.CW.PMP02::E03,train
2025-05-26 05:00:00,BF.CW.PMP02,cooling_descaling_pump,1.5282,0.5673,58.9065,0.9812,0,BF.CW.PMP02::E03,train
2025-05-26 06:00:00,BF.CW.PMP02,cooling_descaling_pump,1.6242,0.7385,58.8416,0.921,0,BF.CW.PMP02::E03,train
2025-05-26 07:00:00,BF.CW.PMP02,cooling_descaling_pump,1.7784,1.2865,58.9823,0.8142,0,BF.CW.PMP02::E03,train
2025-05-26 08:00:00,BF.CW.PMP02,cooling_descaling_pump,1.5937,1.4979,58.2891,0.8853,0,BF.CW.PMP02::E03,train
2025-05-26 09:00:00,BF.CW.PMP02,cooling_descaling_pump,1.5509,1.2341,55.6238,0.8103,0,BF.CW.PMP02::E03,train
2025-05-26 10:00:00,BF.CW.PMP02,cooling_descaling_pump,1.4342,1.2028,54.9655,0.8057,0,BF.CW.PMP02::E03,train
2025-05-26 11:00:00,BF.CW.PMP02,cooling_descaling_pump,1.6154,1.2399,55.2383,0.7238,0,BF.CW.PMP02::E03,train
2025-05-26 12:00:00,BF.CW.PMP02,cooling_descaling_pump,1.6274,0.6462,54.7798,0.6889,0,BF.CW.PMP02::E03,train
2025-05-26 13:00:00,BF.CW.PMP02,cooling_descaling_pump,1.6223,0.511,55.8599,0.7697,0,BF.CW.PMP02::E03,train
2025-05-26 14:00:00,BF.CW.PMP02,cooling_descaling_pump,1.6774,0.5667,55.7115,0.7918,0,BF.CW.PMP02::E03,train
2025-05-26 15:00:00,BF.CW.PMP02,cooling_descaling_pump,1.6318,0.4391,54.42,0.7377,0,BF.CW.PMP02::E03,train
2025-05-26 16:00:00,BF.CW.PMP02,cooling_descaling_pump,1.7202,0.0097,54.0768,0.7387,0,BF.CW.PMP02::E03,train
2025-05-26 17:00:00,BF.CW.PMP02,cooling_descaling_pump,1.6249,0.1826,54.1047,0.8119,0,BF.CW.PMP02::E03,train
2025-05-26 18:00:00,BF.CW.PMP02,cooling_descaling_pump,1.5971,-0.3007,52.7738,0.7885,0,BF.CW.PMP02::E03,train
2025-05-26 19:00:00,BF.CW.PMP02,cooling_descaling_pump,1.6022,0.0328,52.409,0.79,0,BF.CW.PMP02::E03,train
2025-05-26 20:00:00,BF.CW.PMP02,cooling_descaling_pump,1.4453,-0.1279,51.4265,0.7878,0,BF.CW.PMP02::E03,train
2025-05-26 21:00:00,BF.CW.PMP02,cooling_descaling_pump,1.3963,-0.0256,50.4194,0.7795,0,BF.CW.PMP02::E03,train
2025-05-26 22:00:00,BF.CW.PMP02,cooling_descaling_pump,1.4143,-0.0356,51.4529,0.8095,0,BF.CW.PMP02::E03,train
2025-05-26 23:00:00,BF.CW.PMP02,cooling_descaling_pump,1.469,-0.462,51.1904,0.8307,0,BF.CW.PMP02::E03,train
2025-05-27 00:00:00,BF.CW.PMP02,cooling_descaling_pump,1.4126,-0.7773,51.2464,0.892,0,BF.CW.PMP02::E03,train
2025-05-27 01:00:00,BF.CW.PMP02,cooling_descaling_pump,1.4351,-0.4493,53.5096,1.0233,0,BF.CW.PMP02::E03,train
2025-05-27 02:00:00,BF.CW.PMP02,cooling_descaling_pump,1.4981,-0.3949,55.389,1.0493,0,BF.CW.PMP02::E03,train
2025-05-27 03:00:00,BF.CW.PMP02,cooling_descaling_pump,1.4488,0.2027,55.3335,1.0486,0,BF.CW.PMP02::E03,train
2025-05-27 04:00:00,BF.CW.PMP02,cooling_descaling_pump,1.5574,0.4137,56.5878,1.0422,0,BF.CW.PMP02::E03,train
2025-05-27 05:00:00,BF.CW.PMP02,cooling_descaling_pump,1.621,0.4392,56.4684,1.0488,0,BF.CW.PMP02::E03,train
2025-05-27 06:00:00,BF.CW.PMP02,cooling_descaling_pump,1.6792,0.2836,56.8433,1.0164,0,BF.CW.PMP02::E03,train
2025-05-27 07:00:00,BF.CW.PMP02,cooling_descaling_pump,1.5858,0.2425,55.406,0.9853,0,BF.CW.PMP02::E03,train
2025-05-27 08:00:00,BF.CW.PMP02,cooling_descaling_pump,1.5386,0.175,56.7041,1.1121,0,BF.CW.PMP02::E03,train
2025-05-27 09:00:00,BF.CW.PMP02,cooling_descaling_pump,1.5682,0.1912,57.7128,1.2103,0,BF.CW.PMP02::E03,train
2025-05-27 10:00:00,BF.CW.PMP02,cooling_descaling_pump,1.6346,-0.0517,57.5128,1.2323,0,BF.CW.PMP02::E03,train
2025-05-27 11:00:00,BF.CW.PMP02,cooling_descaling_pump,1.8059,-0.7589,57.258,1.1869,0,BF.CW.PMP02::E03,train
2025-05-27 12:00:00,BF.CW.PMP02,cooling_descaling_pump,1.6521,-0.4174,54.6087,1.2026,0,BF.CW.PMP02::E03,train
2025-05-27 13:00:00,BF.CW.PMP02,cooling_descaling_pump,1.6202,0.1507,53.3775,1.2129,0,BF.CW.PMP02::E03,train
2025-05-27 14:00:00,BF.CW.PMP02,cooling_descaling_pump,1.7705,-0.5363,54.0461,1.2724,0,BF.CW.PMP02::E03,train
2025-05-27 15:00:00,BF.CW.PMP02,cooling_descaling_pump,1.7052,-0.8628,54.4869,1.2736,0,BF.CW.PMP02::E03,train
2025-05-27 16:00:00,BF.CW.PMP02,cooling_descaling_pump,1.6906,-0.0198,52.7233,1.1372,0,BF.CW.PMP02::E03,train
2025-05-27 17:00:00,BF.CW.PMP02,cooling_descaling_pump,1.6521,-0.057,52.1849,1.0966,0,BF.CW.PMP02::E03,train
2025-05-27 18:00:00,BF.CW.PMP02,cooling_descaling_pump,1.7514,0.2821,52.5059,1.0904,0,BF.CW.PMP02::E03,train
2025-05-27 19:00:00,BF.CW.PMP02,cooling_descaling_pump,1.7237,0.7485,53.1687,1.1399,0,BF.CW.PMP02::E03,train
2025-05-27 20:00:00,BF.CW.PMP02,cooling_descaling_pump,1.7674,1.1322,53.5582,1.0622,0,BF.CW.PMP02::E03,train
2025-05-27 21:00:00,BF.CW.PMP02,cooling_descaling_pump,1.7109,1.1359,52.7318,0.9504,0,BF.CW.PMP02::E03,train
2025-05-27 22:00:00,BF.CW.PMP02,cooling_descaling_pump,1.7601,0.9207,51.7571,0.8721,0,BF.CW.PMP02::E03,train
2025-05-27 23:00:00,BF.CW.PMP02,cooling_descaling_pump,1.7113,1.1257,52.1295,0.8898,0,BF.CW.PMP02::E03,train
2025-05-28 00:00:00,BF.CW.PMP02,cooling_descaling_pump,1.6105,0.2938,51.2034,0.9302,0,BF.CW.PMP02::E03,train
2025-05-28 01:00:00,BF.CW.PMP02,cooling_descaling_pump,1.6034,-0.1166,52.0634,0.9535,0,BF.CW.PMP02::E03,train
2025-05-28 02:00:00,BF.CW.PMP02,cooling_descaling_pump,1.6575,0.0884,52.0586,1.0023,0,BF.CW.PMP02::E03,train
2025-05-28 03:00:00,BF.CW.PMP02,cooling_descaling_pump,1.477,-0.016,50.9978,1.0572,0,BF.CW.PMP02::E03,train
2025-05-28 04:00:00,BF.CW.PMP02,cooling_descaling_pump,1.52,0.0027,51.7713,1.1009,0,BF.CW.PMP02::E03,train
2025-05-28 05:00:00,BF.CW.PMP02,cooling_descaling_pump,1.6012,-0.1162,52.9463,1.0634,0,BF.CW.PMP02::E03,train
2025-05-28 06:00:00,BF.CW.PMP02,cooling_descaling_pump,1.4498,-0.3276,49.9855,0.8725,0,BF.CW.PMP02::E03,train
2025-05-28 07:00:00,BF.CW.PMP02,cooling_descaling_pump,1.4251,-0.0191,49.5702,0.9155,0,BF.CW.PMP02::E03,train
2025-05-28 08:00:00,BF.CW.PMP02,cooling_descaling_pump,1.5486,-0.3792,49.2494,0.8142,0,BF.CW.PMP02::E03,train
2025-05-28 09:00:00,BF.CW.PMP02,cooling_descaling_pump,1.5346,-0.8092,49.4459,0.8817,0,BF.CW.PMP02::E03,train
2025-05-28 10:00:00,BF.CW.PMP02,cooling_descaling_pump,1.6079,-0.8646,48.5087,0.8025,0,BF.CW.PMP02::E03,train
2025-05-28 11:00:00,BF.CW.PMP02,cooling_descaling_pump,1.5316,-1.054,46.3795,0.703,0,BF.CW.PMP02::E03,train
2025-05-28 12:00:00,BF.CW.PMP02,cooling_descaling_pump,1.4307,-1.0515,44.8858,0.7371,0,BF.CW.PMP02::E03,train
2025-05-28 13:00:00,BF.CW.PMP02,cooling_descaling_pump,1.505,-0.8809,44.7048,0.6935,0,BF.CW.PMP02::E03,train
2025-05-28 14:00:00,BF.CW.PMP02,cooling_descaling_pump,1.5504,-1.0755,45.825,0.8182,0,BF.CW.PMP02::E03,train
2025-05-28 15:00:00,BF.CW.PMP02,cooling_descaling_pump,1.5486,-0.52,44.4419,0.798,0,BF.CW.PMP02::E03,train
2025-05-28 16:00:00,BF.CW.PMP02,cooling_descaling_pump,1.5545,-0.7198,45.3984,0.8788,0,BF.CW.PMP02::E03,train
2025-05-28 17:00:00,BF.CW.PMP02,cooling_descaling_pump,1.5605,-0.6429,45.5417,0.9392,0,BF.CW.PMP02::E03,train
2025-05-28 18:00:00,BF.CW.PMP02,cooling_descaling_pump,1.5064,-0.9437,45.9524,0.974,0,BF.CW.PMP02::E03,train
2025-05-28 19:00:00,BF.CW.PMP02,cooling_descaling_pump,1.5767,-1.3811,46.2905,0.9647,0,BF.CW.PMP02::E03,train
2025-05-28 20:00:00,BF.CW.PMP02,cooling_descaling_pump,1.6319,-1.2612,46.7199,1.0289,0,BF.CW.PMP02::E03,train
2025-05-28 21:00:00,BF.CW.PMP02,cooling_descaling_pump,1.6463,-1.6071,47.3217,0.9839,0,BF.CW.PMP02::E03,train
2025-05-28 22:00:00,BF.CW.PMP02,cooling_descaling_pump,1.5884,-1.5533,47.5802,0.9476,0,BF.CW.PMP02::E03,train
2025-05-28 23:00:00,BF.CW.PMP02,cooling_descaling_pump,1.4261,-0.9802,46.8265,0.9326,0,BF.CW.PMP02::E03,train
2025-05-29 00:00:00,BF.CW.PMP02,cooling_descaling_pump,1.2279,-0.2379,46.0991,0.9175,0,BF.CW.PMP02::E03,train
2025-05-29 01:00:00,BF.CW.PMP02,cooling_descaling_pump,1.1591,1.9552,46.0487,0.9102,0,BF.CW.PMP02::E03,train
2025-05-29 02:00:00,BF.CW.PMP02,cooling_descaling_pump,1.338,3.8679,45.69,0.8798,0,BF.CW.PMP02::E03,train
2025-05-29 03:00:00,BF.CW.PMP02,cooling_descaling_pump,1.2994,4.7299,45.9642,0.9416,0,BF.CW.PMP02::E03,train
2025-05-29 04:00:00,BF.CW.PMP02,cooling_descaling_pump,1.3601,4.609,45.6926,0.7828,0,BF.CW.PMP02::E03,train
2025-05-29 05:00:00,BF.CW.PMP02,cooling_descaling_pump,1.4384,3.293,44.685,0.6501,0,BF.CW.PMP02::E03,train
2025-05-29 06:00:00,BF.CW.PMP02,cooling_descaling_pump,1.3824,1.866,44.3601,0.6876,0,BF.CW.PMP02::E03,train
2025-05-29 07:00:00,BF.CW.PMP02,cooling_descaling_pump,1.3016,0.1708,43.7357,0.7202,0,BF.CW.PMP02::E03,train
2025-05-29 08:00:00,BF.CW.PMP02,cooling_descaling_pump,1.3606,-0.0871,43.8188,0.7114,0,BF.CW.PMP02::E03,train
2025-05-29 09:00:00,BF.CW.PMP02,cooling_descaling_pump,1.5415,-0.517,45.5398,0.7001,0,BF.CW.PMP02::E03,train
2025-05-29 10:00:00,BF.CW.PMP02,cooling_descaling_pump,1.6869,-0.6248,45.9693,0.7384,0,BF.CW.PMP02::E03,train
2025-05-29 11:00:00,BF.CW.PMP02,cooling_descaling_pump,1.6668,-0.6194,45.6992,0.7929,0,BF.CW.PMP02::E03,train
2025-05-29 12:00:00,BF.CW.PMP02,cooling_descaling_pump,1.6282,-0.5226,45.5624,0.835,0,BF.CW.PMP02::E03,train
2025-05-29 13:00:00,BF.CW.PMP02,cooling_descaling_pump,1.5921,-1.1164,44.471,0.8221,0,BF.CW.PMP02::E03,train
2025-05-29 14:00:00,BF.CW.PMP02,cooling_descaling_pump,1.6934,-1.2346,44.2329,0.8116,0,BF.CW.PMP02::E03,train
2025-05-29 15:00:00,BF.CW.PMP02,cooling_descaling_pump,1.8144,-0.7825,46.7324,0.9071,0,BF.CW.PMP02::E03,train
2025-05-29 16:00:00,BF.CW.PMP02,cooling_descaling_pump,1.8012,-0.504,47.236,0.9302,0,BF.CW.PMP02::E03,train
2025-05-29 17:00:00,BF.CW.PMP02,cooling_descaling_pump,1.7901,-0.8671,46.5191,0.9105,0,BF.CW.PMP02::E03,train
2025-05-29 18:00:00,BF.CW.PMP02,cooling_descaling_pump,1.9067,-0.961,45.5046,0.8126,0,BF.CW.PMP02::E03,train
2025-05-29 19:00:00,BF.CW.PMP02,cooling_descaling_pump,1.8161,-1.0833,46.6787,0.9394,0,BF.CW.PMP02::E03,train
2025-05-29 20:00:00,BF.CW.PMP02,cooling_descaling_pump,1.6689,-1.4931,45.6744,0.8576,0,BF.CW.PMP02::E03,train
2025-05-29 21:00:00,BF.CW.PMP02,cooling_descaling_pump,1.6739,-1.3773,46.1938,0.9786,0,BF.CW.PMP02::E03,train
2025-05-29 22:00:00,BF.CW.PMP02,cooling_descaling_pump,1.6237,-1.5475,47.479,1.0191,0,BF.CW.PMP02::E03,train
2025-05-29 23:00:00,BF.CW.PMP02,cooling_descaling_pump,1.732,-0.6276,47.8016,1.0387,0,BF.CW.PMP02::E03,train
2025-05-30 00:00:00,BF.CW.PMP02,cooling_descaling_pump,1.7466,-0.6758,46.0392,0.9461,0,BF.CW.PMP02::E03,train
2025-05-30 01:00:00,BF.CW.PMP02,cooling_descaling_pump,1.6461,-0.8731,46.0694,0.9603,0,BF.CW.PMP02::E03,train
2025-05-30 02:00:00,BF.CW.PMP02,cooling_descaling_pump,1.7145,-1.0144,47.7291,0.9216,0,BF.CW.PMP02::E03,train
2025-05-30 03:00:00,BF.CW.PMP02,cooling_descaling_pump,1.7116,-0.6257,48.3673,0.8767,0,BF.CW.PMP02::E03,train
2025-05-30 04:00:00,BF.CW.PMP02,cooling_descaling_pump,1.8457,5.0126,50.0456,0.9559,0,BF.CW.PMP02::E03,train
2025-05-30 05:00:00,BF.CW.PMP02,cooling_descaling_pump,1.6863,5.1866,48.1159,0.8689,0,BF.CW.PMP02::E03,train
2025-05-30 06:00:00,BF.CW.PMP02,cooling_descaling_pump,1.6066,-0.1028,47.0892,0.84,0,BF.CW.PMP02::E03,train
2025-05-30 07:00:00,BF.CW.PMP02,cooling_descaling_pump,1.6534,0.0604,47.5728,0.8056,0,BF.CW.PMP02::E03,train
2025-05-30 08:00:00,BF.CW.PMP02,cooling_descaling_pump,1.6075,0.1228,48.4868,0.9004,0,BF.CW.PMP02::E03,train
2025-05-30 09:00:00,BF.CW.PMP02,cooling_descaling_pump,1.5795,-0.6281,47.1487,0.8887,0,BF.CW.PMP02::E03,train
2025-05-30 10:00:00,BF.CW.PMP02,cooling_descaling_pump,1.5079,-0.7716,45.6362,0.8555,0,BF.CW.PMP02::E03,train
2025-05-30 11:00:00,BF.CW.PMP02,cooling_descaling_pump,1.4041,-0.8908,43.5321,0.7701,0,BF.CW.PMP02::E03,train
2025-05-30 12:00:00,BF.CW.PMP02,cooling_descaling_pump,1.3739,-0.9698,44.324,0.8358,0,BF.CW.PMP02::E03,train
2025-05-30 13:00:00,BF.CW.PMP02,cooling_descaling_pump,1.3389,-0.7494,44.3903,0.955,0,BF.CW.PMP02::E03,train
2025-05-30 14:00:00,BF.CW.PMP02,cooling_descaling_pump,1.345,-1.0421,44.9147,0.9782,0,BF.CW.PMP02::E03,train
2025-05-30 15:00:00,BF.CW.PMP02,cooling_descaling_pump,1.4452,-0.9511,44.5788,0.9124,0,BF.CW.PMP02::E03,train
2025-05-30 16:00:00,BF.CW.PMP02,cooling_descaling_pump,1.6403,-0.231,45.2272,0.8384,0,BF.CW.PMP02::E03,train
2025-05-30 17:00:00,BF.CW.PMP02,cooling_descaling_pump,1.5868,0.4283,45.6278,0.8944,0,BF.CW.PMP02::E03,train
2025-05-30 18:00:00,BF.CW.PMP02,cooling_descaling_pump,1.7168,-0.3658,45.8169,0.8545,0,BF.CW.PMP02::E03,train
2025-05-30 19:00:00,BF.CW.PMP02,cooling_descaling_pump,1.7677,0.1043,45.642,0.8586,0,BF.CW.PMP02::E03,train
2025-05-30 20:00:00,BF.CW.PMP02,cooling_descaling_pump,1.7808,0.4118,47.112,0.8965,0,BF.CW.PMP02::E03,train
2025-05-30 21:00:00,BF.CW.PMP02,cooling_descaling_pump,1.9006,-0.1018,49.2233,0.9815,0,BF.CW.PMP02::E03,train
2025-05-30 22:00:00,BF.CW.PMP02,cooling_descaling_pump,,-0.319,,1.0169,0,BF.CW.PMP02::E03,train
2025-05-30 23:00:00,BF.CW.PMP02,cooling_descaling_pump,1.7092,-1.1479,48.7211,0.9101,0,BF.CW.PMP02::E03,train
2025-05-31 00:00:00,BF.CW.PMP02,cooling_descaling_pump,1.7833,-0.6017,49.0719,0.8041,0,BF.CW.PMP02::E03,train
2025-05-31 01:00:00,BF.CW.PMP02,cooling_descaling_pump,1.7666,-0.8852,47.9149,0.5675,0,BF.CW.PMP02::E03,train
2025-05-31 02:00:00,BF.CW.PMP02,cooling_descaling_pump,1.6766,-0.7172,48.7302,0.5868,0,BF.CW.PMP02::E03,train
2025-05-31 03:00:00,BF.CW.PMP02,cooling_descaling_pump,1.5866,-0.5532,48.3063,0.6248,0,BF.CW.PMP02::E03,train
2025-05-31 04:00:00,BF.CW.PMP02,cooling_descaling_pump,1.434,-0.1507,46.7877,0.6016,0,BF.CW.PMP02::E03,train
2025-05-31 05:00:00,BF.CW.PMP02,cooling_descaling_pump,1.6619,0.1481,48.5533,0.6533,0,BF.CW.PMP02::E03,train
2025-05-31 06:00:00,BF.CW.PMP02,cooling_descaling_pump,1.7847,0.5455,50.4574,0.7466,0,BF.CW.PMP02::E03,train
2025-05-31 07:00:00,BF.CW.PMP02,cooling_descaling_pump,1.7404,0.2643,51.0129,0.8243,0,BF.CW.PMP02::E03,train
2025-05-31 08:00:00,BF.CW.PMP02,cooling_descaling_pump,1.8764,-0.8186,52.6198,0.9259,0,BF.CW.PMP02::E03,train
2025-05-31 09:00:00,BF.CW.PMP02,cooling_descaling_pump,1.7951,-0.6748,53.0261,0.9862,0,BF.CW.PMP02::E03,train
2025-05-31 10:00:00,BF.CW.PMP02,cooling_descaling_pump,1.8414,-0.8431,53.0596,0.9918,0,BF.CW.PMP02::E03,train
2025-05-31 11:00:00,BF.CW.PMP02,cooling_descaling_pump,1.8117,-0.882,52.2126,0.9748,0,BF.CW.PMP02::E03,train
2025-05-31 12:00:00,BF.CW.PMP02,cooling_descaling_pump,1.6893,-0.7243,51.1851,0.9993,0,BF.CW.PMP02::E03,train
2025-05-31 13:00:00,BF.CW.PMP02,cooling_descaling_pump,1.6612,-0.8705,50.3961,0.9272,0,BF.CW.PMP02::E03,train
2025-05-31 14:00:00,BF.CW.PMP02,cooling_descaling_pump,1.6267,-1.2103,49.1238,0.7884,0,BF.CW.PMP02::E03,train
2025-05-31 15:00:00,BF.CW.PMP02,cooling_descaling_pump,1.593,-1.0895,48.0748,0.721,0,BF.CW.PMP02::E03,train
2025-05-31 16:00:00,BF.CW.PMP02,cooling_descaling_pump,1.586,-0.6584,47.5983,0.7958,0,BF.CW.PMP02::E03,train
2025-05-31 17:00:00,BF.CW.PMP02,cooling_descaling_pump,1.6363,-0.1792,47.9754,0.8578,0,BF.CW.PMP02::E03,train
2025-05-31 18:00:00,BF.CW.PMP02,cooling_descaling_pump,1.7486,0.0235,49.2341,0.896,0,BF.CW.PMP02::E03,train
2025-05-31 19:00:00,BF.CW.PMP02,cooling_descaling_pump,1.7426,-0.0157,48.1994,0.9007,0,BF.CW.PMP02::E03,train
2025-05-31 20:00:00,BF.CW.PMP02,cooling_descaling_pump,1.7334,-0.2975,47.6746,0.8753,0,BF.CW.PMP02::E03,train
2025-05-31 21:00:00,BF.CW.PMP02,cooling_descaling_pump,1.6031,0.1466,47.2902,0.9958,0,BF.CW.PMP02::E03,train
2025-05-31 22:00:00,BF.CW.PMP02,cooling_descaling_pump,1.7597,0.9069,47.0515,0.9366,0,BF.CW.PMP02::E03,train
2025-05-31 23:00:00,BF.CW.PMP02,cooling_descaling_pump,1.6568,1.1703,46.1755,0.9123,0,BF.CW.PMP02::E03,train
2025-06-01 00:00:00,BF.CW.PMP02,cooling_descaling_pump,1.6674,1.4302,46.8686,1.0368,0,BF.CW.PMP02::E03,train
2025-06-01 01:00:00,BF.CW.PMP02,cooling_descaling_pump,1.7378,0.7796,47.8612,0.9426,0,BF.CW.PMP02::E03,train
2025-06-01 02:00:00,BF.CW.PMP02,cooling_descaling_pump,1.913,1.2267,50.3272,0.995,0,BF.CW.PMP02::E03,train
2025-06-01 03:00:00,BF.CW.PMP02,cooling_descaling_pump,1.773,1.6189,49.6896,1.0128,0,BF.CW.PMP02::E03,train
2025-06-01 04:00:00,BF.CW.PMP02,cooling_descaling_pump,1.7829,1.7319,49.155,0.8921,0,BF.CW.PMP02::E03,train
2025-06-01 05:00:00,BF.CW.PMP02,cooling_descaling_pump,1.6327,1.1205,48.5131,0.987,0,BF.CW.PMP02::E03,train
2025-06-01 06:00:00,BF.CW.PMP02,cooling_descaling_pump,1.7335,0.8721,49.7014,0.9978,0,BF.CW.PMP02::E03,train
2025-06-01 07:00:00,BF.CW.PMP02,cooling_descaling_pump,1.756,0.6996,50.1226,0.9479,0,BF.CW.PMP02::E03,train
2025-06-01 08:00:00,BF.CW.PMP02,cooling_descaling_pump,1.6656,0.7039,50.2601,1.0585,0,BF.CW.PMP02::E03,train
2025-06-01 09:00:00,BF.CW.PMP02,cooling_descaling_pump,1.5134,0.3023,49.7019,1.1823,0,BF.CW.PMP02::E03,train
2025-06-01 10:00:00,BF.CW.PMP02,cooling_descaling_pump,1.5903,0.14,49.4807,1.0977,0,BF.CW.PMP02::E03,train
2025-06-01 11:00:00,BF.CW.PMP02,cooling_descaling_pump,1.6215,0.0378,46.1563,0.864,0,BF.CW.PMP02::E03,train
2025-06-01 12:00:00,BF.CW.PMP02,cooling_descaling_pump,1.4912,-0.2505,44.955,0.9189,0,BF.CW.PMP02::E03,train
2025-06-01 13:00:00,BF.CW.PMP02,cooling_descaling_pump,1.7828,-0.124,45.5297,0.8881,0,BF.CW.PMP02::E03,train
2025-06-01 14:00:00,BF.CW.PMP02,cooling_descaling_pump,1.7834,0.3965,44.5996,0.9042,0,BF.CW.PMP02::E03,train
2025-06-01 15:00:00,BF.CW.PMP02,cooling_descaling_pump,1.8198,0.3211,44.7423,0.9273,0,BF.CW.PMP02::E03,train
2025-06-01 16:00:00,BF.CW.PMP02,cooling_descaling_pump,1.7181,0.3635,44.0073,1.012,0,BF.CW.PMP02::E03,train
2025-06-01 17:00:00,BF.CW.PMP02,cooling_descaling_pump,1.7943,0.4435,45.7316,0.9993,0,BF.CW.PMP02::E03,train
2025-06-01 18:00:00,BF.CW.PMP02,cooling_descaling_pump,1.7753,-0.1745,45.1764,0.9608,0,BF.CW.PMP02::E03,train
2025-06-01 19:00:00,BF.CW.PMP02,cooling_descaling_pump,1.7229,-0.8805,45.7441,1.0735,0,BF.CW.PMP02::E03,train
2025-06-01 20:00:00,BF.CW.PMP02,cooling_descaling_pump,1.6802,-0.9928,45.4527,1.0369,0,BF.CW.PMP02::E03,train
2025-06-01 21:00:00,BF.CW.PMP02,cooling_descaling_pump,1.5307,-0.7618,43.7563,1.0268,0,BF.CW.PMP02::E03,train
2025-06-01 22:00:00,BF.CW.PMP02,cooling_descaling_pump,1.6432,-0.5222,43.2727,0.9135,0,BF.CW.PMP02::E03,train
2025-06-01 23:00:00,BF.CW.PMP02,cooling_descaling_pump,1.6538,-0.3369,43.3863,0.907,0,BF.CW.PMP02::E03,train
2025-06-02 00:00:00,BF.CW.PMP02,cooling_descaling_pump,1.7245,-0.5782,44.6509,0.9395,0,BF.CW.PMP02::E03,train
2025-06-02 01:00:00,BF.CW.PMP02,cooling_descaling_pump,1.827,-0.7937,45.5005,0.8705,0,BF.CW.PMP02::E03,train
2025-06-02 02:00:00,BF.CW.PMP02,cooling_descaling_pump,2.1506,-1.1226,48.7452,0.9802,0,BF.CW.PMP02::E03,train
2025-06-02 03:00:00,BF.CW.PMP02,cooling_descaling_pump,1.9374,-1.3956,47.4824,0.9884,0,BF.CW.PMP02::E03,train
2025-06-02 04:00:00,BF.CW.PMP02,cooling_descaling_pump,2.0097,-1.1499,48.0864,1.0014,0,BF.CW.PMP02::E03,train
2025-06-02 05:00:00,BF.CW.PMP02,cooling_descaling_pump,2.0498,-1.0347,47.6048,0.9433,0,BF.CW.PMP02::E03,train
2025-06-02 06:00:00,BF.CW.PMP02,cooling_descaling_pump,2.0739,-0.0591,48.911,0.9678,0,BF.CW.PMP02::E03,train
2025-06-02 07:00:00,BF.CW.PMP02,cooling_descaling_pump,2.2228,0.4849,49.7853,0.939,0,BF.CW.PMP02::E03,train
2025-06-02 08:00:00,BF.CW.PMP02,cooling_descaling_pump,2.102,0.8147,48.3302,0.8253,0,BF.CW.PMP02::E03,train
2025-06-02 09:00:00,BF.CW.PMP02,cooling_descaling_pump,1.9227,1.1506,45.1707,0.7403,0,BF.CW.PMP02::E03,train
2025-06-02 10:00:00,BF.CW.PMP02,cooling_descaling_pump,1.9358,1.2459,45.8526,0.7904,0,BF.CW.PMP02::E03,train
2025-06-02 11:00:00,BF.CW.PMP02,cooling_descaling_pump,1.8446,1.2095,44.3492,0.7665,0,BF.CW.PMP02::E03,train
2025-06-02 12:00:00,BF.CW.PMP02,cooling_descaling_pump,1.9633,1.4286,44.3337,0.7561,0,BF.CW.PMP02::E03,train
2025-06-02 13:00:00,BF.CW.PMP02,cooling_descaling_pump,1.7938,1.3543,43.3596,0.6042,0,BF.CW.PMP02::E03,train
2025-06-02 14:00:00,BF.CW.PMP02,cooling_descaling_pump,1.7362,0.7091,43.5771,0.7244,0,BF.CW.PMP02::E03,train
2025-06-02 15:00:00,BF.CW.PMP02,cooling_descaling_pump,1.8689,0.7743,42.6893,0.7344,0,BF.CW.PMP02::E03,train
2025-06-02 16:00:00,BF.CW.PMP02,cooling_descaling_pump,1.8795,0.3433,43.784,0.7818,0,BF.CW.PMP02::E03,train
2025-06-02 17:00:00,BF.CW.PMP02,cooling_descaling_pump,1.8892,0.8115,43.8412,0.8686,0,BF.CW.PMP02::E03,train
2025-06-02 18:00:00,BF.CW.PMP02,cooling_descaling_pump,1.9323,0.7431,43.7042,0.886,0,BF.CW.PMP02::E03,train
2025-06-02 19:00:00,BF.CW.PMP02,cooling_descaling_pump,1.8899,1.012,42.452,0.7935,0,BF.CW.PMP02::E03,train
2025-06-02 20:00:00,BF.CW.PMP02,cooling_descaling_pump,1.8665,0.9626,43.964,0.9078,0,BF.CW.PMP02::E03,train
2025-06-02 21:00:00,BF.CW.PMP02,cooling_descaling_pump,1.8885,1.0092,43.3739,0.9406,0,BF.CW.PMP02::E03,train
2025-06-02 22:00:00,BF.CW.PMP02,cooling_descaling_pump,1.8136,0.7106,43.4126,0.961,0,BF.CW.PMP02::E03,train
2025-06-02 23:00:00,BF.CW.PMP02,cooling_descaling_pump,2.0346,1.0089,43.0122,0.7881,0,BF.CW.PMP02::E03,train
2025-06-03 00:00:00,BF.CW.PMP02,cooling_descaling_pump,1.9751,1.0237,44.385,0.8712,0,BF.CW.PMP02::E03,train
2025-06-03 01:00:00,BF.CW.PMP02,cooling_descaling_pump,2.0096,1.2747,44.9384,0.9319,0,BF.CW.PMP02::E03,train
2025-06-03 02:00:00,BF.CW.PMP02,cooling_descaling_pump,2.1716,1.4934,48.0851,0.9522,0,BF.CW.PMP02::E03,train
2025-06-03 03:00:00,BF.CW.PMP02,cooling_descaling_pump,2.0336,1.1364,48.3506,0.9678,0,BF.CW.PMP02::E03,train
2025-06-03 04:00:00,BF.CW.PMP02,cooling_descaling_pump,2.2194,0.9557,49.4087,0.9137,0,BF.CW.PMP02::E03,train
2025-06-03 05:00:00,BF.CW.PMP02,cooling_descaling_pump,2.2901,1.1893,51.4994,0.9973,0,BF.CW.PMP02::E03,train
2025-06-03 06:00:00,BF.CW.PMP02,cooling_descaling_pump,2.3148,0.6366,51.6678,0.9613,0,BF.CW.PMP02::E03,train
2025-06-03 07:00:00,BF.CW.PMP02,cooling_descaling_pump,2.3093,0.4595,52.1441,0.9384,0,BF.CW.PMP02::E03,train
2025-06-03 08:00:00,BF.CW.PMP02,cooling_descaling_pump,2.2916,1.0876,52.5602,0.9638,0,BF.CW.PMP02::E03,train
2025-06-03 09:00:00,BF.CW.PMP02,cooling_descaling_pump,2.3448,1.159,53.1964,1.0338,0,BF.CW.PMP02::E03,train
2025-06-03 10:00:00,BF.CW.PMP02,cooling_descaling_pump,2.2753,1.0054,50.9984,1.0178,0,BF.CW.PMP02::E03,train
2025-06-03 11:00:00,BF.CW.PMP02,cooling_descaling_pump,2.8592,0.8722,50.9859,1.0121,0,BF.CW.PMP02::E03,train
2025-06-03 12:00:00,BF.CW.PMP02,cooling_descaling_pump,3.5382,0.5506,50.1695,1.1305,0,BF.CW.PMP02::E03,train
2025-06-03 13:00:00,BF.CW.PMP02,cooling_descaling_pump,3.4129,0.621,48.5425,1.0743,0,BF.CW.PMP02::E03,train
2025-06-03 14:00:00,BF.CW.PMP02,cooling_descaling_pump,2.457,0.0215,48.5005,1.0754,0,BF.CW.PMP02::E03,train
2025-06-03 15:00:00,BF.CW.PMP02,cooling_descaling_pump,1.9435,0.4528,48.5855,1.098,0,BF.CW.PMP02::E03,train
2025-06-03 16:00:00,BF.CW.PMP02,cooling_descaling_pump,1.9811,-0.0167,47.0062,1.0261,0,BF.CW.PMP02::E03,train
2025-06-03 17:00:00,BF.CW.PMP02,cooling_descaling_pump,1.8529,0.4667,46.1457,1.0715,0,BF.CW.PMP02::E03,train
2025-06-03 18:00:00,BF.CW.PMP02,cooling_descaling_pump,1.8162,-0.1711,45.9163,1.0631,0,BF.CW.PMP02::E03,train
2025-06-03 19:00:00,BF.CW.PMP02,cooling_descaling_pump,1.8996,-0.4327,46.6739,1.0327,0,BF.CW.PMP02::E03,train
2025-06-03 20:00:00,BF.CW.PMP02,cooling_descaling_pump,1.8614,-0.2197,46.3335,0.9996,0,BF.CW.PMP02::E03,train
2025-06-03 21:00:00,BF.CW.PMP02,cooling_descaling_pump,1.8331,0.3028,44.9757,0.8764,0,BF.CW.PMP02::E03,train
2025-06-03 22:00:00,BF.CW.PMP02,cooling_descaling_pump,1.8292,0.4446,45.9918,0.9962,0,BF.CW.PMP02::E03,train
2025-06-03 23:00:00,BF.CW.PMP02,cooling_descaling_pump,1.8642,0.0604,46.3319,0.9637,0,BF.CW.PMP02::E03,train
2025-06-04 00:00:00,BF.CW.PMP02,cooling_descaling_pump,1.9442,0.5972,47.8878,0.9331,0,BF.CW.PMP02::E03,train
2025-06-04 01:00:00,BF.CW.PMP02,cooling_descaling_pump,1.6668,0.565,46.5366,0.9565,0,BF.CW.PMP02::E03,train
2025-06-04 02:00:00,BF.CW.PMP02,cooling_descaling_pump,1.8595,0.4052,48.8374,0.9571,0,BF.CW.PMP02::E03,train
2025-06-04 03:00:00,BF.CW.PMP02,cooling_descaling_pump,1.9025,0.9106,50.9119,0.9878,0,BF.CW.PMP02::E03,train
2025-06-04 04:00:00,BF.CW.PMP02,cooling_descaling_pump,1.8893,0.5965,51.6298,0.9739,0,BF.CW.PMP02::E03,train
2025-06-04 05:00:00,BF.CW.PMP02,cooling_descaling_pump,1.9188,1.0408,51.2185,0.7982,0,BF.CW.PMP02::E03,train
2025-06-04 06:00:00,BF.CW.PMP02,cooling_descaling_pump,2.0077,1.2691,53.163,0.8839,0,BF.CW.PMP02::E03,train
2025-06-04 07:00:00,BF.CW.PMP02,cooling_descaling_pump,1.9147,1.4285,54.1493,1.0108,0,BF.CW.PMP02::E03,train
2025-06-04 08:00:00,BF.CW.PMP02,cooling_descaling_pump,1.9289,2.1136,53.0958,0.9456,0,BF.CW.PMP02::E03,train
2025-06-04 09:00:00,BF.CW.PMP02,cooling_descaling_pump,1.8893,1.6162,53.172,0.9796,0,BF.CW.PMP02::E03,train
2025-06-04 10:00:00,BF.CW.PMP02,cooling_descaling_pump,1.874,1.2904,53.9414,1.0493,0,BF.CW.PMP02::E03,train
2025-06-04 11:00:00,BF.CW.PMP02,cooling_descaling_pump,2.1107,1.4585,54.9196,1.1299,0,BF.CW.PMP02::E03,train
2025-06-04 12:00:00,BF.CW.PMP02,cooling_descaling_pump,2.1083,1.2097,54.3143,1.1356,0,BF.CW.PMP02::E03,train
2025-06-04 13:00:00,BF.CW.PMP02,cooling_descaling_pump,2.241,1.3416,53.9715,1.1464,0,BF.CW.PMP02::E03,train
2025-06-04 14:00:00,BF.CW.PMP02,cooling_descaling_pump,2.1819,1.4598,54.1139,1.2388,0,BF.CW.PMP02::E03,train
2025-06-04 15:00:00,BF.CW.PMP02,cooling_descaling_pump,2.1259,1.3124,53.7284,1.1393,0,BF.CW.PMP02::E03,train
2025-06-04 16:00:00,BF.CW.PMP02,cooling_descaling_pump,2.0646,1.756,54.1941,1.1603,0,BF.CW.PMP02::E03,train
2025-06-04 17:00:00,BF.CW.PMP02,cooling_descaling_pump,2.2214,1.8837,55.0007,1.1285,0,BF.CW.PMP02::E03,train
2025-06-04 18:00:00,BF.CW.PMP02,cooling_descaling_pump,2.2978,1.6003,57.0156,1.1765,0,BF.CW.PMP02::E03,train
2025-06-04 19:00:00,BF.CW.PMP02,cooling_descaling_pump,2.3902,1.6192,57.6977,1.1047,0,BF.CW.PMP02::E03,train
2025-06-04 20:00:00,BF.CW.PMP02,cooling_descaling_pump,2.2606,1.6924,57.4645,1.1622,0,BF.CW.PMP02::E03,train
2025-06-04 21:00:00,BF.CW.PMP02,cooling_descaling_pump,2.1854,1.3208,56.9484,1.0626,0,BF.CW.PMP02::E03,train
2025-06-04 22:00:00,BF.CW.PMP02,cooling_descaling_pump,2.3687,0.881,58.6142,1.1215,0,BF.CW.PMP02::E03,train
2025-06-04 23:00:00,BF.CW.PMP02,cooling_descaling_pump,2.1229,0.8128,58.1707,1.138,0,BF.CW.PMP02::E03,train
2025-06-05 00:00:00,BF.CW.PMP02,cooling_descaling_pump,2.1539,1.1084,57.6548,1.0351,0,BF.CW.PMP02::E03,train
2025-06-05 01:00:00,BF.CW.PMP02,cooling_descaling_pump,1.9205,0.6424,56.7284,1.0968,0,BF.CW.PMP02::E03,train
2025-06-05 02:00:00,BF.CW.PMP02,cooling_descaling_pump,2.1136,0.7892,58.1654,1.0335,0,BF.CW.PMP02::E03,train
2025-06-05 03:00:00,BF.CW.PMP02,cooling_descaling_pump,2.0524,0.7264,58.4714,1.142,0,BF.CW.PMP02::E03,train
2025-06-05 04:00:00,BF.CW.PMP02,cooling_descaling_pump,1.9776,0.5447,58.306,1.1237,0,BF.CW.PMP02::E03,train
2025-06-05 05:00:00,BF.CW.PMP02,cooling_descaling_pump,2.0946,0.0687,58.2431,1.1155,0,BF.CW.PMP02::E03,train
2025-06-05 06:00:00,BF.CW.PMP02,cooling_descaling_pump,2.2559,0.0374,59.1455,1.1248,0,BF.CW.PMP02::E03,train
2025-06-05 07:00:00,BF.CW.PMP02,cooling_descaling_pump,2.2539,0.8311,58.9621,1.0472,0,BF.CW.PMP02::E03,train
2025-06-05 08:00:00,BF.CW.PMP02,cooling_descaling_pump,2.3513,0.569,59.0936,1.0126,0,BF.CW.PMP02::E03,train
2025-06-05 09:00:00,BF.CW.PMP02,cooling_descaling_pump,2.3673,0.3308,60.645,1.0252,0,BF.CW.PMP02::E03,train
2025-06-05 10:00:00,BF.CW.PMP02,cooling_descaling_pump,2.3784,-0.078,60.4249,1.0714,0,BF.CW.PMP02::E03,train
2025-06-05 11:00:00,BF.CW.PMP02,cooling_descaling_pump,2.6397,-0.4153,60.8181,1.0345,0,BF.CW.PMP02::E03,train
2025-06-05 12:00:00,BF.CW.PMP02,cooling_descaling_pump,2.4331,-1.0308,60.5754,1.0889,0,BF.CW.PMP02::E03,train
2025-06-05 13:00:00,BF.CW.PMP02,cooling_descaling_pump,2.4145,-1.1046,59.8195,1.1683,0,BF.CW.PMP02::E03,train
2025-06-05 14:00:00,BF.CW.PMP02,cooling_descaling_pump,2.4906,-0.5285,59.8374,1.1158,0,BF.CW.PMP02::E03,train
2025-06-05 15:00:00,BF.CW.PMP02,cooling_descaling_pump,2.3268,-0.2133,58.8031,1.0807,0,BF.CW.PMP02::E03,train
2025-06-05 16:00:00,BF.CW.PMP02,cooling_descaling_pump,2.2914,0.1995,58.7849,1.1056,0,BF.CW.PMP02::E03,train
2025-06-05 17:00:00,BF.CW.PMP02,cooling_descaling_pump,2.3004,0.3113,59.3579,1.0859,0,BF.CW.PMP02::E03,train
2025-06-05 18:00:00,BF.CW.PMP02,cooling_descaling_pump,2.2055,0.8321,59.1431,1.0866,0,BF.CW.PMP02::E03,train
2025-06-05 19:00:00,BF.CW.PMP02,cooling_descaling_pump,2.1366,1.7708,59.9425,1.1416,0,BF.CW.PMP02::E03,train
2025-06-05 20:00:00,BF.CW.PMP02,cooling_descaling_pump,2.4045,1.747,61.7993,1.106,0,BF.CW.PMP02::E03,train
2025-06-05 21:00:00,BF.CW.PMP02,cooling_descaling_pump,2.3215,1.34,61.1339,1.0436,0,BF.CW.PMP02::E03,train
2025-06-05 22:00:00,BF.CW.PMP02,cooling_descaling_pump,2.3642,1.011,61.4633,1.0447,0,BF.CW.PMP02::E03,train
2025-06-05 23:00:00,BF.CW.PMP02,cooling_descaling_pump,2.3823,0.7546,62.1815,0.952,0,BF.CW.PMP02::E03,train
2025-06-06 00:00:00,BF.CW.PMP02,cooling_descaling_pump,2.346,1.0622,62.1446,0.9754,0,BF.CW.PMP02::E03,train
2025-06-06 01:00:00,BF.CW.PMP02,cooling_descaling_pump,2.32,1.3184,62.4275,1.0285,0,BF.CW.PMP02::E03,train
2025-06-06 02:00:00,BF.CW.PMP02,cooling_descaling_pump,2.3183,1.1747,62.8986,1.0989,0,BF.CW.PMP02::E03,train
2025-06-06 03:00:00,BF.CW.PMP02,cooling_descaling_pump,2.2776,1.6818,62.4131,1.1293,0,BF.CW.PMP02::E03,train
2025-06-06 04:00:00,BF.CW.PMP02,cooling_descaling_pump,2.4485,1.6922,60.8064,0.8831,0,BF.CW.PMP02::E03,train
2025-06-06 05:00:00,BF.CW.PMP02,cooling_descaling_pump,2.4417,1.0659,60.7485,0.8465,0,BF.CW.PMP02::E03,train
2025-06-06 06:00:00,BF.CW.PMP02,cooling_descaling_pump,2.2526,1.1442,59.7793,0.7782,0,BF.CW.PMP02::E03,train
2025-06-06 07:00:00,BF.CW.PMP02,cooling_descaling_pump,2.1622,0.738,58.7666,0.6689,0,BF.CW.PMP02::E03,train
2025-06-06 08:00:00,BF.CW.PMP02,cooling_descaling_pump,2.1543,0.096,58.2566,0.7164,0,BF.CW.PMP02::E03,train
2025-06-06 09:00:00,BF.CW.PMP02,cooling_descaling_pump,2.2667,-0.338,58.4629,0.8873,0,BF.CW.PMP02::E03,train
2025-06-06 10:00:00,BF.CW.PMP02,cooling_descaling_pump,2.2613,-0.5354,57.7406,0.8235,0,BF.CW.PMP02::E03,train
2025-06-06 11:00:00,BF.CW.PMP02,cooling_descaling_pump,2.2578,-0.5198,57.2945,0.8243,0,BF.CW.PMP02::E03,train
2025-06-06 12:00:00,BF.CW.PMP02,cooling_descaling_pump,2.331,-0.2417,58.3836,0.9016,0,BF.CW.PMP02::E03,train
2025-06-06 13:00:00,BF.CW.PMP02,cooling_descaling_pump,2.4317,-0.1234,57.8578,0.9625,1,BF.CW.PMP02::E03,train
2025-06-06 14:00:00,BF.CW.PMP02,cooling_descaling_pump,2.5352,0.0704,59.732,1.0674,1,BF.CW.PMP02::E03,train
2025-06-06 15:00:00,BF.CW.PMP02,cooling_descaling_pump,2.5664,0.6966,60.3537,1.1254,0,BF.CW.PMP02::E03,train
2025-06-06 16:00:00,BF.CW.PMP02,cooling_descaling_pump,2.5868,-0.1622,60.2182,1.1722,0,BF.CW.PMP02::E03,train
2025-06-06 17:00:00,BF.CW.PMP02,cooling_descaling_pump,2.6198,-0.3591,60.0195,1.1827,0,BF.CW.PMP02::E03,train
2025-06-06 18:00:00,BF.CW.PMP02,cooling_descaling_pump,2.4786,-0.5017,57.8937,1.1059,0,BF.CW.PMP02::E03,train
2025-06-06 19:00:00,BF.CW.PMP02,cooling_descaling_pump,2.3529,-0.0313,56.1045,1.1505,0,BF.CW.PMP02::E03,train
2025-06-06 20:00:00,BF.CW.PMP02,cooling_descaling_pump,2.3163,-0.3148,56.3235,1.1325,0,BF.CW.PMP02::E03,train
2025-06-06 21:00:00,BF.CW.PMP02,cooling_descaling_pump,2.277,-0.6842,56.7767,1.1455,0,BF.CW.PMP02::E03,train
2025-06-06 22:00:00,BF.CW.PMP02,cooling_descaling_pump,2.3279,-1.0407,56.6679,1.1343,0,BF.CW.PMP02::E03,train
2025-06-06 23:00:00,BF.CW.PMP02,cooling_descaling_pump,2.5589,-0.7308,57.6982,1.1593,0,BF.CW.PMP02::E03,train
2025-06-07 00:00:00,BF.CW.PMP02,cooling_descaling_pump,2.5493,-1.0568,58.5782,1.1523,1,BF.CW.PMP02::E03,train
2025-06-07 01:00:00,BF.CW.PMP02,cooling_descaling_pump,2.5456,-0.4902,59.0096,1.0728,0,BF.CW.PMP02::E03,train
2025-06-07 02:00:00,BF.CW.PMP02,cooling_descaling_pump,2.5873,-0.8379,58.5103,1.0029,0,BF.CW.PMP02::E03,train
2025-06-07 03:00:00,BF.CW.PMP02,cooling_descaling_pump,2.5328,-1.3343,58.4896,0.9486,0,BF.CW.PMP02::E03,train
2025-06-07 04:00:00,BF.CW.PMP02,cooling_descaling_pump,2.3688,-1.187,57.1421,0.8297,1,BF.CW.PMP02::E03,train
2025-06-07 05:00:00,BF.CW.PMP02,cooling_descaling_pump,2.2283,-1.4175,56.5733,0.7869,0,BF.CW.PMP02::E03,train
2025-06-07 06:00:00,BF.CW.PMP02,cooling_descaling_pump,2.2912,-1.4232,56.9104,0.7924,0,BF.CW.PMP02::E03,train
2025-06-07 07:00:00,BF.CW.PMP02,cooling_descaling_pump,2.2746,-1.206,57.6566,0.8081,0,BF.CW.PMP02::E03,train
2025-06-07 08:00:00,BF.CW.PMP02,cooling_descaling_pump,2.2186,-2.0267,58.1374,0.8802,0,BF.CW.PMP02::E03,train
2025-06-07 09:00:00,BF.CW.PMP02,cooling_descaling_pump,2.1684,-1.3007,59.0392,0.9984,0,BF.CW.PMP02::E03,train
2025-06-07 10:00:00,BF.CW.PMP02,cooling_descaling_pump,2.2102,-1.3793,57.4528,0.9773,0,BF.CW.PMP02::E03,train
2025-06-07 11:00:00,BF.CW.PMP02,cooling_descaling_pump,2.2285,-1.6994,56.2228,0.9138,0,BF.CW.PMP02::E03,train
2025-06-07 12:00:00,BF.CW.PMP02,cooling_descaling_pump,2.1056,-1.0601,54.5054,0.9162,0,BF.CW.PMP02::E03,train
2025-06-07 13:00:00,BF.CW.PMP02,cooling_descaling_pump,2.2414,-1.0957,54.9245,0.9533,0,BF.CW.PMP02::E03,train
2025-06-07 14:00:00,BF.CW.PMP02,cooling_descaling_pump,2.32,-0.5625,53.7961,0.9408,0,BF.CW.PMP02::E03,train
2025-06-07 15:00:00,BF.CW.PMP02,cooling_descaling_pump,2.3604,-0.8722,54.4591,0.8936,0,BF.CW.PMP02::E03,train
2025-06-07 16:00:00,BF.CW.PMP02,cooling_descaling_pump,2.5589,-0.5934,55.7141,0.7628,0,BF.CW.PMP02::E03,train
2025-06-07 17:00:00,BF.CW.PMP02,cooling_descaling_pump,2.6579,-0.3753,56.1685,0.7991,0,BF.CW.PMP02::E03,train
2025-06-07 18:00:00,BF.CW.PMP02,cooling_descaling_pump,2.6562,-0.1706,56.4604,0.8328,0,BF.CW.PMP02::E03,train
2025-06-07 19:00:00,BF.CW.PMP02,cooling_descaling_pump,2.6489,-0.2327,56.9214,0.7923,0,BF.CW.PMP02::E03,train
2025-06-07 20:00:00,BF.CW.PMP02,cooling_descaling_pump,2.5184,-0.6071,57.108,0.8475,0,BF.CW.PMP02::E03,train
2025-06-07 21:00:00,BF.CW.PMP02,cooling_descaling_pump,2.3558,-0.2316,55.0813,0.715,0,BF.CW.PMP02::E03,train
2025-06-07 22:00:00,BF.CW.PMP02,cooling_descaling_pump,2.3654,0.068,55.5495,0.7097,0,BF.CW.PMP02::E03,train
2025-06-07 23:00:00,BF.CW.PMP02,cooling_descaling_pump,2.3992,0.8314,57.6145,0.8032,1,BF.CW.PMP02::E03,train
2025-06-08 00:00:00,BF.CW.PMP02,cooling_descaling_pump,2.4007,1.2553,58.5541,0.8048,0,BF.CW.PMP02::E03,train
2025-06-08 01:00:00,BF.CW.PMP02,cooling_descaling_pump,2.3021,0.4865,59.258,0.9141,0,BF.CW.PMP02::E03,train
2025-06-08 02:00:00,BF.CW.PMP02,cooling_descaling_pump,2.0753,0.0479,58.2389,0.9088,0,BF.CW.PMP02::E03,train
2025-06-08 03:00:00,BF.CW.PMP02,cooling_descaling_pump,2.045,0.2474,58.438,0.9649,0,BF.CW.PMP02::E03,train
2025-06-08 04:00:00,BF.CW.PMP02,cooling_descaling_pump,2.14,0.1693,60.0851,1.0389,0,BF.CW.PMP02::E03,train
2025-06-08 05:00:00,BF.CW.PMP02,cooling_descaling_pump,2.208,1.3231,60.151,1.0318,0,BF.CW.PMP02::E03,train
2025-06-08 06:00:00,BF.CW.PMP02,cooling_descaling_pump,2.3506,0.8255,60.7675,0.9469,0,BF.CW.PMP02::E03,train
2025-06-08 07:00:00,BF.CW.PMP02,cooling_descaling_pump,2.3909,0.5281,60.5545,0.9769,0,BF.CW.PMP02::E03,train
2025-06-08 08:00:00,BF.CW.PMP02,cooling_descaling_pump,2.5121,0.3834,62.3783,1.069,0,BF.CW.PMP02::E03,train
2025-06-08 09:00:00,BF.CW.PMP02,cooling_descaling_pump,2.4107,-0.2791,61.0311,1.0411,0,BF.CW.PMP02::E03,train
2025-06-08 10:00:00,BF.CW.PMP02,cooling_descaling_pump,2.4431,-0.075,60.2242,1.1475,0,BF.CW.PMP02::E03,train
2025-06-08 11:00:00,BF.CW.PMP02,cooling_descaling_pump,2.4719,-0.1051,59.8098,1.0724,0,BF.CW.PMP02::E03,train
2025-06-08 12:00:00,BF.CW.PMP02,cooling_descaling_pump,2.4478,-0.501,57.9483,0.909,1,BF.CW.PMP02::E03,train
2025-06-08 13:00:00,BF.CW.PMP02,cooling_descaling_pump,2.4856,-0.4149,57.3036,0.787,0,BF.CW.PMP02::E03,train
2025-06-08 14:00:00,BF.CW.PMP02,cooling_descaling_pump,2.5356,-0.9054,56.7367,0.7529,0,BF.CW.PMP02::E03,train
2025-06-08 15:00:00,BF.CW.PMP02,cooling_descaling_pump,2.487,-0.6798,56.5331,0.7308,0,BF.CW.PMP02::E03,train
2025-06-08 16:00:00,BF.CW.PMP02,cooling_descaling_pump,2.4155,-0.8693,56.2116,0.8352,0,BF.CW.PMP02::E03,train
2025-06-08 17:00:00,BF.CW.PMP02,cooling_descaling_pump,2.1003,-0.9008,53.3091,0.7491,0,BF.CW.PMP02::E03,train
2025-06-08 18:00:00,BF.CW.PMP02,cooling_descaling_pump,2.2277,-1.2249,53.7554,0.7411,0,BF.CW.PMP02::E03,train
2025-06-08 19:00:00,BF.CW.PMP02,cooling_descaling_pump,2.1396,-0.4744,53.5203,0.7082,0,BF.CW.PMP02::E03,train
2025-06-08 20:00:00,BF.CW.PMP02,cooling_descaling_pump,2.0564,3.2633,52.2174,0.7176,0,BF.CW.PMP02::E03,train
2025-06-08 21:00:00,BF.CW.PMP02,cooling_descaling_pump,2.089,6.6495,51.9417,0.7525,1,BF.CW.PMP02::E03,train
2025-06-08 22:00:00,BF.CW.PMP02,cooling_descaling_pump,2.1583,3.2367,52.6404,0.7763,1,BF.CW.PMP02::E03,train
2025-06-08 23:00:00,BF.CW.PMP02,cooling_descaling_pump,2.0414,-0.0171,52.7687,0.8568,0,BF.CW.PMP02::E03,train
2025-06-09 00:00:00,BF.CW.PMP02,cooling_descaling_pump,2.129,0.6602,53.3916,0.819,0,BF.CW.PMP02::E03,train
2025-06-09 01:00:00,BF.CW.PMP02,cooling_descaling_pump,2.074,0.6288,53.9951,0.8735,1,BF.CW.PMP02::E03,train
2025-06-09 02:00:00,BF.CW.PMP02,cooling_descaling_pump,2.2474,0.9793,55.7572,1.0035,1,BF.CW.PMP02::E03,train
2025-06-09 03:00:00,BF.CW.PMP02,cooling_descaling_pump,2.3204,1.0638,57.2648,1.0652,0,BF.CW.PMP02::E03,train
2025-06-09 04:00:00,BF.CW.PMP02,cooling_descaling_pump,2.2516,1.1735,56.6861,1.0592,1,BF.CW.PMP02::E03,train
2025-06-09 05:00:00,BF.CW.PMP02,cooling_descaling_pump,2.1771,1.3074,55.197,0.9747,0,BF.CW.PMP02::E03,train
2025-06-09 06:00:00,BF.CW.PMP02,cooling_descaling_pump,2.2556,1.0001,55.1146,0.823,0,BF.CW.PMP02::E03,train
2025-06-09 07:00:00,BF.CW.PMP02,cooling_descaling_pump,2.2633,0.5172,56.2857,0.9357,0,BF.CW.PMP02::E03,train
2025-06-09 08:00:00,BF.CW.PMP02,cooling_descaling_pump,2.278,0.1185,56.837,0.9808,1,BF.CW.PMP02::E03,train
2025-06-09 09:00:00,BF.CW.PMP02,cooling_descaling_pump,2.3649,0.3965,57.0546,0.9895,0,BF.CW.PMP02::E03,train
2025-06-09 10:00:00,BF.CW.PMP02,cooling_descaling_pump,2.4097,0.3976,57.8962,1.1297,0,BF.CW.PMP02::E03,train
2025-06-09 11:00:00,BF.CW.PMP02,cooling_descaling_pump,2.4076,0.5379,56.8507,1.0693,0,BF.CW.PMP02::E03,train
2025-06-09 12:00:00,BF.CW.PMP02,cooling_descaling_pump,2.372,0.6226,57.1458,1.1687,0,BF.CW.PMP02::E03,train
2025-06-09 13:00:00,BF.CW.PMP02,cooling_descaling_pump,2.34,0.5042,56.3361,1.1345,0,BF.CW.PMP02::E03,train
2025-06-09 14:00:00,BF.CW.PMP02,cooling_descaling_pump,2.2389,0.8346,55.0927,1.1508,0,BF.CW.PMP02::E03,train
2025-06-09 15:00:00,BF.CW.PMP02,cooling_descaling_pump,2.1717,1.3667,55.4081,1.3067,0,BF.CW.PMP02::E03,train
2025-06-09 16:00:00,BF.CW.PMP02,cooling_descaling_pump,2.1276,1.5722,55.3809,1.3212,1,BF.CW.PMP02::E03,train
2025-06-09 17:00:00,BF.CW.PMP02,cooling_descaling_pump,2.1261,1.0986,56.5616,1.3884,0,BF.CW.PMP02::E03,train
2025-06-09 18:00:00,BF.CW.PMP02,cooling_descaling_pump,2.2819,0.6341,56.5072,1.31,1,BF.CW.PMP02::E03,train
2025-06-09 19:00:00,BF.CW.PMP02,cooling_descaling_pump,2.3134,0.3155,56.4885,1.2982,0,BF.CW.PMP02::E03,train
2025-06-09 20:00:00,BF.CW.PMP02,cooling_descaling_pump,2.1998,0.3151,55.0605,1.2475,1,BF.CW.PMP02::E03,train
2025-06-09 21:00:00,BF.CW.PMP02,cooling_descaling_pump,2.2763,0.5342,54.5889,1.2215,0,BF.CW.PMP02::E03,train
2025-06-09 22:00:00,BF.CW.PMP02,cooling_descaling_pump,2.2894,0.9344,54.4589,1.1368,0,BF.CW.PMP02::E03,train
2025-06-09 23:00:00,BF.CW.PMP02,cooling_descaling_pump,2.283,0.5958,52.8504,0.9716,1,BF.CW.PMP02::E03,train
2025-06-10 00:00:00,BF.CW.PMP02,cooling_descaling_pump,2.4093,0.0092,52.8297,0.9093,1,BF.CW.PMP02::E03,train
2025-06-10 01:00:00,BF.CW.PMP02,cooling_descaling_pump,2.4827,0.5523,51.3735,0.7849,1,BF.CW.PMP02::E03,train
2025-06-10 02:00:00,BF.CW.PMP02,cooling_descaling_pump,2.4903,1.0477,52.6615,0.7994,0,BF.CW.PMP02::E03,train
2025-06-10 03:00:00,BF.CW.PMP02,cooling_descaling_pump,2.5583,1.425,53.3254,0.7191,0,BF.CW.PMP02::E03,train
2025-06-10 04:00:00,BF.CW.PMP02,cooling_descaling_pump,2.6789,1.9759,55.0433,0.6429,0,BF.CW.PMP02::E03,train
2025-06-10 05:00:00,BF.CW.PMP02,cooling_descaling_pump,2.7763,2.2406,55.2755,0.6266,0,BF.CW.PMP02::E03,train
2025-06-10 06:00:00,BF.CW.PMP02,cooling_descaling_pump,2.6471,2.1572,54.9253,0.611,0,BF.CW.PMP02::E03,train
2025-06-10 07:00:00,BF.CW.PMP02,cooling_descaling_pump,2.5617,2.0948,54.0486,0.6529,0,BF.CW.PMP02::E03,train
2025-06-10 08:00:00,BF.CW.PMP02,cooling_descaling_pump,2.4681,1.7736,54.0784,0.8443,1,BF.CW.PMP02::E03,train
2025-06-10 09:00:00,BF.CW.PMP02,cooling_descaling_pump,2.3773,1.5529,52.2804,0.8643,0,BF.CW.PMP02::E03,train
2025-06-10 10:00:00,BF.CW.PMP02,cooling_descaling_pump,2.2167,1.6938,51.287,0.8091,0,BF.CW.PMP02::E03,train
2025-06-10 11:00:00,BF.CW.PMP02,cooling_descaling_pump,2.3388,1.9649,50.5575,0.7305,0,BF.CW.PMP02::E03,train
2025-06-10 12:00:00,BF.CW.PMP02,cooling_descaling_pump,2.4107,1.8867,50.6583,0.8175,0,BF.CW.PMP02::E03,train
2025-06-10 13:00:00,BF.CW.PMP02,cooling_descaling_pump,2.3507,1.9791,49.2037,0.876,0,BF.CW.PMP02::E03,train
2025-06-10 14:00:00,BF.CW.PMP02,cooling_descaling_pump,2.184,1.8973,48.3326,0.798,1,BF.CW.PMP02::E03,train
2025-06-10 15:00:00,BF.CW.PMP02,cooling_descaling_pump,2.0828,1.5139,47.3349,0.7564,0,BF.CW.PMP02::E03,train
2025-06-10 16:00:00,BF.CW.PMP02,cooling_descaling_pump,2.1445,1.4847,47.7042,0.8076,0,BF.CW.PMP02::E03,train
2025-06-10 17:00:00,BF.CW.PMP02,cooling_descaling_pump,2.1306,1.5447,48.0377,0.8053,1,BF.CW.PMP02::E03,train
2025-06-10 18:00:00,BF.CW.PMP02,cooling_descaling_pump,2.2411,0.8805,47.1658,0.7328,1,BF.CW.PMP02::E03,train
2025-06-10 19:00:00,BF.CW.PMP02,cooling_descaling_pump,2.1808,0.8998,46.8178,0.8371,0,BF.CW.PMP02::E03,train
2025-06-10 20:00:00,BF.CW.PMP02,cooling_descaling_pump,2.1588,-0.01,48.9483,1.0701,1,BF.CW.PMP02::E03,train
2025-06-10 21:00:00,BF.CW.PMP02,cooling_descaling_pump,2.1582,0.3068,48.9409,1.0742,1,BF.CW.PMP02::E03,train
2025-06-10 22:00:00,BF.CW.PMP02,cooling_descaling_pump,2.3093,0.1228,52.1364,1.1709,0,BF.CW.PMP02::E03,train
2025-06-10 23:00:00,BF.CW.PMP02,cooling_descaling_pump,2.2964,0.3827,52.8392,1.1761,1,BF.CW.PMP02::E03,train
2025-06-11 00:00:00,BF.CW.PMP02,cooling_descaling_pump,2.2901,0.1926,51.6221,1.1013,1,BF.CW.PMP02::E03,train
2025-06-11 01:00:00,BF.CW.PMP02,cooling_descaling_pump,2.1577,0.0821,52.2206,1.1333,1,BF.CW.PMP02::E03,train
2025-06-11 02:00:00,BF.CW.PMP02,cooling_descaling_pump,2.0092,-0.3019,50.3068,1.0184,0,BF.CW.PMP02::E03,train
2025-06-11 03:00:00,BF.CW.PMP02,cooling_descaling_pump,1.9174,-0.0599,52.3041,1.1516,0,BF.CW.PMP02::E03,train
2025-06-11 04:00:00,BF.CW.PMP02,cooling_descaling_pump,2.2022,-0.3972,53.1169,1.0737,1,BF.CW.PMP02::E03,train
2025-06-11 05:00:00,BF.CW.PMP02,cooling_descaling_pump,2.1761,-0.4566,52.6272,1.0132,1,BF.CW.PMP02::E03,train
2025-06-11 06:00:00,BF.CW.PMP02,cooling_descaling_pump,2.2564,-0.5658,54.6998,1.1209,1,BF.CW.PMP02::E03,train
2025-06-11 07:00:00,BF.CW.PMP02,cooling_descaling_pump,2.249,-0.404,55.2551,1.1247,1,BF.CW.PMP02::E03,train
2025-06-11 08:00:00,BF.CW.PMP02,cooling_descaling_pump,2.1447,-0.2627,54.6376,1.1298,1,BF.CW.PMP02::E03,train
2025-06-11 09:00:00,BF.CW.PMP02,cooling_descaling_pump,2.1322,-0.448,53.0491,1.042,0,BF.CW.PMP02::E03,train
2025-06-11 10:00:00,BF.CW.PMP02,cooling_descaling_pump,2.3256,-0.1743,52.7313,1.0338,0,BF.CW.PMP02::E03,train
2025-06-11 11:00:00,BF.CW.PMP02,cooling_descaling_pump,2.3279,0.8426,52.6349,1.0324,0,BF.CW.PMP02::E03,train
2025-06-11 12:00:00,BF.CW.PMP02,cooling_descaling_pump,2.3353,0.3926,52.0091,0.944,1,BF.CW.PMP02::E03,train
2025-06-11 13:00:00,BF.CW.PMP02,cooling_descaling_pump,2.3784,1.0044,52.2191,1.0005,0,BF.CW.PMP02::E03,train
2025-06-11 14:00:00,BF.CW.PMP02,cooling_descaling_pump,2.422,1.1597,52.5899,0.9362,0,BF.CW.PMP02::E03,train
2025-06-11 15:00:00,BF.CW.PMP02,cooling_descaling_pump,2.2645,1.2224,50.8359,0.8826,0,BF.CW.PMP02::E03,train
2025-06-11 16:00:00,BF.CW.PMP02,cooling_descaling_pump,2.3385,1.1597,50.99,0.8369,1,BF.CW.PMP02::E03,train
2025-06-11 17:00:00,BF.CW.PMP02,cooling_descaling_pump,2.4346,0.9143,51.5623,0.73,0,BF.CW.PMP02::E03,train
2025-06-11 18:00:00,BF.CW.PMP02,cooling_descaling_pump,2.6355,0.6883,53.6943,0.8501,1,BF.CW.PMP02::E03,train
2025-06-11 19:00:00,BF.CW.PMP02,cooling_descaling_pump,2.6622,0.2927,53.1734,0.8188,1,BF.CW.PMP02::E03,train
2025-06-11 20:00:00,BF.CW.PMP02,cooling_descaling_pump,2.5945,0.2499,,,0,BF.CW.PMP02::E03,train
2025-06-11 21:00:00,BF.CW.PMP02,cooling_descaling_pump,2.5389,0.0283,54.2188,0.8709,1,BF.CW.PMP02::E03,train
2025-06-11 22:00:00,BF.CW.PMP02,cooling_descaling_pump,2.3851,-0.3544,52.1839,0.893,0,BF.CW.PMP02::E03,train
2025-06-11 23:00:00,BF.CW.PMP02,cooling_descaling_pump,2.4767,-0.5476,52.527,0.8135,1,BF.CW.PMP02::E03,train
2025-06-12 00:00:00,BF.CW.PMP02,cooling_descaling_pump,2.655,-0.4509,53.9472,0.8259,1,BF.CW.PMP02::E03,train
2025-06-12 01:00:00,BF.CW.PMP02,cooling_descaling_pump,2.6083,-0.8226,54.6789,0.8234,1,BF.CW.PMP02::E03,train
2025-06-12 02:00:00,BF.CW.PMP02,cooling_descaling_pump,2.7768,-1.4299,56.2984,0.8502,1,BF.CW.PMP02::E03,train
2025-06-12 03:00:00,BF.CW.PMP02,cooling_descaling_pump,2.8783,-0.8398,58.5328,0.9335,1,BF.CW.PMP02::E03,train
2025-06-12 04:00:00,BF.CW.PMP02,cooling_descaling_pump,2.8469,-1.1021,58.5537,0.9832,1,BF.CW.PMP02::E03,train
2025-06-12 05:00:00,BF.CW.PMP02,cooling_descaling_pump,2.7605,-1.2502,59.6379,1.0752,1,BF.CW.PMP02::E03,train
2025-06-12 06:00:00,BF.CW.PMP02,cooling_descaling_pump,2.7584,-1.1602,59.0664,1.0294,1,BF.CW.PMP02::E03,train
2025-06-12 07:00:00,BF.CW.PMP02,cooling_descaling_pump,2.7361,-1.2039,59.9943,1.1063,0,BF.CW.PMP02::E03,train
2025-06-12 08:00:00,BF.CW.PMP02,cooling_descaling_pump,2.803,-0.9446,61.0638,1.1182,1,BF.CW.PMP02::E03,train
2025-06-12 09:00:00,BF.CW.PMP02,cooling_descaling_pump,2.6811,-1.0913,61.3437,1.0986,1,BF.CW.PMP02::E03,train
2025-06-12 10:00:00,BF.CW.PMP02,cooling_descaling_pump,2.7408,-1.0477,60.9381,0.9981,1,BF.CW.PMP02::E03,train
2025-06-12 11:00:00,BF.CW.PMP02,cooling_descaling_pump,2.76,-1.0271,60.8536,0.9543,1,BF.CW.PMP02::E03,train
2025-06-12 12:00:00,BF.CW.PMP02,cooling_descaling_pump,2.7841,-0.9933,60.5299,0.8972,1,BF.CW.PMP02::E03,train
2025-06-12 13:00:00,BF.CW.PMP02,cooling_descaling_pump,2.8087,0.1975,60.3778,0.9042,1,BF.CW.PMP02::E03,train
2025-06-12 14:00:00,BF.CW.PMP02,cooling_descaling_pump,2.8395,-0.0731,60.3077,0.9331,1,BF.CW.PMP02::E03,train
2025-06-12 15:00:00,BF.CW.PMP02,cooling_descaling_pump,2.8724,-0.3461,60.254,0.8606,1,BF.CW.PMP02::E03,train
2025-06-12 16:00:00,BF.CW.PMP02,cooling_descaling_pump,2.8682,-0.2206,59.5527,0.8642,1,BF.CW.PMP02::E03,train
2025-06-12 17:00:00,BF.CW.PMP02,cooling_descaling_pump,2.7523,-0.4468,59.4798,0.8005,1,BF.CW.PMP02::E03,train
2025-06-12 18:00:00,BF.CW.PMP02,cooling_descaling_pump,2.8316,-0.9261,58.9448,0.7605,1,BF.CW.PMP02::E03,train
2025-06-12 19:00:00,BF.CW.PMP02,cooling_descaling_pump,2.7506,-0.6121,58.2983,0.7446,1,BF.CW.PMP02::E03,train
2025-06-12 20:00:00,BF.CW.PMP02,cooling_descaling_pump,2.7885,-0.3663,58.8815,0.8047,1,BF.CW.PMP02::E03,train
2025-06-12 21:00:00,BF.CW.PMP02,cooling_descaling_pump,2.8764,-0.6934,60.2291,0.7335,0,BF.CW.PMP02::E03,train
2025-06-12 22:00:00,BF.CW.PMP02,cooling_descaling_pump,2.5998,-0.787,59.0175,0.7556,1,BF.CW.PMP02::E03,train
2025-06-12 23:00:00,BF.CW.PMP02,cooling_descaling_pump,2.6112,-0.8301,59.2168,0.8311,1,BF.CW.PMP02::E03,train
2025-06-13 00:00:00,BF.CW.PMP02,cooling_descaling_pump,2.5719,-1.0874,57.3866,0.7366,1,BF.CW.PMP02::E03,train
2025-06-13 01:00:00,BF.CW.PMP02,cooling_descaling_pump,2.6547,-1.0644,59.2824,0.7949,1,BF.CW.PMP02::E03,train
2025-06-13 02:00:00,BF.CW.PMP02,cooling_descaling_pump,2.6499,-1.427,59.4538,0.8404,1,BF.CW.PMP02::E03,train
2025-06-13 03:00:00,BF.CW.PMP02,cooling_descaling_pump,2.6231,-1.1198,59.5102,0.944,1,BF.CW.PMP02::E03,train
2025-06-13 04:00:00,BF.CW.PMP02,cooling_descaling_pump,2.44,-0.9072,56.7646,0.8593,0,BF.CW.PMP02::E03,train
2025-06-13 05:00:00,BF.CW.PMP02,cooling_descaling_pump,2.4961,-0.9404,55.5958,0.8338,1,BF.CW.PMP02::E03,train
2025-06-13 06:00:00,BF.CW.PMP02,cooling_descaling_pump,2.5689,-0.5338,53.3057,0.7386,1,BF.CW.PMP02::E03,train
2025-06-13 07:00:00,BF.CW.PMP02,cooling_descaling_pump,2.5772,-0.7667,54.0746,0.8303,0,BF.CW.PMP02::E03,train
2025-06-13 08:00:00,BF.CW.PMP02,cooling_descaling_pump,2.6433,-1.1808,54.8549,0.8837,1,BF.CW.PMP02::E03,train
2025-06-13 09:00:00,BF.CW.PMP02,cooling_descaling_pump,2.6016,-0.6321,54.5744,0.9368,1,BF.CW.PMP02::E03,train
2025-06-13 10:00:00,BF.CW.PMP02,cooling_descaling_pump,2.6178,-0.2499,54.8226,0.9405,1,BF.CW.PMP02::E03,train
2025-06-13 11:00:00,BF.CW.PMP02,cooling_descaling_pump,2.4528,-0.4591,53.5061,0.9246,1,BF.CW.PMP02::E03,train
2025-06-13 12:00:00,BF.CW.PMP02,cooling_descaling_pump,2.4269,-0.6539,52.1034,0.9403,1,BF.CW.PMP02::E03,train
2025-06-13 13:00:00,BF.CW.PMP02,cooling_descaling_pump,2.4707,0.2471,51.7561,0.917,0,BF.CW.PMP02::E03,train
2025-06-13 14:00:00,BF.CW.PMP02,cooling_descaling_pump,2.4744,0.0799,50.7668,0.9614,1,BF.CW.PMP02::E03,train
2025-06-13 15:00:00,BF.CW.PMP02,cooling_descaling_pump,2.4436,0.5055,50.9547,1.0182,1,BF.CW.PMP02::E03,train
2025-06-13 16:00:00,BF.CW.PMP02,cooling_descaling_pump,2.4165,0.3485,49.2315,0.9469,1,BF.CW.PMP02::E03,train
2025-06-13 17:00:00,BF.CW.PMP02,cooling_descaling_pump,2.473,0.5976,49.7755,0.9839,1,BF.CW.PMP02::E03,train
2025-06-13 18:00:00,BF.CW.PMP02,cooling_descaling_pump,2.5226,0.3064,50.4252,0.9928,1,BF.CW.PMP02::E03,train
2025-06-13 19:00:00,BF.CW.PMP02,cooling_descaling_pump,2.3445,0.4064,48.6987,0.9135,0,BF.CW.PMP02::E03,train
2025-06-13 20:00:00,BF.CW.PMP02,cooling_descaling_pump,2.316,0.5606,48.0037,0.8794,1,BF.CW.PMP02::E03,train
2025-06-13 21:00:00,BF.CW.PMP02,cooling_descaling_pump,2.3151,0.1091,48.276,0.9151,1,BF.CW.PMP02::E03,train
2025-06-13 22:00:00,BF.CW.PMP02,cooling_descaling_pump,2.1183,-0.094,47.4909,0.983,1,BF.CW.PMP02::E03,train
2025-06-13 23:00:00,BF.CW.PMP02,cooling_descaling_pump,2.2658,0.2499,47.1193,0.8907,1,BF.CW.PMP02::E03,train
2025-06-14 00:00:00,BF.CW.PMP02,cooling_descaling_pump,2.1939,0.1811,45.7502,0.7601,1,BF.CW.PMP02::E03,train
2025-06-14 01:00:00,BF.CW.PMP02,cooling_descaling_pump,2.2395,0.5077,46.8954,0.8548,1,BF.CW.PMP02::E03,train
2025-06-14 02:00:00,BF.CW.PMP02,cooling_descaling_pump,2.0967,-0.1467,45.7988,0.8627,1,BF.CW.PMP02::E03,train
2025-06-14 03:00:00,BF.CW.PMP02,cooling_descaling_pump,2.2432,0.2736,46.8522,0.9243,1,BF.CW.PMP02::E03,train
2025-06-14 04:00:00,BF.CW.PMP02,cooling_descaling_pump,2.1368,-0.0963,46.0221,0.8755,1,BF.CW.PMP02::E03,train
2025-06-14 05:00:00,BF.CW.PMP02,cooling_descaling_pump,2.1372,0.148,45.4079,0.8578,1,BF.CW.PMP02::E03,train
2025-06-14 06:00:00,BF.CW.PMP02,cooling_descaling_pump,2.0746,-0.1356,45.625,0.8391,1,BF.CW.PMP02::E03,train
2025-06-14 07:00:00,BF.CW.PMP02,cooling_descaling_pump,2.0664,0.4369,45.2232,0.7638,1,BF.CW.PMP02::E03,train
2025-06-14 08:00:00,BF.CW.PMP02,cooling_descaling_pump,2.0763,0.3571,44.2443,0.7298,1,BF.CW.PMP02::E03,train
2025-06-14 09:00:00,BF.CW.PMP02,cooling_descaling_pump,2.0938,0.0341,44.8738,0.7916,1,BF.CW.PMP02::E03,train
2025-06-14 10:00:00,BF.CW.PMP02,cooling_descaling_pump,1.9812,0.2762,43.9272,0.7628,1,BF.CW.PMP02::E03,train
2025-06-14 11:00:00,BF.CW.PMP02,cooling_descaling_pump,2.0157,-0.1117,44.1251,0.8473,1,BF.CW.PMP02::E03,train
2025-06-14 12:00:00,BF.CW.PMP02,cooling_descaling_pump,2.2319,-0.1609,42.7361,0.834,1,BF.CW.PMP02::E03,train
2025-06-14 13:00:00,BF.CW.PMP02,cooling_descaling_pump,2.3554,0.0408,43.412,0.8242,1,BF.CW.PMP02::E03,train
2025-06-14 14:00:00,BF.CW.PMP02,cooling_descaling_pump,2.4418,-0.5395,43.6879,0.8798,1,BF.CW.PMP02::E03,train
2025-06-14 15:00:00,BF.CW.PMP02,cooling_descaling_pump,2.4868,-0.4309,43.5231,0.7925,1,BF.CW.PMP02::E03,train
2025-06-14 16:00:00,BF.CW.PMP02,cooling_descaling_pump,2.378,-1.1629,42.0168,0.7109,1,BF.CW.PMP02::E03,train
2025-06-14 17:00:00,BF.CW.PMP02,cooling_descaling_pump,2.4801,-0.8816,43.9781,0.849,1,BF.CW.PMP02::E03,train
2025-06-14 18:00:00,BF.CW.PMP02,cooling_descaling_pump,2.6006,-0.6717,43.5183,0.6733,1,BF.CW.PMP02::E03,train
2025-06-14 19:00:00,BF.CW.PMP02,cooling_descaling_pump,2.5767,-0.4034,43.1635,0.7063,1,BF.CW.PMP02::E03,train
2025-06-14 20:00:00,BF.CW.PMP02,cooling_descaling_pump,2.399,-0.4389,40.7252,0.5941,1,BF.CW.PMP02::E03,train
2025-06-14 21:00:00,BF.CW.PMP02,cooling_descaling_pump,2.4676,0.4221,40.1929,0.6375,1,BF.CW.PMP02::E03,train
2025-06-14 22:00:00,BF.CW.PMP02,cooling_descaling_pump,2.3706,-0.1012,40.6766,0.6622,1,BF.CW.PMP02::E03,train
2025-06-14 23:00:00,BF.CW.PMP02,cooling_descaling_pump,2.4101,-0.61,42.4961,0.6472,1,BF.CW.PMP02::E03,train
2025-06-15 00:00:00,BF.CW.PMP02,cooling_descaling_pump,2.4551,-0.2815,44.0627,0.7198,1,BF.CW.PMP02::E03,train
2025-06-15 01:00:00,BF.CW.PMP02,cooling_descaling_pump,2.2893,-0.1842,42.8528,0.6819,1,BF.CW.PMP02::E03,train
2025-06-15 02:00:00,BF.CW.PMP02,cooling_descaling_pump,2.4526,-0.7064,45.4851,0.8096,1,BF.CW.PMP02::E03,train
2025-06-15 03:00:00,BF.CW.PMP02,cooling_descaling_pump,2.2988,-0.2114,43.3368,0.6969,1,BF.CW.PMP02::E03,train
2025-06-15 04:00:00,BF.CW.PMP02,cooling_descaling_pump,2.4704,0.34,45.9332,0.7607,1,BF.CW.PMP02::E03,train
2025-06-15 05:00:00,BF.CW.PMP02,cooling_descaling_pump,2.5099,0.3235,47.5148,0.8369,1,BF.CW.PMP02::E03,train
2025-06-15 06:00:00,BF.CW.PMP02,cooling_descaling_pump,2.4954,0.2039,46.8354,0.8066,0,BF.CW.PMP02::E03,train
2025-06-15 07:00:00,BF.CW.PMP02,cooling_descaling_pump,2.547,0.4505,46.7262,0.8107,1,BF.CW.PMP02::E03,train
2025-06-15 08:00:00,BF.CW.PMP02,cooling_descaling_pump,2.5506,0.501,46.8936,0.8397,1,BF.CW.PMP02::E03,train
2025-06-15 09:00:00,BF.CW.PMP02,cooling_descaling_pump,2.595,0.3068,47.8977,0.9345,1,BF.CW.PMP02::E03,train
2025-06-15 10:00:00,BF.CW.PMP02,cooling_descaling_pump,2.5804,0.4753,46.6503,0.8937,1,BF.CW.PMP02::E03,train
2025-06-15 11:00:00,BF.CW.PMP02,cooling_descaling_pump,2.4335,0.6931,44.8839,0.916,1,BF.CW.PMP02::E03,train
2025-06-15 12:00:00,BF.CW.PMP02,cooling_descaling_pump,2.3935,0.5069,44.1303,0.9102,1,BF.CW.PMP02::E03,train
2025-06-15 13:00:00,BF.CW.PMP02,cooling_descaling_pump,2.4525,0.9808,44.0126,0.8539,1,BF.CW.PMP02::E03,train
2025-06-15 14:00:00,BF.CW.PMP02,cooling_descaling_pump,2.4813,1.5777,42.5049,0.8516,1,BF.CW.PMP02::E03,train
2025-06-15 15:00:00,BF.CW.PMP02,cooling_descaling_pump,2.4973,1.5357,42.6638,0.8489,1,BF.CW.PMP02::E03,train
2025-06-15 16:00:00,BF.CW.PMP02,cooling_descaling_pump,2.3728,0.8643,41.7959,0.9377,1,BF.CW.PMP02::E03,train
2025-06-15 17:00:00,BF.CW.PMP02,cooling_descaling_pump,2.2748,1.0517,39.6332,0.7635,1,BF.CW.PMP02::E03,train
2025-06-15 18:00:00,BF.CW.PMP02,cooling_descaling_pump,2.2961,1.0989,39.842,0.8539,1,BF.CW.PMP02::E03,train
2025-06-15 19:00:00,BF.CW.PMP02,cooling_descaling_pump,2.122,0.7707,39.9755,0.8471,1,BF.CW.PMP02::E03,train
2025-06-15 20:00:00,BF.CW.PMP02,cooling_descaling_pump,2.1398,0.7755,39.7117,0.81,1,BF.CW.PMP02::E03,train
2025-06-15 21:00:00,BF.CW.PMP02,cooling_descaling_pump,2.2251,0.7092,42.525,0.9153,1,BF.CW.PMP02::E03,train
2025-06-15 22:00:00,BF.CW.PMP02,cooling_descaling_pump,2.3032,0.1582,41.8726,0.8454,1,BF.CW.PMP02::E03,train
2025-06-15 23:00:00,BF.CW.PMP02,cooling_descaling_pump,2.2534,-0.1993,42.0286,0.8508,1,BF.CW.PMP02::E03,train
2025-06-16 00:00:00,BF.CW.PMP02,cooling_descaling_pump,2.3086,0.5262,42.4541,0.8483,1,BF.CW.PMP02::E03,train
2025-06-16 01:00:00,BF.CW.PMP02,cooling_descaling_pump,2.4589,0.3803,44.4672,0.8231,1,BF.CW.PMP02::E03,train
2025-06-16 02:00:00,BF.CW.PMP02,cooling_descaling_pump,2.4001,0.485,45.0665,0.9098,1,BF.CW.PMP02::E03,train
2025-06-16 03:00:00,BF.CW.PMP02,cooling_descaling_pump,2.3851,-0.408,44.3271,0.945,1,BF.CW.PMP02::E03,train
2025-06-16 04:00:00,BF.CW.PMP02,cooling_descaling_pump,2.5103,-0.0665,46.2012,1.0006,1,BF.CW.PMP02::E03,train
2025-06-16 05:00:00,BF.CW.PMP02,cooling_descaling_pump,2.5747,-0.0037,46.7191,0.9442,1,BF.CW.PMP02::E03,train
2025-06-16 06:00:00,BF.CW.PMP02,cooling_descaling_pump,2.5836,-0.4798,46.1117,0.9142,1,BF.CW.PMP02::E03,train
2025-06-16 07:00:00,BF.CW.PMP02,cooling_descaling_pump,2.5788,-0.6396,45.5889,0.9078,1,BF.CW.PMP02::E03,train
2025-06-16 08:00:00,BF.CW.PMP02,cooling_descaling_pump,2.7259,-1.1737,46.4452,0.9066,1,BF.CW.PMP02::E03,train
2025-06-16 09:00:00,BF.CW.PMP02,cooling_descaling_pump,2.5636,-1.2964,46.7124,0.9869,1,BF.CW.PMP02::E03,train
2025-06-16 10:00:00,BF.CW.PMP02,cooling_descaling_pump,2.6207,-0.7846,46.5292,0.9888,1,BF.CW.PMP02::E03,train
2025-06-16 11:00:00,BF.CW.PMP02,cooling_descaling_pump,2.7074,-0.2236,47.4805,1.015,1,BF.CW.PMP02::E03,train
2025-06-16 12:00:00,BF.CW.PMP02,cooling_descaling_pump,2.7292,-0.0192,46.5258,1.0199,1,BF.CW.PMP02::E03,train
2025-06-16 13:00:00,BF.CW.PMP02,cooling_descaling_pump,2.7244,0.7092,45.3903,1.0247,1,BF.CW.PMP02::E03,train
2025-06-16 14:00:00,BF.CW.PMP02,cooling_descaling_pump,2.6512,1.2013,44.1824,1.01,1,BF.CW.PMP02::E03,train
2025-06-16 15:00:00,BF.CW.PMP02,cooling_descaling_pump,2.6755,1.3374,44.992,1.039,1,BF.CW.PMP02::E03,train
2025-06-16 16:00:00,BF.CW.PMP02,cooling_descaling_pump,2.5793,1.3459,44.911,1.0446,1,BF.CW.PMP02::E03,train
2025-06-16 17:00:00,BF.CW.PMP02,cooling_descaling_pump,2.567,0.8733,44.7686,1.0145,1,BF.CW.PMP02::E03,train
2025-06-16 18:00:00,BF.CW.PMP02,cooling_descaling_pump,2.8154,1.0059,46.2996,1.034,1,BF.CW.PMP02::E03,train
2025-06-16 19:00:00,BF.CW.PMP02,cooling_descaling_pump,2.8012,1.2425,46.1123,1.057,1,BF.CW.PMP02::E03,train
2025-06-16 20:00:00,BF.CW.PMP02,cooling_descaling_pump,2.8277,1.538,46.8308,1.0631,1,BF.CW.PMP02::E03,train
2025-06-16 21:00:00,BF.CW.PMP02,cooling_descaling_pump,2.8065,1.4267,48.8131,1.1606,1,BF.CW.PMP02::E03,train
2025-06-16 22:00:00,BF.CW.PMP02,cooling_descaling_pump,2.603,1.5517,48.8258,1.2303,1,BF.CW.PMP02::E03,train
2025-06-16 23:00:00,BF.CW.PMP02,cooling_descaling_pump,2.5827,0.9286,49.595,1.214,1,BF.CW.PMP02::E03,train
2025-06-17 00:00:00,BF.CW.PMP02,cooling_descaling_pump,2.7293,0.9528,51.5689,1.2198,1,BF.CW.PMP02::E03,train
2025-06-17 01:00:00,BF.CW.PMP02,cooling_descaling_pump,2.6792,0.1865,51.8957,1.2293,1,BF.CW.PMP02::E03,train
2025-06-17 02:00:00,BF.CW.PMP02,cooling_descaling_pump,2.6028,0.6613,52.8548,1.1819,1,BF.CW.PMP02::E03,train
2025-06-17 03:00:00,BF.CW.PMP02,cooling_descaling_pump,2.6019,0.3594,52.0929,0.9926,1,BF.CW.PMP02::E03,train
2025-06-17 04:00:00,BF.CW.PMP02,cooling_descaling_pump,2.5994,0.7365,52.1516,0.9862,1,BF.CW.PMP02::E03,train
2025-06-17 05:00:00,BF.CW.PMP02,cooling_descaling_pump,2.5685,0.6341,50.8997,0.981,1,BF.CW.PMP02::E03,train
2025-06-17 06:00:00,BF.CW.PMP02,cooling_descaling_pump,2.728,0.427,51.2093,0.9016,1,BF.CW.PMP02::E03,train
2025-06-17 07:00:00,BF.CW.PMP02,cooling_descaling_pump,2.9322,0.3332,53.2724,0.9498,1,BF.CW.PMP02::E03,train
2025-06-17 08:00:00,BF.CW.PMP02,cooling_descaling_pump,2.9327,0.1735,53.2498,0.945,1,BF.CW.PMP02::E03,train
2025-06-17 09:00:00,BF.CW.PMP02,cooling_descaling_pump,3.0351,-0.2624,54.578,0.8974,1,BF.CW.PMP02::E03,train
2025-06-17 10:00:00,BF.CW.PMP02,cooling_descaling_pump,2.9289,-0.6155,54.087,0.9472,1,BF.CW.PMP02::E03,train
2025-06-17 11:00:00,BF.CW.PMP02,cooling_descaling_pump,2.8325,-0.0294,54.7307,1.0388,1,BF.CW.PMP02::E03,train
2025-06-17 12:00:00,BF.CW.PMP02,cooling_descaling_pump,2.6863,0.0995,53.1109,1.1074,1,BF.CW.PMP02::E03,train
2025-06-17 13:00:00,BF.CW.PMP02,cooling_descaling_pump,2.7183,0.2395,53.5352,1.1304,1,BF.CW.PMP02::E03,train
2025-06-17 14:00:00,BF.CW.PMP02,cooling_descaling_pump,2.7492,0.4094,54.0592,1.1078,1,BF.CW.PMP02::E03,train
2025-06-17 15:00:00,BF.CW.PMP02,cooling_descaling_pump,2.8661,0.6781,54.1898,1.1182,1,BF.CW.PMP02::E03,train
2025-06-17 16:00:00,BF.CW.PMP02,cooling_descaling_pump,2.7606,0.9572,53.2581,1.0755,1,BF.CW.PMP02::E03,train
2025-06-17 17:00:00,BF.CW.PMP02,cooling_descaling_pump,2.8914,0.8512,55.8833,1.1439,1,BF.CW.PMP02::E03,train
2025-06-17 18:00:00,BF.CW.PMP02,cooling_descaling_pump,2.7545,0.4822,55.239,1.0355,1,BF.CW.PMP02::E03,train
2025-06-17 19:00:00,BF.CW.PMP02,cooling_descaling_pump,2.6142,-0.0123,54.4646,0.9414,1,BF.CW.PMP02::E03,train
2025-06-17 20:00:00,BF.CW.PMP02,cooling_descaling_pump,2.7354,-0.5751,55.555,0.9667,1,BF.CW.PMP02::E03,train
2025-06-17 21:00:00,BF.CW.PMP02,cooling_descaling_pump,2.7286,-0.3346,57.7864,1.019,1,BF.CW.PMP02::E03,train
2025-06-17 22:00:00,BF.CW.PMP02,cooling_descaling_pump,2.9769,-0.3834,58.9196,0.9452,1,BF.CW.PMP02::E03,train
2025-06-17 23:00:00,BF.CW.PMP02,cooling_descaling_pump,2.9126,-0.0836,60.5643,1.061,1,BF.CW.PMP02::E03,train
2025-06-18 00:00:00,BF.CW.PMP02,cooling_descaling_pump,2.8693,0.0744,61.7571,1.1404,1,BF.CW.PMP02::E03,train
2025-06-18 01:00:00,BF.CW.PMP02,cooling_descaling_pump,2.7813,0.373,61.4662,1.1528,1,BF.CW.PMP02::E03,train
2025-06-18 02:00:00,BF.CW.PMP02,cooling_descaling_pump,2.8717,1.4094,62.0029,1.1361,1,BF.CW.PMP02::E03,train
2025-06-18 03:00:00,BF.CW.PMP02,cooling_descaling_pump,3.0119,0.7988,63.8964,1.1545,1,BF.CW.PMP02::E03,train
2025-06-18 04:00:00,BF.CW.PMP02,cooling_descaling_pump,2.9365,0.1681,63.5884,1.1015,1,BF.CW.PMP02::E03,train
2025-06-18 05:00:00,BF.CW.PMP02,cooling_descaling_pump,2.8153,-0.1675,63.3926,1.1452,1,BF.CW.PMP02::E03,train
2025-06-18 06:00:00,BF.CW.PMP02,cooling_descaling_pump,2.7998,-0.1951,63.9226,1.1076,1,BF.CW.PMP02::E03,train
2025-06-18 07:00:00,BF.CW.PMP02,cooling_descaling_pump,2.8462,0.6187,63.9536,1.0612,1,BF.CW.PMP02::E03,train
2025-06-18 08:00:00,BF.CW.PMP02,cooling_descaling_pump,2.8695,0.0619,64.6493,1.1004,1,BF.CW.PMP02::E03,train
2025-06-18 09:00:00,BF.CW.PMP02,cooling_descaling_pump,2.9738,-0.1717,65.7277,1.0564,1,BF.CW.PMP02::E03,train
2025-06-18 10:00:00,BF.CW.PMP02,cooling_descaling_pump,2.8829,0.0699,64.2292,1.0673,1,BF.CW.PMP02::E03,train
2025-06-18 11:00:00,BF.CW.PMP02,cooling_descaling_pump,2.718,-0.0223,61.238,1.0312,1,BF.CW.PMP02::E03,train
2025-06-18 12:00:00,BF.CW.PMP02,cooling_descaling_pump,2.658,-0.3464,60.4212,1.0455,1,BF.CW.PMP02::E03,train
2025-06-18 13:00:00,BF.CW.PMP02,cooling_descaling_pump,2.7389,-0.7831,60.1344,1.0372,1,BF.CW.PMP02::E03,train
2025-06-18 14:00:00,BF.CW.PMP02,cooling_descaling_pump,2.748,-0.3682,59.0174,0.9155,1,BF.CW.PMP02::E03,train
2025-06-18 15:00:00,BF.CW.PMP02,cooling_descaling_pump,2.7182,-0.6325,58.8894,0.941,1,BF.CW.PMP02::E03,train
2025-06-18 16:00:00,BF.CW.PMP02,cooling_descaling_pump,2.8842,-0.0575,60.0063,1.0209,1,BF.CW.PMP02::E03,train
2025-06-18 17:00:00,BF.CW.PMP02,cooling_descaling_pump,3.0106,-0.4736,60.1331,0.927,1,BF.CW.PMP02::E03,train
2025-06-18 18:00:00,BF.CW.PMP02,cooling_descaling_pump,2.9236,-0.4823,59.0962,0.8773,1,BF.CW.PMP02::E03,train
2025-06-18 19:00:00,BF.CW.PMP02,cooling_descaling_pump,2.9435,-0.0157,58.6298,0.7905,1,BF.CW.PMP02::E03,train
2025-06-18 20:00:00,BF.CW.PMP02,cooling_descaling_pump,2.8791,-0.0889,58.7051,0.8289,1,BF.CW.PMP02::E03,train
2025-06-18 21:00:00,BF.CW.PMP02,cooling_descaling_pump,2.8534,0.5736,58.0161,0.8171,1,BF.CW.PMP02::E03,train
2025-06-18 22:00:00,BF.CW.PMP02,cooling_descaling_pump,2.9964,0.3485,58.8577,0.7919,1,BF.CW.PMP02::E03,train
2025-06-18 23:00:00,BF.CW.PMP02,cooling_descaling_pump,2.9667,0.2992,58.7559,0.9029,1,BF.CW.PMP02::E03,train
2025-06-19 00:00:00,BF.CW.PMP02,cooling_descaling_pump,2.9393,0.2772,58.9006,0.9374,1,BF.CW.PMP02::E03,train
2025-06-19 01:00:00,BF.CW.PMP02,cooling_descaling_pump,3.0642,-0.1081,58.8379,0.8857,1,BF.CW.PMP02::E03,train
2025-06-19 02:00:00,BF.CW.PMP02,cooling_descaling_pump,3.013,-0.0254,57.2956,0.89,1,BF.CW.PMP02::E03,train
2025-06-19 03:00:00,BF.CW.PMP02,cooling_descaling_pump,3.069,0.2566,57.5283,0.929,1,BF.CW.PMP02::E03,train
2025-06-19 04:00:00,BF.CW.PMP02,cooling_descaling_pump,3.0721,0.3399,58.2737,0.9006,1,BF.CW.PMP02::E03,train
2025-06-19 05:00:00,BF.CW.PMP02,cooling_descaling_pump,3.232,0.7394,60.9147,1.0874,1,BF.CW.PMP02::E03,train
2025-06-19 06:00:00,BF.CW.PMP02,cooling_descaling_pump,3.1952,0.6475,61.1595,1.0775,1,BF.CW.PMP02::E03,train
2025-06-19 07:00:00,BF.CW.PMP02,cooling_descaling_pump,3.2717,0.1215,60.9445,1.024,1,BF.CW.PMP02::E03,train
2025-06-19 08:00:00,BF.CW.PMP02,cooling_descaling_pump,3.2956,0.4073,60.4569,1.0344,1,BF.CW.PMP02::E03,train
2025-06-19 09:00:00,BF.CW.PMP02,cooling_descaling_pump,3.4753,0.5264,60.4267,1.0506,1,BF.CW.PMP02::E03,train
2025-06-19 10:00:00,BF.CW.PMP02,cooling_descaling_pump,3.4511,0.2974,59.9679,1.0893,1,BF.CW.PMP02::E03,train
2025-06-19 11:00:00,BF.CW.PMP02,cooling_descaling_pump,3.4006,0.217,60.1394,1.074,1,BF.CW.PMP02::E03,train
2025-06-19 12:00:00,BF.CW.PMP02,cooling_descaling_pump,3.5784,-0.0499,60.4068,0.9823,1,BF.CW.PMP02::E03,train
2025-06-19 13:00:00,BF.CW.PMP02,cooling_descaling_pump,3.6246,0.0146,59.3969,0.9522,1,BF.CW.PMP02::E03,train
2025-06-19 14:00:00,BF.CW.PMP02,cooling_descaling_pump,3.6355,0.3813,59.9155,0.9402,1,BF.CW.PMP02::E03,train
2025-06-19 15:00:00,BF.CW.PMP02,cooling_descaling_pump,3.6541,0.6821,60.9826,0.953,1,BF.CW.PMP02::E03,train
2025-06-19 16:00:00,BF.CW.PMP02,cooling_descaling_pump,3.6531,0.349,60.974,0.967,1,BF.CW.PMP02::E03,train
2025-06-19 17:00:00,BF.CW.PMP02,cooling_descaling_pump,3.7741,-0.0418,62.233,1.025,1,BF.CW.PMP02::E03,train
2025-06-19 18:00:00,BF.CW.PMP02,cooling_descaling_pump,3.7279,-0.0425,61.5293,0.9679,1,BF.CW.PMP02::E03,train
2025-06-19 19:00:00,BF.CW.PMP02,cooling_descaling_pump,3.6455,0.0999,61.6981,0.9864,1,BF.CW.PMP02::E03,train
2025-06-19 20:00:00,BF.CW.PMP02,cooling_descaling_pump,3.6079,0.2884,62.5507,1.1338,1,BF.CW.PMP02::E03,train
2025-06-19 21:00:00,BF.CW.PMP02,cooling_descaling_pump,3.4931,0.1015,63.0336,1.1679,1,BF.CW.PMP02::E03,train
2025-06-19 22:00:00,BF.CW.PMP02,cooling_descaling_pump,3.538,-0.1121,63.6763,1.1651,1,BF.CW.PMP02::E03,train
2025-06-19 23:00:00,BF.CW.PMP02,cooling_descaling_pump,3.3794,0.9125,62.4518,1.0886,1,BF.CW.PMP02::E03,train
2025-06-20 00:00:00,BF.CW.PMP02,cooling_descaling_pump,3.4681,0.673,64.9309,1.1079,1,BF.CW.PMP02::E03,train
2025-06-20 01:00:00,BF.CW.PMP02,cooling_descaling_pump,3.4931,1.3463,64.1701,1.0216,1,BF.CW.PMP02::E03,train
2025-06-20 02:00:00,BF.CW.PMP02,cooling_descaling_pump,3.6111,1.235,65.0438,1.1084,1,BF.CW.PMP02::E03,train
2025-06-20 03:00:00,BF.CW.PMP02,cooling_descaling_pump,3.5923,1.107,65.6984,1.1155,1,BF.CW.PMP02::E03,train
2025-06-20 04:00:00,BF.CW.PMP02,cooling_descaling_pump,3.6128,1.3389,64.2912,1.0299,1,BF.CW.PMP02::E03,train
2025-06-20 05:00:00,BF.CW.PMP02,cooling_descaling_pump,3.6471,1.4034,63.4793,0.9967,1,BF.CW.PMP02::E03,train
2025-06-20 06:00:00,BF.CW.PMP02,cooling_descaling_pump,3.6075,1.0554,62.8664,0.9499,1,BF.CW.PMP02::E03,train
2025-06-20 07:00:00,BF.CW.PMP02,cooling_descaling_pump,3.6895,1.3342,64.0935,0.9893,1,BF.CW.PMP02::E03,train
2025-06-20 08:00:00,BF.CW.PMP02,cooling_descaling_pump,3.7213,1.0716,64.0552,1.0898,1,BF.CW.PMP02::E03,train
2025-06-20 09:00:00,BF.CW.PMP02,cooling_descaling_pump,3.5899,0.9264,62.7425,1.1015,1,BF.CW.PMP02::E03,train
2025-06-20 10:00:00,BF.CW.PMP02,cooling_descaling_pump,3.4946,1.2408,62.0099,1.147,1,BF.CW.PMP02::E03,train
2025-06-20 11:00:00,BF.CW.PMP02,cooling_descaling_pump,3.5439,1.4005,61.3776,1.122,1,BF.CW.PMP02::E03,train
2025-06-20 12:00:00,BF.CW.PMP02,cooling_descaling_pump,3.6613,1.3691,61.6933,1.117,1,BF.CW.PMP02::E03,train
2025-06-20 13:00:00,BF.CW.PMP02,cooling_descaling_pump,3.7169,1.753,61.9416,1.1242,1,BF.CW.PMP02::E03,train
2025-06-20 14:00:00,BF.CW.PMP02,cooling_descaling_pump,3.7188,1.6539,61.704,1.1924,1,BF.CW.PMP02::E03,train
2025-06-20 15:00:00,BF.CW.PMP02,cooling_descaling_pump,3.7887,1.2829,62.2587,1.1726,1,BF.CW.PMP02::E03,train
2025-06-20 16:00:00,BF.CW.PMP02,cooling_descaling_pump,3.7151,1.2684,60.9629,1.222,1,BF.CW.PMP02::E03,train
2025-06-20 17:00:00,BF.CW.PMP02,cooling_descaling_pump,3.6676,0.8664,60.7279,1.2801,1,BF.CW.PMP02::E03,train
2025-06-20 18:00:00,BF.CW.PMP02,cooling_descaling_pump,3.7704,0.874,61.7278,1.208,1,BF.CW.PMP02::E03,train
2025-06-20 19:00:00,BF.CW.PMP02,cooling_descaling_pump,3.5964,0.5892,60.7083,1.1461,2,BF.CW.PMP02::E03,train
2025-06-20 20:00:00,BF.CW.PMP02,cooling_descaling_pump,3.5638,0.6681,61.5657,1.2643,1,BF.CW.PMP02::E03,train
2025-06-20 21:00:00,BF.CW.PMP02,cooling_descaling_pump,3.5232,0.376,61.4329,1.2747,2,BF.CW.PMP02::E03,train
2025-06-20 22:00:00,BF.CW.PMP02,cooling_descaling_pump,3.6169,-0.3061,62.5596,1.2346,1,BF.CW.PMP02::E03,train
2025-06-20 23:00:00,BF.CW.PMP02,cooling_descaling_pump,3.6848,-0.2414,62.2092,1.1726,1,BF.CW.PMP02::E03,train
2025-06-21 00:00:00,BF.CW.PMP02,cooling_descaling_pump,3.7648,-0.194,61.8973,0.9941,1,BF.CW.PMP02::E03,train
2025-06-21 01:00:00,BF.CW.PMP02,cooling_descaling_pump,3.9176,-0.077,62.905,0.8123,2,BF.CW.PMP02::E03,train
2025-06-21 02:00:00,BF.CW.PMP02,cooling_descaling_pump,3.8977,-0.0128,63.6295,0.8702,2,BF.CW.PMP02::E03,train
2025-06-21 03:00:00,BF.CW.PMP02,cooling_descaling_pump,3.9341,-0.4861,63.2409,0.8212,1,BF.CW.PMP02::E03,train
2025-06-21 04:00:00,BF.CW.PMP02,cooling_descaling_pump,4.0075,-0.8941,64.1998,0.8964,1,BF.CW.PMP02::E03,train
2025-06-21 05:00:00,BF.CW.PMP02,cooling_descaling_pump,3.9783,-1.0081,64.0304,0.8964,1,BF.CW.PMP02::E03,train
2025-06-21 06:00:00,BF.CW.PMP02,cooling_descaling_pump,3.963,-1.3919,63.4855,0.8764,2,BF.CW.PMP02::E03,train
2025-06-21 07:00:00,BF.CW.PMP02,cooling_descaling_pump,3.8774,-1.0235,63.0282,0.8941,1,BF.CW.PMP02::E03,train
2025-06-21 08:00:00,BF.CW.PMP02,cooling_descaling_pump,3.9308,-1.2312,63.43,0.8602,1,BF.CW.PMP02::E03,train
2025-06-21 09:00:00,BF.CW.PMP02,cooling_descaling_pump,3.9292,-1.0283,62.2329,0.7635,1,BF.CW.PMP02::E03,train
2025-06-21 10:00:00,BF.CW.PMP02,cooling_descaling_pump,3.867,-0.8174,60.5827,0.7452,2,BF.CW.PMP02::E03,train
2025-06-21 11:00:00,BF.CW.PMP02,cooling_descaling_pump,3.8931,-0.1402,60.6717,0.7636,2,BF.CW.PMP02::E03,train
2025-06-21 12:00:00,BF.CW.PMP02,cooling_descaling_pump,3.9441,0.3751,60.3839,0.7869,1,BF.CW.PMP02::E03,train
2025-06-21 13:00:00,BF.CW.PMP02,cooling_descaling_pump,3.9542,0.4328,58.8301,0.734,1,BF.CW.PMP02::E03,train
2025-06-21 14:00:00,BF.CW.PMP02,cooling_descaling_pump,3.8702,1.1476,57.8487,0.6588,1,BF.CW.PMP02::E03,train
2025-06-21 15:00:00,BF.CW.PMP02,cooling_descaling_pump,3.9185,0.6472,57.9685,0.764,1,BF.CW.PMP02::E03,train
2025-06-21 16:00:00,BF.CW.PMP02,cooling_descaling_pump,4.0081,-0.2387,57.3042,0.7694,1,BF.CW.PMP02::E03,train
2025-06-21 17:00:00,BF.CW.PMP02,cooling_descaling_pump,4.0681,0.0435,57.1728,0.7318,2,BF.CW.PMP02::E03,train
2025-06-21 18:00:00,BF.CW.PMP02,cooling_descaling_pump,4.1768,-0.4866,59.0248,0.9121,2,BF.CW.PMP02::E03,train
2025-06-21 19:00:00,BF.CW.PMP02,cooling_descaling_pump,4.1938,-0.8779,58.7031,0.9247,1,BF.CW.PMP02::E03,train
2025-06-21 20:00:00,BF.CW.PMP02,cooling_descaling_pump,4.1347,-0.9965,58.4264,0.9203,1,BF.CW.PMP02::E03,train
2025-06-21 21:00:00,BF.CW.PMP02,cooling_descaling_pump,4.0916,-0.5814,59.2741,1.0671,1,BF.CW.PMP02::E03,train
2025-06-21 22:00:00,BF.CW.PMP02,cooling_descaling_pump,4.1561,-0.1525,58.8636,1.1324,2,BF.CW.PMP02::E03,train
2025-06-21 23:00:00,BF.CW.PMP02,cooling_descaling_pump,4.2221,0.0788,60.6186,1.2097,1,BF.CW.PMP02::E03,train
2025-06-22 00:00:00,BF.CW.PMP02,cooling_descaling_pump,4.2423,0.1475,60.8361,1.1486,1,BF.CW.PMP02::E03,train
2025-06-22 01:00:00,BF.CW.PMP02,cooling_descaling_pump,4.2432,-0.2318,60.135,1.0799,2,BF.CW.PMP02::E03,train
2025-06-22 02:00:00,BF.CW.PMP02,cooling_descaling_pump,4.2244,-0.4609,60.0761,1.1273,2,BF.CW.PMP02::E03,train
2025-06-22 03:00:00,BF.CW.PMP02,cooling_descaling_pump,4.1274,0.1267,60.0457,1.1297,2,BF.CW.PMP02::E03,train
2025-06-22 04:00:00,BF.CW.PMP02,cooling_descaling_pump,4.0794,0.1891,58.5129,1.0077,1,BF.CW.PMP02::E03,train
2025-06-22 05:00:00,BF.CW.PMP02,cooling_descaling_pump,4.0648,0.9039,57.8047,0.9556,1,BF.CW.PMP02::E03,train
2025-06-22 06:00:00,BF.CW.PMP02,cooling_descaling_pump,4.0964,0.9139,57.568,0.9708,1,BF.CW.PMP02::E03,train
2025-06-22 07:00:00,BF.CW.PMP02,cooling_descaling_pump,4.0038,0.927,56.7927,0.9774,1,BF.CW.PMP02::E03,train
2025-06-22 08:00:00,BF.CW.PMP02,cooling_descaling_pump,4.0467,0.604,55.2328,0.8277,1,BF.CW.PMP02::E03,train
2025-06-22 09:00:00,BF.CW.PMP02,cooling_descaling_pump,4.1174,0.7987,53.0721,0.6849,1,BF.CW.PMP02::E03,train
2025-06-22 10:00:00,BF.CW.PMP02,cooling_descaling_pump,4.1206,1.0186,53.635,0.7465,2,BF.CW.PMP02::E03,train
2025-06-22 11:00:00,BF.CW.PMP02,cooling_descaling_pump,4.2081,1.4248,54.2253,0.7472,2,BF.CW.PMP02::E03,train
2025-06-22 12:00:00,BF.CW.PMP02,cooling_descaling_pump,4.1706,0.5346,52.252,0.7185,1,BF.CW.PMP02::E03,train
2025-06-22 13:00:00,BF.CW.PMP02,cooling_descaling_pump,4.2174,0.4677,53.1378,0.8196,1,BF.CW.PMP02::E03,train
2025-06-22 14:00:00,BF.CW.PMP02,cooling_descaling_pump,4.2686,0.3276,51.4117,0.7862,2,BF.CW.PMP02::E03,train
2025-06-22 15:00:00,BF.CW.PMP02,cooling_descaling_pump,4.3524,0.7075,51.7028,0.7729,1,BF.CW.PMP02::E03,train
2025-06-22 16:00:00,BF.CW.PMP02,cooling_descaling_pump,4.2533,0.6549,50.5913,0.8209,1,BF.CW.PMP02::E03,train
2025-06-22 17:00:00,BF.CW.PMP02,cooling_descaling_pump,4.2502,0.6616,49.7423,0.8269,1,BF.CW.PMP02::E03,train
2025-06-22 18:00:00,BF.CW.PMP02,cooling_descaling_pump,4.2273,0.222,47.2548,0.7046,1,BF.CW.PMP02::E03,train
2025-06-22 19:00:00,BF.CW.PMP02,cooling_descaling_pump,4.3453,0.4573,47.8138,0.6582,2,BF.CW.PMP02::E03,train
2025-06-22 20:00:00,BF.CW.PMP02,cooling_descaling_pump,4.3863,0.6588,47.4113,0.5735,1,BF.CW.PMP02::E03,train
2025-06-22 21:00:00,BF.CW.PMP02,cooling_descaling_pump,4.2506,0.8452,48.6215,0.6682,2,BF.CW.PMP02::E03,train
2025-06-22 22:00:00,BF.CW.PMP02,cooling_descaling_pump,4.4422,0.1368,51.9182,0.8259,2,BF.CW.PMP02::E03,train
2025-06-22 23:00:00,BF.CW.PMP02,cooling_descaling_pump,4.447,-0.3995,52.5882,0.8704,1,BF.CW.PMP02::E03,train
2025-06-23 00:00:00,BF.CW.PMP02,cooling_descaling_pump,4.2855,-0.051,51.8249,0.8654,1,BF.CW.PMP02::E03,train
2025-06-23 01:00:00,BF.CW.PMP02,cooling_descaling_pump,4.286,-0.4213,53.3371,0.9164,2,BF.CW.PMP02::E03,train
2025-06-23 02:00:00,BF.CW.PMP02,cooling_descaling_pump,4.2809,-0.753,53.6333,0.9303,1,BF.CW.PMP02::E03,train
2025-06-23 03:00:00,BF.CW.PMP02,cooling_descaling_pump,4.3807,-0.9853,54.6123,0.9252,2,BF.CW.PMP02::E03,train
2025-06-23 04:00:00,BF.CW.PMP02,cooling_descaling_pump,4.3247,-0.3962,54.4481,0.8784,1,BF.CW.PMP02::E03,train
2025-06-23 05:00:00,BF.CW.PMP02,cooling_descaling_pump,4.5182,0.021,56.8539,0.9274,1,BF.CW.PMP02::E03,train
2025-06-23 06:00:00,BF.CW.PMP02,cooling_descaling_pump,4.4995,0.8838,56.6892,1.0399,2,BF.CW.PMP02::E03,train
2025-06-23 07:00:00,BF.CW.PMP02,cooling_descaling_pump,4.4681,3.3948,56.8717,1.058,2,BF.CW.PMP02::E03,train
2025-06-23 08:00:00,BF.CW.PMP02,cooling_descaling_pump,4.5376,5.7333,58.0222,1.0987,1,BF.CW.PMP02::E03,train
2025-06-23 09:00:00,BF.CW.PMP02,cooling_descaling_pump,4.5272,6.9622,57.3723,1.0729,1,BF.CW.PMP02::E03,train
2025-06-23 10:00:00,BF.CW.PMP02,cooling_descaling_pump,4.3228,5.8898,55.1635,1.0171,1,BF.CW.PMP02::E03,train
2025-06-23 11:00:00,BF.CW.PMP02,cooling_descaling_pump,4.4101,2.9643,54.4643,0.9896,1,BF.CW.PMP02::E03,train
2025-06-23 12:00:00,BF.CW.PMP02,cooling_descaling_pump,4.3524,0.2491,54.1101,1.0642,1,BF.CW.PMP02::E03,train
2025-06-23 13:00:00,BF.CW.PMP02,cooling_descaling_pump,4.4113,-0.7802,53.2138,0.9394,2,BF.CW.PMP02::E03,train
2025-06-23 14:00:00,BF.CW.PMP02,cooling_descaling_pump,4.407,-0.8224,51.8798,0.9519,1,BF.CW.PMP02::E03,train
2025-06-23 15:00:00,BF.CW.PMP02,cooling_descaling_pump,4.4361,-0.5873,50.5811,0.8858,1,BF.CW.PMP02::E03,train
2025-06-23 16:00:00,BF.CW.PMP02,cooling_descaling_pump,4.4442,-0.3364,50.2482,0.9441,1,BF.CW.PMP02::E03,train
2025-06-23 17:00:00,BF.CW.PMP02,cooling_descaling_pump,4.5424,-0.3493,49.9861,0.8425,2,BF.CW.PMP02::E03,train
2025-06-23 18:00:00,BF.CW.PMP02,cooling_descaling_pump,4.7233,-0.6325,50.3059,0.7949,2,BF.CW.PMP02::E03,train
2025-06-23 19:00:00,BF.CW.PMP02,cooling_descaling_pump,4.5779,-0.1983,49.814,0.8788,2,BF.CW.PMP02::E03,train
2025-06-23 20:00:00,BF.CW.PMP02,cooling_descaling_pump,4.5964,-0.6655,48.9742,0.796,2,BF.CW.PMP02::E03,train
2025-06-23 21:00:00,BF.CW.PMP02,cooling_descaling_pump,4.7052,-0.515,49.8929,0.8191,2,BF.CW.PMP02::E03,train
2025-06-23 22:00:00,BF.CW.PMP02,cooling_descaling_pump,4.7057,-0.7769,49.5936,0.8959,2,BF.CW.PMP02::E03,train
2025-06-23 23:00:00,BF.CW.PMP02,cooling_descaling_pump,4.5611,-1.4047,49.7495,0.9548,2,BF.CW.PMP02::E03,train
2025-06-24 00:00:00,BF.CW.PMP02,cooling_descaling_pump,4.5577,-1.5339,49.4512,0.9504,2,BF.CW.PMP02::E03,train
2025-06-24 01:00:00,BF.CW.PMP02,cooling_descaling_pump,4.613,-1.388,50.8742,1.0009,2,BF.CW.PMP02::E03,train
2025-06-24 02:00:00,BF.CW.PMP02,cooling_descaling_pump,4.503,-1.6067,50.9041,0.9887,2,BF.CW.PMP02::E03,train
2025-06-24 03:00:00,BF.CW.PMP02,cooling_descaling_pump,4.5548,-1.9131,52.6999,1.0331,2,BF.CW.PMP02::E03,train
2025-06-24 04:00:00,BF.CW.PMP02,cooling_descaling_pump,4.5729,-1.5992,52.6583,0.9888,2,BF.CW.PMP02::E03,train
2025-06-24 05:00:00,BF.CW.PMP02,cooling_descaling_pump,4.8197,-1.1388,55.2879,0.983,1,BF.CW.PMP02::E03,train
2025-06-24 06:00:00,BF.CW.PMP02,cooling_descaling_pump,4.8108,-0.4631,57.1062,1.08,2,BF.CW.PMP02::E03,train
2025-06-24 07:00:00,BF.CW.PMP02,cooling_descaling_pump,4.7479,-0.2276,56.5836,0.9832,2,BF.CW.PMP02::E03,train
2025-06-24 08:00:00,BF.CW.PMP02,cooling_descaling_pump,4.7136,-0.1896,56.6844,1.0466,1,BF.CW.PMP02::E03,train
2025-06-24 09:00:00,BF.CW.PMP02,cooling_descaling_pump,4.4275,0.0925,54.5515,1.0908,2,BF.CW.PMP02::E03,train
2025-06-24 10:00:00,BF.CW.PMP02,cooling_descaling_pump,4.4765,0.1695,53.3459,1.1342,2,BF.CW.PMP02::E03,train
2025-06-24 11:00:00,BF.CW.PMP02,cooling_descaling_pump,4.5595,0.7782,54.3925,1.2256,2,BF.CW.PMP02::E03,train
2025-06-24 12:00:00,BF.CW.PMP02,cooling_descaling_pump,4.5443,-0.1663,54.2401,1.2602,2,BF.CW.PMP02::E03,train
2025-06-24 13:00:00,BF.CW.PMP02,cooling_descaling_pump,4.5875,-0.2665,54.0888,1.2516,2,BF.CW.PMP02::E03,train
2025-06-24 14:00:00,BF.CW.PMP02,cooling_descaling_pump,4.6671,-0.1469,55.5916,1.3724,1,BF.CW.PMP02::E03,train
2025-06-24 15:00:00,BF.CW.PMP02,cooling_descaling_pump,4.6908,0.3503,53.9163,1.242,2,BF.CW.PMP02::E03,train
2025-06-24 16:00:00,BF.CW.PMP02,cooling_descaling_pump,4.7037,0.2768,53.3426,1.1798,2,BF.CW.PMP02::E03,train
2025-06-24 17:00:00,BF.CW.PMP02,cooling_descaling_pump,4.7201,0.1621,53.1446,1.1244,2,BF.CW.PMP02::E03,train
2025-06-24 18:00:00,BF.CW.PMP02,cooling_descaling_pump,4.9942,-0.1505,53.1066,1.0302,2,BF.CW.PMP02::E03,train
2025-06-24 19:00:00,BF.CW.PMP02,cooling_descaling_pump,5.0839,-0.0679,54.2851,1.127,2,BF.CW.PMP02::E03,train
2025-06-24 20:00:00,BF.CW.PMP02,cooling_descaling_pump,5.139,-0.3519,55.8757,1.2345,2,BF.CW.PMP02::E03,train
2025-06-24 21:00:00,BF.CW.PMP02,cooling_descaling_pump,5.1006,-0.2774,55.4701,1.2103,2,BF.CW.PMP02::E03,train
2025-06-24 22:00:00,BF.CW.PMP02,cooling_descaling_pump,5.0641,-0.2386,56.2858,1.2547,2,BF.CW.PMP02::E03,train
2025-06-24 23:00:00,BF.CW.PMP02,cooling_descaling_pump,5.0118,-0.1584,56.1783,1.2351,2,BF.CW.PMP02::E03,train
2025-06-25 00:00:00,BF.CW.PMP02,cooling_descaling_pump,5.0019,-0.4417,55.7478,1.1556,2,BF.CW.PMP02::E03,train
2025-06-25 01:00:00,BF.CW.PMP02,cooling_descaling_pump,4.9304,0.8012,55.5043,1.0929,2,BF.CW.PMP02::E03,train
2025-06-25 02:00:00,BF.CW.PMP02,cooling_descaling_pump,4.8585,0.936,55.1325,0.9731,2,BF.CW.PMP02::E03,train
2025-06-25 03:00:00,BF.CW.PMP02,cooling_descaling_pump,4.799,1.7759,55.3692,0.979,2,BF.CW.PMP02::E03,train
2025-06-25 04:00:00,BF.CW.PMP02,cooling_descaling_pump,4.8672,1.4016,54.9892,0.9032,2,BF.CW.PMP02::E03,train
2025-06-25 05:00:00,BF.CW.PMP02,cooling_descaling_pump,4.8927,1.5097,54.94,0.8373,2,BF.CW.PMP02::E03,train
2025-06-25 06:00:00,BF.CW.PMP02,cooling_descaling_pump,4.9062,1.4459,55.3421,0.8279,1,BF.CW.PMP02::E03,train
2025-06-25 07:00:00,BF.CW.PMP02,cooling_descaling_pump,4.7251,0.8765,54.6393,0.8252,2,BF.CW.PMP02::E03,train
2025-06-25 08:00:00,BF.CW.PMP02,cooling_descaling_pump,4.7886,0.5659,54.144,0.7902,2,BF.CW.PMP02::E03,train
2025-06-25 09:00:00,BF.CW.PMP02,cooling_descaling_pump,4.8112,-0.1993,53.7086,0.7673,1,BF.CW.PMP02::E03,train
2025-06-25 10:00:00,BF.CW.PMP02,cooling_descaling_pump,4.8037,-0.417,53.9763,0.8131,2,BF.CW.PMP02::E03,train
2025-06-25 11:00:00,BF.CW.PMP02,cooling_descaling_pump,4.8904,-0.7572,52.9432,0.8028,2,BF.CW.PMP02::E03,train
2025-06-25 12:00:00,BF.CW.PMP02,cooling_descaling_pump,4.9661,-0.2445,53.8818,0.8233,2,BF.CW.PMP02::E03,train
2025-06-25 13:00:00,BF.CW.PMP02,cooling_descaling_pump,4.9802,-0.0059,54.6585,0.9378,2,BF.CW.PMP02::E03,train
2025-06-25 14:00:00,BF.CW.PMP02,cooling_descaling_pump,5.0689,-0.3528,54.9572,0.9571,2,BF.CW.PMP02::E03,train
2025-06-25 15:00:00,BF.CW.PMP02,cooling_descaling_pump,5.075,-0.4328,53.2838,0.8718,2,BF.CW.PMP02::E03,train
2025-06-25 16:00:00,BF.CW.PMP02,cooling_descaling_pump,5.0047,0.1921,54.5175,0.9204,2,BF.CW.PMP02::E03,train
2025-06-25 17:00:00,BF.CW.PMP02,cooling_descaling_pump,4.967,-0.2734,54.8061,0.9508,2,BF.CW.PMP02::E03,train
2025-06-25 18:00:00,BF.CW.PMP02,cooling_descaling_pump,5.1142,-0.1215,55.2342,0.9252,2,BF.CW.PMP02::E03,train
2025-06-25 19:00:00,BF.CW.PMP02,cooling_descaling_pump,5.1667,0.1526,56.0811,0.8989,2,BF.CW.PMP02::E03,train
2025-06-25 20:00:00,BF.CW.PMP02,cooling_descaling_pump,5.3045,0.0428,56.5773,0.9469,1,BF.CW.PMP02::E03,train
2025-06-25 21:00:00,BF.CW.PMP02,cooling_descaling_pump,5.3301,0.3832,56.8717,1.1006,2,BF.CW.PMP02::E03,train
2025-06-25 22:00:00,BF.CW.PMP02,cooling_descaling_pump,5.2383,0.1155,57.2895,1.1638,2,BF.CW.PMP02::E03,train
2025-06-25 23:00:00,BF.CW.PMP02,cooling_descaling_pump,5.3626,-0.2006,57.4234,1.1782,2,BF.CW.PMP02::E03,train
2025-06-26 00:00:00,BF.CW.PMP02,cooling_descaling_pump,5.303,-0.5307,56.5585,1.0687,2,BF.CW.PMP02::E03,train
2025-06-26 01:00:00,BF.CW.PMP02,cooling_descaling_pump,5.3607,-0.8941,58.5904,1.1424,2,BF.CW.PMP02::E03,train
2025-06-26 02:00:00,BF.CW.PMP02,cooling_descaling_pump,5.1832,-0.4231,58.7185,1.1119,2,BF.CW.PMP02::E03,train
2025-06-26 03:00:00,BF.CW.PMP02,cooling_descaling_pump,5.2977,0.0768,59.924,1.0855,2,BF.CW.PMP02::E03,train
2025-06-26 04:00:00,BF.CW.PMP02,cooling_descaling_pump,5.2159,0.0932,59.811,1.0837,2,BF.CW.PMP02::E03,train
2025-06-26 05:00:00,BF.CW.PMP02,cooling_descaling_pump,5.2831,-0.2749,61.8195,1.1159,2,BF.CW.PMP02::E03,train
2025-06-26 06:00:00,BF.CW.PMP02,cooling_descaling_pump,5.2651,-0.6645,62.2565,1.1269,2,BF.CW.PMP02::E03,train
2025-06-26 07:00:00,BF.CW.PMP02,cooling_descaling_pump,5.4025,-0.1157,62.5513,1.0471,2,BF.CW.PMP02::E03,train
2025-06-26 08:00:00,BF.CW.PMP02,cooling_descaling_pump,5.3126,0.271,59.9461,0.8847,2,BF.CW.PMP02::E03,train
2025-06-26 09:00:00,BF.CW.PMP02,cooling_descaling_pump,5.3937,0.1654,59.8967,0.9217,2,BF.CW.PMP02::E03,train
2025-06-26 10:00:00,BF.CW.PMP02,cooling_descaling_pump,5.457,0.9456,58.4636,0.7287,2,BF.CW.PMP02::E03,train
2025-06-26 11:00:00,BF.CW.PMP02,cooling_descaling_pump,5.5298,1.3908,58.3788,0.8135,2,BF.CW.PMP02::E03,train
2025-06-26 12:00:00,BF.CW.PMP02,cooling_descaling_pump,5.5692,1.6071,58.0438,0.815,2,BF.CW.PMP02::E03,train
2025-06-26 13:00:00,BF.CW.PMP02,cooling_descaling_pump,5.543,1.8409,57.0537,0.7383,2,BF.CW.PMP02::E03,train
2025-06-26 14:00:00,BF.CW.PMP02,cooling_descaling_pump,5.5113,1.4265,56.1027,0.7236,2,BF.CW.PMP02::E03,train
2025-06-26 15:00:00,BF.CW.PMP02,cooling_descaling_pump,5.5068,1.8124,54.2018,0.6406,2,BF.CW.PMP02::E03,train
2025-06-26 16:00:00,BF.CW.PMP02,cooling_descaling_pump,5.5933,1.4194,54.4575,0.6327,2,BF.CW.PMP02::E03,train
2025-06-26 17:00:00,BF.CW.PMP02,cooling_descaling_pump,5.665,1.3884,55.4117,0.7212,2,BF.CW.PMP02::E03,train
2025-06-26 18:00:00,BF.CW.PMP02,cooling_descaling_pump,5.5203,1.3411,53.9628,0.6984,2,BF.CW.PMP02::E03,train
2025-06-26 19:00:00,BF.CW.PMP02,cooling_descaling_pump,5.6266,1.121,54.3147,0.7037,2,BF.CW.PMP02::E03,train
2025-06-26 20:00:00,BF.CW.PMP02,cooling_descaling_pump,5.6573,1.0754,54.7914,0.7504,2,BF.CW.PMP02::E03,train
2025-06-26 21:00:00,BF.CW.PMP02,cooling_descaling_pump,5.5698,1.2735,53.9064,0.7891,2,BF.CW.PMP02::E03,train
2025-06-26 22:00:00,BF.CW.PMP02,cooling_descaling_pump,5.6526,1.0565,55.3818,0.8928,2,BF.CW.PMP02::E03,train
2025-06-26 23:00:00,BF.CW.PMP02,cooling_descaling_pump,5.8095,1.597,56.5951,0.9511,2,BF.CW.PMP02::E03,train
2025-06-27 00:00:00,BF.CW.PMP02,cooling_descaling_pump,1.4011,1.103,58.0728,1.0335,0,,train
2025-06-27 01:00:00,BF.CW.PMP02,cooling_descaling_pump,1.3783,0.7841,58.2194,1.03,0,,train
2025-06-27 02:00:00,BF.CW.PMP02,cooling_descaling_pump,1.5075,0.1598,59.0647,1.0273,0,,train
2025-06-27 03:00:00,BF.CW.PMP02,cooling_descaling_pump,1.2667,0.3346,59.5786,1.1044,0,,train
2025-06-27 04:00:00,BF.CW.PMP02,cooling_descaling_pump,1.2972,0.0593,58.8019,1.048,0,,train
2025-06-27 05:00:00,BF.CW.PMP02,cooling_descaling_pump,1.264,-0.6395,58.211,1.0196,0,,train
2025-06-27 06:00:00,BF.CW.PMP02,cooling_descaling_pump,1.1701,-0.6775,57.0031,1.0368,0,,train
2025-06-27 07:00:00,BF.CW.PMP02,cooling_descaling_pump,1.3813,-0.9645,58.1279,1.0006,0,,train
2025-06-27 08:00:00,BF.CW.PMP02,cooling_descaling_pump,1.1946,-1.2898,55.5938,0.9545,0,,train
2025-06-27 09:00:00,BF.CW.PMP02,cooling_descaling_pump,1.1943,-0.4542,55.7822,0.9169,0,,train
2025-06-27 10:00:00,BF.CW.PMP02,cooling_descaling_pump,1.2228,-1.045,55.983,0.9625,0,,train
2025-06-27 11:00:00,BF.CW.PMP02,cooling_descaling_pump,1.2826,-1.3448,56.1881,0.908,0,,train
2025-06-27 12:00:00,BF.CW.PMP02,cooling_descaling_pump,1.3146,-1.4883,55.2084,0.875,0,,train
2025-06-27 13:00:00,BF.CW.PMP02,cooling_descaling_pump,1.225,-2.0414,54.2736,0.8581,0,,train
2025-06-27 14:00:00,BF.CW.PMP02,cooling_descaling_pump,1.1392,-1.5217,52.7917,0.8522,0,,train
2025-06-27 15:00:00,BF.CW.PMP02,cooling_descaling_pump,1.3059,-1.267,53.8204,0.8141,0,,train
2025-06-27 16:00:00,BF.CW.PMP02,cooling_descaling_pump,1.2048,-1.9071,52.5955,0.8015,0,,train
2025-06-27 17:00:00,BF.CW.PMP02,cooling_descaling_pump,1.1331,-1.7118,52.7653,0.8636,0,,train
2025-06-27 18:00:00,BF.CW.PMP02,cooling_descaling_pump,1.1607,-3.045,53.0975,0.8404,0,,train
2025-06-27 19:00:00,BF.CW.PMP02,cooling_descaling_pump,1.0704,-2.9559,54.0256,0.8804,0,,train
2025-06-27 20:00:00,BF.CW.PMP02,cooling_descaling_pump,1.0239,-2.7889,53.6888,0.9342,0,,train
2025-06-27 21:00:00,BF.CW.PMP02,cooling_descaling_pump,1.1965,-2.1766,53.2213,0.8393,0,,train
2025-06-27 22:00:00,BF.CW.PMP02,cooling_descaling_pump,1.0547,-2.4088,51.8963,0.8043,0,,train
2025-06-27 23:00:00,BF.CW.PMP02,cooling_descaling_pump,1.2388,-2.2454,53.3,0.8204,0,,train
2025-06-28 00:00:00,BF.CW.PMP02,cooling_descaling_pump,1.2036,-2.5707,53.8035,0.8509,0,,train
2025-06-28 01:00:00,BF.CW.PMP02,cooling_descaling_pump,1.1514,-2.9606,53.9005,0.8723,0,,train
2025-06-28 02:00:00,BF.CW.PMP02,cooling_descaling_pump,1.0916,-3.0368,54.0138,0.7629,0,,train
2025-06-28 03:00:00,BF.CW.PMP02,cooling_descaling_pump,1.1112,-3.0675,56.6387,0.9349,0,,train
2025-06-28 04:00:00,BF.CW.PMP02,cooling_descaling_pump,1.1842,-2.4894,57.277,0.8971,0,,train
2025-06-28 05:00:00,BF.CW.PMP02,cooling_descaling_pump,1.0915,-2.5507,57.6555,0.9182,0,,train
2025-06-28 06:00:00,BF.CW.PMP02,cooling_descaling_pump,0.9227,-2.2855,56.5964,1.0266,0,,train
2025-06-28 07:00:00,BF.CW.PMP02,cooling_descaling_pump,0.8382,-1.7394,54.9851,1.0085,0,,train
2025-06-28 08:00:00,BF.CW.PMP02,cooling_descaling_pump,0.8539,-2.1142,54.8226,0.9981,0,,train
2025-06-28 09:00:00,BF.CW.PMP02,cooling_descaling_pump,0.8576,-2.4073,54.387,0.9833,0,,train
2025-06-28 10:00:00,BF.CW.PMP02,cooling_descaling_pump,0.9506,-2.1596,55.3719,1.0395,0,,train
2025-06-28 11:00:00,BF.CW.PMP02,cooling_descaling_pump,0.9406,-2.1285,55.2705,1.1117,0,,train
2025-06-28 12:00:00,BF.CW.PMP02,cooling_descaling_pump,1.1889,-2.8756,56.9258,1.0641,0,,train
2025-06-28 13:00:00,BF.CW.PMP02,cooling_descaling_pump,1.1484,-2.2503,56.6799,1.0782,0,,train
2025-06-28 14:00:00,BF.CW.PMP02,cooling_descaling_pump,1.04,-2.431,54.7135,1.0511,0,,train
2025-06-28 15:00:00,BF.CW.PMP02,cooling_descaling_pump,0.9833,-2.573,53.6065,1.0093,0,,train
2025-06-28 16:00:00,BF.CW.PMP02,cooling_descaling_pump,1.0666,-1.7751,53.536,1.0475,0,,train
2025-06-28 17:00:00,BF.CW.PMP02,cooling_descaling_pump,0.7921,-1.6531,53.7222,1.1487,0,,train
2025-06-28 18:00:00,BF.CW.PMP02,cooling_descaling_pump,0.7837,-1.5913,53.1682,1.1084,0,,train
2025-06-28 19:00:00,BF.CW.PMP02,cooling_descaling_pump,0.7868,-0.9165,51.681,1.0016,0,,train
2025-06-28 20:00:00,BF.CW.PMP02,cooling_descaling_pump,0.8207,-0.77,52.2262,1.0616,0,,train
2025-06-28 21:00:00,BF.CW.PMP02,cooling_descaling_pump,0.7499,0.1704,52.5281,1.1101,0,,train
2025-06-28 22:00:00,BF.CW.PMP02,cooling_descaling_pump,0.7299,0.5934,52.2643,1.1014,0,,train
2025-06-28 23:00:00,BF.CW.PMP02,cooling_descaling_pump,0.7322,0.7536,50.9751,1.0305,0,,train
2025-06-29 00:00:00,BF.CW.PMP02,cooling_descaling_pump,0.7105,1.3825,50.5777,1.1048,0,,train
2025-06-29 01:00:00,BF.CW.PMP02,cooling_descaling_pump,0.6671,1.1391,50.3742,0.9921,0,,train
2025-06-29 02:00:00,BF.CW.PMP02,cooling_descaling_pump,0.7782,1.0046,50.3003,0.9318,0,,train
2025-06-29 03:00:00,BF.CW.PMP02,cooling_descaling_pump,0.7918,1.2693,51.8463,1.0412,0,,train
2025-06-29 04:00:00,BF.CW.PMP02,cooling_descaling_pump,0.7499,1.1821,52.1339,1.0867,0,,train
2025-06-29 05:00:00,BF.CW.PMP02,cooling_descaling_pump,0.995,1.7703,54.3498,1.0562,0,,train
2025-06-29 06:00:00,BF.CW.PMP02,cooling_descaling_pump,1.0278,1.6401,53.9145,1.0603,0,,train
2025-06-29 07:00:00,BF.CW.PMP02,cooling_descaling_pump,1.018,1.6895,53.9161,0.9825,0,,train
2025-06-29 08:00:00,BF.CW.PMP02,cooling_descaling_pump,1.1146,0.9465,53.7211,0.9535,0,,train
2025-06-29 09:00:00,BF.CW.PMP02,cooling_descaling_pump,1.1345,0.7754,52.8987,0.9412,0,,train
2025-06-29 10:00:00,BF.CW.PMP02,cooling_descaling_pump,1.2935,0.3691,53.2164,0.9004,0,,train
2025-06-29 11:00:00,BF.CW.PMP02,cooling_descaling_pump,1.3172,0.3961,52.3545,0.7872,0,,train
2025-06-29 12:00:00,BF.CW.PMP02,cooling_descaling_pump,1.2878,0.2155,52.2834,0.8276,0,,train
2025-06-29 13:00:00,BF.CW.PMP02,cooling_descaling_pump,1.4024,0.5272,53.8878,0.9066,0,,train
2025-06-29 14:00:00,BF.CW.PMP02,cooling_descaling_pump,1.2277,1.2935,53.3552,0.9048,0,,train
2025-06-29 15:00:00,BF.CW.PMP02,cooling_descaling_pump,1.0112,1.2418,51.8099,1.0381,0,,train
2025-06-29 16:00:00,BF.CW.PMP02,cooling_descaling_pump,0.9765,1.5216,52.0734,0.9972,0,,train
2025-06-29 17:00:00,BF.CW.PMP02,cooling_descaling_pump,1.0268,1.4102,51.6613,0.9074,0,,train
2025-06-29 18:00:00,BF.CW.PMP02,cooling_descaling_pump,1.1136,1.4951,52.0579,0.9019,0,,train
2025-06-29 19:00:00,BF.CW.PMP02,cooling_descaling_pump,0.9741,1.131,51.4821,0.9141,0,,train
2025-06-29 20:00:00,BF.CW.PMP02,cooling_descaling_pump,1.2352,0.5381,52.8232,0.9566,0,,train
2025-06-29 21:00:00,BF.CW.PMP02,cooling_descaling_pump,1.0566,0.1885,53.3835,0.9921,0,,train
2025-06-29 22:00:00,BF.CW.PMP02,cooling_descaling_pump,1.1641,-0.2379,53.5196,0.9413,0,,train
2025-06-29 23:00:00,BF.CW.PMP02,cooling_descaling_pump,1.2123,-0.0851,55.5424,1.0648,0,,train
2025-06-30 00:00:00,BF.CW.PMP02,cooling_descaling_pump,1.1209,-0.5489,55.1366,0.9726,0,,train
2025-06-30 01:00:00,BF.CW.PMP02,cooling_descaling_pump,1.1337,-0.8007,56.3647,0.9611,0,,train
2025-06-30 02:00:00,BF.CW.PMP02,cooling_descaling_pump,1.0779,-0.5483,56.9538,0.9232,0,,train
2025-06-30 03:00:00,BF.CW.PMP02,cooling_descaling_pump,0.9323,-0.4106,58.5301,1.0664,0,,train
2025-06-30 04:00:00,BF.CW.PMP02,cooling_descaling_pump,0.9975,-0.4958,59.4316,1.1115,0,,train
2025-06-30 05:00:00,BF.CW.PMP02,cooling_descaling_pump,1.1444,-0.4756,60.9112,1.1386,0,,train
2025-06-30 06:00:00,BF.CW.PMP02,cooling_descaling_pump,1.1642,-0.1869,60.0774,1.0754,0,,train
2025-06-30 07:00:00,BF.CW.PMP02,cooling_descaling_pump,1.0772,0.0184,58.4348,0.957,0,,train
2025-06-30 08:00:00,BF.CW.PMP02,cooling_descaling_pump,0.9274,0.0051,57.4872,0.996,0,,train
2025-06-30 09:00:00,BF.CW.PMP02,cooling_descaling_pump,1.0529,0.1109,58.5173,1.0781,0,,train
2025-06-30 10:00:00,BF.CW.PMP02,cooling_descaling_pump,0.979,-0.0566,56.6786,1.0351,0,,train
2025-06-30 11:00:00,BF.CW.PMP02,cooling_descaling_pump,0.9284,0.0975,55.6578,1.033,0,,train
2025-06-30 12:00:00,BF.CW.PMP02,cooling_descaling_pump,1.1039,-0.2437,56.5194,0.9621,0,,train
2025-06-30 13:00:00,BF.CW.PMP02,cooling_descaling_pump,1.1131,-0.4224,56.9326,0.9636,0,,train
2025-06-30 14:00:00,BF.CW.PMP02,cooling_descaling_pump,1.1458,-0.1873,56.4101,0.9805,0,,train
2025-06-30 15:00:00,BF.CW.PMP02,cooling_descaling_pump,1.0431,-0.4517,55.746,0.9937,0,,train
2025-06-30 16:00:00,BF.CW.PMP02,cooling_descaling_pump,1.0387,-0.5169,55.3423,0.893,0,,train
2025-06-30 17:00:00,BF.CW.PMP02,cooling_descaling_pump,1.0018,-0.7501,54.4691,0.8582,0,,train
2025-06-30 18:00:00,BF.CW.PMP02,cooling_descaling_pump,1.0445,-0.4763,53.8648,0.7685,0,,train
2025-06-30 19:00:00,BF.CW.PMP02,cooling_descaling_pump,1.0947,0.0474,53.8418,0.8068,0,,train
2025-06-30 20:00:00,BF.CW.PMP02,cooling_descaling_pump,1.2752,0.8869,55.3952,0.9143,0,,train
2025-06-30 21:00:00,BF.CW.PMP02,cooling_descaling_pump,1.362,0.6224,57.9502,1.0147,0,,train
2025-06-30 22:00:00,BF.CW.PMP02,cooling_descaling_pump,1.3409,0.5745,56.1477,0.8864,0,,train
2025-06-30 23:00:00,BF.CW.PMP02,cooling_descaling_pump,1.3041,0.9211,55.9545,0.8923,0,,train
2025-07-01 00:00:00,BF.CW.PMP02,cooling_descaling_pump,1.4591,0.8863,57.2085,0.8502,0,,train
2025-07-01 01:00:00,BF.CW.PMP02,cooling_descaling_pump,1.4838,0.9843,58.0909,0.8872,0,,train
2025-07-01 02:00:00,BF.CW.PMP02,cooling_descaling_pump,1.4776,1.0204,58.2913,0.973,0,,train
2025-07-01 03:00:00,BF.CW.PMP02,cooling_descaling_pump,1.5289,0.8455,59.5952,1.0297,0,,train
2025-07-01 04:00:00,BF.CW.PMP02,cooling_descaling_pump,1.4237,0.6412,59.2229,1.0152,0,,train
2025-07-01 05:00:00,BF.CW.PMP02,cooling_descaling_pump,1.4301,0.2285,60.2647,1.0043,0,,train
2025-07-01 06:00:00,BF.CW.PMP02,cooling_descaling_pump,1.3878,0.3805,62.7387,1.062,0,,train
2025-07-01 07:00:00,BF.CW.PMP02,cooling_descaling_pump,1.494,0.6389,63.8215,1.138,0,,train
2025-07-01 08:00:00,BF.CW.PMP02,cooling_descaling_pump,1.2872,0.5574,62.3788,1.0486,0,,train
2025-07-01 09:00:00,BF.CW.PMP02,cooling_descaling_pump,1.2286,0.9091,61.9362,1.0027,0,,train
2025-07-01 10:00:00,BF.CW.PMP02,cooling_descaling_pump,1.3205,0.1772,61.3297,1.0179,0,,train
2025-07-01 11:00:00,BF.CW.PMP02,cooling_descaling_pump,1.2309,1.0136,60.5742,1.0166,0,,train
2025-07-01 12:00:00,BF.CW.PMP02,cooling_descaling_pump,1.197,1.3981,59.0051,0.9429,0,,train
2025-07-01 13:00:00,BF.CW.PMP02,cooling_descaling_pump,1.4006,1.4432,59.4316,0.9532,0,,train
2025-07-01 14:00:00,BF.CW.PMP02,cooling_descaling_pump,1.326,1.9007,56.7391,0.7968,0,,train
2025-07-01 15:00:00,BF.CW.PMP02,cooling_descaling_pump,1.1702,0.9313,55.4226,0.8603,0,,train
2025-07-01 16:00:00,BF.CW.PMP02,cooling_descaling_pump,1.0567,0.7464,53.9134,0.8245,0,,train
2025-07-01 17:00:00,BF.CW.PMP02,cooling_descaling_pump,1.0038,0.4196,53.5028,0.8735,0,,train
2025-07-01 18:00:00,BF.CW.PMP02,cooling_descaling_pump,0.9902,0.54,52.1322,0.7918,0,,train
2025-07-01 19:00:00,BF.CW.PMP02,cooling_descaling_pump,0.9587,0.0967,50.2839,0.6685,0,,train
2025-07-01 20:00:00,BF.CW.PMP02,cooling_descaling_pump,0.9345,0.2811,50.8015,0.706,0,,train
2025-07-01 21:00:00,BF.CW.PMP02,cooling_descaling_pump,0.9504,1.0331,51.2484,0.7142,0,,train
2025-07-01 22:00:00,BF.CW.PMP02,cooling_descaling_pump,1.0866,1.0714,52.2173,0.8193,0,,train
2025-07-01 23:00:00,BF.CW.PMP02,cooling_descaling_pump,1.1214,1.1734,52.6713,0.8151,0,,train
2025-07-02 00:00:00,BF.CW.PMP02,cooling_descaling_pump,1.1281,0.9383,51.8878,0.7171,0,,train
2025-07-02 01:00:00,BF.CW.PMP02,cooling_descaling_pump,1.1974,0.7271,52.5693,0.688,0,,train
2025-07-02 02:00:00,BF.CW.PMP02,cooling_descaling_pump,1.2966,0.8024,53.2666,0.7111,0,,train
2025-07-02 03:00:00,BF.CW.PMP02,cooling_descaling_pump,1.1709,0.9225,51.8062,0.6994,0,,train
2025-07-02 04:00:00,BF.CW.PMP02,cooling_descaling_pump,1.1892,0.8633,53.5923,0.6754,0,,train
2025-07-02 05:00:00,BF.CW.PMP02,cooling_descaling_pump,1.3041,1.1419,54.4809,0.6726,0,,train
2025-07-02 06:00:00,BF.CW.PMP02,cooling_descaling_pump,1.292,0.9494,53.3613,0.6981,0,,train
2025-07-02 07:00:00,BF.CW.PMP02,cooling_descaling_pump,1.2553,0.4414,53.717,0.7729,0,,train
2025-07-02 08:00:00,BF.CW.PMP02,cooling_descaling_pump,1.3604,0.5502,53.7914,0.8289,0,,train
2025-07-02 09:00:00,BF.CW.PMP02,cooling_descaling_pump,1.2766,0.7691,53.9996,0.8787,0,,train
2025-07-02 10:00:00,BF.CW.PMP02,cooling_descaling_pump,1.4459,1.0619,55.0723,0.9462,0,,train
2025-07-02 11:00:00,BF.CW.PMP02,cooling_descaling_pump,1.5524,1.1785,55.4351,0.9401,0,,train
2025-07-02 12:00:00,BF.CW.PMP02,cooling_descaling_pump,1.3312,0.9917,52.842,0.9414,0,,train
2025-07-02 13:00:00,BF.CW.PMP02,cooling_descaling_pump,1.2266,1.167,52.2067,0.996,0,,train
2025-07-02 14:00:00,BF.CW.PMP02,cooling_descaling_pump,1.1642,1.8353,50.1405,0.8845,0,,train
2025-07-02 15:00:00,BF.CW.PMP02,cooling_descaling_pump,1.0027,2.0674,48.0032,0.7784,0,,train
2025-07-02 16:00:00,BF.CW.PMP02,cooling_descaling_pump,1.0376,1.6371,48.902,0.7664,0,,train
2025-07-02 17:00:00,BF.CW.PMP02,cooling_descaling_pump,1.1502,1.319,49.1213,0.7347,0,,train
2025-07-02 18:00:00,BF.CW.PMP02,cooling_descaling_pump,1.1731,1.8256,48.7496,0.7815,0,,train
2025-07-02 19:00:00,BF.CW.PMP02,cooling_descaling_pump,1.1057,1.9582,47.9503,0.7078,0,,train
2025-07-02 20:00:00,BF.CW.PMP02,cooling_descaling_pump,1.0063,1.755,48.057,0.7453,0,,train
2025-07-02 21:00:00,BF.CW.PMP02,cooling_descaling_pump,1.0889,1.5477,48.5119,0.7309,0,,train
2025-07-02 22:00:00,BF.CW.PMP02,cooling_descaling_pump,1.1568,1.9605,49.0807,0.7387,0,,train
2025-07-02 23:00:00,BF.CW.PMP02,cooling_descaling_pump,1.1461,2.0713,48.9263,0.7013,0,,train
2025-07-03 00:00:00,BF.CW.PMP02,cooling_descaling_pump,1.1065,2.1631,49.6501,0.7762,0,,train
2025-07-03 01:00:00,BF.CW.PMP02,cooling_descaling_pump,1.2436,1.8931,51.3724,0.8087,0,,train
2025-07-03 02:00:00,BF.CW.PMP02,cooling_descaling_pump,1.3635,1.8877,51.8256,0.7616,0,,train
2025-07-03 03:00:00,BF.CW.PMP02,cooling_descaling_pump,1.455,2.29,54.5441,0.8473,0,,train
2025-07-03 04:00:00,BF.CW.PMP02,cooling_descaling_pump,1.3282,2.4527,54.1927,0.9306,0,,train
2025-07-03 05:00:00,BF.CW.PMP02,cooling_descaling_pump,1.2971,2.9676,53.3981,0.9373,0,,train
2025-07-03 06:00:00,BF.CW.PMP02,cooling_descaling_pump,1.2887,3.4592,54.8168,1.0338,0,,train
2025-07-03 07:00:00,BF.CW.PMP02,cooling_descaling_pump,1.2605,3.0752,54.9537,1.0433,0,,train
2025-07-03 08:00:00,BF.CW.PMP02,cooling_descaling_pump,1.1342,2.6496,53.7038,1.0188,0,,train
2025-07-03 09:00:00,BF.CW.PMP02,cooling_descaling_pump,1.0949,2.7076,53.2344,1.088,0,,train
2025-07-03 10:00:00,BF.CW.PMP02,cooling_descaling_pump,1.1992,2.4348,53.8299,1.048,0,,train
2025-07-03 11:00:00,BF.CW.PMP02,cooling_descaling_pump,1.2883,1.7346,53.65,0.9678,0,,train
2025-07-03 12:00:00,BF.CW.PMP02,cooling_descaling_pump,1.3746,1.4377,53.8885,1.0336,0,,train
2025-07-03 13:00:00,BF.CW.PMP02,cooling_descaling_pump,1.4303,1.345,52.2179,0.9998,0,,train
2025-07-03 14:00:00,BF.CW.PMP02,cooling_descaling_pump,1.4573,1.485,51.45,0.9796,0,,train
2025-07-03 15:00:00,BF.CW.PMP02,cooling_descaling_pump,1.342,1.9041,50.3964,0.9055,0,,train
2025-07-03 16:00:00,BF.CW.PMP02,cooling_descaling_pump,1.2449,1.647,49.5152,0.8537,0,,train
2025-07-03 17:00:00,BF.CW.PMP02,cooling_descaling_pump,1.2306,1.693,49.9162,0.9432,0,,train
2025-07-03 18:00:00,BF.CW.PMP02,cooling_descaling_pump,1.3801,1.166,51.1528,0.9894,0,,train
2025-07-03 19:00:00,BF.CW.PMP02,cooling_descaling_pump,1.2056,1.0335,50.6079,1.0315,0,,train
2025-07-03 20:00:00,BF.CW.PMP02,cooling_descaling_pump,1.2713,1.1009,51.4309,1.0668,0,,train
2025-07-03 21:00:00,BF.CW.PMP02,cooling_descaling_pump,1.1242,1.0069,51.3306,1.152,0,,train
2025-07-03 22:00:00,BF.CW.PMP02,cooling_descaling_pump,0.8347,1.3144,49.0823,1.0668,0,,train
2025-07-03 23:00:00,BF.CW.PMP02,cooling_descaling_pump,0.824,1.3526,49.0685,1.0215,0,,train
2025-07-04 00:00:00,BF.CW.PMP02,cooling_descaling_pump,0.8619,1.9485,50.4074,1.0129,0,,train
2025-07-04 01:00:00,BF.CW.PMP02,cooling_descaling_pump,0.889,1.7301,51.7702,1.1498,0,,train
2025-07-04 02:00:00,BF.CW.PMP02,cooling_descaling_pump,1.1722,1.438,53.1951,1.0516,0,,train
2025-07-04 03:00:00,BF.CW.PMP02,cooling_descaling_pump,1.0903,1.6354,52.9218,1.0512,0,,train
2025-07-04 04:00:00,BF.CW.PMP02,cooling_descaling_pump,0.9529,1.7853,51.5852,1.0329,0,,train
2025-07-04 05:00:00,BF.CW.PMP02,cooling_descaling_pump,1.0774,1.9626,53.3335,1.1283,0,,train
2025-07-04 06:00:00,BF.CW.PMP02,cooling_descaling_pump,1.0706,1.3967,53.3157,1.1874,0,,train
2025-07-04 07:00:00,BF.CW.PMP02,cooling_descaling_pump,0.966,1.4633,52.8897,1.2345,0,,train
2025-07-04 08:00:00,BF.CW.PMP02,cooling_descaling_pump,0.9519,1.1465,53.7969,1.2547,0,,train
2025-07-04 09:00:00,BF.CW.PMP02,cooling_descaling_pump,1.0741,1.2891,53.4354,1.1486,0,,train
2025-07-04 10:00:00,BF.CW.PMP02,cooling_descaling_pump,1.106,0.7709,53.8375,1.2041,0,,train
2025-07-04 11:00:00,BF.CW.PMP02,cooling_descaling_pump,1.0026,0.9053,52.6242,1.1892,0,,train
2025-07-04 12:00:00,BF.CW.PMP02,cooling_descaling_pump,0.8274,0.6225,51.4938,1.1965,0,,train
2025-07-04 13:00:00,BF.CW.PMP02,cooling_descaling_pump,0.9357,0.9675,52.4639,1.2605,0,,train
2025-07-04 14:00:00,BF.CW.PMP02,cooling_descaling_pump,0.9387,0.4742,51.9242,1.2383,0,,train
2025-07-04 15:00:00,BF.CW.PMP02,cooling_descaling_pump,0.844,1.2149,51.971,1.3716,0,,train
2025-07-04 16:00:00,BF.CW.PMP02,cooling_descaling_pump,0.7912,1.1848,52.3686,1.5171,0,,train
2025-07-04 17:00:00,BF.CW.PMP02,cooling_descaling_pump,0.6883,0.4433,50.9424,1.4694,0,,train
2025-07-04 18:00:00,BF.CW.PMP02,cooling_descaling_pump,0.6439,0.7075,50.2139,1.3468,0,,train
2025-07-04 19:00:00,BF.CW.PMP02,cooling_descaling_pump,0.7384,0.457,51.5637,1.2951,0,,train
2025-07-04 20:00:00,BF.CW.PMP02,cooling_descaling_pump,0.7894,0.1986,51.2384,1.2138,0,,train
2025-07-04 21:00:00,BF.CW.PMP02,cooling_descaling_pump,0.8029,-0.6331,52.6101,1.3357,0,,train
2025-07-04 22:00:00,BF.CW.PMP02,cooling_descaling_pump,0.7597,-0.5582,51.9369,1.2362,0,,train
2025-07-04 23:00:00,BF.CW.PMP02,cooling_descaling_pump,0.8388,-0.0136,51.1964,1.1374,0,,train
2025-07-05 00:00:00,BF.CW.PMP02,cooling_descaling_pump,0.7522,0.2508,50.7309,1.1363,0,,train
2025-07-05 01:00:00,BF.CW.PMP02,cooling_descaling_pump,0.727,0.1091,52.3497,1.2019,0,,train
2025-07-05 02:00:00,BF.CW.PMP02,cooling_descaling_pump,0.8325,0.545,51.891,1.152,0,,train
2025-07-05 03:00:00,BF.CW.PMP02,cooling_descaling_pump,0.9577,0.6969,51.7235,1.0725,0,,train
2025-07-05 04:00:00,BF.CW.PMP02,cooling_descaling_pump,0.716,0.8876,51.844,1.1393,0,,train
2025-07-05 05:00:00,BF.CW.PMP02,cooling_descaling_pump,0.7951,1.4523,52.6038,1.1518,0,,train
2025-07-05 06:00:00,BF.CW.PMP02,cooling_descaling_pump,0.9472,1.5149,53.8819,1.2191,0,,train
2025-07-05 07:00:00,BF.CW.PMP02,cooling_descaling_pump,1.0243,1.2819,53.2668,1.1933,0,,train
2025-07-05 08:00:00,BF.CW.PMP02,cooling_descaling_pump,0.9938,0.7501,51.6745,1.1427,0,,train
2025-07-05 09:00:00,BF.CW.PMP02,cooling_descaling_pump,0.9266,0.6902,50.2353,1.0329,0,,train
2025-07-05 10:00:00,BF.CW.PMP02,cooling_descaling_pump,1.1083,0.8354,51.4921,1.0283,0,,train
2025-07-05 11:00:00,BF.CW.PMP02,cooling_descaling_pump,1.1692,0.7324,50.1663,0.8737,0,,train
2025-07-05 12:00:00,BF.CW.PMP02,cooling_descaling_pump,1.1791,0.7233,50.7697,0.9098,0,,train
2025-07-05 13:00:00,BF.CW.PMP02,cooling_descaling_pump,1.1399,0.5224,50.2535,0.9496,0,,train
2025-07-05 14:00:00,BF.CW.PMP02,cooling_descaling_pump,1.2664,0.38,50.2292,1.0766,0,,train
2025-07-05 15:00:00,BF.CW.PMP02,cooling_descaling_pump,1.3621,0.5661,51.5032,1.0451,0,,train
2025-07-05 16:00:00,BF.CW.PMP02,cooling_descaling_pump,1.4876,0.1167,52.4844,1.0394,0,,train
2025-07-05 17:00:00,BF.CW.PMP02,cooling_descaling_pump,1.4669,0.3549,52.9499,1.1289,0,,train
2025-07-05 18:00:00,BF.CW.PMP02,cooling_descaling_pump,1.3183,1.1429,52.9762,1.1735,0,,train
2025-07-05 19:00:00,BF.CW.PMP02,cooling_descaling_pump,1.3296,0.9366,54.6098,1.2679,0,,train
2025-07-05 20:00:00,BF.CW.PMP02,cooling_descaling_pump,1.3849,0.8811,55.5542,1.2821,0,,train
2025-07-05 21:00:00,BF.CW.PMP02,cooling_descaling_pump,1.4753,0.0937,55.4112,1.1919,0,,train
2025-07-05 22:00:00,BF.CW.PMP02,cooling_descaling_pump,1.2588,0.259,54.5153,1.1337,0,,train
2025-07-05 23:00:00,BF.CW.PMP02,cooling_descaling_pump,1.202,0.0344,55.4907,1.1886,0,,train
2025-07-06 00:00:00,BF.CW.PMP02,cooling_descaling_pump,1.1425,0.0657,57.1138,1.2478,0,,train
2025-07-06 01:00:00,BF.CW.PMP02,cooling_descaling_pump,1.069,-0.1856,56.1945,1.1711,0,,train
2025-07-06 02:00:00,BF.CW.PMP02,cooling_descaling_pump,0.9252,-0.0475,54.9132,1.0147,0,,train
2025-07-06 03:00:00,BF.CW.PMP02,cooling_descaling_pump,0.8998,0.2667,56.1747,1.0319,0,,train
2025-07-06 04:00:00,BF.CW.PMP02,cooling_descaling_pump,1.0317,0.0837,57.857,1.0664,0,,train
2025-07-06 05:00:00,BF.CW.PMP02,cooling_descaling_pump,1.166,-0.2962,59.6822,1.0873,0,,train
2025-07-06 06:00:00,BF.CW.PMP02,cooling_descaling_pump,1.2549,-0.4072,60.8885,1.1506,0,,train
2025-07-06 07:00:00,BF.CW.PMP02,cooling_descaling_pump,1.3252,-0.7073,61.3429,1.1022,0,,train
2025-07-06 08:00:00,BF.CW.PMP02,cooling_descaling_pump,1.3364,-0.4561,61.0567,1.1052,0,,train
2025-07-06 09:00:00,BF.CW.PMP02,cooling_descaling_pump,1.3508,-0.1606,62.5719,1.2186,0,,train
2025-07-06 10:00:00,BF.CW.PMP02,cooling_descaling_pump,1.4348,-1.0271,62.9811,1.186,0,,train
2025-07-06 11:00:00,BF.CW.PMP02,cooling_descaling_pump,1.4648,-0.9401,62.698,1.1576,0,,train
2025-07-06 12:00:00,BF.CW.PMP02,cooling_descaling_pump,1.566,-0.7905,63.8544,1.2298,0,,train
2025-07-06 13:00:00,BF.CW.PMP02,cooling_descaling_pump,1.5993,-0.6485,63.9189,1.2688,0,,train
2025-07-06 14:00:00,BF.CW.PMP02,cooling_descaling_pump,1.3998,-0.7669,62.8938,1.1945,0,,train
2025-07-06 15:00:00,BF.CW.PMP02,cooling_descaling_pump,1.39,-1.2476,61.9486,1.1273,0,,train
2025-07-06 16:00:00,BF.CW.PMP02,cooling_descaling_pump,1.4579,-1.0001,62.3779,1.2078,0,,train
2025-07-06 17:00:00,BF.CW.PMP02,cooling_descaling_pump,1.5134,-0.496,60.8129,1.1091,0,,train
2025-07-06 18:00:00,BF.CW.PMP02,cooling_descaling_pump,1.3376,-0.0916,59.5492,1.1309,0,,train
2025-07-06 19:00:00,BF.CW.PMP02,cooling_descaling_pump,1.418,-0.5355,57.3702,0.9666,0,,train
2025-07-06 20:00:00,BF.CW.PMP02,cooling_descaling_pump,1.2358,-0.4718,56.4385,0.9633,0,,train
2025-07-06 21:00:00,BF.CW.PMP02,cooling_descaling_pump,1.2031,-0.2252,56.7256,0.944,0,,train
2025-07-06 22:00:00,BF.CW.PMP02,cooling_descaling_pump,1.2804,-0.031,57.0259,0.926,0,,train
2025-07-06 23:00:00,BF.CW.PMP02,cooling_descaling_pump,1.1711,0.5681,56.2083,0.9235,0,,train
2025-07-07 00:00:00,BF.CW.PMP02,cooling_descaling_pump,0.786,2.2892,55.8746,0.9878,0,,train
2025-07-07 01:00:00,BF.CW.PMP02,cooling_descaling_pump,0.8106,3.5259,55.1722,0.9648,0,,train
2025-07-07 02:00:00,BF.CW.PMP02,cooling_descaling_pump,0.7953,4.9967,56.052,1.0465,0,,train
2025-07-07 03:00:00,BF.CW.PMP02,cooling_descaling_pump,0.9613,5.8746,56.5129,0.9429,0,,train
2025-07-07 04:00:00,BF.CW.PMP02,cooling_descaling_pump,1.1216,6.1524,57.7106,0.9527,0,,train
2025-07-07 05:00:00,BF.CW.PMP02,cooling_descaling_pump,1.126,5.9383,59.0069,1.0898,0,,train
2025-07-07 06:00:00,BF.CW.PMP02,cooling_descaling_pump,1.1076,5.7186,60.5529,1.1566,0,,train
2025-07-07 07:00:00,BF.CW.PMP02,cooling_descaling_pump,0.9919,4.0322,59.785,1.1228,0,,train
2025-07-07 08:00:00,BF.CW.PMP02,cooling_descaling_pump,0.9054,2.2306,57.5435,1.061,0,,train
2025-07-07 09:00:00,BF.CW.PMP02,cooling_descaling_pump,0.9008,1.7537,57.9836,0.976,0,,train
2025-07-07 10:00:00,BF.CW.PMP02,cooling_descaling_pump,0.9403,0.6576,57.368,1.0246,0,,train
2025-07-07 11:00:00,BF.CW.PMP02,cooling_descaling_pump,0.9569,-0.0724,56.6334,1.023,0,,train
2025-07-07 12:00:00,BF.CW.PMP02,cooling_descaling_pump,0.8168,0.1272,55.1667,1.0138,0,,train
2025-07-07 13:00:00,BF.CW.PMP02,cooling_descaling_pump,0.8222,0.3381,53.8382,0.9075,0,,train
2025-07-07 14:00:00,BF.CW.PMP02,cooling_descaling_pump,0.7795,0.9184,53.6388,1.0245,0,,train
2025-07-07 15:00:00,BF.CW.PMP02,cooling_descaling_pump,0.9145,1.0573,54.6808,1.0329,0,,train
2025-07-07 16:00:00,BF.CW.PMP02,cooling_descaling_pump,1.0011,0.8788,54.3357,1.0301,0,,train
2025-07-07 17:00:00,BF.CW.PMP02,cooling_descaling_pump,0.9897,0.4065,54.6062,1.0004,0,,train
2025-07-07 18:00:00,BF.CW.PMP02,cooling_descaling_pump,0.8935,1.0281,52.652,0.9716,0,,train
2025-07-07 19:00:00,BF.CW.PMP02,cooling_descaling_pump,1.0534,0.8881,53.0019,1.0157,0,,train
2025-07-07 20:00:00,BF.CW.PMP02,cooling_descaling_pump,0.9062,0.8533,53.7767,1.1272,0,,train
2025-07-07 21:00:00,BF.CW.PMP02,cooling_descaling_pump,0.8314,1.1289,54.0046,1.1778,0,,train
2025-07-07 22:00:00,BF.CW.PMP02,cooling_descaling_pump,0.8929,0.9168,54.125,1.1694,0,,train
2025-07-07 23:00:00,BF.CW.PMP02,cooling_descaling_pump,0.7474,0.7438,52.0538,1.1256,0,,train
2025-07-08 00:00:00,BF.CW.PMP02,cooling_descaling_pump,0.5896,0.4593,52.0036,1.1915,0,,train
2025-07-08 01:00:00,BF.CW.PMP02,cooling_descaling_pump,0.6833,-0.4416,51.372,1.1416,0,,train
2025-07-08 02:00:00,BF.CW.PMP02,cooling_descaling_pump,0.8668,-0.2287,54.6488,1.2841,0,,train
2025-07-08 03:00:00,BF.CW.PMP02,cooling_descaling_pump,0.9755,0.5072,55.2652,1.2791,0,,train
2025-07-08 04:00:00,BF.CW.PMP02,cooling_descaling_pump,0.7996,0.5093,53.2593,1.0944,0,,train
2025-07-08 05:00:00,BF.CW.PMP02,cooling_descaling_pump,0.7525,0.5023,52.6825,1.1313,0,,train
2025-07-08 06:00:00,BF.CW.PMP02,cooling_descaling_pump,0.7677,0.5876,52.3738,1.1892,0,,train
2025-07-08 07:00:00,BF.CW.PMP02,cooling_descaling_pump,0.8096,0.2432,52.3812,1.1323,0,,train
2025-07-08 08:00:00,BF.CW.PMP02,cooling_descaling_pump,0.7347,0.3232,51.9913,1.1293,0,,train
2025-07-08 09:00:00,BF.CW.PMP02,cooling_descaling_pump,0.7275,0.4396,51.3184,1.0478,0,,train
2025-07-08 10:00:00,BF.CW.PMP02,cooling_descaling_pump,0.7827,0.568,51.7404,1.0685,0,,train
2025-07-08 11:00:00,BF.CW.PMP02,cooling_descaling_pump,0.8858,0.6687,51.9506,0.9322,0,,train
2025-07-08 12:00:00,BF.CW.PMP02,cooling_descaling_pump,0.8622,0.9165,52.4874,0.7853,0,,train
2025-07-08 13:00:00,BF.CW.PMP02,cooling_descaling_pump,0.9468,0.3331,59.0666,0.8147,0,,train
2025-07-08 14:00:00,BF.CW.PMP02,cooling_descaling_pump,0.8638,0.2426,67.5569,0.9252,0,,train
2025-07-08 15:00:00,BF.CW.PMP02,cooling_descaling_pump,1.148,0.8365,73.4202,0.84,0,,train
2025-07-08 16:00:00,BF.CW.PMP02,cooling_descaling_pump,1.2128,0.9162,76.7712,0.8627,0,,train
2025-07-08 17:00:00,BF.CW.PMP02,cooling_descaling_pump,1.2051,0.4384,75.3534,0.9463,0,,train
2025-07-08 18:00:00,BF.CW.PMP02,cooling_descaling_pump,1.3161,0.3722,69.3694,0.9083,0,,train
2025-07-08 19:00:00,BF.CW.PMP02,cooling_descaling_pump,1.2927,0.0835,60.1595,0.8687,0,,train
2025-07-08 20:00:00,BF.CW.PMP02,cooling_descaling_pump,1.2572,0.6872,54.5962,0.8648,0,,train
2025-07-08 21:00:00,BF.CW.PMP02,cooling_descaling_pump,1.2284,0.5643,51.6311,0.7955,0,,train
2025-07-08 22:00:00,BF.CW.PMP02,cooling_descaling_pump,1.2245,0.3117,51.9302,0.8106,0,,train
2025-07-08 23:00:00,BF.CW.PMP02,cooling_descaling_pump,1.1662,0.4141,52.9847,0.9101,0,,train
2025-07-09 00:00:00,BF.CW.PMP02,cooling_descaling_pump,1.2474,0.2083,53.5335,0.8695,0,,train
2025-07-09 01:00:00,BF.CW.PMP02,cooling_descaling_pump,1.2592,0.8881,53.7419,0.9161,0,,train
2025-07-09 02:00:00,BF.CW.PMP02,cooling_descaling_pump,1.2626,1.4197,53.8476,0.8908,0,,train
2025-07-09 03:00:00,BF.CW.PMP02,cooling_descaling_pump,1.1633,1.6033,52.7425,0.8205,0,,train
2025-07-09 04:00:00,BF.CW.PMP02,cooling_descaling_pump,1.0314,1.1876,54.6962,0.9326,0,,train
2025-07-09 05:00:00,BF.CW.PMP02,cooling_descaling_pump,1.1455,1.3066,55.0203,0.9309,0,,train
2025-07-09 06:00:00,BF.CW.PMP02,cooling_descaling_pump,1.1451,1.1938,55.7072,0.9465,0,,train
2025-07-09 07:00:00,BF.CW.PMP02,cooling_descaling_pump,1.0332,1.9605,53.8895,0.9073,0,,train
2025-07-09 08:00:00,BF.CW.PMP02,cooling_descaling_pump,1.079,1.6988,56.0983,1.0379,0,,train
2025-07-09 09:00:00,BF.CW.PMP02,cooling_descaling_pump,1.1854,1.3806,55.4688,1.0261,0,,train
2025-07-09 10:00:00,BF.CW.PMP02,cooling_descaling_pump,1.0881,0.8733,55.259,1.01,0,,train
2025-07-09 11:00:00,BF.CW.PMP02,cooling_descaling_pump,1.1547,-0.1628,56.4426,1.1061,0,,train
2025-07-09 12:00:00,BF.CW.PMP02,cooling_descaling_pump,1.2597,-0.8221,57.5927,1.134,0,,train
2025-07-09 13:00:00,BF.CW.PMP02,cooling_descaling_pump,1.3298,-0.2742,57.321,1.1643,0,,train
2025-07-09 14:00:00,BF.CW.PMP02,cooling_descaling_pump,1.2432,-0.9003,55.8867,1.0759,0,,train
2025-07-09 15:00:00,BF.CW.PMP02,cooling_descaling_pump,1.2686,-0.5571,54.853,1.0409,0,,train
2025-07-09 16:00:00,BF.CW.PMP02,cooling_descaling_pump,1.3626,-0.4911,55.1686,1.0948,0,,train
2025-07-09 17:00:00,BF.CW.PMP02,cooling_descaling_pump,1.2807,-0.8036,53.9205,1.1208,0,,train
2025-07-09 18:00:00,BF.CW.PMP02,cooling_descaling_pump,1.2486,-0.4865,53.9975,0.9967,0,,train
2025-07-09 19:00:00,BF.CW.PMP02,cooling_descaling_pump,1.2148,-0.5145,54.212,0.9056,0,,train
2025-07-09 20:00:00,BF.CW.PMP02,cooling_descaling_pump,1.0824,-0.2963,53.4436,0.9867,0,,train
2025-07-09 21:00:00,BF.CW.PMP02,cooling_descaling_pump,1.227,-0.0545,52.4281,0.8831,0,,train
2025-07-09 22:00:00,BF.CW.PMP02,cooling_descaling_pump,1.2459,-0.5203,53.6129,0.9612,0,,train
2025-07-09 23:00:00,BF.CW.PMP02,cooling_descaling_pump,1.28,-1.4323,54.5151,0.9863,0,,train
2025-07-10 00:00:00,BF.CW.PMP02,cooling_descaling_pump,1.1388,-1.3844,54.8424,1.0928,0,,train
2025-07-10 01:00:00,BF.CW.PMP02,cooling_descaling_pump,1.1092,-0.8169,55.2394,1.0236,0,,train
2025-07-10 02:00:00,BF.CW.PMP02,cooling_descaling_pump,1.2653,-1.2098,56.2247,1.0096,0,,train
2025-07-10 03:00:00,BF.CW.PMP02,cooling_descaling_pump,1.3708,-1.3837,57.9266,1.0727,0,,train
2025-07-10 04:00:00,BF.CW.PMP02,cooling_descaling_pump,1.2004,-0.6199,57.4087,1.1751,0,,train
2025-07-10 05:00:00,BF.CW.PMP02,cooling_descaling_pump,1.2893,-1.004,57.9187,1.1624,0,,train
2025-07-10 06:00:00,BF.CW.PMP02,cooling_descaling_pump,1.2503,-0.4045,58.9279,1.1687,0,,train
2025-07-10 07:00:00,BF.CW.PMP02,cooling_descaling_pump,1.3601,-0.5641,58.9622,1.205,0,,train
2025-07-10 08:00:00,BF.CW.PMP02,cooling_descaling_pump,1.4517,-0.5413,59.671,1.1535,0,,train
2025-07-10 09:00:00,BF.CW.PMP02,cooling_descaling_pump,1.3714,-0.4363,59.5206,1.1536,0,,train
2025-07-10 10:00:00,BF.CW.PMP02,cooling_descaling_pump,1.3601,-0.7055,58.5427,1.0724,0,,train
2025-07-10 11:00:00,BF.CW.PMP02,cooling_descaling_pump,1.416,-0.3654,58.427,1.1024,0,,train
2025-07-10 12:00:00,BF.CW.PMP02,cooling_descaling_pump,1.5114,-0.4747,59.0955,1.1621,0,,train
2025-07-10 13:00:00,BF.CW.PMP02,cooling_descaling_pump,1.7139,-0.1903,58.5993,1.0803,0,,train
2025-07-10 14:00:00,BF.CW.PMP02,cooling_descaling_pump,1.7915,-0.3076,59.0814,1.1109,0,,train
2025-07-10 15:00:00,BF.CW.PMP02,cooling_descaling_pump,1.6924,-0.6767,59.9123,1.1363,0,,train
2025-07-10 16:00:00,BF.CW.PMP02,cooling_descaling_pump,1.7102,-0.7219,61.1423,1.2462,0,,train
2025-07-10 17:00:00,BF.CW.PMP02,cooling_descaling_pump,1.7675,-1.1323,60.3517,1.1548,0,,train
2025-07-10 18:00:00,BF.CW.PMP02,cooling_descaling_pump,1.6682,-0.6713,60.0029,1.1105,0,,train
2025-07-10 19:00:00,BF.CW.PMP02,cooling_descaling_pump,1.5669,-0.1676,59.761,1.081,0,,train
2025-07-10 20:00:00,BF.CW.PMP02,cooling_descaling_pump,1.7162,-0.1855,60.8357,1.0521,0,,train
2025-07-10 21:00:00,BF.CW.PMP02,cooling_descaling_pump,1.8152,-0.6734,62.7974,1.1251,0,,train
2025-07-10 22:00:00,BF.CW.PMP02,cooling_descaling_pump,1.7378,-0.3689,63.3285,1.1997,0,,train
2025-07-10 23:00:00,BF.CW.PMP02,cooling_descaling_pump,1.8183,-0.2199,63.6361,1.0969,0,,train
2025-07-11 00:00:00,BF.CW.PMP02,cooling_descaling_pump,1.6405,-0.8637,63.6567,1.1259,0,,train
2025-07-11 01:00:00,BF.CW.PMP02,cooling_descaling_pump,1.509,-1.4535,63.0646,1.0866,0,,train
2025-07-11 02:00:00,BF.CW.PMP02,cooling_descaling_pump,1.5284,-1.4371,62.1298,0.9836,0,,train
2025-07-11 03:00:00,BF.CW.PMP02,cooling_descaling_pump,1.5407,-1.667,63.223,0.9717,0,,train
2025-07-11 04:00:00,BF.CW.PMP02,cooling_descaling_pump,1.4212,-1.7594,63.1687,0.9882,0,,train
2025-07-11 05:00:00,BF.CW.PMP02,cooling_descaling_pump,1.5306,-2.0884,63.9948,1.0011,0,,train
2025-07-11 06:00:00,BF.CW.PMP02,cooling_descaling_pump,1.3036,-1.9839,62.2484,0.951,0,,train
2025-07-11 07:00:00,BF.CW.PMP02,cooling_descaling_pump,1.2859,-2.2352,61.8406,0.9153,0,,train
2025-07-11 08:00:00,BF.CW.PMP02,cooling_descaling_pump,1.3581,-1.6981,62.785,0.9286,0,,train
2025-07-11 09:00:00,BF.CW.PMP02,cooling_descaling_pump,1.1413,-1.015,60.0155,0.8838,0,,train
2025-07-11 10:00:00,BF.CW.PMP02,cooling_descaling_pump,1.3132,-0.7394,60.6643,0.9927,0,,train
2025-07-11 11:00:00,BF.CW.PMP02,cooling_descaling_pump,1.2985,-0.6174,60.4643,0.9598,0,,train
2025-07-11 12:00:00,BF.CW.PMP02,cooling_descaling_pump,1.3175,-0.6378,60.9693,0.9117,0,,train
2025-07-11 13:00:00,BF.CW.PMP02,cooling_descaling_pump,1.3043,-0.4946,59.9886,0.8566,0,,train
2025-07-11 14:00:00,BF.CW.PMP02,cooling_descaling_pump,1.362,-0.6665,58.8797,0.7474,0,,train
2025-07-11 15:00:00,BF.CW.PMP02,cooling_descaling_pump,1.2516,-0.7417,58.387,0.7948,0,,train
2025-07-11 16:00:00,BF.CW.PMP02,cooling_descaling_pump,1.2668,-0.2435,58.4466,0.8605,0,,train
2025-07-11 17:00:00,BF.CW.PMP02,cooling_descaling_pump,1.2435,-0.2492,58.3131,0.8671,0,,train
2025-07-11 18:00:00,BF.CW.PMP02,cooling_descaling_pump,1.2614,-0.3995,58.0195,0.8016,0,,train
2025-07-11 19:00:00,BF.CW.PMP02,cooling_descaling_pump,1.1319,-0.8424,57.947,0.887,0,,train
2025-07-11 20:00:00,BF.CW.PMP02,cooling_descaling_pump,1.0797,-1.0253,57.2824,0.8811,0,,train
2025-07-11 21:00:00,BF.CW.PMP02,cooling_descaling_pump,1.1725,-0.8897,58.8438,0.9759,0,,train
2025-07-11 22:00:00,BF.CW.PMP02,cooling_descaling_pump,1.2984,-0.9552,59.6343,0.987,0,,train
2025-07-11 23:00:00,BF.CW.PMP02,cooling_descaling_pump,1.3923,-0.6526,60.5617,0.905,0,,train
2025-07-12 00:00:00,BF.CW.PMP02,cooling_descaling_pump,1.225,-0.8394,60.1842,0.9618,0,,train
2025-07-12 01:00:00,BF.CW.PMP02,cooling_descaling_pump,1.2712,-1.0132,59.5151,0.9024,0,,train
2025-07-12 02:00:00,BF.CW.PMP02,cooling_descaling_pump,1.1824,-0.7974,58.8618,1.0072,0,,train
2025-07-12 03:00:00,BF.CW.PMP02,cooling_descaling_pump,1.18,-1.4501,57.9701,1.0258,0,,train
2025-07-12 04:00:00,BF.CW.PMP02,cooling_descaling_pump,1.2006,-1.9708,57.6917,1.0381,0,,train
2025-07-12 05:00:00,BF.CW.PMP02,cooling_descaling_pump,1.3163,-1.7321,58.1417,1.0119,0,,train
2025-07-12 06:00:00,BF.CW.PMP02,cooling_descaling_pump,1.2484,-2.2524,58.0355,0.9856,0,,train
2025-07-12 07:00:00,BF.CW.PMP02,cooling_descaling_pump,1.2319,-2.1021,57.9966,1.0835,0,,train
2025-07-12 08:00:00,BF.CW.PMP02,cooling_descaling_pump,1.1475,-1.8952,56.8584,1.0129,0,,train
2025-07-12 09:00:00,BF.CW.PMP02,cooling_descaling_pump,1.0796,-1.5717,55.4019,0.9541,0,,train
2025-07-12 10:00:00,BF.CW.PMP02,cooling_descaling_pump,1.0015,-1.7,55.6556,0.9204,0,,train
2025-07-12 11:00:00,BF.CW.PMP02,cooling_descaling_pump,1.2192,-1.9412,55.3286,0.9002,0,,train
2025-07-12 12:00:00,BF.CW.PMP02,cooling_descaling_pump,1.4292,-2.1,55.2217,0.851,0,,train
2025-07-12 13:00:00,BF.CW.PMP02,cooling_descaling_pump,1.3912,-1.8456,54.4005,0.8492,0,,train
2025-07-12 14:00:00,BF.CW.PMP02,cooling_descaling_pump,1.1643,-1.3034,52.4094,0.8044,0,,train
2025-07-12 15:00:00,BF.CW.PMP02,cooling_descaling_pump,1.1422,-0.8831,53.5263,0.9597,0,,train
2025-07-12 16:00:00,BF.CW.PMP02,cooling_descaling_pump,1.2308,-0.3179,53.2819,0.9306,0,,train
2025-07-12 17:00:00,BF.CW.PMP02,cooling_descaling_pump,1.2444,-0.5304,52.3735,0.8766,0,,train
2025-07-12 18:00:00,BF.CW.PMP02,cooling_descaling_pump,1.202,-0.4351,52.4292,0.9291,0,,train
2025-07-12 19:00:00,BF.CW.PMP02,cooling_descaling_pump,1.2933,-0.495,54.0383,0.9665,0,,train
2025-07-12 20:00:00,BF.CW.PMP02,cooling_descaling_pump,1.1659,-0.6633,51.8412,0.9116,0,,train
2025-07-12 21:00:00,BF.CW.PMP02,cooling_descaling_pump,1.0685,-0.6169,51.7402,0.92,0,,train
2025-07-12 22:00:00,BF.CW.PMP02,cooling_descaling_pump,1.0945,-0.3433,52.3583,0.9978,0,,train
2025-07-12 23:00:00,BF.CW.PMP02,cooling_descaling_pump,1.005,-0.4416,52.4747,0.9649,0,,train
2025-07-13 00:00:00,BF.CW.PMP02,cooling_descaling_pump,0.9675,-0.9199,54.6182,1.0627,0,,train
2025-07-13 01:00:00,BF.CW.PMP02,cooling_descaling_pump,0.7887,-0.8912,54.8343,1.0401,0,,train
2025-07-13 02:00:00,BF.CW.PMP02,cooling_descaling_pump,0.8095,-0.7203,55.2467,1.0893,0,,train
2025-07-13 03:00:00,BF.CW.PMP02,cooling_descaling_pump,0.8606,-0.1634,55.8613,1.0471,0,,train
2025-07-13 04:00:00,BF.CW.PMP02,cooling_descaling_pump,0.9687,-0.1035,56.5379,1.1106,0,,train
2025-07-13 05:00:00,BF.CW.PMP02,cooling_descaling_pump,0.9709,-0.5374,56.9018,1.1649,0,,train
2025-07-13 06:00:00,BF.CW.PMP02,cooling_descaling_pump,1.1041,-0.0664,56.0597,1.0387,0,,train
2025-07-13 07:00:00,BF.CW.PMP02,cooling_descaling_pump,1.1573,0.051,56.0037,1.0652,0,,train
2025-07-13 08:00:00,BF.CW.PMP02,cooling_descaling_pump,1.174,0.161,55.8376,1.0013,0,,train
2025-07-13 09:00:00,BF.CW.PMP02,cooling_descaling_pump,1.2195,-0.6356,56.0526,1.055,0,,train
2025-07-13 10:00:00,BF.CW.PMP02,cooling_descaling_pump,1.1298,-0.7723,54.207,0.9554,0,,train
2025-07-13 11:00:00,BF.CW.PMP02,cooling_descaling_pump,1.0574,-0.9435,53.4143,0.956,0,,train
2025-07-13 12:00:00,BF.CW.PMP02,cooling_descaling_pump,0.9057,-1.0435,50.6095,0.903,0,,train
2025-07-13 13:00:00,BF.CW.PMP02,cooling_descaling_pump,1.0858,-0.4777,52.3472,1.1028,0,,train
2025-07-13 14:00:00,BF.CW.PMP02,cooling_descaling_pump,1.1235,-0.6496,51.7957,1.1057,0,,train
2025-07-13 15:00:00,BF.CW.PMP02,cooling_descaling_pump,1.0775,-0.3676,51.148,1.0896,0,,train
2025-07-13 16:00:00,BF.CW.PMP02,cooling_descaling_pump,1.2252,-0.3842,49.7163,1.0496,0,,train
2025-07-13 17:00:00,BF.CW.PMP02,cooling_descaling_pump,1.0655,-0.1748,49.4635,1.1189,0,,train
2025-07-13 18:00:00,BF.CW.PMP02,cooling_descaling_pump,1.186,0.0024,50.2597,1.0892,0,,train
2025-07-13 19:00:00,BF.CW.PMP02,cooling_descaling_pump,1.2167,0.019,50.8829,1.1403,0,,train
2025-07-13 20:00:00,BF.CW.PMP02,cooling_descaling_pump,1.1367,0.4548,50.9567,1.1874,0,,train
2025-07-13 21:00:00,BF.CW.PMP02,cooling_descaling_pump,1.0092,0.3649,50.2748,1.2132,0,,train
2025-07-13 22:00:00,BF.CW.PMP02,cooling_descaling_pump,1.0903,0.1449,51.4562,1.2315,0,,train
2025-07-13 23:00:00,BF.CW.PMP02,cooling_descaling_pump,0.9134,-0.1981,49.8611,1.0991,0,,train
2025-07-14 00:00:00,BF.CW.PMP02,cooling_descaling_pump,0.9614,-0.1754,49.6642,0.9629,0,,train
2025-07-14 01:00:00,BF.CW.PMP02,cooling_descaling_pump,1.0659,-0.2889,50.5616,0.95,0,,train
2025-07-14 02:00:00,BF.CW.PMP02,cooling_descaling_pump,1.1759,-0.5954,51.133,0.9296,0,,train
2025-07-14 03:00:00,BF.CW.PMP02,cooling_descaling_pump,1.2476,-0.2296,51.3613,0.9164,0,,train
2025-07-14 04:00:00,BF.CW.PMP02,cooling_descaling_pump,1.2978,0.2233,51.7762,0.8683,0,,train
2025-07-14 05:00:00,BF.CW.PMP02,cooling_descaling_pump,1.1891,-0.2907,53.0189,0.9048,0,,train
2025-07-14 06:00:00,BF.CW.PMP02,cooling_descaling_pump,1.0315,0.1157,52.1307,0.8247,0,,train
2025-07-14 07:00:00,BF.CW.PMP02,cooling_descaling_pump,1.0864,0.143,52.3959,0.8887,0,,train
2025-07-14 08:00:00,BF.CW.PMP02,cooling_descaling_pump,1.2705,-0.0043,53.1981,0.9592,0,,train
2025-07-14 09:00:00,BF.CW.PMP02,cooling_descaling_pump,1.2414,0.314,54.5267,1.0014,0,,train
2025-07-14 10:00:00,BF.CW.PMP02,cooling_descaling_pump,1.2933,0.0201,54.1748,0.9836,0,,train
2025-07-14 11:00:00,BF.CW.PMP02,cooling_descaling_pump,1.0146,-1.096,52.2343,1.0033,0,,train
2025-07-14 12:00:00,BF.CW.PMP02,cooling_descaling_pump,1.0937,-1.0246,52.4198,0.9323,0,,train
2025-07-14 13:00:00,BF.CW.PMP02,cooling_descaling_pump,1.0116,-0.8414,51.4606,0.9053,0,,train
2025-07-14 14:00:00,BF.CW.PMP02,cooling_descaling_pump,1.1274,-0.7014,51.9037,0.9583,0,,train
2025-07-14 15:00:00,BF.CW.PMP02,cooling_descaling_pump,1.2353,-0.8252,52.2355,0.8795,0,,train
2025-07-14 16:00:00,BF.CW.PMP02,cooling_descaling_pump,1.0061,-0.7491,50.4519,0.9107,0,,train
2025-07-14 17:00:00,BF.CW.PMP02,cooling_descaling_pump,1.0603,-0.6335,49.5893,0.8181,0,,train
2025-07-14 18:00:00,BF.CW.PMP02,cooling_descaling_pump,1.0642,-0.686,50.3884,0.8386,0,,train
2025-07-14 19:00:00,BF.CW.PMP02,cooling_descaling_pump,1.024,-0.9018,49.8489,0.9377,0,,train
2025-07-14 20:00:00,BF.CW.PMP02,cooling_descaling_pump,1.1389,-1.2582,50.8889,0.8974,0,,train
2025-07-14 21:00:00,BF.CW.PMP02,cooling_descaling_pump,1.2325,-1.172,52.5059,0.9295,0,,train
2025-07-14 22:00:00,BF.CW.PMP02,cooling_descaling_pump,1.2891,-1.4176,53.7747,0.9247,0,,train
2025-07-14 23:00:00,BF.CW.PMP02,cooling_descaling_pump,1.5036,-0.8363,56.7606,1.0097,0,,train
2025-07-15 00:00:00,BF.CW.PMP02,cooling_descaling_pump,1.4342,-1.0103,55.4471,0.9251,0,,train
2025-07-15 01:00:00,BF.CW.PMP02,cooling_descaling_pump,1.4265,-0.8137,56.2296,0.9406,0,,train
2025-07-15 02:00:00,BF.CW.PMP02,cooling_descaling_pump,1.4093,-0.6659,56.0682,0.8671,0,,train
2025-07-15 03:00:00,BF.CW.PMP02,cooling_descaling_pump,1.297,-0.3619,55.8561,0.7924,0,,train
2025-07-15 04:00:00,BF.CW.PMP02,cooling_descaling_pump,1.2631,-0.455,55.5341,0.8235,0,,train
2025-07-15 05:00:00,BF.CW.PMP02,cooling_descaling_pump,1.2472,-0.1172,54.8618,0.7653,0,,train
2025-07-15 06:00:00,BF.CW.PMP02,cooling_descaling_pump,1.2438,0.1463,55.4633,0.8843,0,,train
2025-07-15 07:00:00,BF.CW.PMP02,cooling_descaling_pump,1.0907,0.0438,54.3495,0.8214,0,,train
2025-07-15 08:00:00,BF.CW.PMP02,cooling_descaling_pump,1.0746,-0.02,53.633,0.7935,0,,train
2025-07-15 09:00:00,BF.CW.PMP02,cooling_descaling_pump,1.1451,-0.3235,54.4492,0.7975,0,,train
2025-07-15 10:00:00,BF.CW.PMP02,cooling_descaling_pump,1.3024,0.141,54.7729,0.8477,0,,train
2025-07-15 11:00:00,BF.CW.PMP02,cooling_descaling_pump,1.2091,-0.2132,53.7738,0.8911,0,,train
2025-07-15 12:00:00,BF.CW.PMP02,cooling_descaling_pump,1.154,-0.2392,52.8801,0.8081,0,,train
2025-07-15 13:00:00,BF.CW.PMP02,cooling_descaling_pump,1.0176,-0.3241,51.6226,0.8272,0,,train
2025-07-15 14:00:00,BF.CW.PMP02,cooling_descaling_pump,0.8829,-0.7549,51.0585,0.8884,0,,train
2025-07-15 15:00:00,BF.CW.PMP02,cooling_descaling_pump,0.8694,-0.2058,50.4243,0.8269,0,,train
2025-07-15 16:00:00,BF.CW.PMP02,cooling_descaling_pump,0.9394,-0.0064,52.1967,0.8607,0,,train
2025-07-15 17:00:00,BF.CW.PMP02,cooling_descaling_pump,1.0117,-0.2065,52.248,0.8427,0,,train
2025-07-15 18:00:00,BF.CW.PMP02,cooling_descaling_pump,1.0759,0.293,53.6696,0.9296,0,,train
2025-07-15 19:00:00,BF.CW.PMP02,cooling_descaling_pump,1.0358,0.3872,53.9039,0.9068,0,,train
2025-07-15 20:00:00,BF.CW.PMP02,cooling_descaling_pump,1.168,0.5524,54.8836,0.9535,0,,train
2025-07-15 21:00:00,BF.CW.PMP02,cooling_descaling_pump,1.1268,0.6462,54.3098,0.8643,0,,train
2025-07-15 22:00:00,BF.CW.PMP02,cooling_descaling_pump,1.176,0.2484,54.797,0.8707,0,,train
2025-07-15 23:00:00,BF.CW.PMP02,cooling_descaling_pump,1.1285,-0.1228,54.9343,0.8372,0,,train
2025-07-16 00:00:00,BF.CW.PMP02,cooling_descaling_pump,1.1252,-0.6152,55.6769,0.8929,0,,train
2025-07-16 01:00:00,BF.CW.PMP02,cooling_descaling_pump,,-0.4195,54.8205,,0,,train
2025-07-16 02:00:00,BF.CW.PMP02,cooling_descaling_pump,1.1893,-0.3348,54.2262,0.8246,0,,train
2025-07-16 03:00:00,BF.CW.PMP02,cooling_descaling_pump,1.0833,-0.3297,53.3638,0.8086,0,,train
2025-07-16 04:00:00,BF.CW.PMP02,cooling_descaling_pump,1.1223,-0.3613,52.5059,0.8604,0,,train
2025-07-16 05:00:00,BF.CW.PMP02,cooling_descaling_pump,1.0878,-0.5711,53.419,1.0131,0,,train
2025-07-16 06:00:00,BF.CW.PMP02,cooling_descaling_pump,1.0053,-0.9703,52.5731,1.015,0,,train
2025-07-16 07:00:00,BF.CW.PMP02,cooling_descaling_pump,0.9852,-1.0691,51.9339,0.9972,0,,train
2025-07-16 08:00:00,BF.CW.PMP02,cooling_descaling_pump,0.9454,-1.0637,51.877,1.0114,0,,train
2025-07-16 09:00:00,BF.CW.PMP02,cooling_descaling_pump,0.9694,-0.7009,50.9185,1.0379,0,,train
2025-07-16 10:00:00,BF.CW.PMP02,cooling_descaling_pump,1.2598,-0.8213,54.3996,1.0801,0,,train
2025-07-16 11:00:00,BF.CW.PMP02,cooling_descaling_pump,1.4238,-0.7323,54.3021,1.0156,0,,train
2025-07-16 12:00:00,BF.CW.PMP02,cooling_descaling_pump,1.2896,-0.9156,52.9004,1.0356,0,,train
2025-07-16 13:00:00,BF.CW.PMP02,cooling_descaling_pump,1.3634,-0.8519,53.3438,1.0636,0,,train
2025-07-16 14:00:00,BF.CW.PMP02,cooling_descaling_pump,1.2198,-1.0237,52.6404,1.1025,0,,train
2025-07-16 15:00:00,BF.CW.PMP02,cooling_descaling_pump,1.2527,-0.1857,53.5848,1.1154,0,,train
2025-07-16 16:00:00,BF.CW.PMP02,cooling_descaling_pump,1.146,-0.2924,52.4312,1.0375,0,,train
2025-07-16 17:00:00,BF.CW.PMP02,cooling_descaling_pump,1.2227,0.1282,54.1704,1.1922,0,,train
2025-07-16 18:00:00,BF.CW.PMP02,cooling_descaling_pump,1.2587,0.0783,55.6045,1.2387,0,,train
2025-07-16 19:00:00,BF.CW.PMP02,cooling_descaling_pump,1.1556,-0.1995,54.7785,1.1964,0,,train
2025-07-16 20:00:00,BF.CW.PMP02,cooling_descaling_pump,1.2235,0.4759,54.3963,1.121,0,,train
2025-07-16 21:00:00,BF.CW.PMP02,cooling_descaling_pump,1.1554,-0.0458,55.6299,1.2251,0,,train
2025-07-16 22:00:00,BF.CW.PMP02,cooling_descaling_pump,1.2599,0.2067,55.5565,1.0735,0,,train
2025-07-16 23:00:00,BF.CW.PMP02,cooling_descaling_pump,1.2039,0.2349,56.2974,1.1146,0,,train
2025-07-17 00:00:00,BF.CW.PMP02,cooling_descaling_pump,1.3434,-0.1475,57.8731,1.1202,0,,train
2025-07-17 01:00:00,BF.CW.PMP02,cooling_descaling_pump,1.1962,-0.5335,57.4264,1.1041,0,,train
2025-07-17 02:00:00,BF.CW.PMP02,cooling_descaling_pump,1.2267,-0.7753,56.9992,1.0171,0,,train
2025-07-17 03:00:00,BF.CW.PMP02,cooling_descaling_pump,1.3614,-1.0447,59.3383,1.1038,0,,train
2025-07-17 04:00:00,BF.CW.PMP02,cooling_descaling_pump,1.1558,-0.8291,56.4613,1.041,0,,train
2025-07-17 05:00:00,BF.CW.PMP02,cooling_descaling_pump,1.1832,-0.3436,55.4279,0.934,0,,train
2025-07-17 06:00:00,BF.CW.PMP02,cooling_descaling_pump,1.174,-0.4851,55.1088,0.8949,0,,train
2025-07-17 07:00:00,BF.CW.PMP02,cooling_descaling_pump,1.0863,-0.3485,54.9742,0.9827,0,,train
2025-07-17 08:00:00,BF.CW.PMP02,cooling_descaling_pump,1.1829,-0.806,54.4008,0.9546,0,,train
2025-07-17 09:00:00,BF.CW.PMP02,cooling_descaling_pump,1.066,-0.9679,51.8901,0.9334,0,,train
2025-07-17 10:00:00,BF.CW.PMP02,cooling_descaling_pump,1.2109,-0.5089,52.343,0.8872,0,,train
2025-07-17 11:00:00,BF.CW.PMP02,cooling_descaling_pump,1.0744,-0.4351,52.0339,0.8816,0,,train
2025-07-17 12:00:00,BF.CW.PMP02,cooling_descaling_pump,1.1441,-0.3831,54.0129,0.996,0,,train
2025-07-17 13:00:00,BF.CW.PMP02,cooling_descaling_pump,1.1749,0.2318,51.887,0.9317,0,,train
2025-07-17 14:00:00,BF.CW.PMP02,cooling_descaling_pump,1.1196,-0.1879,51.8676,0.991,0,,train
2025-07-17 15:00:00,BF.CW.PMP02,cooling_descaling_pump,0.96,-1.0797,49.3792,0.9951,0,,train
2025-07-17 16:00:00,BF.CW.PMP02,cooling_descaling_pump,0.9459,-0.1346,47.719,0.8559,0,,train
2025-07-17 17:00:00,BF.CW.PMP02,cooling_descaling_pump,0.869,0.217,48.2397,1.0166,0,,train
2025-07-17 18:00:00,BF.CW.PMP02,cooling_descaling_pump,0.8557,0.4666,48.2505,1.091,0,,train
2025-07-17 19:00:00,BF.CW.PMP02,cooling_descaling_pump,0.9119,-0.0534,47.022,1.0282,0,,train
2025-07-17 20:00:00,BF.CW.PMP02,cooling_descaling_pump,0.8971,-0.1225,46.7439,1.0452,0,,train
2025-07-17 21:00:00,BF.CW.PMP02,cooling_descaling_pump,0.8291,0.522,47.2424,1.1385,0,,train
2025-07-17 22:00:00,BF.CW.PMP02,cooling_descaling_pump,0.9611,-0.2534,46.9414,0.9957,0,,train
2025-07-17 23:00:00,BF.CW.PMP02,cooling_descaling_pump,1.0393,0.4654,48.0336,1.0268,0,,train
2025-07-18 00:00:00,BF.CW.PMP02,cooling_descaling_pump,1.1267,1.1964,49.6542,1.0501,0,,train
2025-07-18 01:00:00,BF.CW.PMP02,cooling_descaling_pump,1.1978,1.1085,51.0223,1.0205,0,,train
2025-07-18 02:00:00,BF.CW.PMP02,cooling_descaling_pump,1.2167,0.7671,52.0839,1.0785,0,,train
2025-07-18 03:00:00,BF.CW.PMP02,cooling_descaling_pump,1.2028,0.8225,52.7607,1.1147,0,,train
2025-07-18 04:00:00,BF.CW.PMP02,cooling_descaling_pump,1.1616,0.5203,53.7319,1.0801,0,,train
2025-07-18 05:00:00,BF.CW.PMP02,cooling_descaling_pump,1.2539,0.6588,52.8802,1.005,0,,train
2025-07-18 06:00:00,BF.CW.PMP02,cooling_descaling_pump,1.059,0.7984,,,0,,train
2025-07-18 07:00:00,BF.CW.PMP02,cooling_descaling_pump,1.0761,0.3887,51.3861,0.9156,0,,train
2025-07-18 08:00:00,BF.CW.PMP02,cooling_descaling_pump,1.1635,-0.0665,51.4277,0.9306,0,,train
2025-07-18 09:00:00,BF.CW.PMP02,cooling_descaling_pump,1.2988,-0.3327,50.9229,0.8687,0,,train
2025-07-18 10:00:00,BF.CW.PMP02,cooling_descaling_pump,1.4279,-0.2616,52.9653,1.0326,0,,train
2025-07-18 11:00:00,BF.CW.PMP02,cooling_descaling_pump,1.283,-0.2326,51.7898,1.0696,0,,train
2025-07-18 12:00:00,BF.CW.PMP02,cooling_descaling_pump,1.3826,0.0517,52.9188,1.0406,0,,train
2025-07-18 13:00:00,BF.CW.PMP02,cooling_descaling_pump,1.4531,-0.5319,52.0886,0.9273,0,,train
2025-07-18 14:00:00,BF.CW.PMP02,cooling_descaling_pump,1.5055,-0.13,52.4678,0.8786,0,,train
2025-07-18 15:00:00,BF.CW.PMP02,cooling_descaling_pump,1.3587,-0.1504,50.4646,0.8147,0,,train
2025-07-18 16:00:00,BF.CW.PMP02,cooling_descaling_pump,1.3527,-0.1816,50.3149,0.864,0,,train
2025-07-18 17:00:00,BF.CW.PMP02,cooling_descaling_pump,1.2045,0.4443,49.4938,0.8384,0,,train
2025-07-18 18:00:00,BF.CW.PMP02,cooling_descaling_pump,1.214,-0.2451,48.9713,0.7465,0,,train
2025-07-18 19:00:00,BF.CW.PMP02,cooling_descaling_pump,1.1191,-0.8078,48.4746,0.7321,0,,train
2025-07-18 20:00:00,BF.CW.PMP02,cooling_descaling_pump,1.0802,-1.0645,47.4397,0.7336,0,,train
2025-07-18 21:00:00,BF.CW.PMP02,cooling_descaling_pump,0.993,-1.3555,46.1983,0.7312,0,,train
2025-07-18 22:00:00,BF.CW.PMP02,cooling_descaling_pump,0.9162,-0.8174,47.0106,0.8335,0,,train
2025-07-18 23:00:00,BF.CW.PMP02,cooling_descaling_pump,0.9238,-0.5267,47.0469,0.7592,0,,train
2025-07-19 00:00:00,BF.CW.PMP02,cooling_descaling_pump,0.8236,-0.4714,47.7503,0.8494,0,,train
2025-07-19 01:00:00,BF.CW.PMP02,cooling_descaling_pump,0.8347,-0.262,48.8509,0.8603,0,,train
2025-07-19 02:00:00,BF.CW.PMP02,cooling_descaling_pump,0.8263,-0.001,50.2173,1.003,0,,train
2025-07-19 03:00:00,BF.CW.PMP02,cooling_descaling_pump,0.8799,0.2254,51.7052,1.0047,0,,train
2025-07-19 04:00:00,BF.CW.PMP02,cooling_descaling_pump,0.932,0.2959,51.6111,1.0365,0,,train
2025-07-19 05:00:00,BF.CW.PMP02,cooling_descaling_pump,1.0216,0.4444,51.9543,0.978,0,,train
2025-07-19 06:00:00,BF.CW.PMP02,cooling_descaling_pump,1.1331,0.4472,54.0496,1.0192,0,,train
2025-07-19 07:00:00,BF.CW.PMP02,cooling_descaling_pump,1.1825,0.8964,54.3445,1.0485,0,,train
2025-07-19 08:00:00,BF.CW.PMP02,cooling_descaling_pump,1.3514,0.8769,56.4998,1.1248,0,,train
2025-07-19 09:00:00,BF.CW.PMP02,cooling_descaling_pump,1.4365,1.2038,56.2681,1.1483,0,,train
2025-07-19 10:00:00,BF.CW.PMP02,cooling_descaling_pump,1.3335,1.6161,56.5248,1.2325,0,,train
2025-07-19 11:00:00,BF.CW.PMP02,cooling_descaling_pump,1.1785,1.6239,55.9228,1.2946,0,,train
2025-07-19 12:00:00,BF.CW.PMP02,cooling_descaling_pump,1.2346,2.2291,58.0396,1.4273,0,,train
2025-07-19 13:00:00,BF.CW.PMP02,cooling_descaling_pump,1.2368,2.5069,57.4127,1.3919,0,,train
2025-07-19 14:00:00,BF.CW.PMP02,cooling_descaling_pump,1.1937,1.8693,56.8464,1.4291,0,,train
2025-07-19 15:00:00,BF.CW.PMP02,cooling_descaling_pump,1.2178,2.1475,56.5158,1.4284,0,,train
2025-07-19 16:00:00,BF.CW.PMP02,cooling_descaling_pump,1.3018,2.3249,55.3653,1.2642,0,,train
2025-07-19 17:00:00,BF.CW.PMP02,cooling_descaling_pump,1.3975,1.82,55.5053,1.231,0,,train
2025-07-19 18:00:00,BF.CW.PMP02,cooling_descaling_pump,1.4573,1.5676,56.3217,1.3379,0,,train
2025-07-19 19:00:00,BF.CW.PMP02,cooling_descaling_pump,1.4134,1.3478,57.1255,1.4243,0,,train
2025-07-19 20:00:00,BF.CW.PMP02,cooling_descaling_pump,1.419,0.8878,57.4049,1.446,0,,train
2025-07-19 21:00:00,BF.CW.PMP02,cooling_descaling_pump,1.4227,0.6254,58.1291,1.4048,0,,train
2025-07-19 22:00:00,BF.CW.PMP02,cooling_descaling_pump,1.5656,0.6751,60.0207,1.4274,0,,train
2025-07-19 23:00:00,BF.CW.PMP02,cooling_descaling_pump,1.5369,0.9196,59.56,1.3276,0,,train
2025-07-20 00:00:00,BF.CW.PMP02,cooling_descaling_pump,1.5726,1.1186,59.0213,1.2799,0,,train
2025-07-20 01:00:00,BF.CW.PMP02,cooling_descaling_pump,1.6104,0.6821,60.3147,1.3372,0,,train
2025-07-20 02:00:00,BF.CW.PMP02,cooling_descaling_pump,1.6508,0.7612,61.5503,1.3263,0,,train
2025-07-20 03:00:00,BF.CW.PMP02,cooling_descaling_pump,1.5608,0.7947,60.8031,1.2813,0,,train
2025-07-20 04:00:00,BF.CW.PMP02,cooling_descaling_pump,1.4122,0.7999,59.2992,1.1704,0,,train
2025-07-20 05:00:00,BF.CW.PMP02,cooling_descaling_pump,1.4713,0.4616,60.6842,1.1563,0,,train
2025-07-20 06:00:00,BF.CW.PMP02,cooling_descaling_pump,1.5498,-0.4283,59.6173,1.0997,0,,train
2025-07-20 07:00:00,BF.CW.PMP02,cooling_descaling_pump,1.5589,-0.5418,58.7753,1.1143,0,,train
2025-07-20 08:00:00,BF.CW.PMP02,cooling_descaling_pump,1.5794,-0.8792,59.8919,1.2167,0,,train
2025-07-20 09:00:00,BF.CW.PMP02,cooling_descaling_pump,1.5967,-1.2422,59.8744,1.2055,0,,train
2025-07-20 10:00:00,BF.CW.PMP02,cooling_descaling_pump,1.5901,-1.4991,59.2529,1.0871,0,,train
2025-07-20 11:00:00,BF.CW.PMP02,cooling_descaling_pump,1.4367,-1.6754,59.5003,1.1563,0,,train
2025-07-20 12:00:00,BF.CW.PMP02,cooling_descaling_pump,1.4716,-1.1494,58.8629,1.1719,0,,train
2025-07-20 13:00:00,BF.CW.PMP02,cooling_descaling_pump,1.5023,-1.0603,59.5573,1.2151,0,,train
2025-07-20 14:00:00,BF.CW.PMP02,cooling_descaling_pump,1.5588,-1.1318,58.1209,1.1216,0,,train
2025-07-20 15:00:00,BF.CW.PMP02,cooling_descaling_pump,1.4539,-0.8937,57.0723,1.0041,0,,train
2025-07-20 16:00:00,BF.CW.PMP02,cooling_descaling_pump,1.5899,-1.5596,57.2418,0.9305,0,,train
2025-07-20 17:00:00,BF.CW.PMP02,cooling_descaling_pump,1.514,-0.9867,56.2971,1.0539,0,,train
2025-07-20 18:00:00,BF.CW.PMP02,cooling_descaling_pump,1.4507,-1.0812,55.2889,0.881,0,,train
2025-07-20 19:00:00,BF.CW.PMP02,cooling_descaling_pump,1.5139,-1.2268,54.0907,0.8341,0,BF.CW.PMP02::E04,train
2025-07-20 20:00:00,BF.CW.PMP02,cooling_descaling_pump,1.3557,-0.8364,52.7356,0.8664,0,BF.CW.PMP02::E04,train
2025-07-20 21:00:00,BF.CW.PMP02,cooling_descaling_pump,1.3242,-0.6142,54.3035,0.9045,0,BF.CW.PMP02::E04,train
2025-07-20 22:00:00,BF.CW.PMP02,cooling_descaling_pump,1.4445,-0.604,56.5602,0.9791,0,BF.CW.PMP02::E04,train
2025-07-20 23:00:00,BF.CW.PMP02,cooling_descaling_pump,1.4216,-0.6585,58.088,1.0099,0,BF.CW.PMP02::E04,train
2025-07-21 00:00:00,BF.CW.PMP02,cooling_descaling_pump,1.4726,-0.3576,59.0575,1.006,0,BF.CW.PMP02::E04,train
2025-07-21 01:00:00,BF.CW.PMP02,cooling_descaling_pump,1.4473,-0.1405,60.0554,0.9958,0,BF.CW.PMP02::E04,train
2025-07-21 02:00:00,BF.CW.PMP02,cooling_descaling_pump,1.4653,-0.1606,62.7745,1.1189,0,BF.CW.PMP02::E04,train
2025-07-21 03:00:00,BF.CW.PMP02,cooling_descaling_pump,1.3711,0.2003,62.6908,1.1108,0,BF.CW.PMP02::E04,train
2025-07-21 04:00:00,BF.CW.PMP02,cooling_descaling_pump,1.2716,0.322,63.3223,1.1642,0,BF.CW.PMP02::E04,train
2025-07-21 05:00:00,BF.CW.PMP02,cooling_descaling_pump,1.2929,0.329,64.0601,1.2127,0,BF.CW.PMP02::E04,train
2025-07-21 06:00:00,BF.CW.PMP02,cooling_descaling_pump,1.275,0.2273,63.2796,1.2214,0,BF.CW.PMP02::E04,train
2025-07-21 07:00:00,BF.CW.PMP02,cooling_descaling_pump,1.2644,0.5443,63.5898,1.2349,0,BF.CW.PMP02::E04,train
2025-07-21 08:00:00,BF.CW.PMP02,cooling_descaling_pump,1.2593,0.1522,61.9753,1.0758,0,BF.CW.PMP02::E04,train
2025-07-21 09:00:00,BF.CW.PMP02,cooling_descaling_pump,1.1642,0.5812,60.6159,0.999,0,BF.CW.PMP02::E04,train
2025-07-21 10:00:00,BF.CW.PMP02,cooling_descaling_pump,1.1601,0.8414,59.9665,0.9255,0,BF.CW.PMP02::E04,train
2025-07-21 11:00:00,BF.CW.PMP02,cooling_descaling_pump,1.1307,0.9841,59.6003,0.8887,0,BF.CW.PMP02::E04,train
2025-07-21 12:00:00,BF.CW.PMP02,cooling_descaling_pump,1.1515,0.4561,61.6537,0.951,0,BF.CW.PMP02::E04,train
2025-07-21 13:00:00,BF.CW.PMP02,cooling_descaling_pump,1.0575,0.1723,62.0677,0.965,0,BF.CW.PMP02::E04,train
2025-07-21 14:00:00,BF.CW.PMP02,cooling_descaling_pump,0.9434,0.2188,60.84,0.9842,0,BF.CW.PMP02::E04,train
2025-07-21 15:00:00,BF.CW.PMP02,cooling_descaling_pump,0.9433,0.2878,61.7028,1.1264,0,BF.CW.PMP02::E04,train
2025-07-21 16:00:00,BF.CW.PMP02,cooling_descaling_pump,0.9833,0.059,62.967,1.1432,0,BF.CW.PMP02::E04,train
2025-07-21 17:00:00,BF.CW.PMP02,cooling_descaling_pump,0.6916,0.2818,60.8129,1.1135,0,BF.CW.PMP02::E04,train
2025-07-21 18:00:00,BF.CW.PMP02,cooling_descaling_pump,0.6086,0.2657,60.0343,1.1195,0,BF.CW.PMP02::E04,train
2025-07-21 19:00:00,BF.CW.PMP02,cooling_descaling_pump,0.6685,-0.028,59.7948,1.0862,0,BF.CW.PMP02::E04,train
2025-07-21 20:00:00,BF.CW.PMP02,cooling_descaling_pump,0.7994,0.159,60.788,1.1619,0,BF.CW.PMP02::E04,train
2025-07-21 21:00:00,BF.CW.PMP02,cooling_descaling_pump,0.8059,-0.5062,62.5629,1.1923,0,BF.CW.PMP02::E04,train
2025-07-21 22:00:00,BF.CW.PMP02,cooling_descaling_pump,0.7805,-0.6678,61.9112,1.1801,0,BF.CW.PMP02::E04,train
2025-07-21 23:00:00,BF.CW.PMP02,cooling_descaling_pump,0.8529,-1.1085,63.8109,1.1873,0,BF.CW.PMP02::E04,train
2025-07-22 00:00:00,BF.CW.PMP02,cooling_descaling_pump,0.832,-0.7417,64.1712,1.2811,0,BF.CW.PMP02::E04,train
2025-07-22 01:00:00,BF.CW.PMP02,cooling_descaling_pump,0.8941,-0.0595,64.5818,1.2731,0,BF.CW.PMP02::E04,train
2025-07-22 02:00:00,BF.CW.PMP02,cooling_descaling_pump,0.9774,0.3729,65.8933,1.2297,0,BF.CW.PMP02::E04,train
2025-07-22 03:00:00,BF.CW.PMP02,cooling_descaling_pump,0.9812,0.8916,67.8906,1.2937,0,BF.CW.PMP02::E04,train
2025-07-22 04:00:00,BF.CW.PMP02,cooling_descaling_pump,1.0541,0.4699,69.3558,1.2478,0,BF.CW.PMP02::E04,train
2025-07-22 05:00:00,BF.CW.PMP02,cooling_descaling_pump,1.0951,-0.0596,70.8493,1.242,0,BF.CW.PMP02::E04,train
2025-07-22 06:00:00,BF.CW.PMP02,cooling_descaling_pump,1.0053,-0.3647,69.2337,1.1307,0,BF.CW.PMP02::E04,train
2025-07-22 07:00:00,BF.CW.PMP02,cooling_descaling_pump,1.0491,0.2007,70.0898,1.1206,0,BF.CW.PMP02::E04,train
2025-07-22 08:00:00,BF.CW.PMP02,cooling_descaling_pump,1.1671,0.2218,69.9671,1.1272,0,BF.CW.PMP02::E04,train
2025-07-22 09:00:00,BF.CW.PMP02,cooling_descaling_pump,1.1404,0.1514,70.3632,1.1703,0,BF.CW.PMP02::E04,train
2025-07-22 10:00:00,BF.CW.PMP02,cooling_descaling_pump,1.0625,-0.0794,70.797,1.2093,0,BF.CW.PMP02::E04,train
2025-07-22 11:00:00,BF.CW.PMP02,cooling_descaling_pump,1.192,-0.3605,71.5665,1.1944,0,BF.CW.PMP02::E04,train
2025-07-22 12:00:00,BF.CW.PMP02,cooling_descaling_pump,1.1297,0.3153,72.0912,1.229,0,BF.CW.PMP02::E04,train
2025-07-22 13:00:00,BF.CW.PMP02,cooling_descaling_pump,1.0794,0.488,71.8254,1.2268,0,BF.CW.PMP02::E04,train
2025-07-22 14:00:00,BF.CW.PMP02,cooling_descaling_pump,1.0935,0.589,72.5194,1.2586,0,BF.CW.PMP02::E04,train
2025-07-22 15:00:00,BF.CW.PMP02,cooling_descaling_pump,1.0942,0.4537,72.9776,1.4058,0,BF.CW.PMP02::E04,train
2025-07-22 16:00:00,BF.CW.PMP02,cooling_descaling_pump,1.0628,0.7029,72.6306,1.2899,0,BF.CW.PMP02::E04,train
2025-07-22 17:00:00,BF.CW.PMP02,cooling_descaling_pump,0.9439,0.5221,70.5317,1.2,0,BF.CW.PMP02::E04,train
2025-07-22 18:00:00,BF.CW.PMP02,cooling_descaling_pump,0.9116,0.5779,70.0468,1.1371,0,BF.CW.PMP02::E04,train
2025-07-22 19:00:00,BF.CW.PMP02,cooling_descaling_pump,1.0134,0.6406,70.8148,1.0982,0,BF.CW.PMP02::E04,train
2025-07-22 20:00:00,BF.CW.PMP02,cooling_descaling_pump,0.9674,0.3035,70.0891,1.1013,0,BF.CW.PMP02::E04,train
2025-07-22 21:00:00,BF.CW.PMP02,cooling_descaling_pump,0.9568,-0.139,70.1689,1.0957,0,BF.CW.PMP02::E04,train
2025-07-22 22:00:00,BF.CW.PMP02,cooling_descaling_pump,1.0501,0.5587,71.2538,1.1252,0,BF.CW.PMP02::E04,train
2025-07-22 23:00:00,BF.CW.PMP02,cooling_descaling_pump,1.248,0.4249,72.2084,1.1229,0,BF.CW.PMP02::E04,train
2025-07-23 00:00:00,BF.CW.PMP02,cooling_descaling_pump,1.2365,0.2847,74.2572,1.1626,0,BF.CW.PMP02::E04,train
2025-07-23 01:00:00,BF.CW.PMP02,cooling_descaling_pump,1.2239,0.3252,74.2601,1.1438,0,BF.CW.PMP02::E04,train
2025-07-23 02:00:00,BF.CW.PMP02,cooling_descaling_pump,1.2557,-0.5427,74.952,1.0519,0,BF.CW.PMP02::E04,train
2025-07-23 03:00:00,BF.CW.PMP02,cooling_descaling_pump,1.2403,-0.0344,76.3743,1.064,0,BF.CW.PMP02::E04,train
2025-07-23 04:00:00,BF.CW.PMP02,cooling_descaling_pump,1.012,0.6561,75.4138,1.0473,0,BF.CW.PMP02::E04,train
2025-07-23 05:00:00,BF.CW.PMP02,cooling_descaling_pump,0.8278,0.1328,74.2495,1.031,0,BF.CW.PMP02::E04,train
2025-07-23 06:00:00,BF.CW.PMP02,cooling_descaling_pump,0.7726,-0.2579,74.9921,1.0893,0,BF.CW.PMP02::E04,train
2025-07-23 07:00:00,BF.CW.PMP02,cooling_descaling_pump,0.8028,-0.1247,74.078,0.99,0,BF.CW.PMP02::E04,train
2025-07-23 08:00:00,BF.CW.PMP02,cooling_descaling_pump,0.8672,-0.1018,74.3367,1.0547,0,BF.CW.PMP02::E04,train
2025-07-23 09:00:00,BF.CW.PMP02,cooling_descaling_pump,0.9302,-0.0278,75.8717,1.1148,0,BF.CW.PMP02::E04,train
2025-07-23 10:00:00,BF.CW.PMP02,cooling_descaling_pump,1.0065,-0.4337,76.216,1.0876,0,BF.CW.PMP02::E04,train
2025-07-23 11:00:00,BF.CW.PMP02,cooling_descaling_pump,1.1805,-0.9795,77.9421,1.1563,0,BF.CW.PMP02::E04,train
2025-07-23 12:00:00,BF.CW.PMP02,cooling_descaling_pump,1.1018,-0.4826,78.6044,1.208,0,BF.CW.PMP02::E04,train
2025-07-23 13:00:00,BF.CW.PMP02,cooling_descaling_pump,1.0807,-0.2865,79.241,1.2086,0,BF.CW.PMP02::E04,train
2025-07-23 14:00:00,BF.CW.PMP02,cooling_descaling_pump,1.0629,-0.5706,79.8905,1.2215,0,BF.CW.PMP02::E04,train
2025-07-23 15:00:00,BF.CW.PMP02,cooling_descaling_pump,0.9992,-0.3997,79.6574,1.2871,0,BF.CW.PMP02::E04,train
2025-07-23 16:00:00,BF.CW.PMP02,cooling_descaling_pump,1.0634,-1.0798,78.7709,1.2439,0,BF.CW.PMP02::E04,train
2025-07-23 17:00:00,BF.CW.PMP02,cooling_descaling_pump,1.0908,-1.3888,77.219,1.1147,0,BF.CW.PMP02::E04,train
2025-07-23 18:00:00,BF.CW.PMP02,cooling_descaling_pump,1.0584,-1.8209,76.5549,1.1658,0,BF.CW.PMP02::E04,train
2025-07-23 19:00:00,BF.CW.PMP02,cooling_descaling_pump,1.2145,-1.8139,76.1936,1.089,0,BF.CW.PMP02::E04,train
2025-07-23 20:00:00,BF.CW.PMP02,cooling_descaling_pump,1.0297,-1.0585,77.2143,1.1785,0,BF.CW.PMP02::E04,train
2025-07-23 21:00:00,BF.CW.PMP02,cooling_descaling_pump,1.0181,-0.9546,78.4837,1.2028,0,BF.CW.PMP02::E04,train
2025-07-23 22:00:00,BF.CW.PMP02,cooling_descaling_pump,1.14,-0.6349,78.9813,1.1313,0,BF.CW.PMP02::E04,train
2025-07-23 23:00:00,BF.CW.PMP02,cooling_descaling_pump,1.0959,-0.0342,79.2559,1.0323,0,BF.CW.PMP02::E04,train
2025-07-24 00:00:00,BF.CW.PMP02,cooling_descaling_pump,1.2091,0.9734,79.1522,0.9068,0,BF.CW.PMP02::E04,train
2025-07-24 01:00:00,BF.CW.PMP02,cooling_descaling_pump,1.1047,0.6683,78.6916,0.8339,0,BF.CW.PMP02::E04,train
2025-07-24 02:00:00,BF.CW.PMP02,cooling_descaling_pump,1.1141,1.1658,79.741,0.943,0,BF.CW.PMP02::E04,train
2025-07-24 03:00:00,BF.CW.PMP02,cooling_descaling_pump,1.2545,1.3844,80.9783,0.9138,0,BF.CW.PMP02::E04,train
2025-07-24 04:00:00,BF.CW.PMP02,cooling_descaling_pump,1.2704,0.8286,80.5871,0.8866,0,BF.CW.PMP02::E04,train
2025-07-24 05:00:00,BF.CW.PMP02,cooling_descaling_pump,0.9955,1.1714,79.8552,0.9032,0,BF.CW.PMP02::E04,train
2025-07-24 06:00:00,BF.CW.PMP02,cooling_descaling_pump,1.1058,1.0522,80.7161,0.9556,0,BF.CW.PMP02::E04,train
2025-07-24 07:00:00,BF.CW.PMP02,cooling_descaling_pump,1.042,0.3695,81.5674,1.0577,0,BF.CW.PMP02::E04,train
2025-07-24 08:00:00,BF.CW.PMP02,cooling_descaling_pump,1.1046,0.5219,82.189,1.1051,0,BF.CW.PMP02::E04,train
2025-07-24 09:00:00,BF.CW.PMP02,cooling_descaling_pump,0.9789,0.4484,81.2445,1.1015,0,BF.CW.PMP02::E04,train
2025-07-24 10:00:00,BF.CW.PMP02,cooling_descaling_pump,0.9208,0.6843,79.9762,1.0288,0,BF.CW.PMP02::E04,train
2025-07-24 11:00:00,BF.CW.PMP02,cooling_descaling_pump,0.9615,0.8211,79.2469,0.9442,0,BF.CW.PMP02::E04,train
2025-07-24 12:00:00,BF.CW.PMP02,cooling_descaling_pump,0.8798,0.1352,78.7137,0.9516,0,BF.CW.PMP02::E04,train
2025-07-24 13:00:00,BF.CW.PMP02,cooling_descaling_pump,0.8467,-0.1265,78.9022,0.9171,0,BF.CW.PMP02::E04,train
2025-07-24 14:00:00,BF.CW.PMP02,cooling_descaling_pump,0.7396,-1.3816,78.2764,0.9582,0,BF.CW.PMP02::E04,train
2025-07-24 15:00:00,BF.CW.PMP02,cooling_descaling_pump,0.8701,-1.0367,80.1986,0.9951,0,BF.CW.PMP02::E04,train
2025-07-24 16:00:00,BF.CW.PMP02,cooling_descaling_pump,1.0058,-1.0888,80.9568,0.9897,0,BF.CW.PMP02::E04,train
2025-07-24 17:00:00,BF.CW.PMP02,cooling_descaling_pump,0.8973,-1.322,79.9466,1.0002,1,BF.CW.PMP02::E04,train
2025-07-24 18:00:00,BF.CW.PMP02,cooling_descaling_pump,0.8379,-1.2076,77.7956,0.9421,0,BF.CW.PMP02::E04,train
2025-07-24 19:00:00,BF.CW.PMP02,cooling_descaling_pump,0.9569,-1.0092,78.9378,0.9801,0,BF.CW.PMP02::E04,train
2025-07-24 20:00:00,BF.CW.PMP02,cooling_descaling_pump,0.9955,-1.3384,79.916,1.032,0,BF.CW.PMP02::E04,train
2025-07-24 21:00:00,BF.CW.PMP02,cooling_descaling_pump,1.2126,-0.9706,81.603,1.0472,0,BF.CW.PMP02::E04,train
2025-07-24 22:00:00,BF.CW.PMP02,cooling_descaling_pump,1.2892,-1.2326,80.9244,0.8909,0,BF.CW.PMP02::E04,train
2025-07-24 23:00:00,BF.CW.PMP02,cooling_descaling_pump,1.2663,-0.9137,80.7684,0.9245,0,BF.CW.PMP02::E04,train
2025-07-25 00:00:00,BF.CW.PMP02,cooling_descaling_pump,1.2427,-0.4404,81.6903,0.8978,0,BF.CW.PMP02::E04,train
2025-07-25 01:00:00,BF.CW.PMP02,cooling_descaling_pump,1.2919,-0.0178,82.7617,0.8869,0,BF.CW.PMP02::E04,train
2025-07-25 02:00:00,BF.CW.PMP02,cooling_descaling_pump,1.278,0.4199,83.7169,0.9539,0,BF.CW.PMP02::E04,train
2025-07-25 03:00:00,BF.CW.PMP02,cooling_descaling_pump,1.2505,0.2835,85.701,1.0434,0,BF.CW.PMP02::E04,train
2025-07-25 04:00:00,BF.CW.PMP02,cooling_descaling_pump,1.1472,-0.0061,84.5852,1.0063,0,BF.CW.PMP02::E04,train
2025-07-25 05:00:00,BF.CW.PMP02,cooling_descaling_pump,1.1084,-0.2055,83.9738,1.0074,0,BF.CW.PMP02::E04,train
2025-07-25 06:00:00,BF.CW.PMP02,cooling_descaling_pump,1.0887,-0.5611,86.2337,1.0918,0,BF.CW.PMP02::E04,train
2025-07-25 07:00:00,BF.CW.PMP02,cooling_descaling_pump,1.1061,-0.4916,87.0789,1.1383,0,BF.CW.PMP02::E04,train
2025-07-25 08:00:00,BF.CW.PMP02,cooling_descaling_pump,1.1085,-0.6412,86.8276,1.0764,0,BF.CW.PMP02::E04,train
2025-07-25 09:00:00,BF.CW.PMP02,cooling_descaling_pump,1.3203,-0.1978,88.4989,1.0665,0,BF.CW.PMP02::E04,train
2025-07-25 10:00:00,BF.CW.PMP02,cooling_descaling_pump,1.3403,-0.0017,87.5747,1.0933,0,BF.CW.PMP02::E04,train
2025-07-25 11:00:00,BF.CW.PMP02,cooling_descaling_pump,1.4463,-0.2498,87.2013,1.0521,0,BF.CW.PMP02::E04,train
2025-07-25 12:00:00,BF.CW.PMP02,cooling_descaling_pump,1.4605,-0.0094,86.0681,0.9988,0,BF.CW.PMP02::E04,train
2025-07-25 13:00:00,BF.CW.PMP02,cooling_descaling_pump,1.492,0.2752,85.8708,1.0508,0,BF.CW.PMP02::E04,train
2025-07-25 14:00:00,BF.CW.PMP02,cooling_descaling_pump,1.4524,0.5699,84.9652,0.9348,0,BF.CW.PMP02::E04,train
2025-07-25 15:00:00,BF.CW.PMP02,cooling_descaling_pump,1.4604,1.0349,84.8183,0.9209,0,BF.CW.PMP02::E04,train
2025-07-25 16:00:00,BF.CW.PMP02,cooling_descaling_pump,1.4872,1.1496,85.9679,0.9979,0,BF.CW.PMP02::E04,train
2025-07-25 17:00:00,BF.CW.PMP02,cooling_descaling_pump,1.2834,1.4438,83.9478,1.0734,0,BF.CW.PMP02::E04,train
2025-07-25 18:00:00,BF.CW.PMP02,cooling_descaling_pump,1.3007,1.4756,84.2782,1.0292,0,BF.CW.PMP02::E04,train
2025-07-25 19:00:00,BF.CW.PMP02,cooling_descaling_pump,1.3757,1.4013,84.5401,0.9385,0,BF.CW.PMP02::E04,train
2025-07-25 20:00:00,BF.CW.PMP02,cooling_descaling_pump,1.1679,0.9535,82.9312,0.8547,0,BF.CW.PMP02::E04,train
2025-07-25 21:00:00,BF.CW.PMP02,cooling_descaling_pump,1.1845,0.7963,83.5601,0.9313,0,BF.CW.PMP02::E04,train
2025-07-25 22:00:00,BF.CW.PMP02,cooling_descaling_pump,1.0753,1.0967,82.3627,0.858,0,BF.CW.PMP02::E04,train
2025-07-25 23:00:00,BF.CW.PMP02,cooling_descaling_pump,1.0154,0.532,82.1936,0.8898,0,BF.CW.PMP02::E04,train
2025-07-26 00:00:00,BF.CW.PMP02,cooling_descaling_pump,1.0504,0.5594,82.747,0.8659,0,BF.CW.PMP02::E04,train
2025-07-26 01:00:00,BF.CW.PMP02,cooling_descaling_pump,0.9256,0.3893,82.3796,0.8778,0,BF.CW.PMP02::E04,train
2025-07-26 02:00:00,BF.CW.PMP02,cooling_descaling_pump,0.9854,0.1332,82.8056,0.8789,0,BF.CW.PMP02::E04,train
2025-07-26 03:00:00,BF.CW.PMP02,cooling_descaling_pump,0.834,0.5088,82.5097,0.9055,0,BF.CW.PMP02::E04,train
2025-07-26 04:00:00,BF.CW.PMP02,cooling_descaling_pump,0.8994,0.7649,82.3712,0.9141,1,BF.CW.PMP02::E04,train
2025-07-26 05:00:00,BF.CW.PMP02,cooling_descaling_pump,0.9605,1.2264,81.6275,0.8637,1,BF.CW.PMP02::E04,train
2025-07-26 06:00:00,BF.CW.PMP02,cooling_descaling_pump,0.9218,0.6493,80.2493,0.8458,0,BF.CW.PMP02::E04,train
2025-07-26 07:00:00,BF.CW.PMP02,cooling_descaling_pump,0.9513,0.8264,80.5682,0.8463,0,BF.CW.PMP02::E04,train
2025-07-26 08:00:00,BF.CW.PMP02,cooling_descaling_pump,0.9781,0.8182,79.9418,0.879,0,BF.CW.PMP02::E04,train
2025-07-26 09:00:00,BF.CW.PMP02,cooling_descaling_pump,0.7807,1.4108,78.3818,0.892,1,BF.CW.PMP02::E04,train
2025-07-26 10:00:00,BF.CW.PMP02,cooling_descaling_pump,0.8818,0.7914,80.4335,1.068,1,BF.CW.PMP02::E04,train
2025-07-26 11:00:00,BF.CW.PMP02,cooling_descaling_pump,0.8703,0.6051,79.8699,1.0278,0,BF.CW.PMP02::E04,train
2025-07-26 12:00:00,BF.CW.PMP02,cooling_descaling_pump,0.865,0.0395,79.6583,1.0268,1,BF.CW.PMP02::E04,train
2025-07-26 13:00:00,BF.CW.PMP02,cooling_descaling_pump,0.9816,-0.1226,79.8956,0.9938,1,BF.CW.PMP02::E04,train
2025-07-26 14:00:00,BF.CW.PMP02,cooling_descaling_pump,0.9861,-0.0092,79.4989,0.9825,1,BF.CW.PMP02::E04,train
2025-07-26 15:00:00,BF.CW.PMP02,cooling_descaling_pump,0.8368,0.947,76.5797,0.8886,1,BF.CW.PMP02::E04,train
2025-07-26 16:00:00,BF.CW.PMP02,cooling_descaling_pump,0.7676,1.073,77.6204,1.0414,1,BF.CW.PMP02::E04,train
2025-07-26 17:00:00,BF.CW.PMP02,cooling_descaling_pump,0.7708,1.195,76.1076,0.9355,0,BF.CW.PMP02::E04,train
2025-07-26 18:00:00,BF.CW.PMP02,cooling_descaling_pump,0.8547,1.3558,76.5191,0.8481,0,BF.CW.PMP02::E04,train
2025-07-26 19:00:00,BF.CW.PMP02,cooling_descaling_pump,0.8951,1.6307,77.2555,0.8493,0,BF.CW.PMP02::E04,train
2025-07-26 20:00:00,BF.CW.PMP02,cooling_descaling_pump,0.8617,1.8645,77.1787,0.7401,1,BF.CW.PMP02::E04,train
2025-07-26 21:00:00,BF.CW.PMP02,cooling_descaling_pump,0.7567,1.1485,76.9492,0.7963,1,BF.CW.PMP02::E04,train
2025-07-26 22:00:00,BF.CW.PMP02,cooling_descaling_pump,0.7345,1.3346,75.7377,0.7266,0,BF.CW.PMP02::E04,train
2025-07-26 23:00:00,BF.CW.PMP02,cooling_descaling_pump,0.9278,0.9283,76.8183,0.7235,1,BF.CW.PMP02::E04,train
2025-07-27 00:00:00,BF.CW.PMP02,cooling_descaling_pump,0.9636,0.7167,78.0825,0.7968,1,BF.CW.PMP02::E04,train
2025-07-27 01:00:00,BF.CW.PMP02,cooling_descaling_pump,0.8152,1.0321,76.1868,0.7408,1,BF.CW.PMP02::E04,train
2025-07-27 02:00:00,BF.CW.PMP02,cooling_descaling_pump,0.8047,1.0349,76.1457,0.687,0,BF.CW.PMP02::E04,train
2025-07-27 03:00:00,BF.CW.PMP02,cooling_descaling_pump,1.0751,0.4779,77.5483,0.6515,0,BF.CW.PMP02::E04,train
2025-07-27 04:00:00,BF.CW.PMP02,cooling_descaling_pump,1.1858,0.2438,79.0081,0.6517,1,BF.CW.PMP02::E04,train
2025-07-27 05:00:00,BF.CW.PMP02,cooling_descaling_pump,1.1569,-0.1084,80.3065,0.6457,1,BF.CW.PMP02::E04,train
2025-07-27 06:00:00,BF.CW.PMP02,cooling_descaling_pump,1.0924,0.3109,80.7763,0.7152,0,BF.CW.PMP02::E04,train
2025-07-27 07:00:00,BF.CW.PMP02,cooling_descaling_pump,0.882,0.6576,80.7892,0.7734,1,BF.CW.PMP02::E04,train
2025-07-27 08:00:00,BF.CW.PMP02,cooling_descaling_pump,1.0084,0.4486,81.5882,0.7761,1,BF.CW.PMP02::E04,train
2025-07-27 09:00:00,BF.CW.PMP02,cooling_descaling_pump,0.9941,0.7394,80.5357,0.7209,0,BF.CW.PMP02::E04,train
2025-07-27 10:00:00,BF.CW.PMP02,cooling_descaling_pump,1.0164,0.2606,80.2548,0.7664,0,BF.CW.PMP02::E04,train
2025-07-27 11:00:00,BF.CW.PMP02,cooling_descaling_pump,0.9948,0.494,81.0527,0.8707,1,BF.CW.PMP02::E04,train
2025-07-27 12:00:00,BF.CW.PMP02,cooling_descaling_pump,0.8264,0.3014,78.6128,0.7161,1,BF.CW.PMP02::E04,train
2025-07-27 13:00:00,BF.CW.PMP02,cooling_descaling_pump,0.7579,0.1451,79.2604,0.811,1,BF.CW.PMP02::E04,train
2025-07-27 14:00:00,BF.CW.PMP02,cooling_descaling_pump,0.935,-0.1283,79.3637,0.7715,1,BF.CW.PMP02::E04,train
2025-07-27 15:00:00,BF.CW.PMP02,cooling_descaling_pump,0.8571,-0.0629,78.8761,0.8305,1,BF.CW.PMP02::E04,train
2025-07-27 16:00:00,BF.CW.PMP02,cooling_descaling_pump,0.8694,-0.261,78.0262,0.6721,1,BF.CW.PMP02::E04,train
2025-07-27 17:00:00,BF.CW.PMP02,cooling_descaling_pump,0.9203,-0.2401,77.738,0.6847,0,BF.CW.PMP02::E04,train
2025-07-27 18:00:00,BF.CW.PMP02,cooling_descaling_pump,1.0749,-0.4138,78.3013,0.5894,1,BF.CW.PMP02::E04,train
2025-07-27 19:00:00,BF.CW.PMP02,cooling_descaling_pump,0.9261,-0.5429,77.7887,0.6021,1,BF.CW.PMP02::E04,train
2025-07-27 20:00:00,BF.CW.PMP02,cooling_descaling_pump,0.9361,-0.1525,79.8441,0.7935,1,BF.CW.PMP02::E04,train
2025-07-27 21:00:00,BF.CW.PMP02,cooling_descaling_pump,0.8256,-0.3264,79.4989,0.8365,1,BF.CW.PMP02::E04,train
2025-07-27 22:00:00,BF.CW.PMP02,cooling_descaling_pump,0.9778,-0.1306,82.0839,0.8987,1,BF.CW.PMP02::E04,train
2025-07-27 23:00:00,BF.CW.PMP02,cooling_descaling_pump,1.0482,-0.0935,82.1867,0.8155,1,BF.CW.PMP02::E04,train
2025-07-28 00:00:00,BF.CW.PMP02,cooling_descaling_pump,1.0285,0.1355,82.0571,0.7735,1,BF.CW.PMP02::E04,train
2025-07-28 01:00:00,BF.CW.PMP02,cooling_descaling_pump,0.9206,-0.0193,81.2664,0.7054,1,BF.CW.PMP02::E04,train
2025-07-28 02:00:00,BF.CW.PMP02,cooling_descaling_pump,0.9007,-0.3317,82.2171,0.7691,1,BF.CW.PMP02::E04,train
2025-07-28 03:00:00,BF.CW.PMP02,cooling_descaling_pump,0.852,-0.4869,83.2405,0.7374,1,BF.CW.PMP02::E04,train
2025-07-28 04:00:00,BF.CW.PMP02,cooling_descaling_pump,0.7291,-0.2357,83.4745,0.7468,1,BF.CW.PMP02::E04,train
2025-07-28 05:00:00,BF.CW.PMP02,cooling_descaling_pump,0.799,0.3615,83.5917,0.7518,1,BF.CW.PMP02::E04,train
2025-07-28 06:00:00,BF.CW.PMP02,cooling_descaling_pump,0.699,0.5295,84.4666,0.8715,1,BF.CW.PMP02::E04,train
2025-07-28 07:00:00,BF.CW.PMP02,cooling_descaling_pump,0.7082,0.3566,85.2567,0.8408,1,BF.CW.PMP02::E04,train
2025-07-28 08:00:00,BF.CW.PMP02,cooling_descaling_pump,0.6685,0.2512,83.964,0.7602,1,BF.CW.PMP02::E04,train
2025-07-28 09:00:00,BF.CW.PMP02,cooling_descaling_pump,0.7232,0.3543,84.6585,0.7726,1,BF.CW.PMP02::E04,train
2025-07-28 10:00:00,BF.CW.PMP02,cooling_descaling_pump,0.8389,-0.3984,84.4721,0.7718,1,BF.CW.PMP02::E04,train
2025-07-28 11:00:00,BF.CW.PMP02,cooling_descaling_pump,0.8296,-0.4338,84.6344,0.8803,1,BF.CW.PMP02::E04,train
2025-07-28 12:00:00,BF.CW.PMP02,cooling_descaling_pump,0.8675,-0.6108,86.0109,1.0127,1,BF.CW.PMP02::E04,train
2025-07-28 13:00:00,BF.CW.PMP02,cooling_descaling_pump,0.8902,-0.753,86.4267,1.0656,1,BF.CW.PMP02::E04,train
2025-07-28 14:00:00,BF.CW.PMP02,cooling_descaling_pump,0.8997,-0.5752,85.9649,1.0773,1,BF.CW.PMP02::E04,train
2025-07-28 15:00:00,BF.CW.PMP02,cooling_descaling_pump,0.8356,0.3439,85.7087,1.0275,1,BF.CW.PMP02::E04,train
2025-07-28 16:00:00,BF.CW.PMP02,cooling_descaling_pump,0.6514,0.5831,84.7167,0.9962,1,BF.CW.PMP02::E04,train
2025-07-28 17:00:00,BF.CW.PMP02,cooling_descaling_pump,0.858,0.0991,86.1752,0.9878,1,BF.CW.PMP02::E04,train
2025-07-28 18:00:00,BF.CW.PMP02,cooling_descaling_pump,0.7481,-0.5092,85.6067,1.0577,1,BF.CW.PMP02::E04,train
2025-07-28 19:00:00,BF.CW.PMP02,cooling_descaling_pump,0.7685,-0.7061,86.2013,1.0939,1,BF.CW.PMP02::E04,train
2025-07-28 20:00:00,BF.CW.PMP02,cooling_descaling_pump,0.8383,-0.1809,86.4842,1.0832,1,BF.CW.PMP02::E04,train
2025-07-28 21:00:00,BF.CW.PMP02,cooling_descaling_pump,1.0313,0.1323,88.7283,1.1045,1,BF.CW.PMP02::E04,train
2025-07-28 22:00:00,BF.CW.PMP02,cooling_descaling_pump,1.0365,-0.1575,89.4073,1.1642,1,BF.CW.PMP02::E04,train
2025-07-28 23:00:00,BF.CW.PMP02,cooling_descaling_pump,1.103,-0.2772,91.9367,1.3029,1,BF.CW.PMP02::E04,train
2025-07-29 00:00:00,BF.CW.PMP02,cooling_descaling_pump,1.0431,0.3049,91.3397,1.223,2,BF.CW.PMP02::E04,train
2025-07-29 01:00:00,BF.CW.PMP02,cooling_descaling_pump,1.1976,-0.2354,93.6916,1.3077,1,BF.CW.PMP02::E04,train
2025-07-29 02:00:00,BF.CW.PMP02,cooling_descaling_pump,1.1318,0.2558,94.3921,1.3695,1,BF.CW.PMP02::E04,train
2025-07-29 03:00:00,BF.CW.PMP02,cooling_descaling_pump,1.0893,-0.2215,95.1422,1.3132,1,BF.CW.PMP02::E04,train
2025-07-29 04:00:00,BF.CW.PMP02,cooling_descaling_pump,1.1076,-0.2106,95.8971,1.4002,1,BF.CW.PMP02::E04,train
2025-07-29 05:00:00,BF.CW.PMP02,cooling_descaling_pump,1.0531,-0.2534,95.6409,1.4196,1,BF.CW.PMP02::E04,train
2025-07-29 06:00:00,BF.CW.PMP02,cooling_descaling_pump,1.0436,-0.1015,95.2813,1.3471,1,BF.CW.PMP02::E04,train
2025-07-29 07:00:00,BF.CW.PMP02,cooling_descaling_pump,0.9664,-0.1024,94.7681,1.3931,1,BF.CW.PMP02::E04,train
2025-07-29 08:00:00,BF.CW.PMP02,cooling_descaling_pump,0.9099,-0.2074,95.1574,1.4283,1,BF.CW.PMP02::E04,train
2025-07-29 09:00:00,BF.CW.PMP02,cooling_descaling_pump,0.8978,-0.0829,95.4203,1.4514,1,BF.CW.PMP02::E04,train
2025-07-29 10:00:00,BF.CW.PMP02,cooling_descaling_pump,0.904,-0.2972,94.9367,1.4147,1,BF.CW.PMP02::E04,train
2025-07-29 11:00:00,BF.CW.PMP02,cooling_descaling_pump,0.9077,-0.1712,94.9795,1.4405,1,BF.CW.PMP02::E04,train
2025-07-29 12:00:00,BF.CW.PMP02,cooling_descaling_pump,0.831,0.0638,93.4895,1.416,1,BF.CW.PMP02::E04,train
2025-07-29 13:00:00,BF.CW.PMP02,cooling_descaling_pump,0.9254,-0.2286,93.7686,1.3727,1,BF.CW.PMP02::E04,train
2025-07-29 14:00:00,BF.CW.PMP02,cooling_descaling_pump,0.8357,-0.4611,93.3705,1.3393,2,BF.CW.PMP02::E04,train
2025-07-29 15:00:00,BF.CW.PMP02,cooling_descaling_pump,0.8404,-0.3119,92.0053,1.2549,1,BF.CW.PMP02::E04,train
2025-07-29 16:00:00,BF.CW.PMP02,cooling_descaling_pump,0.9564,-0.591,91.7381,1.3362,1,BF.CW.PMP02::E04,train
2025-07-29 17:00:00,BF.CW.PMP02,cooling_descaling_pump,0.794,-0.9594,91.8902,1.364,1,BF.CW.PMP02::E04,train
2025-07-29 18:00:00,BF.CW.PMP02,cooling_descaling_pump,0.7744,-1.0068,91.4772,1.3612,2,BF.CW.PMP02::E04,train
2025-07-29 19:00:00,BF.CW.PMP02,cooling_descaling_pump,0.811,-1.0517,91.2819,1.3727,1,BF.CW.PMP02::E04,train
2025-07-29 20:00:00,BF.CW.PMP02,cooling_descaling_pump,0.8458,-1.1066,90.9875,1.3435,2,BF.CW.PMP02::E04,train
2025-07-29 21:00:00,BF.CW.PMP02,cooling_descaling_pump,0.8716,-0.9637,91.9854,1.31,2,BF.CW.PMP02::E04,train
2025-07-29 22:00:00,BF.CW.PMP02,cooling_descaling_pump,0.9711,-1.3229,93.0365,1.2168,1,BF.CW.PMP02::E04,train
2025-07-29 23:00:00,BF.CW.PMP02,cooling_descaling_pump,0.9678,-0.8059,93.5176,1.2278,1,BF.CW.PMP02::E04,train
2025-07-30 00:00:00,BF.CW.PMP02,cooling_descaling_pump,1.0444,-0.641,92.3193,1.0715,1,BF.CW.PMP02::E04,train
2025-07-30 01:00:00,BF.CW.PMP02,cooling_descaling_pump,1.032,-0.521,93.201,1.0871,1,BF.CW.PMP02::E04,train
2025-07-30 02:00:00,BF.CW.PMP02,cooling_descaling_pump,1.1341,-0.2317,95.8624,1.1971,1,BF.CW.PMP02::E04,train
2025-07-30 03:00:00,BF.CW.PMP02,cooling_descaling_pump,1.1672,-0.2854,97.1897,1.1877,1,BF.CW.PMP02::E04,train
2025-07-30 04:00:00,BF.CW.PMP02,cooling_descaling_pump,1.0161,-0.7025,96.2184,1.0804,1,BF.CW.PMP02::E04,train
2025-07-30 05:00:00,BF.CW.PMP02,cooling_descaling_pump,1.0329,-0.7935,96.8874,1.0775,2,BF.CW.PMP02::E04,train
2025-07-30 06:00:00,BF.CW.PMP02,cooling_descaling_pump,0.951,-0.8723,97.1805,1.073,2,BF.CW.PMP02::E04,train
2025-07-30 07:00:00,BF.CW.PMP02,cooling_descaling_pump,0.9245,-1.2606,96.8464,1.0652,2,BF.CW.PMP02::E04,train
2025-07-30 08:00:00,BF.CW.PMP02,cooling_descaling_pump,1.0235,-0.758,96.1218,0.9955,1,BF.CW.PMP02::E04,train
2025-07-30 09:00:00,BF.CW.PMP02,cooling_descaling_pump,1.1136,-1.2784,96.2714,0.9022,2,BF.CW.PMP02::E04,train
2025-07-30 10:00:00,BF.CW.PMP02,cooling_descaling_pump,1.0819,-1.2172,96.0504,0.8793,2,BF.CW.PMP02::E04,train
2025-07-30 11:00:00,BF.CW.PMP02,cooling_descaling_pump,1.1807,-1.0028,96.811,0.8813,2,BF.CW.PMP02::E04,train
2025-07-30 12:00:00,BF.CW.PMP02,cooling_descaling_pump,1.2832,-1.4209,96.1931,0.7807,2,BF.CW.PMP02::E04,train
2025-07-30 13:00:00,BF.CW.PMP02,cooling_descaling_pump,1.2696,-1.753,95.4089,0.7661,1,BF.CW.PMP02::E04,train
2025-07-30 14:00:00,BF.CW.PMP02,cooling_descaling_pump,1.3604,-1.377,95.1067,0.7187,2,BF.CW.PMP02::E04,train
2025-07-30 15:00:00,BF.CW.PMP02,cooling_descaling_pump,1.337,-0.7728,94.9995,0.7908,2,BF.CW.PMP02::E04,train
2025-07-30 16:00:00,BF.CW.PMP02,cooling_descaling_pump,1.2875,-0.8567,94.1881,0.8031,2,BF.CW.PMP02::E04,train
2025-07-30 17:00:00,BF.CW.PMP02,cooling_descaling_pump,1.2691,-0.5886,93.3603,0.774,2,BF.CW.PMP02::E04,train
2025-07-30 18:00:00,BF.CW.PMP02,cooling_descaling_pump,1.3398,-0.8386,93.9231,0.8101,2,BF.CW.PMP02::E04,train
2025-07-30 19:00:00,BF.CW.PMP02,cooling_descaling_pump,1.272,-0.7411,93.4405,0.8375,2,BF.CW.PMP02::E04,train
2025-07-30 20:00:00,BF.CW.PMP02,cooling_descaling_pump,1.123,-0.2392,93.3577,0.8298,2,BF.CW.PMP02::E04,train
2025-07-30 21:00:00,BF.CW.PMP02,cooling_descaling_pump,1.0787,0.5543,93.9056,0.8324,2,BF.CW.PMP02::E04,train
2025-07-30 22:00:00,BF.CW.PMP02,cooling_descaling_pump,1.1664,0.8416,94.3025,0.9025,2,BF.CW.PMP02::E04,train
2025-07-30 23:00:00,BF.CW.PMP02,cooling_descaling_pump,1.2103,0.1818,50.2506,0.8508,0,,train
2025-07-31 00:00:00,BF.CW.PMP02,cooling_descaling_pump,1.0341,0.3667,48.5854,0.8157,0,,train
2025-07-31 01:00:00,BF.CW.PMP02,cooling_descaling_pump,1.1696,0.3205,51.337,0.9079,0,,train
2025-07-31 02:00:00,BF.CW.PMP02,cooling_descaling_pump,1.4072,-0.3074,51.9941,0.8644,0,,train
2025-07-31 03:00:00,BF.CW.PMP02,cooling_descaling_pump,1.4379,0.0825,52.407,0.8719,0,,train
2025-07-31 04:00:00,BF.CW.PMP02,cooling_descaling_pump,1.4412,0.0962,52.324,0.8692,0,,train
2025-07-31 05:00:00,BF.CW.PMP02,cooling_descaling_pump,1.3389,-0.1408,53.0708,0.8822,0,,train
2025-07-31 06:00:00,BF.CW.PMP02,cooling_descaling_pump,1.2139,-0.7214,52.609,0.9119,0,,train
2025-07-31 07:00:00,BF.CW.PMP02,cooling_descaling_pump,1.2373,-0.5838,50.3593,0.7379,0,,train
2025-07-31 08:00:00,BF.CW.PMP02,cooling_descaling_pump,1.1441,-0.2081,48.7546,0.6907,0,,train
2025-07-31 09:00:00,BF.CW.PMP02,cooling_descaling_pump,1.1197,-0.5393,48.6544,0.7009,0,,train
2025-07-31 10:00:00,BF.CW.PMP02,cooling_descaling_pump,0.9961,-0.1467,46.9073,0.6051,0,,train
2025-07-31 11:00:00,BF.CW.PMP02,cooling_descaling_pump,0.8729,0.1387,46.1916,0.6524,0,,train
2025-07-31 12:00:00,BF.CW.PMP02,cooling_descaling_pump,0.8501,-0.392,44.3782,0.6576,0,,train
2025-07-31 13:00:00,BF.CW.PMP02,cooling_descaling_pump,0.8927,0.0802,42.6408,0.6394,0,,train
2025-07-31 14:00:00,BF.CW.PMP02,cooling_descaling_pump,0.873,0.0918,40.8422,0.5945,0,,train
2025-07-31 15:00:00,BF.CW.PMP02,cooling_descaling_pump,0.8523,-0.2707,41.1227,0.676,0,,train
2025-07-31 16:00:00,BF.CW.PMP02,cooling_descaling_pump,0.9536,-0.6377,40.4862,0.5915,0,,train
2025-07-31 17:00:00,BF.CW.PMP02,cooling_descaling_pump,1.064,-0.7769,40.5248,0.5744,0,,train
2025-07-31 18:00:00,BF.CW.PMP02,cooling_descaling_pump,1.0547,-0.4406,41.4659,0.5773,0,,train
2025-07-31 19:00:00,BF.CW.PMP02,cooling_descaling_pump,1.1098,-0.7267,40.7973,0.5603,0,,train
2025-07-31 20:00:00,BF.CW.PMP02,cooling_descaling_pump,1.064,-0.4684,40.5914,0.625,0,,train
2025-07-31 21:00:00,BF.CW.PMP02,cooling_descaling_pump,1.0719,-1.1666,41.2404,0.6426,0,,train
2025-07-31 22:00:00,BF.CW.PMP02,cooling_descaling_pump,0.9505,-1.8687,42.6165,0.7235,0,,train
2025-07-31 23:00:00,BF.CW.PMP02,cooling_descaling_pump,0.8588,-1.2003,43.5571,0.7021,0,,train
2025-08-01 00:00:00,BF.CW.PMP02,cooling_descaling_pump,0.8713,-1.2003,44.6654,0.7767,0,,train
2025-08-01 01:00:00,BF.CW.PMP02,cooling_descaling_pump,0.873,-1.3695,44.9557,0.7321,0,,train
2025-08-01 02:00:00,BF.CW.PMP02,cooling_descaling_pump,0.9058,-1.4516,46.2625,0.7071,0,,train
2025-08-01 03:00:00,BF.CW.PMP02,cooling_descaling_pump,0.9112,-1.4682,45.9788,0.7189,0,,train
2025-08-01 04:00:00,BF.CW.PMP02,cooling_descaling_pump,0.7693,-1.1253,44.6964,0.6482,0,,train
2025-08-01 05:00:00,BF.CW.PMP02,cooling_descaling_pump,0.7094,-0.8936,43.8894,0.6156,0,,train
2025-08-01 06:00:00,BF.CW.PMP02,cooling_descaling_pump,0.6742,-0.5168,43.5695,0.5911,0,,train
2025-08-01 07:00:00,BF.CW.PMP02,cooling_descaling_pump,0.7479,-0.2965,44.9267,0.7098,0,,train
2025-08-01 08:00:00,BF.CW.PMP02,cooling_descaling_pump,0.7848,-0.9128,45.0661,0.6947,0,,train
2025-08-01 09:00:00,BF.CW.PMP02,cooling_descaling_pump,0.8195,-1.1582,43.711,0.6965,0,,train
2025-08-01 10:00:00,BF.CW.PMP02,cooling_descaling_pump,0.8404,-1.3224,43.3956,0.6349,0,,train
2025-08-01 11:00:00,BF.CW.PMP02,cooling_descaling_pump,0.9709,-1.6158,41.3593,0.5444,0,,train
2025-08-01 12:00:00,BF.CW.PMP02,cooling_descaling_pump,0.8724,-1.6918,41.0538,0.544,0,,train
2025-08-01 13:00:00,BF.CW.PMP02,cooling_descaling_pump,0.8662,-1.9038,41.5237,0.6011,0,,train
2025-08-01 14:00:00,BF.CW.PMP02,cooling_descaling_pump,0.8482,-1.7903,42.0579,0.6864,0,,train
2025-08-01 15:00:00,BF.CW.PMP02,cooling_descaling_pump,0.9463,-2.0188,42.01,0.7009,0,,train
2025-08-01 16:00:00,BF.CW.PMP02,cooling_descaling_pump,0.9719,-1.7595,43.5248,0.7059,0,,train
2025-08-01 17:00:00,BF.CW.PMP02,cooling_descaling_pump,1.083,-1.0293,45.0458,0.8648,0,,train
2025-08-01 18:00:00,BF.CW.PMP02,cooling_descaling_pump,1.1644,-0.4441,46.2026,0.9297,0,,train
2025-08-01 19:00:00,BF.CW.PMP02,cooling_descaling_pump,1.3101,-0.2775,47.8336,1.05,0,,train
2025-08-01 20:00:00,BF.CW.PMP02,cooling_descaling_pump,1.3791,0.1566,49.1468,1.0733,0,,train
2025-08-01 21:00:00,BF.CW.PMP02,cooling_descaling_pump,1.3226,0.6403,51.6644,1.1391,0,,train
2025-08-01 22:00:00,BF.CW.PMP02,cooling_descaling_pump,1.3363,0.7483,51.1444,1.0539,0,,train
2025-08-01 23:00:00,BF.CW.PMP02,cooling_descaling_pump,1.2405,0.6364,50.7803,1.0351,0,,train
2025-08-02 00:00:00,BF.CW.PMP02,cooling_descaling_pump,1.2086,0.5858,50.2798,0.9818,0,,train
2025-08-02 01:00:00,BF.CW.PMP02,cooling_descaling_pump,1.1248,1.2916,48.9054,0.9661,0,,train
2025-08-02 02:00:00,BF.CW.PMP02,cooling_descaling_pump,1.0683,1.4282,48.3451,0.9416,0,,train
2025-08-02 03:00:00,BF.CW.PMP02,cooling_descaling_pump,1.0289,1.1345,48.9817,0.9031,0,,train
2025-08-02 04:00:00,BF.CW.PMP02,cooling_descaling_pump,1.0206,1.3586,49.5885,0.9858,0,,train
2025-08-02 05:00:00,BF.CW.PMP02,cooling_descaling_pump,1.1802,0.6547,50.0344,0.9563,0,,train
2025-08-02 06:00:00,BF.CW.PMP02,cooling_descaling_pump,1.0582,0.0973,49.5736,0.9394,0,,train
2025-08-02 07:00:00,BF.CW.PMP02,cooling_descaling_pump,1.2603,-0.0414,51.8603,1.0336,0,,train
2025-08-02 08:00:00,BF.CW.PMP02,cooling_descaling_pump,1.1921,-0.0353,51.6387,1.0849,0,,train
2025-08-02 09:00:00,BF.CW.PMP02,cooling_descaling_pump,1.024,0.7612,50.3557,1.0976,0,,train
2025-08-02 10:00:00,BF.CW.PMP02,cooling_descaling_pump,0.9305,3.2826,49.1547,1.1536,0,,train
2025-08-02 11:00:00,BF.CW.PMP02,cooling_descaling_pump,0.998,5.4383,49.544,1.117,0,,train
2025-08-02 12:00:00,BF.CW.PMP02,cooling_descaling_pump,1.0144,6.5522,49.2791,1.1149,0,,train
2025-08-02 13:00:00,BF.CW.PMP02,cooling_descaling_pump,1.0382,6.4798,46.76,0.9345,0,,train
2025-08-02 14:00:00,BF.CW.PMP02,cooling_descaling_pump,1.1173,4.1615,46.5891,0.9208,0,,train
2025-08-02 15:00:00,BF.CW.PMP02,cooling_descaling_pump,1.0384,2.0332,47.1288,0.9805,0,,train
2025-08-02 16:00:00,BF.CW.PMP02,cooling_descaling_pump,0.8867,1.1015,46.7756,1.118,0,,train
2025-08-02 17:00:00,BF.CW.PMP02,cooling_descaling_pump,0.9026,1.2788,46.6548,1.0314,0,,train
2025-08-02 18:00:00,BF.CW.PMP02,cooling_descaling_pump,0.8923,1.0219,47.4987,1.127,0,,train
2025-08-02 19:00:00,BF.CW.PMP02,cooling_descaling_pump,0.8824,0.6913,47.6613,1.2252,0,,train
2025-08-02 20:00:00,BF.CW.PMP02,cooling_descaling_pump,0.8906,0.9843,47.9559,1.2168,0,,train
2025-08-02 21:00:00,BF.CW.PMP02,cooling_descaling_pump,1.0009,0.8594,49.6042,1.2875,0,,train
2025-08-02 22:00:00,BF.CW.PMP02,cooling_descaling_pump,0.9837,0.8599,50.0379,1.272,0,,train
2025-08-02 23:00:00,BF.CW.PMP02,cooling_descaling_pump,0.9384,1.3009,49.6693,1.2191,0,,train
2025-08-03 00:00:00,BF.CW.PMP02,cooling_descaling_pump,0.9918,1.6739,51.4096,1.2702,0,,train
2025-08-03 01:00:00,BF.CW.PMP02,cooling_descaling_pump,1.1192,1.4954,52.1898,1.2737,0,,train
2025-08-03 02:00:00,BF.CW.PMP02,cooling_descaling_pump,1.1488,1.1415,53.5104,1.2946,0,,train
2025-08-03 03:00:00,BF.CW.PMP02,cooling_descaling_pump,1.2963,0.8422,54.7746,1.2342,0,,train
2025-08-03 04:00:00,BF.CW.PMP02,cooling_descaling_pump,1.1703,0.7116,54.4509,1.1995,0,,train
2025-08-03 05:00:00,BF.CW.PMP02,cooling_descaling_pump,1.1957,0.4306,55.3791,1.1452,0,,train
2025-08-03 06:00:00,BF.CW.PMP02,cooling_descaling_pump,1.1177,0.0658,54.5069,1.092,0,,train
2025-08-03 07:00:00,BF.CW.PMP02,cooling_descaling_pump,1.0018,0.0717,53.6327,1.0682,0,,train
2025-08-03 08:00:00,BF.CW.PMP02,cooling_descaling_pump,0.9067,-0.5725,52.4574,0.9917,0,,train
2025-08-03 09:00:00,BF.CW.PMP02,cooling_descaling_pump,0.9274,-0.7492,53.5885,1.0564,0,,train
2025-08-03 10:00:00,BF.CW.PMP02,cooling_descaling_pump,1.0358,-1.0773,55.0429,1.1187,0,,train
2025-08-03 11:00:00,BF.CW.PMP02,cooling_descaling_pump,0.8874,-0.8903,52.6299,1.0107,0,,train
2025-08-03 12:00:00,BF.CW.PMP02,cooling_descaling_pump,0.7867,-1.2142,50.9922,0.904,0,BF.CW.PMP02::E05,val
2025-08-03 13:00:00,BF.CW.PMP02,cooling_descaling_pump,0.8386,-1.4458,51.1931,0.9366,0,BF.CW.PMP02::E05,val
2025-08-03 14:00:00,BF.CW.PMP02,cooling_descaling_pump,0.7666,-1.0747,51.198,0.951,0,BF.CW.PMP02::E05,val
2025-08-03 15:00:00,BF.CW.PMP02,cooling_descaling_pump,0.8159,-1.2756,50.5344,0.8358,0,BF.CW.PMP02::E05,val
2025-08-03 16:00:00,BF.CW.PMP02,cooling_descaling_pump,1.0131,-1.4208,52.7026,0.9667,0,BF.CW.PMP02::E05,val
2025-08-03 17:00:00,BF.CW.PMP02,cooling_descaling_pump,0.8062,-1.3512,,,0,BF.CW.PMP02::E05,val
2025-08-03 18:00:00,BF.CW.PMP02,cooling_descaling_pump,0.9579,-1.5943,49.2603,0.8288,0,BF.CW.PMP02::E05,val
2025-08-03 19:00:00,BF.CW.PMP02,cooling_descaling_pump,1.0355,-1.3039,49.6388,0.7444,0,BF.CW.PMP02::E05,val
2025-08-03 20:00:00,BF.CW.PMP02,cooling_descaling_pump,1.1829,-1.522,52.1489,0.8367,0,BF.CW.PMP02::E05,val
2025-08-03 21:00:00,BF.CW.PMP02,cooling_descaling_pump,1.1486,-0.9503,52.7843,0.8329,0,BF.CW.PMP02::E05,val
2025-08-03 22:00:00,BF.CW.PMP02,cooling_descaling_pump,1.2285,-1.1009,53.882,0.795,0,BF.CW.PMP02::E05,val
2025-08-03 23:00:00,BF.CW.PMP02,cooling_descaling_pump,1.1749,-1.0163,53.4974,0.7727,0,BF.CW.PMP02::E05,val
2025-08-04 00:00:00,BF.CW.PMP02,cooling_descaling_pump,1.0973,-1.4582,52.671,0.7361,0,BF.CW.PMP02::E05,val
2025-08-04 01:00:00,BF.CW.PMP02,cooling_descaling_pump,1.1546,-1.052,54.3305,0.7608,0,BF.CW.PMP02::E05,val
2025-08-04 02:00:00,BF.CW.PMP02,cooling_descaling_pump,1.0781,-0.7522,54.0457,0.938,0,BF.CW.PMP02::E05,val
2025-08-04 03:00:00,BF.CW.PMP02,cooling_descaling_pump,1.1773,-1.5592,55.4931,0.9929,0,BF.CW.PMP02::E05,val
2025-08-04 04:00:00,BF.CW.PMP02,cooling_descaling_pump,1.1683,-1.0091,53.6068,0.8012,0,BF.CW.PMP02::E05,val
2025-08-04 05:00:00,BF.CW.PMP02,cooling_descaling_pump,1.1847,-1.2815,53.7226,0.8039,0,BF.CW.PMP02::E05,val
2025-08-04 06:00:00,BF.CW.PMP02,cooling_descaling_pump,1.0426,-1.0322,53.4459,0.8494,0,BF.CW.PMP02::E05,val
2025-08-04 07:00:00,BF.CW.PMP02,cooling_descaling_pump,,-1.058,53.153,,0,BF.CW.PMP02::E05,val
2025-08-04 08:00:00,BF.CW.PMP02,cooling_descaling_pump,0.9327,-1.1416,52.771,0.9517,0,BF.CW.PMP02::E05,val
2025-08-04 09:00:00,BF.CW.PMP02,cooling_descaling_pump,0.8227,-1.2067,51.1751,0.8706,0,BF.CW.PMP02::E05,val
2025-08-04 10:00:00,BF.CW.PMP02,cooling_descaling_pump,0.8886,-0.8056,52.0047,0.9118,0,BF.CW.PMP02::E05,val
2025-08-04 11:00:00,BF.CW.PMP02,cooling_descaling_pump,0.9267,-1.0546,52.685,0.9183,0,BF.CW.PMP02::E05,val
2025-08-04 12:00:00,BF.CW.PMP02,cooling_descaling_pump,0.921,-1.2193,53.2055,0.9874,0,BF.CW.PMP02::E05,val
2025-08-04 13:00:00,BF.CW.PMP02,cooling_descaling_pump,0.9528,-1.8828,52.4994,1.008,0,BF.CW.PMP02::E05,val
2025-08-04 14:00:00,BF.CW.PMP02,cooling_descaling_pump,0.8809,-1.6586,51.3852,0.9905,0,BF.CW.PMP02::E05,val
2025-08-04 15:00:00,BF.CW.PMP02,cooling_descaling_pump,1.0393,-1.2958,52.6114,0.9117,0,BF.CW.PMP02::E05,val
2025-08-04 16:00:00,BF.CW.PMP02,cooling_descaling_pump,1.0399,-1.8134,54.2871,0.9758,0,BF.CW.PMP02::E05,val
2025-08-04 17:00:00,BF.CW.PMP02,cooling_descaling_pump,1.1511,-1.6895,54.7218,0.9587,0,BF.CW.PMP02::E05,val
2025-08-04 18:00:00,BF.CW.PMP02,cooling_descaling_pump,1.1709,-1.3499,53.8193,0.951,0,BF.CW.PMP02::E05,val
2025-08-04 19:00:00,BF.CW.PMP02,cooling_descaling_pump,1.3697,-1.6555,54.6622,0.924,0,BF.CW.PMP02::E05,val
2025-08-04 20:00:00,BF.CW.PMP02,cooling_descaling_pump,1.4946,-1.7128,56.6725,1.0204,0,BF.CW.PMP02::E05,val
2025-08-04 21:00:00,BF.CW.PMP02,cooling_descaling_pump,1.4551,-1.2107,55.6789,0.9712,0,BF.CW.PMP02::E05,val
2025-08-04 22:00:00,BF.CW.PMP02,cooling_descaling_pump,1.2574,-1.1449,53.2932,0.8037,0,BF.CW.PMP02::E05,val
2025-08-04 23:00:00,BF.CW.PMP02,cooling_descaling_pump,1.2865,-1.2844,54.454,1.0028,0,BF.CW.PMP02::E05,val
2025-08-05 00:00:00,BF.CW.PMP02,cooling_descaling_pump,1.252,-1.3796,54.2034,0.9438,0,BF.CW.PMP02::E05,val
2025-08-05 01:00:00,BF.CW.PMP02,cooling_descaling_pump,1.3471,-1.2334,54.2006,0.8274,0,BF.CW.PMP02::E05,val
2025-08-05 02:00:00,BF.CW.PMP02,cooling_descaling_pump,1.3154,-0.7937,54.9589,0.9147,0,BF.CW.PMP02::E05,val
2025-08-05 03:00:00,BF.CW.PMP02,cooling_descaling_pump,1.1425,-1.1358,52.9854,0.8319,0,BF.CW.PMP02::E05,val
2025-08-05 04:00:00,BF.CW.PMP02,cooling_descaling_pump,1.1212,-0.7064,52.2972,0.7102,0,BF.CW.PMP02::E05,val
2025-08-05 05:00:00,BF.CW.PMP02,cooling_descaling_pump,1.1867,-0.04,51.1979,0.6501,0,BF.CW.PMP02::E05,val
2025-08-05 06:00:00,BF.CW.PMP02,cooling_descaling_pump,1.1196,0.322,52.1557,0.7488,0,BF.CW.PMP02::E05,val
2025-08-05 07:00:00,BF.CW.PMP02,cooling_descaling_pump,1.1815,0.4623,53.2802,0.8474,0,BF.CW.PMP02::E05,val
2025-08-05 08:00:00,BF.CW.PMP02,cooling_descaling_pump,1.2042,0.5342,53.7161,0.8781,0,BF.CW.PMP02::E05,val
2025-08-05 09:00:00,BF.CW.PMP02,cooling_descaling_pump,1.3351,1.2352,55.3613,0.9452,0,BF.CW.PMP02::E05,val
2025-08-05 10:00:00,BF.CW.PMP02,cooling_descaling_pump,1.2398,0.9805,53.8023,0.9779,0,BF.CW.PMP02::E05,val
2025-08-05 11:00:00,BF.CW.PMP02,cooling_descaling_pump,1.1506,0.9662,52.7503,0.9333,0,BF.CW.PMP02::E05,val
2025-08-05 12:00:00,BF.CW.PMP02,cooling_descaling_pump,1.1781,0.7155,52.5597,0.9292,0,BF.CW.PMP02::E05,val
2025-08-05 13:00:00,BF.CW.PMP02,cooling_descaling_pump,1.2941,0.5854,52.3844,0.9574,0,BF.CW.PMP02::E05,val
2025-08-05 14:00:00,BF.CW.PMP02,cooling_descaling_pump,1.403,0.0696,53.1474,0.9407,0,BF.CW.PMP02::E05,val
2025-08-05 15:00:00,BF.CW.PMP02,cooling_descaling_pump,1.4723,0.6791,55.2308,0.9967,0,BF.CW.PMP02::E05,val
2025-08-05 16:00:00,BF.CW.PMP02,cooling_descaling_pump,1.4514,1.603,55.6929,1.0371,0,BF.CW.PMP02::E05,val
2025-08-05 17:00:00,BF.CW.PMP02,cooling_descaling_pump,1.3113,1.8932,54.3245,0.9409,0,BF.CW.PMP02::E05,val
2025-08-05 18:00:00,BF.CW.PMP02,cooling_descaling_pump,1.3023,1.1906,55.8481,1.0149,0,BF.CW.PMP02::E05,val
2025-08-05 19:00:00,BF.CW.PMP02,cooling_descaling_pump,1.1256,1.0996,55.8901,1.0215,0,BF.CW.PMP02::E05,val
2025-08-05 20:00:00,BF.CW.PMP02,cooling_descaling_pump,1.2447,0.7712,56.5387,0.9751,0,BF.CW.PMP02::E05,val
2025-08-05 21:00:00,BF.CW.PMP02,cooling_descaling_pump,1.2175,0.5604,55.4697,0.923,0,BF.CW.PMP02::E05,val
2025-08-05 22:00:00,BF.CW.PMP02,cooling_descaling_pump,1.1786,0.0347,55.9156,1.0173,0,BF.CW.PMP02::E05,val
2025-08-05 23:00:00,BF.CW.PMP02,cooling_descaling_pump,1.144,0.9823,54.4884,0.9281,0,BF.CW.PMP02::E05,val
2025-08-06 00:00:00,BF.CW.PMP02,cooling_descaling_pump,1.2296,1.2894,54.6212,0.8955,0,BF.CW.PMP02::E05,val
2025-08-06 01:00:00,BF.CW.PMP02,cooling_descaling_pump,1.1199,0.6327,54.1663,0.8639,0,BF.CW.PMP02::E05,val
2025-08-06 02:00:00,BF.CW.PMP02,cooling_descaling_pump,1.1274,0.9699,54.1486,0.9168,0,BF.CW.PMP02::E05,val
2025-08-06 03:00:00,BF.CW.PMP02,cooling_descaling_pump,1.0734,0.8701,54.7762,0.9033,0,BF.CW.PMP02::E05,val
2025-08-06 04:00:00,BF.CW.PMP02,cooling_descaling_pump,1.1561,0.656,55.4461,0.8924,0,BF.CW.PMP02::E05,val
2025-08-06 05:00:00,BF.CW.PMP02,cooling_descaling_pump,1.0465,0.2778,54.1243,0.8944,0,BF.CW.PMP02::E05,val
2025-08-06 06:00:00,BF.CW.PMP02,cooling_descaling_pump,1.0615,0.9911,54.1052,0.786,0,BF.CW.PMP02::E05,val
2025-08-06 07:00:00,BF.CW.PMP02,cooling_descaling_pump,1.1237,0.5058,54.202,0.7311,0,BF.CW.PMP02::E05,val
2025-08-06 08:00:00,BF.CW.PMP02,cooling_descaling_pump,1.1738,0.5575,54.0008,0.7215,0,BF.CW.PMP02::E05,val
2025-08-06 09:00:00,BF.CW.PMP02,cooling_descaling_pump,1.0635,0.2371,53.2142,0.7425,0,BF.CW.PMP02::E05,val
2025-08-06 10:00:00,BF.CW.PMP02,cooling_descaling_pump,1.175,0.6892,52.7133,0.6888,0,BF.CW.PMP02::E05,val
2025-08-06 11:00:00,BF.CW.PMP02,cooling_descaling_pump,1.3152,1.0595,52.5022,0.7414,0,BF.CW.PMP02::E05,val
2025-08-06 12:00:00,BF.CW.PMP02,cooling_descaling_pump,1.1755,1.7519,51.2255,0.7006,0,BF.CW.PMP02::E05,val
2025-08-06 13:00:00,BF.CW.PMP02,cooling_descaling_pump,1.066,1.7905,49.5212,0.732,0,BF.CW.PMP02::E05,val
2025-08-06 14:00:00,BF.CW.PMP02,cooling_descaling_pump,1.0255,1.0544,49.1128,0.8009,0,BF.CW.PMP02::E05,val
2025-08-06 15:00:00,BF.CW.PMP02,cooling_descaling_pump,1.0512,0.976,48.7864,0.8216,0,BF.CW.PMP02::E05,val
2025-08-06 16:00:00,BF.CW.PMP02,cooling_descaling_pump,1.0344,0.3459,48.7955,0.8723,0,BF.CW.PMP02::E05,val
2025-08-06 17:00:00,BF.CW.PMP02,cooling_descaling_pump,1.1319,-0.0181,48.6944,0.8262,0,BF.CW.PMP02::E05,val
2025-08-06 18:00:00,BF.CW.PMP02,cooling_descaling_pump,1.2986,-0.3592,50.527,0.9151,0,BF.CW.PMP02::E05,val
2025-08-06 19:00:00,BF.CW.PMP02,cooling_descaling_pump,1.3469,-0.7751,50.9765,0.9409,0,BF.CW.PMP02::E05,val
2025-08-06 20:00:00,BF.CW.PMP02,cooling_descaling_pump,1.3254,-0.6055,50.1476,0.8945,0,BF.CW.PMP02::E05,val
2025-08-06 21:00:00,BF.CW.PMP02,cooling_descaling_pump,1.2123,-0.9059,49.7056,0.8547,0,BF.CW.PMP02::E05,val
2025-08-06 22:00:00,BF.CW.PMP02,cooling_descaling_pump,1.253,-1.5367,49.764,0.869,0,BF.CW.PMP02::E05,val
2025-08-06 23:00:00,BF.CW.PMP02,cooling_descaling_pump,1.2653,-1.0212,51.4427,0.9003,0,BF.CW.PMP02::E05,val
2025-08-07 00:00:00,BF.CW.PMP02,cooling_descaling_pump,1.2163,-0.6228,50.6555,0.8136,0,BF.CW.PMP02::E05,val
2025-08-07 01:00:00,BF.CW.PMP02,cooling_descaling_pump,1.121,-0.0502,50.5884,0.7972,0,BF.CW.PMP02::E05,val
2025-08-07 02:00:00,BF.CW.PMP02,cooling_descaling_pump,1.1921,-0.3313,51.3349,0.7297,0,BF.CW.PMP02::E05,val
2025-08-07 03:00:00,BF.CW.PMP02,cooling_descaling_pump,1.0548,-0.1746,50.8462,0.7754,0,BF.CW.PMP02::E05,val
2025-08-07 04:00:00,BF.CW.PMP02,cooling_descaling_pump,0.9906,-0.208,51.5283,0.8041,0,BF.CW.PMP02::E05,val
2025-08-07 05:00:00,BF.CW.PMP02,cooling_descaling_pump,0.9809,0.4637,50.4824,0.6545,0,BF.CW.PMP02::E05,val
2025-08-07 06:00:00,BF.CW.PMP02,cooling_descaling_pump,0.9767,0.2139,50.6287,0.6586,0,BF.CW.PMP02::E05,val
2025-08-07 07:00:00,BF.CW.PMP02,cooling_descaling_pump,1.1507,1.0683,52.004,0.6855,0,BF.CW.PMP02::E05,val
2025-08-07 08:00:00,BF.CW.PMP02,cooling_descaling_pump,1.2165,1.5735,52.138,0.6393,0,BF.CW.PMP02::E05,val
2025-08-07 09:00:00,BF.CW.PMP02,cooling_descaling_pump,1.0959,1.1679,52.9783,0.7993,0,BF.CW.PMP02::E05,val
2025-08-07 10:00:00,BF.CW.PMP02,cooling_descaling_pump,1.0318,0.8078,52.1262,0.6616,0,BF.CW.PMP02::E05,val
2025-08-07 11:00:00,BF.CW.PMP02,cooling_descaling_pump,1.2175,0.6177,53.1136,0.6328,0,BF.CW.PMP02::E05,val
2025-08-07 12:00:00,BF.CW.PMP02,cooling_descaling_pump,1.0674,0.4427,52.5224,0.6617,0,BF.CW.PMP02::E05,val
2025-08-07 13:00:00,BF.CW.PMP02,cooling_descaling_pump,1.2663,0.7096,52.8899,0.6544,0,BF.CW.PMP02::E05,val
2025-08-07 14:00:00,BF.CW.PMP02,cooling_descaling_pump,1.1486,0.1186,52.0649,0.7202,0,BF.CW.PMP02::E05,val
2025-08-07 15:00:00,BF.CW.PMP02,cooling_descaling_pump,1.2008,0.2074,52.6217,0.7967,0,BF.CW.PMP02::E05,val
2025-08-07 16:00:00,BF.CW.PMP02,cooling_descaling_pump,1.309,-0.3853,52.8659,0.8476,0,BF.CW.PMP02::E05,val
2025-08-07 17:00:00,BF.CW.PMP02,cooling_descaling_pump,1.4418,-0.8929,54.7645,0.9881,0,BF.CW.PMP02::E05,val
2025-08-07 18:00:00,BF.CW.PMP02,cooling_descaling_pump,1.4164,-0.9969,56.4931,1.1363,0,BF.CW.PMP02::E05,val
2025-08-07 19:00:00,BF.CW.PMP02,cooling_descaling_pump,1.3204,-0.3637,55.835,1.2052,0,BF.CW.PMP02::E05,val
2025-08-07 20:00:00,BF.CW.PMP02,cooling_descaling_pump,1.436,-0.4198,57.6357,1.1703,0,BF.CW.PMP02::E05,val
2025-08-07 21:00:00,BF.CW.PMP02,cooling_descaling_pump,1.3202,-0.3655,57.8387,1.1831,0,BF.CW.PMP02::E05,val
2025-08-07 22:00:00,BF.CW.PMP02,cooling_descaling_pump,1.3592,0.3186,58.3806,1.1262,0,BF.CW.PMP02::E05,val
2025-08-07 23:00:00,BF.CW.PMP02,cooling_descaling_pump,1.2837,0.5074,59.5564,1.1485,0,BF.CW.PMP02::E05,val
2025-08-08 00:00:00,BF.CW.PMP02,cooling_descaling_pump,1.4593,0.5785,61.8574,1.1876,0,BF.CW.PMP02::E05,val
2025-08-08 01:00:00,BF.CW.PMP02,cooling_descaling_pump,1.4964,0.8564,60.675,1.029,0,BF.CW.PMP02::E05,val
2025-08-08 02:00:00,BF.CW.PMP02,cooling_descaling_pump,1.4322,0.6272,60.245,0.9557,0,BF.CW.PMP02::E05,val
2025-08-08 03:00:00,BF.CW.PMP02,cooling_descaling_pump,1.3635,1.2741,60.8225,0.9653,0,BF.CW.PMP02::E05,val
2025-08-08 04:00:00,BF.CW.PMP02,cooling_descaling_pump,1.2851,1.6557,60.317,0.9563,0,BF.CW.PMP02::E05,val
2025-08-08 05:00:00,BF.CW.PMP02,cooling_descaling_pump,1.3762,1.0702,61.4617,0.9582,0,BF.CW.PMP02::E05,val
2025-08-08 06:00:00,BF.CW.PMP02,cooling_descaling_pump,1.3052,0.3021,62.024,1.0189,0,BF.CW.PMP02::E05,val
2025-08-08 07:00:00,BF.CW.PMP02,cooling_descaling_pump,1.2714,-0.5549,60.7363,0.9403,0,BF.CW.PMP02::E05,val
2025-08-08 08:00:00,BF.CW.PMP02,cooling_descaling_pump,1.2335,-0.8408,59.6964,0.8831,0,BF.CW.PMP02::E05,val
2025-08-08 09:00:00,BF.CW.PMP02,cooling_descaling_pump,1.3769,-0.1944,60.7892,0.9667,0,BF.CW.PMP02::E05,val
2025-08-08 10:00:00,BF.CW.PMP02,cooling_descaling_pump,1.3397,-0.4079,60.9857,0.9682,0,BF.CW.PMP02::E05,val
2025-08-08 11:00:00,BF.CW.PMP02,cooling_descaling_pump,1.2135,-0.4555,60.2343,1.0635,0,BF.CW.PMP02::E05,val
2025-08-08 12:00:00,BF.CW.PMP02,cooling_descaling_pump,1.3702,-0.1642,58.4486,0.9998,0,BF.CW.PMP02::E05,val
2025-08-08 13:00:00,BF.CW.PMP02,cooling_descaling_pump,1.4978,-0.2093,59.6736,1.0241,0,BF.CW.PMP02::E05,val
2025-08-08 14:00:00,BF.CW.PMP02,cooling_descaling_pump,1.6245,-0.3468,60.5604,0.991,0,BF.CW.PMP02::E05,val
2025-08-08 15:00:00,BF.CW.PMP02,cooling_descaling_pump,1.7412,-0.2987,60.8901,0.9981,0,BF.CW.PMP02::E05,val
2025-08-08 16:00:00,BF.CW.PMP02,cooling_descaling_pump,1.771,-0.7388,59.9349,0.9108,0,BF.CW.PMP02::E05,val
2025-08-08 17:00:00,BF.CW.PMP02,cooling_descaling_pump,1.7731,-0.908,60.3784,0.9315,0,BF.CW.PMP02::E05,val
2025-08-08 18:00:00,BF.CW.PMP02,cooling_descaling_pump,1.791,-1.2513,60.141,0.9385,0,BF.CW.PMP02::E05,val
2025-08-08 19:00:00,BF.CW.PMP02,cooling_descaling_pump,1.7111,-1.1572,59.1685,0.9924,0,BF.CW.PMP02::E05,val
2025-08-08 20:00:00,BF.CW.PMP02,cooling_descaling_pump,1.7007,-1.5492,58.9993,0.9109,0,BF.CW.PMP02::E05,val
2025-08-08 21:00:00,BF.CW.PMP02,cooling_descaling_pump,1.5003,-1.9532,58.036,0.9345,0,BF.CW.PMP02::E05,val
2025-08-08 22:00:00,BF.CW.PMP02,cooling_descaling_pump,1.5604,-1.6305,58.5524,0.832,0,BF.CW.PMP02::E05,val
2025-08-08 23:00:00,BF.CW.PMP02,cooling_descaling_pump,1.612,-1.8438,58.3195,0.7599,0,BF.CW.PMP02::E05,val
2025-08-09 00:00:00,BF.CW.PMP02,cooling_descaling_pump,1.4807,-1.9982,58.1367,0.752,0,BF.CW.PMP02::E05,val
2025-08-09 01:00:00,BF.CW.PMP02,cooling_descaling_pump,1.3894,-2.3093,58.0352,0.8006,0,BF.CW.PMP02::E05,val
2025-08-09 02:00:00,BF.CW.PMP02,cooling_descaling_pump,1.3471,-2.0874,56.5078,0.7106,0,BF.CW.PMP02::E05,val
2025-08-09 03:00:00,BF.CW.PMP02,cooling_descaling_pump,1.3524,-2.1209,57.1952,0.78,0,BF.CW.PMP02::E05,val
2025-08-09 04:00:00,BF.CW.PMP02,cooling_descaling_pump,1.3312,-1.8648,57.8019,0.7633,0,BF.CW.PMP02::E05,val
2025-08-09 05:00:00,BF.CW.PMP02,cooling_descaling_pump,1.143,-1.5774,56.7624,0.7605,0,BF.CW.PMP02::E05,val
2025-08-09 06:00:00,BF.CW.PMP02,cooling_descaling_pump,1.2388,-0.9687,58.0418,0.8027,0,BF.CW.PMP02::E05,val
2025-08-09 07:00:00,BF.CW.PMP02,cooling_descaling_pump,1.2844,-1.6193,58.3112,0.7789,0,BF.CW.PMP02::E05,val
2025-08-09 08:00:00,BF.CW.PMP02,cooling_descaling_pump,1.4321,-1.0075,57.0732,0.8171,0,BF.CW.PMP02::E05,val
2025-08-09 09:00:00,BF.CW.PMP02,cooling_descaling_pump,1.4078,-1.1708,55.3139,0.8494,0,BF.CW.PMP02::E05,val
2025-08-09 10:00:00,BF.CW.PMP02,cooling_descaling_pump,1.3954,-0.8566,55.3669,0.8644,0,BF.CW.PMP02::E05,val
2025-08-09 11:00:00,BF.CW.PMP02,cooling_descaling_pump,1.5576,-1.1827,55.0306,0.89,0,BF.CW.PMP02::E05,val
2025-08-09 12:00:00,BF.CW.PMP02,cooling_descaling_pump,1.6317,-1.1649,54.9621,0.8174,0,BF.CW.PMP02::E05,val
2025-08-09 13:00:00,BF.CW.PMP02,cooling_descaling_pump,1.5479,-0.8839,54.9248,0.8165,0,BF.CW.PMP02::E05,val
2025-08-09 14:00:00,BF.CW.PMP02,cooling_descaling_pump,1.407,-0.6161,53.243,0.7579,0,BF.CW.PMP02::E05,val
2025-08-09 15:00:00,BF.CW.PMP02,cooling_descaling_pump,1.2616,-0.2516,51.5396,0.6668,0,BF.CW.PMP02::E05,val
2025-08-09 16:00:00,BF.CW.PMP02,cooling_descaling_pump,1.1807,-0.2738,50.7339,0.6518,0,BF.CW.PMP02::E05,val
2025-08-09 17:00:00,BF.CW.PMP02,cooling_descaling_pump,1.1728,-0.1416,51.8112,0.6543,0,BF.CW.PMP02::E05,val
2025-08-09 18:00:00,BF.CW.PMP02,cooling_descaling_pump,1.0711,-0.1043,52.4778,0.7094,0,BF.CW.PMP02::E05,val
2025-08-09 19:00:00,BF.CW.PMP02,cooling_descaling_pump,1.1595,0.2699,51.7121,0.6578,0,BF.CW.PMP02::E05,val
2025-08-09 20:00:00,BF.CW.PMP02,cooling_descaling_pump,1.291,-0.2064,53.8867,0.7565,0,BF.CW.PMP02::E05,val
2025-08-09 21:00:00,BF.CW.PMP02,cooling_descaling_pump,1.2865,-0.1724,52.4216,0.7901,0,BF.CW.PMP02::E05,val
2025-08-09 22:00:00,BF.CW.PMP02,cooling_descaling_pump,1.3817,0.2566,51.7691,0.6874,0,BF.CW.PMP02::E05,val
2025-08-09 23:00:00,BF.CW.PMP02,cooling_descaling_pump,1.4299,-0.4494,52.9408,0.7185,0,BF.CW.PMP02::E05,val
2025-08-10 00:00:00,BF.CW.PMP02,cooling_descaling_pump,1.4842,-0.706,53.4504,0.8103,0,BF.CW.PMP02::E05,val
2025-08-10 01:00:00,BF.CW.PMP02,cooling_descaling_pump,1.4999,-0.0329,53.0039,0.7563,0,BF.CW.PMP02::E05,val
2025-08-10 02:00:00,BF.CW.PMP02,cooling_descaling_pump,1.3971,0.6741,54.3009,0.9413,0,BF.CW.PMP02::E05,val
2025-08-10 03:00:00,BF.CW.PMP02,cooling_descaling_pump,1.4396,0.2109,54.9289,0.9176,0,BF.CW.PMP02::E05,val
2025-08-10 04:00:00,BF.CW.PMP02,cooling_descaling_pump,1.4824,0.2076,55.1433,0.8733,0,BF.CW.PMP02::E05,val
2025-08-10 05:00:00,BF.CW.PMP02,cooling_descaling_pump,1.5671,-0.363,56.4226,0.9245,0,BF.CW.PMP02::E05,val
2025-08-10 06:00:00,BF.CW.PMP02,cooling_descaling_pump,1.6002,0.1099,57.0113,0.9275,0,BF.CW.PMP02::E05,val
2025-08-10 07:00:00,BF.CW.PMP02,cooling_descaling_pump,1.5697,-0.0337,57.4135,0.9499,0,BF.CW.PMP02::E05,val
2025-08-10 08:00:00,BF.CW.PMP02,cooling_descaling_pump,1.6002,0.011,58.2856,1.0136,0,BF.CW.PMP02::E05,val
2025-08-10 09:00:00,BF.CW.PMP02,cooling_descaling_pump,1.6116,0.1232,59.6698,1.0916,0,BF.CW.PMP02::E05,val
2025-08-10 10:00:00,BF.CW.PMP02,cooling_descaling_pump,1.3372,0.0166,56.9746,0.9451,0,BF.CW.PMP02::E05,val
2025-08-10 11:00:00,BF.CW.PMP02,cooling_descaling_pump,1.3584,0.4865,57.081,0.9552,0,BF.CW.PMP02::E05,val
2025-08-10 12:00:00,BF.CW.PMP02,cooling_descaling_pump,1.2668,0.0395,57.4948,0.954,0,BF.CW.PMP02::E05,val
2025-08-10 13:00:00,BF.CW.PMP02,cooling_descaling_pump,1.4247,-0.1871,58.7831,1.089,0,BF.CW.PMP02::E05,val
2025-08-10 14:00:00,BF.CW.PMP02,cooling_descaling_pump,1.4402,-0.2259,58.615,1.0306,0,BF.CW.PMP02::E05,val
2025-08-10 15:00:00,BF.CW.PMP02,cooling_descaling_pump,1.6581,-0.5178,59.6587,1.0423,0,BF.CW.PMP02::E05,val
2025-08-10 16:00:00,BF.CW.PMP02,cooling_descaling_pump,1.6645,0.0615,59.982,1.1228,0,BF.CW.PMP02::E05,val
2025-08-10 17:00:00,BF.CW.PMP02,cooling_descaling_pump,1.6977,-0.0962,59.9025,1.1461,0,BF.CW.PMP02::E05,val
2025-08-10 18:00:00,BF.CW.PMP02,cooling_descaling_pump,1.7019,-0.218,60.982,1.2202,0,BF.CW.PMP02::E05,val
2025-08-10 19:00:00,BF.CW.PMP02,cooling_descaling_pump,1.6526,0.0447,62.2089,1.3237,0,BF.CW.PMP02::E05,val
2025-08-10 20:00:00,BF.CW.PMP02,cooling_descaling_pump,1.5224,-0.6378,61.2222,1.2301,0,BF.CW.PMP02::E05,val
2025-08-10 21:00:00,BF.CW.PMP02,cooling_descaling_pump,1.3957,-0.2554,60.4775,1.1295,0,BF.CW.PMP02::E05,val
2025-08-10 22:00:00,BF.CW.PMP02,cooling_descaling_pump,1.3667,-0.3385,62.1303,1.1912,0,BF.CW.PMP02::E05,val
2025-08-10 23:00:00,BF.CW.PMP02,cooling_descaling_pump,1.5607,-0.5453,64.8189,1.2538,0,BF.CW.PMP02::E05,val
2025-08-11 00:00:00,BF.CW.PMP02,cooling_descaling_pump,1.6167,-0.4237,66.0723,1.2442,0,BF.CW.PMP02::E05,val
2025-08-11 01:00:00,BF.CW.PMP02,cooling_descaling_pump,1.7185,-0.3561,67.0767,1.275,0,BF.CW.PMP02::E05,val
2025-08-11 02:00:00,BF.CW.PMP02,cooling_descaling_pump,1.7766,-0.3713,67.6564,1.2439,0,BF.CW.PMP02::E05,val
2025-08-11 03:00:00,BF.CW.PMP02,cooling_descaling_pump,1.5796,-0.0079,66.6154,1.1661,0,BF.CW.PMP02::E05,val
2025-08-11 04:00:00,BF.CW.PMP02,cooling_descaling_pump,1.6414,0.0366,67.0926,1.185,0,BF.CW.PMP02::E05,val
2025-08-11 05:00:00,BF.CW.PMP02,cooling_descaling_pump,1.7016,0.54,69.259,1.2873,0,BF.CW.PMP02::E05,val
2025-08-11 06:00:00,BF.CW.PMP02,cooling_descaling_pump,1.7045,0.7194,70.8712,1.3419,0,BF.CW.PMP02::E05,val
2025-08-11 07:00:00,BF.CW.PMP02,cooling_descaling_pump,1.5878,0.5086,71.3292,1.4644,0,BF.CW.PMP02::E05,val
2025-08-11 08:00:00,BF.CW.PMP02,cooling_descaling_pump,1.6085,0.6164,71.4723,1.4046,0,BF.CW.PMP02::E05,val
2025-08-11 09:00:00,BF.CW.PMP02,cooling_descaling_pump,1.7453,0.9808,72.3476,1.4041,0,BF.CW.PMP02::E05,val
2025-08-11 10:00:00,BF.CW.PMP02,cooling_descaling_pump,1.7416,1.3225,71.7344,1.3054,0,BF.CW.PMP02::E05,val
2025-08-11 11:00:00,BF.CW.PMP02,cooling_descaling_pump,1.7744,1.3531,71.5848,1.2864,0,BF.CW.PMP02::E05,val
2025-08-11 12:00:00,BF.CW.PMP02,cooling_descaling_pump,1.6301,0.941,70.5516,1.1951,0,BF.CW.PMP02::E05,val
2025-08-11 13:00:00,BF.CW.PMP02,cooling_descaling_pump,1.636,0.938,69.7943,1.0727,0,BF.CW.PMP02::E05,val
2025-08-11 14:00:00,BF.CW.PMP02,cooling_descaling_pump,1.6114,0.7421,68.3698,1.0469,0,BF.CW.PMP02::E05,val
2025-08-11 15:00:00,BF.CW.PMP02,cooling_descaling_pump,1.5955,1.1389,68.8357,1.0418,0,BF.CW.PMP02::E05,val
2025-08-11 16:00:00,BF.CW.PMP02,cooling_descaling_pump,1.5016,1.2414,70.3915,1.211,0,BF.CW.PMP02::E05,val
2025-08-11 17:00:00,BF.CW.PMP02,cooling_descaling_pump,1.503,0.548,69.2446,1.1224,0,BF.CW.PMP02::E05,val
2025-08-11 18:00:00,BF.CW.PMP02,cooling_descaling_pump,1.4685,1.0724,68.6435,1.0944,0,BF.CW.PMP02::E05,val
2025-08-11 19:00:00,BF.CW.PMP02,cooling_descaling_pump,1.442,1.0767,67.6676,1.0348,0,BF.CW.PMP02::E05,val
2025-08-11 20:00:00,BF.CW.PMP02,cooling_descaling_pump,1.5043,1.6096,68.8522,1.1113,0,BF.CW.PMP02::E05,val
2025-08-11 21:00:00,BF.CW.PMP02,cooling_descaling_pump,1.5359,1.4736,68.3217,1.0452,0,BF.CW.PMP02::E05,val
2025-08-11 22:00:00,BF.CW.PMP02,cooling_descaling_pump,1.5031,1.8524,67.2045,0.9583,0,BF.CW.PMP02::E05,val
2025-08-11 23:00:00,BF.CW.PMP02,cooling_descaling_pump,1.661,1.7934,68.5591,0.856,0,BF.CW.PMP02::E05,val
2025-08-12 00:00:00,BF.CW.PMP02,cooling_descaling_pump,1.6533,1.4964,69.5869,0.8798,0,BF.CW.PMP02::E05,val
2025-08-12 01:00:00,BF.CW.PMP02,cooling_descaling_pump,1.6415,1.1123,69.0676,0.7781,0,BF.CW.PMP02::E05,val
2025-08-12 02:00:00,BF.CW.PMP02,cooling_descaling_pump,1.6069,0.4917,69.5843,0.8808,0,BF.CW.PMP02::E05,val
2025-08-12 03:00:00,BF.CW.PMP02,cooling_descaling_pump,1.5729,0.4034,69.4269,0.9496,0,BF.CW.PMP02::E05,val
2025-08-12 04:00:00,BF.CW.PMP02,cooling_descaling_pump,1.5685,0.5515,68.8162,1.0087,0,BF.CW.PMP02::E05,val
2025-08-12 05:00:00,BF.CW.PMP02,cooling_descaling_pump,1.559,1.6407,68.7333,0.9668,0,BF.CW.PMP02::E05,val
2025-08-12 06:00:00,BF.CW.PMP02,cooling_descaling_pump,1.5737,1.7169,67.8764,0.9283,0,BF.CW.PMP02::E05,val
2025-08-12 07:00:00,BF.CW.PMP02,cooling_descaling_pump,1.3293,1.7367,64.0328,0.8919,0,BF.CW.PMP02::E05,val
2025-08-12 08:00:00,BF.CW.PMP02,cooling_descaling_pump,1.32,1.4173,62.4423,0.8474,0,BF.CW.PMP02::E05,val
2025-08-12 09:00:00,BF.CW.PMP02,cooling_descaling_pump,1.4038,0.9999,62.1045,0.8076,0,BF.CW.PMP02::E05,val
2025-08-12 10:00:00,BF.CW.PMP02,cooling_descaling_pump,1.3423,0.3368,61.6395,0.9776,0,BF.CW.PMP02::E05,val
2025-08-12 11:00:00,BF.CW.PMP02,cooling_descaling_pump,1.4511,0.3053,61.3452,0.9855,0,BF.CW.PMP02::E05,val
2025-08-12 12:00:00,BF.CW.PMP02,cooling_descaling_pump,1.4916,0.4099,61.4454,0.9983,0,BF.CW.PMP02::E05,val
2025-08-12 13:00:00,BF.CW.PMP02,cooling_descaling_pump,1.4048,0.4591,60.3029,1.0583,0,BF.CW.PMP02::E05,val
2025-08-12 14:00:00,BF.CW.PMP02,cooling_descaling_pump,1.4385,-0.1868,60.4244,1.0662,0,BF.CW.PMP02::E05,val
2025-08-12 15:00:00,BF.CW.PMP02,cooling_descaling_pump,1.3322,-0.4895,58.8431,1.0399,0,BF.CW.PMP02::E05,val
2025-08-12 16:00:00,BF.CW.PMP02,cooling_descaling_pump,1.3781,-0.3322,59.2113,1.1367,0,BF.CW.PMP02::E05,val
2025-08-12 17:00:00,BF.CW.PMP02,cooling_descaling_pump,1.38,0.0249,59.1607,1.1195,0,BF.CW.PMP02::E05,val
2025-08-12 18:00:00,BF.CW.PMP02,cooling_descaling_pump,1.4367,-0.6062,60.2369,1.1566,0,BF.CW.PMP02::E05,val
2025-08-12 19:00:00,BF.CW.PMP02,cooling_descaling_pump,1.4933,-0.4021,59.6892,1.0588,0,BF.CW.PMP02::E05,val
2025-08-12 20:00:00,BF.CW.PMP02,cooling_descaling_pump,1.4131,0.032,59.4918,1.0477,0,BF.CW.PMP02::E05,val
2025-08-12 21:00:00,BF.CW.PMP02,cooling_descaling_pump,1.4707,-0.2785,61.135,1.1555,0,BF.CW.PMP02::E05,val
2025-08-12 22:00:00,BF.CW.PMP02,cooling_descaling_pump,1.3702,-0.4257,61.6179,1.2063,0,BF.CW.PMP02::E05,val
2025-08-12 23:00:00,BF.CW.PMP02,cooling_descaling_pump,1.3193,0.0076,61.4973,1.1938,0,BF.CW.PMP02::E05,val
2025-08-13 00:00:00,BF.CW.PMP02,cooling_descaling_pump,1.4153,-0.0893,62.8607,1.2932,0,BF.CW.PMP02::E05,val
2025-08-13 01:00:00,BF.CW.PMP02,cooling_descaling_pump,1.4052,0.0785,64.1698,1.3339,0,BF.CW.PMP02::E05,val
2025-08-13 02:00:00,BF.CW.PMP02,cooling_descaling_pump,1.4287,-0.2471,64.892,1.256,0,BF.CW.PMP02::E05,val
2025-08-13 03:00:00,BF.CW.PMP02,cooling_descaling_pump,1.2392,-0.4588,63.6175,1.2234,0,BF.CW.PMP02::E05,val
2025-08-13 04:00:00,BF.CW.PMP02,cooling_descaling_pump,1.1853,-0.375,62.7346,1.2072,0,BF.CW.PMP02::E05,val
2025-08-13 05:00:00,BF.CW.PMP02,cooling_descaling_pump,1.1897,-0.8889,62.7376,1.1798,0,BF.CW.PMP02::E05,val
2025-08-13 06:00:00,BF.CW.PMP02,cooling_descaling_pump,1.3438,-1.1551,63.8359,1.2224,0,BF.CW.PMP02::E05,val
2025-08-13 07:00:00,BF.CW.PMP02,cooling_descaling_pump,1.3392,-0.7696,62.9956,1.2086,0,BF.CW.PMP02::E05,val
2025-08-13 08:00:00,BF.CW.PMP02,cooling_descaling_pump,1.4746,-0.3966,64.0523,1.2119,0,BF.CW.PMP02::E05,val
2025-08-13 09:00:00,BF.CW.PMP02,cooling_descaling_pump,1.3261,-0.1398,63.234,1.2459,0,BF.CW.PMP02::E05,val
2025-08-13 10:00:00,BF.CW.PMP02,cooling_descaling_pump,1.4331,-0.2522,63.2719,1.2257,0,BF.CW.PMP02::E05,val
2025-08-13 11:00:00,BF.CW.PMP02,cooling_descaling_pump,1.4127,0.1448,62.8125,1.2031,0,BF.CW.PMP02::E05,val
2025-08-13 12:00:00,BF.CW.PMP02,cooling_descaling_pump,1.5188,-0.0304,63.715,1.2109,0,BF.CW.PMP02::E05,val
2025-08-13 13:00:00,BF.CW.PMP02,cooling_descaling_pump,1.3509,0.0959,62.5196,1.2259,0,BF.CW.PMP02::E05,val
2025-08-13 14:00:00,BF.CW.PMP02,cooling_descaling_pump,1.3811,0.4355,62.5222,1.2982,0,BF.CW.PMP02::E05,val
2025-08-13 15:00:00,BF.CW.PMP02,cooling_descaling_pump,1.527,0.567,62.3843,1.1985,0,BF.CW.PMP02::E05,val
2025-08-13 16:00:00,BF.CW.PMP02,cooling_descaling_pump,1.4666,0.617,61.2327,1.1631,0,BF.CW.PMP02::E05,val
2025-08-13 17:00:00,BF.CW.PMP02,cooling_descaling_pump,1.4539,0.1816,60.7298,1.1078,0,BF.CW.PMP02::E05,val
2025-08-13 18:00:00,BF.CW.PMP02,cooling_descaling_pump,1.3388,0.7873,61.2326,1.0919,0,BF.CW.PMP02::E05,val
2025-08-13 19:00:00,BF.CW.PMP02,cooling_descaling_pump,1.3697,1.0063,60.8114,1.0012,0,BF.CW.PMP02::E05,val
2025-08-13 20:00:00,BF.CW.PMP02,cooling_descaling_pump,1.5768,0.5621,62.7979,1.0366,0,BF.CW.PMP02::E05,val
2025-08-13 21:00:00,BF.CW.PMP02,cooling_descaling_pump,1.5465,0.4289,62.8916,1.0639,0,BF.CW.PMP02::E05,val
2025-08-13 22:00:00,BF.CW.PMP02,cooling_descaling_pump,1.5754,0.084,63.1775,1.03,0,BF.CW.PMP02::E05,val
2025-08-13 23:00:00,BF.CW.PMP02,cooling_descaling_pump,1.5655,-0.2576,63.2136,1.0729,0,BF.CW.PMP02::E05,val
2025-08-14 00:00:00,BF.CW.PMP02,cooling_descaling_pump,1.6504,-0.0679,64.5095,1.08,0,BF.CW.PMP02::E05,val
2025-08-14 01:00:00,BF.CW.PMP02,cooling_descaling_pump,1.49,-0.1832,64.0697,1.0928,0,BF.CW.PMP02::E05,val
2025-08-14 02:00:00,BF.CW.PMP02,cooling_descaling_pump,1.6238,0.2837,65.0827,1.1134,0,BF.CW.PMP02::E05,val
2025-08-14 03:00:00,BF.CW.PMP02,cooling_descaling_pump,1.5557,-0.1471,64.3111,1.1357,0,BF.CW.PMP02::E05,val
2025-08-14 04:00:00,BF.CW.PMP02,cooling_descaling_pump,1.5159,-0.1501,63.6545,1.034,0,BF.CW.PMP02::E05,val
2025-08-14 05:00:00,BF.CW.PMP02,cooling_descaling_pump,1.614,-0.4584,64.3137,1.034,0,BF.CW.PMP02::E05,val
2025-08-14 06:00:00,BF.CW.PMP02,cooling_descaling_pump,1.6006,-0.3299,64.102,0.9679,0,BF.CW.PMP02::E05,val
2025-08-14 07:00:00,BF.CW.PMP02,cooling_descaling_pump,1.6686,-0.2943,63.8817,0.9911,0,BF.CW.PMP02::E05,val
2025-08-14 08:00:00,BF.CW.PMP02,cooling_descaling_pump,1.7435,-0.1301,63.8111,1.0071,0,BF.CW.PMP02::E05,val
2025-08-14 09:00:00,BF.CW.PMP02,cooling_descaling_pump,1.6768,-0.3483,64.1729,0.9886,0,BF.CW.PMP02::E05,val
2025-08-14 10:00:00,BF.CW.PMP02,cooling_descaling_pump,1.7331,-0.2182,62.9464,0.8954,0,BF.CW.PMP02::E05,val
2025-08-14 11:00:00,BF.CW.PMP02,cooling_descaling_pump,1.6729,-0.7012,62.4984,0.9096,0,BF.CW.PMP02::E05,val
2025-08-14 12:00:00,BF.CW.PMP02,cooling_descaling_pump,1.6262,-0.3907,62.5598,0.9383,0,BF.CW.PMP02::E05,val
2025-08-14 13:00:00,BF.CW.PMP02,cooling_descaling_pump,1.6359,-0.2728,62.0392,0.9584,0,BF.CW.PMP02::E05,val
2025-08-14 14:00:00,BF.CW.PMP02,cooling_descaling_pump,1.7632,-0.1429,62.0864,1.0254,0,BF.CW.PMP02::E05,val
2025-08-14 15:00:00,BF.CW.PMP02,cooling_descaling_pump,1.783,-0.2523,62.3987,1.0051,0,BF.CW.PMP02::E05,val
2025-08-14 16:00:00,BF.CW.PMP02,cooling_descaling_pump,1.8504,-0.2123,62.7396,0.9885,0,BF.CW.PMP02::E05,val
2025-08-14 17:00:00,BF.CW.PMP02,cooling_descaling_pump,1.8746,-0.2206,63.9068,0.9863,0,BF.CW.PMP02::E05,val
2025-08-14 18:00:00,BF.CW.PMP02,cooling_descaling_pump,1.7512,-0.3413,63.9546,1.1677,0,BF.CW.PMP02::E05,val
2025-08-14 19:00:00,BF.CW.PMP02,cooling_descaling_pump,1.6725,-0.3881,64.5142,1.1843,0,BF.CW.PMP02::E05,val
2025-08-14 20:00:00,BF.CW.PMP02,cooling_descaling_pump,1.7201,-0.035,65.0742,1.1602,0,BF.CW.PMP02::E05,val
2025-08-14 21:00:00,BF.CW.PMP02,cooling_descaling_pump,1.7475,-0.2616,65.3759,1.1679,0,BF.CW.PMP02::E05,val
2025-08-14 22:00:00,BF.CW.PMP02,cooling_descaling_pump,1.6865,0.1924,65.032,1.1928,0,BF.CW.PMP02::E05,val
2025-08-14 23:00:00,BF.CW.PMP02,cooling_descaling_pump,1.5362,0.4381,66.9759,1.3109,0,BF.CW.PMP02::E05,val
2025-08-15 00:00:00,BF.CW.PMP02,cooling_descaling_pump,1.5956,0.6945,66.6577,1.1751,0,BF.CW.PMP02::E05,val
2025-08-15 01:00:00,BF.CW.PMP02,cooling_descaling_pump,1.678,1.5352,66.5772,1.1196,0,BF.CW.PMP02::E05,val
2025-08-15 02:00:00,BF.CW.PMP02,cooling_descaling_pump,1.6593,1.0609,67.4874,1.0992,0,BF.CW.PMP02::E05,val
2025-08-15 03:00:00,BF.CW.PMP02,cooling_descaling_pump,1.7668,1.6874,70.2307,1.2224,0,BF.CW.PMP02::E05,val
2025-08-15 04:00:00,BF.CW.PMP02,cooling_descaling_pump,1.6751,1.2935,68.6758,1.1729,0,BF.CW.PMP02::E05,val
2025-08-15 05:00:00,BF.CW.PMP02,cooling_descaling_pump,1.6992,1.1772,67.6075,1.1885,0,BF.CW.PMP02::E05,val
2025-08-15 06:00:00,BF.CW.PMP02,cooling_descaling_pump,1.5957,1.0107,67.2129,1.1586,0,BF.CW.PMP02::E05,val
2025-08-15 07:00:00,BF.CW.PMP02,cooling_descaling_pump,1.4804,0.6274,67.8713,1.3009,0,BF.CW.PMP02::E05,val
2025-08-15 08:00:00,BF.CW.PMP02,cooling_descaling_pump,1.3923,0.0921,66.9021,1.2188,0,BF.CW.PMP02::E05,val
2025-08-15 09:00:00,BF.CW.PMP02,cooling_descaling_pump,1.4616,-0.2708,66.0072,1.0989,0,BF.CW.PMP02::E05,val
2025-08-15 10:00:00,BF.CW.PMP02,cooling_descaling_pump,1.5343,0.1659,66.0055,1.2839,0,BF.CW.PMP02::E05,val
2025-08-15 11:00:00,BF.CW.PMP02,cooling_descaling_pump,1.5599,-0.4337,64.3286,1.6084,0,BF.CW.PMP02::E05,val
2025-08-15 12:00:00,BF.CW.PMP02,cooling_descaling_pump,1.6071,-0.5154,64.6067,2.138,0,BF.CW.PMP02::E05,val
2025-08-15 13:00:00,BF.CW.PMP02,cooling_descaling_pump,1.5212,-0.4639,62.7998,2.4744,0,BF.CW.PMP02::E05,val
2025-08-15 14:00:00,BF.CW.PMP02,cooling_descaling_pump,1.6217,-0.2867,63.1018,2.4745,0,BF.CW.PMP02::E05,val
2025-08-15 15:00:00,BF.CW.PMP02,cooling_descaling_pump,1.5504,-0.2361,62.4536,2.2453,0,BF.CW.PMP02::E05,val
2025-08-15 16:00:00,BF.CW.PMP02,cooling_descaling_pump,1.5828,-0.2259,63.0833,1.7246,0,BF.CW.PMP02::E05,val
2025-08-15 17:00:00,BF.CW.PMP02,cooling_descaling_pump,1.5256,-0.0321,63.5464,1.2852,0,BF.CW.PMP02::E05,val
2025-08-15 18:00:00,BF.CW.PMP02,cooling_descaling_pump,1.6392,-0.4311,64.9649,1.1239,0,BF.CW.PMP02::E05,val
2025-08-15 19:00:00,BF.CW.PMP02,cooling_descaling_pump,1.788,-0.7118,65.2771,1.114,0,BF.CW.PMP02::E05,val
2025-08-15 20:00:00,BF.CW.PMP02,cooling_descaling_pump,1.7979,-0.8685,64.0662,0.9238,0,BF.CW.PMP02::E05,val
2025-08-15 21:00:00,BF.CW.PMP02,cooling_descaling_pump,1.9329,-1.0442,65.3969,0.9204,0,BF.CW.PMP02::E05,val
2025-08-15 22:00:00,BF.CW.PMP02,cooling_descaling_pump,1.8642,-1.5907,64.4572,0.8032,0,BF.CW.PMP02::E05,val
2025-08-15 23:00:00,BF.CW.PMP02,cooling_descaling_pump,1.8242,-1.4579,64.0327,0.7251,0,BF.CW.PMP02::E05,val
2025-08-16 00:00:00,BF.CW.PMP02,cooling_descaling_pump,1.8341,-0.9404,64.2274,0.7545,0,BF.CW.PMP02::E05,val
2025-08-16 01:00:00,BF.CW.PMP02,cooling_descaling_pump,1.7226,-1.4694,63.5743,0.6978,0,BF.CW.PMP02::E05,val
2025-08-16 02:00:00,BF.CW.PMP02,cooling_descaling_pump,1.6464,-1.6416,62.2659,0.6719,0,BF.CW.PMP02::E05,val
2025-08-16 03:00:00,BF.CW.PMP02,cooling_descaling_pump,1.6237,-0.3203,62.9435,0.7381,0,BF.CW.PMP02::E05,val
2025-08-16 04:00:00,BF.CW.PMP02,cooling_descaling_pump,1.6767,-0.5194,62.2602,0.7165,0,BF.CW.PMP02::E05,val
2025-08-16 05:00:00,BF.CW.PMP02,cooling_descaling_pump,1.4529,-0.5501,60.8562,0.6737,0,BF.CW.PMP02::E05,val
2025-08-16 06:00:00,BF.CW.PMP02,cooling_descaling_pump,1.484,-0.9825,61.7294,0.7517,0,BF.CW.PMP02::E05,val
2025-08-16 07:00:00,BF.CW.PMP02,cooling_descaling_pump,1.5085,-1.5773,61.9655,0.7137,0,BF.CW.PMP02::E05,val
2025-08-16 08:00:00,BF.CW.PMP02,cooling_descaling_pump,1.6363,-1.2542,61.2078,0.7153,0,BF.CW.PMP02::E05,val
2025-08-16 09:00:00,BF.CW.PMP02,cooling_descaling_pump,1.5496,-1.3736,60.3086,0.7524,0,BF.CW.PMP02::E05,val
2025-08-16 10:00:00,BF.CW.PMP02,cooling_descaling_pump,1.5585,-0.6777,60.4627,0.8647,0,BF.CW.PMP02::E05,val
2025-08-16 11:00:00,BF.CW.PMP02,cooling_descaling_pump,1.6116,-0.2984,60.7696,0.8559,0,BF.CW.PMP02::E05,val
2025-08-16 12:00:00,BF.CW.PMP02,cooling_descaling_pump,1.8089,-0.6785,61.0827,0.8975,0,BF.CW.PMP02::E05,val
2025-08-16 13:00:00,BF.CW.PMP02,cooling_descaling_pump,1.6531,-0.929,60.4698,0.9657,0,BF.CW.PMP02::E05,val
2025-08-16 14:00:00,BF.CW.PMP02,cooling_descaling_pump,1.7562,-0.5181,60.0784,1.0476,0,BF.CW.PMP02::E05,val
2025-08-16 15:00:00,BF.CW.PMP02,cooling_descaling_pump,1.627,-0.5121,59.9628,1.1171,0,BF.CW.PMP02::E05,val
2025-08-16 16:00:00,BF.CW.PMP02,cooling_descaling_pump,1.4652,-0.8009,58.574,1.1248,0,BF.CW.PMP02::E05,val
2025-08-16 17:00:00,BF.CW.PMP02,cooling_descaling_pump,1.5746,-0.5701,57.9648,1.052,0,BF.CW.PMP02::E05,val
2025-08-16 18:00:00,BF.CW.PMP02,cooling_descaling_pump,1.5866,-0.4656,57.2447,0.9055,0,BF.CW.PMP02::E05,val
2025-08-16 19:00:00,BF.CW.PMP02,cooling_descaling_pump,1.78,-0.4365,59.5854,0.9405,0,BF.CW.PMP02::E05,val
2025-08-16 20:00:00,BF.CW.PMP02,cooling_descaling_pump,1.778,-0.2089,60.0331,0.9125,0,BF.CW.PMP02::E05,val
2025-08-16 21:00:00,BF.CW.PMP02,cooling_descaling_pump,1.6244,-0.3458,59.5988,0.933,0,BF.CW.PMP02::E05,val
2025-08-16 22:00:00,BF.CW.PMP02,cooling_descaling_pump,1.5458,-0.5622,59.5871,1.0425,0,BF.CW.PMP02::E05,val
2025-08-16 23:00:00,BF.CW.PMP02,cooling_descaling_pump,1.6413,-0.812,60.9229,1.0599,0,BF.CW.PMP02::E05,val
2025-08-17 00:00:00,BF.CW.PMP02,cooling_descaling_pump,1.5359,-0.3163,60.8815,1.1416,0,BF.CW.PMP02::E05,val
2025-08-17 01:00:00,BF.CW.PMP02,cooling_descaling_pump,1.5449,-0.4593,60.9999,1.0608,0,BF.CW.PMP02::E05,val
2025-08-17 02:00:00,BF.CW.PMP02,cooling_descaling_pump,1.5374,-0.9982,60.9973,1.035,0,BF.CW.PMP02::E05,val
2025-08-17 03:00:00,BF.CW.PMP02,cooling_descaling_pump,1.5495,-1.2459,61.5433,1.0594,0,BF.CW.PMP02::E05,val
2025-08-17 04:00:00,BF.CW.PMP02,cooling_descaling_pump,1.4884,-1.0591,62.1926,1.0993,0,BF.CW.PMP02::E05,val
2025-08-17 05:00:00,BF.CW.PMP02,cooling_descaling_pump,1.5083,-0.9475,62.9809,1.1901,0,BF.CW.PMP02::E05,val
2025-08-17 06:00:00,BF.CW.PMP02,cooling_descaling_pump,1.4462,-0.7102,62.6953,1.2044,0,BF.CW.PMP02::E05,val
2025-08-17 07:00:00,BF.CW.PMP02,cooling_descaling_pump,1.5346,-0.5008,61.7271,1.0289,0,BF.CW.PMP02::E05,val
2025-08-17 08:00:00,BF.CW.PMP02,cooling_descaling_pump,1.6274,-0.3449,62.0351,0.9913,0,BF.CW.PMP02::E05,val
2025-08-17 09:00:00,BF.CW.PMP02,cooling_descaling_pump,1.6592,-0.1537,61.4781,1.044,0,BF.CW.PMP02::E05,val
2025-08-17 10:00:00,BF.CW.PMP02,cooling_descaling_pump,1.9133,0.5577,63.0958,1.1121,0,BF.CW.PMP02::E05,val
2025-08-17 11:00:00,BF.CW.PMP02,cooling_descaling_pump,1.6377,0.1899,62.0075,1.1748,0,BF.CW.PMP02::E05,val
2025-08-17 12:00:00,BF.CW.PMP02,cooling_descaling_pump,1.6265,0.1387,61.7149,1.1436,0,BF.CW.PMP02::E05,val
2025-08-17 13:00:00,BF.CW.PMP02,cooling_descaling_pump,1.8163,0.3809,63.1671,1.0912,0,BF.CW.PMP02::E05,val
2025-08-17 14:00:00,BF.CW.PMP02,cooling_descaling_pump,1.882,0.5754,62.8028,1.0857,0,BF.CW.PMP02::E05,val
2025-08-17 15:00:00,BF.CW.PMP02,cooling_descaling_pump,1.8355,0.0971,62.2498,1.0885,0,BF.CW.PMP02::E05,val
2025-08-17 16:00:00,BF.CW.PMP02,cooling_descaling_pump,1.7527,0.2602,61.2957,1.1456,0,BF.CW.PMP02::E05,val
2025-08-17 17:00:00,BF.CW.PMP02,cooling_descaling_pump,1.8166,0.4924,61.5275,1.0862,0,BF.CW.PMP02::E05,val
2025-08-17 18:00:00,BF.CW.PMP02,cooling_descaling_pump,1.8527,0.1498,61.5313,1.1177,0,BF.CW.PMP02::E05,val
2025-08-17 19:00:00,BF.CW.PMP02,cooling_descaling_pump,1.7817,0.24,61.3594,1.1755,0,BF.CW.PMP02::E05,val
2025-08-17 20:00:00,BF.CW.PMP02,cooling_descaling_pump,1.8631,0.1942,62.4209,1.1613,0,BF.CW.PMP02::E05,val
2025-08-17 21:00:00,BF.CW.PMP02,cooling_descaling_pump,1.7264,0.4669,61.943,1.1376,0,BF.CW.PMP02::E05,val
2025-08-17 22:00:00,BF.CW.PMP02,cooling_descaling_pump,1.5883,0.2748,59.7882,1.0136,0,BF.CW.PMP02::E05,val
2025-08-17 23:00:00,BF.CW.PMP02,cooling_descaling_pump,1.6757,0.4181,60.9927,1.0309,0,BF.CW.PMP02::E05,val
2025-08-18 00:00:00,BF.CW.PMP02,cooling_descaling_pump,1.7524,0.0607,61.6045,0.988,0,BF.CW.PMP02::E05,val
2025-08-18 01:00:00,BF.CW.PMP02,cooling_descaling_pump,1.6679,-0.23,61.864,0.8836,0,BF.CW.PMP02::E05,val
2025-08-18 02:00:00,BF.CW.PMP02,cooling_descaling_pump,1.7443,0.2246,61.6779,0.8142,0,BF.CW.PMP02::E05,val
2025-08-18 03:00:00,BF.CW.PMP02,cooling_descaling_pump,1.7427,-0.0546,63.5726,0.9111,0,BF.CW.PMP02::E05,val
2025-08-18 04:00:00,BF.CW.PMP02,cooling_descaling_pump,1.6639,-0.6922,64.0937,0.9222,0,BF.CW.PMP02::E05,val
2025-08-18 05:00:00,BF.CW.PMP02,cooling_descaling_pump,1.6386,-0.8749,64.4015,0.8909,0,BF.CW.PMP02::E05,val
2025-08-18 06:00:00,BF.CW.PMP02,cooling_descaling_pump,1.6457,-1.0155,65.8426,1.0608,0,BF.CW.PMP02::E05,val
2025-08-18 07:00:00,BF.CW.PMP02,cooling_descaling_pump,1.6744,-1.024,66.3449,1.0366,0,BF.CW.PMP02::E05,val
2025-08-18 08:00:00,BF.CW.PMP02,cooling_descaling_pump,1.7405,-1.1451,68.0725,1.1347,0,BF.CW.PMP02::E05,val
2025-08-18 09:00:00,BF.CW.PMP02,cooling_descaling_pump,1.8539,-1.3016,69.6267,1.1614,0,BF.CW.PMP02::E05,val
2025-08-18 10:00:00,BF.CW.PMP02,cooling_descaling_pump,1.8003,-1.3689,70.0415,1.1595,0,BF.CW.PMP02::E05,val
2025-08-18 11:00:00,BF.CW.PMP02,cooling_descaling_pump,2.1014,-1.3319,73.1374,1.2329,0,BF.CW.PMP02::E05,val
2025-08-18 12:00:00,BF.CW.PMP02,cooling_descaling_pump,1.9901,-1.7287,72.7052,1.2727,0,BF.CW.PMP02::E05,val
2025-08-18 13:00:00,BF.CW.PMP02,cooling_descaling_pump,1.8686,-2.0518,71.4264,1.2508,0,BF.CW.PMP02::E05,val
2025-08-18 14:00:00,BF.CW.PMP02,cooling_descaling_pump,1.9235,-1.4333,72.0906,1.2478,0,BF.CW.PMP02::E05,val
2025-08-18 15:00:00,BF.CW.PMP02,cooling_descaling_pump,1.8965,-1.1302,71.2744,1.179,0,BF.CW.PMP02::E05,val
2025-08-18 16:00:00,BF.CW.PMP02,cooling_descaling_pump,1.7967,-1.5372,70.4777,1.2554,0,BF.CW.PMP02::E05,val
2025-08-18 17:00:00,BF.CW.PMP02,cooling_descaling_pump,1.7601,-0.9377,68.7911,1.137,0,BF.CW.PMP02::E05,val
2025-08-18 18:00:00,BF.CW.PMP02,cooling_descaling_pump,1.7706,-0.1735,69.7149,1.1514,0,BF.CW.PMP02::E05,val
2025-08-18 19:00:00,BF.CW.PMP02,cooling_descaling_pump,1.793,0.2083,68.4933,1.0929,0,BF.CW.PMP02::E05,val
2025-08-18 20:00:00,BF.CW.PMP02,cooling_descaling_pump,1.8598,-0.3868,69.2358,1.0915,0,BF.CW.PMP02::E05,val
2025-08-18 21:00:00,BF.CW.PMP02,cooling_descaling_pump,1.7262,-0.3848,68.209,1.0147,0,BF.CW.PMP02::E05,val
2025-08-18 22:00:00,BF.CW.PMP02,cooling_descaling_pump,1.6844,-0.6639,68.6427,1.1153,0,BF.CW.PMP02::E05,val
2025-08-18 23:00:00,BF.CW.PMP02,cooling_descaling_pump,1.769,-0.0101,69.4489,1.1214,0,BF.CW.PMP02::E05,val
2025-08-19 00:00:00,BF.CW.PMP02,cooling_descaling_pump,1.7548,-0.4818,68.3761,1.0451,0,BF.CW.PMP02::E05,val
2025-08-19 01:00:00,BF.CW.PMP02,cooling_descaling_pump,1.7566,-0.4243,68.2363,0.9343,0,BF.CW.PMP02::E05,val
2025-08-19 02:00:00,BF.CW.PMP02,cooling_descaling_pump,1.7942,-0.718,68.129,0.8799,0,BF.CW.PMP02::E05,val
2025-08-19 03:00:00,BF.CW.PMP02,cooling_descaling_pump,1.795,-0.7844,69.4209,1.0113,0,BF.CW.PMP02::E05,val
2025-08-19 04:00:00,BF.CW.PMP02,cooling_descaling_pump,1.8611,-0.4176,69.5171,0.9523,0,BF.CW.PMP02::E05,val
2025-08-19 05:00:00,BF.CW.PMP02,cooling_descaling_pump,1.835,-0.6993,71.063,0.9762,0,BF.CW.PMP02::E05,val
2025-08-19 06:00:00,BF.CW.PMP02,cooling_descaling_pump,1.8381,-0.4141,72.1676,1.1091,0,BF.CW.PMP02::E05,val
2025-08-19 07:00:00,BF.CW.PMP02,cooling_descaling_pump,1.8348,-0.6075,71.7767,1.1107,0,BF.CW.PMP02::E05,val
2025-08-19 08:00:00,BF.CW.PMP02,cooling_descaling_pump,1.8875,-0.5772,72.0615,1.0969,0,BF.CW.PMP02::E05,val
2025-08-19 09:00:00,BF.CW.PMP02,cooling_descaling_pump,1.8822,-0.5991,71.904,1.1439,0,BF.CW.PMP02::E05,val
2025-08-19 10:00:00,BF.CW.PMP02,cooling_descaling_pump,1.8991,-1.1984,72.007,1.2064,0,BF.CW.PMP02::E05,val
2025-08-19 11:00:00,BF.CW.PMP02,cooling_descaling_pump,1.945,-1.5106,72.2278,1.2135,0,BF.CW.PMP02::E05,val
2025-08-19 12:00:00,BF.CW.PMP02,cooling_descaling_pump,1.9911,-1.5609,72.8355,1.2737,0,BF.CW.PMP02::E05,val
2025-08-19 13:00:00,BF.CW.PMP02,cooling_descaling_pump,1.9725,-2.2384,72.9243,1.2702,0,BF.CW.PMP02::E05,val
2025-08-19 14:00:00,BF.CW.PMP02,cooling_descaling_pump,1.8819,-2.255,71.513,1.3784,0,BF.CW.PMP02::E05,val
2025-08-19 15:00:00,BF.CW.PMP02,cooling_descaling_pump,1.9052,-1.8227,72.0999,1.3868,0,BF.CW.PMP02::E05,val
2025-08-19 16:00:00,BF.CW.PMP02,cooling_descaling_pump,1.6959,-1.6621,70.129,1.3216,0,BF.CW.PMP02::E05,val
2025-08-19 17:00:00,BF.CW.PMP02,cooling_descaling_pump,1.546,-1.7789,69.0126,1.2721,0,BF.CW.PMP02::E05,val
2025-08-19 18:00:00,BF.CW.PMP02,cooling_descaling_pump,1.5632,-1.7879,69.5409,1.2735,0,BF.CW.PMP02::E05,val
2025-08-19 19:00:00,BF.CW.PMP02,cooling_descaling_pump,1.6712,-1.902,69.8532,1.2651,0,BF.CW.PMP02::E05,val
2025-08-19 20:00:00,BF.CW.PMP02,cooling_descaling_pump,1.5879,-1.7382,70.0075,1.3855,0,BF.CW.PMP02::E05,val
2025-08-19 21:00:00,BF.CW.PMP02,cooling_descaling_pump,1.5316,-1.6976,70.0043,1.3606,0,BF.CW.PMP02::E05,val
2025-08-19 22:00:00,BF.CW.PMP02,cooling_descaling_pump,1.677,-1.0031,71.0498,1.3449,0,BF.CW.PMP02::E05,val
2025-08-19 23:00:00,BF.CW.PMP02,cooling_descaling_pump,1.6772,-1.6432,70.7247,1.2544,0,BF.CW.PMP02::E05,val
2025-08-20 00:00:00,BF.CW.PMP02,cooling_descaling_pump,1.6228,-1.4882,71.1645,1.1714,0,BF.CW.PMP02::E05,val
2025-08-20 01:00:00,BF.CW.PMP02,cooling_descaling_pump,1.6142,-0.8928,72.7254,1.2223,0,BF.CW.PMP02::E05,val
2025-08-20 02:00:00,BF.CW.PMP02,cooling_descaling_pump,1.5911,-0.5483,72.0711,1.08,0,BF.CW.PMP02::E05,val
2025-08-20 03:00:00,BF.CW.PMP02,cooling_descaling_pump,1.6289,-0.6402,72.6561,1.1134,0,BF.CW.PMP02::E05,val
2025-08-20 04:00:00,BF.CW.PMP02,cooling_descaling_pump,1.6496,-0.9938,71.8186,1.0019,0,BF.CW.PMP02::E05,val
2025-08-20 05:00:00,BF.CW.PMP02,cooling_descaling_pump,1.6706,-0.6394,73.0996,1.1018,0,BF.CW.PMP02::E05,val
2025-08-20 06:00:00,BF.CW.PMP02,cooling_descaling_pump,1.744,-0.3805,73.8407,1.0851,0,BF.CW.PMP02::E05,val
2025-08-20 07:00:00,BF.CW.PMP02,cooling_descaling_pump,1.8414,-0.7878,74.6009,1.0562,0,BF.CW.PMP02::E05,val
2025-08-20 08:00:00,BF.CW.PMP02,cooling_descaling_pump,1.8086,-0.9697,74.9945,1.1869,0,BF.CW.PMP02::E05,val
2025-08-20 09:00:00,BF.CW.PMP02,cooling_descaling_pump,1.9158,-0.7891,74.2593,1.1359,0,BF.CW.PMP02::E05,val
2025-08-20 10:00:00,BF.CW.PMP02,cooling_descaling_pump,1.757,-0.0047,72.578,1.0917,0,BF.CW.PMP02::E05,val
2025-08-20 11:00:00,BF.CW.PMP02,cooling_descaling_pump,1.643,-0.0073,70.852,0.9945,0,BF.CW.PMP02::E05,val
2025-08-20 12:00:00,BF.CW.PMP02,cooling_descaling_pump,1.5441,0.1747,69.4986,0.9795,0,BF.CW.PMP02::E05,val
2025-08-20 13:00:00,BF.CW.PMP02,cooling_descaling_pump,1.5708,-0.0204,69.3998,0.9864,0,BF.CW.PMP02::E05,val
2025-08-20 14:00:00,BF.CW.PMP02,cooling_descaling_pump,1.6014,0.414,68.7102,0.9603,0,BF.CW.PMP02::E05,val
2025-08-20 15:00:00,BF.CW.PMP02,cooling_descaling_pump,1.5463,0.0369,67.1083,0.9732,0,BF.CW.PMP02::E05,val
2025-08-20 16:00:00,BF.CW.PMP02,cooling_descaling_pump,1.6046,-0.3195,66.9488,0.8345,0,BF.CW.PMP02::E05,val
2025-08-20 17:00:00,BF.CW.PMP02,cooling_descaling_pump,1.6839,0.195,66.6249,0.8153,0,BF.CW.PMP02::E05,val
2025-08-20 18:00:00,BF.CW.PMP02,cooling_descaling_pump,1.6264,0.4894,65.8624,0.8201,0,BF.CW.PMP02::E05,val
2025-08-20 19:00:00,BF.CW.PMP02,cooling_descaling_pump,1.6832,0.1907,66.4031,0.8358,0,BF.CW.PMP02::E05,val
2025-08-20 20:00:00,BF.CW.PMP02,cooling_descaling_pump,1.6384,0.2819,65.4861,0.7657,0,BF.CW.PMP02::E05,val
2025-08-20 21:00:00,BF.CW.PMP02,cooling_descaling_pump,1.5898,0.2349,65.9928,0.8397,0,BF.CW.PMP02::E05,val
2025-08-20 22:00:00,BF.CW.PMP02,cooling_descaling_pump,1.6449,0.3156,67.0093,0.9317,0,BF.CW.PMP02::E05,val
2025-08-20 23:00:00,BF.CW.PMP02,cooling_descaling_pump,1.6242,0.1389,67.6766,0.9069,0,BF.CW.PMP02::E05,val
2025-08-21 00:00:00,BF.CW.PMP02,cooling_descaling_pump,1.5121,0.483,67.2994,0.9248,0,BF.CW.PMP02::E05,val
2025-08-21 01:00:00,BF.CW.PMP02,cooling_descaling_pump,1.5064,0.0671,69.1956,1.0597,0,BF.CW.PMP02::E05,val
2025-08-21 02:00:00,BF.CW.PMP02,cooling_descaling_pump,1.5316,-0.4735,68.9707,1.0005,0,BF.CW.PMP02::E05,val
2025-08-21 03:00:00,BF.CW.PMP02,cooling_descaling_pump,1.6113,-0.4158,70.7413,1.0276,0,BF.CW.PMP02::E05,val
2025-08-21 04:00:00,BF.CW.PMP02,cooling_descaling_pump,1.5932,-0.5103,71.3609,1.0281,0,BF.CW.PMP02::E05,val
2025-08-21 05:00:00,BF.CW.PMP02,cooling_descaling_pump,1.7101,-0.1996,69.8463,0.9685,0,BF.CW.PMP02::E05,val
2025-08-21 06:00:00,BF.CW.PMP02,cooling_descaling_pump,1.7307,0.0794,70.1657,1.0009,0,BF.CW.PMP02::E05,val
2025-08-21 07:00:00,BF.CW.PMP02,cooling_descaling_pump,1.6005,-0.0659,68.1025,0.9231,0,BF.CW.PMP02::E05,val
2025-08-21 08:00:00,BF.CW.PMP02,cooling_descaling_pump,1.5922,-0.1587,68.1336,0.9736,0,BF.CW.PMP02::E05,val
2025-08-21 09:00:00,BF.CW.PMP02,cooling_descaling_pump,1.5629,-0.3598,67.1571,0.9471,0,BF.CW.PMP02::E05,val
2025-08-21 10:00:00,BF.CW.PMP02,cooling_descaling_pump,1.7525,0.0121,68.1442,0.9446,0,BF.CW.PMP02::E05,val
2025-08-21 11:00:00,BF.CW.PMP02,cooling_descaling_pump,1.7054,0.1461,67.444,0.9001,0,BF.CW.PMP02::E05,val
2025-08-21 12:00:00,BF.CW.PMP02,cooling_descaling_pump,1.8354,0.3258,66.9104,0.8292,0,BF.CW.PMP02::E05,val
2025-08-21 13:00:00,BF.CW.PMP02,cooling_descaling_pump,1.885,0.7247,67.5856,0.9041,0,BF.CW.PMP02::E05,val
2025-08-21 14:00:00,BF.CW.PMP02,cooling_descaling_pump,1.847,0.9128,67.1558,0.8981,0,BF.CW.PMP02::E05,val
2025-08-21 15:00:00,BF.CW.PMP02,cooling_descaling_pump,1.9555,0.6048,67.13,0.8607,0,BF.CW.PMP02::E05,val
2025-08-21 16:00:00,BF.CW.PMP02,cooling_descaling_pump,1.8156,0.712,66.4466,0.9611,0,BF.CW.PMP02::E05,val
2025-08-21 17:00:00,BF.CW.PMP02,cooling_descaling_pump,1.7873,0.5734,66.1971,0.903,0,BF.CW.PMP02::E05,val
2025-08-21 18:00:00,BF.CW.PMP02,cooling_descaling_pump,1.8299,0.3659,64.5413,0.7367,0,BF.CW.PMP02::E05,val
2025-08-21 19:00:00,BF.CW.PMP02,cooling_descaling_pump,1.9303,0.5227,64.9449,0.8084,0,BF.CW.PMP02::E05,val
2025-08-21 20:00:00,BF.CW.PMP02,cooling_descaling_pump,1.7272,0.5671,62.9871,0.7871,0,BF.CW.PMP02::E05,val
2025-08-21 21:00:00,BF.CW.PMP02,cooling_descaling_pump,1.8085,0.3783,64.3611,0.9018,0,BF.CW.PMP02::E05,val
2025-08-21 22:00:00,BF.CW.PMP02,cooling_descaling_pump,1.9984,0.3736,65.2035,0.8991,0,BF.CW.PMP02::E05,val
2025-08-21 23:00:00,BF.CW.PMP02,cooling_descaling_pump,2.1135,0.2902,66.3601,0.9206,0,BF.CW.PMP02::E05,val
2025-08-22 00:00:00,BF.CW.PMP02,cooling_descaling_pump,2.0478,0.1242,64.6623,0.8583,0,BF.CW.PMP02::E05,val
2025-08-22 01:00:00,BF.CW.PMP02,cooling_descaling_pump,1.959,0.6699,65.223,0.8314,0,BF.CW.PMP02::E05,val
2025-08-22 02:00:00,BF.CW.PMP02,cooling_descaling_pump,1.7853,0.8813,63.3376,0.8307,0,BF.CW.PMP02::E05,val
2025-08-22 03:00:00,BF.CW.PMP02,cooling_descaling_pump,1.7652,0.1957,64.0598,0.7733,0,BF.CW.PMP02::E05,val
2025-08-22 04:00:00,BF.CW.PMP02,cooling_descaling_pump,1.6415,-0.1071,64.3939,0.8335,0,BF.CW.PMP02::E05,val
2025-08-22 05:00:00,BF.CW.PMP02,cooling_descaling_pump,1.745,-0.2128,64.9988,0.8695,0,BF.CW.PMP02::E05,val
2025-08-22 06:00:00,BF.CW.PMP02,cooling_descaling_pump,1.8033,-0.3941,64.9114,0.8179,0,BF.CW.PMP02::E05,val
2025-08-22 07:00:00,BF.CW.PMP02,cooling_descaling_pump,1.7696,0.4352,65.0224,0.8949,0,BF.CW.PMP02::E05,val
2025-08-22 08:00:00,BF.CW.PMP02,cooling_descaling_pump,1.7618,0.4046,65.5219,0.9361,0,BF.CW.PMP02::E05,val
2025-08-22 09:00:00,BF.CW.PMP02,cooling_descaling_pump,1.917,0.4133,66.5631,0.9621,0,BF.CW.PMP02::E05,val
2025-08-22 10:00:00,BF.CW.PMP02,cooling_descaling_pump,1.9185,0.51,66.2399,1.0198,0,BF.CW.PMP02::E05,val
2025-08-22 11:00:00,BF.CW.PMP02,cooling_descaling_pump,1.6884,0.4221,65.2824,1.0224,0,BF.CW.PMP02::E05,val
2025-08-22 12:00:00,BF.CW.PMP02,cooling_descaling_pump,1.7107,0.0674,65.3448,1.0134,0,BF.CW.PMP02::E05,val
2025-08-22 13:00:00,BF.CW.PMP02,cooling_descaling_pump,1.6832,-0.4598,64.6653,0.9879,0,BF.CW.PMP02::E05,val
2025-08-22 14:00:00,BF.CW.PMP02,cooling_descaling_pump,1.64,-0.2892,64.1862,1.0324,0,BF.CW.PMP02::E05,val
2025-08-22 15:00:00,BF.CW.PMP02,cooling_descaling_pump,1.7932,-0.1491,64.9457,1.0864,0,BF.CW.PMP02::E05,val
2025-08-22 16:00:00,BF.CW.PMP02,cooling_descaling_pump,1.8698,0.6001,64.6889,1.0183,0,BF.CW.PMP02::E05,val
2025-08-22 17:00:00,BF.CW.PMP02,cooling_descaling_pump,1.7234,0.4146,63.4321,0.9608,0,BF.CW.PMP02::E05,val
2025-08-22 18:00:00,BF.CW.PMP02,cooling_descaling_pump,1.6898,-0.1269,62.0867,0.8767,0,BF.CW.PMP02::E05,val
2025-08-22 19:00:00,BF.CW.PMP02,cooling_descaling_pump,1.5921,-0.2056,61.9024,0.8328,0,BF.CW.PMP02::E05,val
2025-08-22 20:00:00,BF.CW.PMP02,cooling_descaling_pump,1.5895,-0.3876,61.0806,0.9053,0,BF.CW.PMP02::E05,val
2025-08-22 21:00:00,BF.CW.PMP02,cooling_descaling_pump,1.4575,-0.3631,61.2034,0.94,0,BF.CW.PMP02::E05,val
2025-08-22 22:00:00,BF.CW.PMP02,cooling_descaling_pump,1.6358,0.6253,61.6557,0.9145,0,BF.CW.PMP02::E05,val
2025-08-22 23:00:00,BF.CW.PMP02,cooling_descaling_pump,1.6972,0.3797,62.9572,0.9865,0,BF.CW.PMP02::E05,val
2025-08-23 00:00:00,BF.CW.PMP02,cooling_descaling_pump,1.6256,0.0879,62.476,1.0024,0,BF.CW.PMP02::E05,val
2025-08-23 01:00:00,BF.CW.PMP02,cooling_descaling_pump,1.7208,0.3331,64.5241,1.0671,0,BF.CW.PMP02::E05,val
2025-08-23 02:00:00,BF.CW.PMP02,cooling_descaling_pump,1.8118,0.6152,65.173,1.0617,0,BF.CW.PMP02::E05,val
2025-08-23 03:00:00,BF.CW.PMP02,cooling_descaling_pump,1.7444,0.5269,65.2985,1.0784,0,BF.CW.PMP02::E05,val
2025-08-23 04:00:00,BF.CW.PMP02,cooling_descaling_pump,1.8505,0.4532,65.1899,1.0656,0,BF.CW.PMP02::E05,val
2025-08-23 05:00:00,BF.CW.PMP02,cooling_descaling_pump,1.8053,0.6657,63.8637,1.0024,0,BF.CW.PMP02::E05,val
2025-08-23 06:00:00,BF.CW.PMP02,cooling_descaling_pump,1.7555,0.9495,64.1811,1.0123,0,BF.CW.PMP02::E05,val
2025-08-23 07:00:00,BF.CW.PMP02,cooling_descaling_pump,1.5481,0.2871,63.254,1.04,0,BF.CW.PMP02::E05,val
2025-08-23 08:00:00,BF.CW.PMP02,cooling_descaling_pump,1.4926,0.2628,61.758,1.0189,0,BF.CW.PMP02::E05,val
2025-08-23 09:00:00,BF.CW.PMP02,cooling_descaling_pump,1.6236,0.6991,61.6726,0.9882,0,BF.CW.PMP02::E05,val
2025-08-23 10:00:00,BF.CW.PMP02,cooling_descaling_pump,1.688,0.4618,61.6832,0.9466,0,BF.CW.PMP02::E05,val
2025-08-23 11:00:00,BF.CW.PMP02,cooling_descaling_pump,1.6278,0.4063,60.7229,0.9297,0,BF.CW.PMP02::E05,val
2025-08-23 12:00:00,BF.CW.PMP02,cooling_descaling_pump,1.5273,0.892,59.2778,0.9146,0,BF.CW.PMP02::E05,val
2025-08-23 13:00:00,BF.CW.PMP02,cooling_descaling_pump,1.6432,0.5864,58.2832,0.8724,0,BF.CW.PMP02::E05,val
2025-08-23 14:00:00,BF.CW.PMP02,cooling_descaling_pump,1.5465,1.1274,58.1908,0.846,0,BF.CW.PMP02::E05,val
2025-08-23 15:00:00,BF.CW.PMP02,cooling_descaling_pump,1.6453,1.4413,57.9997,0.7972,0,BF.CW.PMP02::E05,val
2025-08-23 16:00:00,BF.CW.PMP02,cooling_descaling_pump,1.7509,1.5765,59.2498,0.8176,0,BF.CW.PMP02::E05,val
2025-08-23 17:00:00,BF.CW.PMP02,cooling_descaling_pump,1.8057,1.2223,59.727,0.8188,0,BF.CW.PMP02::E05,val
2025-08-23 18:00:00,BF.CW.PMP02,cooling_descaling_pump,1.8047,0.8157,58.6758,0.7353,0,BF.CW.PMP02::E05,val
2025-08-23 19:00:00,BF.CW.PMP02,cooling_descaling_pump,1.9435,0.1704,59.6691,0.8427,0,BF.CW.PMP02::E05,val
2025-08-23 20:00:00,BF.CW.PMP02,cooling_descaling_pump,1.7913,-0.1361,59.8673,0.9894,0,BF.CW.PMP02::E05,val
2025-08-23 21:00:00,BF.CW.PMP02,cooling_descaling_pump,1.905,0.1117,63.0773,1.1544,0,BF.CW.PMP02::E05,val
2025-08-23 22:00:00,BF.CW.PMP02,cooling_descaling_pump,1.8716,-0.1054,64.8943,1.154,0,BF.CW.PMP02::E05,val
2025-08-23 23:00:00,BF.CW.PMP02,cooling_descaling_pump,1.8308,-1.079,66.4423,1.1372,0,BF.CW.PMP02::E05,val
2025-08-24 00:00:00,BF.CW.PMP02,cooling_descaling_pump,1.8216,-0.4234,66.8288,1.2761,0,BF.CW.PMP02::E05,val
2025-08-24 01:00:00,BF.CW.PMP02,cooling_descaling_pump,1.8157,-1.2473,67.5336,1.1738,0,BF.CW.PMP02::E05,val
2025-08-24 02:00:00,BF.CW.PMP02,cooling_descaling_pump,1.7521,-1.217,68.2959,1.1575,0,BF.CW.PMP02::E05,val
2025-08-24 03:00:00,BF.CW.PMP02,cooling_descaling_pump,1.6676,-1.4219,68.5436,1.1531,0,BF.CW.PMP02::E05,val
2025-08-24 04:00:00,BF.CW.PMP02,cooling_descaling_pump,1.6548,-1.6975,69.7877,1.1137,0,BF.CW.PMP02::E05,val
2025-08-24 05:00:00,BF.CW.PMP02,cooling_descaling_pump,1.7996,-1.359,71.3327,1.0867,0,BF.CW.PMP02::E05,val
2025-08-24 06:00:00,BF.CW.PMP02,cooling_descaling_pump,1.9411,-0.7969,72.9702,1.1812,0,BF.CW.PMP02::E05,val
2025-08-24 07:00:00,BF.CW.PMP02,cooling_descaling_pump,1.8972,-0.3979,73.5314,1.1778,0,BF.CW.PMP02::E05,val
2025-08-24 08:00:00,BF.CW.PMP02,cooling_descaling_pump,1.8527,-0.2806,72.7422,1.1199,0,BF.CW.PMP02::E05,val
2025-08-24 09:00:00,BF.CW.PMP02,cooling_descaling_pump,1.812,-0.2594,71.8041,1.1418,0,BF.CW.PMP02::E05,val
2025-08-24 10:00:00,BF.CW.PMP02,cooling_descaling_pump,1.678,-0.1699,69.7564,1.0752,0,BF.CW.PMP02::E05,val
2025-08-24 11:00:00,BF.CW.PMP02,cooling_descaling_pump,1.8728,-0.3208,70.2861,1.0922,0,BF.CW.PMP02::E05,val
2025-08-24 12:00:00,BF.CW.PMP02,cooling_descaling_pump,1.927,-0.5995,70.512,1.0489,0,BF.CW.PMP02::E05,val
2025-08-24 13:00:00,BF.CW.PMP02,cooling_descaling_pump,1.8526,-0.9958,69.2582,1.0943,0,BF.CW.PMP02::E05,val
2025-08-24 14:00:00,BF.CW.PMP02,cooling_descaling_pump,1.7953,-0.5504,69.3346,1.2343,0,BF.CW.PMP02::E05,val
2025-08-24 15:00:00,BF.CW.PMP02,cooling_descaling_pump,1.8259,-0.2347,69.5241,1.1995,0,BF.CW.PMP02::E05,val
2025-08-24 16:00:00,BF.CW.PMP02,cooling_descaling_pump,1.7612,0.3615,69.3926,1.2381,0,BF.CW.PMP02::E05,val
2025-08-24 17:00:00,BF.CW.PMP02,cooling_descaling_pump,1.7731,0.5092,70.0303,1.2958,0,BF.CW.PMP02::E05,val
2025-08-24 18:00:00,BF.CW.PMP02,cooling_descaling_pump,1.7644,0.1327,68.9654,1.2629,0,BF.CW.PMP02::E05,val
2025-08-24 19:00:00,BF.CW.PMP02,cooling_descaling_pump,1.62,0.3322,67.7311,1.1844,0,BF.CW.PMP02::E05,val
2025-08-24 20:00:00,BF.CW.PMP02,cooling_descaling_pump,1.6583,0.5227,66.587,1.1134,0,BF.CW.PMP02::E05,val
2025-08-24 21:00:00,BF.CW.PMP02,cooling_descaling_pump,1.8459,-0.0044,67.7069,1.0807,0,BF.CW.PMP02::E05,val
2025-08-24 22:00:00,BF.CW.PMP02,cooling_descaling_pump,1.6544,0.2443,65.5548,1.0438,0,BF.CW.PMP02::E05,val
2025-08-24 23:00:00,BF.CW.PMP02,cooling_descaling_pump,1.6515,0.5094,67.482,1.0382,0,BF.CW.PMP02::E05,val
2025-08-25 00:00:00,BF.CW.PMP02,cooling_descaling_pump,1.6284,-0.0906,66.2622,1.014,0,BF.CW.PMP02::E05,val
2025-08-25 01:00:00,BF.CW.PMP02,cooling_descaling_pump,1.6264,-0.0145,65.9392,0.9955,0,BF.CW.PMP02::E05,val
2025-08-25 02:00:00,BF.CW.PMP02,cooling_descaling_pump,1.7251,0.2871,67.8121,1.048,0,BF.CW.PMP02::E05,val
2025-08-25 03:00:00,BF.CW.PMP02,cooling_descaling_pump,1.8192,0.3615,67.8907,1.0304,0,BF.CW.PMP02::E05,val
2025-08-25 04:00:00,BF.CW.PMP02,cooling_descaling_pump,1.7749,0.4081,67.234,0.9061,0,BF.CW.PMP02::E05,val
2025-08-25 05:00:00,BF.CW.PMP02,cooling_descaling_pump,1.8231,0.7069,67.5262,0.7973,0,BF.CW.PMP02::E05,val
2025-08-25 06:00:00,BF.CW.PMP02,cooling_descaling_pump,1.8686,0.7091,68.971,0.8184,0,BF.CW.PMP02::E05,val
2025-08-25 07:00:00,BF.CW.PMP02,cooling_descaling_pump,1.7741,0.4698,67.3311,0.7279,0,BF.CW.PMP02::E05,val
2025-08-25 08:00:00,BF.CW.PMP02,cooling_descaling_pump,1.802,0.9768,67.9352,0.6618,0,BF.CW.PMP02::E05,val
2025-08-25 09:00:00,BF.CW.PMP02,cooling_descaling_pump,1.7938,0.357,69.4629,0.771,0,BF.CW.PMP02::E05,val
2025-08-25 10:00:00,BF.CW.PMP02,cooling_descaling_pump,1.92,-0.0656,69.988,0.8134,0,BF.CW.PMP02::E05,val
2025-08-25 11:00:00,BF.CW.PMP02,cooling_descaling_pump,1.9958,-0.507,70.7931,0.9225,0,BF.CW.PMP02::E05,val
2025-08-25 12:00:00,BF.CW.PMP02,cooling_descaling_pump,1.9692,-0.5632,69.6031,0.9116,0,BF.CW.PMP02::E05,val
2025-08-25 13:00:00,BF.CW.PMP02,cooling_descaling_pump,2.0912,-0.5444,69.2169,0.8544,0,BF.CW.PMP02::E05,val
2025-08-25 14:00:00,BF.CW.PMP02,cooling_descaling_pump,2.101,-0.1305,68.5969,0.8846,0,BF.CW.PMP02::E05,val
2025-08-25 15:00:00,BF.CW.PMP02,cooling_descaling_pump,2.0612,-0.3746,68.1442,0.8686,0,BF.CW.PMP02::E05,val
2025-08-25 16:00:00,BF.CW.PMP02,cooling_descaling_pump,1.9646,0.3762,66.9475,0.8831,0,BF.CW.PMP02::E05,val
2025-08-25 17:00:00,BF.CW.PMP02,cooling_descaling_pump,1.8915,0.2117,68.0286,0.9894,0,BF.CW.PMP02::E05,val
2025-08-25 18:00:00,BF.CW.PMP02,cooling_descaling_pump,2.0067,0.5574,69.1302,0.968,0,BF.CW.PMP02::E05,val
2025-08-25 19:00:00,BF.CW.PMP02,cooling_descaling_pump,1.9277,0.8046,69.4471,1.0624,0,BF.CW.PMP02::E05,val
2025-08-25 20:00:00,BF.CW.PMP02,cooling_descaling_pump,1.9872,0.4403,70.4914,1.0403,0,BF.CW.PMP02::E05,val
2025-08-25 21:00:00,BF.CW.PMP02,cooling_descaling_pump,1.9094,0.8278,71.2379,1.0028,0,BF.CW.PMP02::E05,val
2025-08-25 22:00:00,BF.CW.PMP02,cooling_descaling_pump,1.7591,0.4859,71.1376,0.9778,0,BF.CW.PMP02::E05,val
2025-08-25 23:00:00,BF.CW.PMP02,cooling_descaling_pump,1.6996,0.8214,70.6202,0.9535,0,BF.CW.PMP02::E05,val
2025-08-26 00:00:00,BF.CW.PMP02,cooling_descaling_pump,1.8183,0.4601,73.0184,0.9826,0,BF.CW.PMP02::E05,val
2025-08-26 01:00:00,BF.CW.PMP02,cooling_descaling_pump,1.7772,0.5853,72.723,0.9123,0,BF.CW.PMP02::E05,val
2025-08-26 02:00:00,BF.CW.PMP02,cooling_descaling_pump,1.8666,-0.009,72.403,0.8154,0,BF.CW.PMP02::E05,val
2025-08-26 03:00:00,BF.CW.PMP02,cooling_descaling_pump,1.7605,0.342,71.6951,0.9197,0,BF.CW.PMP02::E05,val
2025-08-26 04:00:00,BF.CW.PMP02,cooling_descaling_pump,1.8436,-0.0948,71.6203,0.9211,0,BF.CW.PMP02::E05,val
2025-08-26 05:00:00,BF.CW.PMP02,cooling_descaling_pump,1.8017,-0.0604,71.4495,1.0333,0,BF.CW.PMP02::E05,val
2025-08-26 06:00:00,BF.CW.PMP02,cooling_descaling_pump,1.8217,-0.0024,71.9775,1.0512,0,BF.CW.PMP02::E05,val
2025-08-26 07:00:00,BF.CW.PMP02,cooling_descaling_pump,2.0278,0.4109,72.7826,1.0717,0,BF.CW.PMP02::E05,val
2025-08-26 08:00:00,BF.CW.PMP02,cooling_descaling_pump,2.024,-0.2196,72.7291,1.0027,0,BF.CW.PMP02::E05,val
2025-08-26 09:00:00,BF.CW.PMP02,cooling_descaling_pump,1.9787,0.2849,72.6685,0.9886,0,BF.CW.PMP02::E05,val
2025-08-26 10:00:00,BF.CW.PMP02,cooling_descaling_pump,1.8571,0.4046,71.5152,1.0017,0,BF.CW.PMP02::E05,val
2025-08-26 11:00:00,BF.CW.PMP02,cooling_descaling_pump,1.8944,0.6073,69.7233,0.958,0,BF.CW.PMP02::E05,val
2025-08-26 12:00:00,BF.CW.PMP02,cooling_descaling_pump,1.9102,1.354,67.8887,0.8867,0,BF.CW.PMP02::E05,val
2025-08-26 13:00:00,BF.CW.PMP02,cooling_descaling_pump,1.8806,1.1564,66.8317,0.8716,0,BF.CW.PMP02::E05,val
2025-08-26 14:00:00,BF.CW.PMP02,cooling_descaling_pump,1.9375,1.7091,67.6273,0.916,0,BF.CW.PMP02::E05,val
2025-08-26 15:00:00,BF.CW.PMP02,cooling_descaling_pump,1.8954,1.4477,68.3909,1.0347,0,BF.CW.PMP02::E05,val
2025-08-26 16:00:00,BF.CW.PMP02,cooling_descaling_pump,2.0048,1.0873,69.0941,1.0397,0,BF.CW.PMP02::E05,val
2025-08-26 17:00:00,BF.CW.PMP02,cooling_descaling_pump,1.9503,0.9343,68.4397,1.1137,0,BF.CW.PMP02::E05,val
2025-08-26 18:00:00,BF.CW.PMP02,cooling_descaling_pump,1.8681,0.4935,68.5832,1.1355,0,BF.CW.PMP02::E05,val
2025-08-26 19:00:00,BF.CW.PMP02,cooling_descaling_pump,1.9373,-0.0552,69.4266,1.1676,0,BF.CW.PMP02::E05,val
2025-08-26 20:00:00,BF.CW.PMP02,cooling_descaling_pump,1.979,-0.2035,70.1016,1.1663,0,BF.CW.PMP02::E05,val
2025-08-26 21:00:00,BF.CW.PMP02,cooling_descaling_pump,2.0474,0.652,70.3351,1.1595,0,BF.CW.PMP02::E05,val
2025-08-26 22:00:00,BF.CW.PMP02,cooling_descaling_pump,1.9234,0.3594,69.7585,1.1674,0,BF.CW.PMP02::E05,val
2025-08-26 23:00:00,BF.CW.PMP02,cooling_descaling_pump,1.8506,0.4728,70.3815,1.2082,0,BF.CW.PMP02::E05,val
2025-08-27 00:00:00,BF.CW.PMP02,cooling_descaling_pump,1.8423,0.8837,70.6706,1.0709,0,BF.CW.PMP02::E05,val
2025-08-27 01:00:00,BF.CW.PMP02,cooling_descaling_pump,1.801,0.7877,71.4325,1.1199,0,BF.CW.PMP02::E05,val
2025-08-27 02:00:00,BF.CW.PMP02,cooling_descaling_pump,1.8458,0.97,72.1497,1.0252,0,BF.CW.PMP02::E05,val
2025-08-27 03:00:00,BF.CW.PMP02,cooling_descaling_pump,1.8169,0.6462,73.211,1.0376,0,BF.CW.PMP02::E05,val
2025-08-27 04:00:00,BF.CW.PMP02,cooling_descaling_pump,1.8521,1.8287,74.4355,1.0939,0,BF.CW.PMP02::E05,val
2025-08-27 05:00:00,BF.CW.PMP02,cooling_descaling_pump,1.7028,1.6509,72.621,0.9855,0,BF.CW.PMP02::E05,val
2025-08-27 06:00:00,BF.CW.PMP02,cooling_descaling_pump,1.7248,1.8777,72.0307,1.0339,0,BF.CW.PMP02::E05,val
2025-08-27 07:00:00,BF.CW.PMP02,cooling_descaling_pump,1.9098,1.2128,72.5866,0.9359,0,BF.CW.PMP02::E05,val
2025-08-27 08:00:00,BF.CW.PMP02,cooling_descaling_pump,1.9825,1.6754,74.9165,1.1339,0,BF.CW.PMP02::E05,val
2025-08-27 09:00:00,BF.CW.PMP02,cooling_descaling_pump,2.0324,1.9279,75.515,1.2023,0,BF.CW.PMP02::E05,val
2025-08-27 10:00:00,BF.CW.PMP02,cooling_descaling_pump,2.0272,1.9373,74.7084,1.2884,0,BF.CW.PMP02::E05,val
2025-08-27 11:00:00,BF.CW.PMP02,cooling_descaling_pump,1.9755,1.172,73.404,1.2205,0,BF.CW.PMP02::E05,val
2025-08-27 12:00:00,BF.CW.PMP02,cooling_descaling_pump,1.9776,0.6645,72.5123,1.2365,0,BF.CW.PMP02::E05,val
2025-08-27 13:00:00,BF.CW.PMP02,cooling_descaling_pump,2.0354,-0.5648,72.8594,1.1783,0,BF.CW.PMP02::E05,val
2025-08-27 14:00:00,BF.CW.PMP02,cooling_descaling_pump,2.0909,-0.806,72.3066,1.0959,1,BF.CW.PMP02::E05,val
2025-08-27 15:00:00,BF.CW.PMP02,cooling_descaling_pump,2.1656,-0.7223,72.1904,1.1364,0,BF.CW.PMP02::E05,val
2025-08-27 16:00:00,BF.CW.PMP02,cooling_descaling_pump,2.0625,-0.4307,70.7287,1.1378,0,BF.CW.PMP02::E05,val
2025-08-27 17:00:00,BF.CW.PMP02,cooling_descaling_pump,2.0974,-1.026,69.7516,1.0344,0,BF.CW.PMP02::E05,val
2025-08-27 18:00:00,BF.CW.PMP02,cooling_descaling_pump,2.0632,-0.6333,68.6265,0.8736,0,BF.CW.PMP02::E05,val
2025-08-27 19:00:00,BF.CW.PMP02,cooling_descaling_pump,2.2455,-1.1923,70.1088,0.9451,0,BF.CW.PMP02::E05,val
2025-08-27 20:00:00,BF.CW.PMP02,cooling_descaling_pump,2.2729,-1.2736,70.4351,0.9507,0,BF.CW.PMP02::E05,val
2025-08-27 21:00:00,BF.CW.PMP02,cooling_descaling_pump,2.3401,-1.0735,72.0018,1.0566,0,BF.CW.PMP02::E05,val
2025-08-27 22:00:00,BF.CW.PMP02,cooling_descaling_pump,2.2667,-0.713,72.5688,1.1072,0,BF.CW.PMP02::E05,val
2025-08-27 23:00:00,BF.CW.PMP02,cooling_descaling_pump,2.3921,-0.9484,73.0074,1.0188,0,BF.CW.PMP02::E05,val
2025-08-28 00:00:00,BF.CW.PMP02,cooling_descaling_pump,2.3287,-1.0717,72.6341,1.0514,0,BF.CW.PMP02::E05,val
2025-08-28 01:00:00,BF.CW.PMP02,cooling_descaling_pump,2.1976,-0.8811,71.9223,1.0288,0,BF.CW.PMP02::E05,val
2025-08-28 02:00:00,BF.CW.PMP02,cooling_descaling_pump,2.1473,-0.7377,72.1995,1.1125,0,BF.CW.PMP02::E05,val
2025-08-28 03:00:00,BF.CW.PMP02,cooling_descaling_pump,2.3134,-0.3299,73.5112,1.0601,0,BF.CW.PMP02::E05,val
2025-08-28 04:00:00,BF.CW.PMP02,cooling_descaling_pump,2.1771,-0.2165,73.3273,1.0101,0,BF.CW.PMP02::E05,val
2025-08-28 05:00:00,BF.CW.PMP02,cooling_descaling_pump,2.1469,-0.3409,73.3228,0.9983,0,BF.CW.PMP02::E05,val
2025-08-28 06:00:00,BF.CW.PMP02,cooling_descaling_pump,2.0495,-0.2406,73.0423,1.0508,0,BF.CW.PMP02::E05,val
2025-08-28 07:00:00,BF.CW.PMP02,cooling_descaling_pump,1.8976,0.3342,71.9658,1.0445,0,BF.CW.PMP02::E05,val
2025-08-28 08:00:00,BF.CW.PMP02,cooling_descaling_pump,2.0726,0.1865,71.8763,0.9989,0,BF.CW.PMP02::E05,val
2025-08-28 09:00:00,BF.CW.PMP02,cooling_descaling_pump,2.1021,0.3314,73.1934,1.0191,0,BF.CW.PMP02::E05,val
2025-08-28 10:00:00,BF.CW.PMP02,cooling_descaling_pump,2.1707,0.3939,75.1027,1.0091,0,BF.CW.PMP02::E05,val
2025-08-28 11:00:00,BF.CW.PMP02,cooling_descaling_pump,2.1397,0.2096,75.0662,1.0708,0,BF.CW.PMP02::E05,val
2025-08-28 12:00:00,BF.CW.PMP02,cooling_descaling_pump,2.1388,0.2533,74.7316,0.9983,0,BF.CW.PMP02::E05,val
2025-08-28 13:00:00,BF.CW.PMP02,cooling_descaling_pump,2.0602,0.6488,73.8335,0.9669,0,BF.CW.PMP02::E05,val
2025-08-28 14:00:00,BF.CW.PMP02,cooling_descaling_pump,2.1222,0.7212,75.145,0.964,0,BF.CW.PMP02::E05,val
2025-08-28 15:00:00,BF.CW.PMP02,cooling_descaling_pump,2.0957,0.7081,75.8649,1.0641,0,BF.CW.PMP02::E05,val
2025-08-28 16:00:00,BF.CW.PMP02,cooling_descaling_pump,2.1207,0.7819,74.0847,0.9332,0,BF.CW.PMP02::E05,val
2025-08-28 17:00:00,BF.CW.PMP02,cooling_descaling_pump,2.0791,0.9864,73.2709,0.8974,0,BF.CW.PMP02::E05,val
2025-08-28 18:00:00,BF.CW.PMP02,cooling_descaling_pump,2.0061,0.3881,73.7276,0.9706,0,BF.CW.PMP02::E05,val
2025-08-28 19:00:00,BF.CW.PMP02,cooling_descaling_pump,2.0047,0.4971,72.0508,0.8885,0,BF.CW.PMP02::E05,val
2025-08-28 20:00:00,BF.CW.PMP02,cooling_descaling_pump,1.8401,0.2565,70.8648,0.9073,0,BF.CW.PMP02::E05,val
2025-08-28 21:00:00,BF.CW.PMP02,cooling_descaling_pump,2.0484,0.2652,70.4408,0.8232,0,BF.CW.PMP02::E05,val
2025-08-28 22:00:00,BF.CW.PMP02,cooling_descaling_pump,2.1631,0.1004,71.0141,0.8056,0,BF.CW.PMP02::E05,val
2025-08-28 23:00:00,BF.CW.PMP02,cooling_descaling_pump,1.9483,-0.6507,70.4317,0.8513,0,BF.CW.PMP02::E05,val
2025-08-29 00:00:00,BF.CW.PMP02,cooling_descaling_pump,2.1193,-0.0045,72.4689,0.9262,0,BF.CW.PMP02::E05,val
2025-08-29 01:00:00,BF.CW.PMP02,cooling_descaling_pump,2.069,0.1581,72.4339,0.8895,0,BF.CW.PMP02::E05,val
2025-08-29 02:00:00,BF.CW.PMP02,cooling_descaling_pump,2.0359,0.5484,73.4049,0.9783,0,BF.CW.PMP02::E05,val
2025-08-29 03:00:00,BF.CW.PMP02,cooling_descaling_pump,2.1287,0.3474,74.344,1.0049,0,BF.CW.PMP02::E05,val
2025-08-29 04:00:00,BF.CW.PMP02,cooling_descaling_pump,2.126,-0.1555,76.1748,1.0607,0,BF.CW.PMP02::E05,val
2025-08-29 05:00:00,BF.CW.PMP02,cooling_descaling_pump,2.0601,-0.4503,74.4467,0.9867,0,BF.CW.PMP02::E05,val
2025-08-29 06:00:00,BF.CW.PMP02,cooling_descaling_pump,2.1645,-0.3015,75.8283,0.9255,0,BF.CW.PMP02::E05,val
2025-08-29 07:00:00,BF.CW.PMP02,cooling_descaling_pump,2.1529,-0.197,76.469,0.9663,0,BF.CW.PMP02::E05,val
2025-08-29 08:00:00,BF.CW.PMP02,cooling_descaling_pump,2.2615,-0.2665,77.7673,1.0426,0,BF.CW.PMP02::E05,val
2025-08-29 09:00:00,BF.CW.PMP02,cooling_descaling_pump,2.0177,0.4401,76.6619,1.1813,0,BF.CW.PMP02::E05,val
2025-08-29 10:00:00,BF.CW.PMP02,cooling_descaling_pump,2.0032,0.7846,75.5268,1.218,0,BF.CW.PMP02::E05,val
2025-08-29 11:00:00,BF.CW.PMP02,cooling_descaling_pump,1.8074,0.6964,73.8294,1.2347,0,BF.CW.PMP02::E05,val
2025-08-29 12:00:00,BF.CW.PMP02,cooling_descaling_pump,1.9705,0.8089,73.3842,1.2077,0,BF.CW.PMP02::E05,val
2025-08-29 13:00:00,BF.CW.PMP02,cooling_descaling_pump,2.0953,1.5548,73.8451,1.2722,0,BF.CW.PMP02::E05,val
2025-08-29 14:00:00,BF.CW.PMP02,cooling_descaling_pump,2.2095,1.5366,73.848,1.2118,0,BF.CW.PMP02::E05,val
2025-08-29 15:00:00,BF.CW.PMP02,cooling_descaling_pump,2.064,1.2202,72.7338,1.1625,0,BF.CW.PMP02::E05,val
2025-08-29 16:00:00,BF.CW.PMP02,cooling_descaling_pump,2.1449,1.6246,72.1877,1.0615,0,BF.CW.PMP02::E05,val
2025-08-29 17:00:00,BF.CW.PMP02,cooling_descaling_pump,2.1819,2.4141,72.7785,1.0985,0,BF.CW.PMP02::E05,val
2025-08-29 18:00:00,BF.CW.PMP02,cooling_descaling_pump,2.2217,2.5167,71.4189,1.1352,0,BF.CW.PMP02::E05,val
2025-08-29 19:00:00,BF.CW.PMP02,cooling_descaling_pump,2.2956,2.2528,70.4685,0.9214,0,BF.CW.PMP02::E05,val
2025-08-29 20:00:00,BF.CW.PMP02,cooling_descaling_pump,2.1722,2.2459,70.4289,0.9694,0,BF.CW.PMP02::E05,val
2025-08-29 21:00:00,BF.CW.PMP02,cooling_descaling_pump,2.1781,1.7671,71.9178,1.0186,0,BF.CW.PMP02::E05,val
2025-08-29 22:00:00,BF.CW.PMP02,cooling_descaling_pump,2.1757,1.915,73.4869,1.0637,0,BF.CW.PMP02::E05,val
2025-08-29 23:00:00,BF.CW.PMP02,cooling_descaling_pump,2.3092,1.6568,75.1094,1.0779,0,BF.CW.PMP02::E05,val
2025-08-30 00:00:00,BF.CW.PMP02,cooling_descaling_pump,2.2575,0.9826,75.0889,1.0258,0,BF.CW.PMP02::E05,val
2025-08-30 01:00:00,BF.CW.PMP02,cooling_descaling_pump,2.1569,1.3916,74.31,0.9474,0,BF.CW.PMP02::E05,val
2025-08-30 02:00:00,BF.CW.PMP02,cooling_descaling_pump,2.2705,0.8152,77.2409,1.0861,0,BF.CW.PMP02::E05,val
2025-08-30 03:00:00,BF.CW.PMP02,cooling_descaling_pump,2.4155,-0.1114,78.8544,1.0434,0,BF.CW.PMP02::E05,val
2025-08-30 04:00:00,BF.CW.PMP02,cooling_descaling_pump,2.416,0.3474,80.5175,1.1932,0,BF.CW.PMP02::E05,val
2025-08-30 05:00:00,BF.CW.PMP02,cooling_descaling_pump,2.2222,-0.4205,78.4122,1.1427,0,BF.CW.PMP02::E05,val
2025-08-30 06:00:00,BF.CW.PMP02,cooling_descaling_pump,2.2683,-0.0078,77.1835,1.0824,0,BF.CW.PMP02::E05,val
2025-08-30 07:00:00,BF.CW.PMP02,cooling_descaling_pump,2.1077,0.6129,75.6959,1.0614,0,BF.CW.PMP02::E05,val
2025-08-30 08:00:00,BF.CW.PMP02,cooling_descaling_pump,2.1594,0.958,76.5294,1.0347,0,BF.CW.PMP02::E05,val
2025-08-30 09:00:00,BF.CW.PMP02,cooling_descaling_pump,2.0746,0.6959,76.4325,1.0827,0,BF.CW.PMP02::E05,val
2025-08-30 10:00:00,BF.CW.PMP02,cooling_descaling_pump,2.0724,0.4555,75.6173,1.1513,1,BF.CW.PMP02::E05,val
2025-08-30 11:00:00,BF.CW.PMP02,cooling_descaling_pump,2.2314,1.1232,75.8651,1.1494,0,BF.CW.PMP02::E05,val
2025-08-30 12:00:00,BF.CW.PMP02,cooling_descaling_pump,2.3083,1.2247,76.4639,1.1433,0,BF.CW.PMP02::E05,val
2025-08-30 13:00:00,BF.CW.PMP02,cooling_descaling_pump,2.3034,1.3651,75.5792,1.1508,0,BF.CW.PMP02::E05,val
2025-08-30 14:00:00,BF.CW.PMP02,cooling_descaling_pump,2.1624,1.426,76.2412,1.2437,0,BF.CW.PMP02::E05,val
2025-08-30 15:00:00,BF.CW.PMP02,cooling_descaling_pump,2.2608,1.6015,76.7207,1.3314,0,BF.CW.PMP02::E05,val
2025-08-30 16:00:00,BF.CW.PMP02,cooling_descaling_pump,2.3281,1.5486,76.915,1.2876,0,BF.CW.PMP02::E05,val
2025-08-30 17:00:00,BF.CW.PMP02,cooling_descaling_pump,2.3289,1.3533,75.3594,1.155,1,BF.CW.PMP02::E05,val
2025-08-30 18:00:00,BF.CW.PMP02,cooling_descaling_pump,2.2129,1.2156,74.1653,1.0226,1,BF.CW.PMP02::E05,val
2025-08-30 19:00:00,BF.CW.PMP02,cooling_descaling_pump,2.3178,1.2716,73.8743,0.9702,1,BF.CW.PMP02::E05,val
2025-08-30 20:00:00,BF.CW.PMP02,cooling_descaling_pump,2.3664,0.3996,74.2795,0.9148,0,BF.CW.PMP02::E05,val
2025-08-30 21:00:00,BF.CW.PMP02,cooling_descaling_pump,2.6394,-0.1392,76.0518,0.9933,0,BF.CW.PMP02::E05,val
2025-08-30 22:00:00,BF.CW.PMP02,cooling_descaling_pump,2.5188,-0.0788,76.2697,0.9321,0,BF.CW.PMP02::E05,val
2025-08-30 23:00:00,BF.CW.PMP02,cooling_descaling_pump,2.4742,0.027,76.8254,0.9909,0,BF.CW.PMP02::E05,val
2025-08-31 00:00:00,BF.CW.PMP02,cooling_descaling_pump,2.2858,-0.046,77.0461,1.0699,1,BF.CW.PMP02::E05,val
2025-08-31 01:00:00,BF.CW.PMP02,cooling_descaling_pump,2.2332,0.1133,78.8574,1.1247,1,BF.CW.PMP02::E05,val
2025-08-31 02:00:00,BF.CW.PMP02,cooling_descaling_pump,2.214,-0.559,80.0589,1.1854,1,BF.CW.PMP02::E05,val
2025-08-31 03:00:00,BF.CW.PMP02,cooling_descaling_pump,2.1217,-0.2279,78.7758,1.1195,0,BF.CW.PMP02::E05,val
2025-08-31 04:00:00,BF.CW.PMP02,cooling_descaling_pump,2.1692,-0.6197,77.9941,1.0029,0,BF.CW.PMP02::E05,val
2025-08-31 05:00:00,BF.CW.PMP02,cooling_descaling_pump,2.1831,-0.2858,77.9966,1.0417,0,BF.CW.PMP02::E05,val
2025-08-31 06:00:00,BF.CW.PMP02,cooling_descaling_pump,2.3516,0.6284,78.6254,1.1655,0,BF.CW.PMP02::E05,val
2025-08-31 07:00:00,BF.CW.PMP02,cooling_descaling_pump,2.3125,-0.0033,77.5387,1.1161,0,BF.CW.PMP02::E05,val
2025-08-31 08:00:00,BF.CW.PMP02,cooling_descaling_pump,2.2948,0.0159,77.5024,1.1385,0,BF.CW.PMP02::E05,val
2025-08-31 09:00:00,BF.CW.PMP02,cooling_descaling_pump,2.3688,-0.2228,78.1427,1.1632,0,BF.CW.PMP02::E05,val
2025-08-31 10:00:00,BF.CW.PMP02,cooling_descaling_pump,2.4428,-0.2327,79.4701,1.2326,0,BF.CW.PMP02::E05,val
2025-08-31 11:00:00,BF.CW.PMP02,cooling_descaling_pump,2.6899,-0.5188,80.7601,1.2799,0,BF.CW.PMP02::E05,val
2025-08-31 12:00:00,BF.CW.PMP02,cooling_descaling_pump,2.5899,-0.0915,81.3727,1.3091,0,BF.CW.PMP02::E05,val
2025-08-31 13:00:00,BF.CW.PMP02,cooling_descaling_pump,2.5895,0.0927,80.9646,1.3019,1,BF.CW.PMP02::E05,val
2025-08-31 14:00:00,BF.CW.PMP02,cooling_descaling_pump,2.3993,0.2865,79.8564,1.2457,0,BF.CW.PMP02::E05,val
2025-08-31 15:00:00,BF.CW.PMP02,cooling_descaling_pump,2.2987,-0.0123,79.568,1.2751,0,BF.CW.PMP02::E05,val
2025-08-31 16:00:00,BF.CW.PMP02,cooling_descaling_pump,2.455,-0.1273,79.3498,1.171,0,BF.CW.PMP02::E05,val
2025-08-31 17:00:00,BF.CW.PMP02,cooling_descaling_pump,2.432,-0.5143,79.7669,1.1288,1,BF.CW.PMP02::E05,val
2025-08-31 18:00:00,BF.CW.PMP02,cooling_descaling_pump,2.3677,-1.0934,80.3251,1.1757,0,BF.CW.PMP02::E05,val
2025-08-31 19:00:00,BF.CW.PMP02,cooling_descaling_pump,2.3296,-1.3917,81.6582,1.2933,0,BF.CW.PMP02::E05,val
2025-08-31 20:00:00,BF.CW.PMP02,cooling_descaling_pump,2.3828,-2.1814,83.5525,1.2845,0,BF.CW.PMP02::E05,val
2025-08-31 21:00:00,BF.CW.PMP02,cooling_descaling_pump,2.4119,-2.1909,85.2251,1.2692,0,BF.CW.PMP02::E05,val
2025-08-31 22:00:00,BF.CW.PMP02,cooling_descaling_pump,2.4367,-1.5571,83.1742,1.1597,1,BF.CW.PMP02::E05,val
2025-08-31 23:00:00,BF.CW.PMP02,cooling_descaling_pump,2.4583,-1.6574,83.4042,1.1695,0,BF.CW.PMP02::E05,val
2025-09-01 00:00:00,BF.CW.PMP02,cooling_descaling_pump,2.5604,-2.1486,82.3335,1.1219,0,BF.CW.PMP02::E05,val
2025-09-01 01:00:00,BF.CW.PMP02,cooling_descaling_pump,2.6362,-2.6199,82.4457,0.9777,0,BF.CW.PMP02::E05,val
2025-09-01 02:00:00,BF.CW.PMP02,cooling_descaling_pump,2.5861,-2.342,82.7221,0.987,0,BF.CW.PMP02::E05,val
2025-09-01 03:00:00,BF.CW.PMP02,cooling_descaling_pump,2.5163,-2.3258,81.8418,0.9329,0,BF.CW.PMP02::E05,val
2025-09-01 04:00:00,BF.CW.PMP02,cooling_descaling_pump,2.4293,-2.0612,82.2141,1.0108,0,BF.CW.PMP02::E05,val
2025-09-01 05:00:00,BF.CW.PMP02,cooling_descaling_pump,2.371,-1.9318,83.3178,1.0603,0,BF.CW.PMP02::E05,val
2025-09-01 06:00:00,BF.CW.PMP02,cooling_descaling_pump,2.4188,-1.1867,83.5995,0.9644,0,BF.CW.PMP02::E05,val
2025-09-01 07:00:00,BF.CW.PMP02,cooling_descaling_pump,2.5236,-1.247,83.5943,0.959,0,BF.CW.PMP02::E05,val
2025-09-01 08:00:00,BF.CW.PMP02,cooling_descaling_pump,2.5019,-1.0755,85.6174,1.0258,0,BF.CW.PMP02::E05,val
2025-09-01 09:00:00,BF.CW.PMP02,cooling_descaling_pump,2.4518,-1.6425,84.1211,0.9473,0,BF.CW.PMP02::E05,val
2025-09-01 10:00:00,BF.CW.PMP02,cooling_descaling_pump,2.3572,-1.3598,82.5788,1.002,0,BF.CW.PMP02::E05,val
2025-09-01 11:00:00,BF.CW.PMP02,cooling_descaling_pump,2.2262,-1.7389,81.2035,0.9453,0,BF.CW.PMP02::E05,val
2025-09-01 12:00:00,BF.CW.PMP02,cooling_descaling_pump,2.061,-1.9268,79.14,0.8479,0,BF.CW.PMP02::E05,val
2025-09-01 13:00:00,BF.CW.PMP02,cooling_descaling_pump,1.9008,-1.1351,77.8241,0.8432,0,BF.CW.PMP02::E05,val
2025-09-01 14:00:00,BF.CW.PMP02,cooling_descaling_pump,1.9514,-1.5143,76.9912,0.873,0,BF.CW.PMP02::E05,val
2025-09-01 15:00:00,BF.CW.PMP02,cooling_descaling_pump,2.1126,-1.5936,77.2996,0.9123,0,BF.CW.PMP02::E05,val
2025-09-01 16:00:00,BF.CW.PMP02,cooling_descaling_pump,2.1494,-1.3993,76.455,0.9098,0,BF.CW.PMP02::E05,val
2025-09-01 17:00:00,BF.CW.PMP02,cooling_descaling_pump,2.2382,-1.0678,76.3665,0.9033,0,BF.CW.PMP02::E05,val
2025-09-01 18:00:00,BF.CW.PMP02,cooling_descaling_pump,2.1608,-0.4936,75.8871,0.9228,1,BF.CW.PMP02::E05,val
2025-09-01 19:00:00,BF.CW.PMP02,cooling_descaling_pump,2.3046,-0.4239,75.9765,0.8372,1,BF.CW.PMP02::E05,val
2025-09-01 20:00:00,BF.CW.PMP02,cooling_descaling_pump,2.3417,0.2354,76.0352,0.8511,0,BF.CW.PMP02::E05,val
2025-09-01 21:00:00,BF.CW.PMP02,cooling_descaling_pump,2.2721,0.7669,76.884,0.9227,0,BF.CW.PMP02::E05,val
2025-09-01 22:00:00,BF.CW.PMP02,cooling_descaling_pump,2.3356,0.8909,78.6532,1.0757,0,BF.CW.PMP02::E05,val
2025-09-01 23:00:00,BF.CW.PMP02,cooling_descaling_pump,2.3804,0.3205,79.833,1.0877,0,BF.CW.PMP02::E05,val
2025-09-02 00:00:00,BF.CW.PMP02,cooling_descaling_pump,2.4564,0.4094,80.5543,1.0493,1,BF.CW.PMP02::E05,val
2025-09-02 01:00:00,BF.CW.PMP02,cooling_descaling_pump,2.3012,0.147,79.9267,1.1139,0,BF.CW.PMP02::E05,val
2025-09-02 02:00:00,BF.CW.PMP02,cooling_descaling_pump,2.444,0.2175,80.9614,1.1812,1,BF.CW.PMP02::E05,val
2025-09-02 03:00:00,BF.CW.PMP02,cooling_descaling_pump,2.2725,-0.5154,82.2416,1.2509,0,BF.CW.PMP02::E05,val
2025-09-02 04:00:00,BF.CW.PMP02,cooling_descaling_pump,2.323,-0.0422,81.7985,1.1685,0,BF.CW.PMP02::E05,val
2025-09-02 05:00:00,BF.CW.PMP02,cooling_descaling_pump,2.3591,-0.599,80.9347,1.0377,0,BF.CW.PMP02::E05,val
2025-09-02 06:00:00,BF.CW.PMP02,cooling_descaling_pump,2.4273,0.1532,82.2156,1.1461,0,BF.CW.PMP02::E05,val
2025-09-02 07:00:00,BF.CW.PMP02,cooling_descaling_pump,2.4711,0.0455,81.7547,1.1009,1,BF.CW.PMP02::E05,val
2025-09-02 08:00:00,BF.CW.PMP02,cooling_descaling_pump,2.4736,0.0905,81.6136,1.0814,0,BF.CW.PMP02::E05,val
2025-09-02 09:00:00,BF.CW.PMP02,cooling_descaling_pump,2.456,0.2081,82.038,1.0039,0,BF.CW.PMP02::E05,val
2025-09-02 10:00:00,BF.CW.PMP02,cooling_descaling_pump,2.3676,-0.0058,80.7861,0.9756,0,BF.CW.PMP02::E05,val
2025-09-02 11:00:00,BF.CW.PMP02,cooling_descaling_pump,2.336,0.0522,80.5858,1.0193,0,BF.CW.PMP02::E05,val
2025-09-02 12:00:00,BF.CW.PMP02,cooling_descaling_pump,2.4814,-0.1099,82.1586,1.1093,0,BF.CW.PMP02::E05,val
2025-09-02 13:00:00,BF.CW.PMP02,cooling_descaling_pump,2.4683,-0.9799,82.6336,1.1008,1,BF.CW.PMP02::E05,val
2025-09-02 14:00:00,BF.CW.PMP02,cooling_descaling_pump,2.5931,-1.2252,85.1659,1.2637,0,BF.CW.PMP02::E05,val
2025-09-02 15:00:00,BF.CW.PMP02,cooling_descaling_pump,2.5567,-1.4904,84.1357,1.2121,0,BF.CW.PMP02::E05,val
2025-09-02 16:00:00,BF.CW.PMP02,cooling_descaling_pump,2.5138,-1.352,84.9708,1.2133,0,BF.CW.PMP02::E05,val
2025-09-02 17:00:00,BF.CW.PMP02,cooling_descaling_pump,2.5581,-1.4122,85.4852,1.2029,0,BF.CW.PMP02::E05,val
2025-09-02 18:00:00,BF.CW.PMP02,cooling_descaling_pump,2.3517,-1.7205,84.554,1.2692,0,BF.CW.PMP02::E05,val
2025-09-02 19:00:00,BF.CW.PMP02,cooling_descaling_pump,2.371,-1.2518,85.1141,1.3398,0,BF.CW.PMP02::E05,val
2025-09-02 20:00:00,BF.CW.PMP02,cooling_descaling_pump,2.3821,-0.9332,83.4323,1.1978,0,BF.CW.PMP02::E05,val
2025-09-02 21:00:00,BF.CW.PMP02,cooling_descaling_pump,2.3102,-0.6466,82.1265,1.1369,0,BF.CW.PMP02::E05,val
2025-09-02 22:00:00,BF.CW.PMP02,cooling_descaling_pump,2.4573,-0.6127,81.7152,0.9487,0,BF.CW.PMP02::E05,val
2025-09-02 23:00:00,BF.CW.PMP02,cooling_descaling_pump,2.4765,-0.4659,81.6642,0.9619,0,BF.CW.PMP02::E05,val
2025-09-03 00:00:00,BF.CW.PMP02,cooling_descaling_pump,2.4775,-0.4016,81.5281,0.8984,1,BF.CW.PMP02::E05,val
2025-09-03 01:00:00,BF.CW.PMP02,cooling_descaling_pump,2.6301,-0.043,83.0132,0.8363,0,BF.CW.PMP02::E05,val
2025-09-03 02:00:00,BF.CW.PMP02,cooling_descaling_pump,2.6224,-0.2778,82.6029,0.7405,0,BF.CW.PMP02::E05,val
2025-09-03 03:00:00,BF.CW.PMP02,cooling_descaling_pump,2.4812,-0.5706,82.8852,0.7505,0,BF.CW.PMP02::E05,val
2025-09-03 04:00:00,BF.CW.PMP02,cooling_descaling_pump,2.3052,-0.5264,81.0621,0.7198,0,BF.CW.PMP02::E05,val
2025-09-03 05:00:00,BF.CW.PMP02,cooling_descaling_pump,2.4152,0.1707,81.6732,0.7743,0,BF.CW.PMP02::E05,val
2025-09-03 06:00:00,BF.CW.PMP02,cooling_descaling_pump,2.4859,0.7709,82.6181,0.8581,0,BF.CW.PMP02::E05,val
2025-09-03 07:00:00,BF.CW.PMP02,cooling_descaling_pump,2.3005,1.0539,82.0243,0.8556,1,BF.CW.PMP02::E05,val
2025-09-03 08:00:00,BF.CW.PMP02,cooling_descaling_pump,2.282,1.2804,80.7828,0.8226,0,BF.CW.PMP02::E05,val
2025-09-03 09:00:00,BF.CW.PMP02,cooling_descaling_pump,2.4485,1.3151,80.8702,0.792,0,BF.CW.PMP02::E05,val
2025-09-03 10:00:00,BF.CW.PMP02,cooling_descaling_pump,2.4015,0.8954,80.9752,0.8735,1,BF.CW.PMP02::E05,val
2025-09-03 11:00:00,BF.CW.PMP02,cooling_descaling_pump,2.4224,0.4894,79.9917,0.7511,1,BF.CW.PMP02::E05,val
2025-09-03 12:00:00,BF.CW.PMP02,cooling_descaling_pump,2.3004,0.1581,80.5126,0.9453,0,BF.CW.PMP02::E05,val
2025-09-03 13:00:00,BF.CW.PMP02,cooling_descaling_pump,2.401,0.167,81.057,0.9023,0,BF.CW.PMP02::E05,val
2025-09-03 14:00:00,BF.CW.PMP02,cooling_descaling_pump,2.3051,0.3277,79.7803,0.9087,0,BF.CW.PMP02::E05,val
2025-09-03 15:00:00,BF.CW.PMP02,cooling_descaling_pump,2.1574,0.3893,77.671,0.837,0,BF.CW.PMP02::E05,val
2025-09-03 16:00:00,BF.CW.PMP02,cooling_descaling_pump,1.9945,0.7716,75.7738,0.7385,0,BF.CW.PMP02::E05,val
2025-09-03 17:00:00,BF.CW.PMP02,cooling_descaling_pump,2.0686,0.4243,75.7765,0.7572,0,BF.CW.PMP02::E05,val
2025-09-03 18:00:00,BF.CW.PMP02,cooling_descaling_pump,2.0703,0.1453,75.2961,0.775,0,BF.CW.PMP02::E05,val
2025-09-03 19:00:00,BF.CW.PMP02,cooling_descaling_pump,2.2078,-0.0219,77.931,0.8679,1,BF.CW.PMP02::E05,val
2025-09-03 20:00:00,BF.CW.PMP02,cooling_descaling_pump,2.1938,0.9707,78.4909,0.9096,0,BF.CW.PMP02::E05,val
2025-09-03 21:00:00,BF.CW.PMP02,cooling_descaling_pump,2.2695,0.8899,80.3788,0.9273,0,BF.CW.PMP02::E05,val
2025-09-03 22:00:00,BF.CW.PMP02,cooling_descaling_pump,2.4913,0.6562,82.1388,0.9356,0,BF.CW.PMP02::E05,val
2025-09-03 23:00:00,BF.CW.PMP02,cooling_descaling_pump,2.268,0.5378,80.9238,0.9877,0,BF.CW.PMP02::E05,val
2025-09-04 00:00:00,BF.CW.PMP02,cooling_descaling_pump,2.3601,1.2051,81.1262,0.9224,1,BF.CW.PMP02::E05,val
2025-09-04 01:00:00,BF.CW.PMP02,cooling_descaling_pump,2.6638,1.5028,83.7711,0.9252,1,BF.CW.PMP02::E05,val
2025-09-04 02:00:00,BF.CW.PMP02,cooling_descaling_pump,2.697,1.6097,85.1744,0.9362,0,BF.CW.PMP02::E05,val
2025-09-04 03:00:00,BF.CW.PMP02,cooling_descaling_pump,2.7068,1.9319,85.8695,0.9722,0,BF.CW.PMP02::E05,val
2025-09-04 04:00:00,BF.CW.PMP02,cooling_descaling_pump,2.4239,1.4627,83.8598,0.8892,0,BF.CW.PMP02::E05,val
2025-09-04 05:00:00,BF.CW.PMP02,cooling_descaling_pump,2.5516,1.782,83.8635,0.8052,0,BF.CW.PMP02::E05,val
2025-09-04 06:00:00,BF.CW.PMP02,cooling_descaling_pump,2.6195,2.1007,84.0087,0.8205,0,BF.CW.PMP02::E05,val
2025-09-04 07:00:00,BF.CW.PMP02,cooling_descaling_pump,2.4397,1.9434,82.4416,0.7872,0,BF.CW.PMP02::E05,val
2025-09-04 08:00:00,BF.CW.PMP02,cooling_descaling_pump,2.2083,1.827,81.2941,0.7607,1,BF.CW.PMP02::E05,val
2025-09-04 09:00:00,BF.CW.PMP02,cooling_descaling_pump,2.113,1.5669,81.4656,0.8074,1,BF.CW.PMP02::E05,val
2025-09-04 10:00:00,BF.CW.PMP02,cooling_descaling_pump,2.0791,1.5422,80.421,0.7474,0,BF.CW.PMP02::E05,val
2025-09-04 11:00:00,BF.CW.PMP02,cooling_descaling_pump,2.2036,1.7554,80.5778,0.7998,1,BF.CW.PMP02::E05,val
2025-09-04 12:00:00,BF.CW.PMP02,cooling_descaling_pump,2.0985,2.0663,80.7354,0.9415,0,BF.CW.PMP02::E05,val
2025-09-04 13:00:00,BF.CW.PMP02,cooling_descaling_pump,2.3236,1.2464,80.9368,0.8804,1,BF.CW.PMP02::E05,val
2025-09-04 14:00:00,BF.CW.PMP02,cooling_descaling_pump,2.1962,0.5942,81.1149,0.8855,0,BF.CW.PMP02::E05,val
2025-09-04 15:00:00,BF.CW.PMP02,cooling_descaling_pump,2.3017,0.2371,81.9502,0.9284,1,BF.CW.PMP02::E05,val
2025-09-04 16:00:00,BF.CW.PMP02,cooling_descaling_pump,2.2211,0.7015,80.6412,0.8874,1,BF.CW.PMP02::E05,val
2025-09-04 17:00:00,BF.CW.PMP02,cooling_descaling_pump,2.3091,0.8768,80.4265,0.8537,1,BF.CW.PMP02::E05,val
2025-09-04 18:00:00,BF.CW.PMP02,cooling_descaling_pump,2.2143,1.0842,81.3639,0.9504,0,BF.CW.PMP02::E05,val
2025-09-04 19:00:00,BF.CW.PMP02,cooling_descaling_pump,2.3143,1.0737,81.8121,0.9095,1,BF.CW.PMP02::E05,val
2025-09-04 20:00:00,BF.CW.PMP02,cooling_descaling_pump,2.1477,1.1758,80.519,0.9889,0,BF.CW.PMP02::E05,val
2025-09-04 21:00:00,BF.CW.PMP02,cooling_descaling_pump,2.3531,0.3987,81.0516,0.978,0,BF.CW.PMP02::E05,val
2025-09-04 22:00:00,BF.CW.PMP02,cooling_descaling_pump,2.4676,0.4973,81.1097,0.894,0,BF.CW.PMP02::E05,val
2025-09-04 23:00:00,BF.CW.PMP02,cooling_descaling_pump,2.5064,0.4735,81.5926,0.9032,0,BF.CW.PMP02::E05,val
2025-09-05 00:00:00,BF.CW.PMP02,cooling_descaling_pump,2.6323,0.2313,83.1236,0.9075,0,BF.CW.PMP02::E05,val
2025-09-05 01:00:00,BF.CW.PMP02,cooling_descaling_pump,2.5852,0.3295,84.5367,1.02,0,BF.CW.PMP02::E05,val
2025-09-05 02:00:00,BF.CW.PMP02,cooling_descaling_pump,2.4388,0.3177,84.1183,1.1457,0,BF.CW.PMP02::E05,val
2025-09-05 03:00:00,BF.CW.PMP02,cooling_descaling_pump,2.3469,0.3959,82.6206,1.112,1,BF.CW.PMP02::E05,val
2025-09-05 04:00:00,BF.CW.PMP02,cooling_descaling_pump,2.3426,0.1265,82.8732,1.1112,1,BF.CW.PMP02::E05,val
2025-09-05 05:00:00,BF.CW.PMP02,cooling_descaling_pump,2.2594,0.0418,81.512,1.0611,0,BF.CW.PMP02::E05,val
2025-09-05 06:00:00,BF.CW.PMP02,cooling_descaling_pump,2.2447,0.0362,80.4165,1.1333,0,BF.CW.PMP02::E05,val
2025-09-05 07:00:00,BF.CW.PMP02,cooling_descaling_pump,2.1898,0.5462,79.1337,1.1285,0,BF.CW.PMP02::E05,val
2025-09-05 08:00:00,BF.CW.PMP02,cooling_descaling_pump,2.2034,0.8353,78.7436,1.153,0,BF.CW.PMP02::E05,val
2025-09-05 09:00:00,BF.CW.PMP02,cooling_descaling_pump,2.2489,0.6004,78.718,1.1666,1,BF.CW.PMP02::E05,val
2025-09-05 10:00:00,BF.CW.PMP02,cooling_descaling_pump,2.3237,1.5537,78.4881,1.1409,1,BF.CW.PMP02::E05,val
2025-09-05 11:00:00,BF.CW.PMP02,cooling_descaling_pump,2.4712,1.3077,79.1716,1.147,1,BF.CW.PMP02::E05,val
2025-09-05 12:00:00,BF.CW.PMP02,cooling_descaling_pump,2.6032,0.6126,80.3834,1.0733,0,BF.CW.PMP02::E05,val
2025-09-05 13:00:00,BF.CW.PMP02,cooling_descaling_pump,2.4087,0.0783,78.0907,1.026,1,BF.CW.PMP02::E05,val
2025-09-05 14:00:00,BF.CW.PMP02,cooling_descaling_pump,2.2913,0.8056,78.2155,1.0022,0,BF.CW.PMP02::E05,val
2025-09-05 15:00:00,BF.CW.PMP02,cooling_descaling_pump,2.2909,0.5344,78.0551,0.9762,0,BF.CW.PMP02::E05,val
2025-09-05 16:00:00,BF.CW.PMP02,cooling_descaling_pump,2.1485,0.3145,77.0339,0.9336,1,BF.CW.PMP02::E05,val
2025-09-05 17:00:00,BF.CW.PMP02,cooling_descaling_pump,2.2889,-0.1351,77.1299,0.9014,1,BF.CW.PMP02::E05,val
2025-09-05 18:00:00,BF.CW.PMP02,cooling_descaling_pump,2.3175,-0.5855,75.6113,0.8445,0,BF.CW.PMP02::E05,val
2025-09-05 19:00:00,BF.CW.PMP02,cooling_descaling_pump,2.199,-0.5878,74.8204,0.8214,0,BF.CW.PMP02::E05,val
2025-09-05 20:00:00,BF.CW.PMP02,cooling_descaling_pump,2.2455,-0.2415,75.0236,0.8784,0,BF.CW.PMP02::E05,val
2025-09-05 21:00:00,BF.CW.PMP02,cooling_descaling_pump,2.3238,-0.332,75.4352,0.9005,1,BF.CW.PMP02::E05,val
2025-09-05 22:00:00,BF.CW.PMP02,cooling_descaling_pump,2.3675,-0.3415,77.6888,0.9589,0,BF.CW.PMP02::E05,val
2025-09-05 23:00:00,BF.CW.PMP02,cooling_descaling_pump,2.3125,0.0256,76.9604,1.0026,0,BF.CW.PMP02::E05,val
2025-09-06 00:00:00,BF.CW.PMP02,cooling_descaling_pump,2.2096,-0.3532,75.3961,0.9994,0,BF.CW.PMP02::E05,val
2025-09-06 01:00:00,BF.CW.PMP02,cooling_descaling_pump,2.1094,-0.222,75.889,1.0622,1,BF.CW.PMP02::E05,val
2025-09-06 02:00:00,BF.CW.PMP02,cooling_descaling_pump,2.2961,-0.1055,78.6211,1.1761,1,BF.CW.PMP02::E05,val
2025-09-06 03:00:00,BF.CW.PMP02,cooling_descaling_pump,2.1132,0.2765,77.8075,1.1682,1,BF.CW.PMP02::E05,val
2025-09-06 04:00:00,BF.CW.PMP02,cooling_descaling_pump,1.9846,0.6671,77.9395,1.1455,1,BF.CW.PMP02::E05,val
2025-09-06 05:00:00,BF.CW.PMP02,cooling_descaling_pump,2.1966,0.5026,79.2721,1.1606,1,BF.CW.PMP02::E05,val
2025-09-06 06:00:00,BF.CW.PMP02,cooling_descaling_pump,,-0.5587,,1.0561,0,BF.CW.PMP02::E05,val
2025-09-06 07:00:00,BF.CW.PMP02,cooling_descaling_pump,2.0597,-0.7382,78.8011,1.1437,0,BF.CW.PMP02::E05,val
2025-09-06 08:00:00,BF.CW.PMP02,cooling_descaling_pump,2.0983,-0.9242,79.1588,1.1223,1,BF.CW.PMP02::E05,val
2025-09-06 09:00:00,BF.CW.PMP02,cooling_descaling_pump,2.1537,-0.6369,78.7128,1.0786,1,BF.CW.PMP02::E05,val
2025-09-06 10:00:00,BF.CW.PMP02,cooling_descaling_pump,2.2852,0.1554,79.4964,1.0969,1,BF.CW.PMP02::E05,val
2025-09-06 11:00:00,BF.CW.PMP02,cooling_descaling_pump,2.3229,-0.4021,79.9823,1.1258,1,BF.CW.PMP02::E05,val
2025-09-06 12:00:00,BF.CW.PMP02,cooling_descaling_pump,2.3594,-0.3891,79.4998,1.1531,1,BF.CW.PMP02::E05,val
2025-09-06 13:00:00,BF.CW.PMP02,cooling_descaling_pump,2.5816,-0.1108,80.1207,1.0268,1,BF.CW.PMP02::E05,val
2025-09-06 14:00:00,BF.CW.PMP02,cooling_descaling_pump,2.592,-0.253,79.3466,1.0073,0,BF.CW.PMP02::E05,val
2025-09-06 15:00:00,BF.CW.PMP02,cooling_descaling_pump,2.4817,-0.1993,78.8496,1.055,1,BF.CW.PMP02::E05,val
2025-09-06 16:00:00,BF.CW.PMP02,cooling_descaling_pump,2.7262,-0.3684,81.4262,1.1733,0,BF.CW.PMP02::E05,val
2025-09-06 17:00:00,BF.CW.PMP02,cooling_descaling_pump,2.451,-0.4581,80.7397,1.164,1,BF.CW.PMP02::E05,val
2025-09-06 18:00:00,BF.CW.PMP02,cooling_descaling_pump,2.4129,-0.7222,80.9325,1.2734,1,BF.CW.PMP02::E05,val
2025-09-06 19:00:00,BF.CW.PMP02,cooling_descaling_pump,2.3271,-0.9193,80.0073,1.2271,1,BF.CW.PMP02::E05,val
2025-09-06 20:00:00,BF.CW.PMP02,cooling_descaling_pump,2.3609,-0.5151,79.1012,1.1745,1,BF.CW.PMP02::E05,val
2025-09-06 21:00:00,BF.CW.PMP02,cooling_descaling_pump,2.2616,-0.7509,78.6893,1.1723,1,BF.CW.PMP02::E05,val
2025-09-06 22:00:00,BF.CW.PMP02,cooling_descaling_pump,2.3412,-0.2803,79.3056,1.0875,0,BF.CW.PMP02::E05,val
2025-09-06 23:00:00,BF.CW.PMP02,cooling_descaling_pump,2.263,-0.1174,78.915,1.0769,0,BF.CW.PMP02::E05,val
2025-09-07 00:00:00,BF.CW.PMP02,cooling_descaling_pump,2.3566,-0.0035,79.0214,1.0405,0,BF.CW.PMP02::E05,val
2025-09-07 01:00:00,BF.CW.PMP02,cooling_descaling_pump,2.336,-0.2095,79.7059,1.1027,0,BF.CW.PMP02::E05,val
2025-09-07 02:00:00,BF.CW.PMP02,cooling_descaling_pump,2.4717,-0.1795,80.0787,1.0772,1,BF.CW.PMP02::E05,val
2025-09-07 03:00:00,BF.CW.PMP02,cooling_descaling_pump,2.4588,0.0717,80.1236,1.0855,0,BF.CW.PMP02::E05,val
2025-09-07 04:00:00,BF.CW.PMP02,cooling_descaling_pump,2.4916,-0.3079,80.5078,1.0718,1,BF.CW.PMP02::E05,val
2025-09-07 05:00:00,BF.CW.PMP02,cooling_descaling_pump,2.586,0.3769,82.5812,1.1112,0,BF.CW.PMP02::E05,val
2025-09-07 06:00:00,BF.CW.PMP02,cooling_descaling_pump,2.4803,5.5333,81.1372,1.0379,1,BF.CW.PMP02::E05,val
2025-09-07 07:00:00,BF.CW.PMP02,cooling_descaling_pump,2.4155,5.2778,80.0911,0.9933,0,BF.CW.PMP02::E05,val
2025-09-07 08:00:00,BF.CW.PMP02,cooling_descaling_pump,2.5896,-0.2265,80.4187,0.9488,0,BF.CW.PMP02::E05,val
2025-09-07 09:00:00,BF.CW.PMP02,cooling_descaling_pump,2.5649,0.0994,79.9201,0.9849,1,BF.CW.PMP02::E05,val
2025-09-07 10:00:00,BF.CW.PMP02,cooling_descaling_pump,2.656,0.2702,80.0035,0.9369,1,BF.CW.PMP02::E05,val
2025-09-07 11:00:00,BF.CW.PMP02,cooling_descaling_pump,2.52,-0.2648,77.717,0.8522,1,BF.CW.PMP02::E05,val
2025-09-07 12:00:00,BF.CW.PMP02,cooling_descaling_pump,2.4771,-0.8415,77.7273,0.8978,1,BF.CW.PMP02::E05,val
2025-09-07 13:00:00,BF.CW.PMP02,cooling_descaling_pump,2.5675,-0.4281,77.4146,0.8949,0,BF.CW.PMP02::E05,val
2025-09-07 14:00:00,BF.CW.PMP02,cooling_descaling_pump,2.4066,-1.1467,75.7151,0.8668,1,BF.CW.PMP02::E05,val
2025-09-07 15:00:00,BF.CW.PMP02,cooling_descaling_pump,2.332,-0.6132,73.301,0.8496,1,BF.CW.PMP02::E05,val
2025-09-07 16:00:00,BF.CW.PMP02,cooling_descaling_pump,2.4339,-1.0542,73.5035,0.8502,1,BF.CW.PMP02::E05,val
2025-09-07 17:00:00,BF.CW.PMP02,cooling_descaling_pump,2.4422,-0.9763,72.7356,0.9257,0,BF.CW.PMP02::E05,val
2025-09-07 18:00:00,BF.CW.PMP02,cooling_descaling_pump,2.168,-0.7644,71.347,0.9326,1,BF.CW.PMP02::E05,val
2025-09-07 19:00:00,BF.CW.PMP02,cooling_descaling_pump,2.2658,-0.1452,72.2776,0.9113,1,BF.CW.PMP02::E05,val
2025-09-07 20:00:00,BF.CW.PMP02,cooling_descaling_pump,2.4296,-0.2065,72.3017,0.7518,0,BF.CW.PMP02::E05,val
2025-09-07 21:00:00,BF.CW.PMP02,cooling_descaling_pump,2.5232,-0.4787,72.998,0.7456,1,BF.CW.PMP02::E05,val
2025-09-07 22:00:00,BF.CW.PMP02,cooling_descaling_pump,2.4624,-0.5082,72.2047,0.6974,1,BF.CW.PMP02::E05,val
2025-09-07 23:00:00,BF.CW.PMP02,cooling_descaling_pump,2.5055,-0.0881,73.1772,0.7633,1,BF.CW.PMP02::E05,val
2025-09-08 00:00:00,BF.CW.PMP02,cooling_descaling_pump,2.6846,-0.1283,75.7225,0.8523,0,BF.CW.PMP02::E05,val
2025-09-08 01:00:00,BF.CW.PMP02,cooling_descaling_pump,2.6905,-0.3083,76.9342,0.8559,0,BF.CW.PMP02::E05,val
2025-09-08 02:00:00,BF.CW.PMP02,cooling_descaling_pump,2.7505,-0.0243,77.3338,0.8101,1,BF.CW.PMP02::E05,val
2025-09-08 03:00:00,BF.CW.PMP02,cooling_descaling_pump,2.5449,-0.1591,76.835,0.8249,1,BF.CW.PMP02::E05,val
2025-09-08 04:00:00,BF.CW.PMP02,cooling_descaling_pump,2.6424,-0.1568,77.3525,0.7822,1,BF.CW.PMP02::E05,val
2025-09-08 05:00:00,BF.CW.PMP02,cooling_descaling_pump,2.4297,0.0019,75.6256,0.8164,0,BF.CW.PMP02::E05,val
2025-09-08 06:00:00,BF.CW.PMP02,cooling_descaling_pump,2.4417,0.2196,77.8562,0.9528,1,BF.CW.PMP02::E05,val
2025-09-08 07:00:00,BF.CW.PMP02,cooling_descaling_pump,2.3834,0.3644,77.8895,0.9952,1,BF.CW.PMP02::E05,val
2025-09-08 08:00:00,BF.CW.PMP02,cooling_descaling_pump,2.3206,0.2884,77.0948,0.962,1,BF.CW.PMP02::E05,val
2025-09-08 09:00:00,BF.CW.PMP02,cooling_descaling_pump,2.1496,0.4422,76.5312,1.0219,1,BF.CW.PMP02::E05,val
2025-09-08 10:00:00,BF.CW.PMP02,cooling_descaling_pump,2.191,-0.3709,76.4582,0.9948,1,BF.CW.PMP02::E05,val
2025-09-08 11:00:00,BF.CW.PMP02,cooling_descaling_pump,2.2915,-0.5751,74.9125,0.8654,0,BF.CW.PMP02::E05,val
2025-09-08 12:00:00,BF.CW.PMP02,cooling_descaling_pump,2.1693,-0.513,73.4975,0.8189,1,BF.CW.PMP02::E05,val
2025-09-08 13:00:00,BF.CW.PMP02,cooling_descaling_pump,2.2628,-0.7674,73.2815,0.8929,0,BF.CW.PMP02::E05,val
2025-09-08 14:00:00,BF.CW.PMP02,cooling_descaling_pump,2.1864,-0.8677,72.1239,0.7858,1,BF.CW.PMP02::E05,val
2025-09-08 15:00:00,BF.CW.PMP02,cooling_descaling_pump,2.2304,-0.7463,71.7983,0.7266,1,BF.CW.PMP02::E05,val
2025-09-08 16:00:00,BF.CW.PMP02,cooling_descaling_pump,2.2462,-0.9934,70.2274,0.684,1,BF.CW.PMP02::E05,val
2025-09-08 17:00:00,BF.CW.PMP02,cooling_descaling_pump,2.3893,-0.6588,69.9046,0.6926,1,BF.CW.PMP02::E05,val
2025-09-08 18:00:00,BF.CW.PMP02,cooling_descaling_pump,2.3697,-0.5212,69.6221,0.7135,1,BF.CW.PMP02::E05,val
2025-09-08 19:00:00,BF.CW.PMP02,cooling_descaling_pump,2.3263,0.2281,69.8791,0.7575,1,BF.CW.PMP02::E05,val
2025-09-08 20:00:00,BF.CW.PMP02,cooling_descaling_pump,2.3457,-0.506,69.9769,0.7773,1,BF.CW.PMP02::E05,val
2025-09-08 21:00:00,BF.CW.PMP02,cooling_descaling_pump,2.371,-0.6943,69.6583,0.7047,1,BF.CW.PMP02::E05,val
2025-09-08 22:00:00,BF.CW.PMP02,cooling_descaling_pump,2.2846,-0.565,68.5561,0.6836,1,BF.CW.PMP02::E05,val
2025-09-08 23:00:00,BF.CW.PMP02,cooling_descaling_pump,2.337,-0.2211,69.7792,0.7896,0,BF.CW.PMP02::E05,val
2025-09-09 00:00:00,BF.CW.PMP02,cooling_descaling_pump,2.1988,-0.2544,69.9724,0.8332,1,BF.CW.PMP02::E05,val
2025-09-09 01:00:00,BF.CW.PMP02,cooling_descaling_pump,2.2301,-0.3763,71.5843,0.9218,0,BF.CW.PMP02::E05,val
2025-09-09 02:00:00,BF.CW.PMP02,cooling_descaling_pump,2.2166,0.2271,71.5706,0.9815,1,BF.CW.PMP02::E05,val
2025-09-09 03:00:00,BF.CW.PMP02,cooling_descaling_pump,2.3268,-0.1573,73.5159,0.9519,1,BF.CW.PMP02::E05,val
2025-09-09 04:00:00,BF.CW.PMP02,cooling_descaling_pump,2.3767,0.1244,72.8138,0.9197,1,BF.CW.PMP02::E05,val
2025-09-09 05:00:00,BF.CW.PMP02,cooling_descaling_pump,2.3387,-0.3102,73.018,0.9252,1,BF.CW.PMP02::E05,val
2025-09-09 06:00:00,BF.CW.PMP02,cooling_descaling_pump,2.3568,-0.1877,74.6303,1.0791,0,BF.CW.PMP02::E05,val
2025-09-09 07:00:00,BF.CW.PMP02,cooling_descaling_pump,2.3586,0.0619,75.9445,1.1907,1,BF.CW.PMP02::E05,val
2025-09-09 08:00:00,BF.CW.PMP02,cooling_descaling_pump,2.3637,0.0503,77.0216,1.2275,1,BF.CW.PMP02::E05,val
2025-09-09 09:00:00,BF.CW.PMP02,cooling_descaling_pump,2.3082,-0.0065,77.0545,1.2937,1,BF.CW.PMP02::E05,val
2025-09-09 10:00:00,BF.CW.PMP02,cooling_descaling_pump,2.3929,-0.115,76.6089,1.1836,1,BF.CW.PMP02::E05,val
2025-09-09 11:00:00,BF.CW.PMP02,cooling_descaling_pump,2.4662,-0.2075,77.3409,1.1221,1,BF.CW.PMP02::E05,val
2025-09-09 12:00:00,BF.CW.PMP02,cooling_descaling_pump,2.4141,-0.636,75.892,1.0337,0,BF.CW.PMP02::E05,val
2025-09-09 13:00:00,BF.CW.PMP02,cooling_descaling_pump,2.3633,-0.3551,74.7062,0.9686,1,BF.CW.PMP02::E05,val
2025-09-09 14:00:00,BF.CW.PMP02,cooling_descaling_pump,2.4728,-0.3666,75.7385,0.9261,1,BF.CW.PMP02::E05,val
2025-09-09 15:00:00,BF.CW.PMP02,cooling_descaling_pump,2.5049,-0.5161,76.4098,0.9571,1,BF.CW.PMP02::E05,val
2025-09-09 16:00:00,BF.CW.PMP02,cooling_descaling_pump,2.3593,-0.8347,74.4035,0.9054,1,BF.CW.PMP02::E05,val
2025-09-09 17:00:00,BF.CW.PMP02,cooling_descaling_pump,2.3502,-1.2374,73.7919,0.9002,1,BF.CW.PMP02::E05,val
2025-09-09 18:00:00,BF.CW.PMP02,cooling_descaling_pump,2.4494,-0.9366,74.4396,0.8894,1,BF.CW.PMP02::E05,val
2025-09-09 19:00:00,BF.CW.PMP02,cooling_descaling_pump,2.3676,-0.599,73.7678,0.8782,1,BF.CW.PMP02::E05,val
2025-09-09 20:00:00,BF.CW.PMP02,cooling_descaling_pump,2.5257,-0.871,73.6693,0.8017,1,BF.CW.PMP02::E05,val
2025-09-09 21:00:00,BF.CW.PMP02,cooling_descaling_pump,2.5558,-0.6172,73.375,0.7795,0,BF.CW.PMP02::E05,val
2025-09-09 22:00:00,BF.CW.PMP02,cooling_descaling_pump,2.4781,0.1062,73.0992,0.77,1,BF.CW.PMP02::E05,val
2025-09-09 23:00:00,BF.CW.PMP02,cooling_descaling_pump,2.6332,-0.0047,74.7882,0.8365,1,BF.CW.PMP02::E05,val
2025-09-10 00:00:00,BF.CW.PMP02,cooling_descaling_pump,2.7182,-0.0935,75.8398,0.885,1,BF.CW.PMP02::E05,val
2025-09-10 01:00:00,BF.CW.PMP02,cooling_descaling_pump,2.704,0.2148,75.9088,0.8666,1,BF.CW.PMP02::E05,val
2025-09-10 02:00:00,BF.CW.PMP02,cooling_descaling_pump,2.4709,-0.4422,74.4576,0.8265,1,BF.CW.PMP02::E05,val
2025-09-10 03:00:00,BF.CW.PMP02,cooling_descaling_pump,2.5226,-0.4037,75.529,0.7715,1,BF.CW.PMP02::E05,val
2025-09-10 04:00:00,BF.CW.PMP02,cooling_descaling_pump,2.6192,-0.7857,76.5897,0.7641,1,BF.CW.PMP02::E05,val
2025-09-10 05:00:00,BF.CW.PMP02,cooling_descaling_pump,2.55,-0.6454,76.6504,0.7714,1,BF.CW.PMP02::E05,val
2025-09-10 06:00:00,BF.CW.PMP02,cooling_descaling_pump,2.3288,-0.7796,74.6034,0.8218,0,BF.CW.PMP02::E05,val
2025-09-10 07:00:00,BF.CW.PMP02,cooling_descaling_pump,2.3782,-0.5898,74.8904,0.9149,1,BF.CW.PMP02::E05,val
2025-09-10 08:00:00,BF.CW.PMP02,cooling_descaling_pump,2.3516,-0.409,76.1471,1.0094,1,BF.CW.PMP02::E05,val
2025-09-10 09:00:00,BF.CW.PMP02,cooling_descaling_pump,2.3491,-0.4375,75.6596,1.1086,1,BF.CW.PMP02::E05,val
2025-09-10 10:00:00,BF.CW.PMP02,cooling_descaling_pump,2.2837,-0.5297,75.496,1.0997,1,BF.CW.PMP02::E05,val
2025-09-10 11:00:00,BF.CW.PMP02,cooling_descaling_pump,2.5268,0.1177,77.1109,1.169,1,BF.CW.PMP02::E05,val
2025-09-10 12:00:00,BF.CW.PMP02,cooling_descaling_pump,2.5313,-0.189,75.6273,1.1446,1,BF.CW.PMP02::E05,val
2025-09-10 13:00:00,BF.CW.PMP02,cooling_descaling_pump,2.5029,-0.6978,74.6626,1.0455,0,BF.CW.PMP02::E05,val
2025-09-10 14:00:00,BF.CW.PMP02,cooling_descaling_pump,2.4205,-0.6499,73.7884,1.1054,1,BF.CW.PMP02::E05,val
2025-09-10 15:00:00,BF.CW.PMP02,cooling_descaling_pump,2.4376,-0.8496,74.3325,1.2177,1,BF.CW.PMP02::E05,val
2025-09-10 16:00:00,BF.CW.PMP02,cooling_descaling_pump,2.3475,-0.8886,74.2928,1.1504,1,BF.CW.PMP02::E05,val
2025-09-10 17:00:00,BF.CW.PMP02,cooling_descaling_pump,2.4522,-0.7366,73.8249,1.0213,1,BF.CW.PMP02::E05,val
2025-09-10 18:00:00,BF.CW.PMP02,cooling_descaling_pump,2.4773,-0.5923,74.0207,1.0442,1,BF.CW.PMP02::E05,val
2025-09-10 19:00:00,BF.CW.PMP02,cooling_descaling_pump,2.3849,-0.1944,74.5155,1.1263,1,BF.CW.PMP02::E05,val
2025-09-10 20:00:00,BF.CW.PMP02,cooling_descaling_pump,2.2635,-0.231,74.6814,1.1752,0,BF.CW.PMP02::E05,val
2025-09-10 21:00:00,BF.CW.PMP02,cooling_descaling_pump,2.374,-0.0253,77.2091,1.2548,1,BF.CW.PMP02::E05,val
2025-09-10 22:00:00,BF.CW.PMP02,cooling_descaling_pump,2.2296,0.1316,75.6954,1.1823,1,BF.CW.PMP02::E05,val
2025-09-10 23:00:00,BF.CW.PMP02,cooling_descaling_pump,2.2357,0.9099,75.1595,1.1432,1,BF.CW.PMP02::E05,val
2025-09-11 00:00:00,BF.CW.PMP02,cooling_descaling_pump,2.2065,1.1222,76.209,1.1749,1,BF.CW.PMP02::E05,val
2025-09-11 01:00:00,BF.CW.PMP02,cooling_descaling_pump,2.3503,0.9206,78.8243,1.2377,1,BF.CW.PMP02::E05,val
2025-09-11 02:00:00,BF.CW.PMP02,cooling_descaling_pump,2.3299,0.9736,80.11,1.3673,1,BF.CW.PMP02::E05,val
2025-09-11 03:00:00,BF.CW.PMP02,cooling_descaling_pump,2.3071,1.2891,80.1169,1.35,1,BF.CW.PMP02::E05,val
2025-09-11 04:00:00,BF.CW.PMP02,cooling_descaling_pump,2.1385,0.867,79.9354,1.3241,1,BF.CW.PMP02::E05,val
2025-09-11 05:00:00,BF.CW.PMP02,cooling_descaling_pump,2.1361,0.7743,80.7415,1.297,1,BF.CW.PMP02::E05,val
2025-09-11 06:00:00,BF.CW.PMP02,cooling_descaling_pump,2.2329,1.207,79.9526,1.2249,1,BF.CW.PMP02::E05,val
2025-09-11 07:00:00,BF.CW.PMP02,cooling_descaling_pump,2.3189,0.7822,79.5522,1.1692,0,BF.CW.PMP02::E05,val
2025-09-11 08:00:00,BF.CW.PMP02,cooling_descaling_pump,1.9991,0.7192,76.8605,1.1014,1,BF.CW.PMP02::E05,val
2025-09-11 09:00:00,BF.CW.PMP02,cooling_descaling_pump,2.1158,0.2769,78.5251,1.12,1,BF.CW.PMP02::E05,val
2025-09-11 10:00:00,BF.CW.PMP02,cooling_descaling_pump,2.1502,-0.1304,79.0317,1.1157,1,BF.CW.PMP02::E05,val
2025-09-11 11:00:00,BF.CW.PMP02,cooling_descaling_pump,2.1665,0.5296,78.9552,1.0684,1,BF.CW.PMP02::E05,val
2025-09-11 12:00:00,BF.CW.PMP02,cooling_descaling_pump,2.1628,0.6341,77.193,1.0614,1,BF.CW.PMP02::E05,val
2025-09-11 13:00:00,BF.CW.PMP02,cooling_descaling_pump,2.2209,0.8992,77.0464,1.1424,1,BF.CW.PMP02::E05,val
2025-09-11 14:00:00,BF.CW.PMP02,cooling_descaling_pump,2.188,0.0608,76.6926,1.1069,1,BF.CW.PMP02::E05,val
2025-09-11 15:00:00,BF.CW.PMP02,cooling_descaling_pump,2.2624,-0.4144,76.9793,1.0048,1,BF.CW.PMP02::E05,val
2025-09-11 16:00:00,BF.CW.PMP02,cooling_descaling_pump,2.2675,-0.343,76.354,0.9497,1,BF.CW.PMP02::E05,val
2025-09-11 17:00:00,BF.CW.PMP02,cooling_descaling_pump,2.2959,-0.8828,76.1715,0.9764,0,BF.CW.PMP02::E05,val
2025-09-11 18:00:00,BF.CW.PMP02,cooling_descaling_pump,2.2858,-1.1724,76.4214,0.9701,1,BF.CW.PMP02::E05,val
2025-09-11 19:00:00,BF.CW.PMP02,cooling_descaling_pump,2.5202,0.0164,78.5343,1.0559,1,BF.CW.PMP02::E05,val
2025-09-11 20:00:00,BF.CW.PMP02,cooling_descaling_pump,2.5032,-0.3014,79.2342,1.0917,1,BF.CW.PMP02::E05,val
2025-09-11 21:00:00,BF.CW.PMP02,cooling_descaling_pump,2.5289,-0.0404,79.3564,1.1014,1,BF.CW.PMP02::E05,val
2025-09-11 22:00:00,BF.CW.PMP02,cooling_descaling_pump,2.5779,0.241,79.3179,0.9296,1,BF.CW.PMP02::E05,val
2025-09-11 23:00:00,BF.CW.PMP02,cooling_descaling_pump,2.549,0.4108,80.7403,0.936,1,BF.CW.PMP02::E05,val
2025-09-12 00:00:00,BF.CW.PMP02,cooling_descaling_pump,2.5008,0.332,81.3813,0.987,1,BF.CW.PMP02::E05,val
2025-09-12 01:00:00,BF.CW.PMP02,cooling_descaling_pump,2.4963,-0.5622,80.6445,1.011,1,BF.CW.PMP02::E05,val
2025-09-12 02:00:00,BF.CW.PMP02,cooling_descaling_pump,2.4737,-0.844,82.0257,1.0776,1,BF.CW.PMP02::E05,val
2025-09-12 03:00:00,BF.CW.PMP02,cooling_descaling_pump,2.561,-0.0003,83.9404,1.1295,1,BF.CW.PMP02::E05,val
2025-09-12 04:00:00,BF.CW.PMP02,cooling_descaling_pump,2.7183,-0.1301,84.6152,1.0871,1,BF.CW.PMP02::E05,val
2025-09-12 05:00:00,BF.CW.PMP02,cooling_descaling_pump,2.7217,-0.4223,83.5752,1.0649,1,BF.CW.PMP02::E05,val
2025-09-12 06:00:00,BF.CW.PMP02,cooling_descaling_pump,2.8796,-0.7102,84.6289,1.0221,1,BF.CW.PMP02::E05,val
2025-09-12 07:00:00,BF.CW.PMP02,cooling_descaling_pump,2.8751,-0.4674,84.3811,1.0171,1,BF.CW.PMP02::E05,val
2025-09-12 08:00:00,BF.CW.PMP02,cooling_descaling_pump,2.8853,-0.8158,84.695,1.002,1,BF.CW.PMP02::E05,val
2025-09-12 09:00:00,BF.CW.PMP02,cooling_descaling_pump,2.9232,-1.7423,83.6025,0.9447,1,BF.CW.PMP02::E05,val
2025-09-12 10:00:00,BF.CW.PMP02,cooling_descaling_pump,2.9036,-1.7601,83.785,0.9703,1,BF.CW.PMP02::E05,val
2025-09-12 11:00:00,BF.CW.PMP02,cooling_descaling_pump,2.7539,-2.4227,82.0592,0.9258,1,BF.CW.PMP02::E05,val
2025-09-12 12:00:00,BF.CW.PMP02,cooling_descaling_pump,2.9548,-2.688,84.3299,0.9773,1,BF.CW.PMP02::E05,val
2025-09-12 13:00:00,BF.CW.PMP02,cooling_descaling_pump,2.8622,-2.1659,81.0026,0.84,1,BF.CW.PMP02::E05,val
2025-09-12 14:00:00,BF.CW.PMP02,cooling_descaling_pump,2.8284,-2.5938,80.6834,0.8425,1,BF.CW.PMP02::E05,val
2025-09-12 15:00:00,BF.CW.PMP02,cooling_descaling_pump,2.7591,-2.9902,81.178,0.8947,1,BF.CW.PMP02::E05,val
2025-09-12 16:00:00,BF.CW.PMP02,cooling_descaling_pump,2.7253,-2.3709,81.4208,0.9297,1,BF.CW.PMP02::E05,val
2025-09-12 17:00:00,BF.CW.PMP02,cooling_descaling_pump,2.5925,-2.7768,82.1135,0.97,1,BF.CW.PMP02::E05,val
2025-09-12 18:00:00,BF.CW.PMP02,cooling_descaling_pump,2.4837,-2.2925,81.9732,0.8961,1,BF.CW.PMP02::E05,val
2025-09-12 19:00:00,BF.CW.PMP02,cooling_descaling_pump,2.6332,-1.8364,83.8523,1.0223,1,BF.CW.PMP02::E05,val
2025-09-12 20:00:00,BF.CW.PMP02,cooling_descaling_pump,2.7205,-1.3907,83.5919,0.965,1,BF.CW.PMP02::E05,val
2025-09-12 21:00:00,BF.CW.PMP02,cooling_descaling_pump,2.7905,-1.1135,84.3162,1.002,1,BF.CW.PMP02::E05,val
2025-09-12 22:00:00,BF.CW.PMP02,cooling_descaling_pump,2.8718,,,1.0181,1,BF.CW.PMP02::E05,val
2025-09-12 23:00:00,BF.CW.PMP02,cooling_descaling_pump,2.7019,-0.6043,85.6797,1.067,1,BF.CW.PMP02::E05,val
2025-09-13 00:00:00,BF.CW.PMP02,cooling_descaling_pump,2.7636,-1.0954,86.7773,1.0476,1,BF.CW.PMP02::E05,val
2025-09-13 01:00:00,BF.CW.PMP02,cooling_descaling_pump,2.7933,-1.0489,86.6471,1.0712,1,BF.CW.PMP02::E05,val
2025-09-13 02:00:00,BF.CW.PMP02,cooling_descaling_pump,2.8007,-0.5493,86.5928,1.1143,1,BF.CW.PMP02::E05,val
2025-09-13 03:00:00,BF.CW.PMP02,cooling_descaling_pump,2.7364,-0.6897,86.9265,1.1634,1,BF.CW.PMP02::E05,val
2025-09-13 04:00:00,BF.CW.PMP02,cooling_descaling_pump,2.6333,-1.156,86.0809,1.0672,1,BF.CW.PMP02::E05,val
2025-09-13 05:00:00,BF.CW.PMP02,cooling_descaling_pump,2.5256,-1.0708,85.2321,1.0159,0,BF.CW.PMP02::E05,val
2025-09-13 06:00:00,BF.CW.PMP02,cooling_descaling_pump,2.6392,-1.2443,86.1309,1.1436,1,BF.CW.PMP02::E05,val
2025-09-13 07:00:00,BF.CW.PMP02,cooling_descaling_pump,2.7566,-0.5238,85.9993,1.1819,1,BF.CW.PMP02::E05,val
2025-09-13 08:00:00,BF.CW.PMP02,cooling_descaling_pump,2.7207,-0.3973,86.1211,1.2148,1,BF.CW.PMP02::E05,val
2025-09-13 09:00:00,BF.CW.PMP02,cooling_descaling_pump,2.6965,-0.3934,85.3121,1.0674,1,BF.CW.PMP02::E05,val
2025-09-13 10:00:00,BF.CW.PMP02,cooling_descaling_pump,2.6796,-0.2108,84.929,1.0005,1,BF.CW.PMP02::E05,val
2025-09-13 11:00:00,BF.CW.PMP02,cooling_descaling_pump,2.5284,0.0826,84.5392,1.0548,1,BF.CW.PMP02::E05,val
2025-09-13 12:00:00,BF.CW.PMP02,cooling_descaling_pump,2.6191,0.0262,85.3576,1.0072,1,BF.CW.PMP02::E05,val
2025-09-13 13:00:00,BF.CW.PMP02,cooling_descaling_pump,2.7274,0.4935,86.1993,1.0044,1,BF.CW.PMP02::E05,val
2025-09-13 14:00:00,BF.CW.PMP02,cooling_descaling_pump,2.6107,0.4362,83.0147,0.936,1,BF.CW.PMP02::E05,val
2025-09-13 15:00:00,BF.CW.PMP02,cooling_descaling_pump,2.621,0.3097,84.0085,1.0433,1,BF.CW.PMP02::E05,val
2025-09-13 16:00:00,BF.CW.PMP02,cooling_descaling_pump,2.6307,0.1984,83.585,1.0395,1,BF.CW.PMP02::E05,val
2025-09-13 17:00:00,BF.CW.PMP02,cooling_descaling_pump,2.5334,0.2381,83.6083,1.0347,1,BF.CW.PMP02::E05,val
2025-09-13 18:00:00,BF.CW.PMP02,cooling_descaling_pump,2.45,0.0272,83.3233,1.0409,1,BF.CW.PMP02::E05,val
2025-09-13 19:00:00,BF.CW.PMP02,cooling_descaling_pump,2.59,-0.0674,85.8902,1.1932,1,BF.CW.PMP02::E05,val
2025-09-13 20:00:00,BF.CW.PMP02,cooling_descaling_pump,2.7893,-0.1398,88.0187,1.1849,1,BF.CW.PMP02::E05,val
2025-09-13 21:00:00,BF.CW.PMP02,cooling_descaling_pump,2.9154,0.6985,89.8705,1.1854,1,BF.CW.PMP02::E05,val
2025-09-13 22:00:00,BF.CW.PMP02,cooling_descaling_pump,2.9122,-0.0351,89.5862,1.2046,1,BF.CW.PMP02::E05,val
2025-09-13 23:00:00,BF.CW.PMP02,cooling_descaling_pump,2.9303,-0.4625,88.8329,1.1087,1,BF.CW.PMP02::E05,val
2025-09-14 00:00:00,BF.CW.PMP02,cooling_descaling_pump,2.9691,-0.181,90.5193,1.1518,1,BF.CW.PMP02::E05,val
2025-09-14 01:00:00,BF.CW.PMP02,cooling_descaling_pump,2.9049,0.1333,90.9502,1.1585,1,BF.CW.PMP02::E05,val
2025-09-14 02:00:00,BF.CW.PMP02,cooling_descaling_pump,2.9579,0.0291,92.5538,1.1446,1,BF.CW.PMP02::E05,val
2025-09-14 03:00:00,BF.CW.PMP02,cooling_descaling_pump,3.0487,0.2537,92.5608,1.1261,1,BF.CW.PMP02::E05,val
2025-09-14 04:00:00,BF.CW.PMP02,cooling_descaling_pump,3.0903,0.2293,92.0901,1.0212,1,BF.CW.PMP02::E05,val
2025-09-14 05:00:00,BF.CW.PMP02,cooling_descaling_pump,3.0587,0.3934,92.0713,0.9343,1,BF.CW.PMP02::E05,val
2025-09-14 06:00:00,BF.CW.PMP02,cooling_descaling_pump,3.1939,0.5887,92.68,0.8959,0,BF.CW.PMP02::E05,val
2025-09-14 07:00:00,BF.CW.PMP02,cooling_descaling_pump,3.1084,0.4028,91.2504,0.886,1,BF.CW.PMP02::E05,val
2025-09-14 08:00:00,BF.CW.PMP02,cooling_descaling_pump,3.0556,0.0807,92.1106,1.0316,1,BF.CW.PMP02::E05,val
2025-09-14 09:00:00,BF.CW.PMP02,cooling_descaling_pump,2.8827,0.7576,92.2974,1.1684,1,BF.CW.PMP02::E05,val
2025-09-14 10:00:00,BF.CW.PMP02,cooling_descaling_pump,2.8092,0.5065,92.2132,1.1016,1,BF.CW.PMP02::E05,val
2025-09-14 11:00:00,BF.CW.PMP02,cooling_descaling_pump,2.8014,0.0663,91.616,1.0677,1,BF.CW.PMP02::E05,val
2025-09-14 12:00:00,BF.CW.PMP02,cooling_descaling_pump,3.035,-0.0802,93.4192,1.0589,1,BF.CW.PMP02::E05,val
2025-09-14 13:00:00,BF.CW.PMP02,cooling_descaling_pump,3.108,0.402,92.8779,1.0811,1,BF.CW.PMP02::E05,val
2025-09-14 14:00:00,BF.CW.PMP02,cooling_descaling_pump,3.1527,0.4575,90.9281,0.9951,1,BF.CW.PMP02::E05,val
2025-09-14 15:00:00,BF.CW.PMP02,cooling_descaling_pump,3.1445,0.2468,90.0866,1.0453,1,BF.CW.PMP02::E05,val
2025-09-14 16:00:00,BF.CW.PMP02,cooling_descaling_pump,3.2548,0.1593,91.8356,1.0789,1,BF.CW.PMP02::E05,val
2025-09-14 17:00:00,BF.CW.PMP02,cooling_descaling_pump,3.1421,-0.1336,91.6052,1.1006,1,BF.CW.PMP02::E05,val
2025-09-14 18:00:00,BF.CW.PMP02,cooling_descaling_pump,3.1349,-0.4067,92.0374,1.1858,1,BF.CW.PMP02::E05,val
2025-09-14 19:00:00,BF.CW.PMP02,cooling_descaling_pump,3.0456,0.4115,90.8015,1.1466,1,BF.CW.PMP02::E05,val
2025-09-14 20:00:00,BF.CW.PMP02,cooling_descaling_pump,3.0298,0.6577,90.9738,1.0567,1,BF.CW.PMP02::E05,val
2025-09-14 21:00:00,BF.CW.PMP02,cooling_descaling_pump,2.9555,1.0332,89.9068,0.9084,1,BF.CW.PMP02::E05,val
2025-09-14 22:00:00,BF.CW.PMP02,cooling_descaling_pump,2.8481,0.781,90.6724,0.9982,1,BF.CW.PMP02::E05,val
2025-09-14 23:00:00,BF.CW.PMP02,cooling_descaling_pump,2.865,1.1414,91.2213,0.9643,1,BF.CW.PMP02::E05,val
2025-09-15 00:00:00,BF.CW.PMP02,cooling_descaling_pump,3.06,0.8599,92.6484,0.9086,1,BF.CW.PMP02::E05,val
2025-09-15 01:00:00,BF.CW.PMP02,cooling_descaling_pump,3.1138,0.7481,93.9223,0.915,1,BF.CW.PMP02::E05,val
2025-09-15 02:00:00,BF.CW.PMP02,cooling_descaling_pump,3.0856,0.369,94.4954,1.0207,1,BF.CW.PMP02::E05,val
2025-09-15 03:00:00,BF.CW.PMP02,cooling_descaling_pump,3.1068,0.8186,94.4689,1.027,1,BF.CW.PMP02::E05,val
2025-09-15 04:00:00,BF.CW.PMP02,cooling_descaling_pump,3.2034,0.0735,96.244,1.0281,1,BF.CW.PMP02::E05,val
2025-09-15 05:00:00,BF.CW.PMP02,cooling_descaling_pump,3.2371,0.2571,96.6004,0.9699,1,BF.CW.PMP02::E05,val
2025-09-15 06:00:00,BF.CW.PMP02,cooling_descaling_pump,3.3484,0.6994,96.5858,0.9362,1,BF.CW.PMP02::E05,val
2025-09-15 07:00:00,BF.CW.PMP02,cooling_descaling_pump,3.2666,0.5874,97.2327,0.9998,1,BF.CW.PMP02::E05,val
2025-09-15 08:00:00,BF.CW.PMP02,cooling_descaling_pump,3.0496,1.5559,95.1504,0.8771,1,BF.CW.PMP02::E05,val
2025-09-15 09:00:00,BF.CW.PMP02,cooling_descaling_pump,2.9845,1.6767,93.489,0.8244,1,BF.CW.PMP02::E05,val
2025-09-15 10:00:00,BF.CW.PMP02,cooling_descaling_pump,2.9345,1.3986,94.0938,0.7684,1,BF.CW.PMP02::E05,val
2025-09-15 11:00:00,BF.CW.PMP02,cooling_descaling_pump,2.9688,0.896,93.9245,0.901,1,BF.CW.PMP02::E05,val
2025-09-15 12:00:00,BF.CW.PMP02,cooling_descaling_pump,2.9049,0.8599,92.5994,0.8105,1,BF.CW.PMP02::E05,val
2025-09-15 13:00:00,BF.CW.PMP02,cooling_descaling_pump,2.8387,0.5204,92.1099,0.7703,1,BF.CW.PMP02::E05,val
2025-09-15 14:00:00,BF.CW.PMP02,cooling_descaling_pump,2.7028,0.236,92.0311,0.9011,1,BF.CW.PMP02::E05,val
2025-09-15 15:00:00,BF.CW.PMP02,cooling_descaling_pump,2.6851,0.3395,91.9699,0.9438,1,BF.CW.PMP02::E05,val
2025-09-15 16:00:00,BF.CW.PMP02,cooling_descaling_pump,2.858,0.0515,93.2839,0.9922,1,BF.CW.PMP02::E05,val
2025-09-15 17:00:00,BF.CW.PMP02,cooling_descaling_pump,2.8317,-0.2681,94.2016,1.0542,1,BF.CW.PMP02::E05,val
2025-09-15 18:00:00,BF.CW.PMP02,cooling_descaling_pump,2.8601,-0.4706,94.6395,1.0796,1,BF.CW.PMP02::E05,val
2025-09-15 19:00:00,BF.CW.PMP02,cooling_descaling_pump,2.8355,-0.2001,94.5388,1.0709,1,BF.CW.PMP02::E05,val
2025-09-15 20:00:00,BF.CW.PMP02,cooling_descaling_pump,2.733,-0.3473,93.393,1.107,1,BF.CW.PMP02::E05,val
2025-09-15 21:00:00,BF.CW.PMP02,cooling_descaling_pump,2.7149,-0.4637,91.9271,0.9411,1,BF.CW.PMP02::E05,val
2025-09-15 22:00:00,BF.CW.PMP02,cooling_descaling_pump,2.5,0.123,90.9528,0.9445,1,BF.CW.PMP02::E05,val
2025-09-15 23:00:00,BF.CW.PMP02,cooling_descaling_pump,2.4569,0.6197,91.661,1.021,1,BF.CW.PMP02::E05,val
2025-09-16 00:00:00,BF.CW.PMP02,cooling_descaling_pump,2.52,0.5865,92.2763,0.9566,1,BF.CW.PMP02::E05,val
2025-09-16 01:00:00,BF.CW.PMP02,cooling_descaling_pump,2.6031,1.0515,93.0916,0.9694,1,BF.CW.PMP02::E05,val
2025-09-16 02:00:00,BF.CW.PMP02,cooling_descaling_pump,2.5525,1.5734,93.2591,1.0309,1,BF.CW.PMP02::E05,val
2025-09-16 03:00:00,BF.CW.PMP02,cooling_descaling_pump,2.8362,1.0369,96.169,1.1771,1,BF.CW.PMP02::E05,val
2025-09-16 04:00:00,BF.CW.PMP02,cooling_descaling_pump,2.6881,1.1202,94.9766,1.139,1,BF.CW.PMP02::E05,val
2025-09-16 05:00:00,BF.CW.PMP02,cooling_descaling_pump,2.582,0.4138,94.4765,1.1051,1,BF.CW.PMP02::E05,val
2025-09-16 06:00:00,BF.CW.PMP02,cooling_descaling_pump,2.6366,0.9245,93.6,1.0307,1,BF.CW.PMP02::E05,val
2025-09-16 07:00:00,BF.CW.PMP02,cooling_descaling_pump,2.6935,0.8347,93.1927,1.008,1,BF.CW.PMP02::E05,val
2025-09-16 08:00:00,BF.CW.PMP02,cooling_descaling_pump,2.8363,0.9281,93.389,0.988,1,BF.CW.PMP02::E05,val
2025-09-16 09:00:00,BF.CW.PMP02,cooling_descaling_pump,2.9425,1.0952,94.3821,0.9061,1,BF.CW.PMP02::E05,val
2025-09-16 10:00:00,BF.CW.PMP02,cooling_descaling_pump,3.0274,0.4306,94.0886,0.9302,2,BF.CW.PMP02::E05,val
2025-09-16 11:00:00,BF.CW.PMP02,cooling_descaling_pump,3.057,1.1227,94.7388,0.9839,1,BF.CW.PMP02::E05,val
2025-09-16 12:00:00,BF.CW.PMP02,cooling_descaling_pump,2.977,0.541,92.6622,0.9579,1,BF.CW.PMP02::E05,val
2025-09-16 13:00:00,BF.CW.PMP02,cooling_descaling_pump,3.0561,0.1349,92.4451,0.9901,1,BF.CW.PMP02::E05,val
2025-09-16 14:00:00,BF.CW.PMP02,cooling_descaling_pump,3.1711,0.3834,92.0177,1.0457,1,BF.CW.PMP02::E05,val
2025-09-16 15:00:00,BF.CW.PMP02,cooling_descaling_pump,3.3291,0.0008,92.6974,1.0317,1,BF.CW.PMP02::E05,val
2025-09-16 16:00:00,BF.CW.PMP02,cooling_descaling_pump,3.4623,-0.024,92.6839,0.9034,1,BF.CW.PMP02::E05,val
2025-09-16 17:00:00,BF.CW.PMP02,cooling_descaling_pump,3.5018,0.4189,91.6568,0.8139,1,BF.CW.PMP02::E05,val
2025-09-16 18:00:00,BF.CW.PMP02,cooling_descaling_pump,3.5335,0.6596,92.0253,0.7738,1,BF.CW.PMP02::E05,val
2025-09-16 19:00:00,BF.CW.PMP02,cooling_descaling_pump,3.5802,0.386,91.612,0.6471,1,BF.CW.PMP02::E05,val
2025-09-16 20:00:00,BF.CW.PMP02,cooling_descaling_pump,3.3304,0.731,91.2494,0.8471,1,BF.CW.PMP02::E05,val
2025-09-16 21:00:00,BF.CW.PMP02,cooling_descaling_pump,3.3082,0.5681,92.5635,0.8932,1,BF.CW.PMP02::E05,val
2025-09-16 22:00:00,BF.CW.PMP02,cooling_descaling_pump,3.2905,0.218,92.8982,0.8981,1,BF.CW.PMP02::E05,val
2025-09-16 23:00:00,BF.CW.PMP02,cooling_descaling_pump,3.1175,0.0127,92.6151,0.8614,1,BF.CW.PMP02::E05,val
2025-09-17 00:00:00,BF.CW.PMP02,cooling_descaling_pump,3.2181,0.2373,92.9732,0.8841,1,BF.CW.PMP02::E05,val
2025-09-17 01:00:00,BF.CW.PMP02,cooling_descaling_pump,3.1235,0.2683,92.3637,0.7981,1,BF.CW.PMP02::E05,val
2025-09-17 02:00:00,BF.CW.PMP02,cooling_descaling_pump,3.0397,-0.0322,92.3389,0.7617,1,BF.CW.PMP02::E05,val
2025-09-17 03:00:00,BF.CW.PMP02,cooling_descaling_pump,3.001,-0.5932,92.342,0.8316,1,BF.CW.PMP02::E05,val
2025-09-17 04:00:00,BF.CW.PMP02,cooling_descaling_pump,2.9454,0.2706,92.472,0.7626,1,BF.CW.PMP02::E05,val
2025-09-17 05:00:00,BF.CW.PMP02,cooling_descaling_pump,2.982,0.2252,92.9327,0.8077,1,BF.CW.PMP02::E05,val
2025-09-17 06:00:00,BF.CW.PMP02,cooling_descaling_pump,2.956,0.0815,93.0697,0.8555,1,BF.CW.PMP02::E05,val
2025-09-17 07:00:00,BF.CW.PMP02,cooling_descaling_pump,2.9177,0.0481,93.1659,0.9332,1,BF.CW.PMP02::E05,val
2025-09-17 08:00:00,BF.CW.PMP02,cooling_descaling_pump,2.8998,-0.3324,92.602,0.949,2,BF.CW.PMP02::E05,val
2025-09-17 09:00:00,BF.CW.PMP02,cooling_descaling_pump,2.927,0.5687,92.5659,1.0127,1,BF.CW.PMP02::E05,val
2025-09-17 10:00:00,BF.CW.PMP02,cooling_descaling_pump,3.0233,0.8472,94.5367,1.1206,1,BF.CW.PMP02::E05,val
2025-09-17 11:00:00,BF.CW.PMP02,cooling_descaling_pump,3.1362,0.5513,94.7164,1.0328,1,BF.CW.PMP02::E05,val
2025-09-17 12:00:00,BF.CW.PMP02,cooling_descaling_pump,3.0863,0.3671,95.3514,1.0321,1,BF.CW.PMP02::E05,val
2025-09-17 13:00:00,BF.CW.PMP02,cooling_descaling_pump,3.106,0.0585,93.8283,0.9857,1,BF.CW.PMP02::E05,val
2025-09-17 14:00:00,BF.CW.PMP02,cooling_descaling_pump,3.1144,0.2549,93.9326,1.046,1,BF.CW.PMP02::E05,val
2025-09-17 15:00:00,BF.CW.PMP02,cooling_descaling_pump,2.9597,0.5671,91.0913,0.9354,1,BF.CW.PMP02::E05,val
2025-09-17 16:00:00,BF.CW.PMP02,cooling_descaling_pump,2.8649,0.3797,90.0508,0.8836,1,BF.CW.PMP02::E05,val
2025-09-17 17:00:00,BF.CW.PMP02,cooling_descaling_pump,2.9346,0.2613,91.3401,0.872,1,BF.CW.PMP02::E05,val
2025-09-17 18:00:00,BF.CW.PMP02,cooling_descaling_pump,2.9339,-0.0934,91.471,0.8486,1,BF.CW.PMP02::E05,val
2025-09-17 19:00:00,BF.CW.PMP02,cooling_descaling_pump,2.9505,0.102,91.7108,0.9272,1,BF.CW.PMP02::E05,val
2025-09-17 20:00:00,BF.CW.PMP02,cooling_descaling_pump,2.9357,-0.2826,91.9537,1.0499,1,BF.CW.PMP02::E05,val
2025-09-17 21:00:00,BF.CW.PMP02,cooling_descaling_pump,3.0344,-0.4657,93.2764,1.1484,1,BF.CW.PMP02::E05,val
2025-09-17 22:00:00,BF.CW.PMP02,cooling_descaling_pump,3.1688,0.0146,95.1041,1.1768,2,BF.CW.PMP02::E05,val
2025-09-17 23:00:00,BF.CW.PMP02,cooling_descaling_pump,3.0565,0.6864,94.231,1.0611,1,BF.CW.PMP02::E05,val
2025-09-18 00:00:00,BF.CW.PMP02,cooling_descaling_pump,3.0835,0.6774,95.7587,1.1818,1,BF.CW.PMP02::E05,val
2025-09-18 01:00:00,BF.CW.PMP02,cooling_descaling_pump,2.9942,0.6761,95.3596,1.2539,1,BF.CW.PMP02::E05,val
2025-09-18 02:00:00,BF.CW.PMP02,cooling_descaling_pump,3.0621,0.2094,96.6069,1.3156,1,BF.CW.PMP02::E05,val
2025-09-18 03:00:00,BF.CW.PMP02,cooling_descaling_pump,3.0561,0.174,96.0502,1.2037,1,BF.CW.PMP02::E05,val
2025-09-18 04:00:00,BF.CW.PMP02,cooling_descaling_pump,3.0706,0.4569,96.9933,1.173,1,BF.CW.PMP02::E05,val
2025-09-18 05:00:00,BF.CW.PMP02,cooling_descaling_pump,3.1271,0.0491,95.9291,1.0804,1,BF.CW.PMP02::E05,val
2025-09-18 06:00:00,BF.CW.PMP02,cooling_descaling_pump,2.9838,-0.2767,95.2813,1.1704,1,BF.CW.PMP02::E05,val
2025-09-18 07:00:00,BF.CW.PMP02,cooling_descaling_pump,2.9065,0.8082,92.9804,1.0951,1,BF.CW.PMP02::E05,val
2025-09-18 08:00:00,BF.CW.PMP02,cooling_descaling_pump,2.9524,0.8205,92.5032,1.0307,1,BF.CW.PMP02::E05,val
2025-09-18 09:00:00,BF.CW.PMP02,cooling_descaling_pump,2.9723,0.3612,91.5773,0.9706,1,BF.CW.PMP02::E05,val
2025-09-18 10:00:00,BF.CW.PMP02,cooling_descaling_pump,2.9817,0.5916,89.5953,0.9056,1,BF.CW.PMP02::E05,val
2025-09-18 11:00:00,BF.CW.PMP02,cooling_descaling_pump,2.8318,0.451,88.0984,0.9437,1,BF.CW.PMP02::E05,val
2025-09-18 12:00:00,BF.CW.PMP02,cooling_descaling_pump,2.8503,0.832,88.0815,1.0576,1,BF.CW.PMP02::E05,val
2025-09-18 13:00:00,BF.CW.PMP02,cooling_descaling_pump,3.6713,1.2284,87.1607,1.0409,1,BF.CW.PMP02::E05,val
2025-09-18 14:00:00,BF.CW.PMP02,cooling_descaling_pump,4.4454,1.3809,86.1182,1.0193,1,BF.CW.PMP02::E05,val
2025-09-18 15:00:00,BF.CW.PMP02,cooling_descaling_pump,3.5809,1.6286,85.1658,1.012,1,BF.CW.PMP02::E05,val
2025-09-18 16:00:00,BF.CW.PMP02,cooling_descaling_pump,2.7706,1.7967,83.4671,0.9293,1,BF.CW.PMP02::E05,val
2025-09-18 17:00:00,BF.CW.PMP02,cooling_descaling_pump,2.771,1.5974,83.7465,1.0222,1,BF.CW.PMP02::E05,val
2025-09-18 18:00:00,BF.CW.PMP02,cooling_descaling_pump,2.6633,1.3514,83.9433,1.0584,2,BF.CW.PMP02::E05,val
2025-09-18 19:00:00,BF.CW.PMP02,cooling_descaling_pump,2.6994,1.669,83.7608,1.0101,1,BF.CW.PMP02::E05,val
2025-09-18 20:00:00,BF.CW.PMP02,cooling_descaling_pump,2.7484,0.7541,83.9955,1.0141,1,BF.CW.PMP02::E05,val
2025-09-18 21:00:00,BF.CW.PMP02,cooling_descaling_pump,2.9935,0.3767,84.3513,0.9486,1,BF.CW.PMP02::E05,val
2025-09-18 22:00:00,BF.CW.PMP02,cooling_descaling_pump,2.9738,1.0853,85.8458,0.958,1,BF.CW.PMP02::E05,val
2025-09-18 23:00:00,BF.CW.PMP02,cooling_descaling_pump,3.032,1.085,86.7597,0.9532,1,BF.CW.PMP02::E05,val
2025-09-19 00:00:00,BF.CW.PMP02,cooling_descaling_pump,2.9914,0.9881,86.7036,0.9055,1,BF.CW.PMP02::E05,val
2025-09-19 01:00:00,BF.CW.PMP02,cooling_descaling_pump,2.9605,0.703,86.8142,0.9341,1,BF.CW.PMP02::E05,val
2025-09-19 02:00:00,BF.CW.PMP02,cooling_descaling_pump,2.8752,0.3146,85.5385,0.8949,1,BF.CW.PMP02::E05,val
2025-09-19 03:00:00,BF.CW.PMP02,cooling_descaling_pump,2.9573,0.5154,85.6849,0.8686,1,BF.CW.PMP02::E05,val
2025-09-19 04:00:00,BF.CW.PMP02,cooling_descaling_pump,3.0725,0.8209,87.244,0.892,1,BF.CW.PMP02::E05,val
2025-09-19 05:00:00,BF.CW.PMP02,cooling_descaling_pump,3.1673,1.2106,86.9561,0.7912,1,BF.CW.PMP02::E05,val
2025-09-19 06:00:00,BF.CW.PMP02,cooling_descaling_pump,3.3025,1.2921,88.6142,0.8411,1,BF.CW.PMP02::E05,val
2025-09-19 07:00:00,BF.CW.PMP02,cooling_descaling_pump,3.4645,1.4787,89.5239,0.7699,1,BF.CW.PMP02::E05,val
2025-09-19 08:00:00,BF.CW.PMP02,cooling_descaling_pump,3.414,2.0118,87.4456,0.7321,1,BF.CW.PMP02::E05,val
2025-09-19 09:00:00,BF.CW.PMP02,cooling_descaling_pump,3.4219,1.8988,86.5728,0.7035,1,BF.CW.PMP02::E05,val
2025-09-19 10:00:00,BF.CW.PMP02,cooling_descaling_pump,3.2914,1.8152,85.0928,0.7916,1,BF.CW.PMP02::E05,val
2025-09-19 11:00:00,BF.CW.PMP02,cooling_descaling_pump,3.3736,1.2268,84.153,0.7608,1,BF.CW.PMP02::E05,val
2025-09-19 12:00:00,BF.CW.PMP02,cooling_descaling_pump,3.5083,1.1984,83.7845,0.7895,1,BF.CW.PMP02::E05,val
2025-09-19 13:00:00,BF.CW.PMP02,cooling_descaling_pump,3.6049,1.0128,82.4504,0.7162,1,BF.CW.PMP02::E05,val
2025-09-19 14:00:00,BF.CW.PMP02,cooling_descaling_pump,3.7112,1.1775,84.189,0.7152,1,BF.CW.PMP02::E05,val
2025-09-19 15:00:00,BF.CW.PMP02,cooling_descaling_pump,3.8133,1.0823,83.6971,0.5994,1,BF.CW.PMP02::E05,val
2025-09-19 16:00:00,BF.CW.PMP02,cooling_descaling_pump,3.883,0.9836,85.3495,0.6402,1,BF.CW.PMP02::E05,val
2025-09-19 17:00:00,BF.CW.PMP02,cooling_descaling_pump,3.6997,0.3363,84.1759,0.636,1,BF.CW.PMP02::E05,val
2025-09-19 18:00:00,BF.CW.PMP02,cooling_descaling_pump,3.7098,-0.0383,85.0353,0.7057,2,BF.CW.PMP02::E05,val
2025-09-19 19:00:00,BF.CW.PMP02,cooling_descaling_pump,3.6196,-0.0771,84.9055,0.7383,1,BF.CW.PMP02::E05,val
2025-09-19 20:00:00,BF.CW.PMP02,cooling_descaling_pump,3.6016,-0.0674,85.8827,0.7365,1,BF.CW.PMP02::E05,val
2025-09-19 21:00:00,BF.CW.PMP02,cooling_descaling_pump,3.6819,,86.8602,,1,BF.CW.PMP02::E05,val
2025-09-19 22:00:00,BF.CW.PMP02,cooling_descaling_pump,3.8281,0.4415,88.6939,0.8059,2,BF.CW.PMP02::E05,val
2025-09-19 23:00:00,BF.CW.PMP02,cooling_descaling_pump,3.8616,0.7356,89.3874,0.9312,1,BF.CW.PMP02::E05,val
2025-09-20 00:00:00,BF.CW.PMP02,cooling_descaling_pump,3.8467,0.8566,90.9616,0.9839,1,BF.CW.PMP02::E05,val
2025-09-20 01:00:00,BF.CW.PMP02,cooling_descaling_pump,4.0543,1.2253,94.3641,1.0837,1,BF.CW.PMP02::E05,val
2025-09-20 02:00:00,BF.CW.PMP02,cooling_descaling_pump,3.9497,1.5055,94.4248,1.168,1,BF.CW.PMP02::E05,val
2025-09-20 03:00:00,BF.CW.PMP02,cooling_descaling_pump,3.896,1.2584,95.0784,1.1427,1,BF.CW.PMP02::E05,val
2025-09-20 04:00:00,BF.CW.PMP02,cooling_descaling_pump,3.9701,1.2055,97.0504,1.1714,1,BF.CW.PMP02::E05,val
2025-09-20 05:00:00,BF.CW.PMP02,cooling_descaling_pump,3.9301,1.3733,96.9454,1.0693,1,BF.CW.PMP02::E05,val
2025-09-20 06:00:00,BF.CW.PMP02,cooling_descaling_pump,3.8559,0.9193,96.6395,1.1456,1,BF.CW.PMP02::E05,val
2025-09-20 07:00:00,BF.CW.PMP02,cooling_descaling_pump,4.0334,-0.0314,98.8716,1.1263,1,BF.CW.PMP02::E05,val
2025-09-20 08:00:00,BF.CW.PMP02,cooling_descaling_pump,4.0618,0.0366,101.1308,1.2226,1,BF.CW.PMP02::E05,val
2025-09-20 09:00:00,BF.CW.PMP02,cooling_descaling_pump,3.9798,0.1497,100.0358,1.2618,1,BF.CW.PMP02::E05,val
2025-09-20 10:00:00,BF.CW.PMP02,cooling_descaling_pump,3.9351,-0.1284,99.1802,1.232,1,BF.CW.PMP02::E05,val
2025-09-20 11:00:00,BF.CW.PMP02,cooling_descaling_pump,3.8957,-0.9687,99.9795,1.2715,1,BF.CW.PMP02::E05,val
2025-09-20 12:00:00,BF.CW.PMP02,cooling_descaling_pump,3.6931,-1.5727,98.5394,1.2223,1,BF.CW.PMP02::E05,val
2025-09-20 13:00:00,BF.CW.PMP02,cooling_descaling_pump,3.7107,-1.6214,96.8175,1.117,2,BF.CW.PMP02::E05,val
2025-09-20 14:00:00,BF.CW.PMP02,cooling_descaling_pump,3.7261,-1.2541,96.8149,1.1592,1,BF.CW.PMP02::E05,val
2025-09-20 15:00:00,BF.CW.PMP02,cooling_descaling_pump,3.5627,-1.2921,93.7183,1.1101,1,BF.CW.PMP02::E05,val
2025-09-20 16:00:00,BF.CW.PMP02,cooling_descaling_pump,3.4888,-0.8067,91.634,1.0803,1,BF.CW.PMP02::E05,val
2025-09-20 17:00:00,BF.CW.PMP02,cooling_descaling_pump,3.4626,-0.5816,90.8314,1.1237,1,BF.CW.PMP02::E05,val
2025-09-20 18:00:00,BF.CW.PMP02,cooling_descaling_pump,3.5964,-0.1183,92.5183,1.1507,1,BF.CW.PMP02::E05,val
2025-09-20 19:00:00,BF.CW.PMP02,cooling_descaling_pump,3.7346,-0.008,94.3784,1.232,1,BF.CW.PMP02::E05,val
2025-09-20 20:00:00,BF.CW.PMP02,cooling_descaling_pump,3.6712,-0.3114,93.5955,1.2773,1,BF.CW.PMP02::E05,val
2025-09-20 21:00:00,BF.CW.PMP02,cooling_descaling_pump,3.6091,0.0793,94.8421,1.2953,2,BF.CW.PMP02::E05,val
2025-09-20 22:00:00,BF.CW.PMP02,cooling_descaling_pump,3.609,0.225,94.1908,1.2106,1,BF.CW.PMP02::E05,val
2025-09-20 23:00:00,BF.CW.PMP02,cooling_descaling_pump,3.5859,0.72,93.8562,1.1615,1,BF.CW.PMP02::E05,val
2025-09-21 00:00:00,BF.CW.PMP02,cooling_descaling_pump,3.5807,0.1886,92.9832,1.1019,1,BF.CW.PMP02::E05,val
2025-09-21 01:00:00,BF.CW.PMP02,cooling_descaling_pump,3.5782,-0.7136,92.8229,1.029,2,BF.CW.PMP02::E05,val
2025-09-21 02:00:00,BF.CW.PMP02,cooling_descaling_pump,3.637,-1.0787,93.4469,1.1441,1,BF.CW.PMP02::E05,val
2025-09-21 03:00:00,BF.CW.PMP02,cooling_descaling_pump,3.8209,-0.7447,94.8854,1.1248,1,BF.CW.PMP02::E05,val
2025-09-21 04:00:00,BF.CW.PMP02,cooling_descaling_pump,3.9163,-0.8393,94.5611,1.023,1,BF.CW.PMP02::E05,val
2025-09-21 05:00:00,BF.CW.PMP02,cooling_descaling_pump,4.0922,-1.4419,95.3283,0.8331,1,BF.CW.PMP02::E05,val
2025-09-21 06:00:00,BF.CW.PMP02,cooling_descaling_pump,4.1108,-1.5825,97.1365,0.9155,2,BF.CW.PMP02::E05,val
2025-09-21 07:00:00,BF.CW.PMP02,cooling_descaling_pump,4.0175,-1.2911,97.645,1.0036,2,BF.CW.PMP02::E05,val
2025-09-21 08:00:00,BF.CW.PMP02,cooling_descaling_pump,4.0547,-1.0448,98.247,1.0308,1,BF.CW.PMP02::E05,val
2025-09-21 09:00:00,BF.CW.PMP02,cooling_descaling_pump,3.7858,-1.7115,96.3543,1.0393,1,BF.CW.PMP02::E05,val
2025-09-21 10:00:00,BF.CW.PMP02,cooling_descaling_pump,3.6779,-1.8351,95.8243,1.0008,1,BF.CW.PMP02::E05,val
2025-09-21 11:00:00,BF.CW.PMP02,cooling_descaling_pump,3.7822,-2.3827,95.8376,0.9511,2,BF.CW.PMP02::E05,val
2025-09-21 12:00:00,BF.CW.PMP02,cooling_descaling_pump,3.7821,-2.3488,95.7611,0.9859,1,BF.CW.PMP02::E05,val
2025-09-21 13:00:00,BF.CW.PMP02,cooling_descaling_pump,3.8438,-2.617,96.2555,1.0327,2,BF.CW.PMP02::E05,val
2025-09-21 14:00:00,BF.CW.PMP02,cooling_descaling_pump,3.9274,-2.0098,96.9866,0.9773,1,BF.CW.PMP02::E05,val
2025-09-21 15:00:00,BF.CW.PMP02,cooling_descaling_pump,3.8699,-2.0207,95.5819,1.0219,1,BF.CW.PMP02::E05,val
2025-09-21 16:00:00,BF.CW.PMP02,cooling_descaling_pump,3.9946,-1.5642,96.6909,1.0159,1,BF.CW.PMP02::E05,val
2025-09-21 17:00:00,BF.CW.PMP02,cooling_descaling_pump,4.001,-1.7897,94.8068,0.9286,1,BF.CW.PMP02::E05,val
2025-09-21 18:00:00,BF.CW.PMP02,cooling_descaling_pump,4.0379,-1.93,96.9369,0.9937,1,BF.CW.PMP02::E05,val
2025-09-21 19:00:00,BF.CW.PMP02,cooling_descaling_pump,4.0244,-0.7761,98.8193,1.0936,1,BF.CW.PMP02::E05,val
2025-09-21 20:00:00,BF.CW.PMP02,cooling_descaling_pump,4.0817,-1.5935,99.2578,1.1152,1,BF.CW.PMP02::E05,val
2025-09-21 21:00:00,BF.CW.PMP02,cooling_descaling_pump,4.2057,-0.4593,99.6579,1.0296,1,BF.CW.PMP02::E05,val
2025-09-21 22:00:00,BF.CW.PMP02,cooling_descaling_pump,4.0693,-0.1207,99.1374,1.0513,2,BF.CW.PMP02::E05,val
2025-09-21 23:00:00,BF.CW.PMP02,cooling_descaling_pump,4.0497,0.636,100.3196,1.1072,1,BF.CW.PMP02::E05,val
2025-09-22 00:00:00,BF.CW.PMP02,cooling_descaling_pump,3.9438,0.5502,100.2631,1.1816,1,BF.CW.PMP02::E05,val
2025-09-22 01:00:00,BF.CW.PMP02,cooling_descaling_pump,3.9023,0.3466,101.2503,1.2193,1,BF.CW.PMP02::E05,val
2025-09-22 02:00:00,BF.CW.PMP02,cooling_descaling_pump,3.9757,0.3424,101.2206,1.229,2,BF.CW.PMP02::E05,val
2025-09-22 03:00:00,BF.CW.PMP02,cooling_descaling_pump,3.9634,1.1577,101.4929,1.1816,1,BF.CW.PMP02::E05,val
2025-09-22 04:00:00,BF.CW.PMP02,cooling_descaling_pump,4.0117,0.7503,102.5403,1.2128,1,BF.CW.PMP02::E05,val
2025-09-22 05:00:00,BF.CW.PMP02,cooling_descaling_pump,3.9435,0.235,101.8746,1.1997,1,BF.CW.PMP02::E05,val
2025-09-22 06:00:00,BF.CW.PMP02,cooling_descaling_pump,4.1704,0.4558,102.1113,1.2136,1,BF.CW.PMP02::E05,val
2025-09-22 07:00:00,BF.CW.PMP02,cooling_descaling_pump,3.9311,0.3848,101.3749,1.2063,1,BF.CW.PMP02::E05,val
2025-09-22 08:00:00,BF.CW.PMP02,cooling_descaling_pump,3.7996,0.5687,99.0869,1.1464,1,BF.CW.PMP02::E05,val
2025-09-22 09:00:00,BF.CW.PMP02,cooling_descaling_pump,3.828,0.4369,98.7744,1.1152,1,BF.CW.PMP02::E05,val
2025-09-22 10:00:00,BF.CW.PMP02,cooling_descaling_pump,3.9557,0.3004,98.9424,1.051,1,BF.CW.PMP02::E05,val
2025-09-22 11:00:00,BF.CW.PMP02,cooling_descaling_pump,4.0502,0.2327,99.1037,1.049,1,BF.CW.PMP02::E05,val
2025-09-22 12:00:00,BF.CW.PMP02,cooling_descaling_pump,4.1167,0.3645,99.011,1.0537,2,BF.CW.PMP02::E05,val
2025-09-22 13:00:00,BF.CW.PMP02,cooling_descaling_pump,4.1482,-0.3441,99.2043,1.1347,2,BF.CW.PMP02::E05,val
2025-09-22 14:00:00,BF.CW.PMP02,cooling_descaling_pump,4.1681,0.2961,99.7362,1.2195,1,BF.CW.PMP02::E05,val
2025-09-22 15:00:00,BF.CW.PMP02,cooling_descaling_pump,4.0978,-0.0153,98.9506,1.2983,2,BF.CW.PMP02::E05,val
2025-09-22 16:00:00,BF.CW.PMP02,cooling_descaling_pump,4.1831,0.3593,98.2046,1.1907,1,BF.CW.PMP02::E05,val
2025-09-22 17:00:00,BF.CW.PMP02,cooling_descaling_pump,5.4869,0.5722,96.2436,1.0635,1,BF.CW.PMP02::E05,val
2025-09-22 18:00:00,BF.CW.PMP02,cooling_descaling_pump,5.3566,0.412,94.1964,1.031,1,BF.CW.PMP02::E05,val
2025-09-22 19:00:00,BF.CW.PMP02,cooling_descaling_pump,4.0496,0.7189,94.9215,1.1217,1,BF.CW.PMP02::E05,val
2025-09-22 20:00:00,BF.CW.PMP02,cooling_descaling_pump,4.0065,0.7811,94.0644,0.9914,2,BF.CW.PMP02::E05,val
2025-09-22 21:00:00,BF.CW.PMP02,cooling_descaling_pump,3.7535,0.8464,93.2413,1.0728,2,BF.CW.PMP02::E05,val
2025-09-22 22:00:00,BF.CW.PMP02,cooling_descaling_pump,3.7926,1.2593,93.0921,1.0008,1,BF.CW.PMP02::E05,val
2025-09-22 23:00:00,BF.CW.PMP02,cooling_descaling_pump,3.8619,1.2114,94.3056,1.0607,1,BF.CW.PMP02::E05,val
2025-09-23 00:00:00,BF.CW.PMP02,cooling_descaling_pump,4.0825,1.5832,96.0169,0.9935,1,BF.CW.PMP02::E05,val
2025-09-23 01:00:00,BF.CW.PMP02,cooling_descaling_pump,4.0492,1.092,96.613,0.9366,1,BF.CW.PMP02::E05,val
2025-09-23 02:00:00,BF.CW.PMP02,cooling_descaling_pump,3.9744,1.4283,98.9058,1.0289,2,BF.CW.PMP02::E05,val
2025-09-23 03:00:00,BF.CW.PMP02,cooling_descaling_pump,3.9685,1.7035,98.1223,0.9842,1,BF.CW.PMP02::E05,val
2025-09-23 04:00:00,BF.CW.PMP02,cooling_descaling_pump,3.9668,1.2698,99.8423,1.0704,1,BF.CW.PMP02::E05,val
2025-09-23 05:00:00,BF.CW.PMP02,cooling_descaling_pump,4.1447,1.2805,100.5022,1.05,1,BF.CW.PMP02::E05,val
2025-09-23 06:00:00,BF.CW.PMP02,cooling_descaling_pump,4.2011,1.1255,99.5082,0.8766,2,BF.CW.PMP02::E05,val
2025-09-23 07:00:00,BF.CW.PMP02,cooling_descaling_pump,4.1888,0.9224,99.298,0.845,1,BF.CW.PMP02::E05,val
2025-09-23 08:00:00,BF.CW.PMP02,cooling_descaling_pump,4.2103,0.9517,98.4749,0.9118,2,BF.CW.PMP02::E05,val
2025-09-23 09:00:00,BF.CW.PMP02,cooling_descaling_pump,4.173,0.78,97.2749,0.9627,1,BF.CW.PMP02::E05,val
2025-09-23 10:00:00,BF.CW.PMP02,cooling_descaling_pump,4.2412,0.3951,98.0113,0.9659,2,BF.CW.PMP02::E05,val
2025-09-23 11:00:00,BF.CW.PMP02,cooling_descaling_pump,4.1219,-0.1029,96.4058,1.036,1,BF.CW.PMP02::E05,val
2025-09-23 12:00:00,BF.CW.PMP02,cooling_descaling_pump,3.9832,0.0587,94.0136,1.0804,1,BF.CW.PMP02::E05,val
2025-09-23 13:00:00,BF.CW.PMP02,cooling_descaling_pump,3.967,0.0472,93.7662,1.1768,1,BF.CW.PMP02::E05,val
2025-09-23 14:00:00,BF.CW.PMP02,cooling_descaling_pump,3.9877,0.4626,94.3175,1.2388,2,BF.CW.PMP02::E05,val
2025-09-23 15:00:00,BF.CW.PMP02,cooling_descaling_pump,4.0639,0.3593,93.4263,1.1964,1,BF.CW.PMP02::E05,val
2025-09-23 16:00:00,BF.CW.PMP02,cooling_descaling_pump,4.0886,0.6557,92.4262,1.0802,1,BF.CW.PMP02::E05,val
2025-09-23 17:00:00,BF.CW.PMP02,cooling_descaling_pump,3.9689,0.516,91.786,1.0151,1,BF.CW.PMP02::E05,val
2025-09-23 18:00:00,BF.CW.PMP02,cooling_descaling_pump,3.9273,0.7983,91.4517,1.0353,1,BF.CW.PMP02::E05,val
2025-09-23 19:00:00,BF.CW.PMP02,cooling_descaling_pump,4.0432,0.7875,91.7318,1.0065,2,BF.CW.PMP02::E05,val
2025-09-23 20:00:00,BF.CW.PMP02,cooling_descaling_pump,4.014,1.1696,90.0841,0.9006,1,BF.CW.PMP02::E05,val
2025-09-23 21:00:00,BF.CW.PMP02,cooling_descaling_pump,4.0004,0.7121,90.7841,0.9013,2,BF.CW.PMP02::E05,val
2025-09-23 22:00:00,BF.CW.PMP02,cooling_descaling_pump,3.9169,1.2556,89.6052,0.8685,2,BF.CW.PMP02::E05,val
2025-09-23 23:00:00,BF.CW.PMP02,cooling_descaling_pump,4.0018,0.5522,90.9139,0.9124,2,BF.CW.PMP02::E05,val
2025-09-24 00:00:00,BF.CW.PMP02,cooling_descaling_pump,3.9683,1.0431,91.7253,0.9884,1,BF.CW.PMP02::E05,val
2025-09-24 01:00:00,BF.CW.PMP02,cooling_descaling_pump,3.9852,1.7472,90.6015,0.8611,1,BF.CW.PMP02::E05,val
2025-09-24 02:00:00,BF.CW.PMP02,cooling_descaling_pump,3.8795,1.9377,87.1608,0.8598,1,BF.CW.PMP02::E05,val
2025-09-24 03:00:00,BF.CW.PMP02,cooling_descaling_pump,3.8362,2.1427,86.9475,0.9817,2,BF.CW.PMP02::E05,val
2025-09-24 04:00:00,BF.CW.PMP02,cooling_descaling_pump,3.8255,2.4181,88.0082,1.008,2,BF.CW.PMP02::E05,val
2025-09-24 05:00:00,BF.CW.PMP02,cooling_descaling_pump,3.9313,3.2246,89.1009,1.0301,1,BF.CW.PMP02::E05,val
2025-09-24 06:00:00,BF.CW.PMP02,cooling_descaling_pump,4.0219,2.5355,91.1153,1.1197,1,BF.CW.PMP02::E05,val
2025-09-24 07:00:00,BF.CW.PMP02,cooling_descaling_pump,4.0623,3.022,89.881,1.0155,1,BF.CW.PMP02::E05,val
2025-09-24 08:00:00,BF.CW.PMP02,cooling_descaling_pump,4.2049,2.5609,90.2328,1.0595,1,BF.CW.PMP02::E05,val
2025-09-24 09:00:00,BF.CW.PMP02,cooling_descaling_pump,4.312,2.9799,91.9294,1.1333,2,BF.CW.PMP02::E05,val
2025-09-24 10:00:00,BF.CW.PMP02,cooling_descaling_pump,4.1546,3.377,90.0756,1.0456,2,BF.CW.PMP02::E05,val
2025-09-24 11:00:00,BF.CW.PMP02,cooling_descaling_pump,4.0666,3.6025,90.1158,1.16,1,BF.CW.PMP02::E05,val
2025-09-24 12:00:00,BF.CW.PMP02,cooling_descaling_pump,4.1253,2.9457,88.8384,1.0749,2,BF.CW.PMP02::E05,val
2025-09-24 13:00:00,BF.CW.PMP02,cooling_descaling_pump,4.2096,2.7088,89.6777,1.1436,1,BF.CW.PMP02::E05,val
2025-09-24 14:00:00,BF.CW.PMP02,cooling_descaling_pump,4.3972,2.456,90.7644,1.134,2,BF.CW.PMP02::E05,val
2025-09-24 15:00:00,BF.CW.PMP02,cooling_descaling_pump,4.3893,1.7006,92.0052,1.2396,2,BF.CW.PMP02::E05,val
2025-09-24 16:00:00,BF.CW.PMP02,cooling_descaling_pump,4.3761,1.7989,91.4572,1.1909,1,BF.CW.PMP02::E05,val
2025-09-24 17:00:00,BF.CW.PMP02,cooling_descaling_pump,4.4178,0.9622,91.9919,1.1272,2,BF.CW.PMP02::E05,val
2025-09-24 18:00:00,BF.CW.PMP02,cooling_descaling_pump,4.2972,1.0617,91.3682,1.1611,1,BF.CW.PMP02::E05,val
2025-09-24 19:00:00,BF.CW.PMP02,cooling_descaling_pump,4.3857,1.2216,91.4314,1.1038,1,BF.CW.PMP02::E05,val
2025-09-24 20:00:00,BF.CW.PMP02,cooling_descaling_pump,4.263,0.6997,90.8683,1.2135,1,BF.CW.PMP02::E05,val
2025-09-24 21:00:00,BF.CW.PMP02,cooling_descaling_pump,4.3294,1.0491,91.5922,1.1612,1,BF.CW.PMP02::E05,val
2025-09-24 22:00:00,BF.CW.PMP02,cooling_descaling_pump,4.4452,1.0738,92.6808,1.2808,1,BF.CW.PMP02::E05,val
2025-09-24 23:00:00,BF.CW.PMP02,cooling_descaling_pump,4.4479,1.0842,92.9452,1.1945,1,BF.CW.PMP02::E05,val
2025-09-25 00:00:00,BF.CW.PMP02,cooling_descaling_pump,4.5336,1.6603,93.2777,1.1271,1,BF.CW.PMP02::E05,val
2025-09-25 01:00:00,BF.CW.PMP02,cooling_descaling_pump,4.5972,1.1276,94.4388,1.0861,1,BF.CW.PMP02::E05,val
2025-09-25 02:00:00,BF.CW.PMP02,cooling_descaling_pump,4.4594,1.3585,93.1766,1.0603,2,BF.CW.PMP02::E05,val
2025-09-25 03:00:00,BF.CW.PMP02,cooling_descaling_pump,4.546,0.6744,93.2587,1.0784,2,BF.CW.PMP02::E05,val
2025-09-25 04:00:00,BF.CW.PMP02,cooling_descaling_pump,4.4589,0.6485,93.4516,1.1006,2,BF.CW.PMP02::E05,val
2025-09-25 05:00:00,BF.CW.PMP02,cooling_descaling_pump,4.4641,0.8817,92.7144,1.0854,1,BF.CW.PMP02::E05,val
2025-09-25 06:00:00,BF.CW.PMP02,cooling_descaling_pump,4.5916,1.5314,94.0913,1.1685,2,BF.CW.PMP02::E05,val
2025-09-25 07:00:00,BF.CW.PMP02,cooling_descaling_pump,4.5121,1.0794,93.2189,1.197,2,BF.CW.PMP02::E05,val
2025-09-25 08:00:00,BF.CW.PMP02,cooling_descaling_pump,4.5196,0.5054,91.249,0.9725,1,BF.CW.PMP02::E05,val
2025-09-25 09:00:00,BF.CW.PMP02,cooling_descaling_pump,4.4684,0.3396,89.3164,0.8365,2,BF.CW.PMP02::E05,val
2025-09-25 10:00:00,BF.CW.PMP02,cooling_descaling_pump,4.6351,-0.021,90.9661,0.9383,1,BF.CW.PMP02::E05,val
2025-09-25 11:00:00,BF.CW.PMP02,cooling_descaling_pump,4.7739,-0.17,91.058,0.9101,2,BF.CW.PMP02::E05,val
2025-09-25 12:00:00,BF.CW.PMP02,cooling_descaling_pump,4.7073,-0.0794,90.1559,0.9541,2,BF.CW.PMP02::E05,val
2025-09-25 13:00:00,BF.CW.PMP02,cooling_descaling_pump,4.5986,0.1648,89.6092,1.0707,1,BF.CW.PMP02::E05,val
2025-09-25 14:00:00,BF.CW.PMP02,cooling_descaling_pump,4.5251,-0.0575,88.7722,1.0279,2,BF.CW.PMP02::E05,val
2025-09-25 15:00:00,BF.CW.PMP02,cooling_descaling_pump,4.6982,0.2004,90.0921,1.0233,2,BF.CW.PMP02::E05,val
2025-09-25 16:00:00,BF.CW.PMP02,cooling_descaling_pump,4.5561,-0.2694,88.2295,0.9387,1,BF.CW.PMP02::E05,val
2025-09-25 17:00:00,BF.CW.PMP02,cooling_descaling_pump,4.5801,0.4075,88.2613,0.9785,1,BF.CW.PMP02::E05,val
2025-09-25 18:00:00,BF.CW.PMP02,cooling_descaling_pump,4.7665,0.373,88.1078,0.8429,2,BF.CW.PMP02::E05,val
2025-09-25 19:00:00,BF.CW.PMP02,cooling_descaling_pump,4.6038,-0.1039,87.0918,0.8422,2,BF.CW.PMP02::E05,val
2025-09-25 20:00:00,BF.CW.PMP02,cooling_descaling_pump,4.6071,-0.115,87.2162,0.7049,2,BF.CW.PMP02::E05,val
2025-09-25 21:00:00,BF.CW.PMP02,cooling_descaling_pump,4.4393,0.2884,87.9439,0.7711,2,BF.CW.PMP02::E05,val
2025-09-25 22:00:00,BF.CW.PMP02,cooling_descaling_pump,4.3208,0.34,87.571,0.8687,2,BF.CW.PMP02::E05,val
2025-09-25 23:00:00,BF.CW.PMP02,cooling_descaling_pump,4.1403,0.0663,86.6477,0.7233,2,BF.CW.PMP02::E05,val
2025-09-26 00:00:00,BF.CW.PMP02,cooling_descaling_pump,4.1834,0.0053,87.692,0.6625,2,BF.CW.PMP02::E05,val
2025-09-26 01:00:00,BF.CW.PMP02,cooling_descaling_pump,4.2209,0.7454,87.6076,0.5955,2,BF.CW.PMP02::E05,val
2025-09-26 02:00:00,BF.CW.PMP02,cooling_descaling_pump,4.4192,0.4242,91.216,0.7765,1,BF.CW.PMP02::E05,val
2025-09-26 03:00:00,BF.CW.PMP02,cooling_descaling_pump,4.5397,0.3307,91.1335,0.6889,1,BF.CW.PMP02::E05,val
2025-09-26 04:00:00,BF.CW.PMP02,cooling_descaling_pump,4.5276,-0.0877,92.6715,0.7796,1,BF.CW.PMP02::E05,val
2025-09-26 05:00:00,BF.CW.PMP02,cooling_descaling_pump,4.6359,0.5538,93.5079,0.7662,1,BF.CW.PMP02::E05,val
2025-09-26 06:00:00,BF.CW.PMP02,cooling_descaling_pump,4.4973,0.5664,92.039,0.7687,1,BF.CW.PMP02::E05,val
2025-09-26 07:00:00,BF.CW.PMP02,cooling_descaling_pump,4.3838,0.2981,91.3825,0.7717,2,BF.CW.PMP02::E05,val
2025-09-26 08:00:00,BF.CW.PMP02,cooling_descaling_pump,4.2746,0.0899,90.593,0.8146,1,BF.CW.PMP02::E05,val
2025-09-26 09:00:00,BF.CW.PMP02,cooling_descaling_pump,4.3224,0.0216,91.1684,0.8258,1,BF.CW.PMP02::E05,val
2025-09-26 10:00:00,BF.CW.PMP02,cooling_descaling_pump,4.4201,0.494,90.7291,0.8244,1,BF.CW.PMP02::E05,val
2025-09-26 11:00:00,BF.CW.PMP02,cooling_descaling_pump,4.4361,0.7063,91.8519,0.9885,2,BF.CW.PMP02::E05,val
2025-09-26 12:00:00,BF.CW.PMP02,cooling_descaling_pump,4.4448,0.2897,91.9202,0.9482,2,BF.CW.PMP02::E05,val
2025-09-26 13:00:00,BF.CW.PMP02,cooling_descaling_pump,4.3726,0.7832,89.9981,0.9633,1,BF.CW.PMP02::E05,val
2025-09-26 14:00:00,BF.CW.PMP02,cooling_descaling_pump,4.4058,0.9495,89.5042,0.9219,2,BF.CW.PMP02::E05,val
2025-09-26 15:00:00,BF.CW.PMP02,cooling_descaling_pump,4.4805,0.7353,90.768,1.0149,2,BF.CW.PMP02::E05,val
2025-09-26 16:00:00,BF.CW.PMP02,cooling_descaling_pump,4.5192,0.6987,90.2599,1.0701,2,BF.CW.PMP02::E05,val
2025-09-26 17:00:00,BF.CW.PMP02,cooling_descaling_pump,4.5256,-0.5249,90.0088,1.052,2,BF.CW.PMP02::E05,val
2025-09-26 18:00:00,BF.CW.PMP02,cooling_descaling_pump,4.6043,-0.34,89.4344,1.0302,1,BF.CW.PMP02::E05,val
2025-09-26 19:00:00,BF.CW.PMP02,cooling_descaling_pump,4.5319,0.0244,90.9547,1.1021,2,BF.CW.PMP02::E05,val
2025-09-26 20:00:00,BF.CW.PMP02,cooling_descaling_pump,4.6211,0.8466,90.9757,1.0854,2,BF.CW.PMP02::E05,val
2025-09-26 21:00:00,BF.CW.PMP02,cooling_descaling_pump,4.5064,1.0557,90.5499,1.0122,2,BF.CW.PMP02::E05,val
2025-09-26 22:00:00,BF.CW.PMP02,cooling_descaling_pump,4.5713,1.3508,91.0617,1.0464,1,BF.CW.PMP02::E05,val
2025-09-26 23:00:00,BF.CW.PMP02,cooling_descaling_pump,4.7363,1.6001,91.58,0.9632,1,BF.CW.PMP02::E05,val
2025-09-27 00:00:00,BF.CW.PMP02,cooling_descaling_pump,4.7821,1.1881,93.748,0.99,1,BF.CW.PMP02::E05,val
2025-09-27 01:00:00,BF.CW.PMP02,cooling_descaling_pump,4.8667,0.9423,95.5975,1.0788,2,BF.CW.PMP02::E05,val
2025-09-27 02:00:00,BF.CW.PMP02,cooling_descaling_pump,4.9004,0.95,97.9747,1.1659,2,BF.CW.PMP02::E05,val
2025-09-27 03:00:00,BF.CW.PMP02,cooling_descaling_pump,4.9779,1.0815,99.2155,1.1581,2,BF.CW.PMP02::E05,val
2025-09-27 04:00:00,BF.CW.PMP02,cooling_descaling_pump,4.8772,0.9948,98.5301,1.1035,1,BF.CW.PMP02::E05,val
2025-09-27 05:00:00,BF.CW.PMP02,cooling_descaling_pump,4.8157,1.5617,98.3479,1.1155,2,BF.CW.PMP02::E05,val
2025-09-27 06:00:00,BF.CW.PMP02,cooling_descaling_pump,4.8436,1.5844,98.8037,1.1329,2,BF.CW.PMP02::E05,val
2025-09-27 07:00:00,BF.CW.PMP02,cooling_descaling_pump,4.9835,1.5264,99.696,1.131,1,BF.CW.PMP02::E05,val
2025-09-27 08:00:00,BF.CW.PMP02,cooling_descaling_pump,4.969,1.0592,101.0912,1.1595,2,BF.CW.PMP02::E05,val
2025-09-27 09:00:00,BF.CW.PMP02,cooling_descaling_pump,5.0736,0.9933,101.2104,1.1069,2,BF.CW.PMP02::E05,val
2025-09-27 10:00:00,BF.CW.PMP02,cooling_descaling_pump,5.1862,0.368,102.0788,1.1036,2,BF.CW.PMP02::E05,val
2025-09-27 11:00:00,BF.CW.PMP02,cooling_descaling_pump,5.2723,0.8703,102.4776,1.0511,1,BF.CW.PMP02::E05,val
2025-09-27 12:00:00,BF.CW.PMP02,cooling_descaling_pump,5.1794,1.0475,101.4862,1.0484,2,BF.CW.PMP02::E05,val
2025-09-27 13:00:00,BF.CW.PMP02,cooling_descaling_pump,5.0125,1.2155,98.5128,1.049,2,BF.CW.PMP02::E05,val
2025-09-27 14:00:00,BF.CW.PMP02,cooling_descaling_pump,5.1321,1.1872,97.2185,1.0226,1,BF.CW.PMP02::E05,val
2025-09-27 15:00:00,BF.CW.PMP02,cooling_descaling_pump,5.1338,0.9747,97.1545,1.0567,1,BF.CW.PMP02::E05,val
2025-09-27 16:00:00,BF.CW.PMP02,cooling_descaling_pump,5.0631,1.7117,96.2812,1.0196,1,BF.CW.PMP02::E05,val
2025-09-27 17:00:00,BF.CW.PMP02,cooling_descaling_pump,5.0855,1.3136,94.5605,0.9175,1,BF.CW.PMP02::E05,val
2025-09-27 18:00:00,BF.CW.PMP02,cooling_descaling_pump,5.0274,1.3825,93.962,0.9731,2,BF.CW.PMP02::E05,val
2025-09-27 19:00:00,BF.CW.PMP02,cooling_descaling_pump,5.1585,0.6049,95.1851,0.9752,1,BF.CW.PMP02::E05,val
2025-09-27 20:00:00,BF.CW.PMP02,cooling_descaling_pump,5.1007,0.604,95.4656,1.0133,2,BF.CW.PMP02::E05,val
2025-09-27 21:00:00,BF.CW.PMP02,cooling_descaling_pump,5.0309,0.612,93.5353,0.7836,2,BF.CW.PMP02::E05,val
2025-09-27 22:00:00,BF.CW.PMP02,cooling_descaling_pump,5.0768,0.628,94.4629,0.8011,2,BF.CW.PMP02::E05,val
2025-09-27 23:00:00,BF.CW.PMP02,cooling_descaling_pump,5.1435,-0.0519,96.4041,0.9483,2,BF.CW.PMP02::E05,val
2025-09-28 00:00:00,BF.CW.PMP02,cooling_descaling_pump,5.2221,0.1263,95.1758,0.7689,1,BF.CW.PMP02::E05,val
2025-09-28 01:00:00,BF.CW.PMP02,cooling_descaling_pump,5.1402,0.2619,93.7362,0.7835,1,BF.CW.PMP02::E05,val
2025-09-28 02:00:00,BF.CW.PMP02,cooling_descaling_pump,5.2478,0.1283,95.7612,0.9074,2,BF.CW.PMP02::E05,val
2025-09-28 03:00:00,BF.CW.PMP02,cooling_descaling_pump,5.2936,-0.1008,98.03,0.9892,2,BF.CW.PMP02::E05,val
2025-09-28 04:00:00,BF.CW.PMP02,cooling_descaling_pump,5.2802,0.0964,98.7598,1.118,2,BF.CW.PMP02::E05,val
2025-09-28 05:00:00,BF.CW.PMP02,cooling_descaling_pump,5.3392,0.0055,100.6165,1.1667,2,BF.CW.PMP02::E05,val
2025-09-28 06:00:00,BF.CW.PMP02,cooling_descaling_pump,5.2887,0.102,99.9846,1.1008,2,BF.CW.PMP02::E05,val
2025-09-28 07:00:00,BF.CW.PMP02,cooling_descaling_pump,5.1549,0.9254,98.0741,0.9054,2,BF.CW.PMP02::E05,val
2025-09-28 08:00:00,BF.CW.PMP02,cooling_descaling_pump,4.9002,0.9649,97.9819,1.0019,2,BF.CW.PMP02::E05,val
2025-09-28 09:00:00,BF.CW.PMP02,cooling_descaling_pump,4.7546,0.8621,96.5447,1.0478,2,BF.CW.PMP02::E05,val
2025-09-28 10:00:00,BF.CW.PMP02,cooling_descaling_pump,5.0296,0.7925,97.4105,1.0103,2,BF.CW.PMP02::E05,val
2025-09-28 11:00:00,BF.CW.PMP02,cooling_descaling_pump,5.0015,0.718,96.1673,0.9248,2,BF.CW.PMP02::E05,val
2025-09-28 12:00:00,BF.CW.PMP02,cooling_descaling_pump,4.867,0.696,95.4834,0.955,2,BF.CW.PMP02::E05,val
2025-09-28 13:00:00,BF.CW.PMP02,cooling_descaling_pump,4.9953,0.1874,95.7696,0.9432,1,BF.CW.PMP02::E05,val
2025-09-28 14:00:00,BF.CW.PMP02,cooling_descaling_pump,4.9504,-0.3906,94.376,0.8636,2,BF.CW.PMP02::E05,val
2025-09-28 15:00:00,BF.CW.PMP02,cooling_descaling_pump,5.0555,-0.2524,94.5662,0.8672,2,BF.CW.PMP02::E05,val
2025-09-28 16:00:00,BF.CW.PMP02,cooling_descaling_pump,4.9766,0.1053,95.9,1.0566,2,BF.CW.PMP02::E05,val
2025-09-28 17:00:00,BF.CW.PMP02,cooling_descaling_pump,4.8722,-0.5776,94.4724,0.979,1,BF.CW.PMP02::E05,val
2025-09-28 18:00:00,BF.CW.PMP02,cooling_descaling_pump,4.9176,-0.7775,94.3334,0.9748,2,BF.CW.PMP02::E05,val
2025-09-28 19:00:00,BF.CW.PMP02,cooling_descaling_pump,5.0618,-0.9135,96.4889,1.0689,2,BF.CW.PMP02::E05,val
2025-09-28 20:00:00,BF.CW.PMP02,cooling_descaling_pump,4.9321,-0.5754,96.184,1.0435,2,BF.CW.PMP02::E05,val
2025-09-28 21:00:00,BF.CW.PMP02,cooling_descaling_pump,4.8519,0.3592,96.6573,1.1055,1,BF.CW.PMP02::E05,val
2025-09-28 22:00:00,BF.CW.PMP02,cooling_descaling_pump,4.8067,0.0547,96.7548,1.1916,2,BF.CW.PMP02::E05,val
2025-09-28 23:00:00,BF.CW.PMP02,cooling_descaling_pump,5.0989,-0.0477,98.7974,1.1777,1,BF.CW.PMP02::E05,val
2025-09-29 00:00:00,BF.CW.PMP02,cooling_descaling_pump,4.8936,0.4669,99.6855,1.2858,2,BF.CW.PMP02::E05,val
2025-09-29 01:00:00,BF.CW.PMP02,cooling_descaling_pump,5.1287,0.4353,101.0016,1.2386,2,BF.CW.PMP02::E05,val
2025-09-29 02:00:00,BF.CW.PMP02,cooling_descaling_pump,5.0803,0.7074,100.9443,1.2403,2,BF.CW.PMP02::E05,val
2025-09-29 03:00:00,BF.CW.PMP02,cooling_descaling_pump,5.1597,0.9678,101.0582,1.1972,2,BF.CW.PMP02::E05,val
2025-09-29 04:00:00,BF.CW.PMP02,cooling_descaling_pump,5.2079,0.5186,103.0625,1.1707,1,BF.CW.PMP02::E05,val
2025-09-29 05:00:00,BF.CW.PMP02,cooling_descaling_pump,5.2585,0.5436,103.4285,1.2122,2,BF.CW.PMP02::E05,val
2025-09-29 06:00:00,BF.CW.PMP02,cooling_descaling_pump,5.5104,0.6783,104.8516,1.2469,2,BF.CW.PMP02::E05,val
2025-09-29 07:00:00,BF.CW.PMP02,cooling_descaling_pump,5.4092,0.8592,103.8534,1.1952,2,BF.CW.PMP02::E05,val
2025-09-29 08:00:00,BF.CW.PMP02,cooling_descaling_pump,5.2247,0.7761,102.4335,1.121,2,BF.CW.PMP02::E05,val
2025-09-29 09:00:00,BF.CW.PMP02,cooling_descaling_pump,5.3149,0.9189,102.8832,1.1604,1,BF.CW.PMP02::E05,val
2025-09-29 10:00:00,BF.CW.PMP02,cooling_descaling_pump,5.2668,0.5944,102.2783,1.161,2,BF.CW.PMP02::E05,val
2025-09-29 11:00:00,BF.CW.PMP02,cooling_descaling_pump,5.3241,0.5232,101.3181,1.2196,2,BF.CW.PMP02::E05,val
2025-09-29 12:00:00,BF.CW.PMP02,cooling_descaling_pump,5.3824,0.69,100.2272,1.2077,2,BF.CW.PMP02::E05,val
2025-09-29 13:00:00,BF.CW.PMP02,cooling_descaling_pump,5.3888,0.212,100.3251,1.2713,2,BF.CW.PMP02::E05,val
2025-09-29 14:00:00,BF.CW.PMP02,cooling_descaling_pump,5.5472,-0.1806,100.6701,1.2319,2,BF.CW.PMP02::E05,val
2025-09-29 15:00:00,BF.CW.PMP02,cooling_descaling_pump,5.5921,0.427,99.7971,1.1023,2,BF.CW.PMP02::E05,val
2025-09-29 16:00:00,BF.CW.PMP02,cooling_descaling_pump,5.6136,0.0036,99.2791,1.1999,2,BF.CW.PMP02::E05,val
2025-09-29 17:00:00,BF.CW.PMP02,cooling_descaling_pump,5.7052,0.612,100.9286,1.2197,2,BF.CW.PMP02::E05,val
2025-09-29 18:00:00,BF.CW.PMP02,cooling_descaling_pump,5.6746,-0.1021,100.6611,1.2305,2,BF.CW.PMP02::E05,val
2025-09-29 19:00:00,BF.CW.PMP02,cooling_descaling_pump,5.6894,-0.3402,100.0479,1.1216,2,BF.CW.PMP02::E05,val
2025-09-29 20:00:00,BF.CW.PMP02,cooling_descaling_pump,5.7764,0.4475,100.3641,1.1202,2,BF.CW.PMP02::E05,val
2025-09-29 21:00:00,BF.CW.PMP02,cooling_descaling_pump,5.808,0.2782,99.467,0.9618,2,BF.CW.PMP02::E05,val
2025-09-29 22:00:00,BF.CW.PMP02,cooling_descaling_pump,5.9264,0.1864,99.4962,0.8566,2,BF.CW.PMP02::E05,val
2025-09-29 23:00:00,BF.CW.PMP02,cooling_descaling_pump,5.8421,0.592,101.7247,0.9707,2,BF.CW.PMP02::E05,val
2025-09-30 00:00:00,BF.CW.PMP02,cooling_descaling_pump,5.7975,0.8444,101.2999,0.9793,2,BF.CW.PMP02::E05,val
2025-09-30 01:00:00,BF.CW.PMP02,cooling_descaling_pump,5.6866,0.7843,101.6199,0.9622,1,BF.CW.PMP02::E05,val
2025-09-30 02:00:00,BF.CW.PMP02,cooling_descaling_pump,5.6455,0.7847,101.9361,1.0005,2,BF.CW.PMP02::E05,val
2025-09-30 03:00:00,BF.CW.PMP02,cooling_descaling_pump,5.4409,0.9473,102.0342,0.9574,2,BF.CW.PMP02::E05,val
2025-09-30 04:00:00,BF.CW.PMP02,cooling_descaling_pump,5.4051,0.9046,101.0198,0.9402,2,BF.CW.PMP02::E05,val
2025-09-30 05:00:00,BF.CW.PMP02,cooling_descaling_pump,5.3978,0.4371,100.4264,0.9064,2,BF.CW.PMP02::E05,val
2025-09-30 06:00:00,BF.CW.PMP02,cooling_descaling_pump,5.4743,0.3249,101.209,0.8598,2,BF.CW.PMP02::E05,val
2025-09-30 07:00:00,BF.CW.PMP02,cooling_descaling_pump,5.4794,0.084,101.6847,0.9322,1,BF.CW.PMP02::E05,val
2025-09-30 08:00:00,BF.CW.PMP02,cooling_descaling_pump,5.5384,0.2124,101.4991,0.9727,2,BF.CW.PMP02::E05,val
2025-09-30 09:00:00,BF.CW.PMP02,cooling_descaling_pump,5.5081,0.2191,101.3894,1.1039,2,BF.CW.PMP02::E05,val
2025-09-30 10:00:00,BF.CW.PMP02,cooling_descaling_pump,5.7087,0.3647,99.8979,1.0168,2,BF.CW.PMP02::E05,val
2025-09-30 11:00:00,BF.CW.PMP02,cooling_descaling_pump,5.7612,0.524,99.7383,0.9099,1,BF.CW.PMP02::E05,val
2025-09-30 12:00:00,BF.CW.PMP02,cooling_descaling_pump,5.8051,1.018,102.1023,1.0606,2,BF.CW.PMP02::E05,val
2025-09-30 13:00:00,BF.CW.PMP02,cooling_descaling_pump,5.706,1.374,102.2278,1.0631,2,BF.CW.PMP02::E05,val
2025-09-30 14:00:00,BF.CW.PMP02,cooling_descaling_pump,5.9111,0.9902,103.7149,1.0487,2,BF.CW.PMP02::E05,val
2025-09-30 15:00:00,BF.CW.PMP02,cooling_descaling_pump,5.9026,0.8482,104.2134,1.2043,2,BF.CW.PMP02::E05,val
2025-09-30 16:00:00,BF.CW.PMP02,cooling_descaling_pump,5.7558,1.2798,104.3992,1.3681,1,BF.CW.PMP02::E05,val
2025-09-30 17:00:00,BF.CW.PMP02,cooling_descaling_pump,5.7803,0.7799,104.2724,1.3557,1,BF.CW.PMP02::E05,val
2025-09-30 18:00:00,BF.CW.PMP02,cooling_descaling_pump,5.6516,1.3104,103.4884,1.2369,2,BF.CW.PMP02::E05,val
2025-09-30 19:00:00,BF.CW.PMP02,cooling_descaling_pump,1.3755,0.5,58.0882,1.1434,0,,val
2025-09-30 20:00:00,BF.CW.PMP02,cooling_descaling_pump,1.5623,-0.1974,60.581,1.1225,0,,val
2025-09-30 21:00:00,BF.CW.PMP02,cooling_descaling_pump,1.6739,-0.3293,61.7812,1.1222,0,,val
2025-09-30 22:00:00,BF.CW.PMP02,cooling_descaling_pump,1.6058,-0.339,62.2957,1.21,0,,val
2025-09-30 23:00:00,BF.CW.PMP02,cooling_descaling_pump,1.5642,-0.0656,63.0808,1.2187,0,,val
2025-10-01 00:00:00,BF.CW.PMP02,cooling_descaling_pump,1.5449,-0.3816,62.8673,1.1669,0,,val
2025-10-01 01:00:00,BF.CW.PMP02,cooling_descaling_pump,1.5153,0.3543,62.4132,1.1667,0,,val
2025-10-01 02:00:00,BF.CW.PMP02,cooling_descaling_pump,1.3991,0.4758,63.0414,1.2265,0,,val
2025-10-01 03:00:00,BF.CW.PMP02,cooling_descaling_pump,1.4454,0.1917,63.3727,1.2868,0,,val
2025-10-01 04:00:00,BF.CW.PMP02,cooling_descaling_pump,1.4317,-0.0535,62.8225,1.2189,0,,val
2025-10-01 05:00:00,BF.CW.PMP02,cooling_descaling_pump,1.4921,0.3075,63.7297,1.2068,0,,val
2025-10-01 06:00:00,BF.CW.PMP02,cooling_descaling_pump,1.3792,0.0728,63.3183,1.1709,0,,val
2025-10-01 07:00:00,BF.CW.PMP02,cooling_descaling_pump,1.2753,-0.3246,62.1174,1.1194,0,,val
2025-10-01 08:00:00,BF.CW.PMP02,cooling_descaling_pump,1.1216,-0.4326,60.9382,1.0703,0,,val
2025-10-01 09:00:00,BF.CW.PMP02,cooling_descaling_pump,1.2128,-0.6522,61.1901,1.1502,0,,val
2025-10-01 10:00:00,BF.CW.PMP02,cooling_descaling_pump,1.2192,-0.8384,59.9596,1.1709,0,,val
2025-10-01 11:00:00,BF.CW.PMP02,cooling_descaling_pump,1.0894,-0.7785,57.8326,1.1497,0,,val
2025-10-01 12:00:00,BF.CW.PMP02,cooling_descaling_pump,0.8555,-1.0776,56.1681,1.2241,0,,val
2025-10-01 13:00:00,BF.CW.PMP02,cooling_descaling_pump,0.9325,-1.739,56.5187,1.2848,0,,val
2025-10-01 14:00:00,BF.CW.PMP02,cooling_descaling_pump,0.9833,-1.7092,57.6189,1.2154,0,,val
2025-10-01 15:00:00,BF.CW.PMP02,cooling_descaling_pump,1.0514,-1.3478,55.9648,0.9932,0,,val
2025-10-01 16:00:00,BF.CW.PMP02,cooling_descaling_pump,1.176,-1.0365,57.6458,1.0123,0,,val
2025-10-01 17:00:00,BF.CW.PMP02,cooling_descaling_pump,1.2884,-0.9309,58.9872,0.9819,0,,val
2025-10-01 18:00:00,BF.CW.PMP02,cooling_descaling_pump,1.1472,-0.6385,56.4951,0.9972,0,,val
2025-10-01 19:00:00,BF.CW.PMP02,cooling_descaling_pump,1.2533,-0.6749,56.6134,0.9179,0,,val
2025-10-01 20:00:00,BF.CW.PMP02,cooling_descaling_pump,1.0413,-1.1639,54.0589,0.8523,0,,val
2025-10-01 21:00:00,BF.CW.PMP02,cooling_descaling_pump,1.1061,-0.9955,52.8838,0.7107,0,,val
2025-10-01 22:00:00,BF.CW.PMP02,cooling_descaling_pump,1.0618,-0.9865,53.8439,0.7886,0,,val
2025-10-01 23:00:00,BF.CW.PMP02,cooling_descaling_pump,1.0099,-1.9449,54.8938,0.8909,0,,val
2025-10-02 00:00:00,BF.CW.PMP02,cooling_descaling_pump,1.0116,-1.7297,54.8561,0.955,0,,val
2025-10-02 01:00:00,BF.CW.PMP02,cooling_descaling_pump,1.0416,-1.7904,54.3881,0.8741,0,,val
2025-10-02 02:00:00,BF.CW.PMP02,cooling_descaling_pump,0.9773,-1.5156,54.7213,0.8417,0,,val
2025-10-02 03:00:00,BF.CW.PMP02,cooling_descaling_pump,1.0463,-2.038,56.0288,0.887,0,,val
2025-10-02 04:00:00,BF.CW.PMP02,cooling_descaling_pump,1.235,-2.4971,58.2107,0.869,0,,val
2025-10-02 05:00:00,BF.CW.PMP02,cooling_descaling_pump,1.1457,-1.8848,59.6385,0.9381,0,,val
2025-10-02 06:00:00,BF.CW.PMP02,cooling_descaling_pump,0.9202,-2.7028,58.9572,0.9978,0,,val
2025-10-02 07:00:00,BF.CW.PMP02,cooling_descaling_pump,0.9317,-2.4507,60.0301,1.011,0,,val
2025-10-02 08:00:00,BF.CW.PMP02,cooling_descaling_pump,0.9631,-1.8449,59.9153,1.0776,0,,val
2025-10-02 09:00:00,BF.CW.PMP02,cooling_descaling_pump,0.8466,-1.4657,58.1316,1.0494,0,,val
2025-10-02 10:00:00,BF.CW.PMP02,cooling_descaling_pump,0.8346,-1.2895,57.0525,1.0622,0,,val
2025-10-02 11:00:00,BF.CW.PMP02,cooling_descaling_pump,0.972,-0.7292,57.5983,1.0807,0,,val
2025-10-02 12:00:00,BF.CW.PMP02,cooling_descaling_pump,0.9432,-0.6304,56.6552,0.9934,0,,val
2025-10-02 13:00:00,BF.CW.PMP02,cooling_descaling_pump,1.0269,-0.5247,56.2852,0.9782,0,,val
2025-10-02 14:00:00,BF.CW.PMP02,cooling_descaling_pump,1.0902,-0.5339,54.5465,0.9263,0,,val
2025-10-02 15:00:00,BF.CW.PMP02,cooling_descaling_pump,1.111,-0.7607,54.9434,0.9478,0,,val
2025-10-02 16:00:00,BF.CW.PMP02,cooling_descaling_pump,1.0911,-0.0851,54.5973,1.0675,0,,val
2025-10-02 17:00:00,BF.CW.PMP02,cooling_descaling_pump,0.9154,0.4299,53.9152,1.0855,0,,val
2025-10-02 18:00:00,BF.CW.PMP02,cooling_descaling_pump,0.9626,0.5942,53.3191,1.0612,0,,val
2025-10-02 19:00:00,BF.CW.PMP02,cooling_descaling_pump,0.8796,0.2232,50.501,0.8617,0,,val
2025-10-02 20:00:00,BF.CW.PMP02,cooling_descaling_pump,0.9112,-0.2053,50.9956,0.8837,0,,val
2025-10-02 21:00:00,BF.CW.PMP02,cooling_descaling_pump,0.9265,0.1141,50.2818,0.8626,0,,val
2025-10-02 22:00:00,BF.CW.PMP02,cooling_descaling_pump,0.8882,0.5512,50.5601,0.9688,0,,val
2025-10-02 23:00:00,BF.CW.PMP02,cooling_descaling_pump,0.9851,0.9853,51.757,0.9778,0,,val
2025-10-03 00:00:00,BF.CW.PMP02,cooling_descaling_pump,1.1246,1.6234,53.7843,1.0538,0,,val
2025-10-03 01:00:00,BF.CW.PMP02,cooling_descaling_pump,1.0377,1.1555,53.5433,0.975,0,,val
2025-10-03 02:00:00,BF.CW.PMP02,cooling_descaling_pump,1.1507,0.6814,54.0964,0.9844,0,,val
2025-10-03 03:00:00,BF.CW.PMP02,cooling_descaling_pump,1.1153,0.1053,54.1862,0.9749,0,,val
2025-10-03 04:00:00,BF.CW.PMP02,cooling_descaling_pump,1.1102,0.1892,53.4509,0.902,0,,val
2025-10-03 05:00:00,BF.CW.PMP02,cooling_descaling_pump,1.0106,-0.2499,52.7391,0.8512,0,,val
2025-10-03 06:00:00,BF.CW.PMP02,cooling_descaling_pump,1.0543,-0.2986,52.542,0.8206,0,,val
2025-10-03 07:00:00,BF.CW.PMP02,cooling_descaling_pump,1.0723,-0.511,52.8241,0.791,0,,val
2025-10-03 08:00:00,BF.CW.PMP02,cooling_descaling_pump,1.0871,-0.5376,52.7081,0.8416,0,,val
2025-10-03 09:00:00,BF.CW.PMP02,cooling_descaling_pump,1.0929,-0.9224,51.5331,0.8064,0,,val
2025-10-03 10:00:00,BF.CW.PMP02,cooling_descaling_pump,1.1059,-0.9297,50.2311,0.7924,0,,val
2025-10-03 11:00:00,BF.CW.PMP02,cooling_descaling_pump,1.2321,-1.1242,50.4061,0.881,0,,val
2025-10-03 12:00:00,BF.CW.PMP02,cooling_descaling_pump,1.1742,-1.1182,48.065,0.8179,0,,val
2025-10-03 13:00:00,BF.CW.PMP02,cooling_descaling_pump,1.2385,-1.143,48.6858,0.9599,0,,val
2025-10-03 14:00:00,BF.CW.PMP02,cooling_descaling_pump,1.0448,-0.9613,48.5923,1.052,0,,val
2025-10-03 15:00:00,BF.CW.PMP02,cooling_descaling_pump,0.8578,-0.6554,46.5839,1.0008,0,,val
2025-10-03 16:00:00,BF.CW.PMP02,cooling_descaling_pump,0.9923,-0.1044,48.1602,1.0827,0,,val
2025-10-03 17:00:00,BF.CW.PMP02,cooling_descaling_pump,1.033,-0.3865,47.7576,1.0012,0,,val
2025-10-03 18:00:00,BF.CW.PMP02,cooling_descaling_pump,1.0124,-0.5655,49.1101,1.1034,0,,val
2025-10-03 19:00:00,BF.CW.PMP02,cooling_descaling_pump,1.0998,0.2035,50.8525,1.1264,0,,val
2025-10-03 20:00:00,BF.CW.PMP02,cooling_descaling_pump,1.1186,0.1098,50.4771,1.0139,0,,val
2025-10-03 21:00:00,BF.CW.PMP02,cooling_descaling_pump,1.0796,-0.1661,50.3498,0.9707,0,,val
2025-10-03 22:00:00,BF.CW.PMP02,cooling_descaling_pump,1.2236,-0.1999,51.4304,0.9956,0,,val
2025-10-03 23:00:00,BF.CW.PMP02,cooling_descaling_pump,1.2735,-0.0145,54.1851,1.1066,0,,val
2025-10-04 00:00:00,BF.CW.PMP02,cooling_descaling_pump,1.4366,0.2403,55.929,1.1383,0,,val
2025-10-04 01:00:00,BF.CW.PMP02,cooling_descaling_pump,1.4337,-0.1105,56.5636,1.1889,0,,val
2025-10-04 02:00:00,BF.CW.PMP02,cooling_descaling_pump,1.5018,0.0482,56.5003,1.1281,0,,val
2025-10-04 03:00:00,BF.CW.PMP02,cooling_descaling_pump,1.446,0.3242,57.2031,1.1089,0,,val
2025-10-04 04:00:00,BF.CW.PMP02,cooling_descaling_pump,1.4837,0.8584,58.088,1.103,0,,val
2025-10-04 05:00:00,BF.CW.PMP02,cooling_descaling_pump,1.6231,0.3616,60.0431,1.1014,0,,val
2025-10-04 06:00:00,BF.CW.PMP02,cooling_descaling_pump,1.5853,1.0483,59.9587,1.0461,0,,val
2025-10-04 07:00:00,BF.CW.PMP02,cooling_descaling_pump,1.6119,0.144,61.4604,1.0113,0,,val
2025-10-04 08:00:00,BF.CW.PMP02,cooling_descaling_pump,1.7124,0.1646,62.075,1.0114,0,,val
2025-10-04 09:00:00,BF.CW.PMP02,cooling_descaling_pump,1.5781,0.3824,61.5664,1.0163,0,,val
2025-10-04 10:00:00,BF.CW.PMP02,cooling_descaling_pump,1.5558,-0.0188,60.2302,1.0177,0,,val
2025-10-04 11:00:00,BF.CW.PMP02,cooling_descaling_pump,1.5521,-0.0402,59.5308,1.0264,0,,val
2025-10-04 12:00:00,BF.CW.PMP02,cooling_descaling_pump,1.5152,-0.0344,58.2359,0.9958,0,,val
2025-10-04 13:00:00,BF.CW.PMP02,cooling_descaling_pump,1.5451,0.1421,58.1504,0.9907,0,,val
2025-10-04 14:00:00,BF.CW.PMP02,cooling_descaling_pump,1.4708,0.1201,57.5211,0.9875,0,,val
2025-10-04 15:00:00,BF.CW.PMP02,cooling_descaling_pump,1.6047,0.1952,56.8911,1.0199,0,,val
2025-10-04 16:00:00,BF.CW.PMP02,cooling_descaling_pump,1.5427,0.1831,57.1501,0.9833,0,,val
2025-10-04 17:00:00,BF.CW.PMP02,cooling_descaling_pump,1.534,1.0702,57.3554,1.0069,0,,val
2025-10-04 18:00:00,BF.CW.PMP02,cooling_descaling_pump,1.5305,0.904,58.8856,1.1696,0,,val
2025-10-04 19:00:00,BF.CW.PMP02,cooling_descaling_pump,1.5206,0.4917,57.9592,1.1289,0,,val
2025-10-04 20:00:00,BF.CW.PMP02,cooling_descaling_pump,1.4827,0.5771,56.9502,1.1188,0,,val
2025-10-04 21:00:00,BF.CW.PMP02,cooling_descaling_pump,1.4717,1.0291,57.1663,1.0733,0,,val
2025-10-04 22:00:00,BF.CW.PMP02,cooling_descaling_pump,1.5024,0.8299,57.7039,1.1472,0,,val
2025-10-04 23:00:00,BF.CW.PMP02,cooling_descaling_pump,1.5521,0.6599,58.1732,1.1593,0,,val
2025-10-05 00:00:00,BF.CW.PMP02,cooling_descaling_pump,1.6423,0.565,58.2713,1.0529,0,,val
2025-10-05 01:00:00,BF.CW.PMP02,cooling_descaling_pump,1.6849,0.6404,58.0226,0.9662,0,,val
2025-10-05 02:00:00,BF.CW.PMP02,cooling_descaling_pump,1.5862,0.8964,57.7007,1.0375,0,,val
2025-10-05 03:00:00,BF.CW.PMP02,cooling_descaling_pump,1.4727,0.4807,57.3171,1.0703,0,,val
2025-10-05 04:00:00,BF.CW.PMP02,cooling_descaling_pump,1.4021,-0.0054,57.8878,1.1288,0,,val
2025-10-05 05:00:00,BF.CW.PMP02,cooling_descaling_pump,1.4058,0.222,58.8052,1.1198,0,,val
2025-10-05 06:00:00,BF.CW.PMP02,cooling_descaling_pump,1.5994,0.2872,58.4781,1.0514,0,,val
2025-10-05 07:00:00,BF.CW.PMP02,cooling_descaling_pump,1.7114,0.1838,59.6825,1.1564,0,,val
2025-10-05 08:00:00,BF.CW.PMP02,cooling_descaling_pump,1.5945,0.6109,58.7111,1.1189,0,,val
2025-10-05 09:00:00,BF.CW.PMP02,cooling_descaling_pump,1.5703,0.8355,58.168,1.0519,0,,val
2025-10-05 10:00:00,BF.CW.PMP02,cooling_descaling_pump,1.5766,0.518,58.6438,1.0516,0,,val
2025-10-05 11:00:00,BF.CW.PMP02,cooling_descaling_pump,1.5299,0.8412,57.3204,0.953,0,,val
2025-10-05 12:00:00,BF.CW.PMP02,cooling_descaling_pump,1.4991,0.1948,57.482,0.9655,0,,val
2025-10-05 13:00:00,BF.CW.PMP02,cooling_descaling_pump,1.3855,0.5304,56.1502,0.9717,0,,val
2025-10-05 14:00:00,BF.CW.PMP02,cooling_descaling_pump,1.2802,0.3989,55.3896,0.8827,0,,val
2025-10-05 15:00:00,BF.CW.PMP02,cooling_descaling_pump,1.2775,0.4391,54.4498,0.8363,0,,val
2025-10-05 16:00:00,BF.CW.PMP02,cooling_descaling_pump,1.2724,0.2507,52.6751,0.7598,0,,val
2025-10-05 17:00:00,BF.CW.PMP02,cooling_descaling_pump,1.1567,0.2838,51.4206,0.7689,0,,val
2025-10-05 18:00:00,BF.CW.PMP02,cooling_descaling_pump,1.1117,0.4009,50.4755,0.7443,0,,val
2025-10-05 19:00:00,BF.CW.PMP02,cooling_descaling_pump,0.9653,-0.2419,49.6929,0.7207,0,,val
2025-10-05 20:00:00,BF.CW.PMP02,cooling_descaling_pump,1.0,0.3559,49.8709,0.7832,0,,val
2025-10-05 21:00:00,BF.CW.PMP02,cooling_descaling_pump,1.0608,-0.3283,51.1995,0.8065,0,,val
2025-10-05 22:00:00,BF.CW.PMP02,cooling_descaling_pump,1.0203,-0.8823,52.6949,0.7996,0,,val
2025-10-05 23:00:00,BF.CW.PMP02,cooling_descaling_pump,1.0207,-1.1449,52.541,0.8036,0,,val
2025-10-06 00:00:00,BF.CW.PMP02,cooling_descaling_pump,1.1976,-1.3972,54.2954,0.7546,0,,val
2025-10-06 01:00:00,BF.CW.PMP02,cooling_descaling_pump,1.1263,-0.3941,53.9578,0.668,0,,val
2025-10-06 02:00:00,BF.CW.PMP02,cooling_descaling_pump,1.1565,-0.353,55.3865,0.7641,0,,val
2025-10-06 03:00:00,BF.CW.PMP02,cooling_descaling_pump,1.0386,-0.5225,56.4345,0.9433,0,,val
2025-10-06 04:00:00,BF.CW.PMP02,cooling_descaling_pump,0.9904,-0.7241,55.7298,0.933,0,,val
2025-10-06 05:00:00,BF.CW.PMP02,cooling_descaling_pump,1.072,-0.8858,55.0028,0.7962,0,,val
2025-10-06 06:00:00,BF.CW.PMP02,cooling_descaling_pump,0.9768,-0.7116,55.0559,0.8334,0,,val
2025-10-06 07:00:00,BF.CW.PMP02,cooling_descaling_pump,0.9354,-0.2462,54.8319,0.8259,0,,val
2025-10-06 08:00:00,BF.CW.PMP02,cooling_descaling_pump,0.9618,0.0657,54.5961,0.7562,0,,val
2025-10-06 09:00:00,BF.CW.PMP02,cooling_descaling_pump,0.9831,-0.1079,52.5304,0.6969,0,,val
2025-10-06 10:00:00,BF.CW.PMP02,cooling_descaling_pump,0.999,0.4787,52.5743,0.6748,0,,val
2025-10-06 11:00:00,BF.CW.PMP02,cooling_descaling_pump,0.9228,0.7171,53.3667,0.743,0,,val
2025-10-06 12:00:00,BF.CW.PMP02,cooling_descaling_pump,0.8277,0.3431,52.3311,0.7121,0,,val
2025-10-06 13:00:00,BF.CW.PMP02,cooling_descaling_pump,1.0327,0.9902,52.815,0.7288,0,,val
2025-10-06 14:00:00,BF.CW.PMP02,cooling_descaling_pump,0.8814,0.8831,49.4162,0.7069,0,,val
2025-10-06 15:00:00,BF.CW.PMP02,cooling_descaling_pump,0.8541,0.2994,49.0509,0.6732,0,,val
2025-10-06 16:00:00,BF.CW.PMP02,cooling_descaling_pump,0.9083,0.3904,48.4137,0.7083,0,,val
2025-10-06 17:00:00,BF.CW.PMP02,cooling_descaling_pump,1.0938,0.1718,49.2507,0.6767,0,,val
2025-10-06 18:00:00,BF.CW.PMP02,cooling_descaling_pump,1.105,-0.4914,49.2851,0.704,0,,val
2025-10-06 19:00:00,BF.CW.PMP02,cooling_descaling_pump,1.0982,-0.3413,49.253,0.646,0,,val
2025-10-06 20:00:00,BF.CW.PMP02,cooling_descaling_pump,1.1154,-0.1802,49.1837,0.7199,0,,val
2025-10-06 21:00:00,BF.CW.PMP02,cooling_descaling_pump,1.0149,-0.3448,49.1887,0.735,0,,val
2025-10-06 22:00:00,BF.CW.PMP02,cooling_descaling_pump,0.9477,-1.2443,50.2516,0.8993,0,,val
2025-10-06 23:00:00,BF.CW.PMP02,cooling_descaling_pump,0.9494,-0.4604,49.8278,0.7949,0,,val
2025-10-07 00:00:00,BF.CW.PMP02,cooling_descaling_pump,0.9441,-0.6425,49.1598,0.7538,0,,val
2025-10-07 01:00:00,BF.CW.PMP02,cooling_descaling_pump,0.6915,-0.3907,47.4055,0.7267,0,,val
2025-10-07 02:00:00,BF.CW.PMP02,cooling_descaling_pump,0.7285,0.4111,47.4986,0.7519,0,,val
2025-10-07 03:00:00,BF.CW.PMP02,cooling_descaling_pump,0.8136,0.1528,48.5652,0.8365,0,,val
2025-10-07 04:00:00,BF.CW.PMP02,cooling_descaling_pump,0.8655,0.3561,49.1191,0.7859,0,,val
2025-10-07 05:00:00,BF.CW.PMP02,cooling_descaling_pump,0.8407,0.7709,47.4876,0.7045,0,,val
2025-10-07 06:00:00,BF.CW.PMP02,cooling_descaling_pump,0.8718,0.0147,46.3796,0.7295,0,,val
2025-10-07 07:00:00,BF.CW.PMP02,cooling_descaling_pump,0.859,-0.5182,46.7382,0.7154,0,,val
2025-10-07 08:00:00,BF.CW.PMP02,cooling_descaling_pump,0.7872,-0.7721,46.5926,0.7062,0,,val
2025-10-07 09:00:00,BF.CW.PMP02,cooling_descaling_pump,0.8644,-1.0586,46.8389,0.7356,0,,val
2025-10-07 10:00:00,BF.CW.PMP02,cooling_descaling_pump,0.7574,-1.4305,45.1345,0.6506,0,,val
2025-10-07 11:00:00,BF.CW.PMP02,cooling_descaling_pump,0.7641,-1.4778,45.0434,0.6352,0,,val
2025-10-07 12:00:00,BF.CW.PMP02,cooling_descaling_pump,0.83,-1.8342,45.681,0.6385,0,,val
2025-10-07 13:00:00,BF.CW.PMP02,cooling_descaling_pump,0.9589,-1.8534,45.8807,0.6349,0,,val
2025-10-07 14:00:00,BF.CW.PMP02,cooling_descaling_pump,0.8875,-1.79,45.5495,0.6388,0,,val
2025-10-07 15:00:00,BF.CW.PMP02,cooling_descaling_pump,0.8729,-1.9903,46.6499,0.7127,0,,val
2025-10-07 16:00:00,BF.CW.PMP02,cooling_descaling_pump,1.0025,-2.2766,46.4467,0.7174,0,,val
2025-10-07 17:00:00,BF.CW.PMP02,cooling_descaling_pump,0.944,-2.5104,44.679,0.7191,0,,val
2025-10-07 18:00:00,BF.CW.PMP02,cooling_descaling_pump,0.9764,-2.4282,45.2874,0.8004,0,,val
2025-10-07 19:00:00,BF.CW.PMP02,cooling_descaling_pump,0.9371,-2.3046,45.4382,0.8658,0,,val
2025-10-07 20:00:00,BF.CW.PMP02,cooling_descaling_pump,0.9953,-1.9218,45.9062,0.8305,0,,val
2025-10-07 21:00:00,BF.CW.PMP02,cooling_descaling_pump,0.9715,-2.0507,46.3635,0.8573,0,,val
2025-10-07 22:00:00,BF.CW.PMP02,cooling_descaling_pump,0.939,-2.0593,46.2682,0.9096,0,,val
2025-10-07 23:00:00,BF.CW.PMP02,cooling_descaling_pump,0.9093,-2.3359,46.8468,1.0041,0,,val
2025-10-08 00:00:00,BF.CW.PMP02,cooling_descaling_pump,0.9597,-2.0406,46.7899,1.0222,0,,val
2025-10-08 01:00:00,BF.CW.PMP02,cooling_descaling_pump,1.0571,-2.1269,48.9061,1.0973,0,,val
2025-10-08 02:00:00,BF.CW.PMP02,cooling_descaling_pump,1.0291,-1.1679,49.5254,1.1181,0,,val
2025-10-08 03:00:00,BF.CW.PMP02,cooling_descaling_pump,0.8267,-1.3868,49.4257,1.1218,0,,val
2025-10-08 04:00:00,BF.CW.PMP02,cooling_descaling_pump,0.8577,-1.262,49.1305,1.0706,0,,val
2025-10-08 05:00:00,BF.CW.PMP02,cooling_descaling_pump,1.0829,-1.6767,49.8947,0.9357,0,,val
2025-10-08 06:00:00,BF.CW.PMP02,cooling_descaling_pump,1.3548,-1.5583,51.8555,1.0342,0,,val
2025-10-08 07:00:00,BF.CW.PMP02,cooling_descaling_pump,1.2675,-1.64,52.2569,1.0109,0,,val
2025-10-08 08:00:00,BF.CW.PMP02,cooling_descaling_pump,1.3122,-1.0822,53.4302,1.0799,0,,val
2025-10-08 09:00:00,BF.CW.PMP02,cooling_descaling_pump,1.2828,-1.0416,53.5368,1.0604,0,,val
2025-10-08 10:00:00,BF.CW.PMP02,cooling_descaling_pump,1.3754,-0.9417,53.6553,1.0462,0,,val
2025-10-08 11:00:00,BF.CW.PMP02,cooling_descaling_pump,1.3135,-1.4767,52.4478,1.0189,0,,val
2025-10-08 12:00:00,BF.CW.PMP02,cooling_descaling_pump,1.2234,-1.0625,50.6614,0.9676,0,,val
2025-10-08 13:00:00,BF.CW.PMP02,cooling_descaling_pump,1.0946,-0.9129,49.9954,1.0575,0,,val
2025-10-08 14:00:00,BF.CW.PMP02,cooling_descaling_pump,1.0155,-1.0426,49.2708,1.0434,0,,val
2025-10-08 15:00:00,BF.CW.PMP02,cooling_descaling_pump,0.8831,-1.1267,47.4776,0.9552,0,,val
2025-10-08 16:00:00,BF.CW.PMP02,cooling_descaling_pump,0.9976,-0.7369,48.6623,0.9962,0,,val
2025-10-08 17:00:00,BF.CW.PMP02,cooling_descaling_pump,1.0886,-1.3028,49.1992,1.0526,0,,val
2025-10-08 18:00:00,BF.CW.PMP02,cooling_descaling_pump,1.1255,-1.4148,48.9094,1.1706,0,,val
2025-10-08 19:00:00,BF.CW.PMP02,cooling_descaling_pump,1.1105,-0.8899,48.7903,1.035,0,,val
2025-10-08 20:00:00,BF.CW.PMP02,cooling_descaling_pump,1.1598,-1.1428,48.112,0.9497,0,,val
2025-10-08 21:00:00,BF.CW.PMP02,cooling_descaling_pump,1.2542,-1.1859,48.6522,0.9399,0,,val
2025-10-08 22:00:00,BF.CW.PMP02,cooling_descaling_pump,1.3323,-0.1826,50.6637,0.9936,0,,val
2025-10-08 23:00:00,BF.CW.PMP02,cooling_descaling_pump,1.4296,0.2348,51.9557,1.0673,0,,val
2025-10-09 00:00:00,BF.CW.PMP02,cooling_descaling_pump,1.4821,0.3168,52.8938,1.0064,0,,val
2025-10-09 01:00:00,BF.CW.PMP02,cooling_descaling_pump,1.504,0.4389,55.0718,1.021,0,,val
2025-10-09 02:00:00,BF.CW.PMP02,cooling_descaling_pump,1.6478,-0.1978,56.6804,1.0524,0,,val
2025-10-09 03:00:00,BF.CW.PMP02,cooling_descaling_pump,1.6349,0.2843,56.7615,0.9946,0,,val
2025-10-09 04:00:00,BF.CW.PMP02,cooling_descaling_pump,1.6142,0.5192,57.1916,0.9723,0,,val
2025-10-09 05:00:00,BF.CW.PMP02,cooling_descaling_pump,1.618,0.5504,57.3924,1.0153,0,,val
2025-10-09 06:00:00,BF.CW.PMP02,cooling_descaling_pump,1.5192,0.3368,57.2339,1.0583,0,,val
2025-10-09 07:00:00,BF.CW.PMP02,cooling_descaling_pump,1.4766,0.6486,56.5636,1.0571,0,,val
2025-10-09 08:00:00,BF.CW.PMP02,cooling_descaling_pump,1.4345,0.5079,55.7331,0.9906,0,,val
2025-10-09 09:00:00,BF.CW.PMP02,cooling_descaling_pump,1.4559,0.5489,55.7244,0.9345,0,,val
2025-10-09 10:00:00,BF.CW.PMP02,cooling_descaling_pump,1.5137,0.8433,55.7021,0.9436,0,,val
2025-10-09 11:00:00,BF.CW.PMP02,cooling_descaling_pump,1.5784,0.8803,54.8107,0.9048,0,,val
2025-10-09 12:00:00,BF.CW.PMP02,cooling_descaling_pump,1.5796,1.622,55.8303,0.9592,0,,val
2025-10-09 13:00:00,BF.CW.PMP02,cooling_descaling_pump,1.6081,1.1724,56.6777,1.0366,0,,val
2025-10-09 14:00:00,BF.CW.PMP02,cooling_descaling_pump,1.4145,0.6397,55.922,1.1078,0,,val
2025-10-09 15:00:00,BF.CW.PMP02,cooling_descaling_pump,1.7739,1.126,57.8915,1.0069,0,,val
2025-10-09 16:00:00,BF.CW.PMP02,cooling_descaling_pump,1.7135,0.8353,58.2494,1.0511,0,,val
2025-10-09 17:00:00,BF.CW.PMP02,cooling_descaling_pump,1.717,1.1415,57.5497,1.0895,0,,val
2025-10-09 18:00:00,BF.CW.PMP02,cooling_descaling_pump,1.6064,1.6333,57.1699,1.1196,0,,val
2025-10-09 19:00:00,BF.CW.PMP02,cooling_descaling_pump,1.5059,1.833,56.0387,0.9606,0,,val
2025-10-09 20:00:00,BF.CW.PMP02,cooling_descaling_pump,1.5583,1.6714,55.0135,0.8784,0,,val
2025-10-09 21:00:00,BF.CW.PMP02,cooling_descaling_pump,1.5949,1.3533,58.304,1.0549,0,,val
2025-10-09 22:00:00,BF.CW.PMP02,cooling_descaling_pump,1.601,1.2249,58.4226,1.0818,0,,val
2025-10-09 23:00:00,BF.CW.PMP02,cooling_descaling_pump,1.3199,1.012,55.7659,0.9486,0,,val
2025-10-10 00:00:00,BF.CW.PMP02,cooling_descaling_pump,1.2596,0.8822,54.8601,0.9745,0,,val
2025-10-10 01:00:00,BF.CW.PMP02,cooling_descaling_pump,1.256,1.1046,54.0275,0.9051,0,,val
2025-10-10 02:00:00,BF.CW.PMP02,cooling_descaling_pump,1.1982,0.4865,53.5874,0.8588,0,,val
2025-10-10 03:00:00,BF.CW.PMP02,cooling_descaling_pump,1.1854,1.086,53.1218,0.8746,0,,val
2025-10-10 04:00:00,BF.CW.PMP02,cooling_descaling_pump,1.3212,0.5488,54.5735,0.842,0,,val
2025-10-10 05:00:00,BF.CW.PMP02,cooling_descaling_pump,1.3923,-0.0114,56.568,0.8888,0,,val
2025-10-10 06:00:00,BF.CW.PMP02,cooling_descaling_pump,1.3233,0.1551,55.2714,0.7993,0,,val
2025-10-10 07:00:00,BF.CW.PMP02,cooling_descaling_pump,1.2391,0.0414,54.6635,0.7945,0,,val
2025-10-10 08:00:00,BF.CW.PMP02,cooling_descaling_pump,1.314,-0.1262,54.5365,0.7782,0,,val
2025-10-10 09:00:00,BF.CW.PMP02,cooling_descaling_pump,1.3585,0.6574,55.6575,0.871,0,,val
2025-10-10 10:00:00,BF.CW.PMP02,cooling_descaling_pump,1.2887,0.4817,55.002,0.9445,0,,val
2025-10-10 11:00:00,BF.CW.PMP02,cooling_descaling_pump,1.3839,0.7523,55.3975,1.0373,0,,val
2025-10-10 12:00:00,BF.CW.PMP02,cooling_descaling_pump,1.477,1.0682,55.5522,1.0644,0,,val
2025-10-10 13:00:00,BF.CW.PMP02,cooling_descaling_pump,1.5458,0.4925,55.8889,1.0609,0,,val
2025-10-10 14:00:00,BF.CW.PMP02,cooling_descaling_pump,1.5445,-0.062,55.9292,1.0844,0,,val
2025-10-10 15:00:00,BF.CW.PMP02,cooling_descaling_pump,1.5409,-0.2197,56.3062,1.181,0,,val
2025-10-10 16:00:00,BF.CW.PMP02,cooling_descaling_pump,1.3866,0.1834,55.1196,1.1705,0,,val
2025-10-10 17:00:00,BF.CW.PMP02,cooling_descaling_pump,1.2523,0.7136,54.3116,1.1347,0,,val
2025-10-10 18:00:00,BF.CW.PMP02,cooling_descaling_pump,1.1253,0.2764,53.3062,1.1006,0,,val
2025-10-10 19:00:00,BF.CW.PMP02,cooling_descaling_pump,1.0846,-0.2728,55.2366,1.2109,0,,val
2025-10-10 20:00:00,BF.CW.PMP02,cooling_descaling_pump,1.0788,-0.3614,54.2661,1.1267,0,,val
2025-10-10 21:00:00,BF.CW.PMP02,cooling_descaling_pump,1.0886,-0.358,54.1063,1.0152,0,,val
2025-10-10 22:00:00,BF.CW.PMP02,cooling_descaling_pump,1.1149,-0.5877,54.5703,1.1333,0,,val
2025-10-10 23:00:00,BF.CW.PMP02,cooling_descaling_pump,1.3105,-0.3465,57.3279,1.1342,0,,val
2025-10-11 00:00:00,BF.CW.PMP02,cooling_descaling_pump,1.1254,-0.5172,57.2755,1.1559,0,,val
2025-10-11 01:00:00,BF.CW.PMP02,cooling_descaling_pump,1.1203,-0.436,56.4443,1.0432,0,,val
2025-10-11 02:00:00,BF.CW.PMP02,cooling_descaling_pump,1.2077,-0.4972,57.0356,0.9587,0,,val
2025-10-11 03:00:00,BF.CW.PMP02,cooling_descaling_pump,1.2623,-0.7572,57.2283,0.8873,0,,val
2025-10-11 04:00:00,BF.CW.PMP02,cooling_descaling_pump,1.2758,-0.2113,58.5406,0.9732,0,,val
2025-10-11 05:00:00,BF.CW.PMP02,cooling_descaling_pump,1.3016,0.1531,60.114,0.9765,0,,val
2025-10-11 06:00:00,BF.CW.PMP02,cooling_descaling_pump,1.1003,-0.8028,59.3833,0.9941,0,,val
2025-10-11 07:00:00,BF.CW.PMP02,cooling_descaling_pump,1.0756,-1.4093,58.1945,0.9952,0,,val
2025-10-11 08:00:00,BF.CW.PMP02,cooling_descaling_pump,1.2286,-0.6183,59.8811,1.0333,0,,val
2025-10-11 09:00:00,BF.CW.PMP02,cooling_descaling_pump,1.1458,-1.4282,59.4156,1.0379,0,,val
2025-10-11 10:00:00,BF.CW.PMP02,cooling_descaling_pump,1.2038,-1.3041,59.0202,0.9387,0,,val
2025-10-11 11:00:00,BF.CW.PMP02,cooling_descaling_pump,1.3712,-1.2422,59.4959,0.853,0,,val
2025-10-11 12:00:00,BF.CW.PMP02,cooling_descaling_pump,1.1648,-1.7079,58.5868,0.861,0,,val
2025-10-11 13:00:00,BF.CW.PMP02,cooling_descaling_pump,0.9661,-1.251,57.3137,0.8388,0,,val
2025-10-11 14:00:00,BF.CW.PMP02,cooling_descaling_pump,0.9603,-0.7885,54.684,0.8006,0,,val
2025-10-11 15:00:00,BF.CW.PMP02,cooling_descaling_pump,0.9854,-1.0548,53.8209,0.8661,0,,val
2025-10-11 16:00:00,BF.CW.PMP02,cooling_descaling_pump,1.0463,-1.0755,53.9545,0.884,0,,val
2025-10-11 17:00:00,BF.CW.PMP02,cooling_descaling_pump,0.9806,-1.6967,54.5919,0.923,0,,val
2025-10-11 18:00:00,BF.CW.PMP02,cooling_descaling_pump,1.0967,-1.7403,55.6963,0.9108,0,,val
2025-10-11 19:00:00,BF.CW.PMP02,cooling_descaling_pump,1.2422,-1.1198,56.4582,1.031,0,,val
2025-10-11 20:00:00,BF.CW.PMP02,cooling_descaling_pump,1.1957,0.2937,57.4366,1.0453,0,,val
2025-10-11 21:00:00,BF.CW.PMP02,cooling_descaling_pump,1.2011,0.0146,57.8252,1.058,0,,val
2025-10-11 22:00:00,BF.CW.PMP02,cooling_descaling_pump,1.1868,0.4961,58.7156,1.1349,0,,val
2025-10-11 23:00:00,BF.CW.PMP02,cooling_descaling_pump,1.2053,0.6457,59.5755,1.1814,0,,val
2025-10-12 00:00:00,BF.CW.PMP02,cooling_descaling_pump,1.313,0.5075,58.1278,0.988,0,,val
2025-10-12 01:00:00,BF.CW.PMP02,cooling_descaling_pump,1.2918,0.47,57.3585,0.8819,0,,val
2025-10-12 02:00:00,BF.CW.PMP02,cooling_descaling_pump,1.2705,0.5002,57.4276,0.8809,0,,val
2025-10-12 03:00:00,BF.CW.PMP02,cooling_descaling_pump,1.307,-0.1444,58.317,0.8323,0,,val
2025-10-12 04:00:00,BF.CW.PMP02,cooling_descaling_pump,1.2744,-0.5088,56.9935,0.8669,0,,val
2025-10-12 05:00:00,BF.CW.PMP02,cooling_descaling_pump,1.2229,-0.1775,56.0062,0.8119,0,,val
2025-10-12 06:00:00,BF.CW.PMP02,cooling_descaling_pump,1.3983,0.6403,57.1334,0.9121,0,,val
2025-10-12 07:00:00,BF.CW.PMP02,cooling_descaling_pump,1.2367,0.7565,58.0665,1.1797,0,,val
2025-10-12 08:00:00,BF.CW.PMP02,cooling_descaling_pump,1.076,0.2739,57.1044,1.4152,0,,val
2025-10-12 09:00:00,BF.CW.PMP02,cooling_descaling_pump,0.9424,0.3426,55.8157,1.7834,0,,val
2025-10-12 10:00:00,BF.CW.PMP02,cooling_descaling_pump,0.8073,0.0705,54.7852,2.1347,0,,val
2025-10-12 11:00:00,BF.CW.PMP02,cooling_descaling_pump,1.0007,0.2685,55.8778,2.3598,0,,val
2025-10-12 12:00:00,BF.CW.PMP02,cooling_descaling_pump,1.1461,0.1495,55.0826,2.3515,0,,val
2025-10-12 13:00:00,BF.CW.PMP02,cooling_descaling_pump,1.1957,0.0856,56.8816,2.3604,0,,val
2025-10-12 14:00:00,BF.CW.PMP02,cooling_descaling_pump,0.9189,-0.0733,55.2595,2.0648,0,,val
2025-10-12 15:00:00,BF.CW.PMP02,cooling_descaling_pump,0.9859,-0.5521,56.8221,1.9472,0,,val
2025-10-12 16:00:00,BF.CW.PMP02,cooling_descaling_pump,1.0313,-0.0489,54.5007,1.5037,0,,val
2025-10-12 17:00:00,BF.CW.PMP02,cooling_descaling_pump,1.0302,-0.4512,53.401,1.135,0,,val
2025-10-12 18:00:00,BF.CW.PMP02,cooling_descaling_pump,1.0589,-0.6888,51.9432,0.7084,0,,val
2025-10-12 19:00:00,BF.CW.PMP02,cooling_descaling_pump,1.1296,-0.6223,52.7417,0.6505,0,,val
2025-10-12 20:00:00,BF.CW.PMP02,cooling_descaling_pump,0.9519,-1.0237,52.5316,0.6999,0,,val
2025-10-12 21:00:00,BF.CW.PMP02,cooling_descaling_pump,0.8363,-0.7257,51.7588,0.6124,0,,val
2025-10-12 22:00:00,BF.CW.PMP02,cooling_descaling_pump,0.9702,-0.9311,53.4028,0.6669,0,,val
2025-10-12 23:00:00,BF.CW.PMP02,cooling_descaling_pump,1.1838,-1.398,55.8585,0.6741,0,,val
2025-10-13 00:00:00,BF.CW.PMP02,cooling_descaling_pump,1.1339,-1.4726,54.795,0.5721,0,,val
2025-10-13 01:00:00,BF.CW.PMP02,cooling_descaling_pump,1.0333,-1.8171,53.413,0.5866,0,,val
2025-10-13 02:00:00,BF.CW.PMP02,cooling_descaling_pump,1.0169,-1.1742,54.9221,0.6711,0,,val
2025-10-13 03:00:00,BF.CW.PMP02,cooling_descaling_pump,1.0365,-0.5312,56.1974,0.6994,0,,val
2025-10-13 04:00:00,BF.CW.PMP02,cooling_descaling_pump,1.1172,-0.52,58.0776,0.7648,0,,val
2025-10-13 05:00:00,BF.CW.PMP02,cooling_descaling_pump,1.1171,-0.6635,56.8759,0.7349,0,,val
2025-10-13 06:00:00,BF.CW.PMP02,cooling_descaling_pump,1.2081,-0.3028,56.4329,0.6265,0,,val
2025-10-13 07:00:00,BF.CW.PMP02,cooling_descaling_pump,1.0574,-0.2253,55.034,0.6546,0,,val
2025-10-13 08:00:00,BF.CW.PMP02,cooling_descaling_pump,1.0074,-0.2142,55.4413,0.8044,0,,val
2025-10-13 09:00:00,BF.CW.PMP02,cooling_descaling_pump,1.0244,0.2566,55.0681,0.836,0,,val
2025-10-13 10:00:00,BF.CW.PMP02,cooling_descaling_pump,0.9853,0.2617,53.103,0.8427,0,,val
2025-10-13 11:00:00,BF.CW.PMP02,cooling_descaling_pump,0.9487,0.257,51.8569,0.8365,0,,val
2025-10-13 12:00:00,BF.CW.PMP02,cooling_descaling_pump,0.9501,0.3899,52.0915,0.8882,0,,val
2025-10-13 13:00:00,BF.CW.PMP02,cooling_descaling_pump,0.8638,0.3062,51.3352,0.7961,0,,val
2025-10-13 14:00:00,BF.CW.PMP02,cooling_descaling_pump,0.8241,0.2405,51.267,0.8437,0,,val
2025-10-13 15:00:00,BF.CW.PMP02,cooling_descaling_pump,0.8551,-0.11,52.3611,0.9532,0,,val
2025-10-13 16:00:00,BF.CW.PMP02,cooling_descaling_pump,0.8806,-0.2493,53.6849,1.0304,0,,val
2025-10-13 17:00:00,BF.CW.PMP02,cooling_descaling_pump,0.8818,-0.7164,52.3697,0.9978,0,,val
2025-10-13 18:00:00,BF.CW.PMP02,cooling_descaling_pump,0.8812,-0.403,52.0706,1.1102,0,,val
2025-10-13 19:00:00,BF.CW.PMP02,cooling_descaling_pump,0.867,0.1442,51.6398,1.1083,0,,val
2025-10-13 20:00:00,BF.CW.PMP02,cooling_descaling_pump,0.8748,-0.1332,52.0762,1.2022,0,,val
2025-10-13 21:00:00,BF.CW.PMP02,cooling_descaling_pump,0.8283,0.7231,52.2742,1.1301,0,,val
2025-10-13 22:00:00,BF.CW.PMP02,cooling_descaling_pump,0.9638,0.9177,52.9857,1.0492,0,,val
2025-10-13 23:00:00,BF.CW.PMP02,cooling_descaling_pump,1.0834,0.1701,54.6781,1.0816,0,,val
2025-10-14 00:00:00,BF.CW.PMP02,cooling_descaling_pump,1.1509,0.0634,55.3022,0.9633,0,,val
2025-10-14 01:00:00,BF.CW.PMP02,cooling_descaling_pump,1.0399,0.3006,56.5503,1.0216,0,,val
2025-10-14 02:00:00,BF.CW.PMP02,cooling_descaling_pump,1.0137,-0.1216,57.4794,1.0842,0,,val
2025-10-14 03:00:00,BF.CW.PMP02,cooling_descaling_pump,1.3203,-0.5098,57.7483,0.9961,0,,val
2025-10-14 04:00:00,BF.CW.PMP02,cooling_descaling_pump,1.5186,0.2096,59.8464,1.0853,0,,val
2025-10-14 05:00:00,BF.CW.PMP02,cooling_descaling_pump,1.3945,0.1164,60.3835,1.0701,0,,val
2025-10-14 06:00:00,BF.CW.PMP02,cooling_descaling_pump,1.4704,-0.712,60.4151,1.0263,0,,val
2025-10-14 07:00:00,BF.CW.PMP02,cooling_descaling_pump,1.5108,-0.7959,60.499,1.0304,0,,val
2025-10-14 08:00:00,BF.CW.PMP02,cooling_descaling_pump,1.3663,-0.7419,59.8533,1.019,0,,val
2025-10-14 09:00:00,BF.CW.PMP02,cooling_descaling_pump,1.2618,-0.2544,60.1023,1.0956,0,,val
2025-10-14 10:00:00,BF.CW.PMP02,cooling_descaling_pump,1.3559,-0.7238,58.8523,0.9206,0,,val
2025-10-14 11:00:00,BF.CW.PMP02,cooling_descaling_pump,1.2789,-0.6279,58.1646,0.9416,0,,val
2025-10-14 12:00:00,BF.CW.PMP02,cooling_descaling_pump,1.3574,-1.2117,57.9111,0.9722,0,,val
2025-10-14 13:00:00,BF.CW.PMP02,cooling_descaling_pump,1.29,-0.5511,57.7511,0.9555,0,,val
2025-10-14 14:00:00,BF.CW.PMP02,cooling_descaling_pump,1.4156,-0.8344,59.2825,0.958,0,,val
2025-10-14 15:00:00,BF.CW.PMP02,cooling_descaling_pump,1.5309,-1.0408,60.0822,1.023,0,,val
2025-10-14 16:00:00,BF.CW.PMP02,cooling_descaling_pump,1.5196,-0.633,60.8422,1.0347,0,,val
2025-10-14 17:00:00,BF.CW.PMP02,cooling_descaling_pump,1.5613,-0.7191,61.0573,1.0496,0,,val
2025-10-14 18:00:00,BF.CW.PMP02,cooling_descaling_pump,1.7676,0.4145,62.9274,1.0473,0,,val
2025-10-14 19:00:00,BF.CW.PMP02,cooling_descaling_pump,1.7008,0.695,63.5735,1.0746,0,,val
2025-10-14 20:00:00,BF.CW.PMP02,cooling_descaling_pump,1.605,0.444,61.9668,0.9647,0,,val
2025-10-14 21:00:00,BF.CW.PMP02,cooling_descaling_pump,1.569,-0.4054,61.7222,0.9044,0,,val
2025-10-14 22:00:00,BF.CW.PMP02,cooling_descaling_pump,1.5212,-0.9531,62.5154,0.9597,0,,val
2025-10-14 23:00:00,BF.CW.PMP02,cooling_descaling_pump,1.5816,-1.059,63.0981,1.0082,0,,val
2025-10-15 00:00:00,BF.CW.PMP02,cooling_descaling_pump,1.5076,-0.9942,62.1284,0.9201,0,,val
2025-10-15 01:00:00,BF.CW.PMP02,cooling_descaling_pump,1.242,-0.1604,60.1497,0.8989,0,,val
2025-10-15 02:00:00,BF.CW.PMP02,cooling_descaling_pump,1.3101,-0.0476,61.7854,0.9872,0,,val
2025-10-15 03:00:00,BF.CW.PMP02,cooling_descaling_pump,1.4502,-0.1932,63.9614,0.9605,0,,val
2025-10-15 04:00:00,BF.CW.PMP02,cooling_descaling_pump,1.4571,-0.0555,65.0194,1.0072,0,,val
2025-10-15 05:00:00,BF.CW.PMP02,cooling_descaling_pump,1.4372,0.2338,65.682,0.9761,0,,val
2025-10-15 06:00:00,BF.CW.PMP02,cooling_descaling_pump,1.4817,0.089,65.9895,0.9509,0,,val
2025-10-15 07:00:00,BF.CW.PMP02,cooling_descaling_pump,1.31,0.1099,66.9435,1.1363,0,,val
2025-10-15 08:00:00,BF.CW.PMP02,cooling_descaling_pump,1.2142,-0.0174,67.3059,1.2284,0,,val
2025-10-15 09:00:00,BF.CW.PMP02,cooling_descaling_pump,1.1041,-0.0663,65.2944,1.1004,0,,val
2025-10-15 10:00:00,BF.CW.PMP02,cooling_descaling_pump,1.0748,-0.2129,65.6523,1.119,0,,val
2025-10-15 11:00:00,BF.CW.PMP02,cooling_descaling_pump,1.1434,-0.33,65.2346,1.1288,0,,val
2025-10-15 12:00:00,BF.CW.PMP02,cooling_descaling_pump,1.2054,-0.6834,66.1328,1.1139,0,,val
2025-10-15 13:00:00,BF.CW.PMP02,cooling_descaling_pump,1.1903,-0.8876,65.0833,0.9835,0,,val
2025-10-15 14:00:00,BF.CW.PMP02,cooling_descaling_pump,1.1582,-0.5292,66.0631,0.997,0,,val
2025-10-15 15:00:00,BF.CW.PMP02,cooling_descaling_pump,1.0365,0.0277,63.4922,0.9914,0,,val
2025-10-15 16:00:00,BF.CW.PMP02,cooling_descaling_pump,1.0099,0.5176,62.239,0.9734,0,,val
2025-10-15 17:00:00,BF.CW.PMP02,cooling_descaling_pump,0.952,1.2231,59.5544,0.9779,0,,val
2025-10-15 18:00:00,BF.CW.PMP02,cooling_descaling_pump,0.8827,1.3371,59.6412,0.8874,0,,val
2025-10-15 19:00:00,BF.CW.PMP02,cooling_descaling_pump,1.0983,1.1115,60.9479,0.8503,0,,val
2025-10-15 20:00:00,BF.CW.PMP02,cooling_descaling_pump,1.2727,0.4867,62.5352,0.9337,0,,val
2025-10-15 21:00:00,BF.CW.PMP02,cooling_descaling_pump,1.2936,0.8576,63.2407,0.9586,0,,val
2025-10-15 22:00:00,BF.CW.PMP02,cooling_descaling_pump,1.178,0.4467,63.3877,1.001,0,,val
2025-10-15 23:00:00,BF.CW.PMP02,cooling_descaling_pump,1.1993,0.8581,63.1335,0.9388,0,,val
2025-10-16 00:00:00,BF.CW.PMP02,cooling_descaling_pump,0.942,0.9315,61.1111,0.9002,0,,val
2025-10-16 01:00:00,BF.CW.PMP02,cooling_descaling_pump,0.7981,1.1164,59.3631,0.8317,0,,val
2025-10-16 02:00:00,BF.CW.PMP02,cooling_descaling_pump,0.7011,1.2388,58.6128,0.8185,0,,val
2025-10-16 03:00:00,BF.CW.PMP02,cooling_descaling_pump,0.5021,0.9885,58.8125,0.9929,0,,val
2025-10-16 04:00:00,BF.CW.PMP02,cooling_descaling_pump,0.6417,1.1784,58.0888,0.8981,0,,val
2025-10-16 05:00:00,BF.CW.PMP02,cooling_descaling_pump,0.652,1.1123,57.8853,0.8881,0,,val
2025-10-16 06:00:00,BF.CW.PMP02,cooling_descaling_pump,0.5789,1.5188,55.4265,0.8308,0,,val
2025-10-16 07:00:00,BF.CW.PMP02,cooling_descaling_pump,0.4723,0.6943,54.0309,0.8675,0,,val
2025-10-16 08:00:00,BF.CW.PMP02,cooling_descaling_pump,0.5458,0.7029,52.944,0.7787,0,,val
2025-10-16 09:00:00,BF.CW.PMP02,cooling_descaling_pump,0.6307,0.9146,53.3014,0.8565,0,,val
2025-10-16 10:00:00,BF.CW.PMP02,cooling_descaling_pump,0.6192,1.562,53.693,0.951,0,,val
2025-10-16 11:00:00,BF.CW.PMP02,cooling_descaling_pump,0.814,1.788,53.1548,0.8256,0,,val
2025-10-16 12:00:00,BF.CW.PMP02,cooling_descaling_pump,0.728,1.3881,52.4699,0.7526,0,,val
2025-10-16 13:00:00,BF.CW.PMP02,cooling_descaling_pump,0.8549,1.1278,54.7889,0.9706,0,,val
2025-10-16 14:00:00,BF.CW.PMP02,cooling_descaling_pump,0.9294,1.4137,54.4779,1.0509,0,,val
2025-10-16 15:00:00,BF.CW.PMP02,cooling_descaling_pump,0.9381,0.9951,54.7719,1.0502,0,,val
2025-10-16 16:00:00,BF.CW.PMP02,cooling_descaling_pump,0.902,0.8957,54.3177,1.0268,0,,val
2025-10-16 17:00:00,BF.CW.PMP02,cooling_descaling_pump,1.0302,0.5122,54.6559,1.0551,0,,val
2025-10-16 18:00:00,BF.CW.PMP02,cooling_descaling_pump,1.0108,0.5507,53.006,0.9032,0,,val
2025-10-16 19:00:00,BF.CW.PMP02,cooling_descaling_pump,0.9718,-0.1478,54.1149,0.9031,0,,val
2025-10-16 20:00:00,BF.CW.PMP02,cooling_descaling_pump,1.1501,-0.4672,55.0273,0.8196,0,,val
2025-10-16 21:00:00,BF.CW.PMP02,cooling_descaling_pump,1.1375,-0.9452,55.9814,0.9106,0,,val
2025-10-16 22:00:00,BF.CW.PMP02,cooling_descaling_pump,1.0362,-0.2614,56.8035,0.8931,0,,val
2025-10-16 23:00:00,BF.CW.PMP02,cooling_descaling_pump,0.8118,0.3416,55.6556,0.8588,0,,val
2025-10-17 00:00:00,BF.CW.PMP02,cooling_descaling_pump,0.7593,0.1123,55.2274,0.8143,0,,val
2025-10-17 01:00:00,BF.CW.PMP02,cooling_descaling_pump,0.7831,-0.268,54.7147,0.8072,0,,val
2025-10-17 02:00:00,BF.CW.PMP02,cooling_descaling_pump,0.8838,-0.429,55.1641,0.813,0,,val
2025-10-17 03:00:00,BF.CW.PMP02,cooling_descaling_pump,0.9512,-0.9781,55.8282,0.821,0,,val
2025-10-17 04:00:00,BF.CW.PMP02,cooling_descaling_pump,1.0207,-0.7704,57.4933,0.903,0,,val
2025-10-17 05:00:00,BF.CW.PMP02,cooling_descaling_pump,1.1146,-1.8663,57.9078,0.8559,0,,val
2025-10-17 06:00:00,BF.CW.PMP02,cooling_descaling_pump,1.1894,-1.1529,59.3707,0.9399,0,,val
2025-10-17 07:00:00,BF.CW.PMP02,cooling_descaling_pump,1.1894,-1.9547,57.4851,0.8958,0,,val
2025-10-17 08:00:00,BF.CW.PMP02,cooling_descaling_pump,1.2926,-1.856,57.9849,0.8925,0,,val
2025-10-17 09:00:00,BF.CW.PMP02,cooling_descaling_pump,1.3024,-2.1655,57.8028,0.8988,0,,val
2025-10-17 10:00:00,BF.CW.PMP02,cooling_descaling_pump,1.2393,-1.529,56.9908,0.9264,0,,val
2025-10-17 11:00:00,BF.CW.PMP02,cooling_descaling_pump,1.4019,-1.326,58.0913,0.9415,0,,val
2025-10-17 12:00:00,BF.CW.PMP02,cooling_descaling_pump,1.3313,-1.4274,57.3954,0.8942,0,,val
2025-10-17 13:00:00,BF.CW.PMP02,cooling_descaling_pump,1.469,-1.555,57.4577,0.9427,0,,val
2025-10-17 14:00:00,BF.CW.PMP02,cooling_descaling_pump,1.2865,-1.1758,56.2394,0.9895,0,,val
2025-10-17 15:00:00,BF.CW.PMP02,cooling_descaling_pump,1.1093,-0.4405,56.1075,1.0533,0,,val
2025-10-17 16:00:00,BF.CW.PMP02,cooling_descaling_pump,1.0196,-0.2563,54.3485,1.0838,0,,val
2025-10-17 17:00:00,BF.CW.PMP02,cooling_descaling_pump,0.9098,-0.4416,53.9442,1.0583,0,,val
2025-10-17 18:00:00,BF.CW.PMP02,cooling_descaling_pump,0.8514,-0.4946,53.433,0.9822,0,,val
2025-10-17 19:00:00,BF.CW.PMP02,cooling_descaling_pump,1.0887,-0.3989,55.1386,0.9905,0,,val
2025-10-17 20:00:00,BF.CW.PMP02,cooling_descaling_pump,1.0703,-0.3283,56.596,1.0912,0,,val
2025-10-17 21:00:00,BF.CW.PMP02,cooling_descaling_pump,0.8884,-0.4155,56.176,1.1772,0,,val
2025-10-17 22:00:00,BF.CW.PMP02,cooling_descaling_pump,0.8191,0.1767,56.4892,1.182,0,,val
2025-10-17 23:00:00,BF.CW.PMP02,cooling_descaling_pump,0.7903,0.2219,56.7369,1.1894,0,,val
2025-10-18 00:00:00,BF.CW.PMP02,cooling_descaling_pump,0.8024,0.3229,56.6466,1.216,0,,val
2025-10-18 01:00:00,BF.CW.PMP02,cooling_descaling_pump,0.7587,0.4593,55.914,1.1735,0,,val
2025-10-18 02:00:00,BF.CW.PMP02,cooling_descaling_pump,0.9223,0.5338,57.7253,1.2064,0,,val
2025-10-18 03:00:00,BF.CW.PMP02,cooling_descaling_pump,1.0237,0.1529,58.3316,1.123,0,,val
2025-10-18 04:00:00,BF.CW.PMP02,cooling_descaling_pump,1.1251,0.5916,58.4793,1.0094,0,,val
2025-10-18 05:00:00,BF.CW.PMP02,cooling_descaling_pump,1.0569,0.4586,57.8123,0.9701,0,,val
2025-10-18 06:00:00,BF.CW.PMP02,cooling_descaling_pump,1.0599,0.527,56.5314,0.8394,0,,val
2025-10-18 07:00:00,BF.CW.PMP02,cooling_descaling_pump,1.0129,0.3845,55.3363,0.8738,0,,val
2025-10-18 08:00:00,BF.CW.PMP02,cooling_descaling_pump,1.1815,-0.4729,56.0379,0.9391,0,,val
2025-10-18 09:00:00,BF.CW.PMP02,cooling_descaling_pump,0.9995,-0.1587,54.7367,0.8866,0,,val
2025-10-18 10:00:00,BF.CW.PMP02,cooling_descaling_pump,0.9273,0.8134,55.3298,0.918,0,,val
2025-10-18 11:00:00,BF.CW.PMP02,cooling_descaling_pump,0.7938,1.1291,54.0528,0.8926,0,,val
2025-10-18 12:00:00,BF.CW.PMP02,cooling_descaling_pump,0.8732,1.1222,53.1368,0.852,0,,val
2025-10-18 13:00:00,BF.CW.PMP02,cooling_descaling_pump,0.8519,0.6024,52.6124,0.8867,0,,val
2025-10-18 14:00:00,BF.CW.PMP02,cooling_descaling_pump,1.0543,0.206,52.1686,0.8159,0,,val
2025-10-18 15:00:00,BF.CW.PMP02,cooling_descaling_pump,1.041,-0.4145,52.0001,0.8174,0,,val
2025-10-18 16:00:00,BF.CW.PMP02,cooling_descaling_pump,0.9338,-0.5375,53.604,0.9737,0,,val
2025-10-18 17:00:00,BF.CW.PMP02,cooling_descaling_pump,0.9303,-0.7204,52.5012,0.9164,0,,val
2025-10-18 18:00:00,BF.CW.PMP02,cooling_descaling_pump,0.8718,-0.6095,52.3945,0.8997,0,,val
2025-10-18 19:00:00,BF.CW.PMP02,cooling_descaling_pump,0.9059,-0.2012,51.2071,0.8486,0,,val
2025-10-18 20:00:00,BF.CW.PMP02,cooling_descaling_pump,0.9404,-0.2402,51.9992,0.8425,0,,val
2025-10-18 21:00:00,BF.CW.PMP02,cooling_descaling_pump,0.8226,-0.4314,50.4682,0.8138,0,,val
2025-10-18 22:00:00,BF.CW.PMP02,cooling_descaling_pump,0.7432,-0.2731,49.6363,0.81,0,,val
2025-10-18 23:00:00,BF.CW.PMP02,cooling_descaling_pump,0.7211,-0.2471,49.9236,0.9488,0,,val
2025-10-19 00:00:00,BF.CW.PMP02,cooling_descaling_pump,0.8023,-0.5218,52.0322,1.0875,0,,val
2025-10-19 01:00:00,BF.CW.PMP02,cooling_descaling_pump,0.8348,-0.2347,52.784,1.1681,0,,val
2025-10-19 02:00:00,BF.CW.PMP02,cooling_descaling_pump,0.9372,0.1601,53.2706,1.1895,0,,val
2025-10-19 03:00:00,BF.CW.PMP02,cooling_descaling_pump,1.1298,-0.5145,55.1605,1.1648,0,,val
2025-10-19 04:00:00,BF.CW.PMP02,cooling_descaling_pump,1.2171,-0.2279,55.4999,1.1049,0,,val
2025-10-19 05:00:00,BF.CW.PMP02,cooling_descaling_pump,1.4345,-0.2593,56.9913,1.0618,0,,val
2025-10-19 06:00:00,BF.CW.PMP02,cooling_descaling_pump,1.2965,-0.7193,55.2559,1.036,0,,val
2025-10-19 07:00:00,BF.CW.PMP02,cooling_descaling_pump,1.3655,-0.5096,55.8549,1.093,0,,val
2025-10-19 08:00:00,BF.CW.PMP02,cooling_descaling_pump,1.4759,-1.0443,56.8261,1.0394,0,,val
2025-10-19 09:00:00,BF.CW.PMP02,cooling_descaling_pump,1.4398,-1.2691,54.7736,0.9441,0,,val
2025-10-19 10:00:00,BF.CW.PMP02,cooling_descaling_pump,1.495,-1.4201,54.6324,0.8686,0,,val
2025-10-19 11:00:00,BF.CW.PMP02,cooling_descaling_pump,1.4318,-1.6986,54.1034,0.8405,0,,val
2025-10-19 12:00:00,BF.CW.PMP02,cooling_descaling_pump,1.28,-1.0717,51.6496,0.733,0,,val
2025-10-19 13:00:00,BF.CW.PMP02,cooling_descaling_pump,1.3917,-0.311,52.8689,0.8123,0,,val
2025-10-19 14:00:00,BF.CW.PMP02,cooling_descaling_pump,1.2991,-0.2223,52.9844,0.9432,0,,val
2025-10-19 15:00:00,BF.CW.PMP02,cooling_descaling_pump,1.3876,-0.199,54.2588,1.0,0,,val
2025-10-19 16:00:00,BF.CW.PMP02,cooling_descaling_pump,1.3612,0.0886,53.3764,1.0292,0,,val
2025-10-19 17:00:00,BF.CW.PMP02,cooling_descaling_pump,1.2832,0.3195,53.8088,0.972,0,,val
2025-10-19 18:00:00,BF.CW.PMP02,cooling_descaling_pump,1.3589,0.4403,55.0493,1.0994,0,,val
2025-10-19 19:00:00,BF.CW.PMP02,cooling_descaling_pump,1.3886,0.5012,53.9413,1.0347,0,,val
2025-10-19 20:00:00,BF.CW.PMP02,cooling_descaling_pump,1.2337,0.7659,52.5718,0.9387,0,,val
2025-10-19 21:00:00,BF.CW.PMP02,cooling_descaling_pump,1.3959,0.9975,53.3377,0.9388,0,,val
2025-10-19 22:00:00,BF.CW.PMP02,cooling_descaling_pump,1.4967,1.3503,53.4013,0.848,0,,val
2025-10-19 23:00:00,BF.CW.PMP02,cooling_descaling_pump,1.4746,1.4847,51.9783,0.7919,0,,val
2025-10-20 00:00:00,BF.CW.PMP02,cooling_descaling_pump,1.4331,1.1162,51.1379,0.6693,0,,val
2025-10-20 01:00:00,BF.CW.PMP02,cooling_descaling_pump,1.4305,0.7753,51.9968,0.6969,0,,val
2025-10-20 02:00:00,BF.CW.PMP02,cooling_descaling_pump,1.392,1.1737,52.4084,0.6944,0,,val
2025-10-20 03:00:00,BF.CW.PMP02,cooling_descaling_pump,1.395,0.3831,51.8202,0.7131,0,,val
2025-10-20 04:00:00,BF.CW.PMP02,cooling_descaling_pump,1.1993,0.3709,51.5133,0.7821,0,,val
2025-10-20 05:00:00,BF.CW.PMP02,cooling_descaling_pump,1.2097,0.4667,50.9907,0.8029,0,,val
2025-10-20 06:00:00,BF.CW.PMP02,cooling_descaling_pump,1.2541,0.2773,51.6512,0.879,0,,val
2025-10-20 07:00:00,BF.CW.PMP02,cooling_descaling_pump,1.2784,-0.1581,51.3047,0.7852,0,,val
2025-10-20 08:00:00,BF.CW.PMP02,cooling_descaling_pump,1.0459,-0.4044,50.5751,0.7817,0,,val
2025-10-20 09:00:00,BF.CW.PMP02,cooling_descaling_pump,1.0878,-0.902,49.7428,0.8323,0,,val
2025-10-20 10:00:00,BF.CW.PMP02,cooling_descaling_pump,1.1008,-1.8915,50.3242,0.8185,0,,val
2025-10-20 11:00:00,BF.CW.PMP02,cooling_descaling_pump,1.215,-1.4815,49.416,0.6988,0,,val
2025-10-20 12:00:00,BF.CW.PMP02,cooling_descaling_pump,1.1191,-2.0071,47.9187,0.7151,0,,val
2025-10-20 13:00:00,BF.CW.PMP02,cooling_descaling_pump,1.2702,-1.9956,47.9023,0.7151,0,,val
2025-10-20 14:00:00,BF.CW.PMP02,cooling_descaling_pump,1.4077,-2.4457,48.0156,0.7066,0,,val
2025-10-20 15:00:00,BF.CW.PMP02,cooling_descaling_pump,1.3945,-2.931,48.271,0.7892,0,,val
2025-10-20 16:00:00,BF.CW.PMP02,cooling_descaling_pump,1.4044,-2.6489,48.5901,0.828,0,,val
2025-10-20 17:00:00,BF.CW.PMP02,cooling_descaling_pump,1.4334,-2.7164,48.8146,0.8954,0,,val
2025-10-20 18:00:00,BF.CW.PMP02,cooling_descaling_pump,1.3586,-2.3422,47.4403,0.8746,0,,val
2025-10-20 19:00:00,BF.CW.PMP02,cooling_descaling_pump,1.4798,-2.2963,49.3325,0.994,0,,val
2025-10-20 20:00:00,BF.CW.PMP02,cooling_descaling_pump,1.422,-2.4981,49.6579,1.0213,0,,val
2025-10-20 21:00:00,BF.CW.PMP02,cooling_descaling_pump,1.3563,,49.0902,,0,,val
2025-10-20 22:00:00,BF.CW.PMP02,cooling_descaling_pump,1.3486,-2.3848,50.2006,0.9876,0,,val
2025-10-20 23:00:00,BF.CW.PMP02,cooling_descaling_pump,1.3363,-1.8632,50.6972,1.0339,0,,val
2025-10-21 00:00:00,BF.CW.PMP02,cooling_descaling_pump,1.3537,-1.7085,51.632,1.0403,0,,val
2025-10-21 01:00:00,BF.CW.PMP02,cooling_descaling_pump,1.3147,-2.1758,53.6554,1.1163,0,,val
2025-10-21 02:00:00,BF.CW.PMP02,cooling_descaling_pump,1.2093,-1.8507,55.5148,1.2797,0,,val
2025-10-21 03:00:00,BF.CW.PMP02,cooling_descaling_pump,1.3206,-1.7147,57.2652,1.338,0,,val
2025-10-21 04:00:00,BF.CW.PMP02,cooling_descaling_pump,1.2714,-1.6749,56.523,1.2942,0,,val
2025-10-21 05:00:00,BF.CW.PMP02,cooling_descaling_pump,1.3398,-1.7654,58.4515,1.2714,0,,val
2025-10-21 06:00:00,BF.CW.PMP02,cooling_descaling_pump,1.3769,-1.8934,57.666,1.1625,0,,val
2025-10-21 07:00:00,BF.CW.PMP02,cooling_descaling_pump,1.5387,-1.4685,59.3582,1.2217,0,,val
2025-10-21 08:00:00,BF.CW.PMP02,cooling_descaling_pump,1.7783,-1.7498,60.9296,1.2737,0,,val
2025-10-21 09:00:00,BF.CW.PMP02,cooling_descaling_pump,1.6768,-1.9937,60.0714,1.1405,0,,val
2025-10-21 10:00:00,BF.CW.PMP02,cooling_descaling_pump,1.7002,-1.1039,59.9997,1.1159,0,,val
2025-10-21 11:00:00,BF.CW.PMP02,cooling_descaling_pump,1.4907,,,1.1944,0,,val
2025-10-21 12:00:00,BF.CW.PMP02,cooling_descaling_pump,1.4999,-0.585,59.7792,1.3188,0,,val
2025-10-21 13:00:00,BF.CW.PMP02,cooling_descaling_pump,1.5351,-0.5307,59.6061,1.3337,0,,val
2025-10-21 14:00:00,BF.CW.PMP02,cooling_descaling_pump,1.4195,0.1012,58.3792,1.3351,0,,val
2025-10-21 15:00:00,BF.CW.PMP02,cooling_descaling_pump,1.4169,-0.4767,58.8136,1.3825,0,,val
2025-10-21 16:00:00,BF.CW.PMP02,cooling_descaling_pump,1.4095,-0.7145,59.1541,1.3555,0,,val
2025-10-21 17:00:00,BF.CW.PMP02,cooling_descaling_pump,1.4349,-0.376,60.0792,1.4021,0,,val
2025-10-21 18:00:00,BF.CW.PMP02,cooling_descaling_pump,1.5711,-0.1679,61.7462,1.4694,0,,val
2025-10-21 19:00:00,BF.CW.PMP02,cooling_descaling_pump,1.458,-0.0665,62.2271,1.553,0,,val
2025-10-21 20:00:00,BF.CW.PMP02,cooling_descaling_pump,1.4875,0.4002,62.0308,1.4816,0,,val
2025-10-21 21:00:00,BF.CW.PMP02,cooling_descaling_pump,1.4075,0.3878,63.1035,1.481,0,,val
2025-10-21 22:00:00,BF.CW.PMP02,cooling_descaling_pump,1.3803,0.4907,64.5781,1.4617,0,,val
2025-10-21 23:00:00,BF.CW.PMP02,cooling_descaling_pump,1.4933,1.1987,66.5299,1.4557,0,,val
2025-10-22 00:00:00,BF.CW.PMP02,cooling_descaling_pump,1.4398,1.416,66.2657,1.4147,0,,val
2025-10-22 01:00:00,BF.CW.PMP02,cooling_descaling_pump,1.3549,1.0267,67.4224,1.4045,0,,val
2025-10-22 02:00:00,BF.CW.PMP02,cooling_descaling_pump,1.4139,1.5255,66.9673,1.3217,0,,val
2025-10-22 03:00:00,BF.CW.PMP02,cooling_descaling_pump,1.4067,1.5204,67.206,1.2817,0,,val
2025-10-22 04:00:00,BF.CW.PMP02,cooling_descaling_pump,1.4453,0.6394,67.9666,1.3553,0,,val
2025-10-22 05:00:00,BF.CW.PMP02,cooling_descaling_pump,1.3498,0.7274,66.9905,1.3064,0,,val
2025-10-22 06:00:00,BF.CW.PMP02,cooling_descaling_pump,1.4762,0.1499,67.0893,1.2989,0,,val
2025-10-22 07:00:00,BF.CW.PMP02,cooling_descaling_pump,1.4124,-0.208,67.1009,1.3567,0,,val
2025-10-22 08:00:00,BF.CW.PMP02,cooling_descaling_pump,1.4211,-0.1938,67.169,1.3599,0,,val
2025-10-22 09:00:00,BF.CW.PMP02,cooling_descaling_pump,1.3301,0.0821,66.4444,1.347,0,,val
2025-10-22 10:00:00,BF.CW.PMP02,cooling_descaling_pump,1.3207,0.0163,66.2218,1.3416,0,,val
2025-10-22 11:00:00,BF.CW.PMP02,cooling_descaling_pump,1.2846,0.1019,65.3903,1.5416,0,,val
2025-10-22 12:00:00,BF.CW.PMP02,cooling_descaling_pump,1.2866,-0.3025,67.207,1.9541,0,,val
2025-10-22 13:00:00,BF.CW.PMP02,cooling_descaling_pump,1.317,-0.278,67.5774,2.2748,0,,val
2025-10-22 14:00:00,BF.CW.PMP02,cooling_descaling_pump,1.3254,-0.5609,67.1795,2.4352,0,,val
2025-10-22 15:00:00,BF.CW.PMP02,cooling_descaling_pump,1.3379,-0.9424,66.5518,2.4653,0,,val
2025-10-22 16:00:00,BF.CW.PMP02,cooling_descaling_pump,1.2586,-0.3005,64.0864,2.2622,0,,val
2025-10-22 17:00:00,BF.CW.PMP02,cooling_descaling_pump,1.2255,-0.2345,62.7636,2.0322,0,,val
2025-10-22 18:00:00,BF.CW.PMP02,cooling_descaling_pump,1.3436,-0.4968,63.1981,1.6424,0,,val
2025-10-22 19:00:00,BF.CW.PMP02,cooling_descaling_pump,1.2102,-0.5093,62.8091,1.3295,0,,val
2025-10-22 20:00:00,BF.CW.PMP02,cooling_descaling_pump,1.1583,-0.6035,62.0454,1.0773,0,,val
2025-10-22 21:00:00,BF.CW.PMP02,cooling_descaling_pump,1.1821,-0.4592,62.0476,1.025,0,,val
2025-10-22 22:00:00,BF.CW.PMP02,cooling_descaling_pump,1.3012,-0.4777,63.5864,1.0229,0,,val
2025-10-22 23:00:00,BF.CW.PMP02,cooling_descaling_pump,1.1339,-0.3952,63.9386,1.0788,0,,val
2025-10-23 00:00:00,BF.CW.PMP02,cooling_descaling_pump,1.2366,-0.1718,65.9718,1.165,0,,val
2025-10-23 01:00:00,BF.CW.PMP02,cooling_descaling_pump,1.2324,-0.7041,66.3882,1.1445,0,,val
2025-10-23 02:00:00,BF.CW.PMP02,cooling_descaling_pump,1.2873,-1.3073,67.4027,1.1298,0,,val
2025-10-23 03:00:00,BF.CW.PMP02,cooling_descaling_pump,1.3087,-1.6051,66.7654,1.0623,0,,val
2025-10-23 04:00:00,BF.CW.PMP02,cooling_descaling_pump,1.1642,-1.347,67.6254,1.2539,0,,val
2025-10-23 05:00:00,BF.CW.PMP02,cooling_descaling_pump,1.052,-0.4025,66.4831,1.1951,0,,val
2025-10-23 06:00:00,BF.CW.PMP02,cooling_descaling_pump,0.9688,-0.2415,66.0946,1.2138,0,,val
2025-10-23 07:00:00,BF.CW.PMP02,cooling_descaling_pump,0.9044,-0.1044,64.8539,1.0923,0,,val
2025-10-23 08:00:00,BF.CW.PMP02,cooling_descaling_pump,0.9739,-0.5853,64.0899,1.1133,0,,val
2025-10-23 09:00:00,BF.CW.PMP02,cooling_descaling_pump,0.9732,-0.9701,62.1652,1.0392,0,,val
2025-10-23 10:00:00,BF.CW.PMP02,cooling_descaling_pump,0.9667,-1.2069,61.8943,0.9805,0,,val
2025-10-23 11:00:00,BF.CW.PMP02,cooling_descaling_pump,0.9448,-1.418,60.211,0.9795,0,,val
2025-10-23 12:00:00,BF.CW.PMP02,cooling_descaling_pump,1.0223,-1.5815,59.2924,1.012,0,,val
2025-10-23 13:00:00,BF.CW.PMP02,cooling_descaling_pump,1.1747,-1.8576,61.9068,1.0825,0,,val
2025-10-23 14:00:00,BF.CW.PMP02,cooling_descaling_pump,1.2185,-1.0627,62.7986,1.1683,0,,val
2025-10-23 15:00:00,BF.CW.PMP02,cooling_descaling_pump,1.3157,-1.0177,62.8574,1.1422,0,,val
2025-10-23 16:00:00,BF.CW.PMP02,cooling_descaling_pump,1.1748,-1.1226,61.0988,1.0875,0,,val
2025-10-23 17:00:00,BF.CW.PMP02,cooling_descaling_pump,1.1162,-0.7317,60.6751,1.1203,0,,val
2025-10-23 18:00:00,BF.CW.PMP02,cooling_descaling_pump,1.011,-1.048,59.6145,1.2129,0,,val
2025-10-23 19:00:00,BF.CW.PMP02,cooling_descaling_pump,0.9504,-1.2621,57.4267,1.095,0,,val
2025-10-23 20:00:00,BF.CW.PMP02,cooling_descaling_pump,0.9929,-1.8691,57.6722,1.0142,0,,val
2025-10-23 21:00:00,BF.CW.PMP02,cooling_descaling_pump,1.027,-2.0517,59.58,1.054,0,,val
2025-10-23 22:00:00,BF.CW.PMP02,cooling_descaling_pump,1.0646,-2.5221,59.8327,1.1029,0,,val
2025-10-23 23:00:00,BF.CW.PMP02,cooling_descaling_pump,1.1143,-2.4611,59.0003,1.0576,0,,val
2025-10-24 00:00:00,BF.CW.PMP02,cooling_descaling_pump,1.2211,-2.7273,59.9677,1.063,0,,val
2025-10-24 01:00:00,BF.CW.PMP02,cooling_descaling_pump,1.2027,-2.6539,59.5511,0.9904,0,,val
2025-10-24 02:00:00,BF.CW.PMP02,cooling_descaling_pump,1.2515,-2.0076,60.1676,0.9711,0,,val
2025-10-24 03:00:00,BF.CW.PMP02,cooling_descaling_pump,1.3341,-2.1016,60.0298,0.892,0,,val
2025-10-24 04:00:00,BF.CW.PMP02,cooling_descaling_pump,1.5157,-1.6592,61.639,0.9065,0,,val
2025-10-24 05:00:00,BF.CW.PMP02,cooling_descaling_pump,1.56,-1.6302,61.7717,0.8842,0,,val
2025-10-24 06:00:00,BF.CW.PMP02,cooling_descaling_pump,1.5557,-1.7361,61.6888,0.9958,0,,val
2025-10-24 07:00:00,BF.CW.PMP02,cooling_descaling_pump,1.5257,-1.4046,61.7086,1.1259,0,,val
2025-10-24 08:00:00,BF.CW.PMP02,cooling_descaling_pump,1.6297,-1.2325,61.0458,1.0441,0,,val
2025-10-24 09:00:00,BF.CW.PMP02,cooling_descaling_pump,1.7179,-0.4904,60.9002,1.0519,0,,val
2025-10-24 10:00:00,BF.CW.PMP02,cooling_descaling_pump,1.696,-0.2578,60.6423,1.0263,0,,val
2025-10-24 11:00:00,BF.CW.PMP02,cooling_descaling_pump,1.5769,-0.9121,60.0105,1.0919,0,,val
2025-10-24 12:00:00,BF.CW.PMP02,cooling_descaling_pump,1.4995,-1.3368,59.4724,1.0115,0,,val
2025-10-24 13:00:00,BF.CW.PMP02,cooling_descaling_pump,1.6311,-1.417,59.015,0.9189,0,,val
2025-10-24 14:00:00,BF.CW.PMP02,cooling_descaling_pump,1.6099,-0.8358,59.8001,0.9589,0,,val
2025-10-24 15:00:00,BF.CW.PMP02,cooling_descaling_pump,1.5877,-0.2269,60.1968,1.0112,0,,val
2025-10-24 16:00:00,BF.CW.PMP02,cooling_descaling_pump,1.5939,-0.1574,59.4026,0.972,0,,val
2025-10-24 17:00:00,BF.CW.PMP02,cooling_descaling_pump,1.4986,-0.2003,57.4218,0.9313,0,,val
2025-10-24 18:00:00,BF.CW.PMP02,cooling_descaling_pump,1.5532,-0.5786,58.4841,0.9713,0,,val
2025-10-24 19:00:00,BF.CW.PMP02,cooling_descaling_pump,1.4924,0.1749,58.228,0.955,0,,val
2025-10-24 20:00:00,BF.CW.PMP02,cooling_descaling_pump,1.3996,0.1777,57.7691,0.9721,0,,val
2025-10-24 21:00:00,BF.CW.PMP02,cooling_descaling_pump,1.314,0.2972,58.1721,1.0658,0,,val
2025-10-24 22:00:00,BF.CW.PMP02,cooling_descaling_pump,1.3435,-0.0425,58.2882,0.974,0,,val
2025-10-24 23:00:00,BF.CW.PMP02,cooling_descaling_pump,1.3541,-0.0973,57.7622,0.9705,0,,val
2025-10-25 00:00:00,BF.CW.PMP02,cooling_descaling_pump,1.2572,0.1214,57.6932,0.94,0,,val
2025-10-25 01:00:00,BF.CW.PMP02,cooling_descaling_pump,1.2534,0.6029,58.1954,0.8415,0,,val
2025-10-25 02:00:00,BF.CW.PMP02,cooling_descaling_pump,1.3267,0.4019,58.7978,0.8893,0,,val
2025-10-25 03:00:00,BF.CW.PMP02,cooling_descaling_pump,1.35,0.2433,58.3753,0.8875,0,,val
2025-10-25 04:00:00,BF.CW.PMP02,cooling_descaling_pump,1.2172,0.1806,57.7383,0.9138,0,,val
2025-10-25 05:00:00,BF.CW.PMP02,cooling_descaling_pump,1.2944,-0.249,59.6368,0.9925,0,,val
2025-10-25 06:00:00,BF.CW.PMP02,cooling_descaling_pump,1.2412,0.0537,59.736,1.0159,0,,val
2025-10-25 07:00:00,BF.CW.PMP02,cooling_descaling_pump,1.5653,0.7475,61.2966,0.9632,0,,val
2025-10-25 08:00:00,BF.CW.PMP02,cooling_descaling_pump,1.5734,0.6498,61.9093,1.0553,0,,val
2025-10-25 09:00:00,BF.CW.PMP02,cooling_descaling_pump,1.3915,1.4174,61.673,0.9831,0,,val
2025-10-25 10:00:00,BF.CW.PMP02,cooling_descaling_pump,1.4873,0.8109,61.4433,0.9755,0,,val
2025-10-25 11:00:00,BF.CW.PMP02,cooling_descaling_pump,1.673,0.5032,62.0808,0.9418,0,,val
2025-10-25 12:00:00,BF.CW.PMP02,cooling_descaling_pump,1.6803,0.259,62.8162,0.979,0,,val
2025-10-25 13:00:00,BF.CW.PMP02,cooling_descaling_pump,1.5967,0.348,62.766,1.0187,0,,val
2025-10-25 14:00:00,BF.CW.PMP02,cooling_descaling_pump,1.6557,0.1964,63.6543,1.0091,0,,val
2025-10-25 15:00:00,BF.CW.PMP02,cooling_descaling_pump,1.5901,-0.1115,62.9969,0.9582,0,,val
2025-10-25 16:00:00,BF.CW.PMP02,cooling_descaling_pump,1.4578,-0.0692,61.9061,0.9872,0,,val
2025-10-25 17:00:00,BF.CW.PMP02,cooling_descaling_pump,1.1717,0.2221,61.4881,1.0066,0,,val
2025-10-25 18:00:00,BF.CW.PMP02,cooling_descaling_pump,1.1606,0.769,60.9829,0.9623,0,,val
2025-10-25 19:00:00,BF.CW.PMP02,cooling_descaling_pump,1.0441,0.5783,60.7384,0.9572,0,,val
2025-10-25 20:00:00,BF.CW.PMP02,cooling_descaling_pump,1.0362,0.042,60.2869,1.0226,0,,val
2025-10-25 21:00:00,BF.CW.PMP02,cooling_descaling_pump,1.0419,0.6633,59.0218,0.9237,0,,val
2025-10-25 22:00:00,BF.CW.PMP02,cooling_descaling_pump,1.0594,0.1937,57.7564,0.9276,0,,val
2025-10-25 23:00:00,BF.CW.PMP02,cooling_descaling_pump,1.146,0.3275,59.4341,0.9485,0,,val
2025-10-26 00:00:00,BF.CW.PMP02,cooling_descaling_pump,1.03,0.5771,58.3902,0.9587,0,,val
2025-10-26 01:00:00,BF.CW.PMP02,cooling_descaling_pump,1.0901,0.6004,59.3413,0.9972,0,,val
2025-10-26 02:00:00,BF.CW.PMP02,cooling_descaling_pump,1.1383,-0.1308,59.0896,0.9226,0,,val
2025-10-26 03:00:00,BF.CW.PMP02,cooling_descaling_pump,1.1709,-0.4279,58.7225,0.8557,0,,val
2025-10-26 04:00:00,BF.CW.PMP02,cooling_descaling_pump,1.2155,-0.221,59.2008,0.8987,0,,val
2025-10-26 05:00:00,BF.CW.PMP02,cooling_descaling_pump,1.1148,0.165,57.1166,0.8288,0,,val
2025-10-26 06:00:00,BF.CW.PMP02,cooling_descaling_pump,1.1785,-0.2068,58.5566,0.9161,0,,val
2025-10-26 07:00:00,BF.CW.PMP02,cooling_descaling_pump,1.3448,0.697,61.0339,0.9574,0,,val
2025-10-26 08:00:00,BF.CW.PMP02,cooling_descaling_pump,1.2839,-0.0592,61.8835,1.0508,0,,val
2025-10-26 09:00:00,BF.CW.PMP02,cooling_descaling_pump,1.3404,0.6607,61.1578,1.0492,0,,val
2025-10-26 10:00:00,BF.CW.PMP02,cooling_descaling_pump,1.2422,0.7813,60.0415,1.0119,0,,val
2025-10-26 11:00:00,BF.CW.PMP02,cooling_descaling_pump,1.1463,0.7252,59.0192,0.9554,0,,val
2025-10-26 12:00:00,BF.CW.PMP02,cooling_descaling_pump,1.0695,0.1795,59.499,0.9272,0,,val
2025-10-26 13:00:00,BF.CW.PMP02,cooling_descaling_pump,1.0693,0.449,59.7241,0.9684,0,,val
2025-10-26 14:00:00,BF.CW.PMP02,cooling_descaling_pump,0.8311,0.9325,57.3264,0.9602,0,,val
2025-10-26 15:00:00,BF.CW.PMP02,cooling_descaling_pump,0.9464,0.722,56.2945,0.8507,0,,val
2025-10-26 16:00:00,BF.CW.PMP02,cooling_descaling_pump,1.0344,0.5865,57.037,0.8611,0,,val
2025-10-26 17:00:00,BF.CW.PMP02,cooling_descaling_pump,1.0564,0.6803,56.8872,0.908,0,,val
2025-10-26 18:00:00,BF.CW.PMP02,cooling_descaling_pump,0.9062,0.224,56.7836,0.8968,0,,val
2025-10-26 19:00:00,BF.CW.PMP02,cooling_descaling_pump,0.9188,0.2139,57.2298,0.9537,0,,val
2025-10-26 20:00:00,BF.CW.PMP02,cooling_descaling_pump,0.9475,0.475,57.2528,0.9977,0,,val
2025-10-26 21:00:00,BF.CW.PMP02,cooling_descaling_pump,0.9802,0.3894,56.9999,0.9133,0,,val
2025-10-26 22:00:00,BF.CW.PMP02,cooling_descaling_pump,0.9492,0.1551,56.8814,0.9164,0,,val
2025-10-26 23:00:00,BF.CW.PMP02,cooling_descaling_pump,0.9154,0.5983,57.4623,0.9473,0,,val
2025-10-27 00:00:00,BF.CW.PMP02,cooling_descaling_pump,0.8427,0.9884,58.3286,1.1246,0,,val
2025-10-27 01:00:00,BF.CW.PMP02,cooling_descaling_pump,0.9485,1.0266,59.8445,1.1998,0,,val
2025-10-27 02:00:00,BF.CW.PMP02,cooling_descaling_pump,0.8075,1.0332,57.6203,1.0925,0,,val
2025-10-27 03:00:00,BF.CW.PMP02,cooling_descaling_pump,0.9017,1.3589,58.3072,0.9956,0,,val
2025-10-27 04:00:00,BF.CW.PMP02,cooling_descaling_pump,0.8068,1.196,58.4548,1.0456,0,,val
2025-10-27 05:00:00,BF.CW.PMP02,cooling_descaling_pump,0.8216,1.8406,58.3018,1.0433,0,,val
2025-10-27 06:00:00,BF.CW.PMP02,cooling_descaling_pump,0.8034,1.4277,58.5669,1.0546,0,,val
2025-10-27 07:00:00,BF.CW.PMP02,cooling_descaling_pump,1.0189,1.186,59.2065,1.0076,0,,val
2025-10-27 08:00:00,BF.CW.PMP02,cooling_descaling_pump,0.8353,1.4417,57.9741,1.1108,0,,val
2025-10-27 09:00:00,BF.CW.PMP02,cooling_descaling_pump,0.8393,1.5605,58.0767,1.1588,0,,val
2025-10-27 10:00:00,BF.CW.PMP02,cooling_descaling_pump,1.04,1.8942,59.4704,1.1777,0,,val
2025-10-27 11:00:00,BF.CW.PMP02,cooling_descaling_pump,0.9806,1.1353,59.9517,1.3128,0,,val
2025-10-27 12:00:00,BF.CW.PMP02,cooling_descaling_pump,0.8769,0.6886,58.5634,1.3015,0,,val
2025-10-27 13:00:00,BF.CW.PMP02,cooling_descaling_pump,0.8937,1.0218,58.2889,1.3811,0,,val
2025-10-27 14:00:00,BF.CW.PMP02,cooling_descaling_pump,0.9922,1.4578,58.1484,1.3117,0,,val
2025-10-27 15:00:00,BF.CW.PMP02,cooling_descaling_pump,0.9399,1.4688,55.9035,1.2028,0,,val
2025-10-27 16:00:00,BF.CW.PMP02,cooling_descaling_pump,0.8395,1.1244,56.1991,1.2478,0,,val
2025-10-27 17:00:00,BF.CW.PMP02,cooling_descaling_pump,0.869,1.1272,55.6857,1.2596,0,,val
2025-10-27 18:00:00,BF.CW.PMP02,cooling_descaling_pump,0.8799,0.7893,55.0998,1.3475,0,,val
2025-10-27 19:00:00,BF.CW.PMP02,cooling_descaling_pump,0.997,0.2358,54.6882,1.1958,0,,val
2025-10-27 20:00:00,BF.CW.PMP02,cooling_descaling_pump,0.9256,-0.1289,54.5723,1.2414,0,,val
2025-10-27 21:00:00,BF.CW.PMP02,cooling_descaling_pump,0.9502,-0.2313,55.8661,1.2368,0,,val
2025-10-27 22:00:00,BF.CW.PMP02,cooling_descaling_pump,0.8439,-0.003,54.6551,1.159,0,,val
2025-10-27 23:00:00,BF.CW.PMP02,cooling_descaling_pump,0.7856,-0.5109,54.2616,1.1369,0,,val
2025-10-28 00:00:00,BF.CW.PMP02,cooling_descaling_pump,0.8203,-0.4676,55.3979,1.2134,0,,val
2025-10-28 01:00:00,BF.CW.PMP02,cooling_descaling_pump,0.8669,-0.1678,56.5894,1.1522,0,,val
2025-10-28 02:00:00,BF.CW.PMP02,cooling_descaling_pump,0.9073,-0.0924,57.8521,1.1297,0,,val
2025-10-28 03:00:00,BF.CW.PMP02,cooling_descaling_pump,0.9315,0.238,59.2405,1.3037,0,,val
2025-10-28 04:00:00,BF.CW.PMP02,cooling_descaling_pump,1.077,0.2204,60.0718,1.2817,0,,val
2025-10-28 05:00:00,BF.CW.PMP02,cooling_descaling_pump,1.0318,0.6932,59.5769,1.258,0,,val
2025-10-28 06:00:00,BF.CW.PMP02,cooling_descaling_pump,1.1463,0.5141,61.4433,1.2471,0,,val
2025-10-28 07:00:00,BF.CW.PMP02,cooling_descaling_pump,0.9978,-0.0563,59.6338,1.2021,0,,val
2025-10-28 08:00:00,BF.CW.PMP02,cooling_descaling_pump,1.0245,0.654,57.3533,1.0962,0,,val
2025-10-28 09:00:00,BF.CW.PMP02,cooling_descaling_pump,0.8884,0.0547,56.0006,1.0677,0,,val
2025-10-28 10:00:00,BF.CW.PMP02,cooling_descaling_pump,0.977,0.0523,55.998,1.137,0,,val
2025-10-28 11:00:00,BF.CW.PMP02,cooling_descaling_pump,0.9719,-0.238,56.0141,1.1992,0,,val
2025-10-28 12:00:00,BF.CW.PMP02,cooling_descaling_pump,0.9818,-0.1022,55.4571,1.1303,0,,val
2025-10-28 13:00:00,BF.CW.PMP02,cooling_descaling_pump,1.1116,-0.0601,56.6633,1.0941,0,,val
2025-10-28 14:00:00,BF.CW.PMP02,cooling_descaling_pump,1.011,-0.0838,55.5487,1.0862,0,,val
2025-10-28 15:00:00,BF.CW.PMP02,cooling_descaling_pump,1.1148,0.0434,54.4144,1.0347,0,,val
2025-10-28 16:00:00,BF.CW.PMP02,cooling_descaling_pump,1.1808,0.559,55.5475,1.0736,0,,val
2025-10-28 17:00:00,BF.CW.PMP02,cooling_descaling_pump,1.1286,0.8597,54.6859,1.0877,0,,val
2025-10-28 18:00:00,BF.CW.PMP02,cooling_descaling_pump,1.0534,0.7765,55.4013,1.078,0,,val
2025-10-28 19:00:00,BF.CW.PMP02,cooling_descaling_pump,0.988,0.0685,53.591,1.0829,0,,val
2025-10-28 20:00:00,BF.CW.PMP02,cooling_descaling_pump,0.998,-0.196,53.5726,1.068,0,,val
2025-10-28 21:00:00,BF.CW.PMP02,cooling_descaling_pump,1.078,0.0045,53.0102,0.928,0,,val
2025-10-28 22:00:00,BF.CW.PMP02,cooling_descaling_pump,1.0367,0.1557,52.8496,0.9492,0,,val
2025-10-28 23:00:00,BF.CW.PMP02,cooling_descaling_pump,1.0387,0.1465,55.8241,1.096,0,,val
2025-10-29 00:00:00,BF.CW.PMP02,cooling_descaling_pump,1.1143,0.2732,57.1044,1.1076,0,,val
2025-10-29 01:00:00,BF.CW.PMP02,cooling_descaling_pump,1.2158,0.8196,58.1954,1.1207,0,,val
2025-10-29 02:00:00,BF.CW.PMP02,cooling_descaling_pump,1.1095,1.2454,57.2865,1.1379,0,,val
2025-10-29 03:00:00,BF.CW.PMP02,cooling_descaling_pump,1.0129,0.9955,56.2269,1.2097,0,,val
2025-10-29 04:00:00,BF.CW.PMP02,cooling_descaling_pump,1.0713,0.5141,56.2644,1.2703,0,,val
2025-10-29 05:00:00,BF.CW.PMP02,cooling_descaling_pump,0.9512,0.1285,55.8123,1.1975,0,,val
2025-10-29 06:00:00,BF.CW.PMP02,cooling_descaling_pump,1.034,-0.1257,56.1986,1.1708,0,,val
2025-10-29 07:00:00,BF.CW.PMP02,cooling_descaling_pump,0.8826,-0.1737,55.8151,1.2536,0,,val
2025-10-29 08:00:00,BF.CW.PMP02,cooling_descaling_pump,0.7049,-0.4982,52.845,1.161,0,,val
2025-10-29 09:00:00,BF.CW.PMP02,cooling_descaling_pump,0.703,-0.7727,52.0283,1.1662,0,,val
2025-10-29 10:00:00,BF.CW.PMP02,cooling_descaling_pump,0.8462,-0.5969,53.2008,1.1853,0,,val
2025-10-29 11:00:00,BF.CW.PMP02,cooling_descaling_pump,0.9033,-0.9174,53.6903,1.1862,0,,val
2025-10-29 12:00:00,BF.CW.PMP02,cooling_descaling_pump,0.8857,-1.3071,53.3719,1.1763,0,,val
2025-10-29 13:00:00,BF.CW.PMP02,cooling_descaling_pump,1.0161,-1.3325,54.3024,1.1474,0,,val
2025-10-29 14:00:00,BF.CW.PMP02,cooling_descaling_pump,1.2467,-1.4114,56.2189,1.1394,0,,val
2025-10-29 15:00:00,BF.CW.PMP02,cooling_descaling_pump,1.2558,-1.5046,56.2554,1.1642,0,,val
2025-10-29 16:00:00,BF.CW.PMP02,cooling_descaling_pump,1.3653,-1.9859,56.5059,1.1916,0,,val
2025-10-29 17:00:00,BF.CW.PMP02,cooling_descaling_pump,1.2307,-1.9111,54.5717,1.166,0,,val
2025-10-29 18:00:00,BF.CW.PMP02,cooling_descaling_pump,1.4231,-1.9845,55.166,1.0382,0,,val
2025-10-29 19:00:00,BF.CW.PMP02,cooling_descaling_pump,1.4348,-1.9875,54.9919,1.0475,0,,val
2025-10-29 20:00:00,BF.CW.PMP02,cooling_descaling_pump,1.2997,-1.5972,54.8247,1.1486,0,,val
2025-10-29 21:00:00,BF.CW.PMP02,cooling_descaling_pump,1.333,-0.9959,56.3007,1.1461,0,,val
2025-10-29 22:00:00,BF.CW.PMP02,cooling_descaling_pump,1.3147,-0.8676,56.8667,1.1741,0,,val
2025-10-29 23:00:00,BF.CW.PMP02,cooling_descaling_pump,1.2026,-0.6459,55.4706,1.0885,0,,val
2025-10-30 00:00:00,BF.CW.PMP02,cooling_descaling_pump,1.1046,-1.0608,54.651,1.0708,0,,val
2025-10-30 01:00:00,BF.CW.PMP02,cooling_descaling_pump,1.1158,-1.6222,54.3667,1.026,0,,val
2025-10-30 02:00:00,BF.CW.PMP02,cooling_descaling_pump,1.1022,-1.5888,53.9953,1.0597,0,,val
2025-10-30 03:00:00,BF.CW.PMP02,cooling_descaling_pump,1.096,-2.0138,53.0349,0.9858,0,,val
2025-10-30 04:00:00,BF.CW.PMP02,cooling_descaling_pump,1.1712,-1.5609,53.0318,0.8815,0,,val
2025-10-30 05:00:00,BF.CW.PMP02,cooling_descaling_pump,1.175,-0.7651,53.5943,0.8093,0,,val
2025-10-30 06:00:00,BF.CW.PMP02,cooling_descaling_pump,1.0497,-0.8804,53.7487,0.8459,0,,val
2025-10-30 07:00:00,BF.CW.PMP02,cooling_descaling_pump,1.1363,-0.7152,53.1621,0.7078,0,,val
2025-10-30 08:00:00,BF.CW.PMP02,cooling_descaling_pump,1.1801,-0.3807,52.86,0.6914,0,,val
2025-10-30 09:00:00,BF.CW.PMP02,cooling_descaling_pump,1.2791,-0.1295,53.1812,0.7056,0,,val
2025-10-30 10:00:00,BF.CW.PMP02,cooling_descaling_pump,1.1981,0.3727,54.0739,0.8223,0,,val
2025-10-30 11:00:00,BF.CW.PMP02,cooling_descaling_pump,1.2178,1.0393,53.8242,0.9162,0,,val
2025-10-30 12:00:00,BF.CW.PMP02,cooling_descaling_pump,1.2845,0.9904,54.3837,0.858,0,,val
2025-10-30 13:00:00,BF.CW.PMP02,cooling_descaling_pump,1.2008,0.6593,53.429,0.9273,0,,val
2025-10-30 14:00:00,BF.CW.PMP02,cooling_descaling_pump,1.2433,0.4711,52.1089,0.9186,0,,val
2025-10-30 15:00:00,BF.CW.PMP02,cooling_descaling_pump,1.2079,0.5469,51.3542,0.9813,0,,val
2025-10-30 16:00:00,BF.CW.PMP02,cooling_descaling_pump,1.1369,0.4803,50.9801,1.0296,0,,val
2025-10-30 17:00:00,BF.CW.PMP02,cooling_descaling_pump,1.0574,0.6651,51.3313,1.0464,0,,val
2025-10-30 18:00:00,BF.CW.PMP02,cooling_descaling_pump,1.2129,0.3907,52.3674,0.9474,0,,val
2025-10-30 19:00:00,BF.CW.PMP02,cooling_descaling_pump,1.1544,0.0839,52.7863,0.9839,0,,val
2025-10-30 20:00:00,BF.CW.PMP02,cooling_descaling_pump,1.2569,0.0554,54.2975,1.0574,0,,val
2025-10-30 21:00:00,BF.CW.PMP02,cooling_descaling_pump,1.2667,-0.2353,54.0336,1.0209,0,,val
2025-10-30 22:00:00,BF.CW.PMP02,cooling_descaling_pump,1.4627,-0.2882,54.1932,0.9667,0,,val
2025-10-30 23:00:00,BF.CW.PMP02,cooling_descaling_pump,1.3705,-0.9137,54.846,1.0273,0,,val
2025-10-31 00:00:00,BF.CW.PMP02,cooling_descaling_pump,1.3184,-1.6144,55.7132,1.0739,0,,val
2025-10-31 01:00:00,BF.CW.PMP02,cooling_descaling_pump,1.2906,-0.9976,54.9264,1.0079,0,,val
2025-10-31 02:00:00,BF.CW.PMP02,cooling_descaling_pump,1.2925,-0.8485,55.2727,0.9623,0,,val
2025-10-31 03:00:00,BF.CW.PMP02,cooling_descaling_pump,1.417,-0.0923,56.7583,1.0175,0,,val
2025-10-31 04:00:00,BF.CW.PMP02,cooling_descaling_pump,1.2901,-0.6129,56.884,1.0183,0,,val
2025-10-31 05:00:00,BF.CW.PMP02,cooling_descaling_pump,1.3686,-0.2796,55.4996,0.9073,0,,val
2025-10-31 06:00:00,BF.CW.PMP02,cooling_descaling_pump,1.3876,-0.0903,56.5661,0.9938,0,,val
2025-10-31 07:00:00,BF.CW.PMP02,cooling_descaling_pump,1.2512,-0.2358,56.0331,1.0905,0,,val
2025-10-31 08:00:00,BF.CW.PMP02,cooling_descaling_pump,1.1284,0.3131,55.2799,1.1194,0,,val
2025-10-31 09:00:00,BF.CW.PMP02,cooling_descaling_pump,0.9143,0.158,52.9466,1.0421,0,,val
2025-10-31 10:00:00,BF.CW.PMP02,cooling_descaling_pump,0.9988,-0.083,52.517,1.0514,0,,val
2025-10-31 11:00:00,BF.CW.PMP02,cooling_descaling_pump,0.9756,-0.3966,52.0563,1.0316,0,,val
2025-10-31 12:00:00,BF.CW.PMP02,cooling_descaling_pump,0.9603,-0.6623,51.9737,1.0737,0,,val
2025-10-31 13:00:00,BF.CW.PMP02,cooling_descaling_pump,1.0895,-0.2379,51.2995,1.0095,0,,val
2025-10-31 14:00:00,BF.CW.PMP02,cooling_descaling_pump,1.0914,-0.3482,50.024,0.9417,0,,val
2025-10-31 15:00:00,BF.CW.PMP02,cooling_descaling_pump,1.1067,-0.2179,48.0968,0.8107,0,,val
2025-10-31 16:00:00,BF.CW.PMP02,cooling_descaling_pump,1.0377,-0.2547,47.4195,0.8347,0,,val
2025-10-31 17:00:00,BF.CW.PMP02,cooling_descaling_pump,0.9656,-0.3044,46.8369,0.8586,0,,val
2025-10-31 18:00:00,BF.CW.PMP02,cooling_descaling_pump,1.1333,-0.0116,47.4172,0.8753,0,,val
2025-10-31 19:00:00,BF.CW.PMP02,cooling_descaling_pump,1.1263,1.0289,46.4499,0.8191,0,,val
2025-10-31 20:00:00,BF.CW.PMP02,cooling_descaling_pump,1.1317,1.3631,46.8538,0.8638,0,,val
2025-10-31 21:00:00,BF.CW.PMP02,cooling_descaling_pump,1.1948,1.5117,45.0108,0.7895,0,,val
2025-10-31 22:00:00,BF.CW.PMP02,cooling_descaling_pump,1.2019,1.1708,45.27,0.7053,0,,val
2025-10-31 23:00:00,BF.CW.PMP02,cooling_descaling_pump,1.0694,1.1491,43.6509,0.5382,0,,val
2025-11-01 00:00:00,BF.CW.PMP02,cooling_descaling_pump,1.1622,1.0263,44.9503,0.5998,0,,val
2025-11-01 01:00:00,BF.CW.PMP02,cooling_descaling_pump,1.1803,0.7334,45.7863,0.6398,0,,val
2025-11-01 02:00:00,BF.CW.PMP02,cooling_descaling_pump,1.1879,0.7526,45.0691,0.4989,0,,val
2025-11-01 03:00:00,BF.CW.PMP02,cooling_descaling_pump,1.012,0.5721,45.2542,0.4322,0,,val
2025-11-01 04:00:00,BF.CW.PMP02,cooling_descaling_pump,0.9763,0.2709,44.4661,0.4087,0,,val
2025-11-01 05:00:00,BF.CW.PMP02,cooling_descaling_pump,0.9424,0.1625,44.8421,0.4123,0,,val
2025-11-01 06:00:00,BF.CW.PMP02,cooling_descaling_pump,0.8198,0.2422,47.387,0.6218,0,,val
2025-11-01 07:00:00,BF.CW.PMP02,cooling_descaling_pump,0.6788,0.3719,45.909,0.5972,0,,val
2025-11-01 08:00:00,BF.CW.PMP02,cooling_descaling_pump,0.7357,0.3236,46.1871,0.6513,0,,val
2025-11-01 09:00:00,BF.CW.PMP02,cooling_descaling_pump,0.8905,-0.2642,46.4584,0.6389,0,,val
2025-11-01 10:00:00,BF.CW.PMP02,cooling_descaling_pump,0.9268,-0.0092,46.5652,0.751,0,,val
2025-11-01 11:00:00,BF.CW.PMP02,cooling_descaling_pump,0.9205,-0.1365,47.1995,0.7671,0,,val
2025-11-01 12:00:00,BF.CW.PMP02,cooling_descaling_pump,0.8872,0.1929,46.3488,0.8338,0,,val
2025-11-01 13:00:00,BF.CW.PMP02,cooling_descaling_pump,1.0713,0.3859,47.4582,0.9047,0,,val
2025-11-01 14:00:00,BF.CW.PMP02,cooling_descaling_pump,1.0152,0.3157,46.786,0.8387,0,,val
2025-11-01 15:00:00,BF.CW.PMP02,cooling_descaling_pump,1.0661,0.6336,46.1714,0.7851,0,,val
2025-11-01 16:00:00,BF.CW.PMP02,cooling_descaling_pump,1.0351,0.6303,44.8307,0.7081,0,,val
2025-11-01 17:00:00,BF.CW.PMP02,cooling_descaling_pump,1.05,0.6265,46.2171,0.7598,0,,val
2025-11-01 18:00:00,BF.CW.PMP02,cooling_descaling_pump,1.1146,0.3664,48.0204,0.8858,0,,val
2025-11-01 19:00:00,BF.CW.PMP02,cooling_descaling_pump,1.2092,0.2423,49.0769,0.9147,0,,val
2025-11-01 20:00:00,BF.CW.PMP02,cooling_descaling_pump,1.052,0.6516,47.4055,0.756,0,,val
2025-11-01 21:00:00,BF.CW.PMP02,cooling_descaling_pump,1.1024,0.5445,48.6162,0.8234,0,,val
2025-11-01 22:00:00,BF.CW.PMP02,cooling_descaling_pump,1.1623,0.1648,49.8993,0.8389,0,,val
2025-11-01 23:00:00,BF.CW.PMP02,cooling_descaling_pump,1.1792,0.2191,50.0989,0.8871,0,,val
2025-11-02 00:00:00,BF.CW.PMP02,cooling_descaling_pump,1.102,0.6355,50.2763,0.9439,0,,val
2025-11-02 01:00:00,BF.CW.PMP02,cooling_descaling_pump,0.925,0.3483,48.6699,0.9015,0,,val
2025-11-02 02:00:00,BF.CW.PMP02,cooling_descaling_pump,0.9731,-0.0789,50.7747,1.0029,0,,val
2025-11-02 03:00:00,BF.CW.PMP02,cooling_descaling_pump,0.8661,-0.2256,50.8184,0.9526,0,,val
2025-11-02 04:00:00,BF.CW.PMP02,cooling_descaling_pump,0.8283,0.5223,49.192,0.8864,0,,val
2025-11-02 05:00:00,BF.CW.PMP02,cooling_descaling_pump,0.9127,0.5926,50.0066,0.8403,0,,val
2025-11-02 06:00:00,BF.CW.PMP02,cooling_descaling_pump,0.9771,0.9025,50.6078,0.9634,0,,val
2025-11-02 07:00:00,BF.CW.PMP02,cooling_descaling_pump,1.0041,1.4784,48.8613,0.8559,0,,val
2025-11-02 08:00:00,BF.CW.PMP02,cooling_descaling_pump,1.2249,0.8312,49.249,0.7487,0,,val
2025-11-02 09:00:00,BF.CW.PMP02,cooling_descaling_pump,0.9705,1.0049,48.7878,0.8382,0,,val
2025-11-02 10:00:00,BF.CW.PMP02,cooling_descaling_pump,1.0377,0.6427,48.6067,0.7891,0,,val
2025-11-02 11:00:00,BF.CW.PMP02,cooling_descaling_pump,1.1446,1.1318,52.0006,0.8242,0,,val
2025-11-02 12:00:00,BF.CW.PMP02,cooling_descaling_pump,1.0963,1.4427,53.5798,0.9522,0,,val
2025-11-02 13:00:00,BF.CW.PMP02,cooling_descaling_pump,1.1748,0.9814,53.39,0.9849,0,,val
2025-11-02 14:00:00,BF.CW.PMP02,cooling_descaling_pump,1.1192,0.6591,52.4167,0.9724,0,,val
2025-11-02 15:00:00,BF.CW.PMP02,cooling_descaling_pump,1.2925,0.4519,52.0325,1.0056,0,,val
2025-11-02 16:00:00,BF.CW.PMP02,cooling_descaling_pump,1.3158,0.1731,51.8153,0.9645,0,,val
2025-11-02 17:00:00,BF.CW.PMP02,cooling_descaling_pump,1.3385,0.3119,53.3736,1.0826,0,,val
2025-11-02 18:00:00,BF.CW.PMP02,cooling_descaling_pump,1.1825,0.1671,52.7436,1.043,0,,val
2025-11-02 19:00:00,BF.CW.PMP02,cooling_descaling_pump,1.2321,0.7301,53.4179,1.0535,0,,val
2025-11-02 20:00:00,BF.CW.PMP02,cooling_descaling_pump,1.3757,0.4843,54.9248,1.0518,0,,val
2025-11-02 21:00:00,BF.CW.PMP02,cooling_descaling_pump,1.3685,0.964,55.3087,1.1444,0,,val
2025-11-02 22:00:00,BF.CW.PMP02,cooling_descaling_pump,1.2646,0.979,55.5425,1.1502,0,,val
2025-11-02 23:00:00,BF.CW.PMP02,cooling_descaling_pump,1.1941,0.5137,55.6632,1.0972,0,,val
2025-11-03 00:00:00,BF.CW.PMP02,cooling_descaling_pump,1.3257,0.516,56.8023,1.0887,0,,val
2025-11-03 01:00:00,BF.CW.PMP02,cooling_descaling_pump,1.305,0.3683,58.5491,1.1386,0,,val
2025-11-03 02:00:00,BF.CW.PMP02,cooling_descaling_pump,1.15,-0.1932,57.1298,1.0392,0,,val
2025-11-03 03:00:00,BF.CW.PMP02,cooling_descaling_pump,1.0976,-0.2802,57.6553,1.0615,0,,val
2025-11-03 04:00:00,BF.CW.PMP02,cooling_descaling_pump,1.1239,-0.3447,56.9099,1.0203,0,,val
2025-11-03 05:00:00,BF.CW.PMP02,cooling_descaling_pump,1.0865,-0.3196,57.6614,1.0173,0,,val
2025-11-03 06:00:00,BF.CW.PMP02,cooling_descaling_pump,0.9335,-0.0022,58.3105,1.047,0,,val
2025-11-03 07:00:00,BF.CW.PMP02,cooling_descaling_pump,0.9757,-0.0345,58.3715,1.0141,0,,val
2025-11-03 08:00:00,BF.CW.PMP02,cooling_descaling_pump,1.0213,0.2999,57.6608,1.0863,0,,val
2025-11-03 09:00:00,BF.CW.PMP02,cooling_descaling_pump,0.9258,0.3435,56.1699,1.0655,0,,val
2025-11-03 10:00:00,BF.CW.PMP02,cooling_descaling_pump,0.7135,0.5667,54.0948,0.9587,0,,val
2025-11-03 11:00:00,BF.CW.PMP02,cooling_descaling_pump,0.6673,1.1064,52.1932,0.9257,0,,val
2025-11-03 12:00:00,BF.CW.PMP02,cooling_descaling_pump,0.8074,0.8954,51.677,0.8509,0,,val
2025-11-03 13:00:00,BF.CW.PMP02,cooling_descaling_pump,0.7427,1.0232,52.1819,0.9144,0,,val
2025-11-03 14:00:00,BF.CW.PMP02,cooling_descaling_pump,0.5659,0.4144,50.1795,0.942,0,,val
2025-11-03 15:00:00,BF.CW.PMP02,cooling_descaling_pump,0.5815,-0.1184,49.8703,0.9891,0,,val
2025-11-03 16:00:00,BF.CW.PMP02,cooling_descaling_pump,0.639,-0.0566,50.7968,0.994,0,,val
2025-11-03 17:00:00,BF.CW.PMP02,cooling_descaling_pump,0.5615,-0.2818,49.2838,0.9509,0,,val
2025-11-03 18:00:00,BF.CW.PMP02,cooling_descaling_pump,0.4164,-0.6428,47.6285,0.9454,0,,val
2025-11-03 19:00:00,BF.CW.PMP02,cooling_descaling_pump,0.5282,-0.1557,47.2663,0.8937,0,,val
2025-11-03 20:00:00,BF.CW.PMP02,cooling_descaling_pump,0.6604,-0.1483,47.4822,0.8863,0,,val
2025-11-03 21:00:00,BF.CW.PMP02,cooling_descaling_pump,0.9508,-0.4833,49.9693,0.8775,0,,val
2025-11-03 22:00:00,BF.CW.PMP02,cooling_descaling_pump,1.0291,0.2841,50.7769,0.9185,0,,val
2025-11-03 23:00:00,BF.CW.PMP02,cooling_descaling_pump,1.1908,-0.1326,51.4266,0.9269,0,,val
2025-11-04 00:00:00,BF.CW.PMP02,cooling_descaling_pump,1.1822,-0.1998,50.8945,0.8636,0,,val
2025-11-04 01:00:00,BF.CW.PMP02,cooling_descaling_pump,1.2728,-0.5288,50.5085,0.7532,0,,val
2025-11-04 02:00:00,BF.CW.PMP02,cooling_descaling_pump,1.3201,-0.4766,51.7849,0.8167,0,,val
2025-11-04 03:00:00,BF.CW.PMP02,cooling_descaling_pump,1.3298,-0.9089,54.2533,0.9604,0,,val
2025-11-04 04:00:00,BF.CW.PMP02,cooling_descaling_pump,1.2774,-1.8582,54.5986,0.9874,0,,val
2025-11-04 05:00:00,BF.CW.PMP02,cooling_descaling_pump,1.2428,-1.6428,56.3889,1.0694,0,,val
2025-11-04 06:00:00,BF.CW.PMP02,cooling_descaling_pump,1.1981,-1.9442,57.4822,1.1353,0,,val
2025-11-04 07:00:00,BF.CW.PMP02,cooling_descaling_pump,1.0904,-1.9436,57.5706,1.1851,0,,val
2025-11-04 08:00:00,BF.CW.PMP02,cooling_descaling_pump,1.2089,-1.6472,56.8524,1.0414,0,,val
2025-11-04 09:00:00,BF.CW.PMP02,cooling_descaling_pump,1.216,-1.4584,57.1215,1.0866,0,,val
2025-11-04 10:00:00,BF.CW.PMP02,cooling_descaling_pump,1.2525,-1.6054,57.3114,1.0576,0,,val
2025-11-04 11:00:00,BF.CW.PMP02,cooling_descaling_pump,1.2818,-1.5977,58.284,1.08,0,,val
2025-11-04 12:00:00,BF.CW.PMP02,cooling_descaling_pump,1.226,-1.8486,57.158,1.0588,0,,val
2025-11-04 13:00:00,BF.CW.PMP02,cooling_descaling_pump,1.3764,-1.9529,58.8485,1.1405,0,BF.CW.PMP02::E06,test
2025-11-04 14:00:00,BF.CW.PMP02,cooling_descaling_pump,1.4257,-1.4594,58.5169,1.1176,0,BF.CW.PMP02::E06,test
2025-11-04 15:00:00,BF.CW.PMP02,cooling_descaling_pump,1.5677,-1.5992,59.4582,1.0752,0,BF.CW.PMP02::E06,test
2025-11-04 16:00:00,BF.CW.PMP02,cooling_descaling_pump,1.5813,-1.7615,60.1213,1.079,0,BF.CW.PMP02::E06,test
2025-11-04 17:00:00,BF.CW.PMP02,cooling_descaling_pump,1.5713,-1.801,59.6494,1.065,0,BF.CW.PMP02::E06,test
2025-11-04 18:00:00,BF.CW.PMP02,cooling_descaling_pump,1.428,-2.1398,59.3622,1.0654,0,BF.CW.PMP02::E06,test
2025-11-04 19:00:00,BF.CW.PMP02,cooling_descaling_pump,1.4137,-1.5249,59.0912,1.081,0,BF.CW.PMP02::E06,test
2025-11-04 20:00:00,BF.CW.PMP02,cooling_descaling_pump,1.358,-1.554,58.5525,0.9835,0,BF.CW.PMP02::E06,test
2025-11-04 21:00:00,BF.CW.PMP02,cooling_descaling_pump,1.4695,-1.9424,59.2648,0.992,0,BF.CW.PMP02::E06,test
2025-11-04 22:00:00,BF.CW.PMP02,cooling_descaling_pump,1.4742,-1.1796,59.4963,0.882,0,BF.CW.PMP02::E06,test
2025-11-04 23:00:00,BF.CW.PMP02,cooling_descaling_pump,1.4931,-1.1128,60.5121,0.9649,0,BF.CW.PMP02::E06,test
2025-11-05 00:00:00,BF.CW.PMP02,cooling_descaling_pump,1.4479,-1.5014,59.5895,0.9479,0,BF.CW.PMP02::E06,test
2025-11-05 01:00:00,BF.CW.PMP02,cooling_descaling_pump,1.3241,-1.7964,59.9237,1.014,0,BF.CW.PMP02::E06,test
2025-11-05 02:00:00,BF.CW.PMP02,cooling_descaling_pump,1.3201,-0.8131,61.8709,1.0453,0,BF.CW.PMP02::E06,test
2025-11-05 03:00:00,BF.CW.PMP02,cooling_descaling_pump,1.2574,-0.6659,62.7897,1.1602,0,BF.CW.PMP02::E06,test
2025-11-05 04:00:00,BF.CW.PMP02,cooling_descaling_pump,1.4208,-0.5629,63.9635,1.2274,0,BF.CW.PMP02::E06,test
2025-11-05 05:00:00,BF.CW.PMP02,cooling_descaling_pump,1.4598,-0.746,66.5059,1.2767,0,BF.CW.PMP02::E06,test
2025-11-05 06:00:00,BF.CW.PMP02,cooling_descaling_pump,1.3412,-1.2398,65.4341,1.2282,0,BF.CW.PMP02::E06,test
2025-11-05 07:00:00,BF.CW.PMP02,cooling_descaling_pump,1.2477,-1.0672,64.8149,1.1853,0,BF.CW.PMP02::E06,test
2025-11-05 08:00:00,BF.CW.PMP02,cooling_descaling_pump,1.3343,-1.3999,65.0735,1.1789,0,BF.CW.PMP02::E06,test
2025-11-05 09:00:00,BF.CW.PMP02,cooling_descaling_pump,1.3969,-1.2647,64.487,1.1225,0,BF.CW.PMP02::E06,test
2025-11-05 10:00:00,BF.CW.PMP02,cooling_descaling_pump,1.3244,-1.1582,63.3921,0.9998,0,BF.CW.PMP02::E06,test
2025-11-05 11:00:00,BF.CW.PMP02,cooling_descaling_pump,1.3743,-0.5461,63.8843,0.9873,0,BF.CW.PMP02::E06,test
2025-11-05 12:00:00,BF.CW.PMP02,cooling_descaling_pump,1.2296,-0.5006,62.0852,1.0209,0,BF.CW.PMP02::E06,test
2025-11-05 13:00:00,BF.CW.PMP02,cooling_descaling_pump,1.1168,-0.8669,61.8713,1.1644,0,BF.CW.PMP02::E06,test
2025-11-05 14:00:00,BF.CW.PMP02,cooling_descaling_pump,1.1374,-1.1973,63.5107,1.2572,0,BF.CW.PMP02::E06,test
2025-11-05 15:00:00,BF.CW.PMP02,cooling_descaling_pump,1.1148,-1.0435,63.8499,1.3039,0,BF.CW.PMP02::E06,test
2025-11-05 16:00:00,BF.CW.PMP02,cooling_descaling_pump,1.2071,-0.5206,64.8171,1.2667,0,BF.CW.PMP02::E06,test
2025-11-05 17:00:00,BF.CW.PMP02,cooling_descaling_pump,1.0137,-1.3602,62.189,1.1798,0,BF.CW.PMP02::E06,test
2025-11-05 18:00:00,BF.CW.PMP02,cooling_descaling_pump,1.1277,-1.0693,63.9399,1.3147,0,BF.CW.PMP02::E06,test
2025-11-05 19:00:00,BF.CW.PMP02,cooling_descaling_pump,1.1788,-1.1483,64.4823,1.2136,0,BF.CW.PMP02::E06,test
2025-11-05 20:00:00,BF.CW.PMP02,cooling_descaling_pump,1.1071,-1.1238,64.013,1.1333,0,BF.CW.PMP02::E06,test
2025-11-05 21:00:00,BF.CW.PMP02,cooling_descaling_pump,1.0861,-0.5617,63.2812,1.0563,0,BF.CW.PMP02::E06,test
2025-11-05 22:00:00,BF.CW.PMP02,cooling_descaling_pump,1.2015,-0.8042,64.3115,1.1208,0,BF.CW.PMP02::E06,test
2025-11-05 23:00:00,BF.CW.PMP02,cooling_descaling_pump,1.1906,-0.899,64.0486,1.127,0,BF.CW.PMP02::E06,test
2025-11-06 00:00:00,BF.CW.PMP02,cooling_descaling_pump,1.1528,-0.8871,64.3032,1.1249,0,BF.CW.PMP02::E06,test
2025-11-06 01:00:00,BF.CW.PMP02,cooling_descaling_pump,1.1794,-0.8072,64.6604,1.0499,0,BF.CW.PMP02::E06,test
2025-11-06 02:00:00,BF.CW.PMP02,cooling_descaling_pump,1.2744,-0.0778,65.962,1.0883,0,BF.CW.PMP02::E06,test
2025-11-06 03:00:00,BF.CW.PMP02,cooling_descaling_pump,1.5021,-0.096,67.203,1.068,0,BF.CW.PMP02::E06,test
2025-11-06 04:00:00,BF.CW.PMP02,cooling_descaling_pump,1.4058,0.1359,66.1596,1.0535,0,BF.CW.PMP02::E06,test
2025-11-06 05:00:00,BF.CW.PMP02,cooling_descaling_pump,1.442,0.0108,66.1972,1.0694,0,BF.CW.PMP02::E06,test
2025-11-06 06:00:00,BF.CW.PMP02,cooling_descaling_pump,1.4668,0.7754,65.978,1.0622,0,BF.CW.PMP02::E06,test
2025-11-06 07:00:00,BF.CW.PMP02,cooling_descaling_pump,1.512,1.0555,66.655,1.0712,0,BF.CW.PMP02::E06,test
2025-11-06 08:00:00,BF.CW.PMP02,cooling_descaling_pump,1.4202,1.0361,65.4696,1.0591,0,BF.CW.PMP02::E06,test
2025-11-06 09:00:00,BF.CW.PMP02,cooling_descaling_pump,1.4107,1.208,63.9026,0.9878,0,BF.CW.PMP02::E06,test
2025-11-06 10:00:00,BF.CW.PMP02,cooling_descaling_pump,1.4016,1.628,63.0907,0.9647,0,BF.CW.PMP02::E06,test
2025-11-06 11:00:00,BF.CW.PMP02,cooling_descaling_pump,1.4272,1.6745,63.1435,0.9228,0,BF.CW.PMP02::E06,test
2025-11-06 12:00:00,BF.CW.PMP02,cooling_descaling_pump,1.4168,2.0565,62.6956,0.9238,0,BF.CW.PMP02::E06,test
2025-11-06 13:00:00,BF.CW.PMP02,cooling_descaling_pump,1.5959,1.7721,62.8755,0.974,0,BF.CW.PMP02::E06,test
2025-11-06 14:00:00,BF.CW.PMP02,cooling_descaling_pump,1.5316,1.5873,62.6724,0.9321,0,BF.CW.PMP02::E06,test
2025-11-06 15:00:00,BF.CW.PMP02,cooling_descaling_pump,1.4281,1.3923,63.3997,0.9818,0,BF.CW.PMP02::E06,test
2025-11-06 16:00:00,BF.CW.PMP02,cooling_descaling_pump,1.3968,1.414,64.0462,1.0482,0,BF.CW.PMP02::E06,test
2025-11-06 17:00:00,BF.CW.PMP02,cooling_descaling_pump,1.2802,1.5305,63.9241,1.0437,0,BF.CW.PMP02::E06,test
2025-11-06 18:00:00,BF.CW.PMP02,cooling_descaling_pump,1.3625,1.3984,64.4839,0.9264,0,BF.CW.PMP02::E06,test
2025-11-06 19:00:00,BF.CW.PMP02,cooling_descaling_pump,1.2502,1.9858,63.9353,0.9302,0,BF.CW.PMP02::E06,test
2025-11-06 20:00:00,BF.CW.PMP02,cooling_descaling_pump,1.1984,1.5218,63.9854,0.8796,0,BF.CW.PMP02::E06,test
2025-11-06 21:00:00,BF.CW.PMP02,cooling_descaling_pump,1.2824,1.227,65.6501,0.8519,0,BF.CW.PMP02::E06,test
2025-11-06 22:00:00,BF.CW.PMP02,cooling_descaling_pump,1.2929,0.5721,67.219,0.9881,0,BF.CW.PMP02::E06,test
2025-11-06 23:00:00,BF.CW.PMP02,cooling_descaling_pump,1.3671,0.7567,67.8047,1.0665,0,BF.CW.PMP02::E06,test
2025-11-07 00:00:00,BF.CW.PMP02,cooling_descaling_pump,1.5306,0.1065,68.9635,1.0177,0,BF.CW.PMP02::E06,test
2025-11-07 01:00:00,BF.CW.PMP02,cooling_descaling_pump,1.4917,0.2074,69.6826,1.0947,0,BF.CW.PMP02::E06,test
2025-11-07 02:00:00,BF.CW.PMP02,cooling_descaling_pump,1.5089,-0.0004,71.1499,1.2503,0,BF.CW.PMP02::E06,test
2025-11-07 03:00:00,BF.CW.PMP02,cooling_descaling_pump,1.5315,-0.1148,70.4423,1.1498,0,BF.CW.PMP02::E06,test
2025-11-07 04:00:00,BF.CW.PMP02,cooling_descaling_pump,1.6386,0.3546,70.2297,1.0286,0,BF.CW.PMP02::E06,test
2025-11-07 05:00:00,BF.CW.PMP02,cooling_descaling_pump,1.762,0.6833,70.5879,1.023,0,BF.CW.PMP02::E06,test
2025-11-07 06:00:00,BF.CW.PMP02,cooling_descaling_pump,1.7473,0.7773,70.9445,1.0943,0,BF.CW.PMP02::E06,test
2025-11-07 07:00:00,BF.CW.PMP02,cooling_descaling_pump,1.8529,0.4763,71.4613,1.0092,0,BF.CW.PMP02::E06,test
2025-11-07 08:00:00,BF.CW.PMP02,cooling_descaling_pump,1.8444,0.1479,71.9535,0.9974,0,BF.CW.PMP02::E06,test
2025-11-07 09:00:00,BF.CW.PMP02,cooling_descaling_pump,1.6935,-0.2723,71.7153,0.9433,0,BF.CW.PMP02::E06,test
2025-11-07 10:00:00,BF.CW.PMP02,cooling_descaling_pump,1.6142,-1.0734,69.6945,0.8531,0,BF.CW.PMP02::E06,test
2025-11-07 11:00:00,BF.CW.PMP02,cooling_descaling_pump,1.7253,-1.365,71.028,0.9643,0,BF.CW.PMP02::E06,test
2025-11-07 12:00:00,BF.CW.PMP02,cooling_descaling_pump,1.8451,-0.8419,69.6981,0.8959,0,BF.CW.PMP02::E06,test
2025-11-07 13:00:00,BF.CW.PMP02,cooling_descaling_pump,1.6846,-0.6717,69.3582,0.8762,0,BF.CW.PMP02::E06,test
2025-11-07 14:00:00,BF.CW.PMP02,cooling_descaling_pump,1.815,-1.047,69.7694,0.8124,0,BF.CW.PMP02::E06,test
2025-11-07 15:00:00,BF.CW.PMP02,cooling_descaling_pump,1.8284,-1.0509,67.6647,0.8179,0,BF.CW.PMP02::E06,test
2025-11-07 16:00:00,BF.CW.PMP02,cooling_descaling_pump,1.7907,-1.0121,66.3359,0.7187,0,BF.CW.PMP02::E06,test
2025-11-07 17:00:00,BF.CW.PMP02,cooling_descaling_pump,1.7502,-0.6637,65.5871,0.7109,0,BF.CW.PMP02::E06,test
2025-11-07 18:00:00,BF.CW.PMP02,cooling_descaling_pump,1.6635,-0.3606,65.1896,0.6963,0,BF.CW.PMP02::E06,test
2025-11-07 19:00:00,BF.CW.PMP02,cooling_descaling_pump,1.6339,0.0929,65.2209,0.6879,0,BF.CW.PMP02::E06,test
2025-11-07 20:00:00,BF.CW.PMP02,cooling_descaling_pump,1.7178,0.4535,66.9341,0.7959,0,BF.CW.PMP02::E06,test
2025-11-07 21:00:00,BF.CW.PMP02,cooling_descaling_pump,1.9448,0.5415,69.0361,0.8505,0,BF.CW.PMP02::E06,test
2025-11-07 22:00:00,BF.CW.PMP02,cooling_descaling_pump,1.8875,0.9974,67.9341,0.8283,0,BF.CW.PMP02::E06,test
2025-11-07 23:00:00,BF.CW.PMP02,cooling_descaling_pump,2.0423,0.8153,69.5253,0.8246,0,BF.CW.PMP02::E06,test
2025-11-08 00:00:00,BF.CW.PMP02,cooling_descaling_pump,2.2063,1.1005,70.3428,0.8417,0,BF.CW.PMP02::E06,test
2025-11-08 01:00:00,BF.CW.PMP02,cooling_descaling_pump,2.0644,0.6263,70.7519,0.8571,0,BF.CW.PMP02::E06,test
2025-11-08 02:00:00,BF.CW.PMP02,cooling_descaling_pump,1.8423,0.1208,70.7999,0.999,0,BF.CW.PMP02::E06,test
2025-11-08 03:00:00,BF.CW.PMP02,cooling_descaling_pump,1.9003,0.2562,71.6792,1.0391,0,BF.CW.PMP02::E06,test
2025-11-08 04:00:00,BF.CW.PMP02,cooling_descaling_pump,1.8731,-0.2544,72.1978,1.0742,0,BF.CW.PMP02::E06,test
2025-11-08 05:00:00,BF.CW.PMP02,cooling_descaling_pump,1.922,0.131,72.8244,1.1267,0,BF.CW.PMP02::E06,test
2025-11-08 06:00:00,BF.CW.PMP02,cooling_descaling_pump,2.1037,1.1326,73.1776,1.0694,0,BF.CW.PMP02::E06,test
2025-11-08 07:00:00,BF.CW.PMP02,cooling_descaling_pump,2.0681,0.7549,73.7538,1.0305,0,BF.CW.PMP02::E06,test
2025-11-08 08:00:00,BF.CW.PMP02,cooling_descaling_pump,1.9356,0.8205,73.8386,1.0752,0,BF.CW.PMP02::E06,test
2025-11-08 09:00:00,BF.CW.PMP02,cooling_descaling_pump,1.8029,0.6163,72.6787,1.0429,0,BF.CW.PMP02::E06,test
2025-11-08 10:00:00,BF.CW.PMP02,cooling_descaling_pump,1.9148,0.4074,73.0652,1.007,0,BF.CW.PMP02::E06,test
2025-11-08 11:00:00,BF.CW.PMP02,cooling_descaling_pump,1.9238,0.3601,72.1078,0.955,0,BF.CW.PMP02::E06,test
2025-11-08 12:00:00,BF.CW.PMP02,cooling_descaling_pump,1.9161,0.3472,71.604,0.9758,0,BF.CW.PMP02::E06,test
2025-11-08 13:00:00,BF.CW.PMP02,cooling_descaling_pump,1.8556,0.0041,71.3576,0.9952,0,BF.CW.PMP02::E06,test
2025-11-08 14:00:00,BF.CW.PMP02,cooling_descaling_pump,1.864,,,1.015,0,BF.CW.PMP02::E06,test
2025-11-08 15:00:00,BF.CW.PMP02,cooling_descaling_pump,1.9196,0.4939,71.9284,1.0967,0,BF.CW.PMP02::E06,test
2025-11-08 16:00:00,BF.CW.PMP02,cooling_descaling_pump,1.8831,0.1123,70.3753,0.9718,0,BF.CW.PMP02::E06,test
2025-11-08 17:00:00,BF.CW.PMP02,cooling_descaling_pump,1.8612,-0.4881,69.5222,1.03,0,BF.CW.PMP02::E06,test
2025-11-08 18:00:00,BF.CW.PMP02,cooling_descaling_pump,1.8925,-0.4804,70.6264,1.0043,0,BF.CW.PMP02::E06,test
2025-11-08 19:00:00,BF.CW.PMP02,cooling_descaling_pump,1.9731,-0.0386,70.3255,0.9834,0,BF.CW.PMP02::E06,test
2025-11-08 20:00:00,BF.CW.PMP02,cooling_descaling_pump,1.8824,0.3045,71.1745,0.9876,0,BF.CW.PMP02::E06,test
2025-11-08 21:00:00,BF.CW.PMP02,cooling_descaling_pump,1.9731,-0.2793,71.9559,0.9581,0,BF.CW.PMP02::E06,test
2025-11-08 22:00:00,BF.CW.PMP02,cooling_descaling_pump,1.9211,-0.4284,72.4042,0.9877,0,BF.CW.PMP02::E06,test
2025-11-08 23:00:00,BF.CW.PMP02,cooling_descaling_pump,1.9396,-0.6475,73.0834,1.0171,0,BF.CW.PMP02::E06,test
2025-11-09 00:00:00,BF.CW.PMP02,cooling_descaling_pump,1.8869,-0.1815,74.0786,1.0456,0,BF.CW.PMP02::E06,test
2025-11-09 01:00:00,BF.CW.PMP02,cooling_descaling_pump,1.9153,-0.2503,74.5651,1.0076,0,BF.CW.PMP02::E06,test
2025-11-09 02:00:00,BF.CW.PMP02,cooling_descaling_pump,1.8822,-0.4386,73.4958,0.9371,0,BF.CW.PMP02::E06,test
2025-11-09 03:00:00,BF.CW.PMP02,cooling_descaling_pump,1.9026,-0.2212,74.7575,0.8756,0,BF.CW.PMP02::E06,test
2025-11-09 04:00:00,BF.CW.PMP02,cooling_descaling_pump,1.9753,-0.79,75.9568,0.97,0,BF.CW.PMP02::E06,test
2025-11-09 05:00:00,BF.CW.PMP02,cooling_descaling_pump,2.1014,-0.4639,76.9064,1.0259,0,BF.CW.PMP02::E06,test
2025-11-09 06:00:00,BF.CW.PMP02,cooling_descaling_pump,1.9886,0.2077,76.5256,1.0111,0,BF.CW.PMP02::E06,test
2025-11-09 07:00:00,BF.CW.PMP02,cooling_descaling_pump,1.8735,0.2972,76.5912,1.1165,0,BF.CW.PMP02::E06,test
2025-11-09 08:00:00,BF.CW.PMP02,cooling_descaling_pump,2.0399,-0.3694,76.8259,0.9893,0,BF.CW.PMP02::E06,test
2025-11-09 09:00:00,BF.CW.PMP02,cooling_descaling_pump,2.0066,0.2802,75.1266,0.8927,0,BF.CW.PMP02::E06,test
2025-11-09 10:00:00,BF.CW.PMP02,cooling_descaling_pump,1.9478,1.2253,73.2419,0.8667,0,BF.CW.PMP02::E06,test
2025-11-09 11:00:00,BF.CW.PMP02,cooling_descaling_pump,2.0141,0.5574,73.0667,0.8756,0,BF.CW.PMP02::E06,test
2025-11-09 12:00:00,BF.CW.PMP02,cooling_descaling_pump,1.9469,0.7952,74.0982,0.9915,0,BF.CW.PMP02::E06,test
2025-11-09 13:00:00,BF.CW.PMP02,cooling_descaling_pump,1.9023,0.5023,73.531,0.8875,1,BF.CW.PMP02::E06,test
2025-11-09 14:00:00,BF.CW.PMP02,cooling_descaling_pump,1.8848,0.537,73.3255,0.8549,0,BF.CW.PMP02::E06,test
2025-11-09 15:00:00,BF.CW.PMP02,cooling_descaling_pump,1.7934,0.9982,73.1423,0.8815,0,BF.CW.PMP02::E06,test
2025-11-09 16:00:00,BF.CW.PMP02,cooling_descaling_pump,1.9289,1.2594,73.728,0.8833,0,BF.CW.PMP02::E06,test
2025-11-09 17:00:00,BF.CW.PMP02,cooling_descaling_pump,2.087,1.1588,75.5914,0.8989,0,BF.CW.PMP02::E06,test
2025-11-09 18:00:00,BF.CW.PMP02,cooling_descaling_pump,2.0114,0.8756,74.3877,0.9443,0,BF.CW.PMP02::E06,test
2025-11-09 19:00:00,BF.CW.PMP02,cooling_descaling_pump,2.0574,0.6919,74.4463,0.8657,0,BF.CW.PMP02::E06,test
2025-11-09 20:00:00,BF.CW.PMP02,cooling_descaling_pump,2.0573,1.1679,75.8943,0.8881,0,BF.CW.PMP02::E06,test
2025-11-09 21:00:00,BF.CW.PMP02,cooling_descaling_pump,2.0426,1.2078,76.4417,0.9885,0,BF.CW.PMP02::E06,test
2025-11-09 22:00:00,BF.CW.PMP02,cooling_descaling_pump,2.0761,0.6339,75.4759,0.9483,0,BF.CW.PMP02::E06,test
2025-11-09 23:00:00,BF.CW.PMP02,cooling_descaling_pump,1.9968,1.1231,74.787,1.0088,0,BF.CW.PMP02::E06,test
2025-11-10 00:00:00,BF.CW.PMP02,cooling_descaling_pump,2.0432,0.7428,75.1568,0.9397,0,BF.CW.PMP02::E06,test
2025-11-10 01:00:00,BF.CW.PMP02,cooling_descaling_pump,2.095,0.0778,76.5525,0.8884,0,BF.CW.PMP02::E06,test
2025-11-10 02:00:00,BF.CW.PMP02,cooling_descaling_pump,1.9768,-0.144,75.9773,0.8218,0,BF.CW.PMP02::E06,test
2025-11-10 03:00:00,BF.CW.PMP02,cooling_descaling_pump,2.023,-0.3811,76.0325,0.7288,0,BF.CW.PMP02::E06,test
2025-11-10 04:00:00,BF.CW.PMP02,cooling_descaling_pump,1.9145,-0.8356,74.4616,0.6873,0,BF.CW.PMP02::E06,test
2025-11-10 05:00:00,BF.CW.PMP02,cooling_descaling_pump,1.9161,-1.0086,73.4911,0.629,0,BF.CW.PMP02::E06,test
2025-11-10 06:00:00,BF.CW.PMP02,cooling_descaling_pump,2.0666,-0.989,74.4222,0.6738,0,BF.CW.PMP02::E06,test
2025-11-10 07:00:00,BF.CW.PMP02,cooling_descaling_pump,2.2274,-1.0821,76.3412,0.7648,0,BF.CW.PMP02::E06,test
2025-11-10 08:00:00,BF.CW.PMP02,cooling_descaling_pump,2.2929,-0.7844,76.6197,0.8242,0,BF.CW.PMP02::E06,test
2025-11-10 09:00:00,BF.CW.PMP02,cooling_descaling_pump,2.5442,-1.0619,77.5282,0.8027,0,BF.CW.PMP02::E06,test
2025-11-10 10:00:00,BF.CW.PMP02,cooling_descaling_pump,2.2457,-1.1315,76.7105,0.9417,0,BF.CW.PMP02::E06,test
2025-11-10 11:00:00,BF.CW.PMP02,cooling_descaling_pump,2.148,-1.0982,76.1976,0.9612,0,BF.CW.PMP02::E06,test
2025-11-10 12:00:00,BF.CW.PMP02,cooling_descaling_pump,2.2332,-0.8334,75.9065,0.9073,0,BF.CW.PMP02::E06,test
2025-11-10 13:00:00,BF.CW.PMP02,cooling_descaling_pump,2.1479,-0.8579,74.9312,0.9369,0,BF.CW.PMP02::E06,test
2025-11-10 14:00:00,BF.CW.PMP02,cooling_descaling_pump,2.3302,-0.82,75.3447,0.8942,0,BF.CW.PMP02::E06,test
2025-11-10 15:00:00,BF.CW.PMP02,cooling_descaling_pump,2.4162,-0.4291,74.1054,0.8187,0,BF.CW.PMP02::E06,test
2025-11-10 16:00:00,BF.CW.PMP02,cooling_descaling_pump,2.4345,-0.889,73.2073,0.8882,1,BF.CW.PMP02::E06,test
2025-11-10 17:00:00,BF.CW.PMP02,cooling_descaling_pump,2.3679,-1.4546,74.1121,1.0071,0,BF.CW.PMP02::E06,test
2025-11-10 18:00:00,BF.CW.PMP02,cooling_descaling_pump,2.3162,-0.8235,73.9028,1.0271,0,BF.CW.PMP02::E06,test
2025-11-10 19:00:00,BF.CW.PMP02,cooling_descaling_pump,2.3214,-0.4636,73.8088,0.9862,0,BF.CW.PMP02::E06,test
2025-11-10 20:00:00,BF.CW.PMP02,cooling_descaling_pump,2.2284,-0.7096,73.4463,1.0471,0,BF.CW.PMP02::E06,test
2025-11-10 21:00:00,BF.CW.PMP02,cooling_descaling_pump,2.1327,-1.0127,74.0712,1.1154,0,BF.CW.PMP02::E06,test
2025-11-10 22:00:00,BF.CW.PMP02,cooling_descaling_pump,2.3469,-0.4989,76.1318,1.1746,0,BF.CW.PMP02::E06,test
2025-11-10 23:00:00,BF.CW.PMP02,cooling_descaling_pump,2.3005,-0.5039,75.5325,1.0727,0,BF.CW.PMP02::E06,test
2025-11-11 00:00:00,BF.CW.PMP02,cooling_descaling_pump,2.2839,-0.2191,75.7015,1.1071,0,BF.CW.PMP02::E06,test
2025-11-11 01:00:00,BF.CW.PMP02,cooling_descaling_pump,2.3755,-0.4314,76.0801,1.0847,0,BF.CW.PMP02::E06,test
2025-11-11 02:00:00,BF.CW.PMP02,cooling_descaling_pump,2.4235,-0.2107,77.6581,1.1286,0,BF.CW.PMP02::E06,test
2025-11-11 03:00:00,BF.CW.PMP02,cooling_descaling_pump,2.3049,-0.884,75.6985,0.9932,0,BF.CW.PMP02::E06,test
2025-11-11 04:00:00,BF.CW.PMP02,cooling_descaling_pump,2.3177,-1.4205,77.1562,1.0551,0,BF.CW.PMP02::E06,test
2025-11-11 05:00:00,BF.CW.PMP02,cooling_descaling_pump,2.381,-1.3149,76.448,0.9182,0,BF.CW.PMP02::E06,test
2025-11-11 06:00:00,BF.CW.PMP02,cooling_descaling_pump,2.5185,-1.8425,77.1917,0.8971,1,BF.CW.PMP02::E06,test
2025-11-11 07:00:00,BF.CW.PMP02,cooling_descaling_pump,2.5303,-1.4903,79.1228,1.0592,0,BF.CW.PMP02::E06,test
2025-11-11 08:00:00,BF.CW.PMP02,cooling_descaling_pump,2.503,-1.0077,80.2664,1.1138,0,BF.CW.PMP02::E06,test
2025-11-11 09:00:00,BF.CW.PMP02,cooling_descaling_pump,2.4624,-0.8039,79.7396,1.1344,0,BF.CW.PMP02::E06,test
2025-11-11 10:00:00,BF.CW.PMP02,cooling_descaling_pump,2.464,-0.5119,79.3355,1.0082,1,BF.CW.PMP02::E06,test
2025-11-11 11:00:00,BF.CW.PMP02,cooling_descaling_pump,2.453,0.1828,78.8578,0.9842,1,BF.CW.PMP02::E06,test
2025-11-11 12:00:00,BF.CW.PMP02,cooling_descaling_pump,2.6023,0.2758,79.2088,0.9612,1,BF.CW.PMP02::E06,test
2025-11-11 13:00:00,BF.CW.PMP02,cooling_descaling_pump,2.7319,0.1197,79.725,1.0679,0,BF.CW.PMP02::E06,test
2025-11-11 14:00:00,BF.CW.PMP02,cooling_descaling_pump,2.7641,0.5938,79.5254,1.0787,0,BF.CW.PMP02::E06,test
2025-11-11 15:00:00,BF.CW.PMP02,cooling_descaling_pump,2.7131,0.7401,79.6858,1.0674,0,BF.CW.PMP02::E06,test
2025-11-11 16:00:00,BF.CW.PMP02,cooling_descaling_pump,2.5501,0.9083,78.9732,1.1462,0,BF.CW.PMP02::E06,test
2025-11-11 17:00:00,BF.CW.PMP02,cooling_descaling_pump,2.4445,0.8867,78.8205,1.187,0,BF.CW.PMP02::E06,test
2025-11-11 18:00:00,BF.CW.PMP02,cooling_descaling_pump,2.3571,0.6815,78.5206,1.1445,0,BF.CW.PMP02::E06,test
2025-11-11 19:00:00,BF.CW.PMP02,cooling_descaling_pump,2.1948,0.8442,78.7984,1.13,0,BF.CW.PMP02::E06,test
2025-11-11 20:00:00,BF.CW.PMP02,cooling_descaling_pump,2.1326,0.8142,77.9616,1.1328,0,BF.CW.PMP02::E06,test
2025-11-11 21:00:00,BF.CW.PMP02,cooling_descaling_pump,2.2173,0.4139,79.128,1.1572,1,BF.CW.PMP02::E06,test
2025-11-11 22:00:00,BF.CW.PMP02,cooling_descaling_pump,2.3734,0.09,80.6077,1.1984,1,BF.CW.PMP02::E06,test
2025-11-11 23:00:00,BF.CW.PMP02,cooling_descaling_pump,2.4737,0.1278,80.0477,1.1316,1,BF.CW.PMP02::E06,test
2025-11-12 00:00:00,BF.CW.PMP02,cooling_descaling_pump,2.5698,-0.0715,78.7528,0.9627,1,BF.CW.PMP02::E06,test
2025-11-12 01:00:00,BF.CW.PMP02,cooling_descaling_pump,2.438,0.7202,79.1058,0.9733,1,BF.CW.PMP02::E06,test
2025-11-12 02:00:00,BF.CW.PMP02,cooling_descaling_pump,2.3454,0.774,80.3254,1.0291,0,BF.CW.PMP02::E06,test
2025-11-12 03:00:00,BF.CW.PMP02,cooling_descaling_pump,2.3832,0.2734,80.0335,1.045,0,BF.CW.PMP02::E06,test
2025-11-12 04:00:00,BF.CW.PMP02,cooling_descaling_pump,2.428,0.1511,80.8291,1.1058,1,BF.CW.PMP02::E06,test
2025-11-12 05:00:00,BF.CW.PMP02,cooling_descaling_pump,2.4333,0.4862,82.2312,1.0973,1,BF.CW.PMP02::E06,test
2025-11-12 06:00:00,BF.CW.PMP02,cooling_descaling_pump,2.4331,0.6594,82.456,1.0076,0,BF.CW.PMP02::E06,test
2025-11-12 07:00:00,BF.CW.PMP02,cooling_descaling_pump,2.3726,1.0242,81.5027,0.937,0,BF.CW.PMP02::E06,test
2025-11-12 08:00:00,BF.CW.PMP02,cooling_descaling_pump,2.4638,0.5314,81.5764,0.8774,0,BF.CW.PMP02::E06,test
2025-11-12 09:00:00,BF.CW.PMP02,cooling_descaling_pump,2.3992,0.6078,80.2703,0.8432,1,BF.CW.PMP02::E06,test
2025-11-12 10:00:00,BF.CW.PMP02,cooling_descaling_pump,2.5642,0.2415,81.1414,0.7549,1,BF.CW.PMP02::E06,test
2025-11-12 11:00:00,BF.CW.PMP02,cooling_descaling_pump,2.4737,0.5821,80.6828,0.7676,1,BF.CW.PMP02::E06,test
2025-11-12 12:00:00,BF.CW.PMP02,cooling_descaling_pump,2.4681,0.784,79.0884,0.7111,0,BF.CW.PMP02::E06,test
2025-11-12 13:00:00,BF.CW.PMP02,cooling_descaling_pump,2.4932,0.2583,78.091,0.6448,1,BF.CW.PMP02::E06,test
2025-11-12 14:00:00,BF.CW.PMP02,cooling_descaling_pump,2.5317,-0.0717,77.6082,0.6953,1,BF.CW.PMP02::E06,test
2025-11-12 15:00:00,BF.CW.PMP02,cooling_descaling_pump,2.6931,0.0623,78.0997,0.5776,1,BF.CW.PMP02::E06,test
2025-11-12 16:00:00,BF.CW.PMP02,cooling_descaling_pump,2.8146,0.0349,78.1341,0.6719,1,BF.CW.PMP02::E06,test
2025-11-12 17:00:00,BF.CW.PMP02,cooling_descaling_pump,2.7835,-0.1285,76.8279,0.7111,0,BF.CW.PMP02::E06,test
2025-11-12 18:00:00,BF.CW.PMP02,cooling_descaling_pump,2.7158,-0.081,78.3736,0.76,1,BF.CW.PMP02::E06,test
2025-11-12 19:00:00,BF.CW.PMP02,cooling_descaling_pump,2.8204,0.0558,79.6521,0.7723,1,BF.CW.PMP02::E06,test
2025-11-12 20:00:00,BF.CW.PMP02,cooling_descaling_pump,2.8666,0.0532,81.5019,0.8587,1,BF.CW.PMP02::E06,test
2025-11-12 21:00:00,BF.CW.PMP02,cooling_descaling_pump,2.8883,-0.227,80.8067,0.6913,1,BF.CW.PMP02::E06,test
2025-11-12 22:00:00,BF.CW.PMP02,cooling_descaling_pump,2.8635,-0.4138,81.2996,0.743,1,BF.CW.PMP02::E06,test
2025-11-12 23:00:00,BF.CW.PMP02,cooling_descaling_pump,2.8862,-0.8865,81.5224,0.6953,1,BF.CW.PMP02::E06,test
2025-11-13 00:00:00,BF.CW.PMP02,cooling_descaling_pump,2.7742,-0.8498,82.4663,0.7348,1,BF.CW.PMP02::E06,test
2025-11-13 01:00:00,BF.CW.PMP02,cooling_descaling_pump,2.768,-0.7413,83.4502,0.78,1,BF.CW.PMP02::E06,test
2025-11-13 02:00:00,BF.CW.PMP02,cooling_descaling_pump,2.5777,-0.7343,83.2328,0.8665,1,BF.CW.PMP02::E06,test
2025-11-13 03:00:00,BF.CW.PMP02,cooling_descaling_pump,2.5181,-0.99,82.5557,0.785,1,BF.CW.PMP02::E06,test
2025-11-13 04:00:00,BF.CW.PMP02,cooling_descaling_pump,2.4674,-1.3479,84.0997,0.8498,1,BF.CW.PMP02::E06,test
2025-11-13 05:00:00,BF.CW.PMP02,cooling_descaling_pump,2.3766,-1.0788,83.5099,0.8573,1,BF.CW.PMP02::E06,test
2025-11-13 06:00:00,BF.CW.PMP02,cooling_descaling_pump,2.4813,-1.1824,83.6392,0.8173,1,BF.CW.PMP02::E06,test
2025-11-13 07:00:00,BF.CW.PMP02,cooling_descaling_pump,2.5047,-1.2469,84.5149,0.8804,1,BF.CW.PMP02::E06,test
2025-11-13 08:00:00,BF.CW.PMP02,cooling_descaling_pump,2.4241,-1.3122,84.5021,0.9025,1,BF.CW.PMP02::E06,test
2025-11-13 09:00:00,BF.CW.PMP02,cooling_descaling_pump,2.5319,-0.448,85.4892,0.9331,1,BF.CW.PMP02::E06,test
2025-11-13 10:00:00,BF.CW.PMP02,cooling_descaling_pump,2.5863,-0.6254,85.1546,0.9428,1,BF.CW.PMP02::E06,test
2025-11-13 11:00:00,BF.CW.PMP02,cooling_descaling_pump,2.5403,-1.0102,83.312,0.8757,1,BF.CW.PMP02::E06,test
2025-11-13 12:00:00,BF.CW.PMP02,cooling_descaling_pump,2.7709,-1.33,86.2611,1.0225,1,BF.CW.PMP02::E06,test
2025-11-13 13:00:00,BF.CW.PMP02,cooling_descaling_pump,2.8344,-1.4188,86.2198,1.0772,1,BF.CW.PMP02::E06,test
2025-11-13 14:00:00,BF.CW.PMP02,cooling_descaling_pump,2.8866,-1.0772,86.887,1.0232,1,BF.CW.PMP02::E06,test
2025-11-13 15:00:00,BF.CW.PMP02,cooling_descaling_pump,2.8746,-1.3685,87.2932,0.9758,1,BF.CW.PMP02::E06,test
2025-11-13 16:00:00,BF.CW.PMP02,cooling_descaling_pump,2.8477,-1.1528,88.1593,1.0013,1,BF.CW.PMP02::E06,test
2025-11-13 17:00:00,BF.CW.PMP02,cooling_descaling_pump,2.8446,-1.7946,88.0336,1.0781,1,BF.CW.PMP02::E06,test
2025-11-13 18:00:00,BF.CW.PMP02,cooling_descaling_pump,2.8342,-2.1759,88.7451,1.1182,1,BF.CW.PMP02::E06,test
2025-11-13 19:00:00,BF.CW.PMP02,cooling_descaling_pump,2.8622,-2.6126,88.2504,1.1195,1,BF.CW.PMP02::E06,test
2025-11-13 20:00:00,BF.CW.PMP02,cooling_descaling_pump,3.0953,-1.9887,89.022,1.0603,1,BF.CW.PMP02::E06,test
2025-11-13 21:00:00,BF.CW.PMP02,cooling_descaling_pump,2.9061,-2.125,86.9874,1.0822,1,BF.CW.PMP02::E06,test
2025-11-13 22:00:00,BF.CW.PMP02,cooling_descaling_pump,2.8619,-2.2534,86.7433,1.0486,1,BF.CW.PMP02::E06,test
2025-11-13 23:00:00,BF.CW.PMP02,cooling_descaling_pump,2.9716,-2.3213,88.1701,1.1174,1,BF.CW.PMP02::E06,test
2025-11-14 00:00:00,BF.CW.PMP02,cooling_descaling_pump,2.9529,-1.9653,89.5762,1.1338,1,BF.CW.PMP02::E06,test
2025-11-14 01:00:00,BF.CW.PMP02,cooling_descaling_pump,2.9639,-2.1451,89.9368,1.0889,1,BF.CW.PMP02::E06,test
2025-11-14 02:00:00,BF.CW.PMP02,cooling_descaling_pump,2.9652,-2.608,91.7735,1.1702,1,BF.CW.PMP02::E06,test
2025-11-14 03:00:00,BF.CW.PMP02,cooling_descaling_pump,2.8758,-2.3147,93.2448,1.2493,1,BF.CW.PMP02::E06,test
2025-11-14 04:00:00,BF.CW.PMP02,cooling_descaling_pump,3.045,-2.1659,94.6135,1.2795,1,BF.CW.PMP02::E06,test
2025-11-14 05:00:00,BF.CW.PMP02,cooling_descaling_pump,3.0877,-2.0807,95.259,1.3151,1,BF.CW.PMP02::E06,test
2025-11-14 06:00:00,BF.CW.PMP02,cooling_descaling_pump,3.1521,-1.7424,96.1982,1.3067,1,BF.CW.PMP02::E06,test
2025-11-14 07:00:00,BF.CW.PMP02,cooling_descaling_pump,3.1495,-1.4125,96.1295,1.2345,1,BF.CW.PMP02::E06,test
2025-11-14 08:00:00,BF.CW.PMP02,cooling_descaling_pump,2.9757,-0.7362,94.0692,1.175,1,BF.CW.PMP02::E06,test
2025-11-14 09:00:00,BF.CW.PMP02,cooling_descaling_pump,3.0074,-0.7773,93.8525,1.191,1,BF.CW.PMP02::E06,test
2025-11-14 10:00:00,BF.CW.PMP02,cooling_descaling_pump,3.0118,-0.2925,93.2695,1.207,1,BF.CW.PMP02::E06,test
2025-11-14 11:00:00,BF.CW.PMP02,cooling_descaling_pump,2.888,-0.5024,92.1703,1.1483,1,BF.CW.PMP02::E06,test
2025-11-14 12:00:00,BF.CW.PMP02,cooling_descaling_pump,2.8183,-0.5809,91.0307,1.0786,1,BF.CW.PMP02::E06,test
2025-11-14 13:00:00,BF.CW.PMP02,cooling_descaling_pump,3.0301,-0.5613,92.087,1.0401,1,BF.CW.PMP02::E06,test
2025-11-14 14:00:00,BF.CW.PMP02,cooling_descaling_pump,3.1837,-0.5471,90.6696,0.8883,1,BF.CW.PMP02::E06,test
2025-11-14 15:00:00,BF.CW.PMP02,cooling_descaling_pump,3.2628,-0.4122,91.3803,0.8837,1,BF.CW.PMP02::E06,test
2025-11-14 16:00:00,BF.CW.PMP02,cooling_descaling_pump,3.3055,-0.9549,90.7699,0.795,1,BF.CW.PMP02::E06,test
2025-11-14 17:00:00,BF.CW.PMP02,cooling_descaling_pump,3.1847,-0.8923,90.1758,0.8155,1,BF.CW.PMP02::E06,test
2025-11-14 18:00:00,BF.CW.PMP02,cooling_descaling_pump,3.2042,-0.9154,89.4486,0.793,1,BF.CW.PMP02::E06,test
2025-11-14 19:00:00,BF.CW.PMP02,cooling_descaling_pump,3.1783,-1.2825,89.8183,0.8195,1,BF.CW.PMP02::E06,test
2025-11-14 20:00:00,BF.CW.PMP02,cooling_descaling_pump,3.1603,-2.1015,90.1906,0.87,1,BF.CW.PMP02::E06,test
2025-11-14 21:00:00,BF.CW.PMP02,cooling_descaling_pump,3.1514,-1.1847,89.2703,0.8006,1,BF.CW.PMP02::E06,test
2025-11-14 22:00:00,BF.CW.PMP02,cooling_descaling_pump,3.2184,-0.8359,88.77,0.6776,1,BF.CW.PMP02::E06,test
2025-11-14 23:00:00,BF.CW.PMP02,cooling_descaling_pump,3.3027,-0.5576,89.9959,0.7202,1,BF.CW.PMP02::E06,test
2025-11-15 00:00:00,BF.CW.PMP02,cooling_descaling_pump,3.3514,0.1392,89.4263,0.7629,1,BF.CW.PMP02::E06,test
2025-11-15 01:00:00,BF.CW.PMP02,cooling_descaling_pump,3.3185,0.181,89.4375,0.7561,1,BF.CW.PMP02::E06,test
2025-11-15 02:00:00,BF.CW.PMP02,cooling_descaling_pump,3.5869,0.1648,91.0196,0.7742,1,BF.CW.PMP02::E06,test
2025-11-15 03:00:00,BF.CW.PMP02,cooling_descaling_pump,3.5606,0.4258,91.8998,0.8867,1,BF.CW.PMP02::E06,test
2025-11-15 04:00:00,BF.CW.PMP02,cooling_descaling_pump,3.6322,0.8246,92.9646,0.9095,1,BF.CW.PMP02::E06,test
2025-11-15 05:00:00,BF.CW.PMP02,cooling_descaling_pump,3.7842,1.0924,93.4735,0.8754,2,BF.CW.PMP02::E06,test
2025-11-15 06:00:00,BF.CW.PMP02,cooling_descaling_pump,3.8378,0.984,93.5864,0.9099,1,BF.CW.PMP02::E06,test
2025-11-15 07:00:00,BF.CW.PMP02,cooling_descaling_pump,3.9549,0.8921,95.1274,0.98,1,BF.CW.PMP02::E06,test
2025-11-15 08:00:00,BF.CW.PMP02,cooling_descaling_pump,3.9868,0.7457,94.7783,1.0238,1,BF.CW.PMP02::E06,test
2025-11-15 09:00:00,BF.CW.PMP02,cooling_descaling_pump,3.9559,0.9683,95.1436,1.1045,2,BF.CW.PMP02::E06,test
2025-11-15 10:00:00,BF.CW.PMP02,cooling_descaling_pump,3.9455,0.6568,95.3138,1.1186,1,BF.CW.PMP02::E06,test
2025-11-15 11:00:00,BF.CW.PMP02,cooling_descaling_pump,4.0281,0.6478,95.6404,1.1149,1,BF.CW.PMP02::E06,test
2025-11-15 12:00:00,BF.CW.PMP02,cooling_descaling_pump,4.134,0.2879,96.5872,1.1131,1,BF.CW.PMP02::E06,test
2025-11-15 13:00:00,BF.CW.PMP02,cooling_descaling_pump,4.0174,0.69,96.2203,1.1049,1,BF.CW.PMP02::E06,test
2025-11-15 14:00:00,BF.CW.PMP02,cooling_descaling_pump,3.9996,0.7016,96.3697,1.1868,1,BF.CW.PMP02::E06,test
2025-11-15 15:00:00,BF.CW.PMP02,cooling_descaling_pump,3.8447,0.1898,95.0502,1.1302,2,BF.CW.PMP02::E06,test
2025-11-15 16:00:00,BF.CW.PMP02,cooling_descaling_pump,3.9106,-0.7965,93.6909,1.0163,1,BF.CW.PMP02::E06,test
2025-11-15 17:00:00,BF.CW.PMP02,cooling_descaling_pump,3.7818,-0.4811,93.2121,1.0046,2,BF.CW.PMP02::E06,test
2025-11-15 18:00:00,BF.CW.PMP02,cooling_descaling_pump,3.6576,-0.2932,93.9236,1.0636,1,BF.CW.PMP02::E06,test
2025-11-15 19:00:00,BF.CW.PMP02,cooling_descaling_pump,3.8569,-0.3354,94.4075,1.0202,1,BF.CW.PMP02::E06,test
2025-11-15 20:00:00,BF.CW.PMP02,cooling_descaling_pump,3.946,0.042,93.8809,0.9803,2,BF.CW.PMP02::E06,test
2025-11-15 21:00:00,BF.CW.PMP02,cooling_descaling_pump,4.0002,0.5096,92.8079,0.7921,2,BF.CW.PMP02::E06,test
2025-11-15 22:00:00,BF.CW.PMP02,cooling_descaling_pump,3.9929,0.5308,92.6845,0.7275,1,BF.CW.PMP02::E06,test
2025-11-15 23:00:00,BF.CW.PMP02,cooling_descaling_pump,4.0937,0.6936,93.2306,0.7383,2,BF.CW.PMP02::E06,test
2025-11-16 00:00:00,BF.CW.PMP02,cooling_descaling_pump,4.2115,0.5361,94.6445,0.7895,1,BF.CW.PMP02::E06,test
2025-11-16 01:00:00,BF.CW.PMP02,cooling_descaling_pump,4.2621,0.8506,95.4084,0.8358,2,BF.CW.PMP02::E06,test
2025-11-16 02:00:00,BF.CW.PMP02,cooling_descaling_pump,4.4108,0.609,96.9624,0.8569,2,BF.CW.PMP02::E06,test
2025-11-16 03:00:00,BF.CW.PMP02,cooling_descaling_pump,4.4385,0.8548,96.9585,0.9086,2,BF.CW.PMP02::E06,test
2025-11-16 04:00:00,BF.CW.PMP02,cooling_descaling_pump,4.398,0.9911,96.8778,0.869,1,BF.CW.PMP02::E06,test
2025-11-16 05:00:00,BF.CW.PMP02,cooling_descaling_pump,4.5637,0.9199,97.028,0.8668,1,BF.CW.PMP02::E06,test
2025-11-16 06:00:00,BF.CW.PMP02,cooling_descaling_pump,4.5728,0.6749,97.9199,0.8465,2,BF.CW.PMP02::E06,test
2025-11-16 07:00:00,BF.CW.PMP02,cooling_descaling_pump,4.6689,0.7254,98.9599,0.9517,2,BF.CW.PMP02::E06,test
2025-11-16 08:00:00,BF.CW.PMP02,cooling_descaling_pump,4.6834,0.5994,98.7333,0.9666,2,BF.CW.PMP02::E06,test
2025-11-16 09:00:00,BF.CW.PMP02,cooling_descaling_pump,4.5664,1.3543,96.5167,0.8619,2,BF.CW.PMP02::E06,test
2025-11-16 10:00:00,BF.CW.PMP02,cooling_descaling_pump,4.5272,1.5248,96.7527,0.8766,1,BF.CW.PMP02::E06,test
2025-11-16 11:00:00,BF.CW.PMP02,cooling_descaling_pump,4.4868,1.436,95.9371,0.9272,1,BF.CW.PMP02::E06,test
2025-11-16 12:00:00,BF.CW.PMP02,cooling_descaling_pump,4.5415,1.2572,95.5096,0.9765,2,BF.CW.PMP02::E06,test
2025-11-16 13:00:00,BF.CW.PMP02,cooling_descaling_pump,4.5199,1.1333,94.5905,0.9497,2,BF.CW.PMP02::E06,test
2025-11-16 14:00:00,BF.CW.PMP02,cooling_descaling_pump,4.5837,1.2064,94.4113,0.873,2,BF.CW.PMP02::E06,test
2025-11-16 15:00:00,BF.CW.PMP02,cooling_descaling_pump,4.6898,1.1086,94.1156,0.8068,2,BF.CW.PMP02::E06,test
2025-11-16 16:00:00,BF.CW.PMP02,cooling_descaling_pump,4.8291,1.1887,95.5835,0.9591,2,BF.CW.PMP02::E06,test
2025-11-16 17:00:00,BF.CW.PMP02,cooling_descaling_pump,5.0589,0.9496,96.0049,0.8551,2,BF.CW.PMP02::E06,test
2025-11-16 18:00:00,BF.CW.PMP02,cooling_descaling_pump,5.2418,0.7023,96.4645,0.8067,2,BF.CW.PMP02::E06,test
2025-11-16 19:00:00,BF.CW.PMP02,cooling_descaling_pump,5.2543,0.7681,95.8473,0.7483,2,BF.CW.PMP02::E06,test
2025-11-16 20:00:00,BF.CW.PMP02,cooling_descaling_pump,5.5066,0.8131,97.3918,0.8456,1,BF.CW.PMP02::E06,test
2025-11-16 21:00:00,BF.CW.PMP02,cooling_descaling_pump,5.5345,0.4961,98.0603,0.8218,2,BF.CW.PMP02::E06,test
2025-11-16 22:00:00,BF.CW.PMP02,cooling_descaling_pump,5.5129,0.6225,97.5903,0.7907,2,BF.CW.PMP02::E06,test
2025-11-16 23:00:00,BF.CW.PMP02,cooling_descaling_pump,5.5775,1.0791,97.8757,0.8088,2,BF.CW.PMP02::E06,test
2025-11-17 00:00:00,BF.CW.PMP02,cooling_descaling_pump,5.5675,1.4264,98.4649,0.8532,1,BF.CW.PMP02::E06,test
2025-11-17 01:00:00,BF.CW.PMP02,cooling_descaling_pump,5.5523,1.106,99.5194,0.9755,2,BF.CW.PMP02::E06,test
2025-11-17 02:00:00,BF.CW.PMP02,cooling_descaling_pump,5.4891,1.0424,99.4613,1.0321,1,BF.CW.PMP02::E06,test
2025-11-17 03:00:00,BF.CW.PMP02,cooling_descaling_pump,5.4837,0.9351,100.3038,1.1259,2,BF.CW.PMP02::E06,test
2025-11-17 04:00:00,BF.CW.PMP02,cooling_descaling_pump,5.509,0.6475,100.9572,1.0926,2,BF.CW.PMP02::E06,test
2025-11-17 05:00:00,BF.CW.PMP02,cooling_descaling_pump,1.1518,0.7592,55.6267,0.9894,0,,test
2025-11-17 06:00:00,BF.CW.PMP02,cooling_descaling_pump,1.2,0.9039,54.9386,0.9412,0,,test
2025-11-17 07:00:00,BF.CW.PMP02,cooling_descaling_pump,1.2727,0.6896,54.71,0.9246,0,,test
2025-11-17 08:00:00,BF.CW.PMP02,cooling_descaling_pump,1.1586,1.1102,54.2967,0.9465,0,,test
2025-11-17 09:00:00,BF.CW.PMP02,cooling_descaling_pump,1.2066,1.2364,54.3745,0.9575,0,,test
2025-11-17 10:00:00,BF.CW.PMP02,cooling_descaling_pump,1.0372,1.1149,53.9428,1.105,0,,test
2025-11-17 11:00:00,BF.CW.PMP02,cooling_descaling_pump,1.0267,1.1576,52.8823,1.0285,0,,test
2025-11-17 12:00:00,BF.CW.PMP02,cooling_descaling_pump,1.1024,1.4108,52.2135,0.9725,0,,test
2025-11-17 13:00:00,BF.CW.PMP02,cooling_descaling_pump,1.0012,1.0693,50.1175,0.8546,0,,test
2025-11-17 14:00:00,BF.CW.PMP02,cooling_descaling_pump,1.0081,1.2569,48.7996,0.7949,0,,test
2025-11-17 15:00:00,BF.CW.PMP02,cooling_descaling_pump,1.0473,1.2329,48.2237,0.759,0,,test
2025-11-17 16:00:00,BF.CW.PMP02,cooling_descaling_pump,1.0175,1.2277,48.1336,0.8019,0,,test
2025-11-17 17:00:00,BF.CW.PMP02,cooling_descaling_pump,1.0758,1.0222,48.095,0.9083,0,,test
2025-11-17 18:00:00,BF.CW.PMP02,cooling_descaling_pump,1.3104,1.4076,49.4589,1.0012,0,,test
2025-11-17 19:00:00,BF.CW.PMP02,cooling_descaling_pump,1.2949,1.1015,51.6661,1.1345,0,,test
2025-11-17 20:00:00,BF.CW.PMP02,cooling_descaling_pump,1.2979,0.8055,51.7541,1.1014,0,,test
2025-11-17 21:00:00,BF.CW.PMP02,cooling_descaling_pump,1.3147,0.4495,51.7074,1.1261,0,,test
2025-11-17 22:00:00,BF.CW.PMP02,cooling_descaling_pump,1.3313,-0.0384,53.0272,1.1921,0,,test
2025-11-17 23:00:00,BF.CW.PMP02,cooling_descaling_pump,1.3835,0.5393,53.6381,1.1662,0,,test
2025-11-18 00:00:00,BF.CW.PMP02,cooling_descaling_pump,1.3848,0.5135,54.6954,1.1652,0,,test
2025-11-18 01:00:00,BF.CW.PMP02,cooling_descaling_pump,1.4221,0.4441,54.2759,1.0594,0,,test
2025-11-18 02:00:00,BF.CW.PMP02,cooling_descaling_pump,1.4621,0.0599,54.361,1.0579,0,,test
2025-11-18 03:00:00,BF.CW.PMP02,cooling_descaling_pump,1.4669,0.4793,54.3591,1.0252,0,,test
2025-11-18 04:00:00,BF.CW.PMP02,cooling_descaling_pump,1.6112,0.5046,56.9424,1.0599,0,,test
2025-11-18 05:00:00,BF.CW.PMP02,cooling_descaling_pump,1.5274,0.7508,57.3049,1.1563,0,,test
2025-11-18 06:00:00,BF.CW.PMP02,cooling_descaling_pump,1.4782,1.2182,58.0949,1.1468,0,,test
2025-11-18 07:00:00,BF.CW.PMP02,cooling_descaling_pump,1.6283,0.811,58.4923,1.1567,0,,test
2025-11-18 08:00:00,BF.CW.PMP02,cooling_descaling_pump,1.4108,0.5756,57.2021,1.059,0,,test
2025-11-18 09:00:00,BF.CW.PMP02,cooling_descaling_pump,1.3924,0.6202,56.8737,1.0385,0,,test
2025-11-18 10:00:00,BF.CW.PMP02,cooling_descaling_pump,1.4044,1.544,56.4874,1.0716,0,,test
2025-11-18 11:00:00,BF.CW.PMP02,cooling_descaling_pump,1.4275,0.7987,55.9541,1.0792,0,,test
2025-11-18 12:00:00,BF.CW.PMP02,cooling_descaling_pump,1.4552,0.4938,55.1449,1.1114,0,,test
2025-11-18 13:00:00,BF.CW.PMP02,cooling_descaling_pump,1.4122,0.3665,55.09,1.0874,0,,test
2025-11-18 14:00:00,BF.CW.PMP02,cooling_descaling_pump,1.6177,0.7894,56.333,1.1136,0,,test
2025-11-18 15:00:00,BF.CW.PMP02,cooling_descaling_pump,1.3949,1.2308,55.8004,1.1486,0,,test
2025-11-18 16:00:00,BF.CW.PMP02,cooling_descaling_pump,1.2711,1.2094,55.2337,1.1106,0,,test
2025-11-18 17:00:00,BF.CW.PMP02,cooling_descaling_pump,1.2085,1.1172,53.6759,1.029,0,,test
2025-11-18 18:00:00,BF.CW.PMP02,cooling_descaling_pump,1.1921,0.9955,52.2952,0.9018,0,,test
2025-11-18 19:00:00,BF.CW.PMP02,cooling_descaling_pump,1.0555,1.3041,52.4832,0.9435,0,,test
2025-11-18 20:00:00,BF.CW.PMP02,cooling_descaling_pump,1.1165,1.1129,52.5619,0.9224,0,,test
2025-11-18 21:00:00,BF.CW.PMP02,cooling_descaling_pump,1.0277,0.399,52.77,1.0375,0,,test
2025-11-18 22:00:00,BF.CW.PMP02,cooling_descaling_pump,0.9613,0.6652,53.5767,1.1013,0,,test
2025-11-18 23:00:00,BF.CW.PMP02,cooling_descaling_pump,1.0447,0.7757,54.9144,1.1149,0,,test
2025-11-19 00:00:00,BF.CW.PMP02,cooling_descaling_pump,1.0925,0.7051,55.9339,1.0629,0,,test
2025-11-19 01:00:00,BF.CW.PMP02,cooling_descaling_pump,1.2012,1.0399,56.0296,1.0467,0,,test
2025-11-19 02:00:00,BF.CW.PMP02,cooling_descaling_pump,1.2081,1.7063,56.7684,1.0278,0,,test
2025-11-19 03:00:00,BF.CW.PMP02,cooling_descaling_pump,1.265,1.5969,56.9913,0.9401,0,,test
2025-11-19 04:00:00,BF.CW.PMP02,cooling_descaling_pump,1.2307,1.8112,56.2728,0.865,0,,test
2025-11-19 05:00:00,BF.CW.PMP02,cooling_descaling_pump,1.2882,1.7186,57.4637,0.9525,0,,test
2025-11-19 06:00:00,BF.CW.PMP02,cooling_descaling_pump,1.1562,1.263,57.0961,0.9895,0,,test
2025-11-19 07:00:00,BF.CW.PMP02,cooling_descaling_pump,1.1134,0.5509,56.3018,0.9335,0,,test
2025-11-19 08:00:00,BF.CW.PMP02,cooling_descaling_pump,1.3099,0.1285,56.6326,0.9209,0,,test
2025-11-19 09:00:00,BF.CW.PMP02,cooling_descaling_pump,1.2552,0.1727,57.0368,0.9193,0,,test
2025-11-19 10:00:00,BF.CW.PMP02,cooling_descaling_pump,1.1154,0.3384,55.4396,0.8767,0,,test
2025-11-19 11:00:00,BF.CW.PMP02,cooling_descaling_pump,1.1343,0.1673,55.2909,0.8382,0,,test
2025-11-19 12:00:00,BF.CW.PMP02,cooling_descaling_pump,1.2617,-0.1563,56.1322,0.9537,0,,test
2025-11-19 13:00:00,BF.CW.PMP02,cooling_descaling_pump,1.1649,0.15,54.68,0.9128,0,,test
2025-11-19 14:00:00,BF.CW.PMP02,cooling_descaling_pump,1.3813,0.3693,55.6208,0.9209,0,,test
2025-11-19 15:00:00,BF.CW.PMP02,cooling_descaling_pump,1.3131,0.5079,53.7877,0.9254,0,,test
2025-11-19 16:00:00,BF.CW.PMP02,cooling_descaling_pump,1.319,0.1633,56.2432,1.0652,0,,test
2025-11-19 17:00:00,BF.CW.PMP02,cooling_descaling_pump,1.2431,-0.0084,57.4891,1.2099,0,,test
2025-11-19 18:00:00,BF.CW.PMP02,cooling_descaling_pump,1.1468,-0.4883,57.1974,1.2833,0,,test
2025-11-19 19:00:00,BF.CW.PMP02,cooling_descaling_pump,1.2476,-0.9814,56.6508,1.1917,0,,test
2025-11-19 20:00:00,BF.CW.PMP02,cooling_descaling_pump,1.2506,-1.352,55.1528,1.0303,0,,test
2025-11-19 21:00:00,BF.CW.PMP02,cooling_descaling_pump,1.0956,-0.9621,53.322,0.9272,0,,test
2025-11-19 22:00:00,BF.CW.PMP02,cooling_descaling_pump,1.0646,-1.5884,55.0186,1.0428,0,,test
2025-11-19 23:00:00,BF.CW.PMP02,cooling_descaling_pump,1.0423,-1.5454,53.259,0.9551,0,,test
2025-11-20 00:00:00,BF.CW.PMP02,cooling_descaling_pump,1.2258,-0.7026,55.401,1.0493,0,,test
2025-11-20 01:00:00,BF.CW.PMP02,cooling_descaling_pump,1.203,-0.9022,55.6745,1.0139,0,,test
2025-11-20 02:00:00,BF.CW.PMP02,cooling_descaling_pump,1.2586,-0.7968,55.4816,0.9776,0,,test
2025-11-20 03:00:00,BF.CW.PMP02,cooling_descaling_pump,1.0864,-0.203,55.0939,1.0127,0,,test
2025-11-20 04:00:00,BF.CW.PMP02,cooling_descaling_pump,1.2829,0.3198,55.744,1.0421,0,,test
2025-11-20 05:00:00,BF.CW.PMP02,cooling_descaling_pump,1.1405,0.3752,55.0553,0.9913,0,,test
2025-11-20 06:00:00,BF.CW.PMP02,cooling_descaling_pump,1.0212,0.612,52.8599,0.8612,0,,test
2025-11-20 07:00:00,BF.CW.PMP02,cooling_descaling_pump,1.0413,0.5885,52.7594,0.9204,0,,test
2025-11-20 08:00:00,BF.CW.PMP02,cooling_descaling_pump,1.0514,0.6477,52.0844,0.8751,0,,test
2025-11-20 09:00:00,BF.CW.PMP02,cooling_descaling_pump,1.0785,0.133,51.6423,0.8458,0,,test
2025-11-20 10:00:00,BF.CW.PMP02,cooling_descaling_pump,1.0045,0.062,50.9859,0.8823,0,,test
2025-11-20 11:00:00,BF.CW.PMP02,cooling_descaling_pump,1.0953,0.1327,51.1845,0.8961,0,,test
2025-11-20 12:00:00,BF.CW.PMP02,cooling_descaling_pump,1.0839,-0.024,52.0786,1.0433,0,,test
2025-11-20 13:00:00,BF.CW.PMP02,cooling_descaling_pump,1.0703,-0.2977,52.1243,1.0711,0,,test
2025-11-20 14:00:00,BF.CW.PMP02,cooling_descaling_pump,0.9798,0.294,50.542,0.9878,0,,test
2025-11-20 15:00:00,BF.CW.PMP02,cooling_descaling_pump,1.0037,0.3415,49.9148,1.0079,0,,test
2025-11-20 16:00:00,BF.CW.PMP02,cooling_descaling_pump,1.0144,0.7193,49.1248,0.9452,0,,test
2025-11-20 17:00:00,BF.CW.PMP02,cooling_descaling_pump,1.0836,0.8334,48.4836,0.8982,0,,test
2025-11-20 18:00:00,BF.CW.PMP02,cooling_descaling_pump,1.0352,1.1031,48.3087,0.9103,0,,test
2025-11-20 19:00:00,BF.CW.PMP02,cooling_descaling_pump,1.0142,0.6326,47.4856,0.8377,0,,test
2025-11-20 20:00:00,BF.CW.PMP02,cooling_descaling_pump,1.0517,0.4148,48.4201,0.9005,0,,test
2025-11-20 21:00:00,BF.CW.PMP02,cooling_descaling_pump,1.2434,0.644,49.9786,0.9077,0,,test
2025-11-20 22:00:00,BF.CW.PMP02,cooling_descaling_pump,1.203,0.9175,49.3697,0.9407,0,,test
2025-11-20 23:00:00,BF.CW.PMP02,cooling_descaling_pump,1.1889,1.2917,49.8117,0.9471,0,,test
2025-11-21 00:00:00,BF.CW.PMP02,cooling_descaling_pump,1.1716,1.7006,49.083,0.9781,0,,test
2025-11-21 01:00:00,BF.CW.PMP02,cooling_descaling_pump,1.1952,1.419,48.8488,0.8776,0,,test
2025-11-21 02:00:00,BF.CW.PMP02,cooling_descaling_pump,1.1693,1.4647,48.9661,0.8599,0,,test
2025-11-21 03:00:00,BF.CW.PMP02,cooling_descaling_pump,1.1363,1.0112,49.3492,0.9177,0,,test
2025-11-21 04:00:00,BF.CW.PMP02,cooling_descaling_pump,1.3401,0.4976,51.0398,0.8871,0,,test
2025-11-21 05:00:00,BF.CW.PMP02,cooling_descaling_pump,1.313,0.6176,52.0673,0.9469,0,,test
2025-11-21 06:00:00,BF.CW.PMP02,cooling_descaling_pump,1.3336,1.1893,52.106,0.89,0,,test
2025-11-21 07:00:00,BF.CW.PMP02,cooling_descaling_pump,1.3176,1.0804,51.7172,0.9064,0,,test
2025-11-21 08:00:00,BF.CW.PMP02,cooling_descaling_pump,1.1576,0.5921,50.1079,0.9158,0,,test
2025-11-21 09:00:00,BF.CW.PMP02,cooling_descaling_pump,1.1778,0.275,49.9557,0.8663,0,,test
2025-11-21 10:00:00,BF.CW.PMP02,cooling_descaling_pump,1.1983,-0.1078,49.1814,0.8312,0,,test
2025-11-21 11:00:00,BF.CW.PMP02,cooling_descaling_pump,1.2696,0.5345,50.499,0.929,0,,test
2025-11-21 12:00:00,BF.CW.PMP02,cooling_descaling_pump,1.1571,0.3463,49.1858,0.9507,0,,test
2025-11-21 13:00:00,BF.CW.PMP02,cooling_descaling_pump,1.0684,0.1853,49.3946,0.9516,0,,test
2025-11-21 14:00:00,BF.CW.PMP02,cooling_descaling_pump,1.0471,0.5558,49.0874,1.049,0,,test
2025-11-21 15:00:00,BF.CW.PMP02,cooling_descaling_pump,1.0094,0.1534,50.1286,1.1279,0,,test
2025-11-21 16:00:00,BF.CW.PMP02,cooling_descaling_pump,0.939,-0.2434,49.8631,1.1666,0,,test
2025-11-21 17:00:00,BF.CW.PMP02,cooling_descaling_pump,0.9805,-0.5583,51.361,1.2279,0,,test
2025-11-21 18:00:00,BF.CW.PMP02,cooling_descaling_pump,1.0371,-1.1132,52.305,1.2665,0,,test
2025-11-21 19:00:00,BF.CW.PMP02,cooling_descaling_pump,0.9389,-0.9786,52.9559,1.3531,0,,test
2025-11-21 20:00:00,BF.CW.PMP02,cooling_descaling_pump,0.8283,-0.0227,51.3713,1.2909,0,,test
2025-11-21 21:00:00,BF.CW.PMP02,cooling_descaling_pump,0.9225,-0.0922,53.318,1.3524,0,,test
2025-11-21 22:00:00,BF.CW.PMP02,cooling_descaling_pump,0.9264,-0.7295,51.9383,1.202,0,,test
2025-11-21 23:00:00,BF.CW.PMP02,cooling_descaling_pump,0.9165,-0.8594,52.5181,1.1933,0,,test
2025-11-22 00:00:00,BF.CW.PMP02,cooling_descaling_pump,0.8962,-0.7709,50.4367,1.0527,0,,test
2025-11-22 01:00:00,BF.CW.PMP02,cooling_descaling_pump,0.9595,-0.5532,51.248,1.0051,0,,test
2025-11-22 02:00:00,BF.CW.PMP02,cooling_descaling_pump,1.0696,-0.7442,52.1283,1.0133,0,,test
2025-11-22 03:00:00,BF.CW.PMP02,cooling_descaling_pump,0.9238,-0.1188,51.697,1.0332,0,,test
2025-11-22 04:00:00,BF.CW.PMP02,cooling_descaling_pump,0.9286,-0.7499,50.5393,0.978,0,,test
2025-11-22 05:00:00,BF.CW.PMP02,cooling_descaling_pump,0.982,-0.7167,51.5196,1.0168,0,,test
2025-11-22 06:00:00,BF.CW.PMP02,cooling_descaling_pump,1.0801,-0.2644,51.9889,1.0087,0,,test
2025-11-22 07:00:00,BF.CW.PMP02,cooling_descaling_pump,1.1849,-0.0413,53.1369,0.9607,0,,test
2025-11-22 08:00:00,BF.CW.PMP02,cooling_descaling_pump,1.3217,-0.4207,54.2612,0.995,0,,test
2025-11-22 09:00:00,BF.CW.PMP02,cooling_descaling_pump,1.385,-0.2328,54.9054,1.0278,0,,test
2025-11-22 10:00:00,BF.CW.PMP02,cooling_descaling_pump,1.417,-0.4772,55.4201,0.9553,0,,test
2025-11-22 11:00:00,BF.CW.PMP02,cooling_descaling_pump,,,54.3549,0.947,0,,test
2025-11-22 12:00:00,BF.CW.PMP02,cooling_descaling_pump,1.2887,-0.1283,53.1253,0.9783,0,,test
2025-11-22 13:00:00,BF.CW.PMP02,cooling_descaling_pump,1.2248,0.7702,52.3058,0.9921,0,,test
2025-11-22 14:00:00,BF.CW.PMP02,cooling_descaling_pump,1.1612,0.9774,51.8157,1.0691,0,,test
2025-11-22 15:00:00,BF.CW.PMP02,cooling_descaling_pump,1.1395,1.2176,52.0748,1.0443,0,,test
2025-11-22 16:00:00,BF.CW.PMP02,cooling_descaling_pump,1.1967,1.1661,52.3568,1.0418,0,,test
2025-11-22 17:00:00,BF.CW.PMP02,cooling_descaling_pump,1.1171,1.3746,49.4003,0.9865,0,,test
2025-11-22 18:00:00,BF.CW.PMP02,cooling_descaling_pump,1.0894,1.6425,50.1955,1.0072,0,,test
2025-11-22 19:00:00,BF.CW.PMP02,cooling_descaling_pump,1.1918,1.5876,50.3885,0.9146,0,,test
2025-11-22 20:00:00,BF.CW.PMP02,cooling_descaling_pump,1.1912,1.8158,49.8441,0.8363,0,,test
2025-11-22 21:00:00,BF.CW.PMP02,cooling_descaling_pump,1.2742,1.319,50.8772,0.8144,0,,test
2025-11-22 22:00:00,BF.CW.PMP02,cooling_descaling_pump,1.3591,1.2277,52.6622,0.8849,0,,test
2025-11-22 23:00:00,BF.CW.PMP02,cooling_descaling_pump,1.4919,0.9536,55.1946,0.9303,0,,test
2025-11-23 00:00:00,BF.CW.PMP02,cooling_descaling_pump,1.3749,0.5218,54.8919,0.933,0,,test
2025-11-23 01:00:00,BF.CW.PMP02,cooling_descaling_pump,1.3215,0.429,55.2233,0.9744,0,,test
2025-11-23 02:00:00,BF.CW.PMP02,cooling_descaling_pump,1.2512,0.4003,55.4768,0.85,0,,test
2025-11-23 03:00:00,BF.CW.PMP02,cooling_descaling_pump,1.1546,-0.2164,55.5248,0.844,0,,test
2025-11-23 04:00:00,BF.CW.PMP02,cooling_descaling_pump,1.1208,-0.3649,55.8145,0.8397,0,,test
2025-11-23 05:00:00,BF.CW.PMP02,cooling_descaling_pump,1.1895,0.3228,55.9834,0.7435,0,,test
2025-11-23 06:00:00,BF.CW.PMP02,cooling_descaling_pump,1.2472,0.5757,54.918,0.6251,0,,test
2025-11-23 07:00:00,BF.CW.PMP02,cooling_descaling_pump,1.186,0.1212,54.7583,0.6577,0,,test
2025-11-23 08:00:00,BF.CW.PMP02,cooling_descaling_pump,1.2063,0.4055,55.7726,0.7467,0,,test
2025-11-23 09:00:00,BF.CW.PMP02,cooling_descaling_pump,1.0676,0.2681,55.8646,0.8299,0,,test
2025-11-23 10:00:00,BF.CW.PMP02,cooling_descaling_pump,1.0402,1.0228,55.2581,0.8714,0,,test
2025-11-23 11:00:00,BF.CW.PMP02,cooling_descaling_pump,1.1489,0.5331,56.0581,0.882,0,,test
2025-11-23 12:00:00,BF.CW.PMP02,cooling_descaling_pump,1.2229,0.5498,55.5845,0.821,0,,test
2025-11-23 13:00:00,BF.CW.PMP02,cooling_descaling_pump,1.4322,0.4158,56.9259,0.8431,0,,test
2025-11-23 14:00:00,BF.CW.PMP02,cooling_descaling_pump,1.4021,0.3303,55.5194,0.7916,0,,test
2025-11-23 15:00:00,BF.CW.PMP02,cooling_descaling_pump,1.0951,0.4964,52.8283,0.7472,0,,test
2025-11-23 16:00:00,BF.CW.PMP02,cooling_descaling_pump,1.1698,0.7429,53.1599,0.8163,0,,test
2025-11-23 17:00:00,BF.CW.PMP02,cooling_descaling_pump,1.0593,0.3526,51.0492,0.8034,0,,test
2025-11-23 18:00:00,BF.CW.PMP02,cooling_descaling_pump,0.9968,-0.0177,50.3192,0.8615,0,,test
2025-11-23 19:00:00,BF.CW.PMP02,cooling_descaling_pump,1.0264,-0.7503,50.5873,0.8397,0,,test
2025-11-23 20:00:00,BF.CW.PMP02,cooling_descaling_pump,1.0194,-0.5617,49.7767,0.823,0,,test
2025-11-23 21:00:00,BF.CW.PMP02,cooling_descaling_pump,1.1476,-0.3478,51.4786,0.9253,0,,test
2025-11-23 22:00:00,BF.CW.PMP02,cooling_descaling_pump,1.2333,0.0431,52.8257,0.9136,0,,test
2025-11-23 23:00:00,BF.CW.PMP02,cooling_descaling_pump,1.2165,0.529,52.2484,0.8859,0,,test
2025-11-24 00:00:00,BF.CW.PMP02,cooling_descaling_pump,1.2154,0.8172,53.3766,0.8943,0,,test
2025-11-24 01:00:00,BF.CW.PMP02,cooling_descaling_pump,1.1342,1.4856,52.9121,0.8638,0,,test
2025-11-24 02:00:00,BF.CW.PMP02,cooling_descaling_pump,1.1388,0.7391,53.6704,0.7893,0,,test
2025-11-24 03:00:00,BF.CW.PMP02,cooling_descaling_pump,1.1497,0.4016,54.5924,0.7973,0,,test
2025-11-24 04:00:00,BF.CW.PMP02,cooling_descaling_pump,1.1622,0.1536,53.8924,0.7076,0,,test
2025-11-24 05:00:00,BF.CW.PMP02,cooling_descaling_pump,1.1803,0.5603,54.4249,0.7618,0,,test
2025-11-24 06:00:00,BF.CW.PMP02,cooling_descaling_pump,1.1374,0.1926,53.7095,0.7313,0,,test
2025-11-24 07:00:00,BF.CW.PMP02,cooling_descaling_pump,1.2334,0.5897,54.6704,0.7608,0,,test
2025-11-24 08:00:00,BF.CW.PMP02,cooling_descaling_pump,1.1791,0.7841,55.5796,0.814,0,,test
2025-11-24 09:00:00,BF.CW.PMP02,cooling_descaling_pump,1.2066,0.8158,54.6547,0.9254,0,,test
2025-11-24 10:00:00,BF.CW.PMP02,cooling_descaling_pump,1.1529,0.6129,52.726,0.8841,0,,test
2025-11-24 11:00:00,BF.CW.PMP02,cooling_descaling_pump,1.2775,0.6771,53.2518,0.995,0,,test
2025-11-24 12:00:00,BF.CW.PMP02,cooling_descaling_pump,1.1098,0.63,51.8246,0.9836,0,,test
2025-11-24 13:00:00,BF.CW.PMP02,cooling_descaling_pump,1.1641,0.9975,50.9269,1.0049,0,,test
2025-11-24 14:00:00,BF.CW.PMP02,cooling_descaling_pump,1.2118,1.0882,51.3254,0.9748,0,,test
2025-11-24 15:00:00,BF.CW.PMP02,cooling_descaling_pump,1.3141,1.1267,49.7096,0.8468,0,,test
2025-11-24 16:00:00,BF.CW.PMP02,cooling_descaling_pump,1.4322,0.5652,49.9316,0.858,0,,test
2025-11-24 17:00:00,BF.CW.PMP02,cooling_descaling_pump,1.4731,1.3432,50.3692,0.8412,0,,test
2025-11-24 18:00:00,BF.CW.PMP02,cooling_descaling_pump,1.4523,0.9777,49.4069,0.8143,0,,test
2025-11-24 19:00:00,BF.CW.PMP02,cooling_descaling_pump,1.531,0.4106,51.5731,0.8633,0,,test
2025-11-24 20:00:00,BF.CW.PMP02,cooling_descaling_pump,1.474,0.2756,52.3611,0.8788,0,,test
2025-11-24 21:00:00,BF.CW.PMP02,cooling_descaling_pump,1.4725,0.9018,52.1307,0.8361,0,,test
2025-11-24 22:00:00,BF.CW.PMP02,cooling_descaling_pump,1.4444,1.2112,52.3613,0.8597,0,,test
2025-11-24 23:00:00,BF.CW.PMP02,cooling_descaling_pump,1.5078,1.5794,52.9791,0.8301,0,,test
2025-11-25 00:00:00,BF.CW.PMP02,cooling_descaling_pump,1.3666,2.0465,53.5423,0.9333,0,,test
2025-11-25 01:00:00,BF.CW.PMP02,cooling_descaling_pump,1.1536,1.849,53.226,0.9143,0,,test
2025-11-25 02:00:00,BF.CW.PMP02,cooling_descaling_pump,1.1466,1.2381,53.1939,0.8709,0,,test
2025-11-25 03:00:00,BF.CW.PMP02,cooling_descaling_pump,1.1141,0.983,53.0558,0.7829,0,,test
2025-11-25 04:00:00,BF.CW.PMP02,cooling_descaling_pump,1.1817,1.178,53.4085,0.7113,0,,test
2025-11-25 05:00:00,BF.CW.PMP02,cooling_descaling_pump,1.2497,1.0293,54.0896,0.6328,0,,test
2025-11-25 06:00:00,BF.CW.PMP02,cooling_descaling_pump,1.2648,0.9356,54.8123,0.6632,0,,test
2025-11-25 07:00:00,BF.CW.PMP02,cooling_descaling_pump,1.2963,0.9894,56.244,0.783,0,,test
2025-11-25 08:00:00,BF.CW.PMP02,cooling_descaling_pump,1.3892,0.4399,56.2136,0.7215,0,,test
2025-11-25 09:00:00,BF.CW.PMP02,cooling_descaling_pump,1.4187,0.5317,56.5915,0.7482,0,,test
2025-11-25 10:00:00,BF.CW.PMP02,cooling_descaling_pump,1.2602,0.4133,54.8579,0.6732,0,,test
2025-11-25 11:00:00,BF.CW.PMP02,cooling_descaling_pump,1.3408,-0.0406,54.1653,0.6965,0,,test
2025-11-25 12:00:00,BF.CW.PMP02,cooling_descaling_pump,1.4237,-0.2615,53.9576,0.7537,0,,test
2025-11-25 13:00:00,BF.CW.PMP02,cooling_descaling_pump,1.4169,0.2009,54.0871,0.7432,0,,test
2025-11-25 14:00:00,BF.CW.PMP02,cooling_descaling_pump,1.3848,-0.0281,54.8029,0.7614,0,,test
2025-11-25 15:00:00,BF.CW.PMP02,cooling_descaling_pump,1.302,-0.0208,52.8904,0.7058,0,,test
2025-11-25 16:00:00,BF.CW.PMP02,cooling_descaling_pump,1.4437,-0.1328,54.5866,0.797,0,,test
2025-11-25 17:00:00,BF.CW.PMP02,cooling_descaling_pump,1.4306,-0.2478,53.5925,0.8476,0,,test
2025-11-25 18:00:00,BF.CW.PMP02,cooling_descaling_pump,1.5856,0.1783,53.7177,0.7828,0,,test
2025-11-25 19:00:00,BF.CW.PMP02,cooling_descaling_pump,1.565,1.1976,52.4078,0.7423,0,,test
2025-11-25 20:00:00,BF.CW.PMP02,cooling_descaling_pump,1.5209,1.0999,52.4585,0.8244,0,,test
2025-11-25 21:00:00,BF.CW.PMP02,cooling_descaling_pump,1.6166,1.4295,53.3854,0.8751,0,,test
2025-11-25 22:00:00,BF.CW.PMP02,cooling_descaling_pump,1.6102,1.3353,53.5572,0.8937,0,,test
2025-11-25 23:00:00,BF.CW.PMP02,cooling_descaling_pump,1.7232,1.2959,54.5997,0.9639,0,,test
2025-11-26 00:00:00,BF.CW.PMP02,cooling_descaling_pump,1.6186,1.0431,56.2792,1.0275,0,,test
2025-11-26 01:00:00,BF.CW.PMP02,cooling_descaling_pump,1.5948,0.4455,57.9021,1.1242,0,,test
2025-11-26 02:00:00,BF.CW.PMP02,cooling_descaling_pump,1.6279,0.1559,58.4896,1.1139,0,,test
2025-11-26 03:00:00,BF.CW.PMP02,cooling_descaling_pump,1.6268,-0.143,58.9554,1.2138,0,,test
2025-11-26 04:00:00,BF.CW.PMP02,cooling_descaling_pump,1.5949,-0.4021,58.0415,1.046,0,,test
2025-11-26 05:00:00,BF.CW.PMP02,cooling_descaling_pump,1.5146,-0.7445,57.9635,1.0104,0,,test
2025-11-26 06:00:00,BF.CW.PMP02,cooling_descaling_pump,1.223,-0.7355,56.7693,0.993,0,,test
2025-11-26 07:00:00,BF.CW.PMP02,cooling_descaling_pump,1.2142,-0.914,55.05,0.8803,0,,test
2025-11-26 08:00:00,BF.CW.PMP02,cooling_descaling_pump,1.1417,-0.6701,55.4396,0.8425,0,,test
2025-11-26 09:00:00,BF.CW.PMP02,cooling_descaling_pump,1.1208,-0.6993,54.6678,0.8024,0,,test
2025-11-26 10:00:00,BF.CW.PMP02,cooling_descaling_pump,1.0567,-0.3768,54.0054,0.7906,0,,test
2025-11-26 11:00:00,BF.CW.PMP02,cooling_descaling_pump,1.1726,-0.6808,53.9166,0.7733,0,,test
2025-11-26 12:00:00,BF.CW.PMP02,cooling_descaling_pump,1.2743,-1.7371,54.0085,0.8139,0,,test
2025-11-26 13:00:00,BF.CW.PMP02,cooling_descaling_pump,1.1377,-1.5989,53.1688,0.8915,0,,test
2025-11-26 14:00:00,BF.CW.PMP02,cooling_descaling_pump,1.0608,-2.212,52.7357,0.841,0,,test
2025-11-26 15:00:00,BF.CW.PMP02,cooling_descaling_pump,1.0238,-2.282,53.4635,0.9625,0,,test
2025-11-26 16:00:00,BF.CW.PMP02,cooling_descaling_pump,0.858,-1.8256,51.9546,0.9958,0,,test
2025-11-26 17:00:00,BF.CW.PMP02,cooling_descaling_pump,0.7366,-0.7759,50.3589,1.026,0,,test
2025-11-26 18:00:00,BF.CW.PMP02,cooling_descaling_pump,0.7205,-0.7851,50.2074,1.0731,0,,test
2025-11-26 19:00:00,BF.CW.PMP02,cooling_descaling_pump,0.6637,-0.6548,47.9756,0.9544,0,,test
2025-11-26 20:00:00,BF.CW.PMP02,cooling_descaling_pump,0.7723,-0.589,48.009,1.0227,0,,test
2025-11-26 21:00:00,BF.CW.PMP02,cooling_descaling_pump,0.7665,0.2269,46.65,1.0027,0,,test
2025-11-26 22:00:00,BF.CW.PMP02,cooling_descaling_pump,0.7992,0.3001,47.2062,0.9009,0,,test
2025-11-26 23:00:00,BF.CW.PMP02,cooling_descaling_pump,0.9311,0.4775,47.1488,0.7995,0,,test
2025-11-27 00:00:00,BF.CW.PMP02,cooling_descaling_pump,0.8266,-0.122,46.7594,0.7918,0,,test
2025-11-27 01:00:00,BF.CW.PMP02,cooling_descaling_pump,0.7713,-0.0713,47.728,0.8559,0,,test
2025-11-27 02:00:00,BF.CW.PMP02,cooling_descaling_pump,0.8665,0.5612,47.1389,0.739,0,,test
2025-11-27 03:00:00,BF.CW.PMP02,cooling_descaling_pump,1.0976,0.5878,47.8642,0.7408,0,,test
2025-11-27 04:00:00,BF.CW.PMP02,cooling_descaling_pump,1.112,0.8585,48.0708,0.7499,0,,test
2025-11-27 05:00:00,BF.CW.PMP02,cooling_descaling_pump,1.0125,0.9382,49.0015,0.9012,0,,test
2025-11-27 06:00:00,BF.CW.PMP02,cooling_descaling_pump,0.9084,1.266,48.6522,0.9506,0,,test
2025-11-27 07:00:00,BF.CW.PMP02,cooling_descaling_pump,0.8773,1.1698,47.7793,0.8204,0,,test
2025-11-27 08:00:00,BF.CW.PMP02,cooling_descaling_pump,0.8498,1.2409,46.4025,0.8018,0,,test
2025-11-27 09:00:00,BF.CW.PMP02,cooling_descaling_pump,1.0092,1.1296,47.5848,0.7781,0,,test
2025-11-27 10:00:00,BF.CW.PMP02,cooling_descaling_pump,1.1052,1.1107,48.4913,0.8118,0,,test
2025-11-27 11:00:00,BF.CW.PMP02,cooling_descaling_pump,0.9835,0.7442,46.6068,0.7317,0,,test
2025-11-27 12:00:00,BF.CW.PMP02,cooling_descaling_pump,0.9926,0.6343,44.6197,0.6292,0,,test
2025-11-27 13:00:00,BF.CW.PMP02,cooling_descaling_pump,0.9348,0.6923,43.5501,0.7119,0,,test
2025-11-27 14:00:00,BF.CW.PMP02,cooling_descaling_pump,0.894,1.0731,44.3942,0.8298,0,,test
2025-11-27 15:00:00,BF.CW.PMP02,cooling_descaling_pump,0.9523,0.9685,46.4681,0.9045,0,,test
2025-11-27 16:00:00,BF.CW.PMP02,cooling_descaling_pump,0.9792,1.1554,45.8038,0.918,0,,test
2025-11-27 17:00:00,BF.CW.PMP02,cooling_descaling_pump,0.9155,0.849,45.5114,0.8807,0,,test
2025-11-27 18:00:00,BF.CW.PMP02,cooling_descaling_pump,1.0428,0.4506,46.2627,0.8614,0,,test
2025-11-27 19:00:00,BF.CW.PMP02,cooling_descaling_pump,0.9617,0.7308,44.9769,0.8554,0,,test
2025-11-27 20:00:00,BF.CW.PMP02,cooling_descaling_pump,0.9888,0.2142,44.1732,0.7547,0,,test
2025-11-27 21:00:00,BF.CW.PMP02,cooling_descaling_pump,1.1198,0.1527,45.9311,0.8094,0,,test
2025-11-27 22:00:00,BF.CW.PMP02,cooling_descaling_pump,1.1369,0.4683,46.3955,0.903,0,,test
2025-11-27 23:00:00,BF.CW.PMP02,cooling_descaling_pump,1.0993,0.6963,45.9373,0.8013,0,,test
2025-11-28 00:00:00,BF.CW.PMP02,cooling_descaling_pump,1.1664,0.5075,45.5856,0.6738,0,,test
2025-11-28 01:00:00,BF.CW.PMP02,cooling_descaling_pump,1.2531,0.5934,46.3468,0.5945,0,,test
2025-11-28 02:00:00,BF.CW.PMP02,cooling_descaling_pump,1.1375,0.5852,46.5002,0.6066,0,,test
2025-11-28 03:00:00,BF.CW.PMP02,cooling_descaling_pump,1.1031,0.7603,48.3879,0.7664,0,,test
2025-11-28 04:00:00,BF.CW.PMP02,cooling_descaling_pump,1.1535,0.383,49.4308,0.8018,0,,test
2025-11-28 05:00:00,BF.CW.PMP02,cooling_descaling_pump,1.1502,0.2822,50.9939,0.7903,0,,test
2025-11-28 06:00:00,BF.CW.PMP02,cooling_descaling_pump,1.2579,0.3402,51.0573,0.8057,0,,test
2025-11-28 07:00:00,BF.CW.PMP02,cooling_descaling_pump,1.3529,0.6354,52.1372,0.8611,0,,test
2025-11-28 08:00:00,BF.CW.PMP02,cooling_descaling_pump,1.4739,0.6074,53.9061,0.9405,0,,test
2025-11-28 09:00:00,BF.CW.PMP02,cooling_descaling_pump,1.3988,0.4075,52.7984,0.8434,0,,test
2025-11-28 10:00:00,BF.CW.PMP02,cooling_descaling_pump,1.4689,-0.426,51.6965,0.7471,0,,test
2025-11-28 11:00:00,BF.CW.PMP02,cooling_descaling_pump,1.4012,-0.3191,51.1868,0.7846,0,,test
2025-11-28 12:00:00,BF.CW.PMP02,cooling_descaling_pump,1.3887,0.393,52.1367,0.85,0,,test
2025-11-28 13:00:00,BF.CW.PMP02,cooling_descaling_pump,1.338,0.2757,52.5234,1.0458,0,,test
2025-11-28 14:00:00,BF.CW.PMP02,cooling_descaling_pump,1.3086,0.8795,52.0141,0.9647,0,,test
2025-11-28 15:00:00,BF.CW.PMP02,cooling_descaling_pump,1.2796,0.7134,51.8533,0.9796,0,,test
2025-11-28 16:00:00,BF.CW.PMP02,cooling_descaling_pump,1.1593,0.0562,52.3537,1.0489,0,,test
2025-11-28 17:00:00,BF.CW.PMP02,cooling_descaling_pump,1.0843,-0.1125,50.762,1.0592,0,,test
2025-11-28 18:00:00,BF.CW.PMP02,cooling_descaling_pump,1.1837,-0.3382,50.0528,0.9887,0,,test
2025-11-28 19:00:00,BF.CW.PMP02,cooling_descaling_pump,1.1612,-0.4885,51.3092,1.035,0,,test
2025-11-28 20:00:00,BF.CW.PMP02,cooling_descaling_pump,1.2196,-0.6321,52.3927,1.0356,0,,test
2025-11-28 21:00:00,BF.CW.PMP02,cooling_descaling_pump,1.3928,-0.2837,54.0304,1.0606,0,,test
2025-11-28 22:00:00,BF.CW.PMP02,cooling_descaling_pump,1.3622,0.3065,54.6664,1.1154,0,,test
2025-11-28 23:00:00,BF.CW.PMP02,cooling_descaling_pump,1.2536,0.6208,54.3672,1.1402,0,,test
2025-11-29 00:00:00,BF.CW.PMP02,cooling_descaling_pump,1.3366,1.1814,54.6115,1.166,0,,test
2025-11-29 01:00:00,BF.CW.PMP02,cooling_descaling_pump,1.1887,0.5892,55.3627,1.2785,0,,test
2025-11-29 02:00:00,BF.CW.PMP02,cooling_descaling_pump,,0.8661,,1.3031,0,,test
2025-11-29 03:00:00,BF.CW.PMP02,cooling_descaling_pump,1.2358,1.3099,54.6306,1.1883,0,,test
2025-11-29 04:00:00,BF.CW.PMP02,cooling_descaling_pump,1.1176,0.9379,53.612,1.1277,0,,test
2025-11-29 05:00:00,BF.CW.PMP02,cooling_descaling_pump,0.9951,1.0116,53.2835,1.1293,0,,test
2025-11-29 06:00:00,BF.CW.PMP02,cooling_descaling_pump,0.9225,1.5433,53.6661,1.1597,0,,test
2025-11-29 07:00:00,BF.CW.PMP02,cooling_descaling_pump,0.9841,1.6406,53.7302,1.1098,0,,test
2025-11-29 08:00:00,BF.CW.PMP02,cooling_descaling_pump,1.0641,1.3806,53.9664,1.1932,0,,test
2025-11-29 09:00:00,BF.CW.PMP02,cooling_descaling_pump,1.1545,1.3899,53.9857,1.216,0,,test
2025-11-29 10:00:00,BF.CW.PMP02,cooling_descaling_pump,1.1015,1.5263,55.4731,1.3482,0,,test
2025-11-29 11:00:00,BF.CW.PMP02,cooling_descaling_pump,1.1473,1.5967,55.867,1.4004,0,,test
2025-11-29 12:00:00,BF.CW.PMP02,cooling_descaling_pump,1.1564,1.7652,56.8575,1.4858,0,,test
2025-11-29 13:00:00,BF.CW.PMP02,cooling_descaling_pump,1.1603,1.5395,56.4447,1.4302,0,,test
2025-11-29 14:00:00,BF.CW.PMP02,cooling_descaling_pump,1.4385,1.7583,55.9086,1.3272,0,,test
2025-11-29 15:00:00,BF.CW.PMP02,cooling_descaling_pump,1.7734,1.7685,55.8935,1.3647,0,,test
2025-11-29 16:00:00,BF.CW.PMP02,cooling_descaling_pump,1.9063,2.3951,54.9908,1.4178,0,,test
2025-11-29 17:00:00,BF.CW.PMP02,cooling_descaling_pump,1.5263,2.4721,54.2281,1.4758,0,,test
2025-11-29 18:00:00,BF.CW.PMP02,cooling_descaling_pump,0.9943,2.5208,53.3911,1.3685,0,,test
2025-11-29 19:00:00,BF.CW.PMP02,cooling_descaling_pump,0.7064,1.8845,52.3122,1.2988,0,,test
2025-11-29 20:00:00,BF.CW.PMP02,cooling_descaling_pump,0.6751,1.4233,51.5755,1.2582,0,,test
2025-11-29 21:00:00,BF.CW.PMP02,cooling_descaling_pump,0.8209,1.2766,53.0007,1.3714,0,,test
2025-11-29 22:00:00,BF.CW.PMP02,cooling_descaling_pump,0.9245,1.6188,53.7984,1.3516,0,,test
2025-11-29 23:00:00,BF.CW.PMP02,cooling_descaling_pump,0.9802,1.7682,54.2146,1.3376,0,,test
2025-11-30 00:00:00,BF.CW.PMP02,cooling_descaling_pump,1.0141,1.6396,55.3488,1.3563,0,,test
2025-11-30 01:00:00,BF.CW.PMP02,cooling_descaling_pump,1.0824,1.1102,56.8999,1.3712,0,,test
2025-11-30 02:00:00,BF.CW.PMP02,cooling_descaling_pump,0.9376,0.5263,56.2009,1.2408,0,,test
2025-11-30 03:00:00,BF.CW.PMP02,cooling_descaling_pump,0.859,-0.0395,55.8219,1.1262,0,,test
2025-11-30 04:00:00,BF.CW.PMP02,cooling_descaling_pump,0.7699,-0.3155,54.0917,1.017,0,,test
2025-11-30 05:00:00,BF.CW.PMP02,cooling_descaling_pump,0.7255,-0.4889,53.2214,1.0004,0,,test
2025-11-30 06:00:00,BF.CW.PMP02,cooling_descaling_pump,0.718,-0.4536,52.1817,0.9864,0,,test
2025-11-30 07:00:00,BF.CW.PMP02,cooling_descaling_pump,0.6728,-0.5371,52.5015,1.0802,0,,test
2025-11-30 08:00:00,BF.CW.PMP02,cooling_descaling_pump,0.8427,-0.0416,53.5547,0.9724,0,,test
2025-11-30 09:00:00,BF.CW.PMP02,cooling_descaling_pump,0.886,0.4581,54.0673,1.0029,0,,test
2025-11-30 10:00:00,BF.CW.PMP02,cooling_descaling_pump,1.0455,1.1103,54.2756,0.9152,0,,test
2025-11-30 11:00:00,BF.CW.PMP02,cooling_descaling_pump,0.9837,1.4317,53.0409,0.9009,0,,test
2025-11-30 12:00:00,BF.CW.PMP02,cooling_descaling_pump,1.0476,0.9406,53.5039,0.9397,0,,test
2025-11-30 13:00:00,BF.CW.PMP02,cooling_descaling_pump,0.9725,0.565,52.3123,0.8981,0,,test
2025-11-30 14:00:00,BF.CW.PMP02,cooling_descaling_pump,0.9951,0.6277,50.9615,0.8386,0,,test
2025-11-30 15:00:00,BF.CW.PMP02,cooling_descaling_pump,0.9865,0.613,51.0322,0.8737,0,,test
2025-11-30 16:00:00,BF.CW.PMP02,cooling_descaling_pump,0.9025,0.6479,50.471,0.8614,0,,test
2025-11-30 17:00:00,BF.CW.PMP02,cooling_descaling_pump,0.7153,0.2986,48.0032,0.7878,0,,test
2025-11-30 18:00:00,BF.CW.PMP02,cooling_descaling_pump,0.6322,0.8787,48.2092,0.9217,0,,test
2025-11-30 19:00:00,BF.CW.PMP02,cooling_descaling_pump,0.7032,0.2664,48.1185,0.9871,0,,test
2025-11-30 20:00:00,BF.CW.PMP02,cooling_descaling_pump,0.6572,-0.3551,47.4447,0.9201,0,,test
2025-11-30 21:00:00,BF.CW.PMP02,cooling_descaling_pump,1.0032,-0.9551,50.3554,1.0512,0,,test
2025-11-30 22:00:00,BF.CW.PMP02,cooling_descaling_pump,0.8959,-0.7541,50.9524,1.1037,0,,test
2025-11-30 23:00:00,BF.CW.PMP02,cooling_descaling_pump,0.9119,-0.6866,52.057,1.1753,0,,test
2025-12-01 00:00:00,BF.CW.PMP02,cooling_descaling_pump,1.0418,-1.0466,53.9885,1.1763,0,,test
2025-12-01 01:00:00,BF.CW.PMP02,cooling_descaling_pump,1.1426,-1.3332,55.677,1.1259,0,,test
2025-12-01 02:00:00,BF.CW.PMP02,cooling_descaling_pump,1.1296,-1.2962,56.2731,1.1575,0,,test
2025-12-01 03:00:00,BF.CW.PMP02,cooling_descaling_pump,1.2553,-0.6525,57.814,1.2679,0,,test
2025-12-01 04:00:00,BF.CW.PMP02,cooling_descaling_pump,1.3993,-0.9714,59.885,1.3484,0,,test
2025-12-01 05:00:00,BF.CW.PMP02,cooling_descaling_pump,1.3568,-1.4071,59.4781,1.3573,0,,test
2025-12-01 06:00:00,BF.CW.PMP02,cooling_descaling_pump,1.3323,-1.5627,58.9704,1.332,0,,test
2025-12-01 07:00:00,BF.CW.PMP02,cooling_descaling_pump,1.4096,-0.3743,57.999,1.2192,0,,test
2025-12-01 08:00:00,BF.CW.PMP02,cooling_descaling_pump,1.3754,-1.2731,57.0951,1.1494,0,,test
2025-12-01 09:00:00,BF.CW.PMP02,cooling_descaling_pump,1.3493,-1.4701,57.3367,1.1212,0,,test
2025-12-01 10:00:00,BF.CW.PMP02,cooling_descaling_pump,1.3177,-1.207,56.5966,1.1842,0,,test
2025-12-01 11:00:00,BF.CW.PMP02,cooling_descaling_pump,1.3695,-1.2275,57.251,1.2052,0,,test
2025-12-01 12:00:00,BF.CW.PMP02,cooling_descaling_pump,1.1594,-0.793,54.4435,1.1708,0,,test
2025-12-01 13:00:00,BF.CW.PMP02,cooling_descaling_pump,1.2947,-0.7913,55.9619,1.2038,0,,test
2025-12-01 14:00:00,BF.CW.PMP02,cooling_descaling_pump,1.238,-0.8275,55.6862,1.1631,0,,test
2025-12-01 15:00:00,BF.CW.PMP02,cooling_descaling_pump,1.1162,-0.9639,54.1005,1.1622,0,,test
2025-12-01 16:00:00,BF.CW.PMP02,cooling_descaling_pump,1.1665,-0.2867,54.9732,1.1495,0,,test
2025-12-01 17:00:00,BF.CW.PMP02,cooling_descaling_pump,1.1867,-0.0082,54.7133,1.1236,0,,test
2025-12-01 18:00:00,BF.CW.PMP02,cooling_descaling_pump,1.1527,0.3379,55.6079,1.2155,0,,test
2025-12-01 19:00:00,BF.CW.PMP02,cooling_descaling_pump,1.0838,0.6353,54.0593,1.0905,0,,test
2025-12-01 20:00:00,BF.CW.PMP02,cooling_descaling_pump,1.0934,0.3662,53.8874,1.0082,0,,test
2025-12-01 21:00:00,BF.CW.PMP02,cooling_descaling_pump,1.1587,0.6898,54.5768,1.0089,0,,test
2025-12-01 22:00:00,BF.CW.PMP02,cooling_descaling_pump,1.0456,0.155,52.4261,0.9858,0,,test
2025-12-01 23:00:00,BF.CW.PMP02,cooling_descaling_pump,1.0893,-0.1809,53.5128,0.9373,0,,test
2025-12-02 00:00:00,BF.CW.PMP02,cooling_descaling_pump,1.0185,-0.0828,52.9687,0.8375,0,,test
2025-12-02 01:00:00,BF.CW.PMP02,cooling_descaling_pump,0.8941,-0.8,51.8623,0.7824,0,,test
2025-12-02 02:00:00,BF.CW.PMP02,cooling_descaling_pump,0.8437,-0.5304,52.3371,0.8254,0,,test
2025-12-02 03:00:00,BF.CW.PMP02,cooling_descaling_pump,0.9179,-0.126,53.1317,0.835,0,,test
2025-12-02 04:00:00,BF.CW.PMP02,cooling_descaling_pump,0.9069,0.2972,53.6742,0.9297,0,,test
2025-12-02 05:00:00,BF.CW.PMP02,cooling_descaling_pump,0.9762,0.3939,54.772,1.0229,0,,test
2025-12-02 06:00:00,BF.CW.PMP02,cooling_descaling_pump,0.9863,-0.2184,53.8527,1.0027,0,,test
2025-12-02 07:00:00,BF.CW.PMP02,cooling_descaling_pump,0.8119,-0.526,52.568,1.0645,0,,test
2025-12-02 08:00:00,BF.CW.PMP02,cooling_descaling_pump,0.9632,-0.8391,53.5787,1.0914,0,,test
2025-12-02 09:00:00,BF.CW.PMP02,cooling_descaling_pump,0.7716,0.8588,51.3206,1.0766,0,,test
2025-12-02 10:00:00,BF.CW.PMP02,cooling_descaling_pump,0.8715,3.1023,51.5696,1.0832,0,,test
2025-12-02 11:00:00,BF.CW.PMP02,cooling_descaling_pump,1.0411,0.9259,51.6868,1.1456,0,,test
2025-12-02 12:00:00,BF.CW.PMP02,cooling_descaling_pump,0.9723,-1.1134,53.0913,1.2722,0,,test
2025-12-02 13:00:00,BF.CW.PMP02,cooling_descaling_pump,0.9183,-0.9783,52.9043,1.3867,0,,test
2025-12-02 14:00:00,BF.CW.PMP02,cooling_descaling_pump,1.0546,-0.8595,52.8405,1.2768,0,,test
2025-12-02 15:00:00,BF.CW.PMP02,cooling_descaling_pump,1.1393,-0.647,52.7762,1.1566,0,,test
2025-12-02 16:00:00,BF.CW.PMP02,cooling_descaling_pump,1.076,-1.248,52.1583,1.1012,0,,test
2025-12-02 17:00:00,BF.CW.PMP02,cooling_descaling_pump,1.0495,-0.8894,52.8709,1.1245,0,,test
2025-12-02 18:00:00,BF.CW.PMP02,cooling_descaling_pump,0.9399,-0.6931,52.6923,1.1429,0,,test
2025-12-02 19:00:00,BF.CW.PMP02,cooling_descaling_pump,0.9644,-0.6776,53.3834,1.263,0,BF.CW.PMP02::E07,test
2025-12-02 20:00:00,BF.CW.PMP02,cooling_descaling_pump,1.0536,-0.0581,53.1172,1.1244,0,BF.CW.PMP02::E07,test
2025-12-02 21:00:00,BF.CW.PMP02,cooling_descaling_pump,1.1546,-0.1168,54.6891,1.1079,0,BF.CW.PMP02::E07,test
2025-12-02 22:00:00,BF.CW.PMP02,cooling_descaling_pump,1.252,-0.3049,56.8228,1.109,0,BF.CW.PMP02::E07,test
2025-12-02 23:00:00,BF.CW.PMP02,cooling_descaling_pump,1.3199,-0.1658,57.4769,1.0612,0,BF.CW.PMP02::E07,test
2025-12-03 00:00:00,BF.CW.PMP02,cooling_descaling_pump,1.2715,-0.8203,56.7098,1.0365,0,BF.CW.PMP02::E07,test
2025-12-03 01:00:00,BF.CW.PMP02,cooling_descaling_pump,1.3804,-0.741,57.734,1.0224,0,BF.CW.PMP02::E07,test
2025-12-03 02:00:00,BF.CW.PMP02,cooling_descaling_pump,1.3141,-0.4471,58.5825,1.0833,0,BF.CW.PMP02::E07,test
2025-12-03 03:00:00,BF.CW.PMP02,cooling_descaling_pump,1.2608,-0.4399,58.2973,1.1362,0,BF.CW.PMP02::E07,test
2025-12-03 04:00:00,BF.CW.PMP02,cooling_descaling_pump,1.3162,0.7321,59.7855,1.2199,0,BF.CW.PMP02::E07,test
2025-12-03 05:00:00,BF.CW.PMP02,cooling_descaling_pump,1.2081,0.4779,58.1819,1.1921,0,BF.CW.PMP02::E07,test
2025-12-03 06:00:00,BF.CW.PMP02,cooling_descaling_pump,1.3684,0.0111,61.1689,1.2236,0,BF.CW.PMP02::E07,test
2025-12-03 07:00:00,BF.CW.PMP02,cooling_descaling_pump,1.3914,0.338,63.029,1.4019,0,BF.CW.PMP02::E07,test
2025-12-03 08:00:00,BF.CW.PMP02,cooling_descaling_pump,1.5066,0.0676,62.8871,1.3918,0,BF.CW.PMP02::E07,test
2025-12-03 09:00:00,BF.CW.PMP02,cooling_descaling_pump,1.5336,0.2613,62.5768,1.3755,0,BF.CW.PMP02::E07,test
2025-12-03 10:00:00,BF.CW.PMP02,cooling_descaling_pump,1.6376,0.3503,62.3036,1.2803,0,BF.CW.PMP02::E07,test
2025-12-03 11:00:00,BF.CW.PMP02,cooling_descaling_pump,1.7271,0.0036,62.5531,1.2123,0,BF.CW.PMP02::E07,test
2025-12-03 12:00:00,BF.CW.PMP02,cooling_descaling_pump,1.9049,-0.9202,62.0066,1.1326,0,BF.CW.PMP02::E07,test
2025-12-03 13:00:00,BF.CW.PMP02,cooling_descaling_pump,1.7833,-0.9405,60.4023,1.1327,0,BF.CW.PMP02::E07,test
2025-12-03 14:00:00,BF.CW.PMP02,cooling_descaling_pump,1.7727,-0.9889,62.2543,1.2088,0,BF.CW.PMP02::E07,test
2025-12-03 15:00:00,BF.CW.PMP02,cooling_descaling_pump,1.8172,-0.6168,61.0944,1.1241,0,BF.CW.PMP02::E07,test
2025-12-03 16:00:00,BF.CW.PMP02,cooling_descaling_pump,2.0088,-1.1249,62.472,1.062,0,BF.CW.PMP02::E07,test
2025-12-03 17:00:00,BF.CW.PMP02,cooling_descaling_pump,1.8602,-0.1441,62.268,1.0668,0,BF.CW.PMP02::E07,test
2025-12-03 18:00:00,BF.CW.PMP02,cooling_descaling_pump,1.8106,-0.7535,63.5861,1.0304,0,BF.CW.PMP02::E07,test
2025-12-03 19:00:00,BF.CW.PMP02,cooling_descaling_pump,1.8457,0.0897,63.7985,0.928,0,BF.CW.PMP02::E07,test
2025-12-03 20:00:00,BF.CW.PMP02,cooling_descaling_pump,1.894,0.674,64.4234,0.9168,0,BF.CW.PMP02::E07,test
2025-12-03 21:00:00,BF.CW.PMP02,cooling_descaling_pump,1.9551,0.7833,65.9645,0.9024,0,BF.CW.PMP02::E07,test
2025-12-03 22:00:00,BF.CW.PMP02,cooling_descaling_pump,1.8643,0.8378,65.0276,0.8629,0,BF.CW.PMP02::E07,test
2025-12-03 23:00:00,BF.CW.PMP02,cooling_descaling_pump,1.9714,0.3853,65.2706,0.848,0,BF.CW.PMP02::E07,test
2025-12-04 00:00:00,BF.CW.PMP02,cooling_descaling_pump,1.8911,-0.3312,66.2882,0.8756,0,BF.CW.PMP02::E07,test
2025-12-04 01:00:00,BF.CW.PMP02,cooling_descaling_pump,1.9827,-0.1638,66.4803,0.7824,0,BF.CW.PMP02::E07,test
2025-12-04 02:00:00,BF.CW.PMP02,cooling_descaling_pump,2.0578,0.1576,67.1831,0.7351,0,BF.CW.PMP02::E07,test
2025-12-04 03:00:00,BF.CW.PMP02,cooling_descaling_pump,1.9295,-0.0292,66.7538,0.7633,0,BF.CW.PMP02::E07,test
2025-12-04 04:00:00,BF.CW.PMP02,cooling_descaling_pump,1.944,-0.6447,68.0092,0.7932,0,BF.CW.PMP02::E07,test
2025-12-04 05:00:00,BF.CW.PMP02,cooling_descaling_pump,2.0192,-0.4332,68.6176,0.7656,0,BF.CW.PMP02::E07,test
2025-12-04 06:00:00,BF.CW.PMP02,cooling_descaling_pump,2.0588,-0.8171,69.426,0.8073,0,BF.CW.PMP02::E07,test
2025-12-04 07:00:00,BF.CW.PMP02,cooling_descaling_pump,2.0607,-0.4766,70.3473,0.8439,0,BF.CW.PMP02::E07,test
2025-12-04 08:00:00,BF.CW.PMP02,cooling_descaling_pump,2.0697,-0.8351,72.2935,0.9199,0,BF.CW.PMP02::E07,test
2025-12-04 09:00:00,BF.CW.PMP02,cooling_descaling_pump,2.1633,-0.4209,72.0646,0.8,0,BF.CW.PMP02::E07,test
2025-12-04 10:00:00,BF.CW.PMP02,cooling_descaling_pump,2.0345,0.138,88.4646,0.7811,0,BF.CW.PMP02::E07,test
2025-12-04 11:00:00,BF.CW.PMP02,cooling_descaling_pump,2.0037,0.1789,106.7914,0.9113,0,BF.CW.PMP02::E07,test
2025-12-04 12:00:00,BF.CW.PMP02,cooling_descaling_pump,2.1047,0.0846,89.6505,0.9865,0,BF.CW.PMP02::E07,test
2025-12-04 13:00:00,BF.CW.PMP02,cooling_descaling_pump,2.0447,-0.0995,71.7637,0.9591,0,BF.CW.PMP02::E07,test
2025-12-04 14:00:00,BF.CW.PMP02,cooling_descaling_pump,2.0857,-0.3674,71.0672,0.9816,0,BF.CW.PMP02::E07,test
2025-12-04 15:00:00,BF.CW.PMP02,cooling_descaling_pump,2.1206,-0.6622,70.8205,0.9721,0,BF.CW.PMP02::E07,test
2025-12-04 16:00:00,BF.CW.PMP02,cooling_descaling_pump,2.153,-0.8599,69.9291,0.9003,1,BF.CW.PMP02::E07,test
2025-12-04 17:00:00,BF.CW.PMP02,cooling_descaling_pump,2.1204,-0.0109,71.608,0.9079,0,BF.CW.PMP02::E07,test
2025-12-04 18:00:00,BF.CW.PMP02,cooling_descaling_pump,2.0561,0.1771,69.6411,0.8449,0,BF.CW.PMP02::E07,test
2025-12-04 19:00:00,BF.CW.PMP02,cooling_descaling_pump,2.0733,-0.296,70.0833,0.8674,0,BF.CW.PMP02::E07,test
2025-12-04 20:00:00,BF.CW.PMP02,cooling_descaling_pump,2.0622,-0.1013,70.6637,0.8856,0,BF.CW.PMP02::E07,test
2025-12-04 21:00:00,BF.CW.PMP02,cooling_descaling_pump,2.2408,0.1811,70.8943,0.7907,0,BF.CW.PMP02::E07,test
2025-12-04 22:00:00,BF.CW.PMP02,cooling_descaling_pump,2.4303,-0.1849,72.4787,0.8513,0,BF.CW.PMP02::E07,test
2025-12-04 23:00:00,BF.CW.PMP02,cooling_descaling_pump,2.5328,-0.1461,75.748,0.8822,0,BF.CW.PMP02::E07,test
2025-12-05 00:00:00,BF.CW.PMP02,cooling_descaling_pump,2.474,-0.3464,76.6308,0.9526,0,BF.CW.PMP02::E07,test
2025-12-05 01:00:00,BF.CW.PMP02,cooling_descaling_pump,2.4792,0.0079,78.0708,0.9959,0,BF.CW.PMP02::E07,test
2025-12-05 02:00:00,BF.CW.PMP02,cooling_descaling_pump,2.5472,1.1518,79.6095,0.994,0,BF.CW.PMP02::E07,test
2025-12-05 03:00:00,BF.CW.PMP02,cooling_descaling_pump,2.4955,1.7602,79.9621,1.1112,0,BF.CW.PMP02::E07,test
2025-12-05 04:00:00,BF.CW.PMP02,cooling_descaling_pump,2.583,3.2088,81.2031,1.1233,1,BF.CW.PMP02::E07,test
2025-12-05 05:00:00,BF.CW.PMP02,cooling_descaling_pump,2.6025,3.652,81.2022,1.1363,0,BF.CW.PMP02::E07,test
2025-12-05 06:00:00,BF.CW.PMP02,cooling_descaling_pump,2.5002,4.9591,80.1667,1.061,0,BF.CW.PMP02::E07,test
2025-12-05 07:00:00,BF.CW.PMP02,cooling_descaling_pump,2.5912,5.9424,80.0171,1.0088,1,BF.CW.PMP02::E07,test
2025-12-05 08:00:00,BF.CW.PMP02,cooling_descaling_pump,2.4924,6.4387,79.7955,1.0798,1,BF.CW.PMP02::E07,test
2025-12-05 09:00:00,BF.CW.PMP02,cooling_descaling_pump,2.5124,6.5996,80.2697,1.1606,1,BF.CW.PMP02::E07,test
2025-12-05 10:00:00,BF.CW.PMP02,cooling_descaling_pump,2.5782,5.6273,80.1447,1.0787,1,BF.CW.PMP02::E07,test
2025-12-05 11:00:00,BF.CW.PMP02,cooling_descaling_pump,2.6607,3.6695,81.2519,1.135,1,BF.CW.PMP02::E07,test
2025-12-05 12:00:00,BF.CW.PMP02,cooling_descaling_pump,2.7581,1.8935,80.2519,1.0253,0,BF.CW.PMP02::E07,test
2025-12-05 13:00:00,BF.CW.PMP02,cooling_descaling_pump,2.8187,1.1883,79.1382,0.852,0,BF.CW.PMP02::E07,test
2025-12-05 14:00:00,BF.CW.PMP02,cooling_descaling_pump,2.883,1.1949,79.4219,0.8449,1,BF.CW.PMP02::E07,test
2025-12-05 15:00:00,BF.CW.PMP02,cooling_descaling_pump,2.9993,1.627,79.2489,0.8801,1,BF.CW.PMP02::E07,test
2025-12-05 16:00:00,BF.CW.PMP02,cooling_descaling_pump,3.1768,0.7718,80.9184,0.8985,1,BF.CW.PMP02::E07,test
2025-12-05 17:00:00,BF.CW.PMP02,cooling_descaling_pump,3.2468,0.4976,81.6193,0.8412,1,BF.CW.PMP02::E07,test
2025-12-05 18:00:00,BF.CW.PMP02,cooling_descaling_pump,3.2354,0.5636,78.9859,0.6773,1,BF.CW.PMP02::E07,test
2025-12-05 19:00:00,BF.CW.PMP02,cooling_descaling_pump,3.2241,1.1767,78.778,0.64,1,BF.CW.PMP02::E07,test
2025-12-05 20:00:00,BF.CW.PMP02,cooling_descaling_pump,3.4177,1.3786,78.6004,0.5991,1,BF.CW.PMP02::E07,test
2025-12-05 21:00:00,BF.CW.PMP02,cooling_descaling_pump,3.4487,1.0958,79.1194,0.6471,1,BF.CW.PMP02::E07,test
2025-12-05 22:00:00,BF.CW.PMP02,cooling_descaling_pump,3.3514,1.5228,79.8706,0.7281,1,BF.CW.PMP02::E07,test
2025-12-05 23:00:00,BF.CW.PMP02,cooling_descaling_pump,3.5253,2.0411,79.8646,0.7525,1,BF.CW.PMP02::E07,test
2025-12-06 00:00:00,BF.CW.PMP02,cooling_descaling_pump,3.61,1.2763,80.5704,0.7454,1,BF.CW.PMP02::E07,test
2025-12-06 01:00:00,BF.CW.PMP02,cooling_descaling_pump,3.6999,0.7734,82.0522,0.8184,1,BF.CW.PMP02::E07,test
2025-12-06 02:00:00,BF.CW.PMP02,cooling_descaling_pump,3.7849,0.6733,85.5916,0.9928,1,BF.CW.PMP02::E07,test
2025-12-06 03:00:00,BF.CW.PMP02,cooling_descaling_pump,3.7946,0.7401,87.2039,1.0743,1,BF.CW.PMP02::E07,test
2025-12-06 04:00:00,BF.CW.PMP02,cooling_descaling_pump,3.879,2.0317,87.1236,1.0093,1,BF.CW.PMP02::E07,test
2025-12-06 05:00:00,BF.CW.PMP02,cooling_descaling_pump,3.8861,4.5704,87.8319,1.0144,1,BF.CW.PMP02::E07,test
2025-12-06 06:00:00,BF.CW.PMP02,cooling_descaling_pump,3.9825,7.6187,86.5107,0.8746,1,BF.CW.PMP02::E07,test
2025-12-06 07:00:00,BF.CW.PMP02,cooling_descaling_pump,3.9172,7.5537,86.9938,0.9968,1,BF.CW.PMP02::E07,test
2025-12-06 08:00:00,BF.CW.PMP02,cooling_descaling_pump,3.9854,5.3131,87.7273,0.9923,1,BF.CW.PMP02::E07,test
2025-12-06 09:00:00,BF.CW.PMP02,cooling_descaling_pump,3.8872,2.3806,87.0885,1.0899,1,BF.CW.PMP02::E07,test
2025-12-06 10:00:00,BF.CW.PMP02,cooling_descaling_pump,3.9871,1.6917,87.4151,1.0398,1,BF.CW.PMP02::E07,test
2025-12-06 11:00:00,BF.CW.PMP02,cooling_descaling_pump,4.2066,1.765,88.2181,1.0816,1,BF.CW.PMP02::E07,test
2025-12-06 12:00:00,BF.CW.PMP02,cooling_descaling_pump,4.1829,1.8564,87.7692,1.1198,1,BF.CW.PMP02::E07,test
2025-12-06 13:00:00,BF.CW.PMP02,cooling_descaling_pump,4.4253,1.7656,87.3528,1.0646,1,BF.CW.PMP02::E07,test
2025-12-06 14:00:00,BF.CW.PMP02,cooling_descaling_pump,4.6571,1.9589,90.0407,1.0962,2,BF.CW.PMP02::E07,test
2025-12-06 15:00:00,BF.CW.PMP02,cooling_descaling_pump,4.825,0.9943,91.7159,1.0397,2,BF.CW.PMP02::E07,test
2025-12-06 16:00:00,BF.CW.PMP02,cooling_descaling_pump,4.8611,0.5441,92.1594,1.0508,1,BF.CW.PMP02::E07,test
2025-12-06 17:00:00,BF.CW.PMP02,cooling_descaling_pump,4.9993,0.957,92.2955,0.9965,2,BF.CW.PMP02::E07,test
2025-12-06 18:00:00,BF.CW.PMP02,cooling_descaling_pump,4.9403,0.2483,92.949,1.0383,1,BF.CW.PMP02::E07,test
2025-12-06 19:00:00,BF.CW.PMP02,cooling_descaling_pump,4.8487,0.5485,94.0527,1.171,2,BF.CW.PMP02::E07,test
2025-12-06 20:00:00,BF.CW.PMP02,cooling_descaling_pump,5.0092,0.6172,93.3108,1.1163,1,BF.CW.PMP02::E07,test
2025-12-06 21:00:00,BF.CW.PMP02,cooling_descaling_pump,4.9973,-0.15,92.9475,1.0384,2,BF.CW.PMP02::E07,test
2025-12-06 22:00:00,BF.CW.PMP02,cooling_descaling_pump,5.2238,0.387,95.9743,1.1244,1,BF.CW.PMP02::E07,test
2025-12-06 23:00:00,BF.CW.PMP02,cooling_descaling_pump,5.3434,0.3909,96.6834,1.0835,2,BF.CW.PMP02::E07,test
2025-12-07 00:00:00,BF.CW.PMP02,cooling_descaling_pump,5.3638,0.2067,97.8526,1.1642,1,BF.CW.PMP02::E07,test
2025-12-07 01:00:00,BF.CW.PMP02,cooling_descaling_pump,5.5346,0.4492,99.3704,1.1822,2,BF.CW.PMP02::E07,test
2025-12-07 02:00:00,BF.CW.PMP02,cooling_descaling_pump,5.3887,0.3424,99.2306,1.1268,2,BF.CW.PMP02::E07,test
2025-12-07 03:00:00,BF.CW.PMP02,cooling_descaling_pump,5.4693,0.5576,99.9945,1.1643,2,BF.CW.PMP02::E07,test
2025-12-07 04:00:00,BF.CW.PMP02,cooling_descaling_pump,5.6129,0.265,98.7171,0.9454,2,BF.CW.PMP02::E07,test
2025-12-07 05:00:00,BF.CW.PMP02,cooling_descaling_pump,5.8082,0.051,99.4869,0.98,2,BF.CW.PMP02::E07,test
2025-12-07 06:00:00,BF.CW.PMP02,cooling_descaling_pump,1.5144,-0.6297,56.4361,1.0076,0,,test
2025-12-07 07:00:00,BF.CW.PMP02,cooling_descaling_pump,1.5704,-0.3772,57.2384,0.982,0,,test
2025-12-07 08:00:00,BF.CW.PMP02,cooling_descaling_pump,1.6453,-0.1051,58.0867,0.9448,0,,test
2025-12-07 09:00:00,BF.CW.PMP02,cooling_descaling_pump,1.7135,0.2353,57.8356,0.9259,0,,test
2025-12-07 10:00:00,BF.CW.PMP02,cooling_descaling_pump,1.724,0.1726,56.6645,0.8281,0,,test
2025-12-07 11:00:00,BF.CW.PMP02,cooling_descaling_pump,1.6701,0.2612,55.8749,0.8831,0,,test
2025-12-07 12:00:00,BF.CW.PMP02,cooling_descaling_pump,1.4467,0.6269,54.3567,0.8798,0,,test
2025-12-07 13:00:00,BF.CW.PMP02,cooling_descaling_pump,1.3891,0.4768,53.8103,0.9225,0,,test
2025-12-07 14:00:00,BF.CW.PMP02,cooling_descaling_pump,1.263,-0.0671,53.761,1.0702,0,,test
2025-12-07 15:00:00,BF.CW.PMP02,cooling_descaling_pump,1.1951,0.2799,52.4007,0.989,0,,test
2025-12-07 16:00:00,BF.CW.PMP02,cooling_descaling_pump,1.1291,0.436,51.7391,1.0438,0,,test
2025-12-07 17:00:00,BF.CW.PMP02,cooling_descaling_pump,1.0539,0.8071,50.2303,0.9496,0,,test
2025-12-07 18:00:00,BF.CW.PMP02,cooling_descaling_pump,1.0,0.6749,48.9196,0.9388,0,,test
2025-12-07 19:00:00,BF.CW.PMP02,cooling_descaling_pump,1.0731,0.6143,48.9843,0.8769,0,,test
2025-12-07 20:00:00,BF.CW.PMP02,cooling_descaling_pump,0.9376,0.6234,47.833,0.7865,0,,test
2025-12-07 21:00:00,BF.CW.PMP02,cooling_descaling_pump,1.0685,0.4549,50.1966,0.9146,0,,test
2025-12-07 22:00:00,BF.CW.PMP02,cooling_descaling_pump,1.1025,1.0956,49.7337,0.8818,0,,test
2025-12-07 23:00:00,BF.CW.PMP02,cooling_descaling_pump,1.1081,1.1214,48.6504,0.905,0,,test
2025-12-08 00:00:00,BF.CW.PMP02,cooling_descaling_pump,1.0532,0.646,50.0414,0.9387,0,,test
2025-12-08 01:00:00,BF.CW.PMP02,cooling_descaling_pump,1.0425,0.4588,50.8679,0.958,0,,test
2025-12-08 02:00:00,BF.CW.PMP02,cooling_descaling_pump,1.1461,0.1045,51.6389,0.9635,0,,test
2025-12-08 03:00:00,BF.CW.PMP02,cooling_descaling_pump,1.18,0.0374,52.2309,0.9145,0,,test
2025-12-08 04:00:00,BF.CW.PMP02,cooling_descaling_pump,1.2139,0.0452,53.4297,0.9368,0,,test
2025-12-08 05:00:00,BF.CW.PMP02,cooling_descaling_pump,1.2974,0.411,52.3335,0.8458,0,,test
2025-12-08 06:00:00,BF.CW.PMP02,cooling_descaling_pump,1.3606,0.1658,53.3474,0.8576,0,,test
2025-12-08 07:00:00,BF.CW.PMP02,cooling_descaling_pump,1.44,0.8904,53.5469,0.8,0,,test
2025-12-08 08:00:00,BF.CW.PMP02,cooling_descaling_pump,1.3046,0.5572,53.7497,0.8553,0,,test
2025-12-08 09:00:00,BF.CW.PMP02,cooling_descaling_pump,1.222,0.3925,54.1558,0.8724,0,,test
2025-12-08 10:00:00,BF.CW.PMP02,cooling_descaling_pump,1.1495,0.6814,53.682,0.9679,0,,test
2025-12-08 11:00:00,BF.CW.PMP02,cooling_descaling_pump,1.0033,0.3486,51.8834,0.8848,0,,test
2025-12-08 12:00:00,BF.CW.PMP02,cooling_descaling_pump,0.981,-0.4255,51.7299,0.8688,0,,test
2025-12-08 13:00:00,BF.CW.PMP02,cooling_descaling_pump,1.0602,-0.0769,52.5263,0.9395,0,,test
2025-12-08 14:00:00,BF.CW.PMP02,cooling_descaling_pump,1.1457,0.1436,52.4864,0.8817,0,,test
2025-12-08 15:00:00,BF.CW.PMP02,cooling_descaling_pump,1.2502,-0.4637,52.9273,0.9569,0,,test
2025-12-08 16:00:00,BF.CW.PMP02,cooling_descaling_pump,1.2366,0.2097,54.1795,0.997,0,,test
2025-12-08 17:00:00,BF.CW.PMP02,cooling_descaling_pump,1.214,0.0097,53.8336,1.0089,0,,test
2025-12-08 18:00:00,BF.CW.PMP02,cooling_descaling_pump,1.3294,-0.3344,54.0473,0.9237,0,,test
2025-12-08 19:00:00,BF.CW.PMP02,cooling_descaling_pump,1.2729,-1.1744,54.0414,0.9835,0,,test
2025-12-08 20:00:00,BF.CW.PMP02,cooling_descaling_pump,1.2571,-1.7079,53.6559,1.015,0,,test
2025-12-08 21:00:00,BF.CW.PMP02,cooling_descaling_pump,1.3514,-1.6301,55.7366,1.0398,0,,test
2025-12-08 22:00:00,BF.CW.PMP02,cooling_descaling_pump,1.3572,-1.6117,56.2466,1.0438,0,,test
2025-12-08 23:00:00,BF.CW.PMP02,cooling_descaling_pump,1.6261,-1.2585,58.2721,1.0372,0,,test
2025-12-09 00:00:00,BF.CW.PMP02,cooling_descaling_pump,1.6656,-2.2459,59.5847,1.0726,0,,test
2025-12-09 01:00:00,BF.CW.PMP02,cooling_descaling_pump,1.6792,-2.3372,59.2265,1.0441,0,,test
2025-12-09 02:00:00,BF.CW.PMP02,cooling_descaling_pump,1.54,-1.9933,59.2037,1.078,0,,test
2025-12-09 03:00:00,BF.CW.PMP02,cooling_descaling_pump,1.6382,-2.0063,58.7547,0.9537,0,,test
2025-12-09 04:00:00,BF.CW.PMP02,cooling_descaling_pump,1.5834,-1.7208,58.6446,0.9505,0,,test
2025-12-09 05:00:00,BF.CW.PMP02,cooling_descaling_pump,1.4672,-1.987,58.2201,0.8401,0,,test
2025-12-09 06:00:00,BF.CW.PMP02,cooling_descaling_pump,1.441,-1.5023,58.0362,0.8315,0,,test
2025-12-09 07:00:00,BF.CW.PMP02,cooling_descaling_pump,1.3576,-1.1144,58.3777,0.8834,0,,test
2025-12-09 08:00:00,BF.CW.PMP02,cooling_descaling_pump,1.3438,-0.7792,59.3014,1.0592,0,,test
2025-12-09 09:00:00,BF.CW.PMP02,cooling_descaling_pump,1.338,-0.246,59.5634,1.0042,0,,test
2025-12-09 10:00:00,BF.CW.PMP02,cooling_descaling_pump,1.3862,0.0205,60.3345,1.0407,0,,test
2025-12-09 11:00:00,BF.CW.PMP02,cooling_descaling_pump,1.351,-0.485,60.7014,1.09,0,,test
2025-12-09 12:00:00,BF.CW.PMP02,cooling_descaling_pump,1.3554,0.1716,59.2233,1.0034,0,,test
2025-12-09 13:00:00,BF.CW.PMP02,cooling_descaling_pump,1.2448,0.2818,58.0796,1.0072,0,,test
2025-12-09 14:00:00,BF.CW.PMP02,cooling_descaling_pump,1.2709,0.2262,56.8472,0.9244,0,,test
2025-12-09 15:00:00,BF.CW.PMP02,cooling_descaling_pump,1.2666,0.5394,56.6731,0.9396,0,,test
2025-12-09 16:00:00,BF.CW.PMP02,cooling_descaling_pump,1.4254,0.3133,57.374,0.9835,0,,test
2025-12-09 17:00:00,BF.CW.PMP02,cooling_descaling_pump,1.4616,-0.2217,57.9217,1.1235,0,,test
2025-12-09 18:00:00,BF.CW.PMP02,cooling_descaling_pump,1.3953,-0.7612,56.0892,1.0234,0,,test
2025-12-09 19:00:00,BF.CW.PMP02,cooling_descaling_pump,1.5394,-0.7899,55.7227,0.9885,0,,test
2025-12-09 20:00:00,BF.CW.PMP02,cooling_descaling_pump,1.2849,-0.2331,53.6763,0.9049,0,,test
2025-12-09 21:00:00,BF.CW.PMP02,cooling_descaling_pump,1.4232,0.0075,55.7455,0.9869,0,,test
2025-12-09 22:00:00,BF.CW.PMP02,cooling_descaling_pump,1.2796,0.2525,55.4513,1.0193,0,,test
2025-12-09 23:00:00,BF.CW.PMP02,cooling_descaling_pump,1.2326,0.6315,54.4769,0.9723,0,,test
2025-12-10 00:00:00,BF.CW.PMP02,cooling_descaling_pump,1.3719,0.5721,56.7526,1.0572,0,,test
2025-12-10 01:00:00,BF.CW.PMP02,cooling_descaling_pump,1.5852,0.5788,58.313,1.08,0,,test
2025-12-10 02:00:00,BF.CW.PMP02,cooling_descaling_pump,1.5129,0.4441,57.214,0.9812,0,,test
2025-12-10 03:00:00,BF.CW.PMP02,cooling_descaling_pump,1.4503,0.2403,58.6274,1.1048,0,,test
2025-12-10 04:00:00,BF.CW.PMP02,cooling_descaling_pump,1.5335,0.425,60.0202,1.1501,0,,test
2025-12-10 05:00:00,BF.CW.PMP02,cooling_descaling_pump,1.4768,0.2979,59.605,1.0283,0,,test
2025-12-10 06:00:00,BF.CW.PMP02,cooling_descaling_pump,1.4383,-0.2089,60.1175,1.0587,0,,test
2025-12-10 07:00:00,BF.CW.PMP02,cooling_descaling_pump,1.57,-0.2987,61.0031,1.0636,0,,test
2025-12-10 08:00:00,BF.CW.PMP02,cooling_descaling_pump,1.5718,-0.3242,60.2215,1.0385,0,,test
2025-12-10 09:00:00,BF.CW.PMP02,cooling_descaling_pump,1.4372,-0.7129,60.326,1.0001,0,,test
2025-12-10 10:00:00,BF.CW.PMP02,cooling_descaling_pump,1.3831,-0.6996,60.5836,1.0333,0,,test
2025-12-10 11:00:00,BF.CW.PMP02,cooling_descaling_pump,1.2236,-0.6615,59.2453,1.0147,0,,test
2025-12-10 12:00:00,BF.CW.PMP02,cooling_descaling_pump,1.0533,-0.486,57.2423,1.0794,0,,test
2025-12-10 13:00:00,BF.CW.PMP02,cooling_descaling_pump,0.8741,-0.4221,54.6005,0.9558,0,,test
2025-12-10 14:00:00,BF.CW.PMP02,cooling_descaling_pump,0.6901,-0.4418,52.0897,0.8872,0,,test
2025-12-10 15:00:00,BF.CW.PMP02,cooling_descaling_pump,0.711,-0.2909,52.7344,0.8846,0,,test
2025-12-10 16:00:00,BF.CW.PMP02,cooling_descaling_pump,0.7078,-0.3212,52.3345,0.8703,0,,test
2025-12-10 17:00:00,BF.CW.PMP02,cooling_descaling_pump,0.7623,0.0919,52.7012,0.8756,0,,test
2025-12-10 18:00:00,BF.CW.PMP02,cooling_descaling_pump,0.7153,0.1675,53.4391,0.9219,0,,test
2025-12-10 19:00:00,BF.CW.PMP02,cooling_descaling_pump,0.7626,0.205,55.2394,1.0433,0,,test
2025-12-10 20:00:00,BF.CW.PMP02,cooling_descaling_pump,0.8389,0.0374,57.3045,1.0565,0,,test
2025-12-10 21:00:00,BF.CW.PMP02,cooling_descaling_pump,0.7897,0.173,57.4471,1.0689,0,,test
2025-12-10 22:00:00,BF.CW.PMP02,cooling_descaling_pump,0.7863,0.3238,58.2213,1.1667,0,,test
2025-12-10 23:00:00,BF.CW.PMP02,cooling_descaling_pump,0.7385,0.4535,58.81,1.1753,0,,test
2025-12-11 00:00:00,BF.CW.PMP02,cooling_descaling_pump,0.9216,-0.2964,60.4499,1.1073,0,,test
2025-12-11 01:00:00,BF.CW.PMP02,cooling_descaling_pump,1.0724,-0.6193,62.5364,1.1889,0,,test
2025-12-11 02:00:00,BF.CW.PMP02,cooling_descaling_pump,1.058,-0.8896,61.7544,1.1696,0,,test
2025-12-11 03:00:00,BF.CW.PMP02,cooling_descaling_pump,1.0425,-0.7715,61.4694,1.1738,0,,test
2025-12-11 04:00:00,BF.CW.PMP02,cooling_descaling_pump,0.9991,-0.6319,61.6519,1.2211,0,,test
2025-12-11 05:00:00,BF.CW.PMP02,cooling_descaling_pump,1.1859,-0.128,61.7077,1.2391,0,,test
2025-12-11 06:00:00,BF.CW.PMP02,cooling_descaling_pump,1.1664,-0.0034,61.8368,1.2519,0,,test
2025-12-11 07:00:00,BF.CW.PMP02,cooling_descaling_pump,1.1662,-0.4843,61.1666,1.2231,0,,test
2025-12-11 08:00:00,BF.CW.PMP02,cooling_descaling_pump,1.1467,-0.9258,61.0406,1.2603,0,,test
2025-12-11 09:00:00,BF.CW.PMP02,cooling_descaling_pump,1.1731,-1.4514,61.7091,1.2054,0,,test
2025-12-11 10:00:00,BF.CW.PMP02,cooling_descaling_pump,0.9574,-0.8608,59.0016,1.2223,0,,test
2025-12-11 11:00:00,BF.CW.PMP02,cooling_descaling_pump,1.0065,-0.769,59.2731,1.2503,0,,test
2025-12-11 12:00:00,BF.CW.PMP02,cooling_descaling_pump,1.0834,-0.784,59.5165,1.3148,0,,test
2025-12-11 13:00:00,BF.CW.PMP02,cooling_descaling_pump,1.1191,-0.8961,59.2153,1.3275,0,,test
2025-12-11 14:00:00,BF.CW.PMP02,cooling_descaling_pump,1.2277,-0.5788,59.2385,1.2605,0,,test
2025-12-11 15:00:00,BF.CW.PMP02,cooling_descaling_pump,1.2616,-0.9029,59.2375,1.2415,0,,test
2025-12-11 16:00:00,BF.CW.PMP02,cooling_descaling_pump,1.0727,-0.2055,,,0,,test
2025-12-11 17:00:00,BF.CW.PMP02,cooling_descaling_pump,1.1178,-0.4732,59.844,1.2316,0,,test
2025-12-11 18:00:00,BF.CW.PMP02,cooling_descaling_pump,1.0981,-0.2055,59.8494,1.1963,0,,test
2025-12-11 19:00:00,BF.CW.PMP02,cooling_descaling_pump,1.0191,0.2818,60.3529,1.3365,0,,test
2025-12-11 20:00:00,BF.CW.PMP02,cooling_descaling_pump,0.9356,0.3742,61.4773,1.4401,0,,test
2025-12-11 21:00:00,BF.CW.PMP02,cooling_descaling_pump,0.9376,1.3997,61.4111,1.318,0,,test
2025-12-11 22:00:00,BF.CW.PMP02,cooling_descaling_pump,1.0206,1.0593,61.6213,1.2249,0,,test
2025-12-11 23:00:00,BF.CW.PMP02,cooling_descaling_pump,1.1335,1.7602,61.6946,1.0814,0,,test
2025-12-12 00:00:00,BF.CW.PMP02,cooling_descaling_pump,1.2246,1.2908,62.0539,1.0714,0,,test
2025-12-12 01:00:00,BF.CW.PMP02,cooling_descaling_pump,1.0397,0.8006,61.269,1.0335,0,,test
2025-12-12 02:00:00,BF.CW.PMP02,cooling_descaling_pump,1.1278,0.7176,61.9298,1.0537,0,,test
2025-12-12 03:00:00,BF.CW.PMP02,cooling_descaling_pump,1.1579,0.1252,62.4522,1.0859,0,,test
2025-12-12 04:00:00,BF.CW.PMP02,cooling_descaling_pump,1.1948,-0.5601,62.5076,1.0568,0,,test
2025-12-12 05:00:00,BF.CW.PMP02,cooling_descaling_pump,1.2417,-0.3058,62.3929,1.0448,0,,test
2025-12-12 06:00:00,BF.CW.PMP02,cooling_descaling_pump,1.2313,-0.0155,63.2674,1.0021,0,,test
2025-12-12 07:00:00,BF.CW.PMP02,cooling_descaling_pump,1.2633,-0.2675,63.1005,0.9747,0,,test
2025-12-12 08:00:00,BF.CW.PMP02,cooling_descaling_pump,1.3648,-0.538,63.6867,1.0021,0,,test
2025-12-12 09:00:00,BF.CW.PMP02,cooling_descaling_pump,1.4554,-0.818,64.0175,1.0564,0,,test
2025-12-12 10:00:00,BF.CW.PMP02,cooling_descaling_pump,1.285,-0.5964,64.9952,1.2165,0,,test
2025-12-12 11:00:00,BF.CW.PMP02,cooling_descaling_pump,1.3826,-0.9458,64.0692,1.1754,0,,test
2025-12-12 12:00:00,BF.CW.PMP02,cooling_descaling_pump,1.3821,-1.2404,62.0903,1.1148,0,,test
2025-12-12 13:00:00,BF.CW.PMP02,cooling_descaling_pump,1.4648,-1.0193,61.2314,1.0278,0,,test
2025-12-12 14:00:00,BF.CW.PMP02,cooling_descaling_pump,1.4057,-0.9914,59.6092,0.9758,0,,test
2025-12-12 15:00:00,BF.CW.PMP02,cooling_descaling_pump,1.3243,-1.3035,58.1519,1.0198,0,,test
2025-12-12 16:00:00,BF.CW.PMP02,cooling_descaling_pump,1.3774,-1.5775,58.0776,1.0048,0,,test
2025-12-12 17:00:00,BF.CW.PMP02,cooling_descaling_pump,1.2705,-1.6531,57.6037,0.9676,0,,test
2025-12-12 18:00:00,BF.CW.PMP02,cooling_descaling_pump,1.2996,-1.1898,57.5541,0.9381,0,,test
2025-12-12 19:00:00,BF.CW.PMP02,cooling_descaling_pump,1.2649,-1.4167,57.538,0.9238,0,,test
2025-12-12 20:00:00,BF.CW.PMP02,cooling_descaling_pump,1.2407,-1.5406,56.8269,0.8969,0,,test
2025-12-12 21:00:00,BF.CW.PMP02,cooling_descaling_pump,1.3191,-1.4567,58.1631,0.9676,0,,test
2025-12-12 22:00:00,BF.CW.PMP02,cooling_descaling_pump,1.3902,-0.9696,58.4282,1.0035,0,,test
2025-12-12 23:00:00,BF.CW.PMP02,cooling_descaling_pump,1.44,-0.7871,59.2186,0.9576,0,,test
2025-12-13 00:00:00,BF.CW.PMP02,cooling_descaling_pump,1.3908,-0.5361,60.6495,1.0943,0,,test
2025-12-13 01:00:00,BF.CW.PMP02,cooling_descaling_pump,1.266,-0.0894,60.3786,1.0162,0,,test
2025-12-13 02:00:00,BF.CW.PMP02,cooling_descaling_pump,,,62.1988,1.0301,0,,test
2025-12-13 03:00:00,BF.CW.PMP02,cooling_descaling_pump,1.1211,-0.4105,60.5928,1.0169,0,,test
2025-12-13 04:00:00,BF.CW.PMP02,cooling_descaling_pump,1.2528,-0.3048,61.8267,0.9793,0,,test
2025-12-13 05:00:00,BF.CW.PMP02,cooling_descaling_pump,1.2364,-0.2878,61.3454,0.9441,0,,test
2025-12-13 06:00:00,BF.CW.PMP02,cooling_descaling_pump,1.4714,-0.7327,62.1064,0.9613,0,,test
2025-12-13 07:00:00,BF.CW.PMP02,cooling_descaling_pump,1.5267,-0.5714,62.0579,0.9885,0,,test
2025-12-13 08:00:00,BF.CW.PMP02,cooling_descaling_pump,1.5971,-0.7458,62.5314,0.9301,0,,test
2025-12-13 09:00:00,BF.CW.PMP02,cooling_descaling_pump,1.4752,-0.8065,62.0685,1.0089,0,,test
2025-12-13 10:00:00,BF.CW.PMP02,cooling_descaling_pump,1.4388,-0.3443,61.7296,1.013,0,,test
2025-12-13 11:00:00,BF.CW.PMP02,cooling_descaling_pump,1.3031,-0.4674,59.889,0.935,0,,test
2025-12-13 12:00:00,BF.CW.PMP02,cooling_descaling_pump,1.0766,-0.1156,58.6886,0.9935,0,,test
2025-12-13 13:00:00,BF.CW.PMP02,cooling_descaling_pump,1.0834,-0.2321,58.2481,1.0294,0,,test
2025-12-13 14:00:00,BF.CW.PMP02,cooling_descaling_pump,1.0792,-0.55,58.2699,1.0321,0,,test
2025-12-13 15:00:00,BF.CW.PMP02,cooling_descaling_pump,0.9921,-0.7153,57.7029,1.0372,0,,test
2025-12-13 16:00:00,BF.CW.PMP02,cooling_descaling_pump,1.0586,-0.1388,58.666,1.1314,0,,test
2025-12-13 17:00:00,BF.CW.PMP02,cooling_descaling_pump,0.9695,0.028,57.3346,1.0073,0,,test
2025-12-13 18:00:00,BF.CW.PMP02,cooling_descaling_pump,1.116,0.3485,58.6069,1.0265,0,,test
2025-12-13 19:00:00,BF.CW.PMP02,cooling_descaling_pump,1.2151,1.2159,58.8578,1.0073,0,,test
2025-12-13 20:00:00,BF.CW.PMP02,cooling_descaling_pump,1.1392,0.7459,57.232,0.9727,0,,test
2025-12-13 21:00:00,BF.CW.PMP02,cooling_descaling_pump,1.2088,0.8241,56.8195,0.9178,0,,test
2025-12-13 22:00:00,BF.CW.PMP02,cooling_descaling_pump,1.2569,1.407,58.1159,0.8794,0,,test
2025-12-13 23:00:00,BF.CW.PMP02,cooling_descaling_pump,1.2666,1.0029,58.6667,0.8731,0,,test
2025-12-14 00:00:00,BF.CW.PMP02,cooling_descaling_pump,1.2322,0.2726,58.2263,0.7738,0,,test
2025-12-14 01:00:00,BF.CW.PMP02,cooling_descaling_pump,1.2706,-0.0568,58.8771,0.7997,0,,test
2025-12-14 02:00:00,BF.CW.PMP02,cooling_descaling_pump,1.3013,0.0119,59.8752,0.8547,0,,test
2025-12-14 03:00:00,BF.CW.PMP02,cooling_descaling_pump,1.2899,-0.1152,60.1216,0.8892,0,,test
2025-12-14 04:00:00,BF.CW.PMP02,cooling_descaling_pump,1.2393,-0.5746,59.3839,0.7509,0,,test
2025-12-14 05:00:00,BF.CW.PMP02,cooling_descaling_pump,1.2883,-0.4325,59.1377,0.7298,0,,test
2025-12-14 06:00:00,BF.CW.PMP02,cooling_descaling_pump,1.15,-0.4627,58.3455,0.8193,0,,test
2025-12-14 07:00:00,BF.CW.PMP02,cooling_descaling_pump,1.328,-0.7039,58.2932,0.7262,0,,test
2025-12-14 08:00:00,BF.CW.PMP02,cooling_descaling_pump,1.2665,-0.286,57.5541,0.7125,0,,test
2025-12-14 09:00:00,BF.CW.PMP02,cooling_descaling_pump,1.1999,-0.9213,56.8761,0.6795,0,,test
2025-12-14 10:00:00,BF.CW.PMP02,cooling_descaling_pump,1.1343,-0.6469,56.4837,0.7279,0,,test
2025-12-14 11:00:00,BF.CW.PMP02,cooling_descaling_pump,1.1326,-0.9073,55.0527,0.6864,0,,test
2025-12-14 12:00:00,BF.CW.PMP02,cooling_descaling_pump,1.117,-1.3359,55.6786,0.7783,0,,test
2025-12-14 13:00:00,BF.CW.PMP02,cooling_descaling_pump,1.0244,-1.2741,56.646,0.9256,0,,test
2025-12-14 14:00:00,BF.CW.PMP02,cooling_descaling_pump,1.0108,-1.4987,55.055,0.893,0,,test
2025-12-14 15:00:00,BF.CW.PMP02,cooling_descaling_pump,1.0882,-1.7475,54.5256,0.8284,0,,test
2025-12-14 16:00:00,BF.CW.PMP02,cooling_descaling_pump,0.87,-2.3667,52.3233,0.8017,0,,test
2025-12-14 17:00:00,BF.CW.PMP02,cooling_descaling_pump,0.8081,-3.0551,52.8275,0.8466,0,,test
2025-12-14 18:00:00,BF.CW.PMP02,cooling_descaling_pump,0.8912,-3.1422,53.8757,0.9287,0,,test
2025-12-14 19:00:00,BF.CW.PMP02,cooling_descaling_pump,0.8082,-3.1189,53.096,0.9665,0,,test
2025-12-14 20:00:00,BF.CW.PMP02,cooling_descaling_pump,0.8344,-2.9837,52.5164,0.9304,0,,test
2025-12-14 21:00:00,BF.CW.PMP02,cooling_descaling_pump,0.8977,-2.8486,53.5342,1.0035,0,,test
2025-12-14 22:00:00,BF.CW.PMP02,cooling_descaling_pump,0.9835,-2.5113,55.0807,1.039,0,,test
2025-12-14 23:00:00,BF.CW.PMP02,cooling_descaling_pump,1.0703,-2.4743,55.5713,1.0442,0,,test
2025-12-15 00:00:00,BF.CW.PMP02,cooling_descaling_pump,1.1541,-2.136,55.8854,1.1061,0,,test
2025-12-15 01:00:00,BF.CW.PMP02,cooling_descaling_pump,1.1112,-2.5945,56.8668,1.1446,0,,test
2025-12-15 02:00:00,BF.CW.PMP02,cooling_descaling_pump,1.1352,-2.6235,56.3576,1.0907,0,,test
2025-12-15 03:00:00,BF.CW.PMP02,cooling_descaling_pump,1.2287,-2.5476,57.0547,1.0794,0,,test
2025-12-15 04:00:00,BF.CW.PMP02,cooling_descaling_pump,1.1966,-2.5021,58.1655,1.1913,0,,test
2025-12-15 05:00:00,BF.CW.PMP02,cooling_descaling_pump,1.3099,-1.8937,58.7171,1.134,0,,test
2025-12-15 06:00:00,BF.CW.PMP02,cooling_descaling_pump,1.076,-1.5006,57.7695,1.1811,0,,test
2025-12-15 07:00:00,BF.CW.PMP02,cooling_descaling_pump,1.2447,-1.14,58.3573,1.0291,0,,test
2025-12-15 08:00:00,BF.CW.PMP02,cooling_descaling_pump,1.2027,-1.0515,59.033,1.1561,0,,test
2025-12-15 09:00:00,BF.CW.PMP02,cooling_descaling_pump,1.0461,-1.5101,57.9785,1.1866,0,,test
2025-12-15 10:00:00,BF.CW.PMP02,cooling_descaling_pump,1.0482,-0.8724,58.7624,1.1506,0,,test
2025-12-15 11:00:00,BF.CW.PMP02,cooling_descaling_pump,1.096,-0.8416,59.3122,1.1866,0,,test
2025-12-15 12:00:00,BF.CW.PMP02,cooling_descaling_pump,1.107,-1.2062,57.5651,1.1903,0,,test
2025-12-15 13:00:00,BF.CW.PMP02,cooling_descaling_pump,1.1232,-1.1889,57.7126,1.2376,0,,test
2025-12-15 14:00:00,BF.CW.PMP02,cooling_descaling_pump,1.0081,-1.2684,56.3323,1.1364,0,,test
2025-12-15 15:00:00,BF.CW.PMP02,cooling_descaling_pump,0.9338,-1.0521,55.3525,1.0427,0,,test
2025-12-15 16:00:00,BF.CW.PMP02,cooling_descaling_pump,0.9601,-1.3786,54.0575,0.9712,0,,test
2025-12-15 17:00:00,BF.CW.PMP02,cooling_descaling_pump,0.9516,-1.2228,53.7367,1.0534,0,,test
2025-12-15 18:00:00,BF.CW.PMP02,cooling_descaling_pump,0.9778,-0.6447,55.9351,1.1542,0,,test
2025-12-15 19:00:00,BF.CW.PMP02,cooling_descaling_pump,0.8888,-0.8382,54.2194,1.1696,0,,test
2025-12-15 20:00:00,BF.CW.PMP02,cooling_descaling_pump,1.044,-0.9763,56.7872,1.2128,0,,test
2025-12-15 21:00:00,BF.CW.PMP02,cooling_descaling_pump,0.9986,-1.2474,55.6566,1.1887,0,,test
2025-12-15 22:00:00,BF.CW.PMP02,cooling_descaling_pump,1.0109,-1.5696,55.988,1.1568,0,,test
2025-12-15 23:00:00,BF.CW.PMP02,cooling_descaling_pump,0.9796,-1.4772,56.1151,1.2111,0,,test
2025-12-16 00:00:00,BF.CW.PMP02,cooling_descaling_pump,1.0566,-2.0128,56.2647,1.1622,0,,test
2025-12-16 01:00:00,BF.CW.PMP02,cooling_descaling_pump,1.0353,-1.6246,57.3782,1.1532,0,,test
2025-12-16 02:00:00,BF.CW.PMP02,cooling_descaling_pump,0.9116,-1.088,56.3952,1.0528,0,,test
2025-12-16 03:00:00,BF.CW.PMP02,cooling_descaling_pump,0.9995,-1.3804,57.039,1.2159,0,,test
2025-12-16 04:00:00,BF.CW.PMP02,cooling_descaling_pump,0.9608,-1.3446,56.4734,1.1802,0,,test
2025-12-16 05:00:00,BF.CW.PMP02,cooling_descaling_pump,1.0205,-1.2789,56.7439,1.2113,0,,test
2025-12-16 06:00:00,BF.CW.PMP02,cooling_descaling_pump,1.0029,-1.2268,56.2192,1.1807,0,,test
2025-12-16 07:00:00,BF.CW.PMP02,cooling_descaling_pump,1.0087,-1.6794,57.3067,1.2101,0,,test
2025-12-16 08:00:00,BF.CW.PMP02,cooling_descaling_pump,1.1404,-1.6586,58.2938,1.1811,0,,test
2025-12-16 09:00:00,BF.CW.PMP02,cooling_descaling_pump,1.046,-1.7486,57.7713,1.2434,0,,test
2025-12-16 10:00:00,BF.CW.PMP02,cooling_descaling_pump,1.0413,-1.2094,59.0154,1.3037,0,,test
2025-12-16 11:00:00,BF.CW.PMP02,cooling_descaling_pump,0.8368,-0.6947,57.1554,1.187,0,,test
2025-12-16 12:00:00,BF.CW.PMP02,cooling_descaling_pump,0.968,-1.3466,57.2656,1.1887,0,,test
2025-12-16 13:00:00,BF.CW.PMP02,cooling_descaling_pump,1.088,-1.435,57.489,1.1582,0,,test
2025-12-16 14:00:00,BF.CW.PMP02,cooling_descaling_pump,1.0762,-1.5184,57.0759,1.0309,0,,test
2025-12-16 15:00:00,BF.CW.PMP02,cooling_descaling_pump,1.0509,-1.5355,56.8839,1.0096,0,,test
2025-12-16 16:00:00,BF.CW.PMP02,cooling_descaling_pump,0.9764,-1.6991,57.0272,1.1088,0,,test
2025-12-16 17:00:00,BF.CW.PMP02,cooling_descaling_pump,1.1298,-2.032,56.8197,1.3188,0,,test
2025-12-16 18:00:00,BF.CW.PMP02,cooling_descaling_pump,1.1006,-2.4153,56.2724,1.6223,0,,test
2025-12-16 19:00:00,BF.CW.PMP02,cooling_descaling_pump,1.2712,-2.3122,58.1659,1.8102,0,,test
2025-12-16 20:00:00,BF.CW.PMP02,cooling_descaling_pump,1.2833,-2.409,58.4051,1.8588,0,,test
2025-12-16 21:00:00,BF.CW.PMP02,cooling_descaling_pump,1.2235,-2.0579,57.8554,1.6344,0,,test
2025-12-16 22:00:00,BF.CW.PMP02,cooling_descaling_pump,1.1312,-1.34,58.1875,1.3976,0,,test
2025-12-16 23:00:00,BF.CW.PMP02,cooling_descaling_pump,1.1346,-2.0059,58.3533,1.0826,0,,test
2025-12-17 00:00:00,BF.CW.PMP02,cooling_descaling_pump,1.0751,-2.2132,59.2513,0.9915,0,,test
2025-12-17 01:00:00,BF.CW.PMP02,cooling_descaling_pump,1.0649,-1.8162,61.4111,1.069,0,,test
2025-12-17 02:00:00,BF.CW.PMP02,cooling_descaling_pump,1.1677,-2.2564,60.4316,0.8967,0,,test
2025-12-17 03:00:00,BF.CW.PMP02,cooling_descaling_pump,1.2225,-2.0772,61.7306,0.9988,0,,test
2025-12-17 04:00:00,BF.CW.PMP02,cooling_descaling_pump,1.3118,0.2101,62.2667,1.0119,0,,test
2025-12-17 05:00:00,BF.CW.PMP02,cooling_descaling_pump,1.2189,2.9783,62.4331,0.9754,0,,test
2025-12-17 06:00:00,BF.CW.PMP02,cooling_descaling_pump,1.127,3.5987,61.308,0.953,0,,test
2025-12-17 07:00:00,BF.CW.PMP02,cooling_descaling_pump,1.2115,0.4294,61.9959,1.009,0,,test
2025-12-17 08:00:00,BF.CW.PMP02,cooling_descaling_pump,1.1697,-1.6617,60.5474,1.0104,0,,test
2025-12-17 09:00:00,BF.CW.PMP02,cooling_descaling_pump,1.2267,-1.5998,61.3048,1.011,0,,test
2025-12-17 10:00:00,BF.CW.PMP02,cooling_descaling_pump,1.1938,-1.5262,60.9318,0.9409,0,,test
2025-12-17 11:00:00,BF.CW.PMP02,cooling_descaling_pump,1.2193,-1.4766,61.2874,0.9934,0,,test
2025-12-17 12:00:00,BF.CW.PMP02,cooling_descaling_pump,1.2424,-2.0063,59.7231,0.9334,0,,test
2025-12-17 13:00:00,BF.CW.PMP02,cooling_descaling_pump,1.2192,-1.798,58.1449,0.9012,0,,test
2025-12-17 14:00:00,BF.CW.PMP02,cooling_descaling_pump,1.4044,-1.724,57.9863,0.9367,0,,test
2025-12-17 15:00:00,BF.CW.PMP02,cooling_descaling_pump,1.4344,-1.2396,58.1221,0.9929,0,,test
2025-12-17 16:00:00,BF.CW.PMP02,cooling_descaling_pump,1.4991,-1.5702,57.0805,0.9647,0,,test
2025-12-17 17:00:00,BF.CW.PMP02,cooling_descaling_pump,1.6743,-1.6342,58.0712,0.9768,0,,test
2025-12-17 18:00:00,BF.CW.PMP02,cooling_descaling_pump,1.7344,-1.6838,59.4149,1.0612,0,,test
2025-12-17 19:00:00,BF.CW.PMP02,cooling_descaling_pump,1.6248,-1.6101,59.8222,1.1096,0,,test
2025-12-17 20:00:00,BF.CW.PMP02,cooling_descaling_pump,1.629,-1.2644,61.0664,1.2053,0,,test
2025-12-17 21:00:00,BF.CW.PMP02,cooling_descaling_pump,1.5638,-0.7877,61.9153,1.2539,0,,test
2025-12-17 22:00:00,BF.CW.PMP02,cooling_descaling_pump,1.5571,-0.4555,63.2481,1.3488,0,,test
2025-12-17 23:00:00,BF.CW.PMP02,cooling_descaling_pump,1.5401,-0.4029,63.8644,1.3934,0,,test
2025-12-18 00:00:00,BF.CW.PMP02,cooling_descaling_pump,1.5459,-0.4047,64.8226,1.3964,0,,test
2025-12-18 01:00:00,BF.CW.PMP02,cooling_descaling_pump,1.527,-1.0508,65.1865,1.3031,0,,test
2025-12-18 02:00:00,BF.CW.PMP02,cooling_descaling_pump,1.6668,-1.6863,67.0521,1.3143,0,,test
2025-12-18 03:00:00,BF.CW.PMP02,cooling_descaling_pump,1.4875,-2.0432,66.8774,1.2352,0,,test
2025-12-18 04:00:00,BF.CW.PMP02,cooling_descaling_pump,1.2895,-1.7038,66.0177,1.2648,0,,test
2025-12-18 05:00:00,BF.CW.PMP02,cooling_descaling_pump,1.2616,-1.1999,65.4643,1.244,0,,test
2025-12-18 06:00:00,BF.CW.PMP02,cooling_descaling_pump,1.3247,-0.6481,65.1297,1.1833,0,,test
2025-12-18 07:00:00,BF.CW.PMP02,cooling_descaling_pump,1.3043,-0.5635,65.0706,1.1307,0,,test
2025-12-18 08:00:00,BF.CW.PMP02,cooling_descaling_pump,1.2906,-0.6764,64.0729,1.0696,0,,test
2025-12-18 09:00:00,BF.CW.PMP02,cooling_descaling_pump,1.1528,-1.1552,62.3255,0.981,0,,test
2025-12-18 10:00:00,BF.CW.PMP02,cooling_descaling_pump,1.1268,-0.9239,61.7413,0.9943,0,,test
2025-12-18 11:00:00,BF.CW.PMP02,cooling_descaling_pump,1.0598,-0.6958,60.4046,0.9218,0,,test
2025-12-18 12:00:00,BF.CW.PMP02,cooling_descaling_pump,1.0178,-0.499,59.5117,0.9058,0,,test
2025-12-18 13:00:00,BF.CW.PMP02,cooling_descaling_pump,0.9609,-0.0909,58.1223,0.8714,0,,test
2025-12-18 14:00:00,BF.CW.PMP02,cooling_descaling_pump,0.991,0.1994,56.4456,0.8475,0,,test
2025-12-18 15:00:00,BF.CW.PMP02,cooling_descaling_pump,0.9989,0.7966,56.047,0.8339,0,,test
2025-12-18 16:00:00,BF.CW.PMP02,cooling_descaling_pump,1.1889,0.4971,57.4742,0.8255,0,,test
2025-12-18 17:00:00,BF.CW.PMP02,cooling_descaling_pump,1.0518,-0.0594,57.2276,0.8752,0,,test
2025-12-18 18:00:00,BF.CW.PMP02,cooling_descaling_pump,1.1779,-0.4654,57.4921,0.8645,0,,test
2025-12-18 19:00:00,BF.CW.PMP02,cooling_descaling_pump,1.1673,-0.7821,58.1783,0.9797,0,,test
2025-12-18 20:00:00,BF.CW.PMP02,cooling_descaling_pump,1.1804,-0.3269,57.8551,1.0075,0,,test
2025-12-18 21:00:00,BF.CW.PMP02,cooling_descaling_pump,1.2941,-0.2334,59.3225,0.9656,0,,test
2025-12-18 22:00:00,BF.CW.PMP02,cooling_descaling_pump,1.2451,-1.2323,58.9644,0.9335,0,,test
2025-12-18 23:00:00,BF.CW.PMP02,cooling_descaling_pump,1.1785,-1.3859,57.5671,0.8258,0,,test
2025-12-19 00:00:00,BF.CW.PMP02,cooling_descaling_pump,1.2958,-1.7181,58.293,0.8038,0,,test
2025-12-19 01:00:00,BF.CW.PMP02,cooling_descaling_pump,1.4022,-1.6051,59.0962,0.8461,0,,test
2025-12-19 02:00:00,BF.CW.PMP02,cooling_descaling_pump,1.322,-1.941,58.7587,0.7956,0,,test
2025-12-19 03:00:00,BF.CW.PMP02,cooling_descaling_pump,1.3907,-1.4823,58.8893,0.7847,0,,test
2025-12-19 04:00:00,BF.CW.PMP02,cooling_descaling_pump,1.3526,-1.7905,58.8776,0.7315,0,,test
2025-12-19 05:00:00,BF.CW.PMP02,cooling_descaling_pump,1.3813,-1.5828,59.1158,0.7246,0,,test
2025-12-19 06:00:00,BF.CW.PMP02,cooling_descaling_pump,1.2798,-1.1692,58.5425,0.7876,0,,test
2025-12-19 07:00:00,BF.CW.PMP02,cooling_descaling_pump,1.296,-1.003,58.8861,0.8882,0,,test
2025-12-19 08:00:00,BF.CW.PMP02,cooling_descaling_pump,1.1951,-1.0266,58.7784,0.9658,0,,test
2025-12-19 09:00:00,BF.CW.PMP02,cooling_descaling_pump,1.1611,-0.8588,57.8488,0.8677,0,,test
2025-12-19 10:00:00,BF.CW.PMP02,cooling_descaling_pump,1.0652,-1.3807,56.1121,0.9272,0,,test
2025-12-19 11:00:00,BF.CW.PMP02,cooling_descaling_pump,1.1735,-1.1012,56.7694,0.9306,0,,test
2025-12-19 12:00:00,BF.CW.PMP02,cooling_descaling_pump,1.0492,-1.5474,55.4038,1.0219,0,,test
2025-12-19 13:00:00,BF.CW.PMP02,cooling_descaling_pump,1.3713,-2.2458,56.6431,1.1322,0,,test
2025-12-19 14:00:00,BF.CW.PMP02,cooling_descaling_pump,1.3097,-1.8866,55.6974,1.1718,0,,test
2025-12-19 15:00:00,BF.CW.PMP02,cooling_descaling_pump,1.0513,-1.849,53.2687,1.1572,0,,test
2025-12-19 16:00:00,BF.CW.PMP02,cooling_descaling_pump,1.1908,-2.0432,53.4587,1.1881,0,,test
2025-12-19 17:00:00,BF.CW.PMP02,cooling_descaling_pump,1.2814,-2.0091,56.17,1.2838,0,,test
2025-12-19 18:00:00,BF.CW.PMP02,cooling_descaling_pump,1.1165,-2.1482,56.1431,1.2724,0,,test
2025-12-19 19:00:00,BF.CW.PMP02,cooling_descaling_pump,1.0295,-1.5626,54.8591,1.2499,0,,test
2025-12-19 20:00:00,BF.CW.PMP02,cooling_descaling_pump,1.0773,-1.4191,55.8793,1.2459,0,,test
2025-12-19 21:00:00,BF.CW.PMP02,cooling_descaling_pump,1.147,-2.2325,57.4277,1.2773,0,,test
2025-12-19 22:00:00,BF.CW.PMP02,cooling_descaling_pump,1.219,-1.7438,57.991,1.2351,0,,test
2025-12-19 23:00:00,BF.CW.PMP02,cooling_descaling_pump,1.1672,-1.5914,57.6773,1.2222,0,,test
2025-12-20 00:00:00,BF.CW.PMP02,cooling_descaling_pump,1.0686,-1.4283,57.3464,1.1851,0,,test
2025-12-20 01:00:00,BF.CW.PMP02,cooling_descaling_pump,1.1124,-1.384,58.9408,1.183,0,,test
2025-12-20 02:00:00,BF.CW.PMP02,cooling_descaling_pump,0.9602,-1.1942,57.1749,1.0717,0,,test
2025-12-20 03:00:00,BF.CW.PMP02,cooling_descaling_pump,0.9374,-1.1206,57.3709,1.0699,0,,test
2025-12-20 04:00:00,BF.CW.PMP02,cooling_descaling_pump,0.9846,-1.105,59.2438,1.1335,0,,test
2025-12-20 05:00:00,BF.CW.PMP02,cooling_descaling_pump,1.0966,-0.5698,58.7894,1.08,0,,test
2025-12-20 06:00:00,BF.CW.PMP02,cooling_descaling_pump,1.1068,0.5326,58.8737,1.1245,0,,test
2025-12-20 07:00:00,BF.CW.PMP02,cooling_descaling_pump,1.064,0.2239,56.7258,1.0133,0,,test
2025-12-20 08:00:00,BF.CW.PMP02,cooling_descaling_pump,1.1883,0.0849,57.178,0.9049,0,,test
2025-12-20 09:00:00,BF.CW.PMP02,cooling_descaling_pump,1.2793,-0.1398,57.253,0.9096,0,,test
2025-12-20 10:00:00,BF.CW.PMP02,cooling_descaling_pump,1.1056,0.1278,57.0541,0.9999,0,,test
2025-12-20 11:00:00,BF.CW.PMP02,cooling_descaling_pump,1.1684,-0.0992,56.721,0.9605,0,,test
2025-12-20 12:00:00,BF.CW.PMP02,cooling_descaling_pump,1.2593,-0.0521,57.3724,1.083,0,,test
2025-12-20 13:00:00,BF.CW.PMP02,cooling_descaling_pump,1.3443,-0.309,58.0137,1.1493,0,,test
2025-12-20 14:00:00,BF.CW.PMP02,cooling_descaling_pump,1.1804,-0.0078,56.929,1.1066,0,,test
2025-12-20 15:00:00,BF.CW.PMP02,cooling_descaling_pump,1.1828,-0.0804,57.8858,1.2397,0,,test
2025-12-20 16:00:00,BF.CW.PMP02,cooling_descaling_pump,1.0974,-0.0988,57.1895,1.267,0,,test
2025-12-20 17:00:00,BF.CW.PMP02,cooling_descaling_pump,1.1125,-0.1804,58.0152,1.3081,0,,test
2025-12-20 18:00:00,BF.CW.PMP02,cooling_descaling_pump,1.2972,-0.5602,57.7752,1.2284,0,,test
2025-12-20 19:00:00,BF.CW.PMP02,cooling_descaling_pump,1.228,-0.9846,57.8913,1.2961,0,,test
2025-12-20 20:00:00,BF.CW.PMP02,cooling_descaling_pump,1.2187,-1.1301,57.2402,1.2589,0,,test
2025-12-20 21:00:00,BF.CW.PMP02,cooling_descaling_pump,1.2235,-0.3073,57.4957,1.1992,0,,test
2025-12-20 22:00:00,BF.CW.PMP02,cooling_descaling_pump,1.2808,-0.1968,58.0123,1.1914,0,,test
2025-12-20 23:00:00,BF.CW.PMP02,cooling_descaling_pump,1.3034,-0.1688,58.2922,1.1838,0,,test
2025-12-21 00:00:00,BF.CW.PMP02,cooling_descaling_pump,1.2505,0.3764,57.6216,1.1103,0,,test
2025-12-21 01:00:00,BF.CW.PMP02,cooling_descaling_pump,1.3532,0.5908,59.232,1.0928,0,,test
2025-12-21 02:00:00,BF.CW.PMP02,cooling_descaling_pump,1.2992,0.8007,59.9283,1.171,0,,test
2025-12-21 03:00:00,BF.CW.PMP02,cooling_descaling_pump,1.2622,0.963,60.918,1.233,0,,test
2025-12-21 04:00:00,BF.CW.PMP02,cooling_descaling_pump,1.2207,0.997,60.8892,1.1863,0,,test
2025-12-21 05:00:00,BF.CW.PMP02,cooling_descaling_pump,1.1838,1.2537,62.4198,1.2917,0,,test
2025-12-21 06:00:00,BF.CW.PMP02,cooling_descaling_pump,1.3663,0.761,62.9711,1.2175,0,,test
2025-12-21 07:00:00,BF.CW.PMP02,cooling_descaling_pump,1.3423,0.5894,62.7356,1.1975,0,,test
2025-12-21 08:00:00,BF.CW.PMP02,cooling_descaling_pump,1.3058,1.194,62.1852,1.1466,0,,test
2025-12-21 09:00:00,BF.CW.PMP02,cooling_descaling_pump,1.3186,1.2213,60.4607,1.1287,0,,test
2025-12-21 10:00:00,BF.CW.PMP02,cooling_descaling_pump,1.2884,1.0704,59.263,1.1156,0,,test
2025-12-21 11:00:00,BF.CW.PMP02,cooling_descaling_pump,1.3937,0.5878,59.4695,1.1402,0,,test
2025-12-21 12:00:00,BF.CW.PMP02,cooling_descaling_pump,1.2887,0.9963,58.0076,1.0965,0,,test
2025-12-21 13:00:00,BF.CW.PMP02,cooling_descaling_pump,1.1053,0.875,55.2161,0.9433,0,,test
2025-12-21 14:00:00,BF.CW.PMP02,cooling_descaling_pump,1.161,1.3653,54.2267,1.0488,0,,test
2025-12-21 15:00:00,BF.CW.PMP02,cooling_descaling_pump,1.2384,0.989,54.3871,0.9722,0,,test
2025-12-21 16:00:00,BF.CW.PMP02,cooling_descaling_pump,1.393,1.3066,55.0711,1.046,0,,test
2025-12-21 17:00:00,BF.CW.PMP02,cooling_descaling_pump,1.4593,1.2377,55.7971,0.953,0,,test
2025-12-21 18:00:00,BF.CW.PMP02,cooling_descaling_pump,1.5561,0.8512,56.578,0.9245,0,,test
2025-12-21 19:00:00,BF.CW.PMP02,cooling_descaling_pump,1.6307,0.4384,57.1683,1.0266,0,,test
2025-12-21 20:00:00,BF.CW.PMP02,cooling_descaling_pump,1.6189,0.3562,56.772,0.9774,0,,test
2025-12-21 21:00:00,BF.CW.PMP02,cooling_descaling_pump,1.4975,1.152,56.4261,0.9352,0,,test
2025-12-21 22:00:00,BF.CW.PMP02,cooling_descaling_pump,1.3205,1.4322,55.9096,0.9747,0,,test
2025-12-21 23:00:00,BF.CW.PMP02,cooling_descaling_pump,1.2483,1.5614,55.7554,1.0283,0,,test
2025-12-22 00:00:00,BF.CW.PMP02,cooling_descaling_pump,1.2272,1.6742,55.7461,1.0237,0,,test
2025-12-22 01:00:00,BF.CW.PMP02,cooling_descaling_pump,1.1048,1.6469,55.9651,1.0068,0,,test
2025-12-22 02:00:00,BF.CW.PMP02,cooling_descaling_pump,1.1444,1.5171,56.9803,0.9664,0,,test
2025-12-22 03:00:00,BF.CW.PMP02,cooling_descaling_pump,1.2399,1.5033,56.3057,0.9562,0,,test
2025-12-22 04:00:00,BF.CW.PMP02,cooling_descaling_pump,1.3972,2.2353,56.995,0.9023,0,,test
2025-12-22 05:00:00,BF.CW.PMP02,cooling_descaling_pump,1.1856,1.5825,55.6463,0.8874,0,,test
2025-12-22 06:00:00,BF.CW.PMP02,cooling_descaling_pump,1.2228,1.0284,57.1649,0.943,0,,test
2025-12-22 07:00:00,BF.CW.PMP02,cooling_descaling_pump,1.0829,0.5542,57.0603,0.9904,0,,test
2025-12-22 08:00:00,BF.CW.PMP02,cooling_descaling_pump,1.2309,0.5233,57.889,0.9328,0,,test
2025-12-22 09:00:00,BF.CW.PMP02,cooling_descaling_pump,1.3142,0.4191,57.9376,0.8892,0,,test
2025-12-22 10:00:00,BF.CW.PMP02,cooling_descaling_pump,1.2157,0.5838,57.4024,0.9635,0,,test
2025-12-22 11:00:00,BF.CW.PMP02,cooling_descaling_pump,1.2902,0.0416,58.7645,1.0781,0,,test
2025-12-22 12:00:00,BF.CW.PMP02,cooling_descaling_pump,1.2133,-0.32,58.4685,1.0879,0,,test
2025-12-22 13:00:00,BF.CW.PMP02,cooling_descaling_pump,1.3845,-0.3944,58.9914,1.0787,0,,test
2025-12-22 14:00:00,BF.CW.PMP02,cooling_descaling_pump,1.3211,-0.7405,59.4456,1.1124,0,,test
2025-12-22 15:00:00,BF.CW.PMP02,cooling_descaling_pump,1.3204,0.0867,59.8862,1.1231,0,,test
2025-12-22 16:00:00,BF.CW.PMP02,cooling_descaling_pump,1.3197,-0.4199,59.4276,1.0857,0,,test
2025-12-22 17:00:00,BF.CW.PMP02,cooling_descaling_pump,1.3954,0.2221,59.679,1.1401,0,,test
2025-12-22 18:00:00,BF.CW.PMP02,cooling_descaling_pump,1.2957,0.6803,59.2236,1.0942,0,,test
2025-12-22 19:00:00,BF.CW.PMP02,cooling_descaling_pump,1.2622,1.1853,58.7668,1.0563,0,,test
2025-12-22 20:00:00,BF.CW.PMP02,cooling_descaling_pump,1.2579,0.938,58.8244,1.0843,0,,test
2025-12-22 21:00:00,BF.CW.PMP02,cooling_descaling_pump,1.2743,0.6716,58.8047,1.0649,0,,test
2025-12-22 22:00:00,BF.CW.PMP02,cooling_descaling_pump,1.3963,0.2554,59.3217,0.9975,0,,test
2025-12-22 23:00:00,BF.CW.PMP02,cooling_descaling_pump,1.253,-0.3839,59.653,0.9871,0,,test
2025-12-23 00:00:00,BF.CW.PMP02,cooling_descaling_pump,1.2468,0.109,61.7867,1.0587,0,,test
2025-12-23 01:00:00,BF.CW.PMP02,cooling_descaling_pump,1.1308,0.657,61.4666,1.2068,0,,test
2025-12-23 02:00:00,BF.CW.PMP02,cooling_descaling_pump,1.1075,0.6092,62.0767,1.2657,0,,test
2025-12-23 03:00:00,BF.CW.PMP02,cooling_descaling_pump,1.043,-0.0355,62.5643,1.2275,0,,test
2025-12-23 04:00:00,BF.CW.PMP02,cooling_descaling_pump,0.8492,0.1572,61.4989,1.1835,0,,test
2025-12-23 05:00:00,BF.CW.PMP02,cooling_descaling_pump,1.057,0.4772,62.5334,1.1587,0,,test
2025-12-23 06:00:00,BF.CW.PMP02,cooling_descaling_pump,0.9392,0.9964,60.4713,1.0179,0,,test
2025-12-23 07:00:00,BF.CW.PMP02,cooling_descaling_pump,0.9498,0.5626,59.6572,0.9567,0,,test
2025-12-23 08:00:00,BF.CW.PMP02,cooling_descaling_pump,0.9415,0.2888,59.1658,0.8911,0,,test
2025-12-23 09:00:00,BF.CW.PMP02,cooling_descaling_pump,1.035,0.0688,58.2567,0.7973,0,,test
2025-12-23 10:00:00,BF.CW.PMP02,cooling_descaling_pump,0.9561,0.1911,57.4331,0.7884,0,,test
2025-12-23 11:00:00,BF.CW.PMP02,cooling_descaling_pump,0.8694,0.6462,55.8105,0.8279,0,,test
2025-12-23 12:00:00,BF.CW.PMP02,cooling_descaling_pump,0.9364,0.1433,54.6533,0.7906,0,,test
2025-12-23 13:00:00,BF.CW.PMP02,cooling_descaling_pump,0.772,-0.1462,53.621,0.8323,0,,test
2025-12-23 14:00:00,BF.CW.PMP02,cooling_descaling_pump,0.8467,-0.4849,53.6179,0.9334,0,,test
2025-12-23 15:00:00,BF.CW.PMP02,cooling_descaling_pump,0.7694,-0.2917,52.8522,0.9668,0,,test
2025-12-23 16:00:00,BF.CW.PMP02,cooling_descaling_pump,0.8963,0.1054,51.8391,0.9141,0,,test
2025-12-23 17:00:00,BF.CW.PMP02,cooling_descaling_pump,0.8621,0.0034,50.7996,0.9049,0,,test
2025-12-23 18:00:00,BF.CW.PMP02,cooling_descaling_pump,0.9641,0.0685,51.8525,0.9883,0,,test
2025-12-23 19:00:00,BF.CW.PMP02,cooling_descaling_pump,0.9354,0.3054,52.0698,1.0484,0,,test
2025-12-23 20:00:00,BF.CW.PMP02,cooling_descaling_pump,0.9983,0.4976,50.5865,0.8762,0,,test
2025-12-23 21:00:00,BF.CW.PMP02,cooling_descaling_pump,0.9604,0.7699,51.4162,0.9131,0,,test
2025-12-23 22:00:00,BF.CW.PMP02,cooling_descaling_pump,1.1665,0.3837,52.7959,0.9891,0,,test
2025-12-23 23:00:00,BF.CW.PMP02,cooling_descaling_pump,1.2241,0.1823,53.6169,0.9614,0,,test
2025-12-24 00:00:00,BF.CW.PMP02,cooling_descaling_pump,1.0977,0.6837,53.2997,0.9717,0,,test
2025-12-24 01:00:00,BF.CW.PMP02,cooling_descaling_pump,1.1091,0.6145,54.6311,1.0495,0,,test
2025-12-24 02:00:00,BF.CW.PMP02,cooling_descaling_pump,1.1329,0.4528,54.3062,0.9408,0,,test
2025-12-24 03:00:00,BF.CW.PMP02,cooling_descaling_pump,1.1964,0.6792,54.4281,0.9596,0,,test
2025-12-24 04:00:00,BF.CW.PMP02,cooling_descaling_pump,0.9886,1.4271,53.1171,0.8855,0,,test
2025-12-24 05:00:00,BF.CW.PMP02,cooling_descaling_pump,0.9863,1.5317,52.9494,0.9628,0,,test
2025-12-24 06:00:00,BF.CW.PMP02,cooling_descaling_pump,0.9186,1.283,54.0049,1.0528,0,,test
2025-12-24 07:00:00,BF.CW.PMP02,cooling_descaling_pump,1.2407,0.5976,56.1419,1.0936,0,,test
2025-12-24 08:00:00,BF.CW.PMP02,cooling_descaling_pump,1.1987,0.1428,55.3628,1.0562,0,,test
2025-12-24 09:00:00,BF.CW.PMP02,cooling_descaling_pump,1.3483,-0.3023,56.8568,1.0228,0,,test
2025-12-24 10:00:00,BF.CW.PMP02,cooling_descaling_pump,1.4089,-0.7656,58.6189,1.0587,0,,test
2025-12-24 11:00:00,BF.CW.PMP02,cooling_descaling_pump,1.2573,-0.735,58.286,1.1439,0,,test
2025-12-24 12:00:00,BF.CW.PMP02,cooling_descaling_pump,1.2617,0.1577,58.6561,1.0991,0,,test
2025-12-24 13:00:00,BF.CW.PMP02,cooling_descaling_pump,1.1009,0.1027,57.4781,1.1259,0,,test
2025-12-24 14:00:00,BF.CW.PMP02,cooling_descaling_pump,1.2306,0.6959,57.4417,1.0635,0,,test
2025-12-24 15:00:00,BF.CW.PMP02,cooling_descaling_pump,1.2495,0.3078,57.2721,1.0927,0,,test
2025-12-24 16:00:00,BF.CW.PMP02,cooling_descaling_pump,1.4017,1.1858,58.3781,1.0808,0,,test
2025-12-24 17:00:00,BF.CW.PMP02,cooling_descaling_pump,1.2692,1.3908,60.0085,1.1055,0,,test
2025-12-24 18:00:00,BF.CW.PMP02,cooling_descaling_pump,1.3066,0.7455,63.0243,0.9771,0,,test
2025-12-24 19:00:00,BF.CW.PMP02,cooling_descaling_pump,1.1614,0.1912,69.5127,0.8873,0,,test
2025-12-24 20:00:00,BF.CW.PMP02,cooling_descaling_pump,1.2367,0.7619,77.0428,0.997,0,,test
2025-12-24 21:00:00,BF.CW.PMP02,cooling_descaling_pump,1.1704,0.8494,82.1399,0.968,0,,test
2025-12-24 22:00:00,BF.CW.PMP02,cooling_descaling_pump,1.0844,0.9796,82.2109,0.9411,0,,test
2025-12-24 23:00:00,BF.CW.PMP02,cooling_descaling_pump,1.086,0.2089,79.73,0.8534,0,,test
2025-12-25 00:00:00,BF.CW.PMP02,cooling_descaling_pump,1.1786,-0.2845,76.1599,0.9056,0,,test
2025-12-25 01:00:00,BF.CW.PMP02,cooling_descaling_pump,0.9962,0.1316,69.737,0.9949,0,,test
2025-12-25 02:00:00,BF.CW.PMP02,cooling_descaling_pump,0.9461,0.1784,63.3209,0.9527,0,,test
2025-12-25 03:00:00,BF.CW.PMP02,cooling_descaling_pump,0.9868,0.5902,58.2893,1.043,0,,test
2025-12-25 04:00:00,BF.CW.PMP02,cooling_descaling_pump,0.8953,0.9952,56.2393,1.0319,0,,test
2025-12-25 05:00:00,BF.CW.PMP02,cooling_descaling_pump,0.7803,0.8664,56.2022,1.0134,0,,test
2025-12-25 06:00:00,BF.CW.PMP02,cooling_descaling_pump,0.7244,-0.2448,57.462,1.0896,0,,test
2025-12-25 07:00:00,BF.CW.PMP02,cooling_descaling_pump,0.8671,0.0548,58.3301,1.2745,0,,test
2025-12-25 08:00:00,BF.CW.PMP02,cooling_descaling_pump,0.7718,0.0856,57.2671,1.2342,0,,test
2025-12-25 09:00:00,BF.CW.PMP02,cooling_descaling_pump,0.7224,-0.0542,54.6626,1.1461,0,,test
2025-12-25 10:00:00,BF.CW.PMP02,cooling_descaling_pump,0.6764,0.3419,54.3031,1.1077,0,,test
2025-12-25 11:00:00,BF.CW.PMP02,cooling_descaling_pump,0.7152,0.3471,54.2709,1.1567,0,,test
2025-12-25 12:00:00,BF.CW.PMP02,cooling_descaling_pump,0.8711,0.6993,54.8413,1.2434,0,,test
2025-12-25 13:00:00,BF.CW.PMP02,cooling_descaling_pump,0.8439,0.9703,54.6936,1.2268,0,,test
2025-12-25 14:00:00,BF.CW.PMP02,cooling_descaling_pump,0.8046,1.2328,55.4557,1.3499,0,,test
2025-12-25 15:00:00,BF.CW.PMP02,cooling_descaling_pump,0.7682,1.5067,55.028,1.372,0,,test
2025-12-25 16:00:00,BF.CW.PMP02,cooling_descaling_pump,0.7908,1.627,55.3733,1.3561,0,,test
2025-12-25 17:00:00,BF.CW.PMP02,cooling_descaling_pump,0.9172,2.1711,55.1583,1.2803,0,,test
2025-12-25 18:00:00,BF.CW.PMP02,cooling_descaling_pump,0.9685,1.8906,54.5323,1.1507,0,,test
2025-12-25 19:00:00,BF.CW.PMP02,cooling_descaling_pump,0.792,2.1371,53.7718,1.1801,0,,test
2025-12-25 20:00:00,BF.CW.PMP02,cooling_descaling_pump,0.7258,1.9747,55.0303,1.3154,0,,test
2025-12-25 21:00:00,BF.CW.PMP02,cooling_descaling_pump,0.8005,1.9117,56.7411,1.435,0,,test
2025-12-25 22:00:00,BF.CW.PMP02,cooling_descaling_pump,0.807,1.8277,57.1791,1.435,0,,test
2025-12-25 23:00:00,BF.CW.PMP02,cooling_descaling_pump,0.8251,1.3376,56.6984,1.4452,0,,test
2025-12-26 00:00:00,BF.CW.PMP02,cooling_descaling_pump,0.8887,1.1738,58.4197,1.5098,0,,test
2025-12-26 01:00:00,BF.CW.PMP02,cooling_descaling_pump,0.8676,0.9236,56.5441,1.2735,0,,test
2025-12-26 02:00:00,BF.CW.PMP02,cooling_descaling_pump,0.8744,0.2645,57.4779,1.2299,0,,test
2025-12-26 03:00:00,BF.CW.PMP02,cooling_descaling_pump,0.8464,0.3375,58.2796,1.2396,0,,test
2025-12-26 04:00:00,BF.CW.PMP02,cooling_descaling_pump,0.8689,0.1295,58.0466,1.3094,0,,test
2025-12-26 05:00:00,BF.CW.PMP02,cooling_descaling_pump,0.7755,0.1244,57.164,1.2623,0,,test
2025-12-26 06:00:00,BF.CW.PMP02,cooling_descaling_pump,0.7113,0.0639,55.857,1.2399,0,,test
2025-12-26 07:00:00,BF.CW.PMP02,cooling_descaling_pump,0.7476,0.129,55.8194,1.3281,0,,test
2025-12-26 08:00:00,BF.CW.PMP02,cooling_descaling_pump,0.6826,0.0529,55.9896,1.4055,0,,test
2025-12-26 09:00:00,BF.CW.PMP02,cooling_descaling_pump,0.7673,-0.389,54.7942,1.2742,0,,test
2025-12-26 10:00:00,BF.CW.PMP02,cooling_descaling_pump,0.6932,0.0118,54.6623,1.204,0,,test
2025-12-26 11:00:00,BF.CW.PMP02,cooling_descaling_pump,0.794,0.3395,54.4224,1.2363,0,,test
2025-12-26 12:00:00,BF.CW.PMP02,cooling_descaling_pump,0.8436,-0.3024,54.8624,1.3322,0,,test
2025-12-26 13:00:00,BF.CW.PMP02,cooling_descaling_pump,0.907,-0.1024,56.0696,1.3342,0,,test
2025-12-26 14:00:00,BF.CW.PMP02,cooling_descaling_pump,0.9771,-0.0772,56.5732,1.3264,0,,test
2025-12-26 15:00:00,BF.CW.PMP02,cooling_descaling_pump,1.142,0.5263,58.2848,1.3311,0,,test
2025-12-26 16:00:00,BF.CW.PMP02,cooling_descaling_pump,1.0165,0.8432,58.1867,1.322,0,,test
2025-12-26 17:00:00,BF.CW.PMP02,cooling_descaling_pump,1.1153,0.1396,57.485,1.3439,0,,test
2025-12-26 18:00:00,BF.CW.PMP02,cooling_descaling_pump,0.9922,0.0496,54.9464,1.1742,0,,test
2025-12-26 19:00:00,BF.CW.PMP02,cooling_descaling_pump,1.0343,-1.0762,55.2593,1.2562,0,,test
2025-12-26 20:00:00,BF.CW.PMP02,cooling_descaling_pump,1.0507,-0.8543,54.7443,1.2425,0,,test
2025-12-26 21:00:00,BF.CW.PMP02,cooling_descaling_pump,0.9757,-0.4391,54.6357,1.3179,0,,test
2025-12-26 22:00:00,BF.CW.PMP02,cooling_descaling_pump,0.9212,-0.4966,55.0095,1.2723,0,,test
2025-12-26 23:00:00,BF.CW.PMP02,cooling_descaling_pump,0.9336,-0.2959,56.6753,1.2628,0,,test
2025-12-27 00:00:00,BF.CW.PMP02,cooling_descaling_pump,0.9522,-1.0483,56.8933,1.357,0,,test
2025-12-27 01:00:00,BF.CW.PMP02,cooling_descaling_pump,0.9665,-0.8795,58.5487,1.3677,0,,test
2025-12-27 02:00:00,BF.CW.PMP02,cooling_descaling_pump,1.0377,-1.2215,59.5003,1.3477,0,,test
2025-12-27 03:00:00,BF.CW.PMP02,cooling_descaling_pump,1.1911,-1.412,60.4959,1.4299,0,,test
2025-12-27 04:00:00,BF.CW.PMP02,cooling_descaling_pump,1.1149,-1.4987,60.225,1.3933,0,,test
2025-12-27 05:00:00,BF.CW.PMP02,cooling_descaling_pump,1.1089,-1.4194,59.4282,1.3618,0,,test
2025-12-27 06:00:00,BF.CW.PMP02,cooling_descaling_pump,1.1187,-0.8245,59.773,1.3944,0,,test
2025-12-27 07:00:00,BF.CW.PMP02,cooling_descaling_pump,1.0402,-0.6261,59.2866,1.497,0,,test
2025-12-27 08:00:00,BF.CW.PMP02,cooling_descaling_pump,0.887,-0.9087,57.2549,1.3678,0,,test
2025-12-27 09:00:00,BF.CW.PMP02,cooling_descaling_pump,0.9158,-0.5701,56.2154,1.2973,0,,test
2025-12-27 10:00:00,BF.CW.PMP02,cooling_descaling_pump,0.9476,-0.4367,56.4377,1.3506,0,,test
2025-12-27 11:00:00,BF.CW.PMP02,cooling_descaling_pump,0.9673,-0.4588,55.7502,1.2596,0,,test
2025-12-27 12:00:00,BF.CW.PMP02,cooling_descaling_pump,1.0358,-0.5079,55.9176,1.24,0,,test
2025-12-27 13:00:00,BF.CW.PMP02,cooling_descaling_pump,1.0892,-0.9619,55.2445,1.1791,0,,test
2025-12-27 14:00:00,BF.CW.PMP02,cooling_descaling_pump,1.1564,-0.9523,55.4535,1.2367,0,,test
2025-12-27 15:00:00,BF.CW.PMP02,cooling_descaling_pump,1.076,-0.0898,54.7591,1.2225,0,,test
2025-12-27 16:00:00,BF.CW.PMP02,cooling_descaling_pump,1.0813,0.0617,54.6425,1.2146,0,,test
2025-12-27 17:00:00,BF.CW.PMP02,cooling_descaling_pump,1.1531,-0.5319,55.5961,1.1925,0,,test
2025-12-27 18:00:00,BF.CW.PMP02,cooling_descaling_pump,0.9119,-0.4984,53.9394,1.171,0,,test
2025-12-27 19:00:00,BF.CW.PMP02,cooling_descaling_pump,0.9114,-0.5296,51.3281,1.0481,0,,test
2025-12-27 20:00:00,BF.CW.PMP02,cooling_descaling_pump,1.0261,-0.4963,50.2339,0.9192,0,,test
2025-12-27 21:00:00,BF.CW.PMP02,cooling_descaling_pump,0.963,0.1275,50.3571,0.9534,0,,test
2025-12-27 22:00:00,BF.CW.PMP02,cooling_descaling_pump,1.0026,-0.5462,51.9711,0.9988,0,,test
2025-12-27 23:00:00,BF.CW.PMP02,cooling_descaling_pump,0.8822,-0.4512,50.5243,0.8998,0,,test
2025-12-28 00:00:00,BF.CW.PMP02,cooling_descaling_pump,0.9149,-0.3047,51.5988,0.9244,0,,test
2025-12-28 01:00:00,BF.CW.PMP02,cooling_descaling_pump,0.9553,0.1556,52.1305,0.946,0,,test
2025-12-28 02:00:00,BF.CW.PMP02,cooling_descaling_pump,0.8849,0.3643,52.3496,0.9905,0,,test
2025-12-28 03:00:00,BF.CW.PMP02,cooling_descaling_pump,0.9219,0.1804,54.4401,1.1791,0,,test
2025-12-28 04:00:00,BF.CW.PMP02,cooling_descaling_pump,1.0432,0.4328,55.5096,1.2129,0,,test
2025-12-28 05:00:00,BF.CW.PMP02,cooling_descaling_pump,0.9159,0.051,53.7662,1.0727,0,,test
2025-12-28 06:00:00,BF.CW.PMP02,cooling_descaling_pump,0.9925,0.1781,53.8694,0.9602,0,,test
2025-12-28 07:00:00,BF.CW.PMP02,cooling_descaling_pump,1.0641,-0.0262,53.512,0.8907,0,,test
2025-12-28 08:00:00,BF.CW.PMP02,cooling_descaling_pump,0.9438,-0.4897,51.6257,0.8482,0,,test
2025-12-28 09:00:00,BF.CW.PMP02,cooling_descaling_pump,0.9914,-0.4046,52.4138,0.9042,0,,test
2025-12-28 10:00:00,BF.CW.PMP02,cooling_descaling_pump,1.0194,-0.3313,50.8479,0.8521,0,,test
2025-12-28 11:00:00,BF.CW.PMP02,cooling_descaling_pump,1.0127,-0.1679,51.2494,0.8599,0,,test
2025-12-28 12:00:00,BF.CW.PMP02,cooling_descaling_pump,0.861,-0.2608,49.5403,0.8732,0,,test
2025-12-28 13:00:00,BF.CW.PMP02,cooling_descaling_pump,0.8017,-0.6832,47.7086,0.7848,0,,test
2025-12-28 14:00:00,BF.CW.PMP02,cooling_descaling_pump,0.9689,-1.3151,48.6382,0.7354,0,,test
2025-12-28 15:00:00,BF.CW.PMP02,cooling_descaling_pump,0.9238,-0.4276,47.37,0.7393,0,,test
2025-12-28 16:00:00,BF.CW.PMP02,cooling_descaling_pump,0.9302,-0.3998,47.6988,0.8608,0,,test
2025-12-28 17:00:00,BF.CW.PMP02,cooling_descaling_pump,0.8601,-0.0412,47.0199,0.8216,0,,test
2025-12-28 18:00:00,BF.CW.PMP02,cooling_descaling_pump,0.8672,-0.0444,47.3758,0.7688,0,,test
2025-12-28 19:00:00,BF.CW.PMP02,cooling_descaling_pump,0.8022,0.1033,45.3414,0.678,0,,test
2025-12-28 20:00:00,BF.CW.PMP02,cooling_descaling_pump,0.8875,-0.4525,45.6686,0.7527,0,,test
2025-12-28 21:00:00,BF.CW.PMP02,cooling_descaling_pump,0.8558,-0.6898,46.7427,0.8556,0,,test
2025-12-28 22:00:00,BF.CW.PMP02,cooling_descaling_pump,0.9594,0.2631,47.1573,0.8021,0,,test
2025-12-28 23:00:00,BF.CW.PMP02,cooling_descaling_pump,0.8894,0.728,46.434,0.8204,0,,test
2025-12-29 00:00:00,BF.CW.PMP02,cooling_descaling_pump,0.8867,0.169,46.8136,0.7151,0,,test
2025-12-29 01:00:00,BF.CW.PMP02,cooling_descaling_pump,0.8237,-0.0088,45.4107,0.584,0,,test
2025-12-29 02:00:00,BF.CW.PMP02,cooling_descaling_pump,1.0304,-0.5917,49.0417,0.6361,0,,test
2025-12-29 03:00:00,BF.CW.PMP02,cooling_descaling_pump,0.9097,-1.1703,48.43,0.6798,0,,test
2025-12-29 04:00:00,BF.CW.PMP02,cooling_descaling_pump,0.7168,-0.7751,47.6134,0.7032,0,,test
2025-12-29 05:00:00,BF.CW.PMP02,cooling_descaling_pump,0.6905,-0.9556,46.8306,0.7301,0,,test
2025-12-29 06:00:00,BF.CW.PMP02,cooling_descaling_pump,0.7248,-0.4446,47.2062,0.6487,0,,test
2025-12-29 07:00:00,BF.CW.PMP02,cooling_descaling_pump,0.8265,-0.4436,47.9385,0.7272,0,,test
2025-12-29 08:00:00,BF.CW.PMP02,cooling_descaling_pump,0.783,0.3333,47.4806,0.7704,0,,test
2025-12-29 09:00:00,BF.CW.PMP02,cooling_descaling_pump,1.0499,0.7674,48.0202,0.7999,0,,test
2025-12-29 10:00:00,BF.CW.PMP02,cooling_descaling_pump,0.9446,0.4926,48.0288,0.8385,0,,test
2025-12-29 11:00:00,BF.CW.PMP02,cooling_descaling_pump,0.9591,0.8405,47.0288,0.7695,0,,test
2025-12-29 12:00:00,BF.CW.PMP02,cooling_descaling_pump,0.8991,0.9357,45.7093,0.7598,0,,test
2025-12-29 13:00:00,BF.CW.PMP02,cooling_descaling_pump,1.0593,0.9594,46.3077,0.7172,0,,test
2025-12-29 14:00:00,BF.CW.PMP02,cooling_descaling_pump,1.0069,0.6894,46.4214,0.8528,0,,test
2025-12-29 15:00:00,BF.CW.PMP02,cooling_descaling_pump,1.087,-0.0127,47.4899,0.9221,0,,test
2025-12-29 16:00:00,BF.CW.PMP02,cooling_descaling_pump,1.1895,-0.4305,48.2513,0.9,0,,test
2025-12-29 17:00:00,BF.CW.PMP02,cooling_descaling_pump,1.3956,-0.4078,49.7388,0.9087,0,,test
2025-12-29 18:00:00,BF.CW.PMP02,cooling_descaling_pump,1.2935,-0.6811,50.2106,0.9166,0,,test
2025-12-29 19:00:00,BF.CW.PMP02,cooling_descaling_pump,1.2211,-1.0763,50.44,0.9786,0,,test
2025-12-29 20:00:00,BF.CW.PMP02,cooling_descaling_pump,1.0704,-1.034,49.9856,1.0096,0,,test
2025-12-29 21:00:00,BF.CW.PMP02,cooling_descaling_pump,1.1923,-1.2757,51.9261,1.0924,0,,test
2025-12-29 22:00:00,BF.CW.PMP02,cooling_descaling_pump,1.1826,-0.2075,53.5016,1.2051,0,,test
2025-12-29 23:00:00,BF.CW.PMP02,cooling_descaling_pump,1.3061,0.0347,54.3642,1.0344,0,,test
2025-12-30 00:00:00,BF.CW.PMP02,cooling_descaling_pump,1.4156,-0.2125,55.4712,1.0134,0,,test
2025-12-30 01:00:00,BF.CW.PMP02,cooling_descaling_pump,1.4216,-0.2166,56.9557,1.1287,0,,test
2025-12-30 02:00:00,BF.CW.PMP02,cooling_descaling_pump,1.3876,0.123,55.8662,1.0586,0,,test
2025-12-30 03:00:00,BF.CW.PMP02,cooling_descaling_pump,1.3675,0.1318,55.4453,1.0139,0,,test
2025-12-30 04:00:00,BF.CW.PMP02,cooling_descaling_pump,1.3612,-0.2158,57.4252,1.0719,0,,test
2025-12-30 05:00:00,BF.CW.PMP02,cooling_descaling_pump,1.2576,0.1988,57.9989,1.1736,0,,test
2025-12-30 06:00:00,BF.CW.PMP02,cooling_descaling_pump,1.3123,-0.1621,59.3541,1.1945,0,,test
2025-12-30 07:00:00,BF.CW.PMP02,cooling_descaling_pump,1.2884,-0.4144,59.3281,1.1908,0,,test
2025-12-30 08:00:00,BF.CW.PMP02,cooling_descaling_pump,1.2637,0.0452,60.5605,1.2968,0,,test
2025-12-30 09:00:00,BF.CW.PMP02,cooling_descaling_pump,1.2674,-0.0559,60.2199,1.2852,0,,test
2025-12-30 10:00:00,BF.CW.PMP02,cooling_descaling_pump,1.1155,0.2109,58.7693,1.3515,0,,test
2025-12-30 11:00:00,BF.CW.PMP02,cooling_descaling_pump,1.2302,0.2256,58.5104,1.2589,0,,test
2025-12-30 12:00:00,BF.CW.PMP02,cooling_descaling_pump,1.2827,0.4425,59.3093,1.3706,0,,test
2025-12-30 13:00:00,BF.CW.PMP02,cooling_descaling_pump,1.147,1.0815,58.1432,1.3162,0,,test
2025-12-30 14:00:00,BF.CW.PMP02,cooling_descaling_pump,1.1302,1.0135,58.8386,1.3533,0,,test
2025-12-30 15:00:00,BF.CW.PMP02,cooling_descaling_pump,1.199,1.3392,59.2881,1.3026,0,,test
2025-12-30 16:00:00,BF.CW.PMP02,cooling_descaling_pump,1.3008,1.7085,59.2461,1.219,0,,test
2025-12-30 17:00:00,BF.CW.PMP02,cooling_descaling_pump,1.2822,1.5889,59.097,1.2289,0,,test
2025-12-30 18:00:00,BF.CW.PMP02,cooling_descaling_pump,1.3432,2.2112,59.9319,1.1712,0,,test
2025-12-30 19:00:00,BF.CW.PMP02,cooling_descaling_pump,1.3968,2.0975,60.7815,1.2348,0,,test
2025-12-30 20:00:00,BF.CW.PMP02,cooling_descaling_pump,1.4459,2.478,61.4343,1.1881,0,,test
2025-12-30 21:00:00,BF.CW.PMP02,cooling_descaling_pump,1.4237,2.4207,61.3136,1.1264,0,,test
2025-12-30 22:00:00,BF.CW.PMP02,cooling_descaling_pump,1.3266,2.3684,60.3998,1.1215,0,,test
2025-12-30 23:00:00,BF.CW.PMP02,cooling_descaling_pump,1.3083,2.4566,61.2185,1.1304,0,,test
