timestamp,asset_id,equipment_class,JSR.HR.DSC.PMP01.PRES.SUC,JSR.HR.DSC.PMP01.PRES.DIS,JSR.HR.DSC.PMP01.AE.RMS,JSR.HR.DSC.PMP01.VIB.CAS.RMS,JSR.HR.DSC.PMP01.FLOW.DIS,JSR.HR.DSC.PMP01.TEMP.BRG,fault_label
2025-01-01 00:00:00,HSM.DSC.PMP01,cooling_descaling_pump,226.4411,197.4051,0.36,0.8706,403.4586,62.6217,0
2025-01-01 01:00:00,HSM.DSC.PMP01,cooling_descaling_pump,163.38,198.4307,-0.0933,1.1002,395.8608,60.9432,0
2025-01-01 02:00:00,HSM.DSC.PMP01,cooling_descaling_pump,220.4439,199.3873,0.4667,0.861,396.8477,55.1874,0
2025-01-01 03:00:00,HSM.DSC.PMP01,cooling_descaling_pump,160.7615,196.9669,-0.4707,1.1518,401.8062,57.2572,0
2025-01-01 04:00:00,HSM.DSC.PMP01,cooling_descaling_pump,160.2587,198.5091,-1.3522,0.7961,400.5125,47.0211,0
2025-01-01 05:00:00,HSM.DSC.PMP01,cooling_descaling_pump,197.8944,207.1344,0.8157,1.0881,395.5049,57.6754,0
2025-01-01 06:00:00,HSM.DSC.PMP01,cooling_descaling_pump,165.6935,201.3498,-0.3711,1.0959,397.5708,52.776,0
2025-01-01 07:00:00,HSM.DSC.PMP01,cooling_descaling_pump,209.8113,199.9929,-0.126,1.1312,404.5627,51.3667,0
2025-01-01 08:00:00,HSM.DSC.PMP01,cooling_descaling_pump,177.1244,203.363,-0.3522,1.1489,395.2139,58.1279,0
2025-01-01 09:00:00,HSM.DSC.PMP01,cooling_descaling_pump,139.6459,205.3287,0.3126,0.9217,400.9267,52.9012,0
2025-01-01 10:00:00,HSM.DSC.PMP01,cooling_descaling_pump,197.2987,197.9249,-1.2722,0.5423,408.6346,45.3264,0
2025-01-01 11:00:00,HSM.DSC.PMP01,cooling_descaling_pump,198.1371,202.1955,0.7455,1.0222,397.4987,54.9588,0
2025-01-01 12:00:00,HSM.DSC.PMP01,cooling_descaling_pump,225.6522,197.1378,-0.3122,0.8002,397.4097,52.5705,0
2025-01-01 13:00:00,HSM.DSC.PMP01,cooling_descaling_pump,207.9467,198.8096,0.8763,0.9386,402.7825,50.4303,0
2025-01-01 14:00:00,HSM.DSC.PMP01,cooling_descaling_pump,202.177,200.2327,0.017,0.9626,401.2371,56.8602,0
2025-01-01 15:00:00,HSM.DSC.PMP01,cooling_descaling_pump,195.411,201.3664,-0.7302,1.0632,395.7846,51.7564,0
2025-01-01 16:00:00,HSM.DSC.PMP01,cooling_descaling_pump,185.7241,196.351,0.4442,1.3127,395.4759,50.3755,0
2025-01-01 17:00:00,HSM.DSC.PMP01,cooling_descaling_pump,174.7489,206.8647,0.3788,1.0328,394.6084,51.7115,0
2025-01-01 18:00:00,HSM.DSC.PMP01,cooling_descaling_pump,150.2437,200.9038,-0.043,1.2072,399.8994,55.3446,0
2025-01-01 19:00:00,HSM.DSC.PMP01,cooling_descaling_pump,179.4206,191.1485,-1.2817,1.0598,402.7195,47.3959,0
2025-01-01 20:00:00,HSM.DSC.PMP01,cooling_descaling_pump,166.9414,199.4809,0.344,1.0405,403.4945,57.6131,0
2025-01-01 21:00:00,HSM.DSC.PMP01,cooling_descaling_pump,179.2127,202.4755,0.6775,1.1121,392.6689,58.1333,0
2025-01-01 22:00:00,HSM.DSC.PMP01,cooling_descaling_pump,220.6163,206.4483,0.838,0.8959,393.5147,57.0781,0
2025-01-01 23:00:00,HSM.DSC.PMP01,cooling_descaling_pump,196.2151,198.2683,-0.4021,1.2372,402.2162,57.023,0
2025-01-02 00:00:00,HSM.DSC.PMP01,cooling_descaling_pump,183.8965,201.3952,-0.7018,1.0067,402.6074,52.0745,0
2025-01-02 01:00:00,HSM.DSC.PMP01,cooling_descaling_pump,151.2753,203.5718,0.1743,1.0289,400.155,48.1481,0
2025-01-02 02:00:00,HSM.DSC.PMP01,cooling_descaling_pump,165.2713,199.661,-0.1445,1.1825,398.0376,59.0889,0
2025-01-02 03:00:00,HSM.DSC.PMP01,cooling_descaling_pump,152.0426,197.4261,-0.0974,1.1391,395.357,48.5295,0
2025-01-02 04:00:00,HSM.DSC.PMP01,cooling_descaling_pump,206.6531,203.3618,0.3593,0.984,398.1968,59.9661,0
2025-01-02 05:00:00,HSM.DSC.PMP01,cooling_descaling_pump,228.1408,202.0316,0.4042,1.3599,396.3725,64.1427,0
2025-01-02 06:00:00,HSM.DSC.PMP01,cooling_descaling_pump,182.0081,200.3474,-0.3268,0.8087,392.7351,50.392,0
2025-01-02 07:00:00,HSM.DSC.PMP01,cooling_descaling_pump,153.0947,198.0606,-0.0561,1.1079,399.7952,58.7419,0
2025-01-02 08:00:00,HSM.DSC.PMP01,cooling_descaling_pump,201.1381,200.767,0.0268,0.7557,406.6344,52.8788,0
2025-01-02 09:00:00,HSM.DSC.PMP01,cooling_descaling_pump,185.3626,196.1359,0.4198,1.067,397.9854,52.5089,0
2025-01-02 10:00:00,HSM.DSC.PMP01,cooling_descaling_pump,181.7451,200.1837,0.1756,1.1616,398.8486,63.702,0
2025-01-02 11:00:00,HSM.DSC.PMP01,cooling_descaling_pump,173.8413,197.3294,0.2342,1.0197,405.227,63.6498,0
2025-01-02 12:00:00,HSM.DSC.PMP01,cooling_descaling_pump,131.0926,200.4158,0.9874,1.2076,404.5869,60.0066,0
2025-01-02 13:00:00,HSM.DSC.PMP01,cooling_descaling_pump,174.5646,201.9643,-0.5498,1.0832,397.3391,54.9017,0
2025-01-02 14:00:00,HSM.DSC.PMP01,cooling_descaling_pump,155.1121,197.794,1.0042,1.2481,398.1564,60.6211,0
2025-01-02 15:00:00,HSM.DSC.PMP01,cooling_descaling_pump,171.23,202.3445,0.2544,0.9933,397.7228,58.3623,0
2025-01-02 16:00:00,HSM.DSC.PMP01,cooling_descaling_pump,193.1135,195.4137,0.2847,1.117,397.3929,52.8124,0
2025-01-02 17:00:00,HSM.DSC.PMP01,cooling_descaling_pump,187.2099,196.7341,-0.7526,0.9458,403.4765,49.8167,0
2025-01-02 18:00:00,HSM.DSC.PMP01,cooling_descaling_pump,158.4239,202.1249,0.1092,1.127,403.0616,57.1091,0
2025-01-02 19:00:00,HSM.DSC.PMP01,cooling_descaling_pump,201.1119,196.3952,0.126,0.975,399.2288,53.7197,0
2025-01-02 20:00:00,HSM.DSC.PMP01,cooling_descaling_pump,193.2222,199.0096,0.4008,1.0973,405.1907,51.5433,0
2025-01-02 21:00:00,HSM.DSC.PMP01,cooling_descaling_pump,202.3613,199.7933,-0.1697,0.8629,397.6772,52.6209,0
2025-01-02 22:00:00,HSM.DSC.PMP01,cooling_descaling_pump,191.4961,198.945,0.7064,0.7143,400.6873,47.3427,0
2025-01-02 23:00:00,HSM.DSC.PMP01,cooling_descaling_pump,160.7307,195.7617,0.689,0.9363,406.5135,53.5699,0
2025-01-03 00:00:00,HSM.DSC.PMP01,cooling_descaling_pump,178.848,200.7384,-0.3394,0.9691,403.2554,59.3931,0
2025-01-03 01:00:00,HSM.DSC.PMP01,cooling_descaling_pump,183.7754,200.8872,-0.7455,1.0365,400.252,53.7467,0
2025-01-03 02:00:00,HSM.DSC.PMP01,cooling_descaling_pump,194.9849,204.2984,0.1547,0.7682,399.7987,47.8579,0
2025-01-03 03:00:00,HSM.DSC.PMP01,cooling_descaling_pump,219.0569,200.4214,-0.7736,0.838,404.4948,57.1278,0
2025-01-03 04:00:00,HSM.DSC.PMP01,cooling_descaling_pump,193.6261,200.4663,0.5183,1.215,403.3482,58.4633,0
2025-01-03 05:00:00,HSM.DSC.PMP01,cooling_descaling_pump,194.8281,203.8375,-0.2161,0.8611,401.8503,58.2101,0
2025-01-03 06:00:00,HSM.DSC.PMP01,cooling_descaling_pump,205.747,201.5152,-0.0703,0.9178,399.0909,55.2806,0
2025-01-03 07:00:00,HSM.DSC.PMP01,cooling_descaling_pump,189.604,197.4515,-0.4391,1.1282,399.4186,54.8783,0
2025-01-03 08:00:00,HSM.DSC.PMP01,cooling_descaling_pump,190.7756,203.2881,0.2535,1.0475,397.55,58.5155,0
2025-01-03 09:00:00,HSM.DSC.PMP01,cooling_descaling_pump,147.7048,205.5018,-0.895,1.1851,399.4499,61.787,0
2025-01-03 10:00:00,HSM.DSC.PMP01,cooling_descaling_pump,213.3172,197.8507,-1.5364,0.9703,406.6687,59.92,0
2025-01-03 11:00:00,HSM.DSC.PMP01,cooling_descaling_pump,203.1663,199.45,-0.8398,0.8371,406.3879,54.1712,0
2025-01-03 12:00:00,HSM.DSC.PMP01,cooling_descaling_pump,221.5212,198.524,-0.7303,1.1923,397.9274,61.2648,0
2025-01-03 13:00:00,HSM.DSC.PMP01,cooling_descaling_pump,203.8904,200.1369,-0.8357,1.0356,399.4167,53.4181,0
2025-01-03 14:00:00,HSM.DSC.PMP01,cooling_descaling_pump,166.2671,194.7839,-1.634,1.1244,396.0651,54.3746,0
2025-01-03 15:00:00,HSM.DSC.PMP01,cooling_descaling_pump,201.5468,198.4211,-1.0078,1.0686,405.732,60.4102,0
2025-01-03 16:00:00,HSM.DSC.PMP01,cooling_descaling_pump,181.0177,202.8367,-0.3388,1.031,402.4033,55.5445,0
2025-01-03 17:00:00,HSM.DSC.PMP01,cooling_descaling_pump,175.0337,192.405,-0.3057,1.0622,400.4269,48.2137,0
2025-01-03 18:00:00,HSM.DSC.PMP01,cooling_descaling_pump,197.4702,202.6215,-0.1814,0.9193,398.4817,58.2432,0
2025-01-03 19:00:00,HSM.DSC.PMP01,cooling_descaling_pump,203.7425,202.0505,0.2643,0.8981,404.8418,63.1962,0
2025-01-03 20:00:00,HSM.DSC.PMP01,cooling_descaling_pump,181.6874,207.2246,1.0004,0.7217,404.3353,46.734,0
2025-01-03 21:00:00,HSM.DSC.PMP01,cooling_descaling_pump,168.23,199.6441,-0.0015,1.147,397.9781,52.1815,0
2025-01-03 22:00:00,HSM.DSC.PMP01,cooling_descaling_pump,149.0888,194.3366,-0.2733,1.1246,401.5632,53.1649,0
2025-01-03 23:00:00,HSM.DSC.PMP01,cooling_descaling_pump,169.0461,196.5853,-0.0597,1.2261,399.8285,60.0628,0
2025-01-04 00:00:00,HSM.DSC.PMP01,cooling_descaling_pump,206.3166,200.1989,-0.171,0.9885,398.0949,61.4342,0
2025-01-04 01:00:00,HSM.DSC.PMP01,cooling_descaling_pump,136.2821,197.0098,-0.4071,1.1869,401.833,62.8781,0
2025-01-04 02:00:00,HSM.DSC.PMP01,cooling_descaling_pump,151.1431,199.3436,-0.4475,1.0995,399.6532,60.6631,0
2025-01-04 03:00:00,HSM.DSC.PMP01,cooling_descaling_pump,209.6214,198.6055,-0.4858,1.0219,409.5546,55.088,0
2025-01-04 04:00:00,HSM.DSC.PMP01,cooling_descaling_pump,222.3031,200.0413,1.1084,0.9108,395.814,60.7435,0
2025-01-04 05:00:00,HSM.DSC.PMP01,cooling_descaling_pump,196.7894,191.1044,1.324,1.2065,395.3492,56.5214,0
2025-01-04 06:00:00,HSM.DSC.PMP01,cooling_descaling_pump,240.5358,195.3283,-0.1721,0.9169,403.6772,55.3915,0
2025-01-04 07:00:00,HSM.DSC.PMP01,cooling_descaling_pump,162.6515,200.8348,0.7792,1.1015,398.7546,55.9069,0
2025-01-04 08:00:00,HSM.DSC.PMP01,cooling_descaling_pump,170.4372,202.1516,-1.1079,1.0686,398.5695,56.6731,0
2025-01-04 09:00:00,HSM.DSC.PMP01,cooling_descaling_pump,234.3137,204.193,0.0505,0.8962,402.0431,57.4053,0
2025-01-04 10:00:00,HSM.DSC.PMP01,cooling_descaling_pump,224.5425,203.1808,0.9958,0.7611,400.0005,54.1198,0
2025-01-04 11:00:00,HSM.DSC.PMP01,cooling_descaling_pump,181.413,196.2257,-0.5904,1.1777,403.8475,58.1105,0
2025-01-04 12:00:00,HSM.DSC.PMP01,cooling_descaling_pump,184.3221,201.4413,0.3422,1.1335,400.1207,58.282,0
2025-01-04 13:00:00,HSM.DSC.PMP01,cooling_descaling_pump,176.4411,199.9688,-0.4519,1.1976,394.8045,60.0907,0
2025-01-04 14:00:00,HSM.DSC.PMP01,cooling_descaling_pump,182.3718,201.5635,0.5856,1.0244,396.7864,52.3061,0
2025-01-04 15:00:00,HSM.DSC.PMP01,cooling_descaling_pump,211.6632,197.0857,-0.2819,1.1245,399.3663,54.1436,0
2025-01-04 16:00:00,HSM.DSC.PMP01,cooling_descaling_pump,164.4816,199.0824,-0.1106,1.1397,406.8567,54.471,0
2025-01-04 17:00:00,HSM.DSC.PMP01,cooling_descaling_pump,159.7038,198.2382,-0.4411,1.1381,397.4824,57.689,0
2025-01-04 18:00:00,HSM.DSC.PMP01,cooling_descaling_pump,147.0153,196.4251,-0.2799,1.012,397.3594,48.2281,0
2025-01-04 19:00:00,HSM.DSC.PMP01,cooling_descaling_pump,148.026,201.9612,0.4666,0.974,393.7125,46.9307,0
2025-01-04 20:00:00,HSM.DSC.PMP01,cooling_descaling_pump,191.3431,197.5419,-0.5662,0.5942,399.0729,44.878,0
2025-01-04 21:00:00,HSM.DSC.PMP01,cooling_descaling_pump,187.8343,198.9733,-1.5389,1.0931,404.2535,61.0983,0
2025-01-04 22:00:00,HSM.DSC.PMP01,cooling_descaling_pump,181.8441,201.4425,-1.0712,0.9955,393.767,51.8694,0
2025-01-04 23:00:00,HSM.DSC.PMP01,cooling_descaling_pump,173.1359,199.9632,0.3342,1.0063,395.3913,51.1444,0
2025-01-05 00:00:00,HSM.DSC.PMP01,cooling_descaling_pump,199.5954,202.1504,0.0804,0.9399,400.5042,57.9785,0
2025-01-05 01:00:00,HSM.DSC.PMP01,cooling_descaling_pump,207.3228,202.7984,-0.38,1.1204,393.7346,60.0278,0
2025-01-05 02:00:00,HSM.DSC.PMP01,cooling_descaling_pump,167.6696,204.4591,-0.852,0.8797,405.5901,57.8568,0
2025-01-05 03:00:00,HSM.DSC.PMP01,cooling_descaling_pump,212.2373,203.5512,0.4443,0.98,400.8881,53.592,0
2025-01-05 04:00:00,HSM.DSC.PMP01,cooling_descaling_pump,161.604,198.4942,-0.1746,1.1673,407.6109,57.0848,0
2025-01-05 05:00:00,HSM.DSC.PMP01,cooling_descaling_pump,190.4875,197.2012,0.5346,1.0258,398.0915,46.9946,0
2025-01-05 06:00:00,HSM.DSC.PMP01,cooling_descaling_pump,201.006,199.2854,-0.008,0.9573,399.4962,54.6635,0
2025-01-05 07:00:00,HSM.DSC.PMP01,cooling_descaling_pump,210.0661,202.3567,-0.7826,0.9147,404.8285,52.9726,0
2025-01-05 08:00:00,HSM.DSC.PMP01,cooling_descaling_pump,184.958,199.0035,-0.8142,0.8017,405.8882,56.4542,0
2025-01-05 09:00:00,HSM.DSC.PMP01,cooling_descaling_pump,232.0613,199.4258,0.1307,1.1567,398.1305,71.327,0
2025-01-05 10:00:00,HSM.DSC.PMP01,cooling_descaling_pump,190.0091,202.0781,-1.0099,0.9678,401.6407,54.2993,0
2025-01-05 11:00:00,HSM.DSC.PMP01,cooling_descaling_pump,161.4318,199.1513,-0.0877,1.4021,400.5182,61.2069,0
2025-01-05 12:00:00,HSM.DSC.PMP01,cooling_descaling_pump,173.5145,198.7962,-0.9081,1.1044,395.3579,54.3822,0
2025-01-05 13:00:00,HSM.DSC.PMP01,cooling_descaling_pump,201.6157,202.4299,-0.408,0.9739,403.5099,60.9175,0
2025-01-05 14:00:00,HSM.DSC.PMP01,cooling_descaling_pump,205.2018,199.5773,0.1358,1.0182,397.9171,54.3392,0
2025-01-05 15:00:00,HSM.DSC.PMP01,cooling_descaling_pump,187.0576,196.9918,0.3395,1.1735,398.3088,51.3571,0
2025-01-05 16:00:00,HSM.DSC.PMP01,cooling_descaling_pump,234.1195,198.1531,-0.12,0.8443,401.1569,58.1259,0
2025-01-05 17:00:00,HSM.DSC.PMP01,cooling_descaling_pump,213.178,192.0561,0.0994,1.1778,395.9497,55.1668,0
2025-01-05 18:00:00,HSM.DSC.PMP01,cooling_descaling_pump,186.64,196.9589,0.6696,0.8723,401.4675,49.0423,0
2025-01-05 19:00:00,HSM.DSC.PMP01,cooling_descaling_pump,149.355,200.4746,-0.2757,0.9251,401.379,43.0409,0
2025-01-05 20:00:00,HSM.DSC.PMP01,cooling_descaling_pump,208.3601,201.0767,-0.2952,0.9229,398.5575,46.0871,0
2025-01-05 21:00:00,HSM.DSC.PMP01,cooling_descaling_pump,199.5337,202.6695,-0.1907,0.9473,401.999,55.4299,0
2025-01-05 22:00:00,HSM.DSC.PMP01,cooling_descaling_pump,198.0228,200.6395,0.0196,1.0149,402.6106,59.231,0
2025-01-05 23:00:00,HSM.DSC.PMP01,cooling_descaling_pump,178.5593,201.8994,-0.5276,0.9138,410.9698,51.4962,0
2025-01-06 00:00:00,HSM.DSC.PMP01,cooling_descaling_pump,185.0103,195.353,-0.9013,1.3443,397.2521,63.5894,0
2025-01-06 01:00:00,HSM.DSC.PMP01,cooling_descaling_pump,197.0421,204.903,-1.055,0.8506,407.264,56.8398,0
2025-01-06 02:00:00,HSM.DSC.PMP01,cooling_descaling_pump,188.2972,195.1208,0.4924,1.1192,401.0839,52.9901,0
2025-01-06 03:00:00,HSM.DSC.PMP01,cooling_descaling_pump,172.9179,199.4591,0.3133,0.9996,399.5247,58.2464,0
2025-01-06 04:00:00,HSM.DSC.PMP01,cooling_descaling_pump,221.9302,204.2357,-0.0995,0.8543,399.3154,48.4285,0
2025-01-06 05:00:00,HSM.DSC.PMP01,cooling_descaling_pump,220.6086,203.2293,0.9159,0.884,405.8275,62.5421,0
2025-01-06 06:00:00,HSM.DSC.PMP01,cooling_descaling_pump,178.3445,203.0526,0.6991,1.0147,399.9546,59.9089,0
2025-01-06 07:00:00,HSM.DSC.PMP01,cooling_descaling_pump,166.7877,200.6613,0.6383,1.2098,397.554,60.1719,0
2025-01-06 08:00:00,HSM.DSC.PMP01,cooling_descaling_pump,208.1141,194.807,-0.9842,1.0908,397.5491,52.2117,0
2025-01-06 09:00:00,HSM.DSC.PMP01,cooling_descaling_pump,151.7505,206.5628,-0.0018,0.9437,401.05,55.5056,0
2025-01-06 10:00:00,HSM.DSC.PMP01,cooling_descaling_pump,200.9672,207.3671,-1.8987,0.9808,395.8961,54.9416,0
2025-01-06 11:00:00,HSM.DSC.PMP01,cooling_descaling_pump,194.587,197.6495,0.0044,1.0103,392.5437,51.9508,0
2025-01-06 12:00:00,HSM.DSC.PMP01,cooling_descaling_pump,158.2423,198.5682,0.3104,1.1205,407.2325,53.9218,0
2025-01-06 13:00:00,HSM.DSC.PMP01,cooling_descaling_pump,153.8923,198.9408,0.6599,1.0541,399.8194,53.5698,0
2025-01-06 14:00:00,HSM.DSC.PMP01,cooling_descaling_pump,213.351,198.3898,0.143,1.0244,393.5425,51.0149,0
2025-01-06 15:00:00,HSM.DSC.PMP01,cooling_descaling_pump,169.772,196.8411,1.1363,0.7406,400.5292,45.8322,0
2025-01-06 16:00:00,HSM.DSC.PMP01,cooling_descaling_pump,171.9958,195.5341,-0.1351,1.2091,396.7391,62.7258,0
2025-01-06 17:00:00,HSM.DSC.PMP01,cooling_descaling_pump,222.9582,201.0699,-0.6882,0.4802,406.8871,49.9032,0
2025-01-06 18:00:00,HSM.DSC.PMP01,cooling_descaling_pump,157.5758,201.0412,0.1053,0.9987,398.1159,59.0444,0
2025-01-06 19:00:00,HSM.DSC.PMP01,cooling_descaling_pump,153.0274,200.7148,0.1968,1.1658,404.4942,58.7555,0
2025-01-06 20:00:00,HSM.DSC.PMP01,cooling_descaling_pump,199.5825,193.8622,0.3118,1.0657,400.1721,58.1598,0
2025-01-06 21:00:00,HSM.DSC.PMP01,cooling_descaling_pump,169.5044,199.589,0.7798,0.9958,403.577,52.7321,0
2025-01-06 22:00:00,HSM.DSC.PMP01,cooling_descaling_pump,172.9612,202.625,0.1078,1.057,402.6371,55.6045,0
2025-01-06 23:00:00,HSM.DSC.PMP01,cooling_descaling_pump,184.2045,195.3548,0.9451,1.1325,400.0075,56.3562,0
2025-01-07 00:00:00,HSM.DSC.PMP01,cooling_descaling_pump,181.9182,193.0745,-0.8169,1.0346,400.022,52.6959,0
2025-01-07 01:00:00,HSM.DSC.PMP01,cooling_descaling_pump,186.9158,205.2764,0.6836,0.805,405.1431,49.1151,0
2025-01-07 02:00:00,HSM.DSC.PMP01,cooling_descaling_pump,202.8819,198.8526,0.0593,0.9342,397.6575,50.5576,0
2025-01-07 03:00:00,HSM.DSC.PMP01,cooling_descaling_pump,219.1378,207.5115,-0.4471,0.6456,397.3824,52.6954,0
2025-01-07 04:00:00,HSM.DSC.PMP01,cooling_descaling_pump,186.7933,197.1158,0.3886,1.1365,405.7663,63.7196,0
2025-01-07 05:00:00,HSM.DSC.PMP01,cooling_descaling_pump,171.5253,201.1023,0.8895,1.0831,405.9267,53.8582,0
2025-01-07 06:00:00,HSM.DSC.PMP01,cooling_descaling_pump,211.8042,200.3307,0.5672,0.9009,398.2183,56.4257,0
2025-01-07 07:00:00,HSM.DSC.PMP01,cooling_descaling_pump,253.5437,195.2511,0.2985,0.9943,398.2417,65.1992,0
2025-01-07 08:00:00,HSM.DSC.PMP01,cooling_descaling_pump,209.8958,197.5085,-0.6191,1.2062,401.6293,62.7013,0
2025-01-07 09:00:00,HSM.DSC.PMP01,cooling_descaling_pump,214.5808,204.8522,-0.5129,0.8706,401.8793,52.0943,0
2025-01-07 10:00:00,HSM.DSC.PMP01,cooling_descaling_pump,207.534,198.0105,-1.0702,1.0992,399.1797,62.7107,0
2025-01-07 11:00:00,HSM.DSC.PMP01,cooling_descaling_pump,186.7109,198.1898,0.2246,0.978,396.6603,53.4126,0
2025-01-07 12:00:00,HSM.DSC.PMP01,cooling_descaling_pump,181.1469,201.7659,-0.2908,0.911,391.9738,50.7154,0
2025-01-07 13:00:00,HSM.DSC.PMP01,cooling_descaling_pump,137.6045,196.9844,-0.4297,1.1517,399.3216,57.2663,0
2025-01-07 14:00:00,HSM.DSC.PMP01,cooling_descaling_pump,213.4112,202.9476,0.809,0.6919,412.2078,51.6394,0
2025-01-07 15:00:00,HSM.DSC.PMP01,cooling_descaling_pump,168.9793,197.578,0.5029,0.563,400.4995,54.5796,0
2025-01-07 16:00:00,HSM.DSC.PMP01,cooling_descaling_pump,202.1993,204.7457,-0.5063,0.6062,399.9619,49.6685,0
2025-01-07 17:00:00,HSM.DSC.PMP01,cooling_descaling_pump,204.4389,202.3412,-0.9555,0.6444,396.6199,49.3611,0
2025-01-07 18:00:00,HSM.DSC.PMP01,cooling_descaling_pump,218.0653,192.7049,0.7722,0.9889,400.0109,57.475,0
2025-01-07 19:00:00,HSM.DSC.PMP01,cooling_descaling_pump,187.8422,198.8497,-1.3112,1.1242,400.4803,59.7509,0
2025-01-07 20:00:00,HSM.DSC.PMP01,cooling_descaling_pump,216.1959,199.1512,0.4121,0.7799,401.1495,52.7412,0
2025-01-07 21:00:00,HSM.DSC.PMP01,cooling_descaling_pump,176.4939,200.4887,-0.2079,0.9519,398.5124,58.6922,0
2025-01-07 22:00:00,HSM.DSC.PMP01,cooling_descaling_pump,164.7742,201.013,-0.5557,1.1238,400.8485,54.1953,0
2025-01-07 23:00:00,HSM.DSC.PMP01,cooling_descaling_pump,188.5041,198.4849,1.2096,1.0453,391.065,58.5416,0
2025-01-08 00:00:00,HSM.DSC.PMP01,cooling_descaling_pump,201.6769,200.9069,0.2275,1.0087,400.6326,58.3913,0
2025-01-08 01:00:00,HSM.DSC.PMP01,cooling_descaling_pump,169.6428,197.2415,-0.9778,1.0462,396.8013,58.2946,0
2025-01-08 02:00:00,HSM.DSC.PMP01,cooling_descaling_pump,167.4942,201.9485,-0.7916,1.0848,400.6415,66.6599,0
2025-01-08 03:00:00,HSM.DSC.PMP01,cooling_descaling_pump,212.1673,205.0694,-0.6657,0.6971,390.5847,40.6156,0
2025-01-08 04:00:00,HSM.DSC.PMP01,cooling_descaling_pump,227.4707,198.6124,-0.3969,1.1958,399.3803,62.6609,0
2025-01-08 05:00:00,HSM.DSC.PMP01,cooling_descaling_pump,213.4656,199.2012,0.6961,1.0221,399.0141,60.3939,0
2025-01-08 06:00:00,HSM.DSC.PMP01,cooling_descaling_pump,190.468,204.0842,-0.7761,0.7442,405.3284,52.2,0
2025-01-08 07:00:00,HSM.DSC.PMP01,cooling_descaling_pump,204.3316,198.8745,0.7451,0.9505,400.2131,57.377,0
2025-01-08 08:00:00,HSM.DSC.PMP01,cooling_descaling_pump,196.4169,205.5714,0.8443,0.885,400.9202,45.8002,0
2025-01-08 09:00:00,HSM.DSC.PMP01,cooling_descaling_pump,164.3827,202.75,-0.3768,1.1796,402.7382,56.5105,0
2025-01-08 10:00:00,HSM.DSC.PMP01,cooling_descaling_pump,194.7046,197.0012,0.2434,1.1922,398.1427,58.3313,0
2025-01-08 11:00:00,HSM.DSC.PMP01,cooling_descaling_pump,164.0629,204.8041,-0.2249,0.9456,397.7914,45.572,0
2025-01-08 12:00:00,HSM.DSC.PMP01,cooling_descaling_pump,178.2723,199.4269,-0.1687,1.1919,400.6846,56.7896,0
2025-01-08 13:00:00,HSM.DSC.PMP01,cooling_descaling_pump,232.6062,202.3746,0.4191,1.0491,402.762,57.1378,0
2025-01-08 14:00:00,HSM.DSC.PMP01,cooling_descaling_pump,183.5458,205.8614,-0.133,0.889,401.4967,59.1484,0
2025-01-08 15:00:00,HSM.DSC.PMP01,cooling_descaling_pump,197.6076,196.7883,0.1019,1.1768,395.525,56.8933,0
2025-01-08 16:00:00,HSM.DSC.PMP01,cooling_descaling_pump,186.591,193.667,0.5601,0.9357,406.1833,56.6191,0
2025-01-08 17:00:00,HSM.DSC.PMP01,cooling_descaling_pump,204.0717,198.8703,-0.2995,0.7619,399.7896,42.4978,0
2025-01-08 18:00:00,HSM.DSC.PMP01,cooling_descaling_pump,214.7751,199.2124,-0.2381,0.8279,396.4828,50.8805,0
2025-01-08 19:00:00,HSM.DSC.PMP01,cooling_descaling_pump,151.8571,196.5872,0.2217,1.0037,402.6656,61.7958,0
2025-01-08 20:00:00,HSM.DSC.PMP01,cooling_descaling_pump,184.8121,197.7151,-0.6228,1.1307,395.3306,55.9354,0
2025-01-08 21:00:00,HSM.DSC.PMP01,cooling_descaling_pump,168.5396,197.3243,0.0277,1.1809,399.5048,59.9919,0
2025-01-08 22:00:00,HSM.DSC.PMP01,cooling_descaling_pump,201.664,203.6597,-0.3577,0.7931,402.3185,47.6549,0
2025-01-08 23:00:00,HSM.DSC.PMP01,cooling_descaling_pump,161.7553,204.7961,-0.6627,0.9318,396.7981,51.6273,0
2025-01-09 00:00:00,HSM.DSC.PMP01,cooling_descaling_pump,163.3335,198.5502,-0.1877,0.8736,393.0485,48.0837,0
2025-01-09 01:00:00,HSM.DSC.PMP01,cooling_descaling_pump,172.3088,198.0669,-0.1646,1.2045,398.049,61.135,0
2025-01-09 02:00:00,HSM.DSC.PMP01,cooling_descaling_pump,180.7763,205.3087,-0.5986,0.8907,402.2628,54.6257,0
2025-01-09 03:00:00,HSM.DSC.PMP01,cooling_descaling_pump,212.1182,204.758,0.491,1.1442,401.5311,66.9291,0
2025-01-09 04:00:00,HSM.DSC.PMP01,cooling_descaling_pump,186.9287,198.1544,-0.3941,0.9847,399.8052,55.5138,0
2025-01-09 05:00:00,HSM.DSC.PMP01,cooling_descaling_pump,191.66,199.1069,0.3947,0.892,403.77,53.3705,0
2025-01-09 06:00:00,HSM.DSC.PMP01,cooling_descaling_pump,176.0579,199.3386,-0.3418,1.0025,396.698,57.3849,0
2025-01-09 07:00:00,HSM.DSC.PMP01,cooling_descaling_pump,199.126,196.819,0.017,1.207,405.5893,59.3467,0
2025-01-09 08:00:00,HSM.DSC.PMP01,cooling_descaling_pump,191.9569,197.0266,-0.4887,0.7443,402.3195,49.9901,0
2025-01-09 09:00:00,HSM.DSC.PMP01,cooling_descaling_pump,201.2436,196.2573,1.2657,1.0288,397.5336,56.363,0
2025-01-09 10:00:00,HSM.DSC.PMP01,cooling_descaling_pump,190.2755,201.9793,0.0725,0.8555,406.8113,56.9964,0
2025-01-09 11:00:00,HSM.DSC.PMP01,cooling_descaling_pump,181.6751,191.8179,0.4393,0.8713,405.3722,53.3014,0
2025-01-09 12:00:00,HSM.DSC.PMP01,cooling_descaling_pump,182.3923,198.6291,-0.0434,1.1816,402.7725,59.5548,0
2025-01-09 13:00:00,HSM.DSC.PMP01,cooling_descaling_pump,177.6047,201.5773,0.2485,0.8395,407.2941,49.7807,0
2025-01-09 14:00:00,HSM.DSC.PMP01,cooling_descaling_pump,191.3196,198.8404,-0.6679,0.9075,401.7267,50.9806,0
2025-01-09 15:00:00,HSM.DSC.PMP01,cooling_descaling_pump,169.7176,199.2274,0.5705,0.9985,394.8078,55.5783,0
2025-01-09 16:00:00,HSM.DSC.PMP01,cooling_descaling_pump,193.264,195.0705,-0.2429,1.1369,399.4569,52.8858,0
2025-01-09 17:00:00,HSM.DSC.PMP01,cooling_descaling_pump,172.0202,201.6094,0.0364,1.0154,402.9769,56.1637,0
2025-01-09 18:00:00,HSM.DSC.PMP01,cooling_descaling_pump,185.8625,196.294,-1.0282,0.9887,407.6844,56.6836,0
2025-01-09 19:00:00,HSM.DSC.PMP01,cooling_descaling_pump,161.6475,198.0545,1.637,0.8642,398.4088,47.0115,0
2025-01-09 20:00:00,HSM.DSC.PMP01,cooling_descaling_pump,224.5444,200.8522,-0.209,0.9302,397.7094,55.7273,0
2025-01-09 21:00:00,HSM.DSC.PMP01,cooling_descaling_pump,173.8766,196.6521,-0.0397,0.8755,397.7514,43.8281,0
2025-01-09 22:00:00,HSM.DSC.PMP01,cooling_descaling_pump,155.381,199.2417,1.8831,1.2614,393.2833,56.4667,0
2025-01-09 23:00:00,HSM.DSC.PMP01,cooling_descaling_pump,182.4763,201.4307,0.5821,0.9805,404.943,55.6635,0
2025-01-10 00:00:00,HSM.DSC.PMP01,cooling_descaling_pump,193.265,203.593,0.5667,1.2952,397.7348,61.0047,0
2025-01-10 01:00:00,HSM.DSC.PMP01,cooling_descaling_pump,183.2239,199.4796,0.7961,1.1692,401.9166,56.9966,0
2025-01-10 02:00:00,HSM.DSC.PMP01,cooling_descaling_pump,175.6608,197.8731,-0.3064,1.1682,397.652,58.4325,0
2025-01-10 03:00:00,HSM.DSC.PMP01,cooling_descaling_pump,169.3809,198.8853,-1.2576,1.216,398.1747,63.103,0
2025-01-10 04:00:00,HSM.DSC.PMP01,cooling_descaling_pump,192.6966,200.356,-0.4711,1.037,390.8984,53.0462,0
2025-01-10 05:00:00,HSM.DSC.PMP01,cooling_descaling_pump,192.7361,206.2398,-1.9936,0.7603,403.562,52.8734,0
2025-01-10 06:00:00,HSM.DSC.PMP01,cooling_descaling_pump,185.6698,197.7767,-0.0208,0.969,406.0943,56.103,0
2025-01-10 07:00:00,HSM.DSC.PMP01,cooling_descaling_pump,187.8462,196.1635,-0.8322,0.9992,404.1826,58.5354,0
2025-01-10 08:00:00,HSM.DSC.PMP01,cooling_descaling_pump,183.9594,196.6468,-1.2993,0.918,396.5776,59.9496,0
2025-01-10 09:00:00,HSM.DSC.PMP01,cooling_descaling_pump,194.1477,202.8638,-0.9247,1.12,403.0522,62.968,0
2025-01-10 10:00:00,HSM.DSC.PMP01,cooling_descaling_pump,206.9809,198.8921,-0.1339,0.9353,395.713,55.6318,0
2025-01-10 11:00:00,HSM.DSC.PMP01,cooling_descaling_pump,180.9281,196.3046,-0.5886,1.0475,405.1819,55.0149,0
2025-01-10 12:00:00,HSM.DSC.PMP01,cooling_descaling_pump,209.8693,202.0196,-0.9017,1.161,394.9588,54.9403,0
2025-01-10 13:00:00,HSM.DSC.PMP01,cooling_descaling_pump,191.3447,204.9515,1.1803,0.6897,403.7871,48.0954,0
2025-01-10 14:00:00,HSM.DSC.PMP01,cooling_descaling_pump,157.3341,206.0053,-0.3208,1.0508,409.6505,54.2213,0
2025-01-10 15:00:00,HSM.DSC.PMP01,cooling_descaling_pump,200.3194,196.7238,-0.0702,1.0311,400.4535,58.5328,0
2025-01-10 16:00:00,HSM.DSC.PMP01,cooling_descaling_pump,175.5169,193.7781,-0.1765,0.9012,400.3661,51.7926,0
2025-01-10 17:00:00,HSM.DSC.PMP01,cooling_descaling_pump,149.5112,195.3443,-1.0301,1.0056,399.6487,54.8517,0
2025-01-10 18:00:00,HSM.DSC.PMP01,cooling_descaling_pump,185.7333,201.4728,-0.4706,1.0432,398.2978,59.7312,0
2025-01-10 19:00:00,HSM.DSC.PMP01,cooling_descaling_pump,165.7181,202.5321,0.159,0.8885,402.8981,58.5579,0
2025-01-10 20:00:00,HSM.DSC.PMP01,cooling_descaling_pump,175.1301,203.2052,0.7345,0.949,399.9093,53.2141,0
2025-01-10 21:00:00,HSM.DSC.PMP01,cooling_descaling_pump,142.4168,196.1294,-0.5043,1.3503,404.7471,61.1636,0
2025-01-10 22:00:00,HSM.DSC.PMP01,cooling_descaling_pump,192.5701,201.9141,1.1844,0.8031,396.5306,50.3612,0
2025-01-10 23:00:00,HSM.DSC.PMP01,cooling_descaling_pump,202.7394,199.9074,-0.2578,0.9333,403.696,55.2177,0
2025-01-11 00:00:00,HSM.DSC.PMP01,cooling_descaling_pump,180.8813,200.7435,-1.2207,1.0467,401.0799,55.3079,0
2025-01-11 01:00:00,HSM.DSC.PMP01,cooling_descaling_pump,188.4925,198.8594,-1.2861,1.1705,399.9601,53.0154,0
2025-01-11 02:00:00,HSM.DSC.PMP01,cooling_descaling_pump,176.3283,201.9703,0.1638,1.0021,394.6171,53.5264,0
2025-01-11 03:00:00,HSM.DSC.PMP01,cooling_descaling_pump,130.4179,199.3022,-0.7851,1.2042,397.7686,60.9671,0
2025-01-11 04:00:00,HSM.DSC.PMP01,cooling_descaling_pump,172.3686,202.0989,0.6102,0.696,404.2972,54.9305,0
2025-01-11 05:00:00,HSM.DSC.PMP01,cooling_descaling_pump,185.553,192.0735,0.168,1.1126,396.7299,54.121,0
2025-01-11 06:00:00,HSM.DSC.PMP01,cooling_descaling_pump,165.7512,206.8971,1.4366,0.7821,404.7064,52.4212,0
2025-01-11 07:00:00,HSM.DSC.PMP01,cooling_descaling_pump,185.6965,197.9335,0.2437,0.9727,394.0463,59.127,0
2025-01-11 08:00:00,HSM.DSC.PMP01,cooling_descaling_pump,170.8485,197.3006,0.9059,1.0808,397.4821,50.9108,0
2025-01-11 09:00:00,HSM.DSC.PMP01,cooling_descaling_pump,223.1884,197.3716,0.0271,0.9192,401.3322,48.7103,0
2025-01-11 10:00:00,HSM.DSC.PMP01,cooling_descaling_pump,209.3011,201.3869,1.0976,0.8941,409.135,52.7231,0
2025-01-11 11:00:00,HSM.DSC.PMP01,cooling_descaling_pump,165.4592,202.8652,-0.2833,1.1213,395.3668,57.7759,0
2025-01-11 12:00:00,HSM.DSC.PMP01,cooling_descaling_pump,211.6959,193.2178,0.1657,1.221,405.1891,57.9442,0
2025-01-11 13:00:00,HSM.DSC.PMP01,cooling_descaling_pump,193.0493,201.2559,0.3086,0.8564,399.403,54.628,0
2025-01-11 14:00:00,HSM.DSC.PMP01,cooling_descaling_pump,170.6997,199.9117,0.0465,1.0031,401.1803,46.9133,0
2025-01-11 15:00:00,HSM.DSC.PMP01,cooling_descaling_pump,213.3908,199.26,-1.2969,0.7787,401.6016,51.0645,0
2025-01-11 16:00:00,HSM.DSC.PMP01,cooling_descaling_pump,175.3256,198.2649,-0.6678,1.1073,405.69,56.5489,0
2025-01-11 17:00:00,HSM.DSC.PMP01,cooling_descaling_pump,209.8524,200.8172,0.7201,0.9991,401.0268,58.8006,0
2025-01-11 18:00:00,HSM.DSC.PMP01,cooling_descaling_pump,208.0717,200.6746,0.382,0.979,402.329,54.5334,0
2025-01-11 19:00:00,HSM.DSC.PMP01,cooling_descaling_pump,194.2339,195.6494,0.589,0.8905,402.7158,48.7952,0
2025-01-11 20:00:00,HSM.DSC.PMP01,cooling_descaling_pump,183.2086,198.6973,0.7943,1.2039,397.9281,55.7071,0
2025-01-11 21:00:00,HSM.DSC.PMP01,cooling_descaling_pump,175.6223,192.9043,-0.4529,1.2591,399.1889,61.2986,0
2025-01-11 22:00:00,HSM.DSC.PMP01,cooling_descaling_pump,175.9306,201.1743,1.1409,0.8591,398.3223,47.5348,0
2025-01-11 23:00:00,HSM.DSC.PMP01,cooling_descaling_pump,148.8007,200.6499,0.1355,0.987,402.5488,58.7861,0
2025-01-12 00:00:00,HSM.DSC.PMP01,cooling_descaling_pump,223.028,200.4396,0.2037,0.8541,402.745,57.4618,0
2025-01-12 01:00:00,HSM.DSC.PMP01,cooling_descaling_pump,205.4587,199.5884,0.1275,0.836,398.0586,56.4651,0
2025-01-12 02:00:00,HSM.DSC.PMP01,cooling_descaling_pump,174.3779,195.148,0.8201,1.1057,407.6449,58.2201,0
2025-01-12 03:00:00,HSM.DSC.PMP01,cooling_descaling_pump,188.9241,203.5108,-0.2468,0.8234,399.7925,52.9296,0
2025-01-12 04:00:00,HSM.DSC.PMP01,cooling_descaling_pump,196.4437,200.9721,0.0615,1.1366,401.8272,49.9526,0
2025-01-12 05:00:00,HSM.DSC.PMP01,cooling_descaling_pump,132.7185,200.0825,0.966,1.085,397.2228,55.4886,0
2025-01-12 06:00:00,HSM.DSC.PMP01,cooling_descaling_pump,163.3486,202.0288,-0.6219,1.0006,404.0503,55.019,0
2025-01-12 07:00:00,HSM.DSC.PMP01,cooling_descaling_pump,195.2425,198.8559,0.2315,1.0122,397.8075,57.3682,0
2025-01-12 08:00:00,HSM.DSC.PMP01,cooling_descaling_pump,178.9112,202.6064,-0.7734,1.1188,396.2347,51.7112,0
2025-01-12 09:00:00,HSM.DSC.PMP01,cooling_descaling_pump,181.6205,198.7779,0.6092,0.9479,395.5435,53.9256,0
2025-01-12 10:00:00,HSM.DSC.PMP01,cooling_descaling_pump,185.2453,201.5732,0.0257,1.1493,400.0617,57.5165,0
2025-01-12 11:00:00,HSM.DSC.PMP01,cooling_descaling_pump,184.9896,199.3869,-0.1108,0.8845,398.4777,46.772,0
2025-01-12 12:00:00,HSM.DSC.PMP01,cooling_descaling_pump,213.7372,198.2043,-0.2236,1.105,401.8794,56.9239,0
2025-01-12 13:00:00,HSM.DSC.PMP01,cooling_descaling_pump,174.2802,198.6119,0.055,1.2079,402.1188,58.5396,0
2025-01-12 14:00:00,HSM.DSC.PMP01,cooling_descaling_pump,205.5995,200.9684,0.3743,1.0355,401.4822,58.2812,0
2025-01-12 15:00:00,HSM.DSC.PMP01,cooling_descaling_pump,202.1027,199.6628,-0.205,0.8296,400.5621,50.4907,0
2025-01-12 16:00:00,HSM.DSC.PMP01,cooling_descaling_pump,173.6121,204.003,-0.0777,1.0264,403.5677,50.4791,0
2025-01-12 17:00:00,HSM.DSC.PMP01,cooling_descaling_pump,188.8763,205.3259,-0.2539,0.9795,401.2677,52.1318,0
2025-01-12 18:00:00,HSM.DSC.PMP01,cooling_descaling_pump,159.7002,200.5341,0.8264,0.9598,403.782,59.2513,0
2025-01-12 19:00:00,HSM.DSC.PMP01,cooling_descaling_pump,176.3365,198.9634,1.4444,1.2591,399.7229,70.7627,0
2025-01-12 20:00:00,HSM.DSC.PMP01,cooling_descaling_pump,219.5117,195.8511,-0.33,0.9377,403.6869,51.7803,0
2025-01-12 21:00:00,HSM.DSC.PMP01,cooling_descaling_pump,169.7922,201.748,-0.9818,0.7752,407.0482,44.4543,0
2025-01-12 22:00:00,HSM.DSC.PMP01,cooling_descaling_pump,198.3412,197.9444,-2.0,1.0857,398.1791,55.9831,0
2025-01-12 23:00:00,HSM.DSC.PMP01,cooling_descaling_pump,176.4702,201.2609,-0.4257,1.0109,401.0627,57.9419,0
2025-01-13 00:00:00,HSM.DSC.PMP01,cooling_descaling_pump,147.1104,199.5291,-0.9896,1.1266,398.8244,57.5954,0
2025-01-13 01:00:00,HSM.DSC.PMP01,cooling_descaling_pump,159.9956,205.6112,0.5197,1.2649,404.2654,58.0573,0
2025-01-13 02:00:00,HSM.DSC.PMP01,cooling_descaling_pump,213.5742,201.4634,-0.8737,0.9573,398.7759,57.1871,0
2025-01-13 03:00:00,HSM.DSC.PMP01,cooling_descaling_pump,171.2844,202.4377,-0.608,0.8909,397.7425,49.5186,0
2025-01-13 04:00:00,HSM.DSC.PMP01,cooling_descaling_pump,161.057,192.66,-1.3767,1.3263,396.9684,62.3964,0
2025-01-13 05:00:00,HSM.DSC.PMP01,cooling_descaling_pump,205.493,203.0208,0.3785,0.9267,394.951,55.9834,0
2025-01-13 06:00:00,HSM.DSC.PMP01,cooling_descaling_pump,209.9463,200.998,0.7208,0.8303,402.7109,48.0602,0
2025-01-13 07:00:00,HSM.DSC.PMP01,cooling_descaling_pump,154.0853,196.0512,-0.7034,0.6544,410.3795,48.4993,0
2025-01-13 08:00:00,HSM.DSC.PMP01,cooling_descaling_pump,203.8917,194.4315,-0.3297,1.2876,399.7578,64.7024,0
2025-01-13 09:00:00,HSM.DSC.PMP01,cooling_descaling_pump,206.7443,200.4486,0.3283,0.9805,408.8404,66.8608,0
2025-01-13 10:00:00,HSM.DSC.PMP01,cooling_descaling_pump,145.4766,199.725,1.0518,1.2711,400.9785,57.7951,0
2025-01-13 11:00:00,HSM.DSC.PMP01,cooling_descaling_pump,161.6081,192.0194,-0.0023,1.24,402.0718,54.6099,0
2025-01-13 12:00:00,HSM.DSC.PMP01,cooling_descaling_pump,222.5889,199.0107,1.1506,0.934,406.0709,55.8886,0
2025-01-13 13:00:00,HSM.DSC.PMP01,cooling_descaling_pump,182.6053,204.3806,0.0797,1.0008,392.4379,52.5533,0
2025-01-13 14:00:00,HSM.DSC.PMP01,cooling_descaling_pump,151.5459,196.2327,-0.3064,1.1305,407.102,59.8061,0
2025-01-13 15:00:00,HSM.DSC.PMP01,cooling_descaling_pump,175.4339,206.5992,0.562,0.5273,395.8325,41.3732,0
2025-01-13 16:00:00,HSM.DSC.PMP01,cooling_descaling_pump,187.7599,202.6014,-0.1364,0.9104,399.7477,50.9048,0
2025-01-13 17:00:00,HSM.DSC.PMP01,cooling_descaling_pump,176.9802,202.267,0.3789,1.1702,400.6733,61.9008,0
2025-01-13 18:00:00,HSM.DSC.PMP01,cooling_descaling_pump,195.7223,199.5485,-0.8373,0.7436,403.8129,47.1787,0
2025-01-13 19:00:00,HSM.DSC.PMP01,cooling_descaling_pump,221.0063,196.8434,-0.5236,0.912,403.3534,55.7825,0
2025-01-13 20:00:00,HSM.DSC.PMP01,cooling_descaling_pump,197.1709,205.0205,0.0329,1.0769,402.0131,48.8115,0
2025-01-13 21:00:00,HSM.DSC.PMP01,cooling_descaling_pump,211.207,193.3839,0.6739,1.3352,400.3172,52.7116,0
2025-01-13 22:00:00,HSM.DSC.PMP01,cooling_descaling_pump,170.0909,199.6848,-0.639,0.9801,400.1731,50.1991,0
2025-01-13 23:00:00,HSM.DSC.PMP01,cooling_descaling_pump,189.1585,198.0426,0.5571,1.0355,401.8691,52.6997,0
2025-01-14 00:00:00,HSM.DSC.PMP01,cooling_descaling_pump,188.5122,202.2333,0.2112,1.1192,400.9578,53.8152,0
2025-01-14 01:00:00,HSM.DSC.PMP01,cooling_descaling_pump,182.2644,198.8353,-0.256,0.9423,402.5999,56.0214,0
2025-01-14 02:00:00,HSM.DSC.PMP01,cooling_descaling_pump,170.8239,196.146,-0.9285,1.1962,392.1071,56.6104,0
2025-01-14 03:00:00,HSM.DSC.PMP01,cooling_descaling_pump,200.8757,203.5452,1.1677,0.7932,401.2153,54.0083,0
2025-01-14 04:00:00,HSM.DSC.PMP01,cooling_descaling_pump,196.8187,205.7277,-0.0389,1.0669,399.0607,58.2236,0
2025-01-14 05:00:00,HSM.DSC.PMP01,cooling_descaling_pump,204.8218,199.6924,-0.5237,0.9546,395.5128,55.4244,0
2025-01-14 06:00:00,HSM.DSC.PMP01,cooling_descaling_pump,170.3907,203.7569,0.7732,0.8731,392.3974,51.2303,0
2025-01-14 07:00:00,HSM.DSC.PMP01,cooling_descaling_pump,158.6003,204.0118,-0.6992,0.7413,400.5713,49.5203,0
2025-01-14 08:00:00,HSM.DSC.PMP01,cooling_descaling_pump,147.2372,200.8939,-0.1347,1.1736,397.7992,53.4939,0
2025-01-14 09:00:00,HSM.DSC.PMP01,cooling_descaling_pump,148.4489,195.4984,-0.5931,1.0191,402.2272,63.7461,0
2025-01-14 10:00:00,HSM.DSC.PMP01,cooling_descaling_pump,188.869,206.8084,0.9266,1.1387,389.3065,63.9557,0
2025-01-14 11:00:00,HSM.DSC.PMP01,cooling_descaling_pump,192.8496,198.8483,0.4059,1.0156,398.2193,55.9583,0
2025-01-14 12:00:00,HSM.DSC.PMP01,cooling_descaling_pump,178.6974,202.8106,-0.0418,0.998,393.1929,52.914,0
2025-01-14 13:00:00,HSM.DSC.PMP01,cooling_descaling_pump,205.1958,200.617,0.4456,1.0276,399.8286,50.6365,0
2025-01-14 14:00:00,HSM.DSC.PMP01,cooling_descaling_pump,246.1153,200.3069,0.6875,0.9571,397.3485,59.483,0
2025-01-14 15:00:00,HSM.DSC.PMP01,cooling_descaling_pump,197.9658,196.9928,0.3736,0.8626,397.8654,49.8544,0
2025-01-14 16:00:00,HSM.DSC.PMP01,cooling_descaling_pump,213.2799,203.6784,-0.7292,1.0928,394.0164,56.0655,0
2025-01-14 17:00:00,HSM.DSC.PMP01,cooling_descaling_pump,174.7955,197.4426,-0.4934,1.0499,401.41,52.4107,0
2025-01-14 18:00:00,HSM.DSC.PMP01,cooling_descaling_pump,182.166,200.6106,-0.5843,0.7234,396.4852,46.867,0
2025-01-14 19:00:00,HSM.DSC.PMP01,cooling_descaling_pump,170.5195,196.625,-0.7279,1.1218,398.3093,53.239,0
2025-01-14 20:00:00,HSM.DSC.PMP01,cooling_descaling_pump,175.7841,199.4812,1.1135,1.0322,410.0757,55.8623,0
2025-01-14 21:00:00,HSM.DSC.PMP01,cooling_descaling_pump,172.0618,205.1428,0.3583,0.9342,398.9308,56.1839,0
2025-01-14 22:00:00,HSM.DSC.PMP01,cooling_descaling_pump,186.1741,201.2114,-0.7816,0.8915,401.4325,51.6278,0
2025-01-14 23:00:00,HSM.DSC.PMP01,cooling_descaling_pump,177.8168,203.525,-0.7217,0.8819,402.963,55.4898,0
2025-01-15 00:00:00,HSM.DSC.PMP01,cooling_descaling_pump,213.2834,202.0017,-0.1129,1.1596,388.861,56.2298,0
2025-01-15 01:00:00,HSM.DSC.PMP01,cooling_descaling_pump,187.4295,197.3477,-0.1493,1.0964,400.0662,61.0984,0
2025-01-15 02:00:00,HSM.DSC.PMP01,cooling_descaling_pump,192.7509,191.5359,-0.4261,1.1573,399.3772,54.0824,0
2025-01-15 03:00:00,HSM.DSC.PMP01,cooling_descaling_pump,185.4402,198.5052,0.1351,1.1607,394.938,61.9102,0
2025-01-15 04:00:00,HSM.DSC.PMP01,cooling_descaling_pump,178.2961,194.4953,-0.1482,1.0337,398.9046,51.3145,0
2025-01-15 05:00:00,HSM.DSC.PMP01,cooling_descaling_pump,207.9943,198.1812,0.1908,1.0221,393.2532,60.8748,0
2025-01-15 06:00:00,HSM.DSC.PMP01,cooling_descaling_pump,141.7474,202.3303,1.1305,1.0801,398.7525,60.2868,0
2025-01-15 07:00:00,HSM.DSC.PMP01,cooling_descaling_pump,164.0301,203.5187,-1.1845,0.792,396.0485,50.0518,0
2025-01-15 08:00:00,HSM.DSC.PMP01,cooling_descaling_pump,189.8817,197.4615,0.0867,1.0595,400.9314,58.891,0
2025-01-15 09:00:00,HSM.DSC.PMP01,cooling_descaling_pump,192.7902,200.9581,0.6844,1.0481,402.9377,55.1683,0
2025-01-15 10:00:00,HSM.DSC.PMP01,cooling_descaling_pump,171.7498,201.5687,0.3647,1.0128,401.0843,59.3945,0
2025-01-15 11:00:00,HSM.DSC.PMP01,cooling_descaling_pump,186.8678,202.314,1.2347,1.1781,401.1303,60.2763,0
2025-01-15 12:00:00,HSM.DSC.PMP01,cooling_descaling_pump,161.0178,199.8611,0.5129,0.648,403.0846,49.7073,0
2025-01-15 13:00:00,HSM.DSC.PMP01,cooling_descaling_pump,175.7265,199.9969,-0.5791,0.9685,403.3115,48.8151,0
2025-01-15 14:00:00,HSM.DSC.PMP01,cooling_descaling_pump,183.1322,199.9789,-0.2904,0.8698,397.4742,48.0242,0
2025-01-15 15:00:00,HSM.DSC.PMP01,cooling_descaling_pump,179.348,196.1775,-0.5277,1.0814,398.004,52.9737,0
2025-01-15 16:00:00,HSM.DSC.PMP01,cooling_descaling_pump,200.7771,201.1688,-0.3975,0.9974,400.6738,52.1032,0
2025-01-15 17:00:00,HSM.DSC.PMP01,cooling_descaling_pump,149.5021,203.6719,1.463,1.0491,405.2632,46.5594,0
2025-01-15 18:00:00,HSM.DSC.PMP01,cooling_descaling_pump,181.8873,198.3768,0.6272,1.0174,397.6031,54.7264,0
2025-01-15 19:00:00,HSM.DSC.PMP01,cooling_descaling_pump,155.1629,199.5589,-0.262,1.0475,398.7332,50.0964,0
2025-01-15 20:00:00,HSM.DSC.PMP01,cooling_descaling_pump,191.6046,203.2339,0.1374,0.9801,398.5465,54.6268,0
2025-01-15 21:00:00,HSM.DSC.PMP01,cooling_descaling_pump,156.8405,200.4189,-0.6164,1.0258,403.8694,47.4254,0
2025-01-15 22:00:00,HSM.DSC.PMP01,cooling_descaling_pump,156.354,200.6268,0.4877,1.2269,396.26,54.3887,0
2025-01-15 23:00:00,HSM.DSC.PMP01,cooling_descaling_pump,228.5125,197.6969,0.6916,0.9516,403.3221,65.7934,0
2025-01-16 00:00:00,HSM.DSC.PMP01,cooling_descaling_pump,198.9103,201.3531,-0.4518,1.1202,399.2458,56.3835,0
2025-01-16 01:00:00,HSM.DSC.PMP01,cooling_descaling_pump,216.1908,208.6945,-0.2472,1.0021,399.649,53.5831,0
2025-01-16 02:00:00,HSM.DSC.PMP01,cooling_descaling_pump,189.7742,199.8018,0.11,1.3614,398.8413,69.7244,0
2025-01-16 03:00:00,HSM.DSC.PMP01,cooling_descaling_pump,218.8456,195.7854,-0.1977,0.9735,405.28,53.9732,0
2025-01-16 04:00:00,HSM.DSC.PMP01,cooling_descaling_pump,166.8752,199.0379,-0.4387,1.187,403.0582,59.1217,0
2025-01-16 05:00:00,HSM.DSC.PMP01,cooling_descaling_pump,199.7359,200.8775,-0.265,1.0932,395.6256,58.8547,0
2025-01-16 06:00:00,HSM.DSC.PMP01,cooling_descaling_pump,169.6101,194.2659,-0.5134,0.9835,399.2244,50.7532,0
2025-01-16 07:00:00,HSM.DSC.PMP01,cooling_descaling_pump,192.2806,198.7995,0.2124,1.1571,394.6861,60.2748,0
2025-01-16 08:00:00,HSM.DSC.PMP01,cooling_descaling_pump,184.4148,197.3873,0.5173,0.9828,398.6977,49.0148,0
2025-01-16 09:00:00,HSM.DSC.PMP01,cooling_descaling_pump,187.8262,199.1485,0.0375,0.9801,397.5235,57.6899,0
2025-01-16 10:00:00,HSM.DSC.PMP01,cooling_descaling_pump,172.2506,203.8652,-0.669,0.6898,401.8393,49.3794,0
2025-01-16 11:00:00,HSM.DSC.PMP01,cooling_descaling_pump,180.5235,197.9514,-0.1035,0.8004,398.4853,53.1393,0
2025-01-16 12:00:00,HSM.DSC.PMP01,cooling_descaling_pump,211.0731,201.6968,-1.3132,0.7422,397.2007,52.493,0
2025-01-16 13:00:00,HSM.DSC.PMP01,cooling_descaling_pump,162.8668,197.2149,0.7058,1.2431,399.8758,56.6142,0
2025-01-16 14:00:00,HSM.DSC.PMP01,cooling_descaling_pump,210.5353,197.9527,0.506,1.0787,397.8075,50.8871,0
2025-01-16 15:00:00,HSM.DSC.PMP01,cooling_descaling_pump,179.8708,197.6637,0.2977,1.101,393.9645,50.4456,0
2025-01-16 16:00:00,HSM.DSC.PMP01,cooling_descaling_pump,183.1634,201.3521,-0.0809,0.9222,395.0175,50.9128,0
2025-01-16 17:00:00,HSM.DSC.PMP01,cooling_descaling_pump,161.3981,197.2193,0.5994,1.112,405.8786,57.7398,0
2025-01-16 18:00:00,HSM.DSC.PMP01,cooling_descaling_pump,212.2128,198.8677,0.7852,1.0506,400.7666,62.2381,0
2025-01-16 19:00:00,HSM.DSC.PMP01,cooling_descaling_pump,171.3121,200.5002,0.2714,0.9131,405.4087,58.5093,0
2025-01-16 20:00:00,HSM.DSC.PMP01,cooling_descaling_pump,161.0449,203.4349,0.7341,1.2461,395.0731,59.1425,0
2025-01-16 21:00:00,HSM.DSC.PMP01,cooling_descaling_pump,197.9645,199.9351,-0.6602,0.7969,403.572,51.2469,0
2025-01-16 22:00:00,HSM.DSC.PMP01,cooling_descaling_pump,155.0844,196.7787,0.1322,1.1702,400.5311,63.6161,0
2025-01-16 23:00:00,HSM.DSC.PMP01,cooling_descaling_pump,195.5131,196.4236,-0.0818,0.8177,403.5676,48.3769,0
2025-01-17 00:00:00,HSM.DSC.PMP01,cooling_descaling_pump,183.1856,200.076,0.7669,1.0888,396.4652,55.9406,0
2025-01-17 01:00:00,HSM.DSC.PMP01,cooling_descaling_pump,152.6839,198.8301,0.0314,1.3196,399.5883,53.8539,0
2025-01-17 02:00:00,HSM.DSC.PMP01,cooling_descaling_pump,163.2817,201.6678,0.8111,1.0863,401.5186,53.97,0
2025-01-17 03:00:00,HSM.DSC.PMP01,cooling_descaling_pump,178.6291,202.7637,0.497,0.902,395.56,53.3189,0
2025-01-17 04:00:00,HSM.DSC.PMP01,cooling_descaling_pump,205.238,197.7104,-0.381,0.9598,391.9681,54.2503,0
2025-01-17 05:00:00,HSM.DSC.PMP01,cooling_descaling_pump,194.0096,202.6627,-0.6239,0.9432,403.3531,62.6509,0
2025-01-17 06:00:00,HSM.DSC.PMP01,cooling_descaling_pump,169.3233,198.9146,-1.0022,1.118,396.1497,58.8591,0
2025-01-17 07:00:00,HSM.DSC.PMP01,cooling_descaling_pump,228.3786,196.7229,1.3265,1.1505,401.1511,58.3518,0
2025-01-17 08:00:00,HSM.DSC.PMP01,cooling_descaling_pump,166.6085,197.239,0.6326,0.9042,407.7234,49.6645,0
2025-01-17 09:00:00,HSM.DSC.PMP01,cooling_descaling_pump,200.5032,199.9256,0.5683,0.7704,403.1168,58.0034,0
2025-01-17 10:00:00,HSM.DSC.PMP01,cooling_descaling_pump,209.181,205.2497,1.0211,0.7689,400.4744,60.3374,0
2025-01-17 11:00:00,HSM.DSC.PMP01,cooling_descaling_pump,173.3105,203.1984,-0.2085,1.0987,396.5255,53.1338,0
2025-01-17 12:00:00,HSM.DSC.PMP01,cooling_descaling_pump,189.1459,202.5565,0.5934,0.9656,403.7843,57.7288,0
2025-01-17 13:00:00,HSM.DSC.PMP01,cooling_descaling_pump,194.2116,203.4214,-0.6298,0.7311,406.8117,54.5625,0
2025-01-17 14:00:00,HSM.DSC.PMP01,cooling_descaling_pump,209.1468,194.03,-0.8498,1.1632,400.0269,53.9278,0
2025-01-17 15:00:00,HSM.DSC.PMP01,cooling_descaling_pump,164.9873,197.9737,-0.2529,1.1578,392.8884,51.306,0
2025-01-17 16:00:00,HSM.DSC.PMP01,cooling_descaling_pump,152.9195,202.0888,-1.7298,0.9982,402.0013,57.8896,0
2025-01-17 17:00:00,HSM.DSC.PMP01,cooling_descaling_pump,220.7743,198.3685,-0.2975,0.8153,405.2311,48.0262,0
2025-01-17 18:00:00,HSM.DSC.PMP01,cooling_descaling_pump,179.7583,201.5484,0.8109,0.7488,397.7508,49.9249,0
2025-01-17 19:00:00,HSM.DSC.PMP01,cooling_descaling_pump,219.233,200.1483,0.4916,1.138,399.2367,54.3775,0
2025-01-17 20:00:00,HSM.DSC.PMP01,cooling_descaling_pump,175.7939,194.2624,0.2312,0.9105,396.595,45.5223,0
2025-01-17 21:00:00,HSM.DSC.PMP01,cooling_descaling_pump,197.482,202.6283,1.0104,0.9433,400.7381,55.9596,0
2025-01-17 22:00:00,HSM.DSC.PMP01,cooling_descaling_pump,170.7795,189.6171,0.2559,1.1545,395.6612,49.1049,0
2025-01-17 23:00:00,HSM.DSC.PMP01,cooling_descaling_pump,170.9563,203.7044,0.0877,1.2402,393.9184,55.2965,0
2025-01-18 00:00:00,HSM.DSC.PMP01,cooling_descaling_pump,178.2179,201.202,1.0598,0.988,399.3668,51.3393,0
2025-01-18 01:00:00,HSM.DSC.PMP01,cooling_descaling_pump,160.8035,196.1219,-0.6099,1.0921,401.0242,46.2468,0
2025-01-18 02:00:00,HSM.DSC.PMP01,cooling_descaling_pump,200.2599,200.316,0.4327,0.9214,396.6763,51.3825,0
2025-01-18 03:00:00,HSM.DSC.PMP01,cooling_descaling_pump,191.2475,198.0211,0.368,1.0877,407.068,53.8056,0
2025-01-18 04:00:00,HSM.DSC.PMP01,cooling_descaling_pump,212.8368,203.6863,-0.2548,1.1201,400.7624,54.4573,0
2025-01-18 05:00:00,HSM.DSC.PMP01,cooling_descaling_pump,207.0363,201.5219,0.1283,0.934,396.0941,62.3038,0
2025-01-18 06:00:00,HSM.DSC.PMP01,cooling_descaling_pump,184.3069,203.7707,0.5536,0.9435,394.5018,55.8013,0
2025-01-18 07:00:00,HSM.DSC.PMP01,cooling_descaling_pump,142.6012,195.7256,0.3782,1.2244,402.7836,57.2969,0
2025-01-18 08:00:00,HSM.DSC.PMP01,cooling_descaling_pump,201.3086,200.2876,0.1473,1.164,402.5399,61.4579,0
2025-01-18 09:00:00,HSM.DSC.PMP01,cooling_descaling_pump,185.9004,201.0162,0.776,0.7793,400.6038,51.4605,0
2025-01-18 10:00:00,HSM.DSC.PMP01,cooling_descaling_pump,150.9939,202.1325,-0.6137,1.0781,401.266,59.8298,0
2025-01-18 11:00:00,HSM.DSC.PMP01,cooling_descaling_pump,168.3054,199.9746,0.7751,1.1248,398.2734,52.2257,0
2025-01-18 12:00:00,HSM.DSC.PMP01,cooling_descaling_pump,215.6909,202.0365,-0.7015,0.8389,402.5572,51.8175,0
2025-01-18 13:00:00,HSM.DSC.PMP01,cooling_descaling_pump,140.3746,199.6188,-0.741,1.123,405.8678,54.957,0
2025-01-18 14:00:00,HSM.DSC.PMP01,cooling_descaling_pump,187.1197,201.2253,1.0606,0.9311,396.5025,50.6048,0
2025-01-18 15:00:00,HSM.DSC.PMP01,cooling_descaling_pump,182.7367,197.4809,0.2589,1.0776,399.7616,57.0775,0
2025-01-18 16:00:00,HSM.DSC.PMP01,cooling_descaling_pump,157.8269,200.7924,0.3792,1.1152,398.1303,57.3437,0
2025-01-18 17:00:00,HSM.DSC.PMP01,cooling_descaling_pump,186.3241,196.1055,-0.3881,1.2475,392.5196,59.1952,0
2025-01-18 18:00:00,HSM.DSC.PMP01,cooling_descaling_pump,190.7748,195.4307,0.8563,1.0048,396.8833,44.0612,0
2025-01-18 19:00:00,HSM.DSC.PMP01,cooling_descaling_pump,196.4448,199.9552,-0.5055,0.7733,401.56,49.6317,0
2025-01-18 20:00:00,HSM.DSC.PMP01,cooling_descaling_pump,216.6411,200.6342,-1.1182,0.9467,402.8576,55.0232,0
2025-01-18 21:00:00,HSM.DSC.PMP01,cooling_descaling_pump,151.3684,199.1534,-0.5003,0.8801,400.5871,55.8821,0
2025-01-18 22:00:00,HSM.DSC.PMP01,cooling_descaling_pump,186.019,199.3041,0.5494,0.9194,400.7999,51.9842,0
2025-01-18 23:00:00,HSM.DSC.PMP01,cooling_descaling_pump,144.0224,199.4022,-0.0613,1.1224,398.2129,54.1924,0
2025-01-19 00:00:00,HSM.DSC.PMP01,cooling_descaling_pump,166.3441,196.4923,1.0612,0.7588,397.1192,52.1224,0
2025-01-19 01:00:00,HSM.DSC.PMP01,cooling_descaling_pump,205.8366,200.974,-0.366,0.9513,402.8538,63.4383,0
2025-01-19 02:00:00,HSM.DSC.PMP01,cooling_descaling_pump,148.1737,199.3027,0.3176,1.1249,401.3858,54.9734,0
2025-01-19 03:00:00,HSM.DSC.PMP01,cooling_descaling_pump,199.1016,201.27,-0.6829,0.908,404.2416,59.0245,0
2025-01-19 04:00:00,HSM.DSC.PMP01,cooling_descaling_pump,177.4179,198.2092,0.1492,1.0945,398.6494,71.0865,0
2025-01-19 05:00:00,HSM.DSC.PMP01,cooling_descaling_pump,140.0294,202.507,0.507,0.9776,399.8752,62.4325,0
2025-01-19 06:00:00,HSM.DSC.PMP01,cooling_descaling_pump,201.2417,197.4685,0.8025,0.9433,398.5355,56.9326,0
2025-01-19 07:00:00,HSM.DSC.PMP01,cooling_descaling_pump,148.8227,198.8989,0.8106,1.1067,394.5703,59.0119,0
2025-01-19 08:00:00,HSM.DSC.PMP01,cooling_descaling_pump,221.4045,199.6629,0.6678,1.0484,395.0576,62.7721,0
2025-01-19 09:00:00,HSM.DSC.PMP01,cooling_descaling_pump,216.6194,200.7443,0.8921,0.9404,397.5643,61.6294,0
2025-01-19 10:00:00,HSM.DSC.PMP01,cooling_descaling_pump,198.4646,194.4457,-0.376,1.1128,403.0157,60.622,0
2025-01-19 11:00:00,HSM.DSC.PMP01,cooling_descaling_pump,205.5331,201.3654,1.2021,1.1199,403.6025,60.8383,0
2025-01-19 12:00:00,HSM.DSC.PMP01,cooling_descaling_pump,175.5849,205.9345,-0.4737,0.8511,395.6788,50.9396,0
2025-01-19 13:00:00,HSM.DSC.PMP01,cooling_descaling_pump,192.336,206.4413,0.2922,0.8295,398.4683,49.2823,0
2025-01-19 14:00:00,HSM.DSC.PMP01,cooling_descaling_pump,176.2803,196.7479,0.0997,0.8804,404.9035,45.7129,0
2025-01-19 15:00:00,HSM.DSC.PMP01,cooling_descaling_pump,146.9455,202.0843,-0.2365,1.1326,404.6355,55.8519,0
2025-01-19 16:00:00,HSM.DSC.PMP01,cooling_descaling_pump,153.0357,197.9394,0.1763,0.9066,399.763,51.9949,0
2025-01-19 17:00:00,HSM.DSC.PMP01,cooling_descaling_pump,136.9545,199.3634,-0.2586,1.1013,409.0494,56.1128,0
2025-01-19 18:00:00,HSM.DSC.PMP01,cooling_descaling_pump,202.2673,197.1197,-1.5424,1.1094,395.8352,53.5238,0
2025-01-19 19:00:00,HSM.DSC.PMP01,cooling_descaling_pump,218.7588,203.0314,-0.5549,1.0614,398.832,63.8787,0
2025-01-19 20:00:00,HSM.DSC.PMP01,cooling_descaling_pump,167.2147,196.6388,-0.1059,1.3878,398.1239,56.9666,0
2025-01-19 21:00:00,HSM.DSC.PMP01,cooling_descaling_pump,188.1171,204.4727,0.6059,0.9145,403.0584,58.2959,0
2025-01-19 22:00:00,HSM.DSC.PMP01,cooling_descaling_pump,196.9987,196.7525,0.1148,1.021,398.3328,55.9639,0
2025-01-19 23:00:00,HSM.DSC.PMP01,cooling_descaling_pump,194.6368,199.7925,-0.0979,1.0448,399.7527,58.4404,0
2025-01-20 00:00:00,HSM.DSC.PMP01,cooling_descaling_pump,161.1289,200.5106,0.7037,1.0774,394.6153,55.7586,0
2025-01-20 01:00:00,HSM.DSC.PMP01,cooling_descaling_pump,135.9622,207.1022,0.5461,0.8398,402.1849,47.5751,0
2025-01-20 02:00:00,HSM.DSC.PMP01,cooling_descaling_pump,183.6501,202.1431,-0.8571,0.9936,401.8653,54.7623,0
2025-01-20 03:00:00,HSM.DSC.PMP01,cooling_descaling_pump,167.7907,201.2719,-0.6025,0.9678,396.7604,56.6664,0
2025-01-20 04:00:00,HSM.DSC.PMP01,cooling_descaling_pump,201.3965,202.4889,-0.7551,1.0782,399.4085,60.3611,0
2025-01-20 05:00:00,HSM.DSC.PMP01,cooling_descaling_pump,199.5508,195.7259,2.0537,0.9717,398.7684,50.406,0
2025-01-20 06:00:00,HSM.DSC.PMP01,cooling_descaling_pump,181.8826,196.4974,0.1005,1.0448,400.1788,58.0712,0
2025-01-20 07:00:00,HSM.DSC.PMP01,cooling_descaling_pump,166.5664,201.4791,-0.2872,0.7059,398.9474,52.9147,0
2025-01-20 08:00:00,HSM.DSC.PMP01,cooling_descaling_pump,181.124,203.7452,0.1383,0.9291,400.9996,58.8093,0
2025-01-20 09:00:00,HSM.DSC.PMP01,cooling_descaling_pump,191.7348,198.1697,-0.9838,1.1128,404.6538,56.3107,0
2025-01-20 10:00:00,HSM.DSC.PMP01,cooling_descaling_pump,201.096,199.657,0.3122,1.0841,397.7769,54.4456,0
2025-01-20 11:00:00,HSM.DSC.PMP01,cooling_descaling_pump,206.153,196.2078,-0.7902,1.0601,402.8216,58.9559,0
2025-01-20 12:00:00,HSM.DSC.PMP01,cooling_descaling_pump,148.8504,201.2559,0.2423,0.8457,401.8447,49.5656,0
2025-01-20 13:00:00,HSM.DSC.PMP01,cooling_descaling_pump,189.5971,197.1348,0.4657,1.1026,400.3947,58.5424,0
2025-01-20 14:00:00,HSM.DSC.PMP01,cooling_descaling_pump,200.889,198.5228,-0.6936,1.0591,404.1663,56.3493,0
2025-01-20 15:00:00,HSM.DSC.PMP01,cooling_descaling_pump,170.477,198.5349,0.5757,1.1602,399.0859,52.8176,0
2025-01-20 16:00:00,HSM.DSC.PMP01,cooling_descaling_pump,177.1163,200.3693,-1.4622,0.8205,399.9317,47.8013,0
2025-01-20 17:00:00,HSM.DSC.PMP01,cooling_descaling_pump,162.3018,196.7103,0.387,1.1194,396.7383,55.3589,0
2025-01-20 18:00:00,HSM.DSC.PMP01,cooling_descaling_pump,179.3187,202.784,0.5641,0.9543,403.8761,47.8469,0
2025-01-20 19:00:00,HSM.DSC.PMP01,cooling_descaling_pump,191.5049,201.3593,0.1411,0.9584,404.6184,54.8908,0
2025-01-20 20:00:00,HSM.DSC.PMP01,cooling_descaling_pump,202.6557,193.678,0.9262,0.6404,403.6213,46.3921,0
2025-01-20 21:00:00,HSM.DSC.PMP01,cooling_descaling_pump,218.5383,200.2603,-0.9805,1.2004,401.2752,60.9998,0
2025-01-20 22:00:00,HSM.DSC.PMP01,cooling_descaling_pump,172.4915,204.7678,0.0277,0.5562,400.4199,47.8276,0
2025-01-20 23:00:00,HSM.DSC.PMP01,cooling_descaling_pump,177.5841,199.2963,-0.0014,0.9197,400.3066,56.7392,0
2025-01-21 00:00:00,HSM.DSC.PMP01,cooling_descaling_pump,175.0753,205.9746,0.6014,1.0856,393.8496,48.6273,0
2025-01-21 01:00:00,HSM.DSC.PMP01,cooling_descaling_pump,215.2773,202.3499,-0.9743,0.7953,405.9372,57.5106,0
2025-01-21 02:00:00,HSM.DSC.PMP01,cooling_descaling_pump,214.9764,200.1411,0.4531,0.8353,399.2246,58.2045,0
2025-01-21 03:00:00,HSM.DSC.PMP01,cooling_descaling_pump,212.7639,197.8946,-1.2282,0.9857,396.2963,57.952,0
2025-01-21 04:00:00,HSM.DSC.PMP01,cooling_descaling_pump,183.9949,203.2561,-0.6871,0.8524,400.5491,53.2504,0
2025-01-21 05:00:00,HSM.DSC.PMP01,cooling_descaling_pump,185.0617,200.6997,1.1647,1.0288,400.6178,51.449,0
2025-01-21 06:00:00,HSM.DSC.PMP01,cooling_descaling_pump,137.6054,203.2473,0.0995,0.9279,403.402,59.1664,0
2025-01-21 07:00:00,HSM.DSC.PMP01,cooling_descaling_pump,214.6062,199.4976,-0.6384,0.8612,399.5489,57.2471,0
2025-01-21 08:00:00,HSM.DSC.PMP01,cooling_descaling_pump,182.8156,199.1666,0.6636,1.0998,398.6614,54.663,0
2025-01-21 09:00:00,HSM.DSC.PMP01,cooling_descaling_pump,179.7864,204.1116,-0.6753,0.8009,393.3061,48.589,0
2025-01-21 10:00:00,HSM.DSC.PMP01,cooling_descaling_pump,206.9963,203.2977,0.689,0.815,397.5496,50.4599,0
2025-01-21 11:00:00,HSM.DSC.PMP01,cooling_descaling_pump,188.9575,198.7038,0.1556,0.9155,401.7026,55.9472,0
2025-01-21 12:00:00,HSM.DSC.PMP01,cooling_descaling_pump,192.5683,202.4441,0.8731,0.8925,398.2751,54.195,0
2025-01-21 13:00:00,HSM.DSC.PMP01,cooling_descaling_pump,165.6947,195.7821,-0.3428,1.1791,397.4413,48.767,0
2025-01-21 14:00:00,HSM.DSC.PMP01,cooling_descaling_pump,197.6694,201.8808,1.5788,0.9034,398.2466,49.4003,0
2025-01-21 15:00:00,HSM.DSC.PMP01,cooling_descaling_pump,191.1023,202.5237,0.4184,1.1415,396.7553,61.2813,0
2025-01-21 16:00:00,HSM.DSC.PMP01,cooling_descaling_pump,171.9113,201.0696,1.2136,1.3063,396.5834,62.746,0
2025-01-21 17:00:00,HSM.DSC.PMP01,cooling_descaling_pump,168.4363,198.2746,-0.2976,1.0242,397.0721,53.0414,0
2025-01-21 18:00:00,HSM.DSC.PMP01,cooling_descaling_pump,190.053,205.7875,-0.2492,0.957,400.8539,63.2714,0
2025-01-21 19:00:00,HSM.DSC.PMP01,cooling_descaling_pump,207.3133,200.4435,0.2585,1.0952,408.9838,53.2684,0
2025-01-21 20:00:00,HSM.DSC.PMP01,cooling_descaling_pump,194.0606,195.6363,0.0955,1.0623,396.7495,52.5101,0
2025-01-21 21:00:00,HSM.DSC.PMP01,cooling_descaling_pump,190.6677,198.0387,-0.1759,0.9977,391.3062,53.033,0
2025-01-21 22:00:00,HSM.DSC.PMP01,cooling_descaling_pump,185.8654,200.7169,-0.5831,0.8468,396.0003,53.0661,0
2025-01-21 23:00:00,HSM.DSC.PMP01,cooling_descaling_pump,212.0629,203.9122,-0.6693,0.5972,409.2053,59.2603,0
2025-01-22 00:00:00,HSM.DSC.PMP01,cooling_descaling_pump,176.7266,197.4863,0.1988,0.9239,399.4984,44.3886,0
2025-01-22 01:00:00,HSM.DSC.PMP01,cooling_descaling_pump,186.678,198.0351,0.2809,1.2855,404.2887,56.5444,0
2025-01-22 02:00:00,HSM.DSC.PMP01,cooling_descaling_pump,208.9483,197.96,-0.0818,1.1762,406.4147,57.5572,0
2025-01-22 03:00:00,HSM.DSC.PMP01,cooling_descaling_pump,180.8677,199.5996,0.0693,1.0134,398.1456,59.2156,0
2025-01-22 04:00:00,HSM.DSC.PMP01,cooling_descaling_pump,260.5495,198.7626,0.2297,0.9966,396.116,54.8316,0
2025-01-22 05:00:00,HSM.DSC.PMP01,cooling_descaling_pump,186.6067,199.7673,-0.68,1.1867,396.0559,62.8336,0
2025-01-22 06:00:00,HSM.DSC.PMP01,cooling_descaling_pump,156.5862,204.3607,0.7136,0.9962,396.336,56.5486,0
2025-01-22 07:00:00,HSM.DSC.PMP01,cooling_descaling_pump,205.6919,199.9818,-0.1037,1.075,401.0445,59.3635,0
2025-01-22 08:00:00,HSM.DSC.PMP01,cooling_descaling_pump,201.9743,201.54,-0.181,1.3728,386.6318,58.378,0
2025-01-22 09:00:00,HSM.DSC.PMP01,cooling_descaling_pump,212.771,201.7151,-0.7462,0.9563,400.3035,52.0295,0
2025-01-22 10:00:00,HSM.DSC.PMP01,cooling_descaling_pump,213.9637,201.4332,-0.6386,0.9217,402.428,51.7048,0
2025-01-22 11:00:00,HSM.DSC.PMP01,cooling_descaling_pump,167.9969,203.4034,0.6428,0.9062,405.6594,58.4342,0
2025-01-22 12:00:00,HSM.DSC.PMP01,cooling_descaling_pump,165.2404,201.2396,1.4721,0.9198,399.524,57.8986,0
2025-01-22 13:00:00,HSM.DSC.PMP01,cooling_descaling_pump,196.8729,200.9733,-1.2339,1.1416,398.1756,56.2127,0
2025-01-22 14:00:00,HSM.DSC.PMP01,cooling_descaling_pump,118.0197,198.0549,1.1057,1.0261,406.7098,53.1251,0
2025-01-22 15:00:00,HSM.DSC.PMP01,cooling_descaling_pump,196.1991,196.3049,-0.6553,0.9746,402.607,54.1359,0
2025-01-22 16:00:00,HSM.DSC.PMP01,cooling_descaling_pump,185.1552,198.5568,0.9652,1.0867,391.4041,52.7047,0
2025-01-22 17:00:00,HSM.DSC.PMP01,cooling_descaling_pump,197.6442,198.016,0.5862,0.9901,400.6002,52.3084,0
2025-01-22 18:00:00,HSM.DSC.PMP01,cooling_descaling_pump,204.1244,202.0602,-0.7909,1.0279,397.1441,53.7198,0
2025-01-22 19:00:00,HSM.DSC.PMP01,cooling_descaling_pump,186.9944,198.8796,-0.799,0.826,403.5022,47.7485,0
2025-01-22 20:00:00,HSM.DSC.PMP01,cooling_descaling_pump,179.0409,202.6591,0.3397,0.9306,406.3656,57.8743,0
2025-01-22 21:00:00,HSM.DSC.PMP01,cooling_descaling_pump,175.3988,195.9028,0.8238,1.1455,398.3635,54.1594,0
2025-01-22 22:00:00,HSM.DSC.PMP01,cooling_descaling_pump,178.3697,202.6808,0.4674,0.7533,402.0841,50.0818,0
2025-01-22 23:00:00,HSM.DSC.PMP01,cooling_descaling_pump,208.1284,198.4514,-0.1446,0.9774,396.6365,54.0451,0
2025-01-23 00:00:00,HSM.DSC.PMP01,cooling_descaling_pump,234.0759,204.0987,-0.7875,1.0324,396.7618,54.8475,0
2025-01-23 01:00:00,HSM.DSC.PMP01,cooling_descaling_pump,182.5958,201.9885,-0.4019,1.1328,396.822,58.0107,0
2025-01-23 02:00:00,HSM.DSC.PMP01,cooling_descaling_pump,183.8883,193.2767,0.0361,0.9955,409.1876,53.4453,0
2025-01-23 03:00:00,HSM.DSC.PMP01,cooling_descaling_pump,191.9658,201.2081,0.1516,1.0892,399.9895,58.1102,0
2025-01-23 04:00:00,HSM.DSC.PMP01,cooling_descaling_pump,202.7092,196.4023,-0.5612,1.1052,390.3812,62.7755,0
2025-01-23 05:00:00,HSM.DSC.PMP01,cooling_descaling_pump,193.3923,199.7203,0.2641,0.9235,395.8261,51.8002,0
2025-01-23 06:00:00,HSM.DSC.PMP01,cooling_descaling_pump,135.825,206.3428,-0.4309,0.9649,403.4324,63.7297,0
2025-01-23 07:00:00,HSM.DSC.PMP01,cooling_descaling_pump,166.3819,196.9168,-0.7522,1.2307,396.4209,57.3636,0
2025-01-23 08:00:00,HSM.DSC.PMP01,cooling_descaling_pump,201.4077,203.9139,-0.4132,0.8766,400.1817,49.6376,0
2025-01-23 09:00:00,HSM.DSC.PMP01,cooling_descaling_pump,182.018,201.381,-0.5829,1.0679,391.9394,52.7214,0
2025-01-23 10:00:00,HSM.DSC.PMP01,cooling_descaling_pump,220.2881,194.2013,-1.0253,1.0874,400.7,62.7249,0
2025-01-23 11:00:00,HSM.DSC.PMP01,cooling_descaling_pump,209.9628,204.2774,1.7015,0.9182,402.0879,61.356,0
2025-01-23 12:00:00,HSM.DSC.PMP01,cooling_descaling_pump,252.4343,198.7787,0.1813,0.6743,406.9212,51.9686,0
2025-01-23 13:00:00,HSM.DSC.PMP01,cooling_descaling_pump,180.5695,199.4374,0.9684,1.2469,397.9537,60.0018,0
2025-01-23 14:00:00,HSM.DSC.PMP01,cooling_descaling_pump,179.7914,199.0612,0.0901,1.1178,402.6269,51.3169,0
2025-01-23 15:00:00,HSM.DSC.PMP01,cooling_descaling_pump,193.1809,202.5677,0.3097,0.8805,392.5299,48.456,0
2025-01-23 16:00:00,HSM.DSC.PMP01,cooling_descaling_pump,209.2538,203.3781,-0.4482,0.9705,396.1734,58.2164,0
2025-01-23 17:00:00,HSM.DSC.PMP01,cooling_descaling_pump,166.8473,204.2777,0.2608,1.4447,393.4959,65.9319,0
2025-01-23 18:00:00,HSM.DSC.PMP01,cooling_descaling_pump,154.8672,200.6943,0.7636,1.2008,397.1947,52.4523,0
2025-01-23 19:00:00,HSM.DSC.PMP01,cooling_descaling_pump,193.7433,201.015,0.3232,1.0265,395.4141,53.5727,0
2025-01-23 20:00:00,HSM.DSC.PMP01,cooling_descaling_pump,183.1632,197.777,0.2677,1.0423,400.0534,60.4564,0
2025-01-23 21:00:00,HSM.DSC.PMP01,cooling_descaling_pump,185.911,197.7552,-0.2178,1.0183,397.5372,55.2578,0
2025-01-23 22:00:00,HSM.DSC.PMP01,cooling_descaling_pump,216.6355,207.877,-0.5621,0.9284,399.7306,51.4238,0
2025-01-23 23:00:00,HSM.DSC.PMP01,cooling_descaling_pump,176.5368,200.1739,0.4262,0.7637,399.4724,50.3854,0
2025-01-24 00:00:00,HSM.DSC.PMP01,cooling_descaling_pump,178.5537,205.1403,0.2078,0.5647,402.7318,46.5573,0
2025-01-24 01:00:00,HSM.DSC.PMP01,cooling_descaling_pump,210.1895,194.5477,-0.7788,1.0667,395.5219,60.1666,0
2025-01-24 02:00:00,HSM.DSC.PMP01,cooling_descaling_pump,137.9189,196.8268,0.1781,1.0089,404.6316,50.6723,0
2025-01-24 03:00:00,HSM.DSC.PMP01,cooling_descaling_pump,158.6415,202.3546,-0.2958,1.1205,400.6336,55.3943,0
2025-01-24 04:00:00,HSM.DSC.PMP01,cooling_descaling_pump,188.7319,199.7165,-0.231,0.8135,402.7928,53.2026,0
2025-01-24 05:00:00,HSM.DSC.PMP01,cooling_descaling_pump,195.7176,197.3819,0.4203,0.9332,400.6789,55.7891,0
2025-01-24 06:00:00,HSM.DSC.PMP01,cooling_descaling_pump,192.7829,201.2826,0.225,1.1501,400.8929,58.6818,0
2025-01-24 07:00:00,HSM.DSC.PMP01,cooling_descaling_pump,171.9173,197.441,0.833,1.3112,398.7139,63.6878,0
2025-01-24 08:00:00,HSM.DSC.PMP01,cooling_descaling_pump,200.1926,197.0133,0.2454,1.0176,396.3592,55.2815,0
2025-01-24 09:00:00,HSM.DSC.PMP01,cooling_descaling_pump,154.2232,199.0318,-0.3179,1.5447,400.1647,66.1031,0
2025-01-24 10:00:00,HSM.DSC.PMP01,cooling_descaling_pump,201.7498,192.3598,-0.778,1.163,397.1602,60.0692,0
2025-01-24 11:00:00,HSM.DSC.PMP01,cooling_descaling_pump,179.7355,196.8557,0.4197,1.0267,404.4596,55.0579,0
2025-01-24 12:00:00,HSM.DSC.PMP01,cooling_descaling_pump,223.6528,203.5777,0.8012,0.7754,403.4943,53.4215,0
2025-01-24 13:00:00,HSM.DSC.PMP01,cooling_descaling_pump,158.0057,199.1834,1.0005,1.0781,397.7551,56.644,0
2025-01-24 14:00:00,HSM.DSC.PMP01,cooling_descaling_pump,221.8689,192.9418,-0.3513,1.0217,401.213,57.9128,0
2025-01-24 15:00:00,HSM.DSC.PMP01,cooling_descaling_pump,163.9445,198.3806,-0.4834,1.1175,402.7882,58.4656,0
2025-01-24 16:00:00,HSM.DSC.PMP01,cooling_descaling_pump,192.2665,200.8538,0.518,0.9793,392.2246,39.8441,0
2025-01-24 17:00:00,HSM.DSC.PMP01,cooling_descaling_pump,161.582,198.5636,-0.7702,0.927,400.4247,52.211,0
2025-01-24 18:00:00,HSM.DSC.PMP01,cooling_descaling_pump,210.5487,198.4671,0.9842,1.2639,394.8476,60.1098,0
2025-01-24 19:00:00,HSM.DSC.PMP01,cooling_descaling_pump,157.2003,200.5211,-0.2143,0.8229,397.5605,49.3817,0
2025-01-24 20:00:00,HSM.DSC.PMP01,cooling_descaling_pump,219.4236,200.7033,-0.4112,1.0726,403.7575,54.9818,0
2025-01-24 21:00:00,HSM.DSC.PMP01,cooling_descaling_pump,207.5303,202.0086,1.7519,1.0078,402.0003,54.7838,0
2025-01-24 22:00:00,HSM.DSC.PMP01,cooling_descaling_pump,194.1726,198.3723,-0.172,1.2551,398.5958,53.9471,0
2025-01-24 23:00:00,HSM.DSC.PMP01,cooling_descaling_pump,219.0902,197.5674,0.4867,1.1135,403.6845,60.2383,0
2025-01-25 00:00:00,HSM.DSC.PMP01,cooling_descaling_pump,182.6746,200.8724,-0.2066,1.1466,400.1974,58.1228,0
2025-01-25 01:00:00,HSM.DSC.PMP01,cooling_descaling_pump,159.1198,207.6754,-1.036,0.8962,404.0206,58.0334,0
2025-01-25 02:00:00,HSM.DSC.PMP01,cooling_descaling_pump,167.0203,199.4781,0.8409,0.9085,404.3371,55.7184,0
2025-01-25 03:00:00,HSM.DSC.PMP01,cooling_descaling_pump,184.3514,198.8098,-0.581,1.2436,402.1781,56.029,0
2025-01-25 04:00:00,HSM.DSC.PMP01,cooling_descaling_pump,186.9954,201.2659,-0.2274,0.9577,402.5453,51.8631,0
2025-01-25 05:00:00,HSM.DSC.PMP01,cooling_descaling_pump,167.0719,196.051,0.3398,1.0933,403.0168,52.0673,0
2025-01-25 06:00:00,HSM.DSC.PMP01,cooling_descaling_pump,176.2705,204.4719,0.0974,0.9595,396.7234,58.9614,0
2025-01-25 07:00:00,HSM.DSC.PMP01,cooling_descaling_pump,172.7494,198.5621,0.2002,0.9882,396.3492,58.3529,0
2025-01-25 08:00:00,HSM.DSC.PMP01,cooling_descaling_pump,196.1787,202.0152,-1.2545,0.9762,392.1754,56.9511,0
2025-01-25 09:00:00,HSM.DSC.PMP01,cooling_descaling_pump,160.4827,197.3194,-0.2816,1.2103,392.0012,65.5841,0
2025-01-25 10:00:00,HSM.DSC.PMP01,cooling_descaling_pump,171.2331,200.2534,1.2182,1.1333,400.6974,55.664,0
2025-01-25 11:00:00,HSM.DSC.PMP01,cooling_descaling_pump,213.3339,195.1851,-0.029,1.0239,393.3835,55.0913,0
2025-01-25 12:00:00,HSM.DSC.PMP01,cooling_descaling_pump,151.9023,201.1615,0.2876,1.1014,405.1804,52.0744,0
2025-01-25 13:00:00,HSM.DSC.PMP01,cooling_descaling_pump,209.1065,202.6415,1.1076,1.2011,402.7474,57.5281,0
2025-01-25 14:00:00,HSM.DSC.PMP01,cooling_descaling_pump,186.1708,200.4657,-1.1857,0.7609,405.5232,54.2543,0
2025-01-25 15:00:00,HSM.DSC.PMP01,cooling_descaling_pump,192.0774,193.85,-0.6898,0.9536,400.8951,47.3154,0
2025-01-25 16:00:00,HSM.DSC.PMP01,cooling_descaling_pump,181.0123,196.5791,0.936,1.0494,401.3513,51.7983,0
2025-01-25 17:00:00,HSM.DSC.PMP01,cooling_descaling_pump,197.0322,197.5224,0.4572,0.9274,401.1374,55.5892,0
2025-01-25 18:00:00,HSM.DSC.PMP01,cooling_descaling_pump,205.3384,197.1563,0.0679,0.9662,397.2883,53.1646,0
2025-01-25 19:00:00,HSM.DSC.PMP01,cooling_descaling_pump,166.8536,197.0706,-0.4263,0.9278,398.7009,51.1831,0
2025-01-25 20:00:00,HSM.DSC.PMP01,cooling_descaling_pump,175.824,200.0726,-0.3492,0.8986,405.5319,52.4549,0
2025-01-25 21:00:00,HSM.DSC.PMP01,cooling_descaling_pump,209.9616,195.6771,-0.2764,1.0008,400.0156,55.8626,0
2025-01-25 22:00:00,HSM.DSC.PMP01,cooling_descaling_pump,170.8548,198.1556,0.7269,1.0558,392.9378,54.1178,0
2025-01-25 23:00:00,HSM.DSC.PMP01,cooling_descaling_pump,163.3685,199.7127,-0.4801,1.1337,403.7438,48.2529,0
2025-01-26 00:00:00,HSM.DSC.PMP01,cooling_descaling_pump,148.7511,203.5558,-0.969,0.9634,399.921,58.6634,0
2025-01-26 01:00:00,HSM.DSC.PMP01,cooling_descaling_pump,168.7308,195.2707,-1.1296,1.0501,400.1512,57.7081,0
2025-01-26 02:00:00,HSM.DSC.PMP01,cooling_descaling_pump,208.7438,203.8953,0.8469,0.9741,400.3203,54.2848,0
2025-01-26 03:00:00,HSM.DSC.PMP01,cooling_descaling_pump,192.2519,201.5583,0.3307,1.0858,391.0852,53.0296,0
2025-01-26 04:00:00,HSM.DSC.PMP01,cooling_descaling_pump,215.2041,203.3248,-1.4355,0.8843,388.7392,59.6566,0
2025-01-26 05:00:00,HSM.DSC.PMP01,cooling_descaling_pump,177.1467,201.3003,0.4458,0.6341,399.0802,49.5507,0
2025-01-26 06:00:00,HSM.DSC.PMP01,cooling_descaling_pump,152.8583,203.2591,-0.2234,1.1216,405.1124,64.561,0
2025-01-26 07:00:00,HSM.DSC.PMP01,cooling_descaling_pump,168.1272,198.0035,0.7076,1.0567,396.5662,46.2944,0
2025-01-26 08:00:00,HSM.DSC.PMP01,cooling_descaling_pump,121.3141,199.0561,0.0143,1.0233,404.5708,56.1076,0
2025-01-26 09:00:00,HSM.DSC.PMP01,cooling_descaling_pump,202.6613,204.5042,0.0713,0.7029,400.1236,52.3041,0
2025-01-26 10:00:00,HSM.DSC.PMP01,cooling_descaling_pump,185.6054,206.2665,-0.3358,0.8398,398.3072,52.9544,0
2025-01-26 11:00:00,HSM.DSC.PMP01,cooling_descaling_pump,185.6135,199.687,-0.7344,1.1607,401.5513,60.2884,0
2025-01-26 12:00:00,HSM.DSC.PMP01,cooling_descaling_pump,164.3827,198.2336,0.0226,0.9284,402.0765,48.2195,0
2025-01-26 13:00:00,HSM.DSC.PMP01,cooling_descaling_pump,177.518,203.2287,0.735,1.0067,400.2141,55.606,0
2025-01-26 14:00:00,HSM.DSC.PMP01,cooling_descaling_pump,175.9972,202.9449,-0.4367,0.7109,394.74,46.9862,0
2025-01-26 15:00:00,HSM.DSC.PMP01,cooling_descaling_pump,226.4657,198.7789,-0.0144,0.9887,402.5775,61.7384,0
2025-01-26 16:00:00,HSM.DSC.PMP01,cooling_descaling_pump,197.8409,198.3528,0.0121,0.9898,406.1634,55.5972,0
2025-01-26 17:00:00,HSM.DSC.PMP01,cooling_descaling_pump,201.9083,198.3366,-0.1929,0.9937,396.3655,48.7669,0
2025-01-26 18:00:00,HSM.DSC.PMP01,cooling_descaling_pump,173.2547,195.4896,-0.1723,0.9334,400.7331,44.281,0
2025-01-26 19:00:00,HSM.DSC.PMP01,cooling_descaling_pump,197.1459,202.1841,-0.5754,0.975,395.0343,59.2334,0
2025-01-26 20:00:00,HSM.DSC.PMP01,cooling_descaling_pump,171.7852,203.9192,1.0107,1.2121,394.6728,52.0877,0
2025-01-26 21:00:00,HSM.DSC.PMP01,cooling_descaling_pump,174.3599,199.8434,0.2802,1.0589,399.0686,51.9272,0
2025-01-26 22:00:00,HSM.DSC.PMP01,cooling_descaling_pump,185.1386,200.4425,-0.1237,1.1767,393.2189,52.8093,0
2025-01-26 23:00:00,HSM.DSC.PMP01,cooling_descaling_pump,216.4875,199.8556,-0.724,0.8232,399.4639,55.0528,0
2025-01-27 00:00:00,HSM.DSC.PMP01,cooling_descaling_pump,216.3534,201.2222,-0.002,0.9373,400.973,53.9465,0
2025-01-27 01:00:00,HSM.DSC.PMP01,cooling_descaling_pump,165.2736,199.9694,0.9589,1.3505,402.5356,68.0228,0
2025-01-27 02:00:00,HSM.DSC.PMP01,cooling_descaling_pump,162.0875,202.928,1.1953,0.9021,398.5474,49.5115,0
2025-01-27 03:00:00,HSM.DSC.PMP01,cooling_descaling_pump,178.6668,202.0379,0.6384,0.8564,407.6706,51.4934,0
2025-01-27 04:00:00,HSM.DSC.PMP01,cooling_descaling_pump,207.0595,205.6367,0.8102,0.7707,402.9444,53.2887,0
2025-01-27 05:00:00,HSM.DSC.PMP01,cooling_descaling_pump,195.7121,207.8634,0.3036,0.9143,401.2523,59.2229,0
2025-01-27 06:00:00,HSM.DSC.PMP01,cooling_descaling_pump,219.1028,203.51,0.5796,0.8057,397.0431,54.124,0
2025-01-27 07:00:00,HSM.DSC.PMP01,cooling_descaling_pump,186.6685,203.7289,0.5227,0.783,400.0174,54.0433,0
2025-01-27 08:00:00,HSM.DSC.PMP01,cooling_descaling_pump,172.4006,197.9902,0.2302,1.276,391.9744,60.5913,0
2025-01-27 09:00:00,HSM.DSC.PMP01,cooling_descaling_pump,175.7031,207.5861,-1.1796,0.739,403.066,58.9695,0
2025-01-27 10:00:00,HSM.DSC.PMP01,cooling_descaling_pump,158.4581,195.8619,1.0692,0.9745,400.3058,51.5567,0
2025-01-27 11:00:00,HSM.DSC.PMP01,cooling_descaling_pump,175.4624,201.5485,-0.1487,0.9884,392.3684,49.0752,0
2025-01-27 12:00:00,HSM.DSC.PMP01,cooling_descaling_pump,176.1265,196.2565,0.4755,1.1405,400.5178,55.8221,0
2025-01-27 13:00:00,HSM.DSC.PMP01,cooling_descaling_pump,181.6399,193.1785,-0.1951,1.146,399.3274,61.2778,0
2025-01-27 14:00:00,HSM.DSC.PMP01,cooling_descaling_pump,173.9159,203.0991,-0.1456,0.971,396.5466,56.6156,0
2025-01-27 15:00:00,HSM.DSC.PMP01,cooling_descaling_pump,194.6136,194.207,1.3067,0.9977,394.286,43.5687,0
2025-01-27 16:00:00,HSM.DSC.PMP01,cooling_descaling_pump,216.6373,197.5175,0.75,1.0513,401.1842,55.0224,0
2025-01-27 17:00:00,HSM.DSC.PMP01,cooling_descaling_pump,220.5714,193.2083,-0.0341,0.9603,397.954,45.0035,0
2025-01-27 18:00:00,HSM.DSC.PMP01,cooling_descaling_pump,170.3502,199.3354,0.5108,1.2961,395.7999,62.2029,0
2025-01-27 19:00:00,HSM.DSC.PMP01,cooling_descaling_pump,197.8179,196.4931,-0.1531,1.092,401.2432,56.1711,0
2025-01-27 20:00:00,HSM.DSC.PMP01,cooling_descaling_pump,182.0876,196.181,0.3679,0.7503,399.1968,51.4071,0
2025-01-27 21:00:00,HSM.DSC.PMP01,cooling_descaling_pump,190.3586,199.2388,-0.3685,0.6999,398.1625,46.1537,0
2025-01-27 22:00:00,HSM.DSC.PMP01,cooling_descaling_pump,179.1419,201.4072,-1.4153,0.8282,395.5098,52.8705,0
2025-01-27 23:00:00,HSM.DSC.PMP01,cooling_descaling_pump,183.8111,200.6945,0.4779,1.0624,395.1519,56.3724,0
2025-01-28 00:00:00,HSM.DSC.PMP01,cooling_descaling_pump,183.4258,204.5144,-0.5435,1.2832,397.3001,63.3357,0
2025-01-28 01:00:00,HSM.DSC.PMP01,cooling_descaling_pump,217.3463,199.3941,-0.7198,1.1176,402.4268,61.2012,0
2025-01-28 02:00:00,HSM.DSC.PMP01,cooling_descaling_pump,208.064,203.4126,-1.0484,1.1706,399.8006,63.6702,0
2025-01-28 03:00:00,HSM.DSC.PMP01,cooling_descaling_pump,168.9456,201.2544,1.5386,1.0224,402.0987,54.1869,0
2025-01-28 04:00:00,HSM.DSC.PMP01,cooling_descaling_pump,212.5445,202.0116,-0.4589,0.6615,409.9812,47.3676,0
2025-01-28 05:00:00,HSM.DSC.PMP01,cooling_descaling_pump,144.2375,197.1031,-0.2958,1.0975,406.3066,60.385,0
2025-01-28 06:00:00,HSM.DSC.PMP01,cooling_descaling_pump,171.8069,197.0154,-0.3072,1.3513,399.4928,64.563,0
2025-01-28 07:00:00,HSM.DSC.PMP01,cooling_descaling_pump,176.8495,202.5976,0.4416,1.1045,398.675,60.1055,0
2025-01-28 08:00:00,HSM.DSC.PMP01,cooling_descaling_pump,203.8891,200.86,2.1853,0.9538,400.3602,57.0492,0
2025-01-28 09:00:00,HSM.DSC.PMP01,cooling_descaling_pump,201.1671,209.3774,1.0024,0.6774,404.1759,48.2117,0
2025-01-28 10:00:00,HSM.DSC.PMP01,cooling_descaling_pump,190.2793,202.3788,-0.268,0.8115,400.5728,43.4718,0
2025-01-28 11:00:00,HSM.DSC.PMP01,cooling_descaling_pump,206.3548,196.1832,-0.3014,0.7853,398.6145,54.7556,0
2025-01-28 12:00:00,HSM.DSC.PMP01,cooling_descaling_pump,179.9791,196.3774,-0.3881,1.0854,407.754,52.2257,0
2025-01-28 13:00:00,HSM.DSC.PMP01,cooling_descaling_pump,201.9554,196.8361,0.6683,1.1782,402.117,60.3349,0
2025-01-28 14:00:00,HSM.DSC.PMP01,cooling_descaling_pump,190.1608,198.2339,0.7126,1.1309,401.6635,58.3078,0
2025-01-28 15:00:00,HSM.DSC.PMP01,cooling_descaling_pump,190.0687,203.3244,-0.1193,0.8128,395.2939,52.0142,0
2025-01-28 16:00:00,HSM.DSC.PMP01,cooling_descaling_pump,190.5216,201.4463,-0.5191,1.0171,398.315,55.7727,0
2025-01-28 17:00:00,HSM.DSC.PMP01,cooling_descaling_pump,183.6151,202.0891,-0.3566,1.1628,398.2144,54.4907,0
2025-01-28 18:00:00,HSM.DSC.PMP01,cooling_descaling_pump,165.9117,204.2081,0.494,1.013,406.297,51.1323,0
2025-01-28 19:00:00,HSM.DSC.PMP01,cooling_descaling_pump,132.7773,199.579,0.2804,0.97,399.8037,48.9819,0
2025-01-28 20:00:00,HSM.DSC.PMP01,cooling_descaling_pump,196.3829,202.1297,1.0131,0.9307,403.4966,52.7807,0
2025-01-28 21:00:00,HSM.DSC.PMP01,cooling_descaling_pump,174.1243,203.2321,0.4544,1.0444,396.5162,53.1402,0
2025-01-28 22:00:00,HSM.DSC.PMP01,cooling_descaling_pump,146.9483,192.5827,0.0253,1.3355,394.2072,53.4053,0
2025-01-28 23:00:00,HSM.DSC.PMP01,cooling_descaling_pump,123.1932,197.897,-0.5382,1.3012,396.1361,57.788,0
2025-01-29 00:00:00,HSM.DSC.PMP01,cooling_descaling_pump,158.1591,197.55,0.0008,1.267,396.8332,57.557,0
2025-01-29 01:00:00,HSM.DSC.PMP01,cooling_descaling_pump,173.4673,203.0597,0.5773,0.9435,401.475,60.8965,0
2025-01-29 02:00:00,HSM.DSC.PMP01,cooling_descaling_pump,209.1547,197.6911,0.7187,0.9927,401.1026,51.3775,0
2025-01-29 03:00:00,HSM.DSC.PMP01,cooling_descaling_pump,168.7883,200.681,0.3795,0.9974,400.6179,60.0521,0
2025-01-29 04:00:00,HSM.DSC.PMP01,cooling_descaling_pump,192.4383,201.4459,0.0573,0.9736,402.8756,51.6923,0
2025-01-29 05:00:00,HSM.DSC.PMP01,cooling_descaling_pump,195.1933,199.3211,1.0205,0.9483,401.2491,54.391,0
2025-01-29 06:00:00,HSM.DSC.PMP01,cooling_descaling_pump,178.7543,199.0238,0.1024,0.885,397.1077,49.376,0
2025-01-29 07:00:00,HSM.DSC.PMP01,cooling_descaling_pump,192.7153,196.753,0.2037,0.934,402.3342,60.0659,0
2025-01-29 08:00:00,HSM.DSC.PMP01,cooling_descaling_pump,201.7356,194.0712,0.1182,0.8723,402.9702,50.9195,0
2025-01-29 09:00:00,HSM.DSC.PMP01,cooling_descaling_pump,182.8204,198.6152,0.51,0.9782,407.4839,59.4358,0
2025-01-29 10:00:00,HSM.DSC.PMP01,cooling_descaling_pump,209.5835,201.3827,0.1398,0.9594,397.2984,50.0225,0
2025-01-29 11:00:00,HSM.DSC.PMP01,cooling_descaling_pump,163.272,197.3124,0.2781,1.0093,404.3382,51.9619,0
2025-01-29 12:00:00,HSM.DSC.PMP01,cooling_descaling_pump,184.6153,199.0809,0.0475,0.6678,398.0498,46.7275,0
2025-01-29 13:00:00,HSM.DSC.PMP01,cooling_descaling_pump,200.0456,198.2039,-0.9426,1.2081,406.1733,57.5847,0
2025-01-29 14:00:00,HSM.DSC.PMP01,cooling_descaling_pump,180.8131,200.0033,-0.3357,1.2128,401.2275,60.267,0
2025-01-29 15:00:00,HSM.DSC.PMP01,cooling_descaling_pump,205.6019,202.3106,-0.1024,0.6112,402.1839,39.8347,0
2025-01-29 16:00:00,HSM.DSC.PMP01,cooling_descaling_pump,181.6686,193.4965,-0.9625,1.0451,399.399,55.4426,0
2025-01-29 17:00:00,HSM.DSC.PMP01,cooling_descaling_pump,169.5529,202.1097,0.2767,1.1646,397.6388,55.0808,0
2025-01-29 18:00:00,HSM.DSC.PMP01,cooling_descaling_pump,179.9529,198.6431,0.3571,0.9526,403.8477,52.167,0
2025-01-29 19:00:00,HSM.DSC.PMP01,cooling_descaling_pump,165.628,201.9793,-0.6311,0.754,405.6987,51.789,0
2025-01-29 20:00:00,HSM.DSC.PMP01,cooling_descaling_pump,164.3993,203.0731,0.1616,0.9485,398.4812,52.6026,0
2025-01-29 21:00:00,HSM.DSC.PMP01,cooling_descaling_pump,211.6591,198.8714,0.598,0.8503,399.7744,49.0817,0
2025-01-29 22:00:00,HSM.DSC.PMP01,cooling_descaling_pump,193.4252,205.2493,1.0643,0.8484,403.8192,48.1451,0
2025-01-29 23:00:00,HSM.DSC.PMP01,cooling_descaling_pump,194.0113,201.2162,0.4247,1.0379,398.9147,52.0819,0
2025-01-30 00:00:00,HSM.DSC.PMP01,cooling_descaling_pump,180.2343,202.0578,-0.3174,1.0211,402.6197,50.5211,0
2025-01-30 01:00:00,HSM.DSC.PMP01,cooling_descaling_pump,197.0174,195.2081,-0.0491,0.9287,401.2925,47.7237,0
2025-01-30 02:00:00,HSM.DSC.PMP01,cooling_descaling_pump,155.9381,200.0964,-0.155,0.8288,402.8474,47.8726,0
2025-01-30 03:00:00,HSM.DSC.PMP01,cooling_descaling_pump,144.3755,201.1886,-1.2053,1.2331,401.0726,59.9885,0
2025-01-30 04:00:00,HSM.DSC.PMP01,cooling_descaling_pump,197.0604,199.4058,-0.5666,1.0227,406.5506,65.8922,0
2025-01-30 05:00:00,HSM.DSC.PMP01,cooling_descaling_pump,153.5372,201.3818,-1.1567,0.9434,399.5062,56.9745,0
2025-01-30 06:00:00,HSM.DSC.PMP01,cooling_descaling_pump,177.6906,201.8351,0.4571,1.0642,395.9471,62.1132,0
2025-01-30 07:00:00,HSM.DSC.PMP01,cooling_descaling_pump,144.5753,200.881,0.0111,1.1292,401.7094,60.4955,0
2025-01-30 08:00:00,HSM.DSC.PMP01,cooling_descaling_pump,151.7143,197.8567,0.5222,1.0958,394.6054,58.6719,0
2025-01-30 09:00:00,HSM.DSC.PMP01,cooling_descaling_pump,179.6019,201.8906,-0.3664,0.7978,403.5226,58.2467,0
2025-01-30 10:00:00,HSM.DSC.PMP01,cooling_descaling_pump,165.3535,199.1289,0.0668,1.273,399.7499,66.0251,0
2025-01-30 11:00:00,HSM.DSC.PMP01,cooling_descaling_pump,190.4975,201.0366,-1.0804,1.1209,397.9319,61.3388,0
2025-01-30 12:00:00,HSM.DSC.PMP01,cooling_descaling_pump,174.5139,198.5888,-0.4393,0.9409,396.7348,54.3269,0
2025-01-30 13:00:00,HSM.DSC.PMP01,cooling_descaling_pump,172.0822,204.2677,-0.7224,1.0339,400.4735,52.3888,0
2025-01-30 14:00:00,HSM.DSC.PMP01,cooling_descaling_pump,200.0539,193.0168,0.827,0.8705,401.867,57.6585,0
2025-01-30 15:00:00,HSM.DSC.PMP01,cooling_descaling_pump,205.1401,196.9799,0.108,1.1027,394.7198,58.9059,0
2025-01-30 16:00:00,HSM.DSC.PMP01,cooling_descaling_pump,214.0694,199.0865,-0.2422,0.7137,409.0846,55.0539,0
2025-01-30 17:00:00,HSM.DSC.PMP01,cooling_descaling_pump,168.5725,199.473,-0.2886,1.3331,394.8816,48.0245,0
2025-01-30 18:00:00,HSM.DSC.PMP01,cooling_descaling_pump,167.6943,205.6837,-0.8063,1.1042,404.0268,54.3996,0
2025-01-30 19:00:00,HSM.DSC.PMP01,cooling_descaling_pump,188.0483,201.2767,0.6594,0.8674,396.5742,50.9573,0
2025-01-30 20:00:00,HSM.DSC.PMP01,cooling_descaling_pump,129.5059,200.7873,0.3122,1.2115,400.6417,47.5084,0
2025-01-30 21:00:00,HSM.DSC.PMP01,cooling_descaling_pump,212.824,202.9236,0.8993,0.823,412.0641,55.4205,0
2025-01-30 22:00:00,HSM.DSC.PMP01,cooling_descaling_pump,185.9997,205.118,-1.0533,1.2141,394.9392,59.4493,0
2025-01-30 23:00:00,HSM.DSC.PMP01,cooling_descaling_pump,189.7519,197.6215,-0.6822,0.9232,394.2334,54.5515,0
2025-01-31 00:00:00,HSM.DSC.PMP01,cooling_descaling_pump,181.3404,196.7009,-1.2068,1.0597,400.6827,58.1625,0
2025-01-31 01:00:00,HSM.DSC.PMP01,cooling_descaling_pump,179.4059,202.3477,-0.5008,0.6743,402.1903,50.0474,0
2025-01-31 02:00:00,HSM.DSC.PMP01,cooling_descaling_pump,173.7449,200.8548,0.6872,0.9886,408.761,61.8959,0
2025-01-31 03:00:00,HSM.DSC.PMP01,cooling_descaling_pump,177.0023,201.4141,-0.5441,0.9382,410.2506,60.2863,0
2025-01-31 04:00:00,HSM.DSC.PMP01,cooling_descaling_pump,186.3869,197.8317,0.9468,1.1585,398.1613,67.3803,0
2025-01-31 05:00:00,HSM.DSC.PMP01,cooling_descaling_pump,161.0413,198.2661,0.024,1.3351,397.1285,56.6416,0
2025-01-31 06:00:00,HSM.DSC.PMP01,cooling_descaling_pump,170.8792,200.9381,-0.2315,0.9259,406.8757,51.6993,0
2025-01-31 07:00:00,HSM.DSC.PMP01,cooling_descaling_pump,185.8273,204.7676,0.103,0.7613,410.379,56.4049,0
2025-01-31 08:00:00,HSM.DSC.PMP01,cooling_descaling_pump,177.0469,201.9771,0.0165,1.2033,401.522,55.9563,0
2025-01-31 09:00:00,HSM.DSC.PMP01,cooling_descaling_pump,186.119,198.6748,-0.0465,0.9387,399.7635,51.9296,0
2025-01-31 10:00:00,HSM.DSC.PMP01,cooling_descaling_pump,275.0176,203.4533,-0.1609,0.7036,402.8381,63.2762,0
2025-01-31 11:00:00,HSM.DSC.PMP01,cooling_descaling_pump,209.4858,203.431,0.4494,1.0268,398.2153,63.1439,0
2025-01-31 12:00:00,HSM.DSC.PMP01,cooling_descaling_pump,213.1659,201.985,0.3816,0.9643,393.9314,57.4384,0
2025-01-31 13:00:00,HSM.DSC.PMP01,cooling_descaling_pump,176.5229,197.4968,-0.0488,0.8426,404.9895,50.0683,0
2025-01-31 14:00:00,HSM.DSC.PMP01,cooling_descaling_pump,200.3136,202.0309,0.763,1.0196,398.5106,54.2896,0
2025-01-31 15:00:00,HSM.DSC.PMP01,cooling_descaling_pump,171.9129,197.6614,0.1472,1.1795,401.4764,56.2126,0
2025-01-31 16:00:00,HSM.DSC.PMP01,cooling_descaling_pump,154.8244,201.0582,-2.0,1.0197,399.0631,47.2718,0
2025-01-31 17:00:00,HSM.DSC.PMP01,cooling_descaling_pump,184.8802,204.3088,0.4483,0.9838,401.7176,48.6597,0
2025-01-31 18:00:00,HSM.DSC.PMP01,cooling_descaling_pump,168.7633,198.1012,0.6922,0.9365,397.8413,53.7233,0
2025-01-31 19:00:00,HSM.DSC.PMP01,cooling_descaling_pump,225.7294,205.0131,-0.7879,0.7463,403.6158,49.3165,0
2025-01-31 20:00:00,HSM.DSC.PMP01,cooling_descaling_pump,205.1053,198.4228,-0.2886,0.6401,402.233,52.0958,0
2025-01-31 21:00:00,HSM.DSC.PMP01,cooling_descaling_pump,176.1859,199.7854,-0.4247,1.1208,397.6341,57.5318,0
2025-01-31 22:00:00,HSM.DSC.PMP01,cooling_descaling_pump,172.6253,194.8804,-0.5323,0.787,401.844,54.5357,0
2025-01-31 23:00:00,HSM.DSC.PMP01,cooling_descaling_pump,180.1554,201.9791,0.0357,1.0773,399.6606,56.3233,0
2025-02-01 00:00:00,HSM.DSC.PMP01,cooling_descaling_pump,197.6536,191.3,0.3449,0.954,409.2124,52.4396,0
2025-02-01 01:00:00,HSM.DSC.PMP01,cooling_descaling_pump,174.8087,197.2002,0.1262,1.3505,401.3607,63.4699,0
2025-02-01 02:00:00,HSM.DSC.PMP01,cooling_descaling_pump,211.302,198.7773,-1.0533,0.9175,393.2833,53.7058,0
2025-02-01 03:00:00,HSM.DSC.PMP01,cooling_descaling_pump,179.178,202.1914,-0.7364,0.9654,403.884,57.5489,0
2025-02-01 04:00:00,HSM.DSC.PMP01,cooling_descaling_pump,166.0829,196.787,0.8898,1.0921,401.7744,57.1726,0
2025-02-01 05:00:00,HSM.DSC.PMP01,cooling_descaling_pump,194.5541,200.684,0.7938,1.1112,396.3398,58.2729,0
2025-02-01 06:00:00,HSM.DSC.PMP01,cooling_descaling_pump,204.8294,195.9555,0.479,0.7489,404.6178,47.7378,0
2025-02-01 07:00:00,HSM.DSC.PMP01,cooling_descaling_pump,158.6909,198.1581,-0.7078,1.285,392.3396,62.0013,0
2025-02-01 08:00:00,HSM.DSC.PMP01,cooling_descaling_pump,202.8083,202.101,-0.7325,0.9282,402.4434,57.7357,0
2025-02-01 09:00:00,HSM.DSC.PMP01,cooling_descaling_pump,176.0418,204.2973,-0.7438,1.2608,393.633,62.1318,0
2025-02-01 10:00:00,HSM.DSC.PMP01,cooling_descaling_pump,212.7226,198.1465,0.597,1.1588,396.0397,61.2466,0
2025-02-01 11:00:00,HSM.DSC.PMP01,cooling_descaling_pump,197.8294,198.5513,-0.0958,1.0992,401.4426,55.2578,0
2025-02-01 12:00:00,HSM.DSC.PMP01,cooling_descaling_pump,195.3995,199.5937,-0.0555,0.8569,399.246,51.1459,0
2025-02-01 13:00:00,HSM.DSC.PMP01,cooling_descaling_pump,208.502,200.3576,-0.5933,0.9098,400.8205,50.0695,0
2025-02-01 14:00:00,HSM.DSC.PMP01,cooling_descaling_pump,172.988,205.3796,0.6497,1.0409,400.666,55.2513,0
2025-02-01 15:00:00,HSM.DSC.PMP01,cooling_descaling_pump,216.5456,198.7367,0.1741,0.9607,400.5674,56.3017,0
2025-02-01 16:00:00,HSM.DSC.PMP01,cooling_descaling_pump,175.273,200.0103,0.4817,1.1886,403.7343,62.8848,0
2025-02-01 17:00:00,HSM.DSC.PMP01,cooling_descaling_pump,198.8684,197.9558,0.8844,1.1754,397.4783,55.5185,0
2025-02-01 18:00:00,HSM.DSC.PMP01,cooling_descaling_pump,229.611,200.562,1.5232,0.8793,399.4451,46.2083,0
2025-02-01 19:00:00,HSM.DSC.PMP01,cooling_descaling_pump,206.1168,199.8269,-1.1614,0.904,404.1343,55.9781,0
2025-02-01 20:00:00,HSM.DSC.PMP01,cooling_descaling_pump,183.117,201.0837,-1.4645,1.2594,402.3581,65.0419,0
2025-02-01 21:00:00,HSM.DSC.PMP01,cooling_descaling_pump,182.6238,199.4051,0.9637,1.0503,394.0133,59.5374,0
2025-02-01 22:00:00,HSM.DSC.PMP01,cooling_descaling_pump,185.9169,197.1376,-1.0947,1.0134,393.9457,49.973,0
2025-02-01 23:00:00,HSM.DSC.PMP01,cooling_descaling_pump,215.4557,202.8719,0.3427,0.8758,403.5117,54.5455,0
2025-02-02 00:00:00,HSM.DSC.PMP01,cooling_descaling_pump,215.9756,197.1156,0.9009,0.7388,399.0388,55.5593,0
2025-02-02 01:00:00,HSM.DSC.PMP01,cooling_descaling_pump,182.0768,198.8358,-0.1433,0.9138,397.3515,51.5333,0
2025-02-02 02:00:00,HSM.DSC.PMP01,cooling_descaling_pump,185.9511,203.6838,0.727,0.7578,407.4779,56.6917,0
2025-02-02 03:00:00,HSM.DSC.PMP01,cooling_descaling_pump,208.2995,196.8072,0.2852,1.0164,404.3718,63.2106,0
2025-02-02 04:00:00,HSM.DSC.PMP01,cooling_descaling_pump,213.3453,195.3353,-0.4957,0.898,396.8195,49.9299,0
2025-02-02 05:00:00,HSM.DSC.PMP01,cooling_descaling_pump,206.2341,197.8632,-1.0039,0.7829,404.1828,51.8798,0
2025-02-02 06:00:00,HSM.DSC.PMP01,cooling_descaling_pump,172.3835,197.8465,0.6426,1.1341,394.396,54.0755,0
2025-02-02 07:00:00,HSM.DSC.PMP01,cooling_descaling_pump,183.4143,200.5657,-0.2041,0.9368,395.7346,55.0918,0
2025-02-02 08:00:00,HSM.DSC.PMP01,cooling_descaling_pump,156.644,200.4421,0.4796,1.2229,398.3945,56.0923,0
2025-02-02 09:00:00,HSM.DSC.PMP01,cooling_descaling_pump,184.794,205.3463,0.2463,0.9639,405.2724,55.0523,0
2025-02-02 10:00:00,HSM.DSC.PMP01,cooling_descaling_pump,162.9301,198.432,1.257,0.7465,402.702,48.1125,0
2025-02-02 11:00:00,HSM.DSC.PMP01,cooling_descaling_pump,191.1418,201.5391,-0.8295,0.6559,398.6892,38.6663,0
2025-02-02 12:00:00,HSM.DSC.PMP01,cooling_descaling_pump,173.0095,199.8281,0.8138,0.9772,402.819,55.5387,0
2025-02-02 13:00:00,HSM.DSC.PMP01,cooling_descaling_pump,183.6332,199.342,-0.1219,1.2397,399.5858,65.2251,0
2025-02-02 14:00:00,HSM.DSC.PMP01,cooling_descaling_pump,159.5535,198.3685,-0.1169,1.1117,400.5316,57.6003,0
2025-02-02 15:00:00,HSM.DSC.PMP01,cooling_descaling_pump,217.9512,195.8986,0.0053,0.864,388.9239,50.2332,0
2025-02-02 16:00:00,HSM.DSC.PMP01,cooling_descaling_pump,191.3091,197.2039,-0.6224,1.1415,391.3631,51.2226,0
2025-02-02 17:00:00,HSM.DSC.PMP01,cooling_descaling_pump,192.4484,201.1453,-0.2348,0.9305,398.8791,51.9803,0
2025-02-02 18:00:00,HSM.DSC.PMP01,cooling_descaling_pump,180.5745,202.5842,-0.2386,1.0906,398.7244,50.8967,0
2025-02-02 19:00:00,HSM.DSC.PMP01,cooling_descaling_pump,221.3125,193.8364,0.1487,1.0921,394.0298,53.6774,0
2025-02-02 20:00:00,HSM.DSC.PMP01,cooling_descaling_pump,229.1966,204.1172,-0.1088,0.6284,399.3929,47.4724,0
2025-02-02 21:00:00,HSM.DSC.PMP01,cooling_descaling_pump,212.5637,200.852,-1.2015,0.8931,395.1196,49.8568,0
2025-02-02 22:00:00,HSM.DSC.PMP01,cooling_descaling_pump,192.0614,200.4498,-1.0816,0.7746,401.9085,53.7857,0
2025-02-02 23:00:00,HSM.DSC.PMP01,cooling_descaling_pump,173.4039,200.4876,0.0937,1.0334,405.2209,60.7806,0
2025-02-03 00:00:00,HSM.DSC.PMP01,cooling_descaling_pump,152.2937,200.0754,-0.1064,1.0646,404.1473,55.7718,0
2025-02-03 01:00:00,HSM.DSC.PMP01,cooling_descaling_pump,193.5491,194.705,-0.015,0.8954,401.9662,50.713,0
2025-02-03 02:00:00,HSM.DSC.PMP01,cooling_descaling_pump,175.9245,198.925,-0.8233,0.9959,399.8859,63.3359,0
2025-02-03 03:00:00,HSM.DSC.PMP01,cooling_descaling_pump,168.4733,198.5291,-0.3954,1.1678,405.1366,58.5004,0
2025-02-03 04:00:00,HSM.DSC.PMP01,cooling_descaling_pump,155.7479,197.8338,0.0104,1.1379,392.6624,57.3176,0
2025-02-03 05:00:00,HSM.DSC.PMP01,cooling_descaling_pump,169.1365,200.698,0.9172,0.9677,406.4055,52.8517,0
2025-02-03 06:00:00,HSM.DSC.PMP01,cooling_descaling_pump,163.0548,194.2277,0.5025,0.9513,395.4541,53.2272,0
2025-02-03 07:00:00,HSM.DSC.PMP01,cooling_descaling_pump,170.499,202.8688,-0.25,1.0654,401.0039,54.029,0
2025-02-03 08:00:00,HSM.DSC.PMP01,cooling_descaling_pump,226.2842,199.7881,0.3559,0.9042,396.7727,56.3564,0
2025-02-03 09:00:00,HSM.DSC.PMP01,cooling_descaling_pump,197.9905,205.2546,-0.3838,1.1167,398.9238,51.0336,0
2025-02-03 10:00:00,HSM.DSC.PMP01,cooling_descaling_pump,195.3007,201.5581,0.9029,1.1524,395.6945,62.6488,0
2025-02-03 11:00:00,HSM.DSC.PMP01,cooling_descaling_pump,164.3098,196.77,0.4364,1.2786,398.0733,59.5913,0
2025-02-03 12:00:00,HSM.DSC.PMP01,cooling_descaling_pump,221.6499,196.6462,1.1746,0.9778,398.3929,50.7745,0
2025-02-03 13:00:00,HSM.DSC.PMP01,cooling_descaling_pump,158.0086,209.6316,0.1519,0.8631,407.0191,57.207,0
2025-02-03 14:00:00,HSM.DSC.PMP01,cooling_descaling_pump,208.7903,204.7194,-0.3115,0.7125,402.4649,50.8577,0
2025-02-03 15:00:00,HSM.DSC.PMP01,cooling_descaling_pump,152.9214,202.5044,0.3238,0.8014,397.8003,53.0129,0
2025-02-03 16:00:00,HSM.DSC.PMP01,cooling_descaling_pump,180.7972,199.5918,0.7608,1.0579,401.3077,53.1242,0
2025-02-03 17:00:00,HSM.DSC.PMP01,cooling_descaling_pump,157.4915,195.8853,-0.3056,0.9763,408.1509,52.394,0
2025-02-03 18:00:00,HSM.DSC.PMP01,cooling_descaling_pump,214.6435,201.6997,-0.3465,0.9518,394.334,53.0459,0
2025-02-03 19:00:00,HSM.DSC.PMP01,cooling_descaling_pump,181.3184,199.331,-0.2585,0.9288,399.4503,56.5821,0
2025-02-03 20:00:00,HSM.DSC.PMP01,cooling_descaling_pump,153.5542,198.4374,0.0402,1.0462,399.6162,51.5339,0
2025-02-03 21:00:00,HSM.DSC.PMP01,cooling_descaling_pump,194.6268,202.1507,-0.8328,0.8817,394.6952,52.8321,0
2025-02-03 22:00:00,HSM.DSC.PMP01,cooling_descaling_pump,174.6573,200.3854,0.6937,1.0501,395.866,60.9469,0
2025-02-03 23:00:00,HSM.DSC.PMP01,cooling_descaling_pump,195.5178,196.0375,-0.0048,1.1515,402.1349,59.5809,0
2025-02-04 00:00:00,HSM.DSC.PMP01,cooling_descaling_pump,189.0176,201.7554,-0.3762,0.6649,401.3173,42.0098,0
2025-02-04 01:00:00,HSM.DSC.PMP01,cooling_descaling_pump,217.9552,198.2729,0.2044,0.8442,401.4712,53.0715,0
2025-02-04 02:00:00,HSM.DSC.PMP01,cooling_descaling_pump,162.2102,196.3547,0.0226,0.9803,395.3802,49.0113,0
2025-02-04 03:00:00,HSM.DSC.PMP01,cooling_descaling_pump,183.6028,201.1891,0.2444,0.8497,401.9399,60.9313,0
2025-02-04 04:00:00,HSM.DSC.PMP01,cooling_descaling_pump,159.5324,197.9492,-0.2008,1.199,403.3935,58.789,0
2025-02-04 05:00:00,HSM.DSC.PMP01,cooling_descaling_pump,218.3612,197.21,0.8309,0.8493,402.4453,63.5726,0
2025-02-04 06:00:00,HSM.DSC.PMP01,cooling_descaling_pump,189.1478,199.7342,-0.1145,1.0724,394.3507,49.2083,0
2025-02-04 07:00:00,HSM.DSC.PMP01,cooling_descaling_pump,181.9383,203.0884,-1.2538,1.1473,395.7199,59.3142,0
2025-02-04 08:00:00,HSM.DSC.PMP01,cooling_descaling_pump,188.7226,200.5227,0.3497,0.7413,407.516,56.6835,0
2025-02-04 09:00:00,HSM.DSC.PMP01,cooling_descaling_pump,191.3009,198.85,-0.4243,1.0305,400.517,53.587,0
2025-02-04 10:00:00,HSM.DSC.PMP01,cooling_descaling_pump,214.6612,197.6165,-0.4774,0.7539,400.4389,56.6637,0
2025-02-04 11:00:00,HSM.DSC.PMP01,cooling_descaling_pump,197.749,199.0065,-1.2405,1.042,403.4022,60.6541,0
2025-02-04 12:00:00,HSM.DSC.PMP01,cooling_descaling_pump,173.6926,195.7891,0.0644,1.0675,400.6684,57.9931,0
2025-02-04 13:00:00,HSM.DSC.PMP01,cooling_descaling_pump,222.9514,201.3079,0.4624,1.2878,394.7953,56.9921,0
2025-02-04 14:00:00,HSM.DSC.PMP01,cooling_descaling_pump,194.2159,193.8892,-0.3704,0.9699,402.6527,58.1578,0
2025-02-04 15:00:00,HSM.DSC.PMP01,cooling_descaling_pump,167.79,204.5244,0.9248,0.7391,407.3889,45.4862,0
2025-02-04 16:00:00,HSM.DSC.PMP01,cooling_descaling_pump,150.5689,201.1413,-0.9667,0.9363,400.3411,50.646,0
2025-02-04 17:00:00,HSM.DSC.PMP01,cooling_descaling_pump,170.5691,202.2063,-0.076,1.1912,400.4603,52.4721,0
2025-02-04 18:00:00,HSM.DSC.PMP01,cooling_descaling_pump,169.1761,195.6758,0.3128,0.9552,400.4455,54.2072,0
2025-02-04 19:00:00,HSM.DSC.PMP01,cooling_descaling_pump,170.061,204.6388,0.2405,0.8629,404.4992,48.0907,0
2025-02-04 20:00:00,HSM.DSC.PMP01,cooling_descaling_pump,160.5531,195.0572,0.5716,1.1798,398.9299,48.2694,0
2025-02-04 21:00:00,HSM.DSC.PMP01,cooling_descaling_pump,195.1293,206.4305,0.2802,0.8549,399.8446,55.0524,0
2025-02-04 22:00:00,HSM.DSC.PMP01,cooling_descaling_pump,187.2086,193.4682,0.1251,1.4394,393.9628,61.3089,0
2025-02-04 23:00:00,HSM.DSC.PMP01,cooling_descaling_pump,213.071,199.8581,0.1021,0.9849,402.7636,57.819,0
2025-02-05 00:00:00,HSM.DSC.PMP01,cooling_descaling_pump,182.3528,197.1562,-0.4587,0.8555,402.2863,48.3459,0
2025-02-05 01:00:00,HSM.DSC.PMP01,cooling_descaling_pump,167.9496,199.429,-0.3392,1.0555,389.3985,53.6222,0
2025-02-05 02:00:00,HSM.DSC.PMP01,cooling_descaling_pump,182.6661,200.2253,-0.3226,0.9039,399.6122,58.6578,0
2025-02-05 03:00:00,HSM.DSC.PMP01,cooling_descaling_pump,198.0547,201.342,-0.0087,0.9315,402.373,53.919,0
2025-02-05 04:00:00,HSM.DSC.PMP01,cooling_descaling_pump,175.4314,202.3317,0.3832,1.2903,394.3084,59.3806,0
2025-02-05 05:00:00,HSM.DSC.PMP01,cooling_descaling_pump,144.0434,193.0759,-0.4207,1.0242,406.7993,59.3785,0
2025-02-05 06:00:00,HSM.DSC.PMP01,cooling_descaling_pump,182.8918,200.5963,0.027,0.9541,402.6238,50.0084,0
2025-02-05 07:00:00,HSM.DSC.PMP01,cooling_descaling_pump,206.5072,198.861,0.5522,0.961,402.8917,58.622,0
2025-02-05 08:00:00,HSM.DSC.PMP01,cooling_descaling_pump,151.2402,204.4154,-0.7393,0.8313,406.0772,54.6569,0
2025-02-05 09:00:00,HSM.DSC.PMP01,cooling_descaling_pump,177.3038,200.3431,1.2363,0.8206,396.817,45.7149,0
2025-02-05 10:00:00,HSM.DSC.PMP01,cooling_descaling_pump,212.8765,198.1188,1.6398,0.7326,398.5656,53.96,0
2025-02-05 11:00:00,HSM.DSC.PMP01,cooling_descaling_pump,190.3007,200.296,-0.1167,0.6741,394.9946,49.3275,0
2025-02-05 12:00:00,HSM.DSC.PMP01,cooling_descaling_pump,175.7035,199.6846,-0.6597,0.7822,405.0739,57.3282,0
2025-02-05 13:00:00,HSM.DSC.PMP01,cooling_descaling_pump,168.1036,197.0273,-0.107,0.976,396.8784,43.1369,0
2025-02-05 14:00:00,HSM.DSC.PMP01,cooling_descaling_pump,201.3207,202.4033,0.6522,0.9169,400.5047,55.4225,0
2025-02-05 15:00:00,HSM.DSC.PMP01,cooling_descaling_pump,176.1009,196.3841,-0.5568,1.3404,393.2114,55.6908,0
2025-02-05 16:00:00,HSM.DSC.PMP01,cooling_descaling_pump,241.1731,197.3378,0.0319,0.804,406.1856,52.1914,0
2025-02-05 17:00:00,HSM.DSC.PMP01,cooling_descaling_pump,190.8631,205.0005,-1.0368,0.9222,397.7287,53.9786,0
2025-02-05 18:00:00,HSM.DSC.PMP01,cooling_descaling_pump,231.4455,203.5279,0.2375,0.9108,395.5444,57.8727,0
2025-02-05 19:00:00,HSM.DSC.PMP01,cooling_descaling_pump,190.9439,199.2414,-1.0106,0.9873,398.1223,56.0066,0
2025-02-05 20:00:00,HSM.DSC.PMP01,cooling_descaling_pump,157.4008,196.2788,0.7654,1.43,397.1493,55.4844,0
2025-02-05 21:00:00,HSM.DSC.PMP01,cooling_descaling_pump,160.7858,198.7041,-0.1093,0.8491,401.2347,52.5453,0
2025-02-05 22:00:00,HSM.DSC.PMP01,cooling_descaling_pump,181.6017,200.4208,-0.2577,1.3197,398.2303,59.0011,0
2025-02-05 23:00:00,HSM.DSC.PMP01,cooling_descaling_pump,184.9248,196.2565,-0.2129,1.2065,397.0422,60.2556,0
2025-02-06 00:00:00,HSM.DSC.PMP01,cooling_descaling_pump,185.2534,206.4542,-0.1341,0.9319,402.4477,55.4264,0
2025-02-06 01:00:00,HSM.DSC.PMP01,cooling_descaling_pump,192.7089,200.0542,-0.7684,0.9363,404.3732,46.0113,0
2025-02-06 02:00:00,HSM.DSC.PMP01,cooling_descaling_pump,191.757,202.4364,0.4698,1.0284,396.3292,58.1858,0
2025-02-06 03:00:00,HSM.DSC.PMP01,cooling_descaling_pump,196.1696,204.6586,0.0876,0.9245,403.4487,51.8836,0
2025-02-06 04:00:00,HSM.DSC.PMP01,cooling_descaling_pump,150.9582,202.2622,-0.3884,1.1095,398.143,61.9012,0
2025-02-06 05:00:00,HSM.DSC.PMP01,cooling_descaling_pump,193.2305,199.0995,0.0141,0.807,400.6386,58.3974,0
2025-02-06 06:00:00,HSM.DSC.PMP01,cooling_descaling_pump,179.8191,198.3917,1.055,1.1232,401.2353,53.9401,0
2025-02-06 07:00:00,HSM.DSC.PMP01,cooling_descaling_pump,149.9292,198.0522,0.3243,1.2382,398.7816,58.1227,0
2025-02-06 08:00:00,HSM.DSC.PMP01,cooling_descaling_pump,150.2397,195.2094,-0.3626,1.0667,399.1656,54.75,0
2025-02-06 09:00:00,HSM.DSC.PMP01,cooling_descaling_pump,209.7312,199.723,-0.2544,0.7153,400.9244,39.4228,0
2025-02-06 10:00:00,HSM.DSC.PMP01,cooling_descaling_pump,186.7959,203.3605,-0.7373,0.9569,401.0048,52.6528,0
2025-02-06 11:00:00,HSM.DSC.PMP01,cooling_descaling_pump,158.3392,197.2673,-0.1474,1.0126,405.0837,53.4169,0
2025-02-06 12:00:00,HSM.DSC.PMP01,cooling_descaling_pump,149.9014,196.4444,-0.0776,1.0388,399.9512,47.3326,0
2025-02-06 13:00:00,HSM.DSC.PMP01,cooling_descaling_pump,207.78,201.1798,0.0585,0.8219,406.3677,54.393,0
2025-02-06 14:00:00,HSM.DSC.PMP01,cooling_descaling_pump,166.1696,200.3059,0.1709,0.9615,402.9839,52.2517,0
2025-02-06 15:00:00,HSM.DSC.PMP01,cooling_descaling_pump,172.1894,200.3847,0.5814,1.2163,397.202,54.8407,0
2025-02-06 16:00:00,HSM.DSC.PMP01,cooling_descaling_pump,188.7328,201.8646,-1.8098,0.817,397.9698,45.8761,0
2025-02-06 17:00:00,HSM.DSC.PMP01,cooling_descaling_pump,188.4984,200.0348,0.5616,0.8171,399.8747,50.5232,0
2025-02-06 18:00:00,HSM.DSC.PMP01,cooling_descaling_pump,165.2114,193.1113,0.5849,1.3363,400.2017,52.4531,0
2025-02-06 19:00:00,HSM.DSC.PMP01,cooling_descaling_pump,214.184,201.1889,-0.6266,0.9174,406.8183,51.1919,0
2025-02-06 20:00:00,HSM.DSC.PMP01,cooling_descaling_pump,188.3436,197.2037,-1.1253,1.0267,393.7756,52.0514,0
2025-02-06 21:00:00,HSM.DSC.PMP01,cooling_descaling_pump,192.3972,192.9265,-0.6508,1.2328,403.3511,61.0233,0
2025-02-06 22:00:00,HSM.DSC.PMP01,cooling_descaling_pump,173.1322,199.2387,-0.0164,1.0813,396.6794,62.1785,0
2025-02-06 23:00:00,HSM.DSC.PMP01,cooling_descaling_pump,203.7622,200.9554,0.774,0.6903,396.8174,39.2964,0
2025-02-07 00:00:00,HSM.DSC.PMP01,cooling_descaling_pump,188.6954,203.3535,-1.0426,0.6012,402.11,51.4608,0
2025-02-07 01:00:00,HSM.DSC.PMP01,cooling_descaling_pump,177.8053,195.7346,0.0035,1.0123,398.0002,51.9623,0
2025-02-07 02:00:00,HSM.DSC.PMP01,cooling_descaling_pump,179.2217,204.8121,0.7644,1.1647,397.5993,59.3322,0
2025-02-07 03:00:00,HSM.DSC.PMP01,cooling_descaling_pump,201.1463,205.4919,-0.7179,0.9687,395.7397,65.3913,0
2025-02-07 04:00:00,HSM.DSC.PMP01,cooling_descaling_pump,201.4987,204.1752,-0.2237,1.1809,397.1373,62.5929,0
2025-02-07 05:00:00,HSM.DSC.PMP01,cooling_descaling_pump,127.3936,196.7473,-0.1982,1.1178,399.8864,62.1016,0
2025-02-07 06:00:00,HSM.DSC.PMP01,cooling_descaling_pump,177.8579,198.4303,0.0835,1.03,388.4392,54.8029,0
2025-02-07 07:00:00,HSM.DSC.PMP01,cooling_descaling_pump,185.4743,191.1261,0.2909,0.9569,407.5326,54.1506,0
2025-02-07 08:00:00,HSM.DSC.PMP01,cooling_descaling_pump,193.6292,192.0938,0.8887,1.2694,397.2004,62.7704,0
2025-02-07 09:00:00,HSM.DSC.PMP01,cooling_descaling_pump,147.8395,201.416,0.0612,0.9558,398.4973,53.7693,0
2025-02-07 10:00:00,HSM.DSC.PMP01,cooling_descaling_pump,170.6484,199.8308,-0.6185,0.9467,402.0896,58.6782,0
2025-02-07 11:00:00,HSM.DSC.PMP01,cooling_descaling_pump,160.4786,197.9141,0.6119,0.8202,404.2519,52.5016,0
2025-02-07 12:00:00,HSM.DSC.PMP01,cooling_descaling_pump,177.4607,201.76,0.5503,0.9997,399.002,54.1985,0
2025-02-07 13:00:00,HSM.DSC.PMP01,cooling_descaling_pump,161.3072,204.2549,-0.2231,1.0429,401.231,52.6619,0
2025-02-07 14:00:00,HSM.DSC.PMP01,cooling_descaling_pump,195.3962,195.7929,-0.9213,1.0599,400.4965,55.7971,0
2025-02-07 15:00:00,HSM.DSC.PMP01,cooling_descaling_pump,202.4122,202.5779,0.2294,0.9584,402.38,53.926,0
2025-02-07 16:00:00,HSM.DSC.PMP01,cooling_descaling_pump,213.7582,197.5485,-1.1632,0.6613,405.07,52.5592,0
2025-02-07 17:00:00,HSM.DSC.PMP01,cooling_descaling_pump,206.0102,196.9558,1.032,1.2361,399.5044,55.5918,0
2025-02-07 18:00:00,HSM.DSC.PMP01,cooling_descaling_pump,200.5127,206.9397,0.2579,0.7695,406.5071,52.595,0
2025-02-07 19:00:00,HSM.DSC.PMP01,cooling_descaling_pump,199.5801,205.1666,0.8461,0.8464,402.9113,44.5683,0
2025-02-07 20:00:00,HSM.DSC.PMP01,cooling_descaling_pump,193.6539,207.2297,0.59,0.9649,401.6673,52.0365,0
2025-02-07 21:00:00,HSM.DSC.PMP01,cooling_descaling_pump,214.7753,196.17,-0.3533,1.142,403.7238,60.4092,0
2025-02-07 22:00:00,HSM.DSC.PMP01,cooling_descaling_pump,211.7687,199.6712,-0.8538,1.0461,398.8264,56.9272,0
2025-02-07 23:00:00,HSM.DSC.PMP01,cooling_descaling_pump,186.3596,192.8887,-0.1323,1.0086,398.8637,56.128,0
2025-02-08 00:00:00,HSM.DSC.PMP01,cooling_descaling_pump,187.2232,199.9022,1.5076,1.0301,399.5116,58.2405,0
2025-02-08 01:00:00,HSM.DSC.PMP01,cooling_descaling_pump,184.2618,199.9589,0.1194,0.9029,398.9445,53.186,0
2025-02-08 02:00:00,HSM.DSC.PMP01,cooling_descaling_pump,191.1141,202.598,-1.2385,0.7105,403.4718,52.6179,0
2025-02-08 03:00:00,HSM.DSC.PMP01,cooling_descaling_pump,170.0614,200.7403,0.35,0.968,398.9429,53.1771,0
2025-02-08 04:00:00,HSM.DSC.PMP01,cooling_descaling_pump,196.7489,204.59,-0.3964,0.9285,400.4478,55.9625,0
2025-02-08 05:00:00,HSM.DSC.PMP01,cooling_descaling_pump,221.4729,202.5666,-0.526,0.7935,404.9474,47.115,0
2025-02-08 06:00:00,HSM.DSC.PMP01,cooling_descaling_pump,204.4298,195.6641,-0.7114,1.1501,404.9647,68.7204,0
2025-02-08 07:00:00,HSM.DSC.PMP01,cooling_descaling_pump,153.9516,204.3937,-1.232,1.0676,398.648,53.2031,0
2025-02-08 08:00:00,HSM.DSC.PMP01,cooling_descaling_pump,252.5217,194.3616,0.1326,0.7948,405.723,54.8411,0
2025-02-08 09:00:00,HSM.DSC.PMP01,cooling_descaling_pump,190.6664,202.961,-1.2836,1.2411,405.7162,63.8018,0
2025-02-08 10:00:00,HSM.DSC.PMP01,cooling_descaling_pump,205.5424,206.4026,-1.4798,0.8338,394.908,56.2505,0
2025-02-08 11:00:00,HSM.DSC.PMP01,cooling_descaling_pump,150.6019,199.1084,1.0985,1.2068,399.7451,54.1904,0
2025-02-08 12:00:00,HSM.DSC.PMP01,cooling_descaling_pump,194.8436,203.4263,0.8207,0.6622,406.9071,47.1296,0
2025-02-08 13:00:00,HSM.DSC.PMP01,cooling_descaling_pump,193.9532,206.8431,0.6871,0.9318,398.5694,57.723,0
2025-02-08 14:00:00,HSM.DSC.PMP01,cooling_descaling_pump,192.094,199.4405,-0.681,1.0357,395.4827,56.4099,0
2025-02-08 15:00:00,HSM.DSC.PMP01,cooling_descaling_pump,200.4521,197.3424,-0.0253,0.8596,403.7146,49.792,0
2025-02-08 16:00:00,HSM.DSC.PMP01,cooling_descaling_pump,176.9491,193.1967,0.2891,1.2528,401.1775,67.6142,0
2025-02-08 17:00:00,HSM.DSC.PMP01,cooling_descaling_pump,212.0924,193.1184,0.395,1.1502,404.7998,59.1595,0
2025-02-08 18:00:00,HSM.DSC.PMP01,cooling_descaling_pump,201.6133,203.6872,-0.6972,0.9595,399.4364,45.0567,0
2025-02-08 19:00:00,HSM.DSC.PMP01,cooling_descaling_pump,190.5323,197.2145,0.3441,1.2525,397.6801,58.6818,0
2025-02-08 20:00:00,HSM.DSC.PMP01,cooling_descaling_pump,164.1699,201.5293,-0.5452,0.9134,398.7667,53.3555,0
2025-02-08 21:00:00,HSM.DSC.PMP01,cooling_descaling_pump,165.9413,205.909,0.219,0.8951,399.6767,52.3762,0
2025-02-08 22:00:00,HSM.DSC.PMP01,cooling_descaling_pump,211.8234,201.187,0.1882,1.1385,401.423,55.0069,0
2025-02-08 23:00:00,HSM.DSC.PMP01,cooling_descaling_pump,177.6455,197.974,0.7413,1.06,404.3346,55.1388,0
2025-02-09 00:00:00,HSM.DSC.PMP01,cooling_descaling_pump,205.6805,194.5002,-0.0522,1.1653,393.9608,53.8791,0
2025-02-09 01:00:00,HSM.DSC.PMP01,cooling_descaling_pump,146.3922,196.3941,-0.306,0.9896,397.3474,54.9243,0
2025-02-09 02:00:00,HSM.DSC.PMP01,cooling_descaling_pump,188.9904,200.096,0.4551,0.8344,405.4021,52.1319,0
2025-02-09 03:00:00,HSM.DSC.PMP01,cooling_descaling_pump,194.2076,200.2927,-0.5043,1.131,396.5202,48.3393,0
2025-02-09 04:00:00,HSM.DSC.PMP01,cooling_descaling_pump,187.2101,196.735,0.7563,0.9772,396.7187,56.4995,0
2025-02-09 05:00:00,HSM.DSC.PMP01,cooling_descaling_pump,177.3694,199.977,-0.803,0.9671,398.552,49.3297,0
2025-02-09 06:00:00,HSM.DSC.PMP01,cooling_descaling_pump,189.895,199.5619,-0.6595,1.0574,401.9845,56.731,0
2025-02-09 07:00:00,HSM.DSC.PMP01,cooling_descaling_pump,196.5326,197.413,0.5226,0.9755,400.3688,57.6567,0
2025-02-09 08:00:00,HSM.DSC.PMP01,cooling_descaling_pump,256.4106,196.253,1.3588,0.5799,397.5749,43.2351,0
2025-02-09 09:00:00,HSM.DSC.PMP01,cooling_descaling_pump,163.6261,199.6276,0.9678,1.0252,400.4403,52.9681,0
2025-02-09 10:00:00,HSM.DSC.PMP01,cooling_descaling_pump,193.3356,199.7785,0.0831,0.9697,400.2524,54.6615,0
2025-02-09 11:00:00,HSM.DSC.PMP01,cooling_descaling_pump,204.1338,201.1721,-0.7117,0.7625,398.2825,47.6891,0
2025-02-09 12:00:00,HSM.DSC.PMP01,cooling_descaling_pump,171.6139,195.7928,0.6877,0.9504,402.86,48.1909,0
2025-02-09 13:00:00,HSM.DSC.PMP01,cooling_descaling_pump,167.612,205.0112,-0.202,0.9576,401.8592,54.1244,0
2025-02-09 14:00:00,HSM.DSC.PMP01,cooling_descaling_pump,159.9049,197.6244,0.7303,1.0991,400.0367,56.1131,0
2025-02-09 15:00:00,HSM.DSC.PMP01,cooling_descaling_pump,152.6087,197.1497,-0.561,1.231,400.896,51.9263,0
2025-02-09 16:00:00,HSM.DSC.PMP01,cooling_descaling_pump,131.0373,196.4984,-0.259,1.2258,398.1496,49.2961,0
2025-02-09 17:00:00,HSM.DSC.PMP01,cooling_descaling_pump,207.9027,202.2364,0.246,0.7736,403.5999,53.3918,0
2025-02-09 18:00:00,HSM.DSC.PMP01,cooling_descaling_pump,198.0661,200.8017,-0.47,1.1391,405.421,68.2804,0
2025-02-09 19:00:00,HSM.DSC.PMP01,cooling_descaling_pump,126.6909,193.2656,0.3106,0.8891,403.3311,49.774,0
2025-02-09 20:00:00,HSM.DSC.PMP01,cooling_descaling_pump,149.9366,202.1315,-0.9219,1.0497,395.5543,54.7251,0
2025-02-09 21:00:00,HSM.DSC.PMP01,cooling_descaling_pump,185.8286,200.7625,0.9827,1.2969,394.6631,52.4265,0
2025-02-09 22:00:00,HSM.DSC.PMP01,cooling_descaling_pump,178.5205,198.7173,-0.0433,1.0747,400.3982,52.8026,0
2025-02-09 23:00:00,HSM.DSC.PMP01,cooling_descaling_pump,239.9828,199.296,0.381,0.6915,402.5419,46.3834,0
2025-02-10 00:00:00,HSM.DSC.PMP01,cooling_descaling_pump,155.7761,198.5498,0.5072,0.7839,397.2465,44.7639,0
2025-02-10 01:00:00,HSM.DSC.PMP01,cooling_descaling_pump,198.2154,197.893,-0.5379,1.0421,400.5393,56.3381,0
2025-02-10 02:00:00,HSM.DSC.PMP01,cooling_descaling_pump,182.6371,197.2271,-0.1234,0.8502,403.7032,49.7749,0
2025-02-10 03:00:00,HSM.DSC.PMP01,cooling_descaling_pump,212.1964,202.3963,-0.7807,0.8289,400.0222,46.0472,0
2025-02-10 04:00:00,HSM.DSC.PMP01,cooling_descaling_pump,209.8798,197.2931,0.2405,1.1229,400.1689,55.4426,0
2025-02-10 05:00:00,HSM.DSC.PMP01,cooling_descaling_pump,147.3802,197.9735,-0.5595,1.2267,395.2546,62.084,0
2025-02-10 06:00:00,HSM.DSC.PMP01,cooling_descaling_pump,170.2893,205.2621,0.3267,0.9711,398.8093,52.1797,0
2025-02-10 07:00:00,HSM.DSC.PMP01,cooling_descaling_pump,170.8404,200.2578,0.9933,1.0667,402.1314,55.8274,0
2025-02-10 08:00:00,HSM.DSC.PMP01,cooling_descaling_pump,166.3426,194.3314,0.501,0.9525,396.3906,51.482,0
2025-02-10 09:00:00,HSM.DSC.PMP01,cooling_descaling_pump,206.7965,195.2208,-0.2924,0.9051,396.7294,55.559,0
2025-02-10 10:00:00,HSM.DSC.PMP01,cooling_descaling_pump,205.9162,196.5876,0.3395,0.6343,404.7856,51.2515,0
2025-02-10 11:00:00,HSM.DSC.PMP01,cooling_descaling_pump,193.9575,202.7892,-0.5166,1.2592,397.8889,67.6367,0
2025-02-10 12:00:00,HSM.DSC.PMP01,cooling_descaling_pump,169.2376,197.8601,0.1268,1.0746,395.9481,50.3056,0
2025-02-10 13:00:00,HSM.DSC.PMP01,cooling_descaling_pump,182.7587,200.8696,0.3183,1.0312,396.2601,54.4152,0
2025-02-10 14:00:00,HSM.DSC.PMP01,cooling_descaling_pump,163.6105,201.2937,-0.528,1.029,392.2596,55.2571,0
2025-02-10 15:00:00,HSM.DSC.PMP01,cooling_descaling_pump,196.7885,191.7001,0.4402,1.3424,405.3821,59.1331,0
2025-02-10 16:00:00,HSM.DSC.PMP01,cooling_descaling_pump,161.6188,200.2843,0.5873,0.845,403.5388,42.6827,0
2025-02-10 17:00:00,HSM.DSC.PMP01,cooling_descaling_pump,191.8568,198.1066,0.3624,0.9037,397.7581,50.625,0
2025-02-10 18:00:00,HSM.DSC.PMP01,cooling_descaling_pump,182.3296,200.7206,-0.4643,1.0115,396.5644,49.9862,0
2025-02-10 19:00:00,HSM.DSC.PMP01,cooling_descaling_pump,159.1463,202.9858,-1.5119,0.9419,399.383,54.2962,0
2025-02-10 20:00:00,HSM.DSC.PMP01,cooling_descaling_pump,156.5114,201.9765,0.567,1.2048,394.9864,58.4253,0
2025-02-10 21:00:00,HSM.DSC.PMP01,cooling_descaling_pump,177.0391,203.2428,0.56,0.7969,395.6926,44.5645,0
2025-02-10 22:00:00,HSM.DSC.PMP01,cooling_descaling_pump,190.3559,202.2423,-0.3385,1.0444,400.4958,57.7619,0
2025-02-10 23:00:00,HSM.DSC.PMP01,cooling_descaling_pump,189.5959,199.9416,0.804,0.9059,397.8129,46.6357,0
2025-02-11 00:00:00,HSM.DSC.PMP01,cooling_descaling_pump,217.1814,200.0484,-0.9978,1.0762,390.8746,63.4715,0
2025-02-11 01:00:00,HSM.DSC.PMP01,cooling_descaling_pump,210.5482,200.9927,-0.0652,0.9977,403.4013,57.2982,0
2025-02-11 02:00:00,HSM.DSC.PMP01,cooling_descaling_pump,154.5195,201.2248,-0.235,1.1033,395.6131,56.4747,0
2025-02-11 03:00:00,HSM.DSC.PMP01,cooling_descaling_pump,223.2727,201.7889,0.9809,1.0151,397.8469,56.8919,0
2025-02-11 04:00:00,HSM.DSC.PMP01,cooling_descaling_pump,204.9027,198.0398,0.548,1.0728,398.4297,56.6698,0
2025-02-11 05:00:00,HSM.DSC.PMP01,cooling_descaling_pump,178.2763,202.9906,-0.5522,1.3905,395.789,60.4087,0
2025-02-11 06:00:00,HSM.DSC.PMP01,cooling_descaling_pump,197.0448,202.4632,-0.9529,0.9367,401.0283,57.9701,0
2025-02-11 07:00:00,HSM.DSC.PMP01,cooling_descaling_pump,190.7038,198.3993,1.3969,0.7745,402.4881,56.4645,0
2025-02-11 08:00:00,HSM.DSC.PMP01,cooling_descaling_pump,159.868,207.2692,-0.0249,1.1269,391.3166,51.6191,0
2025-02-11 09:00:00,HSM.DSC.PMP01,cooling_descaling_pump,210.0781,192.4793,0.6446,1.0975,400.9936,57.974,0
2025-02-11 10:00:00,HSM.DSC.PMP01,cooling_descaling_pump,206.9274,196.2735,-0.142,0.7177,404.7994,47.6226,0
2025-02-11 11:00:00,HSM.DSC.PMP01,cooling_descaling_pump,195.2852,199.5729,-0.097,0.789,405.1327,55.3811,0
2025-02-11 12:00:00,HSM.DSC.PMP01,cooling_descaling_pump,191.1754,203.9831,0.381,1.0307,401.6691,60.3432,0
2025-02-11 13:00:00,HSM.DSC.PMP01,cooling_descaling_pump,202.219,199.1033,-0.3742,1.1071,401.0115,54.5252,0
2025-02-11 14:00:00,HSM.DSC.PMP01,cooling_descaling_pump,185.9858,200.9054,0.5543,1.1233,401.2876,54.8545,0
2025-02-11 15:00:00,HSM.DSC.PMP01,cooling_descaling_pump,186.6332,193.9247,-0.2956,1.3813,395.1751,60.8271,0
2025-02-11 16:00:00,HSM.DSC.PMP01,cooling_descaling_pump,219.6001,193.7313,0.7938,1.0775,397.4952,58.2093,0
2025-02-11 17:00:00,HSM.DSC.PMP01,cooling_descaling_pump,188.3286,198.4633,0.5686,0.9466,406.3593,55.8678,0
2025-02-11 18:00:00,HSM.DSC.PMP01,cooling_descaling_pump,172.421,200.1676,0.424,1.013,399.8009,46.4045,0
2025-02-11 19:00:00,HSM.DSC.PMP01,cooling_descaling_pump,188.2554,194.0452,-0.1521,1.0741,389.9756,49.282,0
2025-02-11 20:00:00,HSM.DSC.PMP01,cooling_descaling_pump,178.4247,206.6056,1.1565,1.0114,393.517,56.6154,0
2025-02-11 21:00:00,HSM.DSC.PMP01,cooling_descaling_pump,189.6158,196.7348,-0.7001,0.9945,401.9579,52.52,0
2025-02-11 22:00:00,HSM.DSC.PMP01,cooling_descaling_pump,179.3523,201.9674,-0.3028,1.0075,400.4675,56.604,0
2025-02-11 23:00:00,HSM.DSC.PMP01,cooling_descaling_pump,169.5646,199.2957,0.0324,0.9195,407.0907,49.6104,0
2025-02-12 00:00:00,HSM.DSC.PMP01,cooling_descaling_pump,188.7514,199.6495,-0.2046,0.8082,403.5714,43.9475,0
2025-02-12 01:00:00,HSM.DSC.PMP01,cooling_descaling_pump,161.3302,200.5914,-1.4859,1.0435,397.2498,62.9434,0
2025-02-12 02:00:00,HSM.DSC.PMP01,cooling_descaling_pump,133.263,199.335,0.4172,1.0372,403.9713,57.9183,0
2025-02-12 03:00:00,HSM.DSC.PMP01,cooling_descaling_pump,197.0437,203.9777,-0.2858,1.1689,393.9072,56.16,0
2025-02-12 04:00:00,HSM.DSC.PMP01,cooling_descaling_pump,225.6517,194.7924,-1.1086,1.1443,393.5516,58.2737,0
2025-02-12 05:00:00,HSM.DSC.PMP01,cooling_descaling_pump,233.2675,201.8489,0.1763,0.7923,405.0888,57.9474,0
2025-02-12 06:00:00,HSM.DSC.PMP01,cooling_descaling_pump,196.3944,192.0531,0.1823,0.7949,403.4863,55.1881,0
2025-02-12 07:00:00,HSM.DSC.PMP01,cooling_descaling_pump,191.4658,198.841,0.3756,1.1625,399.6891,62.0722,0
2025-02-12 08:00:00,HSM.DSC.PMP01,cooling_descaling_pump,202.5732,199.5721,-0.3816,0.8471,403.3124,54.0255,0
2025-02-12 09:00:00,HSM.DSC.PMP01,cooling_descaling_pump,193.9638,205.8252,0.3177,0.5391,397.4796,40.564,0
2025-02-12 10:00:00,HSM.DSC.PMP01,cooling_descaling_pump,141.5759,195.0931,-0.3936,0.9833,408.2569,48.7769,0
2025-02-12 11:00:00,HSM.DSC.PMP01,cooling_descaling_pump,242.1582,204.2816,-0.4526,0.7474,403.7652,56.4034,0
2025-02-12 12:00:00,HSM.DSC.PMP01,cooling_descaling_pump,196.9804,202.1189,-0.5249,0.9757,399.2074,60.1598,0
2025-02-12 13:00:00,HSM.DSC.PMP01,cooling_descaling_pump,157.48,198.0769,0.9822,0.9628,406.6599,54.2447,0
2025-02-12 14:00:00,HSM.DSC.PMP01,cooling_descaling_pump,193.5746,199.1867,0.2095,1.05,401.2855,56.6328,0
2025-02-12 15:00:00,HSM.DSC.PMP01,cooling_descaling_pump,166.7194,197.2637,-1.3708,1.1404,397.9791,56.8259,0
2025-02-12 16:00:00,HSM.DSC.PMP01,cooling_descaling_pump,156.4848,192.6913,-0.3996,1.1246,393.2857,48.4846,0
2025-02-12 17:00:00,HSM.DSC.PMP01,cooling_descaling_pump,246.0769,193.9949,0.1654,1.191,400.3562,59.2916,0
2025-02-12 18:00:00,HSM.DSC.PMP01,cooling_descaling_pump,130.4407,198.7133,1.3844,1.1812,401.547,62.9396,0
2025-02-12 19:00:00,HSM.DSC.PMP01,cooling_descaling_pump,196.3752,195.4601,0.2849,1.08,403.8014,53.2809,0
2025-02-12 20:00:00,HSM.DSC.PMP01,cooling_descaling_pump,180.8579,203.0977,0.1666,0.9423,401.3906,58.6851,0
2025-02-12 21:00:00,HSM.DSC.PMP01,cooling_descaling_pump,158.0903,201.0929,-0.1373,1.0635,399.1301,54.2778,0
2025-02-12 22:00:00,HSM.DSC.PMP01,cooling_descaling_pump,205.6099,200.2082,-0.5901,0.9748,400.0394,55.5442,0
2025-02-12 23:00:00,HSM.DSC.PMP01,cooling_descaling_pump,188.4929,195.3089,0.2946,1.1056,406.5928,56.6797,0
2025-02-13 00:00:00,HSM.DSC.PMP01,cooling_descaling_pump,150.8493,205.927,-0.3173,0.7926,397.989,49.9435,0
2025-02-13 01:00:00,HSM.DSC.PMP01,cooling_descaling_pump,183.8179,201.0863,-0.1595,0.9462,400.0145,62.0248,0
2025-02-13 02:00:00,HSM.DSC.PMP01,cooling_descaling_pump,192.9391,201.1205,1.2641,0.8813,396.6041,55.0381,0
2025-02-13 03:00:00,HSM.DSC.PMP01,cooling_descaling_pump,196.0982,203.023,0.9695,0.9643,399.9647,55.3506,0
2025-02-13 04:00:00,HSM.DSC.PMP01,cooling_descaling_pump,164.8742,198.4951,-0.0313,1.2458,408.6497,65.0992,0
2025-02-13 05:00:00,HSM.DSC.PMP01,cooling_descaling_pump,190.8126,201.9884,-1.5849,0.9163,401.1732,51.1233,0
2025-02-13 06:00:00,HSM.DSC.PMP01,cooling_descaling_pump,172.9705,201.61,-0.4209,0.9271,397.1856,55.5377,0
2025-02-13 07:00:00,HSM.DSC.PMP01,cooling_descaling_pump,184.3771,195.9266,0.2535,0.9315,401.4844,56.3371,0
2025-02-13 08:00:00,HSM.DSC.PMP01,cooling_descaling_pump,183.3552,196.4324,-0.0226,1.1929,397.6071,60.6621,0
2025-02-13 09:00:00,HSM.DSC.PMP01,cooling_descaling_pump,189.8461,202.1355,0.3514,1.1603,398.9382,56.8601,0
2025-02-13 10:00:00,HSM.DSC.PMP01,cooling_descaling_pump,209.4623,197.0547,0.2079,1.074,396.7309,58.8132,0
2025-02-13 11:00:00,HSM.DSC.PMP01,cooling_descaling_pump,193.8662,199.3193,-0.8681,0.8334,405.182,55.2011,0
2025-02-13 12:00:00,HSM.DSC.PMP01,cooling_descaling_pump,173.2841,199.5944,-0.7502,0.9427,401.6335,61.4796,0
2025-02-13 13:00:00,HSM.DSC.PMP01,cooling_descaling_pump,205.7888,199.6007,0.1405,1.0304,398.7906,52.5688,0
2025-02-13 14:00:00,HSM.DSC.PMP01,cooling_descaling_pump,210.2803,198.8632,-0.3757,1.2439,395.6327,60.5557,0
2025-02-13 15:00:00,HSM.DSC.PMP01,cooling_descaling_pump,180.8568,200.928,0.0924,1.1154,396.6925,51.6141,0
2025-02-13 16:00:00,HSM.DSC.PMP01,cooling_descaling_pump,224.8542,198.5729,-0.5071,0.8934,398.5257,53.3265,0
2025-02-13 17:00:00,HSM.DSC.PMP01,cooling_descaling_pump,205.3332,202.0669,-0.2589,1.049,403.7489,58.1795,0
2025-02-13 18:00:00,HSM.DSC.PMP01,cooling_descaling_pump,203.2068,201.854,-0.0354,1.1462,404.6627,58.3902,0
2025-02-13 19:00:00,HSM.DSC.PMP01,cooling_descaling_pump,208.7712,195.6675,-0.425,1.2331,401.3513,55.6778,0
2025-02-13 20:00:00,HSM.DSC.PMP01,cooling_descaling_pump,222.306,192.8284,0.1814,1.0663,400.8106,54.5576,0
2025-02-13 21:00:00,HSM.DSC.PMP01,cooling_descaling_pump,206.501,202.1248,-0.3396,0.9886,396.4891,57.7354,0
2025-02-13 22:00:00,HSM.DSC.PMP01,cooling_descaling_pump,183.9669,194.6092,-0.7959,1.4067,395.792,62.8652,0
2025-02-13 23:00:00,HSM.DSC.PMP01,cooling_descaling_pump,167.9,200.6305,0.062,1.1142,398.2967,51.9847,0
2025-02-14 00:00:00,HSM.DSC.PMP01,cooling_descaling_pump,217.7697,200.3559,0.5396,0.7497,398.4203,43.7748,0
2025-02-14 01:00:00,HSM.DSC.PMP01,cooling_descaling_pump,202.0007,201.4105,-1.0132,0.4731,399.0207,41.3642,0
2025-02-14 02:00:00,HSM.DSC.PMP01,cooling_descaling_pump,185.2512,199.6101,-1.1989,1.383,390.1674,56.9984,0
2025-02-14 03:00:00,HSM.DSC.PMP01,cooling_descaling_pump,188.843,195.3051,0.0209,1.1516,397.6332,52.0771,0
2025-02-14 04:00:00,HSM.DSC.PMP01,cooling_descaling_pump,156.6931,202.4596,-1.5236,0.9468,399.4438,50.4079,0
2025-02-14 05:00:00,HSM.DSC.PMP01,cooling_descaling_pump,198.9925,204.5075,-0.5363,1.0157,400.1333,59.5632,0
2025-02-14 06:00:00,HSM.DSC.PMP01,cooling_descaling_pump,205.4511,203.7981,-0.0718,0.8274,398.1573,56.7314,0
2025-02-14 07:00:00,HSM.DSC.PMP01,cooling_descaling_pump,174.3613,200.1094,-0.4598,1.1563,406.3624,54.5947,0
2025-02-14 08:00:00,HSM.DSC.PMP01,cooling_descaling_pump,145.3849,200.8389,1.0724,1.0836,402.9503,52.0092,0
2025-02-14 09:00:00,HSM.DSC.PMP01,cooling_descaling_pump,220.4167,203.2859,-0.0507,1.1257,400.6205,67.0119,0
2025-02-14 10:00:00,HSM.DSC.PMP01,cooling_descaling_pump,148.5044,199.933,-1.2421,0.9232,397.5973,52.5383,0
2025-02-14 11:00:00,HSM.DSC.PMP01,cooling_descaling_pump,177.1934,209.5643,-0.7661,0.9483,398.6112,57.5135,0
2025-02-14 12:00:00,HSM.DSC.PMP01,cooling_descaling_pump,199.7482,201.3692,-1.1863,0.9816,402.3505,52.7267,0
2025-02-14 13:00:00,HSM.DSC.PMP01,cooling_descaling_pump,198.443,201.6414,-1.1707,0.7168,399.6331,44.3107,0
2025-02-14 14:00:00,HSM.DSC.PMP01,cooling_descaling_pump,180.7034,199.7763,0.8095,1.0468,402.0662,56.1677,0
2025-02-14 15:00:00,HSM.DSC.PMP01,cooling_descaling_pump,169.6464,204.534,0.2403,0.9714,395.3878,53.7774,0
2025-02-14 16:00:00,HSM.DSC.PMP01,cooling_descaling_pump,191.5045,196.2607,0.7951,0.7674,406.2303,48.1368,0
2025-02-14 17:00:00,HSM.DSC.PMP01,cooling_descaling_pump,176.9973,201.8351,0.609,0.971,398.2477,54.4462,0
2025-02-14 18:00:00,HSM.DSC.PMP01,cooling_descaling_pump,163.6654,200.6261,-0.3686,0.7392,397.8471,44.7046,0
2025-02-14 19:00:00,HSM.DSC.PMP01,cooling_descaling_pump,206.898,203.8541,0.2381,0.825,398.3159,53.8279,0
2025-02-14 20:00:00,HSM.DSC.PMP01,cooling_descaling_pump,177.2859,203.8002,-0.5105,1.1445,394.0714,64.7532,0
2025-02-14 21:00:00,HSM.DSC.PMP01,cooling_descaling_pump,189.926,200.6094,0.802,0.8674,399.6144,46.9406,0
2025-02-14 22:00:00,HSM.DSC.PMP01,cooling_descaling_pump,175.1083,205.4891,-0.1332,1.0243,401.2951,54.218,0
2025-02-14 23:00:00,HSM.DSC.PMP01,cooling_descaling_pump,134.2141,199.9178,0.7193,0.9226,395.0401,46.3413,0
2025-02-15 00:00:00,HSM.DSC.PMP01,cooling_descaling_pump,183.6432,199.2001,-0.1813,1.0372,392.8585,55.3161,0
2025-02-15 01:00:00,HSM.DSC.PMP01,cooling_descaling_pump,162.1467,197.3105,-0.2697,1.2843,402.4252,59.5595,0
2025-02-15 02:00:00,HSM.DSC.PMP01,cooling_descaling_pump,152.4644,205.8578,-0.1509,1.0842,391.8681,59.7204,0
2025-02-15 03:00:00,HSM.DSC.PMP01,cooling_descaling_pump,200.3207,203.4872,-1.043,1.0709,391.2486,61.5663,0
2025-02-15 04:00:00,HSM.DSC.PMP01,cooling_descaling_pump,199.5855,203.5728,0.3376,0.8375,402.9388,55.4135,0
2025-02-15 05:00:00,HSM.DSC.PMP01,cooling_descaling_pump,161.8445,197.4039,0.8294,1.333,400.8458,64.9684,0
2025-02-15 06:00:00,HSM.DSC.PMP01,cooling_descaling_pump,200.2597,205.2374,0.5152,0.8188,401.2298,59.3536,0
2025-02-15 07:00:00,HSM.DSC.PMP01,cooling_descaling_pump,223.2931,200.3589,0.1664,0.7968,401.1933,55.596,0
2025-02-15 08:00:00,HSM.DSC.PMP01,cooling_descaling_pump,146.2794,195.6379,0.13,1.1868,399.1439,60.9859,0
2025-02-15 09:00:00,HSM.DSC.PMP01,cooling_descaling_pump,188.5651,201.4751,-0.2383,1.1143,398.0301,60.014,0
2025-02-15 10:00:00,HSM.DSC.PMP01,cooling_descaling_pump,192.4541,195.9421,0.0898,1.0692,399.075,60.3568,0
2025-02-15 11:00:00,HSM.DSC.PMP01,cooling_descaling_pump,166.0582,202.6589,0.1345,1.0312,393.5065,51.6992,0
2025-02-15 12:00:00,HSM.DSC.PMP01,cooling_descaling_pump,193.4528,196.1984,0.4701,1.1297,400.7389,55.6944,0
2025-02-15 13:00:00,HSM.DSC.PMP01,cooling_descaling_pump,178.1954,200.9338,0.0801,0.8697,396.6829,54.6585,0
2025-02-15 14:00:00,HSM.DSC.PMP01,cooling_descaling_pump,175.8394,205.3173,0.1394,1.0686,403.8524,52.8634,0
2025-02-15 15:00:00,HSM.DSC.PMP01,cooling_descaling_pump,180.8209,199.4441,-0.5596,0.9721,400.6646,51.2465,0
2025-02-15 16:00:00,HSM.DSC.PMP01,cooling_descaling_pump,214.2608,197.4338,-0.2345,0.9761,402.6475,53.3898,0
2025-02-15 17:00:00,HSM.DSC.PMP01,cooling_descaling_pump,218.0243,201.843,0.1071,0.7869,405.4968,50.0742,0
2025-02-15 18:00:00,HSM.DSC.PMP01,cooling_descaling_pump,173.6064,204.9489,0.9265,0.8474,399.2789,50.5472,0
2025-02-15 19:00:00,HSM.DSC.PMP01,cooling_descaling_pump,177.1311,201.6096,-0.6294,1.2484,406.1993,66.3917,0
2025-02-15 20:00:00,HSM.DSC.PMP01,cooling_descaling_pump,200.595,199.5494,-0.7726,0.8042,406.4037,49.372,0
2025-02-15 21:00:00,HSM.DSC.PMP01,cooling_descaling_pump,193.6754,204.5412,-0.3279,0.9338,402.5834,49.4758,0
2025-02-15 22:00:00,HSM.DSC.PMP01,cooling_descaling_pump,189.4922,200.3569,0.8056,1.2858,395.9672,63.6802,0
2025-02-15 23:00:00,HSM.DSC.PMP01,cooling_descaling_pump,182.4538,198.0372,-0.8844,0.5857,397.428,46.0045,0
2025-02-16 00:00:00,HSM.DSC.PMP01,cooling_descaling_pump,184.9734,197.5397,-0.0804,1.2463,393.8816,59.6995,0
2025-02-16 01:00:00,HSM.DSC.PMP01,cooling_descaling_pump,169.5114,197.7148,-0.6479,1.1158,397.2208,52.7595,0
2025-02-16 02:00:00,HSM.DSC.PMP01,cooling_descaling_pump,206.3986,195.6895,0.0059,1.1232,401.3242,57.8104,0
2025-02-16 03:00:00,HSM.DSC.PMP01,cooling_descaling_pump,149.6697,195.5589,-0.7405,1.2336,393.423,59.6289,0
2025-02-16 04:00:00,HSM.DSC.PMP01,cooling_descaling_pump,213.34,205.1161,-0.0684,0.9808,391.6318,60.9174,0
2025-02-16 05:00:00,HSM.DSC.PMP01,cooling_descaling_pump,172.1217,197.266,0.5722,1.218,405.8938,56.416,0
2025-02-16 06:00:00,HSM.DSC.PMP01,cooling_descaling_pump,150.5643,199.4725,-0.3401,1.019,392.5355,57.0716,0
2025-02-16 07:00:00,HSM.DSC.PMP01,cooling_descaling_pump,177.1329,197.1295,-1.9699,1.2537,396.6161,61.8869,0
2025-02-16 08:00:00,HSM.DSC.PMP01,cooling_descaling_pump,181.7168,201.5681,-0.1063,0.9206,397.5606,56.1359,0
2025-02-16 09:00:00,HSM.DSC.PMP01,cooling_descaling_pump,180.3514,198.121,0.105,1.0825,398.0042,56.0976,0
2025-02-16 10:00:00,HSM.DSC.PMP01,cooling_descaling_pump,223.4887,200.3614,-0.5709,1.0367,403.3001,58.9477,0
2025-02-16 11:00:00,HSM.DSC.PMP01,cooling_descaling_pump,203.146,201.0365,-0.5992,0.9603,395.8982,49.7912,0
2025-02-16 12:00:00,HSM.DSC.PMP01,cooling_descaling_pump,184.8081,203.2809,-0.0728,1.0074,397.4738,55.0647,0
2025-02-16 13:00:00,HSM.DSC.PMP01,cooling_descaling_pump,153.6157,198.3122,0.2333,1.0132,398.1012,53.4722,0
2025-02-16 14:00:00,HSM.DSC.PMP01,cooling_descaling_pump,225.8416,201.2415,-1.1498,0.9282,402.0552,68.0724,0
2025-02-16 15:00:00,HSM.DSC.PMP01,cooling_descaling_pump,186.1283,201.2642,-0.4477,0.8346,398.6242,45.3507,0
2025-02-16 16:00:00,HSM.DSC.PMP01,cooling_descaling_pump,206.6834,206.9823,0.7735,1.0913,388.1381,59.2053,0
2025-02-16 17:00:00,HSM.DSC.PMP01,cooling_descaling_pump,179.2816,200.8335,-0.1376,0.9142,405.1907,51.9981,0
2025-02-16 18:00:00,HSM.DSC.PMP01,cooling_descaling_pump,181.1849,205.7064,-0.2589,0.9243,398.5262,48.4786,0
2025-02-16 19:00:00,HSM.DSC.PMP01,cooling_descaling_pump,170.5482,199.1767,-0.3999,1.1241,397.6991,50.9797,0
2025-02-16 20:00:00,HSM.DSC.PMP01,cooling_descaling_pump,177.8893,200.2761,-0.936,0.9602,394.4979,52.9198,0
2025-02-16 21:00:00,HSM.DSC.PMP01,cooling_descaling_pump,218.7427,199.8198,0.9038,0.8192,402.0277,51.5341,0
2025-02-16 22:00:00,HSM.DSC.PMP01,cooling_descaling_pump,165.033,198.1802,-0.1631,1.1312,402.1023,63.1799,0
2025-02-16 23:00:00,HSM.DSC.PMP01,cooling_descaling_pump,221.0717,201.9162,-0.6321,0.9046,398.7043,58.9911,0
2025-02-17 00:00:00,HSM.DSC.PMP01,cooling_descaling_pump,210.241,201.3283,-1.4357,0.915,400.0113,58.0834,0
2025-02-17 01:00:00,HSM.DSC.PMP01,cooling_descaling_pump,228.6825,196.9274,0.0435,0.6653,404.501,50.2156,0
2025-02-17 02:00:00,HSM.DSC.PMP01,cooling_descaling_pump,187.0175,203.0691,0.5436,1.0356,395.2201,58.9951,0
2025-02-17 03:00:00,HSM.DSC.PMP01,cooling_descaling_pump,187.9461,200.315,-0.242,1.1025,398.2947,54.0685,0
2025-02-17 04:00:00,HSM.DSC.PMP01,cooling_descaling_pump,192.0192,201.5055,-0.2784,0.9781,396.8422,57.2959,0
2025-02-17 05:00:00,HSM.DSC.PMP01,cooling_descaling_pump,184.2597,195.5461,-0.245,1.1651,403.0096,59.2649,0
2025-02-17 06:00:00,HSM.DSC.PMP01,cooling_descaling_pump,209.1895,199.5021,-0.6655,1.0505,396.2959,57.6011,0
2025-02-17 07:00:00,HSM.DSC.PMP01,cooling_descaling_pump,178.5674,201.542,0.4092,0.7939,403.1453,50.6119,0
2025-02-17 08:00:00,HSM.DSC.PMP01,cooling_descaling_pump,192.7614,195.5799,0.6123,1.2444,406.9976,57.6782,0
2025-02-17 09:00:00,HSM.DSC.PMP01,cooling_descaling_pump,142.5441,202.133,0.3029,0.7595,398.0895,56.4287,0
2025-02-17 10:00:00,HSM.DSC.PMP01,cooling_descaling_pump,163.5734,196.4712,-0.0525,1.2496,403.6708,59.0994,0
2025-02-17 11:00:00,HSM.DSC.PMP01,cooling_descaling_pump,225.5935,199.3629,0.0158,1.1832,404.2827,61.0876,0
2025-02-17 12:00:00,HSM.DSC.PMP01,cooling_descaling_pump,190.1178,205.5753,0.0254,0.7451,394.4093,50.0189,0
2025-02-17 13:00:00,HSM.DSC.PMP01,cooling_descaling_pump,180.9396,206.059,-0.4717,0.9251,400.9872,60.5001,0
2025-02-17 14:00:00,HSM.DSC.PMP01,cooling_descaling_pump,199.5806,203.4005,-0.3716,1.0821,398.1874,54.2355,0
2025-02-17 15:00:00,HSM.DSC.PMP01,cooling_descaling_pump,175.3587,197.4407,-0.3517,1.0275,397.36,55.314,0
2025-02-17 16:00:00,HSM.DSC.PMP01,cooling_descaling_pump,203.3765,194.8769,0.1725,1.0054,411.3836,47.4733,0
2025-02-17 17:00:00,HSM.DSC.PMP01,cooling_descaling_pump,176.7202,200.1386,1.0289,1.032,394.4342,51.7867,0
2025-02-17 18:00:00,HSM.DSC.PMP01,cooling_descaling_pump,209.8635,198.3489,0.3829,0.9269,396.6194,52.4214,0
2025-02-17 19:00:00,HSM.DSC.PMP01,cooling_descaling_pump,202.9422,197.1807,1.7281,0.8603,400.7415,47.3197,0
2025-02-17 20:00:00,HSM.DSC.PMP01,cooling_descaling_pump,142.5261,201.4408,0.2577,0.9215,393.7771,45.6394,0
2025-02-17 21:00:00,HSM.DSC.PMP01,cooling_descaling_pump,181.7244,198.2734,-0.2465,0.9964,403.1373,57.9761,0
2025-02-17 22:00:00,HSM.DSC.PMP01,cooling_descaling_pump,197.8016,197.1298,0.2539,0.984,402.795,49.1326,0
2025-02-17 23:00:00,HSM.DSC.PMP01,cooling_descaling_pump,179.8157,201.1193,-0.0325,0.7793,401.2309,53.4575,0
2025-02-18 00:00:00,HSM.DSC.PMP01,cooling_descaling_pump,177.2567,203.5775,-1.1415,0.9974,396.4372,52.5254,0
2025-02-18 01:00:00,HSM.DSC.PMP01,cooling_descaling_pump,184.7151,204.7777,-0.047,0.743,403.975,55.1696,0
2025-02-18 02:00:00,HSM.DSC.PMP01,cooling_descaling_pump,197.7449,195.6769,0.04,1.2921,403.8239,60.2416,0
2025-02-18 03:00:00,HSM.DSC.PMP01,cooling_descaling_pump,170.6855,199.9461,-0.6692,1.2229,393.3316,55.8365,0
2025-02-18 04:00:00,HSM.DSC.PMP01,cooling_descaling_pump,191.2351,201.4276,-0.2742,1.2144,396.5932,65.7553,0
2025-02-18 05:00:00,HSM.DSC.PMP01,cooling_descaling_pump,174.1608,197.5792,0.4077,1.1005,400.6497,57.5931,0
2025-02-18 06:00:00,HSM.DSC.PMP01,cooling_descaling_pump,176.4205,199.4966,0.5683,1.1374,396.1133,52.0633,0
2025-02-18 07:00:00,HSM.DSC.PMP01,cooling_descaling_pump,193.1101,202.6468,0.8274,0.9241,403.7339,61.7917,0
2025-02-18 08:00:00,HSM.DSC.PMP01,cooling_descaling_pump,143.6674,201.5053,0.9396,1.0874,395.6224,62.34,0
2025-02-18 09:00:00,HSM.DSC.PMP01,cooling_descaling_pump,175.4542,197.923,0.3872,1.0385,400.8576,55.8047,0
2025-02-18 10:00:00,HSM.DSC.PMP01,cooling_descaling_pump,205.2498,205.2162,-0.0942,0.7262,405.6663,56.6222,0
2025-02-18 11:00:00,HSM.DSC.PMP01,cooling_descaling_pump,207.169,201.4898,-0.5468,0.9048,400.715,49.7097,0
2025-02-18 12:00:00,HSM.DSC.PMP01,cooling_descaling_pump,193.6449,202.845,-0.1573,0.7181,404.0365,47.6676,0
2025-02-18 13:00:00,HSM.DSC.PMP01,cooling_descaling_pump,186.7874,199.2577,0.0586,0.8604,394.261,53.4593,0
2025-02-18 14:00:00,HSM.DSC.PMP01,cooling_descaling_pump,166.1267,198.961,-0.2491,1.2343,396.4981,58.78,0
2025-02-18 15:00:00,HSM.DSC.PMP01,cooling_descaling_pump,147.2719,198.7327,0.1852,0.9775,400.113,49.1864,0
2025-02-18 16:00:00,HSM.DSC.PMP01,cooling_descaling_pump,173.7296,206.3768,-0.9095,1.1659,399.659,63.3044,0
2025-02-18 17:00:00,HSM.DSC.PMP01,cooling_descaling_pump,186.6722,203.1818,-1.4804,0.6654,397.7257,55.9513,0
2025-02-18 18:00:00,HSM.DSC.PMP01,cooling_descaling_pump,218.2476,200.3141,-0.2888,0.7367,399.1879,44.7363,0
2025-02-18 19:00:00,HSM.DSC.PMP01,cooling_descaling_pump,213.4167,200.5288,0.1066,0.8424,403.9636,45.581,0
2025-02-18 20:00:00,HSM.DSC.PMP01,cooling_descaling_pump,169.3588,205.7906,-0.7258,0.9103,406.9973,52.5995,0
2025-02-18 21:00:00,HSM.DSC.PMP01,cooling_descaling_pump,162.8973,200.4423,1.3382,1.2993,397.3214,54.9037,0
2025-02-18 22:00:00,HSM.DSC.PMP01,cooling_descaling_pump,154.6033,203.231,0.0659,1.1088,395.1253,50.4088,0
2025-02-18 23:00:00,HSM.DSC.PMP01,cooling_descaling_pump,191.5786,197.4351,-0.6688,1.1385,401.0214,48.6872,0
2025-02-19 00:00:00,HSM.DSC.PMP01,cooling_descaling_pump,167.129,203.037,-0.9417,1.0078,402.2892,54.907,0
2025-02-19 01:00:00,HSM.DSC.PMP01,cooling_descaling_pump,223.3727,201.2688,-0.6851,1.0231,400.3716,52.1476,0
2025-02-19 02:00:00,HSM.DSC.PMP01,cooling_descaling_pump,156.807,199.772,0.1355,0.9819,404.2764,60.5625,0
2025-02-19 03:00:00,HSM.DSC.PMP01,cooling_descaling_pump,172.6163,198.6367,-0.1435,0.9258,404.8606,48.8167,0
2025-02-19 04:00:00,HSM.DSC.PMP01,cooling_descaling_pump,220.9942,201.9577,0.3992,0.8518,403.8202,55.7725,0
2025-02-19 05:00:00,HSM.DSC.PMP01,cooling_descaling_pump,149.3579,203.6352,0.1527,0.9204,408.6321,51.154,0
2025-02-19 06:00:00,HSM.DSC.PMP01,cooling_descaling_pump,195.9655,201.9374,0.512,0.9095,406.5991,62.7931,0
2025-02-19 07:00:00,HSM.DSC.PMP01,cooling_descaling_pump,171.758,199.3169,0.1402,0.9966,406.5327,51.9686,0
2025-02-19 08:00:00,HSM.DSC.PMP01,cooling_descaling_pump,179.5325,197.2349,0.0954,1.1248,401.2571,56.8055,0
2025-02-19 09:00:00,HSM.DSC.PMP01,cooling_descaling_pump,184.155,202.762,-0.1014,0.7189,401.8789,51.5992,0
2025-02-19 10:00:00,HSM.DSC.PMP01,cooling_descaling_pump,195.2855,190.7257,0.0459,1.181,399.8059,61.2419,0
2025-02-19 11:00:00,HSM.DSC.PMP01,cooling_descaling_pump,153.1005,204.3991,0.439,1.1188,395.2929,52.2764,0
2025-02-19 12:00:00,HSM.DSC.PMP01,cooling_descaling_pump,188.5368,197.2535,0.7202,0.9665,397.6629,51.0094,0
2025-02-19 13:00:00,HSM.DSC.PMP01,cooling_descaling_pump,174.9295,199.3863,-0.5895,0.8957,397.8596,53.2227,0
2025-02-19 14:00:00,HSM.DSC.PMP01,cooling_descaling_pump,192.181,201.5392,1.4897,0.8224,401.5585,49.2754,0
2025-02-19 15:00:00,HSM.DSC.PMP01,cooling_descaling_pump,163.657,198.1265,0.7948,1.306,397.0088,58.1705,0
2025-02-19 16:00:00,HSM.DSC.PMP01,cooling_descaling_pump,166.5308,199.5977,0.2817,0.9121,400.3719,52.0637,0
2025-02-19 17:00:00,HSM.DSC.PMP01,cooling_descaling_pump,217.5844,201.4796,-0.5262,0.9263,401.7579,58.5271,0
2025-02-19 18:00:00,HSM.DSC.PMP01,cooling_descaling_pump,178.9607,194.8064,-0.232,1.0871,404.1995,49.8353,0
2025-02-19 19:00:00,HSM.DSC.PMP01,cooling_descaling_pump,169.1025,205.9072,1.1715,1.0235,397.5238,49.1172,0
2025-02-19 20:00:00,HSM.DSC.PMP01,cooling_descaling_pump,186.4666,197.4279,0.8275,0.9529,405.6836,51.1809,0
2025-02-19 21:00:00,HSM.DSC.PMP01,cooling_descaling_pump,166.2801,201.0348,-0.0246,0.8802,400.2282,52.914,0
2025-02-19 22:00:00,HSM.DSC.PMP01,cooling_descaling_pump,166.9065,194.2576,-0.3281,1.2146,402.8404,57.8171,0
2025-02-19 23:00:00,HSM.DSC.PMP01,cooling_descaling_pump,190.4374,197.679,-0.3429,1.1909,394.2216,48.319,0
2025-02-20 00:00:00,HSM.DSC.PMP01,cooling_descaling_pump,184.7897,196.242,0.6015,0.8754,408.461,54.9304,0
2025-02-20 01:00:00,HSM.DSC.PMP01,cooling_descaling_pump,193.7198,202.4252,0.2201,0.9068,405.6409,57.9966,0
2025-02-20 02:00:00,HSM.DSC.PMP01,cooling_descaling_pump,184.9346,200.4703,-0.0347,1.0974,399.5528,61.8675,0
2025-02-20 03:00:00,HSM.DSC.PMP01,cooling_descaling_pump,213.8003,202.4211,0.1306,0.9077,400.1527,56.382,0
2025-02-20 04:00:00,HSM.DSC.PMP01,cooling_descaling_pump,198.8509,202.4896,0.2123,1.1569,398.149,56.0471,0
2025-02-20 05:00:00,HSM.DSC.PMP01,cooling_descaling_pump,137.0598,196.9207,-0.242,1.1248,401.3485,51.1429,0
2025-02-20 06:00:00,HSM.DSC.PMP01,cooling_descaling_pump,204.6657,202.6318,-1.0583,1.1028,402.6448,63.6828,0
2025-02-20 07:00:00,HSM.DSC.PMP01,cooling_descaling_pump,172.8867,201.2149,-0.2073,0.8827,401.8201,57.4862,0
2025-02-20 08:00:00,HSM.DSC.PMP01,cooling_descaling_pump,228.4035,199.0494,0.4079,0.7869,400.8261,51.2057,0
2025-02-20 09:00:00,HSM.DSC.PMP01,cooling_descaling_pump,188.0427,198.0774,-1.081,1.1485,397.6087,57.7166,0
2025-02-20 10:00:00,HSM.DSC.PMP01,cooling_descaling_pump,167.3553,201.1305,0.0918,1.0111,406.6667,61.9629,0
2025-02-20 11:00:00,HSM.DSC.PMP01,cooling_descaling_pump,167.1942,206.8462,-0.4278,1.1312,397.3542,56.0726,0
2025-02-20 12:00:00,HSM.DSC.PMP01,cooling_descaling_pump,240.9639,201.7231,0.7148,0.9683,399.9272,58.216,0
2025-02-20 13:00:00,HSM.DSC.PMP01,cooling_descaling_pump,161.5216,201.2785,-0.3794,1.321,394.3812,62.489,0
2025-02-20 14:00:00,HSM.DSC.PMP01,cooling_descaling_pump,179.3307,202.5633,0.7117,0.8615,395.8048,52.5945,0
2025-02-20 15:00:00,HSM.DSC.PMP01,cooling_descaling_pump,179.0701,204.2744,-0.543,0.8626,397.1743,54.6068,0
2025-02-20 16:00:00,HSM.DSC.PMP01,cooling_descaling_pump,182.6027,200.7437,-0.6446,1.0827,403.4554,59.2153,0
2025-02-20 17:00:00,HSM.DSC.PMP01,cooling_descaling_pump,218.7629,201.8642,-0.2122,0.7602,401.9343,51.5718,0
2025-02-20 18:00:00,HSM.DSC.PMP01,cooling_descaling_pump,169.2186,200.2308,-0.3941,1.0908,403.1331,61.0562,0
2025-02-20 19:00:00,HSM.DSC.PMP01,cooling_descaling_pump,170.4616,196.9217,-0.2906,0.9763,393.8775,53.237,0
2025-02-20 20:00:00,HSM.DSC.PMP01,cooling_descaling_pump,173.2649,201.3169,0.3122,0.8916,399.9559,51.6297,0
2025-02-20 21:00:00,HSM.DSC.PMP01,cooling_descaling_pump,162.7743,201.5024,-0.0449,0.8962,405.5897,59.561,0
2025-02-20 22:00:00,HSM.DSC.PMP01,cooling_descaling_pump,214.7068,196.4022,0.2992,0.8964,406.5271,44.851,0
2025-02-20 23:00:00,HSM.DSC.PMP01,cooling_descaling_pump,203.0814,193.4711,-0.3936,1.2432,399.2092,63.6461,0
2025-02-21 00:00:00,HSM.DSC.PMP01,cooling_descaling_pump,194.0749,203.2132,-0.5461,1.0832,405.5453,57.1938,0
2025-02-21 01:00:00,HSM.DSC.PMP01,cooling_descaling_pump,224.0274,195.9217,-0.2007,0.8911,401.2656,49.5906,0
2025-02-21 02:00:00,HSM.DSC.PMP01,cooling_descaling_pump,167.8953,200.2568,-1.0919,1.086,398.5044,55.6394,0
2025-02-21 03:00:00,HSM.DSC.PMP01,cooling_descaling_pump,167.7151,196.9805,0.2504,1.1213,403.3263,58.4342,0
2025-02-21 04:00:00,HSM.DSC.PMP01,cooling_descaling_pump,180.2499,201.1656,0.0134,0.9925,402.2689,55.5075,0
2025-02-21 05:00:00,HSM.DSC.PMP01,cooling_descaling_pump,141.8385,202.242,0.0957,1.2362,397.734,60.0015,0
2025-02-21 06:00:00,HSM.DSC.PMP01,cooling_descaling_pump,205.8627,195.4331,-0.9086,1.0743,400.3486,60.4339,0
2025-02-21 07:00:00,HSM.DSC.PMP01,cooling_descaling_pump,223.4777,196.8964,0.6172,0.9766,393.7857,54.355,0
2025-02-21 08:00:00,HSM.DSC.PMP01,cooling_descaling_pump,254.1091,199.0718,-1.6159,0.8383,401.9862,61.3236,0
2025-02-21 09:00:00,HSM.DSC.PMP01,cooling_descaling_pump,169.1395,198.4715,0.7144,1.1404,404.6663,60.8598,0
2025-02-21 10:00:00,HSM.DSC.PMP01,cooling_descaling_pump,180.4574,202.7694,1.0686,0.9188,401.8387,56.9847,0
2025-02-21 11:00:00,HSM.DSC.PMP01,cooling_descaling_pump,182.6873,196.4915,-0.0715,1.2783,399.4354,55.9767,0
2025-02-21 12:00:00,HSM.DSC.PMP01,cooling_descaling_pump,132.5724,205.495,1.2061,1.021,400.592,55.328,0
2025-02-21 13:00:00,HSM.DSC.PMP01,cooling_descaling_pump,207.6045,189.9763,-0.7204,1.2617,395.6871,56.9873,0
2025-02-21 14:00:00,HSM.DSC.PMP01,cooling_descaling_pump,207.6799,200.4384,-0.102,0.812,396.9904,57.3875,0
2025-02-21 15:00:00,HSM.DSC.PMP01,cooling_descaling_pump,229.918,199.1766,-0.5037,0.9827,399.9847,56.3607,0
2025-02-21 16:00:00,HSM.DSC.PMP01,cooling_descaling_pump,175.4263,199.3988,-0.1642,1.3269,394.6114,59.1966,0
2025-02-21 17:00:00,HSM.DSC.PMP01,cooling_descaling_pump,165.3507,199.8102,-0.5097,0.976,397.0147,52.4378,0
2025-02-21 18:00:00,HSM.DSC.PMP01,cooling_descaling_pump,164.6621,197.7076,1.617,0.8574,401.0287,40.8366,0
2025-02-21 19:00:00,HSM.DSC.PMP01,cooling_descaling_pump,185.8902,200.4049,0.0085,0.7431,401.604,48.4332,0
2025-02-21 20:00:00,HSM.DSC.PMP01,cooling_descaling_pump,178.798,206.4183,-0.0011,0.8154,397.3958,50.6446,0
2025-02-21 21:00:00,HSM.DSC.PMP01,cooling_descaling_pump,184.352,200.8834,0.7209,0.6512,399.8995,44.7566,0
2025-02-21 22:00:00,HSM.DSC.PMP01,cooling_descaling_pump,174.1767,195.8063,-0.6783,1.1477,401.3378,55.0856,0
2025-02-21 23:00:00,HSM.DSC.PMP01,cooling_descaling_pump,153.4621,198.4852,1.5141,0.941,396.4446,46.5734,0
2025-02-22 00:00:00,HSM.DSC.PMP01,cooling_descaling_pump,178.7128,195.7718,0.84,0.9538,400.1302,57.9924,0
2025-02-22 01:00:00,HSM.DSC.PMP01,cooling_descaling_pump,220.128,195.5169,0.0434,1.001,401.7245,63.0388,0
2025-02-22 02:00:00,HSM.DSC.PMP01,cooling_descaling_pump,164.7941,201.3159,-0.7675,0.8175,404.7621,55.4871,0
2025-02-22 03:00:00,HSM.DSC.PMP01,cooling_descaling_pump,196.1167,197.1684,-0.8166,1.0967,397.874,58.2868,0
2025-02-22 04:00:00,HSM.DSC.PMP01,cooling_descaling_pump,192.2449,196.0886,-0.4417,0.8632,400.8218,53.0195,0
2025-02-22 05:00:00,HSM.DSC.PMP01,cooling_descaling_pump,173.9509,198.5822,-1.1752,0.936,398.0291,55.6596,0
2025-02-22 06:00:00,HSM.DSC.PMP01,cooling_descaling_pump,178.8906,202.344,0.326,1.0475,396.0944,55.5523,0
2025-02-22 07:00:00,HSM.DSC.PMP01,cooling_descaling_pump,199.9112,198.4659,0.1507,1.1341,395.9287,57.5239,0
2025-02-22 08:00:00,HSM.DSC.PMP01,cooling_descaling_pump,159.049,195.4284,1.3759,0.9488,396.0182,46.0859,0
2025-02-22 09:00:00,HSM.DSC.PMP01,cooling_descaling_pump,198.3239,195.612,0.6724,0.7806,408.0336,53.1021,0
2025-02-22 10:00:00,HSM.DSC.PMP01,cooling_descaling_pump,191.1411,199.7786,-0.6648,0.908,405.224,58.1753,0
2025-02-22 11:00:00,HSM.DSC.PMP01,cooling_descaling_pump,162.0843,204.4121,0.4354,0.8663,399.5824,51.1364,0
2025-02-22 12:00:00,HSM.DSC.PMP01,cooling_descaling_pump,201.4241,198.5145,-1.388,1.1329,399.0466,62.6699,0
2025-02-22 13:00:00,HSM.DSC.PMP01,cooling_descaling_pump,199.9588,198.629,0.7046,1.0274,403.8798,54.7242,0
2025-02-22 14:00:00,HSM.DSC.PMP01,cooling_descaling_pump,166.66,202.8553,0.259,0.978,404.2933,57.756,0
2025-02-22 15:00:00,HSM.DSC.PMP01,cooling_descaling_pump,177.7652,201.0727,0.283,0.8559,398.6687,41.4279,0
2025-02-22 16:00:00,HSM.DSC.PMP01,cooling_descaling_pump,196.3004,198.9512,0.2649,1.1399,393.8136,57.3115,0
2025-02-22 17:00:00,HSM.DSC.PMP01,cooling_descaling_pump,197.9842,194.2893,1.2815,1.1002,402.8574,55.4753,0
2025-02-22 18:00:00,HSM.DSC.PMP01,cooling_descaling_pump,182.6832,204.9674,0.2753,1.0025,401.3655,56.072,0
2025-02-22 19:00:00,HSM.DSC.PMP01,cooling_descaling_pump,123.5198,197.1061,-0.5405,1.2862,400.038,55.8765,0
2025-02-22 20:00:00,HSM.DSC.PMP01,cooling_descaling_pump,183.5807,191.046,0.2535,1.1944,394.85,51.3483,0
2025-02-22 21:00:00,HSM.DSC.PMP01,cooling_descaling_pump,203.6817,204.2118,-0.4402,0.9775,403.5398,59.9458,0
2025-02-22 22:00:00,HSM.DSC.PMP01,cooling_descaling_pump,172.5233,202.6134,-0.3247,1.0446,395.1448,54.9693,0
2025-02-22 23:00:00,HSM.DSC.PMP01,cooling_descaling_pump,197.5495,200.9361,0.4309,0.9814,397.2583,55.3496,0
2025-02-23 00:00:00,HSM.DSC.PMP01,cooling_descaling_pump,167.9837,200.9893,-0.7127,1.1227,398.6885,56.8186,0
2025-02-23 01:00:00,HSM.DSC.PMP01,cooling_descaling_pump,197.5615,199.887,-0.0483,0.9108,396.7437,57.0738,0
2025-02-23 02:00:00,HSM.DSC.PMP01,cooling_descaling_pump,194.5609,199.4188,1.0271,0.8035,396.6934,53.4453,0
2025-02-23 03:00:00,HSM.DSC.PMP01,cooling_descaling_pump,161.4902,202.8263,0.682,0.9868,398.4779,46.4969,0
2025-02-23 04:00:00,HSM.DSC.PMP01,cooling_descaling_pump,170.8815,199.5375,1.312,1.084,402.3409,51.3596,0
2025-02-23 05:00:00,HSM.DSC.PMP01,cooling_descaling_pump,194.4919,197.9981,0.0743,0.8489,403.0713,51.7627,0
2025-02-23 06:00:00,HSM.DSC.PMP01,cooling_descaling_pump,186.5023,197.4548,-0.1861,1.1645,399.7482,59.1997,0
2025-02-23 07:00:00,HSM.DSC.PMP01,cooling_descaling_pump,226.3592,204.2929,-0.3125,0.9988,401.4063,59.0021,0
2025-02-23 08:00:00,HSM.DSC.PMP01,cooling_descaling_pump,175.6961,196.2901,-0.1598,1.2634,396.6977,71.6133,0
2025-02-23 09:00:00,HSM.DSC.PMP01,cooling_descaling_pump,160.2202,203.486,-0.2506,1.0852,397.3218,52.2327,0
2025-02-23 10:00:00,HSM.DSC.PMP01,cooling_descaling_pump,226.773,196.2269,-0.8129,1.0311,400.7273,58.5773,0
2025-02-23 11:00:00,HSM.DSC.PMP01,cooling_descaling_pump,182.4929,201.9973,1.2238,0.9278,402.2053,65.1748,0
2025-02-23 12:00:00,HSM.DSC.PMP01,cooling_descaling_pump,192.7793,199.0161,-0.5008,0.952,400.5843,52.3917,0
2025-02-23 13:00:00,HSM.DSC.PMP01,cooling_descaling_pump,148.0337,195.829,0.2607,1.3512,395.3746,53.8256,0
2025-02-23 14:00:00,HSM.DSC.PMP01,cooling_descaling_pump,219.7428,197.8963,0.0311,0.9404,396.8841,61.7301,0
2025-02-23 15:00:00,HSM.DSC.PMP01,cooling_descaling_pump,168.3525,201.9242,0.1587,1.2217,393.2395,55.8788,0
2025-02-23 16:00:00,HSM.DSC.PMP01,cooling_descaling_pump,169.9109,198.654,0.2018,1.133,398.1038,59.8519,0
2025-02-23 17:00:00,HSM.DSC.PMP01,cooling_descaling_pump,175.9428,203.5481,-0.8401,0.8575,401.646,57.5195,0
2025-02-23 18:00:00,HSM.DSC.PMP01,cooling_descaling_pump,178.031,202.294,-0.1049,1.1817,399.8583,53.9632,0
2025-02-23 19:00:00,HSM.DSC.PMP01,cooling_descaling_pump,181.5264,207.7023,-0.599,0.9604,400.9713,51.7088,0
2025-02-23 20:00:00,HSM.DSC.PMP01,cooling_descaling_pump,170.828,200.411,-0.2591,1.1058,401.7859,56.5489,0
2025-02-23 21:00:00,HSM.DSC.PMP01,cooling_descaling_pump,161.5335,196.723,-0.0478,1.196,396.5688,44.9997,0
2025-02-23 22:00:00,HSM.DSC.PMP01,cooling_descaling_pump,211.5091,202.0075,-0.0565,1.0253,400.1065,56.4736,0
2025-02-23 23:00:00,HSM.DSC.PMP01,cooling_descaling_pump,230.079,198.298,-0.3766,0.9225,398.2071,56.2003,0
2025-02-24 00:00:00,HSM.DSC.PMP01,cooling_descaling_pump,201.2521,195.8972,0.1077,0.9132,399.0359,53.9274,0
2025-02-24 01:00:00,HSM.DSC.PMP01,cooling_descaling_pump,159.5366,197.5027,0.3792,1.2484,395.0315,58.1956,0
2025-02-24 02:00:00,HSM.DSC.PMP01,cooling_descaling_pump,214.6338,194.9435,-1.0553,1.1816,401.2984,68.7146,0
2025-02-24 03:00:00,HSM.DSC.PMP01,cooling_descaling_pump,191.7046,201.3351,0.1363,1.0126,395.5862,56.5781,0
2025-02-24 04:00:00,HSM.DSC.PMP01,cooling_descaling_pump,184.0361,196.9186,0.3752,0.7178,405.0616,48.0379,0
2025-02-24 05:00:00,HSM.DSC.PMP01,cooling_descaling_pump,180.7798,199.4463,0.3552,0.848,398.2853,45.8329,0
2025-02-24 06:00:00,HSM.DSC.PMP01,cooling_descaling_pump,164.4904,201.8894,-0.3181,0.9073,395.8744,50.6,0
2025-02-24 07:00:00,HSM.DSC.PMP01,cooling_descaling_pump,189.2015,200.8872,0.6164,1.1167,401.2386,56.4065,0
2025-02-24 08:00:00,HSM.DSC.PMP01,cooling_descaling_pump,178.5063,203.7225,-0.2653,0.8733,396.9187,54.3556,0
2025-02-24 09:00:00,HSM.DSC.PMP01,cooling_descaling_pump,166.6614,204.7028,-0.8261,0.8079,405.2135,47.2346,0
2025-02-24 10:00:00,HSM.DSC.PMP01,cooling_descaling_pump,195.2583,194.6399,0.3462,0.7779,404.3396,38.7081,0
2025-02-24 11:00:00,HSM.DSC.PMP01,cooling_descaling_pump,202.6328,200.945,0.0968,0.679,404.8038,48.1064,0
2025-02-24 12:00:00,HSM.DSC.PMP01,cooling_descaling_pump,207.1254,203.5583,-0.1539,0.8795,402.3979,55.1963,0
2025-02-24 13:00:00,HSM.DSC.PMP01,cooling_descaling_pump,192.3031,201.9238,0.4467,1.0606,406.7812,62.6064,0
2025-02-24 14:00:00,HSM.DSC.PMP01,cooling_descaling_pump,192.5814,201.9128,0.3896,0.6038,404.8413,47.7539,0
2025-02-24 15:00:00,HSM.DSC.PMP01,cooling_descaling_pump,225.3504,197.3277,-1.016,0.9634,398.2171,52.2654,0
2025-02-24 16:00:00,HSM.DSC.PMP01,cooling_descaling_pump,203.1258,200.2279,1.3531,0.9881,400.7626,54.6966,0
2025-02-24 17:00:00,HSM.DSC.PMP01,cooling_descaling_pump,173.017,196.1793,0.0027,0.9139,395.6979,50.5089,0
2025-02-24 18:00:00,HSM.DSC.PMP01,cooling_descaling_pump,221.6997,199.0001,-0.345,0.7511,400.2458,55.576,0
2025-02-24 19:00:00,HSM.DSC.PMP01,cooling_descaling_pump,222.6385,205.6933,-0.1702,0.635,406.9052,44.8028,0
2025-02-24 20:00:00,HSM.DSC.PMP01,cooling_descaling_pump,170.9582,199.5567,0.0075,1.0285,397.6237,57.322,0
2025-02-24 21:00:00,HSM.DSC.PMP01,cooling_descaling_pump,222.1086,200.5239,-0.4992,0.83,397.7201,47.1035,0
2025-02-24 22:00:00,HSM.DSC.PMP01,cooling_descaling_pump,178.5415,202.7581,-0.4746,0.8036,398.8794,50.4257,0
2025-02-24 23:00:00,HSM.DSC.PMP01,cooling_descaling_pump,148.4037,199.3711,-0.9958,1.1492,395.5623,54.7698,0
2025-02-25 00:00:00,HSM.DSC.PMP01,cooling_descaling_pump,181.7671,195.2269,0.7017,1.1534,398.2452,57.2802,0
2025-02-25 01:00:00,HSM.DSC.PMP01,cooling_descaling_pump,169.6458,200.8468,-0.6071,1.1189,399.5955,52.0902,0
2025-02-25 02:00:00,HSM.DSC.PMP01,cooling_descaling_pump,151.9425,203.6638,0.7106,1.178,399.4122,47.072,0
2025-02-25 03:00:00,HSM.DSC.PMP01,cooling_descaling_pump,183.557,200.3716,-0.1473,1.1452,398.3503,60.2002,0
2025-02-25 04:00:00,HSM.DSC.PMP01,cooling_descaling_pump,185.446,200.5572,-0.6349,1.3401,397.7988,63.2186,0
2025-02-25 05:00:00,HSM.DSC.PMP01,cooling_descaling_pump,179.0243,192.9892,-0.478,1.2953,400.9419,60.8415,0
2025-02-25 06:00:00,HSM.DSC.PMP01,cooling_descaling_pump,147.6544,200.7232,-0.3566,1.0725,404.4577,64.5233,0
2025-02-25 07:00:00,HSM.DSC.PMP01,cooling_descaling_pump,188.2071,200.9774,-0.4184,0.9174,402.8698,59.3079,0
2025-02-25 08:00:00,HSM.DSC.PMP01,cooling_descaling_pump,247.5001,192.4038,-0.5572,0.9984,394.0834,62.9955,0
2025-02-25 09:00:00,HSM.DSC.PMP01,cooling_descaling_pump,192.0225,201.6374,-0.1581,0.7773,405.2839,49.4707,0
2025-02-25 10:00:00,HSM.DSC.PMP01,cooling_descaling_pump,178.4766,200.8383,-0.2922,1.124,400.3276,59.7637,0
2025-02-25 11:00:00,HSM.DSC.PMP01,cooling_descaling_pump,148.0003,195.1312,-0.5314,0.8126,401.2601,47.8273,0
2025-02-25 12:00:00,HSM.DSC.PMP01,cooling_descaling_pump,174.3072,204.4093,0.226,1.1513,397.4446,55.6475,0
2025-02-25 13:00:00,HSM.DSC.PMP01,cooling_descaling_pump,184.7113,205.804,-0.4245,0.9171,394.2089,57.134,0
2025-02-25 14:00:00,HSM.DSC.PMP01,cooling_descaling_pump,127.4568,205.0139,0.9645,0.9382,401.6153,53.7871,0
2025-02-25 15:00:00,HSM.DSC.PMP01,cooling_descaling_pump,197.2306,197.6783,-1.0488,1.1886,397.2748,56.4372,0
2025-02-25 16:00:00,HSM.DSC.PMP01,cooling_descaling_pump,201.8768,200.9306,0.1272,0.9551,400.6873,48.2185,0
2025-02-25 17:00:00,HSM.DSC.PMP01,cooling_descaling_pump,182.2718,196.9262,-0.3235,1.0722,398.3763,49.6501,0
2025-02-25 18:00:00,HSM.DSC.PMP01,cooling_descaling_pump,174.4406,202.3982,0.0651,1.0824,401.2545,57.4527,0
2025-02-25 19:00:00,HSM.DSC.PMP01,cooling_descaling_pump,186.9627,197.1805,0.6748,1.1247,403.1969,51.3301,0
2025-02-25 20:00:00,HSM.DSC.PMP01,cooling_descaling_pump,168.5531,198.8561,0.2819,0.8406,400.5155,47.4538,0
2025-02-25 21:00:00,HSM.DSC.PMP01,cooling_descaling_pump,187.2644,203.1031,-0.1595,0.6999,397.4941,46.4283,0
2025-02-25 22:00:00,HSM.DSC.PMP01,cooling_descaling_pump,208.2996,195.5903,0.3579,1.0743,398.7388,57.9157,0
2025-02-25 23:00:00,HSM.DSC.PMP01,cooling_descaling_pump,194.1742,195.0115,-0.0126,1.0857,405.1585,60.9061,0
2025-02-26 00:00:00,HSM.DSC.PMP01,cooling_descaling_pump,192.8688,201.4873,0.9113,0.9615,410.7646,54.562,0
2025-02-26 01:00:00,HSM.DSC.PMP01,cooling_descaling_pump,176.7723,200.7899,-1.2577,0.8188,401.1665,54.7498,0
2025-02-26 02:00:00,HSM.DSC.PMP01,cooling_descaling_pump,222.9254,203.8512,0.5755,0.7038,395.8119,56.0344,0
2025-02-26 03:00:00,HSM.DSC.PMP01,cooling_descaling_pump,202.6451,202.5487,-0.821,0.5668,397.6378,50.2022,0
2025-02-26 04:00:00,HSM.DSC.PMP01,cooling_descaling_pump,147.064,199.463,-1.3057,1.0504,402.3564,56.2242,0
2025-02-26 05:00:00,HSM.DSC.PMP01,cooling_descaling_pump,212.9944,198.8384,-0.7661,0.8025,402.7742,56.2485,0
2025-02-26 06:00:00,HSM.DSC.PMP01,cooling_descaling_pump,217.6161,200.7513,0.1551,0.892,406.9495,57.1454,0
2025-02-26 07:00:00,HSM.DSC.PMP01,cooling_descaling_pump,195.413,200.6979,-0.4879,1.2192,404.0677,66.4987,0
2025-02-26 08:00:00,HSM.DSC.PMP01,cooling_descaling_pump,167.7215,200.3922,-0.1937,1.3022,395.8892,60.7887,0
2025-02-26 09:00:00,HSM.DSC.PMP01,cooling_descaling_pump,185.0654,205.6747,0.1297,0.7414,399.0749,47.5569,0
2025-02-26 10:00:00,HSM.DSC.PMP01,cooling_descaling_pump,188.9039,199.3735,0.3846,0.9428,393.4448,48.9096,0
2025-02-26 11:00:00,HSM.DSC.PMP01,cooling_descaling_pump,188.0998,199.7225,1.3996,1.0828,404.1292,58.0958,0
2025-02-26 12:00:00,HSM.DSC.PMP01,cooling_descaling_pump,185.4331,193.6392,-0.9621,1.1136,396.3488,55.8618,0
2025-02-26 13:00:00,HSM.DSC.PMP01,cooling_descaling_pump,144.4756,202.55,0.6248,1.0768,396.9034,57.2802,0
2025-02-26 14:00:00,HSM.DSC.PMP01,cooling_descaling_pump,241.1083,200.7857,-0.4722,0.8704,403.9993,49.4818,0
2025-02-26 15:00:00,HSM.DSC.PMP01,cooling_descaling_pump,146.8225,194.7435,-0.5534,1.2264,399.795,57.8297,0
2025-02-26 16:00:00,HSM.DSC.PMP01,cooling_descaling_pump,163.488,199.0163,-0.4466,0.9589,399.5962,54.6177,0
2025-02-26 17:00:00,HSM.DSC.PMP01,cooling_descaling_pump,202.1985,198.5402,-0.7161,0.8979,397.051,45.3962,0
2025-02-26 18:00:00,HSM.DSC.PMP01,cooling_descaling_pump,191.0019,196.7287,-0.2282,1.0704,397.7155,55.9558,0
2025-02-26 19:00:00,HSM.DSC.PMP01,cooling_descaling_pump,208.1322,196.9763,-1.9397,1.1838,393.803,56.5311,0
2025-02-26 20:00:00,HSM.DSC.PMP01,cooling_descaling_pump,183.3008,200.8957,-0.5414,0.7723,405.637,53.7752,0
2025-02-26 21:00:00,HSM.DSC.PMP01,cooling_descaling_pump,208.0836,201.4415,0.3235,1.0334,400.0805,63.2393,0
2025-02-26 22:00:00,HSM.DSC.PMP01,cooling_descaling_pump,224.7271,202.1681,0.5291,0.9301,403.1666,51.8346,0
2025-02-26 23:00:00,HSM.DSC.PMP01,cooling_descaling_pump,219.7732,198.9674,-0.0788,0.9382,406.213,61.418,0
2025-02-27 00:00:00,HSM.DSC.PMP01,cooling_descaling_pump,166.6984,200.48,-0.3343,1.0887,397.6668,60.4646,0
2025-02-27 01:00:00,HSM.DSC.PMP01,cooling_descaling_pump,182.6086,201.493,0.5131,1.0379,398.5841,52.5194,0
2025-02-27 02:00:00,HSM.DSC.PMP01,cooling_descaling_pump,172.6302,194.4794,2.0047,1.0158,399.9832,56.1217,0
2025-02-27 03:00:00,HSM.DSC.PMP01,cooling_descaling_pump,173.7896,202.8936,0.3786,0.9764,401.1328,54.6801,0
2025-02-27 04:00:00,HSM.DSC.PMP01,cooling_descaling_pump,154.673,198.3899,0.5951,1.184,392.6154,55.5988,0
2025-02-27 05:00:00,HSM.DSC.PMP01,cooling_descaling_pump,188.6098,200.4838,-0.43,1.0968,400.9108,58.4415,0
2025-02-27 06:00:00,HSM.DSC.PMP01,cooling_descaling_pump,208.8861,200.4017,0.542,1.1376,396.5305,55.121,0
2025-02-27 07:00:00,HSM.DSC.PMP01,cooling_descaling_pump,183.667,196.3696,-0.1121,1.1728,404.2128,59.3549,0
2025-02-27 08:00:00,HSM.DSC.PMP01,cooling_descaling_pump,193.6506,198.7084,-0.7987,0.876,405.2594,55.6659,0
2025-02-27 09:00:00,HSM.DSC.PMP01,cooling_descaling_pump,188.1295,197.0209,-0.7207,1.0544,400.2382,59.3328,0
2025-02-27 10:00:00,HSM.DSC.PMP01,cooling_descaling_pump,171.5554,200.6107,-0.6321,1.1558,402.171,53.4459,0
2025-02-27 11:00:00,HSM.DSC.PMP01,cooling_descaling_pump,171.6336,200.268,0.3765,0.8942,401.7415,54.8956,0
2025-02-27 12:00:00,HSM.DSC.PMP01,cooling_descaling_pump,202.5052,206.0325,0.2871,0.9637,401.3645,57.2177,0
2025-02-27 13:00:00,HSM.DSC.PMP01,cooling_descaling_pump,177.6654,202.588,-0.4066,0.8815,401.6387,57.6049,0
2025-02-27 14:00:00,HSM.DSC.PMP01,cooling_descaling_pump,185.0856,198.8925,0.3465,1.1641,394.2613,55.9615,0
2025-02-27 15:00:00,HSM.DSC.PMP01,cooling_descaling_pump,159.9791,197.0716,0.6428,1.0018,399.46,52.2681,0
2025-02-27 16:00:00,HSM.DSC.PMP01,cooling_descaling_pump,155.5117,199.3127,-0.4593,0.9341,406.0712,49.8235,0
2025-02-27 17:00:00,HSM.DSC.PMP01,cooling_descaling_pump,177.0959,199.8338,-1.6551,1.1647,400.223,62.6523,0
2025-02-27 18:00:00,HSM.DSC.PMP01,cooling_descaling_pump,229.9606,197.2175,-0.4439,0.8533,404.2391,59.6036,0
2025-02-27 19:00:00,HSM.DSC.PMP01,cooling_descaling_pump,163.1439,198.6706,0.4517,1.0885,398.177,61.3518,0
2025-02-27 20:00:00,HSM.DSC.PMP01,cooling_descaling_pump,239.2102,199.0798,0.7417,0.8636,398.7179,54.6668,0
2025-02-27 21:00:00,HSM.DSC.PMP01,cooling_descaling_pump,214.7206,204.7508,-0.4823,0.7108,399.6942,55.1497,0
2025-02-27 22:00:00,HSM.DSC.PMP01,cooling_descaling_pump,173.7345,202.3142,1.0005,1.0215,397.4964,53.6896,0
2025-02-27 23:00:00,HSM.DSC.PMP01,cooling_descaling_pump,186.8666,194.6411,-1.8486,1.2739,402.7315,57.6968,0
2025-02-28 00:00:00,HSM.DSC.PMP01,cooling_descaling_pump,173.0409,200.488,-0.6106,1.0014,402.9079,58.0523,0
2025-02-28 01:00:00,HSM.DSC.PMP01,cooling_descaling_pump,214.9074,201.8634,1.7348,0.822,407.087,45.727,0
2025-02-28 02:00:00,HSM.DSC.PMP01,cooling_descaling_pump,185.4495,204.659,0.3142,0.9039,397.9958,55.6286,0
2025-02-28 03:00:00,HSM.DSC.PMP01,cooling_descaling_pump,179.5558,206.2882,0.6332,1.0252,398.908,55.8806,0
2025-02-28 04:00:00,HSM.DSC.PMP01,cooling_descaling_pump,191.5243,197.7747,0.915,0.9226,403.1896,57.423,0
2025-02-28 05:00:00,HSM.DSC.PMP01,cooling_descaling_pump,214.843,200.8987,-0.0839,0.832,399.7517,62.7026,0
2025-02-28 06:00:00,HSM.DSC.PMP01,cooling_descaling_pump,180.6355,201.9643,-0.0276,0.9707,400.733,56.655,0
2025-02-28 07:00:00,HSM.DSC.PMP01,cooling_descaling_pump,166.1906,206.8669,-1.0698,0.7905,398.4937,52.5211,0
2025-02-28 08:00:00,HSM.DSC.PMP01,cooling_descaling_pump,153.3345,193.872,-0.042,1.0998,402.7435,50.6784,0
2025-02-28 09:00:00,HSM.DSC.PMP01,cooling_descaling_pump,156.6118,205.1873,-0.9373,0.963,401.7202,49.9778,0
2025-02-28 10:00:00,HSM.DSC.PMP01,cooling_descaling_pump,162.4204,199.8509,-0.2622,0.9659,394.8851,50.7893,0
2025-02-28 11:00:00,HSM.DSC.PMP01,cooling_descaling_pump,197.4765,201.0772,-0.9146,0.8598,400.4654,54.6418,0
2025-02-28 12:00:00,HSM.DSC.PMP01,cooling_descaling_pump,143.8617,198.9781,-0.0202,1.0859,401.6808,56.3974,0
2025-02-28 13:00:00,HSM.DSC.PMP01,cooling_descaling_pump,209.1421,199.2188,-0.165,1.1307,397.1043,62.3365,0
2025-02-28 14:00:00,HSM.DSC.PMP01,cooling_descaling_pump,202.978,200.2518,0.4338,0.9261,395.9048,58.5507,0
2025-02-28 15:00:00,HSM.DSC.PMP01,cooling_descaling_pump,164.9163,201.1141,-0.2676,1.0503,395.3421,51.9541,0
2025-02-28 16:00:00,HSM.DSC.PMP01,cooling_descaling_pump,182.9724,203.9025,1.1504,1.0124,403.6295,57.6474,0
2025-02-28 17:00:00,HSM.DSC.PMP01,cooling_descaling_pump,168.5512,199.9787,0.6978,0.9787,410.2165,59.9655,0
2025-02-28 18:00:00,HSM.DSC.PMP01,cooling_descaling_pump,170.0605,194.5523,0.4719,0.9557,402.4822,52.5281,0
2025-02-28 19:00:00,HSM.DSC.PMP01,cooling_descaling_pump,164.6343,199.9899,0.7203,0.8989,399.1891,49.3037,0
2025-02-28 20:00:00,HSM.DSC.PMP01,cooling_descaling_pump,172.3168,199.1589,0.1986,1.1555,391.6245,52.0444,0
2025-02-28 21:00:00,HSM.DSC.PMP01,cooling_descaling_pump,132.7806,194.8337,0.6118,1.1499,403.1116,49.7025,0
2025-02-28 22:00:00,HSM.DSC.PMP01,cooling_descaling_pump,195.4364,197.8956,0.5907,0.9968,392.816,51.205,0
2025-02-28 23:00:00,HSM.DSC.PMP01,cooling_descaling_pump,169.4798,200.5408,-0.7972,1.1184,402.176,58.2527,0
2025-03-01 00:00:00,HSM.DSC.PMP01,cooling_descaling_pump,182.21,193.9235,-1.3989,0.9277,402.734,57.0309,0
2025-03-01 01:00:00,HSM.DSC.PMP01,cooling_descaling_pump,156.8435,200.4155,0.5985,1.0465,401.4674,49.2097,0
2025-03-01 02:00:00,HSM.DSC.PMP01,cooling_descaling_pump,207.1394,199.8128,0.033,1.2642,393.5262,54.2566,0
2025-03-01 03:00:00,HSM.DSC.PMP01,cooling_descaling_pump,182.3155,205.7216,0.7,0.8496,402.3288,53.9188,0
2025-03-01 04:00:00,HSM.DSC.PMP01,cooling_descaling_pump,188.0217,198.9202,0.7797,0.9884,405.4823,64.6078,0
2025-03-01 05:00:00,HSM.DSC.PMP01,cooling_descaling_pump,203.9068,201.6898,0.1652,0.937,405.172,56.8664,0
2025-03-01 06:00:00,HSM.DSC.PMP01,cooling_descaling_pump,191.7715,202.7848,0.7087,0.9078,396.5466,52.9043,0
2025-03-01 07:00:00,HSM.DSC.PMP01,cooling_descaling_pump,219.4493,196.8992,0.64,0.9731,395.0151,54.524,0
2025-03-01 08:00:00,HSM.DSC.PMP01,cooling_descaling_pump,172.5942,203.7459,0.2981,1.1651,395.155,60.9011,0
2025-03-01 09:00:00,HSM.DSC.PMP01,cooling_descaling_pump,181.2175,207.3978,0.2833,0.8277,398.4362,53.4966,0
2025-03-01 10:00:00,HSM.DSC.PMP01,cooling_descaling_pump,199.4775,199.3616,-0.8002,1.0345,394.6404,58.2433,0
2025-03-01 11:00:00,HSM.DSC.PMP01,cooling_descaling_pump,207.8664,195.7042,-1.3153,1.0855,393.7493,63.7206,0
2025-03-01 12:00:00,HSM.DSC.PMP01,cooling_descaling_pump,194.8657,202.6624,-0.1193,0.8731,399.3988,52.7135,0
2025-03-01 13:00:00,HSM.DSC.PMP01,cooling_descaling_pump,183.082,194.5416,-0.0852,1.1234,400.6254,59.6036,0
2025-03-01 14:00:00,HSM.DSC.PMP01,cooling_descaling_pump,151.8432,204.7584,0.7034,1.1275,400.0664,55.4937,0
2025-03-01 15:00:00,HSM.DSC.PMP01,cooling_descaling_pump,195.8269,201.616,-0.7915,0.9413,398.2845,49.0491,0
2025-03-01 16:00:00,HSM.DSC.PMP01,cooling_descaling_pump,208.9116,199.8322,0.4732,1.1073,395.065,58.4602,0
2025-03-01 17:00:00,HSM.DSC.PMP01,cooling_descaling_pump,166.6206,205.6437,-0.8128,1.0499,398.6089,54.7247,0
2025-03-01 18:00:00,HSM.DSC.PMP01,cooling_descaling_pump,160.4692,199.721,-0.8576,1.3166,393.8354,59.6387,0
2025-03-01 19:00:00,HSM.DSC.PMP01,cooling_descaling_pump,184.7635,194.8717,0.3317,1.1615,402.1646,52.8679,0
2025-03-01 20:00:00,HSM.DSC.PMP01,cooling_descaling_pump,118.5405,197.894,0.9162,1.3459,394.4629,57.4506,0
2025-03-01 21:00:00,HSM.DSC.PMP01,cooling_descaling_pump,201.3843,199.0326,-0.9831,1.1537,407.5131,56.7495,0
2025-03-01 22:00:00,HSM.DSC.PMP01,cooling_descaling_pump,226.728,199.8372,1.4244,0.778,403.3678,52.0088,0
2025-03-01 23:00:00,HSM.DSC.PMP01,cooling_descaling_pump,163.769,198.7036,0.4439,1.2436,397.6208,68.3234,0
2025-03-02 00:00:00,HSM.DSC.PMP01,cooling_descaling_pump,148.6196,199.5892,-0.1824,1.149,394.4003,60.8516,0
2025-03-02 01:00:00,HSM.DSC.PMP01,cooling_descaling_pump,240.2335,196.1217,0.2278,0.8739,397.1652,51.0097,0
2025-03-02 02:00:00,HSM.DSC.PMP01,cooling_descaling_pump,138.4432,200.9996,-0.3453,1.2869,399.6859,63.1458,0
2025-03-02 03:00:00,HSM.DSC.PMP01,cooling_descaling_pump,186.5666,202.1188,0.3403,0.6957,402.7093,49.7544,0
2025-03-02 04:00:00,HSM.DSC.PMP01,cooling_descaling_pump,171.2016,199.0073,-0.1042,0.7333,398.0504,49.7965,0
2025-03-02 05:00:00,HSM.DSC.PMP01,cooling_descaling_pump,149.9176,200.8086,-0.7172,1.208,394.3981,63.8564,0
2025-03-02 06:00:00,HSM.DSC.PMP01,cooling_descaling_pump,175.7943,201.5639,0.7977,1.0588,404.0326,57.8612,0
2025-03-02 07:00:00,HSM.DSC.PMP01,cooling_descaling_pump,168.7885,201.7447,-0.8855,1.0668,400.5572,63.8699,0
2025-03-02 08:00:00,HSM.DSC.PMP01,cooling_descaling_pump,182.8409,202.498,-0.3599,0.8823,393.5464,56.1676,0
2025-03-02 09:00:00,HSM.DSC.PMP01,cooling_descaling_pump,163.3686,200.0623,-0.1806,1.2858,401.0286,63.5773,0
2025-03-02 10:00:00,HSM.DSC.PMP01,cooling_descaling_pump,208.4934,202.6774,0.2599,1.0722,392.9904,58.0792,0
2025-03-02 11:00:00,HSM.DSC.PMP01,cooling_descaling_pump,158.7501,198.9912,0.6992,0.9653,396.3833,58.8069,0
2025-03-02 12:00:00,HSM.DSC.PMP01,cooling_descaling_pump,172.5451,199.814,-0.227,1.1187,405.8415,63.3458,0
2025-03-02 13:00:00,HSM.DSC.PMP01,cooling_descaling_pump,170.944,205.0227,0.9763,0.7648,401.6746,47.0449,0
2025-03-02 14:00:00,HSM.DSC.PMP01,cooling_descaling_pump,217.4064,202.6755,0.0549,0.8924,398.9659,47.5778,0
2025-03-02 15:00:00,HSM.DSC.PMP01,cooling_descaling_pump,185.7716,199.7621,0.3537,1.0292,403.4852,45.8429,0
2025-03-02 16:00:00,HSM.DSC.PMP01,cooling_descaling_pump,167.1511,199.2918,-0.5637,0.9416,396.5916,47.7697,0
2025-03-02 17:00:00,HSM.DSC.PMP01,cooling_descaling_pump,177.4129,200.761,0.1372,0.8078,404.9633,57.4946,0
2025-03-02 18:00:00,HSM.DSC.PMP01,cooling_descaling_pump,184.7334,200.3691,-0.224,1.1068,402.2403,52.6462,0
2025-03-02 19:00:00,HSM.DSC.PMP01,cooling_descaling_pump,198.2926,202.9903,0.4153,0.6472,406.3366,53.2418,0
2025-03-02 20:00:00,HSM.DSC.PMP01,cooling_descaling_pump,193.0788,199.3864,-0.4648,0.8821,399.994,55.8395,0
2025-03-02 21:00:00,HSM.DSC.PMP01,cooling_descaling_pump,181.1379,199.9669,0.4042,0.7868,397.811,51.737,0
2025-03-02 22:00:00,HSM.DSC.PMP01,cooling_descaling_pump,158.1131,201.8556,-0.0986,0.9823,400.5054,55.1089,0
2025-03-02 23:00:00,HSM.DSC.PMP01,cooling_descaling_pump,197.844,203.0263,0.9732,0.6604,403.8047,50.4196,0
2025-03-03 00:00:00,HSM.DSC.PMP01,cooling_descaling_pump,189.5992,200.3601,-0.1114,0.8344,410.4647,58.9376,0
2025-03-03 01:00:00,HSM.DSC.PMP01,cooling_descaling_pump,141.8792,201.8117,0.4271,1.0054,403.3682,48.7991,0
2025-03-03 02:00:00,HSM.DSC.PMP01,cooling_descaling_pump,156.8595,201.9516,-0.365,1.0607,403.811,56.0546,0
2025-03-03 03:00:00,HSM.DSC.PMP01,cooling_descaling_pump,200.646,201.0251,-0.6551,1.2196,398.953,61.7747,0
2025-03-03 04:00:00,HSM.DSC.PMP01,cooling_descaling_pump,172.5638,199.8534,0.4525,0.8407,401.0515,50.3928,0
2025-03-03 05:00:00,HSM.DSC.PMP01,cooling_descaling_pump,179.4336,206.6166,-1.0688,0.8889,393.9321,53.9558,0
2025-03-03 06:00:00,HSM.DSC.PMP01,cooling_descaling_pump,175.3108,196.8208,-0.8849,1.0545,397.284,57.0514,0
2025-03-03 07:00:00,HSM.DSC.PMP01,cooling_descaling_pump,189.1308,199.1019,0.3665,1.2847,395.7689,58.1767,0
2025-03-03 08:00:00,HSM.DSC.PMP01,cooling_descaling_pump,205.6448,197.661,0.9519,0.949,398.6831,51.0159,0
2025-03-03 09:00:00,HSM.DSC.PMP01,cooling_descaling_pump,178.0527,198.2989,-0.186,1.1081,392.2816,59.0946,0
2025-03-03 10:00:00,HSM.DSC.PMP01,cooling_descaling_pump,209.8001,202.3564,-0.4096,0.9501,400.7909,53.2237,0
2025-03-03 11:00:00,HSM.DSC.PMP01,cooling_descaling_pump,177.3801,198.5934,-1.2635,0.9985,398.8154,57.6994,0
2025-03-03 12:00:00,HSM.DSC.PMP01,cooling_descaling_pump,182.4012,199.1019,-0.752,0.9466,400.0203,53.9722,0
2025-03-03 13:00:00,HSM.DSC.PMP01,cooling_descaling_pump,192.3147,199.5179,2.1855,0.9498,405.6798,50.1788,0
2025-03-03 14:00:00,HSM.DSC.PMP01,cooling_descaling_pump,161.837,196.1931,-0.5253,1.427,401.0891,59.7339,0
2025-03-03 15:00:00,HSM.DSC.PMP01,cooling_descaling_pump,204.7138,198.9949,0.4665,1.0669,397.6099,56.5429,0
2025-03-03 16:00:00,HSM.DSC.PMP01,cooling_descaling_pump,217.3487,202.1835,0.9543,1.0419,399.0905,56.7262,0
2025-03-03 17:00:00,HSM.DSC.PMP01,cooling_descaling_pump,183.0678,196.7965,0.442,1.0228,405.9038,53.1976,0
2025-03-03 18:00:00,HSM.DSC.PMP01,cooling_descaling_pump,144.7232,204.8912,-0.2458,0.9005,399.0773,54.4362,0
2025-03-03 19:00:00,HSM.DSC.PMP01,cooling_descaling_pump,183.5808,204.6928,-1.0577,1.0827,395.9662,57.4003,0
2025-03-03 20:00:00,HSM.DSC.PMP01,cooling_descaling_pump,139.9281,204.2819,-0.1959,1.0584,405.5637,55.3155,0
2025-03-03 21:00:00,HSM.DSC.PMP01,cooling_descaling_pump,158.4538,197.6043,0.0759,1.0115,400.9219,50.6825,0
2025-03-03 22:00:00,HSM.DSC.PMP01,cooling_descaling_pump,170.5561,200.861,0.8025,0.8268,401.6504,52.9091,0
2025-03-03 23:00:00,HSM.DSC.PMP01,cooling_descaling_pump,158.4697,200.2962,0.1622,1.0189,405.2583,49.2872,0
2025-03-04 00:00:00,HSM.DSC.PMP01,cooling_descaling_pump,232.7398,201.0767,-0.5146,0.9585,405.9851,52.6186,0
2025-03-04 01:00:00,HSM.DSC.PMP01,cooling_descaling_pump,180.0303,194.6468,-0.7443,1.0797,401.5406,53.5471,0
2025-03-04 02:00:00,HSM.DSC.PMP01,cooling_descaling_pump,186.3361,191.9971,-0.4719,1.0729,399.3576,50.9316,0
2025-03-04 03:00:00,HSM.DSC.PMP01,cooling_descaling_pump,179.6429,199.186,1.0711,1.0098,403.9393,53.4537,0
2025-03-04 04:00:00,HSM.DSC.PMP01,cooling_descaling_pump,153.209,199.471,-1.8509,1.0037,397.8843,53.5873,0
2025-03-04 05:00:00,HSM.DSC.PMP01,cooling_descaling_pump,163.2646,199.5862,0.5183,1.0137,402.5996,57.394,0
2025-03-04 06:00:00,HSM.DSC.PMP01,cooling_descaling_pump,115.1594,192.544,-0.7467,1.1142,399.1597,53.4617,0
2025-03-04 07:00:00,HSM.DSC.PMP01,cooling_descaling_pump,210.7739,201.5437,0.8948,0.7386,399.5303,47.7193,0
2025-03-04 08:00:00,HSM.DSC.PMP01,cooling_descaling_pump,165.9795,198.5457,-0.0734,1.0376,399.533,54.5811,0
2025-03-04 09:00:00,HSM.DSC.PMP01,cooling_descaling_pump,178.6669,200.0833,-0.0608,0.8119,407.8378,51.0488,0
2025-03-04 10:00:00,HSM.DSC.PMP01,cooling_descaling_pump,217.8679,199.2671,-0.1838,0.7234,399.4176,48.2231,0
2025-03-04 11:00:00,HSM.DSC.PMP01,cooling_descaling_pump,178.5187,200.7319,0.2121,1.2704,395.5191,59.221,0
2025-03-04 12:00:00,HSM.DSC.PMP01,cooling_descaling_pump,183.6953,197.2268,0.1743,0.9585,399.5193,51.5557,0
2025-03-04 13:00:00,HSM.DSC.PMP01,cooling_descaling_pump,199.4131,198.8847,0.7654,0.9894,401.5539,61.4797,0
2025-03-04 14:00:00,HSM.DSC.PMP01,cooling_descaling_pump,185.7015,199.7175,0.554,0.8326,400.1899,48.5589,0
2025-03-04 15:00:00,HSM.DSC.PMP01,cooling_descaling_pump,146.2719,206.4724,-0.5317,1.0313,399.2046,54.5656,0
2025-03-04 16:00:00,HSM.DSC.PMP01,cooling_descaling_pump,157.0185,201.6986,0.7022,1.0175,408.6344,50.3527,0
2025-03-04 17:00:00,HSM.DSC.PMP01,cooling_descaling_pump,117.1446,202.5492,0.1873,0.668,404.3844,35.4413,0
2025-03-04 18:00:00,HSM.DSC.PMP01,cooling_descaling_pump,192.8814,202.5461,1.4604,0.5324,402.3145,48.3103,0
2025-03-04 19:00:00,HSM.DSC.PMP01,cooling_descaling_pump,182.9319,196.6434,0.398,1.1637,397.2421,53.3089,0
2025-03-04 20:00:00,HSM.DSC.PMP01,cooling_descaling_pump,166.0732,197.272,-0.081,1.0783,409.8188,51.57,0
2025-03-04 21:00:00,HSM.DSC.PMP01,cooling_descaling_pump,189.5374,201.0145,0.636,0.9615,400.3155,45.5357,0
2025-03-04 22:00:00,HSM.DSC.PMP01,cooling_descaling_pump,180.6275,193.4698,-0.0781,0.9613,403.4622,50.1393,0
2025-03-04 23:00:00,HSM.DSC.PMP01,cooling_descaling_pump,193.3206,197.6882,0.1393,0.9298,403.9841,57.8604,0
2025-03-05 00:00:00,HSM.DSC.PMP01,cooling_descaling_pump,133.0572,195.654,1.1245,1.065,399.2328,55.317,0
2025-03-05 01:00:00,HSM.DSC.PMP01,cooling_descaling_pump,190.226,202.3964,-0.5503,0.9586,394.652,52.6852,0
2025-03-05 02:00:00,HSM.DSC.PMP01,cooling_descaling_pump,169.5327,199.2514,0.9124,1.0658,399.7431,54.9353,0
2025-03-05 03:00:00,HSM.DSC.PMP01,cooling_descaling_pump,150.3607,201.6626,-0.1164,0.8964,401.1748,49.5573,0
2025-03-05 04:00:00,HSM.DSC.PMP01,cooling_descaling_pump,188.9289,192.4996,-1.0347,1.2873,397.8889,60.144,0
2025-03-05 05:00:00,HSM.DSC.PMP01,cooling_descaling_pump,176.4974,202.8754,0.8519,1.2367,393.4965,67.9283,0
2025-03-05 06:00:00,HSM.DSC.PMP01,cooling_descaling_pump,167.4259,199.4614,-0.2477,1.1737,387.8108,60.2979,0
2025-03-05 07:00:00,HSM.DSC.PMP01,cooling_descaling_pump,212.8675,203.0479,0.6252,0.8305,403.7976,51.5521,0
2025-03-05 08:00:00,HSM.DSC.PMP01,cooling_descaling_pump,170.6262,196.9227,-0.8325,0.8009,408.9377,57.5796,0
2025-03-05 09:00:00,HSM.DSC.PMP01,cooling_descaling_pump,190.255,199.8122,-0.7785,1.2927,397.2749,58.4119,0
2025-03-05 10:00:00,HSM.DSC.PMP01,cooling_descaling_pump,181.7064,195.4018,-0.618,0.8817,403.8692,48.7806,0
2025-03-05 11:00:00,HSM.DSC.PMP01,cooling_descaling_pump,182.7247,193.224,-0.8852,1.0007,400.6234,49.2792,0
2025-03-05 12:00:00,HSM.DSC.PMP01,cooling_descaling_pump,209.7532,202.4776,-0.0809,1.1065,402.2862,63.267,0
2025-03-05 13:00:00,HSM.DSC.PMP01,cooling_descaling_pump,153.1561,196.3151,-0.3104,1.1025,394.8486,58.5645,0
2025-03-05 14:00:00,HSM.DSC.PMP01,cooling_descaling_pump,211.5526,197.2037,0.6023,1.1371,397.2874,49.2921,0
2025-03-05 15:00:00,HSM.DSC.PMP01,cooling_descaling_pump,223.6717,199.0998,-0.3237,1.0446,403.3899,52.7015,0
2025-03-05 16:00:00,HSM.DSC.PMP01,cooling_descaling_pump,172.916,196.9327,-0.7396,1.1487,398.7275,63.9633,0
2025-03-05 17:00:00,HSM.DSC.PMP01,cooling_descaling_pump,198.8092,199.7578,0.0107,0.9163,402.9184,54.7383,0
2025-03-05 18:00:00,HSM.DSC.PMP01,cooling_descaling_pump,204.6888,198.3697,0.0039,0.812,403.6554,52.6807,0
2025-03-05 19:00:00,HSM.DSC.PMP01,cooling_descaling_pump,185.4891,198.3065,0.3091,0.8719,397.4238,55.1542,0
2025-03-05 20:00:00,HSM.DSC.PMP01,cooling_descaling_pump,228.7337,201.8489,0.0669,0.8354,401.6951,54.2974,0
2025-03-05 21:00:00,HSM.DSC.PMP01,cooling_descaling_pump,195.6659,200.5051,0.7453,0.8951,408.9353,62.372,0
2025-03-05 22:00:00,HSM.DSC.PMP01,cooling_descaling_pump,213.8827,198.7618,0.7339,0.9451,404.4144,53.711,0
2025-03-05 23:00:00,HSM.DSC.PMP01,cooling_descaling_pump,187.8653,195.3662,0.2789,1.1354,393.5499,55.7755,0
2025-03-06 00:00:00,HSM.DSC.PMP01,cooling_descaling_pump,228.5801,201.6291,-0.5148,0.6112,405.1786,53.2192,0
2025-03-06 01:00:00,HSM.DSC.PMP01,cooling_descaling_pump,182.7675,198.6141,-0.513,1.0598,401.0784,58.3406,0
2025-03-06 02:00:00,HSM.DSC.PMP01,cooling_descaling_pump,174.5051,197.6919,0.454,0.9798,394.6131,50.9034,0
2025-03-06 03:00:00,HSM.DSC.PMP01,cooling_descaling_pump,165.667,201.2024,0.5098,1.1685,400.1022,60.7672,0
2025-03-06 04:00:00,HSM.DSC.PMP01,cooling_descaling_pump,180.7847,201.1842,1.1995,0.6437,402.1833,53.6187,0
2025-03-06 05:00:00,HSM.DSC.PMP01,cooling_descaling_pump,191.0752,202.5969,0.5678,1.129,400.2393,59.0331,0
2025-03-06 06:00:00,HSM.DSC.PMP01,cooling_descaling_pump,197.7048,202.5525,0.3741,0.9434,404.7571,55.2039,0
2025-03-06 07:00:00,HSM.DSC.PMP01,cooling_descaling_pump,194.7485,200.1304,0.9221,1.2764,402.4864,67.6591,0
2025-03-06 08:00:00,HSM.DSC.PMP01,cooling_descaling_pump,161.0462,200.1381,0.2093,1.2338,399.1932,59.2031,0
2025-03-06 09:00:00,HSM.DSC.PMP01,cooling_descaling_pump,219.4608,198.2457,0.0088,0.9647,400.8431,58.6923,0
2025-03-06 10:00:00,HSM.DSC.PMP01,cooling_descaling_pump,151.0076,204.0209,-0.0322,0.773,410.6173,52.7531,0
2025-03-06 11:00:00,HSM.DSC.PMP01,cooling_descaling_pump,187.9963,199.8207,1.2637,0.4806,398.9056,45.2628,0
2025-03-06 12:00:00,HSM.DSC.PMP01,cooling_descaling_pump,187.8563,198.0724,0.7078,1.1285,392.3142,54.8292,0
2025-03-06 13:00:00,HSM.DSC.PMP01,cooling_descaling_pump,197.2342,199.9913,1.7449,1.0545,396.5582,55.6611,0
2025-03-06 14:00:00,HSM.DSC.PMP01,cooling_descaling_pump,164.5093,200.4713,0.5559,1.1265,400.9699,53.1734,0
2025-03-06 15:00:00,HSM.DSC.PMP01,cooling_descaling_pump,162.633,198.5995,-1.0498,1.1969,398.5229,55.5769,0
2025-03-06 16:00:00,HSM.DSC.PMP01,cooling_descaling_pump,202.7076,200.0107,-0.0167,1.3346,397.9329,60.3442,0
2025-03-06 17:00:00,HSM.DSC.PMP01,cooling_descaling_pump,194.1216,192.8354,-0.2984,1.2928,400.5522,56.9375,0
2025-03-06 18:00:00,HSM.DSC.PMP01,cooling_descaling_pump,213.8279,192.3977,-0.1823,1.0559,402.4073,47.8891,0
2025-03-06 19:00:00,HSM.DSC.PMP01,cooling_descaling_pump,178.6105,203.3687,-0.4358,1.0308,398.1002,49.2987,0
2025-03-06 20:00:00,HSM.DSC.PMP01,cooling_descaling_pump,170.1222,201.4811,0.623,0.8794,399.5835,54.1251,0
2025-03-06 21:00:00,HSM.DSC.PMP01,cooling_descaling_pump,178.0486,205.3125,0.5845,0.7104,401.6988,52.6139,0
2025-03-06 22:00:00,HSM.DSC.PMP01,cooling_descaling_pump,161.4879,203.1969,-0.7108,1.1249,398.4222,58.8791,0
2025-03-06 23:00:00,HSM.DSC.PMP01,cooling_descaling_pump,188.4795,202.6135,-0.3435,0.8876,400.4782,55.5946,0
2025-03-07 00:00:00,HSM.DSC.PMP01,cooling_descaling_pump,135.815,199.3148,-0.5601,1.0211,399.4765,49.3104,0
2025-03-07 01:00:00,HSM.DSC.PMP01,cooling_descaling_pump,199.5541,204.7641,-0.0208,0.6937,402.0023,58.2844,0
2025-03-07 02:00:00,HSM.DSC.PMP01,cooling_descaling_pump,186.3757,195.6014,0.7183,0.9712,397.923,51.5902,0
2025-03-07 03:00:00,HSM.DSC.PMP01,cooling_descaling_pump,186.5522,199.3327,0.7291,0.9247,398.9166,51.2077,0
2025-03-07 04:00:00,HSM.DSC.PMP01,cooling_descaling_pump,195.9602,205.2775,0.661,0.8476,399.4587,49.832,0
2025-03-07 05:00:00,HSM.DSC.PMP01,cooling_descaling_pump,195.6433,201.1041,0.0105,0.9976,393.081,47.3729,0
2025-03-07 06:00:00,HSM.DSC.PMP01,cooling_descaling_pump,198.5911,197.6642,-0.0702,0.8718,400.5271,52.8371,0
2025-03-07 07:00:00,HSM.DSC.PMP01,cooling_descaling_pump,207.0269,203.8854,1.2087,1.0501,397.2017,57.099,0
2025-03-07 08:00:00,HSM.DSC.PMP01,cooling_descaling_pump,174.8854,201.2418,0.8277,0.7649,408.4082,50.4623,0
2025-03-07 09:00:00,HSM.DSC.PMP01,cooling_descaling_pump,203.8013,204.0537,-1.0362,1.0704,402.6381,59.7494,0
2025-03-07 10:00:00,HSM.DSC.PMP01,cooling_descaling_pump,152.1522,200.0013,-0.8383,1.2533,395.6275,54.4908,0
2025-03-07 11:00:00,HSM.DSC.PMP01,cooling_descaling_pump,192.7612,203.2904,0.2776,0.9721,398.2116,53.087,0
2025-03-07 12:00:00,HSM.DSC.PMP01,cooling_descaling_pump,184.0185,199.9944,0.9273,1.0955,396.2186,53.4359,0
2025-03-07 13:00:00,HSM.DSC.PMP01,cooling_descaling_pump,205.8559,201.462,-0.2322,0.9052,400.6899,55.0684,0
2025-03-07 14:00:00,HSM.DSC.PMP01,cooling_descaling_pump,198.9379,205.3456,0.4047,1.0759,402.9976,57.3341,0
2025-03-07 15:00:00,HSM.DSC.PMP01,cooling_descaling_pump,190.3787,195.9555,1.0762,1.1375,409.8467,54.1148,0
2025-03-07 16:00:00,HSM.DSC.PMP01,cooling_descaling_pump,199.6419,202.1317,-0.123,1.0854,399.4765,64.7903,0
2025-03-07 17:00:00,HSM.DSC.PMP01,cooling_descaling_pump,240.3861,197.8174,-1.4077,1.2567,396.2858,66.493,0
2025-03-07 18:00:00,HSM.DSC.PMP01,cooling_descaling_pump,174.1482,197.4436,-1.0714,0.9655,398.2006,52.646,0
2025-03-07 19:00:00,HSM.DSC.PMP01,cooling_descaling_pump,185.1865,196.5326,0.0194,1.2083,402.5137,52.2422,0
2025-03-07 20:00:00,HSM.DSC.PMP01,cooling_descaling_pump,187.8926,201.8074,-1.2339,0.9915,403.9005,52.2374,0
2025-03-07 21:00:00,HSM.DSC.PMP01,cooling_descaling_pump,186.8102,192.9197,-0.8702,1.0628,398.6039,52.8767,0
2025-03-07 22:00:00,HSM.DSC.PMP01,cooling_descaling_pump,182.8807,192.9723,-0.6003,1.1945,400.261,57.8993,0
2025-03-07 23:00:00,HSM.DSC.PMP01,cooling_descaling_pump,156.63,202.3571,1.5052,0.8402,393.4906,51.8749,0
2025-03-08 00:00:00,HSM.DSC.PMP01,cooling_descaling_pump,191.6974,203.6455,-0.717,0.8374,399.9827,51.8605,0
2025-03-08 01:00:00,HSM.DSC.PMP01,cooling_descaling_pump,162.6611,193.9473,-0.5725,0.9536,396.5164,50.5709,0
2025-03-08 02:00:00,HSM.DSC.PMP01,cooling_descaling_pump,174.1212,192.9544,-0.6412,1.4003,392.3921,57.2079,0
2025-03-08 03:00:00,HSM.DSC.PMP01,cooling_descaling_pump,192.6092,202.1692,-0.1674,0.9907,393.0575,56.7351,0
2025-03-08 04:00:00,HSM.DSC.PMP01,cooling_descaling_pump,189.7821,197.9114,-0.2205,1.1939,401.8441,57.132,0
2025-03-08 05:00:00,HSM.DSC.PMP01,cooling_descaling_pump,197.2517,200.3926,-0.4774,0.8043,398.6802,50.1988,0
2025-03-08 06:00:00,HSM.DSC.PMP01,cooling_descaling_pump,191.0925,204.5683,-0.8461,0.8452,397.2394,46.788,0
2025-03-08 07:00:00,HSM.DSC.PMP01,cooling_descaling_pump,165.6241,191.1553,-0.0467,1.2512,396.4324,59.002,0
2025-03-08 08:00:00,HSM.DSC.PMP01,cooling_descaling_pump,224.3945,196.8639,0.1125,1.2026,402.8756,56.3543,0
2025-03-08 09:00:00,HSM.DSC.PMP01,cooling_descaling_pump,214.7133,198.2348,-0.0346,0.8076,403.7999,52.1835,0
2025-03-08 10:00:00,HSM.DSC.PMP01,cooling_descaling_pump,177.3897,195.2828,0.9293,1.2718,391.8368,62.1506,0
2025-03-08 11:00:00,HSM.DSC.PMP01,cooling_descaling_pump,195.5811,196.0091,-0.1229,0.6656,402.091,41.9943,0
2025-03-08 12:00:00,HSM.DSC.PMP01,cooling_descaling_pump,190.3106,197.7739,-0.3359,1.2446,400.7989,55.8603,0
2025-03-08 13:00:00,HSM.DSC.PMP01,cooling_descaling_pump,182.8437,200.7736,-0.771,0.9724,397.1558,51.4773,0
2025-03-08 14:00:00,HSM.DSC.PMP01,cooling_descaling_pump,183.6069,207.1433,0.6174,0.8015,401.0643,50.302,0
2025-03-08 15:00:00,HSM.DSC.PMP01,cooling_descaling_pump,197.32,198.5467,0.7395,0.9106,393.743,52.2432,0
2025-03-08 16:00:00,HSM.DSC.PMP01,cooling_descaling_pump,195.8335,196.092,-0.4191,1.0928,402.6243,55.3488,0
2025-03-08 17:00:00,HSM.DSC.PMP01,cooling_descaling_pump,167.6402,205.4549,-0.7253,1.2624,397.237,52.1368,0
2025-03-08 18:00:00,HSM.DSC.PMP01,cooling_descaling_pump,185.8276,197.2251,-0.1374,0.8908,402.9824,51.2518,0
2025-03-08 19:00:00,HSM.DSC.PMP01,cooling_descaling_pump,193.3773,205.2499,1.5764,1.0449,398.8718,48.0947,0
2025-03-08 20:00:00,HSM.DSC.PMP01,cooling_descaling_pump,178.1986,196.2842,-0.7972,0.943,402.9665,45.9422,0
2025-03-08 21:00:00,HSM.DSC.PMP01,cooling_descaling_pump,197.8965,198.0783,-0.4147,1.2171,398.0714,52.3156,0
2025-03-08 22:00:00,HSM.DSC.PMP01,cooling_descaling_pump,177.2224,201.2119,1.1531,0.9337,403.1912,57.1678,0
2025-03-08 23:00:00,HSM.DSC.PMP01,cooling_descaling_pump,184.9935,196.1056,0.2489,1.1474,401.4422,55.3899,0
2025-03-09 00:00:00,HSM.DSC.PMP01,cooling_descaling_pump,180.1361,197.3475,0.3175,1.1373,399.0436,55.1381,0
2025-03-09 01:00:00,HSM.DSC.PMP01,cooling_descaling_pump,178.064,197.9192,0.5418,0.6149,407.7747,48.7838,0
2025-03-09 02:00:00,HSM.DSC.PMP01,cooling_descaling_pump,211.6476,202.2486,0.9155,0.7968,395.532,52.112,0
2025-03-09 03:00:00,HSM.DSC.PMP01,cooling_descaling_pump,180.0164,203.7335,1.7288,1.1414,399.7445,65.5687,0
2025-03-09 04:00:00,HSM.DSC.PMP01,cooling_descaling_pump,166.5388,205.8846,-0.26,0.8075,398.5776,52.3107,0
2025-03-09 05:00:00,HSM.DSC.PMP01,cooling_descaling_pump,235.7981,198.1212,0.4381,0.9023,404.3738,54.1972,0
2025-03-09 06:00:00,HSM.DSC.PMP01,cooling_descaling_pump,221.1896,198.6855,-0.6291,1.0746,394.2424,49.3471,0
2025-03-09 07:00:00,HSM.DSC.PMP01,cooling_descaling_pump,184.9341,193.7525,1.3819,0.8052,399.2646,45.5624,0
2025-03-09 08:00:00,HSM.DSC.PMP01,cooling_descaling_pump,161.9453,202.3185,-0.3881,0.9538,395.8892,52.3302,0
2025-03-09 09:00:00,HSM.DSC.PMP01,cooling_descaling_pump,167.3227,199.0637,0.834,0.9847,402.528,48.2159,0
2025-03-09 10:00:00,HSM.DSC.PMP01,cooling_descaling_pump,173.4046,204.8697,1.0156,0.9343,395.9118,54.6438,0
2025-03-09 11:00:00,HSM.DSC.PMP01,cooling_descaling_pump,200.1605,203.579,1.7218,0.9825,395.8192,53.5125,0
2025-03-09 12:00:00,HSM.DSC.PMP01,cooling_descaling_pump,192.1443,198.7014,0.2204,1.0127,400.4256,52.7452,0
2025-03-09 13:00:00,HSM.DSC.PMP01,cooling_descaling_pump,191.8044,200.2492,-1.5232,0.8871,404.2559,52.6092,0
2025-03-09 14:00:00,HSM.DSC.PMP01,cooling_descaling_pump,179.0304,202.802,0.0874,1.0813,398.074,48.2795,0
2025-03-09 15:00:00,HSM.DSC.PMP01,cooling_descaling_pump,192.7765,201.8819,-1.6924,1.2505,399.8579,50.8235,0
2025-03-09 16:00:00,HSM.DSC.PMP01,cooling_descaling_pump,162.3215,199.1325,-0.6141,0.9623,402.4889,49.9276,0
2025-03-09 17:00:00,HSM.DSC.PMP01,cooling_descaling_pump,188.6266,204.7388,-0.0158,0.667,406.0157,49.793,0
2025-03-09 18:00:00,HSM.DSC.PMP01,cooling_descaling_pump,169.0208,204.5975,0.1861,0.7487,400.3133,45.7104,0
2025-03-09 19:00:00,HSM.DSC.PMP01,cooling_descaling_pump,162.8521,200.5413,1.4573,1.1697,398.9946,53.7602,0
2025-03-09 20:00:00,HSM.DSC.PMP01,cooling_descaling_pump,207.9538,204.0435,0.8761,1.0204,400.1921,50.5536,0
2025-03-09 21:00:00,HSM.DSC.PMP01,cooling_descaling_pump,210.2622,204.0398,-0.1008,0.9638,397.725,53.7841,0
2025-03-09 22:00:00,HSM.DSC.PMP01,cooling_descaling_pump,198.2837,196.3142,-0.3599,0.8884,398.2017,52.2608,0
2025-03-09 23:00:00,HSM.DSC.PMP01,cooling_descaling_pump,147.5338,194.1393,-1.1014,1.0898,397.6886,58.9151,0
2025-03-10 00:00:00,HSM.DSC.PMP01,cooling_descaling_pump,163.3296,194.3148,0.2791,1.2306,401.4059,57.0987,0
2025-03-10 01:00:00,HSM.DSC.PMP01,cooling_descaling_pump,173.9856,201.3312,0.1263,0.9583,401.8131,47.9599,0
2025-03-10 02:00:00,HSM.DSC.PMP01,cooling_descaling_pump,180.832,202.5253,-1.4608,1.0016,402.3254,60.8718,0
2025-03-10 03:00:00,HSM.DSC.PMP01,cooling_descaling_pump,211.4782,195.1383,1.8628,1.1483,395.9888,58.3255,0
2025-03-10 04:00:00,HSM.DSC.PMP01,cooling_descaling_pump,175.1144,201.9863,1.258,1.0278,407.8882,54.7556,0
2025-03-10 05:00:00,HSM.DSC.PMP01,cooling_descaling_pump,157.7679,198.5942,1.1958,0.9027,397.2928,49.31,0
2025-03-10 06:00:00,HSM.DSC.PMP01,cooling_descaling_pump,189.268,203.9571,1.3133,0.7824,399.7762,63.2265,0
2025-03-10 07:00:00,HSM.DSC.PMP01,cooling_descaling_pump,192.479,203.1949,0.2784,1.0649,400.1237,66.9158,0
2025-03-10 08:00:00,HSM.DSC.PMP01,cooling_descaling_pump,165.7977,197.3198,-0.465,1.0512,401.7688,59.9473,0
2025-03-10 09:00:00,HSM.DSC.PMP01,cooling_descaling_pump,151.3737,203.7198,-0.3101,1.0721,397.7171,57.2716,0
2025-03-10 10:00:00,HSM.DSC.PMP01,cooling_descaling_pump,186.1924,194.891,-0.4708,0.6563,396.0402,45.0528,0
2025-03-10 11:00:00,HSM.DSC.PMP01,cooling_descaling_pump,214.1882,197.9188,0.2708,1.2181,398.9608,66.6782,0
2025-03-10 12:00:00,HSM.DSC.PMP01,cooling_descaling_pump,175.905,202.3698,0.254,1.0335,397.378,55.1353,0
2025-03-10 13:00:00,HSM.DSC.PMP01,cooling_descaling_pump,153.5591,196.7194,-1.3476,1.1911,404.2775,53.9444,0
2025-03-10 14:00:00,HSM.DSC.PMP01,cooling_descaling_pump,165.5351,198.4098,-0.8098,0.9068,402.7655,49.2919,0
2025-03-10 15:00:00,HSM.DSC.PMP01,cooling_descaling_pump,194.8582,195.8091,0.4387,0.7463,398.9217,48.4717,0
2025-03-10 16:00:00,HSM.DSC.PMP01,cooling_descaling_pump,200.6947,205.0057,-0.791,0.8529,398.9021,62.1421,0
2025-03-10 17:00:00,HSM.DSC.PMP01,cooling_descaling_pump,162.5878,205.4033,0.7126,1.4294,397.569,59.3582,0
2025-03-10 18:00:00,HSM.DSC.PMP01,cooling_descaling_pump,168.1975,201.397,-0.082,1.3118,396.915,60.6589,0
2025-03-10 19:00:00,HSM.DSC.PMP01,cooling_descaling_pump,174.8212,196.377,-0.4502,1.0014,394.4289,50.0724,0
2025-03-10 20:00:00,HSM.DSC.PMP01,cooling_descaling_pump,165.7923,193.225,0.1363,1.1549,395.7975,52.4331,0
2025-03-10 21:00:00,HSM.DSC.PMP01,cooling_descaling_pump,175.4691,202.5811,-0.1636,0.9604,396.6708,52.1905,0
2025-03-10 22:00:00,HSM.DSC.PMP01,cooling_descaling_pump,180.7815,203.2657,0.6326,1.1268,393.8,55.3472,0
2025-03-10 23:00:00,HSM.DSC.PMP01,cooling_descaling_pump,153.2976,202.8479,-1.081,0.8894,407.3135,51.1297,0
2025-03-11 00:00:00,HSM.DSC.PMP01,cooling_descaling_pump,194.2788,203.628,-0.6696,0.9941,399.4557,58.8926,0
2025-03-11 01:00:00,HSM.DSC.PMP01,cooling_descaling_pump,191.8383,200.1192,-0.0863,0.8725,395.4987,55.1694,0
2025-03-11 02:00:00,HSM.DSC.PMP01,cooling_descaling_pump,166.8163,198.2655,0.4457,1.2641,399.6714,69.3591,0
2025-03-11 03:00:00,HSM.DSC.PMP01,cooling_descaling_pump,151.3341,192.7343,0.0744,1.1554,406.7491,57.1797,0
2025-03-11 04:00:00,HSM.DSC.PMP01,cooling_descaling_pump,189.5881,197.1994,-1.1281,0.657,405.8817,54.8715,0
2025-03-11 05:00:00,HSM.DSC.PMP01,cooling_descaling_pump,237.8601,202.1744,1.4401,0.7864,401.4655,62.8485,0
2025-03-11 06:00:00,HSM.DSC.PMP01,cooling_descaling_pump,143.6753,194.5767,-0.13,1.0302,399.1695,56.0737,0
2025-03-11 07:00:00,HSM.DSC.PMP01,cooling_descaling_pump,158.9173,201.3191,-1.7375,1.0618,402.3717,61.8004,0
2025-03-11 08:00:00,HSM.DSC.PMP01,cooling_descaling_pump,182.2502,197.6841,-0.2421,0.737,402.8138,53.318,0
2025-03-11 09:00:00,HSM.DSC.PMP01,cooling_descaling_pump,206.6026,191.9962,0.1351,1.1707,393.0351,55.6129,0
2025-03-11 10:00:00,HSM.DSC.PMP01,cooling_descaling_pump,194.809,197.0337,0.5866,1.1151,396.3667,59.545,0
2025-03-11 11:00:00,HSM.DSC.PMP01,cooling_descaling_pump,161.4882,197.5369,0.3324,1.218,393.2653,58.4792,0
2025-03-11 12:00:00,HSM.DSC.PMP01,cooling_descaling_pump,163.6916,201.9796,1.2501,0.8165,398.6006,56.4024,0
2025-03-11 13:00:00,HSM.DSC.PMP01,cooling_descaling_pump,185.9067,200.778,0.8934,0.6958,392.9227,44.5857,0
2025-03-11 14:00:00,HSM.DSC.PMP01,cooling_descaling_pump,167.8956,203.5831,0.4407,1.1456,400.9595,63.6128,0
2025-03-11 15:00:00,HSM.DSC.PMP01,cooling_descaling_pump,210.3873,199.1039,0.1958,0.9068,404.199,54.6309,0
2025-03-11 16:00:00,HSM.DSC.PMP01,cooling_descaling_pump,198.4047,203.897,0.1356,0.7533,406.443,43.8449,0
2025-03-11 17:00:00,HSM.DSC.PMP01,cooling_descaling_pump,161.5412,203.1468,-0.22,1.1437,401.5985,53.8492,0
2025-03-11 18:00:00,HSM.DSC.PMP01,cooling_descaling_pump,209.0545,196.5152,-0.5653,0.9801,402.0974,62.5618,0
2025-03-11 19:00:00,HSM.DSC.PMP01,cooling_descaling_pump,201.4743,201.5122,-1.1564,1.1057,394.5065,58.2843,0
2025-03-11 20:00:00,HSM.DSC.PMP01,cooling_descaling_pump,187.2819,204.7802,-0.1945,1.2078,399.2279,64.7513,0
2025-03-11 21:00:00,HSM.DSC.PMP01,cooling_descaling_pump,171.9172,199.7142,0.8831,1.0767,397.5126,55.2356,0
2025-03-11 22:00:00,HSM.DSC.PMP01,cooling_descaling_pump,213.5775,198.1854,-0.4464,1.1162,391.6106,55.5558,0
2025-03-11 23:00:00,HSM.DSC.PMP01,cooling_descaling_pump,201.8216,200.7582,0.1141,1.1832,397.931,56.3751,0
2025-03-12 00:00:00,HSM.DSC.PMP01,cooling_descaling_pump,169.2198,197.919,0.2918,1.2188,398.556,60.4774,0
2025-03-12 01:00:00,HSM.DSC.PMP01,cooling_descaling_pump,173.1039,200.3074,0.1242,1.2003,400.4537,57.507,0
2025-03-12 02:00:00,HSM.DSC.PMP01,cooling_descaling_pump,190.7366,196.3159,-0.3363,0.9951,401.0869,57.4752,0
2025-03-12 03:00:00,HSM.DSC.PMP01,cooling_descaling_pump,176.2623,199.2037,0.2702,1.1636,398.6576,54.5048,0
2025-03-12 04:00:00,HSM.DSC.PMP01,cooling_descaling_pump,164.7663,208.4386,-0.5789,1.0833,395.3739,62.2133,0
2025-03-12 05:00:00,HSM.DSC.PMP01,cooling_descaling_pump,177.5273,206.6673,0.3339,0.7698,401.8689,53.0493,0
2025-03-12 06:00:00,HSM.DSC.PMP01,cooling_descaling_pump,190.8758,206.5879,0.0248,0.7389,399.5823,55.6651,0
2025-03-12 07:00:00,HSM.DSC.PMP01,cooling_descaling_pump,167.995,199.0294,-0.3871,0.9791,404.2975,61.8054,0
2025-03-12 08:00:00,HSM.DSC.PMP01,cooling_descaling_pump,192.9388,196.2814,-0.3537,1.1441,394.0709,55.7886,0
2025-03-12 09:00:00,HSM.DSC.PMP01,cooling_descaling_pump,178.8329,196.097,0.9142,1.0661,401.4692,55.5577,0
2025-03-12 10:00:00,HSM.DSC.PMP01,cooling_descaling_pump,150.945,201.4007,-0.1072,1.0334,397.9605,54.622,0
2025-03-12 11:00:00,HSM.DSC.PMP01,cooling_descaling_pump,168.7311,199.6737,0.3261,1.0678,398.716,56.5689,0
2025-03-12 12:00:00,HSM.DSC.PMP01,cooling_descaling_pump,162.4918,201.8581,0.2194,1.2971,401.5622,58.7111,0
2025-03-12 13:00:00,HSM.DSC.PMP01,cooling_descaling_pump,136.8878,204.1699,0.8247,0.9674,401.9637,54.5148,0
2025-03-12 14:00:00,HSM.DSC.PMP01,cooling_descaling_pump,152.9676,204.8834,0.3021,0.9328,400.7715,54.525,0
2025-03-12 15:00:00,HSM.DSC.PMP01,cooling_descaling_pump,179.6296,202.7286,-0.4924,0.8922,396.5811,53.2146,0
2025-03-12 16:00:00,HSM.DSC.PMP01,cooling_descaling_pump,199.9295,197.7059,1.1344,0.9542,396.4084,58.9241,0
2025-03-12 17:00:00,HSM.DSC.PMP01,cooling_descaling_pump,203.7197,199.0466,0.2259,0.8124,404.7455,43.1124,0
2025-03-12 18:00:00,HSM.DSC.PMP01,cooling_descaling_pump,166.9213,197.8296,0.2409,0.8799,400.4045,48.855,0
2025-03-12 19:00:00,HSM.DSC.PMP01,cooling_descaling_pump,196.3236,201.6087,-0.7876,0.9424,399.9634,56.4056,0
2025-03-12 20:00:00,HSM.DSC.PMP01,cooling_descaling_pump,160.0793,197.6161,0.1944,1.2904,403.0228,55.6824,0
2025-03-12 21:00:00,HSM.DSC.PMP01,cooling_descaling_pump,193.2156,196.4667,-0.964,1.2913,396.9164,61.0706,0
2025-03-12 22:00:00,HSM.DSC.PMP01,cooling_descaling_pump,153.3784,201.4844,-0.7504,0.7252,401.6261,46.2674,0
2025-03-12 23:00:00,HSM.DSC.PMP01,cooling_descaling_pump,193.3482,194.0268,0.3514,1.0242,392.9922,53.6567,0
2025-03-13 00:00:00,HSM.DSC.PMP01,cooling_descaling_pump,199.2814,199.0187,0.5335,0.9609,400.51,55.5007,0
2025-03-13 01:00:00,HSM.DSC.PMP01,cooling_descaling_pump,196.0182,202.0155,1.1083,0.6815,404.749,43.3932,0
2025-03-13 02:00:00,HSM.DSC.PMP01,cooling_descaling_pump,202.4074,206.4446,1.4148,0.8767,401.4948,62.1995,0
2025-03-13 03:00:00,HSM.DSC.PMP01,cooling_descaling_pump,174.8959,200.4116,-0.7335,1.1303,400.7551,58.6121,0
2025-03-13 04:00:00,HSM.DSC.PMP01,cooling_descaling_pump,190.539,202.9444,-0.0998,0.7716,392.7636,57.7947,0
2025-03-13 05:00:00,HSM.DSC.PMP01,cooling_descaling_pump,210.0952,199.335,-0.7729,0.8544,397.5269,58.7972,0
2025-03-13 06:00:00,HSM.DSC.PMP01,cooling_descaling_pump,201.4717,200.7564,0.1078,0.9952,398.873,50.0904,0
2025-03-13 07:00:00,HSM.DSC.PMP01,cooling_descaling_pump,204.9747,202.9688,0.9328,0.7421,399.3887,46.7051,0
2025-03-13 08:00:00,HSM.DSC.PMP01,cooling_descaling_pump,162.8504,189.2419,0.5156,1.1148,400.4984,47.8044,0
2025-03-13 09:00:00,HSM.DSC.PMP01,cooling_descaling_pump,180.1968,199.7902,-0.2534,1.0056,393.8544,55.2641,0
2025-03-13 10:00:00,HSM.DSC.PMP01,cooling_descaling_pump,169.3915,198.5252,1.393,1.3294,395.4883,52.1172,0
2025-03-13 11:00:00,HSM.DSC.PMP01,cooling_descaling_pump,187.9834,201.7791,0.7357,0.7686,408.2242,47.3105,0
2025-03-13 12:00:00,HSM.DSC.PMP01,cooling_descaling_pump,202.8962,202.6816,0.4431,0.8784,408.3362,59.7422,0
2025-03-13 13:00:00,HSM.DSC.PMP01,cooling_descaling_pump,173.1071,202.5845,-0.1295,0.9822,405.8747,53.5273,0
2025-03-13 14:00:00,HSM.DSC.PMP01,cooling_descaling_pump,228.6718,200.6449,0.2395,0.7254,399.2719,56.0777,0
2025-03-13 15:00:00,HSM.DSC.PMP01,cooling_descaling_pump,170.3545,200.0645,1.0677,0.8358,407.5264,48.0191,0
2025-03-13 16:00:00,HSM.DSC.PMP01,cooling_descaling_pump,179.1206,198.0978,1.0655,0.9797,401.3353,61.2887,0
2025-03-13 17:00:00,HSM.DSC.PMP01,cooling_descaling_pump,180.3638,198.5496,0.3365,1.1222,401.8486,52.5608,0
2025-03-13 18:00:00,HSM.DSC.PMP01,cooling_descaling_pump,203.7469,191.8771,0.3172,1.4223,402.0508,60.5857,0
2025-03-13 19:00:00,HSM.DSC.PMP01,cooling_descaling_pump,239.873,198.5038,0.0215,0.9797,399.8853,50.8298,0
2025-03-13 20:00:00,HSM.DSC.PMP01,cooling_descaling_pump,177.308,199.5719,-0.2172,1.0662,394.781,58.1029,0
2025-03-13 21:00:00,HSM.DSC.PMP01,cooling_descaling_pump,184.6195,196.3102,0.0775,1.3298,395.288,52.4535,0
2025-03-13 22:00:00,HSM.DSC.PMP01,cooling_descaling_pump,194.4268,195.9872,0.0864,1.3156,400.2633,58.7894,0
2025-03-13 23:00:00,HSM.DSC.PMP01,cooling_descaling_pump,191.3778,197.9385,0.5183,1.1488,394.5152,54.9636,0
2025-03-14 00:00:00,HSM.DSC.PMP01,cooling_descaling_pump,186.1679,205.8085,-0.5827,0.7885,400.0721,48.1773,0
2025-03-14 01:00:00,HSM.DSC.PMP01,cooling_descaling_pump,150.908,197.593,1.0219,1.1655,406.4356,56.6915,0
2025-03-14 02:00:00,HSM.DSC.PMP01,cooling_descaling_pump,159.8031,196.4431,-0.1542,0.9431,405.5283,56.2934,0
2025-03-14 03:00:00,HSM.DSC.PMP01,cooling_descaling_pump,160.7636,203.996,0.0657,0.7954,398.5834,58.5284,0
2025-03-14 04:00:00,HSM.DSC.PMP01,cooling_descaling_pump,156.2398,199.7786,-0.0588,0.9676,410.3517,57.6619,0
2025-03-14 05:00:00,HSM.DSC.PMP01,cooling_descaling_pump,196.8461,204.1486,0.7163,0.813,400.3019,53.7441,0
2025-03-14 06:00:00,HSM.DSC.PMP01,cooling_descaling_pump,229.3745,201.1427,0.5027,1.2259,394.5607,58.268,0
2025-03-14 07:00:00,HSM.DSC.PMP01,cooling_descaling_pump,133.188,205.5811,1.0536,1.1717,400.974,59.9685,0
2025-03-14 08:00:00,HSM.DSC.PMP01,cooling_descaling_pump,234.9634,203.6876,0.1914,0.9071,399.6234,54.4619,0
2025-03-14 09:00:00,HSM.DSC.PMP01,cooling_descaling_pump,174.423,197.6471,0.3685,0.9919,406.4089,58.6856,0
2025-03-14 10:00:00,HSM.DSC.PMP01,cooling_descaling_pump,165.6329,199.8116,-0.2683,1.3186,396.997,67.6539,0
2025-03-14 11:00:00,HSM.DSC.PMP01,cooling_descaling_pump,166.3935,194.1271,-0.4614,0.9725,405.2504,54.0844,0
2025-03-14 12:00:00,HSM.DSC.PMP01,cooling_descaling_pump,159.1527,201.355,0.511,0.9895,403.9474,49.848,0
2025-03-14 13:00:00,HSM.DSC.PMP01,cooling_descaling_pump,169.5381,199.0811,-0.0209,1.2891,395.2709,53.0943,0
2025-03-14 14:00:00,HSM.DSC.PMP01,cooling_descaling_pump,182.2727,203.7401,-0.0091,1.1413,393.9208,47.0494,0
2025-03-14 15:00:00,HSM.DSC.PMP01,cooling_descaling_pump,160.1475,196.866,-0.183,1.0069,401.7164,51.7712,0
2025-03-14 16:00:00,HSM.DSC.PMP01,cooling_descaling_pump,173.3494,200.2444,-0.7052,0.975,399.0572,55.0592,0
2025-03-14 17:00:00,HSM.DSC.PMP01,cooling_descaling_pump,139.2012,191.3812,0.0752,1.2268,395.6309,56.4482,0
2025-03-14 18:00:00,HSM.DSC.PMP01,cooling_descaling_pump,235.2743,198.4446,0.1283,0.7821,395.5224,47.9424,0
2025-03-14 19:00:00,HSM.DSC.PMP01,cooling_descaling_pump,189.8453,199.2084,0.6332,0.9758,399.8796,54.3231,0
2025-03-14 20:00:00,HSM.DSC.PMP01,cooling_descaling_pump,189.328,194.043,-0.0222,1.0218,398.5352,49.6758,0
2025-03-14 21:00:00,HSM.DSC.PMP01,cooling_descaling_pump,238.1506,195.6071,-0.3445,1.0687,397.6229,55.0958,0
2025-03-14 22:00:00,HSM.DSC.PMP01,cooling_descaling_pump,192.8944,195.932,-0.9415,1.2472,397.4619,58.89,0
2025-03-14 23:00:00,HSM.DSC.PMP01,cooling_descaling_pump,193.2318,199.4269,-1.2065,0.9067,401.5715,51.1181,0
2025-03-15 00:00:00,HSM.DSC.PMP01,cooling_descaling_pump,182.7474,201.0762,0.4528,0.9257,398.7935,52.4864,0
2025-03-15 01:00:00,HSM.DSC.PMP01,cooling_descaling_pump,217.7663,195.7428,0.9537,0.9485,401.0751,47.8011,0
2025-03-15 02:00:00,HSM.DSC.PMP01,cooling_descaling_pump,211.0097,205.3312,-1.3165,0.6856,400.2708,50.2786,0
2025-03-15 03:00:00,HSM.DSC.PMP01,cooling_descaling_pump,190.9726,198.4745,-0.5355,1.0542,400.9737,56.9979,0
2025-03-15 04:00:00,HSM.DSC.PMP01,cooling_descaling_pump,149.4416,197.811,0.479,1.1155,391.6523,53.2489,0
2025-03-15 05:00:00,HSM.DSC.PMP01,cooling_descaling_pump,170.1638,203.2376,-0.3061,1.0758,398.7026,54.9563,0
2025-03-15 06:00:00,HSM.DSC.PMP01,cooling_descaling_pump,180.4845,202.0704,0.5394,0.8316,402.6805,54.8672,0
2025-03-15 07:00:00,HSM.DSC.PMP01,cooling_descaling_pump,190.8355,198.7802,0.517,0.9329,406.3242,59.0797,0
2025-03-15 08:00:00,HSM.DSC.PMP01,cooling_descaling_pump,181.7328,198.0053,-0.6032,1.2921,405.4418,67.4072,0
2025-03-15 09:00:00,HSM.DSC.PMP01,cooling_descaling_pump,208.1663,197.9753,-1.1676,1.0403,402.5986,53.9261,0
2025-03-15 10:00:00,HSM.DSC.PMP01,cooling_descaling_pump,203.6261,194.3536,1.1032,1.1271,400.9764,56.0012,0
2025-03-15 11:00:00,HSM.DSC.PMP01,cooling_descaling_pump,200.8697,204.0166,-0.0824,1.0405,400.4306,57.28,0
2025-03-15 12:00:00,HSM.DSC.PMP01,cooling_descaling_pump,160.9597,202.7726,0.8604,1.0052,395.738,51.7751,0
2025-03-15 13:00:00,HSM.DSC.PMP01,cooling_descaling_pump,173.3165,201.9852,0.2628,1.0557,394.0511,58.2591,0
2025-03-15 14:00:00,HSM.DSC.PMP01,cooling_descaling_pump,155.2801,196.9299,-0.8505,1.2623,395.5808,56.4085,0
2025-03-15 15:00:00,HSM.DSC.PMP01,cooling_descaling_pump,178.3153,201.9723,0.6982,0.6664,406.1837,50.9187,0
2025-03-15 16:00:00,HSM.DSC.PMP01,cooling_descaling_pump,162.2005,203.3175,-0.5743,0.9131,399.3784,43.9804,0
2025-03-15 17:00:00,HSM.DSC.PMP01,cooling_descaling_pump,218.0399,200.9921,-0.0015,1.1467,405.8644,59.5019,0
2025-03-15 18:00:00,HSM.DSC.PMP01,cooling_descaling_pump,178.747,207.8646,0.2829,1.1097,395.5552,52.2431,0
2025-03-15 19:00:00,HSM.DSC.PMP01,cooling_descaling_pump,183.5512,196.893,-0.9088,1.3884,400.7172,55.1514,0
2025-03-15 20:00:00,HSM.DSC.PMP01,cooling_descaling_pump,218.393,201.0735,-0.2253,0.6882,394.5349,50.5272,0
2025-03-15 21:00:00,HSM.DSC.PMP01,cooling_descaling_pump,226.7831,200.5201,0.4269,1.1546,395.9191,54.2833,0
2025-03-15 22:00:00,HSM.DSC.PMP01,cooling_descaling_pump,175.0015,200.5744,0.1144,1.0773,396.8143,55.3663,0
2025-03-15 23:00:00,HSM.DSC.PMP01,cooling_descaling_pump,159.5684,196.0025,1.3512,0.9293,399.4204,53.1201,0
2025-03-16 00:00:00,HSM.DSC.PMP01,cooling_descaling_pump,182.8113,198.1267,-1.2955,0.7661,403.7458,52.412,0
2025-03-16 01:00:00,HSM.DSC.PMP01,cooling_descaling_pump,183.8372,197.1384,0.3133,1.3442,403.8771,61.4603,0
2025-03-16 02:00:00,HSM.DSC.PMP01,cooling_descaling_pump,185.2619,197.7512,-0.1014,0.9575,400.9399,51.719,0
2025-03-16 03:00:00,HSM.DSC.PMP01,cooling_descaling_pump,150.5553,203.488,0.2002,1.0441,397.2692,58.4234,0
2025-03-16 04:00:00,HSM.DSC.PMP01,cooling_descaling_pump,188.468,203.5989,0.0811,1.2565,403.8955,67.7586,0
2025-03-16 05:00:00,HSM.DSC.PMP01,cooling_descaling_pump,227.8082,199.133,0.1094,0.8996,395.6179,60.5483,0
2025-03-16 06:00:00,HSM.DSC.PMP01,cooling_descaling_pump,228.1346,199.4177,0.3974,0.8463,403.1559,54.1172,0
2025-03-16 07:00:00,HSM.DSC.PMP01,cooling_descaling_pump,194.9418,200.8707,-0.5052,0.9723,395.7628,56.4346,0
2025-03-16 08:00:00,HSM.DSC.PMP01,cooling_descaling_pump,206.1896,200.6046,-0.3815,0.8197,398.7201,52.0521,0
2025-03-16 09:00:00,HSM.DSC.PMP01,cooling_descaling_pump,171.7461,203.3583,1.1701,0.6397,396.5486,46.2475,0
2025-03-16 10:00:00,HSM.DSC.PMP01,cooling_descaling_pump,160.7065,202.8305,0.0999,0.7031,411.1524,50.5643,0
2025-03-16 11:00:00,HSM.DSC.PMP01,cooling_descaling_pump,196.9642,199.4583,-0.0733,0.8298,398.5713,46.3431,0
2025-03-16 12:00:00,HSM.DSC.PMP01,cooling_descaling_pump,188.4336,194.0764,0.3618,0.8817,404.4579,49.7869,0
2025-03-16 13:00:00,HSM.DSC.PMP01,cooling_descaling_pump,209.3241,197.9911,0.5814,0.8293,400.7825,51.278,0
2025-03-16 14:00:00,HSM.DSC.PMP01,cooling_descaling_pump,230.1256,197.4995,0.5985,0.8611,402.6602,52.9977,0
2025-03-16 15:00:00,HSM.DSC.PMP01,cooling_descaling_pump,157.6714,201.0505,0.8879,0.9219,401.8308,58.0874,0
2025-03-16 16:00:00,HSM.DSC.PMP01,cooling_descaling_pump,178.7531,208.5095,-0.9304,0.8362,403.2435,63.3542,0
2025-03-16 17:00:00,HSM.DSC.PMP01,cooling_descaling_pump,175.779,192.4959,-0.07,0.9591,394.2351,48.8079,0
2025-03-16 18:00:00,HSM.DSC.PMP01,cooling_descaling_pump,184.9375,200.5748,-0.0634,0.92,399.4457,58.3453,0
2025-03-16 19:00:00,HSM.DSC.PMP01,cooling_descaling_pump,175.6153,199.2497,1.728,0.8204,402.2377,53.4024,0
2025-03-16 20:00:00,HSM.DSC.PMP01,cooling_descaling_pump,189.2006,207.8914,0.5366,0.6635,408.4688,48.2934,0
2025-03-16 21:00:00,HSM.DSC.PMP01,cooling_descaling_pump,208.3654,200.8791,0.8696,1.082,397.8698,51.6066,0
2025-03-16 22:00:00,HSM.DSC.PMP01,cooling_descaling_pump,148.9711,192.9218,0.7458,1.1868,398.2331,54.5209,0
2025-03-16 23:00:00,HSM.DSC.PMP01,cooling_descaling_pump,186.2436,200.1307,0.5108,1.1392,400.0001,56.6109,0
2025-03-17 00:00:00,HSM.DSC.PMP01,cooling_descaling_pump,215.5149,194.334,-0.0896,0.6945,399.8333,50.186,0
2025-03-17 01:00:00,HSM.DSC.PMP01,cooling_descaling_pump,157.7378,195.6104,-0.5165,1.2184,391.1758,60.6465,0
2025-03-17 02:00:00,HSM.DSC.PMP01,cooling_descaling_pump,203.9196,201.0874,0.0456,0.8872,399.4874,53.6604,0
2025-03-17 03:00:00,HSM.DSC.PMP01,cooling_descaling_pump,192.2702,202.9983,-0.9164,0.9582,396.5797,57.0671,0
2025-03-17 04:00:00,HSM.DSC.PMP01,cooling_descaling_pump,203.7738,197.6856,1.1028,0.9231,404.6776,54.4458,0
2025-03-17 05:00:00,HSM.DSC.PMP01,cooling_descaling_pump,166.0499,202.8231,0.6671,0.6955,400.0624,51.4666,0
2025-03-17 06:00:00,HSM.DSC.PMP01,cooling_descaling_pump,187.9072,200.8993,-0.6262,1.2709,398.7903,69.8854,0
2025-03-17 07:00:00,HSM.DSC.PMP01,cooling_descaling_pump,180.169,202.3345,-0.2683,1.0278,401.1183,55.7689,0
2025-03-17 08:00:00,HSM.DSC.PMP01,cooling_descaling_pump,184.2512,198.3531,0.757,1.0851,397.913,53.5889,0
2025-03-17 09:00:00,HSM.DSC.PMP01,cooling_descaling_pump,171.4888,197.9754,0.598,1.3089,399.3079,58.4268,0
2025-03-17 10:00:00,HSM.DSC.PMP01,cooling_descaling_pump,202.4569,197.3366,1.4567,0.8322,404.1064,54.5528,0
2025-03-17 11:00:00,HSM.DSC.PMP01,cooling_descaling_pump,139.3332,201.5215,-0.2753,1.0099,397.3483,51.0491,0
2025-03-17 12:00:00,HSM.DSC.PMP01,cooling_descaling_pump,181.6993,193.0035,-0.7082,1.1835,401.1804,58.459,0
2025-03-17 13:00:00,HSM.DSC.PMP01,cooling_descaling_pump,154.2712,200.0257,-0.1729,1.1905,398.3969,58.6656,0
2025-03-17 14:00:00,HSM.DSC.PMP01,cooling_descaling_pump,180.9502,202.6538,0.6434,1.0067,393.7834,54.9651,0
2025-03-17 15:00:00,HSM.DSC.PMP01,cooling_descaling_pump,205.8688,200.2618,0.3041,0.9072,402.2659,51.3928,0
2025-03-17 16:00:00,HSM.DSC.PMP01,cooling_descaling_pump,147.2986,200.1403,-0.5464,1.2651,390.2655,55.7755,0
2025-03-17 17:00:00,HSM.DSC.PMP01,cooling_descaling_pump,165.3285,200.6473,-0.2114,0.9382,396.254,46.4743,0
2025-03-17 18:00:00,HSM.DSC.PMP01,cooling_descaling_pump,167.0751,194.9875,-0.7278,1.1825,398.8465,58.4233,0
2025-03-17 19:00:00,HSM.DSC.PMP01,cooling_descaling_pump,148.8001,201.9461,0.6,0.9824,402.1967,55.0062,0
2025-03-17 20:00:00,HSM.DSC.PMP01,cooling_descaling_pump,176.1798,202.7387,-0.0855,1.1786,394.1589,55.1353,0
2025-03-17 21:00:00,HSM.DSC.PMP01,cooling_descaling_pump,199.8605,197.0308,-0.3622,0.7264,400.5994,50.808,0
2025-03-17 22:00:00,HSM.DSC.PMP01,cooling_descaling_pump,205.7323,198.8544,0.3647,0.8149,398.1056,45.0941,0
2025-03-17 23:00:00,HSM.DSC.PMP01,cooling_descaling_pump,180.4116,202.7195,-0.2923,1.145,400.0098,56.9423,0
2025-03-18 00:00:00,HSM.DSC.PMP01,cooling_descaling_pump,212.4693,203.4426,-0.4698,1.1511,395.7679,57.8357,0
2025-03-18 01:00:00,HSM.DSC.PMP01,cooling_descaling_pump,175.4639,200.0583,0.6418,0.9667,401.4007,50.1715,0
2025-03-18 02:00:00,HSM.DSC.PMP01,cooling_descaling_pump,149.42,199.2823,0.6325,1.2005,395.5641,58.8475,0
2025-03-18 03:00:00,HSM.DSC.PMP01,cooling_descaling_pump,166.6501,195.9475,-0.084,0.7005,398.1019,42.6079,0
2025-03-18 04:00:00,HSM.DSC.PMP01,cooling_descaling_pump,193.0098,198.7767,0.2578,0.754,399.0488,52.2995,0
2025-03-18 05:00:00,HSM.DSC.PMP01,cooling_descaling_pump,189.9403,198.4104,-0.08,0.844,394.5916,55.1183,0
2025-03-18 06:00:00,HSM.DSC.PMP01,cooling_descaling_pump,228.9937,198.643,-0.1133,0.9935,400.7771,54.1411,0
2025-03-18 07:00:00,HSM.DSC.PMP01,cooling_descaling_pump,168.4385,196.3319,-0.2965,0.9406,397.3657,54.1713,0
2025-03-18 08:00:00,HSM.DSC.PMP01,cooling_descaling_pump,150.4655,207.006,-1.437,0.853,404.0706,58.1694,0
2025-03-18 09:00:00,HSM.DSC.PMP01,cooling_descaling_pump,161.9132,196.3894,0.1955,0.9271,407.6295,51.0859,0
2025-03-18 10:00:00,HSM.DSC.PMP01,cooling_descaling_pump,191.2489,198.1093,0.0354,0.9221,395.212,53.3562,0
2025-03-18 11:00:00,HSM.DSC.PMP01,cooling_descaling_pump,193.3725,204.163,0.3438,1.0494,409.4674,60.9932,0
2025-03-18 12:00:00,HSM.DSC.PMP01,cooling_descaling_pump,208.0761,201.4361,-0.1358,0.7763,398.2585,47.3056,0
2025-03-18 13:00:00,HSM.DSC.PMP01,cooling_descaling_pump,198.6381,203.724,-0.2233,1.0097,406.0641,62.7408,0
2025-03-18 14:00:00,HSM.DSC.PMP01,cooling_descaling_pump,201.9175,197.4783,0.2059,0.9891,398.6947,54.5601,0
2025-03-18 15:00:00,HSM.DSC.PMP01,cooling_descaling_pump,169.2916,200.24,0.8493,0.91,402.3612,52.3147,0
2025-03-18 16:00:00,HSM.DSC.PMP01,cooling_descaling_pump,207.3416,193.9931,-0.7558,0.8335,404.9653,50.273,0
2025-03-18 17:00:00,HSM.DSC.PMP01,cooling_descaling_pump,178.2462,201.1816,0.4438,1.1722,396.7946,53.784,0
2025-03-18 18:00:00,HSM.DSC.PMP01,cooling_descaling_pump,181.9134,199.2714,-0.8637,1.4732,400.9235,64.3665,0
2025-03-18 19:00:00,HSM.DSC.PMP01,cooling_descaling_pump,162.2522,205.1124,1.0356,0.8304,402.9195,51.9366,0
2025-03-18 20:00:00,HSM.DSC.PMP01,cooling_descaling_pump,164.7359,202.3048,0.4416,1.2087,407.3177,68.3858,0
2025-03-18 21:00:00,HSM.DSC.PMP01,cooling_descaling_pump,200.4383,198.9127,-1.3977,0.7091,400.7386,44.3225,0
2025-03-18 22:00:00,HSM.DSC.PMP01,cooling_descaling_pump,148.3948,200.7019,0.1875,1.0537,400.6322,54.5219,0
2025-03-18 23:00:00,HSM.DSC.PMP01,cooling_descaling_pump,152.2193,205.2177,-0.5376,0.9377,401.7856,56.3689,0
2025-03-19 00:00:00,HSM.DSC.PMP01,cooling_descaling_pump,170.0399,200.3038,-0.8574,1.1784,397.6421,52.5469,0
2025-03-19 01:00:00,HSM.DSC.PMP01,cooling_descaling_pump,182.2436,198.0105,-0.8606,1.1989,398.9528,56.8614,0
2025-03-19 02:00:00,HSM.DSC.PMP01,cooling_descaling_pump,168.0876,201.5305,-0.7756,0.9575,399.5195,53.9521,0
2025-03-19 03:00:00,HSM.DSC.PMP01,cooling_descaling_pump,185.4913,197.5878,-0.6674,1.3751,399.1434,69.7397,0
2025-03-19 04:00:00,HSM.DSC.PMP01,cooling_descaling_pump,182.0485,201.5441,-0.0048,1.0135,398.6428,59.9026,0
2025-03-19 05:00:00,HSM.DSC.PMP01,cooling_descaling_pump,186.7767,191.9565,-0.1992,1.011,404.6954,56.65,0
2025-03-19 06:00:00,HSM.DSC.PMP01,cooling_descaling_pump,169.5188,203.8344,-0.3127,0.9615,402.4928,59.6629,0
2025-03-19 07:00:00,HSM.DSC.PMP01,cooling_descaling_pump,195.7346,198.4359,-0.2378,0.7814,399.5482,56.733,0
2025-03-19 08:00:00,HSM.DSC.PMP01,cooling_descaling_pump,200.6305,197.8511,0.655,1.2055,394.4383,55.7478,0
2025-03-19 09:00:00,HSM.DSC.PMP01,cooling_descaling_pump,204.7601,198.9843,1.4053,1.1377,403.4312,62.8862,0
2025-03-19 10:00:00,HSM.DSC.PMP01,cooling_descaling_pump,174.2233,203.9171,0.5267,0.8212,401.0919,60.3609,0
2025-03-19 11:00:00,HSM.DSC.PMP01,cooling_descaling_pump,201.9633,201.4647,0.2679,1.0264,399.9362,58.9056,0
2025-03-19 12:00:00,HSM.DSC.PMP01,cooling_descaling_pump,185.943,200.8049,-1.3098,0.7834,402.172,53.3905,0
2025-03-19 13:00:00,HSM.DSC.PMP01,cooling_descaling_pump,196.4322,197.0842,-0.9542,0.9455,394.9204,50.0728,0
2025-03-19 14:00:00,HSM.DSC.PMP01,cooling_descaling_pump,172.6385,201.1082,0.1178,0.8729,404.5981,55.6355,0
2025-03-19 15:00:00,HSM.DSC.PMP01,cooling_descaling_pump,151.7763,197.3995,-0.2143,1.1747,402.1644,60.0032,0
2025-03-19 16:00:00,HSM.DSC.PMP01,cooling_descaling_pump,187.5523,200.1829,0.9729,1.0989,405.8295,58.2192,0
2025-03-19 17:00:00,HSM.DSC.PMP01,cooling_descaling_pump,177.4166,193.7709,0.66,1.1375,396.4565,56.9511,0
2025-03-19 18:00:00,HSM.DSC.PMP01,cooling_descaling_pump,165.2858,204.2616,0.6761,1.0452,397.5067,46.7663,0
2025-03-19 19:00:00,HSM.DSC.PMP01,cooling_descaling_pump,170.9909,204.6969,0.9721,0.7993,402.2531,54.722,0
2025-03-19 20:00:00,HSM.DSC.PMP01,cooling_descaling_pump,226.8384,199.3308,0.1501,1.0575,393.2464,49.6191,0
2025-03-19 21:00:00,HSM.DSC.PMP01,cooling_descaling_pump,173.4993,199.7889,-0.0323,1.0286,399.1892,50.687,0
2025-03-19 22:00:00,HSM.DSC.PMP01,cooling_descaling_pump,230.964,194.7013,0.6167,0.9223,401.8813,56.7519,0
2025-03-19 23:00:00,HSM.DSC.PMP01,cooling_descaling_pump,233.4514,198.0741,0.3254,0.6004,400.3147,46.7555,0
2025-03-20 00:00:00,HSM.DSC.PMP01,cooling_descaling_pump,165.3418,195.807,1.1984,1.2065,398.5289,60.4727,0
2025-03-20 01:00:00,HSM.DSC.PMP01,cooling_descaling_pump,205.3616,194.9232,-0.2261,0.9179,403.5958,48.0972,0
2025-03-20 02:00:00,HSM.DSC.PMP01,cooling_descaling_pump,178.2843,196.1223,-0.348,1.1398,393.0154,58.741,0
2025-03-20 03:00:00,HSM.DSC.PMP01,cooling_descaling_pump,186.2774,206.6398,0.211,1.2751,391.0366,58.9424,0
2025-03-20 04:00:00,HSM.DSC.PMP01,cooling_descaling_pump,223.345,200.0497,0.5264,0.8957,400.6141,58.5855,0
2025-03-20 05:00:00,HSM.DSC.PMP01,cooling_descaling_pump,168.2223,205.8601,-0.5176,0.993,403.0696,53.2525,0
2025-03-20 06:00:00,HSM.DSC.PMP01,cooling_descaling_pump,164.0532,196.8211,-1.0742,0.9377,402.3057,54.408,0
2025-03-20 07:00:00,HSM.DSC.PMP01,cooling_descaling_pump,179.3998,196.8473,0.8243,0.9739,404.3198,54.5057,0
2025-03-20 08:00:00,HSM.DSC.PMP01,cooling_descaling_pump,196.9331,198.2427,0.8068,0.8162,399.1497,53.4662,0
2025-03-20 09:00:00,HSM.DSC.PMP01,cooling_descaling_pump,177.2668,200.563,0.0973,1.1541,401.6451,49.7335,0
2025-03-20 10:00:00,HSM.DSC.PMP01,cooling_descaling_pump,145.3832,201.2896,0.547,1.0995,401.5791,58.5181,0
2025-03-20 11:00:00,HSM.DSC.PMP01,cooling_descaling_pump,196.1278,195.7698,0.5944,0.6801,408.4251,57.1426,0
2025-03-20 12:00:00,HSM.DSC.PMP01,cooling_descaling_pump,224.3007,205.9221,-0.0449,0.9624,396.4551,53.2158,0
2025-03-20 13:00:00,HSM.DSC.PMP01,cooling_descaling_pump,174.5813,210.1772,-0.8075,1.1632,397.3168,64.2069,0
2025-03-20 14:00:00,HSM.DSC.PMP01,cooling_descaling_pump,163.9837,199.4658,-0.1204,1.0638,404.7428,50.0971,0
2025-03-20 15:00:00,HSM.DSC.PMP01,cooling_descaling_pump,161.3258,202.6149,-0.3618,0.9587,399.7706,50.4558,0
2025-03-20 16:00:00,HSM.DSC.PMP01,cooling_descaling_pump,185.2237,204.2366,0.0292,0.8942,400.515,53.8638,0
2025-03-20 17:00:00,HSM.DSC.PMP01,cooling_descaling_pump,200.2864,199.5134,-0.1351,1.1525,403.2175,55.9744,0
2025-03-20 18:00:00,HSM.DSC.PMP01,cooling_descaling_pump,183.9002,209.2421,-1.3217,0.8431,396.2317,53.613,0
2025-03-20 19:00:00,HSM.DSC.PMP01,cooling_descaling_pump,207.8644,198.5658,-0.0005,1.117,399.5572,51.5989,0
2025-03-20 20:00:00,HSM.DSC.PMP01,cooling_descaling_pump,211.2648,200.3651,-0.2338,0.8818,401.3267,49.1109,0
2025-03-20 21:00:00,HSM.DSC.PMP01,cooling_descaling_pump,211.7367,204.6819,0.6177,0.8481,404.954,60.9537,0
2025-03-20 22:00:00,HSM.DSC.PMP01,cooling_descaling_pump,213.1406,202.1449,-0.784,1.2949,394.3264,65.1691,0
2025-03-20 23:00:00,HSM.DSC.PMP01,cooling_descaling_pump,221.2044,201.321,-0.8025,1.3125,397.3365,56.3964,0
2025-03-21 00:00:00,HSM.DSC.PMP01,cooling_descaling_pump,159.3731,199.7414,0.7448,1.0887,396.8519,57.8439,0
2025-03-21 01:00:00,HSM.DSC.PMP01,cooling_descaling_pump,155.1117,203.4779,0.3334,1.147,398.114,63.6184,0
2025-03-21 02:00:00,HSM.DSC.PMP01,cooling_descaling_pump,179.0944,194.0087,-1.8256,1.2337,397.7971,56.2853,0
2025-03-21 03:00:00,HSM.DSC.PMP01,cooling_descaling_pump,164.0773,194.5744,0.3584,1.0614,397.134,55.9113,0
2025-03-21 04:00:00,HSM.DSC.PMP01,cooling_descaling_pump,238.9863,201.6883,0.1402,0.9405,397.7786,58.2601,0
2025-03-21 05:00:00,HSM.DSC.PMP01,cooling_descaling_pump,189.6286,197.593,0.1809,0.9839,400.4848,58.5933,0
2025-03-21 06:00:00,HSM.DSC.PMP01,cooling_descaling_pump,167.239,201.0339,-0.0827,1.3342,400.4633,68.2532,0
2025-03-21 07:00:00,HSM.DSC.PMP01,cooling_descaling_pump,202.7014,201.7537,0.6832,0.7458,400.0677,53.8631,0
2025-03-21 08:00:00,HSM.DSC.PMP01,cooling_descaling_pump,148.2847,202.7286,-0.5977,1.1742,399.3054,66.2567,0
2025-03-21 09:00:00,HSM.DSC.PMP01,cooling_descaling_pump,176.6951,201.1929,-0.5849,1.0434,407.9213,59.93,0
2025-03-21 10:00:00,HSM.DSC.PMP01,cooling_descaling_pump,181.2281,205.7363,0.8402,0.9911,400.1746,62.0416,0
2025-03-21 11:00:00,HSM.DSC.PMP01,cooling_descaling_pump,165.65,200.0591,0.3594,1.1162,397.0314,58.1911,0
2025-03-21 12:00:00,HSM.DSC.PMP01,cooling_descaling_pump,244.7212,200.6087,0.4247,0.786,402.2237,53.9188,0
2025-03-21 13:00:00,HSM.DSC.PMP01,cooling_descaling_pump,187.0374,196.3777,0.0058,0.7918,401.3259,49.0351,0
2025-03-21 14:00:00,HSM.DSC.PMP01,cooling_descaling_pump,197.9382,202.9253,0.3517,0.6482,401.5845,44.3815,0
2025-03-21 15:00:00,HSM.DSC.PMP01,cooling_descaling_pump,185.813,200.4306,-0.415,0.8889,400.03,50.2417,0
2025-03-21 16:00:00,HSM.DSC.PMP01,cooling_descaling_pump,207.5926,200.998,0.5453,0.7353,402.4491,56.9319,0
2025-03-21 17:00:00,HSM.DSC.PMP01,cooling_descaling_pump,162.3305,192.4598,-1.0926,1.0624,403.4945,56.5259,0
2025-03-21 18:00:00,HSM.DSC.PMP01,cooling_descaling_pump,216.3278,199.7888,-0.1368,1.1037,406.5369,60.626,0
2025-03-21 19:00:00,HSM.DSC.PMP01,cooling_descaling_pump,204.5917,206.5296,1.137,1.1551,395.4128,55.261,0
2025-03-21 20:00:00,HSM.DSC.PMP01,cooling_descaling_pump,187.9444,201.8138,2.2587,0.9997,400.4268,53.021,0
2025-03-21 21:00:00,HSM.DSC.PMP01,cooling_descaling_pump,200.9805,202.3299,0.0458,0.8501,395.9407,39.0208,0
2025-03-21 22:00:00,HSM.DSC.PMP01,cooling_descaling_pump,185.3311,197.2331,0.2466,1.0156,404.6398,44.0858,0
2025-03-21 23:00:00,HSM.DSC.PMP01,cooling_descaling_pump,186.2599,203.983,-0.5898,1.1936,399.6517,56.5873,0
2025-03-22 00:00:00,HSM.DSC.PMP01,cooling_descaling_pump,170.5077,197.5766,-0.779,0.7981,398.4212,51.0966,0
2025-03-22 01:00:00,HSM.DSC.PMP01,cooling_descaling_pump,188.2961,200.4354,-0.2209,0.6979,398.4551,49.8274,0
2025-03-22 02:00:00,HSM.DSC.PMP01,cooling_descaling_pump,175.6175,206.676,0.3546,0.9281,403.6581,52.1919,0
2025-03-22 03:00:00,HSM.DSC.PMP01,cooling_descaling_pump,196.5492,196.6278,-1.2071,0.9069,400.7899,55.2208,0
2025-03-22 04:00:00,HSM.DSC.PMP01,cooling_descaling_pump,190.6463,202.1535,0.8045,1.0134,398.1484,59.8932,0
2025-03-22 05:00:00,HSM.DSC.PMP01,cooling_descaling_pump,152.314,198.2164,0.1709,1.2392,403.0313,56.8449,0
2025-03-22 06:00:00,HSM.DSC.PMP01,cooling_descaling_pump,203.797,202.7326,0.1113,1.1902,400.4868,65.3433,0
2025-03-22 07:00:00,HSM.DSC.PMP01,cooling_descaling_pump,186.9397,199.2165,0.879,1.1974,405.2697,59.4492,0
2025-03-22 08:00:00,HSM.DSC.PMP01,cooling_descaling_pump,186.6297,201.8617,-0.6151,1.1872,396.9619,50.0244,0
2025-03-22 09:00:00,HSM.DSC.PMP01,cooling_descaling_pump,182.655,202.8672,0.8502,0.7746,405.8563,56.6747,0
2025-03-22 10:00:00,HSM.DSC.PMP01,cooling_descaling_pump,152.6355,204.6754,-0.6308,0.8398,401.4336,53.2537,0
2025-03-22 11:00:00,HSM.DSC.PMP01,cooling_descaling_pump,166.3879,201.9596,1.1039,1.055,405.7696,53.4054,0
2025-03-22 12:00:00,HSM.DSC.PMP01,cooling_descaling_pump,204.3688,194.7146,-0.4243,0.9772,398.6108,56.8064,0
2025-03-22 13:00:00,HSM.DSC.PMP01,cooling_descaling_pump,166.8729,198.3076,0.8373,0.6194,408.0711,50.6208,0
2025-03-22 14:00:00,HSM.DSC.PMP01,cooling_descaling_pump,186.2734,202.0067,-0.7221,1.0056,400.4221,59.6196,0
2025-03-22 15:00:00,HSM.DSC.PMP01,cooling_descaling_pump,175.6901,200.988,-1.0031,1.0192,394.5076,60.1637,0
2025-03-22 16:00:00,HSM.DSC.PMP01,cooling_descaling_pump,158.1734,198.3927,-0.7999,1.2426,395.8495,59.2153,0
2025-03-22 17:00:00,HSM.DSC.PMP01,cooling_descaling_pump,153.1763,198.2531,-0.9039,1.0779,394.0786,49.2322,0
2025-03-22 18:00:00,HSM.DSC.PMP01,cooling_descaling_pump,189.7447,199.7677,0.3996,0.924,401.4321,54.6343,0
2025-03-22 19:00:00,HSM.DSC.PMP01,cooling_descaling_pump,171.4975,200.8527,0.0373,0.942,399.8579,52.2109,0
2025-03-22 20:00:00,HSM.DSC.PMP01,cooling_descaling_pump,150.0078,206.6927,-0.2035,0.9615,401.0033,54.0289,0
2025-03-22 21:00:00,HSM.DSC.PMP01,cooling_descaling_pump,153.8345,201.5727,0.325,1.1478,396.63,56.776,0
2025-03-22 22:00:00,HSM.DSC.PMP01,cooling_descaling_pump,186.4798,205.1139,1.1252,0.8874,399.4118,50.0231,0
2025-03-22 23:00:00,HSM.DSC.PMP01,cooling_descaling_pump,191.9083,202.4958,0.8331,1.0792,406.2933,57.4839,0
2025-03-23 00:00:00,HSM.DSC.PMP01,cooling_descaling_pump,198.0257,202.7773,-0.0334,0.6896,406.0449,55.9266,0
2025-03-23 01:00:00,HSM.DSC.PMP01,cooling_descaling_pump,201.7498,196.4098,-0.1582,1.1941,401.332,65.3835,0
2025-03-23 02:00:00,HSM.DSC.PMP01,cooling_descaling_pump,181.6144,200.9865,0.4508,1.1538,402.5019,61.7712,0
2025-03-23 03:00:00,HSM.DSC.PMP01,cooling_descaling_pump,201.8081,200.8486,-0.3976,1.0637,396.5455,60.5052,0
2025-03-23 04:00:00,HSM.DSC.PMP01,cooling_descaling_pump,160.251,197.9494,-0.3484,1.0737,398.462,63.9883,0
2025-03-23 05:00:00,HSM.DSC.PMP01,cooling_descaling_pump,192.1219,207.9821,0.886,0.7906,397.2637,51.9598,0
2025-03-23 06:00:00,HSM.DSC.PMP01,cooling_descaling_pump,168.24,200.4573,1.0923,1.1688,398.7812,60.6036,0
2025-03-23 07:00:00,HSM.DSC.PMP01,cooling_descaling_pump,219.541,200.1986,0.7262,0.9017,405.9061,60.4192,0
2025-03-23 08:00:00,HSM.DSC.PMP01,cooling_descaling_pump,197.3133,202.2956,-0.0235,0.9669,401.394,50.9954,0
2025-03-23 09:00:00,HSM.DSC.PMP01,cooling_descaling_pump,149.6273,205.4236,-0.4874,1.162,397.4291,69.8094,0
2025-03-23 10:00:00,HSM.DSC.PMP01,cooling_descaling_pump,202.3898,204.3543,-0.0451,0.9797,405.229,57.3663,0
2025-03-23 11:00:00,HSM.DSC.PMP01,cooling_descaling_pump,172.6067,207.6309,0.0199,0.547,405.2325,43.5321,0
2025-03-23 12:00:00,HSM.DSC.PMP01,cooling_descaling_pump,180.6111,203.6863,-0.0592,0.8986,396.6603,48.971,0
2025-03-23 13:00:00,HSM.DSC.PMP01,cooling_descaling_pump,179.8554,201.0118,0.4199,1.0006,400.0045,48.0107,0
2025-03-23 14:00:00,HSM.DSC.PMP01,cooling_descaling_pump,198.47,199.3165,-0.6463,0.8558,399.0277,46.9482,0
2025-03-23 15:00:00,HSM.DSC.PMP01,cooling_descaling_pump,207.1215,197.3225,-0.0328,0.693,400.6173,47.1193,0
2025-03-23 16:00:00,HSM.DSC.PMP01,cooling_descaling_pump,147.8593,201.1407,0.2854,0.9559,399.8013,52.4083,0
2025-03-23 17:00:00,HSM.DSC.PMP01,cooling_descaling_pump,211.4498,201.3768,-0.1245,0.6565,402.6423,48.5949,0
2025-03-23 18:00:00,HSM.DSC.PMP01,cooling_descaling_pump,216.8039,201.2533,0.176,0.8971,407.078,58.5769,0
2025-03-23 19:00:00,HSM.DSC.PMP01,cooling_descaling_pump,155.1777,195.23,-0.0646,1.28,400.5123,59.6327,0
2025-03-23 20:00:00,HSM.DSC.PMP01,cooling_descaling_pump,208.1521,198.3285,0.9187,0.7046,402.793,49.2396,0
2025-03-23 21:00:00,HSM.DSC.PMP01,cooling_descaling_pump,154.0923,200.0112,0.2727,1.0842,403.8902,56.7798,0
2025-03-23 22:00:00,HSM.DSC.PMP01,cooling_descaling_pump,221.7548,199.3616,-1.0164,0.8064,398.3752,48.5792,0
2025-03-23 23:00:00,HSM.DSC.PMP01,cooling_descaling_pump,203.0059,202.2914,1.1056,1.0924,398.9211,57.1992,0
2025-03-24 00:00:00,HSM.DSC.PMP01,cooling_descaling_pump,197.5031,201.5387,-0.2336,0.6988,402.9576,47.8575,0
2025-03-24 01:00:00,HSM.DSC.PMP01,cooling_descaling_pump,197.1732,196.0914,-0.0971,0.7516,405.4279,52.4246,0
2025-03-24 02:00:00,HSM.DSC.PMP01,cooling_descaling_pump,185.865,207.9985,0.6857,0.7184,393.4706,48.0183,0
2025-03-24 03:00:00,HSM.DSC.PMP01,cooling_descaling_pump,129.5882,205.3018,1.2028,1.0318,394.4085,60.3999,0
2025-03-24 04:00:00,HSM.DSC.PMP01,cooling_descaling_pump,235.0553,197.7302,0.6365,1.0633,402.6789,62.992,0
2025-03-24 05:00:00,HSM.DSC.PMP01,cooling_descaling_pump,157.0159,199.2387,0.414,1.3336,407.9244,60.4983,0
2025-03-24 06:00:00,HSM.DSC.PMP01,cooling_descaling_pump,203.6154,199.0546,-0.6158,0.9125,401.7869,49.8806,0
2025-03-24 07:00:00,HSM.DSC.PMP01,cooling_descaling_pump,166.022,196.8337,-0.09,1.2633,405.857,69.4893,0
2025-03-24 08:00:00,HSM.DSC.PMP01,cooling_descaling_pump,183.172,197.6104,0.6409,0.991,396.3464,54.8762,0
2025-03-24 09:00:00,HSM.DSC.PMP01,cooling_descaling_pump,169.9312,204.646,0.3425,0.7882,401.517,55.0453,0
2025-03-24 10:00:00,HSM.DSC.PMP01,cooling_descaling_pump,187.0707,197.1417,0.1297,0.9989,397.2038,53.2922,0
2025-03-24 11:00:00,HSM.DSC.PMP01,cooling_descaling_pump,234.2937,203.4246,1.0216,0.8948,400.2202,56.1488,0
2025-03-24 12:00:00,HSM.DSC.PMP01,cooling_descaling_pump,178.1324,199.8249,-0.0265,1.0986,397.2038,58.0605,0
2025-03-24 13:00:00,HSM.DSC.PMP01,cooling_descaling_pump,199.412,196.9598,-1.8697,0.4806,404.8597,44.597,0
2025-03-24 14:00:00,HSM.DSC.PMP01,cooling_descaling_pump,161.2372,200.7117,0.1759,0.8417,399.1023,43.0731,0
2025-03-24 15:00:00,HSM.DSC.PMP01,cooling_descaling_pump,204.9525,199.7179,0.1127,0.8379,399.8264,53.8891,0
2025-03-24 16:00:00,HSM.DSC.PMP01,cooling_descaling_pump,177.8385,202.9884,-0.15,1.362,396.1169,59.9243,0
2025-03-24 17:00:00,HSM.DSC.PMP01,cooling_descaling_pump,201.2133,205.1965,0.4369,1.0499,392.7196,55.9161,0
2025-03-24 18:00:00,HSM.DSC.PMP01,cooling_descaling_pump,195.3088,201.2994,-0.2151,0.9645,396.0032,52.5814,0
2025-03-24 19:00:00,HSM.DSC.PMP01,cooling_descaling_pump,157.94,195.1691,0.0544,1.24,398.3238,54.2386,0
2025-03-24 20:00:00,HSM.DSC.PMP01,cooling_descaling_pump,170.3766,199.9864,0.1908,1.0225,400.8189,56.8529,0
2025-03-24 21:00:00,HSM.DSC.PMP01,cooling_descaling_pump,212.3114,198.8769,1.1027,0.9763,398.575,54.7036,0
2025-03-24 22:00:00,HSM.DSC.PMP01,cooling_descaling_pump,186.2623,199.6743,-0.8085,1.0603,395.961,53.5213,0
2025-03-24 23:00:00,HSM.DSC.PMP01,cooling_descaling_pump,194.61,201.2341,0.3719,0.9985,401.8084,53.3915,0
2025-03-25 00:00:00,HSM.DSC.PMP01,cooling_descaling_pump,198.5426,199.3326,1.1175,1.188,396.1124,59.7008,0
2025-03-25 01:00:00,HSM.DSC.PMP01,cooling_descaling_pump,155.1199,206.7074,0.1018,0.7503,398.949,51.5066,0
2025-03-25 02:00:00,HSM.DSC.PMP01,cooling_descaling_pump,186.9619,199.6119,0.1072,1.1154,397.6826,55.0306,0
2025-03-25 03:00:00,HSM.DSC.PMP01,cooling_descaling_pump,177.0255,195.627,0.1699,1.0461,407.7308,55.719,0
2025-03-25 04:00:00,HSM.DSC.PMP01,cooling_descaling_pump,194.8149,200.2462,0.1518,0.8499,408.3839,56.6911,0
2025-03-25 05:00:00,HSM.DSC.PMP01,cooling_descaling_pump,204.6001,200.9578,0.0707,1.0343,395.9042,56.2108,0
2025-03-25 06:00:00,HSM.DSC.PMP01,cooling_descaling_pump,220.7628,203.6309,-0.6361,0.8125,401.6143,56.4104,0
2025-03-25 07:00:00,HSM.DSC.PMP01,cooling_descaling_pump,179.3705,197.8217,0.9262,1.2893,395.8353,66.2559,0
2025-03-25 08:00:00,HSM.DSC.PMP01,cooling_descaling_pump,172.3174,198.0392,0.4315,0.897,401.0987,57.4877,0
2025-03-25 09:00:00,HSM.DSC.PMP01,cooling_descaling_pump,195.8695,203.449,-0.0752,0.6725,397.6727,57.4838,0
2025-03-25 10:00:00,HSM.DSC.PMP01,cooling_descaling_pump,224.1657,202.3117,-0.5289,0.5605,401.1845,48.9795,0
2025-03-25 11:00:00,HSM.DSC.PMP01,cooling_descaling_pump,175.6594,201.3059,0.849,0.7434,407.3845,58.7837,0
2025-03-25 12:00:00,HSM.DSC.PMP01,cooling_descaling_pump,172.4366,193.0024,1.078,1.0889,396.1846,57.6521,0
2025-03-25 13:00:00,HSM.DSC.PMP01,cooling_descaling_pump,181.0091,201.484,0.2617,1.1356,398.9969,57.5064,0
2025-03-25 14:00:00,HSM.DSC.PMP01,cooling_descaling_pump,176.7809,202.4903,0.2586,0.6877,407.0124,51.4546,0
2025-03-25 15:00:00,HSM.DSC.PMP01,cooling_descaling_pump,202.8364,205.2155,0.2056,0.9454,400.0615,54.988,0
2025-03-25 16:00:00,HSM.DSC.PMP01,cooling_descaling_pump,173.8,198.6767,0.232,1.0741,400.1874,52.1971,0
2025-03-25 17:00:00,HSM.DSC.PMP01,cooling_descaling_pump,194.9189,201.9787,-0.7585,0.9823,402.7196,58.0784,0
2025-03-25 18:00:00,HSM.DSC.PMP01,cooling_descaling_pump,148.6234,196.4849,0.7759,0.9784,395.7911,43.5111,0
2025-03-25 19:00:00,HSM.DSC.PMP01,cooling_descaling_pump,214.9252,201.0254,0.2448,0.8444,399.812,52.6253,0
2025-03-25 20:00:00,HSM.DSC.PMP01,cooling_descaling_pump,228.9593,200.1407,0.7449,0.9499,403.4564,53.6715,0
2025-03-25 21:00:00,HSM.DSC.PMP01,cooling_descaling_pump,164.0415,200.2515,-0.3706,1.0311,398.1242,58.7739,0
2025-03-25 22:00:00,HSM.DSC.PMP01,cooling_descaling_pump,148.6858,206.9774,-0.2944,1.0538,401.8354,64.5322,0
2025-03-25 23:00:00,HSM.DSC.PMP01,cooling_descaling_pump,144.4823,196.6352,0.7817,1.0377,397.6036,54.3643,0
2025-03-26 00:00:00,HSM.DSC.PMP01,cooling_descaling_pump,201.8818,196.2574,-0.4934,0.8435,407.5587,57.8328,0
2025-03-26 01:00:00,HSM.DSC.PMP01,cooling_descaling_pump,209.1531,204.4729,0.3514,0.8822,395.3667,53.3245,0
2025-03-26 02:00:00,HSM.DSC.PMP01,cooling_descaling_pump,190.4839,202.8875,-0.6881,0.7337,399.2609,53.1885,0
2025-03-26 03:00:00,HSM.DSC.PMP01,cooling_descaling_pump,176.975,202.4032,0.307,1.1244,390.8497,50.0075,0
2025-03-26 04:00:00,HSM.DSC.PMP01,cooling_descaling_pump,187.1644,204.699,-0.8777,0.9871,398.5216,59.1914,0
2025-03-26 05:00:00,HSM.DSC.PMP01,cooling_descaling_pump,162.8515,198.213,-0.2828,1.3771,398.3363,60.1171,0
2025-03-26 06:00:00,HSM.DSC.PMP01,cooling_descaling_pump,158.6315,203.4081,-0.5933,0.9767,396.8997,52.8234,0
2025-03-26 07:00:00,HSM.DSC.PMP01,cooling_descaling_pump,194.6425,200.0409,-0.3797,1.2409,393.8579,63.9932,0
2025-03-26 08:00:00,HSM.DSC.PMP01,cooling_descaling_pump,201.1685,200.2158,0.08,0.9872,398.2617,57.4764,0
2025-03-26 09:00:00,HSM.DSC.PMP01,cooling_descaling_pump,172.6123,200.9063,0.017,0.9759,400.0937,53.0338,0
2025-03-26 10:00:00,HSM.DSC.PMP01,cooling_descaling_pump,159.4209,202.0409,0.3221,0.9128,396.7844,55.7351,0
2025-03-26 11:00:00,HSM.DSC.PMP01,cooling_descaling_pump,182.4188,198.7116,-1.1402,1.1774,397.4434,61.99,0
2025-03-26 12:00:00,HSM.DSC.PMP01,cooling_descaling_pump,192.0212,194.3179,0.2192,0.9946,389.2025,50.1974,0
2025-03-26 13:00:00,HSM.DSC.PMP01,cooling_descaling_pump,195.4103,202.1996,-1.6872,0.9876,396.9105,62.109,0
2025-03-26 14:00:00,HSM.DSC.PMP01,cooling_descaling_pump,184.647,197.0459,-0.5683,0.9018,407.6317,50.3766,0
2025-03-26 15:00:00,HSM.DSC.PMP01,cooling_descaling_pump,202.6157,197.3022,-0.5614,1.2702,401.6818,62.9285,0
2025-03-26 16:00:00,HSM.DSC.PMP01,cooling_descaling_pump,215.6148,197.3254,-0.6314,0.949,398.5922,58.2269,0
2025-03-26 17:00:00,HSM.DSC.PMP01,cooling_descaling_pump,199.7728,201.2435,-1.394,0.9792,398.545,54.5717,0
2025-03-26 18:00:00,HSM.DSC.PMP01,cooling_descaling_pump,185.0114,197.541,0.0896,1.0878,396.7409,53.088,0
2025-03-26 19:00:00,HSM.DSC.PMP01,cooling_descaling_pump,185.3455,199.5704,0.1815,1.091,402.9856,52.5085,0
2025-03-26 20:00:00,HSM.DSC.PMP01,cooling_descaling_pump,194.1361,192.629,0.4139,0.8554,404.9152,54.9777,0
2025-03-26 21:00:00,HSM.DSC.PMP01,cooling_descaling_pump,184.4856,200.2965,-0.2279,0.8861,395.2847,43.2506,0
2025-03-26 22:00:00,HSM.DSC.PMP01,cooling_descaling_pump,163.5981,199.6382,-1.1298,1.3128,404.0675,62.5673,0
2025-03-26 23:00:00,HSM.DSC.PMP01,cooling_descaling_pump,195.6407,195.8394,-0.7277,1.2034,392.3961,49.127,0
2025-03-27 00:00:00,HSM.DSC.PMP01,cooling_descaling_pump,189.254,205.0303,0.1685,0.6078,398.399,46.981,0
2025-03-27 01:00:00,HSM.DSC.PMP01,cooling_descaling_pump,165.2586,202.0991,-0.5443,0.9819,403.2004,61.7885,0
2025-03-27 02:00:00,HSM.DSC.PMP01,cooling_descaling_pump,170.4611,204.5595,-0.4697,1.0203,398.3067,53.8906,0
2025-03-27 03:00:00,HSM.DSC.PMP01,cooling_descaling_pump,219.7847,208.3811,0.2731,0.6711,404.093,50.8743,0
2025-03-27 04:00:00,HSM.DSC.PMP01,cooling_descaling_pump,132.0921,200.4381,-0.0582,1.1186,404.4645,60.474,0
2025-03-27 05:00:00,HSM.DSC.PMP01,cooling_descaling_pump,201.4699,197.9893,-0.6174,1.0981,397.035,57.7953,0
2025-03-27 06:00:00,HSM.DSC.PMP01,cooling_descaling_pump,195.225,195.3349,0.2328,1.152,396.2313,54.08,0
2025-03-27 07:00:00,HSM.DSC.PMP01,cooling_descaling_pump,173.5522,195.4899,-0.0723,1.0499,394.467,53.5398,0
2025-03-27 08:00:00,HSM.DSC.PMP01,cooling_descaling_pump,182.2349,193.4926,0.6066,1.0836,398.8838,63.8821,0
2025-03-27 09:00:00,HSM.DSC.PMP01,cooling_descaling_pump,178.3856,193.6243,1.271,1.0197,396.0066,56.8508,0
2025-03-27 10:00:00,HSM.DSC.PMP01,cooling_descaling_pump,168.2917,205.3885,-0.4001,1.1156,401.937,54.9402,0
2025-03-27 11:00:00,HSM.DSC.PMP01,cooling_descaling_pump,143.421,200.6338,0.9047,1.2702,397.1476,56.3568,0
2025-03-27 12:00:00,HSM.DSC.PMP01,cooling_descaling_pump,167.9782,190.8317,-0.9243,1.2841,396.364,52.9249,0
2025-03-27 13:00:00,HSM.DSC.PMP01,cooling_descaling_pump,184.5287,200.1764,-0.0785,1.2834,396.735,54.0733,0
2025-03-27 14:00:00,HSM.DSC.PMP01,cooling_descaling_pump,170.8592,197.0538,0.8669,0.9996,397.6076,47.9569,0
2025-03-27 15:00:00,HSM.DSC.PMP01,cooling_descaling_pump,209.4428,200.7967,1.1406,1.1005,398.6441,57.7463,0
2025-03-27 16:00:00,HSM.DSC.PMP01,cooling_descaling_pump,208.0603,198.2918,-0.1845,1.1335,399.1496,66.1102,0
2025-03-27 17:00:00,HSM.DSC.PMP01,cooling_descaling_pump,172.9002,200.8313,-0.7235,0.8882,396.8678,50.3932,0
2025-03-27 18:00:00,HSM.DSC.PMP01,cooling_descaling_pump,185.6073,199.3261,0.5602,0.9155,402.0582,52.3619,0
2025-03-27 19:00:00,HSM.DSC.PMP01,cooling_descaling_pump,166.2734,200.9768,-0.685,1.0678,398.3869,51.3118,0
2025-03-27 20:00:00,HSM.DSC.PMP01,cooling_descaling_pump,172.1575,198.2157,0.2939,0.9354,398.6683,48.2145,0
2025-03-27 21:00:00,HSM.DSC.PMP01,cooling_descaling_pump,211.8404,195.1556,-0.4938,0.9256,400.5127,43.2223,0
2025-03-27 22:00:00,HSM.DSC.PMP01,cooling_descaling_pump,176.7629,201.6022,0.9374,1.0171,406.705,59.0327,0
2025-03-27 23:00:00,HSM.DSC.PMP01,cooling_descaling_pump,199.3404,206.8027,-0.6671,1.1461,401.131,57.9892,0
2025-03-28 00:00:00,HSM.DSC.PMP01,cooling_descaling_pump,163.954,199.3344,-0.7685,0.9156,405.4939,55.2134,0
2025-03-28 01:00:00,HSM.DSC.PMP01,cooling_descaling_pump,175.2156,196.85,0.3122,0.993,405.6873,47.994,0
2025-03-28 02:00:00,HSM.DSC.PMP01,cooling_descaling_pump,214.5711,204.8595,-0.1701,0.6502,396.8751,51.3451,0
2025-03-28 03:00:00,HSM.DSC.PMP01,cooling_descaling_pump,193.5592,203.6146,-0.3556,0.7937,397.5717,54.7119,0
2025-03-28 04:00:00,HSM.DSC.PMP01,cooling_descaling_pump,212.4165,205.7101,-0.5864,0.844,402.7094,59.505,0
2025-03-28 05:00:00,HSM.DSC.PMP01,cooling_descaling_pump,167.2178,199.0637,-0.448,0.9183,396.6893,51.1666,0
2025-03-28 06:00:00,HSM.DSC.PMP01,cooling_descaling_pump,191.7033,190.8555,-0.1151,1.1172,400.6887,64.7131,0
2025-03-28 07:00:00,HSM.DSC.PMP01,cooling_descaling_pump,217.1323,203.3343,0.1183,0.7521,397.1857,51.9232,0
2025-03-28 08:00:00,HSM.DSC.PMP01,cooling_descaling_pump,205.2557,201.9027,0.0677,1.0143,394.2855,57.81,0
2025-03-28 09:00:00,HSM.DSC.PMP01,cooling_descaling_pump,197.0169,202.1151,0.0297,0.9925,393.7667,55.4476,0
2025-03-28 10:00:00,HSM.DSC.PMP01,cooling_descaling_pump,192.6832,198.226,0.0021,0.9638,395.9679,53.3163,0
2025-03-28 11:00:00,HSM.DSC.PMP01,cooling_descaling_pump,176.4227,196.4123,-0.6105,1.1484,400.9952,57.0342,0
2025-03-28 12:00:00,HSM.DSC.PMP01,cooling_descaling_pump,167.3844,203.4953,0.4786,0.9388,397.4297,53.6084,0
2025-03-28 13:00:00,HSM.DSC.PMP01,cooling_descaling_pump,187.882,203.4945,0.2228,1.2306,404.4799,61.9448,0
2025-03-28 14:00:00,HSM.DSC.PMP01,cooling_descaling_pump,193.4755,198.0527,-0.4841,1.0607,401.7898,55.7595,0
2025-03-28 15:00:00,HSM.DSC.PMP01,cooling_descaling_pump,161.6363,198.0866,-0.1928,0.9187,402.9426,48.1475,0
2025-03-28 16:00:00,HSM.DSC.PMP01,cooling_descaling_pump,183.208,199.0911,-0.6785,1.1153,395.9711,53.5077,0
2025-03-28 17:00:00,HSM.DSC.PMP01,cooling_descaling_pump,185.2992,200.7986,-0.7436,1.1377,402.8185,48.8257,0
2025-03-28 18:00:00,HSM.DSC.PMP01,cooling_descaling_pump,195.5242,201.184,0.2168,1.0615,401.9847,53.7965,0
2025-03-28 19:00:00,HSM.DSC.PMP01,cooling_descaling_pump,153.3077,199.9104,-0.4463,1.22,398.0828,58.1366,0
2025-03-28 20:00:00,HSM.DSC.PMP01,cooling_descaling_pump,200.6702,200.165,-0.6452,1.1656,399.1554,58.1996,0
2025-03-28 21:00:00,HSM.DSC.PMP01,cooling_descaling_pump,187.9087,202.2826,0.5627,0.9569,398.3888,50.9072,0
2025-03-28 22:00:00,HSM.DSC.PMP01,cooling_descaling_pump,197.0646,195.229,-0.5578,1.3848,399.9014,57.5738,0
2025-03-28 23:00:00,HSM.DSC.PMP01,cooling_descaling_pump,207.5318,199.3552,-0.3032,0.6429,404.0858,48.5738,0
2025-03-29 00:00:00,HSM.DSC.PMP01,cooling_descaling_pump,194.043,196.0532,-0.5088,0.9551,400.4931,55.1509,0
2025-03-29 01:00:00,HSM.DSC.PMP01,cooling_descaling_pump,176.8769,201.3072,0.2984,1.046,400.3913,59.9635,0
2025-03-29 02:00:00,HSM.DSC.PMP01,cooling_descaling_pump,205.8454,196.7303,-0.6885,0.9093,402.7743,56.776,0
2025-03-29 03:00:00,HSM.DSC.PMP01,cooling_descaling_pump,205.9696,203.9264,0.1311,1.2999,396.8296,59.4807,0
2025-03-29 04:00:00,HSM.DSC.PMP01,cooling_descaling_pump,200.1632,200.469,0.4189,1.075,395.8609,53.6034,0
2025-03-29 05:00:00,HSM.DSC.PMP01,cooling_descaling_pump,205.0824,199.639,0.4598,1.2151,396.4065,56.7309,0
2025-03-29 06:00:00,HSM.DSC.PMP01,cooling_descaling_pump,205.5239,195.6098,-1.0045,0.8957,395.8825,53.3833,0
2025-03-29 07:00:00,HSM.DSC.PMP01,cooling_descaling_pump,161.1327,197.6331,0.3471,1.0373,402.2571,64.3546,0
2025-03-29 08:00:00,HSM.DSC.PMP01,cooling_descaling_pump,211.2625,195.7232,-1.207,1.0252,401.7302,55.2062,0
2025-03-29 09:00:00,HSM.DSC.PMP01,cooling_descaling_pump,204.3763,197.9456,0.6309,0.9407,399.5389,55.3014,0
2025-03-29 10:00:00,HSM.DSC.PMP01,cooling_descaling_pump,178.6303,206.1932,0.2241,1.0877,400.69,56.05,0
2025-03-29 11:00:00,HSM.DSC.PMP01,cooling_descaling_pump,187.4591,197.3133,-1.1834,1.2742,404.7159,66.9958,0
2025-03-29 12:00:00,HSM.DSC.PMP01,cooling_descaling_pump,211.6507,200.4824,0.2772,1.2222,398.0256,55.7179,0
2025-03-29 13:00:00,HSM.DSC.PMP01,cooling_descaling_pump,174.928,204.0413,-1.8544,0.968,403.2605,54.1148,0
2025-03-29 14:00:00,HSM.DSC.PMP01,cooling_descaling_pump,190.4041,198.2831,1.2523,0.9958,402.6692,58.3366,0
2025-03-29 15:00:00,HSM.DSC.PMP01,cooling_descaling_pump,172.2158,199.0721,0.6667,1.0834,403.9323,54.7266,0
2025-03-29 16:00:00,HSM.DSC.PMP01,cooling_descaling_pump,169.7236,199.5543,0.7431,1.1523,400.7466,45.8727,0
2025-03-29 17:00:00,HSM.DSC.PMP01,cooling_descaling_pump,194.1737,205.4636,-0.9631,0.9136,400.7694,51.4229,0
2025-03-29 18:00:00,HSM.DSC.PMP01,cooling_descaling_pump,157.8283,204.2248,-1.1848,0.9823,402.3663,44.0658,0
2025-03-29 19:00:00,HSM.DSC.PMP01,cooling_descaling_pump,200.8984,202.1518,0.9771,0.7355,400.6163,49.0866,0
2025-03-29 20:00:00,HSM.DSC.PMP01,cooling_descaling_pump,188.1459,190.3278,0.7121,1.1162,404.9934,56.507,0
2025-03-29 21:00:00,HSM.DSC.PMP01,cooling_descaling_pump,173.0949,195.3767,-0.1877,1.2194,406.7575,53.4255,0
2025-03-29 22:00:00,HSM.DSC.PMP01,cooling_descaling_pump,189.3817,202.1067,-0.377,0.9042,407.996,54.4751,0
2025-03-29 23:00:00,HSM.DSC.PMP01,cooling_descaling_pump,233.1553,194.9167,0.2511,0.9405,400.7607,55.0943,0
2025-03-30 00:00:00,HSM.DSC.PMP01,cooling_descaling_pump,199.7089,202.7449,-0.4568,0.9842,392.9682,48.6638,0
2025-03-30 01:00:00,HSM.DSC.PMP01,cooling_descaling_pump,195.5081,201.1299,0.8668,1.099,396.8644,58.7089,0
2025-03-30 02:00:00,HSM.DSC.PMP01,cooling_descaling_pump,206.3861,200.4926,1.152,0.6218,405.4779,51.0095,0
2025-03-30 03:00:00,HSM.DSC.PMP01,cooling_descaling_pump,160.7789,200.5875,-0.0581,1.1724,397.0509,50.2667,0
2025-03-30 04:00:00,HSM.DSC.PMP01,cooling_descaling_pump,217.1399,198.3977,-0.6919,0.6411,399.4089,48.1994,0
2025-03-30 05:00:00,HSM.DSC.PMP01,cooling_descaling_pump,146.1005,200.4838,0.3195,0.6992,395.3304,41.1459,0
2025-03-30 06:00:00,HSM.DSC.PMP01,cooling_descaling_pump,161.8766,202.9732,-1.9197,0.9006,401.7029,59.8132,0
2025-03-30 07:00:00,HSM.DSC.PMP01,cooling_descaling_pump,163.1926,200.8983,1.6843,1.0743,395.8034,62.4275,0
2025-03-30 08:00:00,HSM.DSC.PMP01,cooling_descaling_pump,173.7721,201.0374,0.1729,1.3258,393.6494,63.1892,0
2025-03-30 09:00:00,HSM.DSC.PMP01,cooling_descaling_pump,208.0816,195.6352,-0.2416,0.9235,404.0842,54.5759,0
2025-03-30 10:00:00,HSM.DSC.PMP01,cooling_descaling_pump,153.8432,200.1277,0.1643,1.1398,393.1735,57.5707,0
2025-03-30 11:00:00,HSM.DSC.PMP01,cooling_descaling_pump,190.3165,197.4455,-0.028,1.3041,401.1612,60.5501,0
2025-03-30 12:00:00,HSM.DSC.PMP01,cooling_descaling_pump,194.1863,202.728,0.0556,0.813,405.9835,56.1361,0
2025-03-30 13:00:00,HSM.DSC.PMP01,cooling_descaling_pump,159.716,204.1131,-0.2245,1.2183,396.6579,51.266,0
2025-03-30 14:00:00,HSM.DSC.PMP01,cooling_descaling_pump,174.7509,201.5122,-1.0913,1.2108,395.9211,56.9557,0
2025-03-30 15:00:00,HSM.DSC.PMP01,cooling_descaling_pump,169.5478,199.3049,-0.2991,1.0852,397.4846,49.7742,0
2025-03-30 16:00:00,HSM.DSC.PMP01,cooling_descaling_pump,164.1436,201.1419,-0.1735,1.0239,402.5588,57.617,0
2025-03-30 17:00:00,HSM.DSC.PMP01,cooling_descaling_pump,185.5225,199.5437,1.2882,1.1926,394.0051,51.8485,0
2025-03-30 18:00:00,HSM.DSC.PMP01,cooling_descaling_pump,176.5248,202.9379,1.0749,1.0042,402.9884,55.2259,0
2025-03-30 19:00:00,HSM.DSC.PMP01,cooling_descaling_pump,187.1059,191.781,0.4578,1.058,400.555,56.6609,0
2025-03-30 20:00:00,HSM.DSC.PMP01,cooling_descaling_pump,195.4517,196.7827,0.4111,1.076,396.1094,46.4168,0
2025-03-30 21:00:00,HSM.DSC.PMP01,cooling_descaling_pump,145.4428,200.5622,-0.2345,0.9494,399.4801,47.1092,0
2025-03-30 22:00:00,HSM.DSC.PMP01,cooling_descaling_pump,222.9906,198.5923,1.7639,0.9888,395.5116,55.2244,0
2025-03-30 23:00:00,HSM.DSC.PMP01,cooling_descaling_pump,181.1143,205.0235,-0.3628,0.9228,401.2012,58.4353,0
2025-03-31 00:00:00,HSM.DSC.PMP01,cooling_descaling_pump,221.1139,197.7847,-0.3215,0.7985,401.9841,54.9383,0
2025-03-31 01:00:00,HSM.DSC.PMP01,cooling_descaling_pump,178.3103,199.6326,0.0325,1.1309,402.6409,56.3215,0
2025-03-31 02:00:00,HSM.DSC.PMP01,cooling_descaling_pump,203.7534,197.0428,-0.1523,0.9991,401.2786,52.0333,0
2025-03-31 03:00:00,HSM.DSC.PMP01,cooling_descaling_pump,189.2215,205.4181,-0.0223,1.056,405.5717,57.7782,0
2025-03-31 04:00:00,HSM.DSC.PMP01,cooling_descaling_pump,210.3345,196.3119,-0.0973,0.6374,393.2031,45.3884,0
2025-03-31 05:00:00,HSM.DSC.PMP01,cooling_descaling_pump,154.2109,205.3193,0.8708,0.9623,401.3013,52.3668,0
2025-03-31 06:00:00,HSM.DSC.PMP01,cooling_descaling_pump,196.145,203.5721,0.6984,1.0424,404.4941,61.2478,0
2025-03-31 07:00:00,HSM.DSC.PMP01,cooling_descaling_pump,206.6538,195.053,1.2895,1.2983,398.6993,63.6448,0
2025-03-31 08:00:00,HSM.DSC.PMP01,cooling_descaling_pump,188.6662,205.2747,-0.4682,0.7181,394.9098,51.9866,0
2025-03-31 09:00:00,HSM.DSC.PMP01,cooling_descaling_pump,167.1123,202.8215,0.0544,1.1275,398.0002,60.6185,0
2025-03-31 10:00:00,HSM.DSC.PMP01,cooling_descaling_pump,183.0361,204.1509,-0.3324,1.0869,390.5453,64.1051,0
2025-03-31 11:00:00,HSM.DSC.PMP01,cooling_descaling_pump,165.1272,201.2002,-0.182,0.9448,400.341,54.6384,0
2025-03-31 12:00:00,HSM.DSC.PMP01,cooling_descaling_pump,205.9843,203.4452,-0.0242,1.1611,399.7196,66.0151,0
2025-03-31 13:00:00,HSM.DSC.PMP01,cooling_descaling_pump,147.8145,196.6011,1.2204,0.8855,402.1105,50.0534,0
2025-03-31 14:00:00,HSM.DSC.PMP01,cooling_descaling_pump,196.1189,201.0269,0.8711,0.9539,397.6725,51.4747,0
2025-03-31 15:00:00,HSM.DSC.PMP01,cooling_descaling_pump,185.8239,199.7698,-0.656,1.2297,404.9252,55.5756,0
2025-03-31 16:00:00,HSM.DSC.PMP01,cooling_descaling_pump,173.3502,203.2978,-0.294,1.0673,395.4737,54.3057,0
2025-03-31 17:00:00,HSM.DSC.PMP01,cooling_descaling_pump,191.722,197.3193,0.7348,0.9886,404.4759,53.3412,0
2025-03-31 18:00:00,HSM.DSC.PMP01,cooling_descaling_pump,182.9146,200.144,-0.1574,1.0967,406.1853,58.2779,0
2025-03-31 19:00:00,HSM.DSC.PMP01,cooling_descaling_pump,199.2524,200.0272,0.8497,0.8627,399.4224,47.6559,0
2025-03-31 20:00:00,HSM.DSC.PMP01,cooling_descaling_pump,180.0119,200.5367,1.0745,1.1928,403.2752,57.0692,0
2025-03-31 21:00:00,HSM.DSC.PMP01,cooling_descaling_pump,169.3156,200.8221,-0.0397,0.9438,399.4682,50.5914,0
2025-03-31 22:00:00,HSM.DSC.PMP01,cooling_descaling_pump,253.8853,199.2194,0.091,1.0337,400.3145,59.3924,0
2025-03-31 23:00:00,HSM.DSC.PMP01,cooling_descaling_pump,158.7234,198.9455,0.3395,1.1104,401.986,59.6127,0
2025-04-01 00:00:00,HSM.DSC.PMP01,cooling_descaling_pump,148.8201,200.7811,0.3821,1.035,402.8358,57.6809,0
2025-04-01 01:00:00,HSM.DSC.PMP01,cooling_descaling_pump,145.1342,198.1857,-1.2705,1.0364,406.5552,60.6324,0
2025-04-01 02:00:00,HSM.DSC.PMP01,cooling_descaling_pump,186.0665,198.7874,-0.0679,0.9055,404.2062,52.8379,0
2025-04-01 03:00:00,HSM.DSC.PMP01,cooling_descaling_pump,174.7703,194.1487,0.331,1.1144,409.3112,57.8894,0
2025-04-01 04:00:00,HSM.DSC.PMP01,cooling_descaling_pump,210.8077,199.3434,-1.018,1.1236,397.9176,59.3429,0
2025-04-01 05:00:00,HSM.DSC.PMP01,cooling_descaling_pump,162.8266,201.3733,0.4123,1.1894,401.0286,62.1121,0
2025-04-01 06:00:00,HSM.DSC.PMP01,cooling_descaling_pump,187.5359,199.994,1.515,1.1273,397.61,57.443,0
2025-04-01 07:00:00,HSM.DSC.PMP01,cooling_descaling_pump,187.1067,198.1718,-0.3092,1.1847,400.9408,58.8811,0
2025-04-01 08:00:00,HSM.DSC.PMP01,cooling_descaling_pump,190.3327,198.8283,0.6614,1.0742,399.4396,59.7097,0
2025-04-01 09:00:00,HSM.DSC.PMP01,cooling_descaling_pump,189.8357,194.7517,0.1371,1.0432,395.2959,63.5391,0
2025-04-01 10:00:00,HSM.DSC.PMP01,cooling_descaling_pump,182.5925,198.0935,-0.2582,0.9751,401.4439,49.3444,0
2025-04-01 11:00:00,HSM.DSC.PMP01,cooling_descaling_pump,144.7046,198.9121,-0.2329,1.0999,397.6005,55.3967,0
2025-04-01 12:00:00,HSM.DSC.PMP01,cooling_descaling_pump,185.9778,201.1914,-0.2779,1.0332,397.2692,51.1397,0
2025-04-01 13:00:00,HSM.DSC.PMP01,cooling_descaling_pump,184.9587,200.4618,0.3869,1.0044,404.8089,51.2657,0
2025-04-01 14:00:00,HSM.DSC.PMP01,cooling_descaling_pump,207.891,201.0361,-0.0981,0.9808,394.1615,57.3167,0
2025-04-01 15:00:00,HSM.DSC.PMP01,cooling_descaling_pump,197.2882,200.3433,0.546,0.9327,400.0872,49.1948,0
2025-04-01 16:00:00,HSM.DSC.PMP01,cooling_descaling_pump,164.6925,194.6074,0.2988,1.2081,397.4522,48.1257,0
2025-04-01 17:00:00,HSM.DSC.PMP01,cooling_descaling_pump,209.7437,204.1293,-0.869,1.0007,395.0101,49.3117,0
2025-04-01 18:00:00,HSM.DSC.PMP01,cooling_descaling_pump,171.5976,203.4067,-0.0063,1.0615,401.5918,60.8159,0
2025-04-01 19:00:00,HSM.DSC.PMP01,cooling_descaling_pump,162.4752,205.3761,0.4806,1.1215,394.9728,51.9865,0
2025-04-01 20:00:00,HSM.DSC.PMP01,cooling_descaling_pump,223.3209,200.3,1.3994,1.2141,397.7358,55.7786,0
2025-04-01 21:00:00,HSM.DSC.PMP01,cooling_descaling_pump,186.2688,197.378,0.3684,1.0052,400.1851,57.8524,0
2025-04-01 22:00:00,HSM.DSC.PMP01,cooling_descaling_pump,182.149,199.3978,-0.8596,0.9385,397.6669,56.7679,0
2025-04-01 23:00:00,HSM.DSC.PMP01,cooling_descaling_pump,200.8124,193.1201,0.0963,0.8514,404.4198,51.7899,0
2025-04-02 00:00:00,HSM.DSC.PMP01,cooling_descaling_pump,154.281,195.5911,1.1445,1.1081,397.7063,56.9374,0
2025-04-02 01:00:00,HSM.DSC.PMP01,cooling_descaling_pump,205.027,201.0165,0.3954,0.8015,403.7322,55.4777,0
2025-04-02 02:00:00,HSM.DSC.PMP01,cooling_descaling_pump,199.53,198.7812,-0.6632,1.0295,397.833,56.8028,0
2025-04-02 03:00:00,HSM.DSC.PMP01,cooling_descaling_pump,205.7629,205.1568,-0.0308,1.0546,397.6442,58.9119,0
2025-04-02 04:00:00,HSM.DSC.PMP01,cooling_descaling_pump,154.0189,203.8751,-0.4199,0.7846,401.9652,57.6958,0
2025-04-02 05:00:00,HSM.DSC.PMP01,cooling_descaling_pump,192.3048,194.3735,0.1964,1.1885,393.2894,67.3922,0
2025-04-02 06:00:00,HSM.DSC.PMP01,cooling_descaling_pump,208.6716,197.7035,0.4377,0.8676,400.4665,48.013,0
2025-04-02 07:00:00,HSM.DSC.PMP01,cooling_descaling_pump,198.6243,196.7507,-0.5435,1.1595,396.5944,62.2692,0
2025-04-02 08:00:00,HSM.DSC.PMP01,cooling_descaling_pump,174.2911,204.4934,0.4636,0.9796,400.397,66.349,0
2025-04-02 09:00:00,HSM.DSC.PMP01,cooling_descaling_pump,214.8142,196.3266,-0.1523,0.8313,400.3051,55.9124,0
2025-04-02 10:00:00,HSM.DSC.PMP01,cooling_descaling_pump,166.0427,204.3239,-0.283,0.8996,402.6815,56.5511,0
2025-04-02 11:00:00,HSM.DSC.PMP01,cooling_descaling_pump,176.6409,199.5181,-0.2711,0.9535,398.6612,49.7167,0
2025-04-02 12:00:00,HSM.DSC.PMP01,cooling_descaling_pump,154.5541,201.3921,-1.0947,1.1754,396.7969,49.628,0
2025-04-02 13:00:00,HSM.DSC.PMP01,cooling_descaling_pump,172.0452,200.1912,-1.075,0.8539,401.8959,53.5501,0
2025-04-02 14:00:00,HSM.DSC.PMP01,cooling_descaling_pump,186.5912,205.3651,0.429,1.0904,396.5186,53.8571,0
2025-04-02 15:00:00,HSM.DSC.PMP01,cooling_descaling_pump,217.9187,198.3301,0.5211,0.9023,403.2718,51.8466,0
2025-04-02 16:00:00,HSM.DSC.PMP01,cooling_descaling_pump,180.7735,200.9121,-0.2795,0.9031,403.4349,49.8905,0
2025-04-02 17:00:00,HSM.DSC.PMP01,cooling_descaling_pump,154.3483,203.9282,-0.3781,0.9549,405.4193,54.1453,0
2025-04-02 18:00:00,HSM.DSC.PMP01,cooling_descaling_pump,142.3026,203.5765,-0.2368,0.8745,395.917,45.3924,0
2025-04-02 19:00:00,HSM.DSC.PMP01,cooling_descaling_pump,188.1252,202.0507,-0.4032,1.1328,399.4891,55.308,0
2025-04-02 20:00:00,HSM.DSC.PMP01,cooling_descaling_pump,175.2028,198.0176,0.0775,1.0558,404.1298,57.6703,0
2025-04-02 21:00:00,HSM.DSC.PMP01,cooling_descaling_pump,168.479,199.0946,-0.1885,0.7988,402.556,53.9103,0
2025-04-02 22:00:00,HSM.DSC.PMP01,cooling_descaling_pump,169.7292,193.7873,-1.3697,1.2441,399.6739,58.6593,0
2025-04-02 23:00:00,HSM.DSC.PMP01,cooling_descaling_pump,215.135,200.7653,0.1417,1.1472,397.4121,59.6739,0
2025-04-03 00:00:00,HSM.DSC.PMP01,cooling_descaling_pump,183.7713,196.5484,0.9862,1.0893,395.519,64.0831,0
2025-04-03 01:00:00,HSM.DSC.PMP01,cooling_descaling_pump,195.0101,199.5309,0.5721,1.1842,399.8552,59.1143,0
2025-04-03 02:00:00,HSM.DSC.PMP01,cooling_descaling_pump,225.2626,194.5545,0.1329,1.0485,398.3125,55.9875,0
2025-04-03 03:00:00,HSM.DSC.PMP01,cooling_descaling_pump,124.3388,197.3967,-0.454,1.1041,406.5948,60.699,0
2025-04-03 04:00:00,HSM.DSC.PMP01,cooling_descaling_pump,192.8388,199.4617,0.3678,0.9861,403.0613,57.2431,0
2025-04-03 05:00:00,HSM.DSC.PMP01,cooling_descaling_pump,237.4464,200.898,-0.4917,1.0206,400.8211,62.0855,0
2025-04-03 06:00:00,HSM.DSC.PMP01,cooling_descaling_pump,205.5354,194.2794,0.3548,1.0566,402.5301,55.4965,0
2025-04-03 07:00:00,HSM.DSC.PMP01,cooling_descaling_pump,171.5219,202.2974,0.1695,1.3099,393.0532,60.5496,0
2025-04-03 08:00:00,HSM.DSC.PMP01,cooling_descaling_pump,195.1878,200.5352,0.0553,1.01,402.9272,57.6858,0
2025-04-03 09:00:00,HSM.DSC.PMP01,cooling_descaling_pump,195.0739,202.2116,1.5318,1.1396,399.5542,47.6357,0
2025-04-03 10:00:00,HSM.DSC.PMP01,cooling_descaling_pump,187.691,197.9951,0.7097,0.8676,403.4249,48.3457,0
2025-04-03 11:00:00,HSM.DSC.PMP01,cooling_descaling_pump,225.9094,194.4519,1.2716,1.0497,398.8262,61.2508,0
2025-04-03 12:00:00,HSM.DSC.PMP01,cooling_descaling_pump,205.5169,203.4233,-0.259,0.8286,405.3491,52.2733,0
2025-04-03 13:00:00,HSM.DSC.PMP01,cooling_descaling_pump,181.8066,199.5099,-0.7488,1.0385,401.5576,51.0394,0
2025-04-03 14:00:00,HSM.DSC.PMP01,cooling_descaling_pump,222.2514,204.6032,-1.6336,1.0268,400.4189,48.2609,0
2025-04-03 15:00:00,HSM.DSC.PMP01,cooling_descaling_pump,182.0965,203.5346,-0.5465,1.1136,397.9882,49.1032,0
2025-04-03 16:00:00,HSM.DSC.PMP01,cooling_descaling_pump,185.8128,200.598,0.8373,1.4499,395.0023,58.9832,0
2025-04-03 17:00:00,HSM.DSC.PMP01,cooling_descaling_pump,201.8,202.3904,0.1568,1.0514,402.0793,57.9382,0
2025-04-03 18:00:00,HSM.DSC.PMP01,cooling_descaling_pump,188.765,198.5069,-1.5339,1.0507,399.8683,55.2077,0
2025-04-03 19:00:00,HSM.DSC.PMP01,cooling_descaling_pump,191.3028,202.1372,-0.0665,1.1595,398.1529,58.3017,0
2025-04-03 20:00:00,HSM.DSC.PMP01,cooling_descaling_pump,176.315,199.6227,0.4966,1.0447,395.5372,55.3531,0
2025-04-03 21:00:00,HSM.DSC.PMP01,cooling_descaling_pump,193.2019,203.4731,-0.5503,0.9479,403.0649,57.8574,0
2025-04-03 22:00:00,HSM.DSC.PMP01,cooling_descaling_pump,221.1985,204.7588,-0.1683,0.6938,405.3162,53.3864,0
2025-04-03 23:00:00,HSM.DSC.PMP01,cooling_descaling_pump,174.7909,200.1647,0.6132,1.0016,402.3938,58.4544,0
2025-04-04 00:00:00,HSM.DSC.PMP01,cooling_descaling_pump,178.2096,204.2979,-0.3252,0.9497,399.0599,58.0009,0
2025-04-04 01:00:00,HSM.DSC.PMP01,cooling_descaling_pump,175.7456,203.2005,-0.2329,1.1194,399.4057,61.6896,0
2025-04-04 02:00:00,HSM.DSC.PMP01,cooling_descaling_pump,186.5136,193.4995,-0.0799,0.952,397.0092,55.2312,0
2025-04-04 03:00:00,HSM.DSC.PMP01,cooling_descaling_pump,208.0764,201.955,-1.0541,1.1307,398.2427,67.3169,0
2025-04-04 04:00:00,HSM.DSC.PMP01,cooling_descaling_pump,219.5747,198.2306,-0.41,1.0465,401.0386,58.9462,0
2025-04-04 05:00:00,HSM.DSC.PMP01,cooling_descaling_pump,147.0161,197.8603,-0.1463,1.2846,393.2313,57.1153,0
2025-04-04 06:00:00,HSM.DSC.PMP01,cooling_descaling_pump,214.5008,200.0224,0.4454,0.7747,402.7813,49.6489,0
2025-04-04 07:00:00,HSM.DSC.PMP01,cooling_descaling_pump,188.5857,204.3617,-0.524,0.9638,402.0584,56.6545,0
2025-04-04 08:00:00,HSM.DSC.PMP01,cooling_descaling_pump,189.5281,203.2067,-0.0086,1.0959,393.3419,55.6513,0
2025-04-04 09:00:00,HSM.DSC.PMP01,cooling_descaling_pump,147.0807,205.2315,-0.006,1.1073,402.1566,50.7387,0
2025-04-04 10:00:00,HSM.DSC.PMP01,cooling_descaling_pump,139.053,203.9764,-0.3012,1.3643,393.3439,59.9426,0
2025-04-04 11:00:00,HSM.DSC.PMP01,cooling_descaling_pump,168.1027,202.6463,0.7491,1.0445,395.7305,55.9715,0
2025-04-04 12:00:00,HSM.DSC.PMP01,cooling_descaling_pump,211.9845,197.9405,-0.0986,1.0149,401.4019,57.8459,0
2025-04-04 13:00:00,HSM.DSC.PMP01,cooling_descaling_pump,163.6753,198.4219,0.0641,0.9266,399.0635,56.8254,0
2025-04-04 14:00:00,HSM.DSC.PMP01,cooling_descaling_pump,206.256,202.9895,-0.5421,0.9557,399.6279,52.1222,0
2025-04-04 15:00:00,HSM.DSC.PMP01,cooling_descaling_pump,203.5106,200.2334,-0.6646,1.1587,391.6765,55.0827,0
2025-04-04 16:00:00,HSM.DSC.PMP01,cooling_descaling_pump,220.9353,193.4612,-0.4805,1.2017,403.0146,59.7263,0
2025-04-04 17:00:00,HSM.DSC.PMP01,cooling_descaling_pump,200.0226,199.0492,-0.1415,0.8265,403.3246,54.0934,0
2025-04-04 18:00:00,HSM.DSC.PMP01,cooling_descaling_pump,186.459,200.5904,0.1176,1.2556,394.578,54.3185,0
2025-04-04 19:00:00,HSM.DSC.PMP01,cooling_descaling_pump,172.6237,199.0136,0.4544,0.8353,403.8233,50.9033,0
2025-04-04 20:00:00,HSM.DSC.PMP01,cooling_descaling_pump,178.2584,197.7345,0.0954,0.9063,402.0377,47.7326,0
2025-04-04 21:00:00,HSM.DSC.PMP01,cooling_descaling_pump,200.2732,203.3887,0.9095,0.8496,405.851,54.4547,0
2025-04-04 22:00:00,HSM.DSC.PMP01,cooling_descaling_pump,155.3078,197.3132,0.7625,1.3508,399.2515,64.2703,0
2025-04-04 23:00:00,HSM.DSC.PMP01,cooling_descaling_pump,211.5754,201.1477,0.3583,0.9939,402.361,54.0763,0
2025-04-05 00:00:00,HSM.DSC.PMP01,cooling_descaling_pump,197.8086,203.1966,0.5836,0.776,406.314,54.8479,0
2025-04-05 01:00:00,HSM.DSC.PMP01,cooling_descaling_pump,153.9897,198.7204,0.6013,1.0888,396.5759,59.8983,0
2025-04-05 02:00:00,HSM.DSC.PMP01,cooling_descaling_pump,201.5015,200.577,1.4387,0.7006,404.4031,57.3317,0
2025-04-05 03:00:00,HSM.DSC.PMP01,cooling_descaling_pump,188.1424,197.1372,-1.0056,1.1479,400.8683,62.2721,0
2025-04-05 04:00:00,HSM.DSC.PMP01,cooling_descaling_pump,179.415,196.7519,-0.0077,0.7415,408.3385,52.636,0
2025-04-05 05:00:00,HSM.DSC.PMP01,cooling_descaling_pump,204.2621,197.0646,-0.249,1.2841,399.083,67.9848,0
2025-04-05 06:00:00,HSM.DSC.PMP01,cooling_descaling_pump,142.5694,193.1577,-0.3095,1.0555,394.7771,58.6477,0
2025-04-05 07:00:00,HSM.DSC.PMP01,cooling_descaling_pump,162.568,196.5257,-1.0002,1.0692,393.1174,49.0007,0
2025-04-05 08:00:00,HSM.DSC.PMP01,cooling_descaling_pump,152.3953,197.0356,-1.6344,1.0869,399.5994,57.8402,0
2025-04-05 09:00:00,HSM.DSC.PMP01,cooling_descaling_pump,182.5243,197.3276,-0.5288,1.1678,394.9102,63.1159,0
2025-04-05 10:00:00,HSM.DSC.PMP01,cooling_descaling_pump,208.5292,199.6658,-0.9132,1.1442,404.3716,60.3525,0
2025-04-05 11:00:00,HSM.DSC.PMP01,cooling_descaling_pump,180.8135,198.5864,1.119,0.9728,400.1978,49.8286,0
2025-04-05 12:00:00,HSM.DSC.PMP01,cooling_descaling_pump,182.9123,208.6525,-1.4526,1.0096,395.8274,61.2681,0
2025-04-05 13:00:00,HSM.DSC.PMP01,cooling_descaling_pump,178.873,201.5585,0.1738,0.7803,404.6631,53.3724,0
2025-04-05 14:00:00,HSM.DSC.PMP01,cooling_descaling_pump,165.3091,200.2474,-1.0173,1.226,402.6255,59.0659,0
2025-04-05 15:00:00,HSM.DSC.PMP01,cooling_descaling_pump,180.5956,195.7872,0.4747,1.003,400.6357,52.7366,0
2025-04-05 16:00:00,HSM.DSC.PMP01,cooling_descaling_pump,122.5084,198.1953,-0.0972,1.0103,407.8025,47.6607,0
2025-04-05 17:00:00,HSM.DSC.PMP01,cooling_descaling_pump,228.1259,203.6949,-1.1414,0.9083,397.2492,57.2809,0
2025-04-05 18:00:00,HSM.DSC.PMP01,cooling_descaling_pump,240.5847,193.7807,0.1898,1.0259,399.8112,55.6992,0
2025-04-05 19:00:00,HSM.DSC.PMP01,cooling_descaling_pump,184.8058,201.0195,-0.3103,0.7705,400.3036,49.8784,0
2025-04-05 20:00:00,HSM.DSC.PMP01,cooling_descaling_pump,173.4715,200.7255,0.4044,1.092,391.8784,54.9499,0
2025-04-05 21:00:00,HSM.DSC.PMP01,cooling_descaling_pump,208.4637,194.5395,0.4196,0.9099,396.7163,55.7116,0
2025-04-05 22:00:00,HSM.DSC.PMP01,cooling_descaling_pump,149.9095,202.913,0.8579,1.1238,396.6599,55.922,0
2025-04-05 23:00:00,HSM.DSC.PMP01,cooling_descaling_pump,184.5344,198.2699,0.688,0.7985,398.4605,47.6497,0
2025-04-06 00:00:00,HSM.DSC.PMP01,cooling_descaling_pump,194.8031,202.3642,-0.725,0.9142,396.6528,51.4818,0
2025-04-06 01:00:00,HSM.DSC.PMP01,cooling_descaling_pump,192.0753,200.9292,-0.7605,0.6854,399.3101,49.8312,0
2025-04-06 02:00:00,HSM.DSC.PMP01,cooling_descaling_pump,231.422,209.0712,0.2875,0.8301,398.0221,59.8546,0
2025-04-06 03:00:00,HSM.DSC.PMP01,cooling_descaling_pump,183.3183,202.6573,-0.6727,0.8847,399.7291,47.9088,0
2025-04-06 04:00:00,HSM.DSC.PMP01,cooling_descaling_pump,140.4393,196.0725,0.0505,1.2456,398.5096,58.0404,0
2025-04-06 05:00:00,HSM.DSC.PMP01,cooling_descaling_pump,191.7453,199.2273,-2.0,1.0071,406.4105,60.109,0
2025-04-06 06:00:00,HSM.DSC.PMP01,cooling_descaling_pump,159.7497,200.2058,-0.1276,0.8343,400.4727,55.3056,0
2025-04-06 07:00:00,HSM.DSC.PMP01,cooling_descaling_pump,165.2423,202.2559,0.1324,0.8535,401.4101,54.3089,0
2025-04-06 08:00:00,HSM.DSC.PMP01,cooling_descaling_pump,197.2254,198.3216,-0.0895,0.7745,401.6514,53.7599,0
2025-04-06 09:00:00,HSM.DSC.PMP01,cooling_descaling_pump,157.3006,201.2384,-0.3143,0.9857,402.2213,56.4987,0
2025-04-06 10:00:00,HSM.DSC.PMP01,cooling_descaling_pump,203.7741,200.4367,0.2545,0.6762,406.036,48.4819,0
2025-04-06 11:00:00,HSM.DSC.PMP01,cooling_descaling_pump,209.1531,200.8851,-0.8323,0.7271,400.3125,50.8489,0
2025-04-06 12:00:00,HSM.DSC.PMP01,cooling_descaling_pump,197.7426,203.365,0.6091,0.8812,401.5112,49.6736,0
2025-04-06 13:00:00,HSM.DSC.PMP01,cooling_descaling_pump,199.9664,204.9408,0.6062,0.8561,403.9869,56.0463,0
2025-04-06 14:00:00,HSM.DSC.PMP01,cooling_descaling_pump,148.0036,200.912,-0.1854,0.9176,401.4196,58.1796,0
2025-04-06 15:00:00,HSM.DSC.PMP01,cooling_descaling_pump,159.6721,201.7164,0.5459,1.1737,400.0871,64.0577,0
2025-04-06 16:00:00,HSM.DSC.PMP01,cooling_descaling_pump,173.8943,202.5285,-1.2508,0.9288,395.4768,54.7941,0
2025-04-06 17:00:00,HSM.DSC.PMP01,cooling_descaling_pump,155.8647,200.9396,0.595,1.0045,402.4677,51.7678,0
2025-04-06 18:00:00,HSM.DSC.PMP01,cooling_descaling_pump,197.7243,195.3135,0.4002,1.1353,392.1952,53.8454,0
2025-04-06 19:00:00,HSM.DSC.PMP01,cooling_descaling_pump,210.5569,202.867,-0.4456,0.7927,403.7632,53.4883,0
2025-04-06 20:00:00,HSM.DSC.PMP01,cooling_descaling_pump,203.7344,201.0491,0.3167,1.137,400.4699,58.2,0
2025-04-06 21:00:00,HSM.DSC.PMP01,cooling_descaling_pump,194.3054,199.5603,0.3874,0.9799,402.0805,45.4375,0
2025-04-06 22:00:00,HSM.DSC.PMP01,cooling_descaling_pump,172.6219,203.1956,-0.6517,1.0907,393.8051,50.6001,0
2025-04-06 23:00:00,HSM.DSC.PMP01,cooling_descaling_pump,161.891,201.4919,-1.4095,1.032,404.4239,56.955,0
2025-04-07 00:00:00,HSM.DSC.PMP01,cooling_descaling_pump,161.3085,197.2108,0.6422,0.8328,399.5625,51.7089,0
2025-04-07 01:00:00,HSM.DSC.PMP01,cooling_descaling_pump,156.7877,202.8862,-0.2717,1.049,397.8544,51.8934,0
2025-04-07 02:00:00,HSM.DSC.PMP01,cooling_descaling_pump,216.0507,199.7953,0.0296,0.9445,393.3009,49.2392,0
2025-04-07 03:00:00,HSM.DSC.PMP01,cooling_descaling_pump,177.7304,192.1642,-0.0428,1.1048,396.7865,60.1028,0
2025-04-07 04:00:00,HSM.DSC.PMP01,cooling_descaling_pump,171.6137,208.5515,0.248,0.7093,392.4047,46.3093,0
2025-04-07 05:00:00,HSM.DSC.PMP01,cooling_descaling_pump,168.075,198.1912,-0.5487,1.0829,397.5609,59.3423,0
2025-04-07 06:00:00,HSM.DSC.PMP01,cooling_descaling_pump,159.4834,198.0001,-0.7755,0.9645,399.2911,47.8534,0
2025-04-07 07:00:00,HSM.DSC.PMP01,cooling_descaling_pump,218.4244,206.1177,0.4844,0.9406,397.8465,68.026,0
2025-04-07 08:00:00,HSM.DSC.PMP01,cooling_descaling_pump,154.7557,201.4359,-0.4753,0.9702,393.9012,57.0363,0
2025-04-07 09:00:00,HSM.DSC.PMP01,cooling_descaling_pump,200.5109,194.9663,0.1362,0.9736,402.6487,52.8057,0
2025-04-07 10:00:00,HSM.DSC.PMP01,cooling_descaling_pump,170.2504,199.8351,0.2296,1.218,398.6433,57.6525,0
2025-04-07 11:00:00,HSM.DSC.PMP01,cooling_descaling_pump,213.2265,199.0983,1.3632,0.9928,402.7299,51.2235,0
2025-04-07 12:00:00,HSM.DSC.PMP01,cooling_descaling_pump,180.5199,200.313,-0.4843,1.3044,389.742,59.5144,0
2025-04-07 13:00:00,HSM.DSC.PMP01,cooling_descaling_pump,179.6985,202.6209,1.117,0.9604,398.6188,50.31,0
2025-04-07 14:00:00,HSM.DSC.PMP01,cooling_descaling_pump,171.3251,197.0236,0.4364,1.0636,395.4466,55.1125,0
2025-04-07 15:00:00,HSM.DSC.PMP01,cooling_descaling_pump,227.2615,195.5301,-0.7337,0.8358,395.8013,52.3047,0
2025-04-07 16:00:00,HSM.DSC.PMP01,cooling_descaling_pump,157.7097,200.9934,-0.0816,0.915,400.4288,50.8676,0
2025-04-07 17:00:00,HSM.DSC.PMP01,cooling_descaling_pump,161.2367,198.3259,1.0452,1.0506,398.107,51.5391,0
2025-04-07 18:00:00,HSM.DSC.PMP01,cooling_descaling_pump,190.6698,194.9667,-0.3444,1.111,400.5254,57.6528,0
2025-04-07 19:00:00,HSM.DSC.PMP01,cooling_descaling_pump,189.5928,203.1292,0.1899,0.7263,408.3211,48.7348,0
2025-04-07 20:00:00,HSM.DSC.PMP01,cooling_descaling_pump,177.439,199.0975,0.1979,1.2529,398.626,55.2383,0
2025-04-07 21:00:00,HSM.DSC.PMP01,cooling_descaling_pump,184.6873,197.9768,0.0635,1.1269,397.4253,58.7334,0
2025-04-07 22:00:00,HSM.DSC.PMP01,cooling_descaling_pump,168.7396,201.3612,-0.1533,0.9943,396.065,54.5617,0
2025-04-07 23:00:00,HSM.DSC.PMP01,cooling_descaling_pump,167.5068,198.5538,1.4426,0.8442,408.0042,47.7201,0
2025-04-08 00:00:00,HSM.DSC.PMP01,cooling_descaling_pump,202.4819,201.2962,0.8811,0.825,403.6979,44.9011,0
2025-04-08 01:00:00,HSM.DSC.PMP01,cooling_descaling_pump,216.2258,196.447,-1.1235,0.953,391.8976,51.4363,0
2025-04-08 02:00:00,HSM.DSC.PMP01,cooling_descaling_pump,169.4517,197.7351,-0.1483,1.1069,401.4202,56.0674,0
2025-04-08 03:00:00,HSM.DSC.PMP01,cooling_descaling_pump,185.1926,203.9859,-0.3428,1.0026,394.8956,56.3785,0
2025-04-08 04:00:00,HSM.DSC.PMP01,cooling_descaling_pump,192.5417,197.4548,0.1394,0.9742,401.6673,59.2537,0
2025-04-08 05:00:00,HSM.DSC.PMP01,cooling_descaling_pump,154.4469,201.7125,1.3058,1.2187,403.0705,66.8816,0
2025-04-08 06:00:00,HSM.DSC.PMP01,cooling_descaling_pump,175.3789,194.7956,0.0624,1.0602,402.217,58.0221,0
2025-04-08 07:00:00,HSM.DSC.PMP01,cooling_descaling_pump,163.8566,201.5665,1.4737,1.0389,402.5765,59.1852,0
2025-04-08 08:00:00,HSM.DSC.PMP01,cooling_descaling_pump,172.68,197.1604,0.3817,0.6817,401.9393,49.0133,0
2025-04-08 09:00:00,HSM.DSC.PMP01,cooling_descaling_pump,203.1951,194.7757,0.0734,0.7003,400.0998,55.3968,0
2025-04-08 10:00:00,HSM.DSC.PMP01,cooling_descaling_pump,175.4315,208.0219,0.3801,0.8961,397.6141,50.9714,0
2025-04-08 11:00:00,HSM.DSC.PMP01,cooling_descaling_pump,194.2694,203.7365,-0.2172,0.9188,399.8669,57.8371,0
2025-04-08 12:00:00,HSM.DSC.PMP01,cooling_descaling_pump,179.8107,199.5633,-0.4563,1.0855,403.1302,55.2994,0
2025-04-08 13:00:00,HSM.DSC.PMP01,cooling_descaling_pump,187.6683,202.1439,1.1828,0.7733,403.751,47.9954,0
2025-04-08 14:00:00,HSM.DSC.PMP01,cooling_descaling_pump,185.9472,197.6165,-0.4174,0.8984,405.212,46.2076,0
2025-04-08 15:00:00,HSM.DSC.PMP01,cooling_descaling_pump,172.2653,195.9345,0.5108,1.1033,397.1861,54.0204,0
2025-04-08 16:00:00,HSM.DSC.PMP01,cooling_descaling_pump,171.9654,199.163,2.5105,0.9311,405.1301,45.2,0
2025-04-08 17:00:00,HSM.DSC.PMP01,cooling_descaling_pump,172.5778,197.9029,-1.1372,0.9704,399.4182,48.0362,0
2025-04-08 18:00:00,HSM.DSC.PMP01,cooling_descaling_pump,144.9093,202.5197,0.5806,1.0596,402.6819,57.5891,0
2025-04-08 19:00:00,HSM.DSC.PMP01,cooling_descaling_pump,136.5411,202.0402,0.1704,1.1408,399.534,55.1373,0
2025-04-08 20:00:00,HSM.DSC.PMP01,cooling_descaling_pump,154.4489,201.2904,-0.1639,1.2471,396.845,60.0673,0
2025-04-08 21:00:00,HSM.DSC.PMP01,cooling_descaling_pump,190.253,198.129,0.4454,1.0103,400.3743,50.6762,0
2025-04-08 22:00:00,HSM.DSC.PMP01,cooling_descaling_pump,165.274,203.3117,-0.2038,0.9495,396.0971,57.0268,0
2025-04-08 23:00:00,HSM.DSC.PMP01,cooling_descaling_pump,216.2399,197.5915,-0.6607,0.6377,396.4594,46.4592,0
2025-04-09 00:00:00,HSM.DSC.PMP01,cooling_descaling_pump,209.5637,207.9264,-0.6741,0.6823,405.8485,56.817,0
2025-04-09 01:00:00,HSM.DSC.PMP01,cooling_descaling_pump,178.3012,198.6517,-0.4402,0.8878,399.2646,49.2599,0
2025-04-09 02:00:00,HSM.DSC.PMP01,cooling_descaling_pump,186.703,206.6832,-0.3213,0.8551,402.1475,51.0871,0
2025-04-09 03:00:00,HSM.DSC.PMP01,cooling_descaling_pump,154.468,196.365,0.4662,1.2064,396.9824,53.2956,0
2025-04-09 04:00:00,HSM.DSC.PMP01,cooling_descaling_pump,188.554,204.0196,-0.3855,1.0257,395.0045,60.1387,0
2025-04-09 05:00:00,HSM.DSC.PMP01,cooling_descaling_pump,200.4561,198.85,-0.3322,0.9398,394.9755,56.9089,0
2025-04-09 06:00:00,HSM.DSC.PMP01,cooling_descaling_pump,182.3554,199.6196,1.161,0.9137,396.537,55.568,0
2025-04-09 07:00:00,HSM.DSC.PMP01,cooling_descaling_pump,175.8103,196.9204,0.0366,1.3226,393.6933,66.5542,0
2025-04-09 08:00:00,HSM.DSC.PMP01,cooling_descaling_pump,159.8176,202.6834,-0.2264,1.0862,399.7637,56.6667,0
2025-04-09 09:00:00,HSM.DSC.PMP01,cooling_descaling_pump,175.9989,209.3413,0.0714,0.9065,398.0154,54.1204,0
2025-04-09 10:00:00,HSM.DSC.PMP01,cooling_descaling_pump,155.655,198.3275,-0.8234,1.0779,393.6507,52.3276,0
2025-04-09 11:00:00,HSM.DSC.PMP01,cooling_descaling_pump,178.2197,199.9481,-1.0033,0.8868,396.8062,55.1743,0
2025-04-09 12:00:00,HSM.DSC.PMP01,cooling_descaling_pump,218.4717,197.4081,-0.2163,1.0202,400.6225,59.4614,0
2025-04-09 13:00:00,HSM.DSC.PMP01,cooling_descaling_pump,137.7549,194.3572,-0.9522,1.0063,401.9051,54.6805,0
2025-04-09 14:00:00,HSM.DSC.PMP01,cooling_descaling_pump,210.3738,197.5536,-1.2166,1.0234,399.4529,52.2823,0
2025-04-09 15:00:00,HSM.DSC.PMP01,cooling_descaling_pump,176.8688,199.4344,0.053,0.9441,396.0357,51.8408,0
2025-04-09 16:00:00,HSM.DSC.PMP01,cooling_descaling_pump,196.8587,202.5781,0.774,0.9566,403.4088,57.6165,0
2025-04-09 17:00:00,HSM.DSC.PMP01,cooling_descaling_pump,184.5405,192.8679,1.0125,1.0345,395.4413,50.7289,0
2025-04-09 18:00:00,HSM.DSC.PMP01,cooling_descaling_pump,196.8237,196.16,-1.1818,0.9248,402.6071,46.8171,0
2025-04-09 19:00:00,HSM.DSC.PMP01,cooling_descaling_pump,147.4347,199.5117,0.79,0.9501,400.5867,47.6843,0
2025-04-09 20:00:00,HSM.DSC.PMP01,cooling_descaling_pump,189.1409,198.8489,0.4333,0.712,399.7546,47.7041,0
2025-04-09 21:00:00,HSM.DSC.PMP01,cooling_descaling_pump,191.7153,200.5617,-0.4288,1.2096,401.2358,53.924,0
2025-04-09 22:00:00,HSM.DSC.PMP01,cooling_descaling_pump,193.8624,196.6576,-0.1475,1.2821,394.8975,57.7026,0
2025-04-09 23:00:00,HSM.DSC.PMP01,cooling_descaling_pump,217.2513,197.0847,-1.0602,0.9384,402.4751,53.4372,0
2025-04-10 00:00:00,HSM.DSC.PMP01,cooling_descaling_pump,139.6377,202.6321,-0.6219,1.4856,395.6808,62.8009,0
2025-04-10 01:00:00,HSM.DSC.PMP01,cooling_descaling_pump,234.9114,198.9229,0.0088,0.8875,395.0417,53.7666,0
2025-04-10 02:00:00,HSM.DSC.PMP01,cooling_descaling_pump,194.502,201.9575,-0.3463,0.931,399.6546,54.1889,0
2025-04-10 03:00:00,HSM.DSC.PMP01,cooling_descaling_pump,202.2641,205.9913,-0.1856,1.1782,395.8264,60.8118,0
2025-04-10 04:00:00,HSM.DSC.PMP01,cooling_descaling_pump,185.1715,198.5417,-0.2233,0.9063,403.4178,59.9126,0
2025-04-10 05:00:00,HSM.DSC.PMP01,cooling_descaling_pump,206.4766,201.0211,0.5871,0.7239,405.741,49.6013,0
2025-04-10 06:00:00,HSM.DSC.PMP01,cooling_descaling_pump,178.2645,196.4325,-0.4182,1.1119,401.5995,55.2969,0
2025-04-10 07:00:00,HSM.DSC.PMP01,cooling_descaling_pump,184.2157,196.6505,-0.1064,1.1576,396.1557,55.7016,0
2025-04-10 08:00:00,HSM.DSC.PMP01,cooling_descaling_pump,214.5701,194.1606,-0.4475,1.1072,400.2052,65.7364,0
2025-04-10 09:00:00,HSM.DSC.PMP01,cooling_descaling_pump,149.8674,200.1577,0.6983,0.9633,392.4994,53.1724,0
2025-04-10 10:00:00,HSM.DSC.PMP01,cooling_descaling_pump,194.2828,200.6716,1.1004,1.1878,399.4598,61.7006,0
2025-04-10 11:00:00,HSM.DSC.PMP01,cooling_descaling_pump,210.5227,201.8944,-0.188,0.945,402.6606,60.2739,0
2025-04-10 12:00:00,HSM.DSC.PMP01,cooling_descaling_pump,195.2023,200.4509,0.1344,0.9796,394.8,52.7167,0
2025-04-10 13:00:00,HSM.DSC.PMP01,cooling_descaling_pump,185.7137,201.0103,0.5542,0.8495,398.2937,46.1479,0
2025-04-10 14:00:00,HSM.DSC.PMP01,cooling_descaling_pump,197.5995,199.4329,-0.4199,0.8446,407.4762,49.8125,0
2025-04-10 15:00:00,HSM.DSC.PMP01,cooling_descaling_pump,205.9717,200.8795,0.6301,1.1386,402.1197,55.3767,0
2025-04-10 16:00:00,HSM.DSC.PMP01,cooling_descaling_pump,221.2297,202.3583,0.8356,1.134,392.9277,60.6478,0
2025-04-10 17:00:00,HSM.DSC.PMP01,cooling_descaling_pump,166.1185,197.6422,0.0602,0.8961,406.0109,57.5755,0
2025-04-10 18:00:00,HSM.DSC.PMP01,cooling_descaling_pump,195.7831,197.9575,1.0937,1.0567,401.7936,59.8532,0
2025-04-10 19:00:00,HSM.DSC.PMP01,cooling_descaling_pump,217.0944,195.2842,0.6612,0.7901,401.014,47.1819,0
2025-04-10 20:00:00,HSM.DSC.PMP01,cooling_descaling_pump,208.1608,200.1204,-0.4408,0.9449,393.8083,48.4396,0
2025-04-10 21:00:00,HSM.DSC.PMP01,cooling_descaling_pump,184.344,200.7584,-0.1132,1.2014,398.6889,57.4706,0
2025-04-10 22:00:00,HSM.DSC.PMP01,cooling_descaling_pump,225.4528,194.9581,0.8473,1.0121,396.2613,54.2289,0
2025-04-10 23:00:00,HSM.DSC.PMP01,cooling_descaling_pump,173.0701,202.4644,0.0175,1.365,399.2571,61.6969,0
2025-04-11 00:00:00,HSM.DSC.PMP01,cooling_descaling_pump,203.8236,198.059,1.0359,1.1552,396.1694,55.0847,0
2025-04-11 01:00:00,HSM.DSC.PMP01,cooling_descaling_pump,168.2156,201.2581,0.0144,0.8749,398.8078,44.6761,0
2025-04-11 02:00:00,HSM.DSC.PMP01,cooling_descaling_pump,215.4849,202.9807,0.391,0.6553,393.2111,47.6328,0
2025-04-11 03:00:00,HSM.DSC.PMP01,cooling_descaling_pump,236.6714,201.9373,1.135,1.0763,399.5996,56.796,0
2025-04-11 04:00:00,HSM.DSC.PMP01,cooling_descaling_pump,201.8449,200.0912,-0.908,1.0343,402.2238,57.7884,0
2025-04-11 05:00:00,HSM.DSC.PMP01,cooling_descaling_pump,185.3216,204.7704,0.3307,0.9983,397.5888,58.8512,0
2025-04-11 06:00:00,HSM.DSC.PMP01,cooling_descaling_pump,159.6306,196.4614,-0.7622,1.1466,396.7747,55.1817,0
2025-04-11 07:00:00,HSM.DSC.PMP01,cooling_descaling_pump,185.6631,203.1141,-0.0174,0.9711,397.6573,56.6837,0
2025-04-11 08:00:00,HSM.DSC.PMP01,cooling_descaling_pump,192.5999,197.7715,0.3288,1.1712,406.5966,57.0417,0
2025-04-11 09:00:00,HSM.DSC.PMP01,cooling_descaling_pump,168.3837,200.9031,-0.8836,1.0472,401.3899,60.0872,0
2025-04-11 10:00:00,HSM.DSC.PMP01,cooling_descaling_pump,181.4936,203.9297,-1.3905,0.7783,398.0443,60.2121,0
2025-04-11 11:00:00,HSM.DSC.PMP01,cooling_descaling_pump,189.2627,202.3654,0.7606,0.8993,398.9048,49.5838,0
2025-04-11 12:00:00,HSM.DSC.PMP01,cooling_descaling_pump,153.5952,204.7723,1.1783,0.8868,400.991,56.9672,0
2025-04-11 13:00:00,HSM.DSC.PMP01,cooling_descaling_pump,204.506,201.1653,-0.1568,0.9811,403.5719,47.3392,0
2025-04-11 14:00:00,HSM.DSC.PMP01,cooling_descaling_pump,203.324,196.316,0.3231,1.0551,391.089,53.4217,0
2025-04-11 15:00:00,HSM.DSC.PMP01,cooling_descaling_pump,197.1682,198.7945,0.4972,0.8676,400.0828,52.8346,0
2025-04-11 16:00:00,HSM.DSC.PMP01,cooling_descaling_pump,195.0231,206.4822,-0.9099,1.063,405.4059,59.9144,0
2025-04-11 17:00:00,HSM.DSC.PMP01,cooling_descaling_pump,170.3424,202.9601,0.0173,0.9173,404.4643,56.8181,0
2025-04-11 18:00:00,HSM.DSC.PMP01,cooling_descaling_pump,163.6319,201.5705,-0.5361,0.9061,411.9455,54.8961,0
2025-04-11 19:00:00,HSM.DSC.PMP01,cooling_descaling_pump,212.3214,198.8597,0.9088,1.0908,395.265,61.2264,0
2025-04-11 20:00:00,HSM.DSC.PMP01,cooling_descaling_pump,166.4989,208.2952,-0.5072,0.8047,399.7905,48.3893,0
2025-04-11 21:00:00,HSM.DSC.PMP01,cooling_descaling_pump,193.411,201.1972,0.2023,0.8289,404.7111,56.1153,0
2025-04-11 22:00:00,HSM.DSC.PMP01,cooling_descaling_pump,212.9453,195.8896,-0.9088,0.9404,401.9434,55.5071,0
2025-04-11 23:00:00,HSM.DSC.PMP01,cooling_descaling_pump,175.6923,199.987,-0.2307,0.7585,403.7555,46.2823,0
2025-04-12 00:00:00,HSM.DSC.PMP01,cooling_descaling_pump,178.3806,201.9737,-0.6815,1.0854,401.8549,59.3373,0
2025-04-12 01:00:00,HSM.DSC.PMP01,cooling_descaling_pump,160.5112,202.2981,-0.5276,1.1631,398.437,63.1553,0
2025-04-12 02:00:00,HSM.DSC.PMP01,cooling_descaling_pump,195.2028,198.2041,-0.8167,1.1221,404.0437,53.5044,0
2025-04-12 03:00:00,HSM.DSC.PMP01,cooling_descaling_pump,174.7343,200.2069,-0.0529,1.1039,405.9385,58.2783,0
2025-04-12 04:00:00,HSM.DSC.PMP01,cooling_descaling_pump,210.4564,205.2014,-0.1158,0.6877,403.1694,55.7124,0
2025-04-12 05:00:00,HSM.DSC.PMP01,cooling_descaling_pump,204.4396,200.4937,-0.4228,0.9233,399.6829,59.9279,0
2025-04-12 06:00:00,HSM.DSC.PMP01,cooling_descaling_pump,184.232,199.1954,-0.1807,0.9599,398.157,47.741,0
2025-04-12 07:00:00,HSM.DSC.PMP01,cooling_descaling_pump,176.3848,196.549,0.8285,0.8632,402.1435,48.5261,0
2025-04-12 08:00:00,HSM.DSC.PMP01,cooling_descaling_pump,205.184,203.0775,1.2429,1.0625,402.8566,60.1567,0
2025-04-12 09:00:00,HSM.DSC.PMP01,cooling_descaling_pump,212.1582,201.8802,0.293,0.7964,400.6786,48.732,0
2025-04-12 10:00:00,HSM.DSC.PMP01,cooling_descaling_pump,209.9538,199.2242,-0.3497,0.9673,397.974,57.185,0
2025-04-12 11:00:00,HSM.DSC.PMP01,cooling_descaling_pump,143.9533,201.8383,-0.5249,1.0813,395.0924,61.2985,0
2025-04-12 12:00:00,HSM.DSC.PMP01,cooling_descaling_pump,159.3321,198.1628,-1.2608,0.8304,395.9071,43.3432,0
2025-04-12 13:00:00,HSM.DSC.PMP01,cooling_descaling_pump,152.5558,193.2845,1.6663,1.2455,399.0923,62.8119,0
2025-04-12 14:00:00,HSM.DSC.PMP01,cooling_descaling_pump,188.0536,205.2825,0.3128,0.9622,395.0181,52.1927,0
2025-04-12 15:00:00,HSM.DSC.PMP01,cooling_descaling_pump,187.4226,204.2489,-0.0719,1.0945,401.8345,53.02,0
2025-04-12 16:00:00,HSM.DSC.PMP01,cooling_descaling_pump,170.4344,206.9902,0.0177,1.0139,395.9928,58.795,0
2025-04-12 17:00:00,HSM.DSC.PMP01,cooling_descaling_pump,193.9593,199.7617,0.7642,1.0195,409.2108,60.4955,0
2025-04-12 18:00:00,HSM.DSC.PMP01,cooling_descaling_pump,183.6354,201.36,-0.0515,1.102,393.7575,50.5953,0
2025-04-12 19:00:00,HSM.DSC.PMP01,cooling_descaling_pump,174.1624,195.3534,-1.5041,0.871,395.9009,43.263,0
2025-04-12 20:00:00,HSM.DSC.PMP01,cooling_descaling_pump,168.8585,204.9724,-0.14,0.6471,400.7002,45.6484,0
2025-04-12 21:00:00,HSM.DSC.PMP01,cooling_descaling_pump,182.5708,202.3328,0.055,0.9443,400.8175,55.7147,0
2025-04-12 22:00:00,HSM.DSC.PMP01,cooling_descaling_pump,194.9984,198.9485,-0.6114,1.0682,396.8327,62.8401,0
2025-04-12 23:00:00,HSM.DSC.PMP01,cooling_descaling_pump,213.9689,198.8888,-1.0914,0.8412,396.991,50.1694,0
2025-04-13 00:00:00,HSM.DSC.PMP01,cooling_descaling_pump,170.3091,201.2924,-0.5703,0.8792,401.9323,51.3291,0
2025-04-13 01:00:00,HSM.DSC.PMP01,cooling_descaling_pump,171.0743,204.7984,-0.5273,0.8841,402.6013,60.9386,0
2025-04-13 02:00:00,HSM.DSC.PMP01,cooling_descaling_pump,193.6548,194.1095,-0.7985,1.2531,405.5463,59.0774,0
2025-04-13 03:00:00,HSM.DSC.PMP01,cooling_descaling_pump,203.7179,193.8131,0.2634,0.9229,405.8355,56.8109,0
2025-04-13 04:00:00,HSM.DSC.PMP01,cooling_descaling_pump,210.3909,200.803,-0.9904,0.7809,402.1415,46.666,0
2025-04-13 05:00:00,HSM.DSC.PMP01,cooling_descaling_pump,197.9182,207.2678,-0.8064,0.7642,400.1365,55.5923,0
2025-04-13 06:00:00,HSM.DSC.PMP01,cooling_descaling_pump,186.3429,198.2145,1.0213,0.8513,398.0132,50.0803,0
2025-04-13 07:00:00,HSM.DSC.PMP01,cooling_descaling_pump,134.2973,198.9447,-0.6332,1.2128,396.1298,64.2387,0
2025-04-13 08:00:00,HSM.DSC.PMP01,cooling_descaling_pump,170.6097,194.8149,-0.5235,1.1147,395.2115,56.1655,0
2025-04-13 09:00:00,HSM.DSC.PMP01,cooling_descaling_pump,216.8111,200.0366,-1.3215,1.1774,399.5107,58.8873,0
2025-04-13 10:00:00,HSM.DSC.PMP01,cooling_descaling_pump,240.7089,206.2074,0.1703,0.7415,395.6941,57.7012,0
2025-04-13 11:00:00,HSM.DSC.PMP01,cooling_descaling_pump,124.0338,201.0733,-0.055,1.172,395.215,64.1493,0
2025-04-13 12:00:00,HSM.DSC.PMP01,cooling_descaling_pump,191.3658,196.1329,0.2478,1.0243,397.0805,52.5298,0
2025-04-13 13:00:00,HSM.DSC.PMP01,cooling_descaling_pump,144.1979,195.5625,0.1423,0.8334,404.3668,46.5674,0
2025-04-13 14:00:00,HSM.DSC.PMP01,cooling_descaling_pump,181.5905,203.1732,-0.6689,1.0452,400.5775,55.9639,0
2025-04-13 15:00:00,HSM.DSC.PMP01,cooling_descaling_pump,189.5133,195.127,-0.434,1.2223,399.3474,60.7593,0
2025-04-13 16:00:00,HSM.DSC.PMP01,cooling_descaling_pump,169.8632,200.6908,-1.1556,0.7047,404.1039,48.9804,0
2025-04-13 17:00:00,HSM.DSC.PMP01,cooling_descaling_pump,148.229,211.4392,0.4463,0.7703,402.907,52.8322,0
2025-04-13 18:00:00,HSM.DSC.PMP01,cooling_descaling_pump,198.6517,198.223,-0.2948,0.8961,406.5827,56.123,0
2025-04-13 19:00:00,HSM.DSC.PMP01,cooling_descaling_pump,167.0047,203.1369,2.6229,1.0923,394.6518,54.6771,0
2025-04-13 20:00:00,HSM.DSC.PMP01,cooling_descaling_pump,211.9816,199.1222,-1.3813,1.1001,395.5944,56.5403,0
2025-04-13 21:00:00,HSM.DSC.PMP01,cooling_descaling_pump,170.004,198.219,0.8007,1.0017,397.3853,55.9811,0
2025-04-13 22:00:00,HSM.DSC.PMP01,cooling_descaling_pump,183.441,195.0126,0.2536,0.8949,401.8318,53.4049,0
2025-04-13 23:00:00,HSM.DSC.PMP01,cooling_descaling_pump,169.8549,204.9818,0.0625,0.8886,399.0386,58.5206,0
2025-04-14 00:00:00,HSM.DSC.PMP01,cooling_descaling_pump,172.5559,201.1387,-0.9951,0.835,399.3994,55.3956,0
2025-04-14 01:00:00,HSM.DSC.PMP01,cooling_descaling_pump,184.8126,202.2874,0.2137,0.903,394.6882,44.9099,0
2025-04-14 02:00:00,HSM.DSC.PMP01,cooling_descaling_pump,213.3176,199.093,-1.5821,0.9845,403.9239,66.4776,0
2025-04-14 03:00:00,HSM.DSC.PMP01,cooling_descaling_pump,221.1335,195.7845,-0.2514,1.1095,400.1149,58.5301,0
2025-04-14 04:00:00,HSM.DSC.PMP01,cooling_descaling_pump,178.5441,199.8893,-0.0875,0.9915,394.6095,56.5347,0
2025-04-14 05:00:00,HSM.DSC.PMP01,cooling_descaling_pump,225.2341,203.2666,-0.0206,0.8797,399.5604,56.3988,0
2025-04-14 06:00:00,HSM.DSC.PMP01,cooling_descaling_pump,189.6833,204.8662,-0.3334,0.742,403.0304,58.6743,0
2025-04-14 07:00:00,HSM.DSC.PMP01,cooling_descaling_pump,184.1221,198.2585,-1.073,0.9569,402.8482,55.8366,0
2025-04-14 08:00:00,HSM.DSC.PMP01,cooling_descaling_pump,201.263,201.943,-0.2188,0.8895,399.4113,60.3909,0
2025-04-14 09:00:00,HSM.DSC.PMP01,cooling_descaling_pump,221.8917,202.5162,-0.4144,0.6859,398.5436,53.6009,0
2025-04-14 10:00:00,HSM.DSC.PMP01,cooling_descaling_pump,193.7286,198.624,-0.8072,0.7032,406.0542,52.9472,0
2025-04-14 11:00:00,HSM.DSC.PMP01,cooling_descaling_pump,181.0357,198.7038,0.9281,0.9665,403.5539,54.6742,0
2025-04-14 12:00:00,HSM.DSC.PMP01,cooling_descaling_pump,196.7994,205.8288,0.1914,0.8514,400.825,52.8163,0
2025-04-14 13:00:00,HSM.DSC.PMP01,cooling_descaling_pump,187.9475,201.67,-0.4421,1.064,396.6364,55.334,0
2025-04-14 14:00:00,HSM.DSC.PMP01,cooling_descaling_pump,160.5402,201.8655,0.1889,0.9213,402.7446,57.2807,0
2025-04-14 15:00:00,HSM.DSC.PMP01,cooling_descaling_pump,206.7936,203.0878,-0.85,0.9777,398.2666,53.9842,0
2025-04-14 16:00:00,HSM.DSC.PMP01,cooling_descaling_pump,187.869,198.6902,0.28,0.974,398.1819,54.6978,0
2025-04-14 17:00:00,HSM.DSC.PMP01,cooling_descaling_pump,209.3712,193.5602,-0.4039,1.1517,398.2769,57.2717,0
2025-04-14 18:00:00,HSM.DSC.PMP01,cooling_descaling_pump,195.0388,193.6889,0.3384,1.203,397.4383,56.1661,0
2025-04-14 19:00:00,HSM.DSC.PMP01,cooling_descaling_pump,192.4509,200.0502,0.9527,0.7759,398.3866,53.1352,0
2025-04-14 20:00:00,HSM.DSC.PMP01,cooling_descaling_pump,203.3995,202.9212,0.5728,0.9744,406.9658,59.4789,0
2025-04-14 21:00:00,HSM.DSC.PMP01,cooling_descaling_pump,159.8244,206.4384,-0.2373,0.8897,397.7429,52.6229,0
2025-04-14 22:00:00,HSM.DSC.PMP01,cooling_descaling_pump,198.3758,201.8444,-0.26,1.0896,394.2772,61.7653,0
2025-04-14 23:00:00,HSM.DSC.PMP01,cooling_descaling_pump,207.921,202.9573,-0.9571,1.0973,403.2717,52.3528,0
2025-04-15 00:00:00,HSM.DSC.PMP01,cooling_descaling_pump,186.5845,191.4253,-1.2198,1.3218,398.6259,59.8073,0
2025-04-15 01:00:00,HSM.DSC.PMP01,cooling_descaling_pump,152.1134,204.1893,1.2779,1.0613,397.7008,54.2774,0
2025-04-15 02:00:00,HSM.DSC.PMP01,cooling_descaling_pump,186.7624,200.4308,0.5444,1.0815,400.5008,57.4361,0
2025-04-15 03:00:00,HSM.DSC.PMP01,cooling_descaling_pump,190.9234,207.1618,-0.5762,0.8451,399.9351,53.6819,0
2025-04-15 04:00:00,HSM.DSC.PMP01,cooling_descaling_pump,151.5053,199.2084,0.1501,1.0329,395.4091,62.1363,0
2025-04-15 05:00:00,HSM.DSC.PMP01,cooling_descaling_pump,168.771,196.9548,-1.4386,0.979,400.7685,58.4641,0
2025-04-15 06:00:00,HSM.DSC.PMP01,cooling_descaling_pump,217.2885,200.7166,-0.717,0.7853,399.9267,56.477,0
2025-04-15 07:00:00,HSM.DSC.PMP01,cooling_descaling_pump,120.135,202.5237,-0.1731,1.0894,395.0015,52.3367,0
2025-04-15 08:00:00,HSM.DSC.PMP01,cooling_descaling_pump,172.6363,198.9567,0.6963,0.9439,396.9249,58.5341,0
2025-04-15 09:00:00,HSM.DSC.PMP01,cooling_descaling_pump,206.142,200.0247,1.1511,1.0359,395.9867,53.0813,0
2025-04-15 10:00:00,HSM.DSC.PMP01,cooling_descaling_pump,222.0373,196.5376,0.715,0.8127,401.296,51.8929,0
2025-04-15 11:00:00,HSM.DSC.PMP01,cooling_descaling_pump,176.1235,198.2979,0.2088,1.1113,396.5977,52.7579,0
2025-04-15 12:00:00,HSM.DSC.PMP01,cooling_descaling_pump,203.8083,193.8602,-0.5809,0.9897,397.3332,52.6346,0
2025-04-15 13:00:00,HSM.DSC.PMP01,cooling_descaling_pump,185.844,198.7718,-0.1163,1.0958,401.4295,63.9218,0
2025-04-15 14:00:00,HSM.DSC.PMP01,cooling_descaling_pump,104.0783,201.6338,0.2158,1.013,399.954,54.071,0
2025-04-15 15:00:00,HSM.DSC.PMP01,cooling_descaling_pump,175.5245,198.629,-0.9097,0.9733,399.1678,52.9848,0
2025-04-15 16:00:00,HSM.DSC.PMP01,cooling_descaling_pump,178.6737,197.1076,-0.0087,1.1758,400.6719,56.0939,0
2025-04-15 17:00:00,HSM.DSC.PMP01,cooling_descaling_pump,234.0062,202.0994,-1.2733,0.8162,405.7159,48.5887,0
2025-04-15 18:00:00,HSM.DSC.PMP01,cooling_descaling_pump,173.6492,203.4439,0.8918,1.1008,397.7296,54.1213,0
2025-04-15 19:00:00,HSM.DSC.PMP01,cooling_descaling_pump,186.7516,203.1892,0.6277,0.9135,401.8051,51.3405,0
2025-04-15 20:00:00,HSM.DSC.PMP01,cooling_descaling_pump,164.7341,198.9697,-0.5451,0.8298,398.2619,52.2831,0
2025-04-15 21:00:00,HSM.DSC.PMP01,cooling_descaling_pump,193.1454,198.8928,-0.457,1.1173,401.1785,61.0753,0
2025-04-15 22:00:00,HSM.DSC.PMP01,cooling_descaling_pump,212.1338,201.8781,-0.0387,1.0346,399.4985,48.5708,0
2025-04-15 23:00:00,HSM.DSC.PMP01,cooling_descaling_pump,204.5997,198.2365,0.0598,0.8638,397.2012,54.015,0
2025-04-16 00:00:00,HSM.DSC.PMP01,cooling_descaling_pump,186.5357,199.7837,-1.3174,1.1807,398.2243,53.0952,0
2025-04-16 01:00:00,HSM.DSC.PMP01,cooling_descaling_pump,151.6545,194.8444,-0.1426,1.0015,404.8946,59.2775,0
2025-04-16 02:00:00,HSM.DSC.PMP01,cooling_descaling_pump,193.1247,197.3064,-0.4144,0.9402,403.0755,55.0479,0
2025-04-16 03:00:00,HSM.DSC.PMP01,cooling_descaling_pump,234.8565,201.2032,0.569,0.9601,396.3316,57.9652,0
2025-04-16 04:00:00,HSM.DSC.PMP01,cooling_descaling_pump,217.9085,196.8104,-0.8066,0.7824,399.977,45.4572,0
2025-04-16 05:00:00,HSM.DSC.PMP01,cooling_descaling_pump,185.5952,190.5864,-0.2305,1.1869,400.3888,64.2654,0
2025-04-16 06:00:00,HSM.DSC.PMP01,cooling_descaling_pump,139.7218,201.7885,-0.6291,0.9418,403.0211,56.4219,0
2025-04-16 07:00:00,HSM.DSC.PMP01,cooling_descaling_pump,178.0448,198.0416,0.2548,1.0814,405.0232,65.572,0
2025-04-16 08:00:00,HSM.DSC.PMP01,cooling_descaling_pump,184.5422,202.3117,0.3804,0.8781,399.4814,56.7602,0
2025-04-16 09:00:00,HSM.DSC.PMP01,cooling_descaling_pump,220.6901,197.5231,-0.2427,0.9393,402.1655,61.2758,0
2025-04-16 10:00:00,HSM.DSC.PMP01,cooling_descaling_pump,173.6117,195.4551,1.0726,0.7259,406.1863,49.1482,0
2025-04-16 11:00:00,HSM.DSC.PMP01,cooling_descaling_pump,176.7702,203.369,1.0318,1.0756,401.4948,52.2664,0
2025-04-16 12:00:00,HSM.DSC.PMP01,cooling_descaling_pump,181.0215,202.3878,-1.2864,0.9901,394.7719,52.3656,0
2025-04-16 13:00:00,HSM.DSC.PMP01,cooling_descaling_pump,164.8958,196.2655,-0.6287,0.781,401.6426,49.6963,0
2025-04-16 14:00:00,HSM.DSC.PMP01,cooling_descaling_pump,192.8867,203.9583,-0.8167,1.1033,392.6798,56.819,0
2025-04-16 15:00:00,HSM.DSC.PMP01,cooling_descaling_pump,198.7849,202.7711,1.2605,0.8423,396.323,56.2716,0
2025-04-16 16:00:00,HSM.DSC.PMP01,cooling_descaling_pump,156.6083,201.724,-0.2296,0.7656,406.1985,57.2307,0
2025-04-16 17:00:00,HSM.DSC.PMP01,cooling_descaling_pump,150.5662,198.7022,0.0501,1.11,404.1954,64.4723,0
2025-04-16 18:00:00,HSM.DSC.PMP01,cooling_descaling_pump,204.0027,192.425,-1.4992,0.857,400.8574,54.0487,0
2025-04-16 19:00:00,HSM.DSC.PMP01,cooling_descaling_pump,200.4761,200.9247,-0.6977,1.0652,396.195,57.092,0
2025-04-16 20:00:00,HSM.DSC.PMP01,cooling_descaling_pump,233.7755,198.3167,-0.2623,0.7742,400.7413,44.6742,0
2025-04-16 21:00:00,HSM.DSC.PMP01,cooling_descaling_pump,220.0591,200.9451,0.1125,0.9931,395.5377,48.5986,0
2025-04-16 22:00:00,HSM.DSC.PMP01,cooling_descaling_pump,233.646,196.7458,0.8544,0.9028,393.1598,50.6866,0
2025-04-16 23:00:00,HSM.DSC.PMP01,cooling_descaling_pump,202.2061,204.3934,0.9534,0.8996,394.1966,50.6596,0
2025-04-17 00:00:00,HSM.DSC.PMP01,cooling_descaling_pump,223.3857,202.1483,-0.2264,0.7506,393.1905,46.1209,0
2025-04-17 01:00:00,HSM.DSC.PMP01,cooling_descaling_pump,176.0493,195.3185,-0.0173,1.1941,405.2819,65.286,0
2025-04-17 02:00:00,HSM.DSC.PMP01,cooling_descaling_pump,213.2604,195.2448,-0.5658,1.2743,405.4195,65.5496,0
2025-04-17 03:00:00,HSM.DSC.PMP01,cooling_descaling_pump,190.9097,197.2219,-0.657,1.1092,402.8547,56.2792,0
2025-04-17 04:00:00,HSM.DSC.PMP01,cooling_descaling_pump,203.115,201.9269,1.0525,1.2316,400.6886,59.3721,0
2025-04-17 05:00:00,HSM.DSC.PMP01,cooling_descaling_pump,177.9618,198.1123,0.5115,1.2256,397.233,58.3592,0
2025-04-17 06:00:00,HSM.DSC.PMP01,cooling_descaling_pump,178.4045,198.3678,-0.1962,1.0439,400.5162,57.6741,0
2025-04-17 07:00:00,HSM.DSC.PMP01,cooling_descaling_pump,163.1638,195.2087,-0.5916,1.0149,405.8916,59.4682,0
2025-04-17 08:00:00,HSM.DSC.PMP01,cooling_descaling_pump,208.5532,199.4237,-1.7018,0.606,407.6753,53.9875,0
2025-04-17 09:00:00,HSM.DSC.PMP01,cooling_descaling_pump,209.8294,204.1112,0.202,0.8741,405.385,56.0025,0
2025-04-17 10:00:00,HSM.DSC.PMP01,cooling_descaling_pump,191.2198,204.4033,-0.4793,0.8546,406.6597,56.0498,0
2025-04-17 11:00:00,HSM.DSC.PMP01,cooling_descaling_pump,166.5301,203.525,-0.0691,1.0384,399.7265,56.5197,0
2025-04-17 12:00:00,HSM.DSC.PMP01,cooling_descaling_pump,200.544,200.8865,0.6857,1.1822,395.0111,59.1824,0
2025-04-17 13:00:00,HSM.DSC.PMP01,cooling_descaling_pump,204.4225,199.3836,0.9037,0.8531,403.1328,59.0266,0
2025-04-17 14:00:00,HSM.DSC.PMP01,cooling_descaling_pump,179.0379,200.7374,-0.1149,1.0982,405.0697,54.0344,0
2025-04-17 15:00:00,HSM.DSC.PMP01,cooling_descaling_pump,193.18,203.6284,-0.141,0.9219,402.9338,63.1376,0
2025-04-17 16:00:00,HSM.DSC.PMP01,cooling_descaling_pump,195.59,202.2273,-0.2218,1.094,407.199,60.5182,0
2025-04-17 17:00:00,HSM.DSC.PMP01,cooling_descaling_pump,170.7422,198.14,1.6457,0.8336,398.2463,44.2046,0
2025-04-17 18:00:00,HSM.DSC.PMP01,cooling_descaling_pump,199.7844,199.2727,1.1386,0.9061,402.4944,47.7284,0
2025-04-17 19:00:00,HSM.DSC.PMP01,cooling_descaling_pump,181.077,198.9118,-0.6951,0.9796,402.0897,56.916,0
2025-04-17 20:00:00,HSM.DSC.PMP01,cooling_descaling_pump,181.2056,199.1805,-0.6018,0.9692,404.3382,59.6443,0
2025-04-17 21:00:00,HSM.DSC.PMP01,cooling_descaling_pump,179.1149,196.6105,-0.5733,1.0313,399.9155,52.6244,0
2025-04-17 22:00:00,HSM.DSC.PMP01,cooling_descaling_pump,166.5008,196.6897,0.4851,0.8168,396.9258,47.1685,0
2025-04-17 23:00:00,HSM.DSC.PMP01,cooling_descaling_pump,177.5121,202.2758,-0.2454,0.6605,406.3342,50.423,0
2025-04-18 00:00:00,HSM.DSC.PMP01,cooling_descaling_pump,192.728,205.4088,-0.0731,0.9089,403.8139,50.2477,0
2025-04-18 01:00:00,HSM.DSC.PMP01,cooling_descaling_pump,186.4582,200.811,0.9388,1.065,398.5891,53.1783,0
2025-04-18 02:00:00,HSM.DSC.PMP01,cooling_descaling_pump,165.109,198.6207,0.8353,1.2099,400.3743,57.1053,0
2025-04-18 03:00:00,HSM.DSC.PMP01,cooling_descaling_pump,142.5325,196.4809,0.1257,1.1052,394.4521,61.9653,0
2025-04-18 04:00:00,HSM.DSC.PMP01,cooling_descaling_pump,196.6365,201.9903,0.5138,0.8883,403.0038,50.8817,0
2025-04-18 05:00:00,HSM.DSC.PMP01,cooling_descaling_pump,174.5741,203.7668,0.3746,0.6544,400.1749,44.2468,0
2025-04-18 06:00:00,HSM.DSC.PMP01,cooling_descaling_pump,185.9327,197.0455,0.5556,1.0196,406.7198,63.8514,0
2025-04-18 07:00:00,HSM.DSC.PMP01,cooling_descaling_pump,170.4783,205.2833,-0.2127,1.02,395.2867,52.3734,0
2025-04-18 08:00:00,HSM.DSC.PMP01,cooling_descaling_pump,169.1165,197.3386,0.1072,0.9614,398.1304,56.3175,0
2025-04-18 09:00:00,HSM.DSC.PMP01,cooling_descaling_pump,210.5038,195.0779,1.5907,1.102,392.5713,55.2307,0
2025-04-18 10:00:00,HSM.DSC.PMP01,cooling_descaling_pump,203.0942,198.2373,0.1175,0.9211,399.876,57.9835,0
2025-04-18 11:00:00,HSM.DSC.PMP01,cooling_descaling_pump,216.648,203.2579,-1.5017,0.9784,402.5644,62.1891,0
2025-04-18 12:00:00,HSM.DSC.PMP01,cooling_descaling_pump,193.7425,196.4215,0.391,0.8219,401.9275,50.6611,0
2025-04-18 13:00:00,HSM.DSC.PMP01,cooling_descaling_pump,167.6226,200.1396,0.0933,0.9739,392.7886,49.1973,0
2025-04-18 14:00:00,HSM.DSC.PMP01,cooling_descaling_pump,171.4268,196.2017,0.334,0.9201,401.1914,52.297,0
2025-04-18 15:00:00,HSM.DSC.PMP01,cooling_descaling_pump,195.7336,199.1216,-0.3188,0.9022,402.2905,50.9216,0
2025-04-18 16:00:00,HSM.DSC.PMP01,cooling_descaling_pump,200.3698,200.3286,-0.1222,0.8853,396.8031,48.5023,0
2025-04-18 17:00:00,HSM.DSC.PMP01,cooling_descaling_pump,191.287,203.0441,-0.3224,0.8632,401.7215,49.0823,0
2025-04-18 18:00:00,HSM.DSC.PMP01,cooling_descaling_pump,201.2087,202.808,0.9517,0.9046,406.0562,57.6563,0
2025-04-18 19:00:00,HSM.DSC.PMP01,cooling_descaling_pump,161.6609,205.1403,0.225,1.0218,395.2472,51.7249,0
2025-04-18 20:00:00,HSM.DSC.PMP01,cooling_descaling_pump,194.2538,199.605,-0.2421,1.1023,407.0997,68.251,0
2025-04-18 21:00:00,HSM.DSC.PMP01,cooling_descaling_pump,225.9163,201.9405,-0.0953,0.6056,402.8735,43.1379,0
2025-04-18 22:00:00,HSM.DSC.PMP01,cooling_descaling_pump,206.2658,202.7389,0.0045,0.8313,402.2608,57.2305,0
2025-04-18 23:00:00,HSM.DSC.PMP01,cooling_descaling_pump,195.8533,201.865,1.6173,0.9379,401.8739,51.187,0
2025-04-19 00:00:00,HSM.DSC.PMP01,cooling_descaling_pump,160.6174,199.5631,0.1924,1.1208,400.6839,52.551,0
2025-04-19 01:00:00,HSM.DSC.PMP01,cooling_descaling_pump,202.3062,204.2281,0.3995,0.7751,398.7179,56.3205,0
2025-04-19 02:00:00,HSM.DSC.PMP01,cooling_descaling_pump,198.45,192.6514,0.3571,1.1217,405.567,51.2525,0
2025-04-19 03:00:00,HSM.DSC.PMP01,cooling_descaling_pump,216.7682,197.1589,-0.6665,1.0676,399.4094,53.0679,0
2025-04-19 04:00:00,HSM.DSC.PMP01,cooling_descaling_pump,184.9638,198.7365,0.8073,1.196,399.8487,64.8506,0
2025-04-19 05:00:00,HSM.DSC.PMP01,cooling_descaling_pump,169.7991,202.6436,0.7028,1.0623,394.1616,57.0498,0
2025-04-19 06:00:00,HSM.DSC.PMP01,cooling_descaling_pump,181.4518,199.0974,-0.068,1.1129,401.931,57.8379,0
2025-04-19 07:00:00,HSM.DSC.PMP01,cooling_descaling_pump,174.6315,205.9287,1.2363,0.702,407.2018,65.0848,0
2025-04-19 08:00:00,HSM.DSC.PMP01,cooling_descaling_pump,185.8216,196.2559,2.3124,1.1603,397.197,49.7523,0
2025-04-19 09:00:00,HSM.DSC.PMP01,cooling_descaling_pump,151.2405,203.5165,0.3006,0.9182,405.3081,63.5975,0
2025-04-19 10:00:00,HSM.DSC.PMP01,cooling_descaling_pump,177.2733,196.2088,0.13,0.9208,398.1041,52.677,0
2025-04-19 11:00:00,HSM.DSC.PMP01,cooling_descaling_pump,200.6264,200.9449,-0.3881,0.8446,400.3829,53.9057,0
2025-04-19 12:00:00,HSM.DSC.PMP01,cooling_descaling_pump,180.9769,204.4873,-0.4943,0.9299,400.9204,54.0931,0
2025-04-19 13:00:00,HSM.DSC.PMP01,cooling_descaling_pump,183.9477,193.3366,1.6889,1.0233,393.9941,47.0115,0
2025-04-19 14:00:00,HSM.DSC.PMP01,cooling_descaling_pump,219.5896,199.8585,-0.5916,0.7342,400.1305,58.6267,0
2025-04-19 15:00:00,HSM.DSC.PMP01,cooling_descaling_pump,148.1021,194.0086,-1.6435,1.354,398.761,56.1417,0
2025-04-19 16:00:00,HSM.DSC.PMP01,cooling_descaling_pump,200.3033,203.9633,-0.6941,0.8139,398.8006,48.0834,0
2025-04-19 17:00:00,HSM.DSC.PMP01,cooling_descaling_pump,212.618,201.16,-0.1436,1.0117,397.3926,52.4528,0
2025-04-19 18:00:00,HSM.DSC.PMP01,cooling_descaling_pump,184.2454,197.9318,-0.8007,0.8369,405.4352,46.5942,0
2025-04-19 19:00:00,HSM.DSC.PMP01,cooling_descaling_pump,177.0806,199.8558,0.9236,1.0177,400.72,53.9521,0
2025-04-19 20:00:00,HSM.DSC.PMP01,cooling_descaling_pump,183.6703,204.225,0.4407,1.0867,395.3821,53.5172,0
2025-04-19 21:00:00,HSM.DSC.PMP01,cooling_descaling_pump,177.4367,200.3009,-0.1585,1.0865,400.7962,54.1214,0
2025-04-19 22:00:00,HSM.DSC.PMP01,cooling_descaling_pump,192.7846,199.7885,-0.4166,1.1414,399.0502,52.8209,0
2025-04-19 23:00:00,HSM.DSC.PMP01,cooling_descaling_pump,174.4464,206.1555,0.294,0.6085,402.4215,50.7288,0
2025-04-20 00:00:00,HSM.DSC.PMP01,cooling_descaling_pump,136.4938,199.0046,0.7576,0.8722,402.0533,57.732,0
2025-04-20 01:00:00,HSM.DSC.PMP01,cooling_descaling_pump,159.6571,197.9233,1.7238,1.1104,403.8457,54.2548,0
2025-04-20 02:00:00,HSM.DSC.PMP01,cooling_descaling_pump,175.7955,198.8421,0.4471,0.7535,404.6457,59.1197,0
2025-04-20 03:00:00,HSM.DSC.PMP01,cooling_descaling_pump,184.2972,190.731,-0.1089,1.1309,400.8898,56.3152,0
2025-04-20 04:00:00,HSM.DSC.PMP01,cooling_descaling_pump,192.2971,198.5059,0.6513,0.895,399.2085,52.0594,0
2025-04-20 05:00:00,HSM.DSC.PMP01,cooling_descaling_pump,211.7387,193.3595,-1.0353,0.9707,398.0969,54.0432,0
2025-04-20 06:00:00,HSM.DSC.PMP01,cooling_descaling_pump,147.6337,198.2248,0.5969,0.9796,404.0145,47.8548,0
2025-04-20 07:00:00,HSM.DSC.PMP01,cooling_descaling_pump,198.0368,195.6473,-0.9515,0.5904,408.6157,51.8221,0
2025-04-20 08:00:00,HSM.DSC.PMP01,cooling_descaling_pump,178.1931,201.7738,-0.7124,0.9061,407.697,53.6198,0
2025-04-20 09:00:00,HSM.DSC.PMP01,cooling_descaling_pump,197.7974,197.564,0.0713,1.1875,395.4601,65.8546,0
2025-04-20 10:00:00,HSM.DSC.PMP01,cooling_descaling_pump,219.0348,196.7686,-0.6233,0.9545,394.0102,55.5238,0
2025-04-20 11:00:00,HSM.DSC.PMP01,cooling_descaling_pump,156.4512,199.0793,-0.282,1.1576,402.7132,55.9704,0
2025-04-20 12:00:00,HSM.DSC.PMP01,cooling_descaling_pump,203.6475,196.8127,0.2506,0.8895,397.7993,45.1287,0
2025-04-20 13:00:00,HSM.DSC.PMP01,cooling_descaling_pump,206.7423,201.9138,0.2536,0.9397,400.8285,46.8269,0
2025-04-20 14:00:00,HSM.DSC.PMP01,cooling_descaling_pump,211.4504,197.757,0.4464,0.9422,406.5074,56.4568,0
2025-04-20 15:00:00,HSM.DSC.PMP01,cooling_descaling_pump,197.8397,199.6458,0.5828,0.9787,402.2313,58.9309,0
2025-04-20 16:00:00,HSM.DSC.PMP01,cooling_descaling_pump,152.6616,198.5852,0.5628,1.1029,396.4601,53.6451,0
2025-04-20 17:00:00,HSM.DSC.PMP01,cooling_descaling_pump,175.024,200.0886,0.2389,0.8742,403.0928,49.7586,0
2025-04-20 18:00:00,HSM.DSC.PMP01,cooling_descaling_pump,197.5876,196.3049,-0.5098,1.2032,392.9301,59.0592,0
2025-04-20 19:00:00,HSM.DSC.PMP01,cooling_descaling_pump,174.445,200.1775,-0.6038,1.1798,402.9626,54.5797,0
2025-04-20 20:00:00,HSM.DSC.PMP01,cooling_descaling_pump,195.0181,193.0445,-0.7732,1.0612,405.8726,59.8781,0
2025-04-20 21:00:00,HSM.DSC.PMP01,cooling_descaling_pump,194.6687,200.0291,-0.0108,1.1588,402.4842,59.9532,0
2025-04-20 22:00:00,HSM.DSC.PMP01,cooling_descaling_pump,170.34,199.9083,-0.746,1.0346,403.6049,53.1016,0
2025-04-20 23:00:00,HSM.DSC.PMP01,cooling_descaling_pump,183.3373,204.3897,-0.1197,1.0331,403.069,60.9829,0
2025-04-21 00:00:00,HSM.DSC.PMP01,cooling_descaling_pump,194.5189,197.6652,-0.4829,1.1044,397.5972,56.7159,0
2025-04-21 01:00:00,HSM.DSC.PMP01,cooling_descaling_pump,156.0278,202.1626,0.3389,1.1135,397.0849,60.4694,0
2025-04-21 02:00:00,HSM.DSC.PMP01,cooling_descaling_pump,187.1549,195.2834,-0.0127,1.0637,402.8056,53.7463,0
2025-04-21 03:00:00,HSM.DSC.PMP01,cooling_descaling_pump,163.5338,203.5767,1.1446,1.1675,401.4499,62.477,0
2025-04-21 04:00:00,HSM.DSC.PMP01,cooling_descaling_pump,199.7929,198.2863,0.2664,0.9947,388.6406,56.5015,0
2025-04-21 05:00:00,HSM.DSC.PMP01,cooling_descaling_pump,190.9144,195.486,0.3071,1.0779,396.1122,51.3065,0
2025-04-21 06:00:00,HSM.DSC.PMP01,cooling_descaling_pump,204.4376,200.6414,-0.736,1.1285,397.733,57.2063,0
2025-04-21 07:00:00,HSM.DSC.PMP01,cooling_descaling_pump,110.6502,194.9431,-0.8519,0.9342,392.8368,48.1932,0
2025-04-21 08:00:00,HSM.DSC.PMP01,cooling_descaling_pump,182.6808,206.2916,-0.2175,0.8184,400.3147,55.9773,0
2025-04-21 09:00:00,HSM.DSC.PMP01,cooling_descaling_pump,201.2308,198.3454,0.6235,0.9316,399.6771,61.1551,0
2025-04-21 10:00:00,HSM.DSC.PMP01,cooling_descaling_pump,173.8165,200.9132,0.1628,1.0079,402.8975,58.9492,0
2025-04-21 11:00:00,HSM.DSC.PMP01,cooling_descaling_pump,166.5535,200.4262,-0.8746,1.0557,400.8506,57.4085,0
2025-04-21 12:00:00,HSM.DSC.PMP01,cooling_descaling_pump,146.3606,199.8623,-0.4652,0.8955,394.7202,45.6442,0
2025-04-21 13:00:00,HSM.DSC.PMP01,cooling_descaling_pump,182.0764,200.5445,-0.8436,1.009,397.7757,55.2867,0
2025-04-21 14:00:00,HSM.DSC.PMP01,cooling_descaling_pump,187.411,199.2334,-0.3039,0.9876,400.8542,55.1178,0
2025-04-21 15:00:00,HSM.DSC.PMP01,cooling_descaling_pump,155.2335,195.9154,1.2309,1.1498,399.7128,51.6447,0
2025-04-21 16:00:00,HSM.DSC.PMP01,cooling_descaling_pump,168.2046,197.5802,0.2375,0.7962,401.4578,50.1075,0
2025-04-21 17:00:00,HSM.DSC.PMP01,cooling_descaling_pump,164.1232,204.9842,-0.0535,0.9463,397.0022,54.2287,0
2025-04-21 18:00:00,HSM.DSC.PMP01,cooling_descaling_pump,159.3205,201.6618,-0.0217,1.0704,401.9928,55.2149,0
2025-04-21 19:00:00,HSM.DSC.PMP01,cooling_descaling_pump,198.7452,201.1519,0.0252,0.8537,398.3482,50.7592,0
2025-04-21 20:00:00,HSM.DSC.PMP01,cooling_descaling_pump,155.9304,203.0634,0.6132,0.8868,405.627,49.3904,0
2025-04-21 21:00:00,HSM.DSC.PMP01,cooling_descaling_pump,220.833,197.6828,0.4974,0.9848,397.3677,48.7629,0
2025-04-21 22:00:00,HSM.DSC.PMP01,cooling_descaling_pump,207.975,204.9394,0.3383,0.9743,404.2965,55.3187,0
2025-04-21 23:00:00,HSM.DSC.PMP01,cooling_descaling_pump,161.0941,201.8497,-0.0465,1.3486,402.1776,56.8596,0
2025-04-22 00:00:00,HSM.DSC.PMP01,cooling_descaling_pump,160.2195,204.9341,-0.8986,0.7819,399.4139,45.1511,0
2025-04-22 01:00:00,HSM.DSC.PMP01,cooling_descaling_pump,164.2345,200.4842,1.0259,0.7003,399.5657,47.8865,0
2025-04-22 02:00:00,HSM.DSC.PMP01,cooling_descaling_pump,205.6633,198.4499,-0.1342,1.0689,398.021,62.9844,0
2025-04-22 03:00:00,HSM.DSC.PMP01,cooling_descaling_pump,201.8518,204.8961,-0.0103,1.0299,395.9229,51.51,0
2025-04-22 04:00:00,HSM.DSC.PMP01,cooling_descaling_pump,225.1609,196.1344,-0.6446,0.9172,397.5128,55.4833,0
2025-04-22 05:00:00,HSM.DSC.PMP01,cooling_descaling_pump,153.2784,197.9324,0.9377,1.3667,392.3604,60.2213,0
2025-04-22 06:00:00,HSM.DSC.PMP01,cooling_descaling_pump,210.567,199.4857,0.185,0.749,400.6686,49.6233,0
2025-04-22 07:00:00,HSM.DSC.PMP01,cooling_descaling_pump,180.3137,201.0875,-0.0452,0.7205,402.0169,43.852,0
2025-04-22 08:00:00,HSM.DSC.PMP01,cooling_descaling_pump,176.5809,199.2207,0.4497,1.044,403.5389,60.1148,0
2025-04-22 09:00:00,HSM.DSC.PMP01,cooling_descaling_pump,162.3648,201.5515,-0.6221,1.0969,398.7012,54.823,0
2025-04-22 10:00:00,HSM.DSC.PMP01,cooling_descaling_pump,193.7371,200.3132,0.211,1.1984,387.1867,49.3945,0
2025-04-22 11:00:00,HSM.DSC.PMP01,cooling_descaling_pump,125.5667,201.7854,0.4465,1.2094,392.7943,57.7178,0
2025-04-22 12:00:00,HSM.DSC.PMP01,cooling_descaling_pump,192.2999,195.0534,0.1854,1.0269,396.4562,66.0604,0
2025-04-22 13:00:00,HSM.DSC.PMP01,cooling_descaling_pump,170.8618,201.483,0.3861,1.0363,400.057,52.6664,0
2025-04-22 14:00:00,HSM.DSC.PMP01,cooling_descaling_pump,222.487,196.3028,-0.5365,0.9089,405.5187,50.6069,0
2025-04-22 15:00:00,HSM.DSC.PMP01,cooling_descaling_pump,144.3946,200.7407,-0.1915,1.2395,397.7273,51.382,0
2025-04-22 16:00:00,HSM.DSC.PMP01,cooling_descaling_pump,184.0871,205.1107,1.014,0.9805,399.5579,55.0073,0
2025-04-22 17:00:00,HSM.DSC.PMP01,cooling_descaling_pump,183.2698,200.3913,1.0034,1.0641,398.6838,50.9127,0
2025-04-22 18:00:00,HSM.DSC.PMP01,cooling_descaling_pump,196.6226,199.55,0.4852,0.6851,408.553,47.9618,0
2025-04-22 19:00:00,HSM.DSC.PMP01,cooling_descaling_pump,192.328,197.6404,-0.693,0.7024,400.0173,48.7235,0
2025-04-22 20:00:00,HSM.DSC.PMP01,cooling_descaling_pump,199.9946,197.2026,0.3955,0.7841,403.6265,47.1704,0
2025-04-22 21:00:00,HSM.DSC.PMP01,cooling_descaling_pump,173.4357,197.6832,0.6888,1.3401,400.892,68.8101,0
2025-04-22 22:00:00,HSM.DSC.PMP01,cooling_descaling_pump,188.2589,205.4511,-0.231,0.7457,402.9057,52.8133,0
2025-04-22 23:00:00,HSM.DSC.PMP01,cooling_descaling_pump,179.5771,200.913,0.1559,1.0578,398.0894,59.4754,0
2025-04-23 00:00:00,HSM.DSC.PMP01,cooling_descaling_pump,152.843,203.3456,-0.1928,1.008,397.8467,53.0362,0
2025-04-23 01:00:00,HSM.DSC.PMP01,cooling_descaling_pump,217.0132,199.2802,0.3127,0.8873,401.1177,54.3538,0
2025-04-23 02:00:00,HSM.DSC.PMP01,cooling_descaling_pump,127.3713,209.4377,0.0003,1.0715,396.4938,55.1882,0
2025-04-23 03:00:00,HSM.DSC.PMP01,cooling_descaling_pump,193.4628,194.8304,-0.4609,0.8376,399.6338,55.1656,0
2025-04-23 04:00:00,HSM.DSC.PMP01,cooling_descaling_pump,143.1199,205.8859,1.1054,1.0132,410.0915,56.1526,0
2025-04-23 05:00:00,HSM.DSC.PMP01,cooling_descaling_pump,189.0707,197.0049,-1.2784,1.2437,395.3909,62.5616,0
2025-04-23 06:00:00,HSM.DSC.PMP01,cooling_descaling_pump,207.8808,192.9604,0.6778,1.1293,397.5898,54.5272,0
2025-04-23 07:00:00,HSM.DSC.PMP01,cooling_descaling_pump,176.8766,204.1,0.0899,1.1643,397.5708,64.787,0
2025-04-23 08:00:00,HSM.DSC.PMP01,cooling_descaling_pump,172.4659,197.5604,-0.93,1.1516,395.2468,59.9364,0
2025-04-23 09:00:00,HSM.DSC.PMP01,cooling_descaling_pump,205.3034,194.7866,-0.5283,1.2944,400.7138,59.7891,0
2025-04-23 10:00:00,HSM.DSC.PMP01,cooling_descaling_pump,195.7057,203.9083,0.5119,0.7988,401.7613,52.7821,0
2025-04-23 11:00:00,HSM.DSC.PMP01,cooling_descaling_pump,196.5091,204.6299,0.4802,1.1978,397.9272,57.6253,0
2025-04-23 12:00:00,HSM.DSC.PMP01,cooling_descaling_pump,184.3137,193.8525,0.193,1.2527,405.2864,61.5853,0
2025-04-23 13:00:00,HSM.DSC.PMP01,cooling_descaling_pump,168.7299,197.4654,-1.2392,1.1948,399.3051,56.2827,0
2025-04-23 14:00:00,HSM.DSC.PMP01,cooling_descaling_pump,158.1294,193.3672,0.5375,1.0934,402.4976,47.7457,0
2025-04-23 15:00:00,HSM.DSC.PMP01,cooling_descaling_pump,184.366,200.7846,0.1919,1.0603,402.6873,55.9358,0
2025-04-23 16:00:00,HSM.DSC.PMP01,cooling_descaling_pump,171.7965,200.0568,-0.5612,1.0785,403.09,57.9083,0
2025-04-23 17:00:00,HSM.DSC.PMP01,cooling_descaling_pump,159.9723,196.9441,-0.2459,1.1601,393.7878,49.0511,0
2025-04-23 18:00:00,HSM.DSC.PMP01,cooling_descaling_pump,180.6455,198.5882,0.0536,0.9013,401.9274,48.8842,0
2025-04-23 19:00:00,HSM.DSC.PMP01,cooling_descaling_pump,195.272,199.2189,1.0245,0.7113,398.7063,45.0869,0
2025-04-23 20:00:00,HSM.DSC.PMP01,cooling_descaling_pump,181.5686,200.1775,-0.2136,0.9626,400.5864,58.0335,0
2025-04-23 21:00:00,HSM.DSC.PMP01,cooling_descaling_pump,187.6011,202.0059,-0.5011,0.8517,406.2253,60.6493,0
2025-04-23 22:00:00,HSM.DSC.PMP01,cooling_descaling_pump,199.3037,202.3471,-1.0358,0.889,395.6224,50.4846,0
2025-04-23 23:00:00,HSM.DSC.PMP01,cooling_descaling_pump,183.8633,203.1147,-0.6802,0.9218,403.4267,56.0456,0
2025-04-24 00:00:00,HSM.DSC.PMP01,cooling_descaling_pump,218.1855,204.2266,0.3853,0.8424,399.5399,61.4137,0
2025-04-24 01:00:00,HSM.DSC.PMP01,cooling_descaling_pump,149.0164,190.7942,0.8907,1.5314,401.8871,63.5647,0
2025-04-24 02:00:00,HSM.DSC.PMP01,cooling_descaling_pump,190.8443,204.8314,0.3116,0.9017,400.9292,47.7255,0
2025-04-24 03:00:00,HSM.DSC.PMP01,cooling_descaling_pump,175.2963,207.4186,-0.9062,1.1324,397.5704,58.0416,0
2025-04-24 04:00:00,HSM.DSC.PMP01,cooling_descaling_pump,168.8542,196.6115,-0.3148,0.9723,404.0139,51.7636,0
2025-04-24 05:00:00,HSM.DSC.PMP01,cooling_descaling_pump,194.1814,194.0238,1.0421,1.1217,402.1672,60.402,0
2025-04-24 06:00:00,HSM.DSC.PMP01,cooling_descaling_pump,174.3597,207.3544,0.4344,0.9449,404.8168,62.4378,0
2025-04-24 07:00:00,HSM.DSC.PMP01,cooling_descaling_pump,188.0736,200.8426,0.087,0.8697,404.6331,50.2667,0
2025-04-24 08:00:00,HSM.DSC.PMP01,cooling_descaling_pump,209.933,199.3914,1.1138,0.8746,400.1708,55.5108,0
2025-04-24 09:00:00,HSM.DSC.PMP01,cooling_descaling_pump,167.4326,198.3503,-0.1974,1.4632,389.1953,59.7164,0
2025-04-24 10:00:00,HSM.DSC.PMP01,cooling_descaling_pump,204.4496,197.901,0.4499,1.0627,400.2505,54.7306,0
2025-04-24 11:00:00,HSM.DSC.PMP01,cooling_descaling_pump,147.0155,197.7522,0.8098,0.7172,405.2712,51.5323,0
2025-04-24 12:00:00,HSM.DSC.PMP01,cooling_descaling_pump,164.1836,202.7482,-0.0679,0.8625,402.7601,47.9982,0
2025-04-24 13:00:00,HSM.DSC.PMP01,cooling_descaling_pump,193.4243,196.6535,-0.6033,1.3999,393.941,62.2315,0
2025-04-24 14:00:00,HSM.DSC.PMP01,cooling_descaling_pump,217.2948,203.342,0.5612,0.8155,403.6892,57.7324,0
2025-04-24 15:00:00,HSM.DSC.PMP01,cooling_descaling_pump,160.4236,204.0941,0.6638,1.0282,396.0691,48.6622,0
2025-04-24 16:00:00,HSM.DSC.PMP01,cooling_descaling_pump,200.012,202.7335,-1.0395,0.7974,400.8462,53.6131,0
2025-04-24 17:00:00,HSM.DSC.PMP01,cooling_descaling_pump,193.5873,201.1286,0.1639,1.3389,401.2817,65.9318,0
2025-04-24 18:00:00,HSM.DSC.PMP01,cooling_descaling_pump,192.0416,194.422,0.7944,0.9777,398.2384,48.6533,0
2025-04-24 19:00:00,HSM.DSC.PMP01,cooling_descaling_pump,189.2067,198.7891,-0.2857,0.727,403.9998,42.7818,0
2025-04-24 20:00:00,HSM.DSC.PMP01,cooling_descaling_pump,212.8166,197.8338,0.2598,0.8386,399.1019,44.302,0
2025-04-24 21:00:00,HSM.DSC.PMP01,cooling_descaling_pump,168.1947,203.3086,0.0317,0.9189,404.4309,51.6212,0
2025-04-24 22:00:00,HSM.DSC.PMP01,cooling_descaling_pump,157.1468,200.6661,0.4931,1.2411,396.8426,61.9664,0
2025-04-24 23:00:00,HSM.DSC.PMP01,cooling_descaling_pump,159.082,194.2566,0.5605,1.2637,404.1512,61.3094,0
2025-04-25 00:00:00,HSM.DSC.PMP01,cooling_descaling_pump,204.1666,197.2679,0.4228,0.9857,403.6211,54.4333,0
2025-04-25 01:00:00,HSM.DSC.PMP01,cooling_descaling_pump,182.2174,201.4971,-0.1444,0.8955,397.8725,49.8325,0
2025-04-25 02:00:00,HSM.DSC.PMP01,cooling_descaling_pump,196.139,201.5941,0.1043,0.9291,403.568,54.4953,0
2025-04-25 03:00:00,HSM.DSC.PMP01,cooling_descaling_pump,170.2422,200.6582,0.2667,0.7992,400.5763,49.8601,0
2025-04-25 04:00:00,HSM.DSC.PMP01,cooling_descaling_pump,178.72,207.3971,0.3228,1.1192,397.6193,57.8679,0
2025-04-25 05:00:00,HSM.DSC.PMP01,cooling_descaling_pump,170.9297,207.652,-1.5331,0.7323,398.5233,49.6995,0
2025-04-25 06:00:00,HSM.DSC.PMP01,cooling_descaling_pump,205.0168,198.5955,-0.1498,1.0512,393.7738,51.807,0
2025-04-25 07:00:00,HSM.DSC.PMP01,cooling_descaling_pump,152.8372,204.2779,-0.2086,0.9566,400.3829,51.9109,0
2025-04-25 08:00:00,HSM.DSC.PMP01,cooling_descaling_pump,162.3891,199.049,0.7993,1.0042,399.7919,60.1512,0
2025-04-25 09:00:00,HSM.DSC.PMP01,cooling_descaling_pump,168.2971,205.7378,-0.0886,0.7549,407.9075,50.5726,0
2025-04-25 10:00:00,HSM.DSC.PMP01,cooling_descaling_pump,183.5468,194.7014,0.3871,1.044,402.9701,53.2616,0
2025-04-25 11:00:00,HSM.DSC.PMP01,cooling_descaling_pump,221.8254,198.4745,-0.1157,0.7885,402.1998,50.0115,0
2025-04-25 12:00:00,HSM.DSC.PMP01,cooling_descaling_pump,176.3511,197.4906,0.9084,0.8914,393.0917,45.7204,0
2025-04-25 13:00:00,HSM.DSC.PMP01,cooling_descaling_pump,200.5146,199.9453,-0.0993,1.0214,401.3139,58.1979,0
2025-04-25 14:00:00,HSM.DSC.PMP01,cooling_descaling_pump,219.9742,197.3516,-0.1699,0.9673,399.6823,55.5678,0
2025-04-25 15:00:00,HSM.DSC.PMP01,cooling_descaling_pump,172.5218,201.595,0.6326,1.1449,399.9079,67.4129,0
2025-04-25 16:00:00,HSM.DSC.PMP01,cooling_descaling_pump,167.18,203.2097,-0.9773,0.9052,404.8148,54.3719,0
2025-04-25 17:00:00,HSM.DSC.PMP01,cooling_descaling_pump,173.6666,198.571,-0.2715,1.0442,396.8943,51.2182,0
2025-04-25 18:00:00,HSM.DSC.PMP01,cooling_descaling_pump,203.3417,205.3557,0.8852,0.9031,397.2908,49.7047,0
2025-04-25 19:00:00,HSM.DSC.PMP01,cooling_descaling_pump,171.9536,198.2497,-0.1859,0.84,406.4558,47.7582,0
2025-04-25 20:00:00,HSM.DSC.PMP01,cooling_descaling_pump,167.3381,199.1172,-0.1479,1.3,395.0688,58.7819,0
2025-04-25 21:00:00,HSM.DSC.PMP01,cooling_descaling_pump,173.8707,193.8428,1.0437,1.1536,401.4197,57.9246,0
2025-04-25 22:00:00,HSM.DSC.PMP01,cooling_descaling_pump,169.1646,199.3694,0.7341,0.9658,397.9216,51.0829,0
2025-04-25 23:00:00,HSM.DSC.PMP01,cooling_descaling_pump,156.7646,200.4404,0.4612,1.246,395.8083,58.2897,0
2025-04-26 00:00:00,HSM.DSC.PMP01,cooling_descaling_pump,206.3616,201.5392,-0.119,1.0028,405.3123,53.9298,0
2025-04-26 01:00:00,HSM.DSC.PMP01,cooling_descaling_pump,175.092,196.7693,0.3222,1.1019,399.8002,58.6072,0
2025-04-26 02:00:00,HSM.DSC.PMP01,cooling_descaling_pump,178.2277,198.4656,0.3296,1.129,395.3832,53.5389,0
2025-04-26 03:00:00,HSM.DSC.PMP01,cooling_descaling_pump,163.873,196.641,-0.652,1.1847,398.1851,61.1638,0
2025-04-26 04:00:00,HSM.DSC.PMP01,cooling_descaling_pump,174.2825,200.8719,-0.2486,1.0687,398.6938,55.9914,0
2025-04-26 05:00:00,HSM.DSC.PMP01,cooling_descaling_pump,191.8829,201.191,-0.6523,1.0939,398.3611,60.0517,0
2025-04-26 06:00:00,HSM.DSC.PMP01,cooling_descaling_pump,207.5084,200.5738,-0.7936,1.0277,402.3933,58.4325,0
2025-04-26 07:00:00,HSM.DSC.PMP01,cooling_descaling_pump,180.8015,199.0857,0.9541,0.8593,398.121,60.1141,0
2025-04-26 08:00:00,HSM.DSC.PMP01,cooling_descaling_pump,208.5146,196.8971,-0.9987,0.9089,398.4609,56.5571,0
2025-04-26 09:00:00,HSM.DSC.PMP01,cooling_descaling_pump,163.4857,200.3612,-0.5413,1.2169,396.6626,48.9204,0
2025-04-26 10:00:00,HSM.DSC.PMP01,cooling_descaling_pump,158.4048,196.8777,-1.31,1.0687,407.272,59.5205,0
2025-04-26 11:00:00,HSM.DSC.PMP01,cooling_descaling_pump,208.4188,203.7391,1.3498,1.0445,396.4649,63.5263,0
2025-04-26 12:00:00,HSM.DSC.PMP01,cooling_descaling_pump,175.3281,200.9499,-0.9236,1.1706,399.8883,53.8506,0
2025-04-26 13:00:00,HSM.DSC.PMP01,cooling_descaling_pump,193.0171,197.4591,0.2507,1.0297,403.0795,56.2073,0
2025-04-26 14:00:00,HSM.DSC.PMP01,cooling_descaling_pump,191.1723,203.9948,-0.5893,0.8857,406.9768,49.75,0
2025-04-26 15:00:00,HSM.DSC.PMP01,cooling_descaling_pump,163.6245,195.2471,-0.0514,0.995,400.8905,49.8332,0
2025-04-26 16:00:00,HSM.DSC.PMP01,cooling_descaling_pump,137.8457,197.4529,-0.5248,0.9238,401.1156,50.2038,0
2025-04-26 17:00:00,HSM.DSC.PMP01,cooling_descaling_pump,201.2257,198.6771,1.0023,1.0596,397.7776,58.11,0
2025-04-26 18:00:00,HSM.DSC.PMP01,cooling_descaling_pump,168.0353,197.8395,-1.1012,1.1374,392.502,60.7938,0
2025-04-26 19:00:00,HSM.DSC.PMP01,cooling_descaling_pump,173.9392,203.5169,0.3175,0.8263,395.8921,48.6927,0
2025-04-26 20:00:00,HSM.DSC.PMP01,cooling_descaling_pump,157.3403,202.7198,-0.5202,0.7084,399.6371,47.6747,0
2025-04-26 21:00:00,HSM.DSC.PMP01,cooling_descaling_pump,227.1023,200.203,0.438,0.7585,400.3948,57.2613,0
2025-04-26 22:00:00,HSM.DSC.PMP01,cooling_descaling_pump,164.246,203.4716,-0.5806,0.821,400.207,47.4131,0
2025-04-26 23:00:00,HSM.DSC.PMP01,cooling_descaling_pump,191.2181,199.4985,-0.39,1.1265,404.0065,60.445,0
2025-04-27 00:00:00,HSM.DSC.PMP01,cooling_descaling_pump,191.2107,198.4392,0.7179,1.1168,397.2875,52.8907,0
2025-04-27 01:00:00,HSM.DSC.PMP01,cooling_descaling_pump,197.9808,197.8537,0.8072,1.0148,402.5458,54.4173,0
2025-04-27 02:00:00,HSM.DSC.PMP01,cooling_descaling_pump,147.5109,198.2724,1.2296,1.1719,402.2596,49.4501,0
2025-04-27 03:00:00,HSM.DSC.PMP01,cooling_descaling_pump,194.7958,199.1727,-0.1247,0.9996,402.1031,57.2256,0
2025-04-27 04:00:00,HSM.DSC.PMP01,cooling_descaling_pump,204.9868,199.7876,0.0173,0.8155,393.7427,59.6459,0
2025-04-27 05:00:00,HSM.DSC.PMP01,cooling_descaling_pump,164.8194,199.9307,1.387,1.19,400.2176,61.7539,0
2025-04-27 06:00:00,HSM.DSC.PMP01,cooling_descaling_pump,160.0863,197.9775,1.1762,0.9876,404.1284,46.5067,0
2025-04-27 07:00:00,HSM.DSC.PMP01,cooling_descaling_pump,180.8014,199.8294,0.3582,0.9012,399.3506,52.5709,0
2025-04-27 08:00:00,HSM.DSC.PMP01,cooling_descaling_pump,205.8853,201.5328,1.0256,1.1983,399.6264,55.2444,0
2025-04-27 09:00:00,HSM.DSC.PMP01,cooling_descaling_pump,211.281,197.058,0.4204,0.9507,402.5403,58.6392,0
2025-04-27 10:00:00,HSM.DSC.PMP01,cooling_descaling_pump,160.2479,199.9027,1.4407,0.9554,408.8529,56.2638,0
2025-04-27 11:00:00,HSM.DSC.PMP01,cooling_descaling_pump,216.3301,205.554,0.645,1.0697,396.7024,54.1582,0
2025-04-27 12:00:00,HSM.DSC.PMP01,cooling_descaling_pump,172.6549,200.2992,-0.9865,1.0875,394.4595,56.4194,0
2025-04-27 13:00:00,HSM.DSC.PMP01,cooling_descaling_pump,152.0623,198.3404,0.1988,0.9814,400.8938,53.8387,0
2025-04-27 14:00:00,HSM.DSC.PMP01,cooling_descaling_pump,189.2418,198.1577,0.1441,0.8678,393.6552,46.9057,0
2025-04-27 15:00:00,HSM.DSC.PMP01,cooling_descaling_pump,223.4314,200.583,0.8154,0.5629,400.2215,44.8072,0
2025-04-27 16:00:00,HSM.DSC.PMP01,cooling_descaling_pump,149.2602,197.0785,1.1405,0.8196,396.5247,49.2391,0
2025-04-27 17:00:00,HSM.DSC.PMP01,cooling_descaling_pump,192.439,199.0163,0.0076,1.1362,401.8161,59.8505,0
2025-04-27 18:00:00,HSM.DSC.PMP01,cooling_descaling_pump,158.3103,201.0536,-0.5765,0.5349,400.2791,42.6503,0
2025-04-27 19:00:00,HSM.DSC.PMP01,cooling_descaling_pump,243.92,200.0958,0.6939,1.1903,395.6882,58.9889,0
2025-04-27 20:00:00,HSM.DSC.PMP01,cooling_descaling_pump,164.4046,200.0152,-0.9462,0.8615,405.8271,57.672,0
2025-04-27 21:00:00,HSM.DSC.PMP01,cooling_descaling_pump,190.6461,200.7028,-0.0578,0.9185,403.6677,50.6971,0
2025-04-27 22:00:00,HSM.DSC.PMP01,cooling_descaling_pump,182.7739,201.3544,0.1531,1.0768,395.527,51.5401,0
2025-04-27 23:00:00,HSM.DSC.PMP01,cooling_descaling_pump,203.5453,203.0556,0.2694,0.9653,397.9807,52.6619,0
2025-04-28 00:00:00,HSM.DSC.PMP01,cooling_descaling_pump,169.3975,200.5417,0.1229,1.1561,401.2948,59.5248,0
2025-04-28 01:00:00,HSM.DSC.PMP01,cooling_descaling_pump,164.2511,197.4296,-1.6842,1.2805,395.2509,58.3866,0
2025-04-28 02:00:00,HSM.DSC.PMP01,cooling_descaling_pump,209.4743,198.5763,-0.838,1.0448,400.6798,57.0245,0
2025-04-28 03:00:00,HSM.DSC.PMP01,cooling_descaling_pump,203.5755,200.6729,-0.1511,0.8459,398.0931,49.089,0
2025-04-28 04:00:00,HSM.DSC.PMP01,cooling_descaling_pump,173.3476,201.0067,0.5682,1.1263,401.98,60.9038,0
2025-04-28 05:00:00,HSM.DSC.PMP01,cooling_descaling_pump,160.7389,198.0173,-0.8608,1.1353,402.0687,57.7619,0
2025-04-28 06:00:00,HSM.DSC.PMP01,cooling_descaling_pump,180.9329,198.2168,-0.1458,1.0825,402.6674,52.0515,0
2025-04-28 07:00:00,HSM.DSC.PMP01,cooling_descaling_pump,149.5163,201.2848,-0.0558,1.3066,397.0535,62.5537,0
2025-04-28 08:00:00,HSM.DSC.PMP01,cooling_descaling_pump,196.6368,196.707,1.1641,0.9445,399.913,51.5351,0
2025-04-28 09:00:00,HSM.DSC.PMP01,cooling_descaling_pump,176.1163,197.6873,-0.0266,1.0307,403.6751,49.3421,0
2025-04-28 10:00:00,HSM.DSC.PMP01,cooling_descaling_pump,192.123,201.1745,-0.6162,1.0008,394.9841,56.5552,0
2025-04-28 11:00:00,HSM.DSC.PMP01,cooling_descaling_pump,222.7747,197.9671,0.0535,0.9102,405.1914,51.3305,0
2025-04-28 12:00:00,HSM.DSC.PMP01,cooling_descaling_pump,182.1424,203.7073,-0.1844,0.9397,399.0283,50.03,0
2025-04-28 13:00:00,HSM.DSC.PMP01,cooling_descaling_pump,192.3632,198.8584,-1.1894,1.0148,395.491,52.6008,0
2025-04-28 14:00:00,HSM.DSC.PMP01,cooling_descaling_pump,220.7086,198.6012,0.3366,1.09,402.7986,61.5399,0
2025-04-28 15:00:00,HSM.DSC.PMP01,cooling_descaling_pump,177.1218,197.093,1.124,1.0769,402.1874,59.7091,0
2025-04-28 16:00:00,HSM.DSC.PMP01,cooling_descaling_pump,213.804,203.5759,-0.4857,1.0051,402.0922,59.2025,0
2025-04-28 17:00:00,HSM.DSC.PMP01,cooling_descaling_pump,197.3489,195.8443,-0.3015,1.3517,406.2175,59.554,0
2025-04-28 18:00:00,HSM.DSC.PMP01,cooling_descaling_pump,138.5019,197.2686,0.3055,1.0515,396.5128,57.9516,0
2025-04-28 19:00:00,HSM.DSC.PMP01,cooling_descaling_pump,226.4376,197.0432,0.2233,0.8916,401.6679,48.4042,0
2025-04-28 20:00:00,HSM.DSC.PMP01,cooling_descaling_pump,197.0646,201.4128,0.4661,1.0731,394.8791,50.4125,0
2025-04-28 21:00:00,HSM.DSC.PMP01,cooling_descaling_pump,175.9407,201.3983,-0.3181,1.2074,396.7924,49.9165,0
2025-04-28 22:00:00,HSM.DSC.PMP01,cooling_descaling_pump,169.8405,199.8055,1.4529,0.8235,397.2658,41.4051,0
2025-04-28 23:00:00,HSM.DSC.PMP01,cooling_descaling_pump,210.098,204.2195,0.9028,0.5258,403.4126,48.4672,0
2025-04-29 00:00:00,HSM.DSC.PMP01,cooling_descaling_pump,153.7171,200.7426,-0.3137,1.0445,400.0975,59.3283,0
2025-04-29 01:00:00,HSM.DSC.PMP01,cooling_descaling_pump,165.9472,200.0434,0.1845,1.1493,396.4258,62.1401,0
2025-04-29 02:00:00,HSM.DSC.PMP01,cooling_descaling_pump,200.143,196.6342,-0.4449,0.8427,405.2277,62.3909,0
2025-04-29 03:00:00,HSM.DSC.PMP01,cooling_descaling_pump,189.7076,201.2388,-0.0068,0.9135,396.1063,50.3659,0
2025-04-29 04:00:00,HSM.DSC.PMP01,cooling_descaling_pump,137.6452,196.3565,1.2344,1.1953,399.1055,53.3083,0
2025-04-29 05:00:00,HSM.DSC.PMP01,cooling_descaling_pump,206.7277,201.3085,0.2423,0.916,394.7883,54.1148,0
2025-04-29 06:00:00,HSM.DSC.PMP01,cooling_descaling_pump,197.1076,200.3752,-0.6094,1.207,402.6871,59.7679,0
2025-04-29 07:00:00,HSM.DSC.PMP01,cooling_descaling_pump,195.9244,198.9571,-0.3204,1.2211,394.5664,54.2925,0
2025-04-29 08:00:00,HSM.DSC.PMP01,cooling_descaling_pump,222.1776,199.8916,0.9172,0.9721,402.1297,52.6198,0
2025-04-29 09:00:00,HSM.DSC.PMP01,cooling_descaling_pump,147.3672,205.0501,-0.2517,1.1798,407.7965,62.2544,0
2025-04-29 10:00:00,HSM.DSC.PMP01,cooling_descaling_pump,208.5296,204.9212,-0.0389,1.0786,403.2412,63.5745,0
2025-04-29 11:00:00,HSM.DSC.PMP01,cooling_descaling_pump,221.5766,199.2634,-0.0372,0.8118,405.5226,55.3158,0
2025-04-29 12:00:00,HSM.DSC.PMP01,cooling_descaling_pump,209.0097,196.8796,-0.2183,1.016,401.6484,59.3853,0
2025-04-29 13:00:00,HSM.DSC.PMP01,cooling_descaling_pump,190.9175,198.6929,0.6803,0.9322,403.8195,58.8922,0
2025-04-29 14:00:00,HSM.DSC.PMP01,cooling_descaling_pump,171.3955,198.0855,-0.6046,0.945,405.9478,54.3815,0
2025-04-29 15:00:00,HSM.DSC.PMP01,cooling_descaling_pump,181.1404,194.5932,1.6455,1.0739,392.1818,52.3507,0
2025-04-29 16:00:00,HSM.DSC.PMP01,cooling_descaling_pump,203.4322,199.9096,-0.5918,0.9087,403.2168,48.435,0
2025-04-29 17:00:00,HSM.DSC.PMP01,cooling_descaling_pump,187.1264,201.1157,-0.0475,1.1209,402.8343,49.5528,0
2025-04-29 18:00:00,HSM.DSC.PMP01,cooling_descaling_pump,177.813,197.5767,1.299,1.1316,396.4458,55.8909,0
2025-04-29 19:00:00,HSM.DSC.PMP01,cooling_descaling_pump,188.142,203.8747,-0.2667,1.178,402.1284,55.019,0
2025-04-29 20:00:00,HSM.DSC.PMP01,cooling_descaling_pump,137.5599,203.6128,0.3646,1.0225,400.6563,51.1167,0
2025-04-29 21:00:00,HSM.DSC.PMP01,cooling_descaling_pump,166.271,201.7481,-0.0769,0.953,397.479,51.1796,0
2025-04-29 22:00:00,HSM.DSC.PMP01,cooling_descaling_pump,115.8453,203.0229,-0.27,1.2079,399.9523,58.9766,0
2025-04-29 23:00:00,HSM.DSC.PMP01,cooling_descaling_pump,217.1558,198.476,0.1662,0.8259,403.5215,45.3872,0
2025-04-30 00:00:00,HSM.DSC.PMP01,cooling_descaling_pump,170.3065,201.6485,-0.1896,1.0798,405.1042,57.088,0
2025-04-30 01:00:00,HSM.DSC.PMP01,cooling_descaling_pump,162.7145,203.8695,0.7045,0.947,400.9714,49.7489,0
2025-04-30 02:00:00,HSM.DSC.PMP01,cooling_descaling_pump,174.2563,197.9601,-0.315,0.8377,398.3088,52.4466,0
2025-04-30 03:00:00,HSM.DSC.PMP01,cooling_descaling_pump,168.881,200.0187,-0.0424,1.1597,398.6841,50.2817,0
2025-04-30 04:00:00,HSM.DSC.PMP01,cooling_descaling_pump,236.0891,205.8576,-0.0773,0.78,398.5775,60.6286,0
2025-04-30 05:00:00,HSM.DSC.PMP01,cooling_descaling_pump,176.8268,199.4207,0.8386,0.9485,398.4933,55.3103,0
2025-04-30 06:00:00,HSM.DSC.PMP01,cooling_descaling_pump,177.9694,201.8802,-0.1353,1.0745,397.5713,62.7613,0
2025-04-30 07:00:00,HSM.DSC.PMP01,cooling_descaling_pump,177.11,196.975,0.9929,1.2278,403.471,50.5666,0
2025-04-30 08:00:00,HSM.DSC.PMP01,cooling_descaling_pump,174.6832,198.1922,0.2436,1.0238,403.5921,58.2837,0
2025-04-30 09:00:00,HSM.DSC.PMP01,cooling_descaling_pump,167.3339,200.9677,-0.4589,1.1989,402.1011,57.7186,0
2025-04-30 10:00:00,HSM.DSC.PMP01,cooling_descaling_pump,199.7285,189.9235,2.1711,1.1379,403.805,44.5799,0
2025-04-30 11:00:00,HSM.DSC.PMP01,cooling_descaling_pump,199.233,201.0743,-1.047,0.8822,399.4573,56.4683,0
2025-04-30 12:00:00,HSM.DSC.PMP01,cooling_descaling_pump,187.8791,201.2294,1.0461,0.9972,400.9013,52.1222,0
2025-04-30 13:00:00,HSM.DSC.PMP01,cooling_descaling_pump,202.1124,202.3866,0.706,1.1522,406.2709,62.6743,0
2025-04-30 14:00:00,HSM.DSC.PMP01,cooling_descaling_pump,167.1193,193.3967,-0.9459,1.0759,396.9342,54.3622,0
2025-04-30 15:00:00,HSM.DSC.PMP01,cooling_descaling_pump,226.282,208.5182,0.4356,0.9412,395.1367,52.4056,0
2025-04-30 16:00:00,HSM.DSC.PMP01,cooling_descaling_pump,176.3115,194.6628,0.4547,1.4144,397.1149,57.426,0
2025-04-30 17:00:00,HSM.DSC.PMP01,cooling_descaling_pump,235.517,205.1234,-1.2037,0.6791,399.5932,53.0705,0
2025-04-30 18:00:00,HSM.DSC.PMP01,cooling_descaling_pump,152.869,198.9358,-0.8998,1.1809,402.9871,59.7421,0
2025-04-30 19:00:00,HSM.DSC.PMP01,cooling_descaling_pump,183.8708,197.3631,-0.4048,0.9009,391.7626,54.7146,0
2025-04-30 20:00:00,HSM.DSC.PMP01,cooling_descaling_pump,176.7082,201.1365,-0.3584,1.1438,399.0656,52.4478,0
2025-04-30 21:00:00,HSM.DSC.PMP01,cooling_descaling_pump,199.947,204.0944,0.3692,1.1214,403.2069,63.4055,0
2025-04-30 22:00:00,HSM.DSC.PMP01,cooling_descaling_pump,181.0353,203.7491,-0.9212,1.2064,399.308,61.4666,0
2025-04-30 23:00:00,HSM.DSC.PMP01,cooling_descaling_pump,172.9062,203.6049,-0.7479,0.7366,412.3837,56.3716,0
2025-05-01 00:00:00,HSM.DSC.PMP01,cooling_descaling_pump,212.6401,200.6609,0.3424,0.6305,404.2894,51.3589,0
2025-05-01 01:00:00,HSM.DSC.PMP01,cooling_descaling_pump,221.8651,193.2509,0.2521,1.0796,394.4231,54.5142,0
2025-05-01 02:00:00,HSM.DSC.PMP01,cooling_descaling_pump,167.1939,205.1033,1.4254,0.9906,400.933,59.1276,0
2025-05-01 03:00:00,HSM.DSC.PMP01,cooling_descaling_pump,203.0791,206.9891,0.3673,0.9217,399.4996,60.6535,0
2025-05-01 04:00:00,HSM.DSC.PMP01,cooling_descaling_pump,224.9789,199.703,0.4179,1.4092,406.3062,64.628,0
2025-05-01 05:00:00,HSM.DSC.PMP01,cooling_descaling_pump,132.3277,202.9169,0.0182,0.9086,405.5308,49.5702,0
2025-05-01 06:00:00,HSM.DSC.PMP01,cooling_descaling_pump,186.3673,203.9122,0.4061,0.8454,398.7733,55.7326,0
2025-05-01 07:00:00,HSM.DSC.PMP01,cooling_descaling_pump,204.88,197.2572,-0.9312,1.0382,401.4067,51.9219,0
2025-05-01 08:00:00,HSM.DSC.PMP01,cooling_descaling_pump,188.9099,200.2318,-0.7923,1.038,399.0238,60.4348,0
2025-05-01 09:00:00,HSM.DSC.PMP01,cooling_descaling_pump,192.1999,198.1444,0.2719,1.0389,406.3168,53.8464,0
2025-05-01 10:00:00,HSM.DSC.PMP01,cooling_descaling_pump,181.3125,199.0931,0.3358,1.1417,397.4322,56.4729,0
2025-05-01 11:00:00,HSM.DSC.PMP01,cooling_descaling_pump,188.5903,194.3588,0.0405,1.0179,400.2668,55.1463,0
2025-05-01 12:00:00,HSM.DSC.PMP01,cooling_descaling_pump,177.9508,201.6049,-0.1022,0.9589,396.9091,62.299,0
2025-05-01 13:00:00,HSM.DSC.PMP01,cooling_descaling_pump,165.764,199.0726,1.7761,1.2505,391.5544,58.5944,0
2025-05-01 14:00:00,HSM.DSC.PMP01,cooling_descaling_pump,202.3571,194.6742,-0.4259,1.1082,402.3999,58.8663,0
2025-05-01 15:00:00,HSM.DSC.PMP01,cooling_descaling_pump,199.8375,196.0388,-0.6995,1.1948,398.6142,58.3719,0
2025-05-01 16:00:00,HSM.DSC.PMP01,cooling_descaling_pump,227.0232,195.0422,-0.3195,0.8066,402.8595,52.821,0
2025-05-01 17:00:00,HSM.DSC.PMP01,cooling_descaling_pump,166.2197,202.9572,0.3327,0.7056,397.5697,43.0941,0
2025-05-01 18:00:00,HSM.DSC.PMP01,cooling_descaling_pump,199.4398,196.3706,-0.9478,1.1702,397.5696,60.0072,0
2025-05-01 19:00:00,HSM.DSC.PMP01,cooling_descaling_pump,169.0382,198.8698,-1.6537,1.0807,397.8928,60.1627,0
2025-05-01 20:00:00,HSM.DSC.PMP01,cooling_descaling_pump,240.4396,202.3994,-1.1487,0.4851,398.3159,49.1719,0
2025-05-01 21:00:00,HSM.DSC.PMP01,cooling_descaling_pump,208.7905,202.0292,-1.246,1.0233,394.8327,55.214,0
2025-05-01 22:00:00,HSM.DSC.PMP01,cooling_descaling_pump,155.5561,203.1029,1.2641,1.1032,394.48,56.468,0
2025-05-01 23:00:00,HSM.DSC.PMP01,cooling_descaling_pump,181.8108,198.7313,0.1897,0.8474,403.3505,55.1796,0
2025-05-02 00:00:00,HSM.DSC.PMP01,cooling_descaling_pump,159.1743,199.1847,0.499,1.0795,405.0951,60.3704,0
2025-05-02 01:00:00,HSM.DSC.PMP01,cooling_descaling_pump,196.9265,199.6075,0.5521,1.1382,398.4401,63.4551,0
2025-05-02 02:00:00,HSM.DSC.PMP01,cooling_descaling_pump,152.742,198.6199,0.2397,1.1844,393.4216,56.131,0
2025-05-02 03:00:00,HSM.DSC.PMP01,cooling_descaling_pump,177.6341,198.3259,-0.2775,0.9321,400.7446,47.918,0
2025-05-02 04:00:00,HSM.DSC.PMP01,cooling_descaling_pump,193.6534,201.7854,-0.497,1.3277,395.9117,54.8304,0
2025-05-02 05:00:00,HSM.DSC.PMP01,cooling_descaling_pump,241.2959,195.9075,0.9151,0.9296,398.7487,59.7695,0
2025-05-02 06:00:00,HSM.DSC.PMP01,cooling_descaling_pump,192.9605,199.6261,-1.4854,0.7213,403.8137,49.2206,0
2025-05-02 07:00:00,HSM.DSC.PMP01,cooling_descaling_pump,157.6904,204.2708,-0.425,0.8109,397.1419,57.7518,0
2025-05-02 08:00:00,HSM.DSC.PMP01,cooling_descaling_pump,189.7286,204.9515,-0.6521,0.9476,397.176,59.6927,0
2025-05-02 09:00:00,HSM.DSC.PMP01,cooling_descaling_pump,145.7354,199.2804,0.3334,1.1698,396.8216,54.3068,0
2025-05-02 10:00:00,HSM.DSC.PMP01,cooling_descaling_pump,147.5649,198.0373,0.0325,1.195,404.4771,59.8634,0
2025-05-02 11:00:00,HSM.DSC.PMP01,cooling_descaling_pump,157.3614,197.4132,-0.6381,1.0652,399.7783,67.8816,0
2025-05-02 12:00:00,HSM.DSC.PMP01,cooling_descaling_pump,194.658,198.5204,-0.2463,0.9104,397.5273,56.3813,0
2025-05-02 13:00:00,HSM.DSC.PMP01,cooling_descaling_pump,158.4093,199.9945,0.3223,1.2707,398.1037,57.8049,0
2025-05-02 14:00:00,HSM.DSC.PMP01,cooling_descaling_pump,172.0311,200.7479,0.8754,0.9936,403.4512,57.0327,0
2025-05-02 15:00:00,HSM.DSC.PMP01,cooling_descaling_pump,144.9529,203.7698,-0.195,1.0279,391.0844,53.0757,0
2025-05-02 16:00:00,HSM.DSC.PMP01,cooling_descaling_pump,152.2755,200.9405,-0.2333,0.9901,395.2477,57.6378,0
2025-05-02 17:00:00,HSM.DSC.PMP01,cooling_descaling_pump,171.7481,196.5427,-0.4093,1.1123,403.7608,52.416,0
2025-05-02 18:00:00,HSM.DSC.PMP01,cooling_descaling_pump,158.6844,198.8945,-0.1563,0.9549,400.544,58.7278,0
2025-05-02 19:00:00,HSM.DSC.PMP01,cooling_descaling_pump,198.7584,203.7329,0.2621,0.7837,408.503,51.1795,0
2025-05-02 20:00:00,HSM.DSC.PMP01,cooling_descaling_pump,144.585,197.7911,0.5175,0.8762,398.2997,49.157,0
2025-05-02 21:00:00,HSM.DSC.PMP01,cooling_descaling_pump,179.8107,201.8087,-0.0954,1.1011,394.6755,53.3296,0
2025-05-02 22:00:00,HSM.DSC.PMP01,cooling_descaling_pump,190.9701,199.8513,-0.5722,0.7113,404.0678,49.7362,0
2025-05-02 23:00:00,HSM.DSC.PMP01,cooling_descaling_pump,223.8765,200.0123,0.0804,1.059,397.8377,55.0147,0
2025-05-03 00:00:00,HSM.DSC.PMP01,cooling_descaling_pump,186.0649,201.5597,0.0545,0.8932,396.8602,52.7787,0
2025-05-03 01:00:00,HSM.DSC.PMP01,cooling_descaling_pump,182.5576,204.6841,-2.0,1.1004,396.6089,54.3114,0
2025-05-03 02:00:00,HSM.DSC.PMP01,cooling_descaling_pump,200.9921,201.9869,-0.6423,0.878,394.1691,53.1118,0
2025-05-03 03:00:00,HSM.DSC.PMP01,cooling_descaling_pump,202.2745,197.8136,0.1745,1.0257,405.2378,53.062,0
2025-05-03 04:00:00,HSM.DSC.PMP01,cooling_descaling_pump,180.913,202.2629,-0.7162,0.9017,402.0043,57.2005,0
2025-05-03 05:00:00,HSM.DSC.PMP01,cooling_descaling_pump,180.1958,201.2761,1.9827,0.9661,404.024,50.0224,0
2025-05-03 06:00:00,HSM.DSC.PMP01,cooling_descaling_pump,186.1113,202.2018,1.2437,0.9363,393.5856,54.5193,0
2025-05-03 07:00:00,HSM.DSC.PMP01,cooling_descaling_pump,169.7583,197.6353,-0.656,1.0914,400.3836,65.0561,0
2025-05-03 08:00:00,HSM.DSC.PMP01,cooling_descaling_pump,180.9583,198.455,0.3917,1.0527,399.487,59.059,0
2025-05-03 09:00:00,HSM.DSC.PMP01,cooling_descaling_pump,152.9012,201.5399,0.1406,0.9774,395.9363,56.7465,0
2025-05-03 10:00:00,HSM.DSC.PMP01,cooling_descaling_pump,207.1819,197.3255,-0.8121,1.0535,393.9117,56.124,0
2025-05-03 11:00:00,HSM.DSC.PMP01,cooling_descaling_pump,202.9818,202.3416,-0.0866,0.994,403.7893,47.7384,0
2025-05-03 12:00:00,HSM.DSC.PMP01,cooling_descaling_pump,189.7536,200.1841,-0.7169,1.3204,402.7093,65.0993,0
2025-05-03 13:00:00,HSM.DSC.PMP01,cooling_descaling_pump,183.579,201.4331,-0.4218,1.0099,399.7663,53.0976,0
2025-05-03 14:00:00,HSM.DSC.PMP01,cooling_descaling_pump,199.2475,194.7725,0.2809,1.0215,406.6589,62.6492,0
2025-05-03 15:00:00,HSM.DSC.PMP01,cooling_descaling_pump,182.0123,197.2938,0.1204,0.8451,393.849,48.5701,0
2025-05-03 16:00:00,HSM.DSC.PMP01,cooling_descaling_pump,188.6491,204.6523,0.5086,0.7653,401.7367,53.9238,0
2025-05-03 17:00:00,HSM.DSC.PMP01,cooling_descaling_pump,151.8021,198.1344,0.0899,1.1947,401.8226,57.7791,0
2025-05-03 18:00:00,HSM.DSC.PMP01,cooling_descaling_pump,161.3637,202.5456,-0.3603,1.1245,395.5273,55.9616,0
2025-05-03 19:00:00,HSM.DSC.PMP01,cooling_descaling_pump,196.105,198.217,-0.1635,1.1988,398.4366,58.0821,0
2025-05-03 20:00:00,HSM.DSC.PMP01,cooling_descaling_pump,199.3785,198.1503,-0.8824,1.187,400.2699,56.8406,0
2025-05-03 21:00:00,HSM.DSC.PMP01,cooling_descaling_pump,182.2277,198.5551,1.0309,1.326,390.7239,58.5135,0
2025-05-03 22:00:00,HSM.DSC.PMP01,cooling_descaling_pump,202.5302,197.6253,0.8231,0.9372,403.1683,56.8759,0
2025-05-03 23:00:00,HSM.DSC.PMP01,cooling_descaling_pump,184.9031,200.8157,0.7764,0.9988,402.9702,61.6143,0
2025-05-04 00:00:00,HSM.DSC.PMP01,cooling_descaling_pump,179.6884,200.627,0.6086,1.1171,396.2733,53.4282,0
2025-05-04 01:00:00,HSM.DSC.PMP01,cooling_descaling_pump,164.7062,197.7978,-0.4392,0.7603,398.9512,56.1182,0
2025-05-04 02:00:00,HSM.DSC.PMP01,cooling_descaling_pump,168.847,199.6899,1.2833,1.2323,399.2985,53.3278,0
2025-05-04 03:00:00,HSM.DSC.PMP01,cooling_descaling_pump,174.8933,203.9376,-0.4954,0.9761,396.1184,54.1509,0
2025-05-04 04:00:00,HSM.DSC.PMP01,cooling_descaling_pump,207.3095,202.1582,1.8483,1.0172,403.3569,55.5644,0
2025-05-04 05:00:00,HSM.DSC.PMP01,cooling_descaling_pump,183.6181,203.8104,-0.3075,1.0111,399.8968,50.3531,0
2025-05-04 06:00:00,HSM.DSC.PMP01,cooling_descaling_pump,176.263,206.4453,-0.4796,0.8852,399.9872,59.579,0
2025-05-04 07:00:00,HSM.DSC.PMP01,cooling_descaling_pump,204.0933,198.2598,-0.2882,1.0427,402.2517,56.062,0
2025-05-04 08:00:00,HSM.DSC.PMP01,cooling_descaling_pump,155.759,201.1019,-0.1452,0.9869,406.8016,59.6001,0
2025-05-04 09:00:00,HSM.DSC.PMP01,cooling_descaling_pump,208.5886,201.6931,0.5085,0.9505,402.7492,60.6697,0
2025-05-04 10:00:00,HSM.DSC.PMP01,cooling_descaling_pump,185.7778,202.3732,-0.6623,1.024,408.673,58.6929,0
2025-05-04 11:00:00,HSM.DSC.PMP01,cooling_descaling_pump,150.5992,200.2096,-0.328,1.0223,406.5274,51.2962,0
2025-05-04 12:00:00,HSM.DSC.PMP01,cooling_descaling_pump,212.1621,200.0814,-0.4139,0.7747,404.4169,51.8637,0
2025-05-04 13:00:00,HSM.DSC.PMP01,cooling_descaling_pump,224.4228,197.6606,1.238,0.8964,402.0154,53.7962,0
2025-05-04 14:00:00,HSM.DSC.PMP01,cooling_descaling_pump,184.8867,195.5473,-0.2428,1.1692,390.5554,52.409,0
2025-05-04 15:00:00,HSM.DSC.PMP01,cooling_descaling_pump,187.8569,199.1588,0.2524,1.0689,398.6892,61.0537,0
2025-05-04 16:00:00,HSM.DSC.PMP01,cooling_descaling_pump,209.9957,204.0889,-0.257,1.1539,401.4115,56.8157,0
2025-05-04 17:00:00,HSM.DSC.PMP01,cooling_descaling_pump,193.8305,203.3826,-0.5369,1.0147,405.4686,54.0886,0
2025-05-04 18:00:00,HSM.DSC.PMP01,cooling_descaling_pump,175.9278,202.7534,0.5083,1.0829,389.4032,56.6459,0
2025-05-04 19:00:00,HSM.DSC.PMP01,cooling_descaling_pump,229.5668,198.5307,0.4056,0.4138,400.73,45.3742,0
2025-05-04 20:00:00,HSM.DSC.PMP01,cooling_descaling_pump,184.8269,200.0445,-0.1918,0.6944,404.5848,50.4618,0
2025-05-04 21:00:00,HSM.DSC.PMP01,cooling_descaling_pump,216.5113,195.9091,-0.7773,0.8956,406.2013,60.0217,0
2025-05-04 22:00:00,HSM.DSC.PMP01,cooling_descaling_pump,209.1112,199.9047,0.164,0.8168,401.5391,48.3525,0
2025-05-04 23:00:00,HSM.DSC.PMP01,cooling_descaling_pump,158.3776,195.8762,0.062,0.7251,401.096,43.2224,0
2025-05-05 00:00:00,HSM.DSC.PMP01,cooling_descaling_pump,187.1031,202.9208,1.3531,1.2237,399.8852,60.3434,0
2025-05-05 01:00:00,HSM.DSC.PMP01,cooling_descaling_pump,160.227,197.6557,-0.2129,1.2605,402.8979,59.4738,0
2025-05-05 02:00:00,HSM.DSC.PMP01,cooling_descaling_pump,197.9171,202.4701,0.4369,0.8566,397.7475,54.4788,0
2025-05-05 03:00:00,HSM.DSC.PMP01,cooling_descaling_pump,181.3915,198.3327,-0.2207,0.8388,405.6702,45.4426,0
2025-05-05 04:00:00,HSM.DSC.PMP01,cooling_descaling_pump,217.4622,204.2555,0.6588,0.9055,402.6754,48.4256,0
2025-05-05 05:00:00,HSM.DSC.PMP01,cooling_descaling_pump,190.0453,195.894,-0.1716,0.8592,394.3401,43.7104,0
2025-05-05 06:00:00,HSM.DSC.PMP01,cooling_descaling_pump,196.0636,198.2062,-0.4664,1.049,391.8549,56.4011,0
2025-05-05 07:00:00,HSM.DSC.PMP01,cooling_descaling_pump,183.4955,194.3717,0.2264,1.0415,398.515,59.8872,0
2025-05-05 08:00:00,HSM.DSC.PMP01,cooling_descaling_pump,159.9279,195.2679,0.9209,0.8079,407.1593,44.0808,0
2025-05-05 09:00:00,HSM.DSC.PMP01,cooling_descaling_pump,160.8793,208.8963,0.4745,1.2768,402.3465,55.8537,0
2025-05-05 10:00:00,HSM.DSC.PMP01,cooling_descaling_pump,148.842,198.3582,-0.1695,1.2531,396.187,60.016,0
2025-05-05 11:00:00,HSM.DSC.PMP01,cooling_descaling_pump,193.1476,206.279,0.2502,0.8201,399.0945,54.3598,0
2025-05-05 12:00:00,HSM.DSC.PMP01,cooling_descaling_pump,187.5277,197.6625,-0.5823,0.9055,396.55,51.1614,0
2025-05-05 13:00:00,HSM.DSC.PMP01,cooling_descaling_pump,155.8831,207.7784,0.6513,0.8341,408.5932,48.7696,0
2025-05-05 14:00:00,HSM.DSC.PMP01,cooling_descaling_pump,198.7274,204.6525,0.7279,0.9749,402.4634,53.0655,0
2025-05-05 15:00:00,HSM.DSC.PMP01,cooling_descaling_pump,151.8695,200.0576,-0.7168,1.4131,398.2194,65.8491,0
2025-05-05 16:00:00,HSM.DSC.PMP01,cooling_descaling_pump,179.9435,195.6872,0.7377,1.0299,402.4392,51.4426,0
2025-05-05 17:00:00,HSM.DSC.PMP01,cooling_descaling_pump,181.5971,201.9067,0.1875,0.8439,394.6858,48.24,0
2025-05-05 18:00:00,HSM.DSC.PMP01,cooling_descaling_pump,203.5811,198.3772,-1.035,0.7593,401.7482,46.5654,0
2025-05-05 19:00:00,HSM.DSC.PMP01,cooling_descaling_pump,207.64,196.161,-0.3115,0.8896,398.7884,52.9934,0
2025-05-05 20:00:00,HSM.DSC.PMP01,cooling_descaling_pump,201.3248,195.9325,0.3726,1.1341,398.871,50.3464,0
2025-05-05 21:00:00,HSM.DSC.PMP01,cooling_descaling_pump,178.3001,196.5422,-0.9692,1.2609,395.9505,60.8747,0
2025-05-05 22:00:00,HSM.DSC.PMP01,cooling_descaling_pump,224.3915,199.3474,-0.1258,0.7623,403.8125,55.5394,0
2025-05-05 23:00:00,HSM.DSC.PMP01,cooling_descaling_pump,213.9419,202.174,1.121,0.7102,404.3109,56.2427,0
2025-05-06 00:00:00,HSM.DSC.PMP01,cooling_descaling_pump,176.7216,199.5696,0.2287,1.1824,398.732,60.6387,0
2025-05-06 01:00:00,HSM.DSC.PMP01,cooling_descaling_pump,217.4154,197.6158,0.4229,0.9265,398.5774,51.6997,0
2025-05-06 02:00:00,HSM.DSC.PMP01,cooling_descaling_pump,183.4798,201.0725,0.3303,0.9777,400.0705,58.8821,0
2025-05-06 03:00:00,HSM.DSC.PMP01,cooling_descaling_pump,202.2976,198.4014,0.0319,0.9465,396.8184,51.0897,0
2025-05-06 04:00:00,HSM.DSC.PMP01,cooling_descaling_pump,186.562,206.4465,-1.3348,0.7202,406.4625,54.2994,0
2025-05-06 05:00:00,HSM.DSC.PMP01,cooling_descaling_pump,180.9246,202.8492,-0.6654,0.8224,397.6914,51.2724,0
2025-05-06 06:00:00,HSM.DSC.PMP01,cooling_descaling_pump,202.6456,205.0994,-0.2886,0.9583,394.8051,57.4403,0
2025-05-06 07:00:00,HSM.DSC.PMP01,cooling_descaling_pump,182.057,196.6851,-0.8119,1.2529,398.8144,55.8608,0
2025-05-06 08:00:00,HSM.DSC.PMP01,cooling_descaling_pump,191.9711,194.0714,1.3245,1.1017,389.7629,60.2799,0
2025-05-06 09:00:00,HSM.DSC.PMP01,cooling_descaling_pump,174.4722,195.8418,1.2925,1.2338,401.9218,60.3165,0
2025-05-06 10:00:00,HSM.DSC.PMP01,cooling_descaling_pump,181.9638,198.6325,0.1957,0.9648,399.4743,47.3185,0
2025-05-06 11:00:00,HSM.DSC.PMP01,cooling_descaling_pump,164.3127,194.8993,-0.4088,0.9903,396.6237,57.0116,0
2025-05-06 12:00:00,HSM.DSC.PMP01,cooling_descaling_pump,150.4886,207.0411,-0.2959,0.9855,404.1578,54.0708,0
2025-05-06 13:00:00,HSM.DSC.PMP01,cooling_descaling_pump,181.9038,197.1463,-0.0181,0.8995,402.2447,56.0493,0
2025-05-06 14:00:00,HSM.DSC.PMP01,cooling_descaling_pump,166.3664,196.6062,-0.57,1.0788,402.3513,47.158,0
2025-05-06 15:00:00,HSM.DSC.PMP01,cooling_descaling_pump,175.6358,201.7427,-0.659,1.1269,398.3508,58.1752,0
2025-05-06 16:00:00,HSM.DSC.PMP01,cooling_descaling_pump,148.7115,202.5185,-0.2858,1.0222,404.358,55.7416,0
2025-05-06 17:00:00,HSM.DSC.PMP01,cooling_descaling_pump,181.9417,195.2379,0.907,1.1489,403.9497,54.919,0
2025-05-06 18:00:00,HSM.DSC.PMP01,cooling_descaling_pump,160.4508,200.3315,0.7254,0.8102,400.384,45.6109,0
2025-05-06 19:00:00,HSM.DSC.PMP01,cooling_descaling_pump,157.8363,199.565,-0.3218,0.9433,397.3511,50.9347,0
2025-05-06 20:00:00,HSM.DSC.PMP01,cooling_descaling_pump,223.0667,199.5554,-0.8765,0.8792,403.6359,54.9081,0
2025-05-06 21:00:00,HSM.DSC.PMP01,cooling_descaling_pump,187.902,192.246,-0.9175,1.3562,401.0433,54.7677,0
2025-05-06 22:00:00,HSM.DSC.PMP01,cooling_descaling_pump,224.2142,192.7513,-1.6992,1.0168,398.884,55.7498,0
2025-05-06 23:00:00,HSM.DSC.PMP01,cooling_descaling_pump,170.0297,194.834,-0.7871,1.2147,403.0654,56.5167,0
2025-05-07 00:00:00,HSM.DSC.PMP01,cooling_descaling_pump,215.0482,204.8454,0.6704,0.514,403.9674,47.3875,0
2025-05-07 01:00:00,HSM.DSC.PMP01,cooling_descaling_pump,179.3002,199.495,-0.2883,1.1699,390.8545,58.1971,0
2025-05-07 02:00:00,HSM.DSC.PMP01,cooling_descaling_pump,172.7913,201.0497,0.4234,1.127,404.7499,57.6431,0
2025-05-07 03:00:00,HSM.DSC.PMP01,cooling_descaling_pump,190.5198,195.0805,-0.3879,1.0362,399.4812,58.4186,0
2025-05-07 04:00:00,HSM.DSC.PMP01,cooling_descaling_pump,153.4659,199.9406,-0.0644,1.1063,402.7823,59.6258,0
2025-05-07 05:00:00,HSM.DSC.PMP01,cooling_descaling_pump,193.9522,199.1066,-1.087,0.7105,402.8674,47.9429,0
2025-05-07 06:00:00,HSM.DSC.PMP01,cooling_descaling_pump,207.7414,199.789,0.5082,0.633,405.7805,52.7405,0
2025-05-07 07:00:00,HSM.DSC.PMP01,cooling_descaling_pump,221.6437,202.205,-0.7479,0.8846,396.9252,51.9541,0
2025-05-07 08:00:00,HSM.DSC.PMP01,cooling_descaling_pump,195.3111,198.6813,0.1004,1.0411,402.6558,62.3142,0
2025-05-07 09:00:00,HSM.DSC.PMP01,cooling_descaling_pump,207.7586,195.6382,-0.8318,0.8811,397.8211,49.8224,0
2025-05-07 10:00:00,HSM.DSC.PMP01,cooling_descaling_pump,210.4237,201.2136,-1.374,1.0119,397.562,54.4387,0
2025-05-07 11:00:00,HSM.DSC.PMP01,cooling_descaling_pump,198.7451,208.7383,-0.1454,0.8521,403.507,59.0226,0
2025-05-07 12:00:00,HSM.DSC.PMP01,cooling_descaling_pump,183.1476,195.9707,-0.3484,1.3224,392.3474,57.19,0
2025-05-07 13:00:00,HSM.DSC.PMP01,cooling_descaling_pump,181.1442,198.2579,0.0437,0.8832,402.7891,50.5351,0
2025-05-07 14:00:00,HSM.DSC.PMP01,cooling_descaling_pump,175.8986,197.2341,0.6536,1.0875,396.9583,57.1582,0
2025-05-07 15:00:00,HSM.DSC.PMP01,cooling_descaling_pump,189.7393,196.9985,-0.0582,0.8683,402.372,57.0311,0
2025-05-07 16:00:00,HSM.DSC.PMP01,cooling_descaling_pump,175.5618,200.9728,-0.6181,1.0017,392.2137,50.5866,0
2025-05-07 17:00:00,HSM.DSC.PMP01,cooling_descaling_pump,191.6493,206.194,-0.344,0.5397,400.7675,49.809,0
2025-05-07 18:00:00,HSM.DSC.PMP01,cooling_descaling_pump,186.5187,200.0549,0.3065,1.0555,397.1363,56.0722,0
2025-05-07 19:00:00,HSM.DSC.PMP01,cooling_descaling_pump,172.065,202.8944,-0.0185,1.0985,396.7867,60.1799,0
2025-05-07 20:00:00,HSM.DSC.PMP01,cooling_descaling_pump,177.3693,200.844,-0.077,1.1258,398.9695,60.1865,0
2025-05-07 21:00:00,HSM.DSC.PMP01,cooling_descaling_pump,200.3137,197.9107,-0.5884,1.0526,407.0489,55.9444,0
2025-05-07 22:00:00,HSM.DSC.PMP01,cooling_descaling_pump,211.4584,205.5251,0.1356,0.8063,399.3187,46.2491,0
2025-05-07 23:00:00,HSM.DSC.PMP01,cooling_descaling_pump,200.6713,197.8814,0.0508,0.9477,398.1151,49.2233,0
2025-05-08 00:00:00,HSM.DSC.PMP01,cooling_descaling_pump,215.3697,201.4681,-0.3926,1.0005,400.0624,63.0853,0
2025-05-08 01:00:00,HSM.DSC.PMP01,cooling_descaling_pump,225.6934,199.2142,0.2721,0.9366,399.5871,58.446,0
2025-05-08 02:00:00,HSM.DSC.PMP01,cooling_descaling_pump,221.9724,198.1802,-0.1872,1.0955,396.7839,46.956,0
2025-05-08 03:00:00,HSM.DSC.PMP01,cooling_descaling_pump,202.4866,198.6149,0.7763,0.7909,399.0071,60.9024,0
2025-05-08 04:00:00,HSM.DSC.PMP01,cooling_descaling_pump,130.0568,203.1201,-0.4038,1.1194,403.2597,51.7453,0
2025-05-08 05:00:00,HSM.DSC.PMP01,cooling_descaling_pump,206.212,193.1645,-0.0725,0.9871,402.537,57.6156,0
2025-05-08 06:00:00,HSM.DSC.PMP01,cooling_descaling_pump,181.9047,200.9516,-1.0923,1.1237,392.9148,59.1823,0
2025-05-08 07:00:00,HSM.DSC.PMP01,cooling_descaling_pump,217.5894,202.5379,0.2398,0.7827,394.4905,58.3131,0
2025-05-08 08:00:00,HSM.DSC.PMP01,cooling_descaling_pump,247.7665,200.9847,-0.1564,1.028,399.4422,63.0453,0
2025-05-08 09:00:00,HSM.DSC.PMP01,cooling_descaling_pump,205.4119,202.4006,-0.6648,0.7359,399.6866,49.6923,0
2025-05-08 10:00:00,HSM.DSC.PMP01,cooling_descaling_pump,164.6325,196.0584,-1.1443,0.8986,388.2164,49.7097,0
2025-05-08 11:00:00,HSM.DSC.PMP01,cooling_descaling_pump,202.8895,206.4252,-0.6589,0.7992,397.157,50.1564,0
2025-05-08 12:00:00,HSM.DSC.PMP01,cooling_descaling_pump,185.1451,199.2066,-0.0009,1.4818,398.8144,62.6596,0
2025-05-08 13:00:00,HSM.DSC.PMP01,cooling_descaling_pump,152.9027,197.6081,0.1064,0.9354,403.803,51.7566,0
2025-05-08 14:00:00,HSM.DSC.PMP01,cooling_descaling_pump,176.3668,199.2919,0.596,0.8375,403.9221,52.6361,0
2025-05-08 15:00:00,HSM.DSC.PMP01,cooling_descaling_pump,180.7763,199.1164,-0.5219,0.8969,393.8341,50.1777,0
2025-05-08 16:00:00,HSM.DSC.PMP01,cooling_descaling_pump,131.6264,201.5125,0.4216,1.1127,395.2154,56.1123,0
2025-05-08 17:00:00,HSM.DSC.PMP01,cooling_descaling_pump,191.7989,199.3296,-0.5559,1.1147,395.0688,54.3095,0
2025-05-08 18:00:00,HSM.DSC.PMP01,cooling_descaling_pump,188.0776,200.1592,-1.2935,0.9123,403.5603,53.9556,0
2025-05-08 19:00:00,HSM.DSC.PMP01,cooling_descaling_pump,192.9115,196.6836,-0.6475,1.0477,399.2368,56.9538,0
2025-05-08 20:00:00,HSM.DSC.PMP01,cooling_descaling_pump,199.2167,199.3165,0.8078,0.9434,402.9783,51.2687,0
2025-05-08 21:00:00,HSM.DSC.PMP01,cooling_descaling_pump,195.8204,202.9007,-0.4113,1.0386,396.0929,54.3584,0
2025-05-08 22:00:00,HSM.DSC.PMP01,cooling_descaling_pump,180.4222,197.6582,-1.0475,1.1817,403.5812,58.134,0
2025-05-08 23:00:00,HSM.DSC.PMP01,cooling_descaling_pump,204.3971,200.1262,0.3283,0.9655,393.8328,51.8937,0
2025-05-09 00:00:00,HSM.DSC.PMP01,cooling_descaling_pump,214.3922,207.2048,-0.3287,0.7002,406.2556,55.8198,0
2025-05-09 01:00:00,HSM.DSC.PMP01,cooling_descaling_pump,214.068,200.5722,-0.3749,0.9544,396.2571,58.4056,0
2025-05-09 02:00:00,HSM.DSC.PMP01,cooling_descaling_pump,202.6596,199.6656,0.6442,1.0162,399.16,51.9559,0
2025-05-09 03:00:00,HSM.DSC.PMP01,cooling_descaling_pump,199.2602,201.7022,-0.4689,1.0929,390.6544,58.8102,0
2025-05-09 04:00:00,HSM.DSC.PMP01,cooling_descaling_pump,225.3468,196.2343,0.0971,0.9018,398.343,54.7001,0
2025-05-09 05:00:00,HSM.DSC.PMP01,cooling_descaling_pump,160.5612,200.2954,0.2183,1.1386,392.632,55.3297,0
2025-05-09 06:00:00,HSM.DSC.PMP01,cooling_descaling_pump,181.3201,200.1871,0.4057,1.1469,401.0268,66.2315,0
2025-05-09 07:00:00,HSM.DSC.PMP01,cooling_descaling_pump,150.3815,202.7044,0.2557,1.2604,403.2797,59.7106,0
2025-05-09 08:00:00,HSM.DSC.PMP01,cooling_descaling_pump,180.8249,203.0271,0.5546,1.1592,398.2446,57.2452,0
2025-05-09 09:00:00,HSM.DSC.PMP01,cooling_descaling_pump,188.5244,204.2111,-0.7671,0.8167,398.2477,50.5376,0
2025-05-09 10:00:00,HSM.DSC.PMP01,cooling_descaling_pump,201.7425,197.9192,-0.4921,0.731,402.4277,56.243,0
2025-05-09 11:00:00,HSM.DSC.PMP01,cooling_descaling_pump,202.9465,205.2787,-0.5368,0.9438,403.4722,59.7021,0
2025-05-09 12:00:00,HSM.DSC.PMP01,cooling_descaling_pump,207.4095,199.1399,-0.4106,0.8971,398.9733,50.1095,0
2025-05-09 13:00:00,HSM.DSC.PMP01,cooling_descaling_pump,148.5256,197.3975,0.8685,0.991,402.0314,56.7577,0
2025-05-09 14:00:00,HSM.DSC.PMP01,cooling_descaling_pump,151.3782,199.3443,-0.3473,0.8454,403.6534,48.1172,0
2025-05-09 15:00:00,HSM.DSC.PMP01,cooling_descaling_pump,168.0232,200.6776,-0.3517,0.7299,395.4295,44.7653,0
2025-05-09 16:00:00,HSM.DSC.PMP01,cooling_descaling_pump,169.774,199.9892,-0.7118,1.2625,395.0379,61.3903,0
2025-05-09 17:00:00,HSM.DSC.PMP01,cooling_descaling_pump,166.3592,198.7112,-0.5657,1.0494,401.372,50.8256,0
2025-05-09 18:00:00,HSM.DSC.PMP01,cooling_descaling_pump,191.663,202.2203,1.2115,0.7686,397.8942,50.2672,0
2025-05-09 19:00:00,HSM.DSC.PMP01,cooling_descaling_pump,148.2229,201.1217,-0.0228,0.9731,404.4577,53.228,0
2025-05-09 20:00:00,HSM.DSC.PMP01,cooling_descaling_pump,178.5663,196.9221,-1.0131,1.304,401.3586,61.621,0
2025-05-09 21:00:00,HSM.DSC.PMP01,cooling_descaling_pump,187.4447,201.0317,0.166,1.0963,393.9891,58.612,0
2025-05-09 22:00:00,HSM.DSC.PMP01,cooling_descaling_pump,193.5879,195.414,0.3899,0.9379,403.7257,50.4316,0
2025-05-09 23:00:00,HSM.DSC.PMP01,cooling_descaling_pump,205.6909,196.1354,0.1121,1.0578,398.0123,59.2532,0
2025-05-10 00:00:00,HSM.DSC.PMP01,cooling_descaling_pump,167.3092,199.4805,-0.906,0.852,402.8846,44.3354,0
2025-05-10 01:00:00,HSM.DSC.PMP01,cooling_descaling_pump,206.4821,200.1059,0.4482,0.8031,399.2781,48.0475,0
2025-05-10 02:00:00,HSM.DSC.PMP01,cooling_descaling_pump,161.462,204.344,-0.5617,1.0212,402.7954,61.529,0
2025-05-10 03:00:00,HSM.DSC.PMP01,cooling_descaling_pump,240.1863,204.753,-1.1741,0.8408,397.3847,52.2039,0
2025-05-10 04:00:00,HSM.DSC.PMP01,cooling_descaling_pump,214.7389,198.9748,0.3381,1.1092,409.9657,62.6443,0
2025-05-10 05:00:00,HSM.DSC.PMP01,cooling_descaling_pump,188.9407,199.3358,0.7204,1.3624,391.108,57.3478,0
2025-05-10 06:00:00,HSM.DSC.PMP01,cooling_descaling_pump,169.0324,194.0912,-0.2187,1.757,395.3716,64.9211,0
2025-05-10 07:00:00,HSM.DSC.PMP01,cooling_descaling_pump,180.822,195.9577,0.038,1.4399,399.4338,64.0376,0
2025-05-10 08:00:00,HSM.DSC.PMP01,cooling_descaling_pump,171.7695,200.3545,0.4499,1.001,402.5762,55.6594,0
2025-05-10 09:00:00,HSM.DSC.PMP01,cooling_descaling_pump,213.252,204.2344,0.0092,0.7984,403.4576,54.4477,0
2025-05-10 10:00:00,HSM.DSC.PMP01,cooling_descaling_pump,180.9618,194.9403,0.7202,0.9052,399.4297,50.0494,0
2025-05-10 11:00:00,HSM.DSC.PMP01,cooling_descaling_pump,214.4206,197.7343,0.3366,1.2555,395.7323,52.0831,0
2025-05-10 12:00:00,HSM.DSC.PMP01,cooling_descaling_pump,213.0778,201.0936,0.1238,1.0008,401.8467,58.3147,0
2025-05-10 13:00:00,HSM.DSC.PMP01,cooling_descaling_pump,171.1033,206.0753,0.5611,1.0459,396.3008,59.4301,0
2025-05-10 14:00:00,HSM.DSC.PMP01,cooling_descaling_pump,166.2156,198.5228,0.0547,1.0006,404.4838,57.6448,0
2025-05-10 15:00:00,HSM.DSC.PMP01,cooling_descaling_pump,203.0601,201.7475,-0.2439,0.6989,398.5307,45.9501,0
2025-05-10 16:00:00,HSM.DSC.PMP01,cooling_descaling_pump,186.2596,202.5437,-0.0455,1.1518,394.9286,50.8035,0
2025-05-10 17:00:00,HSM.DSC.PMP01,cooling_descaling_pump,185.4852,205.7815,0.1873,0.9182,395.5236,54.3802,0
2025-05-10 18:00:00,HSM.DSC.PMP01,cooling_descaling_pump,184.0423,207.2674,0.09,0.7915,410.8212,54.2082,0
2025-05-10 19:00:00,HSM.DSC.PMP01,cooling_descaling_pump,216.6656,201.3753,-0.4998,0.6922,403.0399,52.527,0
2025-05-10 20:00:00,HSM.DSC.PMP01,cooling_descaling_pump,175.6152,202.2252,0.6185,0.7753,394.3285,49.4476,0
2025-05-10 21:00:00,HSM.DSC.PMP01,cooling_descaling_pump,182.231,200.3988,-0.3572,1.1762,392.1201,56.4706,0
2025-05-10 22:00:00,HSM.DSC.PMP01,cooling_descaling_pump,156.0015,199.068,-0.8725,1.2751,400.5072,69.2773,0
2025-05-10 23:00:00,HSM.DSC.PMP01,cooling_descaling_pump,165.2817,201.0973,1.0418,0.8096,401.7799,48.1878,0
2025-05-11 00:00:00,HSM.DSC.PMP01,cooling_descaling_pump,191.9995,199.9507,-0.1097,0.9108,401.7422,49.6077,0
2025-05-11 01:00:00,HSM.DSC.PMP01,cooling_descaling_pump,124.4464,200.8173,-0.1865,1.5798,400.0428,67.1376,0
2025-05-11 02:00:00,HSM.DSC.PMP01,cooling_descaling_pump,201.251,201.432,0.1255,1.0662,401.9625,64.2227,0
2025-05-11 03:00:00,HSM.DSC.PMP01,cooling_descaling_pump,173.5405,198.6305,-1.0639,0.7459,404.8037,51.1623,0
2025-05-11 04:00:00,HSM.DSC.PMP01,cooling_descaling_pump,186.553,204.4946,0.8798,0.9262,403.0658,58.9263,0
2025-05-11 05:00:00,HSM.DSC.PMP01,cooling_descaling_pump,225.2083,204.5514,0.519,1.1051,399.0415,68.8101,0
2025-05-11 06:00:00,HSM.DSC.PMP01,cooling_descaling_pump,169.1239,203.7773,0.5171,0.9729,394.3039,47.8757,0
2025-05-11 07:00:00,HSM.DSC.PMP01,cooling_descaling_pump,195.0974,198.1557,0.772,0.7517,400.4725,53.3781,0
2025-05-11 08:00:00,HSM.DSC.PMP01,cooling_descaling_pump,206.8662,202.9091,0.182,1.017,399.5792,60.2122,0
2025-05-11 09:00:00,HSM.DSC.PMP01,cooling_descaling_pump,205.56,195.9527,0.2655,0.9959,401.2412,56.1839,0
2025-05-11 10:00:00,HSM.DSC.PMP01,cooling_descaling_pump,158.8261,201.7634,0.3265,1.1592,394.1428,53.4085,0
2025-05-11 11:00:00,HSM.DSC.PMP01,cooling_descaling_pump,199.0353,202.8287,0.3465,1.1882,398.8167,61.3615,0
2025-05-11 12:00:00,HSM.DSC.PMP01,cooling_descaling_pump,176.5502,198.9412,-0.3316,0.9738,401.5342,58.865,0
2025-05-11 13:00:00,HSM.DSC.PMP01,cooling_descaling_pump,169.2264,193.3607,0.6126,0.8746,406.7316,47.9304,0
2025-05-11 14:00:00,HSM.DSC.PMP01,cooling_descaling_pump,172.6548,200.2052,-0.0588,1.2503,398.2043,54.3746,0
2025-05-11 15:00:00,HSM.DSC.PMP01,cooling_descaling_pump,183.5211,201.5325,0.9754,1.2007,399.1532,55.1557,0
2025-05-11 16:00:00,HSM.DSC.PMP01,cooling_descaling_pump,180.4538,201.1444,0.4197,0.9818,391.6282,53.7507,0
2025-05-11 17:00:00,HSM.DSC.PMP01,cooling_descaling_pump,172.5531,197.9903,-0.0956,1.1,400.3248,56.2169,0
2025-05-11 18:00:00,HSM.DSC.PMP01,cooling_descaling_pump,218.7893,195.6128,-0.092,0.8387,405.5365,46.9525,0
2025-05-11 19:00:00,HSM.DSC.PMP01,cooling_descaling_pump,210.6123,197.9132,-0.5559,0.6575,401.4819,50.4306,0
2025-05-11 20:00:00,HSM.DSC.PMP01,cooling_descaling_pump,215.7546,197.6471,1.0627,0.6927,408.5152,49.6315,0
2025-05-11 21:00:00,HSM.DSC.PMP01,cooling_descaling_pump,179.3444,197.5393,-0.117,0.8527,399.8159,47.2281,0
2025-05-11 22:00:00,HSM.DSC.PMP01,cooling_descaling_pump,213.6201,197.5297,-0.2179,1.0038,401.2933,59.8303,0
2025-05-11 23:00:00,HSM.DSC.PMP01,cooling_descaling_pump,179.2445,197.9569,0.5941,1.0748,402.0968,60.9868,0
2025-05-12 00:00:00,HSM.DSC.PMP01,cooling_descaling_pump,218.1559,199.9448,-1.2226,0.9778,395.4575,61.3898,0
2025-05-12 01:00:00,HSM.DSC.PMP01,cooling_descaling_pump,208.4342,198.8185,-0.6402,1.0372,399.1641,58.8682,0
2025-05-12 02:00:00,HSM.DSC.PMP01,cooling_descaling_pump,169.3876,203.3409,-0.6826,0.9804,397.3254,57.7025,0
2025-05-12 03:00:00,HSM.DSC.PMP01,cooling_descaling_pump,177.463,203.0665,0.0468,0.943,401.2027,53.3226,0
2025-05-12 04:00:00,HSM.DSC.PMP01,cooling_descaling_pump,186.5133,203.1934,0.233,0.7337,400.4207,47.5804,0
2025-05-12 05:00:00,HSM.DSC.PMP01,cooling_descaling_pump,210.8212,200.4944,-0.1042,0.5727,398.529,51.8693,0
2025-05-12 06:00:00,HSM.DSC.PMP01,cooling_descaling_pump,179.9161,200.75,-0.9592,0.9888,399.4253,55.2644,0
2025-05-12 07:00:00,HSM.DSC.PMP01,cooling_descaling_pump,186.6919,208.8606,0.0911,0.8013,400.1642,61.5073,0
2025-05-12 08:00:00,HSM.DSC.PMP01,cooling_descaling_pump,159.7588,200.3775,1.4035,0.9925,402.1767,51.6148,0
2025-05-12 09:00:00,HSM.DSC.PMP01,cooling_descaling_pump,160.6555,196.8737,-0.932,0.853,395.6675,48.0943,0
2025-05-12 10:00:00,HSM.DSC.PMP01,cooling_descaling_pump,183.2157,199.5986,-0.3206,0.759,401.1768,52.3264,0
2025-05-12 11:00:00,HSM.DSC.PMP01,cooling_descaling_pump,228.7811,200.3196,-0.861,1.0829,400.4354,49.2035,0
2025-05-12 12:00:00,HSM.DSC.PMP01,cooling_descaling_pump,174.5636,208.7736,-0.2571,1.0536,394.2306,54.6792,0
2025-05-12 13:00:00,HSM.DSC.PMP01,cooling_descaling_pump,213.8236,207.4525,-1.7089,0.8515,398.7307,55.199,0
2025-05-12 14:00:00,HSM.DSC.PMP01,cooling_descaling_pump,176.988,197.2953,0.1545,1.1741,399.4946,57.0823,0
2025-05-12 15:00:00,HSM.DSC.PMP01,cooling_descaling_pump,179.0111,201.0954,-0.4968,0.9248,402.5641,48.5472,0
2025-05-12 16:00:00,HSM.DSC.PMP01,cooling_descaling_pump,201.1403,201.9425,1.4523,0.9786,401.5704,52.6445,0
2025-05-12 17:00:00,HSM.DSC.PMP01,cooling_descaling_pump,157.9117,203.5202,1.5473,0.6948,400.6768,49.2063,0
2025-05-12 18:00:00,HSM.DSC.PMP01,cooling_descaling_pump,194.4028,199.0319,-1.1172,0.9825,400.165,53.2921,0
2025-05-12 19:00:00,HSM.DSC.PMP01,cooling_descaling_pump,177.4456,203.2764,0.6894,0.9998,397.2064,53.0257,0
2025-05-12 20:00:00,HSM.DSC.PMP01,cooling_descaling_pump,172.0835,195.5769,-0.5936,0.9884,401.4838,59.9537,0
2025-05-12 21:00:00,HSM.DSC.PMP01,cooling_descaling_pump,191.7412,203.7189,-0.4348,0.8757,396.4983,60.0775,0
2025-05-12 22:00:00,HSM.DSC.PMP01,cooling_descaling_pump,192.242,200.9748,-0.5756,0.8807,402.8411,47.7828,0
2025-05-12 23:00:00,HSM.DSC.PMP01,cooling_descaling_pump,190.8434,200.8506,0.0619,0.9522,396.1898,51.6452,0
2025-05-13 00:00:00,HSM.DSC.PMP01,cooling_descaling_pump,199.3753,201.9493,0.565,1.1077,399.5504,60.1563,0
2025-05-13 01:00:00,HSM.DSC.PMP01,cooling_descaling_pump,202.234,200.1907,-0.3844,0.6859,400.8309,46.6104,0
2025-05-13 02:00:00,HSM.DSC.PMP01,cooling_descaling_pump,180.0882,197.2267,-0.0465,0.9058,398.3911,45.4351,0
2025-05-13 03:00:00,HSM.DSC.PMP01,cooling_descaling_pump,191.9437,196.7849,-0.4642,0.8898,403.4918,52.6248,0
2025-05-13 04:00:00,HSM.DSC.PMP01,cooling_descaling_pump,176.6118,199.9057,0.1786,1.4333,392.0266,63.1059,0
2025-05-13 05:00:00,HSM.DSC.PMP01,cooling_descaling_pump,195.6894,201.2342,0.3304,0.8086,404.0057,57.506,0
2025-05-13 06:00:00,HSM.DSC.PMP01,cooling_descaling_pump,219.5809,204.3552,1.1781,0.7841,396.4909,58.6312,0
2025-05-13 07:00:00,HSM.DSC.PMP01,cooling_descaling_pump,172.6348,198.7868,-0.7741,0.9205,400.9093,55.2498,0
2025-05-13 08:00:00,HSM.DSC.PMP01,cooling_descaling_pump,195.2126,197.5588,-0.9707,0.996,405.2433,52.3682,0
2025-05-13 09:00:00,HSM.DSC.PMP01,cooling_descaling_pump,158.4912,195.142,-0.0128,1.4785,397.2272,62.3594,0
2025-05-13 10:00:00,HSM.DSC.PMP01,cooling_descaling_pump,163.3088,197.8066,0.476,1.0886,397.9354,57.5554,0
2025-05-13 11:00:00,HSM.DSC.PMP01,cooling_descaling_pump,196.0056,208.0004,-0.9207,0.8602,400.84,52.1614,0
2025-05-13 12:00:00,HSM.DSC.PMP01,cooling_descaling_pump,176.2694,198.9379,0.3048,0.8913,404.5164,59.2682,0
2025-05-13 13:00:00,HSM.DSC.PMP01,cooling_descaling_pump,171.0972,197.4922,0.0558,1.0838,405.551,53.8722,0
2025-05-13 14:00:00,HSM.DSC.PMP01,cooling_descaling_pump,200.7474,202.3158,-0.7055,1.0813,395.1605,60.1453,0
2025-05-13 15:00:00,HSM.DSC.PMP01,cooling_descaling_pump,147.0086,200.9477,0.1487,1.1082,401.7348,46.1331,0
2025-05-13 16:00:00,HSM.DSC.PMP01,cooling_descaling_pump,169.5222,198.7841,-0.1991,1.1203,400.1002,60.6522,0
2025-05-13 17:00:00,HSM.DSC.PMP01,cooling_descaling_pump,174.0455,201.4916,-0.2208,1.0966,397.0859,55.6989,0
2025-05-13 18:00:00,HSM.DSC.PMP01,cooling_descaling_pump,223.1631,197.0525,-0.8133,1.3311,401.951,62.5454,0
2025-05-13 19:00:00,HSM.DSC.PMP01,cooling_descaling_pump,177.9249,203.6548,-0.4143,0.9456,403.9128,57.8898,0
2025-05-13 20:00:00,HSM.DSC.PMP01,cooling_descaling_pump,217.0939,200.5602,-0.5323,0.6869,397.5063,42.6767,0
2025-05-13 21:00:00,HSM.DSC.PMP01,cooling_descaling_pump,193.6024,200.7462,-0.4069,0.622,410.6941,52.4427,0
2025-05-13 22:00:00,HSM.DSC.PMP01,cooling_descaling_pump,149.8669,200.1327,0.7494,0.9462,395.4736,42.9371,0
2025-05-13 23:00:00,HSM.DSC.PMP01,cooling_descaling_pump,160.2905,202.3022,0.001,1.0268,398.3394,62.7921,0
2025-05-14 00:00:00,HSM.DSC.PMP01,cooling_descaling_pump,169.2359,202.2932,-1.1273,1.0054,403.2094,62.8276,0
2025-05-14 01:00:00,HSM.DSC.PMP01,cooling_descaling_pump,164.4092,192.721,-1.0983,1.2305,398.0632,52.1863,0
2025-05-14 02:00:00,HSM.DSC.PMP01,cooling_descaling_pump,196.1936,200.2998,1.6101,0.8565,397.5264,53.3888,0
2025-05-14 03:00:00,HSM.DSC.PMP01,cooling_descaling_pump,197.1659,201.1304,0.3739,0.9022,398.1292,55.0543,0
2025-05-14 04:00:00,HSM.DSC.PMP01,cooling_descaling_pump,187.0397,197.7149,0.6269,1.1212,394.847,61.0937,0
2025-05-14 05:00:00,HSM.DSC.PMP01,cooling_descaling_pump,170.876,208.3835,-0.3183,0.6644,395.3917,52.2523,0
2025-05-14 06:00:00,HSM.DSC.PMP01,cooling_descaling_pump,170.5674,200.9549,0.0315,1.0107,399.5796,58.1232,0
2025-05-14 07:00:00,HSM.DSC.PMP01,cooling_descaling_pump,170.3428,198.8637,0.895,1.1025,397.2054,64.2853,0
2025-05-14 08:00:00,HSM.DSC.PMP01,cooling_descaling_pump,233.1569,197.241,0.2302,1.1085,397.8986,63.598,0
2025-05-14 09:00:00,HSM.DSC.PMP01,cooling_descaling_pump,163.0743,198.9953,-0.0107,1.256,398.8405,54.5784,0
2025-05-14 10:00:00,HSM.DSC.PMP01,cooling_descaling_pump,173.5596,201.6567,-0.28,0.9854,397.8963,56.2166,0
2025-05-14 11:00:00,HSM.DSC.PMP01,cooling_descaling_pump,168.6825,202.0785,-0.74,0.8826,406.506,55.736,0
2025-05-14 12:00:00,HSM.DSC.PMP01,cooling_descaling_pump,159.1186,200.3393,-0.973,1.313,397.779,64.1645,0
2025-05-14 13:00:00,HSM.DSC.PMP01,cooling_descaling_pump,176.5647,198.8757,0.1824,1.0189,410.7849,61.7838,0
2025-05-14 14:00:00,HSM.DSC.PMP01,cooling_descaling_pump,187.7622,193.8823,0.5376,1.0649,399.4107,57.943,0
2025-05-14 15:00:00,HSM.DSC.PMP01,cooling_descaling_pump,197.1885,193.2934,-0.2587,1.2372,403.4995,57.8325,0
2025-05-14 16:00:00,HSM.DSC.PMP01,cooling_descaling_pump,190.2594,202.1344,-0.9798,0.9192,401.9009,53.8868,0
2025-05-14 17:00:00,HSM.DSC.PMP01,cooling_descaling_pump,185.1914,204.0537,0.9235,0.9788,403.2478,55.0486,0
2025-05-14 18:00:00,HSM.DSC.PMP01,cooling_descaling_pump,140.1394,204.7839,0.7465,1.1403,397.7341,57.5258,0
2025-05-14 19:00:00,HSM.DSC.PMP01,cooling_descaling_pump,171.9503,200.3728,-1.1552,0.9982,403.4789,51.5068,0
2025-05-14 20:00:00,HSM.DSC.PMP01,cooling_descaling_pump,195.0315,199.4263,0.0899,0.6894,393.6107,49.2115,0
2025-05-14 21:00:00,HSM.DSC.PMP01,cooling_descaling_pump,224.4186,197.9206,1.4402,0.9472,390.3721,50.1501,0
2025-05-14 22:00:00,HSM.DSC.PMP01,cooling_descaling_pump,191.4506,204.0824,0.0782,1.2229,397.4388,61.7601,0
2025-05-14 23:00:00,HSM.DSC.PMP01,cooling_descaling_pump,204.7935,202.5985,-0.141,0.5478,403.9109,46.9507,0
2025-05-15 00:00:00,HSM.DSC.PMP01,cooling_descaling_pump,190.1505,192.8113,-0.5651,1.1402,407.8913,63.2558,0
2025-05-15 01:00:00,HSM.DSC.PMP01,cooling_descaling_pump,198.9481,197.8475,-0.8556,0.8382,396.0958,47.6974,0
2025-05-15 02:00:00,HSM.DSC.PMP01,cooling_descaling_pump,174.9297,190.8022,0.6219,1.193,398.6195,53.8179,0
2025-05-15 03:00:00,HSM.DSC.PMP01,cooling_descaling_pump,198.5961,196.906,-0.433,1.2777,403.0436,56.3164,0
2025-05-15 04:00:00,HSM.DSC.PMP01,cooling_descaling_pump,198.9181,197.8816,-0.289,1.0954,397.926,57.3638,0
2025-05-15 05:00:00,HSM.DSC.PMP01,cooling_descaling_pump,176.3246,194.3796,-0.8621,1.2035,401.0504,61.1539,0
2025-05-15 06:00:00,HSM.DSC.PMP01,cooling_descaling_pump,170.7808,198.3372,0.6571,1.0918,400.9664,60.6373,0
2025-05-15 07:00:00,HSM.DSC.PMP01,cooling_descaling_pump,205.1559,200.4082,0.2846,1.0999,393.592,54.5088,0
2025-05-15 08:00:00,HSM.DSC.PMP01,cooling_descaling_pump,175.3567,196.1095,0.1994,1.0171,397.0198,50.9986,0
2025-05-15 09:00:00,HSM.DSC.PMP01,cooling_descaling_pump,169.1743,204.4006,-0.3296,0.8516,406.4262,61.5489,0
2025-05-15 10:00:00,HSM.DSC.PMP01,cooling_descaling_pump,145.187,204.5626,0.6378,0.8977,394.7335,42.1197,0
2025-05-15 11:00:00,HSM.DSC.PMP01,cooling_descaling_pump,199.9285,200.41,-0.1103,0.9573,395.2294,53.9233,0
2025-05-15 12:00:00,HSM.DSC.PMP01,cooling_descaling_pump,171.1611,198.952,-0.3281,1.2142,395.2181,59.5084,0
2025-05-15 13:00:00,HSM.DSC.PMP01,cooling_descaling_pump,191.1761,200.5106,-0.1506,1.0431,401.2634,53.2235,0
2025-05-15 14:00:00,HSM.DSC.PMP01,cooling_descaling_pump,178.2871,192.566,1.2567,1.153,399.7318,57.4005,0
2025-05-15 15:00:00,HSM.DSC.PMP01,cooling_descaling_pump,224.7827,195.1416,-0.1508,0.9375,397.0353,43.5577,0
2025-05-15 16:00:00,HSM.DSC.PMP01,cooling_descaling_pump,202.9311,204.838,0.2034,0.8083,400.2584,50.4491,0
2025-05-15 17:00:00,HSM.DSC.PMP01,cooling_descaling_pump,180.5525,200.3437,-0.3482,1.4944,389.2884,65.4559,0
2025-05-15 18:00:00,HSM.DSC.PMP01,cooling_descaling_pump,181.2849,201.6616,0.3874,1.1639,395.9359,54.7561,0
2025-05-15 19:00:00,HSM.DSC.PMP01,cooling_descaling_pump,170.709,195.844,-0.1466,1.2096,398.0293,57.5625,0
2025-05-15 20:00:00,HSM.DSC.PMP01,cooling_descaling_pump,172.0629,204.6468,-0.2607,1.0622,401.5543,59.5315,0
2025-05-15 21:00:00,HSM.DSC.PMP01,cooling_descaling_pump,184.6628,201.87,0.2437,0.8428,406.9924,56.7734,0
2025-05-15 22:00:00,HSM.DSC.PMP01,cooling_descaling_pump,200.5728,196.312,-0.3715,0.9202,402.8611,58.2607,0
2025-05-15 23:00:00,HSM.DSC.PMP01,cooling_descaling_pump,226.6327,196.1416,0.086,0.7365,405.2326,48.9312,0
2025-05-16 00:00:00,HSM.DSC.PMP01,cooling_descaling_pump,190.942,198.8959,-0.1303,1.3111,394.9275,56.9498,0
2025-05-16 01:00:00,HSM.DSC.PMP01,cooling_descaling_pump,176.2248,196.2792,-0.1491,0.8517,403.3227,51.4205,0
2025-05-16 02:00:00,HSM.DSC.PMP01,cooling_descaling_pump,238.8108,200.7801,-0.0454,0.9816,404.0174,51.9456,0
2025-05-16 03:00:00,HSM.DSC.PMP01,cooling_descaling_pump,185.4382,198.3408,-0.0794,1.132,393.1131,51.7005,0
2025-05-16 04:00:00,HSM.DSC.PMP01,cooling_descaling_pump,211.0122,197.7014,-0.2853,0.9956,400.7662,57.2468,0
2025-05-16 05:00:00,HSM.DSC.PMP01,cooling_descaling_pump,196.1901,200.1415,-0.266,0.7452,402.5847,57.6771,0
2025-05-16 06:00:00,HSM.DSC.PMP01,cooling_descaling_pump,184.9944,197.3367,-0.7312,1.3851,396.9525,64.8276,0
2025-05-16 07:00:00,HSM.DSC.PMP01,cooling_descaling_pump,180.1608,202.5417,-0.0033,0.8674,393.1504,50.7158,0
2025-05-16 08:00:00,HSM.DSC.PMP01,cooling_descaling_pump,163.9582,198.1822,0.4577,1.2728,393.944,61.4462,0
2025-05-16 09:00:00,HSM.DSC.PMP01,cooling_descaling_pump,192.0604,201.4699,-0.339,0.5225,403.7462,43.17,0
2025-05-16 10:00:00,HSM.DSC.PMP01,cooling_descaling_pump,203.8522,199.9602,0.4347,0.9314,399.4256,55.9546,0
2025-05-16 11:00:00,HSM.DSC.PMP01,cooling_descaling_pump,169.1357,204.0454,-0.3421,0.9688,400.9986,52.3303,0
2025-05-16 12:00:00,HSM.DSC.PMP01,cooling_descaling_pump,208.0673,203.8515,-0.2845,0.7143,406.6252,55.6748,0
2025-05-16 13:00:00,HSM.DSC.PMP01,cooling_descaling_pump,162.7383,200.3235,0.3151,1.0509,399.7442,50.7076,0
2025-05-16 14:00:00,HSM.DSC.PMP01,cooling_descaling_pump,206.5717,202.0822,-0.5788,0.7112,410.7794,58.1751,0
2025-05-16 15:00:00,HSM.DSC.PMP01,cooling_descaling_pump,177.3568,199.4655,-0.4754,0.8352,399.1955,45.8606,0
2025-05-16 16:00:00,HSM.DSC.PMP01,cooling_descaling_pump,202.4038,202.698,0.049,1.0899,400.1105,63.2504,0
2025-05-16 17:00:00,HSM.DSC.PMP01,cooling_descaling_pump,184.0596,199.2382,-0.1382,1.0191,397.7358,51.9544,0
2025-05-16 18:00:00,HSM.DSC.PMP01,cooling_descaling_pump,166.833,194.9238,0.6499,1.2401,394.6587,54.5251,0
2025-05-16 19:00:00,HSM.DSC.PMP01,cooling_descaling_pump,185.6292,198.1564,-0.4901,0.9168,406.9813,52.123,0
2025-05-16 20:00:00,HSM.DSC.PMP01,cooling_descaling_pump,163.6029,199.522,0.2825,1.154,395.3901,60.1384,0
2025-05-16 21:00:00,HSM.DSC.PMP01,cooling_descaling_pump,172.6977,196.6769,0.5027,1.1976,400.7028,52.0264,0
2025-05-16 22:00:00,HSM.DSC.PMP01,cooling_descaling_pump,169.739,201.8298,-0.6889,0.5997,407.7216,49.347,0
2025-05-16 23:00:00,HSM.DSC.PMP01,cooling_descaling_pump,169.2646,202.0398,0.6503,1.0496,395.4258,61.8661,0
2025-05-17 00:00:00,HSM.DSC.PMP01,cooling_descaling_pump,197.1213,203.7302,0.1242,0.7644,399.5788,56.5791,0
2025-05-17 01:00:00,HSM.DSC.PMP01,cooling_descaling_pump,177.755,201.1241,-0.0252,1.0303,402.3247,56.634,0
2025-05-17 02:00:00,HSM.DSC.PMP01,cooling_descaling_pump,195.0412,198.8596,-0.2068,0.7719,400.3576,50.9533,0
2025-05-17 03:00:00,HSM.DSC.PMP01,cooling_descaling_pump,195.0553,196.3413,0.1512,0.7514,401.2617,50.1816,0
2025-05-17 04:00:00,HSM.DSC.PMP01,cooling_descaling_pump,204.3724,201.1704,0.2936,0.9519,395.5364,56.9342,0
2025-05-17 05:00:00,HSM.DSC.PMP01,cooling_descaling_pump,198.0144,196.3552,-0.5853,1.0454,398.8768,61.2566,0
2025-05-17 06:00:00,HSM.DSC.PMP01,cooling_descaling_pump,186.1965,199.9242,-0.6936,1.2813,401.9639,63.0659,0
2025-05-17 07:00:00,HSM.DSC.PMP01,cooling_descaling_pump,214.1862,197.7348,-0.0903,0.9289,403.02,55.0423,0
2025-05-17 08:00:00,HSM.DSC.PMP01,cooling_descaling_pump,143.4255,203.1394,-0.1841,1.018,402.4206,55.1938,0
2025-05-17 09:00:00,HSM.DSC.PMP01,cooling_descaling_pump,145.9516,200.9426,0.2606,1.0439,400.2554,57.1504,0
2025-05-17 10:00:00,HSM.DSC.PMP01,cooling_descaling_pump,222.4145,202.1707,-0.0401,0.6172,399.3781,47.1756,0
2025-05-17 11:00:00,HSM.DSC.PMP01,cooling_descaling_pump,181.5206,204.1728,0.0809,0.7656,402.4402,53.2915,0
2025-05-17 12:00:00,HSM.DSC.PMP01,cooling_descaling_pump,205.8468,197.9969,-0.7206,0.9244,401.0088,55.3675,0
2025-05-17 13:00:00,HSM.DSC.PMP01,cooling_descaling_pump,127.4543,201.0366,-0.3411,1.0014,400.8934,55.195,0
2025-05-17 14:00:00,HSM.DSC.PMP01,cooling_descaling_pump,132.2442,202.53,-1.4591,0.8263,410.5327,62.1292,0
2025-05-17 15:00:00,HSM.DSC.PMP01,cooling_descaling_pump,182.5496,199.6828,-1.2454,1.0099,401.769,54.4365,0
2025-05-17 16:00:00,HSM.DSC.PMP01,cooling_descaling_pump,145.4741,200.5074,0.2692,0.9476,402.8606,54.3203,0
2025-05-17 17:00:00,HSM.DSC.PMP01,cooling_descaling_pump,193.531,196.5201,-1.1898,1.0195,396.8585,46.061,0
2025-05-17 18:00:00,HSM.DSC.PMP01,cooling_descaling_pump,213.8201,198.8575,0.1379,0.8772,398.8652,60.3556,0
2025-05-17 19:00:00,HSM.DSC.PMP01,cooling_descaling_pump,197.9999,198.2785,-0.4243,1.3226,391.5577,57.6376,0
2025-05-17 20:00:00,HSM.DSC.PMP01,cooling_descaling_pump,170.7127,199.6576,-0.3053,0.9164,406.1761,50.6655,0
2025-05-17 21:00:00,HSM.DSC.PMP01,cooling_descaling_pump,167.036,195.5524,-0.1194,1.0897,402.1509,63.6544,0
2025-05-17 22:00:00,HSM.DSC.PMP01,cooling_descaling_pump,186.2058,203.3372,0.2344,0.9854,399.1394,49.5966,0
2025-05-17 23:00:00,HSM.DSC.PMP01,cooling_descaling_pump,175.5032,200.95,-0.8208,1.176,388.6369,56.6806,0
2025-05-18 00:00:00,HSM.DSC.PMP01,cooling_descaling_pump,207.5173,198.7557,0.1993,1.2584,404.3684,65.6463,0
2025-05-18 01:00:00,HSM.DSC.PMP01,cooling_descaling_pump,180.1482,199.2292,0.6074,1.0627,401.5354,57.4836,0
2025-05-18 02:00:00,HSM.DSC.PMP01,cooling_descaling_pump,174.1732,191.391,-0.3235,1.045,398.8248,46.5,0
2025-05-18 03:00:00,HSM.DSC.PMP01,cooling_descaling_pump,182.0195,202.9782,0.4474,0.842,399.2195,48.6491,0
2025-05-18 04:00:00,HSM.DSC.PMP01,cooling_descaling_pump,155.1617,200.2034,0.9697,0.8662,399.2913,57.8714,0
2025-05-18 05:00:00,HSM.DSC.PMP01,cooling_descaling_pump,207.6783,200.3069,0.223,0.9862,409.5232,63.1807,0
2025-05-18 06:00:00,HSM.DSC.PMP01,cooling_descaling_pump,140.063,201.1617,-0.2806,1.1055,400.1382,56.7431,0
2025-05-18 07:00:00,HSM.DSC.PMP01,cooling_descaling_pump,140.5058,210.2573,-0.4713,1.0004,402.9582,54.9913,0
2025-05-18 08:00:00,HSM.DSC.PMP01,cooling_descaling_pump,231.7973,198.5883,-0.4179,0.6713,405.4611,52.2266,0
2025-05-18 09:00:00,HSM.DSC.PMP01,cooling_descaling_pump,219.6782,204.011,0.4073,0.7366,398.1729,48.5488,0
2025-05-18 10:00:00,HSM.DSC.PMP01,cooling_descaling_pump,199.8048,194.8519,-0.17,1.0772,394.4374,56.5354,0
2025-05-18 11:00:00,HSM.DSC.PMP01,cooling_descaling_pump,145.8547,207.2885,-0.6794,0.8429,397.7597,51.2848,0
2025-05-18 12:00:00,HSM.DSC.PMP01,cooling_descaling_pump,152.4155,191.9787,0.2307,1.035,400.7503,53.4434,0
2025-05-18 13:00:00,HSM.DSC.PMP01,cooling_descaling_pump,168.1563,197.9999,0.7872,1.1681,400.8501,49.3311,0
2025-05-18 14:00:00,HSM.DSC.PMP01,cooling_descaling_pump,191.3443,197.2704,0.8816,0.8476,392.4475,45.2403,0
2025-05-18 15:00:00,HSM.DSC.PMP01,cooling_descaling_pump,200.7478,197.9979,0.4916,0.9705,405.7517,53.7691,0
2025-05-18 16:00:00,HSM.DSC.PMP01,cooling_descaling_pump,156.6748,199.7697,-0.7102,1.2273,393.2664,51.8224,0
2025-05-18 17:00:00,HSM.DSC.PMP01,cooling_descaling_pump,165.6136,203.954,0.631,1.1696,401.7463,52.0139,0
2025-05-18 18:00:00,HSM.DSC.PMP01,cooling_descaling_pump,186.569,192.9895,0.0458,1.1781,400.4464,56.2411,0
2025-05-18 19:00:00,HSM.DSC.PMP01,cooling_descaling_pump,165.4418,199.6063,-0.307,0.824,403.3548,51.4093,0
2025-05-18 20:00:00,HSM.DSC.PMP01,cooling_descaling_pump,174.3813,203.1527,1.1535,0.979,403.3446,51.9352,0
2025-05-18 21:00:00,HSM.DSC.PMP01,cooling_descaling_pump,174.3645,200.5607,0.2293,1.0336,402.684,64.2817,0
2025-05-18 22:00:00,HSM.DSC.PMP01,cooling_descaling_pump,206.1189,198.7378,-1.0043,0.9731,402.7816,58.9601,0
2025-05-18 23:00:00,HSM.DSC.PMP01,cooling_descaling_pump,191.4845,198.5301,0.6601,0.941,399.5412,50.3165,0
2025-05-19 00:00:00,HSM.DSC.PMP01,cooling_descaling_pump,196.7523,201.0136,0.0547,1.0614,402.0199,58.9821,0
2025-05-19 01:00:00,HSM.DSC.PMP01,cooling_descaling_pump,189.5359,197.37,-1.3668,1.1129,401.9469,62.737,0
2025-05-19 02:00:00,HSM.DSC.PMP01,cooling_descaling_pump,151.1244,205.0575,0.8845,1.1354,396.6849,65.8176,0
2025-05-19 03:00:00,HSM.DSC.PMP01,cooling_descaling_pump,186.5304,201.6783,-1.3254,0.7148,400.3694,45.7123,0
2025-05-19 04:00:00,HSM.DSC.PMP01,cooling_descaling_pump,219.3207,198.3782,1.2321,1.1382,404.1684,56.9955,0
2025-05-19 05:00:00,HSM.DSC.PMP01,cooling_descaling_pump,209.6555,203.2335,1.0285,0.6735,399.3782,48.9029,0
2025-05-19 06:00:00,HSM.DSC.PMP01,cooling_descaling_pump,183.249,199.7089,0.2318,1.0645,397.2597,58.517,0
2025-05-19 07:00:00,HSM.DSC.PMP01,cooling_descaling_pump,155.9095,201.3741,-0.5027,0.9095,402.9305,57.8441,0
2025-05-19 08:00:00,HSM.DSC.PMP01,cooling_descaling_pump,189.1623,203.5353,0.6386,0.9404,394.4184,52.3731,0
2025-05-19 09:00:00,HSM.DSC.PMP01,cooling_descaling_pump,164.402,195.2133,-0.2892,1.0182,400.3001,56.234,0
2025-05-19 10:00:00,HSM.DSC.PMP01,cooling_descaling_pump,190.9073,194.0331,1.0477,0.9925,402.5805,53.3155,0
2025-05-19 11:00:00,HSM.DSC.PMP01,cooling_descaling_pump,190.3512,197.3223,0.6818,0.9675,403.5534,57.2827,0
2025-05-19 12:00:00,HSM.DSC.PMP01,cooling_descaling_pump,182.1425,199.6763,0.5819,1.0905,401.4266,52.426,0
2025-05-19 13:00:00,HSM.DSC.PMP01,cooling_descaling_pump,203.561,199.6293,-0.0047,1.0478,403.6308,53.83,0
2025-05-19 14:00:00,HSM.DSC.PMP01,cooling_descaling_pump,170.1679,193.6629,0.361,1.1012,404.3796,53.7726,0
2025-05-19 15:00:00,HSM.DSC.PMP01,cooling_descaling_pump,169.9083,209.2206,-0.036,1.0021,399.4918,56.6115,0
2025-05-19 16:00:00,HSM.DSC.PMP01,cooling_descaling_pump,146.5974,196.7061,-0.8344,0.8765,403.4679,49.3094,0
2025-05-19 17:00:00,HSM.DSC.PMP01,cooling_descaling_pump,200.3734,195.6821,1.0586,1.3014,407.1151,59.916,0
2025-05-19 18:00:00,HSM.DSC.PMP01,cooling_descaling_pump,182.6855,204.7313,1.1709,0.9145,402.1107,51.1603,0
2025-05-19 19:00:00,HSM.DSC.PMP01,cooling_descaling_pump,185.4831,195.133,-0.2332,1.2183,392.7838,59.2561,0
2025-05-19 20:00:00,HSM.DSC.PMP01,cooling_descaling_pump,185.3367,197.5417,1.2879,0.8973,405.5843,50.6865,0
2025-05-19 21:00:00,HSM.DSC.PMP01,cooling_descaling_pump,191.1113,201.0393,0.365,0.903,397.3096,54.0343,0
2025-05-19 22:00:00,HSM.DSC.PMP01,cooling_descaling_pump,199.6528,207.2268,0.0935,0.5937,401.7952,51.2499,0
2025-05-19 23:00:00,HSM.DSC.PMP01,cooling_descaling_pump,156.2553,203.6016,-1.0601,0.9853,405.1071,58.1175,0
2025-05-20 00:00:00,HSM.DSC.PMP01,cooling_descaling_pump,150.4775,199.1686,-0.3948,0.9781,395.3059,52.8695,0
2025-05-20 01:00:00,HSM.DSC.PMP01,cooling_descaling_pump,196.7172,204.3075,0.5371,0.9353,399.8568,50.18,0
2025-05-20 02:00:00,HSM.DSC.PMP01,cooling_descaling_pump,188.0327,202.6648,-0.1459,1.1331,406.4505,62.6334,0
2025-05-20 03:00:00,HSM.DSC.PMP01,cooling_descaling_pump,219.3801,206.7921,-0.9738,0.9225,397.8,61.8274,0
2025-05-20 04:00:00,HSM.DSC.PMP01,cooling_descaling_pump,165.7701,194.5219,1.257,1.2254,400.9047,55.7358,0
2025-05-20 05:00:00,HSM.DSC.PMP01,cooling_descaling_pump,151.6286,199.2303,0.6214,1.0457,408.0109,50.5774,0
2025-05-20 06:00:00,HSM.DSC.PMP01,cooling_descaling_pump,197.5074,199.6168,-1.0988,1.0314,405.9387,57.4719,0
2025-05-20 07:00:00,HSM.DSC.PMP01,cooling_descaling_pump,192.9738,199.6448,-0.1787,0.9504,391.7274,51.0451,0
2025-05-20 08:00:00,HSM.DSC.PMP01,cooling_descaling_pump,179.7197,200.6641,0.1681,1.3864,391.1874,61.535,0
2025-05-20 09:00:00,HSM.DSC.PMP01,cooling_descaling_pump,183.4017,203.7195,0.7737,0.8376,393.271,52.0867,0
2025-05-20 10:00:00,HSM.DSC.PMP01,cooling_descaling_pump,192.3844,204.6445,0.4283,1.0049,400.4233,56.4822,0
2025-05-20 11:00:00,HSM.DSC.PMP01,cooling_descaling_pump,201.7842,193.5161,-0.6699,0.6861,395.8934,47.4103,0
2025-05-20 12:00:00,HSM.DSC.PMP01,cooling_descaling_pump,175.3985,199.7781,-0.3271,1.1205,396.8294,60.6276,0
2025-05-20 13:00:00,HSM.DSC.PMP01,cooling_descaling_pump,185.534,206.2659,0.5821,0.6683,405.6582,56.217,0
2025-05-20 14:00:00,HSM.DSC.PMP01,cooling_descaling_pump,180.1388,198.1312,1.2733,1.082,396.2736,58.6833,0
2025-05-20 15:00:00,HSM.DSC.PMP01,cooling_descaling_pump,215.9262,204.3946,0.4104,0.889,402.5321,42.759,0
2025-05-20 16:00:00,HSM.DSC.PMP01,cooling_descaling_pump,185.3269,203.3182,-0.9317,0.9488,403.9432,58.2008,0
2025-05-20 17:00:00,HSM.DSC.PMP01,cooling_descaling_pump,159.9674,192.3339,-0.238,1.1666,398.8815,59.5117,0
2025-05-20 18:00:00,HSM.DSC.PMP01,cooling_descaling_pump,172.846,205.507,-0.3067,1.067,401.497,59.4118,0
2025-05-20 19:00:00,HSM.DSC.PMP01,cooling_descaling_pump,212.6303,200.4397,-0.1712,0.9742,399.9672,64.9842,0
2025-05-20 20:00:00,HSM.DSC.PMP01,cooling_descaling_pump,182.1936,200.5137,0.8418,0.8719,398.5194,54.073,0
2025-05-20 21:00:00,HSM.DSC.PMP01,cooling_descaling_pump,210.2803,202.9009,0.3181,0.8117,402.7587,50.3067,0
2025-05-20 22:00:00,HSM.DSC.PMP01,cooling_descaling_pump,203.3102,199.4017,0.8134,0.7588,407.7379,49.9464,0
2025-05-20 23:00:00,HSM.DSC.PMP01,cooling_descaling_pump,189.8008,198.1683,-0.7099,1.3416,393.2464,59.6732,0
2025-05-21 00:00:00,HSM.DSC.PMP01,cooling_descaling_pump,220.6784,202.5162,0.1595,0.8862,398.8685,54.7571,0
2025-05-21 01:00:00,HSM.DSC.PMP01,cooling_descaling_pump,165.6913,198.2524,-0.2742,0.9735,398.0167,55.9497,0
2025-05-21 02:00:00,HSM.DSC.PMP01,cooling_descaling_pump,198.0625,198.3315,-0.729,0.8982,405.0539,52.0239,0
2025-05-21 03:00:00,HSM.DSC.PMP01,cooling_descaling_pump,201.3697,201.2208,-1.0301,1.0111,396.0041,59.808,0
2025-05-21 04:00:00,HSM.DSC.PMP01,cooling_descaling_pump,153.2339,198.1906,0.7401,1.2279,398.0914,61.6851,0
2025-05-21 05:00:00,HSM.DSC.PMP01,cooling_descaling_pump,201.6506,199.7432,0.6239,0.9377,396.9185,52.9218,0
2025-05-21 06:00:00,HSM.DSC.PMP01,cooling_descaling_pump,145.1783,200.8764,0.3791,1.2379,400.0559,59.3191,0
2025-05-21 07:00:00,HSM.DSC.PMP01,cooling_descaling_pump,153.0306,201.8684,-1.0574,0.9343,397.4799,53.5393,0
2025-05-21 08:00:00,HSM.DSC.PMP01,cooling_descaling_pump,206.1727,197.928,0.1857,0.8432,401.9241,45.9137,0
2025-05-21 09:00:00,HSM.DSC.PMP01,cooling_descaling_pump,181.7249,205.4136,0.6491,1.1575,395.2343,48.6997,0
2025-05-21 10:00:00,HSM.DSC.PMP01,cooling_descaling_pump,178.2135,203.1266,-1.2491,0.8611,396.8854,51.8854,0
2025-05-21 11:00:00,HSM.DSC.PMP01,cooling_descaling_pump,114.3402,193.5539,-0.3145,1.2009,398.8209,55.009,0
2025-05-21 12:00:00,HSM.DSC.PMP01,cooling_descaling_pump,195.2905,198.6938,0.1559,1.0575,399.5515,54.5746,0
2025-05-21 13:00:00,HSM.DSC.PMP01,cooling_descaling_pump,169.7287,202.8185,-0.5275,0.9666,395.8089,54.3372,0
2025-05-21 14:00:00,HSM.DSC.PMP01,cooling_descaling_pump,222.8468,201.6457,1.4199,1.0715,403.5395,57.7239,0
2025-05-21 15:00:00,HSM.DSC.PMP01,cooling_descaling_pump,186.0937,204.5002,0.076,0.8393,399.1347,53.4383,0
2025-05-21 16:00:00,HSM.DSC.PMP01,cooling_descaling_pump,171.188,197.3443,0.0039,1.1057,397.8712,52.7824,0
2025-05-21 17:00:00,HSM.DSC.PMP01,cooling_descaling_pump,159.5323,194.1306,-0.7633,1.135,405.3305,49.191,0
2025-05-21 18:00:00,HSM.DSC.PMP01,cooling_descaling_pump,129.996,199.955,-0.3172,1.116,398.6079,53.8315,0
2025-05-21 19:00:00,HSM.DSC.PMP01,cooling_descaling_pump,192.2195,199.5722,0.4221,0.955,405.1349,55.7592,0
2025-05-21 20:00:00,HSM.DSC.PMP01,cooling_descaling_pump,173.7793,196.129,0.1717,1.1229,402.8765,61.5165,0
2025-05-21 21:00:00,HSM.DSC.PMP01,cooling_descaling_pump,181.1751,203.362,0.5191,1.0746,397.5786,52.6138,0
2025-05-21 22:00:00,HSM.DSC.PMP01,cooling_descaling_pump,185.0321,202.6204,-0.452,0.8096,400.373,44.7414,0
2025-05-21 23:00:00,HSM.DSC.PMP01,cooling_descaling_pump,155.7538,198.9209,0.1896,1.0189,399.0262,52.4088,0
2025-05-22 00:00:00,HSM.DSC.PMP01,cooling_descaling_pump,178.1381,198.0245,0.8777,0.9116,401.4202,56.9454,0
2025-05-22 01:00:00,HSM.DSC.PMP01,cooling_descaling_pump,155.431,198.1865,-1.2531,1.1635,395.4538,54.7055,0
2025-05-22 02:00:00,HSM.DSC.PMP01,cooling_descaling_pump,208.1011,199.6665,-0.8883,0.9843,398.2345,59.3868,0
2025-05-22 03:00:00,HSM.DSC.PMP01,cooling_descaling_pump,229.4041,196.1611,0.441,0.7557,403.3723,53.0423,0
2025-05-22 04:00:00,HSM.DSC.PMP01,cooling_descaling_pump,176.0009,198.3246,-0.4157,0.85,402.3768,55.8612,0
2025-05-22 05:00:00,HSM.DSC.PMP01,cooling_descaling_pump,192.7518,198.2229,0.5111,1.0609,394.4095,48.5867,0
2025-05-22 06:00:00,HSM.DSC.PMP01,cooling_descaling_pump,180.2592,198.8984,0.3067,0.7792,400.9331,49.8114,0
2025-05-22 07:00:00,HSM.DSC.PMP01,cooling_descaling_pump,179.1981,201.2766,1.7706,1.382,392.6805,61.7511,0
2025-05-22 08:00:00,HSM.DSC.PMP01,cooling_descaling_pump,208.2757,210.0129,-0.3684,1.1312,393.666,68.0158,0
2025-05-22 09:00:00,HSM.DSC.PMP01,cooling_descaling_pump,234.3885,202.1592,-0.0351,0.7744,405.1527,58.1002,0
2025-05-22 10:00:00,HSM.DSC.PMP01,cooling_descaling_pump,139.8332,200.4515,-0.1411,1.117,402.8881,61.5828,0
2025-05-22 11:00:00,HSM.DSC.PMP01,cooling_descaling_pump,206.2325,199.0616,0.2702,0.9223,402.5629,59.6837,0
2025-05-22 12:00:00,HSM.DSC.PMP01,cooling_descaling_pump,194.9088,198.8596,-1.0881,0.9818,400.2036,54.5071,0
2025-05-22 13:00:00,HSM.DSC.PMP01,cooling_descaling_pump,173.5031,196.6576,-0.6346,1.1045,393.2404,50.3949,0
2025-05-22 14:00:00,HSM.DSC.PMP01,cooling_descaling_pump,185.0063,201.0883,-0.2661,0.758,401.1797,42.4158,0
2025-05-22 15:00:00,HSM.DSC.PMP01,cooling_descaling_pump,178.8968,202.8953,0.245,1.0117,399.6009,57.4631,0
2025-05-22 16:00:00,HSM.DSC.PMP01,cooling_descaling_pump,175.2708,204.5779,1.5074,0.9346,399.2244,53.2933,0
2025-05-22 17:00:00,HSM.DSC.PMP01,cooling_descaling_pump,172.3817,193.9662,1.2102,0.9798,401.9689,52.4017,0
2025-05-22 18:00:00,HSM.DSC.PMP01,cooling_descaling_pump,219.6549,199.291,0.1912,0.8889,397.1763,51.6343,0
2025-05-22 19:00:00,HSM.DSC.PMP01,cooling_descaling_pump,187.4123,196.4155,-0.4242,0.7447,403.9222,50.2877,0
2025-05-22 20:00:00,HSM.DSC.PMP01,cooling_descaling_pump,124.2554,196.2183,-0.5723,1.3205,403.0274,57.8449,0
2025-05-22 21:00:00,HSM.DSC.PMP01,cooling_descaling_pump,172.4767,204.237,-0.5585,1.2365,398.5944,58.2062,0
2025-05-22 22:00:00,HSM.DSC.PMP01,cooling_descaling_pump,205.8768,201.7003,0.659,1.1288,401.4932,57.084,0
2025-05-22 23:00:00,HSM.DSC.PMP01,cooling_descaling_pump,175.6612,195.3992,0.6548,1.0014,410.4082,55.0174,0
2025-05-23 00:00:00,HSM.DSC.PMP01,cooling_descaling_pump,189.9743,200.5008,1.1905,0.9955,401.8198,61.4724,0
2025-05-23 01:00:00,HSM.DSC.PMP01,cooling_descaling_pump,191.895,203.7852,-0.7845,1.0145,396.1302,59.6587,0
2025-05-23 02:00:00,HSM.DSC.PMP01,cooling_descaling_pump,213.7694,199.416,0.6711,0.8736,400.1127,49.76,0
2025-05-23 03:00:00,HSM.DSC.PMP01,cooling_descaling_pump,153.3537,202.5927,0.2596,1.2565,400.6146,61.7509,0
2025-05-23 04:00:00,HSM.DSC.PMP01,cooling_descaling_pump,177.561,198.6007,-1.1365,1.0949,407.8779,54.8458,0
2025-05-23 05:00:00,HSM.DSC.PMP01,cooling_descaling_pump,194.6991,200.7756,-0.5955,0.9134,401.1403,61.2776,0
2025-05-23 06:00:00,HSM.DSC.PMP01,cooling_descaling_pump,228.5384,199.1555,0.321,1.024,390.1295,54.6851,0
2025-05-23 07:00:00,HSM.DSC.PMP01,cooling_descaling_pump,169.4229,200.8171,-0.2653,0.9705,395.9608,57.2232,0
2025-05-23 08:00:00,HSM.DSC.PMP01,cooling_descaling_pump,163.5055,203.0032,-0.6552,1.0051,398.4945,60.2262,0
2025-05-23 09:00:00,HSM.DSC.PMP01,cooling_descaling_pump,144.1845,193.281,0.6955,1.3532,393.5401,61.8381,0
2025-05-23 10:00:00,HSM.DSC.PMP01,cooling_descaling_pump,181.0495,199.4808,1.4044,1.0224,400.3758,52.0005,0
2025-05-23 11:00:00,HSM.DSC.PMP01,cooling_descaling_pump,163.9012,200.8764,-0.5986,1.0738,393.4257,56.6546,0
2025-05-23 12:00:00,HSM.DSC.PMP01,cooling_descaling_pump,184.0616,196.6463,-0.8035,1.098,405.8393,48.3436,0
2025-05-23 13:00:00,HSM.DSC.PMP01,cooling_descaling_pump,171.6802,202.9697,-1.2366,0.7907,396.6119,49.6481,0
2025-05-23 14:00:00,HSM.DSC.PMP01,cooling_descaling_pump,120.6118,202.1161,-0.3525,1.0904,396.964,47.2063,0
2025-05-23 15:00:00,HSM.DSC.PMP01,cooling_descaling_pump,202.1988,193.3355,-0.674,0.9173,402.7698,53.2509,0
2025-05-23 16:00:00,HSM.DSC.PMP01,cooling_descaling_pump,178.0714,199.2091,-0.3622,1.073,401.2379,54.3587,0
2025-05-23 17:00:00,HSM.DSC.PMP01,cooling_descaling_pump,184.5475,201.5425,1.4917,0.8445,401.0622,48.5878,0
2025-05-23 18:00:00,HSM.DSC.PMP01,cooling_descaling_pump,209.8818,198.1837,0.1656,1.0383,396.8211,46.488,0
2025-05-23 19:00:00,HSM.DSC.PMP01,cooling_descaling_pump,210.7418,196.2772,-0.1608,1.112,398.4368,60.2564,0
2025-05-23 20:00:00,HSM.DSC.PMP01,cooling_descaling_pump,167.7756,199.1041,0.7374,0.9986,393.505,52.7778,0
2025-05-23 21:00:00,HSM.DSC.PMP01,cooling_descaling_pump,191.7144,198.8052,0.5431,0.8772,406.7664,40.7597,0
2025-05-23 22:00:00,HSM.DSC.PMP01,cooling_descaling_pump,195.4309,199.562,-0.0234,0.6338,407.0068,55.1297,0
2025-05-23 23:00:00,HSM.DSC.PMP01,cooling_descaling_pump,226.5303,203.579,-0.3435,0.5854,406.7107,47.2302,0
2025-05-24 00:00:00,HSM.DSC.PMP01,cooling_descaling_pump,192.8166,196.3617,0.2071,1.1433,398.2904,50.1708,0
2025-05-24 01:00:00,HSM.DSC.PMP01,cooling_descaling_pump,199.5634,198.322,0.243,0.8842,400.4249,58.5132,0
2025-05-24 02:00:00,HSM.DSC.PMP01,cooling_descaling_pump,214.2696,197.9827,0.4542,0.7632,402.3295,54.4068,0
2025-05-24 03:00:00,HSM.DSC.PMP01,cooling_descaling_pump,177.4054,202.2625,0.0241,1.09,398.9322,58.8064,0
2025-05-24 04:00:00,HSM.DSC.PMP01,cooling_descaling_pump,176.7677,197.7072,-0.0657,0.8143,409.1109,53.5169,0
2025-05-24 05:00:00,HSM.DSC.PMP01,cooling_descaling_pump,231.788,203.739,0.0944,0.7376,404.5765,56.2211,0
2025-05-24 06:00:00,HSM.DSC.PMP01,cooling_descaling_pump,201.4201,192.4837,0.4091,0.8766,400.5814,54.9288,0
2025-05-24 07:00:00,HSM.DSC.PMP01,cooling_descaling_pump,181.8434,197.3404,-0.1553,1.0961,389.1833,49.783,0
2025-05-24 08:00:00,HSM.DSC.PMP01,cooling_descaling_pump,168.4299,196.3621,-0.2345,1.1509,398.1922,53.708,0
2025-05-24 09:00:00,HSM.DSC.PMP01,cooling_descaling_pump,188.5327,203.012,-0.3026,0.7502,396.952,53.038,0
2025-05-24 10:00:00,HSM.DSC.PMP01,cooling_descaling_pump,165.9172,198.6082,0.5791,0.9951,400.4014,54.4685,0
2025-05-24 11:00:00,HSM.DSC.PMP01,cooling_descaling_pump,181.3967,198.5609,-0.0896,1.0651,399.0738,59.4859,0
2025-05-24 12:00:00,HSM.DSC.PMP01,cooling_descaling_pump,180.9632,196.6535,0.3317,0.7533,409.4462,52.9297,0
2025-05-24 13:00:00,HSM.DSC.PMP01,cooling_descaling_pump,208.9915,203.6559,1.2232,0.9275,393.3416,48.7418,0
2025-05-24 14:00:00,HSM.DSC.PMP01,cooling_descaling_pump,201.9323,199.874,0.2953,1.1307,403.3358,60.1477,0
2025-05-24 15:00:00,HSM.DSC.PMP01,cooling_descaling_pump,210.4639,202.1987,-0.1056,0.907,400.2603,56.2921,0
2025-05-24 16:00:00,HSM.DSC.PMP01,cooling_descaling_pump,175.0004,201.6605,1.3377,1.0667,402.4483,55.3123,0
2025-05-24 17:00:00,HSM.DSC.PMP01,cooling_descaling_pump,187.7033,197.9166,-0.4163,0.9129,399.6378,47.536,0
2025-05-24 18:00:00,HSM.DSC.PMP01,cooling_descaling_pump,178.2407,192.3344,0.1001,1.209,407.2246,54.9244,0
2025-05-24 19:00:00,HSM.DSC.PMP01,cooling_descaling_pump,194.4566,200.6777,-0.4267,0.8119,402.6577,50.696,0
2025-05-24 20:00:00,HSM.DSC.PMP01,cooling_descaling_pump,203.4996,202.6703,-0.1732,1.0818,401.0819,50.536,0
2025-05-24 21:00:00,HSM.DSC.PMP01,cooling_descaling_pump,139.3786,206.1357,-1.0084,0.7572,407.1329,49.4059,0
2025-05-24 22:00:00,HSM.DSC.PMP01,cooling_descaling_pump,174.5266,197.1599,0.0568,0.9084,401.3154,53.0417,0
2025-05-24 23:00:00,HSM.DSC.PMP01,cooling_descaling_pump,158.9075,199.8902,0.4322,1.1613,394.9764,55.1406,0
2025-05-25 00:00:00,HSM.DSC.PMP01,cooling_descaling_pump,192.0399,197.9912,0.2611,0.8808,401.0504,52.2024,0
2025-05-25 01:00:00,HSM.DSC.PMP01,cooling_descaling_pump,175.1778,197.3148,0.78,1.3054,404.464,61.9523,0
2025-05-25 02:00:00,HSM.DSC.PMP01,cooling_descaling_pump,155.0853,200.3622,-0.5422,0.758,407.1671,51.7306,0
2025-05-25 03:00:00,HSM.DSC.PMP01,cooling_descaling_pump,180.2925,202.2044,0.6976,1.0267,403.0853,64.8081,0
2025-05-25 04:00:00,HSM.DSC.PMP01,cooling_descaling_pump,172.0467,205.6885,-0.8187,0.8373,406.0212,56.1692,0
2025-05-25 05:00:00,HSM.DSC.PMP01,cooling_descaling_pump,160.861,200.603,0.0677,1.0248,406.4627,59.7126,0
2025-05-25 06:00:00,HSM.DSC.PMP01,cooling_descaling_pump,178.5508,201.205,0.5935,1.0048,398.9443,55.6224,0
2025-05-25 07:00:00,HSM.DSC.PMP01,cooling_descaling_pump,194.1589,202.6461,-0.7295,1.0586,403.8514,65.815,0
2025-05-25 08:00:00,HSM.DSC.PMP01,cooling_descaling_pump,206.8257,199.1381,-0.7221,1.0644,399.9552,55.2718,0
2025-05-25 09:00:00,HSM.DSC.PMP01,cooling_descaling_pump,171.5465,197.3036,-0.5028,1.0517,402.1601,52.9745,0
2025-05-25 10:00:00,HSM.DSC.PMP01,cooling_descaling_pump,222.3833,204.0348,-0.9085,1.0217,404.2926,60.4429,0
2025-05-25 11:00:00,HSM.DSC.PMP01,cooling_descaling_pump,205.9458,201.2993,1.0998,1.014,400.6729,53.8205,0
2025-05-25 12:00:00,HSM.DSC.PMP01,cooling_descaling_pump,169.8356,198.9194,-1.4557,1.2739,404.411,60.1705,0
2025-05-25 13:00:00,HSM.DSC.PMP01,cooling_descaling_pump,217.2163,203.5343,-1.0311,1.0771,392.5527,59.9709,0
2025-05-25 14:00:00,HSM.DSC.PMP01,cooling_descaling_pump,140.8454,202.6532,-0.4505,0.9532,398.2264,53.7535,0
2025-05-25 15:00:00,HSM.DSC.PMP01,cooling_descaling_pump,142.8236,200.3525,0.6831,0.9861,398.4341,51.0212,0
2025-05-25 16:00:00,HSM.DSC.PMP01,cooling_descaling_pump,184.6693,198.4923,0.0984,0.872,401.5803,53.0087,0
2025-05-25 17:00:00,HSM.DSC.PMP01,cooling_descaling_pump,185.1073,197.433,0.3758,0.976,396.1584,50.1941,0
2025-05-25 18:00:00,HSM.DSC.PMP01,cooling_descaling_pump,197.6691,201.0666,-0.2358,0.8803,404.8593,53.9214,0
2025-05-25 19:00:00,HSM.DSC.PMP01,cooling_descaling_pump,227.4197,200.9932,0.0843,0.8054,396.7274,46.5991,0
2025-05-25 20:00:00,HSM.DSC.PMP01,cooling_descaling_pump,197.7706,200.1007,0.201,0.7671,397.9665,51.0555,0
2025-05-25 21:00:00,HSM.DSC.PMP01,cooling_descaling_pump,173.848,199.491,-0.0222,1.0699,400.3004,55.0928,0
2025-05-25 22:00:00,HSM.DSC.PMP01,cooling_descaling_pump,168.5804,197.3961,-0.4312,0.9357,396.7881,54.3921,0
2025-05-25 23:00:00,HSM.DSC.PMP01,cooling_descaling_pump,193.6121,202.6398,-0.3009,1.2753,394.6317,58.9707,0
2025-05-26 00:00:00,HSM.DSC.PMP01,cooling_descaling_pump,156.0995,201.3733,-0.2353,1.1643,398.3426,58.1806,0
2025-05-26 01:00:00,HSM.DSC.PMP01,cooling_descaling_pump,200.3103,198.4848,0.8155,0.8738,402.9571,51.6687,0
2025-05-26 02:00:00,HSM.DSC.PMP01,cooling_descaling_pump,129.889,199.4371,-0.7005,1.2103,396.0163,59.2581,0
2025-05-26 03:00:00,HSM.DSC.PMP01,cooling_descaling_pump,166.0788,196.7284,-0.4611,0.9945,395.5739,59.9313,0
2025-05-26 04:00:00,HSM.DSC.PMP01,cooling_descaling_pump,190.2978,194.9803,0.0548,0.876,407.8702,59.1262,0
2025-05-26 05:00:00,HSM.DSC.PMP01,cooling_descaling_pump,189.3978,194.8468,0.0515,1.2486,402.7102,61.5205,0
2025-05-26 06:00:00,HSM.DSC.PMP01,cooling_descaling_pump,149.8624,199.3994,0.5265,1.0392,396.7756,46.2542,0
2025-05-26 07:00:00,HSM.DSC.PMP01,cooling_descaling_pump,171.0154,197.7862,-0.0355,1.1942,408.8033,59.276,0
2025-05-26 08:00:00,HSM.DSC.PMP01,cooling_descaling_pump,163.9702,195.4088,-0.5032,1.1157,395.0812,60.2344,0
2025-05-26 09:00:00,HSM.DSC.PMP01,cooling_descaling_pump,228.4259,203.969,-0.0204,0.9687,399.8083,57.1426,0
2025-05-26 10:00:00,HSM.DSC.PMP01,cooling_descaling_pump,175.8227,199.6611,-0.2779,1.0943,405.3112,57.2956,0
2025-05-26 11:00:00,HSM.DSC.PMP01,cooling_descaling_pump,195.9736,198.8793,0.4452,0.824,406.1489,52.2414,0
2025-05-26 12:00:00,HSM.DSC.PMP01,cooling_descaling_pump,186.5293,196.2768,-0.832,0.9674,395.4203,48.4445,0
2025-05-26 13:00:00,HSM.DSC.PMP01,cooling_descaling_pump,185.8878,203.6412,-0.1613,1.2693,394.2004,60.0482,0
2025-05-26 14:00:00,HSM.DSC.PMP01,cooling_descaling_pump,175.8296,197.2585,-0.4405,1.0644,403.1612,52.0781,0
2025-05-26 15:00:00,HSM.DSC.PMP01,cooling_descaling_pump,184.5947,199.6016,0.4131,0.8631,397.164,51.4782,0
2025-05-26 16:00:00,HSM.DSC.PMP01,cooling_descaling_pump,164.97,198.032,-0.495,1.0797,402.668,63.8219,0
2025-05-26 17:00:00,HSM.DSC.PMP01,cooling_descaling_pump,167.7601,194.5921,-0.0593,1.1877,405.5687,54.507,0
2025-05-26 18:00:00,HSM.DSC.PMP01,cooling_descaling_pump,164.335,201.0197,0.3077,1.031,401.9358,53.0678,0
2025-05-26 19:00:00,HSM.DSC.PMP01,cooling_descaling_pump,180.8875,198.67,-0.5161,1.0844,393.5496,52.881,0
2025-05-26 20:00:00,HSM.DSC.PMP01,cooling_descaling_pump,166.2817,205.6876,0.2203,0.8727,400.4381,49.7955,0
2025-05-26 21:00:00,HSM.DSC.PMP01,cooling_descaling_pump,196.2615,198.278,-0.4165,0.8061,410.1739,56.7984,0
2025-05-26 22:00:00,HSM.DSC.PMP01,cooling_descaling_pump,186.6967,198.5531,-0.0955,1.2512,397.3863,62.8258,0
2025-05-26 23:00:00,HSM.DSC.PMP01,cooling_descaling_pump,174.2982,203.2275,0.9851,1.102,393.6881,60.4819,0
2025-05-27 00:00:00,HSM.DSC.PMP01,cooling_descaling_pump,182.4996,197.4924,0.3899,1.0659,401.3237,54.7068,0
2025-05-27 01:00:00,HSM.DSC.PMP01,cooling_descaling_pump,203.3915,202.2843,-0.0638,1.0679,398.3091,51.9761,0
2025-05-27 02:00:00,HSM.DSC.PMP01,cooling_descaling_pump,204.3432,195.7192,-0.0865,0.9248,399.6363,50.0948,0
2025-05-27 03:00:00,HSM.DSC.PMP01,cooling_descaling_pump,211.421,197.8622,0.1146,0.9724,404.449,56.174,0
2025-05-27 04:00:00,HSM.DSC.PMP01,cooling_descaling_pump,182.0076,200.0514,0.2974,0.9326,394.8312,61.1103,0
2025-05-27 05:00:00,HSM.DSC.PMP01,cooling_descaling_pump,126.6274,199.9565,0.446,0.9469,404.2539,52.2929,0
2025-05-27 06:00:00,HSM.DSC.PMP01,cooling_descaling_pump,198.3507,200.834,0.4392,1.138,397.3907,58.1272,0
2025-05-27 07:00:00,HSM.DSC.PMP01,cooling_descaling_pump,197.1646,198.3934,0.535,0.7456,400.8478,50.7929,0
2025-05-27 08:00:00,HSM.DSC.PMP01,cooling_descaling_pump,185.9572,202.1755,-0.1835,0.741,395.777,49.614,0
2025-05-27 09:00:00,HSM.DSC.PMP01,cooling_descaling_pump,155.4402,203.4572,-1.0336,1.0093,407.4143,48.4664,0
2025-05-27 10:00:00,HSM.DSC.PMP01,cooling_descaling_pump,166.8047,203.2795,-1.3572,0.9133,399.7901,45.8588,0
2025-05-27 11:00:00,HSM.DSC.PMP01,cooling_descaling_pump,189.3876,194.2421,0.6433,0.8763,400.4694,50.4499,0
2025-05-27 12:00:00,HSM.DSC.PMP01,cooling_descaling_pump,159.9995,202.4672,0.1182,1.2043,400.2746,59.4146,0
2025-05-27 13:00:00,HSM.DSC.PMP01,cooling_descaling_pump,241.8683,201.2209,-0.9035,0.8997,400.1969,54.7107,0
2025-05-27 14:00:00,HSM.DSC.PMP01,cooling_descaling_pump,155.5587,200.0483,-0.158,1.035,404.2579,55.0875,0
2025-05-27 15:00:00,HSM.DSC.PMP01,cooling_descaling_pump,174.3237,199.1026,0.115,0.9488,398.7602,52.2134,0
2025-05-27 16:00:00,HSM.DSC.PMP01,cooling_descaling_pump,187.4855,198.3811,-0.9982,1.2259,401.2205,53.1635,0
2025-05-27 17:00:00,HSM.DSC.PMP01,cooling_descaling_pump,211.1332,204.9162,0.4893,0.8681,393.3259,51.6649,0
2025-05-27 18:00:00,HSM.DSC.PMP01,cooling_descaling_pump,166.2773,199.0238,-0.2667,1.0883,398.389,62.6083,0
2025-05-27 19:00:00,HSM.DSC.PMP01,cooling_descaling_pump,190.1831,205.2548,-1.5976,0.8571,400.2333,53.2653,0
2025-05-27 20:00:00,HSM.DSC.PMP01,cooling_descaling_pump,243.0682,202.0586,-0.5297,0.5192,396.0253,56.9995,0
2025-05-27 21:00:00,HSM.DSC.PMP01,cooling_descaling_pump,189.9361,201.3776,-0.2506,1.0251,398.3527,67.0737,0
2025-05-27 22:00:00,HSM.DSC.PMP01,cooling_descaling_pump,191.2107,205.7471,-0.5512,0.7839,402.6598,52.3142,0
2025-05-27 23:00:00,HSM.DSC.PMP01,cooling_descaling_pump,178.1051,198.3734,-0.0969,0.8687,398.3183,52.2117,0
2025-05-28 00:00:00,HSM.DSC.PMP01,cooling_descaling_pump,179.5309,195.0727,-0.6691,1.0998,408.0688,55.0791,0
2025-05-28 01:00:00,HSM.DSC.PMP01,cooling_descaling_pump,208.7017,200.7202,0.6151,0.966,395.198,55.5478,0
2025-05-28 02:00:00,HSM.DSC.PMP01,cooling_descaling_pump,191.3398,205.0905,-0.3654,0.6283,406.2492,50.273,0
2025-05-28 03:00:00,HSM.DSC.PMP01,cooling_descaling_pump,198.2977,201.0995,0.889,1.1602,399.8621,57.9948,0
2025-05-28 04:00:00,HSM.DSC.PMP01,cooling_descaling_pump,195.1314,200.6238,-0.7645,0.8275,400.483,45.1383,0
2025-05-28 05:00:00,HSM.DSC.PMP01,cooling_descaling_pump,161.0449,194.0518,-0.2476,1.1442,396.4271,61.4083,0
2025-05-28 06:00:00,HSM.DSC.PMP01,cooling_descaling_pump,202.9273,199.4238,-0.7711,0.8928,404.1491,58.5417,0
2025-05-28 07:00:00,HSM.DSC.PMP01,cooling_descaling_pump,180.8303,200.5161,-0.5865,0.8746,404.7307,58.813,0
2025-05-28 08:00:00,HSM.DSC.PMP01,cooling_descaling_pump,161.4483,199.018,0.3628,1.0625,404.8863,55.4199,0
2025-05-28 09:00:00,HSM.DSC.PMP01,cooling_descaling_pump,184.4278,199.5714,-0.6841,1.0481,400.6074,60.6045,0
2025-05-28 10:00:00,HSM.DSC.PMP01,cooling_descaling_pump,215.0643,201.874,1.1344,0.9395,399.3424,58.0991,0
2025-05-28 11:00:00,HSM.DSC.PMP01,cooling_descaling_pump,171.1307,201.1511,0.6567,0.8858,397.0707,53.2665,0
2025-05-28 12:00:00,HSM.DSC.PMP01,cooling_descaling_pump,208.7126,197.8218,0.4195,0.8865,394.9488,57.2568,0
2025-05-28 13:00:00,HSM.DSC.PMP01,cooling_descaling_pump,159.6537,197.9756,0.2017,1.347,399.4605,62.8717,0
2025-05-28 14:00:00,HSM.DSC.PMP01,cooling_descaling_pump,210.4512,199.1358,0.13,1.0453,398.5734,55.3653,0
2025-05-28 15:00:00,HSM.DSC.PMP01,cooling_descaling_pump,201.4355,194.3049,-0.4322,1.0601,396.9091,56.0051,0
2025-05-28 16:00:00,HSM.DSC.PMP01,cooling_descaling_pump,179.2655,193.503,0.6786,0.9237,405.4366,59.4709,0
2025-05-28 17:00:00,HSM.DSC.PMP01,cooling_descaling_pump,174.544,200.6469,0.2424,1.0254,401.9531,51.6288,0
2025-05-28 18:00:00,HSM.DSC.PMP01,cooling_descaling_pump,175.0252,200.9631,0.2975,1.0001,402.2816,52.5742,0
2025-05-28 19:00:00,HSM.DSC.PMP01,cooling_descaling_pump,183.8066,200.2376,-0.8138,0.8439,399.7122,46.6964,0
2025-05-28 20:00:00,HSM.DSC.PMP01,cooling_descaling_pump,184.0889,200.4206,-0.2164,1.0015,401.672,52.1885,0
2025-05-28 21:00:00,HSM.DSC.PMP01,cooling_descaling_pump,177.3061,206.078,0.3423,1.2993,394.1725,61.3021,0
2025-05-28 22:00:00,HSM.DSC.PMP01,cooling_descaling_pump,198.899,197.6015,0.4816,0.8323,402.3807,58.3834,0
2025-05-28 23:00:00,HSM.DSC.PMP01,cooling_descaling_pump,225.9383,200.4442,0.2214,0.8811,405.7835,53.826,0
2025-05-29 00:00:00,HSM.DSC.PMP01,cooling_descaling_pump,150.6992,202.1624,-0.2253,1.0471,399.0271,52.9196,0
2025-05-29 01:00:00,HSM.DSC.PMP01,cooling_descaling_pump,209.9846,198.8101,0.2064,0.8091,400.5846,52.5504,0
2025-05-29 02:00:00,HSM.DSC.PMP01,cooling_descaling_pump,193.3632,197.7531,0.9965,0.8636,408.6634,54.8556,0
2025-05-29 03:00:00,HSM.DSC.PMP01,cooling_descaling_pump,212.7918,200.3524,0.2289,0.9573,399.7265,57.4598,0
2025-05-29 04:00:00,HSM.DSC.PMP01,cooling_descaling_pump,191.4873,196.4829,-0.8749,1.2508,401.8838,61.0336,0
2025-05-29 05:00:00,HSM.DSC.PMP01,cooling_descaling_pump,174.2919,200.8977,0.905,0.842,395.2466,51.1403,0
2025-05-29 06:00:00,HSM.DSC.PMP01,cooling_descaling_pump,186.6827,198.8698,0.4025,1.2292,397.5611,64.8947,0
2025-05-29 07:00:00,HSM.DSC.PMP01,cooling_descaling_pump,193.491,199.0545,0.3601,1.1542,393.8738,59.4505,0
2025-05-29 08:00:00,HSM.DSC.PMP01,cooling_descaling_pump,174.5347,200.3792,0.612,0.882,395.8585,56.527,0
2025-05-29 09:00:00,HSM.DSC.PMP01,cooling_descaling_pump,176.1989,205.2618,-0.8391,0.8718,408.4107,63.0608,0
2025-05-29 10:00:00,HSM.DSC.PMP01,cooling_descaling_pump,166.3396,201.9916,-0.3151,0.9329,399.492,58.6552,0
2025-05-29 11:00:00,HSM.DSC.PMP01,cooling_descaling_pump,151.519,199.1765,1.2649,1.0693,398.4701,61.4355,0
2025-05-29 12:00:00,HSM.DSC.PMP01,cooling_descaling_pump,159.915,199.822,-0.7599,0.9071,402.2577,56.4619,0
2025-05-29 13:00:00,HSM.DSC.PMP01,cooling_descaling_pump,199.5722,200.4758,-0.3679,0.8319,403.6618,50.8375,0
2025-05-29 14:00:00,HSM.DSC.PMP01,cooling_descaling_pump,219.7542,209.8794,-0.6147,0.8783,400.7056,59.3714,0
2025-05-29 15:00:00,HSM.DSC.PMP01,cooling_descaling_pump,199.2579,199.9561,-0.1959,1.0786,394.7212,57.2486,0
2025-05-29 16:00:00,HSM.DSC.PMP01,cooling_descaling_pump,209.5821,197.2756,1.3043,0.7403,398.3243,49.5073,0
2025-05-29 17:00:00,HSM.DSC.PMP01,cooling_descaling_pump,215.2118,201.7175,-0.499,0.6809,408.8916,51.2458,0
2025-05-29 18:00:00,HSM.DSC.PMP01,cooling_descaling_pump,174.8213,200.3705,-0.5082,0.8538,410.385,52.3533,0
2025-05-29 19:00:00,HSM.DSC.PMP01,cooling_descaling_pump,199.0927,202.1318,-0.0484,0.8755,396.7334,44.7681,0
2025-05-29 20:00:00,HSM.DSC.PMP01,cooling_descaling_pump,177.2939,203.0754,-0.5805,1.1902,397.9101,58.9578,0
2025-05-29 21:00:00,HSM.DSC.PMP01,cooling_descaling_pump,191.1513,200.2624,-0.4096,0.9098,400.5428,51.1954,0
2025-05-29 22:00:00,HSM.DSC.PMP01,cooling_descaling_pump,211.8538,196.916,-1.8479,1.1474,398.2152,63.9118,0
2025-05-29 23:00:00,HSM.DSC.PMP01,cooling_descaling_pump,184.5715,194.8216,0.0448,1.3052,397.24,56.7805,0
2025-05-30 00:00:00,HSM.DSC.PMP01,cooling_descaling_pump,181.4557,197.3379,0.605,0.936,407.7203,50.5192,0
2025-05-30 01:00:00,HSM.DSC.PMP01,cooling_descaling_pump,180.5007,200.9456,-0.3385,1.0672,400.0102,54.5759,0
2025-05-30 02:00:00,HSM.DSC.PMP01,cooling_descaling_pump,166.8993,201.1184,-0.0876,1.0217,401.078,62.5499,0
2025-05-30 03:00:00,HSM.DSC.PMP01,cooling_descaling_pump,192.9216,204.6194,-0.2661,0.912,403.2131,55.901,0
2025-05-30 04:00:00,HSM.DSC.PMP01,cooling_descaling_pump,237.7805,196.4933,0.1108,1.0104,397.5896,61.9795,0
2025-05-30 05:00:00,HSM.DSC.PMP01,cooling_descaling_pump,194.1269,198.9299,-0.508,1.0488,396.0282,60.9025,0
2025-05-30 06:00:00,HSM.DSC.PMP01,cooling_descaling_pump,184.8594,194.6736,0.4883,1.1809,396.7259,62.1464,0
2025-05-30 07:00:00,HSM.DSC.PMP01,cooling_descaling_pump,190.8931,200.3288,-0.2795,0.9677,400.3251,55.1938,0
2025-05-30 08:00:00,HSM.DSC.PMP01,cooling_descaling_pump,177.5625,199.7236,-0.0586,1.1068,392.999,55.4673,0
2025-05-30 09:00:00,HSM.DSC.PMP01,cooling_descaling_pump,195.2666,197.889,0.3662,0.8676,403.4803,47.987,0
2025-05-30 10:00:00,HSM.DSC.PMP01,cooling_descaling_pump,205.5623,198.8298,-0.1103,1.0398,402.882,63.4013,0
2025-05-30 11:00:00,HSM.DSC.PMP01,cooling_descaling_pump,196.7479,199.9176,0.6328,1.2414,406.2912,64.4964,0
2025-05-30 12:00:00,HSM.DSC.PMP01,cooling_descaling_pump,159.1589,202.0691,0.5814,0.8504,398.8772,55.1789,0
2025-05-30 13:00:00,HSM.DSC.PMP01,cooling_descaling_pump,175.9471,201.7783,-0.3256,1.17,387.9745,58.1839,0
2025-05-30 14:00:00,HSM.DSC.PMP01,cooling_descaling_pump,194.4637,198.9502,0.4013,0.5828,404.8287,44.9159,0
2025-05-30 15:00:00,HSM.DSC.PMP01,cooling_descaling_pump,209.9504,198.71,1.0277,1.2391,401.1423,61.5025,0
2025-05-30 16:00:00,HSM.DSC.PMP01,cooling_descaling_pump,161.5403,199.0697,0.3227,1.2053,406.0523,68.2195,0
2025-05-30 17:00:00,HSM.DSC.PMP01,cooling_descaling_pump,155.3183,204.5438,-0.6997,1.0833,399.9851,45.7938,0
2025-05-30 18:00:00,HSM.DSC.PMP01,cooling_descaling_pump,201.6345,193.8798,0.735,1.1903,399.3152,54.2164,0
2025-05-30 19:00:00,HSM.DSC.PMP01,cooling_descaling_pump,227.8755,194.5497,-0.9112,1.1402,402.0816,60.2931,0
2025-05-30 20:00:00,HSM.DSC.PMP01,cooling_descaling_pump,183.8685,193.9192,-1.047,0.7684,403.814,45.7238,0
2025-05-30 21:00:00,HSM.DSC.PMP01,cooling_descaling_pump,198.328,193.8376,0.1202,1.1172,400.3855,51.8623,0
2025-05-30 22:00:00,HSM.DSC.PMP01,cooling_descaling_pump,211.771,197.2867,0.1487,1.1882,402.443,54.8696,0
2025-05-30 23:00:00,HSM.DSC.PMP01,cooling_descaling_pump,165.1904,203.3898,0.0595,0.9986,402.4065,50.7403,0
2025-05-31 00:00:00,HSM.DSC.PMP01,cooling_descaling_pump,219.5558,200.7684,1.0417,0.8893,406.6606,53.4626,0
2025-05-31 01:00:00,HSM.DSC.PMP01,cooling_descaling_pump,122.1043,200.3977,0.135,1.1587,398.5359,51.5546,0
2025-05-31 02:00:00,HSM.DSC.PMP01,cooling_descaling_pump,180.7549,202.6947,0.7938,1.0224,396.8603,60.2248,0
2025-05-31 03:00:00,HSM.DSC.PMP01,cooling_descaling_pump,185.33,199.4146,0.2876,0.8378,401.7577,56.8558,0
2025-05-31 04:00:00,HSM.DSC.PMP01,cooling_descaling_pump,189.959,194.3347,-0.1233,0.8982,400.9073,51.1659,0
2025-05-31 05:00:00,HSM.DSC.PMP01,cooling_descaling_pump,163.2915,201.4979,-0.4463,1.0187,401.0651,54.1437,0
2025-05-31 06:00:00,HSM.DSC.PMP01,cooling_descaling_pump,172.4139,205.2231,-0.3708,1.0711,398.9625,63.0459,0
2025-05-31 07:00:00,HSM.DSC.PMP01,cooling_descaling_pump,187.5784,201.6959,0.3226,1.2284,401.1964,63.2686,0
2025-05-31 08:00:00,HSM.DSC.PMP01,cooling_descaling_pump,232.2101,203.0843,1.2856,1.0787,403.2007,61.6527,0
2025-05-31 09:00:00,HSM.DSC.PMP01,cooling_descaling_pump,139.5103,209.3797,-0.5355,0.8705,402.0608,56.9822,0
2025-05-31 10:00:00,HSM.DSC.PMP01,cooling_descaling_pump,207.6857,197.5956,-0.7721,1.0982,392.8836,55.9738,0
2025-05-31 11:00:00,HSM.DSC.PMP01,cooling_descaling_pump,201.1533,205.8166,-0.3984,0.9239,400.8129,50.2902,0
2025-05-31 12:00:00,HSM.DSC.PMP01,cooling_descaling_pump,213.4998,203.7489,-0.2993,1.075,400.3421,60.6325,0
2025-05-31 13:00:00,HSM.DSC.PMP01,cooling_descaling_pump,227.318,204.0349,-0.3123,0.7693,399.4482,53.6159,0
2025-05-31 14:00:00,HSM.DSC.PMP01,cooling_descaling_pump,185.3904,207.1958,-0.8996,1.0686,408.5887,57.1301,0
2025-05-31 15:00:00,HSM.DSC.PMP01,cooling_descaling_pump,225.9585,201.096,0.0525,0.9726,394.5117,59.4042,0
2025-05-31 16:00:00,HSM.DSC.PMP01,cooling_descaling_pump,158.1711,198.1748,-0.2832,1.2555,400.3195,62.9618,0
2025-05-31 17:00:00,HSM.DSC.PMP01,cooling_descaling_pump,170.554,203.0585,0.5189,0.9215,402.8296,57.4381,0
2025-05-31 18:00:00,HSM.DSC.PMP01,cooling_descaling_pump,171.2247,200.1184,-0.619,1.1087,400.3495,56.2962,0
2025-05-31 19:00:00,HSM.DSC.PMP01,cooling_descaling_pump,221.5209,196.6147,-0.462,0.7636,394.8365,44.8397,0
2025-05-31 20:00:00,HSM.DSC.PMP01,cooling_descaling_pump,208.2709,201.6223,-1.1059,0.9864,405.3683,54.3098,0
2025-05-31 21:00:00,HSM.DSC.PMP01,cooling_descaling_pump,176.1471,201.5619,-0.778,1.0976,396.874,51.4563,0
2025-05-31 22:00:00,HSM.DSC.PMP01,cooling_descaling_pump,206.7965,197.7648,0.5057,1.1847,391.5887,52.646,0
2025-05-31 23:00:00,HSM.DSC.PMP01,cooling_descaling_pump,143.8853,202.5958,-0.1586,0.9714,402.2406,57.8128,0
2025-06-01 00:00:00,HSM.DSC.PMP01,cooling_descaling_pump,172.0394,197.9182,-0.7766,0.8621,401.1953,52.0458,0
2025-06-01 01:00:00,HSM.DSC.PMP01,cooling_descaling_pump,169.781,201.5452,1.1712,1.2592,395.5578,49.4551,0
2025-06-01 02:00:00,HSM.DSC.PMP01,cooling_descaling_pump,159.8681,198.1032,-0.6895,0.9461,401.6488,55.7426,0
2025-06-01 03:00:00,HSM.DSC.PMP01,cooling_descaling_pump,204.8717,195.2067,-0.5883,1.093,401.0707,57.3366,0
2025-06-01 04:00:00,HSM.DSC.PMP01,cooling_descaling_pump,164.6449,200.2147,-0.0344,1.1188,403.9324,60.8898,0
2025-06-01 05:00:00,HSM.DSC.PMP01,cooling_descaling_pump,192.1679,198.2578,-0.1421,1.1948,390.2945,57.9168,0
2025-06-01 06:00:00,HSM.DSC.PMP01,cooling_descaling_pump,178.0319,194.8354,0.4105,1.2407,402.1228,61.4702,0
2025-06-01 07:00:00,HSM.DSC.PMP01,cooling_descaling_pump,185.5437,207.5029,0.1611,0.7663,401.2963,60.174,0
2025-06-01 08:00:00,HSM.DSC.PMP01,cooling_descaling_pump,220.9521,198.0271,0.6197,1.2017,395.4049,57.3987,0
2025-06-01 09:00:00,HSM.DSC.PMP01,cooling_descaling_pump,191.9068,198.4569,-0.579,1.0027,397.9916,52.9069,0
2025-06-01 10:00:00,HSM.DSC.PMP01,cooling_descaling_pump,137.7344,197.6727,-0.2255,1.101,400.3066,64.2246,0
2025-06-01 11:00:00,HSM.DSC.PMP01,cooling_descaling_pump,155.8386,202.0685,-0.3061,1.0925,401.0663,56.6376,0
2025-06-01 12:00:00,HSM.DSC.PMP01,cooling_descaling_pump,152.5864,199.4895,0.6354,1.2484,395.8917,62.9575,0
2025-06-01 13:00:00,HSM.DSC.PMP01,cooling_descaling_pump,192.7928,198.2813,0.4346,0.9274,405.0775,48.4915,0
2025-06-01 14:00:00,HSM.DSC.PMP01,cooling_descaling_pump,181.0439,202.0303,0.6371,0.9769,397.1872,60.9483,0
2025-06-01 15:00:00,HSM.DSC.PMP01,cooling_descaling_pump,205.5578,196.0157,-0.5012,1.3581,397.1518,60.1564,0
2025-06-01 16:00:00,HSM.DSC.PMP01,cooling_descaling_pump,193.1779,200.1886,-0.6313,1.0898,396.6011,53.4817,0
2025-06-01 17:00:00,HSM.DSC.PMP01,cooling_descaling_pump,185.0981,198.9333,-0.4663,1.1551,391.3054,43.5205,0
2025-06-01 18:00:00,HSM.DSC.PMP01,cooling_descaling_pump,173.9899,205.5983,0.3295,0.9851,391.7293,52.6148,0
2025-06-01 19:00:00,HSM.DSC.PMP01,cooling_descaling_pump,160.1203,204.625,-0.4292,0.9954,401.7087,51.7346,0
2025-06-01 20:00:00,HSM.DSC.PMP01,cooling_descaling_pump,202.4448,198.5996,0.4005,0.7919,404.0664,46.741,0
2025-06-01 21:00:00,HSM.DSC.PMP01,cooling_descaling_pump,219.5375,201.7394,-0.3368,0.9279,404.4076,53.1717,0
2025-06-01 22:00:00,HSM.DSC.PMP01,cooling_descaling_pump,181.0586,202.2168,0.3383,1.0216,395.8159,51.2409,0
2025-06-01 23:00:00,HSM.DSC.PMP01,cooling_descaling_pump,188.9193,202.9792,-0.3159,0.878,396.2369,51.9645,0
2025-06-02 00:00:00,HSM.DSC.PMP01,cooling_descaling_pump,206.7141,203.4842,-0.3017,0.6776,404.1577,48.745,0
2025-06-02 01:00:00,HSM.DSC.PMP01,cooling_descaling_pump,185.5142,198.1321,2.0542,0.9306,406.4037,57.911,0
2025-06-02 02:00:00,HSM.DSC.PMP01,cooling_descaling_pump,185.2426,194.0955,0.0553,1.0793,403.8743,56.1276,0
2025-06-02 03:00:00,HSM.DSC.PMP01,cooling_descaling_pump,153.6308,200.4492,0.6208,1.014,403.8074,58.7774,0
2025-06-02 04:00:00,HSM.DSC.PMP01,cooling_descaling_pump,191.3223,203.18,-0.115,0.807,406.1302,51.146,0
2025-06-02 05:00:00,HSM.DSC.PMP01,cooling_descaling_pump,141.9687,199.9457,-0.3787,1.1378,396.4424,52.1944,0
2025-06-02 06:00:00,HSM.DSC.PMP01,cooling_descaling_pump,163.9199,203.9809,0.4548,1.1061,400.2035,52.9169,0
2025-06-02 07:00:00,HSM.DSC.PMP01,cooling_descaling_pump,158.7561,199.1136,-0.0899,1.1927,396.2416,62.7347,0
2025-06-02 08:00:00,HSM.DSC.PMP01,cooling_descaling_pump,174.4281,197.1067,-0.4556,1.055,395.9,47.0808,0
2025-06-02 09:00:00,HSM.DSC.PMP01,cooling_descaling_pump,174.5017,200.6674,-1.0193,1.1153,394.278,57.9956,0
2025-06-02 10:00:00,HSM.DSC.PMP01,cooling_descaling_pump,171.4395,203.887,0.9768,1.0804,399.5798,55.8116,0
2025-06-02 11:00:00,HSM.DSC.PMP01,cooling_descaling_pump,182.4487,204.7067,-0.1597,0.7905,402.9373,48.1127,0
2025-06-02 12:00:00,HSM.DSC.PMP01,cooling_descaling_pump,222.5964,199.2168,0.2712,0.8413,397.879,54.0803,0
2025-06-02 13:00:00,HSM.DSC.PMP01,cooling_descaling_pump,144.7219,203.0472,-0.3945,1.1553,403.5713,61.8449,0
2025-06-02 14:00:00,HSM.DSC.PMP01,cooling_descaling_pump,163.2875,200.9722,-0.5381,0.4541,399.0027,51.5953,0
2025-06-02 15:00:00,HSM.DSC.PMP01,cooling_descaling_pump,197.2228,195.5048,1.2258,1.0444,405.1264,55.5838,0
2025-06-02 16:00:00,HSM.DSC.PMP01,cooling_descaling_pump,220.0548,201.0255,0.5076,1.1313,396.6375,56.8304,0
2025-06-02 17:00:00,HSM.DSC.PMP01,cooling_descaling_pump,222.0918,191.3762,-0.2883,1.1926,394.145,52.5463,0
2025-06-02 18:00:00,HSM.DSC.PMP01,cooling_descaling_pump,202.9731,200.3404,-0.0658,0.949,398.6525,55.8772,0
2025-06-02 19:00:00,HSM.DSC.PMP01,cooling_descaling_pump,203.8169,199.694,0.1395,0.8372,404.0925,55.3694,0
2025-06-02 20:00:00,HSM.DSC.PMP01,cooling_descaling_pump,199.484,205.6906,-0.2403,0.6224,405.4576,48.7594,0
2025-06-02 21:00:00,HSM.DSC.PMP01,cooling_descaling_pump,199.8389,201.8452,-0.8621,0.8553,401.8121,51.3479,0
2025-06-02 22:00:00,HSM.DSC.PMP01,cooling_descaling_pump,226.5425,205.5317,-0.1745,1.1382,393.6658,52.0658,0
2025-06-02 23:00:00,HSM.DSC.PMP01,cooling_descaling_pump,187.547,200.6476,-0.8522,0.7113,402.0114,44.576,0
2025-06-03 00:00:00,HSM.DSC.PMP01,cooling_descaling_pump,180.3125,199.1847,-0.4828,1.1514,392.2548,59.7643,0
2025-06-03 01:00:00,HSM.DSC.PMP01,cooling_descaling_pump,138.1832,200.658,-0.2872,1.208,397.1081,53.7394,0
2025-06-03 02:00:00,HSM.DSC.PMP01,cooling_descaling_pump,241.9179,194.521,-0.2087,1.1163,397.127,54.9262,0
2025-06-03 03:00:00,HSM.DSC.PMP01,cooling_descaling_pump,220.3841,203.0193,-0.2626,0.971,402.3436,55.717,0
2025-06-03 04:00:00,HSM.DSC.PMP01,cooling_descaling_pump,141.4446,203.5591,-0.1453,0.8836,404.3151,49.6077,0
2025-06-03 05:00:00,HSM.DSC.PMP01,cooling_descaling_pump,178.2317,204.8668,-0.0321,1.1074,399.3447,63.5503,0
2025-06-03 06:00:00,HSM.DSC.PMP01,cooling_descaling_pump,191.375,205.1738,0.8626,1.1504,399.1692,59.4162,0
2025-06-03 07:00:00,HSM.DSC.PMP01,cooling_descaling_pump,213.6306,203.8642,-1.874,0.5839,399.8221,54.2412,0
2025-06-03 08:00:00,HSM.DSC.PMP01,cooling_descaling_pump,204.7454,202.0341,-0.8901,0.9455,394.3634,60.3142,0
2025-06-03 09:00:00,HSM.DSC.PMP01,cooling_descaling_pump,150.7686,203.008,0.1833,1.1816,401.8063,60.6368,0
2025-06-03 10:00:00,HSM.DSC.PMP01,cooling_descaling_pump,172.9214,202.174,0.0216,1.0993,402.2214,57.9676,0
2025-06-03 11:00:00,HSM.DSC.PMP01,cooling_descaling_pump,175.138,200.3328,-0.1545,1.0173,406.4658,59.1791,0
2025-06-03 12:00:00,HSM.DSC.PMP01,cooling_descaling_pump,187.6417,201.7326,0.5124,0.9067,395.9405,60.6263,0
2025-06-03 13:00:00,HSM.DSC.PMP01,cooling_descaling_pump,169.6965,197.7739,-0.2591,1.0172,399.8436,56.0659,0
2025-06-03 14:00:00,HSM.DSC.PMP01,cooling_descaling_pump,200.4507,194.9918,-0.3519,0.9219,403.3368,52.2059,0
2025-06-03 15:00:00,HSM.DSC.PMP01,cooling_descaling_pump,191.0184,202.0951,-0.0962,0.9393,402.4442,59.5051,0
2025-06-03 16:00:00,HSM.DSC.PMP01,cooling_descaling_pump,199.4791,198.6401,0.3482,0.9791,398.8978,50.2286,0
2025-06-03 17:00:00,HSM.DSC.PMP01,cooling_descaling_pump,181.2477,196.1323,-0.4623,1.0303,401.5154,52.8464,0
2025-06-03 18:00:00,HSM.DSC.PMP01,cooling_descaling_pump,189.539,201.6445,0.114,1.0178,401.7192,48.888,0
2025-06-03 19:00:00,HSM.DSC.PMP01,cooling_descaling_pump,194.6087,202.1972,1.3421,1.2331,393.3609,51.5297,0
2025-06-03 20:00:00,HSM.DSC.PMP01,cooling_descaling_pump,146.2706,200.8078,-0.1644,0.8783,397.4214,44.4542,0
2025-06-03 21:00:00,HSM.DSC.PMP01,cooling_descaling_pump,178.2636,202.0705,-0.6145,0.8129,405.5674,46.7306,0
2025-06-03 22:00:00,HSM.DSC.PMP01,cooling_descaling_pump,185.5595,193.4851,0.1732,1.2211,401.3104,52.8305,0
2025-06-03 23:00:00,HSM.DSC.PMP01,cooling_descaling_pump,192.1177,197.133,-0.1375,0.7867,402.0741,50.4626,0
2025-06-04 00:00:00,HSM.DSC.PMP01,cooling_descaling_pump,178.0802,195.5005,0.228,0.7555,407.8354,47.2403,0
2025-06-04 01:00:00,HSM.DSC.PMP01,cooling_descaling_pump,200.3014,195.8453,-0.8824,0.8046,404.9987,48.0709,0
2025-06-04 02:00:00,HSM.DSC.PMP01,cooling_descaling_pump,213.0108,200.0886,-0.7463,1.0476,399.3268,61.3612,0
2025-06-04 03:00:00,HSM.DSC.PMP01,cooling_descaling_pump,165.1488,198.145,-0.2779,0.8874,403.4938,51.751,0
2025-06-04 04:00:00,HSM.DSC.PMP01,cooling_descaling_pump,187.637,197.6605,-0.5821,1.0623,404.0282,55.3769,0
2025-06-04 05:00:00,HSM.DSC.PMP01,cooling_descaling_pump,240.6532,197.1465,-0.849,1.313,391.6851,65.7608,0
2025-06-04 06:00:00,HSM.DSC.PMP01,cooling_descaling_pump,165.1386,207.7103,0.6596,1.0633,396.1567,64.107,0
2025-06-04 07:00:00,HSM.DSC.PMP01,cooling_descaling_pump,203.5652,195.6004,-0.7774,0.9633,405.6641,56.4278,0
2025-06-04 08:00:00,HSM.DSC.PMP01,cooling_descaling_pump,187.6566,199.8736,-0.9804,1.1605,397.795,60.5038,0
2025-06-04 09:00:00,HSM.DSC.PMP01,cooling_descaling_pump,165.4279,196.433,1.6569,1.2927,398.7235,60.3512,0
2025-06-04 10:00:00,HSM.DSC.PMP01,cooling_descaling_pump,146.547,200.7433,-0.3829,1.3438,393.6443,67.1746,0
2025-06-04 11:00:00,HSM.DSC.PMP01,cooling_descaling_pump,202.0309,194.579,0.2252,1.1534,400.4612,58.6597,0
2025-06-04 12:00:00,HSM.DSC.PMP01,cooling_descaling_pump,166.1469,197.4165,0.3325,0.9821,403.8888,53.5135,0
2025-06-04 13:00:00,HSM.DSC.PMP01,cooling_descaling_pump,186.9764,201.7191,0.0299,1.0836,399.5712,53.3989,0
2025-06-04 14:00:00,HSM.DSC.PMP01,cooling_descaling_pump,169.0179,201.5824,-0.9532,0.9481,403.17,52.1045,0
2025-06-04 15:00:00,HSM.DSC.PMP01,cooling_descaling_pump,198.2325,199.179,-0.6476,0.8912,401.7868,48.4815,0
2025-06-04 16:00:00,HSM.DSC.PMP01,cooling_descaling_pump,156.9963,200.909,-0.8121,1.2084,403.7691,57.9554,0
2025-06-04 17:00:00,HSM.DSC.PMP01,cooling_descaling_pump,178.2143,201.9998,-0.737,0.7358,400.4166,48.6948,0
2025-06-04 18:00:00,HSM.DSC.PMP01,cooling_descaling_pump,176.7671,199.0853,-0.7062,1.0216,403.3863,48.1815,0
2025-06-04 19:00:00,HSM.DSC.PMP01,cooling_descaling_pump,194.0359,197.7282,-0.5273,0.9287,400.7393,50.0873,0
2025-06-04 20:00:00,HSM.DSC.PMP01,cooling_descaling_pump,217.3134,201.0953,0.3114,0.776,399.6954,54.1866,0
2025-06-04 21:00:00,HSM.DSC.PMP01,cooling_descaling_pump,179.4502,202.9635,0.4013,1.0595,396.3028,54.7322,0
2025-06-04 22:00:00,HSM.DSC.PMP01,cooling_descaling_pump,175.7329,203.3533,-0.6993,0.8024,404.2924,50.434,0
2025-06-04 23:00:00,HSM.DSC.PMP01,cooling_descaling_pump,191.4006,200.228,0.1524,1.0965,397.9112,58.5877,0
2025-06-05 00:00:00,HSM.DSC.PMP01,cooling_descaling_pump,189.705,202.8273,0.088,0.9709,385.893,53.0737,0
2025-06-05 01:00:00,HSM.DSC.PMP01,cooling_descaling_pump,165.0216,196.3148,-0.1975,1.1935,398.473,61.994,0
2025-06-05 02:00:00,HSM.DSC.PMP01,cooling_descaling_pump,172.3865,203.8425,0.4865,1.0491,397.8087,55.8437,0
2025-06-05 03:00:00,HSM.DSC.PMP01,cooling_descaling_pump,190.4799,199.4159,-0.3243,0.9806,400.5659,50.4614,0
2025-06-05 04:00:00,HSM.DSC.PMP01,cooling_descaling_pump,198.8826,198.2173,-0.014,0.8764,399.1543,46.2625,0
2025-06-05 05:00:00,HSM.DSC.PMP01,cooling_descaling_pump,172.6687,193.0099,0.4852,0.9314,397.4649,49.9367,0
2025-06-05 06:00:00,HSM.DSC.PMP01,cooling_descaling_pump,203.4205,194.312,-0.9031,0.9414,400.237,54.6903,0
2025-06-05 07:00:00,HSM.DSC.PMP01,cooling_descaling_pump,197.5115,202.8688,0.012,0.9306,397.5736,53.9084,0
2025-06-05 08:00:00,HSM.DSC.PMP01,cooling_descaling_pump,176.8251,200.1872,-0.4039,1.2849,400.3362,64.6321,0
2025-06-05 09:00:00,HSM.DSC.PMP01,cooling_descaling_pump,190.3167,200.0675,0.2715,0.8043,401.8735,56.0726,0
2025-06-05 10:00:00,HSM.DSC.PMP01,cooling_descaling_pump,178.759,199.7496,-0.0343,1.1629,397.0149,56.2424,0
2025-06-05 11:00:00,HSM.DSC.PMP01,cooling_descaling_pump,212.3443,202.7222,-0.7859,0.77,400.2625,51.8261,0
2025-06-05 12:00:00,HSM.DSC.PMP01,cooling_descaling_pump,198.5021,196.8865,0.2075,0.8938,398.6834,56.9709,0
2025-06-05 13:00:00,HSM.DSC.PMP01,cooling_descaling_pump,210.6468,203.8516,1.2016,1.189,392.0513,58.1759,0
2025-06-05 14:00:00,HSM.DSC.PMP01,cooling_descaling_pump,175.5615,196.8909,1.3847,0.9285,391.6092,46.4344,0
2025-06-05 15:00:00,HSM.DSC.PMP01,cooling_descaling_pump,174.4383,195.9367,0.6446,1.1625,401.1291,53.9822,0
2025-06-05 16:00:00,HSM.DSC.PMP01,cooling_descaling_pump,163.7879,203.7558,1.0762,0.8173,401.126,44.3938,0
2025-06-05 17:00:00,HSM.DSC.PMP01,cooling_descaling_pump,183.5374,201.5977,-0.203,0.9782,397.3136,53.34,0
2025-06-05 18:00:00,HSM.DSC.PMP01,cooling_descaling_pump,140.9195,200.2039,0.7387,1.1444,402.0752,52.6859,0
2025-06-05 19:00:00,HSM.DSC.PMP01,cooling_descaling_pump,204.5145,195.4043,-0.4825,0.9518,395.5408,48.9615,0
2025-06-05 20:00:00,HSM.DSC.PMP01,cooling_descaling_pump,193.4991,199.7433,1.3004,1.0964,396.5834,61.7758,0
2025-06-05 21:00:00,HSM.DSC.PMP01,cooling_descaling_pump,221.8479,198.1277,0.3048,1.0664,396.6637,56.2596,0
2025-06-05 22:00:00,HSM.DSC.PMP01,cooling_descaling_pump,166.1671,203.7084,-0.7241,0.9897,397.9622,52.8797,0
2025-06-05 23:00:00,HSM.DSC.PMP01,cooling_descaling_pump,139.6351,200.3322,1.0807,1.2918,399.1809,61.6496,0
2025-06-06 00:00:00,HSM.DSC.PMP01,cooling_descaling_pump,175.6102,205.8195,-0.3908,0.9651,397.6805,52.4451,0
2025-06-06 01:00:00,HSM.DSC.PMP01,cooling_descaling_pump,184.7038,199.4821,0.005,1.0523,398.7245,59.0254,0
2025-06-06 02:00:00,HSM.DSC.PMP01,cooling_descaling_pump,220.4376,203.3251,0.1081,0.5576,406.4056,59.108,0
2025-06-06 03:00:00,HSM.DSC.PMP01,cooling_descaling_pump,188.1829,200.1756,-1.4377,1.0069,399.8465,57.7633,0
2025-06-06 04:00:00,HSM.DSC.PMP01,cooling_descaling_pump,208.6705,191.4902,0.6152,1.111,397.8958,60.3702,0
2025-06-06 05:00:00,HSM.DSC.PMP01,cooling_descaling_pump,202.0662,201.1587,1.3522,0.8501,401.9093,53.4333,0
2025-06-06 06:00:00,HSM.DSC.PMP01,cooling_descaling_pump,148.7674,200.9422,-0.3179,1.3322,396.1587,61.7824,0
2025-06-06 07:00:00,HSM.DSC.PMP01,cooling_descaling_pump,207.1852,205.7499,-0.201,0.8477,397.3999,51.5008,0
2025-06-06 08:00:00,HSM.DSC.PMP01,cooling_descaling_pump,237.1776,201.1886,-0.3339,0.6691,403.5028,55.3031,0
2025-06-06 09:00:00,HSM.DSC.PMP01,cooling_descaling_pump,193.6248,203.9148,-0.1456,1.1629,396.2981,62.0854,0
2025-06-06 10:00:00,HSM.DSC.PMP01,cooling_descaling_pump,225.4224,198.1143,-0.4966,0.9244,402.7586,60.7945,0
2025-06-06 11:00:00,HSM.DSC.PMP01,cooling_descaling_pump,154.0999,203.9076,0.6767,1.0218,395.0555,55.2305,0
2025-06-06 12:00:00,HSM.DSC.PMP01,cooling_descaling_pump,179.2072,202.7416,-0.3995,0.9946,395.7646,58.0146,0
2025-06-06 13:00:00,HSM.DSC.PMP01,cooling_descaling_pump,215.6334,206.6272,0.5284,0.7901,402.4181,59.9172,0
2025-06-06 14:00:00,HSM.DSC.PMP01,cooling_descaling_pump,227.5942,204.2672,0.4903,0.6945,409.749,50.388,0
2025-06-06 15:00:00,HSM.DSC.PMP01,cooling_descaling_pump,190.3159,195.6451,-0.7996,0.9366,406.564,52.4925,0
2025-06-06 16:00:00,HSM.DSC.PMP01,cooling_descaling_pump,199.7952,198.6495,-0.1546,1.1532,397.312,61.4504,0
2025-06-06 17:00:00,HSM.DSC.PMP01,cooling_descaling_pump,193.6428,201.867,0.016,1.0203,398.3049,55.0868,0
2025-06-06 18:00:00,HSM.DSC.PMP01,cooling_descaling_pump,195.2737,199.8135,-0.0325,1.11,397.5187,53.5926,0
2025-06-06 19:00:00,HSM.DSC.PMP01,cooling_descaling_pump,171.3816,194.2945,-0.4704,1.0231,399.1764,49.5121,0
2025-06-06 20:00:00,HSM.DSC.PMP01,cooling_descaling_pump,214.5708,199.5798,-0.0095,0.7477,398.34,46.1409,0
2025-06-06 21:00:00,HSM.DSC.PMP01,cooling_descaling_pump,171.5189,201.5561,0.2803,0.9168,397.5809,55.1204,0
2025-06-06 22:00:00,HSM.DSC.PMP01,cooling_descaling_pump,188.6967,200.2337,-0.3448,0.757,402.9346,48.6659,0
2025-06-06 23:00:00,HSM.DSC.PMP01,cooling_descaling_pump,171.9473,196.8399,0.3283,1.1364,398.9053,63.0874,0
2025-06-07 00:00:00,HSM.DSC.PMP01,cooling_descaling_pump,198.1799,202.5265,0.5901,0.4777,399.2977,45.3818,0
2025-06-07 01:00:00,HSM.DSC.PMP01,cooling_descaling_pump,211.6346,200.1927,-0.0508,0.7465,400.6492,59.6022,0
2025-06-07 02:00:00,HSM.DSC.PMP01,cooling_descaling_pump,223.5384,203.4941,-0.516,0.9613,398.7764,62.8189,0
2025-06-07 03:00:00,HSM.DSC.PMP01,cooling_descaling_pump,216.4806,198.5008,0.4297,0.9098,404.6595,50.4114,0
2025-06-07 04:00:00,HSM.DSC.PMP01,cooling_descaling_pump,199.8128,205.3339,0.2366,0.8407,400.2721,55.7294,0
2025-06-07 05:00:00,HSM.DSC.PMP01,cooling_descaling_pump,189.6248,194.5747,0.155,1.0275,402.6825,59.1003,0
2025-06-07 06:00:00,HSM.DSC.PMP01,cooling_descaling_pump,188.3306,203.8639,-0.6981,0.9845,397.8961,48.1479,0
2025-06-07 07:00:00,HSM.DSC.PMP01,cooling_descaling_pump,200.339,198.4756,0.6026,0.9442,401.8731,50.5215,0
2025-06-07 08:00:00,HSM.DSC.PMP01,cooling_descaling_pump,186.1023,200.7536,-1.089,1.1244,397.839,53.5056,0
2025-06-07 09:00:00,HSM.DSC.PMP01,cooling_descaling_pump,181.9368,200.815,1.1891,1.2357,397.8124,63.0802,0
2025-06-07 10:00:00,HSM.DSC.PMP01,cooling_descaling_pump,184.4413,200.1464,0.8068,1.0284,403.7593,56.2399,0
2025-06-07 11:00:00,HSM.DSC.PMP01,cooling_descaling_pump,192.4776,203.1966,-0.4794,0.9747,401.0011,58.6623,0
2025-06-07 12:00:00,HSM.DSC.PMP01,cooling_descaling_pump,171.8826,202.0522,-0.2561,1.1201,399.5235,61.9421,0
2025-06-07 13:00:00,HSM.DSC.PMP01,cooling_descaling_pump,187.928,196.7128,-1.0709,1.0126,395.3644,45.6015,0
2025-06-07 14:00:00,HSM.DSC.PMP01,cooling_descaling_pump,200.9409,194.5831,-0.8935,0.6609,406.7384,52.7593,0
2025-06-07 15:00:00,HSM.DSC.PMP01,cooling_descaling_pump,167.9621,202.6129,-0.2874,1.0488,397.9147,58.0925,0
2025-06-07 16:00:00,HSM.DSC.PMP01,cooling_descaling_pump,185.1494,191.4578,0.5415,1.0381,405.392,50.2777,0
2025-06-07 17:00:00,HSM.DSC.PMP01,cooling_descaling_pump,169.9955,200.5116,1.3247,1.1978,396.3275,54.4155,0
2025-06-07 18:00:00,HSM.DSC.PMP01,cooling_descaling_pump,189.6286,201.1746,0.0261,0.8815,395.736,57.3523,0
2025-06-07 19:00:00,HSM.DSC.PMP01,cooling_descaling_pump,138.1269,199.1264,0.219,1.3291,398.2425,55.4445,0
2025-06-07 20:00:00,HSM.DSC.PMP01,cooling_descaling_pump,203.9178,197.3027,0.0445,0.9291,402.6654,47.6661,0
2025-06-07 21:00:00,HSM.DSC.PMP01,cooling_descaling_pump,167.4575,201.3827,0.3102,1.1699,403.8915,64.6482,0
2025-06-07 22:00:00,HSM.DSC.PMP01,cooling_descaling_pump,176.5134,201.492,-0.373,1.015,400.9329,52.9899,0
2025-06-07 23:00:00,HSM.DSC.PMP01,cooling_descaling_pump,245.9378,199.1342,0.7134,0.7232,402.1938,54.2123,0
2025-06-08 00:00:00,HSM.DSC.PMP01,cooling_descaling_pump,198.1865,195.8108,-0.3217,1.1143,395.9212,59.5597,0
2025-06-08 01:00:00,HSM.DSC.PMP01,cooling_descaling_pump,146.4015,195.8307,-0.2354,1.0533,403.3744,46.9191,0
2025-06-08 02:00:00,HSM.DSC.PMP01,cooling_descaling_pump,157.0819,198.5735,-0.6583,0.9617,403.5853,50.4672,0
2025-06-08 03:00:00,HSM.DSC.PMP01,cooling_descaling_pump,192.7021,196.8471,0.0144,1.1294,395.5201,58.8851,0
2025-06-08 04:00:00,HSM.DSC.PMP01,cooling_descaling_pump,205.0926,199.996,0.6452,1.2229,405.924,64.1677,0
2025-06-08 05:00:00,HSM.DSC.PMP01,cooling_descaling_pump,191.6759,203.2462,-1.0102,0.8349,404.1814,59.587,0
2025-06-08 06:00:00,HSM.DSC.PMP01,cooling_descaling_pump,169.008,198.3733,0.911,0.7536,401.6621,46.255,0
2025-06-08 07:00:00,HSM.DSC.PMP01,cooling_descaling_pump,146.8327,202.7758,1.102,0.7025,403.0076,51.0629,0
2025-06-08 08:00:00,HSM.DSC.PMP01,cooling_descaling_pump,188.8966,199.4019,0.289,0.8727,401.7138,51.326,0
2025-06-08 09:00:00,HSM.DSC.PMP01,cooling_descaling_pump,191.5141,203.7702,-0.6262,0.9743,401.7381,54.5451,0
2025-06-08 10:00:00,HSM.DSC.PMP01,cooling_descaling_pump,185.4315,201.6827,-1.1558,0.6315,402.9112,41.6489,0
2025-06-08 11:00:00,HSM.DSC.PMP01,cooling_descaling_pump,197.0421,202.4839,-0.2665,1.0668,397.1882,56.9852,0
2025-06-08 12:00:00,HSM.DSC.PMP01,cooling_descaling_pump,178.0146,196.9879,-0.6225,0.8245,405.7055,49.6584,0
2025-06-08 13:00:00,HSM.DSC.PMP01,cooling_descaling_pump,194.4043,203.658,-0.038,0.8241,406.1719,51.265,0
2025-06-08 14:00:00,HSM.DSC.PMP01,cooling_descaling_pump,203.6931,195.2206,-0.1081,0.9193,405.6494,54.551,0
2025-06-08 15:00:00,HSM.DSC.PMP01,cooling_descaling_pump,171.4174,192.6438,0.2528,1.0691,395.5868,56.9089,0
2025-06-08 16:00:00,HSM.DSC.PMP01,cooling_descaling_pump,164.5761,202.9625,-0.3887,1.104,405.632,62.9,0
2025-06-08 17:00:00,HSM.DSC.PMP01,cooling_descaling_pump,203.3887,205.349,-0.9662,0.9331,395.9685,51.0048,0
2025-06-08 18:00:00,HSM.DSC.PMP01,cooling_descaling_pump,136.8039,198.4251,0.2107,1.2365,402.5379,60.7035,0
2025-06-08 19:00:00,HSM.DSC.PMP01,cooling_descaling_pump,193.0671,202.0054,-0.4635,1.0562,396.4884,56.5177,0
2025-06-08 20:00:00,HSM.DSC.PMP01,cooling_descaling_pump,171.3077,201.3191,-0.0827,1.0536,406.8735,56.9612,0
2025-06-08 21:00:00,HSM.DSC.PMP01,cooling_descaling_pump,230.6607,197.9622,-0.7365,0.8288,406.4664,52.1489,0
2025-06-08 22:00:00,HSM.DSC.PMP01,cooling_descaling_pump,176.9811,194.4583,-0.7162,0.9919,392.0417,53.3602,0
2025-06-08 23:00:00,HSM.DSC.PMP01,cooling_descaling_pump,185.3814,204.2863,0.2919,0.9672,396.8825,55.2189,0
2025-06-09 00:00:00,HSM.DSC.PMP01,cooling_descaling_pump,218.0485,197.1462,-0.6183,1.3203,397.2804,56.9838,0
2025-06-09 01:00:00,HSM.DSC.PMP01,cooling_descaling_pump,185.5377,201.3224,-0.8168,0.9936,402.9495,56.6073,0
2025-06-09 02:00:00,HSM.DSC.PMP01,cooling_descaling_pump,167.3559,200.5641,-0.1361,0.7985,397.2328,51.2373,0
2025-06-09 03:00:00,HSM.DSC.PMP01,cooling_descaling_pump,189.8781,197.0858,0.123,1.161,403.4567,61.1816,0
2025-06-09 04:00:00,HSM.DSC.PMP01,cooling_descaling_pump,214.8322,202.1238,-1.546,1.1016,399.5308,57.1951,0
2025-06-09 05:00:00,HSM.DSC.PMP01,cooling_descaling_pump,180.7257,198.6578,-0.3641,0.6527,404.8384,46.6249,0
2025-06-09 06:00:00,HSM.DSC.PMP01,cooling_descaling_pump,188.86,203.4496,-0.9075,0.717,397.3534,49.4629,0
2025-06-09 07:00:00,HSM.DSC.PMP01,cooling_descaling_pump,182.0014,198.6565,-0.0461,0.8943,397.5378,54.7087,0
2025-06-09 08:00:00,HSM.DSC.PMP01,cooling_descaling_pump,189.9281,200.6473,0.282,0.9067,405.8735,49.8367,0
2025-06-09 09:00:00,HSM.DSC.PMP01,cooling_descaling_pump,194.5164,200.3311,-0.4644,0.8409,395.5606,53.6956,0
2025-06-09 10:00:00,HSM.DSC.PMP01,cooling_descaling_pump,189.505,197.4788,-0.2273,1.0273,409.6363,57.5933,0
2025-06-09 11:00:00,HSM.DSC.PMP01,cooling_descaling_pump,161.4325,200.0828,0.102,1.0339,406.0876,54.7854,0
2025-06-09 12:00:00,HSM.DSC.PMP01,cooling_descaling_pump,211.76,195.2177,0.011,0.9628,400.6452,57.9641,0
2025-06-09 13:00:00,HSM.DSC.PMP01,cooling_descaling_pump,187.7465,200.1566,-0.6128,1.0443,403.3895,56.5683,0
2025-06-09 14:00:00,HSM.DSC.PMP01,cooling_descaling_pump,200.8302,205.6016,0.9154,0.9572,400.4477,59.6621,0
2025-06-09 15:00:00,HSM.DSC.PMP01,cooling_descaling_pump,192.7038,197.7948,0.3825,0.8393,398.1422,50.1711,0
2025-06-09 16:00:00,HSM.DSC.PMP01,cooling_descaling_pump,222.1493,200.6144,-0.9001,1.1242,399.6777,58.0384,0
2025-06-09 17:00:00,HSM.DSC.PMP01,cooling_descaling_pump,170.4055,201.5013,-0.089,0.9715,394.306,39.1373,0
2025-06-09 18:00:00,HSM.DSC.PMP01,cooling_descaling_pump,220.1871,197.0748,-0.2385,0.9183,396.771,54.7684,0
2025-06-09 19:00:00,HSM.DSC.PMP01,cooling_descaling_pump,180.7611,197.339,-0.373,1.0873,400.0618,53.8929,0
2025-06-09 20:00:00,HSM.DSC.PMP01,cooling_descaling_pump,168.3152,198.7167,0.4869,1.2351,404.072,50.9846,0
2025-06-09 21:00:00,HSM.DSC.PMP01,cooling_descaling_pump,211.4522,201.5537,-0.0747,0.8842,402.9079,51.7997,0
2025-06-09 22:00:00,HSM.DSC.PMP01,cooling_descaling_pump,160.2544,197.269,0.391,1.0336,399.7292,54.2926,0
2025-06-09 23:00:00,HSM.DSC.PMP01,cooling_descaling_pump,136.8425,198.2356,-0.0547,1.2923,402.6067,60.23,0
2025-06-10 00:00:00,HSM.DSC.PMP01,cooling_descaling_pump,174.5025,203.3906,-0.5842,1.1426,392.2785,55.0924,0
2025-06-10 01:00:00,HSM.DSC.PMP01,cooling_descaling_pump,200.1186,193.1766,1.4888,1.1352,403.699,56.153,0
2025-06-10 02:00:00,HSM.DSC.PMP01,cooling_descaling_pump,195.9882,200.8032,0.6671,1.053,403.1721,58.9551,0
2025-06-10 03:00:00,HSM.DSC.PMP01,cooling_descaling_pump,232.9256,195.1035,0.1962,0.8678,398.8141,50.8584,0
2025-06-10 04:00:00,HSM.DSC.PMP01,cooling_descaling_pump,184.6439,202.7091,0.4604,1.1212,400.4058,61.648,0
2025-06-10 05:00:00,HSM.DSC.PMP01,cooling_descaling_pump,211.0844,207.0926,0.7322,0.839,396.0751,58.6446,0
2025-06-10 06:00:00,HSM.DSC.PMP01,cooling_descaling_pump,168.5025,193.4395,-0.1901,1.1247,396.9955,58.6583,0
2025-06-10 07:00:00,HSM.DSC.PMP01,cooling_descaling_pump,204.8907,200.5615,0.0209,1.0049,401.914,63.8945,0
2025-06-10 08:00:00,HSM.DSC.PMP01,cooling_descaling_pump,168.4318,199.1431,-0.2056,0.8755,408.3169,47.8524,0
2025-06-10 09:00:00,HSM.DSC.PMP01,cooling_descaling_pump,162.2344,203.0153,0.2242,0.8296,402.3342,58.3157,0
2025-06-10 10:00:00,HSM.DSC.PMP01,cooling_descaling_pump,193.8973,199.1609,0.1219,0.7904,408.0042,52.1831,0
2025-06-10 11:00:00,HSM.DSC.PMP01,cooling_descaling_pump,155.142,198.8152,-0.6241,1.598,393.728,60.4846,0
2025-06-10 12:00:00,HSM.DSC.PMP01,cooling_descaling_pump,159.0091,201.9116,-0.33,0.7874,402.6957,54.1966,0
2025-06-10 13:00:00,HSM.DSC.PMP01,cooling_descaling_pump,140.3877,200.2088,-0.7599,1.1609,398.6943,54.8905,0
2025-06-10 14:00:00,HSM.DSC.PMP01,cooling_descaling_pump,181.2135,194.542,0.3588,1.0059,399.9563,59.0147,0
2025-06-10 15:00:00,HSM.DSC.PMP01,cooling_descaling_pump,187.0979,203.7833,0.1098,0.8691,397.7297,51.7186,0
2025-06-10 16:00:00,HSM.DSC.PMP01,cooling_descaling_pump,216.4994,198.2325,0.1467,0.9335,399.1425,53.2476,0
2025-06-10 17:00:00,HSM.DSC.PMP01,cooling_descaling_pump,164.6371,206.0519,0.0829,1.2904,402.0413,59.555,0
2025-06-10 18:00:00,HSM.DSC.PMP01,cooling_descaling_pump,193.1776,201.893,0.7691,0.7044,408.4894,48.2467,0
2025-06-10 19:00:00,HSM.DSC.PMP01,cooling_descaling_pump,189.3068,195.336,-0.2528,0.9571,403.0752,53.0655,0
2025-06-10 20:00:00,HSM.DSC.PMP01,cooling_descaling_pump,189.3252,193.2164,-1.4051,1.0891,399.9343,50.5883,0
2025-06-10 21:00:00,HSM.DSC.PMP01,cooling_descaling_pump,187.1935,191.2563,0.1818,0.9407,402.8657,48.6476,0
2025-06-10 22:00:00,HSM.DSC.PMP01,cooling_descaling_pump,145.0318,204.131,-0.459,1.1545,397.4757,53.1522,0
2025-06-10 23:00:00,HSM.DSC.PMP01,cooling_descaling_pump,166.8175,197.7887,-0.5756,1.1909,400.6089,54.0546,0
2025-06-11 00:00:00,HSM.DSC.PMP01,cooling_descaling_pump,189.886,202.3729,-0.3745,0.9534,404.9181,54.6543,0
2025-06-11 01:00:00,HSM.DSC.PMP01,cooling_descaling_pump,182.0147,200.0985,0.7485,1.1682,395.7598,59.9712,0
2025-06-11 02:00:00,HSM.DSC.PMP01,cooling_descaling_pump,142.0121,198.591,0.2209,0.9268,399.7048,44.0243,0
2025-06-11 03:00:00,HSM.DSC.PMP01,cooling_descaling_pump,197.7562,201.9965,-0.3486,0.9756,395.4941,59.0763,0
2025-06-11 04:00:00,HSM.DSC.PMP01,cooling_descaling_pump,223.7788,205.9314,0.4833,0.524,402.9813,48.2153,0
2025-06-11 05:00:00,HSM.DSC.PMP01,cooling_descaling_pump,198.2595,204.3429,0.0088,0.9382,396.3373,54.064,0
2025-06-11 06:00:00,HSM.DSC.PMP01,cooling_descaling_pump,189.0822,201.2133,0.0288,1.1819,400.4449,61.0479,0
2025-06-11 07:00:00,HSM.DSC.PMP01,cooling_descaling_pump,203.0786,200.7866,-1.5762,1.077,394.3632,56.5186,0
2025-06-11 08:00:00,HSM.DSC.PMP01,cooling_descaling_pump,203.3621,206.6454,0.5151,0.976,400.2367,58.991,0
2025-06-11 09:00:00,HSM.DSC.PMP01,cooling_descaling_pump,151.7542,198.1393,0.0792,1.0576,400.9204,55.5228,0
2025-06-11 10:00:00,HSM.DSC.PMP01,cooling_descaling_pump,169.537,197.6119,-0.267,0.976,399.4392,49.3878,0
2025-06-11 11:00:00,HSM.DSC.PMP01,cooling_descaling_pump,154.0366,203.6595,0.829,1.0526,394.3771,46.7442,0
2025-06-11 12:00:00,HSM.DSC.PMP01,cooling_descaling_pump,190.5145,201.9703,1.1844,1.0287,400.6292,66.4768,0
2025-06-11 13:00:00,HSM.DSC.PMP01,cooling_descaling_pump,198.2106,197.6666,-0.1364,0.7603,394.9388,42.7606,0
2025-06-11 14:00:00,HSM.DSC.PMP01,cooling_descaling_pump,176.9447,204.3335,1.2064,0.9739,399.8593,51.2584,0
2025-06-11 15:00:00,HSM.DSC.PMP01,cooling_descaling_pump,162.6649,197.5437,-0.5133,0.9125,401.8168,51.4455,0
2025-06-11 16:00:00,HSM.DSC.PMP01,cooling_descaling_pump,197.4962,203.5654,0.0376,1.1455,398.5617,52.0682,0
2025-06-11 17:00:00,HSM.DSC.PMP01,cooling_descaling_pump,178.5164,197.2241,-0.5999,1.0045,401.5285,49.725,0
2025-06-11 18:00:00,HSM.DSC.PMP01,cooling_descaling_pump,164.2028,198.0961,1.2218,0.9194,402.0515,44.9318,0
2025-06-11 19:00:00,HSM.DSC.PMP01,cooling_descaling_pump,197.8783,198.4609,-0.0086,1.0755,399.8334,52.2156,0
2025-06-11 20:00:00,HSM.DSC.PMP01,cooling_descaling_pump,237.2155,195.4935,0.0287,0.9882,400.2514,63.9096,0
2025-06-11 21:00:00,HSM.DSC.PMP01,cooling_descaling_pump,188.4866,196.0127,0.2358,1.1935,401.9051,59.6673,0
2025-06-11 22:00:00,HSM.DSC.PMP01,cooling_descaling_pump,158.2073,200.4884,-0.0896,1.0499,404.2037,54.1953,0
2025-06-11 23:00:00,HSM.DSC.PMP01,cooling_descaling_pump,191.8364,200.2456,-0.6756,1.1599,399.3333,55.0279,0
2025-06-12 00:00:00,HSM.DSC.PMP01,cooling_descaling_pump,153.6152,203.1276,-0.2998,1.1259,409.4898,56.9879,0
2025-06-12 01:00:00,HSM.DSC.PMP01,cooling_descaling_pump,173.6809,198.414,0.396,1.0728,403.7861,63.4042,0
2025-06-12 02:00:00,HSM.DSC.PMP01,cooling_descaling_pump,189.5139,199.6852,0.938,0.7896,398.5844,53.6096,0
2025-06-12 03:00:00,HSM.DSC.PMP01,cooling_descaling_pump,211.3366,197.8224,0.8656,0.9176,395.648,49.615,0
2025-06-12 04:00:00,HSM.DSC.PMP01,cooling_descaling_pump,171.5133,199.3945,-0.733,1.167,395.207,62.7828,0
2025-06-12 05:00:00,HSM.DSC.PMP01,cooling_descaling_pump,197.1944,202.3391,-0.4812,1.03,398.5792,59.1976,0
2025-06-12 06:00:00,HSM.DSC.PMP01,cooling_descaling_pump,182.7305,198.9053,0.3717,0.9814,402.3031,53.8722,0
2025-06-12 07:00:00,HSM.DSC.PMP01,cooling_descaling_pump,195.877,196.8051,-0.1532,0.8565,405.9353,56.7616,0
2025-06-12 08:00:00,HSM.DSC.PMP01,cooling_descaling_pump,139.1405,207.4894,-0.0094,1.1522,400.497,55.9852,0
2025-06-12 09:00:00,HSM.DSC.PMP01,cooling_descaling_pump,236.0718,203.6436,-0.2215,0.7093,401.1947,57.5249,0
2025-06-12 10:00:00,HSM.DSC.PMP01,cooling_descaling_pump,160.726,205.3198,0.3501,1.0864,399.7644,63.9445,0
2025-06-12 11:00:00,HSM.DSC.PMP01,cooling_descaling_pump,222.9731,199.9768,-0.1203,1.0029,400.1925,59.3757,0
2025-06-12 12:00:00,HSM.DSC.PMP01,cooling_descaling_pump,162.5225,200.4709,-0.2708,0.992,401.9964,55.6183,0
2025-06-12 13:00:00,HSM.DSC.PMP01,cooling_descaling_pump,181.6955,197.6612,1.5845,1.0083,399.8395,48.1536,0
2025-06-12 14:00:00,HSM.DSC.PMP01,cooling_descaling_pump,167.9598,193.79,-0.0591,1.0072,400.0454,53.0929,0
2025-06-12 15:00:00,HSM.DSC.PMP01,cooling_descaling_pump,158.3989,199.3557,-0.0412,1.0562,402.2261,49.0564,0
2025-06-12 16:00:00,HSM.DSC.PMP01,cooling_descaling_pump,192.5605,200.9684,-1.4822,0.7267,395.1713,46.1549,0
2025-06-12 17:00:00,HSM.DSC.PMP01,cooling_descaling_pump,180.9378,195.1419,-0.5404,1.0873,405.4819,56.8074,0
2025-06-12 18:00:00,HSM.DSC.PMP01,cooling_descaling_pump,214.5789,200.2027,0.2409,0.6733,402.9382,43.2294,0
2025-06-12 19:00:00,HSM.DSC.PMP01,cooling_descaling_pump,171.7585,201.381,0.5932,1.0928,398.6707,56.6496,0
2025-06-12 20:00:00,HSM.DSC.PMP01,cooling_descaling_pump,219.8098,194.9155,-0.0813,1.1272,399.0173,53.6179,0
2025-06-12 21:00:00,HSM.DSC.PMP01,cooling_descaling_pump,207.0399,194.4554,-0.9398,0.8942,403.8327,54.4863,0
2025-06-12 22:00:00,HSM.DSC.PMP01,cooling_descaling_pump,218.5387,204.8512,0.3053,0.6838,399.6266,59.6594,0
2025-06-12 23:00:00,HSM.DSC.PMP01,cooling_descaling_pump,145.335,200.5762,-0.592,1.0644,401.5108,56.8318,0
2025-06-13 00:00:00,HSM.DSC.PMP01,cooling_descaling_pump,197.9407,198.4716,0.8185,0.8574,392.393,48.1132,0
2025-06-13 01:00:00,HSM.DSC.PMP01,cooling_descaling_pump,187.3695,199.9578,0.1984,0.866,403.8464,54.9425,0
2025-06-13 02:00:00,HSM.DSC.PMP01,cooling_descaling_pump,191.235,202.6569,0.8291,0.7243,410.799,56.0878,0
2025-06-13 03:00:00,HSM.DSC.PMP01,cooling_descaling_pump,211.5917,204.1111,-0.5037,0.7707,396.5546,52.8402,0
2025-06-13 04:00:00,HSM.DSC.PMP01,cooling_descaling_pump,186.7517,204.079,0.0351,0.9208,400.2108,54.8561,0
2025-06-13 05:00:00,HSM.DSC.PMP01,cooling_descaling_pump,206.6578,203.9102,1.1991,0.7199,400.4824,48.2735,0
2025-06-13 06:00:00,HSM.DSC.PMP01,cooling_descaling_pump,170.0201,201.2163,0.201,1.1021,399.6044,61.4796,0
2025-06-13 07:00:00,HSM.DSC.PMP01,cooling_descaling_pump,189.5003,206.6798,-0.6713,1.0645,395.9151,63.761,0
2025-06-13 08:00:00,HSM.DSC.PMP01,cooling_descaling_pump,187.203,198.8688,0.5137,0.9941,402.3834,56.3233,0
2025-06-13 09:00:00,HSM.DSC.PMP01,cooling_descaling_pump,184.631,198.3434,0.176,1.1906,394.86,60.7442,0
2025-06-13 10:00:00,HSM.DSC.PMP01,cooling_descaling_pump,204.3748,203.6492,-0.3072,0.8749,401.9807,61.2233,0
2025-06-13 11:00:00,HSM.DSC.PMP01,cooling_descaling_pump,184.6439,193.6766,-0.9314,1.4471,393.7463,62.7983,0
2025-06-13 12:00:00,HSM.DSC.PMP01,cooling_descaling_pump,229.5151,205.1437,-0.0555,0.8138,401.3784,52.4909,0
2025-06-13 13:00:00,HSM.DSC.PMP01,cooling_descaling_pump,177.1093,196.964,0.699,1.4153,402.8714,62.0069,0
2025-06-13 14:00:00,HSM.DSC.PMP01,cooling_descaling_pump,178.5208,198.7347,-0.012,1.1777,405.3172,59.3096,0
2025-06-13 15:00:00,HSM.DSC.PMP01,cooling_descaling_pump,172.6333,197.498,0.5472,1.0974,391.74,56.6757,0
2025-06-13 16:00:00,HSM.DSC.PMP01,cooling_descaling_pump,203.3117,199.6036,0.9419,1.2145,394.8002,51.762,0
2025-06-13 17:00:00,HSM.DSC.PMP01,cooling_descaling_pump,213.9274,200.6425,-0.3475,0.912,399.9492,51.7224,0
2025-06-13 18:00:00,HSM.DSC.PMP01,cooling_descaling_pump,163.1771,199.3905,-0.5946,1.0809,405.7393,63.5016,0
2025-06-13 19:00:00,HSM.DSC.PMP01,cooling_descaling_pump,195.7204,204.3703,0.4521,0.7431,404.4455,51.9156,0
2025-06-13 20:00:00,HSM.DSC.PMP01,cooling_descaling_pump,207.4467,195.9655,-0.5947,1.2274,401.4916,57.0135,0
2025-06-13 21:00:00,HSM.DSC.PMP01,cooling_descaling_pump,184.3276,204.0065,0.0856,0.8801,401.5877,51.7977,0
2025-06-13 22:00:00,HSM.DSC.PMP01,cooling_descaling_pump,198.7535,200.4531,0.2895,0.8492,406.1048,54.1132,0
2025-06-13 23:00:00,HSM.DSC.PMP01,cooling_descaling_pump,176.6241,199.8215,-1.2268,0.8743,400.3224,52.374,0
2025-06-14 00:00:00,HSM.DSC.PMP01,cooling_descaling_pump,170.216,198.3624,-0.0718,1.0018,401.1815,50.6763,0
2025-06-14 01:00:00,HSM.DSC.PMP01,cooling_descaling_pump,178.0267,203.7858,-0.1879,0.8338,401.2208,53.2733,0
2025-06-14 02:00:00,HSM.DSC.PMP01,cooling_descaling_pump,207.8571,204.5436,-1.009,0.791,402.5724,48.9503,0
2025-06-14 03:00:00,HSM.DSC.PMP01,cooling_descaling_pump,168.5619,199.1733,-1.1953,1.2287,399.3595,65.7587,0
2025-06-14 04:00:00,HSM.DSC.PMP01,cooling_descaling_pump,200.0192,203.0669,-1.0787,0.8116,400.0303,57.7922,0
2025-06-14 05:00:00,HSM.DSC.PMP01,cooling_descaling_pump,160.1066,198.7461,-1.033,1.0406,405.017,59.7691,0
2025-06-14 06:00:00,HSM.DSC.PMP01,cooling_descaling_pump,187.0269,195.4415,-0.3782,1.0476,398.3253,58.2326,0
2025-06-14 07:00:00,HSM.DSC.PMP01,cooling_descaling_pump,182.1857,197.78,0.1906,0.9224,401.4505,49.5241,0
2025-06-14 08:00:00,HSM.DSC.PMP01,cooling_descaling_pump,208.8828,199.2615,0.0697,1.223,396.8506,56.7526,0
2025-06-14 09:00:00,HSM.DSC.PMP01,cooling_descaling_pump,197.341,205.7109,-0.4311,0.9767,401.2244,60.4663,0
2025-06-14 10:00:00,HSM.DSC.PMP01,cooling_descaling_pump,201.7227,199.4047,0.5039,1.0396,397.0074,54.9164,0
2025-06-14 11:00:00,HSM.DSC.PMP01,cooling_descaling_pump,168.7509,198.9757,0.3061,1.1493,403.8349,52.9335,0
2025-06-14 12:00:00,HSM.DSC.PMP01,cooling_descaling_pump,192.7463,200.3457,1.4946,0.9523,401.7972,53.3009,0
2025-06-14 13:00:00,HSM.DSC.PMP01,cooling_descaling_pump,198.5282,198.0431,-0.243,1.1502,399.061,61.0009,0
2025-06-14 14:00:00,HSM.DSC.PMP01,cooling_descaling_pump,187.5359,199.2994,0.3535,0.964,390.741,54.9831,0
2025-06-14 15:00:00,HSM.DSC.PMP01,cooling_descaling_pump,160.5551,201.1372,-0.5604,0.9955,393.7081,53.7388,0
2025-06-14 16:00:00,HSM.DSC.PMP01,cooling_descaling_pump,174.1256,200.7828,-0.3024,1.0056,403.6733,58.6841,0
2025-06-14 17:00:00,HSM.DSC.PMP01,cooling_descaling_pump,229.5803,198.3912,0.8239,1.222,394.7821,59.0057,0
2025-06-14 18:00:00,HSM.DSC.PMP01,cooling_descaling_pump,190.8877,201.1442,0.8766,1.0128,406.5849,53.8975,0
2025-06-14 19:00:00,HSM.DSC.PMP01,cooling_descaling_pump,182.2897,206.9426,0.7997,1.0716,402.0041,57.0594,0
2025-06-14 20:00:00,HSM.DSC.PMP01,cooling_descaling_pump,198.8464,203.3221,0.7479,0.8864,406.6171,56.3684,0
2025-06-14 21:00:00,HSM.DSC.PMP01,cooling_descaling_pump,176.1458,201.9674,-0.726,0.9961,397.804,63.5922,0
2025-06-14 22:00:00,HSM.DSC.PMP01,cooling_descaling_pump,205.4981,206.1461,1.0258,0.6596,403.4632,49.6524,0
2025-06-14 23:00:00,HSM.DSC.PMP01,cooling_descaling_pump,172.4891,194.7396,0.0068,1.1137,401.7581,56.8147,0
2025-06-15 00:00:00,HSM.DSC.PMP01,cooling_descaling_pump,184.4999,201.3633,-0.9411,1.0771,400.3316,59.5236,0
2025-06-15 01:00:00,HSM.DSC.PMP01,cooling_descaling_pump,185.2589,202.7941,-0.2579,0.8192,398.3599,54.2281,0
2025-06-15 02:00:00,HSM.DSC.PMP01,cooling_descaling_pump,185.7161,203.2744,-1.204,1.0366,400.5925,57.7693,0
2025-06-15 03:00:00,HSM.DSC.PMP01,cooling_descaling_pump,140.4454,204.85,-0.2238,1.0856,394.1745,63.9804,0
2025-06-15 04:00:00,HSM.DSC.PMP01,cooling_descaling_pump,218.5773,195.9093,0.3924,0.7556,397.0544,50.7622,0
2025-06-15 05:00:00,HSM.DSC.PMP01,cooling_descaling_pump,163.1371,200.0045,-0.6612,1.1022,406.2206,55.7899,0
2025-06-15 06:00:00,HSM.DSC.PMP01,cooling_descaling_pump,188.6679,200.6385,0.3855,1.0644,403.2134,59.7865,0
2025-06-15 07:00:00,HSM.DSC.PMP01,cooling_descaling_pump,169.9465,200.5777,-0.3404,0.9054,411.438,46.0273,0
2025-06-15 08:00:00,HSM.DSC.PMP01,cooling_descaling_pump,173.8191,205.0363,0.2391,1.057,400.1336,58.0218,0
2025-06-15 09:00:00,HSM.DSC.PMP01,cooling_descaling_pump,193.4056,197.4518,-0.5027,0.851,400.259,48.2215,0
2025-06-15 10:00:00,HSM.DSC.PMP01,cooling_descaling_pump,149.047,195.9368,1.0109,1.1203,400.2066,55.2221,0
2025-06-15 11:00:00,HSM.DSC.PMP01,cooling_descaling_pump,193.9892,202.2215,0.2785,1.0473,402.6618,49.1966,0
2025-06-15 12:00:00,HSM.DSC.PMP01,cooling_descaling_pump,194.16,200.6134,-0.912,1.0849,401.48,61.3417,0
2025-06-15 13:00:00,HSM.DSC.PMP01,cooling_descaling_pump,175.8048,200.1892,-0.0552,1.0897,400.8789,47.9516,0
2025-06-15 14:00:00,HSM.DSC.PMP01,cooling_descaling_pump,169.8847,193.5095,-0.4002,1.1539,401.3405,63.4991,0
2025-06-15 15:00:00,HSM.DSC.PMP01,cooling_descaling_pump,176.7552,201.7747,0.0137,0.7491,401.218,49.6879,0
2025-06-15 16:00:00,HSM.DSC.PMP01,cooling_descaling_pump,161.323,201.3449,0.4642,0.883,394.9636,44.568,0
2025-06-15 17:00:00,HSM.DSC.PMP01,cooling_descaling_pump,172.3272,199.3861,-1.0294,0.9179,404.992,53.7522,0
2025-06-15 18:00:00,HSM.DSC.PMP01,cooling_descaling_pump,195.0923,196.8293,0.0232,1.0467,399.5991,54.4414,0
2025-06-15 19:00:00,HSM.DSC.PMP01,cooling_descaling_pump,199.2884,204.4801,-0.1422,0.7971,406.0778,53.5,0
2025-06-15 20:00:00,HSM.DSC.PMP01,cooling_descaling_pump,186.1373,196.6945,0.2633,1.1791,394.0688,53.6617,0
2025-06-15 21:00:00,HSM.DSC.PMP01,cooling_descaling_pump,217.1775,198.2932,1.2696,0.8471,397.5246,55.3973,0
2025-06-15 22:00:00,HSM.DSC.PMP01,cooling_descaling_pump,173.1541,206.161,-0.2311,0.9778,399.9763,62.0945,0
2025-06-15 23:00:00,HSM.DSC.PMP01,cooling_descaling_pump,177.9641,201.7631,0.1771,1.2201,399.3334,62.0485,0
2025-06-16 00:00:00,HSM.DSC.PMP01,cooling_descaling_pump,212.9858,202.6541,-1.0434,0.7929,396.2332,53.6122,0
2025-06-16 01:00:00,HSM.DSC.PMP01,cooling_descaling_pump,172.076,201.247,0.4668,0.9612,394.8779,53.6054,0
2025-06-16 02:00:00,HSM.DSC.PMP01,cooling_descaling_pump,179.2566,204.4386,-0.2819,1.0654,402.0424,55.4567,0
2025-06-16 03:00:00,HSM.DSC.PMP01,cooling_descaling_pump,158.7871,201.0988,-0.3217,0.812,403.6824,55.0351,0
2025-06-16 04:00:00,HSM.DSC.PMP01,cooling_descaling_pump,183.6589,197.4855,-0.2854,0.9037,400.4306,53.3866,0
2025-06-16 05:00:00,HSM.DSC.PMP01,cooling_descaling_pump,182.5677,193.0915,-0.4652,1.0419,397.5597,53.0872,0
2025-06-16 06:00:00,HSM.DSC.PMP01,cooling_descaling_pump,187.6404,199.4984,-0.2046,1.0599,401.0195,55.8256,0
2025-06-16 07:00:00,HSM.DSC.PMP01,cooling_descaling_pump,194.2501,197.7136,0.8049,1.2712,396.5641,60.8477,0
2025-06-16 08:00:00,HSM.DSC.PMP01,cooling_descaling_pump,172.6224,202.5198,0.5711,1.3802,404.7989,62.9543,0
2025-06-16 09:00:00,HSM.DSC.PMP01,cooling_descaling_pump,182.2912,205.5919,0.529,0.7275,399.2093,55.8419,0
2025-06-16 10:00:00,HSM.DSC.PMP01,cooling_descaling_pump,181.7418,197.1912,-0.2622,1.1894,399.0077,56.4641,0
2025-06-16 11:00:00,HSM.DSC.PMP01,cooling_descaling_pump,208.2742,197.9637,-0.8935,1.0651,402.3138,53.8681,0
2025-06-16 12:00:00,HSM.DSC.PMP01,cooling_descaling_pump,177.6035,203.4198,0.5597,0.8766,396.1794,54.3382,0
2025-06-16 13:00:00,HSM.DSC.PMP01,cooling_descaling_pump,191.629,202.3699,-0.8679,0.9707,393.0353,48.5147,0
2025-06-16 14:00:00,HSM.DSC.PMP01,cooling_descaling_pump,163.7123,198.3565,-0.2203,1.1921,407.2282,54.4785,0
2025-06-16 15:00:00,HSM.DSC.PMP01,cooling_descaling_pump,190.8256,195.3081,-0.5591,1.2356,395.5504,58.4841,0
2025-06-16 16:00:00,HSM.DSC.PMP01,cooling_descaling_pump,172.338,194.1171,0.1822,1.2206,400.1378,61.5193,0
2025-06-16 17:00:00,HSM.DSC.PMP01,cooling_descaling_pump,176.4106,201.0879,-0.3757,0.8848,406.1004,53.6429,0
2025-06-16 18:00:00,HSM.DSC.PMP01,cooling_descaling_pump,132.3532,207.2625,-0.2562,1.0208,401.7877,54.4654,0
2025-06-16 19:00:00,HSM.DSC.PMP01,cooling_descaling_pump,161.8266,203.0439,0.4459,1.1255,400.868,53.0854,0
2025-06-16 20:00:00,HSM.DSC.PMP01,cooling_descaling_pump,156.8118,204.2729,-0.2838,0.9564,400.6611,58.2329,0
2025-06-16 21:00:00,HSM.DSC.PMP01,cooling_descaling_pump,174.8858,197.6512,-0.0047,0.9664,391.0205,50.8206,0
2025-06-16 22:00:00,HSM.DSC.PMP01,cooling_descaling_pump,185.9151,203.9942,-0.1612,0.888,394.3396,56.693,0
2025-06-16 23:00:00,HSM.DSC.PMP01,cooling_descaling_pump,148.1471,202.3294,0.0605,0.8016,397.1017,42.6407,0
2025-06-17 00:00:00,HSM.DSC.PMP01,cooling_descaling_pump,172.788,191.2589,0.3242,1.0991,396.2949,49.7655,0
2025-06-17 01:00:00,HSM.DSC.PMP01,cooling_descaling_pump,210.4641,202.1387,1.7661,0.8246,398.9441,45.9345,0
2025-06-17 02:00:00,HSM.DSC.PMP01,cooling_descaling_pump,181.1993,199.8392,-1.8148,0.9953,399.7287,50.6671,0
2025-06-17 03:00:00,HSM.DSC.PMP01,cooling_descaling_pump,171.3983,197.7653,-0.1654,0.8438,402.3836,56.4706,0
2025-06-17 04:00:00,HSM.DSC.PMP01,cooling_descaling_pump,194.1433,198.7446,0.4141,0.8725,395.9776,53.419,0
2025-06-17 05:00:00,HSM.DSC.PMP01,cooling_descaling_pump,187.4934,194.9099,-0.7645,1.2299,398.3044,57.7934,0
2025-06-17 06:00:00,HSM.DSC.PMP01,cooling_descaling_pump,190.1369,200.669,0.1452,0.8259,399.6987,59.3091,0
2025-06-17 07:00:00,HSM.DSC.PMP01,cooling_descaling_pump,168.692,202.6238,0.863,1.0362,397.788,54.5285,0
2025-06-17 08:00:00,HSM.DSC.PMP01,cooling_descaling_pump,192.8351,199.6382,-1.0809,1.1781,399.5162,63.5641,0
2025-06-17 09:00:00,HSM.DSC.PMP01,cooling_descaling_pump,212.5099,203.9964,-0.2397,0.8958,401.0656,47.8084,0
2025-06-17 10:00:00,HSM.DSC.PMP01,cooling_descaling_pump,161.8474,199.5234,0.3405,1.2152,402.228,67.5147,0
2025-06-17 11:00:00,HSM.DSC.PMP01,cooling_descaling_pump,197.0749,200.1109,-0.4008,1.1841,397.3131,68.5419,0
2025-06-17 12:00:00,HSM.DSC.PMP01,cooling_descaling_pump,184.4023,200.1109,1.2906,1.1891,393.2361,57.9633,0
2025-06-17 13:00:00,HSM.DSC.PMP01,cooling_descaling_pump,203.7617,199.2915,0.9208,0.6896,398.6245,51.478,0
2025-06-17 14:00:00,HSM.DSC.PMP01,cooling_descaling_pump,204.4509,197.0314,-0.4318,0.8308,403.3514,49.825,0
2025-06-17 15:00:00,HSM.DSC.PMP01,cooling_descaling_pump,225.5508,195.5717,0.4344,1.034,401.1629,55.0162,0
2025-06-17 16:00:00,HSM.DSC.PMP01,cooling_descaling_pump,180.1855,195.2633,-0.0078,1.0418,395.0509,45.364,0
2025-06-17 17:00:00,HSM.DSC.PMP01,cooling_descaling_pump,184.5782,199.8297,0.2306,1.1285,396.8538,48.6488,0
2025-06-17 18:00:00,HSM.DSC.PMP01,cooling_descaling_pump,152.6973,203.5633,-0.8257,1.2336,400.8081,63.5567,0
2025-06-17 19:00:00,HSM.DSC.PMP01,cooling_descaling_pump,183.5522,202.6873,-0.4847,1.2664,392.4173,53.2086,0
2025-06-17 20:00:00,HSM.DSC.PMP01,cooling_descaling_pump,185.994,198.9569,0.1107,0.863,404.1586,45.5256,0
2025-06-17 21:00:00,HSM.DSC.PMP01,cooling_descaling_pump,213.5525,195.344,-0.1237,0.8713,399.1116,52.8629,0
2025-06-17 22:00:00,HSM.DSC.PMP01,cooling_descaling_pump,217.8942,203.2303,0.2347,1.2548,394.7175,59.623,0
2025-06-17 23:00:00,HSM.DSC.PMP01,cooling_descaling_pump,173.8609,194.5969,0.5188,1.0186,398.9681,54.9327,0
2025-06-18 00:00:00,HSM.DSC.PMP01,cooling_descaling_pump,144.2772,198.0138,-0.3131,1.1313,397.9241,58.8448,0
2025-06-18 01:00:00,HSM.DSC.PMP01,cooling_descaling_pump,174.8688,194.3146,0.6123,1.1223,398.1072,60.5817,0
2025-06-18 02:00:00,HSM.DSC.PMP01,cooling_descaling_pump,202.7871,191.7178,0.6356,1.2841,404.4346,64.3811,0
2025-06-18 03:00:00,HSM.DSC.PMP01,cooling_descaling_pump,182.4981,200.1091,0.3151,1.0973,402.1431,59.1503,0
2025-06-18 04:00:00,HSM.DSC.PMP01,cooling_descaling_pump,174.2412,202.0618,-0.252,0.9913,406.0343,50.4819,0
2025-06-18 05:00:00,HSM.DSC.PMP01,cooling_descaling_pump,151.9317,201.2208,0.2922,1.1846,400.6628,62.7455,0
2025-06-18 06:00:00,HSM.DSC.PMP01,cooling_descaling_pump,133.8028,201.9895,-0.7096,1.0643,399.6163,50.1428,0
2025-06-18 07:00:00,HSM.DSC.PMP01,cooling_descaling_pump,175.8779,196.669,-0.6731,0.9747,397.6304,56.6968,0
2025-06-18 08:00:00,HSM.DSC.PMP01,cooling_descaling_pump,185.5025,196.0355,0.0116,1.0105,399.3786,53.3013,0
2025-06-18 09:00:00,HSM.DSC.PMP01,cooling_descaling_pump,171.5262,197.1874,0.2731,0.799,398.9841,51.1898,0
2025-06-18 10:00:00,HSM.DSC.PMP01,cooling_descaling_pump,208.8912,202.0739,-0.5788,0.6123,401.924,52.9925,0
2025-06-18 11:00:00,HSM.DSC.PMP01,cooling_descaling_pump,212.9988,200.7106,0.7922,0.7302,400.2341,42.8201,0
2025-06-18 12:00:00,HSM.DSC.PMP01,cooling_descaling_pump,187.8792,199.6144,-1.1166,0.6283,400.2038,48.78,0
2025-06-18 13:00:00,HSM.DSC.PMP01,cooling_descaling_pump,163.6695,202.6994,0.2929,0.9595,399.8197,56.5289,0
2025-06-18 14:00:00,HSM.DSC.PMP01,cooling_descaling_pump,160.612,195.0031,0.2048,0.8152,407.3043,55.6312,0
2025-06-18 15:00:00,HSM.DSC.PMP01,cooling_descaling_pump,169.1851,197.5831,-0.8207,1.3005,400.0189,57.1102,0
2025-06-18 16:00:00,HSM.DSC.PMP01,cooling_descaling_pump,191.6736,199.1033,1.3207,1.1616,392.2775,56.8414,0
2025-06-18 17:00:00,HSM.DSC.PMP01,cooling_descaling_pump,176.7053,198.4298,-0.0135,1.1034,406.2164,58.0254,0
2025-06-18 18:00:00,HSM.DSC.PMP01,cooling_descaling_pump,223.3015,199.2241,-0.3674,0.733,402.6822,44.0022,0
2025-06-18 19:00:00,HSM.DSC.PMP01,cooling_descaling_pump,160.801,201.4813,-0.1844,0.9814,401.515,54.2778,0
2025-06-18 20:00:00,HSM.DSC.PMP01,cooling_descaling_pump,176.5894,199.0907,-0.3651,1.1395,404.0482,60.5217,0
2025-06-18 21:00:00,HSM.DSC.PMP01,cooling_descaling_pump,190.0311,196.9816,0.6397,1.0746,404.3501,60.9663,0
2025-06-18 22:00:00,HSM.DSC.PMP01,cooling_descaling_pump,186.8897,199.5706,-1.1758,1.0182,392.6919,52.7003,0
2025-06-18 23:00:00,HSM.DSC.PMP01,cooling_descaling_pump,164.3265,200.5976,0.1464,0.9501,400.0597,54.3165,0
2025-06-19 00:00:00,HSM.DSC.PMP01,cooling_descaling_pump,191.9603,200.5529,-1.3947,1.0354,397.269,55.2396,0
2025-06-19 01:00:00,HSM.DSC.PMP01,cooling_descaling_pump,208.7294,201.1888,-0.0311,1.0442,404.4889,61.58,0
2025-06-19 02:00:00,HSM.DSC.PMP01,cooling_descaling_pump,216.7272,197.3646,0.0238,0.8296,399.8997,49.6492,0
2025-06-19 03:00:00,HSM.DSC.PMP01,cooling_descaling_pump,143.1922,194.7004,-0.168,1.3449,402.6692,58.774,0
2025-06-19 04:00:00,HSM.DSC.PMP01,cooling_descaling_pump,189.7704,197.0224,-0.8836,1.156,396.3812,58.1345,0
2025-06-19 05:00:00,HSM.DSC.PMP01,cooling_descaling_pump,183.739,198.1513,-0.2598,0.9758,393.498,44.0458,0
2025-06-19 06:00:00,HSM.DSC.PMP01,cooling_descaling_pump,175.3148,202.5419,0.2384,0.9757,401.9588,59.7439,0
2025-06-19 07:00:00,HSM.DSC.PMP01,cooling_descaling_pump,180.716,205.722,0.2468,0.9494,398.551,54.955,0
2025-06-19 08:00:00,HSM.DSC.PMP01,cooling_descaling_pump,200.5138,200.0895,-0.1087,1.1085,393.6447,55.5101,0
2025-06-19 09:00:00,HSM.DSC.PMP01,cooling_descaling_pump,225.3442,199.7071,0.0546,0.8336,400.9705,56.877,0
2025-06-19 10:00:00,HSM.DSC.PMP01,cooling_descaling_pump,163.0539,199.6382,2.3841,1.0204,400.2866,60.6508,0
2025-06-19 11:00:00,HSM.DSC.PMP01,cooling_descaling_pump,165.6901,203.478,0.042,1.0245,398.5788,64.4105,0
2025-06-19 12:00:00,HSM.DSC.PMP01,cooling_descaling_pump,189.1338,197.3079,0.2735,0.9591,403.2091,57.0816,0
2025-06-19 13:00:00,HSM.DSC.PMP01,cooling_descaling_pump,174.6618,200.5254,0.6431,1.0429,397.9588,52.0027,0
2025-06-19 14:00:00,HSM.DSC.PMP01,cooling_descaling_pump,221.9366,202.1103,0.6109,0.8737,391.745,53.0064,0
2025-06-19 15:00:00,HSM.DSC.PMP01,cooling_descaling_pump,214.4686,193.4146,-0.5529,0.6403,394.6494,51.0868,0
2025-06-19 16:00:00,HSM.DSC.PMP01,cooling_descaling_pump,177.419,204.6555,1.3157,1.2403,397.7054,58.336,0
2025-06-19 17:00:00,HSM.DSC.PMP01,cooling_descaling_pump,168.3416,197.1579,0.0009,1.1321,400.9937,59.1557,0
2025-06-19 18:00:00,HSM.DSC.PMP01,cooling_descaling_pump,178.2439,201.5259,-1.854,1.0989,400.8913,54.6473,0
2025-06-19 19:00:00,HSM.DSC.PMP01,cooling_descaling_pump,197.8585,202.7923,0.9231,0.9198,396.7275,52.9927,0
2025-06-19 20:00:00,HSM.DSC.PMP01,cooling_descaling_pump,172.1596,205.7042,-0.2733,0.7173,397.3391,40.8983,0
2025-06-19 21:00:00,HSM.DSC.PMP01,cooling_descaling_pump,205.9783,196.1033,0.139,0.9939,397.4837,53.3086,0
2025-06-19 22:00:00,HSM.DSC.PMP01,cooling_descaling_pump,175.0095,204.2401,-0.4712,0.9264,398.1834,57.7456,0
2025-06-19 23:00:00,HSM.DSC.PMP01,cooling_descaling_pump,173.7715,192.8318,0.6591,1.2956,393.7417,57.0094,0
2025-06-20 00:00:00,HSM.DSC.PMP01,cooling_descaling_pump,188.0719,197.9391,0.2388,0.9511,397.4046,47.1436,0
2025-06-20 01:00:00,HSM.DSC.PMP01,cooling_descaling_pump,177.6187,200.4838,0.2383,1.0305,394.4801,61.5194,0
2025-06-20 02:00:00,HSM.DSC.PMP01,cooling_descaling_pump,172.1818,194.4735,0.9802,0.9957,397.6306,50.7304,0
2025-06-20 03:00:00,HSM.DSC.PMP01,cooling_descaling_pump,199.8164,200.5459,-0.6296,0.8868,410.1599,55.3242,0
2025-06-20 04:00:00,HSM.DSC.PMP01,cooling_descaling_pump,177.0999,194.4796,1.0834,0.9991,405.1447,55.7644,0
2025-06-20 05:00:00,HSM.DSC.PMP01,cooling_descaling_pump,179.9958,198.5502,-0.4275,0.9825,408.2822,54.8733,0
2025-06-20 06:00:00,HSM.DSC.PMP01,cooling_descaling_pump,194.9697,199.9436,-0.1575,1.1495,393.4708,60.0178,0
2025-06-20 07:00:00,HSM.DSC.PMP01,cooling_descaling_pump,170.2291,196.2824,1.2123,1.2052,397.8964,52.4175,0
2025-06-20 08:00:00,HSM.DSC.PMP01,cooling_descaling_pump,199.5044,194.766,-0.4042,0.8414,401.1068,55.2712,0
2025-06-20 09:00:00,HSM.DSC.PMP01,cooling_descaling_pump,193.7497,195.1106,1.3484,1.0875,403.6981,61.6251,0
2025-06-20 10:00:00,HSM.DSC.PMP01,cooling_descaling_pump,163.9883,199.8192,0.2993,0.7525,401.8714,44.7133,0
2025-06-20 11:00:00,HSM.DSC.PMP01,cooling_descaling_pump,203.0913,199.0343,1.033,1.0284,402.9902,54.0668,0
2025-06-20 12:00:00,HSM.DSC.PMP01,cooling_descaling_pump,194.1419,194.8505,-0.1461,1.1006,389.237,55.5045,0
2025-06-20 13:00:00,HSM.DSC.PMP01,cooling_descaling_pump,186.8507,200.3547,-0.4496,1.2008,406.2886,65.222,0
2025-06-20 14:00:00,HSM.DSC.PMP01,cooling_descaling_pump,210.6212,203.2481,0.7053,0.9677,403.6109,52.9064,0
2025-06-20 15:00:00,HSM.DSC.PMP01,cooling_descaling_pump,215.3801,197.7779,-0.7151,0.9005,404.3863,45.8915,0
2025-06-20 16:00:00,HSM.DSC.PMP01,cooling_descaling_pump,171.4397,198.0275,0.4679,0.8757,396.2021,52.9122,0
2025-06-20 17:00:00,HSM.DSC.PMP01,cooling_descaling_pump,163.0397,199.3705,0.2424,1.1417,403.0946,58.5981,0
2025-06-20 18:00:00,HSM.DSC.PMP01,cooling_descaling_pump,179.7984,195.3448,-0.8572,0.9862,403.0118,52.0278,0
2025-06-20 19:00:00,HSM.DSC.PMP01,cooling_descaling_pump,199.9823,199.8255,0.1428,1.0226,405.5221,63.7413,0
2025-06-20 20:00:00,HSM.DSC.PMP01,cooling_descaling_pump,142.8525,199.5475,-0.1447,0.9492,397.3921,59.6891,0
2025-06-20 21:00:00,HSM.DSC.PMP01,cooling_descaling_pump,182.6784,204.2508,1.1284,0.9954,391.6436,54.2503,0
2025-06-20 22:00:00,HSM.DSC.PMP01,cooling_descaling_pump,173.5115,205.5596,0.4607,1.0743,399.2004,52.5496,0
2025-06-20 23:00:00,HSM.DSC.PMP01,cooling_descaling_pump,167.1664,201.2799,-0.9163,0.9826,401.9501,51.8273,0
2025-06-21 00:00:00,HSM.DSC.PMP01,cooling_descaling_pump,159.8985,202.6908,-0.6985,1.0144,399.9407,57.4837,0
2025-06-21 01:00:00,HSM.DSC.PMP01,cooling_descaling_pump,206.3381,198.5545,-0.9145,1.0724,406.1683,64.6651,0
2025-06-21 02:00:00,HSM.DSC.PMP01,cooling_descaling_pump,227.3369,203.3481,-1.4112,0.804,404.5835,55.0906,0
2025-06-21 03:00:00,HSM.DSC.PMP01,cooling_descaling_pump,179.0953,199.0233,0.0246,1.1318,397.5461,61.7632,0
2025-06-21 04:00:00,HSM.DSC.PMP01,cooling_descaling_pump,209.2611,192.9874,-0.0945,1.0052,404.4256,56.7501,0
2025-06-21 05:00:00,HSM.DSC.PMP01,cooling_descaling_pump,189.5707,209.6301,0.6916,0.8792,406.5578,60.3864,0
2025-06-21 06:00:00,HSM.DSC.PMP01,cooling_descaling_pump,184.0077,198.7008,0.0025,0.8803,408.8792,51.004,0
2025-06-21 07:00:00,HSM.DSC.PMP01,cooling_descaling_pump,178.0889,200.2023,1.2196,0.8283,402.5177,50.7868,0
2025-06-21 08:00:00,HSM.DSC.PMP01,cooling_descaling_pump,191.405,196.975,0.8622,1.1324,399.7819,54.4836,0
2025-06-21 09:00:00,HSM.DSC.PMP01,cooling_descaling_pump,185.5845,200.5763,-0.5118,0.7758,399.3708,52.012,0
2025-06-21 10:00:00,HSM.DSC.PMP01,cooling_descaling_pump,182.4396,195.5291,0.1458,0.9848,406.5829,51.5914,0
2025-06-21 11:00:00,HSM.DSC.PMP01,cooling_descaling_pump,170.3792,201.8793,0.3134,0.951,401.2162,56.8912,0
2025-06-21 12:00:00,HSM.DSC.PMP01,cooling_descaling_pump,203.1542,198.7762,-0.3038,1.2502,403.1632,67.1571,0
2025-06-21 13:00:00,HSM.DSC.PMP01,cooling_descaling_pump,176.9306,193.1325,0.4443,1.0429,396.7853,48.9836,0
2025-06-21 14:00:00,HSM.DSC.PMP01,cooling_descaling_pump,225.3594,201.5109,-0.3244,0.9277,395.0961,54.1331,0
2025-06-21 15:00:00,HSM.DSC.PMP01,cooling_descaling_pump,211.0422,199.3392,-0.7071,1.0651,396.5012,51.9428,0
2025-06-21 16:00:00,HSM.DSC.PMP01,cooling_descaling_pump,195.2352,199.4207,0.2342,0.9633,403.1385,51.8461,0
2025-06-21 17:00:00,HSM.DSC.PMP01,cooling_descaling_pump,187.805,200.5234,-0.3354,0.9401,404.3907,48.6445,0
2025-06-21 18:00:00,HSM.DSC.PMP01,cooling_descaling_pump,218.2992,202.1882,0.218,1.072,398.5803,54.3765,0
2025-06-21 19:00:00,HSM.DSC.PMP01,cooling_descaling_pump,147.2399,196.539,0.0564,1.0846,395.1682,47.2874,0
2025-06-21 20:00:00,HSM.DSC.PMP01,cooling_descaling_pump,157.6834,202.4189,-0.4061,0.8498,402.7297,47.8597,0
2025-06-21 21:00:00,HSM.DSC.PMP01,cooling_descaling_pump,168.708,201.5002,0.6768,0.7605,403.1673,54.9757,0
2025-06-21 22:00:00,HSM.DSC.PMP01,cooling_descaling_pump,160.9411,200.1545,0.5204,0.9221,397.5657,48.8773,0
2025-06-21 23:00:00,HSM.DSC.PMP01,cooling_descaling_pump,207.6327,200.7092,0.014,0.7957,397.5921,47.2869,0
2025-06-22 00:00:00,HSM.DSC.PMP01,cooling_descaling_pump,168.0679,199.5957,-0.5843,1.2233,396.7311,53.5362,0
2025-06-22 01:00:00,HSM.DSC.PMP01,cooling_descaling_pump,223.1075,195.6943,0.1698,0.7774,407.7265,55.3103,0
2025-06-22 02:00:00,HSM.DSC.PMP01,cooling_descaling_pump,187.1548,198.1391,-0.5882,1.1156,397.8141,56.9117,0
2025-06-22 03:00:00,HSM.DSC.PMP01,cooling_descaling_pump,163.9346,199.725,-0.1783,1.1641,393.4579,55.2113,0
2025-06-22 04:00:00,HSM.DSC.PMP01,cooling_descaling_pump,172.9788,199.9433,-0.8219,1.193,399.8238,56.723,0
2025-06-22 05:00:00,HSM.DSC.PMP01,cooling_descaling_pump,173.5982,197.0106,-0.6958,0.9776,400.2025,54.8516,0
2025-06-22 06:00:00,HSM.DSC.PMP01,cooling_descaling_pump,177.146,202.8551,0.3666,0.9864,400.5074,60.1421,0
2025-06-22 07:00:00,HSM.DSC.PMP01,cooling_descaling_pump,189.221,199.4212,-0.3061,0.9364,403.1789,57.816,0
2025-06-22 08:00:00,HSM.DSC.PMP01,cooling_descaling_pump,199.6381,195.0064,0.3355,1.119,397.874,61.3077,0
2025-06-22 09:00:00,HSM.DSC.PMP01,cooling_descaling_pump,131.5447,197.3349,0.4979,1.2278,398.5297,54.3309,0
2025-06-22 10:00:00,HSM.DSC.PMP01,cooling_descaling_pump,174.4191,197.3601,-0.0831,1.1647,405.0948,64.9303,0
2025-06-22 11:00:00,HSM.DSC.PMP01,cooling_descaling_pump,183.2046,201.5044,0.8835,1.0088,402.9843,54.598,0
2025-06-22 12:00:00,HSM.DSC.PMP01,cooling_descaling_pump,200.5216,197.8352,0.6537,0.9611,397.1998,54.3317,0
2025-06-22 13:00:00,HSM.DSC.PMP01,cooling_descaling_pump,198.9343,202.0788,-0.2531,1.1154,396.2461,52.3258,0
2025-06-22 14:00:00,HSM.DSC.PMP01,cooling_descaling_pump,206.4374,197.2354,-0.2454,0.9683,400.1304,50.1598,0
2025-06-22 15:00:00,HSM.DSC.PMP01,cooling_descaling_pump,189.4913,190.8929,0.9217,0.9995,406.7983,54.6778,0
2025-06-22 16:00:00,HSM.DSC.PMP01,cooling_descaling_pump,201.4185,199.2444,1.0638,1.184,397.2188,57.7759,0
2025-06-22 17:00:00,HSM.DSC.PMP01,cooling_descaling_pump,212.8287,199.0803,0.11,1.0736,402.6482,60.5396,0
2025-06-22 18:00:00,HSM.DSC.PMP01,cooling_descaling_pump,198.8069,204.236,1.716,1.0354,398.7958,54.8196,0
2025-06-22 19:00:00,HSM.DSC.PMP01,cooling_descaling_pump,171.2488,200.1106,0.6004,0.945,401.8793,54.0392,0
2025-06-22 20:00:00,HSM.DSC.PMP01,cooling_descaling_pump,187.9403,200.1193,0.3886,0.8473,395.0827,48.55,0
2025-06-22 21:00:00,HSM.DSC.PMP01,cooling_descaling_pump,147.578,200.8058,1.0082,1.0952,401.4977,54.7116,0
2025-06-22 22:00:00,HSM.DSC.PMP01,cooling_descaling_pump,207.7269,198.2707,-0.1451,0.9982,399.3581,56.6519,0
2025-06-22 23:00:00,HSM.DSC.PMP01,cooling_descaling_pump,214.3413,197.2758,0.024,1.0203,397.0137,54.7954,0
2025-06-23 00:00:00,HSM.DSC.PMP01,cooling_descaling_pump,125.2365,202.5977,0.4509,1.0712,399.2689,54.1022,0
2025-06-23 01:00:00,HSM.DSC.PMP01,cooling_descaling_pump,189.3784,194.8001,0.5948,1.1121,396.7173,53.7529,0
2025-06-23 02:00:00,HSM.DSC.PMP01,cooling_descaling_pump,233.1935,194.5167,-0.242,1.3227,394.439,62.1374,0
2025-06-23 03:00:00,HSM.DSC.PMP01,cooling_descaling_pump,172.6672,200.102,0.0135,1.0187,401.0712,62.4657,0
2025-06-23 04:00:00,HSM.DSC.PMP01,cooling_descaling_pump,166.0287,205.1196,-0.3819,1.2072,400.9467,61.7097,0
2025-06-23 05:00:00,HSM.DSC.PMP01,cooling_descaling_pump,187.1109,201.223,-0.6873,0.7807,403.6764,51.6701,0
2025-06-23 06:00:00,HSM.DSC.PMP01,cooling_descaling_pump,215.4171,198.7722,1.6694,1.1047,397.522,61.1041,0
2025-06-23 07:00:00,HSM.DSC.PMP01,cooling_descaling_pump,199.6247,206.7221,0.4265,1.1654,391.1842,57.3474,0
2025-06-23 08:00:00,HSM.DSC.PMP01,cooling_descaling_pump,207.1117,195.4792,0.2686,1.2075,396.5207,57.4146,0
2025-06-23 09:00:00,HSM.DSC.PMP01,cooling_descaling_pump,158.1726,189.3085,-0.0289,1.3686,404.156,62.9522,0
2025-06-23 10:00:00,HSM.DSC.PMP01,cooling_descaling_pump,185.1171,204.7993,0.384,1.1942,396.0974,62.6533,0
2025-06-23 11:00:00,HSM.DSC.PMP01,cooling_descaling_pump,173.2694,204.7506,-0.1568,0.9202,401.8628,53.2953,0
2025-06-23 12:00:00,HSM.DSC.PMP01,cooling_descaling_pump,179.6062,194.3995,0.0111,1.0061,400.5227,50.8663,0
2025-06-23 13:00:00,HSM.DSC.PMP01,cooling_descaling_pump,171.0317,201.9251,-0.0835,1.2557,399.1783,53.5558,0
2025-06-23 14:00:00,HSM.DSC.PMP01,cooling_descaling_pump,190.1329,192.6067,0.7136,0.8523,403.0877,53.8611,0
2025-06-23 15:00:00,HSM.DSC.PMP01,cooling_descaling_pump,193.7204,201.8845,0.2631,0.863,401.2519,52.3345,0
2025-06-23 16:00:00,HSM.DSC.PMP01,cooling_descaling_pump,213.153,200.9671,1.4268,1.1362,406.6432,52.5232,0
2025-06-23 17:00:00,HSM.DSC.PMP01,cooling_descaling_pump,168.056,199.1788,0.3891,0.8101,401.2788,46.8097,0
2025-06-23 18:00:00,HSM.DSC.PMP01,cooling_descaling_pump,171.3479,197.6864,1.4311,1.2268,403.2117,61.8934,0
2025-06-23 19:00:00,HSM.DSC.PMP01,cooling_descaling_pump,169.9998,202.5216,0.6069,0.9444,398.8447,53.7347,0
2025-06-23 20:00:00,HSM.DSC.PMP01,cooling_descaling_pump,187.806,199.1403,-0.8209,1.1531,403.6261,55.3773,0
2025-06-23 21:00:00,HSM.DSC.PMP01,cooling_descaling_pump,159.9969,207.2767,0.696,1.1484,395.9794,57.1043,0
2025-06-23 22:00:00,HSM.DSC.PMP01,cooling_descaling_pump,180.6176,204.0701,0.1999,0.7665,399.4397,53.2579,0
2025-06-23 23:00:00,HSM.DSC.PMP01,cooling_descaling_pump,175.0416,189.3716,-0.5919,0.995,394.3117,42.8942,0
2025-06-24 00:00:00,HSM.DSC.PMP01,cooling_descaling_pump,192.2285,202.5403,1.1289,0.918,403.7512,60.7386,0
2025-06-24 01:00:00,HSM.DSC.PMP01,cooling_descaling_pump,202.8314,199.4841,0.8774,0.8378,396.2823,49.5266,0
2025-06-24 02:00:00,HSM.DSC.PMP01,cooling_descaling_pump,179.3272,197.7154,-0.7104,0.9863,402.6728,54.6892,0
2025-06-24 03:00:00,HSM.DSC.PMP01,cooling_descaling_pump,171.1423,206.0135,-0.9192,0.913,403.178,53.398,0
2025-06-24 04:00:00,HSM.DSC.PMP01,cooling_descaling_pump,195.4905,199.8628,-0.0266,0.885,404.3455,52.9691,0
2025-06-24 05:00:00,HSM.DSC.PMP01,cooling_descaling_pump,161.8369,197.4848,0.1909,0.8752,397.2728,49.7601,0
2025-06-24 06:00:00,HSM.DSC.PMP01,cooling_descaling_pump,160.9304,197.9898,0.025,0.8906,398.1211,52.0874,0
2025-06-24 07:00:00,HSM.DSC.PMP01,cooling_descaling_pump,164.0423,202.2515,0.575,1.0945,403.8484,59.2881,0
2025-06-24 08:00:00,HSM.DSC.PMP01,cooling_descaling_pump,222.9137,197.466,0.3037,1.2825,393.2339,57.9893,0
2025-06-24 09:00:00,HSM.DSC.PMP01,cooling_descaling_pump,171.8706,196.3716,0.1369,0.9153,402.0127,51.8655,0
2025-06-24 10:00:00,HSM.DSC.PMP01,cooling_descaling_pump,198.1931,193.4615,0.0889,0.8319,406.2613,51.8765,0
2025-06-24 11:00:00,HSM.DSC.PMP01,cooling_descaling_pump,150.4306,197.7883,0.3645,0.7464,405.6522,49.8105,0
2025-06-24 12:00:00,HSM.DSC.PMP01,cooling_descaling_pump,203.697,200.9827,0.7445,1.0268,402.6547,59.7824,0
2025-06-24 13:00:00,HSM.DSC.PMP01,cooling_descaling_pump,220.2782,202.3906,0.3736,0.9259,399.0366,55.7764,0
2025-06-24 14:00:00,HSM.DSC.PMP01,cooling_descaling_pump,180.1335,195.8365,-1.337,1.1358,406.6318,52.8723,0
2025-06-24 15:00:00,HSM.DSC.PMP01,cooling_descaling_pump,180.3162,195.7454,0.014,0.7402,405.0277,46.5338,0
2025-06-24 16:00:00,HSM.DSC.PMP01,cooling_descaling_pump,139.8893,200.572,0.4836,1.088,393.1165,57.1977,0
2025-06-24 17:00:00,HSM.DSC.PMP01,cooling_descaling_pump,170.0683,202.1249,-0.5931,1.0414,408.1524,55.7556,0
2025-06-24 18:00:00,HSM.DSC.PMP01,cooling_descaling_pump,190.3385,199.8513,-0.8427,0.9171,394.5315,45.931,0
2025-06-24 19:00:00,HSM.DSC.PMP01,cooling_descaling_pump,207.5749,204.7989,-0.852,0.9286,399.6588,51.5952,0
2025-06-24 20:00:00,HSM.DSC.PMP01,cooling_descaling_pump,189.7685,195.7845,0.2647,1.0288,402.7744,55.4977,0
2025-06-24 21:00:00,HSM.DSC.PMP01,cooling_descaling_pump,199.8148,203.9738,-1.0143,1.0388,401.3511,51.7968,0
2025-06-24 22:00:00,HSM.DSC.PMP01,cooling_descaling_pump,207.1103,199.8573,-0.2745,1.1064,397.2319,63.8457,0
2025-06-24 23:00:00,HSM.DSC.PMP01,cooling_descaling_pump,195.5218,200.8104,-0.7131,1.0744,394.9628,54.478,0
2025-06-25 00:00:00,HSM.DSC.PMP01,cooling_descaling_pump,211.7193,195.8362,-0.6754,1.0132,396.8467,52.5386,0
2025-06-25 01:00:00,HSM.DSC.PMP01,cooling_descaling_pump,174.7667,200.7605,-0.2447,0.7136,403.1226,54.5696,0
2025-06-25 02:00:00,HSM.DSC.PMP01,cooling_descaling_pump,227.9498,206.1631,0.245,0.5069,402.2837,49.1774,0
2025-06-25 03:00:00,HSM.DSC.PMP01,cooling_descaling_pump,181.3289,206.7247,-0.5348,0.9722,402.4345,64.2223,0
2025-06-25 04:00:00,HSM.DSC.PMP01,cooling_descaling_pump,221.277,205.3642,0.0306,0.9182,400.3192,56.1907,0
2025-06-25 05:00:00,HSM.DSC.PMP01,cooling_descaling_pump,164.5366,200.8216,1.2708,0.7075,404.1605,47.6294,0
2025-06-25 06:00:00,HSM.DSC.PMP01,cooling_descaling_pump,178.9654,197.2638,0.0296,0.8516,395.9062,52.1417,0
2025-06-25 07:00:00,HSM.DSC.PMP01,cooling_descaling_pump,179.107,196.7247,-0.954,0.7615,407.8916,52.9555,0
2025-06-25 08:00:00,HSM.DSC.PMP01,cooling_descaling_pump,200.3966,200.7023,-0.929,0.9725,392.3594,59.1362,0
2025-06-25 09:00:00,HSM.DSC.PMP01,cooling_descaling_pump,156.2464,198.7628,0.1794,1.0817,404.8617,57.8754,0
2025-06-25 10:00:00,HSM.DSC.PMP01,cooling_descaling_pump,184.6751,198.5047,-0.1222,0.8969,404.4168,57.6854,0
2025-06-25 11:00:00,HSM.DSC.PMP01,cooling_descaling_pump,165.4508,198.6437,0.4219,1.0329,393.1538,50.0822,0
2025-06-25 12:00:00,HSM.DSC.PMP01,cooling_descaling_pump,194.2677,204.7606,0.9937,0.9259,401.033,50.8687,0
2025-06-25 13:00:00,HSM.DSC.PMP01,cooling_descaling_pump,156.0363,199.1548,-0.6397,1.1125,398.263,53.0028,0
2025-06-25 14:00:00,HSM.DSC.PMP01,cooling_descaling_pump,169.7536,198.187,-0.26,0.9488,394.2138,58.5835,0
2025-06-25 15:00:00,HSM.DSC.PMP01,cooling_descaling_pump,170.6772,201.2922,0.7102,1.0781,398.776,54.3631,0
2025-06-25 16:00:00,HSM.DSC.PMP01,cooling_descaling_pump,184.8664,198.6736,0.1233,1.2592,400.8366,59.1863,0
2025-06-25 17:00:00,HSM.DSC.PMP01,cooling_descaling_pump,197.897,203.4126,0.2696,0.8294,402.6262,49.0937,0
2025-06-25 18:00:00,HSM.DSC.PMP01,cooling_descaling_pump,199.3528,198.1165,-0.7101,0.9388,399.4321,50.6209,0
2025-06-25 19:00:00,HSM.DSC.PMP01,cooling_descaling_pump,195.1741,197.4175,-0.0232,0.9833,402.1406,55.2084,0
2025-06-25 20:00:00,HSM.DSC.PMP01,cooling_descaling_pump,202.9398,193.8179,-1.616,0.9766,399.1828,53.9259,0
2025-06-25 21:00:00,HSM.DSC.PMP01,cooling_descaling_pump,192.8629,200.378,1.5157,1.3957,395.5863,60.2681,0
2025-06-25 22:00:00,HSM.DSC.PMP01,cooling_descaling_pump,189.6125,201.6665,0.7189,0.8651,399.7433,58.9237,0
2025-06-25 23:00:00,HSM.DSC.PMP01,cooling_descaling_pump,199.5909,199.407,-0.0029,0.8893,397.1923,51.1307,0
2025-06-26 00:00:00,HSM.DSC.PMP01,cooling_descaling_pump,148.203,201.0259,2.4406,1.2319,392.4007,52.9382,0
2025-06-26 01:00:00,HSM.DSC.PMP01,cooling_descaling_pump,169.2808,196.8419,1.1047,1.1823,398.8888,59.4235,0
2025-06-26 02:00:00,HSM.DSC.PMP01,cooling_descaling_pump,202.2712,200.2369,1.4452,1.0673,394.4987,49.3488,0
2025-06-26 03:00:00,HSM.DSC.PMP01,cooling_descaling_pump,175.9479,204.8903,0.7477,1.1532,395.5954,60.5812,0
2025-06-26 04:00:00,HSM.DSC.PMP01,cooling_descaling_pump,182.4062,192.435,-0.0394,1.0025,401.377,59.3963,0
2025-06-26 05:00:00,HSM.DSC.PMP01,cooling_descaling_pump,184.3227,202.2864,-0.0833,1.15,400.8479,59.7863,0
2025-06-26 06:00:00,HSM.DSC.PMP01,cooling_descaling_pump,179.6668,196.9194,-0.6556,1.0117,400.405,61.3939,0
2025-06-26 07:00:00,HSM.DSC.PMP01,cooling_descaling_pump,166.9443,204.6344,0.2183,1.3429,400.5627,61.6531,0
2025-06-26 08:00:00,HSM.DSC.PMP01,cooling_descaling_pump,181.8162,204.1793,-0.4563,0.9806,402.6942,48.8163,0
2025-06-26 09:00:00,HSM.DSC.PMP01,cooling_descaling_pump,157.0999,198.9651,-0.3463,1.2251,407.2908,57.0578,0
2025-06-26 10:00:00,HSM.DSC.PMP01,cooling_descaling_pump,160.7236,198.5433,0.3014,1.0647,401.2851,51.7829,0
2025-06-26 11:00:00,HSM.DSC.PMP01,cooling_descaling_pump,159.7768,195.5158,0.7043,1.3161,399.2008,57.4034,0
2025-06-26 12:00:00,HSM.DSC.PMP01,cooling_descaling_pump,168.6075,206.5015,0.1102,1.0474,399.3241,56.8876,0
2025-06-26 13:00:00,HSM.DSC.PMP01,cooling_descaling_pump,239.7802,201.5589,-0.0582,0.8245,403.2063,51.0,0
2025-06-26 14:00:00,HSM.DSC.PMP01,cooling_descaling_pump,190.2727,198.7612,-0.1495,1.2241,395.7734,61.6687,0
2025-06-26 15:00:00,HSM.DSC.PMP01,cooling_descaling_pump,169.5022,193.0714,0.0741,1.2064,401.1811,58.0127,0
2025-06-26 16:00:00,HSM.DSC.PMP01,cooling_descaling_pump,210.021,201.8538,-0.377,1.2282,402.1777,59.5948,0
2025-06-26 17:00:00,HSM.DSC.PMP01,cooling_descaling_pump,236.3173,200.5064,0.3053,0.6773,393.0836,44.3051,0
2025-06-26 18:00:00,HSM.DSC.PMP01,cooling_descaling_pump,181.2947,193.3414,0.9178,1.051,402.9287,47.2314,0
2025-06-26 19:00:00,HSM.DSC.PMP01,cooling_descaling_pump,199.4901,199.1986,0.2666,1.0845,398.6943,51.1864,0
2025-06-26 20:00:00,HSM.DSC.PMP01,cooling_descaling_pump,169.4678,203.1612,-0.1086,0.8376,398.8742,50.9035,0
2025-06-26 21:00:00,HSM.DSC.PMP01,cooling_descaling_pump,165.6557,200.9114,-0.8245,1.1649,402.8534,55.8444,0
2025-06-26 22:00:00,HSM.DSC.PMP01,cooling_descaling_pump,226.9943,200.577,0.7801,0.9368,398.8366,58.0035,0
2025-06-26 23:00:00,HSM.DSC.PMP01,cooling_descaling_pump,135.8805,203.0291,-0.0786,1.1383,396.8473,49.3607,0
2025-06-27 00:00:00,HSM.DSC.PMP01,cooling_descaling_pump,186.0669,198.4118,-0.952,1.4989,392.415,63.5911,0
2025-06-27 01:00:00,HSM.DSC.PMP01,cooling_descaling_pump,219.2066,203.5696,0.1474,1.0328,397.8638,59.5042,0
2025-06-27 02:00:00,HSM.DSC.PMP01,cooling_descaling_pump,207.071,194.5945,-1.0519,1.2551,400.6823,67.6991,0
2025-06-27 03:00:00,HSM.DSC.PMP01,cooling_descaling_pump,187.8159,199.6428,0.2113,1.0001,395.4961,54.7754,0
2025-06-27 04:00:00,HSM.DSC.PMP01,cooling_descaling_pump,189.8099,208.4031,1.4625,1.1042,396.6304,65.4763,0
2025-06-27 05:00:00,HSM.DSC.PMP01,cooling_descaling_pump,213.7505,199.5714,-0.1142,1.1651,397.1752,54.9108,0
2025-06-27 06:00:00,HSM.DSC.PMP01,cooling_descaling_pump,186.4817,203.9086,-0.6561,0.9694,407.1851,59.8908,0
2025-06-27 07:00:00,HSM.DSC.PMP01,cooling_descaling_pump,219.1701,202.8914,0.0558,0.8733,401.9857,56.0685,0
2025-06-27 08:00:00,HSM.DSC.PMP01,cooling_descaling_pump,164.4087,198.771,-0.0601,0.9988,404.7966,59.7628,0
2025-06-27 09:00:00,HSM.DSC.PMP01,cooling_descaling_pump,173.0965,202.4088,-0.4729,0.8851,396.8636,42.7866,0
2025-06-27 10:00:00,HSM.DSC.PMP01,cooling_descaling_pump,192.9799,199.8812,-0.3706,0.946,403.5266,62.024,0
2025-06-27 11:00:00,HSM.DSC.PMP01,cooling_descaling_pump,209.466,199.4196,-1.3266,0.912,396.9468,58.0096,0
2025-06-27 12:00:00,HSM.DSC.PMP01,cooling_descaling_pump,187.2072,192.7244,1.0011,0.719,401.1548,48.1283,0
2025-06-27 13:00:00,HSM.DSC.PMP01,cooling_descaling_pump,192.4649,200.221,0.2802,0.9915,397.9972,60.502,0
2025-06-27 14:00:00,HSM.DSC.PMP01,cooling_descaling_pump,192.7057,199.6047,-0.2034,1.0541,398.8327,65.8296,0
2025-06-27 15:00:00,HSM.DSC.PMP01,cooling_descaling_pump,167.884,193.7101,-0.0953,1.2752,401.6593,54.0159,0
2025-06-27 16:00:00,HSM.DSC.PMP01,cooling_descaling_pump,195.3913,202.5198,-0.871,1.0618,401.4247,54.375,0
2025-06-27 17:00:00,HSM.DSC.PMP01,cooling_descaling_pump,154.5899,199.4996,-0.968,1.247,391.1334,55.0902,0
2025-06-27 18:00:00,HSM.DSC.PMP01,cooling_descaling_pump,181.6856,198.6696,0.0147,0.8955,393.5382,45.3638,0
2025-06-27 19:00:00,HSM.DSC.PMP01,cooling_descaling_pump,118.1157,201.1419,1.1014,1.2832,401.0544,57.0227,0
2025-06-27 20:00:00,HSM.DSC.PMP01,cooling_descaling_pump,192.58,201.8754,-0.3059,0.9843,399.3955,50.9232,0
2025-06-27 21:00:00,HSM.DSC.PMP01,cooling_descaling_pump,198.8461,198.3741,0.4715,1.0192,400.2505,54.0685,0
2025-06-27 22:00:00,HSM.DSC.PMP01,cooling_descaling_pump,166.9266,198.0436,0.2318,1.159,402.1454,58.5729,0
2025-06-27 23:00:00,HSM.DSC.PMP01,cooling_descaling_pump,177.2191,200.0941,0.6517,0.9015,401.8334,56.7158,0
2025-06-28 00:00:00,HSM.DSC.PMP01,cooling_descaling_pump,153.8604,195.4714,-0.081,1.2169,398.4388,57.0483,0
2025-06-28 01:00:00,HSM.DSC.PMP01,cooling_descaling_pump,232.3375,202.2738,-0.3919,1.3294,394.939,60.4229,0
2025-06-28 02:00:00,HSM.DSC.PMP01,cooling_descaling_pump,152.9041,202.5078,0.7003,1.1537,395.8582,56.2274,0
2025-06-28 03:00:00,HSM.DSC.PMP01,cooling_descaling_pump,122.6513,205.9201,-0.4792,1.1779,395.9116,61.7338,0
2025-06-28 04:00:00,HSM.DSC.PMP01,cooling_descaling_pump,235.4803,207.1636,-0.3162,1.0133,396.7374,56.3565,0
2025-06-28 05:00:00,HSM.DSC.PMP01,cooling_descaling_pump,186.7714,197.866,0.5853,1.0934,403.2722,60.7905,0
2025-06-28 06:00:00,HSM.DSC.PMP01,cooling_descaling_pump,192.1217,201.0151,1.3781,0.9604,398.7475,57.9738,0
2025-06-28 07:00:00,HSM.DSC.PMP01,cooling_descaling_pump,195.9425,202.7838,0.8906,1.194,397.3331,61.8906,0
2025-06-28 08:00:00,HSM.DSC.PMP01,cooling_descaling_pump,199.8846,195.522,-0.3949,0.9861,400.7275,57.6854,0
2025-06-28 09:00:00,HSM.DSC.PMP01,cooling_descaling_pump,175.954,201.6189,0.8553,0.9656,407.1642,59.6203,0
2025-06-28 10:00:00,HSM.DSC.PMP01,cooling_descaling_pump,169.5581,196.4873,0.228,1.2717,402.774,57.0795,0
2025-06-28 11:00:00,HSM.DSC.PMP01,cooling_descaling_pump,181.1057,197.704,-0.4819,1.02,395.3019,49.8787,0
2025-06-28 12:00:00,HSM.DSC.PMP01,cooling_descaling_pump,207.8842,198.818,-0.6454,1.019,402.3166,61.0467,0
2025-06-28 13:00:00,HSM.DSC.PMP01,cooling_descaling_pump,191.2454,200.9361,-0.118,1.089,400.8062,51.8729,0
2025-06-28 14:00:00,HSM.DSC.PMP01,cooling_descaling_pump,165.2539,201.6628,-0.5287,1.0769,403.414,57.2678,0
2025-06-28 15:00:00,HSM.DSC.PMP01,cooling_descaling_pump,193.7609,200.99,-0.0063,1.3092,401.1124,57.7187,0
2025-06-28 16:00:00,HSM.DSC.PMP01,cooling_descaling_pump,190.5206,200.6027,-0.9598,1.1639,406.1636,57.299,0
2025-06-28 17:00:00,HSM.DSC.PMP01,cooling_descaling_pump,177.4174,198.7598,0.4636,1.1243,400.8929,56.2939,0
2025-06-28 18:00:00,HSM.DSC.PMP01,cooling_descaling_pump,132.1911,204.3178,-0.2745,1.3134,396.2958,62.9037,0
2025-06-28 19:00:00,HSM.DSC.PMP01,cooling_descaling_pump,163.9432,200.7016,-0.4828,1.0591,403.1675,54.4762,0
2025-06-28 20:00:00,HSM.DSC.PMP01,cooling_descaling_pump,205.417,199.4845,1.0717,0.9541,396.0493,50.2869,0
2025-06-28 21:00:00,HSM.DSC.PMP01,cooling_descaling_pump,160.5937,198.1275,-0.2534,1.1791,402.344,54.5173,0
2025-06-28 22:00:00,HSM.DSC.PMP01,cooling_descaling_pump,209.4883,200.6848,-0.9161,0.8331,401.9887,54.746,0
2025-06-28 23:00:00,HSM.DSC.PMP01,cooling_descaling_pump,185.368,205.1973,-1.2025,1.1394,404.4224,63.5455,0
2025-06-29 00:00:00,HSM.DSC.PMP01,cooling_descaling_pump,170.8858,198.952,-0.4981,0.8117,405.0518,50.388,0
2025-06-29 01:00:00,HSM.DSC.PMP01,cooling_descaling_pump,188.9867,203.1311,0.8773,1.1549,392.5497,53.105,0
2025-06-29 02:00:00,HSM.DSC.PMP01,cooling_descaling_pump,159.6272,198.8003,0.4709,1.3468,400.6897,54.4161,0
2025-06-29 03:00:00,HSM.DSC.PMP01,cooling_descaling_pump,171.0435,196.2003,-0.297,1.1344,396.8275,55.6747,0
2025-06-29 04:00:00,HSM.DSC.PMP01,cooling_descaling_pump,162.4734,203.0264,-0.3787,1.3751,390.0107,65.6795,0
2025-06-29 05:00:00,HSM.DSC.PMP01,cooling_descaling_pump,213.6249,196.5051,-0.428,1.352,401.4718,59.2807,0
2025-06-29 06:00:00,HSM.DSC.PMP01,cooling_descaling_pump,188.3344,198.7931,-1.3884,1.3421,397.1909,57.6332,0
2025-06-29 07:00:00,HSM.DSC.PMP01,cooling_descaling_pump,177.3129,196.0649,-0.1549,1.1531,404.3033,56.8637,0
2025-06-29 08:00:00,HSM.DSC.PMP01,cooling_descaling_pump,186.1401,198.8888,-1.2174,0.7764,404.5209,58.3171,0
2025-06-29 09:00:00,HSM.DSC.PMP01,cooling_descaling_pump,197.5806,203.5741,0.0003,0.9086,401.8715,53.1998,0
2025-06-29 10:00:00,HSM.DSC.PMP01,cooling_descaling_pump,171.6852,200.5266,0.9666,0.9113,400.6115,51.6028,0
2025-06-29 11:00:00,HSM.DSC.PMP01,cooling_descaling_pump,165.1487,191.6592,-0.325,1.2875,404.4998,53.8831,0
2025-06-29 12:00:00,HSM.DSC.PMP01,cooling_descaling_pump,190.1303,196.9617,0.4645,1.3247,397.5716,54.9675,0
2025-06-29 13:00:00,HSM.DSC.PMP01,cooling_descaling_pump,200.5598,196.5875,-0.2094,1.3259,404.4568,59.0227,0
2025-06-29 14:00:00,HSM.DSC.PMP01,cooling_descaling_pump,167.3069,204.4653,0.1083,1.3775,395.9772,55.0267,0
2025-06-29 15:00:00,HSM.DSC.PMP01,cooling_descaling_pump,198.3049,198.5353,0.7534,1.0051,397.3241,49.9172,0
2025-06-29 16:00:00,HSM.DSC.PMP01,cooling_descaling_pump,199.8209,200.4402,0.5708,1.0889,405.4341,61.3154,0
2025-06-29 17:00:00,HSM.DSC.PMP01,cooling_descaling_pump,173.6692,201.5529,-0.5299,0.9414,402.6852,56.2915,0
2025-06-29 18:00:00,HSM.DSC.PMP01,cooling_descaling_pump,163.5778,200.8495,-0.1829,1.083,396.7505,44.6001,0
2025-06-29 19:00:00,HSM.DSC.PMP01,cooling_descaling_pump,181.7293,200.0911,0.5277,1.3299,400.6237,53.2671,0
2025-06-29 20:00:00,HSM.DSC.PMP01,cooling_descaling_pump,181.5979,196.4478,0.656,1.1177,399.7085,54.5579,0
2025-06-29 21:00:00,HSM.DSC.PMP01,cooling_descaling_pump,180.2504,202.1371,-0.8789,1.2405,399.0496,65.5977,0
2025-06-29 22:00:00,HSM.DSC.PMP01,cooling_descaling_pump,167.4473,207.5458,-0.3423,0.9657,396.837,57.1313,0
2025-06-29 23:00:00,HSM.DSC.PMP01,cooling_descaling_pump,178.8812,207.0427,-0.825,0.9438,400.4937,51.8079,0
2025-06-30 00:00:00,HSM.DSC.PMP01,cooling_descaling_pump,215.887,196.4174,-0.1534,1.2316,401.9896,59.5893,0
2025-06-30 01:00:00,HSM.DSC.PMP01,cooling_descaling_pump,211.8044,196.9791,0.8316,1.0419,398.1048,48.6087,0
2025-06-30 02:00:00,HSM.DSC.PMP01,cooling_descaling_pump,187.4368,201.621,-0.7924,1.0712,401.3158,54.2406,0
2025-06-30 03:00:00,HSM.DSC.PMP01,cooling_descaling_pump,166.1632,206.5855,0.3583,1.0738,398.0599,57.0816,0
2025-06-30 04:00:00,HSM.DSC.PMP01,cooling_descaling_pump,185.2897,203.715,-0.2117,1.1509,394.181,55.6089,0
2025-06-30 05:00:00,HSM.DSC.PMP01,cooling_descaling_pump,182.75,202.6699,-0.5973,0.9904,398.4172,52.6053,0
2025-06-30 06:00:00,HSM.DSC.PMP01,cooling_descaling_pump,144.4223,200.3405,-0.2941,1.3482,393.5376,55.7066,0
2025-06-30 07:00:00,HSM.DSC.PMP01,cooling_descaling_pump,153.1399,197.6449,-0.1982,1.199,405.346,60.9002,0
2025-06-30 08:00:00,HSM.DSC.PMP01,cooling_descaling_pump,191.6569,202.9831,-0.7761,1.1549,401.3889,55.9931,0
2025-06-30 09:00:00,HSM.DSC.PMP01,cooling_descaling_pump,150.2513,201.4894,-0.7234,1.2144,397.4488,53.2685,0
2025-06-30 10:00:00,HSM.DSC.PMP01,cooling_descaling_pump,163.8505,201.3866,-1.435,1.1058,404.5625,50.3663,0
2025-06-30 11:00:00,HSM.DSC.PMP01,cooling_descaling_pump,159.7736,204.9945,-0.9257,1.1661,404.3941,57.6749,0
2025-06-30 12:00:00,HSM.DSC.PMP01,cooling_descaling_pump,190.103,204.8157,0.0926,1.0234,395.547,50.108,0
2025-06-30 13:00:00,HSM.DSC.PMP01,cooling_descaling_pump,244.133,204.4205,1.3901,0.9829,399.9145,56.5532,0
2025-06-30 14:00:00,HSM.DSC.PMP01,cooling_descaling_pump,170.3215,202.7936,0.0533,1.0751,406.4487,56.0676,0
2025-06-30 15:00:00,HSM.DSC.PMP01,cooling_descaling_pump,208.7194,195.5303,-0.0072,1.3616,396.6408,57.9864,0
2025-06-30 16:00:00,HSM.DSC.PMP01,cooling_descaling_pump,192.1102,202.8777,0.384,1.1646,393.9002,54.3023,0
2025-06-30 17:00:00,HSM.DSC.PMP01,cooling_descaling_pump,165.3741,197.0196,0.1885,1.4934,397.6955,61.1101,0
2025-06-30 18:00:00,HSM.DSC.PMP01,cooling_descaling_pump,197.9098,205.7955,0.5224,1.2439,408.5575,64.3434,0
2025-06-30 19:00:00,HSM.DSC.PMP01,cooling_descaling_pump,219.6873,200.01,-0.3012,1.0841,396.1681,48.3529,0
2025-06-30 20:00:00,HSM.DSC.PMP01,cooling_descaling_pump,200.8853,204.7213,-0.5434,1.1149,401.2855,53.5751,0
2025-06-30 21:00:00,HSM.DSC.PMP01,cooling_descaling_pump,171.137,199.9667,-0.1454,1.4256,394.2001,55.7758,0
2025-06-30 22:00:00,HSM.DSC.PMP01,cooling_descaling_pump,192.3761,200.2889,-0.0122,1.3008,392.5483,55.6536,0
2025-06-30 23:00:00,HSM.DSC.PMP01,cooling_descaling_pump,163.6683,198.4783,0.1729,1.4413,397.8305,61.5138,0
2025-07-01 00:00:00,HSM.DSC.PMP01,cooling_descaling_pump,165.4469,194.8618,0.5486,1.3249,403.7887,56.0392,0
2025-07-01 01:00:00,HSM.DSC.PMP01,cooling_descaling_pump,186.9159,202.8801,-1.0586,1.4899,402.035,65.8564,0
2025-07-01 02:00:00,HSM.DSC.PMP01,cooling_descaling_pump,177.9167,204.5141,0.8087,1.3575,397.9109,63.864,0
2025-07-01 03:00:00,HSM.DSC.PMP01,cooling_descaling_pump,199.365,203.9348,0.497,1.0325,399.3198,57.2035,0
2025-07-01 04:00:00,HSM.DSC.PMP01,cooling_descaling_pump,225.0151,200.5359,0.6932,1.2199,402.9284,66.8191,0
2025-07-01 05:00:00,HSM.DSC.PMP01,cooling_descaling_pump,212.9495,201.3808,0.8033,1.3088,400.3135,67.4319,0
2025-07-01 06:00:00,HSM.DSC.PMP01,cooling_descaling_pump,220.4451,199.173,1.2875,1.4076,404.5035,62.6994,0
2025-07-01 07:00:00,HSM.DSC.PMP01,cooling_descaling_pump,213.3865,199.5598,-0.8096,1.2658,403.7948,64.1505,0
2025-07-01 08:00:00,HSM.DSC.PMP01,cooling_descaling_pump,194.1322,202.2803,0.5598,1.2982,404.2935,59.3587,0
2025-07-01 09:00:00,HSM.DSC.PMP01,cooling_descaling_pump,184.0663,201.1659,0.1806,1.2222,400.3769,59.443,0
2025-07-01 10:00:00,HSM.DSC.PMP01,cooling_descaling_pump,182.9247,202.4276,-0.4311,1.2936,401.1921,58.576,0
2025-07-01 11:00:00,HSM.DSC.PMP01,cooling_descaling_pump,200.4065,204.2979,0.0645,1.216,395.376,60.0428,0
2025-07-01 12:00:00,HSM.DSC.PMP01,cooling_descaling_pump,166.0568,201.3361,0.5892,1.1895,403.951,46.3077,0
2025-07-01 13:00:00,HSM.DSC.PMP01,cooling_descaling_pump,152.5707,201.4409,-0.8219,1.1393,403.4034,61.4349,0
2025-07-01 14:00:00,HSM.DSC.PMP01,cooling_descaling_pump,182.6695,198.4888,-0.6364,1.4804,398.7492,58.8356,0
2025-07-01 15:00:00,HSM.DSC.PMP01,cooling_descaling_pump,160.0203,197.6372,0.7234,1.3729,399.9092,52.5053,0
2025-07-01 16:00:00,HSM.DSC.PMP01,cooling_descaling_pump,185.3579,199.7216,-0.3438,1.1299,406.5769,52.5689,0
2025-07-01 17:00:00,HSM.DSC.PMP01,cooling_descaling_pump,191.4155,201.7129,1.0595,1.2751,398.1646,63.3726,0
2025-07-01 18:00:00,HSM.DSC.PMP01,cooling_descaling_pump,204.6451,197.2689,-0.2988,1.0561,403.5223,59.4346,0
2025-07-01 19:00:00,HSM.DSC.PMP01,cooling_descaling_pump,177.0189,197.8939,1.093,1.5155,398.9418,58.629,0
2025-07-01 20:00:00,HSM.DSC.PMP01,cooling_descaling_pump,198.0214,202.622,-0.502,1.108,402.1865,56.7965,0
2025-07-01 21:00:00,HSM.DSC.PMP01,cooling_descaling_pump,220.2358,202.2908,-0.3531,0.9938,405.8179,53.9248,0
2025-07-01 22:00:00,HSM.DSC.PMP01,cooling_descaling_pump,159.4995,200.9806,-0.0536,1.1631,400.4786,50.6073,0
2025-07-01 23:00:00,HSM.DSC.PMP01,cooling_descaling_pump,217.9535,200.609,-0.6209,1.3327,400.9778,67.2944,0
2025-07-02 00:00:00,HSM.DSC.PMP01,cooling_descaling_pump,146.3214,193.3506,-0.1661,1.3723,398.2563,54.7188,0
2025-07-02 01:00:00,HSM.DSC.PMP01,cooling_descaling_pump,171.4545,198.6752,0.6415,1.5361,404.0222,61.8404,0
2025-07-02 02:00:00,HSM.DSC.PMP01,cooling_descaling_pump,144.9232,199.8964,0.1481,1.3726,399.7876,55.6196,0
2025-07-02 03:00:00,HSM.DSC.PMP01,cooling_descaling_pump,191.5194,200.7019,-0.4925,1.3701,400.3462,51.8421,0
2025-07-02 04:00:00,HSM.DSC.PMP01,cooling_descaling_pump,184.0004,194.3632,-1.0349,1.4917,401.4786,61.6744,0
2025-07-02 05:00:00,HSM.DSC.PMP01,cooling_descaling_pump,181.9397,198.9979,-0.0608,1.7802,394.9667,72.5565,0
2025-07-02 06:00:00,HSM.DSC.PMP01,cooling_descaling_pump,189.4687,200.7609,1.364,1.1997,401.5662,53.2062,0
2025-07-02 07:00:00,HSM.DSC.PMP01,cooling_descaling_pump,184.1243,198.049,0.7154,1.1936,402.8988,61.8328,0
2025-07-02 08:00:00,HSM.DSC.PMP01,cooling_descaling_pump,224.4286,197.142,-1.0231,1.307,396.3924,54.466,0
2025-07-02 09:00:00,HSM.DSC.PMP01,cooling_descaling_pump,163.369,198.9406,0.085,1.5475,397.8143,57.5861,0
2025-07-02 10:00:00,HSM.DSC.PMP01,cooling_descaling_pump,185.2267,203.6669,1.6549,1.6219,396.9413,62.2016,0
2025-07-02 11:00:00,HSM.DSC.PMP01,cooling_descaling_pump,183.0364,199.2585,0.5075,1.5562,391.376,55.1451,0
2025-07-02 12:00:00,HSM.DSC.PMP01,cooling_descaling_pump,183.4359,196.9276,0.459,1.6384,403.6539,63.664,0
2025-07-02 13:00:00,HSM.DSC.PMP01,cooling_descaling_pump,187.2072,196.9807,0.5221,1.4398,392.9921,55.3124,0
2025-07-02 14:00:00,HSM.DSC.PMP01,cooling_descaling_pump,159.4854,200.3526,0.3802,1.1777,405.5234,51.7652,0
2025-07-02 15:00:00,HSM.DSC.PMP01,cooling_descaling_pump,197.0747,200.4674,0.0103,1.3702,400.3082,60.6663,0
2025-07-02 16:00:00,HSM.DSC.PMP01,cooling_descaling_pump,168.3454,202.2478,-0.0104,1.1261,404.3645,51.5349,0
2025-07-02 17:00:00,HSM.DSC.PMP01,cooling_descaling_pump,190.4057,204.0261,-0.6605,1.1273,406.7152,49.825,0
2025-07-02 18:00:00,HSM.DSC.PMP01,cooling_descaling_pump,207.5482,200.7456,-0.5042,1.2726,407.9195,59.8171,0
2025-07-02 19:00:00,HSM.DSC.PMP01,cooling_descaling_pump,176.2846,203.2135,-0.9389,1.6178,393.4675,64.4716,0
2025-07-02 20:00:00,HSM.DSC.PMP01,cooling_descaling_pump,171.106,202.3488,0.395,1.5128,397.5293,59.2817,0
2025-07-02 21:00:00,HSM.DSC.PMP01,cooling_descaling_pump,180.1539,202.9461,0.2975,0.9237,405.7323,48.8614,0
2025-07-02 22:00:00,HSM.DSC.PMP01,cooling_descaling_pump,173.3113,196.2866,-0.2701,1.7281,398.8742,60.4539,0
2025-07-02 23:00:00,HSM.DSC.PMP01,cooling_descaling_pump,206.2117,198.8074,-0.0926,1.3043,403.2602,59.9079,0
2025-07-03 00:00:00,HSM.DSC.PMP01,cooling_descaling_pump,236.9266,199.3624,0.0533,1.2523,396.8381,57.9058,0
2025-07-03 01:00:00,HSM.DSC.PMP01,cooling_descaling_pump,187.189,203.7141,-0.5096,1.3662,391.4302,56.8854,0
2025-07-03 02:00:00,HSM.DSC.PMP01,cooling_descaling_pump,171.1013,202.133,0.2332,1.3712,399.8784,57.1757,0
2025-07-03 03:00:00,HSM.DSC.PMP01,cooling_descaling_pump,242.7006,201.8056,-0.8672,1.346,394.099,60.5619,0
2025-07-03 04:00:00,HSM.DSC.PMP01,cooling_descaling_pump,208.3527,203.9172,0.5039,1.2389,398.9979,52.4613,0
2025-07-03 05:00:00,HSM.DSC.PMP01,cooling_descaling_pump,190.0996,194.0415,-1.2289,1.3281,403.7318,54.8546,0
2025-07-03 06:00:00,HSM.DSC.PMP01,cooling_descaling_pump,161.0354,200.406,0.1585,1.2196,399.8111,53.4927,0
2025-07-03 07:00:00,HSM.DSC.PMP01,cooling_descaling_pump,189.5349,198.7557,-0.0063,1.4597,404.75,66.6236,0
2025-07-03 08:00:00,HSM.DSC.PMP01,cooling_descaling_pump,170.6575,200.7685,-0.2502,1.3379,399.1035,66.1116,0
2025-07-03 09:00:00,HSM.DSC.PMP01,cooling_descaling_pump,170.5633,200.299,0.127,1.4368,400.9779,56.0983,0
2025-07-03 10:00:00,HSM.DSC.PMP01,cooling_descaling_pump,190.7613,203.2432,-0.6977,1.3426,396.7725,59.1789,0
2025-07-03 11:00:00,HSM.DSC.PMP01,cooling_descaling_pump,209.2836,198.3114,-0.1113,1.7067,405.3312,64.1999,0
2025-07-03 12:00:00,HSM.DSC.PMP01,cooling_descaling_pump,195.882,202.4958,1.0476,1.4882,404.9062,66.6196,0
2025-07-03 13:00:00,HSM.DSC.PMP01,cooling_descaling_pump,146.0965,206.1754,0.0689,1.5184,402.5716,58.938,0
2025-07-03 14:00:00,HSM.DSC.PMP01,cooling_descaling_pump,186.0011,199.0257,0.1298,1.6951,401.6548,66.1739,0
2025-07-03 15:00:00,HSM.DSC.PMP01,cooling_descaling_pump,200.1686,198.2814,0.3265,1.5724,396.0543,59.6321,0
2025-07-03 16:00:00,HSM.DSC.PMP01,cooling_descaling_pump,189.1177,202.7278,-0.5482,1.4874,399.3986,55.9849,0
2025-07-03 17:00:00,HSM.DSC.PMP01,cooling_descaling_pump,170.4573,198.9685,-0.0925,1.5736,406.0042,54.0148,0
2025-07-03 18:00:00,HSM.DSC.PMP01,cooling_descaling_pump,196.2434,202.0918,-1.3298,1.7518,394.9917,63.3349,0
2025-07-03 19:00:00,HSM.DSC.PMP01,cooling_descaling_pump,161.0123,206.8838,-1.6019,1.4932,397.7842,60.0312,0
2025-07-03 20:00:00,HSM.DSC.PMP01,cooling_descaling_pump,191.926,199.3323,-0.4561,1.1813,402.9841,50.4718,0
2025-07-03 21:00:00,HSM.DSC.PMP01,cooling_descaling_pump,159.6278,197.7217,0.1189,1.7415,404.5388,64.2229,0
2025-07-03 22:00:00,HSM.DSC.PMP01,cooling_descaling_pump,207.3274,202.0869,0.2523,1.3597,398.5294,56.2173,0
2025-07-03 23:00:00,HSM.DSC.PMP01,cooling_descaling_pump,184.1293,198.0374,1.0621,1.7518,399.0775,66.2797,0
2025-07-04 00:00:00,HSM.DSC.PMP01,cooling_descaling_pump,175.4842,197.2986,-0.3328,1.4633,403.7475,56.7271,0
2025-07-04 01:00:00,HSM.DSC.PMP01,cooling_descaling_pump,180.9538,198.8064,1.0548,1.723,399.3226,61.5241,0
2025-07-04 02:00:00,HSM.DSC.PMP01,cooling_descaling_pump,173.0892,201.1797,-0.1759,1.5257,397.7231,59.5955,0
2025-07-04 03:00:00,HSM.DSC.PMP01,cooling_descaling_pump,186.9156,204.1236,0.2217,1.4448,401.9098,61.3509,0
2025-07-04 04:00:00,HSM.DSC.PMP01,cooling_descaling_pump,192.0525,201.7835,-0.9908,1.2793,402.8345,58.6871,0
2025-07-04 05:00:00,HSM.DSC.PMP01,cooling_descaling_pump,200.7658,199.6752,-0.1188,1.4504,399.6902,62.8982,0
2025-07-04 06:00:00,HSM.DSC.PMP01,cooling_descaling_pump,158.6305,200.5782,0.5014,1.688,399.9674,64.0979,0
2025-07-04 07:00:00,HSM.DSC.PMP01,cooling_descaling_pump,169.2037,198.7398,0.008,1.6131,401.1578,61.1353,0
2025-07-04 08:00:00,HSM.DSC.PMP01,cooling_descaling_pump,191.5535,206.4187,-0.4869,1.4569,399.2904,58.0565,0
2025-07-04 09:00:00,HSM.DSC.PMP01,cooling_descaling_pump,152.0559,202.1553,1.2559,1.9277,397.4371,72.8596,0
2025-07-04 10:00:00,HSM.DSC.PMP01,cooling_descaling_pump,169.9801,200.5217,-1.0241,1.389,391.5258,50.8223,0
2025-07-04 11:00:00,HSM.DSC.PMP01,cooling_descaling_pump,175.1449,196.156,0.7956,1.703,396.5517,55.839,0
2025-07-04 12:00:00,HSM.DSC.PMP01,cooling_descaling_pump,190.0479,202.0827,-0.736,1.7079,396.7629,60.64,0
2025-07-04 13:00:00,HSM.DSC.PMP01,cooling_descaling_pump,186.7999,194.9193,-0.6441,1.8532,396.3756,65.861,0
2025-07-04 14:00:00,HSM.DSC.PMP01,cooling_descaling_pump,185.0123,193.6283,0.2084,1.6462,401.3904,63.3644,0
2025-07-04 15:00:00,HSM.DSC.PMP01,cooling_descaling_pump,208.1998,198.1479,-1.284,1.4836,402.5839,58.705,0
2025-07-04 16:00:00,HSM.DSC.PMP01,cooling_descaling_pump,153.7447,196.54,1.1895,1.5886,397.4335,57.2252,0
2025-07-04 17:00:00,HSM.DSC.PMP01,cooling_descaling_pump,182.1453,198.9532,-0.0479,1.3281,397.0205,54.6333,0
2025-07-04 18:00:00,HSM.DSC.PMP01,cooling_descaling_pump,194.5009,197.902,0.2299,1.6036,399.1576,51.1716,0
2025-07-04 19:00:00,HSM.DSC.PMP01,cooling_descaling_pump,181.0828,200.1376,-0.239,1.3808,406.1149,62.5584,0
2025-07-04 20:00:00,HSM.DSC.PMP01,cooling_descaling_pump,177.5269,201.3452,0.7148,1.3786,397.6936,48.7341,0
2025-07-04 21:00:00,HSM.DSC.PMP01,cooling_descaling_pump,203.4547,206.618,-1.3478,1.6459,403.6061,62.6638,0
2025-07-04 22:00:00,HSM.DSC.PMP01,cooling_descaling_pump,189.4814,198.715,0.1333,1.5988,397.0888,50.4018,0
2025-07-04 23:00:00,HSM.DSC.PMP01,cooling_descaling_pump,186.6756,198.8645,-0.8328,1.7065,396.8025,66.5131,0
2025-07-05 00:00:00,HSM.DSC.PMP01,cooling_descaling_pump,176.9968,200.6322,0.1365,1.5907,404.1343,58.3426,0
2025-07-05 01:00:00,HSM.DSC.PMP01,cooling_descaling_pump,170.7822,198.8724,0.0503,1.5246,400.38,63.7919,0
2025-07-05 02:00:00,HSM.DSC.PMP01,cooling_descaling_pump,201.6381,192.2343,-0.2461,1.6765,398.3214,56.8026,0
2025-07-05 03:00:00,HSM.DSC.PMP01,cooling_descaling_pump,170.4254,208.9815,0.5328,2.0559,393.0392,66.7401,0
2025-07-05 04:00:00,HSM.DSC.PMP01,cooling_descaling_pump,197.0053,209.8605,-0.0496,1.4593,401.3565,53.6495,0
2025-07-05 05:00:00,HSM.DSC.PMP01,cooling_descaling_pump,215.3692,202.8406,-0.478,1.6132,402.2432,66.0436,0
2025-07-05 06:00:00,HSM.DSC.PMP01,cooling_descaling_pump,189.9258,204.0508,0.6936,1.6154,397.2079,59.8858,0
2025-07-05 07:00:00,HSM.DSC.PMP01,cooling_descaling_pump,157.1905,199.0207,0.0299,1.5887,401.3752,62.1361,0
2025-07-05 08:00:00,HSM.DSC.PMP01,cooling_descaling_pump,189.0505,203.3884,-0.4924,1.5884,405.9181,62.4155,0
2025-07-05 09:00:00,HSM.DSC.PMP01,cooling_descaling_pump,143.2306,196.1268,0.7515,1.767,405.1373,58.9053,0
2025-07-05 10:00:00,HSM.DSC.PMP01,cooling_descaling_pump,176.388,198.146,-0.5922,2.0416,397.4908,71.9871,0
2025-07-05 11:00:00,HSM.DSC.PMP01,cooling_descaling_pump,171.1834,200.7561,0.37,2.0246,407.4399,69.2111,0
2025-07-05 12:00:00,HSM.DSC.PMP01,cooling_descaling_pump,198.4087,198.1678,-0.4593,1.5191,400.2958,62.6928,0
2025-07-05 13:00:00,HSM.DSC.PMP01,cooling_descaling_pump,148.6661,199.314,-0.5298,1.8309,399.2204,63.7596,0
2025-07-05 14:00:00,HSM.DSC.PMP01,cooling_descaling_pump,178.5705,201.3872,-0.2981,1.802,394.896,66.0481,0
2025-07-05 15:00:00,HSM.DSC.PMP01,cooling_descaling_pump,218.8496,200.59,-0.3231,1.3646,406.0485,46.7021,0
2025-07-05 16:00:00,HSM.DSC.PMP01,cooling_descaling_pump,209.487,198.3144,-0.3339,1.7773,393.5288,61.1667,0
2025-07-05 17:00:00,HSM.DSC.PMP01,cooling_descaling_pump,215.0146,200.102,-0.2832,1.5855,401.1085,60.7777,0
2025-07-05 18:00:00,HSM.DSC.PMP01,cooling_descaling_pump,189.0148,198.2983,-0.5778,1.8215,398.8319,69.1198,0
2025-07-05 19:00:00,HSM.DSC.PMP01,cooling_descaling_pump,176.1599,201.7294,0.634,1.7109,399.5036,58.5012,0
2025-07-05 20:00:00,HSM.DSC.PMP01,cooling_descaling_pump,203.0623,192.1526,-0.6808,1.8061,397.2046,57.7207,0
2025-07-05 21:00:00,HSM.DSC.PMP01,cooling_descaling_pump,152.9254,196.554,-0.044,1.6802,401.0969,51.3177,0
2025-07-05 22:00:00,HSM.DSC.PMP01,cooling_descaling_pump,197.3173,199.9833,-0.1897,1.7033,402.9067,61.882,0
2025-07-05 23:00:00,HSM.DSC.PMP01,cooling_descaling_pump,177.6234,196.741,1.8011,1.849,403.4843,61.8212,0
2025-07-06 00:00:00,HSM.DSC.PMP01,cooling_descaling_pump,184.816,199.7538,0.4209,1.7746,397.3547,60.957,0
2025-07-06 01:00:00,HSM.DSC.PMP01,cooling_descaling_pump,197.3147,199.8865,-0.674,1.8861,402.8674,63.1593,0
2025-07-06 02:00:00,HSM.DSC.PMP01,cooling_descaling_pump,168.9704,205.0769,-0.5178,1.7441,401.6744,67.1311,0
2025-07-06 03:00:00,HSM.DSC.PMP01,cooling_descaling_pump,191.7132,197.1911,0.4092,2.0105,408.3795,66.1818,0
2025-07-06 04:00:00,HSM.DSC.PMP01,cooling_descaling_pump,166.6411,205.0639,0.6924,1.6964,395.6996,66.7479,0
2025-07-06 05:00:00,HSM.DSC.PMP01,cooling_descaling_pump,161.8545,201.8442,-1.0296,2.1704,387.3063,69.2979,0
2025-07-06 06:00:00,HSM.DSC.PMP01,cooling_descaling_pump,186.0087,197.4043,-0.4318,1.9689,406.9871,64.6783,0
2025-07-06 07:00:00,HSM.DSC.PMP01,cooling_descaling_pump,172.1796,200.9968,-1.653,1.6786,406.0405,56.8078,0
2025-07-06 08:00:00,HSM.DSC.PMP01,cooling_descaling_pump,157.0383,196.4726,-0.2668,1.9301,407.1242,70.1465,0
2025-07-06 09:00:00,HSM.DSC.PMP01,cooling_descaling_pump,184.2155,196.8315,1.0123,2.1225,397.2853,64.6257,0
2025-07-06 10:00:00,HSM.DSC.PMP01,cooling_descaling_pump,224.1674,198.4382,1.4199,2.3293,395.2593,68.9065,0
2025-07-06 11:00:00,HSM.DSC.PMP01,cooling_descaling_pump,198.8203,199.157,0.5579,1.5229,399.7517,50.4879,0
2025-07-06 12:00:00,HSM.DSC.PMP01,cooling_descaling_pump,189.5764,201.9368,1.0851,1.6845,397.7751,58.2657,0
2025-07-06 13:00:00,HSM.DSC.PMP01,cooling_descaling_pump,167.0023,197.4559,0.424,1.9208,394.3519,63.3842,0
2025-07-06 14:00:00,HSM.DSC.PMP01,cooling_descaling_pump,197.9253,200.069,0.6413,2.0355,396.7289,59.6903,0
2025-07-06 15:00:00,HSM.DSC.PMP01,cooling_descaling_pump,204.1532,201.0048,-0.9935,1.6111,395.6538,56.1811,0
2025-07-06 16:00:00,HSM.DSC.PMP01,cooling_descaling_pump,200.6876,196.5734,0.0672,1.7582,405.3639,54.4829,0
2025-07-06 17:00:00,HSM.DSC.PMP01,cooling_descaling_pump,180.5281,197.2588,-0.1662,1.9352,406.9699,63.1243,0
2025-07-06 18:00:00,HSM.DSC.PMP01,cooling_descaling_pump,197.8132,199.2617,0.257,2.0195,390.2927,61.4361,0
2025-07-06 19:00:00,HSM.DSC.PMP01,cooling_descaling_pump,195.5214,200.3762,-1.5539,1.8474,400.1858,65.7027,0
2025-07-06 20:00:00,HSM.DSC.PMP01,cooling_descaling_pump,202.3998,197.0749,1.369,2.0356,400.8558,65.4404,0
2025-07-06 21:00:00,HSM.DSC.PMP01,cooling_descaling_pump,184.9127,203.2063,-0.2913,1.9626,407.9226,56.4915,0
2025-07-06 22:00:00,HSM.DSC.PMP01,cooling_descaling_pump,186.2832,199.3635,0.134,2.1289,397.786,60.6161,0
2025-07-06 23:00:00,HSM.DSC.PMP01,cooling_descaling_pump,205.5438,204.1301,-0.7019,1.5301,404.3394,53.0934,0
2025-07-07 00:00:00,HSM.DSC.PMP01,cooling_descaling_pump,186.8097,203.9088,-0.6546,1.7517,404.4112,58.825,0
2025-07-07 01:00:00,HSM.DSC.PMP01,cooling_descaling_pump,145.0075,194.8322,-0.7562,1.9059,398.0681,56.9076,0
2025-07-07 02:00:00,HSM.DSC.PMP01,cooling_descaling_pump,176.3823,199.8106,0.5072,1.914,399.4595,62.253,0
2025-07-07 03:00:00,HSM.DSC.PMP01,cooling_descaling_pump,192.6682,199.5705,0.5429,1.9005,402.5165,66.6135,0
2025-07-07 04:00:00,HSM.DSC.PMP01,cooling_descaling_pump,197.6939,204.0281,-0.8899,1.7573,398.5483,56.5196,0
2025-07-07 05:00:00,HSM.DSC.PMP01,cooling_descaling_pump,208.0744,202.3395,0.054,2.0122,396.3313,62.1915,0
2025-07-07 06:00:00,HSM.DSC.PMP01,cooling_descaling_pump,167.2213,202.2181,0.0509,2.0812,393.6696,63.6718,0
2025-07-07 07:00:00,HSM.DSC.PMP01,cooling_descaling_pump,220.082,200.982,0.1263,1.7054,395.9783,57.774,0
2025-07-07 08:00:00,HSM.DSC.PMP01,cooling_descaling_pump,177.8785,204.5037,-0.1173,2.1187,398.7855,66.6016,0
2025-07-07 09:00:00,HSM.DSC.PMP01,cooling_descaling_pump,178.1398,194.1906,-0.1557,1.9376,399.6716,52.2594,0
2025-07-07 10:00:00,HSM.DSC.PMP01,cooling_descaling_pump,202.2005,200.2859,0.4781,1.9982,410.7753,69.049,0
2025-07-07 11:00:00,HSM.DSC.PMP01,cooling_descaling_pump,198.6028,204.6352,-0.0408,1.9268,405.7216,67.1734,0
2025-07-07 12:00:00,HSM.DSC.PMP01,cooling_descaling_pump,219.4207,198.5822,0.1643,1.8932,403.9743,59.4749,0
2025-07-07 13:00:00,HSM.DSC.PMP01,cooling_descaling_pump,222.4168,199.9742,0.618,1.961,399.9273,63.2198,0
2025-07-07 14:00:00,HSM.DSC.PMP01,cooling_descaling_pump,202.2275,198.3856,-1.0616,1.7283,398.224,57.4839,0
2025-07-07 15:00:00,HSM.DSC.PMP01,cooling_descaling_pump,137.1331,196.7007,-0.1981,2.0507,396.217,58.509,0
2025-07-07 16:00:00,HSM.DSC.PMP01,cooling_descaling_pump,178.2242,196.7692,0.2506,2.233,399.2406,65.8448,0
2025-07-07 17:00:00,HSM.DSC.PMP01,cooling_descaling_pump,171.3587,197.8513,0.6788,2.0711,402.5849,62.9592,0
2025-07-07 18:00:00,HSM.DSC.PMP01,cooling_descaling_pump,231.8184,197.3003,0.7827,2.2055,395.7301,67.8382,0
2025-07-07 19:00:00,HSM.DSC.PMP01,cooling_descaling_pump,171.9556,199.4006,0.7994,2.0401,400.2381,46.7936,0
2025-07-07 20:00:00,HSM.DSC.PMP01,cooling_descaling_pump,153.7191,199.5846,0.2431,2.1927,398.2494,58.1308,0
2025-07-07 21:00:00,HSM.DSC.PMP01,cooling_descaling_pump,211.4326,199.3593,0.9697,1.9375,400.8829,59.2919,0
2025-07-07 22:00:00,HSM.DSC.PMP01,cooling_descaling_pump,177.2857,201.7468,0.0879,1.7345,400.2086,57.339,0
2025-07-07 23:00:00,HSM.DSC.PMP01,cooling_descaling_pump,157.7326,200.9084,-1.2935,1.8593,400.8329,63.5764,0
2025-07-08 00:00:00,HSM.DSC.PMP01,cooling_descaling_pump,221.0245,203.532,-0.245,2.0553,394.4254,61.0271,0
2025-07-08 01:00:00,HSM.DSC.PMP01,cooling_descaling_pump,173.2641,195.1971,0.0716,2.1448,402.1807,65.3584,0
2025-07-08 02:00:00,HSM.DSC.PMP01,cooling_descaling_pump,201.5182,205.099,-1.0714,1.9128,405.2113,59.6017,0
2025-07-08 03:00:00,HSM.DSC.PMP01,cooling_descaling_pump,175.2959,198.1055,-0.7925,2.2531,402.9694,61.8082,0
2025-07-08 04:00:00,HSM.DSC.PMP01,cooling_descaling_pump,153.1055,205.7652,0.3743,1.7449,402.5041,53.3257,0
2025-07-08 05:00:00,HSM.DSC.PMP01,cooling_descaling_pump,175.2641,199.8886,0.0589,2.121,397.9314,66.8862,0
2025-07-08 06:00:00,HSM.DSC.PMP01,cooling_descaling_pump,186.1846,197.4366,0.1305,2.0155,399.8422,65.2609,0
2025-07-08 07:00:00,HSM.DSC.PMP01,cooling_descaling_pump,185.263,200.312,-0.6242,2.0457,397.9345,58.9874,0
2025-07-08 08:00:00,HSM.DSC.PMP01,cooling_descaling_pump,177.5244,195.9792,0.3074,2.5063,400.9398,67.3619,0
2025-07-08 09:00:00,HSM.DSC.PMP01,cooling_descaling_pump,198.7792,194.8706,0.0007,2.0729,397.3078,61.5898,0
2025-07-08 10:00:00,HSM.DSC.PMP01,cooling_descaling_pump,198.3838,196.5155,0.3595,2.3223,400.5003,67.7348,0
2025-07-08 11:00:00,HSM.DSC.PMP01,cooling_descaling_pump,178.6494,202.4088,-0.4701,1.911,408.1226,61.8175,0
2025-07-08 12:00:00,HSM.DSC.PMP01,cooling_descaling_pump,186.6068,205.1455,1.0469,2.1022,404.3883,65.5106,0
2025-07-08 13:00:00,HSM.DSC.PMP01,cooling_descaling_pump,184.0858,195.0028,-0.0434,2.2391,402.216,55.0646,0
2025-07-08 14:00:00,HSM.DSC.PMP01,cooling_descaling_pump,171.4918,207.4186,-0.0699,2.1738,406.131,60.2912,0
2025-07-08 15:00:00,HSM.DSC.PMP01,cooling_descaling_pump,182.8911,199.8677,0.8222,2.1274,396.6716,58.8753,0
2025-07-08 16:00:00,HSM.DSC.PMP01,cooling_descaling_pump,191.5504,197.2297,-0.2961,2.3981,397.0671,72.5845,0
2025-07-08 17:00:00,HSM.DSC.PMP01,cooling_descaling_pump,178.1744,211.4794,-0.9391,2.2124,400.8734,64.0214,0
2025-07-08 18:00:00,HSM.DSC.PMP01,cooling_descaling_pump,185.2769,199.3635,0.711,1.9839,406.8489,54.1967,0
2025-07-08 19:00:00,HSM.DSC.PMP01,cooling_descaling_pump,200.1899,200.4912,0.6206,2.2278,404.7552,60.5865,0
2025-07-08 20:00:00,HSM.DSC.PMP01,cooling_descaling_pump,191.6577,198.6929,-0.3453,2.389,396.2358,60.6826,0
2025-07-08 21:00:00,HSM.DSC.PMP01,cooling_descaling_pump,157.4725,196.624,-0.5904,2.503,397.55,61.7876,0
2025-07-08 22:00:00,HSM.DSC.PMP01,cooling_descaling_pump,161.795,200.8232,0.3209,2.1669,407.1116,60.9468,0
2025-07-08 23:00:00,HSM.DSC.PMP01,cooling_descaling_pump,189.3664,198.6828,-0.4972,2.0812,395.7465,57.6952,0
2025-07-09 00:00:00,HSM.DSC.PMP01,cooling_descaling_pump,177.2196,201.1493,-1.0905,2.1794,401.5398,59.9553,0
2025-07-09 01:00:00,HSM.DSC.PMP01,cooling_descaling_pump,169.2609,198.3598,-0.2843,2.1243,396.9091,60.9369,0
2025-07-09 02:00:00,HSM.DSC.PMP01,cooling_descaling_pump,172.3904,201.8942,0.1452,2.5033,396.9864,73.4204,0
2025-07-09 03:00:00,HSM.DSC.PMP01,cooling_descaling_pump,193.4004,200.7594,0.5992,2.195,397.1595,67.2532,0
2025-07-09 04:00:00,HSM.DSC.PMP01,cooling_descaling_pump,157.3258,199.3214,-0.1227,2.1413,405.6021,69.7055,0
2025-07-09 05:00:00,HSM.DSC.PMP01,cooling_descaling_pump,167.524,200.3293,-0.299,2.2743,399.9021,68.2426,0
2025-07-09 06:00:00,HSM.DSC.PMP01,cooling_descaling_pump,199.5922,205.2008,-0.0341,1.9945,406.4623,59.6624,0
2025-07-09 07:00:00,HSM.DSC.PMP01,cooling_descaling_pump,220.8198,198.3759,-0.3443,2.2261,401.886,63.275,0
2025-07-09 08:00:00,HSM.DSC.PMP01,cooling_descaling_pump,177.082,200.3298,0.5236,2.2822,398.5528,68.0635,0
2025-07-09 09:00:00,HSM.DSC.PMP01,cooling_descaling_pump,176.8273,199.9744,-0.9358,2.7264,399.0831,74.3231,0
2025-07-09 10:00:00,HSM.DSC.PMP01,cooling_descaling_pump,162.4067,203.5172,-0.9355,2.2968,399.7557,65.0551,0
2025-07-09 11:00:00,HSM.DSC.PMP01,cooling_descaling_pump,195.1065,206.2264,-0.2524,2.027,400.726,64.8019,0
2025-07-09 12:00:00,HSM.DSC.PMP01,cooling_descaling_pump,189.1584,205.2774,0.0392,2.4333,390.3295,60.0742,0
2025-07-09 13:00:00,HSM.DSC.PMP01,cooling_descaling_pump,201.5659,197.5259,-1.1689,2.2513,396.1978,56.5633,0
2025-07-09 14:00:00,HSM.DSC.PMP01,cooling_descaling_pump,197.7324,202.832,-0.7553,2.3036,398.652,61.7946,0
2025-07-09 15:00:00,HSM.DSC.PMP01,cooling_descaling_pump,178.2575,194.5558,-0.8145,2.5996,398.1208,68.5967,0
2025-07-09 16:00:00,HSM.DSC.PMP01,cooling_descaling_pump,212.6401,191.3565,1.9235,2.3804,399.6593,62.6971,0
2025-07-09 17:00:00,HSM.DSC.PMP01,cooling_descaling_pump,185.9478,198.8985,-0.1744,2.3365,398.4571,71.0103,0
2025-07-09 18:00:00,HSM.DSC.PMP01,cooling_descaling_pump,183.6828,205.6014,0.835,2.342,397.7354,65.1662,0
2025-07-09 19:00:00,HSM.DSC.PMP01,cooling_descaling_pump,149.2791,196.8922,-0.3214,2.2154,401.9887,51.1831,0
2025-07-09 20:00:00,HSM.DSC.PMP01,cooling_descaling_pump,179.7765,197.3453,0.1133,2.3726,396.4875,68.0852,0
2025-07-09 21:00:00,HSM.DSC.PMP01,cooling_descaling_pump,196.5116,201.8817,-0.3178,2.4545,398.2036,65.4682,0
2025-07-09 22:00:00,HSM.DSC.PMP01,cooling_descaling_pump,209.7882,200.5403,0.6162,2.5161,398.5302,59.9689,0
2025-07-09 23:00:00,HSM.DSC.PMP01,cooling_descaling_pump,179.7794,200.3189,0.9685,2.2246,401.9963,61.8817,0
2025-07-10 00:00:00,HSM.DSC.PMP01,cooling_descaling_pump,206.2077,202.3447,-0.1514,2.4887,394.9934,67.6505,0
2025-07-10 01:00:00,HSM.DSC.PMP01,cooling_descaling_pump,144.5413,207.3901,-0.0396,2.6151,405.27,69.2415,0
2025-07-10 02:00:00,HSM.DSC.PMP01,cooling_descaling_pump,201.241,210.1106,0.2167,2.3096,407.641,70.6895,0
2025-07-10 03:00:00,HSM.DSC.PMP01,cooling_descaling_pump,193.1255,202.9388,1.1452,2.3043,397.5321,61.6132,0
2025-07-10 04:00:00,HSM.DSC.PMP01,cooling_descaling_pump,202.6636,199.4933,0.6969,2.404,399.2628,66.9141,0
2025-07-10 05:00:00,HSM.DSC.PMP01,cooling_descaling_pump,199.3769,197.3694,-0.6114,2.3877,405.5713,69.7261,0
2025-07-10 06:00:00,HSM.DSC.PMP01,cooling_descaling_pump,206.1981,201.551,-0.0699,2.277,397.0682,67.4804,0
2025-07-10 07:00:00,HSM.DSC.PMP01,cooling_descaling_pump,176.9495,198.1326,-0.2223,2.5062,398.6704,59.9022,0
2025-07-10 08:00:00,HSM.DSC.PMP01,cooling_descaling_pump,180.3316,200.8295,0.4112,2.4268,401.0401,71.2846,0
2025-07-10 09:00:00,HSM.DSC.PMP01,cooling_descaling_pump,164.3944,201.8363,0.2538,2.4843,399.914,68.959,0
2025-07-10 10:00:00,HSM.DSC.PMP01,cooling_descaling_pump,197.4748,201.6668,-0.3536,2.4912,396.1972,65.2262,0
2025-07-10 11:00:00,HSM.DSC.PMP01,cooling_descaling_pump,174.5362,198.2423,0.9778,2.5845,399.325,63.2202,0
2025-07-10 12:00:00,HSM.DSC.PMP01,cooling_descaling_pump,145.9391,200.6776,0.57,2.7114,394.9094,69.0385,0
2025-07-10 13:00:00,HSM.DSC.PMP01,cooling_descaling_pump,200.1305,195.34,0.4083,2.4487,405.2658,66.4979,0
2025-07-10 14:00:00,HSM.DSC.PMP01,cooling_descaling_pump,215.7533,199.0841,-0.0404,2.1689,401.9688,57.7806,0
2025-07-10 15:00:00,HSM.DSC.PMP01,cooling_descaling_pump,167.9162,198.3088,0.6841,2.7129,391.1921,64.4743,0
2025-07-10 16:00:00,HSM.DSC.PMP01,cooling_descaling_pump,184.0596,201.0242,-0.0609,2.5348,397.4765,63.7405,0
2025-07-10 17:00:00,HSM.DSC.PMP01,cooling_descaling_pump,230.7701,197.0923,-1.3096,2.2965,403.7844,56.8915,0
2025-07-10 18:00:00,HSM.DSC.PMP01,cooling_descaling_pump,185.9666,197.9474,1.0131,2.709,401.0368,72.8746,0
2025-07-10 19:00:00,HSM.DSC.PMP01,cooling_descaling_pump,179.1364,200.7106,-0.3576,2.4361,403.1136,60.7146,0
2025-07-10 20:00:00,HSM.DSC.PMP01,cooling_descaling_pump,162.8985,195.5679,1.1703,2.4669,406.8835,61.1075,0
2025-07-10 21:00:00,HSM.DSC.PMP01,cooling_descaling_pump,186.3158,201.5392,-0.7919,2.7245,396.538,78.4238,0
2025-07-10 22:00:00,HSM.DSC.PMP01,cooling_descaling_pump,199.2752,196.3686,0.7823,2.6893,398.7093,65.6842,0
2025-07-10 23:00:00,HSM.DSC.PMP01,cooling_descaling_pump,217.9979,196.1855,1.2423,2.5595,397.8521,63.3274,0
2025-07-11 00:00:00,HSM.DSC.PMP01,cooling_descaling_pump,181.129,198.3215,0.806,2.4479,403.3567,61.7931,0
2025-07-11 01:00:00,HSM.DSC.PMP01,cooling_descaling_pump,195.5511,203.0782,-0.3701,2.5132,393.1606,70.6725,0
2025-07-11 02:00:00,HSM.DSC.PMP01,cooling_descaling_pump,209.2735,203.2292,-0.4239,2.3995,402.6555,66.4412,0
2025-07-11 03:00:00,HSM.DSC.PMP01,cooling_descaling_pump,172.8965,200.2578,-0.2958,2.734,396.2798,67.2082,0
2025-07-11 04:00:00,HSM.DSC.PMP01,cooling_descaling_pump,177.277,196.9119,-0.1911,2.5635,398.745,66.4244,0
2025-07-11 05:00:00,HSM.DSC.PMP01,cooling_descaling_pump,192.828,202.3702,-0.0148,2.2485,402.259,60.5959,0
2025-07-11 06:00:00,HSM.DSC.PMP01,cooling_descaling_pump,187.0465,202.8613,0.0641,2.4913,403.9864,62.1318,0
2025-07-11 07:00:00,HSM.DSC.PMP01,cooling_descaling_pump,208.0303,205.4214,-1.2352,2.5492,396.724,72.8248,0
2025-07-11 08:00:00,HSM.DSC.PMP01,cooling_descaling_pump,190.7961,194.9839,0.6268,2.6045,404.2334,67.4626,0
2025-07-11 09:00:00,HSM.DSC.PMP01,cooling_descaling_pump,183.981,202.2481,-0.1755,2.7898,402.9079,73.7096,0
2025-07-11 10:00:00,HSM.DSC.PMP01,cooling_descaling_pump,179.7437,202.5648,1.2194,2.6182,400.2894,64.0517,0
2025-07-11 11:00:00,HSM.DSC.PMP01,cooling_descaling_pump,215.3225,201.9433,-1.0399,2.3748,397.5173,65.1661,0
2025-07-11 12:00:00,HSM.DSC.PMP01,cooling_descaling_pump,198.9801,199.5578,0.1023,2.9239,400.4278,78.3815,0
2025-07-11 13:00:00,HSM.DSC.PMP01,cooling_descaling_pump,201.6447,199.6214,0.1911,2.5037,404.4369,61.6146,0
2025-07-11 14:00:00,HSM.DSC.PMP01,cooling_descaling_pump,182.2338,201.5493,-0.0186,2.7116,401.6974,60.1101,0
2025-07-11 15:00:00,HSM.DSC.PMP01,cooling_descaling_pump,170.9551,203.6667,-0.0098,2.4851,409.5869,63.2157,0
2025-07-11 16:00:00,HSM.DSC.PMP01,cooling_descaling_pump,214.5877,198.6964,-1.7113,2.5662,394.9038,66.9075,0
2025-07-11 17:00:00,HSM.DSC.PMP01,cooling_descaling_pump,187.943,196.1117,-0.7247,2.746,396.2016,68.4385,0
2025-07-11 18:00:00,HSM.DSC.PMP01,cooling_descaling_pump,202.0097,202.8451,-0.3441,2.5653,399.1475,64.3179,0
2025-07-11 19:00:00,HSM.DSC.PMP01,cooling_descaling_pump,217.1261,201.7279,-0.6191,2.3969,399.6696,58.9727,0
2025-07-11 20:00:00,HSM.DSC.PMP01,cooling_descaling_pump,193.5774,200.7881,0.8276,2.6601,398.2982,60.1609,0
2025-07-11 21:00:00,HSM.DSC.PMP01,cooling_descaling_pump,178.0685,200.4146,-0.0171,2.7541,399.6403,69.4335,0
2025-07-11 22:00:00,HSM.DSC.PMP01,cooling_descaling_pump,204.7248,200.0625,0.5505,2.5828,402.6367,68.2721,0
2025-07-11 23:00:00,HSM.DSC.PMP01,cooling_descaling_pump,181.108,200.15,-0.7175,2.9142,397.9111,76.1783,0
2025-07-12 00:00:00,HSM.DSC.PMP01,cooling_descaling_pump,183.1148,197.0765,-0.3075,2.5396,399.3278,55.7829,0
2025-07-12 01:00:00,HSM.DSC.PMP01,cooling_descaling_pump,141.1203,204.5695,-0.3235,2.8779,403.3236,72.5049,0
2025-07-12 02:00:00,HSM.DSC.PMP01,cooling_descaling_pump,169.9971,201.2201,-0.6121,2.8999,403.3745,71.7428,0
2025-07-12 03:00:00,HSM.DSC.PMP01,cooling_descaling_pump,176.487,197.2938,-0.3488,2.9385,402.0082,72.7893,0
2025-07-12 04:00:00,HSM.DSC.PMP01,cooling_descaling_pump,190.0288,196.7089,1.1774,2.8828,409.762,73.5145,0
2025-07-12 05:00:00,HSM.DSC.PMP01,cooling_descaling_pump,167.4181,200.2749,1.5005,2.7628,400.1413,59.8867,0
2025-07-12 06:00:00,HSM.DSC.PMP01,cooling_descaling_pump,171.882,196.5907,-0.6437,3.136,400.5317,74.1688,0
2025-07-12 07:00:00,HSM.DSC.PMP01,cooling_descaling_pump,165.6301,198.6096,0.1956,2.7598,400.0082,76.2131,0
2025-07-12 08:00:00,HSM.DSC.PMP01,cooling_descaling_pump,168.4908,206.533,0.3191,3.0962,400.7507,78.0798,0
2025-07-12 09:00:00,HSM.DSC.PMP01,cooling_descaling_pump,190.5605,201.574,0.5384,2.9008,398.7567,63.5272,0
2025-07-12 10:00:00,HSM.DSC.PMP01,cooling_descaling_pump,217.725,202.05,-0.0501,2.8056,403.9705,69.3203,0
2025-07-12 11:00:00,HSM.DSC.PMP01,cooling_descaling_pump,168.559,200.1631,-0.0575,2.6927,405.2967,70.0632,0
2025-07-12 12:00:00,HSM.DSC.PMP01,cooling_descaling_pump,197.6905,197.3995,0.5934,2.7699,408.3241,59.6292,0
2025-07-12 13:00:00,HSM.DSC.PMP01,cooling_descaling_pump,219.4402,197.5129,0.2228,2.7153,395.7531,60.8089,0
2025-07-12 14:00:00,HSM.DSC.PMP01,cooling_descaling_pump,175.2048,200.4017,0.2562,2.5735,406.6675,62.5753,0
2025-07-12 15:00:00,HSM.DSC.PMP01,cooling_descaling_pump,192.9177,199.7698,-0.8967,2.9687,400.8922,76.2363,0
2025-07-12 16:00:00,HSM.DSC.PMP01,cooling_descaling_pump,174.6416,194.3285,0.41,2.6361,401.0824,61.9181,0
2025-07-12 17:00:00,HSM.DSC.PMP01,cooling_descaling_pump,171.2014,204.4952,0.381,2.8898,393.0378,69.0569,0
2025-07-12 18:00:00,HSM.DSC.PMP01,cooling_descaling_pump,158.2565,198.4975,-0.0346,2.9029,396.1381,61.9096,0
2025-07-12 19:00:00,HSM.DSC.PMP01,cooling_descaling_pump,197.0313,199.6573,0.3979,3.0813,395.0154,68.0766,0
2025-07-12 20:00:00,HSM.DSC.PMP01,cooling_descaling_pump,164.1108,203.4838,0.7755,2.8713,403.4524,73.9129,0
2025-07-12 21:00:00,HSM.DSC.PMP01,cooling_descaling_pump,190.7955,201.2186,0.4019,2.7421,405.1054,65.1263,0
2025-07-12 22:00:00,HSM.DSC.PMP01,cooling_descaling_pump,167.914,199.6803,0.6256,3.1148,401.1219,61.9455,0
2025-07-12 23:00:00,HSM.DSC.PMP01,cooling_descaling_pump,200.8848,193.3616,0.2305,2.919,406.7232,68.924,0
2025-07-13 00:00:00,HSM.DSC.PMP01,cooling_descaling_pump,193.7463,200.9306,-0.362,2.9443,394.2093,72.9712,0
2025-07-13 01:00:00,HSM.DSC.PMP01,cooling_descaling_pump,187.1327,200.86,0.02,2.6948,399.7134,68.5517,0
2025-07-13 02:00:00,HSM.DSC.PMP01,cooling_descaling_pump,152.8363,201.1172,-0.1896,2.7442,394.6874,54.9697,0
2025-07-13 03:00:00,HSM.DSC.PMP01,cooling_descaling_pump,149.9381,197.5644,-0.4769,3.138,402.2554,68.8224,0
2025-07-13 04:00:00,HSM.DSC.PMP01,cooling_descaling_pump,225.3205,201.0657,-1.3881,2.9429,400.6257,69.63,0
2025-07-13 05:00:00,HSM.DSC.PMP01,cooling_descaling_pump,175.1171,197.4685,-0.409,2.9814,400.8366,72.8387,0
2025-07-13 06:00:00,HSM.DSC.PMP01,cooling_descaling_pump,155.97,202.5686,-0.8308,3.0124,399.6441,67.6074,0
2025-07-13 07:00:00,HSM.DSC.PMP01,cooling_descaling_pump,182.704,203.0228,0.1553,2.8516,401.0082,67.6621,0
2025-07-13 08:00:00,HSM.DSC.PMP01,cooling_descaling_pump,208.0762,204.3817,0.9892,2.858,396.3344,60.467,0
2025-07-13 09:00:00,HSM.DSC.PMP01,cooling_descaling_pump,210.0598,198.1411,1.0055,3.1067,399.9436,69.3159,0
2025-07-13 10:00:00,HSM.DSC.PMP01,cooling_descaling_pump,176.1782,196.765,0.5614,2.7881,406.9819,71.4609,0
2025-07-13 11:00:00,HSM.DSC.PMP01,cooling_descaling_pump,173.6258,200.3885,-0.7237,2.7738,409.8772,65.7485,0
2025-07-13 12:00:00,HSM.DSC.PMP01,cooling_descaling_pump,140.6783,201.0473,-0.174,3.3268,396.3109,73.8922,0
2025-07-13 13:00:00,HSM.DSC.PMP01,cooling_descaling_pump,187.1409,197.8896,-0.5239,3.3306,406.6011,78.454,0
2025-07-13 14:00:00,HSM.DSC.PMP01,cooling_descaling_pump,229.5439,196.2823,0.3254,2.8015,405.3014,61.5795,0
2025-07-13 15:00:00,HSM.DSC.PMP01,cooling_descaling_pump,187.0543,203.5722,1.0752,3.036,401.5553,72.3614,0
2025-07-13 16:00:00,HSM.DSC.PMP01,cooling_descaling_pump,182.7726,198.9424,-0.5203,3.0125,398.3011,75.5483,0
2025-07-13 17:00:00,HSM.DSC.PMP01,cooling_descaling_pump,181.2794,196.9503,-0.5244,3.1016,405.3902,74.808,0
2025-07-13 18:00:00,HSM.DSC.PMP01,cooling_descaling_pump,212.9038,196.4147,-0.3731,2.8836,400.2938,63.4041,0
2025-07-13 19:00:00,HSM.DSC.PMP01,cooling_descaling_pump,176.4146,195.3222,1.0867,3.1718,394.1103,69.7032,0
2025-07-13 20:00:00,HSM.DSC.PMP01,cooling_descaling_pump,195.9241,194.2332,-0.0286,3.3168,394.4354,67.1894,0
2025-07-13 21:00:00,HSM.DSC.PMP01,cooling_descaling_pump,174.7953,203.6533,1.2548,3.2279,397.6647,73.5347,0
2025-07-13 22:00:00,HSM.DSC.PMP01,cooling_descaling_pump,199.3899,194.6251,0.1042,3.1557,400.6037,65.2807,0
2025-07-13 23:00:00,HSM.DSC.PMP01,cooling_descaling_pump,218.2588,201.1353,0.649,3.4827,397.164,79.4358,0
2025-07-14 00:00:00,HSM.DSC.PMP01,cooling_descaling_pump,179.074,203.2343,0.2151,3.3709,397.4512,69.6019,0
2025-07-14 01:00:00,HSM.DSC.PMP01,cooling_descaling_pump,171.9689,202.0032,0.3508,3.1111,402.7425,69.3867,0
2025-07-14 02:00:00,HSM.DSC.PMP01,cooling_descaling_pump,153.0755,203.045,0.1461,3.2177,401.584,77.0321,0
2025-07-14 03:00:00,HSM.DSC.PMP01,cooling_descaling_pump,156.0059,199.6868,1.1232,3.2217,403.3342,71.9828,0
2025-07-14 04:00:00,HSM.DSC.PMP01,cooling_descaling_pump,199.8334,197.4608,-0.6106,3.2286,404.4474,79.9357,0
2025-07-14 05:00:00,HSM.DSC.PMP01,cooling_descaling_pump,198.1715,199.5933,-0.4211,2.8335,406.4407,67.5766,0
2025-07-14 06:00:00,HSM.DSC.PMP01,cooling_descaling_pump,218.639,197.6423,0.5218,3.0201,395.9854,65.9424,0
2025-07-14 07:00:00,HSM.DSC.PMP01,cooling_descaling_pump,217.2976,198.1776,-0.2817,3.371,395.0174,73.8673,0
2025-07-14 08:00:00,HSM.DSC.PMP01,cooling_descaling_pump,204.3193,199.7305,-0.7329,2.8225,402.544,66.9,0
2025-07-14 09:00:00,HSM.DSC.PMP01,cooling_descaling_pump,201.1469,201.4445,-0.4602,3.2353,401.2174,71.9917,0
2025-07-14 10:00:00,HSM.DSC.PMP01,cooling_descaling_pump,204.1896,197.7493,-0.3685,3.1811,395.4644,72.668,0
2025-07-14 11:00:00,HSM.DSC.PMP01,cooling_descaling_pump,149.0973,200.0042,0.0803,3.2109,396.127,63.1291,0
2025-07-14 12:00:00,HSM.DSC.PMP01,cooling_descaling_pump,199.8018,202.5683,0.317,3.2663,393.4916,69.6624,0
2025-07-14 13:00:00,HSM.DSC.PMP01,cooling_descaling_pump,182.09,200.574,0.0453,3.0963,395.8539,62.4307,0
2025-07-14 14:00:00,HSM.DSC.PMP01,cooling_descaling_pump,164.7528,205.5325,0.7547,2.893,401.0535,65.2742,0
2025-07-14 15:00:00,HSM.DSC.PMP01,cooling_descaling_pump,212.901,198.9365,0.1418,2.885,407.5586,63.9011,0
2025-07-14 16:00:00,HSM.DSC.PMP01,cooling_descaling_pump,193.0258,197.2948,-0.0727,3.0106,393.2587,64.6841,0
2025-07-14 17:00:00,HSM.DSC.PMP01,cooling_descaling_pump,197.6903,201.4356,0.4035,3.3334,404.4467,69.0038,0
2025-07-14 18:00:00,HSM.DSC.PMP01,cooling_descaling_pump,170.8843,205.9513,-0.3873,2.9882,398.9539,64.9419,0
2025-07-14 19:00:00,HSM.DSC.PMP01,cooling_descaling_pump,170.4079,202.7342,0.0768,3.33,396.6455,75.993,0
2025-07-14 20:00:00,HSM.DSC.PMP01,cooling_descaling_pump,217.3248,197.2024,-0.7958,3.2925,404.5565,71.7225,0
2025-07-14 21:00:00,HSM.DSC.PMP01,cooling_descaling_pump,179.4327,198.8263,0.5045,3.3827,401.7198,74.4761,0
2025-07-14 22:00:00,HSM.DSC.PMP01,cooling_descaling_pump,212.0476,196.8686,-0.3792,3.0432,399.2482,67.7054,0
2025-07-14 23:00:00,HSM.DSC.PMP01,cooling_descaling_pump,211.6433,200.9348,0.9577,3.1421,404.79,70.9201,0
2025-07-15 00:00:00,HSM.DSC.PMP01,cooling_descaling_pump,176.7284,195.3853,-0.0306,3.1952,405.2121,64.665,0
2025-07-15 01:00:00,HSM.DSC.PMP01,cooling_descaling_pump,174.9046,194.7229,-0.3954,3.4521,396.1214,77.5008,0
2025-07-15 02:00:00,HSM.DSC.PMP01,cooling_descaling_pump,165.285,200.4814,1.1859,3.2626,399.6635,72.4048,0
2025-07-15 03:00:00,HSM.DSC.PMP01,cooling_descaling_pump,202.7508,199.1087,-0.4168,3.0927,402.3531,66.9183,0
2025-07-15 04:00:00,HSM.DSC.PMP01,cooling_descaling_pump,244.7019,195.1615,0.0521,3.3403,397.2066,72.0484,0
2025-07-15 05:00:00,HSM.DSC.PMP01,cooling_descaling_pump,211.0584,195.5511,0.1819,3.2902,397.3119,69.5261,0
2025-07-15 06:00:00,HSM.DSC.PMP01,cooling_descaling_pump,203.1237,203.9893,0.7335,3.3358,397.9701,77.4398,0
2025-07-15 07:00:00,HSM.DSC.PMP01,cooling_descaling_pump,175.1589,204.6085,-1.1223,3.2771,398.8496,74.6132,0
2025-07-15 08:00:00,HSM.DSC.PMP01,cooling_descaling_pump,187.018,195.4593,0.7152,3.268,400.6189,67.4614,0
2025-07-15 09:00:00,HSM.DSC.PMP01,cooling_descaling_pump,169.4389,197.6289,-0.5318,3.4217,402.2029,86.221,0
2025-07-15 10:00:00,HSM.DSC.PMP01,cooling_descaling_pump,171.2963,203.7475,0.7161,3.408,406.5751,69.9949,0
2025-07-15 11:00:00,HSM.DSC.PMP01,cooling_descaling_pump,163.0726,201.8571,0.5462,3.2674,399.1381,68.3304,0
2025-07-15 12:00:00,HSM.DSC.PMP01,cooling_descaling_pump,206.8866,195.8806,0.5064,3.2216,404.7648,70.26,0
2025-07-15 13:00:00,HSM.DSC.PMP01,cooling_descaling_pump,192.6917,201.0318,-0.8061,3.4809,400.2917,68.4175,0
2025-07-15 14:00:00,HSM.DSC.PMP01,cooling_descaling_pump,178.833,201.1837,0.422,3.5332,394.172,68.4733,0
2025-07-15 15:00:00,HSM.DSC.PMP01,cooling_descaling_pump,190.6373,198.1861,-0.7776,3.3579,410.0137,79.9589,0
2025-07-15 16:00:00,HSM.DSC.PMP01,cooling_descaling_pump,170.4751,202.018,-0.426,3.0366,407.2729,64.9662,0
2025-07-15 17:00:00,HSM.DSC.PMP01,cooling_descaling_pump,175.1298,196.4422,-0.8276,3.5229,394.6799,72.8245,0
2025-07-15 18:00:00,HSM.DSC.PMP01,cooling_descaling_pump,173.1855,200.0368,-0.1981,3.4666,397.6514,69.187,0
2025-07-15 19:00:00,HSM.DSC.PMP01,cooling_descaling_pump,178.851,203.9263,-0.475,3.5149,401.2167,72.1789,0
2025-07-15 20:00:00,HSM.DSC.PMP01,cooling_descaling_pump,203.9987,194.3586,0.0933,3.5326,397.2457,71.8315,0
2025-07-15 21:00:00,HSM.DSC.PMP01,cooling_descaling_pump,182.471,202.6256,0.021,3.3096,407.2896,67.8247,0
2025-07-15 22:00:00,HSM.DSC.PMP01,cooling_descaling_pump,198.6638,195.0821,-1.388,3.6105,395.9892,72.0434,0
2025-07-15 23:00:00,HSM.DSC.PMP01,cooling_descaling_pump,198.7327,202.5446,1.2643,3.183,395.8085,74.2025,0
2025-07-16 00:00:00,HSM.DSC.PMP01,cooling_descaling_pump,202.2707,198.9468,0.7915,3.4622,395.3141,76.6967,0
2025-07-16 01:00:00,HSM.DSC.PMP01,cooling_descaling_pump,179.6582,200.3188,0.242,3.5564,403.9069,74.3351,0
2025-07-16 02:00:00,HSM.DSC.PMP01,cooling_descaling_pump,186.3208,197.2282,0.7519,3.5655,404.0633,81.1568,0
2025-07-16 03:00:00,HSM.DSC.PMP01,cooling_descaling_pump,190.3572,200.7775,-0.0074,3.4039,401.1688,76.2692,0
2025-07-16 04:00:00,HSM.DSC.PMP01,cooling_descaling_pump,181.1597,195.9451,-0.0618,3.4548,395.4751,75.3203,0
2025-07-16 05:00:00,HSM.DSC.PMP01,cooling_descaling_pump,185.36,202.324,0.3628,3.16,402.067,73.3292,0
2025-07-16 06:00:00,HSM.DSC.PMP01,cooling_descaling_pump,193.5713,199.9049,0.447,3.4911,396.7259,71.9862,0
2025-07-16 07:00:00,HSM.DSC.PMP01,cooling_descaling_pump,207.1559,201.8309,-0.1252,3.1773,398.6097,72.9181,0
2025-07-16 08:00:00,HSM.DSC.PMP01,cooling_descaling_pump,181.6161,201.2472,-0.7605,3.3045,406.1132,79.6481,0
2025-07-16 09:00:00,HSM.DSC.PMP01,cooling_descaling_pump,184.5207,198.5619,-0.0977,3.2899,400.2621,64.8924,0
2025-07-16 10:00:00,HSM.DSC.PMP01,cooling_descaling_pump,184.4366,201.6043,-0.5391,3.2288,403.3996,73.9789,0
2025-07-16 11:00:00,HSM.DSC.PMP01,cooling_descaling_pump,166.9737,198.9815,0.5898,3.2947,399.3138,61.5862,0
2025-07-16 12:00:00,HSM.DSC.PMP01,cooling_descaling_pump,179.5543,191.1247,-1.2599,3.5099,394.8331,75.348,0
2025-07-16 13:00:00,HSM.DSC.PMP01,cooling_descaling_pump,191.0656,202.1736,-1.0102,3.781,400.3046,71.5043,0
2025-07-16 14:00:00,HSM.DSC.PMP01,cooling_descaling_pump,208.6534,198.3783,0.7154,3.5038,396.841,76.6289,0
2025-07-16 15:00:00,HSM.DSC.PMP01,cooling_descaling_pump,166.6468,197.9017,0.9202,3.6859,392.8273,81.2577,0
2025-07-16 16:00:00,HSM.DSC.PMP01,cooling_descaling_pump,184.7747,204.018,0.5369,3.5396,398.2054,69.3676,0
2025-07-16 17:00:00,HSM.DSC.PMP01,cooling_descaling_pump,163.2966,204.5093,1.1147,3.6605,399.4519,74.0054,0
2025-07-16 18:00:00,HSM.DSC.PMP01,cooling_descaling_pump,200.5879,195.1895,0.2548,3.4583,400.1019,60.8778,0
2025-07-16 19:00:00,HSM.DSC.PMP01,cooling_descaling_pump,188.9521,203.5444,0.9723,3.4062,396.8365,75.5572,0
2025-07-16 20:00:00,HSM.DSC.PMP01,cooling_descaling_pump,169.1732,198.2606,0.4441,3.7212,407.046,73.3666,0
2025-07-16 21:00:00,HSM.DSC.PMP01,cooling_descaling_pump,199.218,195.7348,0.0708,3.4196,399.6114,67.8549,0
2025-07-16 22:00:00,HSM.DSC.PMP01,cooling_descaling_pump,222.0327,203.1664,-0.678,3.4464,397.2968,73.2652,0
2025-07-16 23:00:00,HSM.DSC.PMP01,cooling_descaling_pump,237.599,196.7762,0.5774,3.4079,394.49,64.6317,0
2025-07-17 00:00:00,HSM.DSC.PMP01,cooling_descaling_pump,204.1585,204.6465,1.1386,3.4586,395.8636,69.5407,0
2025-07-17 01:00:00,HSM.DSC.PMP01,cooling_descaling_pump,191.2572,200.0311,0.7596,3.767,394.4913,75.2742,0
2025-07-17 02:00:00,HSM.DSC.PMP01,cooling_descaling_pump,189.4361,199.5037,-1.4071,3.7305,397.5402,73.8531,0
2025-07-17 03:00:00,HSM.DSC.PMP01,cooling_descaling_pump,207.9014,196.5178,1.5151,3.6845,405.497,80.6042,0
2025-07-17 04:00:00,HSM.DSC.PMP01,cooling_descaling_pump,206.2188,202.3044,-0.5237,3.3498,401.927,72.8856,0
2025-07-17 05:00:00,HSM.DSC.PMP01,cooling_descaling_pump,160.311,201.6058,-0.544,3.7185,394.9624,84.2733,0
2025-07-17 06:00:00,HSM.DSC.PMP01,cooling_descaling_pump,196.0464,200.4852,1.307,3.7773,400.0042,77.794,0
2025-07-17 07:00:00,HSM.DSC.PMP01,cooling_descaling_pump,199.7757,208.4319,-0.8409,3.2411,404.9043,73.6341,0
2025-07-17 08:00:00,HSM.DSC.PMP01,cooling_descaling_pump,162.3462,200.7825,0.4505,3.7172,398.8083,72.707,0
2025-07-17 09:00:00,HSM.DSC.PMP01,cooling_descaling_pump,180.0611,192.4867,-0.4365,3.863,400.633,79.0779,0
2025-07-17 10:00:00,HSM.DSC.PMP01,cooling_descaling_pump,172.6658,199.4315,0.2214,3.5881,396.5173,69.0823,0
2025-07-17 11:00:00,HSM.DSC.PMP01,cooling_descaling_pump,197.2669,196.5974,-0.0567,3.7177,396.072,74.7419,0
2025-07-17 12:00:00,HSM.DSC.PMP01,cooling_descaling_pump,160.4862,199.9176,1.3505,3.7355,399.5501,68.0278,0
2025-07-17 13:00:00,HSM.DSC.PMP01,cooling_descaling_pump,169.5008,195.4038,-0.279,4.0101,395.79,77.5975,0
2025-07-17 14:00:00,HSM.DSC.PMP01,cooling_descaling_pump,188.2676,195.0376,-1.1027,3.5578,399.128,70.5599,0
2025-07-17 15:00:00,HSM.DSC.PMP01,cooling_descaling_pump,163.3438,200.3461,-0.486,3.5289,407.8778,75.4884,0
2025-07-17 16:00:00,HSM.DSC.PMP01,cooling_descaling_pump,202.64,200.1235,-0.1724,3.5383,399.0735,72.3074,0
2025-07-17 17:00:00,HSM.DSC.PMP01,cooling_descaling_pump,189.9712,200.2161,-0.3025,3.5365,397.6392,63.3031,0
2025-07-17 18:00:00,HSM.DSC.PMP01,cooling_descaling_pump,167.4886,202.6741,-0.241,3.7432,400.0873,78.1451,0
2025-07-17 19:00:00,HSM.DSC.PMP01,cooling_descaling_pump,202.4553,202.2475,0.2798,3.8823,395.446,73.751,0
2025-07-17 20:00:00,HSM.DSC.PMP01,cooling_descaling_pump,199.7498,203.5238,1.0563,3.5824,401.1471,75.7784,0
2025-07-17 21:00:00,HSM.DSC.PMP01,cooling_descaling_pump,210.9436,200.2352,1.0929,3.6995,402.2096,74.1053,0
2025-07-17 22:00:00,HSM.DSC.PMP01,cooling_descaling_pump,190.4354,200.7247,0.7933,3.8446,393.3693,84.2271,0
2025-07-17 23:00:00,HSM.DSC.PMP01,cooling_descaling_pump,194.8509,201.1815,0.8863,3.856,397.6765,77.4647,0
2025-07-18 00:00:00,HSM.DSC.PMP01,cooling_descaling_pump,153.9245,201.7766,0.2594,3.9104,399.6204,82.5651,0
2025-07-18 01:00:00,HSM.DSC.PMP01,cooling_descaling_pump,176.374,198.2147,-0.4334,3.788,404.634,78.0337,0
2025-07-18 02:00:00,HSM.DSC.PMP01,cooling_descaling_pump,194.6427,202.2444,0.5374,3.6602,408.6402,72.379,0
2025-07-18 03:00:00,HSM.DSC.PMP01,cooling_descaling_pump,155.944,198.2892,0.8276,3.7,405.0516,74.7007,0
2025-07-18 04:00:00,HSM.DSC.PMP01,cooling_descaling_pump,170.4991,204.0734,0.5464,3.8024,399.5488,74.4104,0
2025-07-18 05:00:00,HSM.DSC.PMP01,cooling_descaling_pump,223.5868,202.5794,0.2832,3.649,404.172,86.1423,0
2025-07-18 06:00:00,HSM.DSC.PMP01,cooling_descaling_pump,206.0651,196.6575,0.2523,3.6595,405.1119,81.3737,0
2025-07-18 07:00:00,HSM.DSC.PMP01,cooling_descaling_pump,152.6072,211.6343,-0.3888,3.7512,404.6553,76.3222,0
2025-07-18 08:00:00,HSM.DSC.PMP01,cooling_descaling_pump,194.4175,200.1346,0.3627,3.7538,399.322,79.8919,0
2025-07-18 09:00:00,HSM.DSC.PMP01,cooling_descaling_pump,185.2191,192.1266,-0.1498,4.0448,398.8006,79.1645,0
2025-07-18 10:00:00,HSM.DSC.PMP01,cooling_descaling_pump,156.9493,198.8009,0.2488,3.9865,399.9073,84.1424,0
2025-07-18 11:00:00,HSM.DSC.PMP01,cooling_descaling_pump,172.5559,194.3135,-0.7805,3.5536,399.2918,69.8927,0
2025-07-18 12:00:00,HSM.DSC.PMP01,cooling_descaling_pump,177.3431,201.1245,-0.8528,3.5126,405.2605,72.4537,0
2025-07-18 13:00:00,HSM.DSC.PMP01,cooling_descaling_pump,169.8634,201.3252,-0.0123,4.0111,403.3612,72.9617,0
2025-07-18 14:00:00,HSM.DSC.PMP01,cooling_descaling_pump,215.0065,196.7983,-0.2914,4.0225,392.3031,79.5648,0
2025-07-18 15:00:00,HSM.DSC.PMP01,cooling_descaling_pump,177.8826,201.7026,-0.2671,3.7431,403.9853,74.895,0
2025-07-18 16:00:00,HSM.DSC.PMP01,cooling_descaling_pump,175.7878,204.0053,0.0395,3.6698,413.9799,77.1835,0
2025-07-18 17:00:00,HSM.DSC.PMP01,cooling_descaling_pump,216.555,198.1814,0.8766,4.1123,393.8868,74.6175,0
2025-07-18 18:00:00,HSM.DSC.PMP01,cooling_descaling_pump,180.8076,193.9315,-0.6641,3.9225,397.0596,70.5104,0
2025-07-18 19:00:00,HSM.DSC.PMP01,cooling_descaling_pump,134.6439,196.5576,-0.3486,4.0011,398.6499,74.6263,0
2025-07-18 20:00:00,HSM.DSC.PMP01,cooling_descaling_pump,213.4576,199.2462,-0.369,3.8487,405.5565,78.2908,0
2025-07-18 21:00:00,HSM.DSC.PMP01,cooling_descaling_pump,255.317,197.1057,-0.6547,3.9042,397.6975,87.1156,0
2025-07-18 22:00:00,HSM.DSC.PMP01,cooling_descaling_pump,187.2257,200.1832,0.016,3.9106,399.5514,72.3965,0
2025-07-18 23:00:00,HSM.DSC.PMP01,cooling_descaling_pump,158.7131,196.0824,0.1435,4.1618,397.6353,78.9684,0
2025-07-19 00:00:00,HSM.DSC.PMP01,cooling_descaling_pump,188.4528,196.8365,0.5314,3.8461,402.5456,76.2063,0
2025-07-19 01:00:00,HSM.DSC.PMP01,cooling_descaling_pump,189.2518,201.0548,1.1627,3.9684,405.9934,79.2404,0
2025-07-19 02:00:00,HSM.DSC.PMP01,cooling_descaling_pump,179.8869,199.763,0.7109,3.9014,400.577,78.277,0
2025-07-19 03:00:00,HSM.DSC.PMP01,cooling_descaling_pump,183.0787,200.9395,0.1949,4.0382,399.535,77.2549,0
2025-07-19 04:00:00,HSM.DSC.PMP01,cooling_descaling_pump,138.6537,201.0338,0.6943,3.7394,401.0245,73.0268,0
2025-07-19 05:00:00,HSM.DSC.PMP01,cooling_descaling_pump,194.7342,201.9204,-0.2724,3.7031,402.1479,72.3046,0
2025-07-19 06:00:00,HSM.DSC.PMP01,cooling_descaling_pump,194.8965,202.1136,-0.8934,4.2192,395.7048,82.882,0
2025-07-19 07:00:00,HSM.DSC.PMP01,cooling_descaling_pump,218.4295,199.854,0.1685,3.7074,392.8661,70.4498,0
2025-07-19 08:00:00,HSM.DSC.PMP01,cooling_descaling_pump,172.2764,200.1024,0.8332,4.0476,396.7578,82.1548,0
2025-07-19 09:00:00,HSM.DSC.PMP01,cooling_descaling_pump,219.4144,198.479,0.127,3.7371,394.5298,66.6131,0
2025-07-19 10:00:00,HSM.DSC.PMP01,cooling_descaling_pump,149.6932,201.5725,0.1024,3.9526,400.4046,87.6199,0
2025-07-19 11:00:00,HSM.DSC.PMP01,cooling_descaling_pump,213.0031,198.3685,0.2413,3.7442,399.2513,67.4994,0
2025-07-19 12:00:00,HSM.DSC.PMP01,cooling_descaling_pump,196.1158,198.6185,1.1931,3.8956,396.61,74.5619,0
2025-07-19 13:00:00,HSM.DSC.PMP01,cooling_descaling_pump,211.0281,205.247,-0.5696,3.7831,405.8886,77.7169,0
2025-07-19 14:00:00,HSM.DSC.PMP01,cooling_descaling_pump,154.7871,198.7224,-0.164,4.1909,394.1997,75.5906,0
2025-07-19 15:00:00,HSM.DSC.PMP01,cooling_descaling_pump,185.4815,199.4203,0.0669,4.0205,408.2985,76.4482,0
2025-07-19 16:00:00,HSM.DSC.PMP01,cooling_descaling_pump,192.7999,200.0239,-0.8038,3.8934,399.0647,69.329,0
2025-07-19 17:00:00,HSM.DSC.PMP01,cooling_descaling_pump,176.3226,196.3062,0.3673,4.069,399.7232,80.2824,0
2025-07-19 18:00:00,HSM.DSC.PMP01,cooling_descaling_pump,205.0483,203.3546,0.8668,3.9492,395.7554,71.5377,0
2025-07-19 19:00:00,HSM.DSC.PMP01,cooling_descaling_pump,204.5362,196.4517,-0.4124,4.0258,395.1765,82.8312,0
2025-07-19 20:00:00,HSM.DSC.PMP01,cooling_descaling_pump,195.1373,199.3381,0.8467,4.1126,400.4668,80.2457,0
2025-07-19 21:00:00,HSM.DSC.PMP01,cooling_descaling_pump,151.6009,204.129,-0.0891,4.0315,401.1265,78.7967,0
2025-07-19 22:00:00,HSM.DSC.PMP01,cooling_descaling_pump,187.2872,200.7574,0.3357,4.2157,399.391,82.4388,0
2025-07-19 23:00:00,HSM.DSC.PMP01,cooling_descaling_pump,178.3772,201.4595,0.0638,4.0068,401.1848,75.398,0
2025-07-20 00:00:00,HSM.DSC.PMP01,cooling_descaling_pump,189.5061,204.099,0.958,4.1526,396.2899,78.7602,0
2025-07-20 01:00:00,HSM.DSC.PMP01,cooling_descaling_pump,189.8745,199.5709,-0.0408,4.0492,403.6562,76.8158,0
2025-07-20 02:00:00,HSM.DSC.PMP01,cooling_descaling_pump,163.5416,200.2128,0.099,3.9857,403.2771,78.2083,0
2025-07-20 03:00:00,HSM.DSC.PMP01,cooling_descaling_pump,189.9792,201.7136,0.535,4.1072,394.5869,79.0199,0
2025-07-20 04:00:00,HSM.DSC.PMP01,cooling_descaling_pump,207.8747,202.9493,-0.6528,3.9752,404.0615,83.663,0
2025-07-20 05:00:00,HSM.DSC.PMP01,cooling_descaling_pump,172.9857,199.2719,-0.1179,4.1097,395.7058,76.6996,0
2025-07-20 06:00:00,HSM.DSC.PMP01,cooling_descaling_pump,212.4225,200.4558,-0.5567,3.8913,399.6547,76.6057,0
2025-07-20 07:00:00,HSM.DSC.PMP01,cooling_descaling_pump,174.9229,193.9641,0.7568,4.1397,395.1208,75.3364,0
2025-07-20 08:00:00,HSM.DSC.PMP01,cooling_descaling_pump,177.6829,203.3524,-0.1761,4.1698,398.2789,74.0838,0
2025-07-20 09:00:00,HSM.DSC.PMP01,cooling_descaling_pump,153.2889,197.9404,0.4436,3.9984,400.9527,78.3852,0
2025-07-20 10:00:00,HSM.DSC.PMP01,cooling_descaling_pump,134.7077,202.7617,0.7284,4.0716,399.8215,72.8563,0
2025-07-20 11:00:00,HSM.DSC.PMP01,cooling_descaling_pump,214.7359,200.4234,-0.99,3.9332,396.7361,79.4055,0
2025-07-20 12:00:00,HSM.DSC.PMP01,cooling_descaling_pump,186.4566,201.8873,-0.4819,3.7112,402.89,74.1047,0
2025-07-20 13:00:00,HSM.DSC.PMP01,cooling_descaling_pump,220.3391,201.0367,-0.353,3.9693,400.3127,75.4695,0
2025-07-20 14:00:00,HSM.DSC.PMP01,cooling_descaling_pump,176.3336,201.7195,0.0605,4.3268,405.1799,84.0558,0
2025-07-20 15:00:00,HSM.DSC.PMP01,cooling_descaling_pump,188.9895,207.5299,-0.1465,3.951,401.4242,80.9267,0
2025-07-20 16:00:00,HSM.DSC.PMP01,cooling_descaling_pump,207.2866,204.5383,-1.1022,3.8163,400.1902,70.2496,0
2025-07-20 17:00:00,HSM.DSC.PMP01,cooling_descaling_pump,206.2076,197.5807,-0.2803,4.2674,402.5888,75.5177,0
2025-07-20 18:00:00,HSM.DSC.PMP01,cooling_descaling_pump,166.6587,204.6426,-0.2307,4.3525,394.702,83.2502,0
2025-07-20 19:00:00,HSM.DSC.PMP01,cooling_descaling_pump,183.1731,200.2054,0.5404,4.1134,395.9709,74.0497,0
2025-07-20 20:00:00,HSM.DSC.PMP01,cooling_descaling_pump,168.9921,199.9687,-0.0415,4.0588,403.4292,72.1296,0
2025-07-20 21:00:00,HSM.DSC.PMP01,cooling_descaling_pump,190.215,202.5362,-0.1126,4.2098,393.4019,71.5552,0
2025-07-20 22:00:00,HSM.DSC.PMP01,cooling_descaling_pump,163.5927,202.2114,0.6428,4.2593,396.9271,78.0261,0
2025-07-20 23:00:00,HSM.DSC.PMP01,cooling_descaling_pump,188.1487,204.8313,0.2254,4.4267,405.3709,84.9176,0
2025-07-21 00:00:00,HSM.DSC.PMP01,cooling_descaling_pump,208.6337,206.0571,0.2811,4.2994,403.9031,83.219,0
2025-07-21 01:00:00,HSM.DSC.PMP01,cooling_descaling_pump,168.3133,201.1141,0.6364,4.3603,400.2221,77.3399,0
2025-07-21 02:00:00,HSM.DSC.PMP01,cooling_descaling_pump,195.8372,203.1774,-0.1144,3.9022,408.1142,74.4986,0
2025-07-21 03:00:00,HSM.DSC.PMP01,cooling_descaling_pump,232.6156,200.6364,-0.9713,3.9309,402.0102,77.5006,0
2025-07-21 04:00:00,HSM.DSC.PMP01,cooling_descaling_pump,211.814,195.8092,0.0869,3.907,398.8712,70.3878,0
2025-07-21 05:00:00,HSM.DSC.PMP01,cooling_descaling_pump,180.9406,203.6978,-0.2488,4.1122,388.3232,81.5461,0
2025-07-21 06:00:00,HSM.DSC.PMP01,cooling_descaling_pump,204.2725,199.9456,1.7905,4.0767,404.8361,80.1796,0
2025-07-21 07:00:00,HSM.DSC.PMP01,cooling_descaling_pump,188.2564,203.0274,1.2585,4.2683,395.9163,80.3679,0
2025-07-21 08:00:00,HSM.DSC.PMP01,cooling_descaling_pump,191.3159,202.9323,0.0898,4.1667,391.6404,76.4885,0
2025-07-21 09:00:00,HSM.DSC.PMP01,cooling_descaling_pump,162.701,201.819,0.5447,4.2308,398.8024,75.6722,0
2025-07-21 10:00:00,HSM.DSC.PMP01,cooling_descaling_pump,210.2286,198.3312,-0.7489,3.8087,406.7591,67.0446,0
2025-07-21 11:00:00,HSM.DSC.PMP01,cooling_descaling_pump,173.4934,200.1987,0.3007,4.4404,403.6741,79.7036,0
2025-07-21 12:00:00,HSM.DSC.PMP01,cooling_descaling_pump,163.5734,204.752,-0.9705,4.0071,401.8343,74.1868,0
2025-07-21 13:00:00,HSM.DSC.PMP01,cooling_descaling_pump,231.4755,197.1773,0.0321,4.2301,400.0852,77.3777,0
2025-07-21 14:00:00,HSM.DSC.PMP01,cooling_descaling_pump,228.6272,203.8056,-0.0608,3.8748,400.2775,74.7808,0
2025-07-21 15:00:00,HSM.DSC.PMP01,cooling_descaling_pump,145.2819,197.7628,-0.7582,4.3615,410.8029,86.7885,0
2025-07-21 16:00:00,HSM.DSC.PMP01,cooling_descaling_pump,179.4461,202.0827,0.1709,4.5468,394.8549,83.4004,0
2025-07-21 17:00:00,HSM.DSC.PMP01,cooling_descaling_pump,181.5004,198.8033,1.4506,4.6278,396.3596,80.4734,0
2025-07-21 18:00:00,HSM.DSC.PMP01,cooling_descaling_pump,196.039,196.6402,-0.3147,4.387,404.401,85.3915,0
2025-07-21 19:00:00,HSM.DSC.PMP01,cooling_descaling_pump,186.0967,202.7668,0.0655,4.017,408.4948,68.4818,0
2025-07-21 20:00:00,HSM.DSC.PMP01,cooling_descaling_pump,238.2558,199.947,0.3265,4.1633,399.8553,82.2647,0
2025-07-21 21:00:00,HSM.DSC.PMP01,cooling_descaling_pump,211.8677,200.9695,-0.5085,3.8526,404.3624,72.7319,0
2025-07-21 22:00:00,HSM.DSC.PMP01,cooling_descaling_pump,161.6863,199.3382,-1.0635,4.267,400.5958,77.2471,0
2025-07-21 23:00:00,HSM.DSC.PMP01,cooling_descaling_pump,186.5044,203.7998,0.7,4.2057,408.3019,79.0342,0
2025-07-22 00:00:00,HSM.DSC.PMP01,cooling_descaling_pump,193.0856,199.7155,0.4557,4.1893,402.0049,77.8871,0
2025-07-22 01:00:00,HSM.DSC.PMP01,cooling_descaling_pump,144.6847,203.2832,0.6185,4.3646,400.8624,82.8973,0
2025-07-22 02:00:00,HSM.DSC.PMP01,cooling_descaling_pump,187.5872,198.2919,-1.5213,4.2074,400.2363,77.6725,0
2025-07-22 03:00:00,HSM.DSC.PMP01,cooling_descaling_pump,191.2504,202.993,0.0694,4.218,401.7046,76.9564,0
2025-07-22 04:00:00,HSM.DSC.PMP01,cooling_descaling_pump,161.1312,200.6202,0.1428,4.3231,399.1259,81.5837,0
2025-07-22 05:00:00,HSM.DSC.PMP01,cooling_descaling_pump,225.0461,197.2878,0.4417,4.2962,400.7208,78.2822,0
2025-07-22 06:00:00,HSM.DSC.PMP01,cooling_descaling_pump,206.853,203.0184,-0.2574,3.9893,398.9062,77.047,0
2025-07-22 07:00:00,HSM.DSC.PMP01,cooling_descaling_pump,194.0959,200.3359,0.166,4.4887,396.5681,78.3895,0
2025-07-22 08:00:00,HSM.DSC.PMP01,cooling_descaling_pump,181.5347,199.7552,0.4958,4.086,394.6647,72.6634,0
2025-07-22 09:00:00,HSM.DSC.PMP01,cooling_descaling_pump,224.2936,198.1152,0.2322,4.255,395.5563,83.1436,0
2025-07-22 10:00:00,HSM.DSC.PMP01,cooling_descaling_pump,184.0806,200.2254,0.0356,4.5342,401.9201,85.7702,0
2025-07-22 11:00:00,HSM.DSC.PMP01,cooling_descaling_pump,154.8099,199.9328,-0.7076,4.1676,403.9883,70.6931,0
2025-07-22 12:00:00,HSM.DSC.PMP01,cooling_descaling_pump,149.9213,202.933,-0.5687,4.5648,391.2389,86.8611,0
2025-07-22 13:00:00,HSM.DSC.PMP01,cooling_descaling_pump,218.58,201.9886,-0.0858,4.3625,403.6111,75.4647,0
2025-07-22 14:00:00,HSM.DSC.PMP01,cooling_descaling_pump,170.872,196.3834,-0.305,4.1751,405.2478,80.3444,0
2025-07-22 15:00:00,HSM.DSC.PMP01,cooling_descaling_pump,195.0723,197.8208,0.4932,4.4425,400.6267,81.3919,0
2025-07-22 16:00:00,HSM.DSC.PMP01,cooling_descaling_pump,177.3132,200.7171,1.1426,4.3091,398.1752,74.8744,0
2025-07-22 17:00:00,HSM.DSC.PMP01,cooling_descaling_pump,188.4347,201.1421,0.8022,4.1367,402.9737,78.7632,0
2025-07-22 18:00:00,HSM.DSC.PMP01,cooling_descaling_pump,226.2577,200.0018,0.4505,4.3695,397.2415,76.8894,0
2025-07-22 19:00:00,HSM.DSC.PMP01,cooling_descaling_pump,173.0278,199.9537,-0.3389,4.4185,395.8699,79.0661,0
2025-07-22 20:00:00,HSM.DSC.PMP01,cooling_descaling_pump,160.908,206.1518,0.6474,4.4496,396.8206,80.2768,0
2025-07-22 21:00:00,HSM.DSC.PMP01,cooling_descaling_pump,154.9128,193.7142,1.0941,4.4025,402.1596,73.8016,0
2025-07-22 22:00:00,HSM.DSC.PMP01,cooling_descaling_pump,219.7517,197.8913,-0.5475,4.2616,403.4492,79.1355,0
2025-07-22 23:00:00,HSM.DSC.PMP01,cooling_descaling_pump,162.9063,205.6314,-0.3101,3.9973,403.5571,77.2369,0
2025-07-23 00:00:00,HSM.DSC.PMP01,cooling_descaling_pump,189.8807,201.8047,0.2477,4.5006,407.0946,80.5197,0
2025-07-23 01:00:00,HSM.DSC.PMP01,cooling_descaling_pump,217.147,195.809,-0.2956,4.525,404.0104,83.433,0
2025-07-23 02:00:00,HSM.DSC.PMP01,cooling_descaling_pump,251.3176,201.3481,-0.3766,4.1266,405.8219,74.339,0
2025-07-23 03:00:00,HSM.DSC.PMP01,cooling_descaling_pump,172.1226,202.2386,-0.4727,4.427,395.1141,81.8182,0
2025-07-23 04:00:00,HSM.DSC.PMP01,cooling_descaling_pump,186.9738,191.5114,0.9037,4.6414,391.4768,77.8079,0
2025-07-23 05:00:00,HSM.DSC.PMP01,cooling_descaling_pump,204.4146,203.0224,0.5232,4.2662,405.802,75.8058,0
2025-07-23 06:00:00,HSM.DSC.PMP01,cooling_descaling_pump,177.995,205.5636,-0.1866,4.2814,401.0588,77.9545,0
2025-07-23 07:00:00,HSM.DSC.PMP01,cooling_descaling_pump,189.4639,195.4847,-0.3052,4.5274,397.2528,81.3049,0
2025-07-23 08:00:00,HSM.DSC.PMP01,cooling_descaling_pump,151.8933,195.4267,-0.0045,4.4625,397.8735,74.8082,0
2025-07-23 09:00:00,HSM.DSC.PMP01,cooling_descaling_pump,215.5438,198.7957,-0.0068,4.4559,396.2896,75.8772,0
2025-07-23 10:00:00,HSM.DSC.PMP01,cooling_descaling_pump,191.4122,204.1391,0.1538,4.3252,401.4271,76.896,0
2025-07-23 11:00:00,HSM.DSC.PMP01,cooling_descaling_pump,168.1853,199.93,0.8917,4.5572,399.9407,79.76,0
2025-07-23 12:00:00,HSM.DSC.PMP01,cooling_descaling_pump,150.3231,199.8625,-0.6964,4.4907,405.526,81.9459,0
2025-07-23 13:00:00,HSM.DSC.PMP01,cooling_descaling_pump,196.0921,197.1487,0.38,4.6193,406.786,82.8433,0
2025-07-23 14:00:00,HSM.DSC.PMP01,cooling_descaling_pump,206.7445,201.8732,-0.6395,4.3618,399.3591,78.0464,0
2025-07-23 15:00:00,HSM.DSC.PMP01,cooling_descaling_pump,168.4244,205.0856,-0.0852,4.5699,395.84,84.523,0
2025-07-23 16:00:00,HSM.DSC.PMP01,cooling_descaling_pump,202.7585,198.2146,-0.003,4.4176,401.0558,78.7646,0
2025-07-23 17:00:00,HSM.DSC.PMP01,cooling_descaling_pump,160.0857,201.1372,0.3714,4.4403,401.8264,77.0437,0
2025-07-23 18:00:00,HSM.DSC.PMP01,cooling_descaling_pump,151.1481,203.7044,-0.8339,4.7996,396.6342,86.4175,0
2025-07-23 19:00:00,HSM.DSC.PMP01,cooling_descaling_pump,208.2403,199.2168,0.0745,4.539,400.5653,80.7069,0
2025-07-23 20:00:00,HSM.DSC.PMP01,cooling_descaling_pump,179.2134,199.8186,-1.4487,4.6351,403.3075,79.9091,0
2025-07-23 21:00:00,HSM.DSC.PMP01,cooling_descaling_pump,224.6442,205.8345,0.0421,4.4983,401.0214,76.1578,0
2025-07-23 22:00:00,HSM.DSC.PMP01,cooling_descaling_pump,193.8956,201.7097,0.5652,4.8064,396.2948,81.0999,0
2025-07-23 23:00:00,HSM.DSC.PMP01,cooling_descaling_pump,203.5287,203.9084,0.2431,4.6197,401.1741,76.8968,0
2025-07-24 00:00:00,HSM.DSC.PMP01,cooling_descaling_pump,178.6103,194.9738,-0.3008,5.0385,400.2995,84.084,0
2025-07-24 01:00:00,HSM.DSC.PMP01,cooling_descaling_pump,194.4032,200.4501,0.3694,4.5764,398.2993,82.8103,0
2025-07-24 02:00:00,HSM.DSC.PMP01,cooling_descaling_pump,223.9684,200.3672,-0.8919,4.6169,405.0326,85.041,0
2025-07-24 03:00:00,HSM.DSC.PMP01,cooling_descaling_pump,215.0894,206.1403,-0.1783,4.3923,393.5632,82.9897,0
2025-07-24 04:00:00,HSM.DSC.PMP01,cooling_descaling_pump,168.5738,200.2656,-0.3908,4.7167,396.0114,93.6032,0
2025-07-24 05:00:00,HSM.DSC.PMP01,cooling_descaling_pump,189.2971,200.0808,-0.3708,4.664,404.3926,93.761,0
2025-07-24 06:00:00,HSM.DSC.PMP01,cooling_descaling_pump,143.5637,206.0335,-0.4765,4.4324,402.0981,85.576,0
2025-07-24 07:00:00,HSM.DSC.PMP01,cooling_descaling_pump,174.2417,202.1183,0.4758,4.8499,397.342,83.1789,0
2025-07-24 08:00:00,HSM.DSC.PMP01,cooling_descaling_pump,170.7494,199.0247,-0.0812,4.5668,400.4266,78.3831,0
2025-07-24 09:00:00,HSM.DSC.PMP01,cooling_descaling_pump,205.0427,195.1702,-0.1213,4.576,401.7323,82.2865,0
2025-07-24 10:00:00,HSM.DSC.PMP01,cooling_descaling_pump,187.3602,202.8721,0.2143,4.3187,408.0196,84.6582,0
2025-07-24 11:00:00,HSM.DSC.PMP01,cooling_descaling_pump,236.831,201.365,-0.0372,4.5899,401.8092,83.7881,0
2025-07-24 12:00:00,HSM.DSC.PMP01,cooling_descaling_pump,196.9282,201.3298,-0.67,4.6115,407.5704,89.6855,0
2025-07-24 13:00:00,HSM.DSC.PMP01,cooling_descaling_pump,167.0158,201.6677,-0.9722,4.369,404.5905,75.2239,0
2025-07-24 14:00:00,HSM.DSC.PMP01,cooling_descaling_pump,242.5207,204.9402,0.4453,4.4653,395.1816,84.9675,0
2025-07-24 15:00:00,HSM.DSC.PMP01,cooling_descaling_pump,213.2983,199.6549,0.4528,4.7707,401.8096,87.3086,0
2025-07-24 16:00:00,HSM.DSC.PMP01,cooling_descaling_pump,187.1343,196.405,0.3253,4.3624,401.2228,71.9086,0
2025-07-24 17:00:00,HSM.DSC.PMP01,cooling_descaling_pump,167.8571,195.2404,-1.6678,4.9293,392.0697,89.4631,0
2025-07-24 18:00:00,HSM.DSC.PMP01,cooling_descaling_pump,194.5964,197.5698,0.7806,4.6212,399.5278,72.9829,0
2025-07-24 19:00:00,HSM.DSC.PMP01,cooling_descaling_pump,228.7262,200.373,0.8953,4.6418,400.5361,82.1104,0
2025-07-24 20:00:00,HSM.DSC.PMP01,cooling_descaling_pump,203.5766,200.5263,-0.4127,4.6796,396.7585,76.0479,0
2025-07-24 21:00:00,HSM.DSC.PMP01,cooling_descaling_pump,173.0973,201.9192,-0.2559,4.6646,395.2083,77.3853,0
2025-07-24 22:00:00,HSM.DSC.PMP01,cooling_descaling_pump,203.229,200.0747,-0.0847,4.7775,408.6182,90.6218,0
2025-07-24 23:00:00,HSM.DSC.PMP01,cooling_descaling_pump,201.79,202.4263,-0.9769,4.2644,402.2531,69.0416,0
2025-07-25 00:00:00,HSM.DSC.PMP01,cooling_descaling_pump,173.0183,199.3321,0.3801,4.5121,402.9955,76.2156,0
2025-07-25 01:00:00,HSM.DSC.PMP01,cooling_descaling_pump,176.6039,198.2206,0.0963,4.4702,400.1841,75.8128,0
2025-07-25 02:00:00,HSM.DSC.PMP01,cooling_descaling_pump,222.9541,199.7628,-1.376,4.6926,402.1163,87.4675,0
2025-07-25 03:00:00,HSM.DSC.PMP01,cooling_descaling_pump,163.2983,196.8072,-0.4872,4.6539,404.2887,81.29,0
2025-07-25 04:00:00,HSM.DSC.PMP01,cooling_descaling_pump,192.1767,199.1159,-0.7463,4.664,407.4275,86.0129,0
2025-07-25 05:00:00,HSM.DSC.PMP01,cooling_descaling_pump,137.6782,200.7822,-0.6177,4.7347,410.6749,81.0751,0
2025-07-25 06:00:00,HSM.DSC.PMP01,cooling_descaling_pump,216.7929,199.2121,-0.1255,4.4999,402.3079,79.9745,0
2025-07-25 07:00:00,HSM.DSC.PMP01,cooling_descaling_pump,165.7489,206.6562,-0.3092,4.7865,398.4258,83.1893,0
2025-07-25 08:00:00,HSM.DSC.PMP01,cooling_descaling_pump,188.0908,202.6547,-0.0211,4.6536,394.2261,78.4389,0
2025-07-25 09:00:00,HSM.DSC.PMP01,cooling_descaling_pump,191.4405,200.0198,-0.182,4.7563,405.5762,88.5196,0
2025-07-25 10:00:00,HSM.DSC.PMP01,cooling_descaling_pump,162.9799,199.4065,-0.3757,5.0832,392.7965,83.9276,0
2025-07-25 11:00:00,HSM.DSC.PMP01,cooling_descaling_pump,169.2107,196.2968,0.5347,4.656,396.5245,79.2565,0
2025-07-25 12:00:00,HSM.DSC.PMP01,cooling_descaling_pump,184.5341,202.0299,-0.0198,4.4705,401.0824,77.2494,0
2025-07-25 13:00:00,HSM.DSC.PMP01,cooling_descaling_pump,200.0377,205.8067,1.5589,4.4588,403.4147,88.7311,0
2025-07-25 14:00:00,HSM.DSC.PMP01,cooling_descaling_pump,147.5633,204.2382,0.5303,4.704,402.453,81.1272,0
2025-07-25 15:00:00,HSM.DSC.PMP01,cooling_descaling_pump,200.9903,199.8786,-0.2815,4.8009,398.1384,80.3934,0
2025-07-25 16:00:00,HSM.DSC.PMP01,cooling_descaling_pump,158.3871,205.2559,0.6209,4.6463,409.3898,86.0059,0
2025-07-25 17:00:00,HSM.DSC.PMP01,cooling_descaling_pump,186.4066,197.1684,-0.263,4.8682,404.4304,84.4105,0
2025-07-25 18:00:00,HSM.DSC.PMP01,cooling_descaling_pump,184.4142,198.6182,-0.7345,4.8002,409.4258,84.8266,0
2025-07-25 19:00:00,HSM.DSC.PMP01,cooling_descaling_pump,197.0787,203.1212,0.0674,4.7984,398.3557,80.8505,0
2025-07-25 20:00:00,HSM.DSC.PMP01,cooling_descaling_pump,213.1141,202.7184,-0.5196,4.3579,399.4429,70.6781,0
2025-07-25 21:00:00,HSM.DSC.PMP01,cooling_descaling_pump,170.5562,200.2354,0.9155,4.7886,400.3709,74.8553,0
2025-07-25 22:00:00,HSM.DSC.PMP01,cooling_descaling_pump,137.5057,199.7092,0.1476,4.7462,402.5225,79.7256,0
2025-07-25 23:00:00,HSM.DSC.PMP01,cooling_descaling_pump,179.7237,203.2826,-0.1999,4.5347,397.8438,75.6094,0
2025-07-26 00:00:00,HSM.DSC.PMP01,cooling_descaling_pump,163.7705,197.3503,0.154,4.7044,398.0527,84.8569,0
2025-07-26 01:00:00,HSM.DSC.PMP01,cooling_descaling_pump,183.3676,202.6096,-0.3668,4.9707,399.0182,94.7476,0
2025-07-26 02:00:00,HSM.DSC.PMP01,cooling_descaling_pump,162.4263,198.7857,1.3389,4.9057,396.7604,87.9656,0
2025-07-26 03:00:00,HSM.DSC.PMP01,cooling_descaling_pump,155.812,196.3199,1.1574,4.9242,398.9154,84.0919,0
2025-07-26 04:00:00,HSM.DSC.PMP01,cooling_descaling_pump,163.6967,202.4512,-0.9402,4.9408,402.0324,87.6633,0
2025-07-26 05:00:00,HSM.DSC.PMP01,cooling_descaling_pump,173.9124,197.9238,0.3602,4.8162,399.7421,82.8321,0
2025-07-26 06:00:00,HSM.DSC.PMP01,cooling_descaling_pump,191.7725,188.4456,-0.1258,5.1734,394.9333,85.9488,0
2025-07-26 07:00:00,HSM.DSC.PMP01,cooling_descaling_pump,198.7662,203.8395,-0.2258,4.8131,405.7327,84.5916,0
2025-07-26 08:00:00,HSM.DSC.PMP01,cooling_descaling_pump,187.6831,200.1245,0.7026,4.7534,396.438,82.2848,0
2025-07-26 09:00:00,HSM.DSC.PMP01,cooling_descaling_pump,184.4339,206.3395,-0.6501,4.444,399.4599,77.6742,0
2025-07-26 10:00:00,HSM.DSC.PMP01,cooling_descaling_pump,188.1514,200.2988,-0.3146,4.8004,400.6508,86.6818,0
2025-07-26 11:00:00,HSM.DSC.PMP01,cooling_descaling_pump,199.3677,201.2797,-0.7454,4.7761,404.3249,84.9879,0
2025-07-26 12:00:00,HSM.DSC.PMP01,cooling_descaling_pump,231.3665,209.5576,0.4185,4.6089,406.8022,83.167,0
2025-07-26 13:00:00,HSM.DSC.PMP01,cooling_descaling_pump,186.6415,193.2281,-0.1429,5.2661,395.2714,94.6622,0
2025-07-26 14:00:00,HSM.DSC.PMP01,cooling_descaling_pump,166.8449,202.4205,0.4708,5.0152,403.2396,92.4401,0
2025-07-26 15:00:00,HSM.DSC.PMP01,cooling_descaling_pump,154.1432,199.8441,0.4287,4.7455,400.2011,85.4921,0
2025-07-26 16:00:00,HSM.DSC.PMP01,cooling_descaling_pump,195.697,202.2312,-0.1914,4.5819,399.8493,80.4161,0
2025-07-26 17:00:00,HSM.DSC.PMP01,cooling_descaling_pump,180.0336,206.6862,0.4679,4.6415,400.7496,77.9074,0
2025-07-26 18:00:00,HSM.DSC.PMP01,cooling_descaling_pump,201.7719,204.9952,-0.1585,4.9711,402.3003,87.3491,0
2025-07-26 19:00:00,HSM.DSC.PMP01,cooling_descaling_pump,217.6246,198.7336,-2.0,4.5942,401.9554,81.0151,0
2025-07-26 20:00:00,HSM.DSC.PMP01,cooling_descaling_pump,208.4888,197.7187,1.3799,4.739,402.262,75.1861,0
2025-07-26 21:00:00,HSM.DSC.PMP01,cooling_descaling_pump,163.8895,201.9428,-0.8027,4.7966,400.5058,82.171,0
2025-07-26 22:00:00,HSM.DSC.PMP01,cooling_descaling_pump,176.3597,201.1848,1.4153,4.7731,401.4789,80.233,0
2025-07-26 23:00:00,HSM.DSC.PMP01,cooling_descaling_pump,194.064,200.2785,-0.6694,4.9154,400.0001,84.6896,0
2025-07-27 00:00:00,HSM.DSC.PMP01,cooling_descaling_pump,172.7553,197.6903,0.2805,4.6694,405.2381,78.5632,0
2025-07-27 01:00:00,HSM.DSC.PMP01,cooling_descaling_pump,185.7463,201.402,0.6036,4.7924,399.4664,86.999,0
2025-07-27 02:00:00,HSM.DSC.PMP01,cooling_descaling_pump,196.4361,198.7593,-0.6105,4.8699,400.5535,82.5317,0
2025-07-27 03:00:00,HSM.DSC.PMP01,cooling_descaling_pump,156.3525,199.887,0.1202,4.9073,402.5746,86.8897,0
2025-07-27 04:00:00,HSM.DSC.PMP01,cooling_descaling_pump,195.2053,197.7686,0.0494,4.8564,399.8703,82.9853,0
2025-07-27 05:00:00,HSM.DSC.PMP01,cooling_descaling_pump,175.7068,195.2643,0.5243,5.1076,399.5104,85.6287,0
2025-07-27 06:00:00,HSM.DSC.PMP01,cooling_descaling_pump,171.6722,205.7151,0.5529,4.9915,409.4228,85.6153,0
2025-07-27 07:00:00,HSM.DSC.PMP01,cooling_descaling_pump,202.1594,202.4405,0.1782,4.6359,402.3723,74.3051,0
2025-07-27 08:00:00,HSM.DSC.PMP01,cooling_descaling_pump,180.9521,202.6209,0.1669,4.8656,406.2566,82.7596,0
2025-07-27 09:00:00,HSM.DSC.PMP01,cooling_descaling_pump,177.2053,203.1298,0.1168,4.6681,401.2771,86.5854,0
2025-07-27 10:00:00,HSM.DSC.PMP01,cooling_descaling_pump,156.821,205.9649,-0.0329,4.5823,409.6818,82.9264,0
2025-07-27 11:00:00,HSM.DSC.PMP01,cooling_descaling_pump,152.2486,202.9396,-0.5542,4.9023,400.6355,80.9521,0
2025-07-27 12:00:00,HSM.DSC.PMP01,cooling_descaling_pump,145.1793,197.8932,-0.0353,4.9289,396.8483,82.0961,0
2025-07-27 13:00:00,HSM.DSC.PMP01,cooling_descaling_pump,183.2588,200.2918,0.3098,4.7668,401.3985,81.9304,0
2025-07-27 14:00:00,HSM.DSC.PMP01,cooling_descaling_pump,167.185,201.7267,0.0487,5.1403,391.7313,77.8307,0
2025-07-27 15:00:00,HSM.DSC.PMP01,cooling_descaling_pump,201.9294,198.618,0.4747,4.7244,398.7578,82.0543,0
2025-07-27 16:00:00,HSM.DSC.PMP01,cooling_descaling_pump,250.4956,197.6426,-0.3353,4.6226,404.1057,84.5455,0
2025-07-27 17:00:00,HSM.DSC.PMP01,cooling_descaling_pump,203.7341,199.4778,0.2337,4.6571,406.6605,84.3877,0
2025-07-27 18:00:00,HSM.DSC.PMP01,cooling_descaling_pump,201.55,197.2112,-1.0174,4.8486,398.1556,83.2213,0
2025-07-27 19:00:00,HSM.DSC.PMP01,cooling_descaling_pump,198.6503,199.6517,0.4037,4.6779,403.535,79.1324,0
2025-07-27 20:00:00,HSM.DSC.PMP01,cooling_descaling_pump,195.4245,196.5585,-0.2834,4.9599,393.9513,83.5562,0
2025-07-27 21:00:00,HSM.DSC.PMP01,cooling_descaling_pump,180.8842,196.0603,0.1533,4.867,404.4113,85.8798,0
2025-07-27 22:00:00,HSM.DSC.PMP01,cooling_descaling_pump,228.4787,205.9078,-0.0356,4.7467,399.8584,78.6281,0
2025-07-27 23:00:00,HSM.DSC.PMP01,cooling_descaling_pump,177.1849,198.7768,0.2896,4.7071,402.7289,84.433,0
2025-07-28 00:00:00,HSM.DSC.PMP01,cooling_descaling_pump,179.9911,196.5191,-0.4958,5.0855,396.1114,87.0266,0
2025-07-28 01:00:00,HSM.DSC.PMP01,cooling_descaling_pump,223.9078,203.1462,-0.2106,4.6756,390.9675,78.2695,0
2025-07-28 02:00:00,HSM.DSC.PMP01,cooling_descaling_pump,192.3818,203.9513,0.6018,4.7262,401.0964,87.0478,0
2025-07-28 03:00:00,HSM.DSC.PMP01,cooling_descaling_pump,221.9327,195.7035,0.9938,4.9233,402.0543,84.9638,0
2025-07-28 04:00:00,HSM.DSC.PMP01,cooling_descaling_pump,164.0972,200.0858,-0.195,4.9104,401.5097,84.3103,0
2025-07-28 05:00:00,HSM.DSC.PMP01,cooling_descaling_pump,214.1172,200.8438,-0.6937,4.7493,397.8345,78.4166,0
2025-07-28 06:00:00,HSM.DSC.PMP01,cooling_descaling_pump,178.4227,198.7372,0.2212,4.8716,398.9867,80.8909,0
2025-07-28 07:00:00,HSM.DSC.PMP01,cooling_descaling_pump,178.3135,198.3037,-0.2596,4.8079,401.5153,86.61,0
2025-07-28 08:00:00,HSM.DSC.PMP01,cooling_descaling_pump,205.4322,194.9558,0.0219,4.8131,412.0722,90.2607,0
2025-07-28 09:00:00,HSM.DSC.PMP01,cooling_descaling_pump,223.9811,201.2836,-0.763,4.5683,402.2539,78.2604,0
2025-07-28 10:00:00,HSM.DSC.PMP01,cooling_descaling_pump,152.7098,199.3941,0.4579,5.283,399.9095,91.415,0
2025-07-28 11:00:00,HSM.DSC.PMP01,cooling_descaling_pump,232.6303,207.3756,1.1606,4.8168,401.3153,84.0643,0
2025-07-28 12:00:00,HSM.DSC.PMP01,cooling_descaling_pump,175.4408,197.9427,-0.2901,4.9645,407.44,82.6486,0
2025-07-28 13:00:00,HSM.DSC.PMP01,cooling_descaling_pump,186.7169,200.6245,-0.7879,5.1838,395.4004,89.6365,0
2025-07-28 14:00:00,HSM.DSC.PMP01,cooling_descaling_pump,199.498,200.943,-0.3622,4.7525,406.9273,75.4389,0
2025-07-28 15:00:00,HSM.DSC.PMP01,cooling_descaling_pump,170.1927,193.1916,-0.3598,5.2198,391.5873,83.933,0
2025-07-28 16:00:00,HSM.DSC.PMP01,cooling_descaling_pump,171.7295,204.5747,-0.114,4.9424,404.1141,82.8111,0
2025-07-28 17:00:00,HSM.DSC.PMP01,cooling_descaling_pump,181.501,202.23,0.1062,5.1359,393.1129,85.6397,0
2025-07-28 18:00:00,HSM.DSC.PMP01,cooling_descaling_pump,202.479,206.1009,0.3738,4.5663,396.1951,79.9216,0
2025-07-28 19:00:00,HSM.DSC.PMP01,cooling_descaling_pump,183.8355,201.8373,1.4563,4.9467,400.5795,84.9276,0
2025-07-28 20:00:00,HSM.DSC.PMP01,cooling_descaling_pump,166.8565,199.9898,-0.353,4.8634,401.4388,79.6826,0
2025-07-28 21:00:00,HSM.DSC.PMP01,cooling_descaling_pump,195.3572,197.4652,0.3029,5.0788,397.2857,78.8957,0
2025-07-28 22:00:00,HSM.DSC.PMP01,cooling_descaling_pump,192.6613,197.6438,-0.5852,5.0375,404.6445,87.3965,0
2025-07-28 23:00:00,HSM.DSC.PMP01,cooling_descaling_pump,171.2602,199.6243,1.0846,4.7614,404.8656,74.8244,0
2025-07-29 00:00:00,HSM.DSC.PMP01,cooling_descaling_pump,189.022,203.8214,0.7518,4.9367,400.9916,81.0568,0
2025-07-29 01:00:00,HSM.DSC.PMP01,cooling_descaling_pump,203.0813,197.2005,1.5521,4.997,405.4467,91.4135,0
2025-07-29 02:00:00,HSM.DSC.PMP01,cooling_descaling_pump,193.5745,202.1774,-0.4431,4.7819,400.6279,81.1031,0
2025-07-29 03:00:00,HSM.DSC.PMP01,cooling_descaling_pump,161.4525,200.6804,-0.6318,5.049,394.3751,91.8265,0
2025-07-29 04:00:00,HSM.DSC.PMP01,cooling_descaling_pump,197.4569,200.0358,-0.1871,5.1589,403.8705,86.9928,0
2025-07-29 05:00:00,HSM.DSC.PMP01,cooling_descaling_pump,167.9597,204.1992,0.0858,4.9939,395.6919,88.5999,0
2025-07-29 06:00:00,HSM.DSC.PMP01,cooling_descaling_pump,128.6582,199.8311,0.534,5.1849,401.9052,92.4522,0
2025-07-29 07:00:00,HSM.DSC.PMP01,cooling_descaling_pump,188.0953,196.573,-0.2133,4.944,399.3045,83.1898,0
2025-07-29 08:00:00,HSM.DSC.PMP01,cooling_descaling_pump,199.8316,195.9209,-0.419,4.9859,402.9627,83.8282,0
2025-07-29 09:00:00,HSM.DSC.PMP01,cooling_descaling_pump,175.467,202.9421,-0.0768,5.1986,400.2814,86.9154,0
2025-07-29 10:00:00,HSM.DSC.PMP01,cooling_descaling_pump,176.6848,197.4372,-0.7213,5.0873,397.45,82.7698,0
2025-07-29 11:00:00,HSM.DSC.PMP01,cooling_descaling_pump,176.7067,197.67,0.2161,5.0975,399.8349,84.0723,0
2025-07-29 12:00:00,HSM.DSC.PMP01,cooling_descaling_pump,218.1608,197.8806,-0.2109,4.7632,408.603,82.7242,0
2025-07-29 13:00:00,HSM.DSC.PMP01,cooling_descaling_pump,197.7573,198.3433,0.3747,5.0385,396.1628,79.523,0
2025-07-29 14:00:00,HSM.DSC.PMP01,cooling_descaling_pump,214.9575,201.0936,0.3311,5.1195,392.6476,83.131,0
2025-07-29 15:00:00,HSM.DSC.PMP01,cooling_descaling_pump,178.1173,203.0747,1.0089,5.1135,399.0338,84.6212,0
2025-07-29 16:00:00,HSM.DSC.PMP01,cooling_descaling_pump,185.0313,203.4125,-0.4064,4.7772,399.536,72.5421,0
2025-07-29 17:00:00,HSM.DSC.PMP01,cooling_descaling_pump,141.5772,204.2405,-0.0597,4.9473,400.3926,81.1824,0
2025-07-29 18:00:00,HSM.DSC.PMP01,cooling_descaling_pump,215.749,193.6075,-0.2331,4.7387,409.6257,79.1806,0
2025-07-29 19:00:00,HSM.DSC.PMP01,cooling_descaling_pump,194.6566,200.0532,0.0103,5.1385,399.9791,87.4986,0
2025-07-29 20:00:00,HSM.DSC.PMP01,cooling_descaling_pump,196.6948,199.0471,-0.1998,4.8541,395.8068,87.5595,0
2025-07-29 21:00:00,HSM.DSC.PMP01,cooling_descaling_pump,165.2523,199.0969,0.3814,5.3783,398.5559,93.5188,0
2025-07-29 22:00:00,HSM.DSC.PMP01,cooling_descaling_pump,178.8337,196.8427,0.5254,4.7461,403.3987,84.4023,0
2025-07-29 23:00:00,HSM.DSC.PMP01,cooling_descaling_pump,165.8608,201.6443,-0.1187,5.1013,397.3346,85.6009,0
2025-07-30 00:00:00,HSM.DSC.PMP01,cooling_descaling_pump,238.4336,198.9416,-0.6465,4.9824,396.4555,79.2809,0
2025-07-30 01:00:00,HSM.DSC.PMP01,cooling_descaling_pump,182.3124,203.9318,0.0979,5.1242,403.9447,86.8113,0
2025-07-30 02:00:00,HSM.DSC.PMP01,cooling_descaling_pump,173.512,196.6933,-1.1137,5.0862,398.9858,80.9318,0
2025-07-30 03:00:00,HSM.DSC.PMP01,cooling_descaling_pump,154.3922,196.749,-0.6956,5.0795,397.6552,93.4687,0
2025-07-30 04:00:00,HSM.DSC.PMP01,cooling_descaling_pump,184.3615,203.9951,0.6994,4.978,403.9278,88.7724,0
2025-07-30 05:00:00,HSM.DSC.PMP01,cooling_descaling_pump,192.3829,195.6116,-1.0633,4.9493,403.2883,75.5252,1
2025-07-30 06:00:00,HSM.DSC.PMP01,cooling_descaling_pump,180.2788,200.4132,-0.2024,4.9567,396.2472,81.7003,1
2025-07-30 07:00:00,HSM.DSC.PMP01,cooling_descaling_pump,152.9417,200.3494,-0.0299,5.2362,403.1567,95.2145,1
2025-07-30 08:00:00,HSM.DSC.PMP01,cooling_descaling_pump,169.4536,200.2647,-0.0644,5.2519,400.1579,89.8025,1
2025-07-30 09:00:00,HSM.DSC.PMP01,cooling_descaling_pump,170.3576,199.8825,-0.1962,5.3314,402.3504,92.5052,1
2025-07-30 10:00:00,HSM.DSC.PMP01,cooling_descaling_pump,203.8929,201.0264,-0.5631,5.0984,397.3332,89.46,1
2025-07-30 11:00:00,HSM.DSC.PMP01,cooling_descaling_pump,158.6978,195.7787,0.6158,5.2515,397.3726,79.7568,1
2025-07-30 12:00:00,HSM.DSC.PMP01,cooling_descaling_pump,194.294,192.7084,-0.3466,5.1265,404.3221,80.3883,1
2025-07-30 13:00:00,HSM.DSC.PMP01,cooling_descaling_pump,175.9056,191.3744,0.0754,5.2468,400.1743,90.9603,1
2025-07-30 14:00:00,HSM.DSC.PMP01,cooling_descaling_pump,165.0136,203.3516,0.0801,4.8417,405.8173,75.8469,1
2025-07-30 15:00:00,HSM.DSC.PMP01,cooling_descaling_pump,179.9234,203.0052,1.2707,5.068,403.6864,89.1305,1
2025-07-30 16:00:00,HSM.DSC.PMP01,cooling_descaling_pump,153.0637,196.42,0.7016,5.0421,409.7091,80.4508,1
2025-07-30 17:00:00,HSM.DSC.PMP01,cooling_descaling_pump,162.6775,197.1977,0.0954,5.4869,397.2215,82.2932,1
2025-07-30 18:00:00,HSM.DSC.PMP01,cooling_descaling_pump,132.6578,202.0507,0.8286,4.9711,400.2521,75.8346,1
2025-07-30 19:00:00,HSM.DSC.PMP01,cooling_descaling_pump,178.6537,202.8312,0.3074,4.9489,407.6314,84.1851,1
2025-07-30 20:00:00,HSM.DSC.PMP01,cooling_descaling_pump,188.32,196.9855,0.7379,5.2534,396.2023,82.9166,1
2025-07-30 21:00:00,HSM.DSC.PMP01,cooling_descaling_pump,180.9654,195.0305,-0.4078,5.3538,398.5102,82.1383,1
2025-07-30 22:00:00,HSM.DSC.PMP01,cooling_descaling_pump,174.9134,199.4012,-0.5091,5.1146,405.1198,81.1607,1
2025-07-30 23:00:00,HSM.DSC.PMP01,cooling_descaling_pump,182.3066,204.8146,-0.3838,5.2784,396.3994,90.2035,1
2025-07-31 00:00:00,HSM.DSC.PMP01,cooling_descaling_pump,213.4757,201.4674,0.8741,5.0194,400.5288,83.3212,1
2025-07-31 01:00:00,HSM.DSC.PMP01,cooling_descaling_pump,170.0109,201.7409,0.3882,5.1023,400.1221,79.3764,1
2025-07-31 02:00:00,HSM.DSC.PMP01,cooling_descaling_pump,227.9991,201.5078,-0.5699,5.0649,400.9973,83.5747,1
2025-07-31 03:00:00,HSM.DSC.PMP01,cooling_descaling_pump,184.7486,205.1646,0.5527,5.1115,403.833,88.2868,1
2025-07-31 04:00:00,HSM.DSC.PMP01,cooling_descaling_pump,251.1195,204.7628,0.5243,4.9796,401.6993,87.2562,1
2025-07-31 05:00:00,HSM.DSC.PMP01,cooling_descaling_pump,155.7614,198.9365,0.7734,4.9942,405.9902,83.4135,1
2025-07-31 06:00:00,HSM.DSC.PMP01,cooling_descaling_pump,206.7604,201.9643,0.005,5.0145,397.8228,80.0957,1
2025-07-31 07:00:00,HSM.DSC.PMP01,cooling_descaling_pump,162.5993,207.5701,0.4889,5.2658,398.3862,94.4901,1
2025-07-31 08:00:00,HSM.DSC.PMP01,cooling_descaling_pump,194.4145,198.1832,0.0336,5.1788,401.3134,84.7199,1
2025-07-31 09:00:00,HSM.DSC.PMP01,cooling_descaling_pump,166.5062,204.1685,-0.4747,5.3613,402.7947,91.0678,1
2025-07-31 10:00:00,HSM.DSC.PMP01,cooling_descaling_pump,206.8067,202.5976,0.2398,4.8273,400.086,82.1712,1
2025-07-31 11:00:00,HSM.DSC.PMP01,cooling_descaling_pump,150.8482,206.3413,0.5519,4.9266,392.8456,81.1679,1
2025-07-31 12:00:00,HSM.DSC.PMP01,cooling_descaling_pump,212.5282,197.6744,0.3017,5.253,402.4128,84.2687,1
2025-07-31 13:00:00,HSM.DSC.PMP01,cooling_descaling_pump,200.2413,196.4001,-0.0793,5.295,398.2083,92.0575,1
2025-07-31 14:00:00,HSM.DSC.PMP01,cooling_descaling_pump,200.9549,199.0593,-0.3186,5.1356,404.1526,87.3734,1
2025-07-31 15:00:00,HSM.DSC.PMP01,cooling_descaling_pump,191.3588,202.9106,0.2034,5.2753,387.9346,84.8977,1
2025-07-31 16:00:00,HSM.DSC.PMP01,cooling_descaling_pump,167.9178,205.7413,0.3004,4.7215,398.749,78.1877,1
2025-07-31 17:00:00,HSM.DSC.PMP01,cooling_descaling_pump,164.7557,194.8559,0.7827,5.0142,403.1095,74.345,1
2025-07-31 18:00:00,HSM.DSC.PMP01,cooling_descaling_pump,187.3686,202.3503,-0.4662,5.0187,392.7023,77.0177,1
2025-07-31 19:00:00,HSM.DSC.PMP01,cooling_descaling_pump,179.1781,195.0801,-0.492,5.3446,406.0629,87.2234,1
2025-07-31 20:00:00,HSM.DSC.PMP01,cooling_descaling_pump,193.9074,198.8834,-0.6003,5.1452,396.6789,89.5412,1
2025-07-31 21:00:00,HSM.DSC.PMP01,cooling_descaling_pump,144.6175,200.0174,-0.839,5.4668,405.7218,91.1463,1
2025-07-31 22:00:00,HSM.DSC.PMP01,cooling_descaling_pump,218.1332,202.9124,-0.7433,5.0126,400.7552,84.2495,1
2025-07-31 23:00:00,HSM.DSC.PMP01,cooling_descaling_pump,238.2774,203.1447,0.4361,4.8289,406.0991,84.1094,1
2025-08-01 00:00:00,HSM.DSC.PMP01,cooling_descaling_pump,172.5177,195.5603,0.7855,5.3578,398.6214,83.7218,1
2025-08-01 01:00:00,HSM.DSC.PMP01,cooling_descaling_pump,176.9111,198.4505,-1.173,5.2032,401.8142,85.1045,1
2025-08-01 02:00:00,HSM.DSC.PMP01,cooling_descaling_pump,199.7841,203.4723,-0.7079,5.1639,394.2795,87.2144,1
2025-08-01 03:00:00,HSM.DSC.PMP01,cooling_descaling_pump,211.9211,199.9126,-0.7597,4.9148,394.4911,75.6029,1
2025-08-01 04:00:00,HSM.DSC.PMP01,cooling_descaling_pump,124.9712,194.7971,-0.0759,5.2254,405.0858,88.0495,1
2025-08-01 05:00:00,HSM.DSC.PMP01,cooling_descaling_pump,193.9793,207.8198,0.1145,4.7846,403.2466,79.6762,1
2025-08-01 06:00:00,HSM.DSC.PMP01,cooling_descaling_pump,190.5576,200.0569,0.1466,5.0705,404.0859,87.4427,1
2025-08-01 07:00:00,HSM.DSC.PMP01,cooling_descaling_pump,148.2758,204.3142,-0.4426,5.2135,404.3601,87.015,1
2025-08-01 08:00:00,HSM.DSC.PMP01,cooling_descaling_pump,191.599,202.2002,0.213,5.3074,402.9545,82.6968,1
2025-08-01 09:00:00,HSM.DSC.PMP01,cooling_descaling_pump,195.9891,205.4927,0.4225,5.4423,398.2995,90.1257,1
2025-08-01 10:00:00,HSM.DSC.PMP01,cooling_descaling_pump,183.9119,201.4882,1.6017,5.1661,404.6547,85.6055,1
2025-08-01 11:00:00,HSM.DSC.PMP01,cooling_descaling_pump,199.0756,201.4565,-0.548,5.3244,394.0272,82.7348,1
2025-08-01 12:00:00,HSM.DSC.PMP01,cooling_descaling_pump,182.6252,198.9694,-0.5478,5.0456,405.2097,81.3112,1
2025-08-01 13:00:00,HSM.DSC.PMP01,cooling_descaling_pump,170.3809,204.0226,-0.1737,5.1085,403.3462,85.8586,1
2025-08-01 14:00:00,HSM.DSC.PMP01,cooling_descaling_pump,223.7244,199.736,0.3373,5.0322,398.2884,79.5669,1
2025-08-01 15:00:00,HSM.DSC.PMP01,cooling_descaling_pump,194.4002,198.6853,0.1173,5.2589,400.0494,77.5769,1
2025-08-01 16:00:00,HSM.DSC.PMP01,cooling_descaling_pump,200.6809,200.758,0.246,5.2025,389.0978,81.9714,1
2025-08-01 17:00:00,HSM.DSC.PMP01,cooling_descaling_pump,191.4156,200.4054,0.1844,5.5648,399.9626,89.5151,1
2025-08-01 18:00:00,HSM.DSC.PMP01,cooling_descaling_pump,182.8814,205.257,0.9579,5.114,398.2598,87.4444,1
2025-08-01 19:00:00,HSM.DSC.PMP01,cooling_descaling_pump,179.5488,203.9134,-0.117,4.9209,400.6414,87.5597,1
2025-08-01 20:00:00,HSM.DSC.PMP01,cooling_descaling_pump,164.6688,196.6001,0.612,5.1693,397.4439,75.9519,1
2025-08-01 21:00:00,HSM.DSC.PMP01,cooling_descaling_pump,191.9987,199.5138,1.4181,5.279,400.6095,87.2423,1
2025-08-01 22:00:00,HSM.DSC.PMP01,cooling_descaling_pump,231.4366,202.5443,-0.7036,5.0099,404.1164,86.4728,1
2025-08-01 23:00:00,HSM.DSC.PMP01,cooling_descaling_pump,240.6049,192.8305,0.1222,5.372,394.1168,87.7152,1
2025-08-02 00:00:00,HSM.DSC.PMP01,cooling_descaling_pump,182.8793,196.9649,-0.1145,5.2515,404.4103,86.2289,1
2025-08-02 01:00:00,HSM.DSC.PMP01,cooling_descaling_pump,189.6004,201.7375,0.2576,5.34,394.4081,82.5839,1
2025-08-02 02:00:00,HSM.DSC.PMP01,cooling_descaling_pump,205.4973,203.5813,0.0413,5.3142,401.7706,88.9726,1
2025-08-02 03:00:00,HSM.DSC.PMP01,cooling_descaling_pump,208.8078,201.335,-1.4774,4.9022,408.1741,92.9894,1
2025-08-02 04:00:00,HSM.DSC.PMP01,cooling_descaling_pump,177.4123,197.6658,0.9378,5.0916,402.4955,88.0285,1
2025-08-02 05:00:00,HSM.DSC.PMP01,cooling_descaling_pump,179.6829,202.8147,0.7768,5.1902,398.8336,87.1346,1
2025-08-02 06:00:00,HSM.DSC.PMP01,cooling_descaling_pump,192.444,202.2269,-0.1869,5.183,405.7376,89.4368,1
2025-08-02 07:00:00,HSM.DSC.PMP01,cooling_descaling_pump,149.841,198.0772,-0.2232,5.2926,397.0851,83.4098,1
2025-08-02 08:00:00,HSM.DSC.PMP01,cooling_descaling_pump,175.5918,196.5822,-0.2069,5.203,393.8532,80.3589,1
2025-08-02 09:00:00,HSM.DSC.PMP01,cooling_descaling_pump,197.223,201.1337,-0.0444,5.221,402.0885,90.0188,1
2025-08-02 10:00:00,HSM.DSC.PMP01,cooling_descaling_pump,176.6681,205.0776,0.0305,5.1816,401.2785,85.683,1
2025-08-02 11:00:00,HSM.DSC.PMP01,cooling_descaling_pump,188.9104,201.7894,0.6242,4.8397,404.4011,81.73,1
2025-08-02 12:00:00,HSM.DSC.PMP01,cooling_descaling_pump,202.7028,201.9557,-0.4862,5.057,401.2546,86.6095,1
2025-08-02 13:00:00,HSM.DSC.PMP01,cooling_descaling_pump,201.7693,201.1054,1.1941,5.2368,403.3476,86.5628,1
2025-08-02 14:00:00,HSM.DSC.PMP01,cooling_descaling_pump,160.0032,201.3596,-1.0316,5.1657,402.5276,90.0023,1
2025-08-02 15:00:00,HSM.DSC.PMP01,cooling_descaling_pump,192.8869,206.5292,-1.0631,5.2798,398.2744,85.6457,1
2025-08-02 16:00:00,HSM.DSC.PMP01,cooling_descaling_pump,173.6716,203.4971,0.582,4.9285,400.1372,81.2355,1
2025-08-02 17:00:00,HSM.DSC.PMP01,cooling_descaling_pump,168.9603,203.8905,1.2745,5.0568,404.5395,82.5266,1
2025-08-02 18:00:00,HSM.DSC.PMP01,cooling_descaling_pump,186.6852,202.9808,0.3647,5.1295,405.2705,86.9659,1
2025-08-02 19:00:00,HSM.DSC.PMP01,cooling_descaling_pump,196.3604,201.6925,0.3766,5.0894,402.9421,86.0725,1
2025-08-02 20:00:00,HSM.DSC.PMP01,cooling_descaling_pump,195.648,193.4132,0.3554,5.0716,402.6524,83.655,1
2025-08-02 21:00:00,HSM.DSC.PMP01,cooling_descaling_pump,211.8535,195.6447,0.3186,5.4642,401.1123,91.5066,1
2025-08-02 22:00:00,HSM.DSC.PMP01,cooling_descaling_pump,184.3975,207.3359,-0.5131,4.9297,393.0348,76.3198,1
2025-08-02 23:00:00,HSM.DSC.PMP01,cooling_descaling_pump,205.1978,202.2705,0.8002,5.1313,405.382,84.2214,1
2025-08-03 00:00:00,HSM.DSC.PMP01,cooling_descaling_pump,170.2842,206.3044,-0.4296,5.0234,402.7309,81.3135,1
2025-08-03 01:00:00,HSM.DSC.PMP01,cooling_descaling_pump,200.059,203.7908,1.1717,5.4507,402.3635,96.8125,1
2025-08-03 02:00:00,HSM.DSC.PMP01,cooling_descaling_pump,197.2003,197.4787,-0.5139,5.2375,405.6803,92.1077,1
2025-08-03 03:00:00,HSM.DSC.PMP01,cooling_descaling_pump,176.2486,198.9148,-0.46,5.2646,392.2375,83.7341,1
2025-08-03 04:00:00,HSM.DSC.PMP01,cooling_descaling_pump,181.2964,208.2218,0.4827,5.3997,393.8242,93.8106,1
2025-08-03 05:00:00,HSM.DSC.PMP01,cooling_descaling_pump,177.3266,198.3847,0.8712,5.3439,396.8676,84.2762,1
2025-08-03 06:00:00,HSM.DSC.PMP01,cooling_descaling_pump,204.5094,199.3674,0.9095,5.17,407.854,90.1333,1
2025-08-03 07:00:00,HSM.DSC.PMP01,cooling_descaling_pump,238.5084,196.8545,0.2787,5.3122,401.1449,86.6072,1
2025-08-03 08:00:00,HSM.DSC.PMP01,cooling_descaling_pump,215.4262,202.4431,0.6918,5.1138,397.7274,86.088,1
2025-08-03 09:00:00,HSM.DSC.PMP01,cooling_descaling_pump,220.0493,199.7123,1.3912,4.8767,398.4992,92.2206,1
2025-08-03 10:00:00,HSM.DSC.PMP01,cooling_descaling_pump,200.3901,206.2138,0.4147,5.0817,405.9041,93.7769,1
2025-08-03 11:00:00,HSM.DSC.PMP01,cooling_descaling_pump,186.5076,195.5329,0.3002,5.2838,403.6105,91.2253,1
2025-08-03 12:00:00,HSM.DSC.PMP01,cooling_descaling_pump,172.4023,199.1162,0.3794,4.9869,406.4564,75.3961,1
2025-08-03 13:00:00,HSM.DSC.PMP01,cooling_descaling_pump,177.3783,195.0798,0.3323,5.1108,396.3613,82.2157,1
2025-08-03 14:00:00,HSM.DSC.PMP01,cooling_descaling_pump,184.5317,202.5554,-0.2589,5.1888,404.64,83.8498,1
2025-08-03 15:00:00,HSM.DSC.PMP01,cooling_descaling_pump,187.7972,200.2343,-0.62,5.2642,402.2808,80.3222,1
2025-08-03 16:00:00,HSM.DSC.PMP01,cooling_descaling_pump,202.1853,202.7145,1.4021,5.3779,398.479,89.8439,1
2025-08-03 17:00:00,HSM.DSC.PMP01,cooling_descaling_pump,161.926,201.7614,0.8912,5.274,398.9487,86.404,1
2025-08-03 18:00:00,HSM.DSC.PMP01,cooling_descaling_pump,174.8948,196.3325,-0.5568,5.3921,400.5327,85.7941,1
2025-08-03 19:00:00,HSM.DSC.PMP01,cooling_descaling_pump,179.0902,196.5327,-0.1594,5.4977,407.0455,88.3221,1
2025-08-03 20:00:00,HSM.DSC.PMP01,cooling_descaling_pump,162.8149,203.7163,1.0175,5.2311,399.8643,85.8579,1
2025-08-03 21:00:00,HSM.DSC.PMP01,cooling_descaling_pump,198.6185,197.6764,-0.7969,5.3891,399.6574,98.6255,1
2025-08-03 22:00:00,HSM.DSC.PMP01,cooling_descaling_pump,210.6598,202.5464,-0.7159,5.2393,398.2168,83.0133,1
2025-08-03 23:00:00,HSM.DSC.PMP01,cooling_descaling_pump,203.8176,202.9104,0.7071,5.1521,393.3525,85.4244,1
2025-08-04 00:00:00,HSM.DSC.PMP01,cooling_descaling_pump,194.098,202.7336,0.9151,5.1508,398.9204,78.1777,1
2025-08-04 01:00:00,HSM.DSC.PMP01,cooling_descaling_pump,193.7454,200.8402,0.185,5.0464,400.5612,85.2426,1
2025-08-04 02:00:00,HSM.DSC.PMP01,cooling_descaling_pump,176.8379,199.3846,0.9045,5.292,400.1177,91.5191,1
2025-08-04 03:00:00,HSM.DSC.PMP01,cooling_descaling_pump,225.6868,195.5592,-0.557,5.2672,402.4682,91.721,1
2025-08-04 04:00:00,HSM.DSC.PMP01,cooling_descaling_pump,180.8226,207.1769,-0.2054,5.0981,399.3475,85.3885,1
2025-08-04 05:00:00,HSM.DSC.PMP01,cooling_descaling_pump,245.3562,201.0842,0.3361,5.168,405.6796,94.7569,1
2025-08-04 06:00:00,HSM.DSC.PMP01,cooling_descaling_pump,176.6435,201.8829,0.2143,5.3502,403.5809,89.3497,1
2025-08-04 07:00:00,HSM.DSC.PMP01,cooling_descaling_pump,193.3168,198.177,0.7393,5.2073,398.1504,83.2589,1
2025-08-04 08:00:00,HSM.DSC.PMP01,cooling_descaling_pump,175.9145,197.5085,-0.0916,5.3932,397.5415,85.7464,1
2025-08-04 09:00:00,HSM.DSC.PMP01,cooling_descaling_pump,188.5421,203.4296,-0.4963,5.1068,404.7395,86.4578,1
2025-08-04 10:00:00,HSM.DSC.PMP01,cooling_descaling_pump,159.8443,196.8759,-0.2636,5.2163,399.6262,86.5772,1
2025-08-04 11:00:00,HSM.DSC.PMP01,cooling_descaling_pump,166.9534,201.0267,-0.2368,5.2716,398.6443,88.7159,1
2025-08-04 12:00:00,HSM.DSC.PMP01,cooling_descaling_pump,191.4488,202.4722,0.7285,5.2021,400.9993,84.4923,1
2025-08-04 13:00:00,HSM.DSC.PMP01,cooling_descaling_pump,226.2247,197.5065,-0.0635,5.1634,400.7863,82.2481,1
2025-08-04 14:00:00,HSM.DSC.PMP01,cooling_descaling_pump,178.7288,194.42,0.0069,5.4625,399.7598,85.8532,1
2025-08-04 15:00:00,HSM.DSC.PMP01,cooling_descaling_pump,190.9444,197.1438,0.6711,5.189,401.6775,81.9456,1
2025-08-04 16:00:00,HSM.DSC.PMP01,cooling_descaling_pump,217.7222,196.5057,-0.4564,5.3418,398.4935,92.4799,1
2025-08-04 17:00:00,HSM.DSC.PMP01,cooling_descaling_pump,189.1456,204.8615,0.0153,5.0837,399.9589,78.017,1
2025-08-04 18:00:00,HSM.DSC.PMP01,cooling_descaling_pump,180.7716,202.784,0.2874,5.3201,402.942,87.4892,1
2025-08-04 19:00:00,HSM.DSC.PMP01,cooling_descaling_pump,202.2896,193.3956,-0.6097,5.0242,402.6542,75.4081,1
2025-08-04 20:00:00,HSM.DSC.PMP01,cooling_descaling_pump,207.6577,198.4259,-0.1145,5.1767,401.1926,81.5922,1
2025-08-04 21:00:00,HSM.DSC.PMP01,cooling_descaling_pump,205.3686,192.9926,-0.0983,5.4028,403.0454,81.1139,1
2025-08-04 22:00:00,HSM.DSC.PMP01,cooling_descaling_pump,169.5957,195.5786,0.4981,5.481,397.5979,86.3539,1
2025-08-04 23:00:00,HSM.DSC.PMP01,cooling_descaling_pump,199.3688,204.8484,0.7768,5.1991,400.3701,84.8314,1
2025-08-05 00:00:00,HSM.DSC.PMP01,cooling_descaling_pump,193.3895,194.7189,-0.08,5.2917,400.0564,75.9357,1
2025-08-05 01:00:00,HSM.DSC.PMP01,cooling_descaling_pump,202.3067,200.379,-0.1733,5.0072,397.4869,77.7184,1
2025-08-05 02:00:00,HSM.DSC.PMP01,cooling_descaling_pump,202.1295,199.9446,0.7218,5.479,397.8838,85.5241,1
2025-08-05 03:00:00,HSM.DSC.PMP01,cooling_descaling_pump,178.4361,205.8445,0.7208,5.246,399.7236,81.4493,1
2025-08-05 04:00:00,HSM.DSC.PMP01,cooling_descaling_pump,188.6884,197.0228,0.8161,5.318,402.5347,82.5239,1
2025-08-05 05:00:00,HSM.DSC.PMP01,cooling_descaling_pump,166.1347,201.7567,0.8163,5.324,404.4368,88.8529,1
2025-08-05 06:00:00,HSM.DSC.PMP01,cooling_descaling_pump,203.5832,203.9982,-0.2054,5.239,396.7092,84.2329,1
2025-08-05 07:00:00,HSM.DSC.PMP01,cooling_descaling_pump,177.0691,203.1986,-0.1363,4.9751,396.9997,80.6202,1
2025-08-05 08:00:00,HSM.DSC.PMP01,cooling_descaling_pump,206.2604,206.3661,0.1313,5.1095,398.7222,87.5583,1
2025-08-05 09:00:00,HSM.DSC.PMP01,cooling_descaling_pump,197.8063,200.2517,0.5364,5.4903,397.4419,95.5484,1
2025-08-05 10:00:00,HSM.DSC.PMP01,cooling_descaling_pump,177.1782,197.9142,-0.0313,5.4163,396.2871,87.9026,1
2025-08-05 11:00:00,HSM.DSC.PMP01,cooling_descaling_pump,183.5996,200.2155,-0.2175,5.2188,401.3205,92.2493,1
2025-08-05 12:00:00,HSM.DSC.PMP01,cooling_descaling_pump,174.3566,196.822,-1.0123,5.5402,397.6289,86.8428,1
2025-08-05 13:00:00,HSM.DSC.PMP01,cooling_descaling_pump,178.2457,196.4284,-0.5815,5.6506,403.1734,96.469,1
2025-08-05 14:00:00,HSM.DSC.PMP01,cooling_descaling_pump,145.2078,200.7501,0.6757,5.7141,399.3727,89.4402,1
2025-08-05 15:00:00,HSM.DSC.PMP01,cooling_descaling_pump,184.8678,198.5055,-0.0095,5.5425,403.193,91.6728,1
2025-08-05 16:00:00,HSM.DSC.PMP01,cooling_descaling_pump,170.4916,198.2657,0.4046,5.2298,399.1401,83.486,1
2025-08-05 17:00:00,HSM.DSC.PMP01,cooling_descaling_pump,185.4578,195.2826,0.0216,5.2496,398.1964,84.7704,1
2025-08-05 18:00:00,HSM.DSC.PMP01,cooling_descaling_pump,179.4426,197.0457,-0.7113,5.1868,408.448,84.9238,1
2025-08-05 19:00:00,HSM.DSC.PMP01,cooling_descaling_pump,200.1908,200.331,-1.1702,5.3929,402.947,83.3753,1
2025-08-05 20:00:00,HSM.DSC.PMP01,cooling_descaling_pump,194.4666,197.6007,-0.6491,5.202,396.9246,79.3164,1
2025-08-05 21:00:00,HSM.DSC.PMP01,cooling_descaling_pump,213.7948,196.6768,-1.1686,5.2083,401.0996,78.4118,1
2025-08-05 22:00:00,HSM.DSC.PMP01,cooling_descaling_pump,192.4838,201.6601,-0.6804,5.2876,396.9973,84.2633,1
2025-08-05 23:00:00,HSM.DSC.PMP01,cooling_descaling_pump,190.0007,199.1075,0.7258,5.1889,407.3325,82.4635,1
2025-08-06 00:00:00,HSM.DSC.PMP01,cooling_descaling_pump,146.8736,199.8019,0.6993,5.3314,400.6988,82.3267,1
2025-08-06 01:00:00,HSM.DSC.PMP01,cooling_descaling_pump,188.3583,195.7493,1.2107,5.2096,398.2092,79.2943,1
2025-08-06 02:00:00,HSM.DSC.PMP01,cooling_descaling_pump,185.3239,199.9221,-0.7571,5.2608,405.1034,96.2722,1
2025-08-06 03:00:00,HSM.DSC.PMP01,cooling_descaling_pump,185.8476,204.1619,-0.3398,5.1425,401.2227,81.7655,1
2025-08-06 04:00:00,HSM.DSC.PMP01,cooling_descaling_pump,187.8088,199.43,-0.321,5.2517,406.4818,85.578,1
2025-08-06 05:00:00,HSM.DSC.PMP01,cooling_descaling_pump,260.4273,194.7501,-0.1306,4.9491,402.9534,85.4732,1
2025-08-06 06:00:00,HSM.DSC.PMP01,cooling_descaling_pump,214.2214,203.7103,-0.4512,5.1976,402.7658,81.1845,1
2025-08-06 07:00:00,HSM.DSC.PMP01,cooling_descaling_pump,206.9266,205.8072,-0.075,5.1163,407.9403,84.9825,1
2025-08-06 08:00:00,HSM.DSC.PMP01,cooling_descaling_pump,188.5626,194.3664,0.6218,5.3256,403.7609,93.4821,1
2025-08-06 09:00:00,HSM.DSC.PMP01,cooling_descaling_pump,207.2687,196.6363,-0.9929,5.546,395.2427,96.1723,1
2025-08-06 10:00:00,HSM.DSC.PMP01,cooling_descaling_pump,174.1564,201.8472,2.2002,5.4787,396.317,85.9729,1
2025-08-06 11:00:00,HSM.DSC.PMP01,cooling_descaling_pump,181.0912,201.3075,-0.0896,5.4547,408.9117,85.3741,1
2025-08-06 12:00:00,HSM.DSC.PMP01,cooling_descaling_pump,215.8027,202.4794,0.6575,5.3035,402.8102,85.8154,1
2025-08-06 13:00:00,HSM.DSC.PMP01,cooling_descaling_pump,186.7256,197.4142,-0.2819,5.3606,400.7572,86.6712,1
2025-08-06 14:00:00,HSM.DSC.PMP01,cooling_descaling_pump,182.4312,196.0759,0.3397,5.3907,395.2501,86.7273,1
2025-08-06 15:00:00,HSM.DSC.PMP01,cooling_descaling_pump,195.5886,200.235,0.4383,5.279,399.4895,91.3923,1
2025-08-06 16:00:00,HSM.DSC.PMP01,cooling_descaling_pump,198.5027,209.3793,0.6926,5.052,405.5033,93.3458,1
2025-08-06 17:00:00,HSM.DSC.PMP01,cooling_descaling_pump,190.6051,200.3211,-1.2891,5.1187,401.9446,82.7795,1
2025-08-06 18:00:00,HSM.DSC.PMP01,cooling_descaling_pump,212.6117,199.4218,0.4721,5.3175,401.8275,84.6543,1
2025-08-06 19:00:00,HSM.DSC.PMP01,cooling_descaling_pump,205.4812,202.0804,-0.1145,5.2289,395.3695,84.8255,1
2025-08-06 20:00:00,HSM.DSC.PMP01,cooling_descaling_pump,148.6593,199.9962,0.4745,5.2142,401.6831,80.8348,1
2025-08-06 21:00:00,HSM.DSC.PMP01,cooling_descaling_pump,193.8075,194.9124,-0.197,5.3709,400.7165,83.9568,1
2025-08-06 22:00:00,HSM.DSC.PMP01,cooling_descaling_pump,157.6351,197.9156,0.5733,5.4848,401.4673,90.1311,1
2025-08-06 23:00:00,HSM.DSC.PMP01,cooling_descaling_pump,200.884,201.2168,-0.2506,5.3746,406.1376,97.9117,1
2025-08-07 00:00:00,HSM.DSC.PMP01,cooling_descaling_pump,175.146,193.3049,-0.495,5.6362,394.9602,96.338,1
2025-08-07 01:00:00,HSM.DSC.PMP01,cooling_descaling_pump,187.8193,201.7769,0.2692,5.1558,397.5908,82.1533,1
2025-08-07 02:00:00,HSM.DSC.PMP01,cooling_descaling_pump,171.9811,203.8181,-1.1028,5.6339,395.8892,94.6238,1
2025-08-07 03:00:00,HSM.DSC.PMP01,cooling_descaling_pump,196.8745,199.3019,-1.0034,4.9589,402.6278,86.3451,1
2025-08-07 04:00:00,HSM.DSC.PMP01,cooling_descaling_pump,215.8616,200.8926,0.8315,5.1885,397.3557,81.2365,1
2025-08-07 05:00:00,HSM.DSC.PMP01,cooling_descaling_pump,191.2879,199.4327,-0.4232,5.1891,403.2747,85.675,1
2025-08-07 06:00:00,HSM.DSC.PMP01,cooling_descaling_pump,222.3961,201.413,0.8992,5.5054,398.853,97.0162,1
2025-08-07 07:00:00,HSM.DSC.PMP01,cooling_descaling_pump,182.679,203.607,1.5636,5.2903,399.3138,88.3345,1
2025-08-07 08:00:00,HSM.DSC.PMP01,cooling_descaling_pump,192.8333,202.1768,-0.3804,5.4764,395.6718,88.4422,1
2025-08-07 09:00:00,HSM.DSC.PMP01,cooling_descaling_pump,191.9438,205.5422,-0.4088,5.4864,405.6303,99.0,1
2025-08-07 10:00:00,HSM.DSC.PMP01,cooling_descaling_pump,224.5723,200.8497,0.8371,5.261,398.3106,85.7322,1
2025-08-07 11:00:00,HSM.DSC.PMP01,cooling_descaling_pump,204.1314,199.9595,1.2237,5.6587,397.4292,86.7202,1
2025-08-07 12:00:00,HSM.DSC.PMP01,cooling_descaling_pump,206.7543,200.7889,0.4812,5.2014,402.9973,90.1774,1
2025-08-07 13:00:00,HSM.DSC.PMP01,cooling_descaling_pump,205.3948,199.9355,-0.0537,5.1591,407.1418,89.7736,1
2025-08-07 14:00:00,HSM.DSC.PMP01,cooling_descaling_pump,178.5642,201.0968,-0.9929,5.3445,402.1673,80.0089,1
2025-08-07 15:00:00,HSM.DSC.PMP01,cooling_descaling_pump,208.0155,206.6346,0.345,5.1362,408.8943,86.4426,1
2025-08-07 16:00:00,HSM.DSC.PMP01,cooling_descaling_pump,191.8504,205.8451,0.4845,5.3538,396.6624,80.8199,1
2025-08-07 17:00:00,HSM.DSC.PMP01,cooling_descaling_pump,167.0654,201.2779,-0.5745,5.3625,397.6731,93.3808,1
2025-08-07 18:00:00,HSM.DSC.PMP01,cooling_descaling_pump,173.4936,194.0125,-0.5976,5.2201,405.0907,83.7485,1
2025-08-07 19:00:00,HSM.DSC.PMP01,cooling_descaling_pump,164.6924,202.9899,0.3861,5.4157,397.6512,85.831,1
2025-08-07 20:00:00,HSM.DSC.PMP01,cooling_descaling_pump,230.5254,205.4848,-0.7921,5.3504,399.6935,88.5861,1
2025-08-07 21:00:00,HSM.DSC.PMP01,cooling_descaling_pump,187.5612,200.758,0.1094,5.2922,404.4399,91.9306,1
2025-08-07 22:00:00,HSM.DSC.PMP01,cooling_descaling_pump,218.1838,201.952,0.2864,5.135,404.8493,79.2798,1
2025-08-07 23:00:00,HSM.DSC.PMP01,cooling_descaling_pump,185.8553,198.2745,-0.2286,5.2675,399.9239,83.7089,1
2025-08-08 00:00:00,HSM.DSC.PMP01,cooling_descaling_pump,193.684,202.6774,-0.7092,5.4952,395.6702,87.749,1
2025-08-08 01:00:00,HSM.DSC.PMP01,cooling_descaling_pump,211.3858,196.6881,0.5408,5.2291,399.3421,78.6408,1
2025-08-08 02:00:00,HSM.DSC.PMP01,cooling_descaling_pump,196.2056,202.5493,-0.6676,5.426,398.9424,86.8841,1
2025-08-08 03:00:00,HSM.DSC.PMP01,cooling_descaling_pump,231.5457,205.8877,-0.6163,4.8838,402.8819,83.1909,1
2025-08-08 04:00:00,HSM.DSC.PMP01,cooling_descaling_pump,167.9184,197.5364,0.7331,5.2773,405.6895,90.8176,1
2025-08-08 05:00:00,HSM.DSC.PMP01,cooling_descaling_pump,184.7048,197.7107,0.2408,5.4885,397.4827,96.21,1
2025-08-08 06:00:00,HSM.DSC.PMP01,cooling_descaling_pump,161.7907,203.2885,-0.0311,5.1418,405.9583,83.7896,1
2025-08-08 07:00:00,HSM.DSC.PMP01,cooling_descaling_pump,173.8662,201.9382,-0.7005,5.3958,404.3412,91.2628,1
2025-08-08 08:00:00,HSM.DSC.PMP01,cooling_descaling_pump,202.2558,198.5321,0.7426,5.2652,401.5759,83.0449,1
2025-08-08 09:00:00,HSM.DSC.PMP01,cooling_descaling_pump,176.6528,204.3345,1.3927,5.3684,395.2128,82.7345,1
2025-08-08 10:00:00,HSM.DSC.PMP01,cooling_descaling_pump,164.4444,200.501,0.2283,5.2679,408.2015,80.5452,1
2025-08-08 11:00:00,HSM.DSC.PMP01,cooling_descaling_pump,218.2262,204.533,0.593,4.8401,402.0912,73.2665,1
2025-08-08 12:00:00,HSM.DSC.PMP01,cooling_descaling_pump,205.1924,201.4282,0.0177,5.4217,397.3644,92.6376,1
2025-08-08 13:00:00,HSM.DSC.PMP01,cooling_descaling_pump,165.0021,200.9965,-0.1588,5.6037,398.1232,92.7098,1
2025-08-08 14:00:00,HSM.DSC.PMP01,cooling_descaling_pump,224.3103,198.8304,0.633,5.2676,403.7828,84.1716,1
2025-08-08 15:00:00,HSM.DSC.PMP01,cooling_descaling_pump,183.6734,200.3961,-0.3417,5.2484,407.5372,85.9538,1
2025-08-08 16:00:00,HSM.DSC.PMP01,cooling_descaling_pump,191.2702,198.7568,-0.5432,5.2584,404.8292,74.6397,1
2025-08-08 17:00:00,HSM.DSC.PMP01,cooling_descaling_pump,198.2808,201.7418,-0.0136,5.3031,399.644,86.696,1
2025-08-08 18:00:00,HSM.DSC.PMP01,cooling_descaling_pump,180.946,208.0968,1.3412,5.2148,405.9745,82.4462,1
2025-08-08 19:00:00,HSM.DSC.PMP01,cooling_descaling_pump,207.226,201.9526,0.1007,5.3375,402.6164,87.0758,1
2025-08-08 20:00:00,HSM.DSC.PMP01,cooling_descaling_pump,186.5602,201.7289,-0.6241,5.4081,396.6317,83.8689,1
2025-08-08 21:00:00,HSM.DSC.PMP01,cooling_descaling_pump,214.1332,198.4158,0.164,5.2255,396.7114,82.7457,1
2025-08-08 22:00:00,HSM.DSC.PMP01,cooling_descaling_pump,212.8199,197.4982,0.8398,5.4313,398.0844,95.115,1
2025-08-08 23:00:00,HSM.DSC.PMP01,cooling_descaling_pump,206.1513,195.8843,0.5405,5.3326,397.9416,84.3262,1
2025-08-09 00:00:00,HSM.DSC.PMP01,cooling_descaling_pump,172.2226,201.9584,0.9376,5.3727,400.0151,87.189,1
2025-08-09 01:00:00,HSM.DSC.PMP01,cooling_descaling_pump,181.0559,198.5601,0.117,5.211,397.7123,82.8926,1
2025-08-09 02:00:00,HSM.DSC.PMP01,cooling_descaling_pump,214.5646,200.3256,-0.0294,5.2269,402.8531,85.7493,1
2025-08-09 03:00:00,HSM.DSC.PMP01,cooling_descaling_pump,206.5648,193.3642,-0.1923,5.342,396.3655,86.2325,1
2025-08-09 04:00:00,HSM.DSC.PMP01,cooling_descaling_pump,183.9498,205.793,0.0327,5.1765,399.3361,83.6399,1
2025-08-09 05:00:00,HSM.DSC.PMP01,cooling_descaling_pump,165.3863,196.7854,-0.2959,5.3798,398.7711,94.8913,1
2025-08-09 06:00:00,HSM.DSC.PMP01,cooling_descaling_pump,153.459,207.3707,0.147,5.1949,398.6129,94.4373,1
2025-08-09 07:00:00,HSM.DSC.PMP01,cooling_descaling_pump,189.0295,201.6078,1.2734,5.6437,398.4072,96.9388,1
2025-08-09 08:00:00,HSM.DSC.PMP01,cooling_descaling_pump,197.6292,200.7436,-1.4907,5.364,397.9008,90.0097,1
2025-08-09 09:00:00,HSM.DSC.PMP01,cooling_descaling_pump,167.8794,197.0966,0.9152,5.2806,400.8379,82.4085,1
2025-08-09 10:00:00,HSM.DSC.PMP01,cooling_descaling_pump,180.8098,202.9355,0.4845,5.5159,401.2838,96.5583,1
2025-08-09 11:00:00,HSM.DSC.PMP01,cooling_descaling_pump,208.1493,194.4959,0.2902,5.5411,393.23,89.0943,1
2025-08-09 12:00:00,HSM.DSC.PMP01,cooling_descaling_pump,169.0499,193.7655,0.2983,5.51,401.4548,90.4026,1
2025-08-09 13:00:00,HSM.DSC.PMP01,cooling_descaling_pump,210.0703,198.7564,-0.0326,4.8974,409.1459,78.5594,1
2025-08-09 14:00:00,HSM.DSC.PMP01,cooling_descaling_pump,170.7017,202.107,0.6935,5.3779,401.2595,94.3464,1
2025-08-09 15:00:00,HSM.DSC.PMP01,cooling_descaling_pump,178.0557,198.8716,1.4185,5.3241,399.3388,76.9581,1
2025-08-09 16:00:00,HSM.DSC.PMP01,cooling_descaling_pump,206.4035,194.3439,-0.0262,5.3054,399.4907,84.4262,1
2025-08-09 17:00:00,HSM.DSC.PMP01,cooling_descaling_pump,158.4163,197.3797,0.8239,5.4464,403.2241,83.7354,1
2025-08-09 18:00:00,HSM.DSC.PMP01,cooling_descaling_pump,138.1754,204.9387,0.3634,5.5764,406.1253,82.0548,1
2025-08-09 19:00:00,HSM.DSC.PMP01,cooling_descaling_pump,188.601,202.1595,1.1291,5.6061,402.811,94.2581,1
2025-08-09 20:00:00,HSM.DSC.PMP01,cooling_descaling_pump,219.4858,202.5399,0.2567,5.3747,402.847,90.5282,1
2025-08-09 21:00:00,HSM.DSC.PMP01,cooling_descaling_pump,210.7662,200.4371,0.0897,5.3869,403.2377,89.9021,1
2025-08-09 22:00:00,HSM.DSC.PMP01,cooling_descaling_pump,204.2203,202.237,0.9149,5.41,400.0271,83.5506,1
2025-08-09 23:00:00,HSM.DSC.PMP01,cooling_descaling_pump,238.2568,202.8765,0.0329,5.0784,399.8275,79.3842,1
2025-08-10 00:00:00,HSM.DSC.PMP01,cooling_descaling_pump,126.7175,200.0149,0.3731,5.5312,399.9219,82.9279,1
2025-08-10 01:00:00,HSM.DSC.PMP01,cooling_descaling_pump,174.3997,197.0849,0.2304,5.4861,405.1657,86.0575,1
2025-08-10 02:00:00,HSM.DSC.PMP01,cooling_descaling_pump,154.4831,202.3434,0.3244,5.3039,394.8021,85.4205,1
2025-08-10 03:00:00,HSM.DSC.PMP01,cooling_descaling_pump,158.1969,202.8038,0.3192,5.2604,400.0876,89.464,1
2025-08-10 04:00:00,HSM.DSC.PMP01,cooling_descaling_pump,178.7331,198.806,1.2842,5.3359,402.3938,91.3324,1
2025-08-10 05:00:00,HSM.DSC.PMP01,cooling_descaling_pump,187.5653,201.0263,1.265,5.454,400.1612,84.916,1
2025-08-10 06:00:00,HSM.DSC.PMP01,cooling_descaling_pump,175.8954,203.8908,-0.6977,5.6082,399.7805,96.447,1
2025-08-10 07:00:00,HSM.DSC.PMP01,cooling_descaling_pump,205.1147,197.6093,-0.7074,5.5813,402.82,87.6543,1
2025-08-10 08:00:00,HSM.DSC.PMP01,cooling_descaling_pump,207.9428,201.4443,0.0601,5.433,402.5081,77.4175,1
2025-08-10 09:00:00,HSM.DSC.PMP01,cooling_descaling_pump,184.0512,205.239,0.2345,5.3052,401.8949,90.6326,1
2025-08-10 10:00:00,HSM.DSC.PMP01,cooling_descaling_pump,183.9776,200.1329,-0.4241,5.1319,399.6536,77.012,1
2025-08-10 11:00:00,HSM.DSC.PMP01,cooling_descaling_pump,189.8976,196.9099,-0.6712,5.322,398.0629,83.8277,1
2025-08-10 12:00:00,HSM.DSC.PMP01,cooling_descaling_pump,155.0249,205.4921,-0.3025,5.3889,399.9736,89.1179,1
2025-08-10 13:00:00,HSM.DSC.PMP01,cooling_descaling_pump,177.3666,200.1085,1.4624,5.2969,397.3719,84.7375,1
2025-08-10 14:00:00,HSM.DSC.PMP01,cooling_descaling_pump,208.3766,199.2022,0.3795,5.5027,392.5377,84.8529,1
2025-08-10 15:00:00,HSM.DSC.PMP01,cooling_descaling_pump,168.5338,203.3619,-0.2014,5.511,397.9139,83.9607,1
2025-08-10 16:00:00,HSM.DSC.PMP01,cooling_descaling_pump,213.8632,199.5576,0.0777,5.1407,401.805,82.233,1
2025-08-10 17:00:00,HSM.DSC.PMP01,cooling_descaling_pump,198.3034,198.9165,1.341,5.4858,396.8079,87.0382,1
2025-08-10 18:00:00,HSM.DSC.PMP01,cooling_descaling_pump,177.6641,203.4524,-0.395,5.4228,400.8196,83.6955,1
2025-08-10 19:00:00,HSM.DSC.PMP01,cooling_descaling_pump,170.3717,194.3431,-0.8832,5.7006,396.3548,88.2005,1
2025-08-10 20:00:00,HSM.DSC.PMP01,cooling_descaling_pump,162.9852,197.8205,-0.8196,5.3368,399.1794,83.0619,1
2025-08-10 21:00:00,HSM.DSC.PMP01,cooling_descaling_pump,179.8943,200.4079,-0.1814,5.5575,393.2672,90.2111,1
2025-08-10 22:00:00,HSM.DSC.PMP01,cooling_descaling_pump,177.2883,198.8957,1.4102,5.4779,403.2021,86.089,1
2025-08-10 23:00:00,HSM.DSC.PMP01,cooling_descaling_pump,162.4252,197.0485,0.1864,5.6468,393.9123,89.4924,1
2025-08-11 00:00:00,HSM.DSC.PMP01,cooling_descaling_pump,201.0127,197.4292,1.0459,5.4787,400.1661,89.0747,1
2025-08-11 01:00:00,HSM.DSC.PMP01,cooling_descaling_pump,195.0403,201.052,-0.4673,5.2421,405.2241,93.6895,1
2025-08-11 02:00:00,HSM.DSC.PMP01,cooling_descaling_pump,198.6032,204.9116,-1.2674,5.2895,398.6838,86.6854,1
2025-08-11 03:00:00,HSM.DSC.PMP01,cooling_descaling_pump,187.5114,199.3153,1.5822,5.2329,402.3379,83.9583,1
2025-08-11 04:00:00,HSM.DSC.PMP01,cooling_descaling_pump,200.582,196.6961,1.3925,5.2055,402.0209,85.6599,1
2025-08-11 05:00:00,HSM.DSC.PMP01,cooling_descaling_pump,209.4749,197.8997,0.4621,5.4598,402.9039,93.5384,1
2025-08-11 06:00:00,HSM.DSC.PMP01,cooling_descaling_pump,234.0036,201.1315,0.1901,5.5244,400.6358,98.7531,1
2025-08-11 07:00:00,HSM.DSC.PMP01,cooling_descaling_pump,171.8307,200.3637,0.8585,5.3066,397.4301,81.6313,1
2025-08-11 08:00:00,HSM.DSC.PMP01,cooling_descaling_pump,180.8771,203.1573,0.315,5.1963,409.2873,88.3997,1
2025-08-11 09:00:00,HSM.DSC.PMP01,cooling_descaling_pump,183.198,204.9267,-0.148,5.5142,401.3649,88.2516,1
2025-08-11 10:00:00,HSM.DSC.PMP01,cooling_descaling_pump,188.4775,202.8251,0.4339,5.5358,399.6507,94.5663,1
2025-08-11 11:00:00,HSM.DSC.PMP01,cooling_descaling_pump,179.2501,197.8518,-0.0513,5.359,396.9782,84.05,1
2025-08-11 12:00:00,HSM.DSC.PMP01,cooling_descaling_pump,197.8314,204.1325,0.8993,5.1301,400.7317,85.906,1
2025-08-11 13:00:00,HSM.DSC.PMP01,cooling_descaling_pump,165.698,198.9089,-0.4362,5.5336,395.8835,87.9832,1
2025-08-11 14:00:00,HSM.DSC.PMP01,cooling_descaling_pump,205.673,199.3884,0.1141,5.5128,401.0848,89.4814,1
2025-08-11 15:00:00,HSM.DSC.PMP01,cooling_descaling_pump,161.7456,203.928,0.728,5.3876,399.9651,83.802,1
2025-08-11 16:00:00,HSM.DSC.PMP01,cooling_descaling_pump,212.4558,207.1152,-0.5622,5.214,408.2138,83.4773,1
2025-08-11 17:00:00,HSM.DSC.PMP01,cooling_descaling_pump,170.4819,206.6981,0.3546,5.3309,396.3249,89.7365,1
2025-08-11 18:00:00,HSM.DSC.PMP01,cooling_descaling_pump,163.4698,200.5362,-0.2054,5.3603,398.3863,81.4545,1
2025-08-11 19:00:00,HSM.DSC.PMP01,cooling_descaling_pump,184.9222,198.8864,-0.6021,5.2601,396.801,85.1594,1
2025-08-11 20:00:00,HSM.DSC.PMP01,cooling_descaling_pump,181.3725,202.0562,-0.3744,5.1237,400.31,84.5599,1
2025-08-11 21:00:00,HSM.DSC.PMP01,cooling_descaling_pump,193.3274,201.4228,0.4336,5.188,407.1163,80.8253,1
2025-08-11 22:00:00,HSM.DSC.PMP01,cooling_descaling_pump,180.3281,198.7124,1.0219,5.4845,401.3775,89.6421,1
2025-08-11 23:00:00,HSM.DSC.PMP01,cooling_descaling_pump,193.4133,199.598,0.3994,4.9753,400.8483,74.1451,1
2025-08-12 00:00:00,HSM.DSC.PMP01,cooling_descaling_pump,188.9898,197.6376,0.5378,5.1797,402.8056,82.0234,1
2025-08-12 01:00:00,HSM.DSC.PMP01,cooling_descaling_pump,162.5746,203.6385,-0.8,5.1742,409.0093,87.5184,1
2025-08-12 02:00:00,HSM.DSC.PMP01,cooling_descaling_pump,233.6024,205.8971,-0.2425,5.3456,401.7723,93.3544,1
2025-08-12 03:00:00,HSM.DSC.PMP01,cooling_descaling_pump,158.484,200.9327,-0.5478,5.7152,399.2047,95.1782,1
2025-08-12 04:00:00,HSM.DSC.PMP01,cooling_descaling_pump,156.0146,196.1284,0.1657,5.4421,409.0803,88.3465,1
2025-08-12 05:00:00,HSM.DSC.PMP01,cooling_descaling_pump,226.0041,201.0557,0.736,5.4283,405.2845,95.6572,1
2025-08-12 06:00:00,HSM.DSC.PMP01,cooling_descaling_pump,191.3013,192.6224,-0.1257,5.3483,402.2185,80.9919,1
2025-08-12 07:00:00,HSM.DSC.PMP01,cooling_descaling_pump,188.5915,198.7976,0.7858,5.4099,400.2012,88.0106,1
2025-08-12 08:00:00,HSM.DSC.PMP01,cooling_descaling_pump,173.3785,202.3058,-1.2066,5.3494,399.8619,92.2028,1
2025-08-12 09:00:00,HSM.DSC.PMP01,cooling_descaling_pump,199.3701,204.4661,-0.11,5.3622,400.8841,94.1521,1
2025-08-12 10:00:00,HSM.DSC.PMP01,cooling_descaling_pump,198.1591,197.5728,-0.2306,5.2758,402.0591,81.0381,1
2025-08-12 11:00:00,HSM.DSC.PMP01,cooling_descaling_pump,205.1638,200.6964,0.0237,5.5771,397.171,85.9578,1
2025-08-12 12:00:00,HSM.DSC.PMP01,cooling_descaling_pump,190.6316,206.4664,-0.2212,5.5043,398.5329,90.9326,1
2025-08-12 13:00:00,HSM.DSC.PMP01,cooling_descaling_pump,158.759,195.1334,-0.3077,5.4044,394.9634,85.7405,1
2025-08-12 14:00:00,HSM.DSC.PMP01,cooling_descaling_pump,183.6892,205.7917,0.3305,5.4161,399.4183,79.5937,1
2025-08-12 15:00:00,HSM.DSC.PMP01,cooling_descaling_pump,199.7849,201.1632,1.7465,5.5017,400.3359,90.2731,1
2025-08-12 16:00:00,HSM.DSC.PMP01,cooling_descaling_pump,218.7714,201.3268,0.0201,5.3052,409.3521,84.1068,1
2025-08-12 17:00:00,HSM.DSC.PMP01,cooling_descaling_pump,199.6859,198.2816,0.713,5.3585,400.5141,86.9075,1
2025-08-12 18:00:00,HSM.DSC.PMP01,cooling_descaling_pump,184.0327,201.2559,-0.0044,5.4848,397.0561,85.5845,1
2025-08-12 19:00:00,HSM.DSC.PMP01,cooling_descaling_pump,182.6487,197.8399,0.1819,5.3178,397.3358,85.658,1
2025-08-12 20:00:00,HSM.DSC.PMP01,cooling_descaling_pump,210.8929,198.2058,0.6045,5.3212,403.9097,87.0588,1
2025-08-12 21:00:00,HSM.DSC.PMP01,cooling_descaling_pump,177.8944,200.3238,-0.3172,5.2906,406.2905,88.7594,1
2025-08-12 22:00:00,HSM.DSC.PMP01,cooling_descaling_pump,227.8185,200.1952,-0.83,5.2467,396.2537,78.8961,1
2025-08-12 23:00:00,HSM.DSC.PMP01,cooling_descaling_pump,194.4894,192.5349,-1.0452,5.7489,399.3841,91.916,1
2025-08-13 00:00:00,HSM.DSC.PMP01,cooling_descaling_pump,181.9574,203.4919,0.8416,5.4689,402.8943,90.0667,1
2025-08-13 01:00:00,HSM.DSC.PMP01,cooling_descaling_pump,213.8041,199.6639,1.1205,5.2262,401.669,84.5183,1
2025-08-13 02:00:00,HSM.DSC.PMP01,cooling_descaling_pump,179.1767,203.1328,-0.2475,5.4054,395.235,83.6037,1
2025-08-13 03:00:00,HSM.DSC.PMP01,cooling_descaling_pump,163.0216,201.4097,0.4205,5.3668,401.2759,80.5122,1
2025-08-13 04:00:00,HSM.DSC.PMP01,cooling_descaling_pump,154.9417,201.8324,0.4572,5.6012,395.9105,86.739,1
2025-08-13 05:00:00,HSM.DSC.PMP01,cooling_descaling_pump,158.9169,194.9116,0.0053,5.4472,399.9723,87.1243,1
2025-08-13 06:00:00,HSM.DSC.PMP01,cooling_descaling_pump,190.2533,201.035,-0.1656,5.0967,406.0521,91.0668,1
2025-08-13 07:00:00,HSM.DSC.PMP01,cooling_descaling_pump,160.7341,201.4537,-0.814,5.2369,400.5141,84.4991,1
2025-08-13 08:00:00,HSM.DSC.PMP01,cooling_descaling_pump,223.0999,202.4574,0.5409,5.2358,401.998,93.675,1
2025-08-13 09:00:00,HSM.DSC.PMP01,cooling_descaling_pump,192.6861,202.632,-0.2519,5.2001,402.5225,80.2117,1
2025-08-13 10:00:00,HSM.DSC.PMP01,cooling_descaling_pump,189.6653,198.3689,1.4366,5.1791,400.226,88.3089,1
2025-08-13 11:00:00,HSM.DSC.PMP01,cooling_descaling_pump,188.0407,200.877,0.5799,5.2303,404.8018,86.8847,1
2025-08-13 12:00:00,HSM.DSC.PMP01,cooling_descaling_pump,188.3423,204.1616,0.2842,5.1425,402.8069,86.645,1
2025-08-13 13:00:00,HSM.DSC.PMP01,cooling_descaling_pump,173.3345,206.8132,-0.725,5.2041,397.4592,82.0814,1
2025-08-13 14:00:00,HSM.DSC.PMP01,cooling_descaling_pump,179.4683,200.1298,-0.0018,5.5628,404.939,91.8228,1
2025-08-13 15:00:00,HSM.DSC.PMP01,cooling_descaling_pump,180.598,203.5626,0.7017,5.1656,400.8929,74.4834,1
2025-08-13 16:00:00,HSM.DSC.PMP01,cooling_descaling_pump,169.9881,200.0402,-0.266,5.49,401.9678,90.53,1
2025-08-13 17:00:00,HSM.DSC.PMP01,cooling_descaling_pump,219.4952,198.47,0.0976,5.1592,394.3895,80.3796,1
2025-08-13 18:00:00,HSM.DSC.PMP01,cooling_descaling_pump,196.9174,200.1147,-0.4421,5.4268,403.4316,85.6638,1
2025-08-13 19:00:00,HSM.DSC.PMP01,cooling_descaling_pump,151.4777,199.0727,-0.0928,5.6969,400.5279,88.5175,1
2025-08-13 20:00:00,HSM.DSC.PMP01,cooling_descaling_pump,174.4914,197.1903,-0.6054,5.4782,402.169,82.0259,1
2025-08-13 21:00:00,HSM.DSC.PMP01,cooling_descaling_pump,189.2388,203.7615,-0.72,5.4043,397.4965,83.9904,1
2025-08-13 22:00:00,HSM.DSC.PMP01,cooling_descaling_pump,187.9003,201.9342,1.0192,5.1358,402.0753,78.3913,1
2025-08-13 23:00:00,HSM.DSC.PMP01,cooling_descaling_pump,225.1926,199.3947,1.3043,5.2771,406.4081,87.5178,2
2025-08-14 00:00:00,HSM.DSC.PMP01,cooling_descaling_pump,189.5578,199.4914,-0.0198,5.5459,397.2521,92.0071,2
2025-08-14 01:00:00,HSM.DSC.PMP01,cooling_descaling_pump,178.3989,197.2827,0.5052,5.6488,393.646,87.7802,2
2025-08-14 02:00:00,HSM.DSC.PMP01,cooling_descaling_pump,173.8578,203.8039,-0.4819,5.4117,401.9174,87.3532,2
2025-08-14 03:00:00,HSM.DSC.PMP01,cooling_descaling_pump,184.7146,193.6084,0.0506,5.0732,400.7077,78.2629,2
2025-08-14 04:00:00,HSM.DSC.PMP01,cooling_descaling_pump,188.2142,202.7207,0.8262,5.3883,401.2819,90.4085,2
2025-08-14 05:00:00,HSM.DSC.PMP01,cooling_descaling_pump,187.6442,206.5882,2.1037,5.2542,402.7539,81.9963,2
2025-08-14 06:00:00,HSM.DSC.PMP01,cooling_descaling_pump,148.49,208.3182,0.0269,5.1905,398.7997,86.0374,2
2025-08-14 07:00:00,HSM.DSC.PMP01,cooling_descaling_pump,179.6057,198.5875,1.121,4.9323,408.1169,80.5041,2
2025-08-14 08:00:00,HSM.DSC.PMP01,cooling_descaling_pump,190.181,200.4352,0.7402,5.2175,400.1405,86.6731,2
2025-08-14 09:00:00,HSM.DSC.PMP01,cooling_descaling_pump,197.9478,201.5564,0.3793,5.4034,405.412,93.1924,2
2025-08-14 10:00:00,HSM.DSC.PMP01,cooling_descaling_pump,217.433,203.3886,-1.007,5.6179,397.5445,98.1345,2
2025-08-14 11:00:00,HSM.DSC.PMP01,cooling_descaling_pump,191.8252,200.6932,-0.679,5.2002,400.9782,85.6729,2
2025-08-14 12:00:00,HSM.DSC.PMP01,cooling_descaling_pump,191.1611,197.4288,-0.4582,5.3313,397.0974,85.1166,2
2025-08-14 13:00:00,HSM.DSC.PMP01,cooling_descaling_pump,217.2534,195.9837,0.4356,5.4659,401.8284,91.7777,2
2025-08-14 14:00:00,HSM.DSC.PMP01,cooling_descaling_pump,194.715,202.5751,-0.2745,5.3462,402.8972,80.313,2
2025-08-14 15:00:00,HSM.DSC.PMP01,cooling_descaling_pump,198.2372,197.7201,0.363,5.2412,402.2997,77.4179,2
2025-08-14 16:00:00,HSM.DSC.PMP01,cooling_descaling_pump,180.4278,203.1583,-0.0005,5.4059,395.5663,90.4324,2
2025-08-14 17:00:00,HSM.DSC.PMP01,cooling_descaling_pump,192.83,205.239,1.115,5.2686,405.9814,86.8108,2
2025-08-14 18:00:00,HSM.DSC.PMP01,cooling_descaling_pump,184.5516,198.4901,-0.3017,5.2001,401.6313,86.7318,2
2025-08-14 19:00:00,HSM.DSC.PMP01,cooling_descaling_pump,203.5038,201.8147,0.0851,5.3319,395.1133,82.245,2
2025-08-14 20:00:00,HSM.DSC.PMP01,cooling_descaling_pump,203.3237,197.9794,0.6658,5.0985,404.034,79.738,2
2025-08-14 21:00:00,HSM.DSC.PMP01,cooling_descaling_pump,160.1697,199.507,0.5956,5.265,404.5134,85.7891,2
2025-08-14 22:00:00,HSM.DSC.PMP01,cooling_descaling_pump,180.7756,199.4078,0.1129,5.3843,397.7568,86.5701,2
2025-08-14 23:00:00,HSM.DSC.PMP01,cooling_descaling_pump,228.8938,198.7974,-0.12,5.2449,397.3187,77.3431,2
2025-08-15 00:00:00,HSM.DSC.PMP01,cooling_descaling_pump,180.2996,198.8723,0.0191,5.4448,401.7419,87.9356,2
2025-08-15 01:00:00,HSM.DSC.PMP01,cooling_descaling_pump,246.5257,206.1346,0.7583,5.1542,400.1513,86.4177,2
2025-08-15 02:00:00,HSM.DSC.PMP01,cooling_descaling_pump,192.7424,199.9294,-0.1754,5.6703,400.8011,94.4888,2
2025-08-15 03:00:00,HSM.DSC.PMP01,cooling_descaling_pump,198.8074,199.102,-0.8984,5.5702,398.1123,93.7928,2
2025-08-15 04:00:00,HSM.DSC.PMP01,cooling_descaling_pump,195.1442,200.8969,-0.0608,5.5458,397.8483,91.4958,2
2025-08-15 05:00:00,HSM.DSC.PMP01,cooling_descaling_pump,152.1363,202.5845,-1.019,5.6247,395.5876,88.9393,2
2025-08-15 06:00:00,HSM.DSC.PMP01,cooling_descaling_pump,186.4885,198.4452,-0.397,5.5068,399.7092,86.4204,2
2025-08-15 07:00:00,HSM.DSC.PMP01,cooling_descaling_pump,229.8742,206.2716,0.8183,5.2567,400.0751,88.0355,2
2025-08-15 08:00:00,HSM.DSC.PMP01,cooling_descaling_pump,137.8997,199.5423,0.8403,5.4283,398.1223,90.8247,2
2025-08-15 09:00:00,HSM.DSC.PMP01,cooling_descaling_pump,163.7218,203.4194,0.7267,5.2448,401.6181,79.1476,2
2025-08-15 10:00:00,HSM.DSC.PMP01,cooling_descaling_pump,166.7243,198.6717,-0.7188,5.4516,395.7615,84.8428,2
2025-08-15 11:00:00,HSM.DSC.PMP01,cooling_descaling_pump,193.2025,199.0922,0.4984,5.3454,403.9329,81.34,2
2025-08-15 12:00:00,HSM.DSC.PMP01,cooling_descaling_pump,149.594,203.6325,-0.3304,5.2354,400.6091,82.9446,2
2025-08-15 13:00:00,HSM.DSC.PMP01,cooling_descaling_pump,182.8975,200.2386,-0.3975,5.1209,403.3824,78.9079,2
2025-08-15 14:00:00,HSM.DSC.PMP01,cooling_descaling_pump,230.9819,202.6074,0.2848,5.2724,402.7361,88.9055,2
2025-08-15 15:00:00,HSM.DSC.PMP01,cooling_descaling_pump,153.0066,195.7693,0.1112,5.3264,399.9397,89.1854,2
2025-08-15 16:00:00,HSM.DSC.PMP01,cooling_descaling_pump,196.0143,199.354,0.2617,5.3505,397.921,82.4438,2
2025-08-15 17:00:00,HSM.DSC.PMP01,cooling_descaling_pump,172.5656,203.0644,-0.2589,5.0447,403.7064,87.591,2
2025-08-15 18:00:00,HSM.DSC.PMP01,cooling_descaling_pump,191.2203,202.4847,-0.6668,5.5729,396.2779,90.8527,2
2025-08-15 19:00:00,HSM.DSC.PMP01,cooling_descaling_pump,160.0755,201.3549,0.6523,5.5591,406.4006,91.8437,2
2025-08-15 20:00:00,HSM.DSC.PMP01,cooling_descaling_pump,180.9155,202.5977,-0.4434,5.5518,401.6806,93.7727,2
2025-08-15 21:00:00,HSM.DSC.PMP01,cooling_descaling_pump,225.5128,198.8603,0.7862,5.2615,413.8802,88.9824,2
2025-08-15 22:00:00,HSM.DSC.PMP01,cooling_descaling_pump,172.1688,205.6463,-0.3738,5.1967,400.6368,83.9447,2
2025-08-15 23:00:00,HSM.DSC.PMP01,cooling_descaling_pump,178.803,203.5736,0.964,5.6401,403.0745,89.9023,2
2025-08-16 00:00:00,HSM.DSC.PMP01,cooling_descaling_pump,183.3663,198.6842,0.4277,5.5852,401.5924,93.3636,2
2025-08-16 01:00:00,HSM.DSC.PMP01,cooling_descaling_pump,163.2974,207.8737,-1.0369,5.2842,403.9926,86.2749,2
2025-08-16 02:00:00,HSM.DSC.PMP01,cooling_descaling_pump,188.0452,198.6039,-0.4909,5.4549,399.1912,95.9371,2
2025-08-16 03:00:00,HSM.DSC.PMP01,cooling_descaling_pump,173.6371,201.2175,-0.507,5.3435,400.3135,85.7027,2
2025-08-16 04:00:00,HSM.DSC.PMP01,cooling_descaling_pump,190.4135,207.018,1.5368,5.1314,403.323,84.2751,2
2025-08-16 05:00:00,HSM.DSC.PMP01,cooling_descaling_pump,210.7638,194.0847,-0.2661,5.4211,402.8903,89.5801,2
2025-08-16 06:00:00,HSM.DSC.PMP01,cooling_descaling_pump,209.3465,203.07,-1.067,5.384,395.8783,90.4581,2
2025-08-16 07:00:00,HSM.DSC.PMP01,cooling_descaling_pump,218.6521,202.4941,-0.1597,5.3846,404.6435,86.8738,2
2025-08-16 08:00:00,HSM.DSC.PMP01,cooling_descaling_pump,184.008,195.7241,0.0177,5.5797,402.2586,92.3329,2
2025-08-16 09:00:00,HSM.DSC.PMP01,cooling_descaling_pump,192.8087,200.014,-0.2744,5.5298,402.3787,93.1878,2
2025-08-16 10:00:00,HSM.DSC.PMP01,cooling_descaling_pump,161.811,198.2536,-0.2478,5.3436,396.556,83.0078,2
2025-08-16 11:00:00,HSM.DSC.PMP01,cooling_descaling_pump,171.4068,202.708,0.332,5.2903,405.043,81.1296,2
2025-08-16 12:00:00,HSM.DSC.PMP01,cooling_descaling_pump,208.9573,199.7527,-0.6554,5.6102,400.5823,85.6511,2
2025-08-16 13:00:00,HSM.DSC.PMP01,cooling_descaling_pump,187.9567,205.682,-0.171,5.4262,403.5666,87.5662,2
2025-08-16 14:00:00,HSM.DSC.PMP01,cooling_descaling_pump,158.4486,202.1532,-0.2071,5.4114,401.1219,81.2789,2
2025-08-16 15:00:00,HSM.DSC.PMP01,cooling_descaling_pump,189.0056,192.7114,-1.2364,5.3942,403.9291,86.1398,2
2025-08-16 16:00:00,HSM.DSC.PMP01,cooling_descaling_pump,171.7848,202.3494,0.0666,5.5197,396.1117,91.2739,2
2025-08-16 17:00:00,HSM.DSC.PMP01,cooling_descaling_pump,160.722,193.7234,-0.5709,5.5413,401.7161,76.1946,2
2025-08-16 18:00:00,HSM.DSC.PMP01,cooling_descaling_pump,192.8836,201.5099,0.4855,5.1849,399.2969,79.7904,2
2025-08-16 19:00:00,HSM.DSC.PMP01,cooling_descaling_pump,234.7839,202.1454,0.0207,5.1666,399.0551,80.4968,2
2025-08-16 20:00:00,HSM.DSC.PMP01,cooling_descaling_pump,234.4565,203.5465,0.179,5.2563,397.8761,75.5004,2
2025-08-16 21:00:00,HSM.DSC.PMP01,cooling_descaling_pump,239.6942,201.4817,1.3352,5.3343,400.2063,89.4909,2
2025-08-16 22:00:00,HSM.DSC.PMP01,cooling_descaling_pump,198.4742,202.0547,-0.6261,5.4066,397.8278,80.2252,2
2025-08-16 23:00:00,HSM.DSC.PMP01,cooling_descaling_pump,237.7011,195.5967,0.3893,5.3457,399.2595,87.5535,2
2025-08-17 00:00:00,HSM.DSC.PMP01,cooling_descaling_pump,161.3444,205.6636,0.8777,5.177,395.9423,89.0782,2
2025-08-17 01:00:00,HSM.DSC.PMP01,cooling_descaling_pump,162.1879,196.9463,1.255,5.5295,400.0503,83.4082,2
2025-08-17 02:00:00,HSM.DSC.PMP01,cooling_descaling_pump,174.138,205.3804,0.4062,5.4463,403.2584,95.8822,2
2025-08-17 03:00:00,HSM.DSC.PMP01,cooling_descaling_pump,156.1023,197.3809,-0.1915,5.3375,399.4587,82.9605,2
2025-08-17 04:00:00,HSM.DSC.PMP01,cooling_descaling_pump,179.5881,197.7785,-0.2191,5.3857,403.0171,79.6637,2
2025-08-17 05:00:00,HSM.DSC.PMP01,cooling_descaling_pump,224.4996,205.6457,-0.4001,5.3398,402.3937,89.3239,2
2025-08-17 06:00:00,HSM.DSC.PMP01,cooling_descaling_pump,208.6797,207.836,-0.3955,5.2809,396.8869,90.148,2
2025-08-17 07:00:00,HSM.DSC.PMP01,cooling_descaling_pump,193.1374,202.5643,0.0847,5.5004,406.4428,99.0,2
2025-08-17 08:00:00,HSM.DSC.PMP01,cooling_descaling_pump,213.6347,202.6888,0.7041,5.3677,398.635,92.8103,2
2025-08-17 09:00:00,HSM.DSC.PMP01,cooling_descaling_pump,229.2295,201.2939,0.5885,5.1992,396.9637,82.342,2
2025-08-17 10:00:00,HSM.DSC.PMP01,cooling_descaling_pump,193.1518,199.6306,-0.222,5.2131,406.2788,78.438,2
2025-08-17 11:00:00,HSM.DSC.PMP01,cooling_descaling_pump,205.351,204.738,-0.6903,5.3662,396.0773,84.5523,2
2025-08-17 12:00:00,HSM.DSC.PMP01,cooling_descaling_pump,169.4789,199.5412,-0.0909,5.4629,405.5424,81.9921,2
2025-08-17 13:00:00,HSM.DSC.PMP01,cooling_descaling_pump,189.2921,196.5966,0.6954,5.3513,405.518,86.1866,2
2025-08-17 14:00:00,HSM.DSC.PMP01,cooling_descaling_pump,203.3022,201.4759,-0.2091,5.3407,408.0733,90.7086,2
2025-08-17 15:00:00,HSM.DSC.PMP01,cooling_descaling_pump,227.5168,203.2503,1.2868,5.1928,395.8168,84.048,2
2025-08-17 16:00:00,HSM.DSC.PMP01,cooling_descaling_pump,217.6904,204.2042,0.5743,5.1285,396.9563,76.9851,2
2025-08-17 17:00:00,HSM.DSC.PMP01,cooling_descaling_pump,166.4727,205.6897,-1.137,5.5213,398.7924,85.7558,2
2025-08-17 18:00:00,HSM.DSC.PMP01,cooling_descaling_pump,193.2648,199.1826,-0.3778,5.2885,399.0308,82.7632,2
2025-08-17 19:00:00,HSM.DSC.PMP01,cooling_descaling_pump,204.704,200.8349,-0.3296,5.2249,403.0499,86.4687,2
2025-08-17 20:00:00,HSM.DSC.PMP01,cooling_descaling_pump,214.1147,201.4407,-0.389,5.2721,401.0745,90.4622,2
2025-08-17 21:00:00,HSM.DSC.PMP01,cooling_descaling_pump,206.6401,200.6572,1.0908,5.0954,395.8604,82.5628,2
2025-08-17 22:00:00,HSM.DSC.PMP01,cooling_descaling_pump,148.9595,195.5599,-0.1844,5.5611,398.5718,89.2704,2
2025-08-17 23:00:00,HSM.DSC.PMP01,cooling_descaling_pump,189.7898,199.9721,-0.3916,5.0682,401.9036,82.7046,2
2025-08-18 00:00:00,HSM.DSC.PMP01,cooling_descaling_pump,173.0637,196.509,0.2125,5.3754,405.0472,87.0362,2
2025-08-18 01:00:00,HSM.DSC.PMP01,cooling_descaling_pump,197.1504,205.5359,0.3104,5.1341,404.7124,77.6529,2
2025-08-18 02:00:00,HSM.DSC.PMP01,cooling_descaling_pump,179.7946,202.7818,1.2775,5.3645,400.3236,86.4871,2
2025-08-18 03:00:00,HSM.DSC.PMP01,cooling_descaling_pump,220.2407,194.4455,-1.3264,5.6933,399.39,91.8289,2
2025-08-18 04:00:00,HSM.DSC.PMP01,cooling_descaling_pump,194.4948,200.6515,-1.1496,5.4836,403.8818,89.9083,2
2025-08-18 05:00:00,HSM.DSC.PMP01,cooling_descaling_pump,164.4045,199.6507,0.4572,5.563,404.5457,97.8554,2
2025-08-18 06:00:00,HSM.DSC.PMP01,cooling_descaling_pump,213.9138,202.0375,0.4384,5.5392,398.6036,92.2367,2
2025-08-18 07:00:00,HSM.DSC.PMP01,cooling_descaling_pump,177.4387,201.8499,1.1821,5.6154,403.3669,94.1086,2
2025-08-18 08:00:00,HSM.DSC.PMP01,cooling_descaling_pump,145.7885,197.6052,0.0958,5.3641,409.4072,94.0659,2
2025-08-18 09:00:00,HSM.DSC.PMP01,cooling_descaling_pump,185.6825,197.1746,0.762,5.5708,403.0888,88.4254,2
2025-08-18 10:00:00,HSM.DSC.PMP01,cooling_descaling_pump,202.2145,201.4703,-0.3624,5.1562,402.9962,82.706,2
2025-08-18 11:00:00,HSM.DSC.PMP01,cooling_descaling_pump,198.6198,201.9755,-0.4951,5.5259,394.4646,84.7448,2
2025-08-18 12:00:00,HSM.DSC.PMP01,cooling_descaling_pump,157.0754,200.3079,0.6811,5.414,404.1545,77.1651,2
2025-08-18 13:00:00,HSM.DSC.PMP01,cooling_descaling_pump,224.181,203.8675,-0.6813,5.4267,399.0835,95.3553,2
2025-08-18 14:00:00,HSM.DSC.PMP01,cooling_descaling_pump,171.248,199.3751,1.5865,5.2722,399.3672,83.8724,2
2025-08-18 15:00:00,HSM.DSC.PMP01,cooling_descaling_pump,221.059,196.7832,-0.4269,5.3615,394.5411,81.1828,2
2025-08-18 16:00:00,HSM.DSC.PMP01,cooling_descaling_pump,158.2773,203.5039,0.5147,5.3918,392.7473,78.5421,2
2025-08-18 17:00:00,HSM.DSC.PMP01,cooling_descaling_pump,178.6436,204.4033,0.7745,5.414,393.0256,90.3239,2
2025-08-18 18:00:00,HSM.DSC.PMP01,cooling_descaling_pump,182.6765,201.5377,0.8349,5.4523,407.6285,97.3262,2
2025-08-18 19:00:00,HSM.DSC.PMP01,cooling_descaling_pump,189.0366,200.3648,0.4841,5.4952,400.0019,82.9627,2
2025-08-18 20:00:00,HSM.DSC.PMP01,cooling_descaling_pump,191.2578,197.0725,0.9736,5.17,403.0573,85.7192,2
2025-08-18 21:00:00,HSM.DSC.PMP01,cooling_descaling_pump,217.818,199.6439,0.3646,5.489,397.8176,91.3365,2
2025-08-18 22:00:00,HSM.DSC.PMP01,cooling_descaling_pump,189.4137,200.7193,-0.9331,5.5996,392.5844,92.1761,2
2025-08-18 23:00:00,HSM.DSC.PMP01,cooling_descaling_pump,184.3973,199.1523,0.1235,5.5253,398.1384,89.5552,2
2025-08-19 00:00:00,HSM.DSC.PMP01,cooling_descaling_pump,193.3736,196.2502,0.6204,5.3996,401.1765,86.1123,2
2025-08-19 01:00:00,HSM.DSC.PMP01,cooling_descaling_pump,206.1837,200.6943,-0.5957,5.1825,401.7398,80.9512,2
2025-08-19 02:00:00,HSM.DSC.PMP01,cooling_descaling_pump,184.133,193.6715,-0.2785,5.6713,401.4248,90.4684,2
2025-08-19 03:00:00,HSM.DSC.PMP01,cooling_descaling_pump,170.5663,202.546,0.6926,5.7886,402.3377,96.836,2
2025-08-19 04:00:00,HSM.DSC.PMP01,cooling_descaling_pump,201.7788,196.8073,0.8584,5.3284,405.751,84.6082,2
2025-08-19 05:00:00,HSM.DSC.PMP01,cooling_descaling_pump,213.9977,195.2113,-0.0845,5.6374,399.6234,97.6395,2
2025-08-19 06:00:00,HSM.DSC.PMP01,cooling_descaling_pump,161.8843,203.2239,0.1903,5.3713,400.1806,82.3013,2
2025-08-19 07:00:00,HSM.DSC.PMP01,cooling_descaling_pump,205.5275,197.689,1.1211,5.5765,404.2867,93.8304,2
2025-08-19 08:00:00,HSM.DSC.PMP01,cooling_descaling_pump,195.0794,204.1861,0.7949,5.2905,401.7587,86.7472,2
2025-08-19 09:00:00,HSM.DSC.PMP01,cooling_descaling_pump,176.5941,205.0359,0.3665,5.1709,402.4708,82.0947,2
2025-08-19 10:00:00,HSM.DSC.PMP01,cooling_descaling_pump,183.1049,206.456,0.0111,5.2895,398.6716,88.911,2
2025-08-19 11:00:00,HSM.DSC.PMP01,cooling_descaling_pump,167.6973,200.0244,-0.3329,5.5405,401.0385,85.2264,2
2025-08-19 12:00:00,HSM.DSC.PMP01,cooling_descaling_pump,200.0974,194.0524,-0.1855,5.6567,397.2586,86.3881,2
2025-08-19 13:00:00,HSM.DSC.PMP01,cooling_descaling_pump,162.0717,195.7172,-0.6019,5.6934,396.9309,92.5285,2
2025-08-19 14:00:00,HSM.DSC.PMP01,cooling_descaling_pump,163.9758,200.7432,0.0578,5.4395,395.6283,90.9707,2
2025-08-19 15:00:00,HSM.DSC.PMP01,cooling_descaling_pump,174.4281,199.6994,0.1264,5.4577,405.2181,94.3362,2
2025-08-19 16:00:00,HSM.DSC.PMP01,cooling_descaling_pump,173.9861,198.9814,-0.9906,5.4364,400.1565,84.9708,2
2025-08-19 17:00:00,HSM.DSC.PMP01,cooling_descaling_pump,189.1262,201.7599,-0.0239,5.4646,401.7677,87.8917,2
2025-08-19 18:00:00,HSM.DSC.PMP01,cooling_descaling_pump,170.4066,198.6163,0.364,5.278,401.8862,85.8715,2
2025-08-19 19:00:00,HSM.DSC.PMP01,cooling_descaling_pump,211.324,198.5949,0.7186,5.5747,397.014,91.4383,2
2025-08-19 20:00:00,HSM.DSC.PMP01,cooling_descaling_pump,186.5618,201.574,1.1881,5.527,393.5055,87.7864,2
2025-08-19 21:00:00,HSM.DSC.PMP01,cooling_descaling_pump,215.5395,200.491,-0.0822,5.5063,401.8501,90.2631,2
2025-08-19 22:00:00,HSM.DSC.PMP01,cooling_descaling_pump,164.4664,194.3679,-0.0179,5.836,399.5404,95.8371,2
2025-08-19 23:00:00,HSM.DSC.PMP01,cooling_descaling_pump,236.1794,201.16,0.5572,5.3263,399.1819,84.9274,2
2025-08-20 00:00:00,HSM.DSC.PMP01,cooling_descaling_pump,200.1441,197.3289,-0.1647,5.1571,402.7776,77.5437,2
2025-08-20 01:00:00,HSM.DSC.PMP01,cooling_descaling_pump,153.3776,204.7595,0.8815,5.642,400.5905,91.9631,2
2025-08-20 02:00:00,HSM.DSC.PMP01,cooling_descaling_pump,184.5487,201.6747,0.0635,5.4304,403.2879,89.5683,2
2025-08-20 03:00:00,HSM.DSC.PMP01,cooling_descaling_pump,192.4184,196.5182,0.2274,5.1362,398.9223,78.1835,2
2025-08-20 04:00:00,HSM.DSC.PMP01,cooling_descaling_pump,171.4308,192.2151,-0.7713,5.0692,405.8329,88.1103,2
2025-08-20 05:00:00,HSM.DSC.PMP01,cooling_descaling_pump,204.4343,199.0026,-0.8137,5.1393,396.308,86.7054,2
2025-08-20 06:00:00,HSM.DSC.PMP01,cooling_descaling_pump,223.9317,200.0481,0.5167,5.3193,399.3424,90.2662,2
2025-08-20 07:00:00,HSM.DSC.PMP01,cooling_descaling_pump,211.7281,197.3642,0.3461,5.4954,393.9132,92.0034,2
2025-08-20 08:00:00,HSM.DSC.PMP01,cooling_descaling_pump,167.186,202.2179,0.0628,5.2921,405.3514,90.6818,2
2025-08-20 09:00:00,HSM.DSC.PMP01,cooling_descaling_pump,160.6139,201.607,-0.2296,5.5457,405.9345,87.1727,2
2025-08-20 10:00:00,HSM.DSC.PMP01,cooling_descaling_pump,189.5622,202.4491,1.0117,5.3557,398.5406,84.1422,2
2025-08-20 11:00:00,HSM.DSC.PMP01,cooling_descaling_pump,176.5146,199.635,1.1202,5.5556,397.2915,94.1265,2
2025-08-20 12:00:00,HSM.DSC.PMP01,cooling_descaling_pump,223.0834,196.9223,-0.9908,5.4792,400.898,92.2343,2
2025-08-20 13:00:00,HSM.DSC.PMP01,cooling_descaling_pump,193.3289,200.3019,-0.4124,5.509,398.3084,89.3959,2
2025-08-20 14:00:00,HSM.DSC.PMP01,cooling_descaling_pump,151.7505,201.7565,0.1091,5.2692,400.9471,86.9743,2
2025-08-20 15:00:00,HSM.DSC.PMP01,cooling_descaling_pump,160.5821,201.3781,0.5096,5.5857,401.3377,90.6316,2
2025-08-20 16:00:00,HSM.DSC.PMP01,cooling_descaling_pump,194.022,201.3611,-0.3294,5.4588,403.8285,81.8535,2
2025-08-20 17:00:00,HSM.DSC.PMP01,cooling_descaling_pump,200.1573,195.3179,0.6906,5.4599,396.8623,90.3592,2
2025-08-20 18:00:00,HSM.DSC.PMP01,cooling_descaling_pump,182.1554,205.1984,0.7996,5.1358,408.6177,82.886,2
2025-08-20 19:00:00,HSM.DSC.PMP01,cooling_descaling_pump,184.9489,194.2173,-0.5125,5.5657,395.2689,81.2666,2
2025-08-20 20:00:00,HSM.DSC.PMP01,cooling_descaling_pump,168.5864,205.9432,1.1169,5.2084,402.9021,79.8083,2
2025-08-20 21:00:00,HSM.DSC.PMP01,cooling_descaling_pump,190.8522,204.0478,1.9189,5.4932,398.157,89.6941,2
2025-08-20 22:00:00,HSM.DSC.PMP01,cooling_descaling_pump,222.4291,204.0812,0.2572,5.088,403.4292,82.8556,2
2025-08-20 23:00:00,HSM.DSC.PMP01,cooling_descaling_pump,171.6899,197.3167,-0.219,5.4344,403.0702,83.068,2
2025-08-21 00:00:00,HSM.DSC.PMP01,cooling_descaling_pump,212.4104,204.0762,0.0839,5.5308,395.862,88.2161,2
2025-08-21 01:00:00,HSM.DSC.PMP01,cooling_descaling_pump,213.3188,198.6818,-0.5641,5.5891,397.8371,94.4903,2
2025-08-21 02:00:00,HSM.DSC.PMP01,cooling_descaling_pump,183.8938,202.1964,-0.7628,5.5628,397.5858,95.7639,2
2025-08-21 03:00:00,HSM.DSC.PMP01,cooling_descaling_pump,253.2578,202.6537,0.9677,5.3481,398.6611,89.6598,2
2025-08-21 04:00:00,HSM.DSC.PMP01,cooling_descaling_pump,188.6163,200.9492,-0.8145,5.3574,401.1088,91.9756,2
2025-08-21 05:00:00,HSM.DSC.PMP01,cooling_descaling_pump,198.014,200.7778,0.0934,5.4909,398.5822,86.1506,2
2025-08-21 06:00:00,HSM.DSC.PMP01,cooling_descaling_pump,203.2086,207.4849,-0.5492,5.0769,403.0939,86.4104,2
2025-08-21 07:00:00,HSM.DSC.PMP01,cooling_descaling_pump,168.6835,202.5119,0.7276,5.2547,403.9547,86.6097,2
2025-08-21 08:00:00,HSM.DSC.PMP01,cooling_descaling_pump,197.2342,205.7101,-0.6989,5.3174,398.7442,85.6292,2
2025-08-21 09:00:00,HSM.DSC.PMP01,cooling_descaling_pump,188.1284,195.0182,0.1114,5.2646,399.4893,79.457,2
2025-08-21 10:00:00,HSM.DSC.PMP01,cooling_descaling_pump,164.7607,199.9445,0.4213,5.3627,397.9246,91.247,2
2025-08-21 11:00:00,HSM.DSC.PMP01,cooling_descaling_pump,163.1878,201.9766,-0.637,5.512,400.9971,88.8812,2
2025-08-21 12:00:00,HSM.DSC.PMP01,cooling_descaling_pump,190.1325,196.2766,0.4904,5.4849,398.4768,82.2533,2
2025-08-21 13:00:00,HSM.DSC.PMP01,cooling_descaling_pump,217.369,194.6622,0.3256,5.4977,405.069,92.2205,2
2025-08-21 14:00:00,HSM.DSC.PMP01,cooling_descaling_pump,212.4679,197.4173,0.3708,5.3999,404.8844,76.2407,2
2025-08-21 15:00:00,HSM.DSC.PMP01,cooling_descaling_pump,216.1604,201.2564,0.0776,5.266,405.9397,80.9844,2
2025-08-21 16:00:00,HSM.DSC.PMP01,cooling_descaling_pump,164.0439,201.2408,0.4624,5.4379,401.2905,92.7568,2
2025-08-21 17:00:00,HSM.DSC.PMP01,cooling_descaling_pump,199.5839,197.8894,-0.1477,5.3182,404.6783,86.3918,2
2025-08-21 18:00:00,HSM.DSC.PMP01,cooling_descaling_pump,209.2886,201.2562,-0.3592,5.3553,396.1882,83.013,2
2025-08-21 19:00:00,HSM.DSC.PMP01,cooling_descaling_pump,152.8556,197.0692,-0.4129,5.3261,404.1573,85.6923,2
2025-08-21 20:00:00,HSM.DSC.PMP01,cooling_descaling_pump,169.6825,197.5405,-0.275,5.517,404.4388,87.8006,2
2025-08-21 21:00:00,HSM.DSC.PMP01,cooling_descaling_pump,200.9209,206.037,-0.0566,5.2758,397.7016,83.8332,2
2025-08-21 22:00:00,HSM.DSC.PMP01,cooling_descaling_pump,176.6922,202.4676,0.7816,5.2096,399.1172,86.8916,2
2025-08-21 23:00:00,HSM.DSC.PMP01,cooling_descaling_pump,170.7318,200.1539,-0.3288,5.4013,397.3251,75.9936,2
2025-08-22 00:00:00,HSM.DSC.PMP01,cooling_descaling_pump,222.8025,208.6477,-0.2158,5.1855,403.3095,92.0601,2
2025-08-22 01:00:00,HSM.DSC.PMP01,cooling_descaling_pump,145.7604,200.0219,0.3309,5.3364,406.3939,82.5712,2
2025-08-22 02:00:00,HSM.DSC.PMP01,cooling_descaling_pump,181.6413,197.1934,-0.0802,5.5819,401.1964,90.9764,2
2025-08-22 03:00:00,HSM.DSC.PMP01,cooling_descaling_pump,210.4598,205.5829,0.9491,5.3756,395.576,90.7869,2
2025-08-22 04:00:00,HSM.DSC.PMP01,cooling_descaling_pump,179.0235,198.7031,0.5175,5.4635,398.7091,85.8906,2
2025-08-22 05:00:00,HSM.DSC.PMP01,cooling_descaling_pump,187.2154,204.3344,0.1593,5.5074,400.7785,88.5929,2
2025-08-22 06:00:00,HSM.DSC.PMP01,cooling_descaling_pump,185.8604,201.2609,1.5532,5.3231,402.3074,86.8623,2
2025-08-22 07:00:00,HSM.DSC.PMP01,cooling_descaling_pump,190.0118,202.7776,-0.2094,5.0498,410.6111,81.0082,2
2025-08-22 08:00:00,HSM.DSC.PMP01,cooling_descaling_pump,173.0206,199.9065,-0.6863,5.5501,399.6337,85.4623,2
2025-08-22 09:00:00,HSM.DSC.PMP01,cooling_descaling_pump,207.446,199.0644,0.2945,5.2107,403.8075,86.1023,2
2025-08-22 10:00:00,HSM.DSC.PMP01,cooling_descaling_pump,197.5526,201.172,-0.1079,5.2011,400.4962,79.5161,2
2025-08-22 11:00:00,HSM.DSC.PMP01,cooling_descaling_pump,210.8896,195.4623,-0.5043,5.159,406.2157,83.092,2
2025-08-22 12:00:00,HSM.DSC.PMP01,cooling_descaling_pump,212.1573,199.2205,0.7064,5.2838,399.1765,81.6795,2
2025-08-22 13:00:00,HSM.DSC.PMP01,cooling_descaling_pump,176.3656,204.3298,0.6538,5.5518,393.1446,87.5281,2
2025-08-22 14:00:00,HSM.DSC.PMP01,cooling_descaling_pump,197.4101,199.9641,0.7497,5.5893,401.2928,80.871,2
2025-08-22 15:00:00,HSM.DSC.PMP01,cooling_descaling_pump,159.0234,205.7177,-0.9229,5.5493,402.9199,87.3322,2
2025-08-22 16:00:00,HSM.DSC.PMP01,cooling_descaling_pump,237.0925,193.8024,-0.2587,5.3433,395.5292,82.7287,2
2025-08-22 17:00:00,HSM.DSC.PMP01,cooling_descaling_pump,187.0923,196.5061,-0.3844,5.5068,401.7248,90.4583,2
2025-08-22 18:00:00,HSM.DSC.PMP01,cooling_descaling_pump,192.0773,196.3589,0.5164,5.4792,400.4919,84.029,2
2025-08-22 19:00:00,HSM.DSC.PMP01,cooling_descaling_pump,193.6887,198.374,-0.4719,5.6542,394.842,90.818,2
2025-08-22 20:00:00,HSM.DSC.PMP01,cooling_descaling_pump,195.0994,199.1358,0.3094,1.2315,396.9248,57.2466,0
2025-08-22 21:00:00,HSM.DSC.PMP01,cooling_descaling_pump,176.9535,206.0369,-0.6534,1.0885,410.5097,63.7308,0
2025-08-22 22:00:00,HSM.DSC.PMP01,cooling_descaling_pump,199.0716,201.9774,0.6627,0.851,401.7697,54.87,0
2025-08-22 23:00:00,HSM.DSC.PMP01,cooling_descaling_pump,190.5109,194.231,0.0631,1.1041,399.4272,51.5511,0
2025-08-23 00:00:00,HSM.DSC.PMP01,cooling_descaling_pump,160.998,197.1997,0.2071,1.0836,403.939,55.8023,0
2025-08-23 01:00:00,HSM.DSC.PMP01,cooling_descaling_pump,189.304,196.6905,-0.1942,1.0474,407.9984,64.9045,0
2025-08-23 02:00:00,HSM.DSC.PMP01,cooling_descaling_pump,141.2053,202.0313,1.0388,1.1723,400.4809,59.166,0
2025-08-23 03:00:00,HSM.DSC.PMP01,cooling_descaling_pump,176.7735,203.3032,0.9209,1.1785,394.4908,59.3411,0
2025-08-23 04:00:00,HSM.DSC.PMP01,cooling_descaling_pump,166.4532,202.3511,0.9283,0.5851,403.1456,46.1531,0
2025-08-23 05:00:00,HSM.DSC.PMP01,cooling_descaling_pump,220.0932,200.475,-1.0668,0.9269,399.4224,64.5629,0
2025-08-23 06:00:00,HSM.DSC.PMP01,cooling_descaling_pump,183.8568,200.5508,0.2305,1.1999,396.5057,67.1276,0
2025-08-23 07:00:00,HSM.DSC.PMP01,cooling_descaling_pump,188.9692,190.0397,-0.1267,1.2364,398.2927,61.5191,0
2025-08-23 08:00:00,HSM.DSC.PMP01,cooling_descaling_pump,177.6327,201.977,-1.0856,0.6675,405.8579,49.1718,0
2025-08-23 09:00:00,HSM.DSC.PMP01,cooling_descaling_pump,188.5459,202.707,0.0908,1.1375,395.0118,58.1229,0
2025-08-23 10:00:00,HSM.DSC.PMP01,cooling_descaling_pump,173.159,201.8312,0.7164,1.0404,405.1528,59.8035,0
2025-08-23 11:00:00,HSM.DSC.PMP01,cooling_descaling_pump,181.7726,190.7539,0.6836,0.9733,407.9813,50.7158,0
2025-08-23 12:00:00,HSM.DSC.PMP01,cooling_descaling_pump,212.1999,201.9118,-0.8308,0.9462,395.0759,50.6058,0
2025-08-23 13:00:00,HSM.DSC.PMP01,cooling_descaling_pump,169.4928,192.558,0.0927,1.1229,400.0442,54.7136,0
2025-08-23 14:00:00,HSM.DSC.PMP01,cooling_descaling_pump,202.4695,202.6934,-0.3643,0.7883,396.3731,53.3456,0
2025-08-23 15:00:00,HSM.DSC.PMP01,cooling_descaling_pump,192.7504,201.1439,0.0422,0.8826,404.5692,52.9246,0
2025-08-23 16:00:00,HSM.DSC.PMP01,cooling_descaling_pump,216.9594,196.8342,-0.3922,1.2257,400.1497,57.3687,0
2025-08-23 17:00:00,HSM.DSC.PMP01,cooling_descaling_pump,194.4313,195.5822,-0.9284,1.2746,401.5834,54.5935,0
2025-08-23 18:00:00,HSM.DSC.PMP01,cooling_descaling_pump,221.1003,197.4384,-0.6992,1.069,398.4053,57.8961,0
2025-08-23 19:00:00,HSM.DSC.PMP01,cooling_descaling_pump,170.761,198.0416,-1.2239,0.8793,407.2257,47.6614,0
2025-08-23 20:00:00,HSM.DSC.PMP01,cooling_descaling_pump,174.6016,192.5865,0.1466,1.1769,405.3258,52.3542,0
2025-08-23 21:00:00,HSM.DSC.PMP01,cooling_descaling_pump,171.0055,195.3801,-0.4374,0.8865,405.116,48.7231,0
2025-08-23 22:00:00,HSM.DSC.PMP01,cooling_descaling_pump,195.3254,203.6527,0.07,0.8153,398.9298,48.0592,0
2025-08-23 23:00:00,HSM.DSC.PMP01,cooling_descaling_pump,199.9505,203.5447,-1.0654,0.9897,403.0384,58.7686,0
2025-08-24 00:00:00,HSM.DSC.PMP01,cooling_descaling_pump,183.0916,197.025,-0.2171,1.2019,397.6166,50.5284,0
2025-08-24 01:00:00,HSM.DSC.PMP01,cooling_descaling_pump,184.879,197.8606,-0.452,1.1142,396.7757,57.0642,0
2025-08-24 02:00:00,HSM.DSC.PMP01,cooling_descaling_pump,188.2487,205.1918,-1.4732,1.0146,397.0474,58.8405,0
2025-08-24 03:00:00,HSM.DSC.PMP01,cooling_descaling_pump,179.5965,201.2606,0.4637,0.7645,400.0831,49.8306,0
2025-08-24 04:00:00,HSM.DSC.PMP01,cooling_descaling_pump,184.3418,202.1413,0.4644,0.999,397.3136,59.0368,0
2025-08-24 05:00:00,HSM.DSC.PMP01,cooling_descaling_pump,202.6436,211.1484,0.0555,0.9042,397.6594,66.5432,0
2025-08-24 06:00:00,HSM.DSC.PMP01,cooling_descaling_pump,184.8806,202.4176,0.0527,0.8426,398.0149,57.1276,0
2025-08-24 07:00:00,HSM.DSC.PMP01,cooling_descaling_pump,195.7463,199.4799,0.3415,1.0539,399.0593,57.5085,0
2025-08-24 08:00:00,HSM.DSC.PMP01,cooling_descaling_pump,198.135,199.4358,1.5358,0.9918,398.126,56.0797,0
2025-08-24 09:00:00,HSM.DSC.PMP01,cooling_descaling_pump,156.1527,202.8749,-0.7919,0.9533,405.9556,58.1353,0
2025-08-24 10:00:00,HSM.DSC.PMP01,cooling_descaling_pump,180.3141,200.9589,1.4481,1.0096,400.6641,60.8941,0
2025-08-24 11:00:00,HSM.DSC.PMP01,cooling_descaling_pump,174.7052,195.033,-0.0784,1.0941,392.9386,53.313,0
2025-08-24 12:00:00,HSM.DSC.PMP01,cooling_descaling_pump,182.0913,200.1494,-0.5858,0.9995,398.164,47.3586,0
2025-08-24 13:00:00,HSM.DSC.PMP01,cooling_descaling_pump,222.0363,204.7099,-0.3676,0.8945,397.4514,56.9857,0
2025-08-24 14:00:00,HSM.DSC.PMP01,cooling_descaling_pump,194.2318,201.1177,0.5281,0.7719,398.9085,52.6443,0
2025-08-24 15:00:00,HSM.DSC.PMP01,cooling_descaling_pump,175.3071,198.09,-1.6527,0.9586,396.191,53.4187,0
2025-08-24 16:00:00,HSM.DSC.PMP01,cooling_descaling_pump,169.2765,195.879,-0.5831,1.0469,400.4824,50.4354,0
2025-08-24 17:00:00,HSM.DSC.PMP01,cooling_descaling_pump,201.5305,198.4217,-0.415,0.9951,400.6992,51.7128,0
2025-08-24 18:00:00,HSM.DSC.PMP01,cooling_descaling_pump,160.7812,191.3458,0.317,1.2919,400.0882,58.1148,0
2025-08-24 19:00:00,HSM.DSC.PMP01,cooling_descaling_pump,149.0724,206.4797,-0.0235,0.9467,399.641,57.7581,0
2025-08-24 20:00:00,HSM.DSC.PMP01,cooling_descaling_pump,195.3736,201.4788,-0.2154,1.0554,398.917,57.4657,0
2025-08-24 21:00:00,HSM.DSC.PMP01,cooling_descaling_pump,181.6909,204.4183,-1.124,1.0536,390.2618,50.4411,0
2025-08-24 22:00:00,HSM.DSC.PMP01,cooling_descaling_pump,191.6042,203.9372,-0.7864,0.799,404.2769,52.5904,0
2025-08-24 23:00:00,HSM.DSC.PMP01,cooling_descaling_pump,187.4071,197.9083,-0.4818,0.9069,400.8333,50.6099,0
2025-08-25 00:00:00,HSM.DSC.PMP01,cooling_descaling_pump,189.3903,194.8256,0.7268,0.6856,403.2897,48.0419,0
2025-08-25 01:00:00,HSM.DSC.PMP01,cooling_descaling_pump,204.0247,199.6817,1.799,0.8256,402.7878,46.7089,0
2025-08-25 02:00:00,HSM.DSC.PMP01,cooling_descaling_pump,178.1842,195.9046,0.3317,1.2546,397.2368,58.3372,0
2025-08-25 03:00:00,HSM.DSC.PMP01,cooling_descaling_pump,145.1075,199.8828,-1.3943,1.3264,394.4725,56.0717,0
2025-08-25 04:00:00,HSM.DSC.PMP01,cooling_descaling_pump,240.4162,202.7778,0.1449,0.9432,400.8797,62.7069,0
2025-08-25 05:00:00,HSM.DSC.PMP01,cooling_descaling_pump,175.2082,197.8976,-0.7091,1.051,402.3099,58.3065,0
2025-08-25 06:00:00,HSM.DSC.PMP01,cooling_descaling_pump,190.1086,199.0933,0.0028,0.9392,398.3368,50.9112,0
2025-08-25 07:00:00,HSM.DSC.PMP01,cooling_descaling_pump,167.1441,204.2221,-1.0104,1.0851,398.4437,48.8455,0
2025-08-25 08:00:00,HSM.DSC.PMP01,cooling_descaling_pump,185.0293,196.2879,-0.1903,0.9745,401.7834,59.074,0
2025-08-25 09:00:00,HSM.DSC.PMP01,cooling_descaling_pump,195.6963,202.4237,0.0498,1.1008,392.3552,56.8758,0
2025-08-25 10:00:00,HSM.DSC.PMP01,cooling_descaling_pump,181.6702,200.3489,-0.0319,1.003,402.7876,52.3303,0
2025-08-25 11:00:00,HSM.DSC.PMP01,cooling_descaling_pump,171.2957,201.6821,0.0235,1.2122,397.6437,51.2262,0
2025-08-25 12:00:00,HSM.DSC.PMP01,cooling_descaling_pump,172.2448,203.6721,-0.9421,0.6112,402.5214,47.9095,0
2025-08-25 13:00:00,HSM.DSC.PMP01,cooling_descaling_pump,139.4635,202.2098,0.0084,1.0142,398.2303,52.3245,0
2025-08-25 14:00:00,HSM.DSC.PMP01,cooling_descaling_pump,223.1238,203.2228,-0.5765,0.9442,392.8258,56.1988,0
2025-08-25 15:00:00,HSM.DSC.PMP01,cooling_descaling_pump,176.4915,201.8869,0.9898,0.8636,400.1625,48.6679,0
2025-08-25 16:00:00,HSM.DSC.PMP01,cooling_descaling_pump,178.5161,203.9207,0.1102,1.0523,400.383,50.4305,0
2025-08-25 17:00:00,HSM.DSC.PMP01,cooling_descaling_pump,181.0154,197.862,-0.1201,1.1836,392.1224,54.5895,0
2025-08-25 18:00:00,HSM.DSC.PMP01,cooling_descaling_pump,180.9523,206.0826,0.4449,1.0724,397.0987,51.3342,0
2025-08-25 19:00:00,HSM.DSC.PMP01,cooling_descaling_pump,159.3721,199.4531,-0.3171,1.0066,396.532,52.2796,0
2025-08-25 20:00:00,HSM.DSC.PMP01,cooling_descaling_pump,184.5281,204.5145,0.4733,0.9298,401.9378,54.4904,0
2025-08-25 21:00:00,HSM.DSC.PMP01,cooling_descaling_pump,213.0947,195.7627,-0.6895,0.7588,398.4789,45.89,0
2025-08-25 22:00:00,HSM.DSC.PMP01,cooling_descaling_pump,143.4809,198.3912,-0.0068,1.0421,392.6417,47.7167,0
2025-08-25 23:00:00,HSM.DSC.PMP01,cooling_descaling_pump,222.4206,205.5665,-0.4943,0.8762,399.0736,51.5737,0
2025-08-26 00:00:00,HSM.DSC.PMP01,cooling_descaling_pump,163.7761,195.741,-0.6836,1.3059,394.6728,58.5434,0
2025-08-26 01:00:00,HSM.DSC.PMP01,cooling_descaling_pump,208.8774,202.4166,0.5942,0.9321,396.7008,49.966,0
2025-08-26 02:00:00,HSM.DSC.PMP01,cooling_descaling_pump,158.9176,202.9366,0.5596,1.0181,401.7324,59.4477,0
2025-08-26 03:00:00,HSM.DSC.PMP01,cooling_descaling_pump,178.3954,200.3867,0.6223,0.8708,401.1639,53.5377,0
2025-08-26 04:00:00,HSM.DSC.PMP01,cooling_descaling_pump,165.1923,197.8683,0.342,1.1501,399.0035,59.0381,0
2025-08-26 05:00:00,HSM.DSC.PMP01,cooling_descaling_pump,195.2078,196.2522,0.1105,1.0041,404.087,52.4894,0
2025-08-26 06:00:00,HSM.DSC.PMP01,cooling_descaling_pump,215.074,197.2366,0.1247,0.6524,403.2134,51.3192,0
2025-08-26 07:00:00,HSM.DSC.PMP01,cooling_descaling_pump,186.7189,196.7756,-0.3122,1.0274,402.8178,59.4589,0
2025-08-26 08:00:00,HSM.DSC.PMP01,cooling_descaling_pump,189.6668,201.2056,0.7015,1.1064,400.8174,64.5839,0
2025-08-26 09:00:00,HSM.DSC.PMP01,cooling_descaling_pump,223.0666,200.4143,0.3458,1.0363,402.2027,60.7848,0
2025-08-26 10:00:00,HSM.DSC.PMP01,cooling_descaling_pump,182.2499,203.0816,-0.6094,1.0745,402.9388,61.972,0
2025-08-26 11:00:00,HSM.DSC.PMP01,cooling_descaling_pump,180.0261,200.9171,1.0233,1.0561,400.9819,62.4558,0
2025-08-26 12:00:00,HSM.DSC.PMP01,cooling_descaling_pump,169.1427,201.0349,-1.3745,1.024,397.9159,47.4267,0
2025-08-26 13:00:00,HSM.DSC.PMP01,cooling_descaling_pump,159.9709,204.757,-0.6749,0.9342,399.2773,50.8447,0
2025-08-26 14:00:00,HSM.DSC.PMP01,cooling_descaling_pump,164.9323,200.6911,0.6436,0.9111,402.9752,56.9924,0
2025-08-26 15:00:00,HSM.DSC.PMP01,cooling_descaling_pump,203.4842,207.0222,-1.1077,0.7791,399.8147,51.4559,0
2025-08-26 16:00:00,HSM.DSC.PMP01,cooling_descaling_pump,162.017,199.3445,1.0732,1.1836,401.8258,59.156,0
2025-08-26 17:00:00,HSM.DSC.PMP01,cooling_descaling_pump,178.1059,191.5185,0.42,1.2057,397.563,51.3534,0
2025-08-26 18:00:00,HSM.DSC.PMP01,cooling_descaling_pump,171.7783,202.85,0.0411,1.0254,401.1505,51.7258,0
2025-08-26 19:00:00,HSM.DSC.PMP01,cooling_descaling_pump,171.7852,201.9806,-0.6987,1.0398,401.9922,55.3729,0
2025-08-26 20:00:00,HSM.DSC.PMP01,cooling_descaling_pump,143.7389,199.9252,-0.549,1.3192,403.2946,61.3012,0
2025-08-26 21:00:00,HSM.DSC.PMP01,cooling_descaling_pump,186.0934,203.2607,-0.3751,0.7067,403.8153,52.3093,0
2025-08-26 22:00:00,HSM.DSC.PMP01,cooling_descaling_pump,168.6971,201.2654,0.9878,1.0792,389.9524,57.4338,0
2025-08-26 23:00:00,HSM.DSC.PMP01,cooling_descaling_pump,194.3508,196.113,-0.161,1.1945,398.3315,54.9002,0
2025-08-27 00:00:00,HSM.DSC.PMP01,cooling_descaling_pump,187.3539,201.8712,0.6245,0.8622,399.0462,54.3246,0
2025-08-27 01:00:00,HSM.DSC.PMP01,cooling_descaling_pump,179.3787,196.2149,-0.532,1.3068,398.9086,58.4069,0
2025-08-27 02:00:00,HSM.DSC.PMP01,cooling_descaling_pump,145.1174,198.483,0.4891,1.1709,396.3742,57.1001,0
2025-08-27 03:00:00,HSM.DSC.PMP01,cooling_descaling_pump,148.7939,196.1159,0.1522,1.1314,405.9303,65.4526,0
2025-08-27 04:00:00,HSM.DSC.PMP01,cooling_descaling_pump,163.2073,201.4185,-1.3925,0.9218,409.1451,57.2928,0
2025-08-27 05:00:00,HSM.DSC.PMP01,cooling_descaling_pump,194.4462,197.8537,0.0942,0.9059,405.4807,57.154,0
2025-08-27 06:00:00,HSM.DSC.PMP01,cooling_descaling_pump,225.3928,207.725,1.291,0.7629,393.7037,52.7759,0
2025-08-27 07:00:00,HSM.DSC.PMP01,cooling_descaling_pump,176.5155,199.5731,-0.289,1.0321,392.7855,54.0125,0
2025-08-27 08:00:00,HSM.DSC.PMP01,cooling_descaling_pump,198.5397,201.249,0.7947,1.1516,396.3265,53.4072,0
2025-08-27 09:00:00,HSM.DSC.PMP01,cooling_descaling_pump,215.805,203.6758,0.0024,0.9422,402.3201,60.6023,0
2025-08-27 10:00:00,HSM.DSC.PMP01,cooling_descaling_pump,184.906,201.7804,0.231,1.108,403.4505,63.6333,0
2025-08-27 11:00:00,HSM.DSC.PMP01,cooling_descaling_pump,151.8852,194.9215,-0.3491,1.0531,401.3068,52.5719,0
2025-08-27 12:00:00,HSM.DSC.PMP01,cooling_descaling_pump,195.0387,205.9602,0.2474,0.9497,399.3943,52.9633,0
2025-08-27 13:00:00,HSM.DSC.PMP01,cooling_descaling_pump,163.6568,199.6755,-1.1503,1.1952,395.5665,56.9619,0
2025-08-27 14:00:00,HSM.DSC.PMP01,cooling_descaling_pump,147.5263,200.2944,1.331,1.1562,398.8338,62.944,0
2025-08-27 15:00:00,HSM.DSC.PMP01,cooling_descaling_pump,162.334,202.3425,-0.2604,1.2261,405.8397,59.7309,0
2025-08-27 16:00:00,HSM.DSC.PMP01,cooling_descaling_pump,224.7853,203.4343,0.6097,0.6713,402.094,52.8319,0
2025-08-27 17:00:00,HSM.DSC.PMP01,cooling_descaling_pump,197.9592,202.5152,-0.7702,0.7901,402.141,51.8357,0
2025-08-27 18:00:00,HSM.DSC.PMP01,cooling_descaling_pump,185.2438,196.3115,1.0934,1.1645,396.9789,48.8313,0
2025-08-27 19:00:00,HSM.DSC.PMP01,cooling_descaling_pump,168.3329,193.3878,0.1673,1.0531,394.5175,50.8048,0
2025-08-27 20:00:00,HSM.DSC.PMP01,cooling_descaling_pump,185.5487,197.1055,1.1821,1.1143,404.7793,63.2201,0
2025-08-27 21:00:00,HSM.DSC.PMP01,cooling_descaling_pump,164.6232,197.9728,0.1307,0.7113,401.1551,50.7069,0
2025-08-27 22:00:00,HSM.DSC.PMP01,cooling_descaling_pump,177.5681,197.665,0.2857,0.9326,400.8088,46.2084,0
2025-08-27 23:00:00,HSM.DSC.PMP01,cooling_descaling_pump,183.0149,203.7456,-0.185,0.8665,401.017,51.4555,0
2025-08-28 00:00:00,HSM.DSC.PMP01,cooling_descaling_pump,173.0983,203.9009,0.0553,1.3313,398.4308,61.3728,0
2025-08-28 01:00:00,HSM.DSC.PMP01,cooling_descaling_pump,191.9366,204.875,-1.2535,0.8864,398.2218,52.9565,0
2025-08-28 02:00:00,HSM.DSC.PMP01,cooling_descaling_pump,181.5649,200.829,1.1223,0.8339,397.8942,51.8786,0
2025-08-28 03:00:00,HSM.DSC.PMP01,cooling_descaling_pump,145.7136,200.2446,-0.0467,1.3871,396.3995,61.4466,0
2025-08-28 04:00:00,HSM.DSC.PMP01,cooling_descaling_pump,195.6303,206.0071,-0.2708,0.6076,401.5062,46.9638,0
2025-08-28 05:00:00,HSM.DSC.PMP01,cooling_descaling_pump,192.39,201.3212,-0.6818,0.9596,398.0346,49.6169,0
2025-08-28 06:00:00,HSM.DSC.PMP01,cooling_descaling_pump,207.3136,204.3663,0.5512,0.7428,397.661,50.6852,0
2025-08-28 07:00:00,HSM.DSC.PMP01,cooling_descaling_pump,194.568,200.4482,-0.5974,0.7939,406.0827,57.2152,0
2025-08-28 08:00:00,HSM.DSC.PMP01,cooling_descaling_pump,201.3469,197.1655,0.4852,1.154,396.5604,67.3602,0
2025-08-28 09:00:00,HSM.DSC.PMP01,cooling_descaling_pump,159.4999,197.3038,0.0186,1.3375,398.0546,61.2582,0
2025-08-28 10:00:00,HSM.DSC.PMP01,cooling_descaling_pump,132.115,202.2203,-0.8512,1.0218,405.3961,62.5202,0
2025-08-28 11:00:00,HSM.DSC.PMP01,cooling_descaling_pump,193.2461,196.4645,0.4042,1.0019,407.5359,58.8807,0
2025-08-28 12:00:00,HSM.DSC.PMP01,cooling_descaling_pump,172.289,203.6703,-0.2659,1.2519,400.7106,66.3545,0
2025-08-28 13:00:00,HSM.DSC.PMP01,cooling_descaling_pump,177.2805,199.3725,-0.1118,0.9573,400.1359,49.0004,0
2025-08-28 14:00:00,HSM.DSC.PMP01,cooling_descaling_pump,185.1839,197.5468,1.3351,1.1343,403.9002,63.1285,0
2025-08-28 15:00:00,HSM.DSC.PMP01,cooling_descaling_pump,210.2868,204.7237,0.2643,0.7562,401.1377,56.1043,0
2025-08-28 16:00:00,HSM.DSC.PMP01,cooling_descaling_pump,183.1558,201.9572,-1.0182,0.8636,401.2723,49.8265,0
2025-08-28 17:00:00,HSM.DSC.PMP01,cooling_descaling_pump,188.8709,199.7194,-0.3549,1.2384,399.5795,59.5213,0
2025-08-28 18:00:00,HSM.DSC.PMP01,cooling_descaling_pump,174.3249,197.8169,-0.1192,0.9623,394.8518,46.719,0
2025-08-28 19:00:00,HSM.DSC.PMP01,cooling_descaling_pump,197.3018,199.6236,-0.3123,0.983,400.9071,49.9781,0
2025-08-28 20:00:00,HSM.DSC.PMP01,cooling_descaling_pump,184.3788,201.5279,0.1213,1.0142,408.472,53.9134,0
2025-08-28 21:00:00,HSM.DSC.PMP01,cooling_descaling_pump,173.1977,199.3089,-0.4744,0.9109,404.5193,57.4356,0
2025-08-28 22:00:00,HSM.DSC.PMP01,cooling_descaling_pump,183.1929,203.1795,-0.1737,0.9081,405.6303,58.6849,0
2025-08-28 23:00:00,HSM.DSC.PMP01,cooling_descaling_pump,188.8867,197.3259,-0.7601,0.7168,405.8365,46.8973,0
2025-08-29 00:00:00,HSM.DSC.PMP01,cooling_descaling_pump,158.92,199.3345,-0.2243,0.8701,405.5252,53.121,0
2025-08-29 01:00:00,HSM.DSC.PMP01,cooling_descaling_pump,191.809,200.6945,0.9872,1.1006,399.3293,55.0564,0
2025-08-29 02:00:00,HSM.DSC.PMP01,cooling_descaling_pump,202.2586,204.1756,-0.2827,0.7493,398.3972,54.1359,0
2025-08-29 03:00:00,HSM.DSC.PMP01,cooling_descaling_pump,200.3294,201.852,-0.3904,1.3026,398.2681,64.1877,0
2025-08-29 04:00:00,HSM.DSC.PMP01,cooling_descaling_pump,174.7667,194.4617,-0.1909,0.9446,403.1486,52.9145,0
2025-08-29 05:00:00,HSM.DSC.PMP01,cooling_descaling_pump,178.5386,196.475,0.4849,0.8621,402.7216,61.6965,0
2025-08-29 06:00:00,HSM.DSC.PMP01,cooling_descaling_pump,183.8194,200.0109,0.0394,0.8564,399.3482,48.3063,0
2025-08-29 07:00:00,HSM.DSC.PMP01,cooling_descaling_pump,182.4059,201.4689,0.8657,0.9858,400.2439,61.4551,0
2025-08-29 08:00:00,HSM.DSC.PMP01,cooling_descaling_pump,181.643,200.4604,0.7621,0.949,407.8701,55.3908,0
2025-08-29 09:00:00,HSM.DSC.PMP01,cooling_descaling_pump,176.93,198.1105,-0.0008,1.1265,404.8039,55.9128,0
2025-08-29 10:00:00,HSM.DSC.PMP01,cooling_descaling_pump,154.324,203.4032,0.2834,1.1549,393.3945,58.9908,0
2025-08-29 11:00:00,HSM.DSC.PMP01,cooling_descaling_pump,208.8077,202.294,-0.5062,0.7409,403.6054,54.9605,0
2025-08-29 12:00:00,HSM.DSC.PMP01,cooling_descaling_pump,171.7775,201.0912,0.8833,0.9391,398.9882,52.134,0
2025-08-29 13:00:00,HSM.DSC.PMP01,cooling_descaling_pump,179.1759,202.9988,0.7836,0.9705,402.2862,53.4906,0
2025-08-29 14:00:00,HSM.DSC.PMP01,cooling_descaling_pump,197.2227,200.8847,0.2178,1.2519,400.4697,54.2363,0
2025-08-29 15:00:00,HSM.DSC.PMP01,cooling_descaling_pump,153.8692,199.7735,-0.8167,0.8582,403.4449,50.641,0
2025-08-29 16:00:00,HSM.DSC.PMP01,cooling_descaling_pump,180.8946,204.5551,-0.1355,1.1346,399.8388,57.6992,0
2025-08-29 17:00:00,HSM.DSC.PMP01,cooling_descaling_pump,192.1308,202.8016,-0.5127,1.1661,393.7146,58.8818,0
2025-08-29 18:00:00,HSM.DSC.PMP01,cooling_descaling_pump,197.3923,196.5028,0.4357,1.0455,392.5577,53.5413,0
2025-08-29 19:00:00,HSM.DSC.PMP01,cooling_descaling_pump,193.8838,200.185,-0.0892,0.8408,395.5523,46.3144,0
2025-08-29 20:00:00,HSM.DSC.PMP01,cooling_descaling_pump,206.8835,200.6746,0.2579,1.0659,400.7937,55.3424,0
2025-08-29 21:00:00,HSM.DSC.PMP01,cooling_descaling_pump,162.8794,201.2928,0.3092,1.0486,400.7806,56.4314,0
2025-08-29 22:00:00,HSM.DSC.PMP01,cooling_descaling_pump,172.7587,199.753,-0.2197,1.0009,402.8456,46.6003,0
2025-08-29 23:00:00,HSM.DSC.PMP01,cooling_descaling_pump,209.5389,197.8713,-0.8309,1.1544,399.2311,68.227,0
2025-08-30 00:00:00,HSM.DSC.PMP01,cooling_descaling_pump,168.0555,202.3754,-1.1566,1.1768,396.4356,60.8345,0
2025-08-30 01:00:00,HSM.DSC.PMP01,cooling_descaling_pump,167.6505,195.8437,-0.402,1.0918,398.9844,62.292,0
2025-08-30 02:00:00,HSM.DSC.PMP01,cooling_descaling_pump,193.1534,205.2018,-0.6673,1.012,398.9866,58.6609,0
2025-08-30 03:00:00,HSM.DSC.PMP01,cooling_descaling_pump,208.3915,199.5584,1.2546,1.1981,391.0351,61.9508,0
2025-08-30 04:00:00,HSM.DSC.PMP01,cooling_descaling_pump,184.3814,202.5056,1.2333,0.8498,405.0415,60.0749,0
2025-08-30 05:00:00,HSM.DSC.PMP01,cooling_descaling_pump,204.7039,205.3102,0.2025,1.0528,391.0921,57.8888,0
2025-08-30 06:00:00,HSM.DSC.PMP01,cooling_descaling_pump,176.6712,193.7578,0.4096,1.0981,407.213,52.7221,0
2025-08-30 07:00:00,HSM.DSC.PMP01,cooling_descaling_pump,159.4585,202.4084,0.9221,1.0495,395.672,55.1163,0
2025-08-30 08:00:00,HSM.DSC.PMP01,cooling_descaling_pump,159.6092,198.8892,-0.3213,1.0939,400.782,57.8501,0
2025-08-30 09:00:00,HSM.DSC.PMP01,cooling_descaling_pump,194.6522,204.6682,0.1229,0.9383,404.3679,59.5088,0
2025-08-30 10:00:00,HSM.DSC.PMP01,cooling_descaling_pump,179.0524,198.5874,-0.3085,0.8923,395.9979,50.146,0
2025-08-30 11:00:00,HSM.DSC.PMP01,cooling_descaling_pump,166.5914,202.5532,0.0062,0.7533,400.8313,56.9469,0
2025-08-30 12:00:00,HSM.DSC.PMP01,cooling_descaling_pump,202.0254,202.3686,0.363,0.848,403.5222,52.5736,0
2025-08-30 13:00:00,HSM.DSC.PMP01,cooling_descaling_pump,148.0076,196.153,0.323,1.1435,409.8283,67.2542,0
2025-08-30 14:00:00,HSM.DSC.PMP01,cooling_descaling_pump,200.7759,197.3252,0.4813,1.0418,400.1092,50.9126,0
2025-08-30 15:00:00,HSM.DSC.PMP01,cooling_descaling_pump,183.5598,196.8915,-0.2707,1.15,397.8532,53.4246,0
2025-08-30 16:00:00,HSM.DSC.PMP01,cooling_descaling_pump,183.6381,198.9915,0.8303,1.0064,391.0425,49.8123,0
2025-08-30 17:00:00,HSM.DSC.PMP01,cooling_descaling_pump,170.9011,197.5681,0.2979,0.9933,404.9069,50.5829,0
2025-08-30 18:00:00,HSM.DSC.PMP01,cooling_descaling_pump,147.5138,198.5513,0.1237,1.0612,402.4604,54.2473,0
2025-08-30 19:00:00,HSM.DSC.PMP01,cooling_descaling_pump,188.6448,193.2705,-0.1735,0.9362,391.7758,46.3817,0
2025-08-30 20:00:00,HSM.DSC.PMP01,cooling_descaling_pump,169.1339,203.0922,0.1219,0.8489,401.3123,56.0019,0
2025-08-30 21:00:00,HSM.DSC.PMP01,cooling_descaling_pump,200.4715,204.3185,-1.658,0.9176,403.3523,53.2519,0
2025-08-30 22:00:00,HSM.DSC.PMP01,cooling_descaling_pump,203.1501,202.1316,1.8792,1.1115,399.8627,62.916,0
2025-08-30 23:00:00,HSM.DSC.PMP01,cooling_descaling_pump,190.1002,201.0811,-0.0565,0.9418,399.9639,47.7296,0
2025-08-31 00:00:00,HSM.DSC.PMP01,cooling_descaling_pump,174.7793,199.6179,0.3233,0.8154,401.2934,51.2445,0
2025-08-31 01:00:00,HSM.DSC.PMP01,cooling_descaling_pump,186.7203,194.7977,-1.0663,1.0376,404.5072,59.3372,0
2025-08-31 02:00:00,HSM.DSC.PMP01,cooling_descaling_pump,145.3164,201.6299,0.2611,1.1031,402.9109,57.1184,0
2025-08-31 03:00:00,HSM.DSC.PMP01,cooling_descaling_pump,164.7849,197.8867,-1.037,1.0847,400.385,50.9122,0
2025-08-31 04:00:00,HSM.DSC.PMP01,cooling_descaling_pump,186.5106,201.3528,-0.5598,1.0129,395.678,49.8018,0
2025-08-31 05:00:00,HSM.DSC.PMP01,cooling_descaling_pump,144.9628,199.7468,-0.5504,1.0012,399.7705,59.3262,0
2025-08-31 06:00:00,HSM.DSC.PMP01,cooling_descaling_pump,197.7813,202.0015,-0.6629,0.9674,400.9531,57.8858,0
2025-08-31 07:00:00,HSM.DSC.PMP01,cooling_descaling_pump,137.8661,203.542,-0.4437,0.9513,403.2229,57.099,0
2025-08-31 08:00:00,HSM.DSC.PMP01,cooling_descaling_pump,186.0057,203.9346,0.4146,0.6905,406.5869,50.7546,0
2025-08-31 09:00:00,HSM.DSC.PMP01,cooling_descaling_pump,177.3269,199.4378,1.1881,0.934,402.9612,59.4106,0
2025-08-31 10:00:00,HSM.DSC.PMP01,cooling_descaling_pump,181.7761,195.5708,0.7349,0.7702,405.7438,40.3099,0
2025-08-31 11:00:00,HSM.DSC.PMP01,cooling_descaling_pump,197.0232,199.1128,-0.7389,0.8834,396.352,52.6771,0
2025-08-31 12:00:00,HSM.DSC.PMP01,cooling_descaling_pump,196.8341,198.865,0.4923,1.2057,394.4719,62.5746,0
2025-08-31 13:00:00,HSM.DSC.PMP01,cooling_descaling_pump,187.9175,199.0314,0.0568,0.8161,402.1185,48.2467,0
2025-08-31 14:00:00,HSM.DSC.PMP01,cooling_descaling_pump,170.0355,203.266,0.5072,1.1667,392.4109,62.0697,0
2025-08-31 15:00:00,HSM.DSC.PMP01,cooling_descaling_pump,148.0394,207.7892,0.81,1.0961,402.3507,58.0295,0
2025-08-31 16:00:00,HSM.DSC.PMP01,cooling_descaling_pump,233.0019,200.8315,0.1228,0.8301,402.6115,59.2078,0
2025-08-31 17:00:00,HSM.DSC.PMP01,cooling_descaling_pump,217.2468,197.6872,-0.0788,0.9361,400.5895,61.289,0
2025-08-31 18:00:00,HSM.DSC.PMP01,cooling_descaling_pump,164.905,203.0599,0.6014,1.0945,403.062,54.2243,0
2025-08-31 19:00:00,HSM.DSC.PMP01,cooling_descaling_pump,183.0662,199.0873,-0.1403,1.0046,401.2532,50.5618,0
2025-08-31 20:00:00,HSM.DSC.PMP01,cooling_descaling_pump,155.6366,196.2272,0.5819,1.0222,398.6669,52.1155,0
2025-08-31 21:00:00,HSM.DSC.PMP01,cooling_descaling_pump,166.275,203.7043,0.2631,1.03,399.0734,51.5761,0
2025-08-31 22:00:00,HSM.DSC.PMP01,cooling_descaling_pump,190.8096,194.6214,0.3758,1.2587,399.0626,60.6939,0
2025-08-31 23:00:00,HSM.DSC.PMP01,cooling_descaling_pump,189.557,199.7963,-0.3276,0.9564,404.8881,53.4548,0
2025-09-01 00:00:00,HSM.DSC.PMP01,cooling_descaling_pump,195.845,197.1052,-0.8218,0.836,393.7371,50.9541,0
2025-09-01 01:00:00,HSM.DSC.PMP01,cooling_descaling_pump,186.5834,201.8106,-1.686,1.1303,402.5585,52.4738,0
2025-09-01 02:00:00,HSM.DSC.PMP01,cooling_descaling_pump,172.0906,191.9659,0.6493,1.2775,399.4443,59.5188,0
2025-09-01 03:00:00,HSM.DSC.PMP01,cooling_descaling_pump,209.2305,204.1481,-0.1575,0.6097,402.1773,46.6819,0
2025-09-01 04:00:00,HSM.DSC.PMP01,cooling_descaling_pump,135.2636,199.4913,-0.0346,1.1927,398.2175,59.0427,0
2025-09-01 05:00:00,HSM.DSC.PMP01,cooling_descaling_pump,218.3339,199.1871,0.8577,1.1566,404.0494,60.0733,0
2025-09-01 06:00:00,HSM.DSC.PMP01,cooling_descaling_pump,197.2848,200.1595,0.4219,1.1536,399.5197,62.3417,0
2025-09-01 07:00:00,HSM.DSC.PMP01,cooling_descaling_pump,161.5957,195.3989,-0.4074,1.0943,399.7195,54.4273,0
2025-09-01 08:00:00,HSM.DSC.PMP01,cooling_descaling_pump,163.5783,206.0565,0.3673,0.8957,397.0908,54.6328,0
2025-09-01 09:00:00,HSM.DSC.PMP01,cooling_descaling_pump,203.2245,198.9571,0.4158,1.0777,410.7666,51.093,0
2025-09-01 10:00:00,HSM.DSC.PMP01,cooling_descaling_pump,157.2041,207.051,-0.2176,0.911,401.4373,53.0753,0
2025-09-01 11:00:00,HSM.DSC.PMP01,cooling_descaling_pump,184.3365,199.6784,0.507,1.1393,400.4707,61.4479,0
2025-09-01 12:00:00,HSM.DSC.PMP01,cooling_descaling_pump,178.1086,201.4758,-0.2397,0.8891,395.9591,51.4064,0
2025-09-01 13:00:00,HSM.DSC.PMP01,cooling_descaling_pump,148.5374,204.1112,-0.1419,0.83,402.6597,45.4699,0
2025-09-01 14:00:00,HSM.DSC.PMP01,cooling_descaling_pump,196.1438,200.0562,-0.7074,1.2593,398.2906,56.5503,0
2025-09-01 15:00:00,HSM.DSC.PMP01,cooling_descaling_pump,201.2157,205.7913,0.9837,0.8497,397.4037,52.4586,0
2025-09-01 16:00:00,HSM.DSC.PMP01,cooling_descaling_pump,216.263,197.848,0.2249,0.7916,398.4121,51.3083,0
2025-09-01 17:00:00,HSM.DSC.PMP01,cooling_descaling_pump,178.5627,200.0221,-0.2655,0.5483,397.8798,46.5145,0
2025-09-01 18:00:00,HSM.DSC.PMP01,cooling_descaling_pump,207.0983,198.3805,0.2742,0.9806,397.1096,50.9424,0
2025-09-01 19:00:00,HSM.DSC.PMP01,cooling_descaling_pump,186.1819,200.317,0.2382,0.8863,393.5749,41.2528,0
2025-09-01 20:00:00,HSM.DSC.PMP01,cooling_descaling_pump,196.3221,203.0082,1.4298,0.9549,405.409,57.0324,0
2025-09-01 21:00:00,HSM.DSC.PMP01,cooling_descaling_pump,222.973,199.1899,1.2516,0.5922,402.6126,44.8063,0
2025-09-01 22:00:00,HSM.DSC.PMP01,cooling_descaling_pump,155.4088,198.9475,1.4964,1.1371,398.3861,56.5764,0
2025-09-01 23:00:00,HSM.DSC.PMP01,cooling_descaling_pump,163.1601,194.3659,0.3737,0.898,407.5463,49.1386,0
2025-09-02 00:00:00,HSM.DSC.PMP01,cooling_descaling_pump,203.9524,197.5135,-0.1599,1.0766,399.3571,61.0115,0
2025-09-02 01:00:00,HSM.DSC.PMP01,cooling_descaling_pump,147.5722,199.9604,0.9724,1.1826,397.4875,58.7954,0
2025-09-02 02:00:00,HSM.DSC.PMP01,cooling_descaling_pump,190.572,203.6575,0.3626,0.9193,397.9494,51.8771,0
2025-09-02 03:00:00,HSM.DSC.PMP01,cooling_descaling_pump,212.7288,204.2341,-0.3206,0.9302,400.2016,63.9663,0
2025-09-02 04:00:00,HSM.DSC.PMP01,cooling_descaling_pump,173.327,206.491,-0.18,1.1997,392.8469,65.5143,0
2025-09-02 05:00:00,HSM.DSC.PMP01,cooling_descaling_pump,157.2951,202.2907,0.7055,0.98,397.692,55.7778,0
2025-09-02 06:00:00,HSM.DSC.PMP01,cooling_descaling_pump,199.0553,199.7584,0.3799,1.1607,402.2663,62.8306,0
2025-09-02 07:00:00,HSM.DSC.PMP01,cooling_descaling_pump,187.6982,204.7469,1.6258,0.9018,402.2157,51.2586,0
2025-09-02 08:00:00,HSM.DSC.PMP01,cooling_descaling_pump,183.788,200.6754,-0.2421,1.0141,399.0945,55.2374,0
2025-09-02 09:00:00,HSM.DSC.PMP01,cooling_descaling_pump,180.5078,197.0317,0.6984,1.0479,399.399,56.1085,0
2025-09-02 10:00:00,HSM.DSC.PMP01,cooling_descaling_pump,211.9332,201.6986,-0.1368,1.2165,395.6531,61.7577,0
2025-09-02 11:00:00,HSM.DSC.PMP01,cooling_descaling_pump,167.234,204.3335,-0.9752,0.9787,404.3752,53.7941,0
2025-09-02 12:00:00,HSM.DSC.PMP01,cooling_descaling_pump,200.9733,200.1368,1.1054,0.9436,402.1733,65.7646,0
2025-09-02 13:00:00,HSM.DSC.PMP01,cooling_descaling_pump,144.1979,197.4412,0.3974,0.98,397.2151,52.1213,0
2025-09-02 14:00:00,HSM.DSC.PMP01,cooling_descaling_pump,191.2976,198.927,0.5447,0.9738,398.8735,56.3245,0
2025-09-02 15:00:00,HSM.DSC.PMP01,cooling_descaling_pump,183.9962,197.953,-0.2503,1.1517,402.8619,55.7564,0
2025-09-02 16:00:00,HSM.DSC.PMP01,cooling_descaling_pump,170.8685,195.8065,-0.8305,1.1502,395.75,52.5819,0
2025-09-02 17:00:00,HSM.DSC.PMP01,cooling_descaling_pump,176.8883,203.1844,0.2981,0.8062,397.8773,53.0785,0
2025-09-02 18:00:00,HSM.DSC.PMP01,cooling_descaling_pump,156.1076,201.2995,1.1715,1.0313,403.6621,49.8056,0
2025-09-02 19:00:00,HSM.DSC.PMP01,cooling_descaling_pump,147.4169,200.8773,0.3431,0.999,411.5867,56.2525,0
2025-09-02 20:00:00,HSM.DSC.PMP01,cooling_descaling_pump,181.9763,200.7365,0.547,1.1986,402.0102,60.5389,0
2025-09-02 21:00:00,HSM.DSC.PMP01,cooling_descaling_pump,211.6453,205.1452,-0.0886,0.9774,404.2818,56.5086,0
2025-09-02 22:00:00,HSM.DSC.PMP01,cooling_descaling_pump,182.7282,202.7333,0.136,1.3353,395.9397,55.6516,0
2025-09-02 23:00:00,HSM.DSC.PMP01,cooling_descaling_pump,171.7922,199.6696,-1.7981,0.9798,405.6218,48.8462,0
2025-09-03 00:00:00,HSM.DSC.PMP01,cooling_descaling_pump,169.8132,200.2266,-1.6149,1.177,393.6634,58.7389,0
2025-09-03 01:00:00,HSM.DSC.PMP01,cooling_descaling_pump,165.1204,200.2729,0.2233,1.212,402.0505,56.3554,0
2025-09-03 02:00:00,HSM.DSC.PMP01,cooling_descaling_pump,233.1382,193.5097,0.2753,0.9829,401.0551,68.1231,0
2025-09-03 03:00:00,HSM.DSC.PMP01,cooling_descaling_pump,201.6114,196.7464,0.1401,1.0645,399.8551,58.8476,0
2025-09-03 04:00:00,HSM.DSC.PMP01,cooling_descaling_pump,184.0941,200.9256,0.2436,1.0705,407.2674,56.6454,0
2025-09-03 05:00:00,HSM.DSC.PMP01,cooling_descaling_pump,180.278,200.4265,-0.2833,1.2101,397.8813,60.3648,0
2025-09-03 06:00:00,HSM.DSC.PMP01,cooling_descaling_pump,168.3615,199.0371,-0.0008,0.8582,401.1534,53.0962,0
2025-09-03 07:00:00,HSM.DSC.PMP01,cooling_descaling_pump,173.0817,202.4359,-0.4377,1.1237,397.675,53.2896,0
2025-09-03 08:00:00,HSM.DSC.PMP01,cooling_descaling_pump,150.7117,199.6157,-1.4057,1.1736,397.6209,57.7963,0
2025-09-03 09:00:00,HSM.DSC.PMP01,cooling_descaling_pump,186.8173,198.4034,0.1783,0.9856,400.8789,59.7513,0
2025-09-03 10:00:00,HSM.DSC.PMP01,cooling_descaling_pump,169.5727,200.3407,1.0697,1.1177,406.1781,54.6581,0
2025-09-03 11:00:00,HSM.DSC.PMP01,cooling_descaling_pump,184.7051,202.8577,-1.0587,1.0244,392.8894,58.4824,0
2025-09-03 12:00:00,HSM.DSC.PMP01,cooling_descaling_pump,206.4295,197.7527,0.6143,1.0057,396.1067,53.9582,0
2025-09-03 13:00:00,HSM.DSC.PMP01,cooling_descaling_pump,189.038,201.5279,-0.1053,1.0103,397.9517,57.6155,0
2025-09-03 14:00:00,HSM.DSC.PMP01,cooling_descaling_pump,203.0512,200.5133,0.2695,0.8019,408.125,53.1424,0
2025-09-03 15:00:00,HSM.DSC.PMP01,cooling_descaling_pump,222.8709,198.5903,-0.6121,1.1773,399.9464,53.925,0
2025-09-03 16:00:00,HSM.DSC.PMP01,cooling_descaling_pump,177.2474,199.8536,-0.8037,1.055,394.1625,51.9234,0
2025-09-03 17:00:00,HSM.DSC.PMP01,cooling_descaling_pump,214.1574,197.6788,1.1102,0.837,405.6987,51.9174,0
2025-09-03 18:00:00,HSM.DSC.PMP01,cooling_descaling_pump,183.9767,198.5594,0.2155,0.8723,400.4517,53.9553,0
2025-09-03 19:00:00,HSM.DSC.PMP01,cooling_descaling_pump,155.3728,204.593,0.4662,0.9255,402.6063,54.5128,0
2025-09-03 20:00:00,HSM.DSC.PMP01,cooling_descaling_pump,202.9723,201.413,-0.3079,1.0045,396.2423,53.6373,0
2025-09-03 21:00:00,HSM.DSC.PMP01,cooling_descaling_pump,161.3682,203.5554,0.2558,1.186,397.1992,61.8669,0
2025-09-03 22:00:00,HSM.DSC.PMP01,cooling_descaling_pump,145.651,195.2003,0.052,0.9946,399.1651,57.8183,0
2025-09-03 23:00:00,HSM.DSC.PMP01,cooling_descaling_pump,177.9593,203.8026,-0.1502,1.1971,404.8555,65.7624,0
2025-09-04 00:00:00,HSM.DSC.PMP01,cooling_descaling_pump,195.5544,199.4871,0.3307,0.9879,398.9915,57.2305,0
2025-09-04 01:00:00,HSM.DSC.PMP01,cooling_descaling_pump,210.4139,209.7993,-0.9848,0.9785,399.8269,59.8825,0
2025-09-04 02:00:00,HSM.DSC.PMP01,cooling_descaling_pump,179.6354,200.6965,-0.0778,1.0235,400.4395,55.9959,0
2025-09-04 03:00:00,HSM.DSC.PMP01,cooling_descaling_pump,188.0605,195.176,-0.4361,1.144,400.0293,58.7314,0
2025-09-04 04:00:00,HSM.DSC.PMP01,cooling_descaling_pump,174.3784,198.8416,0.6893,0.7719,397.3197,47.7256,0
2025-09-04 05:00:00,HSM.DSC.PMP01,cooling_descaling_pump,152.7167,203.277,-0.4602,0.9844,402.0224,53.301,0
2025-09-04 06:00:00,HSM.DSC.PMP01,cooling_descaling_pump,183.0757,196.9781,-0.6103,1.321,387.1344,64.4189,0
2025-09-04 07:00:00,HSM.DSC.PMP01,cooling_descaling_pump,172.375,202.018,-1.356,1.1003,397.432,57.5098,0
2025-09-04 08:00:00,HSM.DSC.PMP01,cooling_descaling_pump,178.96,194.3445,-0.2827,1.0835,403.9934,52.0412,0
2025-09-04 09:00:00,HSM.DSC.PMP01,cooling_descaling_pump,148.8549,203.5044,0.6322,1.024,396.4057,46.4647,0
2025-09-04 10:00:00,HSM.DSC.PMP01,cooling_descaling_pump,185.9099,196.4189,-1.1662,0.8179,397.4951,53.6532,0
2025-09-04 11:00:00,HSM.DSC.PMP01,cooling_descaling_pump,201.1673,202.2085,-0.1232,0.9231,403.261,51.7794,0
2025-09-04 12:00:00,HSM.DSC.PMP01,cooling_descaling_pump,197.3919,204.2296,0.3653,1.2078,398.5092,69.1716,0
2025-09-04 13:00:00,HSM.DSC.PMP01,cooling_descaling_pump,169.3803,201.9313,-0.3893,1.2321,401.3717,66.7454,0
2025-09-04 14:00:00,HSM.DSC.PMP01,cooling_descaling_pump,192.6858,203.8637,1.4302,1.1295,401.2698,59.0867,0
2025-09-04 15:00:00,HSM.DSC.PMP01,cooling_descaling_pump,183.9701,201.0076,-0.8823,1.0293,400.5975,48.7319,0
2025-09-04 16:00:00,HSM.DSC.PMP01,cooling_descaling_pump,191.5792,201.7892,-0.5716,0.765,400.3232,45.6218,0
2025-09-04 17:00:00,HSM.DSC.PMP01,cooling_descaling_pump,178.0227,205.1411,-0.6914,0.9841,399.9749,53.9419,0
2025-09-04 18:00:00,HSM.DSC.PMP01,cooling_descaling_pump,186.3332,199.9915,-1.7193,1.0484,396.9494,54.6318,0
2025-09-04 19:00:00,HSM.DSC.PMP01,cooling_descaling_pump,180.1242,209.0233,0.0983,0.8914,395.4067,52.6822,0
2025-09-04 20:00:00,HSM.DSC.PMP01,cooling_descaling_pump,168.434,204.4493,0.7638,0.6975,403.7123,53.9241,0
2025-09-04 21:00:00,HSM.DSC.PMP01,cooling_descaling_pump,192.2395,198.9736,-0.8884,1.123,399.35,58.6237,0
2025-09-04 22:00:00,HSM.DSC.PMP01,cooling_descaling_pump,200.1848,206.9097,0.0646,0.6718,402.2754,43.6741,0
2025-09-04 23:00:00,HSM.DSC.PMP01,cooling_descaling_pump,216.9256,200.7131,-0.9983,0.929,397.9382,57.7634,0
2025-09-05 00:00:00,HSM.DSC.PMP01,cooling_descaling_pump,178.1787,196.3163,0.5029,0.9393,410.2943,56.0776,0
2025-09-05 01:00:00,HSM.DSC.PMP01,cooling_descaling_pump,198.9,196.706,0.0811,1.1983,393.5644,55.2771,0
2025-09-05 02:00:00,HSM.DSC.PMP01,cooling_descaling_pump,192.0986,198.6138,0.3059,0.9075,400.6708,57.1702,0
2025-09-05 03:00:00,HSM.DSC.PMP01,cooling_descaling_pump,191.8095,199.6793,0.016,0.9359,397.0122,58.2219,0
2025-09-05 04:00:00,HSM.DSC.PMP01,cooling_descaling_pump,169.7458,200.0162,0.5156,1.2149,397.6804,60.6139,0
2025-09-05 05:00:00,HSM.DSC.PMP01,cooling_descaling_pump,158.4231,197.3061,-0.0549,1.3412,404.1339,67.6984,0
2025-09-05 06:00:00,HSM.DSC.PMP01,cooling_descaling_pump,203.2371,204.9882,0.7622,0.7942,404.4967,60.2995,0
2025-09-05 07:00:00,HSM.DSC.PMP01,cooling_descaling_pump,194.9977,201.725,-0.1377,1.0658,400.0068,57.9401,0
2025-09-05 08:00:00,HSM.DSC.PMP01,cooling_descaling_pump,178.544,199.2511,0.628,1.0031,395.9097,54.4189,0
2025-09-05 09:00:00,HSM.DSC.PMP01,cooling_descaling_pump,189.6472,208.2197,-0.1463,0.9018,398.7041,58.1706,0
2025-09-05 10:00:00,HSM.DSC.PMP01,cooling_descaling_pump,126.1205,198.972,0.7043,1.1192,397.3077,60.1561,0
2025-09-05 11:00:00,HSM.DSC.PMP01,cooling_descaling_pump,156.8752,190.4171,1.3936,0.9123,402.1738,46.6451,0
2025-09-05 12:00:00,HSM.DSC.PMP01,cooling_descaling_pump,145.6497,207.2898,-1.8273,1.0767,400.645,53.2782,0
2025-09-05 13:00:00,HSM.DSC.PMP01,cooling_descaling_pump,227.0312,200.6651,-0.2447,0.7989,403.1273,56.04,0
2025-09-05 14:00:00,HSM.DSC.PMP01,cooling_descaling_pump,180.7165,197.7149,-0.8239,0.7348,405.3992,49.9129,0
2025-09-05 15:00:00,HSM.DSC.PMP01,cooling_descaling_pump,201.2826,201.8365,0.1634,0.8067,398.8697,50.0015,0
2025-09-05 16:00:00,HSM.DSC.PMP01,cooling_descaling_pump,191.1446,206.4081,-1.2717,1.2482,396.3401,54.7485,0
2025-09-05 17:00:00,HSM.DSC.PMP01,cooling_descaling_pump,199.4892,201.9183,0.2195,0.945,400.2773,44.6071,0
2025-09-05 18:00:00,HSM.DSC.PMP01,cooling_descaling_pump,189.7114,200.975,-0.4058,1.0425,396.8097,55.3366,0
2025-09-05 19:00:00,HSM.DSC.PMP01,cooling_descaling_pump,175.6758,204.0834,0.1814,0.975,404.1185,57.6056,0
2025-09-05 20:00:00,HSM.DSC.PMP01,cooling_descaling_pump,179.9936,194.3773,-0.2339,1.1632,407.864,50.2931,0
2025-09-05 21:00:00,HSM.DSC.PMP01,cooling_descaling_pump,174.2125,202.6763,-0.1234,1.349,395.6227,54.9113,0
2025-09-05 22:00:00,HSM.DSC.PMP01,cooling_descaling_pump,217.9155,196.8695,-0.2943,1.1607,401.9489,58.3152,0
2025-09-05 23:00:00,HSM.DSC.PMP01,cooling_descaling_pump,163.0167,196.8566,0.3952,1.0997,400.8262,58.6279,0
2025-09-06 00:00:00,HSM.DSC.PMP01,cooling_descaling_pump,153.469,197.7826,0.6271,0.9338,397.5715,59.7775,0
2025-09-06 01:00:00,HSM.DSC.PMP01,cooling_descaling_pump,186.2296,207.2589,-0.3847,0.8624,396.807,47.5983,0
2025-09-06 02:00:00,HSM.DSC.PMP01,cooling_descaling_pump,201.6819,198.6895,0.3246,1.06,405.977,57.2488,0
2025-09-06 03:00:00,HSM.DSC.PMP01,cooling_descaling_pump,158.8144,202.1886,0.3744,0.8961,402.1643,52.5343,0
2025-09-06 04:00:00,HSM.DSC.PMP01,cooling_descaling_pump,229.9191,205.0558,-0.2242,0.6546,400.25,57.1587,0
2025-09-06 05:00:00,HSM.DSC.PMP01,cooling_descaling_pump,191.8704,197.6991,-0.6986,1.151,397.4362,59.2393,0
2025-09-06 06:00:00,HSM.DSC.PMP01,cooling_descaling_pump,182.1386,195.6274,0.5757,1.0391,396.9221,65.4396,0
2025-09-06 07:00:00,HSM.DSC.PMP01,cooling_descaling_pump,161.9562,199.57,0.0561,1.0165,401.9272,56.809,0
2025-09-06 08:00:00,HSM.DSC.PMP01,cooling_descaling_pump,198.2987,197.397,-0.5445,1.2643,395.3352,67.2724,0
2025-09-06 09:00:00,HSM.DSC.PMP01,cooling_descaling_pump,156.0418,200.4894,-0.6723,1.1298,401.9009,64.2388,0
2025-09-06 10:00:00,HSM.DSC.PMP01,cooling_descaling_pump,189.3389,201.6552,0.1157,1.033,394.9198,57.6382,0
2025-09-06 11:00:00,HSM.DSC.PMP01,cooling_descaling_pump,189.566,201.4302,0.2159,0.9605,398.232,58.2234,0
2025-09-06 12:00:00,HSM.DSC.PMP01,cooling_descaling_pump,182.2009,198.6332,-0.0904,1.118,396.7892,59.936,0
2025-09-06 13:00:00,HSM.DSC.PMP01,cooling_descaling_pump,170.0404,205.933,-0.3695,0.7937,398.3088,52.4082,0
2025-09-06 14:00:00,HSM.DSC.PMP01,cooling_descaling_pump,163.8414,205.1153,-0.2558,0.8762,406.4111,62.1419,0
2025-09-06 15:00:00,HSM.DSC.PMP01,cooling_descaling_pump,183.8168,195.8241,-0.4177,1.0075,398.4759,57.4239,0
2025-09-06 16:00:00,HSM.DSC.PMP01,cooling_descaling_pump,179.395,201.4548,0.0388,1.1887,398.4254,56.8336,0
2025-09-06 17:00:00,HSM.DSC.PMP01,cooling_descaling_pump,164.9835,196.3719,0.2246,1.0024,404.4482,48.9058,0
2025-09-06 18:00:00,HSM.DSC.PMP01,cooling_descaling_pump,185.7636,202.4753,-0.3169,0.7435,402.7535,49.7542,0
2025-09-06 19:00:00,HSM.DSC.PMP01,cooling_descaling_pump,191.4716,196.5518,0.5298,0.7043,403.2585,52.2549,0
2025-09-06 20:00:00,HSM.DSC.PMP01,cooling_descaling_pump,181.5749,197.8873,-0.4657,1.0041,406.7002,54.3225,0
2025-09-06 21:00:00,HSM.DSC.PMP01,cooling_descaling_pump,175.1586,201.8263,0.2275,0.8961,399.8429,44.0628,0
2025-09-06 22:00:00,HSM.DSC.PMP01,cooling_descaling_pump,171.2014,200.2847,0.4949,1.1061,398.9003,56.6909,0
2025-09-06 23:00:00,HSM.DSC.PMP01,cooling_descaling_pump,163.8669,201.3709,0.7338,0.995,401.6196,51.0727,0
2025-09-07 00:00:00,HSM.DSC.PMP01,cooling_descaling_pump,186.655,203.7777,-0.7014,0.9472,390.9517,55.0111,0
2025-09-07 01:00:00,HSM.DSC.PMP01,cooling_descaling_pump,206.8223,205.4922,-0.3767,0.7981,399.057,56.6328,0
2025-09-07 02:00:00,HSM.DSC.PMP01,cooling_descaling_pump,185.532,201.0717,-0.0267,0.8151,396.8975,45.327,0
2025-09-07 03:00:00,HSM.DSC.PMP01,cooling_descaling_pump,192.2954,199.6956,0.0825,1.0192,398.1053,59.5667,0
2025-09-07 04:00:00,HSM.DSC.PMP01,cooling_descaling_pump,154.552,199.3278,-0.418,1.1094,394.1432,62.9875,0
2025-09-07 05:00:00,HSM.DSC.PMP01,cooling_descaling_pump,178.0549,198.4532,-0.4968,0.9137,399.3671,56.874,0
2025-09-07 06:00:00,HSM.DSC.PMP01,cooling_descaling_pump,233.7431,199.6042,0.2859,0.7837,404.9856,58.095,0
2025-09-07 07:00:00,HSM.DSC.PMP01,cooling_descaling_pump,167.9523,199.5532,0.067,0.9359,399.8006,56.5294,0
2025-09-07 08:00:00,HSM.DSC.PMP01,cooling_descaling_pump,236.8579,201.716,-0.364,0.9765,401.1328,55.2515,0
2025-09-07 09:00:00,HSM.DSC.PMP01,cooling_descaling_pump,136.4737,195.1507,0.026,1.3097,395.955,53.2798,0
2025-09-07 10:00:00,HSM.DSC.PMP01,cooling_descaling_pump,174.9435,196.9435,-0.3774,0.8753,399.5773,54.6036,0
2025-09-07 11:00:00,HSM.DSC.PMP01,cooling_descaling_pump,225.3025,197.9738,-1.0776,0.9113,400.6637,53.0193,0
2025-09-07 12:00:00,HSM.DSC.PMP01,cooling_descaling_pump,132.8124,202.9352,-0.688,1.1083,400.2469,55.3811,0
2025-09-07 13:00:00,HSM.DSC.PMP01,cooling_descaling_pump,219.0444,200.4542,-0.3188,0.7305,394.752,45.3662,0
2025-09-07 14:00:00,HSM.DSC.PMP01,cooling_descaling_pump,176.8119,200.7768,-0.2643,1.1762,400.4887,54.8578,0
2025-09-07 15:00:00,HSM.DSC.PMP01,cooling_descaling_pump,213.083,203.2027,0.5999,1.0508,403.1526,56.6373,0
2025-09-07 16:00:00,HSM.DSC.PMP01,cooling_descaling_pump,155.1754,197.4135,-0.2157,0.9815,398.3529,57.6967,0
2025-09-07 17:00:00,HSM.DSC.PMP01,cooling_descaling_pump,189.8352,199.0258,-0.9747,0.8096,399.5362,45.3811,0
2025-09-07 18:00:00,HSM.DSC.PMP01,cooling_descaling_pump,167.5492,198.4091,0.4492,1.0757,398.4995,57.1615,0
2025-09-07 19:00:00,HSM.DSC.PMP01,cooling_descaling_pump,179.674,197.1085,-0.3097,1.0824,404.8911,52.6755,0
2025-09-07 20:00:00,HSM.DSC.PMP01,cooling_descaling_pump,153.79,203.2236,1.4377,0.8236,399.2849,56.3311,0
2025-09-07 21:00:00,HSM.DSC.PMP01,cooling_descaling_pump,158.0373,204.1866,-0.0823,0.8545,396.5616,52.3487,0
2025-09-07 22:00:00,HSM.DSC.PMP01,cooling_descaling_pump,207.394,198.8803,-0.1367,1.1473,395.0021,55.4103,0
2025-09-07 23:00:00,HSM.DSC.PMP01,cooling_descaling_pump,177.3322,196.8546,-0.3905,0.933,405.4149,49.1328,0
2025-09-08 00:00:00,HSM.DSC.PMP01,cooling_descaling_pump,211.4921,197.4631,1.6483,1.0809,395.8334,53.166,0
2025-09-08 01:00:00,HSM.DSC.PMP01,cooling_descaling_pump,161.1165,206.1216,-1.0316,1.0953,402.5942,57.5576,0
2025-09-08 02:00:00,HSM.DSC.PMP01,cooling_descaling_pump,169.5723,194.771,-1.4804,0.9005,401.295,46.0556,0
2025-09-08 03:00:00,HSM.DSC.PMP01,cooling_descaling_pump,190.6483,199.9929,-0.053,0.9621,400.9025,60.4962,0
2025-09-08 04:00:00,HSM.DSC.PMP01,cooling_descaling_pump,246.7972,199.4098,-0.5007,1.068,398.11,59.2196,0
2025-09-08 05:00:00,HSM.DSC.PMP01,cooling_descaling_pump,163.6424,200.0201,0.5017,1.1879,395.0811,53.8315,0
2025-09-08 06:00:00,HSM.DSC.PMP01,cooling_descaling_pump,177.8745,201.7456,-1.4666,1.1696,401.3188,60.2568,0
2025-09-08 07:00:00,HSM.DSC.PMP01,cooling_descaling_pump,195.0963,201.6394,-0.271,0.746,396.5091,56.5988,0
2025-09-08 08:00:00,HSM.DSC.PMP01,cooling_descaling_pump,184.0762,203.4266,-0.0746,1.0912,397.1145,59.0549,0
2025-09-08 09:00:00,HSM.DSC.PMP01,cooling_descaling_pump,206.3248,201.0483,-0.2768,0.9568,401.6113,60.9075,0
2025-09-08 10:00:00,HSM.DSC.PMP01,cooling_descaling_pump,209.5066,203.0433,-1.4952,0.7381,398.9982,51.4473,0
2025-09-08 11:00:00,HSM.DSC.PMP01,cooling_descaling_pump,183.3743,198.6016,0.1424,1.0186,399.692,58.211,0
2025-09-08 12:00:00,HSM.DSC.PMP01,cooling_descaling_pump,173.9769,196.1534,-0.8163,1.102,399.0798,57.1543,0
2025-09-08 13:00:00,HSM.DSC.PMP01,cooling_descaling_pump,178.011,204.2907,-0.8074,1.0579,401.5324,59.1355,0
2025-09-08 14:00:00,HSM.DSC.PMP01,cooling_descaling_pump,170.6857,198.2678,-0.6109,0.9421,404.1627,50.9569,0
2025-09-08 15:00:00,HSM.DSC.PMP01,cooling_descaling_pump,206.3254,204.8099,-0.9457,0.6494,396.8675,46.3358,0
2025-09-08 16:00:00,HSM.DSC.PMP01,cooling_descaling_pump,209.6375,200.3662,1.0132,1.0057,402.1586,63.105,0
2025-09-08 17:00:00,HSM.DSC.PMP01,cooling_descaling_pump,197.2196,199.5985,-0.3639,0.9931,404.4461,53.0573,0
2025-09-08 18:00:00,HSM.DSC.PMP01,cooling_descaling_pump,178.3113,201.684,-0.0902,1.1787,408.0794,56.6029,0
2025-09-08 19:00:00,HSM.DSC.PMP01,cooling_descaling_pump,213.3673,204.0034,-0.9188,0.8846,401.0284,57.4733,0
2025-09-08 20:00:00,HSM.DSC.PMP01,cooling_descaling_pump,194.0464,194.8323,-0.7052,0.7891,395.2693,47.2033,0
2025-09-08 21:00:00,HSM.DSC.PMP01,cooling_descaling_pump,188.1759,193.7381,0.6116,1.0107,400.8943,50.8356,0
2025-09-08 22:00:00,HSM.DSC.PMP01,cooling_descaling_pump,155.3432,202.3805,-0.213,1.0145,400.1046,54.9624,0
2025-09-08 23:00:00,HSM.DSC.PMP01,cooling_descaling_pump,188.6359,200.8969,0.2444,1.0684,396.4052,54.6302,0
2025-09-09 00:00:00,HSM.DSC.PMP01,cooling_descaling_pump,203.9473,205.2226,0.6774,0.675,396.3434,57.2529,0
2025-09-09 01:00:00,HSM.DSC.PMP01,cooling_descaling_pump,181.4865,201.6918,-1.2756,0.9737,404.6023,49.2524,0
2025-09-09 02:00:00,HSM.DSC.PMP01,cooling_descaling_pump,207.4697,197.5672,-0.6415,1.1125,397.2708,54.8894,0
2025-09-09 03:00:00,HSM.DSC.PMP01,cooling_descaling_pump,181.2134,199.1767,1.2582,1.0301,403.6565,54.9467,0
2025-09-09 04:00:00,HSM.DSC.PMP01,cooling_descaling_pump,132.0769,202.4318,0.6315,1.0206,410.0926,56.2361,0
2025-09-09 05:00:00,HSM.DSC.PMP01,cooling_descaling_pump,185.4473,202.5025,-0.0164,1.0258,404.4093,57.666,0
2025-09-09 06:00:00,HSM.DSC.PMP01,cooling_descaling_pump,162.217,199.9216,-0.4064,1.1358,404.8653,56.4544,0
2025-09-09 07:00:00,HSM.DSC.PMP01,cooling_descaling_pump,184.1317,203.2572,-0.049,0.9997,395.0322,61.3483,0
2025-09-09 08:00:00,HSM.DSC.PMP01,cooling_descaling_pump,217.4573,194.707,0.2247,1.0325,401.6657,61.4704,0
2025-09-09 09:00:00,HSM.DSC.PMP01,cooling_descaling_pump,189.7388,200.8526,-1.1767,0.7955,399.3002,47.8211,0
2025-09-09 10:00:00,HSM.DSC.PMP01,cooling_descaling_pump,174.5642,201.256,0.4544,0.9767,400.5403,64.362,0
2025-09-09 11:00:00,HSM.DSC.PMP01,cooling_descaling_pump,173.055,193.8042,0.1556,0.9867,405.6221,55.0293,0
2025-09-09 12:00:00,HSM.DSC.PMP01,cooling_descaling_pump,192.8119,205.7685,0.1021,0.8085,398.0621,46.874,0
2025-09-09 13:00:00,HSM.DSC.PMP01,cooling_descaling_pump,143.1696,201.2721,-0.3784,1.2539,393.3991,54.0402,0
2025-09-09 14:00:00,HSM.DSC.PMP01,cooling_descaling_pump,174.2601,199.6343,-0.3004,1.0204,396.0133,45.6352,0
2025-09-09 15:00:00,HSM.DSC.PMP01,cooling_descaling_pump,192.8935,203.3544,0.5537,0.8903,397.2896,53.4961,0
2025-09-09 16:00:00,HSM.DSC.PMP01,cooling_descaling_pump,210.1929,198.8422,0.7411,0.824,400.9459,57.1005,0
2025-09-09 17:00:00,HSM.DSC.PMP01,cooling_descaling_pump,154.949,204.34,-0.8038,1.2852,400.2129,63.2253,0
2025-09-09 18:00:00,HSM.DSC.PMP01,cooling_descaling_pump,132.1097,199.8334,-0.3478,1.1105,396.0555,47.9103,0
2025-09-09 19:00:00,HSM.DSC.PMP01,cooling_descaling_pump,192.8918,197.8038,0.0279,1.0307,395.956,45.6701,0
2025-09-09 20:00:00,HSM.DSC.PMP01,cooling_descaling_pump,220.4235,202.0537,-0.5507,0.7484,398.6399,50.9402,0
2025-09-09 21:00:00,HSM.DSC.PMP01,cooling_descaling_pump,152.5404,205.0482,-0.8802,0.796,397.7539,53.9374,0
2025-09-09 22:00:00,HSM.DSC.PMP01,cooling_descaling_pump,165.8068,199.0577,-0.4149,0.6522,402.506,42.0976,0
2025-09-09 23:00:00,HSM.DSC.PMP01,cooling_descaling_pump,169.5011,200.711,0.0444,1.0894,405.7172,58.2505,0
2025-09-10 00:00:00,HSM.DSC.PMP01,cooling_descaling_pump,185.7837,197.5029,-0.6936,1.3531,394.2394,56.1775,0
2025-09-10 01:00:00,HSM.DSC.PMP01,cooling_descaling_pump,175.8721,196.8987,-0.3808,1.3039,395.5365,58.7897,0
2025-09-10 02:00:00,HSM.DSC.PMP01,cooling_descaling_pump,180.7204,198.7432,0.1803,0.958,403.1803,50.404,0
2025-09-10 03:00:00,HSM.DSC.PMP01,cooling_descaling_pump,169.0244,199.1636,-1.1673,1.2105,392.8231,57.1547,0
2025-09-10 04:00:00,HSM.DSC.PMP01,cooling_descaling_pump,198.6027,200.6017,-0.2985,1.0359,394.0609,52.1305,0
2025-09-10 05:00:00,HSM.DSC.PMP01,cooling_descaling_pump,227.2626,200.7954,-0.1041,0.8256,400.822,61.5356,0
2025-09-10 06:00:00,HSM.DSC.PMP01,cooling_descaling_pump,225.2015,200.7683,0.1193,0.9344,406.8914,57.377,0
2025-09-10 07:00:00,HSM.DSC.PMP01,cooling_descaling_pump,195.0514,203.265,-0.276,0.7768,400.9109,55.9797,0
2025-09-10 08:00:00,HSM.DSC.PMP01,cooling_descaling_pump,194.8446,202.0265,-0.547,1.0797,400.8589,56.8202,0
2025-09-10 09:00:00,HSM.DSC.PMP01,cooling_descaling_pump,208.6905,201.2318,0.3536,1.0504,397.1506,53.3358,0
2025-09-10 10:00:00,HSM.DSC.PMP01,cooling_descaling_pump,180.6355,195.8526,0.2351,1.2348,399.1808,54.4522,0
2025-09-10 11:00:00,HSM.DSC.PMP01,cooling_descaling_pump,191.693,199.0102,-0.0724,0.8401,399.9087,58.0845,0
2025-09-10 12:00:00,HSM.DSC.PMP01,cooling_descaling_pump,181.5612,199.5226,-0.2508,0.9925,401.6383,53.773,0
2025-09-10 13:00:00,HSM.DSC.PMP01,cooling_descaling_pump,216.7002,199.0203,1.4919,0.9851,393.6086,53.3408,0
2025-09-10 14:00:00,HSM.DSC.PMP01,cooling_descaling_pump,169.1453,198.5086,-0.3185,1.4677,396.3062,59.8241,0
2025-09-10 15:00:00,HSM.DSC.PMP01,cooling_descaling_pump,193.8084,204.0964,0.2722,0.8634,399.2469,48.6281,0
2025-09-10 16:00:00,HSM.DSC.PMP01,cooling_descaling_pump,141.9176,198.0629,0.5504,0.9755,398.5491,43.1748,0
2025-09-10 17:00:00,HSM.DSC.PMP01,cooling_descaling_pump,225.3464,195.2585,0.2756,1.1078,400.6467,63.5733,0
2025-09-10 18:00:00,HSM.DSC.PMP01,cooling_descaling_pump,202.0052,203.171,-0.8172,0.978,399.3497,49.862,0
2025-09-10 19:00:00,HSM.DSC.PMP01,cooling_descaling_pump,181.1834,202.4361,0.2837,1.0124,400.7047,56.0312,0
2025-09-10 20:00:00,HSM.DSC.PMP01,cooling_descaling_pump,182.0977,200.4373,-1.1694,0.9731,401.8779,53.8491,0
2025-09-10 21:00:00,HSM.DSC.PMP01,cooling_descaling_pump,180.6795,202.5374,0.009,0.7533,403.86,53.468,0
2025-09-10 22:00:00,HSM.DSC.PMP01,cooling_descaling_pump,174.3296,201.1659,0.5444,1.3033,399.9697,63.755,0
2025-09-10 23:00:00,HSM.DSC.PMP01,cooling_descaling_pump,181.5625,199.6976,0.2828,1.0135,402.5096,51.897,0
2025-09-11 00:00:00,HSM.DSC.PMP01,cooling_descaling_pump,174.9726,196.5587,-0.3493,1.0472,403.805,58.3706,0
2025-09-11 01:00:00,HSM.DSC.PMP01,cooling_descaling_pump,214.4521,198.3094,-1.3307,0.885,398.9114,61.2126,0
2025-09-11 02:00:00,HSM.DSC.PMP01,cooling_descaling_pump,173.6379,198.2486,-0.5712,0.9494,405.4351,54.3213,0
2025-09-11 03:00:00,HSM.DSC.PMP01,cooling_descaling_pump,208.9822,197.0378,1.0678,1.0917,403.1001,58.684,0
2025-09-11 04:00:00,HSM.DSC.PMP01,cooling_descaling_pump,170.5308,201.919,-0.3937,1.0188,397.8144,56.8308,0
2025-09-11 05:00:00,HSM.DSC.PMP01,cooling_descaling_pump,197.5704,199.1612,0.2578,1.2389,396.7384,65.6593,0
2025-09-11 06:00:00,HSM.DSC.PMP01,cooling_descaling_pump,204.056,198.8437,-0.6725,1.1249,395.9318,64.9971,0
2025-09-11 07:00:00,HSM.DSC.PMP01,cooling_descaling_pump,173.488,201.7115,1.2736,0.8774,395.8875,52.2337,0
2025-09-11 08:00:00,HSM.DSC.PMP01,cooling_descaling_pump,188.1389,199.7192,0.0449,1.1714,399.4008,65.2883,0
2025-09-11 09:00:00,HSM.DSC.PMP01,cooling_descaling_pump,150.5245,203.1489,-0.8615,0.7394,402.7624,55.3002,0
2025-09-11 10:00:00,HSM.DSC.PMP01,cooling_descaling_pump,208.8284,202.006,-1.451,0.6425,396.2774,45.3989,0
2025-09-11 11:00:00,HSM.DSC.PMP01,cooling_descaling_pump,204.2142,197.8145,-0.2734,0.7238,403.2928,55.2788,0
2025-09-11 12:00:00,HSM.DSC.PMP01,cooling_descaling_pump,184.0807,196.1153,0.1624,1.1833,401.4254,54.1563,0
2025-09-11 13:00:00,HSM.DSC.PMP01,cooling_descaling_pump,215.2206,199.3219,1.4415,0.9004,401.1825,57.4719,0
2025-09-11 14:00:00,HSM.DSC.PMP01,cooling_descaling_pump,174.8635,200.3428,-0.715,0.9513,403.0853,54.8923,0
2025-09-11 15:00:00,HSM.DSC.PMP01,cooling_descaling_pump,225.76,203.825,0.4211,0.5928,405.6649,52.9103,0
2025-09-11 16:00:00,HSM.DSC.PMP01,cooling_descaling_pump,184.7738,200.6264,-0.0507,1.2758,399.0838,54.129,0
2025-09-11 17:00:00,HSM.DSC.PMP01,cooling_descaling_pump,224.7412,194.5309,-0.2143,1.1779,399.1932,63.794,0
2025-09-11 18:00:00,HSM.DSC.PMP01,cooling_descaling_pump,152.3018,204.1716,0.8493,0.9735,400.5375,60.7026,0
2025-09-11 19:00:00,HSM.DSC.PMP01,cooling_descaling_pump,176.6081,204.2451,-0.1345,0.9657,400.6607,52.6716,0
2025-09-11 20:00:00,HSM.DSC.PMP01,cooling_descaling_pump,200.0546,196.1432,0.065,1.1246,404.0562,59.4523,0
2025-09-11 21:00:00,HSM.DSC.PMP01,cooling_descaling_pump,178.7705,202.0326,0.9204,1.316,395.2501,55.9315,0
2025-09-11 22:00:00,HSM.DSC.PMP01,cooling_descaling_pump,155.6361,199.5166,0.835,1.1623,397.5556,59.1348,0
2025-09-11 23:00:00,HSM.DSC.PMP01,cooling_descaling_pump,172.6271,198.5137,0.5352,1.1586,394.0748,53.7981,0
2025-09-12 00:00:00,HSM.DSC.PMP01,cooling_descaling_pump,194.2923,203.1708,-0.3327,1.0212,402.0437,64.6802,0
2025-09-12 01:00:00,HSM.DSC.PMP01,cooling_descaling_pump,182.0673,196.0703,-0.1813,1.1952,402.925,55.6331,0
2025-09-12 02:00:00,HSM.DSC.PMP01,cooling_descaling_pump,173.9322,205.926,0.4193,0.8859,404.5354,52.3179,0
2025-09-12 03:00:00,HSM.DSC.PMP01,cooling_descaling_pump,207.8358,203.6373,0.6559,0.8747,401.1847,55.558,0
2025-09-12 04:00:00,HSM.DSC.PMP01,cooling_descaling_pump,183.9352,199.8508,-0.1098,1.0509,397.4944,69.8369,0
2025-09-12 05:00:00,HSM.DSC.PMP01,cooling_descaling_pump,173.0055,204.6594,0.0247,1.0089,400.8954,52.4007,0
2025-09-12 06:00:00,HSM.DSC.PMP01,cooling_descaling_pump,157.6729,203.0825,-0.0665,1.1359,398.342,60.691,0
2025-09-12 07:00:00,HSM.DSC.PMP01,cooling_descaling_pump,140.5531,199.0318,0.1999,1.0483,409.3481,56.3135,0
2025-09-12 08:00:00,HSM.DSC.PMP01,cooling_descaling_pump,197.5483,205.1301,-0.3574,0.8414,401.9267,51.1986,0
2025-09-12 09:00:00,HSM.DSC.PMP01,cooling_descaling_pump,171.3142,197.4832,-0.5416,1.2051,402.5976,60.9367,0
2025-09-12 10:00:00,HSM.DSC.PMP01,cooling_descaling_pump,166.6333,202.0405,-0.4482,1.2178,391.8311,55.3914,0
2025-09-12 11:00:00,HSM.DSC.PMP01,cooling_descaling_pump,201.7021,202.518,-0.4465,0.7573,399.2549,49.5001,0
2025-09-12 12:00:00,HSM.DSC.PMP01,cooling_descaling_pump,198.7338,203.6763,0.3624,0.8039,401.9852,57.5917,0
2025-09-12 13:00:00,HSM.DSC.PMP01,cooling_descaling_pump,219.9058,202.4735,-0.289,0.8038,399.7134,53.7757,0
2025-09-12 14:00:00,HSM.DSC.PMP01,cooling_descaling_pump,154.002,203.0479,0.31,0.875,399.2235,57.2555,0
2025-09-12 15:00:00,HSM.DSC.PMP01,cooling_descaling_pump,212.9368,196.0168,0.9082,0.8389,404.518,54.5908,0
2025-09-12 16:00:00,HSM.DSC.PMP01,cooling_descaling_pump,190.8311,194.0677,-0.6007,0.8953,403.9933,51.0971,0
2025-09-12 17:00:00,HSM.DSC.PMP01,cooling_descaling_pump,186.0586,197.1941,-0.156,1.2271,396.9238,52.0101,0
2025-09-12 18:00:00,HSM.DSC.PMP01,cooling_descaling_pump,175.953,201.6551,0.0392,1.0075,401.43,60.704,0
2025-09-12 19:00:00,HSM.DSC.PMP01,cooling_descaling_pump,190.3101,200.6006,-0.4092,1.0457,400.0061,52.7708,0
2025-09-12 20:00:00,HSM.DSC.PMP01,cooling_descaling_pump,150.9201,192.6297,-1.2022,0.91,396.0081,49.7988,0
2025-09-12 21:00:00,HSM.DSC.PMP01,cooling_descaling_pump,221.4165,198.5647,-1.1116,0.8583,399.4128,54.7098,0
2025-09-12 22:00:00,HSM.DSC.PMP01,cooling_descaling_pump,188.5359,196.1324,1.0286,0.7447,406.9884,53.7624,0
2025-09-12 23:00:00,HSM.DSC.PMP01,cooling_descaling_pump,183.4622,202.3425,-0.0145,0.9522,404.1864,57.1086,0
2025-09-13 00:00:00,HSM.DSC.PMP01,cooling_descaling_pump,212.2847,204.0931,0.1387,0.7554,400.2204,45.8207,0
2025-09-13 01:00:00,HSM.DSC.PMP01,cooling_descaling_pump,174.9715,202.7114,0.6606,1.0001,398.2896,56.2976,0
2025-09-13 02:00:00,HSM.DSC.PMP01,cooling_descaling_pump,225.6789,196.7172,1.0685,1.0441,394.4569,52.9525,0
2025-09-13 03:00:00,HSM.DSC.PMP01,cooling_descaling_pump,118.8325,201.9319,-0.8017,1.1167,400.6133,61.4177,0
2025-09-13 04:00:00,HSM.DSC.PMP01,cooling_descaling_pump,164.1503,195.7091,-1.1179,1.2166,401.1193,53.7923,0
2025-09-13 05:00:00,HSM.DSC.PMP01,cooling_descaling_pump,178.652,202.1599,0.0145,0.8984,397.596,57.2669,0
2025-09-13 06:00:00,HSM.DSC.PMP01,cooling_descaling_pump,183.3016,199.6567,0.0053,0.8314,396.1024,54.3924,0
2025-09-13 07:00:00,HSM.DSC.PMP01,cooling_descaling_pump,192.2943,200.9874,-0.1113,0.9581,399.8413,52.0625,0
2025-09-13 08:00:00,HSM.DSC.PMP01,cooling_descaling_pump,194.2294,194.0141,-0.2533,1.2591,402.2662,56.3089,0
2025-09-13 09:00:00,HSM.DSC.PMP01,cooling_descaling_pump,215.4918,205.1156,-0.3763,0.8276,406.4981,58.7227,0
2025-09-13 10:00:00,HSM.DSC.PMP01,cooling_descaling_pump,171.1855,201.3982,-0.5731,1.0706,395.9918,55.8332,0
2025-09-13 11:00:00,HSM.DSC.PMP01,cooling_descaling_pump,164.6947,198.7456,0.021,0.8646,399.5234,52.5544,0
2025-09-13 12:00:00,HSM.DSC.PMP01,cooling_descaling_pump,140.5448,199.1445,1.4804,1.2239,396.7855,57.2837,0
2025-09-13 13:00:00,HSM.DSC.PMP01,cooling_descaling_pump,194.6713,199.6256,0.168,1.2753,398.7765,54.9122,0
2025-09-13 14:00:00,HSM.DSC.PMP01,cooling_descaling_pump,176.3477,198.988,0.196,1.0924,401.3437,57.9417,0
2025-09-13 15:00:00,HSM.DSC.PMP01,cooling_descaling_pump,161.2353,191.1065,-0.2067,1.0587,403.2706,47.1303,0
2025-09-13 16:00:00,HSM.DSC.PMP01,cooling_descaling_pump,154.2461,200.315,0.015,1.0267,399.7912,52.8248,0
2025-09-13 17:00:00,HSM.DSC.PMP01,cooling_descaling_pump,168.6308,200.4271,-0.7629,0.8946,404.1976,54.2794,0
2025-09-13 18:00:00,HSM.DSC.PMP01,cooling_descaling_pump,210.5603,201.0755,0.6323,1.0976,402.2008,63.6993,0
2025-09-13 19:00:00,HSM.DSC.PMP01,cooling_descaling_pump,205.3223,204.8358,-1.112,0.8373,401.1366,51.0291,0
2025-09-13 20:00:00,HSM.DSC.PMP01,cooling_descaling_pump,212.2007,204.5277,0.6678,0.4744,402.7273,42.6646,0
2025-09-13 21:00:00,HSM.DSC.PMP01,cooling_descaling_pump,177.1541,196.3305,-0.0146,1.1392,399.3899,53.175,0
2025-09-13 22:00:00,HSM.DSC.PMP01,cooling_descaling_pump,162.2086,201.4928,0.528,0.9859,404.1417,54.901,0
2025-09-13 23:00:00,HSM.DSC.PMP01,cooling_descaling_pump,181.689,202.8952,-0.1721,1.0781,396.1605,53.9689,0
2025-09-14 00:00:00,HSM.DSC.PMP01,cooling_descaling_pump,192.6842,202.825,-0.6807,0.7838,399.7979,55.0601,0
2025-09-14 01:00:00,HSM.DSC.PMP01,cooling_descaling_pump,188.5805,203.652,-0.5712,1.1969,389.809,56.555,0
2025-09-14 02:00:00,HSM.DSC.PMP01,cooling_descaling_pump,170.4226,204.6736,0.1716,0.7067,396.0098,44.2245,0
2025-09-14 03:00:00,HSM.DSC.PMP01,cooling_descaling_pump,177.0887,199.0578,-0.5255,1.0557,400.392,51.28,0
2025-09-14 04:00:00,HSM.DSC.PMP01,cooling_descaling_pump,212.0455,190.8048,0.5184,1.0456,399.3404,51.3278,0
2025-09-14 05:00:00,HSM.DSC.PMP01,cooling_descaling_pump,201.991,193.6823,-0.4241,1.006,393.2492,53.7209,0
2025-09-14 06:00:00,HSM.DSC.PMP01,cooling_descaling_pump,188.5626,202.475,-0.0972,0.8631,401.1111,53.689,0
2025-09-14 07:00:00,HSM.DSC.PMP01,cooling_descaling_pump,146.5579,198.2836,-0.5547,1.2443,395.0603,53.23,0
2025-09-14 08:00:00,HSM.DSC.PMP01,cooling_descaling_pump,212.9043,200.9901,-0.5298,0.8965,402.6292,55.223,0
2025-09-14 09:00:00,HSM.DSC.PMP01,cooling_descaling_pump,185.1019,197.4805,1.3574,1.1778,400.7908,63.5695,0
2025-09-14 10:00:00,HSM.DSC.PMP01,cooling_descaling_pump,199.7183,205.0885,0.9452,0.8589,401.3362,49.2381,0
2025-09-14 11:00:00,HSM.DSC.PMP01,cooling_descaling_pump,178.5702,199.0113,1.7092,0.9111,399.8349,56.8091,0
2025-09-14 12:00:00,HSM.DSC.PMP01,cooling_descaling_pump,157.702,198.0097,0.3253,1.137,399.3014,54.4129,0
2025-09-14 13:00:00,HSM.DSC.PMP01,cooling_descaling_pump,182.1234,198.1164,-0.5608,1.0304,393.0389,53.7765,0
2025-09-14 14:00:00,HSM.DSC.PMP01,cooling_descaling_pump,178.5187,202.8378,0.3619,0.9118,401.1758,48.4272,0
2025-09-14 15:00:00,HSM.DSC.PMP01,cooling_descaling_pump,227.6827,196.8276,-0.0747,0.956,397.4667,51.6397,0
2025-09-14 16:00:00,HSM.DSC.PMP01,cooling_descaling_pump,164.2166,200.6187,0.8991,0.975,404.1065,47.4065,0
2025-09-14 17:00:00,HSM.DSC.PMP01,cooling_descaling_pump,162.1399,196.3702,-0.6171,1.0932,403.7387,65.3142,0
2025-09-14 18:00:00,HSM.DSC.PMP01,cooling_descaling_pump,211.0814,200.1047,0.7407,0.7215,397.0705,43.8706,0
2025-09-14 19:00:00,HSM.DSC.PMP01,cooling_descaling_pump,137.2917,199.2426,-0.8303,0.8397,397.133,47.8844,0
2025-09-14 20:00:00,HSM.DSC.PMP01,cooling_descaling_pump,156.1842,203.9445,-0.6572,1.2413,406.112,63.4592,0
2025-09-14 21:00:00,HSM.DSC.PMP01,cooling_descaling_pump,221.582,203.6321,0.4359,0.8798,400.777,62.4127,0
2025-09-14 22:00:00,HSM.DSC.PMP01,cooling_descaling_pump,141.5642,202.7223,0.4459,1.1105,394.4526,55.5516,0
2025-09-14 23:00:00,HSM.DSC.PMP01,cooling_descaling_pump,178.7594,197.2643,-0.5249,1.2296,399.2833,58.9096,0
2025-09-15 00:00:00,HSM.DSC.PMP01,cooling_descaling_pump,120.3331,199.8243,-0.1643,1.4069,396.6894,58.7661,0
2025-09-15 01:00:00,HSM.DSC.PMP01,cooling_descaling_pump,190.669,204.9111,0.1074,0.9871,401.9173,60.5862,0
2025-09-15 02:00:00,HSM.DSC.PMP01,cooling_descaling_pump,174.5362,202.6977,-1.4415,0.7904,402.3016,54.9782,0
2025-09-15 03:00:00,HSM.DSC.PMP01,cooling_descaling_pump,196.4329,200.8952,-1.0609,0.9615,403.3758,56.9372,0
2025-09-15 04:00:00,HSM.DSC.PMP01,cooling_descaling_pump,216.0452,204.7938,-0.2216,1.0214,402.7888,54.1802,0
2025-09-15 05:00:00,HSM.DSC.PMP01,cooling_descaling_pump,176.8463,206.5226,0.0711,0.7351,401.7784,56.526,0
2025-09-15 06:00:00,HSM.DSC.PMP01,cooling_descaling_pump,196.9043,196.9847,0.4375,1.0854,402.9802,58.3487,0
2025-09-15 07:00:00,HSM.DSC.PMP01,cooling_descaling_pump,209.3164,202.1488,0.1472,0.8353,400.9552,49.337,0
2025-09-15 08:00:00,HSM.DSC.PMP01,cooling_descaling_pump,201.2143,202.3937,-0.4164,0.8914,409.0216,57.9328,0
2025-09-15 09:00:00,HSM.DSC.PMP01,cooling_descaling_pump,161.3971,199.5392,-0.1724,1.0433,403.3266,56.8442,0
2025-09-15 10:00:00,HSM.DSC.PMP01,cooling_descaling_pump,175.7708,200.0316,0.9392,1.0967,398.9252,52.3784,0
2025-09-15 11:00:00,HSM.DSC.PMP01,cooling_descaling_pump,182.1977,200.9437,0.2877,0.711,402.3752,55.3329,0
2025-09-15 12:00:00,HSM.DSC.PMP01,cooling_descaling_pump,162.4027,208.5689,-0.3364,0.9901,407.6718,49.451,0
2025-09-15 13:00:00,HSM.DSC.PMP01,cooling_descaling_pump,163.2369,199.8802,-0.6957,1.3214,393.662,60.9396,0
2025-09-15 14:00:00,HSM.DSC.PMP01,cooling_descaling_pump,145.8159,202.17,-0.2871,1.0345,395.732,55.9689,0
2025-09-15 15:00:00,HSM.DSC.PMP01,cooling_descaling_pump,203.6031,195.5915,0.509,0.6902,400.5557,44.2303,0
2025-09-15 16:00:00,HSM.DSC.PMP01,cooling_descaling_pump,192.2948,202.6757,0.0544,0.9523,394.416,56.3926,0
2025-09-15 17:00:00,HSM.DSC.PMP01,cooling_descaling_pump,201.7023,194.9456,-0.1314,1.3156,400.518,59.8549,0
2025-09-15 18:00:00,HSM.DSC.PMP01,cooling_descaling_pump,165.2796,199.5216,0.7638,1.2242,397.7633,63.7509,0
2025-09-15 19:00:00,HSM.DSC.PMP01,cooling_descaling_pump,166.8282,196.6752,0.6932,1.1929,399.9282,62.0996,0
2025-09-15 20:00:00,HSM.DSC.PMP01,cooling_descaling_pump,185.0565,199.4338,0.3017,0.8677,399.7871,56.5438,0
2025-09-15 21:00:00,HSM.DSC.PMP01,cooling_descaling_pump,189.9428,195.2265,-0.8683,0.934,401.2335,45.7181,0
2025-09-15 22:00:00,HSM.DSC.PMP01,cooling_descaling_pump,197.4099,199.5024,0.4014,0.9034,402.154,47.7322,0
2025-09-15 23:00:00,HSM.DSC.PMP01,cooling_descaling_pump,177.1257,200.6314,-0.1413,0.7078,400.6274,50.3341,0
2025-09-16 00:00:00,HSM.DSC.PMP01,cooling_descaling_pump,176.3818,203.4452,-0.0087,0.8802,403.5907,53.8966,0
2025-09-16 01:00:00,HSM.DSC.PMP01,cooling_descaling_pump,183.5685,203.9372,-0.8859,0.8756,401.2536,49.3175,0
2025-09-16 02:00:00,HSM.DSC.PMP01,cooling_descaling_pump,176.996,198.3638,-0.3085,1.1132,399.6655,59.0752,0
2025-09-16 03:00:00,HSM.DSC.PMP01,cooling_descaling_pump,173.2784,203.1414,-0.1161,0.9981,392.7771,51.1619,0
2025-09-16 04:00:00,HSM.DSC.PMP01,cooling_descaling_pump,179.0261,200.0844,0.1457,0.6148,397.2067,41.5797,0
2025-09-16 05:00:00,HSM.DSC.PMP01,cooling_descaling_pump,185.3204,197.0771,1.4196,1.2166,397.2013,65.1976,0
2025-09-16 06:00:00,HSM.DSC.PMP01,cooling_descaling_pump,185.6525,200.7663,1.3796,0.8696,395.9005,51.1538,0
2025-09-16 07:00:00,HSM.DSC.PMP01,cooling_descaling_pump,171.3849,201.9559,-0.382,1.0147,393.9934,61.8079,0
2025-09-16 08:00:00,HSM.DSC.PMP01,cooling_descaling_pump,171.2346,199.1393,1.1353,1.129,398.6632,60.3852,0
2025-09-16 09:00:00,HSM.DSC.PMP01,cooling_descaling_pump,163.0724,202.6952,0.7763,0.8819,403.2996,46.4309,0
2025-09-16 10:00:00,HSM.DSC.PMP01,cooling_descaling_pump,149.6163,196.5621,1.4579,1.371,401.8475,61.7228,0
2025-09-16 11:00:00,HSM.DSC.PMP01,cooling_descaling_pump,196.2147,198.1159,-0.1729,1.0706,396.799,57.9638,0
2025-09-16 12:00:00,HSM.DSC.PMP01,cooling_descaling_pump,191.9805,194.1897,-0.7863,0.8595,399.845,51.3631,0
2025-09-16 13:00:00,HSM.DSC.PMP01,cooling_descaling_pump,176.5247,204.2126,-0.3375,1.1845,395.5038,53.8581,0
2025-09-16 14:00:00,HSM.DSC.PMP01,cooling_descaling_pump,189.4242,196.1734,1.0809,1.1726,401.4368,55.8711,0
2025-09-16 15:00:00,HSM.DSC.PMP01,cooling_descaling_pump,214.3425,192.8773,-0.1444,1.31,399.9761,60.3793,0
2025-09-16 16:00:00,HSM.DSC.PMP01,cooling_descaling_pump,175.0319,204.9344,-0.1389,0.8193,404.3,45.2034,0
2025-09-16 17:00:00,HSM.DSC.PMP01,cooling_descaling_pump,180.0629,197.273,0.3858,1.2122,395.9534,48.9235,0
2025-09-16 18:00:00,HSM.DSC.PMP01,cooling_descaling_pump,206.3803,203.1103,0.7506,0.84,413.1284,54.7883,0
2025-09-16 19:00:00,HSM.DSC.PMP01,cooling_descaling_pump,152.4423,198.6236,1.241,1.4384,393.6701,62.6039,0
2025-09-16 20:00:00,HSM.DSC.PMP01,cooling_descaling_pump,185.7268,197.7236,0.3513,0.8026,402.7456,50.8159,0
2025-09-16 21:00:00,HSM.DSC.PMP01,cooling_descaling_pump,191.5565,201.2545,0.4793,0.9773,403.7089,55.6032,0
2025-09-16 22:00:00,HSM.DSC.PMP01,cooling_descaling_pump,205.5677,205.5782,-0.1823,0.718,400.6632,53.916,0
2025-09-16 23:00:00,HSM.DSC.PMP01,cooling_descaling_pump,194.6899,199.6068,0.3962,1.0353,393.0988,52.1869,0
2025-09-17 00:00:00,HSM.DSC.PMP01,cooling_descaling_pump,181.2988,201.1101,0.7614,1.1786,401.8221,59.3547,0
2025-09-17 01:00:00,HSM.DSC.PMP01,cooling_descaling_pump,206.9022,206.096,-0.0436,1.2368,394.9494,60.018,0
2025-09-17 02:00:00,HSM.DSC.PMP01,cooling_descaling_pump,173.9047,196.3101,0.204,1.2798,397.1582,57.1096,0
2025-09-17 03:00:00,HSM.DSC.PMP01,cooling_descaling_pump,185.1505,198.5905,0.7107,0.8046,396.0589,52.8015,0
2025-09-17 04:00:00,HSM.DSC.PMP01,cooling_descaling_pump,127.9472,203.2751,0.5129,1.1126,398.9183,55.9744,0
2025-09-17 05:00:00,HSM.DSC.PMP01,cooling_descaling_pump,167.4463,201.2655,-1.753,0.7046,395.1559,46.042,0
2025-09-17 06:00:00,HSM.DSC.PMP01,cooling_descaling_pump,206.4031,201.9729,0.5019,0.9036,404.5874,61.3378,0
2025-09-17 07:00:00,HSM.DSC.PMP01,cooling_descaling_pump,151.5009,197.9495,-1.5255,1.1626,398.3965,53.628,0
2025-09-17 08:00:00,HSM.DSC.PMP01,cooling_descaling_pump,202.8354,196.0898,0.1597,1.0856,403.411,56.6475,0
2025-09-17 09:00:00,HSM.DSC.PMP01,cooling_descaling_pump,195.9861,203.4655,0.6316,0.7777,395.0706,46.713,0
2025-09-17 10:00:00,HSM.DSC.PMP01,cooling_descaling_pump,205.867,198.1011,0.0166,1.3973,393.2758,65.1259,0
2025-09-17 11:00:00,HSM.DSC.PMP01,cooling_descaling_pump,167.0676,207.2301,-0.9136,1.0579,397.9135,49.9589,0
2025-09-17 12:00:00,HSM.DSC.PMP01,cooling_descaling_pump,193.5671,201.004,-0.2599,1.2984,397.7255,67.4263,0
2025-09-17 13:00:00,HSM.DSC.PMP01,cooling_descaling_pump,164.9387,199.5024,-0.1682,1.2713,397.5557,62.3799,0
2025-09-17 14:00:00,HSM.DSC.PMP01,cooling_descaling_pump,201.7746,195.5732,-0.5537,0.8293,391.1697,46.6438,0
2025-09-17 15:00:00,HSM.DSC.PMP01,cooling_descaling_pump,172.442,199.793,0.4879,1.0939,399.1333,53.6753,0
2025-09-17 16:00:00,HSM.DSC.PMP01,cooling_descaling_pump,171.2447,197.3596,-0.3241,1.1809,400.2877,53.6878,0
2025-09-17 17:00:00,HSM.DSC.PMP01,cooling_descaling_pump,206.8171,199.0747,1.4455,1.0488,397.6905,50.6938,0
2025-09-17 18:00:00,HSM.DSC.PMP01,cooling_descaling_pump,201.3436,196.519,0.6801,0.9786,396.6793,55.1063,0
2025-09-17 19:00:00,HSM.DSC.PMP01,cooling_descaling_pump,218.5941,198.5811,-1.5922,1.1274,398.3723,54.9648,0
2025-09-17 20:00:00,HSM.DSC.PMP01,cooling_descaling_pump,158.4259,193.8423,-0.849,0.8891,406.7352,47.6181,0
2025-09-17 21:00:00,HSM.DSC.PMP01,cooling_descaling_pump,183.6692,197.3618,0.1962,1.0662,399.9206,60.8853,0
2025-09-17 22:00:00,HSM.DSC.PMP01,cooling_descaling_pump,185.6555,203.3879,-0.9333,0.9823,391.6189,54.2334,0
2025-09-17 23:00:00,HSM.DSC.PMP01,cooling_descaling_pump,151.1034,199.4784,-0.4576,1.1821,399.013,53.034,0
2025-09-18 00:00:00,HSM.DSC.PMP01,cooling_descaling_pump,178.5183,201.2812,-0.6389,0.8677,393.9506,49.944,0
2025-09-18 01:00:00,HSM.DSC.PMP01,cooling_descaling_pump,186.6984,199.3553,0.547,0.7414,404.1289,58.4346,0
2025-09-18 02:00:00,HSM.DSC.PMP01,cooling_descaling_pump,201.3334,197.9041,-1.1412,1.0506,398.4073,63.5675,0
2025-09-18 03:00:00,HSM.DSC.PMP01,cooling_descaling_pump,150.5805,194.9621,0.7347,1.098,400.0755,56.938,0
2025-09-18 04:00:00,HSM.DSC.PMP01,cooling_descaling_pump,224.6113,193.9856,0.6982,1.274,400.3477,64.6167,0
2025-09-18 05:00:00,HSM.DSC.PMP01,cooling_descaling_pump,162.4809,194.0163,-0.5574,0.9879,406.4655,52.3249,0
2025-09-18 06:00:00,HSM.DSC.PMP01,cooling_descaling_pump,214.7213,200.9773,1.5185,0.8702,403.8699,58.6744,0
2025-09-18 07:00:00,HSM.DSC.PMP01,cooling_descaling_pump,227.879,206.7022,0.0157,0.7554,402.8905,51.6138,0
2025-09-18 08:00:00,HSM.DSC.PMP01,cooling_descaling_pump,177.1034,200.1872,-1.0354,0.899,398.8536,47.377,0
2025-09-18 09:00:00,HSM.DSC.PMP01,cooling_descaling_pump,199.4343,199.16,0.5176,1.0333,398.3053,60.1628,0
2025-09-18 10:00:00,HSM.DSC.PMP01,cooling_descaling_pump,205.7655,199.3294,0.4854,1.0275,400.9709,52.3253,0
2025-09-18 11:00:00,HSM.DSC.PMP01,cooling_descaling_pump,162.7396,200.598,-0.4487,1.0719,397.1619,52.5702,0
2025-09-18 12:00:00,HSM.DSC.PMP01,cooling_descaling_pump,191.8802,200.5712,1.3296,1.2421,397.2433,59.5105,0
2025-09-18 13:00:00,HSM.DSC.PMP01,cooling_descaling_pump,180.9582,193.5459,-0.7849,1.0679,401.4858,54.1073,0
2025-09-18 14:00:00,HSM.DSC.PMP01,cooling_descaling_pump,133.6369,195.7091,-0.0074,1.0124,399.455,48.5102,0
2025-09-18 15:00:00,HSM.DSC.PMP01,cooling_descaling_pump,173.6754,202.3863,-1.2567,0.9777,398.7149,54.0802,0
2025-09-18 16:00:00,HSM.DSC.PMP01,cooling_descaling_pump,192.5804,199.6116,-0.2028,0.8546,403.2523,52.9254,0
2025-09-18 17:00:00,HSM.DSC.PMP01,cooling_descaling_pump,167.4353,201.4794,0.5188,0.8803,401.3865,48.3021,0
2025-09-18 18:00:00,HSM.DSC.PMP01,cooling_descaling_pump,173.6266,199.6849,-0.2534,1.0363,397.9256,50.3005,0
2025-09-18 19:00:00,HSM.DSC.PMP01,cooling_descaling_pump,189.8855,197.2474,-0.3272,0.9108,397.9789,48.508,0
2025-09-18 20:00:00,HSM.DSC.PMP01,cooling_descaling_pump,190.7383,201.1549,-0.0354,1.1305,397.9407,55.4258,0
2025-09-18 21:00:00,HSM.DSC.PMP01,cooling_descaling_pump,207.6245,199.2426,1.8418,1.4213,398.7536,59.0852,0
2025-09-18 22:00:00,HSM.DSC.PMP01,cooling_descaling_pump,191.2229,199.8122,-0.7557,0.7517,398.4974,54.4626,0
2025-09-18 23:00:00,HSM.DSC.PMP01,cooling_descaling_pump,204.4853,198.9897,-0.597,1.0887,397.2388,56.5361,0
2025-09-19 00:00:00,HSM.DSC.PMP01,cooling_descaling_pump,185.4283,201.4687,-0.3971,1.0637,403.8268,61.6403,0
2025-09-19 01:00:00,HSM.DSC.PMP01,cooling_descaling_pump,228.7811,200.2286,-0.1349,1.1442,402.6795,64.6544,0
2025-09-19 02:00:00,HSM.DSC.PMP01,cooling_descaling_pump,156.6696,201.8479,0.1105,1.1799,395.5602,53.0848,0
2025-09-19 03:00:00,HSM.DSC.PMP01,cooling_descaling_pump,155.6417,198.3598,-1.1147,1.049,399.832,58.4084,0
2025-09-19 04:00:00,HSM.DSC.PMP01,cooling_descaling_pump,171.0425,200.3306,1.3499,1.0479,400.4776,58.6597,0
2025-09-19 05:00:00,HSM.DSC.PMP01,cooling_descaling_pump,212.4903,192.7303,-0.0869,0.786,400.7836,46.1381,0
2025-09-19 06:00:00,HSM.DSC.PMP01,cooling_descaling_pump,211.877,202.1698,0.0187,0.8287,407.6136,55.9273,0
2025-09-19 07:00:00,HSM.DSC.PMP01,cooling_descaling_pump,177.947,199.839,-0.428,1.0031,402.6338,58.3029,0
2025-09-19 08:00:00,HSM.DSC.PMP01,cooling_descaling_pump,160.9661,202.4758,-0.5027,0.9352,400.0426,43.6971,0
2025-09-19 09:00:00,HSM.DSC.PMP01,cooling_descaling_pump,227.1821,204.2694,0.1245,0.8336,396.0174,53.5081,0
2025-09-19 10:00:00,HSM.DSC.PMP01,cooling_descaling_pump,142.9395,203.9223,-0.1346,1.3256,397.3038,63.2469,0
2025-09-19 11:00:00,HSM.DSC.PMP01,cooling_descaling_pump,197.5455,204.2616,-0.3307,0.8837,402.8732,50.351,0
2025-09-19 12:00:00,HSM.DSC.PMP01,cooling_descaling_pump,180.9781,193.5236,-0.5012,1.2796,396.9107,63.6242,0
2025-09-19 13:00:00,HSM.DSC.PMP01,cooling_descaling_pump,206.3658,201.4194,0.5674,0.8958,399.6896,59.1434,0
2025-09-19 14:00:00,HSM.DSC.PMP01,cooling_descaling_pump,214.7375,198.5329,0.024,1.1672,401.4081,52.8247,0
2025-09-19 15:00:00,HSM.DSC.PMP01,cooling_descaling_pump,215.5864,204.2591,-0.468,1.0456,395.6205,58.7422,0
2025-09-19 16:00:00,HSM.DSC.PMP01,cooling_descaling_pump,208.7281,203.1313,0.0325,0.7609,397.5675,50.2409,0
2025-09-19 17:00:00,HSM.DSC.PMP01,cooling_descaling_pump,164.3606,197.1371,-1.0522,1.2633,408.7623,60.4069,0
2025-09-19 18:00:00,HSM.DSC.PMP01,cooling_descaling_pump,188.068,206.6075,0.6859,0.7451,403.9303,53.2448,0
2025-09-19 19:00:00,HSM.DSC.PMP01,cooling_descaling_pump,158.6105,200.841,0.5783,1.1045,396.1607,53.265,0
2025-09-19 20:00:00,HSM.DSC.PMP01,cooling_descaling_pump,156.2293,204.3455,-0.335,1.0562,400.0559,47.5118,0
2025-09-19 21:00:00,HSM.DSC.PMP01,cooling_descaling_pump,186.3911,199.1295,-0.2803,0.9826,395.1131,51.3715,0
2025-09-19 22:00:00,HSM.DSC.PMP01,cooling_descaling_pump,189.9589,201.1389,0.4234,1.2282,400.0646,53.8825,0
2025-09-19 23:00:00,HSM.DSC.PMP01,cooling_descaling_pump,173.9808,199.2989,-0.6313,0.9353,401.316,56.8033,0
2025-09-20 00:00:00,HSM.DSC.PMP01,cooling_descaling_pump,244.127,202.1,-0.0945,0.6995,403.0721,45.0742,0
2025-09-20 01:00:00,HSM.DSC.PMP01,cooling_descaling_pump,188.3762,199.6191,-0.6325,0.8262,402.202,57.9105,0
2025-09-20 02:00:00,HSM.DSC.PMP01,cooling_descaling_pump,179.8486,196.8859,-0.5147,0.921,401.5416,51.999,0
2025-09-20 03:00:00,HSM.DSC.PMP01,cooling_descaling_pump,179.8889,202.2166,-0.139,0.9536,398.3918,58.997,0
2025-09-20 04:00:00,HSM.DSC.PMP01,cooling_descaling_pump,150.3402,201.8976,0.9983,1.1425,400.9654,60.749,0
2025-09-20 05:00:00,HSM.DSC.PMP01,cooling_descaling_pump,230.2856,200.7893,0.5681,0.68,408.9176,62.4747,0
2025-09-20 06:00:00,HSM.DSC.PMP01,cooling_descaling_pump,189.4545,203.8819,-0.757,0.632,404.9996,56.3994,0
2025-09-20 07:00:00,HSM.DSC.PMP01,cooling_descaling_pump,183.1736,202.7439,-0.4938,0.9572,402.7117,53.6136,0
2025-09-20 08:00:00,HSM.DSC.PMP01,cooling_descaling_pump,192.4725,199.1894,-1.2826,1.0507,393.6459,59.8166,0
2025-09-20 09:00:00,HSM.DSC.PMP01,cooling_descaling_pump,213.3736,200.6,-0.8688,0.9252,401.0275,58.3801,0
2025-09-20 10:00:00,HSM.DSC.PMP01,cooling_descaling_pump,157.5862,195.5513,-0.0986,1.0059,402.8906,56.0528,0
2025-09-20 11:00:00,HSM.DSC.PMP01,cooling_descaling_pump,154.9233,198.5034,-0.6566,1.3484,398.7552,57.6641,0
2025-09-20 12:00:00,HSM.DSC.PMP01,cooling_descaling_pump,201.3839,200.4277,0.6689,0.9459,405.0396,61.4965,0
2025-09-20 13:00:00,HSM.DSC.PMP01,cooling_descaling_pump,187.9832,205.1529,-0.6698,0.6905,402.0935,48.6944,0
2025-09-20 14:00:00,HSM.DSC.PMP01,cooling_descaling_pump,131.0686,198.7963,-0.4345,1.1927,403.488,56.1362,0
2025-09-20 15:00:00,HSM.DSC.PMP01,cooling_descaling_pump,195.9633,200.2111,-0.7473,1.0734,396.4511,50.939,0
2025-09-20 16:00:00,HSM.DSC.PMP01,cooling_descaling_pump,209.7501,198.3914,0.1029,0.7848,397.0092,45.102,0
2025-09-20 17:00:00,HSM.DSC.PMP01,cooling_descaling_pump,193.1319,199.9518,-0.7935,1.1416,400.975,54.4955,0
2025-09-20 18:00:00,HSM.DSC.PMP01,cooling_descaling_pump,204.3057,200.305,0.6713,1.1535,400.0933,53.9537,0
2025-09-20 19:00:00,HSM.DSC.PMP01,cooling_descaling_pump,181.6677,199.748,0.5406,1.0286,399.3353,53.4324,0
2025-09-20 20:00:00,HSM.DSC.PMP01,cooling_descaling_pump,137.4039,196.5174,-0.3055,0.8729,404.7962,51.4204,0
2025-09-20 21:00:00,HSM.DSC.PMP01,cooling_descaling_pump,205.6282,203.2251,-1.0617,0.7692,398.9558,44.0632,0
2025-09-20 22:00:00,HSM.DSC.PMP01,cooling_descaling_pump,197.7687,200.6198,0.7929,0.981,399.578,57.7948,0
2025-09-20 23:00:00,HSM.DSC.PMP01,cooling_descaling_pump,185.8337,198.8321,-0.773,0.9486,399.6994,58.1199,0
2025-09-21 00:00:00,HSM.DSC.PMP01,cooling_descaling_pump,218.6146,196.6429,0.0812,0.9085,403.4484,56.4331,0
2025-09-21 01:00:00,HSM.DSC.PMP01,cooling_descaling_pump,169.8456,198.8834,0.0966,1.0933,406.7691,60.7757,0
2025-09-21 02:00:00,HSM.DSC.PMP01,cooling_descaling_pump,199.1359,195.7551,0.0974,0.8725,394.2568,47.8405,0
2025-09-21 03:00:00,HSM.DSC.PMP01,cooling_descaling_pump,209.2279,198.5221,-0.3369,0.8476,403.0657,48.1771,0
2025-09-21 04:00:00,HSM.DSC.PMP01,cooling_descaling_pump,218.1781,195.6797,0.6497,1.1501,397.7464,56.1735,0
2025-09-21 05:00:00,HSM.DSC.PMP01,cooling_descaling_pump,200.3642,201.1404,-0.386,0.9256,404.2695,57.714,0
2025-09-21 06:00:00,HSM.DSC.PMP01,cooling_descaling_pump,188.6779,199.487,-0.7549,1.0437,407.0933,55.2635,0
2025-09-21 07:00:00,HSM.DSC.PMP01,cooling_descaling_pump,204.962,205.3368,0.4671,0.8614,398.1077,53.5724,0
2025-09-21 08:00:00,HSM.DSC.PMP01,cooling_descaling_pump,185.7564,199.9901,0.01,1.0343,408.2755,55.5452,0
2025-09-21 09:00:00,HSM.DSC.PMP01,cooling_descaling_pump,185.9026,198.383,0.2388,1.0427,399.4438,54.9877,0
2025-09-21 10:00:00,HSM.DSC.PMP01,cooling_descaling_pump,231.1585,202.3403,0.096,0.9628,394.2385,58.3082,0
2025-09-21 11:00:00,HSM.DSC.PMP01,cooling_descaling_pump,152.9571,200.9477,0.1545,0.9749,394.379,55.9413,0
2025-09-21 12:00:00,HSM.DSC.PMP01,cooling_descaling_pump,199.5381,197.0453,1.0066,1.0902,395.5339,56.5887,0
2025-09-21 13:00:00,HSM.DSC.PMP01,cooling_descaling_pump,159.0874,203.7301,0.4293,0.8412,398.4325,49.0084,0
2025-09-21 14:00:00,HSM.DSC.PMP01,cooling_descaling_pump,172.7582,197.6759,-0.5361,0.8192,398.3121,49.7159,0
2025-09-21 15:00:00,HSM.DSC.PMP01,cooling_descaling_pump,186.5236,198.6217,-1.024,1.0331,402.0752,53.0585,0
2025-09-21 16:00:00,HSM.DSC.PMP01,cooling_descaling_pump,193.9138,195.6465,0.5488,0.9123,398.3592,49.1629,0
2025-09-21 17:00:00,HSM.DSC.PMP01,cooling_descaling_pump,192.847,198.9599,-0.1829,0.981,399.9596,44.7293,0
2025-09-21 18:00:00,HSM.DSC.PMP01,cooling_descaling_pump,175.742,202.1678,0.1518,1.056,404.8396,53.2319,0
2025-09-21 19:00:00,HSM.DSC.PMP01,cooling_descaling_pump,159.6274,202.6347,-0.4642,1.1107,402.2862,59.2044,0
2025-09-21 20:00:00,HSM.DSC.PMP01,cooling_descaling_pump,244.2683,200.0732,1.1633,1.1012,404.5343,67.5963,0
2025-09-21 21:00:00,HSM.DSC.PMP01,cooling_descaling_pump,224.5161,205.6768,-0.0521,0.4931,407.6556,48.8874,0
2025-09-21 22:00:00,HSM.DSC.PMP01,cooling_descaling_pump,173.7592,201.3408,-0.026,1.0822,394.8411,55.2044,0
2025-09-21 23:00:00,HSM.DSC.PMP01,cooling_descaling_pump,171.8586,197.5941,0.7083,1.0013,395.5097,51.2542,0
2025-09-22 00:00:00,HSM.DSC.PMP01,cooling_descaling_pump,180.3626,204.4697,-0.7634,0.7294,396.5172,52.2573,0
2025-09-22 01:00:00,HSM.DSC.PMP01,cooling_descaling_pump,221.1663,201.4954,0.2571,0.8834,396.1939,51.2611,0
2025-09-22 02:00:00,HSM.DSC.PMP01,cooling_descaling_pump,180.3773,197.1837,1.0613,1.1432,402.6862,56.7643,0
2025-09-22 03:00:00,HSM.DSC.PMP01,cooling_descaling_pump,194.1951,201.2839,0.265,1.1224,396.8324,63.8166,0
2025-09-22 04:00:00,HSM.DSC.PMP01,cooling_descaling_pump,204.9535,195.6819,-0.3507,1.2517,400.3194,60.2882,0
2025-09-22 05:00:00,HSM.DSC.PMP01,cooling_descaling_pump,183.7676,208.6381,0.4421,0.9044,402.4697,63.0591,0
2025-09-22 06:00:00,HSM.DSC.PMP01,cooling_descaling_pump,166.8788,205.7469,0.2181,1.1128,399.2322,64.0285,0
2025-09-22 07:00:00,HSM.DSC.PMP01,cooling_descaling_pump,182.0146,197.3193,-0.7736,0.9596,403.031,54.1363,0
2025-09-22 08:00:00,HSM.DSC.PMP01,cooling_descaling_pump,182.3908,205.1849,-0.9342,1.1097,394.952,59.6833,0
2025-09-22 09:00:00,HSM.DSC.PMP01,cooling_descaling_pump,176.3124,203.2618,0.6697,1.0105,401.4459,61.9734,0
2025-09-22 10:00:00,HSM.DSC.PMP01,cooling_descaling_pump,200.6517,206.9779,0.329,0.9041,398.3847,44.9885,0
2025-09-22 11:00:00,HSM.DSC.PMP01,cooling_descaling_pump,156.9556,202.3508,-0.3999,1.0315,395.4333,49.3443,0
2025-09-22 12:00:00,HSM.DSC.PMP01,cooling_descaling_pump,156.1329,199.0673,-0.4725,0.9882,408.8956,63.4286,0
2025-09-22 13:00:00,HSM.DSC.PMP01,cooling_descaling_pump,173.1489,195.8481,0.6962,1.1302,399.4893,59.1149,0
2025-09-22 14:00:00,HSM.DSC.PMP01,cooling_descaling_pump,176.9155,191.5648,0.0304,1.0455,394.836,45.1432,0
2025-09-22 15:00:00,HSM.DSC.PMP01,cooling_descaling_pump,151.4392,201.4585,0.6709,1.0434,406.2304,50.0916,0
2025-09-22 16:00:00,HSM.DSC.PMP01,cooling_descaling_pump,186.8854,206.9349,-0.1056,0.4557,397.7538,53.5791,0
2025-09-22 17:00:00,HSM.DSC.PMP01,cooling_descaling_pump,188.606,202.2376,0.473,0.9452,401.4021,51.9094,0
2025-09-22 18:00:00,HSM.DSC.PMP01,cooling_descaling_pump,202.2295,197.5769,-2.0,1.0101,406.2257,53.9576,0
2025-09-22 19:00:00,HSM.DSC.PMP01,cooling_descaling_pump,207.2505,196.0382,0.1202,0.9306,400.989,45.7781,0
2025-09-22 20:00:00,HSM.DSC.PMP01,cooling_descaling_pump,191.5152,196.3322,-0.2689,1.01,399.8714,53.7324,0
2025-09-22 21:00:00,HSM.DSC.PMP01,cooling_descaling_pump,207.1927,200.0553,-0.8113,0.7887,391.1031,46.0757,0
2025-09-22 22:00:00,HSM.DSC.PMP01,cooling_descaling_pump,168.5136,197.8883,0.7845,0.9219,403.7051,45.7248,0
2025-09-22 23:00:00,HSM.DSC.PMP01,cooling_descaling_pump,152.818,198.4281,1.7203,1.2487,401.4334,51.2117,0
2025-09-23 00:00:00,HSM.DSC.PMP01,cooling_descaling_pump,183.9991,205.048,0.2566,0.9222,401.3497,51.0148,0
2025-09-23 01:00:00,HSM.DSC.PMP01,cooling_descaling_pump,188.0536,202.4152,1.257,0.9535,395.7567,54.1348,0
2025-09-23 02:00:00,HSM.DSC.PMP01,cooling_descaling_pump,171.6961,199.9661,1.1035,1.0325,398.7071,57.1278,0
2025-09-23 03:00:00,HSM.DSC.PMP01,cooling_descaling_pump,191.9857,193.9993,-0.6362,0.8607,404.5999,42.3437,0
2025-09-23 04:00:00,HSM.DSC.PMP01,cooling_descaling_pump,135.6037,202.0736,0.1076,1.017,396.576,62.4358,0
2025-09-23 05:00:00,HSM.DSC.PMP01,cooling_descaling_pump,169.2232,201.6693,-1.4256,1.19,401.8522,64.3493,0
2025-09-23 06:00:00,HSM.DSC.PMP01,cooling_descaling_pump,191.8992,198.8292,-0.2487,0.8549,402.6494,51.7776,0
2025-09-23 07:00:00,HSM.DSC.PMP01,cooling_descaling_pump,175.3649,197.7256,-0.1058,1.2318,392.5303,55.2017,0
2025-09-23 08:00:00,HSM.DSC.PMP01,cooling_descaling_pump,162.8168,198.7062,-0.1932,1.0305,393.5095,54.2411,0
2025-09-23 09:00:00,HSM.DSC.PMP01,cooling_descaling_pump,212.9859,199.2713,-0.0386,0.8666,392.1983,58.5917,0
2025-09-23 10:00:00,HSM.DSC.PMP01,cooling_descaling_pump,207.1728,202.573,-0.721,0.8507,404.9021,54.145,0
2025-09-23 11:00:00,HSM.DSC.PMP01,cooling_descaling_pump,152.1169,204.4789,0.5439,0.8647,400.9063,54.9211,0
2025-09-23 12:00:00,HSM.DSC.PMP01,cooling_descaling_pump,195.5157,198.8095,1.0655,0.8281,397.9224,46.2828,0
2025-09-23 13:00:00,HSM.DSC.PMP01,cooling_descaling_pump,172.8178,200.8683,0.4889,0.6286,399.9475,53.9032,0
2025-09-23 14:00:00,HSM.DSC.PMP01,cooling_descaling_pump,177.9173,202.3295,-0.9033,0.9006,404.602,42.2385,0
2025-09-23 15:00:00,HSM.DSC.PMP01,cooling_descaling_pump,196.7854,200.9493,0.318,0.8835,401.3076,56.2545,0
2025-09-23 16:00:00,HSM.DSC.PMP01,cooling_descaling_pump,197.9677,195.6397,0.1736,1.0439,398.0556,55.3031,0
2025-09-23 17:00:00,HSM.DSC.PMP01,cooling_descaling_pump,150.3651,201.222,-0.5668,0.9641,403.2164,54.2146,0
2025-09-23 18:00:00,HSM.DSC.PMP01,cooling_descaling_pump,177.3847,205.9816,-0.6424,1.0666,397.0793,57.5891,0
2025-09-23 19:00:00,HSM.DSC.PMP01,cooling_descaling_pump,209.835,200.8272,-0.1073,0.9991,393.4466,60.2216,0
2025-09-23 20:00:00,HSM.DSC.PMP01,cooling_descaling_pump,185.5491,197.3251,-0.111,0.9031,407.5987,52.5988,0
2025-09-23 21:00:00,HSM.DSC.PMP01,cooling_descaling_pump,201.426,201.8943,0.3,0.7282,407.0697,53.1014,0
2025-09-23 22:00:00,HSM.DSC.PMP01,cooling_descaling_pump,172.5085,205.0715,0.147,0.9395,406.7387,63.5529,0
2025-09-23 23:00:00,HSM.DSC.PMP01,cooling_descaling_pump,154.6326,201.1114,0.1911,1.29,394.4522,60.5338,0
2025-09-24 00:00:00,HSM.DSC.PMP01,cooling_descaling_pump,177.2125,192.2131,0.024,1.2732,406.7839,55.3709,0
2025-09-24 01:00:00,HSM.DSC.PMP01,cooling_descaling_pump,176.6791,197.2376,-1.3076,1.1861,396.2304,58.294,0
2025-09-24 02:00:00,HSM.DSC.PMP01,cooling_descaling_pump,201.1279,197.6489,0.0208,1.2012,402.5421,61.7522,0
2025-09-24 03:00:00,HSM.DSC.PMP01,cooling_descaling_pump,157.1432,198.2293,0.0721,0.9066,401.4541,51.5712,0
2025-09-24 04:00:00,HSM.DSC.PMP01,cooling_descaling_pump,166.9295,194.6931,1.0402,1.1262,394.0743,61.0416,0
2025-09-24 05:00:00,HSM.DSC.PMP01,cooling_descaling_pump,182.8482,202.2008,-0.0594,1.1222,403.3743,59.2002,0
2025-09-24 06:00:00,HSM.DSC.PMP01,cooling_descaling_pump,169.8625,199.9902,-0.6558,0.9278,399.7273,44.7044,0
2025-09-24 07:00:00,HSM.DSC.PMP01,cooling_descaling_pump,186.6664,204.0731,0.1313,1.1182,408.1566,58.2733,0
2025-09-24 08:00:00,HSM.DSC.PMP01,cooling_descaling_pump,162.9541,195.3905,-1.1506,1.1033,399.7829,61.628,0
2025-09-24 09:00:00,HSM.DSC.PMP01,cooling_descaling_pump,176.5989,199.069,0.3889,1.009,394.7462,51.4431,0
2025-09-24 10:00:00,HSM.DSC.PMP01,cooling_descaling_pump,157.2209,196.7553,0.0788,0.8785,403.9017,61.1847,0
2025-09-24 11:00:00,HSM.DSC.PMP01,cooling_descaling_pump,177.3443,193.3956,1.9101,1.0081,394.3905,50.6422,0
2025-09-24 12:00:00,HSM.DSC.PMP01,cooling_descaling_pump,167.6597,198.8697,0.3437,0.6921,399.9803,46.2269,0
2025-09-24 13:00:00,HSM.DSC.PMP01,cooling_descaling_pump,186.3789,194.8626,0.3213,1.083,403.8453,55.3754,0
2025-09-24 14:00:00,HSM.DSC.PMP01,cooling_descaling_pump,170.0648,206.7838,0.6024,1.1149,402.5157,64.9199,0
2025-09-24 15:00:00,HSM.DSC.PMP01,cooling_descaling_pump,213.8315,204.0394,-0.3852,0.9691,396.6854,46.6607,0
2025-09-24 16:00:00,HSM.DSC.PMP01,cooling_descaling_pump,223.7124,200.5751,-1.03,0.8365,399.972,55.0258,0
2025-09-24 17:00:00,HSM.DSC.PMP01,cooling_descaling_pump,230.2354,208.7754,-0.2046,0.8694,401.1136,55.579,0
2025-09-24 18:00:00,HSM.DSC.PMP01,cooling_descaling_pump,129.4949,201.9111,-0.2143,1.2601,403.9236,64.426,0
2025-09-24 19:00:00,HSM.DSC.PMP01,cooling_descaling_pump,163.0948,196.8546,0.0983,0.8911,405.0762,50.4524,0
2025-09-24 20:00:00,HSM.DSC.PMP01,cooling_descaling_pump,210.005,196.5586,0.7874,1.0884,394.3289,51.0564,0
2025-09-24 21:00:00,HSM.DSC.PMP01,cooling_descaling_pump,202.4332,196.9447,0.0775,0.7954,400.7246,50.6386,0
2025-09-24 22:00:00,HSM.DSC.PMP01,cooling_descaling_pump,184.8182,201.0421,-0.5522,0.7198,403.1319,49.2011,0
2025-09-24 23:00:00,HSM.DSC.PMP01,cooling_descaling_pump,158.1255,197.0517,-0.1015,1.2126,400.4531,53.0626,0
2025-09-25 00:00:00,HSM.DSC.PMP01,cooling_descaling_pump,206.3398,197.0752,1.8602,1.3805,403.3768,67.0001,0
2025-09-25 01:00:00,HSM.DSC.PMP01,cooling_descaling_pump,171.7667,197.834,1.024,1.1291,399.4575,59.3041,0
2025-09-25 02:00:00,HSM.DSC.PMP01,cooling_descaling_pump,199.9806,200.9532,0.5957,0.8107,408.1269,50.6968,0
2025-09-25 03:00:00,HSM.DSC.PMP01,cooling_descaling_pump,182.9877,200.6573,-0.6731,0.9962,396.7546,53.6104,0
2025-09-25 04:00:00,HSM.DSC.PMP01,cooling_descaling_pump,193.7677,199.4154,0.471,0.9748,403.6667,60.2014,0
2025-09-25 05:00:00,HSM.DSC.PMP01,cooling_descaling_pump,167.8572,204.1397,-0.0055,1.0337,396.3097,54.2943,0
2025-09-25 06:00:00,HSM.DSC.PMP01,cooling_descaling_pump,159.9787,202.4186,-1.2974,1.1932,399.6353,49.2535,0
2025-09-25 07:00:00,HSM.DSC.PMP01,cooling_descaling_pump,155.2027,199.7961,-0.4058,1.2034,401.1135,62.6718,0
2025-09-25 08:00:00,HSM.DSC.PMP01,cooling_descaling_pump,173.0855,199.1614,-0.0054,1.1276,402.2985,54.1475,0
2025-09-25 09:00:00,HSM.DSC.PMP01,cooling_descaling_pump,208.7405,203.8207,-0.7771,1.1604,399.8262,61.6019,0
2025-09-25 10:00:00,HSM.DSC.PMP01,cooling_descaling_pump,178.7364,202.1545,0.7628,0.7714,406.0462,58.5667,0
2025-09-25 11:00:00,HSM.DSC.PMP01,cooling_descaling_pump,202.5646,205.1074,0.443,0.7906,399.4841,50.6563,0
2025-09-25 12:00:00,HSM.DSC.PMP01,cooling_descaling_pump,198.3548,197.8543,-0.4682,0.9538,412.0088,57.5799,0
2025-09-25 13:00:00,HSM.DSC.PMP01,cooling_descaling_pump,173.2623,199.4286,1.0843,1.3144,406.544,64.6963,0
2025-09-25 14:00:00,HSM.DSC.PMP01,cooling_descaling_pump,203.7484,200.1787,0.8962,0.8716,402.2995,41.1571,0
2025-09-25 15:00:00,HSM.DSC.PMP01,cooling_descaling_pump,175.9836,202.6232,0.3772,1.0269,396.2679,57.8325,0
2025-09-25 16:00:00,HSM.DSC.PMP01,cooling_descaling_pump,223.756,198.4675,0.3983,1.1626,401.8859,56.2249,0
2025-09-25 17:00:00,HSM.DSC.PMP01,cooling_descaling_pump,199.9559,193.4777,0.2029,1.2151,398.3926,64.6646,0
2025-09-25 18:00:00,HSM.DSC.PMP01,cooling_descaling_pump,180.2368,199.6954,0.1776,0.9988,397.8522,52.9437,0
2025-09-25 19:00:00,HSM.DSC.PMP01,cooling_descaling_pump,164.5028,204.0629,0.015,1.0372,402.1804,51.0431,0
2025-09-25 20:00:00,HSM.DSC.PMP01,cooling_descaling_pump,199.5899,195.1328,1.3743,1.1363,394.9439,56.6531,0
2025-09-25 21:00:00,HSM.DSC.PMP01,cooling_descaling_pump,145.1995,206.172,-0.0151,0.9782,402.4377,51.3363,0
2025-09-25 22:00:00,HSM.DSC.PMP01,cooling_descaling_pump,178.8979,202.4501,0.6755,0.8243,403.3921,50.1255,0
2025-09-25 23:00:00,HSM.DSC.PMP01,cooling_descaling_pump,183.3599,205.0316,-0.4592,1.0589,395.949,60.5769,0
2025-09-26 00:00:00,HSM.DSC.PMP01,cooling_descaling_pump,188.1974,200.7051,-1.3392,0.9888,406.4616,53.5259,0
2025-09-26 01:00:00,HSM.DSC.PMP01,cooling_descaling_pump,184.285,199.0232,0.4734,1.217,393.5412,55.1737,0
2025-09-26 02:00:00,HSM.DSC.PMP01,cooling_descaling_pump,145.5982,199.9825,-0.6028,0.9583,401.9069,45.3165,0
2025-09-26 03:00:00,HSM.DSC.PMP01,cooling_descaling_pump,193.0591,198.3492,0.1565,1.1236,401.5015,60.5583,0
2025-09-26 04:00:00,HSM.DSC.PMP01,cooling_descaling_pump,201.4747,199.9729,-0.7626,1.095,393.0187,55.9413,0
2025-09-26 05:00:00,HSM.DSC.PMP01,cooling_descaling_pump,171.5705,199.9504,-0.7305,1.1374,399.4296,56.659,0
2025-09-26 06:00:00,HSM.DSC.PMP01,cooling_descaling_pump,171.2879,202.4194,0.946,0.8671,392.6474,49.8845,0
2025-09-26 07:00:00,HSM.DSC.PMP01,cooling_descaling_pump,187.5038,200.6612,0.0249,1.2769,388.6213,54.4188,0
2025-09-26 08:00:00,HSM.DSC.PMP01,cooling_descaling_pump,174.0379,202.5287,-0.0381,0.9815,399.4286,69.3898,0
2025-09-26 09:00:00,HSM.DSC.PMP01,cooling_descaling_pump,226.2972,201.8114,-0.8999,1.2976,402.2048,65.5457,0
2025-09-26 10:00:00,HSM.DSC.PMP01,cooling_descaling_pump,163.6379,192.5873,-1.1988,0.8742,401.1347,53.3125,0
2025-09-26 11:00:00,HSM.DSC.PMP01,cooling_descaling_pump,168.3101,201.7129,-0.4714,0.7374,400.6209,54.6797,0
2025-09-26 12:00:00,HSM.DSC.PMP01,cooling_descaling_pump,191.8113,197.5276,-1.1587,1.1011,399.5203,57.7396,0
2025-09-26 13:00:00,HSM.DSC.PMP01,cooling_descaling_pump,167.2635,200.4323,0.1638,1.1181,401.0187,51.5563,0
2025-09-26 14:00:00,HSM.DSC.PMP01,cooling_descaling_pump,200.797,204.723,0.4708,0.9485,391.7479,51.2846,0
2025-09-26 15:00:00,HSM.DSC.PMP01,cooling_descaling_pump,165.1254,200.1034,-0.7996,1.0266,397.1659,48.0982,0
2025-09-26 16:00:00,HSM.DSC.PMP01,cooling_descaling_pump,190.7823,202.6208,0.5772,0.7123,407.1804,48.6752,0
2025-09-26 17:00:00,HSM.DSC.PMP01,cooling_descaling_pump,185.7842,206.8547,0.233,0.7977,399.1053,55.7451,0
2025-09-26 18:00:00,HSM.DSC.PMP01,cooling_descaling_pump,208.4652,202.3531,-0.7376,0.9249,402.3855,62.5029,0
2025-09-26 19:00:00,HSM.DSC.PMP01,cooling_descaling_pump,186.9951,201.7624,-0.2032,1.0119,400.2724,54.3781,0
2025-09-26 20:00:00,HSM.DSC.PMP01,cooling_descaling_pump,176.3513,203.9752,-0.2952,0.7778,403.5567,47.721,0
2025-09-26 21:00:00,HSM.DSC.PMP01,cooling_descaling_pump,162.3359,198.1604,1.0944,1.0512,396.7005,49.7666,0
2025-09-26 22:00:00,HSM.DSC.PMP01,cooling_descaling_pump,176.9356,200.296,-0.8115,1.2461,402.876,60.7671,0
2025-09-26 23:00:00,HSM.DSC.PMP01,cooling_descaling_pump,181.0183,193.6345,0.2521,1.189,400.0197,59.274,0
2025-09-27 00:00:00,HSM.DSC.PMP01,cooling_descaling_pump,147.9765,199.933,0.9828,1.0575,400.9984,57.9366,0
2025-09-27 01:00:00,HSM.DSC.PMP01,cooling_descaling_pump,177.2448,193.1203,0.5878,1.032,400.6506,59.9637,0
2025-09-27 02:00:00,HSM.DSC.PMP01,cooling_descaling_pump,174.5013,198.8316,-0.4473,0.9772,404.9725,56.5582,0
2025-09-27 03:00:00,HSM.DSC.PMP01,cooling_descaling_pump,174.0913,202.086,0.1787,0.7027,400.7285,47.9148,0
2025-09-27 04:00:00,HSM.DSC.PMP01,cooling_descaling_pump,159.228,201.9244,0.0578,0.9489,403.6411,54.4232,0
2025-09-27 05:00:00,HSM.DSC.PMP01,cooling_descaling_pump,172.045,206.7378,0.2685,0.748,403.0983,54.8639,0
2025-09-27 06:00:00,HSM.DSC.PMP01,cooling_descaling_pump,173.0093,202.6766,0.9346,1.2261,398.7373,57.5937,0
2025-09-27 07:00:00,HSM.DSC.PMP01,cooling_descaling_pump,169.4265,199.2583,0.2976,0.8936,398.0337,55.5925,0
2025-09-27 08:00:00,HSM.DSC.PMP01,cooling_descaling_pump,160.8899,202.1928,-0.7425,0.9351,400.153,61.5503,0
2025-09-27 09:00:00,HSM.DSC.PMP01,cooling_descaling_pump,168.2229,205.0746,-0.801,0.7578,401.786,52.4249,0
2025-09-27 10:00:00,HSM.DSC.PMP01,cooling_descaling_pump,234.7006,200.5514,0.7166,0.5669,403.7664,51.9844,0
2025-09-27 11:00:00,HSM.DSC.PMP01,cooling_descaling_pump,206.1507,203.7906,0.7354,0.5486,398.7431,50.2937,0
2025-09-27 12:00:00,HSM.DSC.PMP01,cooling_descaling_pump,153.3783,192.4146,0.7874,1.2886,398.0639,61.7313,0
2025-09-27 13:00:00,HSM.DSC.PMP01,cooling_descaling_pump,214.1377,205.2358,-0.7322,0.922,392.0862,62.5061,0
2025-09-27 14:00:00,HSM.DSC.PMP01,cooling_descaling_pump,167.7927,201.2329,-0.68,1.0797,403.3104,64.5237,0
2025-09-27 15:00:00,HSM.DSC.PMP01,cooling_descaling_pump,197.3138,203.5938,0.4177,0.7672,393.4808,49.5835,0
2025-09-27 16:00:00,HSM.DSC.PMP01,cooling_descaling_pump,156.7461,199.028,-0.9819,1.4302,401.6045,67.8148,0
2025-09-27 17:00:00,HSM.DSC.PMP01,cooling_descaling_pump,220.7533,201.6011,0.9625,0.84,398.8131,44.5997,0
2025-09-27 18:00:00,HSM.DSC.PMP01,cooling_descaling_pump,182.5462,195.7103,0.3416,1.1739,400.8866,48.2535,0
2025-09-27 19:00:00,HSM.DSC.PMP01,cooling_descaling_pump,157.1907,198.5043,0.6754,0.8124,410.1603,44.2452,0
2025-09-27 20:00:00,HSM.DSC.PMP01,cooling_descaling_pump,183.8011,199.9207,0.2719,1.103,401.3136,58.842,0
2025-09-27 21:00:00,HSM.DSC.PMP01,cooling_descaling_pump,136.9788,193.8861,-0.0805,1.1789,402.7111,59.9306,0
2025-09-27 22:00:00,HSM.DSC.PMP01,cooling_descaling_pump,169.4274,202.2577,1.128,1.0142,398.4995,53.1587,0
2025-09-27 23:00:00,HSM.DSC.PMP01,cooling_descaling_pump,189.2503,196.5946,-0.0346,0.9419,404.1421,53.8964,0
2025-09-28 00:00:00,HSM.DSC.PMP01,cooling_descaling_pump,169.5975,194.6467,-0.7849,1.417,404.1097,65.9694,0
2025-09-28 01:00:00,HSM.DSC.PMP01,cooling_descaling_pump,238.7299,194.3649,-0.5582,0.6718,403.5827,51.4695,0
2025-09-28 02:00:00,HSM.DSC.PMP01,cooling_descaling_pump,163.5532,198.922,0.4427,1.0043,396.7254,56.3092,0
2025-09-28 03:00:00,HSM.DSC.PMP01,cooling_descaling_pump,169.268,197.871,0.9367,1.0146,397.7858,57.9621,0
2025-09-28 04:00:00,HSM.DSC.PMP01,cooling_descaling_pump,212.4387,201.5385,-0.3919,1.04,397.2296,56.0182,0
2025-09-28 05:00:00,HSM.DSC.PMP01,cooling_descaling_pump,165.7959,202.3528,0.1852,0.9466,398.4459,55.5479,0
2025-09-28 06:00:00,HSM.DSC.PMP01,cooling_descaling_pump,170.295,197.4506,0.0344,1.2214,396.8102,59.9619,0
2025-09-28 07:00:00,HSM.DSC.PMP01,cooling_descaling_pump,198.8006,199.5954,0.0002,0.8688,405.3056,55.9697,0
2025-09-28 08:00:00,HSM.DSC.PMP01,cooling_descaling_pump,166.9509,202.9571,-0.8249,1.1025,398.8147,60.2277,0
2025-09-28 09:00:00,HSM.DSC.PMP01,cooling_descaling_pump,174.485,195.8965,-0.0145,1.1745,405.0094,56.8632,0
2025-09-28 10:00:00,HSM.DSC.PMP01,cooling_descaling_pump,179.8844,203.1406,-0.4983,0.9962,407.5204,58.608,0
2025-09-28 11:00:00,HSM.DSC.PMP01,cooling_descaling_pump,180.0678,201.231,-0.0074,0.8725,403.8713,57.0044,0
2025-09-28 12:00:00,HSM.DSC.PMP01,cooling_descaling_pump,215.505,201.2165,-1.6885,0.8758,400.6759,52.5129,0
2025-09-28 13:00:00,HSM.DSC.PMP01,cooling_descaling_pump,171.9173,203.888,-0.1376,0.8266,403.7505,54.149,0
2025-09-28 14:00:00,HSM.DSC.PMP01,cooling_descaling_pump,174.9478,196.1873,0.46,1.1945,393.2253,54.9458,0
2025-09-28 15:00:00,HSM.DSC.PMP01,cooling_descaling_pump,198.619,195.5206,-0.7108,0.9175,404.016,55.5823,0
2025-09-28 16:00:00,HSM.DSC.PMP01,cooling_descaling_pump,194.7384,198.5142,-0.6237,1.0956,397.1809,58.9229,0
2025-09-28 17:00:00,HSM.DSC.PMP01,cooling_descaling_pump,182.411,206.1241,-0.2841,1.2861,402.1533,56.5667,0
2025-09-28 18:00:00,HSM.DSC.PMP01,cooling_descaling_pump,204.9893,197.3276,0.2172,1.0803,400.5424,61.9835,0
2025-09-28 19:00:00,HSM.DSC.PMP01,cooling_descaling_pump,171.7593,193.3819,-0.9403,0.8039,401.5188,45.9038,0
2025-09-28 20:00:00,HSM.DSC.PMP01,cooling_descaling_pump,185.8537,200.1629,-0.572,1.0448,402.8111,57.42,0
2025-09-28 21:00:00,HSM.DSC.PMP01,cooling_descaling_pump,168.6433,197.2063,0.014,1.1694,402.668,51.4343,0
2025-09-28 22:00:00,HSM.DSC.PMP01,cooling_descaling_pump,197.2323,196.4931,0.0517,1.2948,400.8121,62.2142,0
2025-09-28 23:00:00,HSM.DSC.PMP01,cooling_descaling_pump,194.4486,199.609,1.2797,1.0595,402.8732,51.0486,0
2025-09-29 00:00:00,HSM.DSC.PMP01,cooling_descaling_pump,171.9627,201.783,0.7767,1.0469,396.9021,55.885,0
2025-09-29 01:00:00,HSM.DSC.PMP01,cooling_descaling_pump,175.2791,202.1234,-0.0909,0.6864,402.2211,51.3763,0
2025-09-29 02:00:00,HSM.DSC.PMP01,cooling_descaling_pump,215.2538,199.0244,-0.5129,0.8334,400.6622,52.6317,0
2025-09-29 03:00:00,HSM.DSC.PMP01,cooling_descaling_pump,159.1773,193.5522,-0.0075,1.075,402.088,66.8615,0
2025-09-29 04:00:00,HSM.DSC.PMP01,cooling_descaling_pump,182.271,197.2478,-0.4813,0.9561,398.0967,58.2494,0
2025-09-29 05:00:00,HSM.DSC.PMP01,cooling_descaling_pump,155.0185,200.6687,-0.4163,1.1333,404.8408,56.5641,0
2025-09-29 06:00:00,HSM.DSC.PMP01,cooling_descaling_pump,190.3425,199.2162,0.2698,1.0351,398.8697,53.987,0
2025-09-29 07:00:00,HSM.DSC.PMP01,cooling_descaling_pump,214.7416,194.1955,0.2106,1.3513,392.3853,64.3487,0
2025-09-29 08:00:00,HSM.DSC.PMP01,cooling_descaling_pump,195.1988,198.195,0.4531,1.0172,405.5413,56.838,0
2025-09-29 09:00:00,HSM.DSC.PMP01,cooling_descaling_pump,217.6654,197.0992,-0.0404,1.2339,403.1085,60.6798,0
2025-09-29 10:00:00,HSM.DSC.PMP01,cooling_descaling_pump,182.5058,196.5462,-0.4997,0.8573,402.0149,50.181,0
2025-09-29 11:00:00,HSM.DSC.PMP01,cooling_descaling_pump,202.4077,205.199,0.1533,0.8103,408.8041,60.5011,0
2025-09-29 12:00:00,HSM.DSC.PMP01,cooling_descaling_pump,213.5094,199.3609,-0.3239,1.1992,394.0191,57.6677,0
2025-09-29 13:00:00,HSM.DSC.PMP01,cooling_descaling_pump,212.7531,202.3596,0.7477,0.6577,403.4039,51.7991,0
2025-09-29 14:00:00,HSM.DSC.PMP01,cooling_descaling_pump,195.194,200.4884,-1.5404,0.6098,398.6083,52.9198,0
2025-09-29 15:00:00,HSM.DSC.PMP01,cooling_descaling_pump,185.3776,198.0774,-0.3645,1.1632,397.0045,59.4125,0
2025-09-29 16:00:00,HSM.DSC.PMP01,cooling_descaling_pump,177.7409,200.5373,-0.2171,1.0853,405.4399,60.9816,0
2025-09-29 17:00:00,HSM.DSC.PMP01,cooling_descaling_pump,181.7503,202.1799,-1.247,1.0952,399.5912,53.2662,0
2025-09-29 18:00:00,HSM.DSC.PMP01,cooling_descaling_pump,204.4698,195.4349,-0.3843,0.8754,401.6337,54.4847,0
2025-09-29 19:00:00,HSM.DSC.PMP01,cooling_descaling_pump,196.0927,203.5293,0.0633,1.0641,393.2982,55.1549,0
2025-09-29 20:00:00,HSM.DSC.PMP01,cooling_descaling_pump,179.3094,199.5974,-0.0813,1.1332,400.0629,58.8277,0
2025-09-29 21:00:00,HSM.DSC.PMP01,cooling_descaling_pump,202.3706,201.4222,-0.5541,0.7968,397.4434,51.2577,0
2025-09-29 22:00:00,HSM.DSC.PMP01,cooling_descaling_pump,192.4418,195.3729,-1.7566,0.9294,406.3982,50.8949,0
2025-09-29 23:00:00,HSM.DSC.PMP01,cooling_descaling_pump,159.3677,201.3233,0.9783,0.9532,396.2041,49.1637,0
2025-09-30 00:00:00,HSM.DSC.PMP01,cooling_descaling_pump,162.2074,202.7777,-0.0727,1.1198,397.9185,56.2247,0
2025-09-30 01:00:00,HSM.DSC.PMP01,cooling_descaling_pump,208.8136,199.1581,-0.5208,1.0714,405.4309,60.0905,0
2025-09-30 02:00:00,HSM.DSC.PMP01,cooling_descaling_pump,177.0639,204.3455,0.5714,0.8413,404.7405,48.6085,0
2025-09-30 03:00:00,HSM.DSC.PMP01,cooling_descaling_pump,161.8531,204.1666,0.4106,0.7649,400.8172,49.3315,0
2025-09-30 04:00:00,HSM.DSC.PMP01,cooling_descaling_pump,210.4484,198.8044,0.0801,0.9351,397.1922,57.537,0
2025-09-30 05:00:00,HSM.DSC.PMP01,cooling_descaling_pump,175.287,197.3936,0.3849,1.0191,406.9679,57.0335,0
2025-09-30 06:00:00,HSM.DSC.PMP01,cooling_descaling_pump,196.6314,204.798,0.5216,0.8862,393.9532,53.3079,0
2025-09-30 07:00:00,HSM.DSC.PMP01,cooling_descaling_pump,201.2,201.7644,1.4843,1.2007,400.5845,67.5145,0
2025-09-30 08:00:00,HSM.DSC.PMP01,cooling_descaling_pump,207.9993,206.2664,-1.1167,0.8392,395.945,51.4811,0
2025-09-30 09:00:00,HSM.DSC.PMP01,cooling_descaling_pump,165.0526,199.4824,0.0217,1.0301,397.0588,56.2205,0
2025-09-30 10:00:00,HSM.DSC.PMP01,cooling_descaling_pump,184.9711,200.7601,0.0025,1.0038,401.5044,61.4706,0
2025-09-30 11:00:00,HSM.DSC.PMP01,cooling_descaling_pump,143.5237,198.1522,0.435,1.1689,401.7502,52.3942,0
2025-09-30 12:00:00,HSM.DSC.PMP01,cooling_descaling_pump,168.8206,199.3009,-0.4441,1.1226,402.7227,58.3089,0
2025-09-30 13:00:00,HSM.DSC.PMP01,cooling_descaling_pump,195.3057,197.9743,0.2776,1.3032,390.1604,58.2501,0
2025-09-30 14:00:00,HSM.DSC.PMP01,cooling_descaling_pump,177.8193,197.938,0.3128,1.0105,391.6431,49.5878,0
2025-09-30 15:00:00,HSM.DSC.PMP01,cooling_descaling_pump,205.919,202.6718,0.5986,0.8214,399.2104,51.4904,0
2025-09-30 16:00:00,HSM.DSC.PMP01,cooling_descaling_pump,196.4829,198.7572,0.2475,0.9667,401.9326,53.0381,0
2025-09-30 17:00:00,HSM.DSC.PMP01,cooling_descaling_pump,202.698,195.208,-0.0245,1.1339,398.2424,53.5741,0
2025-09-30 18:00:00,HSM.DSC.PMP01,cooling_descaling_pump,187.0813,198.6694,0.154,0.9689,400.5533,55.7539,0
2025-09-30 19:00:00,HSM.DSC.PMP01,cooling_descaling_pump,188.9732,199.6607,1.3631,0.8145,405.3267,51.5195,0
2025-09-30 20:00:00,HSM.DSC.PMP01,cooling_descaling_pump,162.9474,198.7805,-0.0514,1.0874,405.0512,54.8957,0
2025-09-30 21:00:00,HSM.DSC.PMP01,cooling_descaling_pump,181.7754,202.2281,-0.2024,0.9088,403.2929,58.7044,0
2025-09-30 22:00:00,HSM.DSC.PMP01,cooling_descaling_pump,217.5229,195.1807,1.5719,1.1199,394.5464,62.759,0
2025-09-30 23:00:00,HSM.DSC.PMP01,cooling_descaling_pump,228.1089,192.4208,1.2283,1.232,405.0114,66.9985,0
2025-10-01 00:00:00,HSM.DSC.PMP01,cooling_descaling_pump,166.1884,195.7934,0.3626,0.9111,403.9261,56.9435,0
2025-10-01 01:00:00,HSM.DSC.PMP01,cooling_descaling_pump,213.0545,202.6551,-0.2262,0.9363,397.3958,57.5558,0
2025-10-01 02:00:00,HSM.DSC.PMP01,cooling_descaling_pump,143.7069,202.1946,-0.105,0.8657,403.4324,50.3445,0
2025-10-01 03:00:00,HSM.DSC.PMP01,cooling_descaling_pump,192.4262,203.3705,-1.5878,0.8722,398.5988,60.2023,0
2025-10-01 04:00:00,HSM.DSC.PMP01,cooling_descaling_pump,186.245,202.6654,-0.1692,1.2545,395.9303,62.1992,0
2025-10-01 05:00:00,HSM.DSC.PMP01,cooling_descaling_pump,194.3383,201.1207,-0.825,1.0292,399.0678,62.1913,0
2025-10-01 06:00:00,HSM.DSC.PMP01,cooling_descaling_pump,159.8639,204.0344,0.278,1.0503,397.6406,59.2233,0
2025-10-01 07:00:00,HSM.DSC.PMP01,cooling_descaling_pump,178.9824,203.2362,-1.1755,0.9852,398.327,57.518,0
2025-10-01 08:00:00,HSM.DSC.PMP01,cooling_descaling_pump,161.3972,200.3169,-0.4298,0.9043,399.8766,59.5437,0
2025-10-01 09:00:00,HSM.DSC.PMP01,cooling_descaling_pump,196.0178,196.0415,-0.4779,0.8056,398.9163,58.1991,0
2025-10-01 10:00:00,HSM.DSC.PMP01,cooling_descaling_pump,205.5275,203.4908,-1.1473,0.9501,410.5217,59.6627,0
2025-10-01 11:00:00,HSM.DSC.PMP01,cooling_descaling_pump,178.8897,203.0214,-0.3134,1.3717,394.6623,60.9152,0
2025-10-01 12:00:00,HSM.DSC.PMP01,cooling_descaling_pump,200.0297,204.1024,-0.2995,0.964,398.4775,54.0969,0
2025-10-01 13:00:00,HSM.DSC.PMP01,cooling_descaling_pump,150.9166,193.6551,-0.4032,0.9582,405.1196,56.958,0
2025-10-01 14:00:00,HSM.DSC.PMP01,cooling_descaling_pump,212.5465,202.6126,-0.3409,0.7963,404.8418,51.63,0
2025-10-01 15:00:00,HSM.DSC.PMP01,cooling_descaling_pump,180.1498,197.0737,0.3962,1.2639,399.5838,66.336,0
2025-10-01 16:00:00,HSM.DSC.PMP01,cooling_descaling_pump,182.0379,197.6911,1.0664,1.324,391.9733,59.7609,0
2025-10-01 17:00:00,HSM.DSC.PMP01,cooling_descaling_pump,187.8616,202.4058,-0.7455,0.7035,407.0268,52.1153,0
2025-10-01 18:00:00,HSM.DSC.PMP01,cooling_descaling_pump,169.2485,198.1208,0.2983,0.9048,395.7926,48.654,0
2025-10-01 19:00:00,HSM.DSC.PMP01,cooling_descaling_pump,166.2347,201.6299,-0.48,1.0381,403.7357,61.7791,0
2025-10-01 20:00:00,HSM.DSC.PMP01,cooling_descaling_pump,184.8411,194.3794,1.2443,1.0459,407.9356,48.6645,0
2025-10-01 21:00:00,HSM.DSC.PMP01,cooling_descaling_pump,228.7497,201.4145,0.6893,0.8886,400.7769,52.2099,0
2025-10-01 22:00:00,HSM.DSC.PMP01,cooling_descaling_pump,183.0739,201.2352,0.5258,1.1157,404.648,57.2807,0
2025-10-01 23:00:00,HSM.DSC.PMP01,cooling_descaling_pump,196.4427,196.32,0.3295,1.2966,396.7596,60.8766,0
2025-10-02 00:00:00,HSM.DSC.PMP01,cooling_descaling_pump,194.7689,196.8818,0.017,0.8384,407.8731,50.1201,0
2025-10-02 01:00:00,HSM.DSC.PMP01,cooling_descaling_pump,164.1631,205.7377,0.4996,1.1257,399.0353,50.4865,0
2025-10-02 02:00:00,HSM.DSC.PMP01,cooling_descaling_pump,207.0078,196.2638,0.8822,1.0573,394.8618,51.8712,0
2025-10-02 03:00:00,HSM.DSC.PMP01,cooling_descaling_pump,187.2208,198.1732,0.3131,1.3121,404.9434,59.3425,0
2025-10-02 04:00:00,HSM.DSC.PMP01,cooling_descaling_pump,198.4252,197.674,-0.8379,1.0312,403.1348,64.7659,0
2025-10-02 05:00:00,HSM.DSC.PMP01,cooling_descaling_pump,205.3907,201.1566,0.5675,0.9565,407.249,60.824,0
2025-10-02 06:00:00,HSM.DSC.PMP01,cooling_descaling_pump,177.1713,203.8181,0.8929,0.9237,392.222,63.0993,0
2025-10-02 07:00:00,HSM.DSC.PMP01,cooling_descaling_pump,178.6437,202.0364,-0.2478,0.8178,401.1806,52.8929,0
2025-10-02 08:00:00,HSM.DSC.PMP01,cooling_descaling_pump,184.014,200.0454,0.5683,0.7809,400.6559,48.4559,0
2025-10-02 09:00:00,HSM.DSC.PMP01,cooling_descaling_pump,216.615,195.8682,0.8527,1.0739,391.3825,56.6215,0
2025-10-02 10:00:00,HSM.DSC.PMP01,cooling_descaling_pump,183.0041,195.3101,0.4433,1.1681,401.7799,51.4774,0
2025-10-02 11:00:00,HSM.DSC.PMP01,cooling_descaling_pump,194.4597,201.5491,-0.7809,0.6484,408.9111,51.5535,0
2025-10-02 12:00:00,HSM.DSC.PMP01,cooling_descaling_pump,221.5087,200.4845,-1.8487,0.9255,404.1049,60.9107,0
2025-10-02 13:00:00,HSM.DSC.PMP01,cooling_descaling_pump,186.9367,196.5902,-0.2144,0.8638,401.202,50.6811,0
2025-10-02 14:00:00,HSM.DSC.PMP01,cooling_descaling_pump,203.3111,196.8695,-1.036,0.9625,397.5348,53.6301,0
2025-10-02 15:00:00,HSM.DSC.PMP01,cooling_descaling_pump,136.3141,199.2855,0.0149,0.9503,398.4726,52.2581,0
2025-10-02 16:00:00,HSM.DSC.PMP01,cooling_descaling_pump,210.4974,204.2504,1.194,1.0809,397.1814,59.1999,0
2025-10-02 17:00:00,HSM.DSC.PMP01,cooling_descaling_pump,207.254,194.5596,0.3087,0.9688,403.0276,52.1532,0
2025-10-02 18:00:00,HSM.DSC.PMP01,cooling_descaling_pump,181.6255,204.403,-0.6149,1.1532,398.4499,59.5559,0
2025-10-02 19:00:00,HSM.DSC.PMP01,cooling_descaling_pump,146.6758,194.5678,-0.0199,1.2714,406.9689,57.7635,0
2025-10-02 20:00:00,HSM.DSC.PMP01,cooling_descaling_pump,186.2674,201.0345,1.1359,1.0842,393.1692,61.4455,0
2025-10-02 21:00:00,HSM.DSC.PMP01,cooling_descaling_pump,165.8917,201.3756,-0.7808,0.9525,399.7641,53.3778,0
2025-10-02 22:00:00,HSM.DSC.PMP01,cooling_descaling_pump,189.7522,201.8786,-0.5775,0.9552,400.4165,57.3956,0
2025-10-02 23:00:00,HSM.DSC.PMP01,cooling_descaling_pump,155.6911,194.1792,1.0004,1.1255,394.4464,57.3383,0
2025-10-03 00:00:00,HSM.DSC.PMP01,cooling_descaling_pump,174.6823,201.2955,-0.9757,1.0063,404.0191,59.3909,0
2025-10-03 01:00:00,HSM.DSC.PMP01,cooling_descaling_pump,203.5076,198.2772,0.3743,1.0506,393.2017,59.8688,0
2025-10-03 02:00:00,HSM.DSC.PMP01,cooling_descaling_pump,201.3056,199.081,-0.3129,0.899,402.8407,52.168,0
2025-10-03 03:00:00,HSM.DSC.PMP01,cooling_descaling_pump,200.9648,199.5187,-0.3518,1.0293,405.6236,54.7738,0
2025-10-03 04:00:00,HSM.DSC.PMP01,cooling_descaling_pump,173.6213,197.9385,0.3752,1.1328,400.3277,53.7659,0
2025-10-03 05:00:00,HSM.DSC.PMP01,cooling_descaling_pump,179.079,200.8163,0.4945,1.0054,404.9758,55.9814,0
2025-10-03 06:00:00,HSM.DSC.PMP01,cooling_descaling_pump,178.967,202.4709,-1.1496,1.0209,399.0142,54.2343,0
2025-10-03 07:00:00,HSM.DSC.PMP01,cooling_descaling_pump,198.6363,199.0685,-0.142,1.2552,397.2577,62.2443,0
2025-10-03 08:00:00,HSM.DSC.PMP01,cooling_descaling_pump,198.863,205.6531,-0.0127,0.9015,404.3146,47.8725,0
2025-10-03 09:00:00,HSM.DSC.PMP01,cooling_descaling_pump,171.1541,196.3194,0.1931,0.9107,404.4699,56.453,0
2025-10-03 10:00:00,HSM.DSC.PMP01,cooling_descaling_pump,225.9137,198.3354,-0.4763,0.9733,394.6993,50.2409,0
2025-10-03 11:00:00,HSM.DSC.PMP01,cooling_descaling_pump,168.7397,201.8454,0.128,1.1428,404.9595,56.6224,0
2025-10-03 12:00:00,HSM.DSC.PMP01,cooling_descaling_pump,156.8524,200.1304,-0.2348,1.2699,400.128,64.9696,0
2025-10-03 13:00:00,HSM.DSC.PMP01,cooling_descaling_pump,204.7152,199.9444,0.4532,1.153,402.7408,54.1895,0
2025-10-03 14:00:00,HSM.DSC.PMP01,cooling_descaling_pump,174.2866,198.1702,-1.0077,1.5568,399.5334,68.0446,0
2025-10-03 15:00:00,HSM.DSC.PMP01,cooling_descaling_pump,191.0903,196.9098,0.7847,0.9159,402.9436,52.7212,0
2025-10-03 16:00:00,HSM.DSC.PMP01,cooling_descaling_pump,179.2637,199.2974,0.3228,1.1158,403.7199,53.5413,0
2025-10-03 17:00:00,HSM.DSC.PMP01,cooling_descaling_pump,222.8953,193.3795,0.2919,1.0632,394.9186,46.1085,0
2025-10-03 18:00:00,HSM.DSC.PMP01,cooling_descaling_pump,201.6659,204.493,-0.6424,0.6722,404.272,50.547,0
2025-10-03 19:00:00,HSM.DSC.PMP01,cooling_descaling_pump,183.1214,200.2064,-0.1893,1.0618,397.3623,57.657,0
2025-10-03 20:00:00,HSM.DSC.PMP01,cooling_descaling_pump,165.2436,202.1985,-0.5936,0.9069,398.2558,44.053,0
2025-10-03 21:00:00,HSM.DSC.PMP01,cooling_descaling_pump,140.1781,199.6381,-0.9605,0.8904,405.1909,47.1508,0
2025-10-03 22:00:00,HSM.DSC.PMP01,cooling_descaling_pump,185.3889,196.6671,-0.0299,1.2907,401.3484,56.8025,0
2025-10-03 23:00:00,HSM.DSC.PMP01,cooling_descaling_pump,140.4579,202.1394,-0.2618,1.1224,389.1585,53.4985,0
2025-10-04 00:00:00,HSM.DSC.PMP01,cooling_descaling_pump,190.701,196.8764,0.2017,1.0927,399.0567,57.8002,0
2025-10-04 01:00:00,HSM.DSC.PMP01,cooling_descaling_pump,200.0574,199.1267,-0.1803,1.035,400.5566,57.9745,0
2025-10-04 02:00:00,HSM.DSC.PMP01,cooling_descaling_pump,148.1988,203.3168,-0.278,0.9103,397.4487,55.7052,0
2025-10-04 03:00:00,HSM.DSC.PMP01,cooling_descaling_pump,149.3827,201.3169,-1.1548,1.124,401.2406,53.3385,0
2025-10-04 04:00:00,HSM.DSC.PMP01,cooling_descaling_pump,200.7697,201.2325,-1.1352,0.9188,405.7515,57.4679,0
2025-10-04 05:00:00,HSM.DSC.PMP01,cooling_descaling_pump,182.5996,205.1221,0.4021,0.8886,397.2105,58.4049,0
2025-10-04 06:00:00,HSM.DSC.PMP01,cooling_descaling_pump,174.2163,197.9767,1.0006,1.0133,398.5051,55.7588,0
2025-10-04 07:00:00,HSM.DSC.PMP01,cooling_descaling_pump,188.9811,199.6555,1.0605,0.9247,402.2879,57.1704,0
2025-10-04 08:00:00,HSM.DSC.PMP01,cooling_descaling_pump,171.6168,202.4198,0.5832,0.7843,396.5889,43.8402,0
2025-10-04 09:00:00,HSM.DSC.PMP01,cooling_descaling_pump,204.0117,197.1903,-0.6208,0.9328,402.0103,51.5092,0
2025-10-04 10:00:00,HSM.DSC.PMP01,cooling_descaling_pump,213.9395,203.9285,0.114,0.7085,404.0371,47.9563,0
2025-10-04 11:00:00,HSM.DSC.PMP01,cooling_descaling_pump,182.6837,197.539,0.1646,1.1183,402.211,62.2017,0
2025-10-04 12:00:00,HSM.DSC.PMP01,cooling_descaling_pump,205.1742,198.5712,0.227,0.9735,397.5813,56.9355,0
2025-10-04 13:00:00,HSM.DSC.PMP01,cooling_descaling_pump,164.3594,202.4064,0.0207,0.8436,399.85,51.6966,0
2025-10-04 14:00:00,HSM.DSC.PMP01,cooling_descaling_pump,149.5613,195.0566,-0.2266,1.3252,396.0784,61.1589,0
2025-10-04 15:00:00,HSM.DSC.PMP01,cooling_descaling_pump,169.1099,200.1222,0.4864,1.0882,388.6246,49.763,0
2025-10-04 16:00:00,HSM.DSC.PMP01,cooling_descaling_pump,141.1514,195.4117,0.2254,0.8991,399.3504,46.8793,0
2025-10-04 17:00:00,HSM.DSC.PMP01,cooling_descaling_pump,230.1584,201.5084,0.0741,0.7778,405.7721,50.0819,0
2025-10-04 18:00:00,HSM.DSC.PMP01,cooling_descaling_pump,171.8365,198.709,-1.1037,0.6968,397.571,54.5515,0
2025-10-04 19:00:00,HSM.DSC.PMP01,cooling_descaling_pump,181.5957,198.8319,-0.5146,0.8438,398.6582,44.8655,0
2025-10-04 20:00:00,HSM.DSC.PMP01,cooling_descaling_pump,149.4853,196.6604,0.2426,1.1187,404.6953,53.9606,0
2025-10-04 21:00:00,HSM.DSC.PMP01,cooling_descaling_pump,203.6333,203.1777,0.3059,0.7421,401.5087,48.2692,0
2025-10-04 22:00:00,HSM.DSC.PMP01,cooling_descaling_pump,187.3324,202.3273,-0.1,0.9705,398.4048,59.5807,0
2025-10-04 23:00:00,HSM.DSC.PMP01,cooling_descaling_pump,172.0409,199.6348,0.6072,1.2531,397.8391,68.3247,0
2025-10-05 00:00:00,HSM.DSC.PMP01,cooling_descaling_pump,202.8859,207.1237,-0.2186,1.0791,400.8649,61.4983,0
2025-10-05 01:00:00,HSM.DSC.PMP01,cooling_descaling_pump,175.4149,197.0348,0.6398,1.0898,400.8143,56.0172,0
2025-10-05 02:00:00,HSM.DSC.PMP01,cooling_descaling_pump,212.3967,204.6549,-1.3968,0.6762,406.2266,49.154,0
2025-10-05 03:00:00,HSM.DSC.PMP01,cooling_descaling_pump,173.6195,199.4384,-0.6626,1.0851,395.0506,59.7534,0
2025-10-05 04:00:00,HSM.DSC.PMP01,cooling_descaling_pump,160.4312,199.1217,-0.9244,1.0347,395.8359,54.2787,0
2025-10-05 05:00:00,HSM.DSC.PMP01,cooling_descaling_pump,220.3146,197.5754,0.7955,0.7177,400.4769,50.1954,0
2025-10-05 06:00:00,HSM.DSC.PMP01,cooling_descaling_pump,156.5687,199.3987,0.3376,0.8249,402.7022,50.9146,0
2025-10-05 07:00:00,HSM.DSC.PMP01,cooling_descaling_pump,156.1632,195.7691,-0.0953,1.1201,399.9652,54.7527,0
2025-10-05 08:00:00,HSM.DSC.PMP01,cooling_descaling_pump,163.4392,203.4953,-0.0216,0.7105,400.8891,47.3712,0
2025-10-05 09:00:00,HSM.DSC.PMP01,cooling_descaling_pump,209.4679,195.9764,-0.0614,0.8904,397.3356,53.2463,0
2025-10-05 10:00:00,HSM.DSC.PMP01,cooling_descaling_pump,183.0252,197.5914,0.4895,0.539,402.2953,48.4959,0
2025-10-05 11:00:00,HSM.DSC.PMP01,cooling_descaling_pump,207.4348,206.4951,-0.4611,0.9018,401.815,53.1899,0
2025-10-05 12:00:00,HSM.DSC.PMP01,cooling_descaling_pump,167.5102,195.6072,0.1937,1.1634,399.008,55.3109,0
2025-10-05 13:00:00,HSM.DSC.PMP01,cooling_descaling_pump,189.9784,199.461,0.7187,1.1578,397.0926,51.3909,0
2025-10-05 14:00:00,HSM.DSC.PMP01,cooling_descaling_pump,186.5117,196.3958,0.2976,1.0446,405.1166,51.5007,0
2025-10-05 15:00:00,HSM.DSC.PMP01,cooling_descaling_pump,173.7177,201.9352,-0.4176,1.0579,396.9298,53.259,0
2025-10-05 16:00:00,HSM.DSC.PMP01,cooling_descaling_pump,143.9095,198.407,-0.7904,1.0938,399.4576,52.0085,0
2025-10-05 17:00:00,HSM.DSC.PMP01,cooling_descaling_pump,150.1171,201.3303,-0.4148,0.9832,397.0888,54.5328,0
2025-10-05 18:00:00,HSM.DSC.PMP01,cooling_descaling_pump,190.1045,201.1925,0.2953,1.1192,399.9527,56.7955,0
2025-10-05 19:00:00,HSM.DSC.PMP01,cooling_descaling_pump,218.7344,196.5135,-0.5002,0.7305,408.4158,49.5564,0
2025-10-05 20:00:00,HSM.DSC.PMP01,cooling_descaling_pump,179.5088,197.8678,-0.4415,0.937,398.3417,47.725,0
2025-10-05 21:00:00,HSM.DSC.PMP01,cooling_descaling_pump,212.6012,196.872,-0.3585,1.0543,393.337,54.1084,0
2025-10-05 22:00:00,HSM.DSC.PMP01,cooling_descaling_pump,186.213,197.1488,0.5978,0.9915,403.0901,55.6382,0
2025-10-05 23:00:00,HSM.DSC.PMP01,cooling_descaling_pump,157.1467,199.9838,0.0441,0.7963,408.8977,48.5831,0
2025-10-06 00:00:00,HSM.DSC.PMP01,cooling_descaling_pump,199.8675,201.3418,-0.4931,1.0567,398.9316,52.2974,0
2025-10-06 01:00:00,HSM.DSC.PMP01,cooling_descaling_pump,165.4381,197.1481,-0.9365,1.3167,392.3898,67.7784,0
2025-10-06 02:00:00,HSM.DSC.PMP01,cooling_descaling_pump,177.8656,194.9606,0.3614,1.1646,393.9212,52.7219,0
2025-10-06 03:00:00,HSM.DSC.PMP01,cooling_descaling_pump,198.2476,194.9714,0.3838,0.9986,397.963,47.9437,0
2025-10-06 04:00:00,HSM.DSC.PMP01,cooling_descaling_pump,158.6443,200.3,-0.8424,1.0934,399.9855,61.4344,0
2025-10-06 05:00:00,HSM.DSC.PMP01,cooling_descaling_pump,178.9949,204.5611,0.6131,0.8919,393.1006,45.1234,0
2025-10-06 06:00:00,HSM.DSC.PMP01,cooling_descaling_pump,203.2457,198.3282,-0.5357,0.7564,406.8228,51.7594,0
2025-10-06 07:00:00,HSM.DSC.PMP01,cooling_descaling_pump,171.4119,199.8599,-0.2691,1.0868,400.7912,55.4693,0
2025-10-06 08:00:00,HSM.DSC.PMP01,cooling_descaling_pump,148.4348,198.2056,0.5971,1.0982,404.2667,59.3639,0
2025-10-06 09:00:00,HSM.DSC.PMP01,cooling_descaling_pump,159.8699,193.8251,1.3995,1.2594,402.2417,62.1129,0
2025-10-06 10:00:00,HSM.DSC.PMP01,cooling_descaling_pump,172.8212,198.4388,0.2695,0.9677,396.63,59.4939,0
2025-10-06 11:00:00,HSM.DSC.PMP01,cooling_descaling_pump,183.6391,199.6963,-1.3495,1.0058,400.204,60.7823,0
2025-10-06 12:00:00,HSM.DSC.PMP01,cooling_descaling_pump,194.3913,202.1176,-0.4065,0.6738,397.8836,45.1718,0
2025-10-06 13:00:00,HSM.DSC.PMP01,cooling_descaling_pump,231.1525,199.4462,0.6362,0.9086,398.9153,63.9756,0
2025-10-06 14:00:00,HSM.DSC.PMP01,cooling_descaling_pump,159.7313,195.1879,0.4516,1.3083,396.1762,54.9123,0
2025-10-06 15:00:00,HSM.DSC.PMP01,cooling_descaling_pump,216.4063,196.1328,1.093,0.9606,396.9164,53.2158,0
2025-10-06 16:00:00,HSM.DSC.PMP01,cooling_descaling_pump,155.3904,203.4436,-0.5555,0.9685,395.589,45.9462,0
2025-10-06 17:00:00,HSM.DSC.PMP01,cooling_descaling_pump,117.8684,198.3709,-0.7001,1.0508,391.583,48.3936,0
2025-10-06 18:00:00,HSM.DSC.PMP01,cooling_descaling_pump,167.7691,200.693,0.8077,1.1025,398.8993,46.4674,0
2025-10-06 19:00:00,HSM.DSC.PMP01,cooling_descaling_pump,245.1978,199.3802,0.5253,0.7842,402.8562,49.4162,0
2025-10-06 20:00:00,HSM.DSC.PMP01,cooling_descaling_pump,174.9231,199.5374,-0.8845,1.0905,393.8507,56.3017,0
2025-10-06 21:00:00,HSM.DSC.PMP01,cooling_descaling_pump,192.9205,196.4769,-0.3927,0.744,407.02,50.1535,0
2025-10-06 22:00:00,HSM.DSC.PMP01,cooling_descaling_pump,182.8566,202.9796,-0.3044,0.644,402.7881,53.2386,0
2025-10-06 23:00:00,HSM.DSC.PMP01,cooling_descaling_pump,173.0832,196.1243,-0.1204,0.8669,402.2883,46.2791,0
2025-10-07 00:00:00,HSM.DSC.PMP01,cooling_descaling_pump,170.6721,194.883,0.1472,1.0588,400.1634,49.5361,0
2025-10-07 01:00:00,HSM.DSC.PMP01,cooling_descaling_pump,169.6178,207.2452,0.2363,1.107,402.9729,64.1665,0
2025-10-07 02:00:00,HSM.DSC.PMP01,cooling_descaling_pump,178.747,195.2847,-0.0365,0.7867,403.1799,56.714,0
2025-10-07 03:00:00,HSM.DSC.PMP01,cooling_descaling_pump,199.2138,201.4284,-0.1323,0.8982,406.1239,59.9315,0
2025-10-07 04:00:00,HSM.DSC.PMP01,cooling_descaling_pump,213.7038,196.9159,-0.4745,1.1126,403.9083,64.1519,0
2025-10-07 05:00:00,HSM.DSC.PMP01,cooling_descaling_pump,216.767,199.2011,-0.6051,0.589,400.77,44.1548,0
2025-10-07 06:00:00,HSM.DSC.PMP01,cooling_descaling_pump,180.5992,200.6453,-0.1457,0.8352,398.1399,48.4416,0
2025-10-07 07:00:00,HSM.DSC.PMP01,cooling_descaling_pump,168.1676,203.4808,-1.1299,0.9783,405.8279,62.0488,0
2025-10-07 08:00:00,HSM.DSC.PMP01,cooling_descaling_pump,168.8105,201.2681,0.558,1.1262,400.04,55.9816,0
2025-10-07 09:00:00,HSM.DSC.PMP01,cooling_descaling_pump,165.0538,198.0795,0.249,1.2913,397.8558,61.288,0
2025-10-07 10:00:00,HSM.DSC.PMP01,cooling_descaling_pump,179.9052,194.9405,0.4031,0.8797,403.7239,53.9745,0
2025-10-07 11:00:00,HSM.DSC.PMP01,cooling_descaling_pump,193.5883,202.9203,-0.2345,0.9476,395.8608,52.4603,0
2025-10-07 12:00:00,HSM.DSC.PMP01,cooling_descaling_pump,214.3391,192.733,0.4411,0.7362,403.3957,40.739,0
2025-10-07 13:00:00,HSM.DSC.PMP01,cooling_descaling_pump,137.235,197.9835,-0.5863,1.1589,400.7917,57.8197,0
2025-10-07 14:00:00,HSM.DSC.PMP01,cooling_descaling_pump,206.1449,201.8539,-0.1718,0.7752,400.2252,56.7975,0
2025-10-07 15:00:00,HSM.DSC.PMP01,cooling_descaling_pump,173.6677,199.7564,0.1609,0.8044,400.9952,43.4968,0
2025-10-07 16:00:00,HSM.DSC.PMP01,cooling_descaling_pump,213.5052,201.5424,-1.2116,0.7339,402.1412,45.8156,0
2025-10-07 17:00:00,HSM.DSC.PMP01,cooling_descaling_pump,180.8146,197.0471,0.1139,1.0845,401.3758,56.1926,0
2025-10-07 18:00:00,HSM.DSC.PMP01,cooling_descaling_pump,220.3902,208.8804,1.2939,0.7572,402.1472,61.5361,0
2025-10-07 19:00:00,HSM.DSC.PMP01,cooling_descaling_pump,213.15,199.1808,0.7911,0.9947,400.1577,60.4854,0
2025-10-07 20:00:00,HSM.DSC.PMP01,cooling_descaling_pump,192.4287,196.7957,-1.0129,0.8293,400.7345,43.9029,0
2025-10-07 21:00:00,HSM.DSC.PMP01,cooling_descaling_pump,193.8274,202.4135,-0.5244,1.0164,399.8692,55.6513,0
2025-10-07 22:00:00,HSM.DSC.PMP01,cooling_descaling_pump,198.9262,195.2547,-0.6023,1.0659,401.3599,45.6002,0
2025-10-07 23:00:00,HSM.DSC.PMP01,cooling_descaling_pump,181.6766,200.4324,-0.8321,1.0351,400.2383,50.7021,0
2025-10-08 00:00:00,HSM.DSC.PMP01,cooling_descaling_pump,197.2729,199.7403,-0.851,0.8779,408.1192,54.2993,0
2025-10-08 01:00:00,HSM.DSC.PMP01,cooling_descaling_pump,177.3607,202.6658,-0.4568,1.0494,389.5146,56.5916,0
2025-10-08 02:00:00,HSM.DSC.PMP01,cooling_descaling_pump,169.0994,194.0463,-0.0213,1.2249,394.1012,58.5808,0
2025-10-08 03:00:00,HSM.DSC.PMP01,cooling_descaling_pump,186.5451,201.276,-0.332,0.8991,399.0464,52.4752,0
2025-10-08 04:00:00,HSM.DSC.PMP01,cooling_descaling_pump,194.2245,198.7636,-1.5041,0.8946,402.4355,52.1893,0
2025-10-08 05:00:00,HSM.DSC.PMP01,cooling_descaling_pump,161.2378,195.5926,-0.4129,0.9535,400.926,56.4201,0
2025-10-08 06:00:00,HSM.DSC.PMP01,cooling_descaling_pump,167.1163,205.0309,-0.3241,1.3524,396.0439,66.4262,0
2025-10-08 07:00:00,HSM.DSC.PMP01,cooling_descaling_pump,184.3476,192.9527,0.9312,1.1969,396.5106,60.3218,0
2025-10-08 08:00:00,HSM.DSC.PMP01,cooling_descaling_pump,168.4371,200.1771,0.3441,0.9646,399.7026,55.4699,0
2025-10-08 09:00:00,HSM.DSC.PMP01,cooling_descaling_pump,161.3988,202.8699,-0.8995,1.0426,400.7224,47.5662,0
2025-10-08 10:00:00,HSM.DSC.PMP01,cooling_descaling_pump,223.0955,202.0586,-0.1317,0.7442,407.2976,57.8642,0
2025-10-08 11:00:00,HSM.DSC.PMP01,cooling_descaling_pump,179.8405,200.9076,-1.3973,1.1711,393.7286,62.4019,0
2025-10-08 12:00:00,HSM.DSC.PMP01,cooling_descaling_pump,197.4745,198.4936,-0.434,1.0347,396.7741,55.2648,0
2025-10-08 13:00:00,HSM.DSC.PMP01,cooling_descaling_pump,181.1358,202.252,-0.5883,0.9588,402.6802,49.9994,0
2025-10-08 14:00:00,HSM.DSC.PMP01,cooling_descaling_pump,185.5519,200.5577,0.721,1.0592,405.2924,53.0766,0
2025-10-08 15:00:00,HSM.DSC.PMP01,cooling_descaling_pump,200.2993,200.1887,-1.5469,1.0877,402.6978,50.7358,0
2025-10-08 16:00:00,HSM.DSC.PMP01,cooling_descaling_pump,175.4289,194.9467,1.2288,1.0224,402.691,52.7777,0
2025-10-08 17:00:00,HSM.DSC.PMP01,cooling_descaling_pump,218.8342,200.22,0.2773,0.7947,395.9541,50.9853,0
2025-10-08 18:00:00,HSM.DSC.PMP01,cooling_descaling_pump,196.2202,199.3259,0.6529,0.7498,400.1364,42.7603,0
2025-10-08 19:00:00,HSM.DSC.PMP01,cooling_descaling_pump,203.3314,193.8604,0.2807,1.0582,400.2895,56.2932,0
2025-10-08 20:00:00,HSM.DSC.PMP01,cooling_descaling_pump,172.3378,205.4072,-0.0822,0.7233,408.1217,49.9079,0
2025-10-08 21:00:00,HSM.DSC.PMP01,cooling_descaling_pump,194.0369,198.7365,-0.5184,0.9587,404.111,49.6826,0
2025-10-08 22:00:00,HSM.DSC.PMP01,cooling_descaling_pump,174.7357,200.3694,0.9416,0.8722,396.6713,45.4389,0
2025-10-08 23:00:00,HSM.DSC.PMP01,cooling_descaling_pump,195.7731,201.861,-0.281,0.9004,397.8038,49.2866,0
2025-10-09 00:00:00,HSM.DSC.PMP01,cooling_descaling_pump,204.0871,196.687,-0.0559,1.154,395.0069,61.2458,0
2025-10-09 01:00:00,HSM.DSC.PMP01,cooling_descaling_pump,175.1158,202.4754,-0.0048,0.901,400.2702,57.0837,0
2025-10-09 02:00:00,HSM.DSC.PMP01,cooling_descaling_pump,139.3404,199.892,-0.9427,0.7482,404.9312,46.3461,0
2025-10-09 03:00:00,HSM.DSC.PMP01,cooling_descaling_pump,218.1198,207.2827,-0.76,0.9333,398.2119,60.7474,0
2025-10-09 04:00:00,HSM.DSC.PMP01,cooling_descaling_pump,169.3079,198.6163,-1.0677,0.9529,398.3346,51.9941,0
2025-10-09 05:00:00,HSM.DSC.PMP01,cooling_descaling_pump,191.9628,207.4385,-0.4516,1.1368,401.0681,63.9669,0
2025-10-09 06:00:00,HSM.DSC.PMP01,cooling_descaling_pump,192.578,204.0003,-1.1419,0.9726,404.4316,59.5066,0
2025-10-09 07:00:00,HSM.DSC.PMP01,cooling_descaling_pump,176.2989,195.7103,0.0482,1.2016,398.3221,56.0004,0
2025-10-09 08:00:00,HSM.DSC.PMP01,cooling_descaling_pump,181.8635,199.9528,0.1418,0.95,406.8558,58.9532,0
2025-10-09 09:00:00,HSM.DSC.PMP01,cooling_descaling_pump,183.0223,199.9278,0.0537,0.8984,399.2933,48.8997,0
2025-10-09 10:00:00,HSM.DSC.PMP01,cooling_descaling_pump,172.3864,201.9646,0.3184,1.1269,402.7566,58.7073,0
2025-10-09 11:00:00,HSM.DSC.PMP01,cooling_descaling_pump,170.2943,201.0024,0.4178,1.0257,401.8046,54.8802,0
2025-10-09 12:00:00,HSM.DSC.PMP01,cooling_descaling_pump,188.8574,203.0549,-1.0992,1.1496,408.0276,53.8505,0
2025-10-09 13:00:00,HSM.DSC.PMP01,cooling_descaling_pump,150.8694,192.3907,1.5433,1.1489,397.0027,60.3941,0
2025-10-09 14:00:00,HSM.DSC.PMP01,cooling_descaling_pump,215.8856,200.4173,-0.5791,0.9451,400.6214,53.9067,0
2025-10-09 15:00:00,HSM.DSC.PMP01,cooling_descaling_pump,149.8503,200.928,0.0301,1.0585,395.939,51.9563,0
2025-10-09 16:00:00,HSM.DSC.PMP01,cooling_descaling_pump,224.6307,199.656,-0.108,0.9627,404.329,61.208,0
2025-10-09 17:00:00,HSM.DSC.PMP01,cooling_descaling_pump,187.948,198.7648,-0.2593,0.933,398.215,52.0539,0
2025-10-09 18:00:00,HSM.DSC.PMP01,cooling_descaling_pump,171.7348,204.7226,0.238,1.1233,405.7332,60.8383,0
2025-10-09 19:00:00,HSM.DSC.PMP01,cooling_descaling_pump,190.8421,201.0581,1.1296,1.0283,409.6611,54.7093,0
2025-10-09 20:00:00,HSM.DSC.PMP01,cooling_descaling_pump,156.8555,205.6397,-0.4751,0.9421,398.9207,55.4446,0
2025-10-09 21:00:00,HSM.DSC.PMP01,cooling_descaling_pump,180.5635,197.7487,-0.1463,0.9657,398.7009,51.448,0
2025-10-09 22:00:00,HSM.DSC.PMP01,cooling_descaling_pump,184.568,196.4333,-0.8226,0.8465,400.3961,49.8165,0
2025-10-09 23:00:00,HSM.DSC.PMP01,cooling_descaling_pump,162.4029,205.5812,1.2718,1.0549,398.0987,55.9596,0
2025-10-10 00:00:00,HSM.DSC.PMP01,cooling_descaling_pump,134.9259,201.5784,0.4392,1.0758,405.2635,56.4874,0
2025-10-10 01:00:00,HSM.DSC.PMP01,cooling_descaling_pump,188.1234,195.2188,-0.027,1.1177,401.2618,58.0714,0
2025-10-10 02:00:00,HSM.DSC.PMP01,cooling_descaling_pump,177.8077,196.8448,1.3196,1.2521,391.9305,55.7998,0
2025-10-10 03:00:00,HSM.DSC.PMP01,cooling_descaling_pump,173.8884,202.0382,0.815,0.9696,397.8092,58.248,0
2025-10-10 04:00:00,HSM.DSC.PMP01,cooling_descaling_pump,174.8856,198.4021,0.0648,1.1056,396.5535,59.154,0
2025-10-10 05:00:00,HSM.DSC.PMP01,cooling_descaling_pump,215.1762,202.6481,0.3657,1.0268,401.3386,53.8325,0
2025-10-10 06:00:00,HSM.DSC.PMP01,cooling_descaling_pump,209.3623,201.5441,-0.3176,0.8775,403.2396,59.3116,0
2025-10-10 07:00:00,HSM.DSC.PMP01,cooling_descaling_pump,177.1839,201.0701,0.0707,1.0289,397.7567,50.3347,0
2025-10-10 08:00:00,HSM.DSC.PMP01,cooling_descaling_pump,189.8448,206.4449,0.15,0.7935,401.4546,59.4059,0
2025-10-10 09:00:00,HSM.DSC.PMP01,cooling_descaling_pump,157.599,198.6844,0.246,0.9948,403.5021,55.9393,0
2025-10-10 10:00:00,HSM.DSC.PMP01,cooling_descaling_pump,173.4079,199.1193,-1.2603,1.0242,402.9442,55.1703,0
2025-10-10 11:00:00,HSM.DSC.PMP01,cooling_descaling_pump,184.3991,200.6186,0.2175,1.0765,404.6274,57.1599,0
2025-10-10 12:00:00,HSM.DSC.PMP01,cooling_descaling_pump,196.113,202.2314,-1.0729,1.0764,405.5042,63.3066,0
2025-10-10 13:00:00,HSM.DSC.PMP01,cooling_descaling_pump,209.805,197.9371,-0.4241,1.1762,395.5817,56.7876,0
2025-10-10 14:00:00,HSM.DSC.PMP01,cooling_descaling_pump,188.274,202.5348,1.1449,0.7512,409.4153,55.8224,0
2025-10-10 15:00:00,HSM.DSC.PMP01,cooling_descaling_pump,237.1836,200.6659,-1.6878,1.032,397.2724,60.5197,0
2025-10-10 16:00:00,HSM.DSC.PMP01,cooling_descaling_pump,209.3039,194.2587,1.7263,0.9638,400.0855,46.5008,0
2025-10-10 17:00:00,HSM.DSC.PMP01,cooling_descaling_pump,181.9022,196.4055,-0.4876,1.1325,403.5547,51.9876,0
2025-10-10 18:00:00,HSM.DSC.PMP01,cooling_descaling_pump,199.2382,194.6606,-1.578,0.6576,404.7935,48.2682,0
2025-10-10 19:00:00,HSM.DSC.PMP01,cooling_descaling_pump,191.1919,201.7712,0.7732,1.1938,400.8142,59.1696,0
2025-10-10 20:00:00,HSM.DSC.PMP01,cooling_descaling_pump,150.0722,199.0571,-0.1588,1.1208,402.2625,53.1894,0
2025-10-10 21:00:00,HSM.DSC.PMP01,cooling_descaling_pump,178.2941,204.3846,0.0524,0.9609,396.3946,48.9842,0
2025-10-10 22:00:00,HSM.DSC.PMP01,cooling_descaling_pump,192.627,204.4105,0.4834,1.1508,395.9944,61.4064,0
2025-10-10 23:00:00,HSM.DSC.PMP01,cooling_descaling_pump,184.1919,202.3981,-0.4871,0.8615,391.3681,52.7439,0
2025-10-11 00:00:00,HSM.DSC.PMP01,cooling_descaling_pump,193.5119,202.7191,-0.3511,1.0217,400.1329,62.2753,0
2025-10-11 01:00:00,HSM.DSC.PMP01,cooling_descaling_pump,191.3877,193.2614,-0.0186,1.1441,407.9249,61.886,0
2025-10-11 02:00:00,HSM.DSC.PMP01,cooling_descaling_pump,210.9297,202.4957,1.0166,0.7307,399.9889,49.3949,0
2025-10-11 03:00:00,HSM.DSC.PMP01,cooling_descaling_pump,176.8008,206.3914,0.7118,0.819,395.9678,53.0303,0
2025-10-11 04:00:00,HSM.DSC.PMP01,cooling_descaling_pump,179.2557,196.9904,-0.2352,1.2351,400.4536,59.4266,0
2025-10-11 05:00:00,HSM.DSC.PMP01,cooling_descaling_pump,183.1919,200.1449,-1.2202,1.0961,407.3337,58.7539,0
2025-10-11 06:00:00,HSM.DSC.PMP01,cooling_descaling_pump,166.1178,197.4136,0.3581,0.918,395.7926,47.2708,0
2025-10-11 07:00:00,HSM.DSC.PMP01,cooling_descaling_pump,172.7754,204.3066,0.0968,0.8193,404.4694,54.0204,0
2025-10-11 08:00:00,HSM.DSC.PMP01,cooling_descaling_pump,189.1014,203.1449,-0.2358,0.8319,402.9747,52.7121,0
2025-10-11 09:00:00,HSM.DSC.PMP01,cooling_descaling_pump,161.2993,196.5427,-0.1838,1.0714,407.7065,52.1931,0
2025-10-11 10:00:00,HSM.DSC.PMP01,cooling_descaling_pump,156.6215,201.9293,0.3688,1.3278,401.8414,54.3457,0
2025-10-11 11:00:00,HSM.DSC.PMP01,cooling_descaling_pump,142.6714,200.3726,-0.5112,1.2898,399.473,53.9081,0
2025-10-11 12:00:00,HSM.DSC.PMP01,cooling_descaling_pump,199.1864,195.371,-1.1911,0.9552,401.6307,58.0565,0
2025-10-11 13:00:00,HSM.DSC.PMP01,cooling_descaling_pump,175.8107,198.8352,1.4927,0.8316,400.7081,48.6207,0
2025-10-11 14:00:00,HSM.DSC.PMP01,cooling_descaling_pump,194.8211,206.9788,0.0316,0.8672,407.8942,50.7561,0
2025-10-11 15:00:00,HSM.DSC.PMP01,cooling_descaling_pump,179.7146,195.8419,-0.4285,1.1648,402.8318,56.1565,0
2025-10-11 16:00:00,HSM.DSC.PMP01,cooling_descaling_pump,196.2212,201.6244,0.0219,0.9257,401.0998,59.0424,0
2025-10-11 17:00:00,HSM.DSC.PMP01,cooling_descaling_pump,158.6118,205.4568,0.0937,0.9723,400.2925,54.2165,0
2025-10-11 18:00:00,HSM.DSC.PMP01,cooling_descaling_pump,217.0477,201.7072,-0.3028,1.0531,396.8462,55.8614,0
2025-10-11 19:00:00,HSM.DSC.PMP01,cooling_descaling_pump,172.6149,198.8522,0.7971,0.949,405.0417,57.1296,0
2025-10-11 20:00:00,HSM.DSC.PMP01,cooling_descaling_pump,199.7533,198.2618,-0.3068,0.8818,399.3721,49.5161,0
2025-10-11 21:00:00,HSM.DSC.PMP01,cooling_descaling_pump,208.598,203.0359,0.5546,0.705,398.7808,41.8452,0
2025-10-11 22:00:00,HSM.DSC.PMP01,cooling_descaling_pump,180.7036,198.6444,-0.1523,0.9679,394.3215,60.8362,0
2025-10-11 23:00:00,HSM.DSC.PMP01,cooling_descaling_pump,228.7324,201.6806,-0.9714,0.3185,399.3913,39.3424,0
2025-10-12 00:00:00,HSM.DSC.PMP01,cooling_descaling_pump,178.7757,201.2941,0.0848,0.7756,407.2997,53.0211,0
2025-10-12 01:00:00,HSM.DSC.PMP01,cooling_descaling_pump,189.9072,201.4335,0.5694,1.0167,398.2435,61.0,0
2025-10-12 02:00:00,HSM.DSC.PMP01,cooling_descaling_pump,170.8363,200.5664,0.9257,1.1955,399.8091,57.4034,0
2025-10-12 03:00:00,HSM.DSC.PMP01,cooling_descaling_pump,189.4373,194.3953,0.4519,1.1547,398.0521,57.4768,0
2025-10-12 04:00:00,HSM.DSC.PMP01,cooling_descaling_pump,194.7377,196.8849,0.2829,1.0138,400.1797,56.1227,0
2025-10-12 05:00:00,HSM.DSC.PMP01,cooling_descaling_pump,201.0139,206.0641,0.8782,1.0437,395.5037,61.8395,0
2025-10-12 06:00:00,HSM.DSC.PMP01,cooling_descaling_pump,196.2444,196.6409,0.4556,0.9759,396.8371,49.0367,0
2025-10-12 07:00:00,HSM.DSC.PMP01,cooling_descaling_pump,187.6385,201.7557,-0.4248,0.897,406.101,62.4765,0
2025-10-12 08:00:00,HSM.DSC.PMP01,cooling_descaling_pump,219.919,201.8236,-0.9795,0.8217,401.9845,57.3859,0
2025-10-12 09:00:00,HSM.DSC.PMP01,cooling_descaling_pump,224.8849,197.903,-0.2404,0.8192,396.2686,54.5229,0
2025-10-12 10:00:00,HSM.DSC.PMP01,cooling_descaling_pump,186.5639,199.9265,-0.1271,1.2459,398.9643,60.6093,0
2025-10-12 11:00:00,HSM.DSC.PMP01,cooling_descaling_pump,230.154,198.2977,-1.3406,0.8537,395.2113,54.1213,0
2025-10-12 12:00:00,HSM.DSC.PMP01,cooling_descaling_pump,185.0489,201.0851,0.0883,0.8996,403.8846,54.7478,0
2025-10-12 13:00:00,HSM.DSC.PMP01,cooling_descaling_pump,195.0518,197.0816,0.4653,0.993,393.6103,53.9801,0
2025-10-12 14:00:00,HSM.DSC.PMP01,cooling_descaling_pump,189.2643,201.8588,0.8137,1.1183,402.133,58.5231,0
2025-10-12 15:00:00,HSM.DSC.PMP01,cooling_descaling_pump,191.3587,199.5099,0.0629,0.8469,401.8067,49.0016,0
2025-10-12 16:00:00,HSM.DSC.PMP01,cooling_descaling_pump,220.8585,205.9071,1.0872,0.6621,399.2593,56.1344,0
2025-10-12 17:00:00,HSM.DSC.PMP01,cooling_descaling_pump,154.9225,197.3374,1.5258,1.2537,402.2008,50.8073,0
2025-10-12 18:00:00,HSM.DSC.PMP01,cooling_descaling_pump,196.4648,193.6706,-0.1227,1.0896,395.3465,55.565,0
2025-10-12 19:00:00,HSM.DSC.PMP01,cooling_descaling_pump,190.7582,196.6636,0.6726,1.1949,399.4673,59.4011,0
2025-10-12 20:00:00,HSM.DSC.PMP01,cooling_descaling_pump,157.1144,199.1896,-0.2645,1.0774,398.5732,45.6727,0
2025-10-12 21:00:00,HSM.DSC.PMP01,cooling_descaling_pump,163.2048,200.7127,-1.3175,1.0693,402.6374,56.7957,0
2025-10-12 22:00:00,HSM.DSC.PMP01,cooling_descaling_pump,203.5927,201.5688,0.1451,1.1757,399.3726,57.3522,0
2025-10-12 23:00:00,HSM.DSC.PMP01,cooling_descaling_pump,157.4367,198.3366,-0.5124,0.651,398.7724,48.1089,0
2025-10-13 00:00:00,HSM.DSC.PMP01,cooling_descaling_pump,192.1806,206.9939,-0.1958,0.9271,399.0517,55.3129,0
2025-10-13 01:00:00,HSM.DSC.PMP01,cooling_descaling_pump,226.0949,197.1869,-1.1811,0.9329,402.034,57.0188,0
2025-10-13 02:00:00,HSM.DSC.PMP01,cooling_descaling_pump,211.1034,197.3798,-1.1958,1.0756,400.1976,59.0488,0
2025-10-13 03:00:00,HSM.DSC.PMP01,cooling_descaling_pump,191.3903,199.4918,-0.6681,0.9957,399.8424,48.5895,0
2025-10-13 04:00:00,HSM.DSC.PMP01,cooling_descaling_pump,175.5235,199.5568,0.4173,0.8858,397.6576,55.4867,0
2025-10-13 05:00:00,HSM.DSC.PMP01,cooling_descaling_pump,192.113,193.1269,0.66,0.9407,402.0383,57.0006,0
2025-10-13 06:00:00,HSM.DSC.PMP01,cooling_descaling_pump,206.6043,201.9525,-0.8973,0.8062,405.3121,51.0489,0
2025-10-13 07:00:00,HSM.DSC.PMP01,cooling_descaling_pump,185.7634,198.8252,-0.1937,0.7937,406.4963,52.0741,0
2025-10-13 08:00:00,HSM.DSC.PMP01,cooling_descaling_pump,186.5197,195.3867,-1.0196,1.1093,403.5256,61.5597,0
2025-10-13 09:00:00,HSM.DSC.PMP01,cooling_descaling_pump,176.6631,200.7444,0.1051,1.1341,405.7858,63.9186,0
2025-10-13 10:00:00,HSM.DSC.PMP01,cooling_descaling_pump,179.994,198.9788,1.2252,1.2651,395.4843,59.2947,0
2025-10-13 11:00:00,HSM.DSC.PMP01,cooling_descaling_pump,172.8341,202.3652,0.0569,1.0151,400.5423,49.462,0
2025-10-13 12:00:00,HSM.DSC.PMP01,cooling_descaling_pump,179.6472,200.0705,0.853,0.5017,408.133,41.3747,0
2025-10-13 13:00:00,HSM.DSC.PMP01,cooling_descaling_pump,174.9983,198.8235,0.5826,0.9729,401.4144,54.0059,0
2025-10-13 14:00:00,HSM.DSC.PMP01,cooling_descaling_pump,217.7365,202.547,1.0516,1.0821,392.4854,57.0125,0
2025-10-13 15:00:00,HSM.DSC.PMP01,cooling_descaling_pump,220.5404,193.5652,-0.2586,1.1022,403.4795,53.0329,0
2025-10-13 16:00:00,HSM.DSC.PMP01,cooling_descaling_pump,165.1751,203.4419,0.0201,0.7927,409.6801,46.3635,0
2025-10-13 17:00:00,HSM.DSC.PMP01,cooling_descaling_pump,184.9871,202.7061,-0.057,0.9701,403.2337,55.2291,0
2025-10-13 18:00:00,HSM.DSC.PMP01,cooling_descaling_pump,245.0622,195.1034,-0.2702,1.0639,397.3836,52.3213,0
2025-10-13 19:00:00,HSM.DSC.PMP01,cooling_descaling_pump,185.1125,208.8833,0.534,0.883,410.4525,59.3243,0
2025-10-13 20:00:00,HSM.DSC.PMP01,cooling_descaling_pump,186.3325,197.4942,-0.6266,0.9244,408.9489,56.9737,0
2025-10-13 21:00:00,HSM.DSC.PMP01,cooling_descaling_pump,181.9421,201.36,2.1772,0.8736,404.5052,52.9299,0
2025-10-13 22:00:00,HSM.DSC.PMP01,cooling_descaling_pump,200.4042,195.3276,-0.282,0.9134,401.5601,51.2581,0
2025-10-13 23:00:00,HSM.DSC.PMP01,cooling_descaling_pump,222.8059,201.8662,0.021,0.9455,403.1864,50.827,0
2025-10-14 00:00:00,HSM.DSC.PMP01,cooling_descaling_pump,217.9989,195.8983,0.8085,0.9389,400.789,58.288,0
2025-10-14 01:00:00,HSM.DSC.PMP01,cooling_descaling_pump,192.6545,196.033,-0.0057,1.0617,398.2719,58.6533,0
2025-10-14 02:00:00,HSM.DSC.PMP01,cooling_descaling_pump,159.0445,198.9262,-0.3566,0.9463,401.2637,55.8929,0
2025-10-14 03:00:00,HSM.DSC.PMP01,cooling_descaling_pump,180.2368,201.3218,1.1377,0.9146,396.2867,52.7981,0
2025-10-14 04:00:00,HSM.DSC.PMP01,cooling_descaling_pump,173.2116,202.0424,-0.1873,0.783,401.4168,48.5567,0
2025-10-14 05:00:00,HSM.DSC.PMP01,cooling_descaling_pump,208.6684,196.944,-0.3037,1.1301,397.9907,59.6586,0
2025-10-14 06:00:00,HSM.DSC.PMP01,cooling_descaling_pump,197.2271,197.3415,0.8923,0.9426,403.4339,55.8712,0
2025-10-14 07:00:00,HSM.DSC.PMP01,cooling_descaling_pump,183.4592,202.1887,-0.2014,0.6532,397.7415,47.3106,0
2025-10-14 08:00:00,HSM.DSC.PMP01,cooling_descaling_pump,209.3577,196.4853,-0.3052,1.1782,402.4814,59.2931,0
2025-10-14 09:00:00,HSM.DSC.PMP01,cooling_descaling_pump,179.1822,201.4021,0.3135,0.9358,398.9614,53.3631,0
2025-10-14 10:00:00,HSM.DSC.PMP01,cooling_descaling_pump,174.9084,201.8216,0.6196,1.1545,396.2961,53.3873,0
2025-10-14 11:00:00,HSM.DSC.PMP01,cooling_descaling_pump,250.4138,197.9401,-1.0055,1.015,400.386,66.1677,0
2025-10-14 12:00:00,HSM.DSC.PMP01,cooling_descaling_pump,196.9638,196.4682,-0.2923,0.9201,397.5759,57.2805,0
2025-10-14 13:00:00,HSM.DSC.PMP01,cooling_descaling_pump,207.1602,200.6024,-1.3148,1.0277,394.9888,51.891,0
2025-10-14 14:00:00,HSM.DSC.PMP01,cooling_descaling_pump,143.24,199.8,1.0451,0.8166,400.265,49.4307,0
2025-10-14 15:00:00,HSM.DSC.PMP01,cooling_descaling_pump,205.9503,202.2895,0.4025,0.7809,400.1471,54.1387,0
2025-10-14 16:00:00,HSM.DSC.PMP01,cooling_descaling_pump,179.7996,207.0643,-0.6692,0.9581,397.8579,59.3883,0
2025-10-14 17:00:00,HSM.DSC.PMP01,cooling_descaling_pump,170.022,193.4919,0.482,1.4274,400.2699,62.8441,0
2025-10-14 18:00:00,HSM.DSC.PMP01,cooling_descaling_pump,159.1011,202.1824,0.1263,0.9735,405.4949,52.0131,0
2025-10-14 19:00:00,HSM.DSC.PMP01,cooling_descaling_pump,209.0013,201.1681,0.8456,0.9568,401.734,51.9384,0
2025-10-14 20:00:00,HSM.DSC.PMP01,cooling_descaling_pump,176.1818,195.3116,-0.595,0.809,396.9121,44.2777,0
2025-10-14 21:00:00,HSM.DSC.PMP01,cooling_descaling_pump,124.0411,204.885,0.6406,1.0345,397.9411,56.2942,0
2025-10-14 22:00:00,HSM.DSC.PMP01,cooling_descaling_pump,203.4176,203.2613,-0.7212,0.7799,393.6511,54.4347,0
2025-10-14 23:00:00,HSM.DSC.PMP01,cooling_descaling_pump,171.8796,204.2604,-0.0319,0.8721,401.8449,50.801,0
2025-10-15 00:00:00,HSM.DSC.PMP01,cooling_descaling_pump,156.286,197.108,-0.5869,1.0891,394.0195,51.5955,0
2025-10-15 01:00:00,HSM.DSC.PMP01,cooling_descaling_pump,148.9352,199.996,-0.2088,1.1732,403.0699,62.7689,0
2025-10-15 02:00:00,HSM.DSC.PMP01,cooling_descaling_pump,165.5285,203.8017,0.4081,1.0348,399.2913,56.3425,0
2025-10-15 03:00:00,HSM.DSC.PMP01,cooling_descaling_pump,199.9973,200.3722,0.0038,1.1889,405.2393,64.3121,0
2025-10-15 04:00:00,HSM.DSC.PMP01,cooling_descaling_pump,172.3481,208.0349,-0.1962,1.0246,405.3461,56.9296,0
2025-10-15 05:00:00,HSM.DSC.PMP01,cooling_descaling_pump,194.1561,204.981,0.2649,0.6583,400.4787,51.3992,0
2025-10-15 06:00:00,HSM.DSC.PMP01,cooling_descaling_pump,174.7807,202.6035,-0.1638,1.1665,394.5227,61.19,0
2025-10-15 07:00:00,HSM.DSC.PMP01,cooling_descaling_pump,187.514,202.9285,0.5463,1.2822,393.9983,63.0124,0
2025-10-15 08:00:00,HSM.DSC.PMP01,cooling_descaling_pump,168.9399,198.7714,-0.0042,0.9234,399.2673,58.1904,0
2025-10-15 09:00:00,HSM.DSC.PMP01,cooling_descaling_pump,144.1412,201.9391,0.9071,1.1353,402.8451,64.0077,0
2025-10-15 10:00:00,HSM.DSC.PMP01,cooling_descaling_pump,174.9572,195.347,0.1864,1.1792,392.9016,58.666,0
2025-10-15 11:00:00,HSM.DSC.PMP01,cooling_descaling_pump,221.2434,201.9723,0.3124,0.799,395.6621,45.4839,0
2025-10-15 12:00:00,HSM.DSC.PMP01,cooling_descaling_pump,202.2919,206.7791,0.3182,0.9351,398.0018,55.7689,0
2025-10-15 13:00:00,HSM.DSC.PMP01,cooling_descaling_pump,179.6604,198.545,-0.1898,0.8898,401.5091,59.2378,0
2025-10-15 14:00:00,HSM.DSC.PMP01,cooling_descaling_pump,208.2983,202.2729,0.092,0.9082,400.3907,54.3754,0
2025-10-15 15:00:00,HSM.DSC.PMP01,cooling_descaling_pump,139.9394,202.9178,-0.3754,0.8986,406.2979,45.2678,0
2025-10-15 16:00:00,HSM.DSC.PMP01,cooling_descaling_pump,163.8378,197.9329,0.304,0.8778,401.1548,48.1167,0
2025-10-15 17:00:00,HSM.DSC.PMP01,cooling_descaling_pump,178.3626,200.787,0.168,1.1229,392.7628,55.4681,0
2025-10-15 18:00:00,HSM.DSC.PMP01,cooling_descaling_pump,173.898,198.8176,-0.4027,0.9552,398.3722,59.6472,0
2025-10-15 19:00:00,HSM.DSC.PMP01,cooling_descaling_pump,137.9309,202.5482,-0.6898,0.9134,404.3456,53.5002,0
2025-10-15 20:00:00,HSM.DSC.PMP01,cooling_descaling_pump,191.5032,194.707,-0.2365,1.0151,398.5808,51.4434,0
2025-10-15 21:00:00,HSM.DSC.PMP01,cooling_descaling_pump,190.7987,202.6264,-0.169,0.9083,399.7552,56.6584,0
2025-10-15 22:00:00,HSM.DSC.PMP01,cooling_descaling_pump,177.5419,207.8276,1.0504,0.849,394.3413,54.5304,0
2025-10-15 23:00:00,HSM.DSC.PMP01,cooling_descaling_pump,203.8629,202.1484,-0.7383,1.0724,397.8481,60.0999,0
2025-10-16 00:00:00,HSM.DSC.PMP01,cooling_descaling_pump,185.811,202.7783,1.7115,1.2717,397.6335,53.526,0
2025-10-16 01:00:00,HSM.DSC.PMP01,cooling_descaling_pump,177.8967,199.3001,-0.6826,0.9741,397.2148,54.7289,0
2025-10-16 02:00:00,HSM.DSC.PMP01,cooling_descaling_pump,200.719,201.0569,0.4137,0.9626,404.3209,51.4402,0
2025-10-16 03:00:00,HSM.DSC.PMP01,cooling_descaling_pump,140.7338,198.4986,0.7411,1.0266,405.2209,57.5704,0
2025-10-16 04:00:00,HSM.DSC.PMP01,cooling_descaling_pump,194.9639,197.6227,0.5254,1.2125,400.5516,65.4498,0
2025-10-16 05:00:00,HSM.DSC.PMP01,cooling_descaling_pump,185.9424,195.2591,0.257,1.0723,399.413,56.3977,0
2025-10-16 06:00:00,HSM.DSC.PMP01,cooling_descaling_pump,158.2196,203.1475,0.4065,1.0632,395.5306,59.1473,0
2025-10-16 07:00:00,HSM.DSC.PMP01,cooling_descaling_pump,147.9595,202.1683,0.1446,1.2707,399.8309,56.8361,0
2025-10-16 08:00:00,HSM.DSC.PMP01,cooling_descaling_pump,202.1932,202.1586,0.8441,0.7098,404.233,50.7261,0
2025-10-16 09:00:00,HSM.DSC.PMP01,cooling_descaling_pump,194.5851,202.9012,-0.3193,1.0881,398.1208,56.5002,0
2025-10-16 10:00:00,HSM.DSC.PMP01,cooling_descaling_pump,236.5524,193.7919,-1.3668,0.866,398.5267,50.5408,0
2025-10-16 11:00:00,HSM.DSC.PMP01,cooling_descaling_pump,210.7396,200.8601,1.5166,0.8153,396.903,49.2666,0
2025-10-16 12:00:00,HSM.DSC.PMP01,cooling_descaling_pump,175.9011,198.7021,-1.3568,1.126,406.8524,61.6515,0
2025-10-16 13:00:00,HSM.DSC.PMP01,cooling_descaling_pump,223.6979,200.5518,-0.8098,0.9595,402.4469,59.6301,0
2025-10-16 14:00:00,HSM.DSC.PMP01,cooling_descaling_pump,169.7384,199.2879,-0.3609,1.0207,405.199,52.7857,0
2025-10-16 15:00:00,HSM.DSC.PMP01,cooling_descaling_pump,192.0676,198.5753,0.4373,0.7967,414.2918,53.3794,0
2025-10-16 16:00:00,HSM.DSC.PMP01,cooling_descaling_pump,179.8183,198.2824,0.0066,0.7361,399.5397,50.607,0
2025-10-16 17:00:00,HSM.DSC.PMP01,cooling_descaling_pump,201.7146,203.5655,0.632,1.1354,407.6495,59.3486,0
2025-10-16 18:00:00,HSM.DSC.PMP01,cooling_descaling_pump,186.9532,201.4228,-1.1692,0.6681,405.0455,46.8587,0
2025-10-16 19:00:00,HSM.DSC.PMP01,cooling_descaling_pump,194.2891,201.6394,-0.3777,0.944,405.8366,52.6007,0
2025-10-16 20:00:00,HSM.DSC.PMP01,cooling_descaling_pump,205.0735,199.6502,1.3709,0.6923,403.7698,48.3917,0
2025-10-16 21:00:00,HSM.DSC.PMP01,cooling_descaling_pump,183.5421,200.7379,-0.8323,0.8363,393.8286,46.1648,0
2025-10-16 22:00:00,HSM.DSC.PMP01,cooling_descaling_pump,183.3129,199.3682,1.3704,1.2448,404.9044,55.5719,0
2025-10-16 23:00:00,HSM.DSC.PMP01,cooling_descaling_pump,171.6569,198.967,0.9285,0.5472,406.8164,53.9341,0
2025-10-17 00:00:00,HSM.DSC.PMP01,cooling_descaling_pump,172.6039,204.8907,-0.0854,1.2669,401.61,61.3937,0
2025-10-17 01:00:00,HSM.DSC.PMP01,cooling_descaling_pump,215.5747,192.5301,-0.1503,1.0753,396.065,64.3235,0
2025-10-17 02:00:00,HSM.DSC.PMP01,cooling_descaling_pump,176.9139,199.8599,-1.2623,0.8606,398.135,47.8208,0
2025-10-17 03:00:00,HSM.DSC.PMP01,cooling_descaling_pump,186.9078,200.5666,-1.3898,1.0696,399.4796,56.6546,0
2025-10-17 04:00:00,HSM.DSC.PMP01,cooling_descaling_pump,216.9445,196.1669,-0.9732,0.9791,397.1196,50.7874,0
2025-10-17 05:00:00,HSM.DSC.PMP01,cooling_descaling_pump,204.1706,198.5079,-1.065,0.9889,399.7227,58.6772,0
2025-10-17 06:00:00,HSM.DSC.PMP01,cooling_descaling_pump,185.6568,201.6484,0.4841,1.2963,402.5743,60.1658,0
2025-10-17 07:00:00,HSM.DSC.PMP01,cooling_descaling_pump,207.976,198.8287,0.0048,0.786,408.1284,55.0696,0
2025-10-17 08:00:00,HSM.DSC.PMP01,cooling_descaling_pump,202.8276,192.9887,0.7416,1.1707,397.6974,60.2908,0
2025-10-17 09:00:00,HSM.DSC.PMP01,cooling_descaling_pump,210.5743,199.8567,-0.2938,0.8004,398.2354,53.4508,0
2025-10-17 10:00:00,HSM.DSC.PMP01,cooling_descaling_pump,205.6329,200.5792,0.8102,0.9543,390.6706,52.5883,0
2025-10-17 11:00:00,HSM.DSC.PMP01,cooling_descaling_pump,218.4501,196.1661,-0.0374,1.1876,395.7396,63.1719,0
2025-10-17 12:00:00,HSM.DSC.PMP01,cooling_descaling_pump,183.3542,200.7774,-0.6118,1.0072,392.3252,55.358,0
2025-10-17 13:00:00,HSM.DSC.PMP01,cooling_descaling_pump,152.3356,198.4243,0.2371,1.1726,400.253,51.0718,0
2025-10-17 14:00:00,HSM.DSC.PMP01,cooling_descaling_pump,176.1952,197.9042,-1.1714,1.1565,399.8325,53.3116,0
2025-10-17 15:00:00,HSM.DSC.PMP01,cooling_descaling_pump,186.973,194.4795,0.4371,0.9604,405.702,55.3036,0
2025-10-17 16:00:00,HSM.DSC.PMP01,cooling_descaling_pump,191.9621,204.9532,-0.7393,1.1007,393.6264,54.1909,0
2025-10-17 17:00:00,HSM.DSC.PMP01,cooling_descaling_pump,199.5808,199.9104,0.1177,0.9977,395.2693,53.3992,0
2025-10-17 18:00:00,HSM.DSC.PMP01,cooling_descaling_pump,194.8757,200.2869,-0.0858,1.1538,394.061,57.726,0
2025-10-17 19:00:00,HSM.DSC.PMP01,cooling_descaling_pump,177.0933,202.8021,-0.0633,1.1485,401.5634,57.3027,0
2025-10-17 20:00:00,HSM.DSC.PMP01,cooling_descaling_pump,153.2713,195.1561,-0.538,1.2919,395.8706,57.7585,0
2025-10-17 21:00:00,HSM.DSC.PMP01,cooling_descaling_pump,146.5071,207.2381,0.173,1.2938,394.6347,58.8511,0
2025-10-17 22:00:00,HSM.DSC.PMP01,cooling_descaling_pump,133.1288,195.7367,0.0579,1.2892,397.7929,60.0533,0
2025-10-17 23:00:00,HSM.DSC.PMP01,cooling_descaling_pump,191.4769,199.2812,-0.4021,0.8881,400.6823,56.635,0
2025-10-18 00:00:00,HSM.DSC.PMP01,cooling_descaling_pump,195.1959,205.4979,0.9895,0.9465,397.1652,51.6802,0
2025-10-18 01:00:00,HSM.DSC.PMP01,cooling_descaling_pump,199.5014,199.4287,0.4594,0.8109,399.5444,51.8395,0
2025-10-18 02:00:00,HSM.DSC.PMP01,cooling_descaling_pump,190.4007,203.0815,-0.9101,0.574,399.2903,44.8031,0
2025-10-18 03:00:00,HSM.DSC.PMP01,cooling_descaling_pump,147.6071,204.8508,0.3159,0.9626,399.3208,57.3719,0
2025-10-18 04:00:00,HSM.DSC.PMP01,cooling_descaling_pump,236.5642,205.7783,0.1818,0.538,399.3241,43.3449,0
2025-10-18 05:00:00,HSM.DSC.PMP01,cooling_descaling_pump,153.8401,201.799,-0.1781,0.9782,398.1227,61.1092,0
2025-10-18 06:00:00,HSM.DSC.PMP01,cooling_descaling_pump,196.7405,195.7522,0.2753,1.0423,397.8069,56.7503,0
2025-10-18 07:00:00,HSM.DSC.PMP01,cooling_descaling_pump,168.3399,202.4429,-0.6113,0.8031,405.9752,48.5134,0
2025-10-18 08:00:00,HSM.DSC.PMP01,cooling_descaling_pump,255.8787,197.2129,-1.4197,0.6135,401.4181,54.7726,0
2025-10-18 09:00:00,HSM.DSC.PMP01,cooling_descaling_pump,168.7635,205.3521,0.8047,0.9967,398.832,50.5071,0
2025-10-18 10:00:00,HSM.DSC.PMP01,cooling_descaling_pump,185.089,195.1263,-0.8301,0.8361,401.1228,48.0671,0
2025-10-18 11:00:00,HSM.DSC.PMP01,cooling_descaling_pump,211.9704,196.1451,-1.222,0.9233,403.4028,54.8963,0
2025-10-18 12:00:00,HSM.DSC.PMP01,cooling_descaling_pump,196.09,200.8528,-1.3093,1.2937,393.4102,57.7147,0
2025-10-18 13:00:00,HSM.DSC.PMP01,cooling_descaling_pump,168.4933,200.3977,-0.4407,1.1411,408.4982,61.1498,0
2025-10-18 14:00:00,HSM.DSC.PMP01,cooling_descaling_pump,209.3054,201.5788,-0.2855,0.9773,393.5706,54.6043,0
2025-10-18 15:00:00,HSM.DSC.PMP01,cooling_descaling_pump,156.3902,199.1315,0.8262,1.335,396.9394,65.7589,0
2025-10-18 16:00:00,HSM.DSC.PMP01,cooling_descaling_pump,206.5708,205.4478,-1.4455,1.1613,403.0007,59.8572,0
2025-10-18 17:00:00,HSM.DSC.PMP01,cooling_descaling_pump,156.8479,199.779,-0.6312,1.3496,397.8576,59.274,0
2025-10-18 18:00:00,HSM.DSC.PMP01,cooling_descaling_pump,194.2273,201.7567,0.2064,1.2975,395.1911,62.124,0
2025-10-18 19:00:00,HSM.DSC.PMP01,cooling_descaling_pump,161.3327,203.5654,-0.0092,1.1829,397.4665,56.2734,0
2025-10-18 20:00:00,HSM.DSC.PMP01,cooling_descaling_pump,179.1322,209.3102,1.4818,0.9045,398.5662,45.9948,0
2025-10-18 21:00:00,HSM.DSC.PMP01,cooling_descaling_pump,207.1308,200.6916,0.0637,0.9654,404.9621,54.5584,0
2025-10-18 22:00:00,HSM.DSC.PMP01,cooling_descaling_pump,189.0458,196.3706,-0.0781,1.1743,394.4403,56.3098,0
2025-10-18 23:00:00,HSM.DSC.PMP01,cooling_descaling_pump,126.0752,200.1956,0.9504,0.9072,405.4221,52.7538,0
2025-10-19 00:00:00,HSM.DSC.PMP01,cooling_descaling_pump,165.2823,208.7417,-0.496,0.6842,397.3727,46.6218,0
2025-10-19 01:00:00,HSM.DSC.PMP01,cooling_descaling_pump,170.1765,196.5436,-0.4225,0.8909,404.0478,54.0321,0
2025-10-19 02:00:00,HSM.DSC.PMP01,cooling_descaling_pump,153.0932,203.7195,0.2408,1.1324,399.6633,59.0656,0
2025-10-19 03:00:00,HSM.DSC.PMP01,cooling_descaling_pump,234.5197,206.0441,-0.2289,0.7315,398.9691,38.6762,0
2025-10-19 04:00:00,HSM.DSC.PMP01,cooling_descaling_pump,164.1245,192.2174,0.0669,1.0704,400.3178,53.1983,0
2025-10-19 05:00:00,HSM.DSC.PMP01,cooling_descaling_pump,200.948,205.0517,0.7818,0.8984,395.4354,60.3448,0
2025-10-19 06:00:00,HSM.DSC.PMP01,cooling_descaling_pump,186.3146,199.9611,0.1201,0.7513,397.3615,57.2635,0
2025-10-19 07:00:00,HSM.DSC.PMP01,cooling_descaling_pump,223.765,195.2017,-0.3724,0.9817,398.3974,58.4102,0
2025-10-19 08:00:00,HSM.DSC.PMP01,cooling_descaling_pump,192.4652,196.8878,-1.165,1.1127,403.7591,62.8856,0
2025-10-19 09:00:00,HSM.DSC.PMP01,cooling_descaling_pump,213.4066,199.9502,-0.1946,0.9845,401.1602,55.2238,0
2025-10-19 10:00:00,HSM.DSC.PMP01,cooling_descaling_pump,216.652,197.5278,0.3687,0.8232,403.2582,52.1418,0
2025-10-19 11:00:00,HSM.DSC.PMP01,cooling_descaling_pump,190.7408,197.7968,-1.5148,1.2038,394.1117,58.2482,0
2025-10-19 12:00:00,HSM.DSC.PMP01,cooling_descaling_pump,212.0223,197.3113,1.1013,0.6158,401.5398,48.3211,0
2025-10-19 13:00:00,HSM.DSC.PMP01,cooling_descaling_pump,163.5403,199.8222,0.6837,1.1786,400.9692,57.3606,0
2025-10-19 14:00:00,HSM.DSC.PMP01,cooling_descaling_pump,154.3322,197.6234,0.1756,1.1999,401.7073,61.3716,0
2025-10-19 15:00:00,HSM.DSC.PMP01,cooling_descaling_pump,192.8092,201.3556,0.5978,0.7743,405.9912,49.4866,0
2025-10-19 16:00:00,HSM.DSC.PMP01,cooling_descaling_pump,136.3305,202.3982,-0.1429,1.0679,408.1102,61.3386,0
2025-10-19 17:00:00,HSM.DSC.PMP01,cooling_descaling_pump,186.5805,196.3781,0.2779,1.0434,397.9558,52.7177,0
2025-10-19 18:00:00,HSM.DSC.PMP01,cooling_descaling_pump,159.3891,200.5212,-0.6537,1.0867,401.5441,54.0604,0
2025-10-19 19:00:00,HSM.DSC.PMP01,cooling_descaling_pump,204.1889,198.5182,-0.043,1.1747,398.7067,62.0086,0
2025-10-19 20:00:00,HSM.DSC.PMP01,cooling_descaling_pump,197.1414,198.1379,0.0515,1.06,398.6824,52.7096,0
2025-10-19 21:00:00,HSM.DSC.PMP01,cooling_descaling_pump,188.6276,197.6309,-0.5206,1.0965,401.8268,53.479,0
2025-10-19 22:00:00,HSM.DSC.PMP01,cooling_descaling_pump,149.2973,195.5197,-0.2919,0.9309,399.2695,47.7178,0
2025-10-19 23:00:00,HSM.DSC.PMP01,cooling_descaling_pump,164.3827,203.5222,-0.9703,1.2392,401.1239,61.534,0
2025-10-20 00:00:00,HSM.DSC.PMP01,cooling_descaling_pump,219.2288,207.4146,-0.7073,0.8451,399.4883,54.0287,0
2025-10-20 01:00:00,HSM.DSC.PMP01,cooling_descaling_pump,168.758,204.4555,-0.4192,0.8179,397.798,50.4687,0
2025-10-20 02:00:00,HSM.DSC.PMP01,cooling_descaling_pump,153.6698,204.611,0.2798,1.069,409.2595,61.714,0
2025-10-20 03:00:00,HSM.DSC.PMP01,cooling_descaling_pump,181.4861,205.3234,0.2555,0.6988,399.4725,44.0992,0
2025-10-20 04:00:00,HSM.DSC.PMP01,cooling_descaling_pump,213.1656,195.0467,0.0798,0.8084,404.6378,52.4922,0
2025-10-20 05:00:00,HSM.DSC.PMP01,cooling_descaling_pump,161.0047,200.6226,1.0903,0.9825,391.4249,56.0426,0
2025-10-20 06:00:00,HSM.DSC.PMP01,cooling_descaling_pump,181.5377,202.967,0.9152,1.0745,400.0643,53.1358,0
2025-10-20 07:00:00,HSM.DSC.PMP01,cooling_descaling_pump,169.2406,200.4902,-0.4051,1.3646,402.9871,67.4385,0
2025-10-20 08:00:00,HSM.DSC.PMP01,cooling_descaling_pump,187.6207,203.2377,0.7103,0.8824,405.6402,55.2047,0
2025-10-20 09:00:00,HSM.DSC.PMP01,cooling_descaling_pump,201.1677,200.2174,0.3147,0.8974,395.7553,54.198,0
2025-10-20 10:00:00,HSM.DSC.PMP01,cooling_descaling_pump,206.3254,201.0861,0.9208,1.1825,399.0691,50.3016,0
2025-10-20 11:00:00,HSM.DSC.PMP01,cooling_descaling_pump,187.008,200.985,-0.1167,1.0302,399.0657,58.7662,0
2025-10-20 12:00:00,HSM.DSC.PMP01,cooling_descaling_pump,177.1945,200.6292,1.1893,0.9618,396.8603,53.6561,0
2025-10-20 13:00:00,HSM.DSC.PMP01,cooling_descaling_pump,200.847,197.1675,-0.4054,0.9633,401.3948,56.0117,0
2025-10-20 14:00:00,HSM.DSC.PMP01,cooling_descaling_pump,175.6035,201.3252,-0.2744,1.0509,402.2961,49.2914,0
2025-10-20 15:00:00,HSM.DSC.PMP01,cooling_descaling_pump,137.8474,199.2249,0.7348,1.1854,401.8324,52.8777,0
2025-10-20 16:00:00,HSM.DSC.PMP01,cooling_descaling_pump,183.1944,199.4921,-0.1329,0.6961,405.5541,50.5416,0
2025-10-20 17:00:00,HSM.DSC.PMP01,cooling_descaling_pump,175.5365,201.946,1.0951,0.9825,398.7576,57.4483,0
2025-10-20 18:00:00,HSM.DSC.PMP01,cooling_descaling_pump,171.7672,198.9082,-0.2413,0.8566,400.0359,51.2932,0
2025-10-20 19:00:00,HSM.DSC.PMP01,cooling_descaling_pump,179.4394,204.6792,0.1423,0.8941,400.3218,58.8481,0
2025-10-20 20:00:00,HSM.DSC.PMP01,cooling_descaling_pump,225.9393,197.2351,0.3628,0.8947,401.7551,55.6669,0
2025-10-20 21:00:00,HSM.DSC.PMP01,cooling_descaling_pump,180.1853,205.1823,-1.6249,1.0693,398.1178,59.326,0
2025-10-20 22:00:00,HSM.DSC.PMP01,cooling_descaling_pump,182.1841,198.1521,-0.1054,0.8815,400.7904,59.6332,0
2025-10-20 23:00:00,HSM.DSC.PMP01,cooling_descaling_pump,191.8947,196.1094,-0.7483,0.9295,402.6525,55.1039,0
2025-10-21 00:00:00,HSM.DSC.PMP01,cooling_descaling_pump,187.9381,201.7618,1.0101,0.9312,402.2184,56.0403,0
2025-10-21 01:00:00,HSM.DSC.PMP01,cooling_descaling_pump,191.4396,201.6338,0.7481,1.0783,404.5513,60.4631,0
2025-10-21 02:00:00,HSM.DSC.PMP01,cooling_descaling_pump,181.7873,202.1289,0.5367,0.995,399.5222,50.867,0
2025-10-21 03:00:00,HSM.DSC.PMP01,cooling_descaling_pump,148.0527,207.0133,0.3602,1.1504,401.8254,62.0658,0
2025-10-21 04:00:00,HSM.DSC.PMP01,cooling_descaling_pump,165.6772,203.2849,-0.4062,1.066,403.5845,54.6768,0
2025-10-21 05:00:00,HSM.DSC.PMP01,cooling_descaling_pump,154.9955,200.2794,1.0348,1.0993,401.2868,56.1263,0
2025-10-21 06:00:00,HSM.DSC.PMP01,cooling_descaling_pump,151.1421,201.4,-0.5143,1.0345,400.0769,56.6762,0
2025-10-21 07:00:00,HSM.DSC.PMP01,cooling_descaling_pump,198.2938,199.89,-0.8224,0.9101,397.3351,52.3003,0
2025-10-21 08:00:00,HSM.DSC.PMP01,cooling_descaling_pump,226.4371,197.3807,0.0563,1.3685,399.9008,68.6981,0
2025-10-21 09:00:00,HSM.DSC.PMP01,cooling_descaling_pump,207.6324,197.3694,0.1808,0.9963,401.7582,56.8786,0
2025-10-21 10:00:00,HSM.DSC.PMP01,cooling_descaling_pump,208.4024,198.5794,0.0826,0.9804,399.9718,51.836,0
2025-10-21 11:00:00,HSM.DSC.PMP01,cooling_descaling_pump,170.975,200.5307,-0.276,0.9469,404.5084,50.8667,0
2025-10-21 12:00:00,HSM.DSC.PMP01,cooling_descaling_pump,166.0406,200.3921,0.4154,1.1421,397.8509,58.7447,0
2025-10-21 13:00:00,HSM.DSC.PMP01,cooling_descaling_pump,190.8962,198.7881,-0.3002,0.9257,403.4055,49.968,0
2025-10-21 14:00:00,HSM.DSC.PMP01,cooling_descaling_pump,194.6324,203.5925,-0.1394,0.8028,400.8583,59.126,0
2025-10-21 15:00:00,HSM.DSC.PMP01,cooling_descaling_pump,194.9518,200.2524,0.0615,1.2232,394.9432,63.4007,0
2025-10-21 16:00:00,HSM.DSC.PMP01,cooling_descaling_pump,180.5346,196.8552,0.0022,1.0704,394.16,56.4768,0
2025-10-21 17:00:00,HSM.DSC.PMP01,cooling_descaling_pump,169.2308,196.6933,-0.1221,1.0577,393.099,55.9833,0
2025-10-21 18:00:00,HSM.DSC.PMP01,cooling_descaling_pump,216.4815,202.6903,0.1239,0.9103,399.1707,51.3935,0
2025-10-21 19:00:00,HSM.DSC.PMP01,cooling_descaling_pump,216.0098,197.4624,-0.0323,0.7335,405.1158,47.2875,0
2025-10-21 20:00:00,HSM.DSC.PMP01,cooling_descaling_pump,211.3764,198.3616,-1.4934,1.0986,395.0348,56.7999,0
2025-10-21 21:00:00,HSM.DSC.PMP01,cooling_descaling_pump,172.8664,204.7399,-0.0732,0.9436,397.9166,47.7968,0
2025-10-21 22:00:00,HSM.DSC.PMP01,cooling_descaling_pump,132.9813,203.6664,-0.2546,1.0346,400.2946,46.9677,0
2025-10-21 23:00:00,HSM.DSC.PMP01,cooling_descaling_pump,164.7853,202.9654,1.5077,1.043,399.115,44.9523,0
2025-10-22 00:00:00,HSM.DSC.PMP01,cooling_descaling_pump,226.1905,202.2985,-0.1911,0.9481,403.1813,58.6983,0
2025-10-22 01:00:00,HSM.DSC.PMP01,cooling_descaling_pump,150.2267,206.0963,-0.8544,0.9853,398.3353,47.801,0
2025-10-22 02:00:00,HSM.DSC.PMP01,cooling_descaling_pump,192.5413,200.5303,-1.3599,0.8506,391.1976,54.9243,0
2025-10-22 03:00:00,HSM.DSC.PMP01,cooling_descaling_pump,193.4716,198.698,-0.3344,0.8631,402.2003,58.6162,0
2025-10-22 04:00:00,HSM.DSC.PMP01,cooling_descaling_pump,172.4652,202.7457,0.2143,1.0357,401.0365,55.5779,0
2025-10-22 05:00:00,HSM.DSC.PMP01,cooling_descaling_pump,130.3257,201.8419,-0.2562,0.6633,401.375,41.7626,0
2025-10-22 06:00:00,HSM.DSC.PMP01,cooling_descaling_pump,178.7913,202.2438,-0.233,0.9581,393.444,60.2889,0
2025-10-22 07:00:00,HSM.DSC.PMP01,cooling_descaling_pump,214.1936,200.8179,0.5755,0.7977,402.0082,49.1197,0
2025-10-22 08:00:00,HSM.DSC.PMP01,cooling_descaling_pump,177.8634,200.1205,0.252,0.8808,406.153,56.8928,0
2025-10-22 09:00:00,HSM.DSC.PMP01,cooling_descaling_pump,193.8163,197.1701,0.3038,1.1074,397.5654,58.9086,0
2025-10-22 10:00:00,HSM.DSC.PMP01,cooling_descaling_pump,183.7058,194.3144,1.3455,1.1722,406.5699,58.5144,0
2025-10-22 11:00:00,HSM.DSC.PMP01,cooling_descaling_pump,195.3432,197.2316,0.0821,0.8463,405.6214,55.1067,0
2025-10-22 12:00:00,HSM.DSC.PMP01,cooling_descaling_pump,194.9692,202.8574,0.2488,0.911,395.5688,49.3049,0
2025-10-22 13:00:00,HSM.DSC.PMP01,cooling_descaling_pump,190.8999,200.3205,-0.6098,0.9046,401.7233,54.0271,0
2025-10-22 14:00:00,HSM.DSC.PMP01,cooling_descaling_pump,204.1347,203.8766,0.3372,0.6997,399.7827,45.3117,0
2025-10-22 15:00:00,HSM.DSC.PMP01,cooling_descaling_pump,221.4789,198.3088,-0.3236,1.0705,397.4237,54.3264,0
2025-10-22 16:00:00,HSM.DSC.PMP01,cooling_descaling_pump,166.2503,198.4052,0.2949,0.6784,396.476,45.8971,0
2025-10-22 17:00:00,HSM.DSC.PMP01,cooling_descaling_pump,212.438,200.7308,0.2588,0.8049,400.1108,58.4397,0
2025-10-22 18:00:00,HSM.DSC.PMP01,cooling_descaling_pump,196.3379,205.7652,-0.2911,0.8985,401.3764,55.4298,0
2025-10-22 19:00:00,HSM.DSC.PMP01,cooling_descaling_pump,198.2806,205.2334,-1.2572,0.9286,404.9267,56.5159,0
2025-10-22 20:00:00,HSM.DSC.PMP01,cooling_descaling_pump,173.3333,199.0316,0.8474,0.8901,402.2765,57.3237,0
2025-10-22 21:00:00,HSM.DSC.PMP01,cooling_descaling_pump,203.59,198.33,0.9238,0.9268,399.2441,49.9294,0
2025-10-22 22:00:00,HSM.DSC.PMP01,cooling_descaling_pump,161.0585,200.8428,-0.2608,1.0356,394.7175,50.4236,0
2025-10-22 23:00:00,HSM.DSC.PMP01,cooling_descaling_pump,182.8979,204.6335,-0.0676,1.104,404.6866,65.5806,0
2025-10-23 00:00:00,HSM.DSC.PMP01,cooling_descaling_pump,152.8955,198.5544,-0.2989,0.9763,404.3691,52.6888,0
2025-10-23 01:00:00,HSM.DSC.PMP01,cooling_descaling_pump,160.8815,208.6574,-0.3094,0.8794,405.5653,59.9641,0
2025-10-23 02:00:00,HSM.DSC.PMP01,cooling_descaling_pump,222.8241,200.4266,-0.9858,1.0638,397.7229,54.2855,0
2025-10-23 03:00:00,HSM.DSC.PMP01,cooling_descaling_pump,184.7353,196.3602,-0.1158,0.9741,401.5285,53.4844,0
2025-10-23 04:00:00,HSM.DSC.PMP01,cooling_descaling_pump,224.8093,194.7866,-0.9643,1.0689,393.7262,56.1672,0
2025-10-23 05:00:00,HSM.DSC.PMP01,cooling_descaling_pump,177.5018,199.1885,-0.931,0.9519,398.6383,57.84,0
2025-10-23 06:00:00,HSM.DSC.PMP01,cooling_descaling_pump,208.1085,196.7842,0.3121,1.2749,395.2327,66.8803,0
2025-10-23 07:00:00,HSM.DSC.PMP01,cooling_descaling_pump,194.8042,200.6805,0.3544,1.1565,399.1399,56.7233,0
2025-10-23 08:00:00,HSM.DSC.PMP01,cooling_descaling_pump,206.2433,197.9397,0.3695,0.9103,404.3972,59.9266,0
2025-10-23 09:00:00,HSM.DSC.PMP01,cooling_descaling_pump,222.8279,203.0204,0.4419,0.8081,401.2839,47.9026,0
2025-10-23 10:00:00,HSM.DSC.PMP01,cooling_descaling_pump,190.7365,202.2356,1.6621,0.6491,397.6211,50.5354,0
2025-10-23 11:00:00,HSM.DSC.PMP01,cooling_descaling_pump,176.6142,202.818,-0.2779,0.8284,405.6134,50.2036,0
2025-10-23 12:00:00,HSM.DSC.PMP01,cooling_descaling_pump,204.0627,203.647,-0.9172,0.8002,392.4169,52.9027,0
2025-10-23 13:00:00,HSM.DSC.PMP01,cooling_descaling_pump,199.9709,195.5827,0.2281,1.0609,411.3946,52.3887,0
2025-10-23 14:00:00,HSM.DSC.PMP01,cooling_descaling_pump,192.09,203.2558,0.641,0.7472,397.9357,45.9048,0
2025-10-23 15:00:00,HSM.DSC.PMP01,cooling_descaling_pump,161.2299,202.2631,-0.1335,0.811,397.1059,46.1191,0
2025-10-23 16:00:00,HSM.DSC.PMP01,cooling_descaling_pump,150.6785,197.1097,0.9069,1.1195,397.2281,51.5726,0
2025-10-23 17:00:00,HSM.DSC.PMP01,cooling_descaling_pump,179.9566,194.6285,0.5485,1.0878,398.967,55.4381,0
2025-10-23 18:00:00,HSM.DSC.PMP01,cooling_descaling_pump,208.3076,201.1487,-0.6093,0.9515,400.3112,55.9852,0
2025-10-23 19:00:00,HSM.DSC.PMP01,cooling_descaling_pump,199.5645,200.4961,0.0943,1.1687,393.8287,59.7166,0
2025-10-23 20:00:00,HSM.DSC.PMP01,cooling_descaling_pump,168.1823,202.6485,0.0988,1.0552,403.1638,55.2171,0
2025-10-23 21:00:00,HSM.DSC.PMP01,cooling_descaling_pump,209.9305,197.3553,-0.5064,0.9737,400.5541,54.96,0
2025-10-23 22:00:00,HSM.DSC.PMP01,cooling_descaling_pump,206.3126,200.8267,-0.3578,1.2535,403.3551,60.0158,0
2025-10-23 23:00:00,HSM.DSC.PMP01,cooling_descaling_pump,166.0788,196.0183,-0.4082,1.2456,393.4192,60.0413,0
2025-10-24 00:00:00,HSM.DSC.PMP01,cooling_descaling_pump,156.5936,202.4152,-0.5641,1.1897,397.0651,46.4615,0
2025-10-24 01:00:00,HSM.DSC.PMP01,cooling_descaling_pump,164.847,204.7575,0.5989,0.724,405.9193,52.5099,0
2025-10-24 02:00:00,HSM.DSC.PMP01,cooling_descaling_pump,173.7918,197.4055,-0.5941,1.0289,404.2556,52.8443,0
2025-10-24 03:00:00,HSM.DSC.PMP01,cooling_descaling_pump,208.677,202.8789,-0.628,0.9744,399.3652,54.3673,0
2025-10-24 04:00:00,HSM.DSC.PMP01,cooling_descaling_pump,211.428,197.5741,-0.0453,1.0187,396.3909,53.7324,0
2025-10-24 05:00:00,HSM.DSC.PMP01,cooling_descaling_pump,206.1936,196.5183,-1.475,0.756,404.2298,49.1884,0
2025-10-24 06:00:00,HSM.DSC.PMP01,cooling_descaling_pump,180.618,198.299,-0.7728,0.8043,400.1988,48.5385,0
2025-10-24 07:00:00,HSM.DSC.PMP01,cooling_descaling_pump,176.2064,199.9572,-0.6092,0.8092,398.4581,52.1559,0
2025-10-24 08:00:00,HSM.DSC.PMP01,cooling_descaling_pump,221.9781,196.8382,-0.2883,1.1002,396.7566,57.1858,0
2025-10-24 09:00:00,HSM.DSC.PMP01,cooling_descaling_pump,177.793,198.9348,0.2252,0.8541,398.3464,50.5525,0
2025-10-24 10:00:00,HSM.DSC.PMP01,cooling_descaling_pump,179.3898,198.3133,0.378,0.6621,404.0888,46.2374,0
2025-10-24 11:00:00,HSM.DSC.PMP01,cooling_descaling_pump,172.9089,196.627,0.4194,1.0774,403.6775,58.9402,0
2025-10-24 12:00:00,HSM.DSC.PMP01,cooling_descaling_pump,149.222,193.6082,-0.3262,1.3993,396.3891,64.2598,0
2025-10-24 13:00:00,HSM.DSC.PMP01,cooling_descaling_pump,227.7786,195.2097,-0.1514,1.0045,402.7973,56.8976,0
2025-10-24 14:00:00,HSM.DSC.PMP01,cooling_descaling_pump,204.746,197.7528,0.107,0.7039,397.9571,42.3787,0
2025-10-24 15:00:00,HSM.DSC.PMP01,cooling_descaling_pump,186.6715,200.4866,-0.6311,1.0684,402.1248,58.3504,0
2025-10-24 16:00:00,HSM.DSC.PMP01,cooling_descaling_pump,191.7349,201.1998,0.8491,0.919,399.9852,54.8001,0
2025-10-24 17:00:00,HSM.DSC.PMP01,cooling_descaling_pump,215.5097,201.1668,1.2858,1.0346,396.1425,52.0239,0
2025-10-24 18:00:00,HSM.DSC.PMP01,cooling_descaling_pump,198.427,195.5526,0.5058,0.825,405.5263,50.0725,0
2025-10-24 19:00:00,HSM.DSC.PMP01,cooling_descaling_pump,213.393,200.2088,-0.3818,0.9248,404.2878,53.2579,0
2025-10-24 20:00:00,HSM.DSC.PMP01,cooling_descaling_pump,181.6598,198.052,-0.1421,1.0359,400.2212,50.9615,0
2025-10-24 21:00:00,HSM.DSC.PMP01,cooling_descaling_pump,194.1828,210.8985,0.5486,0.8844,405.153,57.2369,0
2025-10-24 22:00:00,HSM.DSC.PMP01,cooling_descaling_pump,190.9486,196.9504,0.9172,1.032,403.0104,54.8266,0
2025-10-24 23:00:00,HSM.DSC.PMP01,cooling_descaling_pump,200.3355,201.4525,-0.175,0.8456,401.7684,58.1477,0
2025-10-25 00:00:00,HSM.DSC.PMP01,cooling_descaling_pump,174.7368,206.6993,-1.1401,0.6965,401.6214,55.1483,0
2025-10-25 01:00:00,HSM.DSC.PMP01,cooling_descaling_pump,234.1463,197.89,-0.1244,0.8674,393.8879,61.5844,0
2025-10-25 02:00:00,HSM.DSC.PMP01,cooling_descaling_pump,157.1448,200.9416,0.947,1.0487,404.6715,58.618,0
2025-10-25 03:00:00,HSM.DSC.PMP01,cooling_descaling_pump,133.0423,206.7555,0.8079,1.0093,402.9977,58.2557,0
2025-10-25 04:00:00,HSM.DSC.PMP01,cooling_descaling_pump,148.6806,194.7897,-1.5983,1.1345,398.8891,52.9064,0
2025-10-25 05:00:00,HSM.DSC.PMP01,cooling_descaling_pump,195.1343,198.0906,0.8002,0.9902,403.94,59.0272,0
2025-10-25 06:00:00,HSM.DSC.PMP01,cooling_descaling_pump,196.1767,201.6106,-0.4198,1.3222,397.4385,59.5493,0
2025-10-25 07:00:00,HSM.DSC.PMP01,cooling_descaling_pump,121.162,198.3974,0.9399,1.2673,390.8709,66.7363,0
2025-10-25 08:00:00,HSM.DSC.PMP01,cooling_descaling_pump,178.6708,197.7516,0.1916,0.9892,406.0253,52.4652,0
2025-10-25 09:00:00,HSM.DSC.PMP01,cooling_descaling_pump,157.9022,195.269,-0.5541,1.0606,407.1155,58.8847,0
2025-10-25 10:00:00,HSM.DSC.PMP01,cooling_descaling_pump,212.7034,199.172,-0.21,0.7417,407.9453,49.6538,0
2025-10-25 11:00:00,HSM.DSC.PMP01,cooling_descaling_pump,188.8033,200.2567,-0.896,0.8032,405.614,53.1961,0
2025-10-25 12:00:00,HSM.DSC.PMP01,cooling_descaling_pump,179.8799,199.3863,0.6625,0.8876,398.6499,59.1555,0
2025-10-25 13:00:00,HSM.DSC.PMP01,cooling_descaling_pump,201.8186,196.3791,-0.3195,0.8913,394.5772,46.3477,0
2025-10-25 14:00:00,HSM.DSC.PMP01,cooling_descaling_pump,156.9786,198.2314,-0.2802,1.0006,407.0673,48.8049,0
2025-10-25 15:00:00,HSM.DSC.PMP01,cooling_descaling_pump,179.0328,197.7128,0.377,1.0295,404.8856,54.8596,0
2025-10-25 16:00:00,HSM.DSC.PMP01,cooling_descaling_pump,189.1433,197.5735,-0.5917,1.1035,397.1341,53.0211,0
2025-10-25 17:00:00,HSM.DSC.PMP01,cooling_descaling_pump,190.3047,201.3671,-1.2689,0.8981,398.6545,47.3745,0
2025-10-25 18:00:00,HSM.DSC.PMP01,cooling_descaling_pump,200.684,205.7606,-0.1012,0.6913,404.6125,45.1303,0
2025-10-25 19:00:00,HSM.DSC.PMP01,cooling_descaling_pump,195.9295,199.3218,0.2011,1.1136,402.7531,48.8119,0
2025-10-25 20:00:00,HSM.DSC.PMP01,cooling_descaling_pump,195.9362,196.0704,0.4522,1.1541,403.5223,63.8982,0
2025-10-25 21:00:00,HSM.DSC.PMP01,cooling_descaling_pump,201.943,204.6246,-1.3056,0.7993,402.0914,49.1252,0
2025-10-25 22:00:00,HSM.DSC.PMP01,cooling_descaling_pump,214.3475,199.9482,0.4429,0.9638,395.3768,58.2451,0
2025-10-25 23:00:00,HSM.DSC.PMP01,cooling_descaling_pump,175.4413,200.5341,1.1678,1.2984,398.4565,62.4095,0
2025-10-26 00:00:00,HSM.DSC.PMP01,cooling_descaling_pump,195.5822,194.4974,0.9448,1.0937,397.5848,52.973,0
2025-10-26 01:00:00,HSM.DSC.PMP01,cooling_descaling_pump,183.9418,201.8181,-0.8592,1.1871,394.1499,56.8333,0
2025-10-26 02:00:00,HSM.DSC.PMP01,cooling_descaling_pump,193.7313,195.4949,-1.3153,1.0435,395.7904,52.6759,0
2025-10-26 03:00:00,HSM.DSC.PMP01,cooling_descaling_pump,184.4798,200.458,-0.5831,1.1832,398.9171,56.5519,0
2025-10-26 04:00:00,HSM.DSC.PMP01,cooling_descaling_pump,216.7435,203.1529,1.3577,0.8524,401.4912,57.958,0
2025-10-26 05:00:00,HSM.DSC.PMP01,cooling_descaling_pump,160.4967,200.4097,0.177,0.7982,405.8573,56.7006,0
2025-10-26 06:00:00,HSM.DSC.PMP01,cooling_descaling_pump,172.6692,197.6759,1.0109,0.888,404.4859,48.9044,0
2025-10-26 07:00:00,HSM.DSC.PMP01,cooling_descaling_pump,197.7011,196.6477,0.0754,0.9771,401.0277,49.8364,0
2025-10-26 08:00:00,HSM.DSC.PMP01,cooling_descaling_pump,192.8562,195.1706,-1.0023,1.0997,393.6996,52.5919,0
2025-10-26 09:00:00,HSM.DSC.PMP01,cooling_descaling_pump,228.6477,205.8394,-0.3821,0.7911,395.1056,48.1565,0
2025-10-26 10:00:00,HSM.DSC.PMP01,cooling_descaling_pump,167.0571,189.4271,-0.7439,1.2802,399.238,61.4215,0
2025-10-26 11:00:00,HSM.DSC.PMP01,cooling_descaling_pump,152.1402,204.9382,-0.8352,1.295,391.3573,58.1208,0
2025-10-26 12:00:00,HSM.DSC.PMP01,cooling_descaling_pump,155.4291,196.6015,0.0602,1.3102,401.3138,59.6899,0
2025-10-26 13:00:00,HSM.DSC.PMP01,cooling_descaling_pump,167.626,198.3132,-0.4413,1.1541,401.2026,53.3858,0
2025-10-26 14:00:00,HSM.DSC.PMP01,cooling_descaling_pump,150.3526,201.0736,0.5649,0.9165,397.378,47.9421,0
2025-10-26 15:00:00,HSM.DSC.PMP01,cooling_descaling_pump,203.3357,193.1348,-0.0049,0.9235,398.1295,46.2019,0
2025-10-26 16:00:00,HSM.DSC.PMP01,cooling_descaling_pump,178.191,201.4373,0.44,1.1328,397.4362,58.0546,0
2025-10-26 17:00:00,HSM.DSC.PMP01,cooling_descaling_pump,167.0109,190.4831,-0.6132,1.1037,399.0063,51.8777,0
2025-10-26 18:00:00,HSM.DSC.PMP01,cooling_descaling_pump,180.4378,206.0889,1.0862,0.7538,399.7339,59.5907,0
2025-10-26 19:00:00,HSM.DSC.PMP01,cooling_descaling_pump,202.3649,201.6845,-0.3694,1.0097,400.5463,53.2107,0
2025-10-26 20:00:00,HSM.DSC.PMP01,cooling_descaling_pump,169.4594,200.901,-0.5031,1.0662,408.0787,51.6335,0
2025-10-26 21:00:00,HSM.DSC.PMP01,cooling_descaling_pump,173.6547,203.746,0.4569,1.1476,402.9235,57.8838,0
2025-10-26 22:00:00,HSM.DSC.PMP01,cooling_descaling_pump,192.6781,198.8058,-0.5099,1.0766,397.7897,56.8242,0
2025-10-26 23:00:00,HSM.DSC.PMP01,cooling_descaling_pump,191.7731,195.0893,-0.173,0.9515,404.6329,58.9571,0
2025-10-27 00:00:00,HSM.DSC.PMP01,cooling_descaling_pump,177.6952,197.8845,0.237,0.931,402.1793,53.429,0
2025-10-27 01:00:00,HSM.DSC.PMP01,cooling_descaling_pump,184.7147,198.3374,-0.2444,0.8311,399.8545,50.795,0
2025-10-27 02:00:00,HSM.DSC.PMP01,cooling_descaling_pump,158.0861,203.5652,-0.3115,0.8427,400.8761,53.0398,0
2025-10-27 03:00:00,HSM.DSC.PMP01,cooling_descaling_pump,209.8602,207.7469,-0.217,1.1658,394.5768,69.5071,0
2025-10-27 04:00:00,HSM.DSC.PMP01,cooling_descaling_pump,231.6231,202.0024,-0.3328,0.811,391.7756,52.466,0
2025-10-27 05:00:00,HSM.DSC.PMP01,cooling_descaling_pump,166.6991,199.8231,-0.1484,0.8455,400.8733,52.7992,0
2025-10-27 06:00:00,HSM.DSC.PMP01,cooling_descaling_pump,164.255,198.1141,-0.245,1.1843,395.9302,60.892,0
2025-10-27 07:00:00,HSM.DSC.PMP01,cooling_descaling_pump,205.019,201.8999,0.6822,0.8303,399.485,53.5323,0
2025-10-27 08:00:00,HSM.DSC.PMP01,cooling_descaling_pump,203.4682,194.7646,0.7796,0.9687,400.2682,54.5778,0
2025-10-27 09:00:00,HSM.DSC.PMP01,cooling_descaling_pump,153.8339,202.8267,0.1409,0.9172,401.4373,46.7533,0
2025-10-27 10:00:00,HSM.DSC.PMP01,cooling_descaling_pump,195.9482,199.2297,1.4403,0.9217,398.493,50.4961,0
2025-10-27 11:00:00,HSM.DSC.PMP01,cooling_descaling_pump,193.49,197.384,-0.4215,0.991,402.1773,55.9563,0
2025-10-27 12:00:00,HSM.DSC.PMP01,cooling_descaling_pump,194.9779,196.6498,0.1028,1.0924,397.7747,57.8755,0
2025-10-27 13:00:00,HSM.DSC.PMP01,cooling_descaling_pump,184.2776,198.4419,0.138,0.9493,399.2032,50.864,0
2025-10-27 14:00:00,HSM.DSC.PMP01,cooling_descaling_pump,194.3106,200.7204,0.8459,1.0409,399.8405,60.4187,0
2025-10-27 15:00:00,HSM.DSC.PMP01,cooling_descaling_pump,170.7803,198.8765,-0.5745,1.352,399.6431,61.4215,0
2025-10-27 16:00:00,HSM.DSC.PMP01,cooling_descaling_pump,199.6849,197.6002,1.0423,0.7794,402.7211,47.5391,0
2025-10-27 17:00:00,HSM.DSC.PMP01,cooling_descaling_pump,195.742,199.2875,0.7005,0.9907,402.6211,60.8717,0
2025-10-27 18:00:00,HSM.DSC.PMP01,cooling_descaling_pump,187.7811,193.0497,-0.6948,0.9838,402.0536,51.1149,0
2025-10-27 19:00:00,HSM.DSC.PMP01,cooling_descaling_pump,157.4033,199.4815,-0.2029,0.9693,405.3214,51.8904,0
2025-10-27 20:00:00,HSM.DSC.PMP01,cooling_descaling_pump,175.8759,199.087,0.1804,1.2618,396.2417,58.1032,0
2025-10-27 21:00:00,HSM.DSC.PMP01,cooling_descaling_pump,216.066,206.0106,0.8385,1.085,400.7061,57.8093,0
2025-10-27 22:00:00,HSM.DSC.PMP01,cooling_descaling_pump,179.0743,198.7836,-0.5943,0.8441,403.3731,60.6191,0
2025-10-27 23:00:00,HSM.DSC.PMP01,cooling_descaling_pump,188.9452,199.0605,0.2567,0.7185,411.6042,48.1968,0
2025-10-28 00:00:00,HSM.DSC.PMP01,cooling_descaling_pump,180.3297,199.3596,-0.143,0.9515,406.1853,55.1009,0
2025-10-28 01:00:00,HSM.DSC.PMP01,cooling_descaling_pump,162.924,199.6236,-0.2645,1.0215,397.6463,57.1047,0
2025-10-28 02:00:00,HSM.DSC.PMP01,cooling_descaling_pump,223.9038,202.3692,-0.6326,0.6282,402.2031,44.9208,0
2025-10-28 03:00:00,HSM.DSC.PMP01,cooling_descaling_pump,230.9096,206.3252,0.6188,0.9055,398.6856,54.1098,0
2025-10-28 04:00:00,HSM.DSC.PMP01,cooling_descaling_pump,172.7859,198.9091,-0.032,0.7786,400.8433,52.942,0
2025-10-28 05:00:00,HSM.DSC.PMP01,cooling_descaling_pump,191.7987,201.967,0.0307,1.1145,403.6077,67.2918,0
2025-10-28 06:00:00,HSM.DSC.PMP01,cooling_descaling_pump,200.0056,201.8741,-0.3247,1.0613,401.8678,53.0483,0
2025-10-28 07:00:00,HSM.DSC.PMP01,cooling_descaling_pump,189.1343,198.502,-0.6018,1.0424,393.8401,56.4057,0
2025-10-28 08:00:00,HSM.DSC.PMP01,cooling_descaling_pump,217.3553,199.8609,0.1553,1.0142,400.7484,58.0158,0
2025-10-28 09:00:00,HSM.DSC.PMP01,cooling_descaling_pump,184.9697,198.3581,-1.7921,0.9869,397.3897,61.8252,0
2025-10-28 10:00:00,HSM.DSC.PMP01,cooling_descaling_pump,190.9387,200.458,-0.4264,1.0791,398.8758,58.8672,0
2025-10-28 11:00:00,HSM.DSC.PMP01,cooling_descaling_pump,156.3698,196.5899,0.2457,1.1326,395.1416,55.4865,0
2025-10-28 12:00:00,HSM.DSC.PMP01,cooling_descaling_pump,213.4137,201.4378,-0.3457,1.12,403.0365,57.557,0
2025-10-28 13:00:00,HSM.DSC.PMP01,cooling_descaling_pump,211.9158,200.7208,-0.7792,0.7717,399.7498,47.477,0
2025-10-28 14:00:00,HSM.DSC.PMP01,cooling_descaling_pump,158.0777,201.2202,0.9467,1.2431,397.7353,52.4366,0
2025-10-28 15:00:00,HSM.DSC.PMP01,cooling_descaling_pump,171.72,201.3601,-1.4729,1.1271,402.4615,61.1097,0
2025-10-28 16:00:00,HSM.DSC.PMP01,cooling_descaling_pump,177.5057,196.5621,0.2689,0.8246,399.9456,43.5655,0
2025-10-28 17:00:00,HSM.DSC.PMP01,cooling_descaling_pump,173.6231,200.4029,0.6029,1.1651,394.6139,52.1972,0
2025-10-28 18:00:00,HSM.DSC.PMP01,cooling_descaling_pump,178.2625,198.4155,0.0857,0.751,404.42,47.9245,0
2025-10-28 19:00:00,HSM.DSC.PMP01,cooling_descaling_pump,212.1681,196.6908,-0.1407,0.8809,401.7729,52.3689,0
2025-10-28 20:00:00,HSM.DSC.PMP01,cooling_descaling_pump,184.5962,194.566,-0.8476,0.9592,405.0934,54.2266,0
2025-10-28 21:00:00,HSM.DSC.PMP01,cooling_descaling_pump,197.6063,199.5025,0.3016,1.0966,390.9127,52.9442,0
2025-10-28 22:00:00,HSM.DSC.PMP01,cooling_descaling_pump,207.6138,200.546,-0.4988,0.969,401.0614,59.0452,0
2025-10-28 23:00:00,HSM.DSC.PMP01,cooling_descaling_pump,204.1116,202.7213,-0.0791,0.7564,401.6879,54.1607,0
2025-10-29 00:00:00,HSM.DSC.PMP01,cooling_descaling_pump,170.7143,202.2142,0.1803,1.0581,396.5721,55.8692,0
2025-10-29 01:00:00,HSM.DSC.PMP01,cooling_descaling_pump,178.286,197.0792,0.5637,1.0719,404.2437,61.5862,0
2025-10-29 02:00:00,HSM.DSC.PMP01,cooling_descaling_pump,184.282,198.9696,0.5544,0.7108,397.028,49.3446,0
2025-10-29 03:00:00,HSM.DSC.PMP01,cooling_descaling_pump,172.2296,198.1853,0.5468,1.0106,396.6312,57.0682,0
2025-10-29 04:00:00,HSM.DSC.PMP01,cooling_descaling_pump,227.709,203.2567,0.8888,0.5155,399.6428,49.6423,0
2025-10-29 05:00:00,HSM.DSC.PMP01,cooling_descaling_pump,195.1554,202.0453,1.2619,0.7853,396.9735,57.8769,0
2025-10-29 06:00:00,HSM.DSC.PMP01,cooling_descaling_pump,158.6603,204.1271,-0.2732,0.957,404.2074,59.7196,0
2025-10-29 07:00:00,HSM.DSC.PMP01,cooling_descaling_pump,152.869,201.7473,-0.268,0.8437,404.0094,61.9006,0
2025-10-29 08:00:00,HSM.DSC.PMP01,cooling_descaling_pump,216.6576,197.2725,-0.4179,1.1215,391.1304,59.152,0
2025-10-29 09:00:00,HSM.DSC.PMP01,cooling_descaling_pump,203.835,201.5883,-0.253,0.945,392.27,55.7464,0
2025-10-29 10:00:00,HSM.DSC.PMP01,cooling_descaling_pump,219.6654,201.1733,0.8053,1.0208,397.4101,61.2513,0
2025-10-29 11:00:00,HSM.DSC.PMP01,cooling_descaling_pump,180.157,201.6707,1.4445,1.0942,401.7277,58.0003,0
2025-10-29 12:00:00,HSM.DSC.PMP01,cooling_descaling_pump,161.7652,200.6304,-0.4022,1.2307,401.7358,54.6237,0
2025-10-29 13:00:00,HSM.DSC.PMP01,cooling_descaling_pump,208.5285,197.8439,0.5551,0.8975,396.6927,47.8142,0
2025-10-29 14:00:00,HSM.DSC.PMP01,cooling_descaling_pump,194.0658,199.1088,1.1415,0.8111,398.6,53.245,0
2025-10-29 15:00:00,HSM.DSC.PMP01,cooling_descaling_pump,202.9002,199.959,-0.4814,0.8494,395.8035,47.8952,0
2025-10-29 16:00:00,HSM.DSC.PMP01,cooling_descaling_pump,163.3651,202.781,-0.0311,0.9314,398.4181,52.2172,0
2025-10-29 17:00:00,HSM.DSC.PMP01,cooling_descaling_pump,196.4072,197.4583,-0.0687,0.8649,401.8922,52.1109,0
2025-10-29 18:00:00,HSM.DSC.PMP01,cooling_descaling_pump,137.922,193.4014,0.8444,0.909,405.0894,42.0094,0
2025-10-29 19:00:00,HSM.DSC.PMP01,cooling_descaling_pump,163.4601,196.4973,0.2512,0.9822,398.7984,48.5279,0
2025-10-29 20:00:00,HSM.DSC.PMP01,cooling_descaling_pump,197.5923,194.2835,-1.1267,1.2665,396.3268,54.0759,0
2025-10-29 21:00:00,HSM.DSC.PMP01,cooling_descaling_pump,180.0324,204.1451,-0.3186,0.952,397.6713,47.8028,0
2025-10-29 22:00:00,HSM.DSC.PMP01,cooling_descaling_pump,191.0859,191.4118,-0.0576,0.8679,405.8183,50.2578,0
2025-10-29 23:00:00,HSM.DSC.PMP01,cooling_descaling_pump,173.2441,196.196,-0.5198,0.886,403.9797,56.9709,0
2025-10-30 00:00:00,HSM.DSC.PMP01,cooling_descaling_pump,185.9445,202.9955,-0.7539,0.7758,403.4848,51.7805,0
2025-10-30 01:00:00,HSM.DSC.PMP01,cooling_descaling_pump,177.7923,199.9497,-0.2818,0.8062,403.1633,47.7941,0
2025-10-30 02:00:00,HSM.DSC.PMP01,cooling_descaling_pump,160.6722,201.7165,0.3949,0.9085,402.3638,53.2502,0
2025-10-30 03:00:00,HSM.DSC.PMP01,cooling_descaling_pump,183.5339,204.7013,1.448,0.6383,401.4721,44.8566,0
2025-10-30 04:00:00,HSM.DSC.PMP01,cooling_descaling_pump,188.2641,207.6209,0.1076,0.6682,396.8786,48.0374,0
2025-10-30 05:00:00,HSM.DSC.PMP01,cooling_descaling_pump,197.6504,206.5269,0.5949,0.8541,396.2811,59.6493,0
2025-10-30 06:00:00,HSM.DSC.PMP01,cooling_descaling_pump,173.4577,193.1477,-0.4738,1.0308,405.3687,56.1057,0
2025-10-30 07:00:00,HSM.DSC.PMP01,cooling_descaling_pump,197.0067,199.2235,-0.3893,0.7663,399.8188,52.2181,0
2025-10-30 08:00:00,HSM.DSC.PMP01,cooling_descaling_pump,196.3178,197.2888,0.0212,0.8947,406.1075,55.0765,0
2025-10-30 09:00:00,HSM.DSC.PMP01,cooling_descaling_pump,162.3466,199.3657,0.6469,1.1587,399.7942,63.8086,0
2025-10-30 10:00:00,HSM.DSC.PMP01,cooling_descaling_pump,210.3987,200.7983,0.3112,0.882,402.6492,55.07,0
2025-10-30 11:00:00,HSM.DSC.PMP01,cooling_descaling_pump,201.0907,201.0167,-1.1989,1.204,398.1502,64.2605,0
2025-10-30 12:00:00,HSM.DSC.PMP01,cooling_descaling_pump,192.6476,198.9307,0.2955,0.9968,399.8225,57.3673,0
2025-10-30 13:00:00,HSM.DSC.PMP01,cooling_descaling_pump,218.5512,200.1619,-0.6257,0.8941,405.7259,56.8576,0
2025-10-30 14:00:00,HSM.DSC.PMP01,cooling_descaling_pump,164.5279,200.9419,-0.2471,0.7863,407.266,53.4529,0
2025-10-30 15:00:00,HSM.DSC.PMP01,cooling_descaling_pump,177.5465,193.578,-0.1376,0.7564,408.1909,55.2212,0
2025-10-30 16:00:00,HSM.DSC.PMP01,cooling_descaling_pump,143.4218,198.4856,-0.2608,1.213,398.8165,52.1911,0
2025-10-30 17:00:00,HSM.DSC.PMP01,cooling_descaling_pump,176.5937,198.6834,-0.1066,1.1982,396.875,55.1953,0
2025-10-30 18:00:00,HSM.DSC.PMP01,cooling_descaling_pump,200.9462,192.5264,0.3276,1.0362,401.4454,50.1139,0
2025-10-30 19:00:00,HSM.DSC.PMP01,cooling_descaling_pump,195.8872,205.8873,1.1154,0.9358,400.3598,52.2666,0
2025-10-30 20:00:00,HSM.DSC.PMP01,cooling_descaling_pump,212.3548,205.9012,1.736,0.8204,399.5718,53.9037,0
2025-10-30 21:00:00,HSM.DSC.PMP01,cooling_descaling_pump,207.0021,203.0973,0.5733,1.0389,410.2724,60.5924,0
2025-10-30 22:00:00,HSM.DSC.PMP01,cooling_descaling_pump,175.1374,199.4058,0.0962,0.8299,398.7253,43.6307,0
2025-10-30 23:00:00,HSM.DSC.PMP01,cooling_descaling_pump,185.4479,200.6463,-0.7019,0.8986,395.5799,51.8658,0
2025-10-31 00:00:00,HSM.DSC.PMP01,cooling_descaling_pump,221.3421,200.3368,-0.7676,1.1724,398.8863,51.0476,0
2025-10-31 01:00:00,HSM.DSC.PMP01,cooling_descaling_pump,168.3428,201.3782,-0.223,0.9659,397.7991,58.7506,0
2025-10-31 02:00:00,HSM.DSC.PMP01,cooling_descaling_pump,238.7299,200.8999,0.2117,0.8125,401.3241,59.2172,0
2025-10-31 03:00:00,HSM.DSC.PMP01,cooling_descaling_pump,166.1085,204.2018,0.0813,0.8288,405.5696,55.3709,0
2025-10-31 04:00:00,HSM.DSC.PMP01,cooling_descaling_pump,202.7872,201.2096,-0.0488,0.9457,403.27,58.1431,0
2025-10-31 05:00:00,HSM.DSC.PMP01,cooling_descaling_pump,238.1138,202.2474,0.6513,0.839,404.2954,62.1075,0
2025-10-31 06:00:00,HSM.DSC.PMP01,cooling_descaling_pump,174.8088,196.7227,1.206,1.3212,400.0624,60.3371,0
2025-10-31 07:00:00,HSM.DSC.PMP01,cooling_descaling_pump,218.3315,195.2355,0.1096,1.0691,396.0607,54.5933,0
2025-10-31 08:00:00,HSM.DSC.PMP01,cooling_descaling_pump,191.7562,198.5776,0.4504,1.2158,394.2418,58.898,0
2025-10-31 09:00:00,HSM.DSC.PMP01,cooling_descaling_pump,179.5147,198.4367,1.1297,1.1406,392.6154,55.8515,0
2025-10-31 10:00:00,HSM.DSC.PMP01,cooling_descaling_pump,169.5175,202.0294,0.5837,0.8835,394.9342,56.0312,0
2025-10-31 11:00:00,HSM.DSC.PMP01,cooling_descaling_pump,211.6709,197.9697,0.8979,0.9698,393.9333,55.0832,0
2025-10-31 12:00:00,HSM.DSC.PMP01,cooling_descaling_pump,188.9658,199.6477,-0.2862,1.0393,400.9092,54.0883,0
2025-10-31 13:00:00,HSM.DSC.PMP01,cooling_descaling_pump,187.22,201.8232,-0.2307,0.6776,396.7183,52.4219,0
2025-10-31 14:00:00,HSM.DSC.PMP01,cooling_descaling_pump,160.2164,203.5224,0.2236,0.7907,398.8928,49.7958,0
2025-10-31 15:00:00,HSM.DSC.PMP01,cooling_descaling_pump,174.2382,199.9016,0.7094,1.0919,402.1481,57.8715,0
2025-10-31 16:00:00,HSM.DSC.PMP01,cooling_descaling_pump,194.8703,200.5289,-0.1423,0.8813,403.4116,47.6133,0
2025-10-31 17:00:00,HSM.DSC.PMP01,cooling_descaling_pump,233.4126,198.3659,-0.3815,0.9291,404.8304,56.436,0
2025-10-31 18:00:00,HSM.DSC.PMP01,cooling_descaling_pump,219.4685,198.05,-0.2795,0.749,407.3529,50.4491,0
2025-10-31 19:00:00,HSM.DSC.PMP01,cooling_descaling_pump,196.8542,206.7195,0.0207,0.9829,404.2674,60.5269,0
2025-10-31 20:00:00,HSM.DSC.PMP01,cooling_descaling_pump,188.5268,201.2598,0.3318,1.0794,400.817,59.9757,0
2025-10-31 21:00:00,HSM.DSC.PMP01,cooling_descaling_pump,201.6261,202.2414,1.0721,0.8448,400.494,54.0847,0
2025-10-31 22:00:00,HSM.DSC.PMP01,cooling_descaling_pump,175.8998,197.9986,0.2677,1.0579,403.6408,54.2459,0
2025-10-31 23:00:00,HSM.DSC.PMP01,cooling_descaling_pump,163.3615,198.8853,-0.2506,0.8488,396.3551,49.3128,0
2025-11-01 00:00:00,HSM.DSC.PMP01,cooling_descaling_pump,159.459,197.9545,-0.8204,1.2275,398.8026,58.8615,0
2025-11-01 01:00:00,HSM.DSC.PMP01,cooling_descaling_pump,204.9251,199.8125,-0.1475,0.9119,407.0479,55.0149,0
2025-11-01 02:00:00,HSM.DSC.PMP01,cooling_descaling_pump,205.9167,199.894,-0.5758,1.0728,404.1475,62.3364,0
2025-11-01 03:00:00,HSM.DSC.PMP01,cooling_descaling_pump,184.5391,200.7871,-0.1969,0.9882,395.1229,57.199,0
2025-11-01 04:00:00,HSM.DSC.PMP01,cooling_descaling_pump,198.4312,202.801,-0.3711,0.9234,401.7306,55.7584,0
2025-11-01 05:00:00,HSM.DSC.PMP01,cooling_descaling_pump,162.3743,197.7427,0.9027,0.8701,399.6411,49.1407,0
2025-11-01 06:00:00,HSM.DSC.PMP01,cooling_descaling_pump,236.1773,197.9128,-0.0608,1.1821,400.0271,66.5121,0
2025-11-01 07:00:00,HSM.DSC.PMP01,cooling_descaling_pump,171.1956,195.1644,-0.5449,1.0954,396.1033,54.6993,0
2025-11-01 08:00:00,HSM.DSC.PMP01,cooling_descaling_pump,236.4505,197.5637,0.3439,1.3054,396.9011,62.1405,0
2025-11-01 09:00:00,HSM.DSC.PMP01,cooling_descaling_pump,202.832,197.6661,-1.4086,0.7771,408.1318,50.8902,0
2025-11-01 10:00:00,HSM.DSC.PMP01,cooling_descaling_pump,199.9097,198.4253,0.0584,0.9577,400.556,56.4787,0
2025-11-01 11:00:00,HSM.DSC.PMP01,cooling_descaling_pump,189.2752,208.4124,-0.1444,1.1939,397.4894,61.7601,0
2025-11-01 12:00:00,HSM.DSC.PMP01,cooling_descaling_pump,201.1916,197.4227,-0.8074,1.1168,398.8094,53.8791,0
2025-11-01 13:00:00,HSM.DSC.PMP01,cooling_descaling_pump,177.027,197.5877,-0.1385,1.1191,397.6067,57.1377,0
2025-11-01 14:00:00,HSM.DSC.PMP01,cooling_descaling_pump,199.709,195.6781,0.2243,1.1303,402.5858,59.0218,0
2025-11-01 15:00:00,HSM.DSC.PMP01,cooling_descaling_pump,195.2504,201.4324,0.5628,1.1551,402.125,56.0018,0
2025-11-01 16:00:00,HSM.DSC.PMP01,cooling_descaling_pump,206.5674,200.9378,-0.2196,1.0214,405.8046,53.4241,0
2025-11-01 17:00:00,HSM.DSC.PMP01,cooling_descaling_pump,203.1513,200.3964,0.3535,1.0698,402.3589,56.9855,0
2025-11-01 18:00:00,HSM.DSC.PMP01,cooling_descaling_pump,194.8393,196.5698,0.2244,0.713,411.3541,44.5147,0
2025-11-01 19:00:00,HSM.DSC.PMP01,cooling_descaling_pump,188.1715,201.5323,-0.2412,1.0229,398.7362,57.4375,0
2025-11-01 20:00:00,HSM.DSC.PMP01,cooling_descaling_pump,177.1388,200.8582,0.8231,0.8431,398.8294,54.286,0
2025-11-01 21:00:00,HSM.DSC.PMP01,cooling_descaling_pump,156.1496,201.2275,-1.1831,0.9144,401.521,50.3409,0
2025-11-01 22:00:00,HSM.DSC.PMP01,cooling_descaling_pump,197.0291,204.9863,-0.4121,0.834,403.1395,49.8194,0
2025-11-01 23:00:00,HSM.DSC.PMP01,cooling_descaling_pump,199.695,200.4973,-0.2392,0.7858,402.0886,53.71,0
2025-11-02 00:00:00,HSM.DSC.PMP01,cooling_descaling_pump,210.2439,195.4506,1.2287,1.1573,396.0021,55.3344,0
2025-11-02 01:00:00,HSM.DSC.PMP01,cooling_descaling_pump,205.6879,194.6706,-0.3703,0.9677,391.298,41.3479,0
2025-11-02 02:00:00,HSM.DSC.PMP01,cooling_descaling_pump,212.1219,198.5396,0.3824,0.9842,395.9938,53.5956,0
2025-11-02 03:00:00,HSM.DSC.PMP01,cooling_descaling_pump,210.4384,197.7579,-1.0534,1.0067,398.8323,49.9454,0
2025-11-02 04:00:00,HSM.DSC.PMP01,cooling_descaling_pump,160.2211,198.6097,0.2807,1.0252,394.8595,54.0262,0
2025-11-02 05:00:00,HSM.DSC.PMP01,cooling_descaling_pump,205.7851,209.0711,0.134,0.7451,402.3102,52.8463,0
2025-11-02 06:00:00,HSM.DSC.PMP01,cooling_descaling_pump,211.1301,204.6174,1.1489,0.57,400.5452,51.106,0
2025-11-02 07:00:00,HSM.DSC.PMP01,cooling_descaling_pump,190.7512,200.2582,0.1205,0.9999,401.7619,63.7888,0
2025-11-02 08:00:00,HSM.DSC.PMP01,cooling_descaling_pump,154.769,202.2704,0.6046,1.0727,401.3463,60.4112,0
2025-11-02 09:00:00,HSM.DSC.PMP01,cooling_descaling_pump,201.7232,205.2179,1.0872,0.8963,402.4723,54.4506,0
2025-11-02 10:00:00,HSM.DSC.PMP01,cooling_descaling_pump,213.9143,195.7369,-0.1235,1.0706,401.6482,56.5167,0
2025-11-02 11:00:00,HSM.DSC.PMP01,cooling_descaling_pump,202.3407,194.579,1.1974,0.9696,397.8518,54.3294,0
2025-11-02 12:00:00,HSM.DSC.PMP01,cooling_descaling_pump,192.6515,197.6887,-0.436,1.0869,403.1773,57.2556,0
2025-11-02 13:00:00,HSM.DSC.PMP01,cooling_descaling_pump,182.6465,202.8068,1.1276,0.9397,391.4711,45.1411,0
2025-11-02 14:00:00,HSM.DSC.PMP01,cooling_descaling_pump,186.6143,197.5011,0.2331,0.8528,397.7021,55.1716,0
2025-11-02 15:00:00,HSM.DSC.PMP01,cooling_descaling_pump,158.2609,205.1517,1.0709,0.9797,409.5482,53.0861,0
2025-11-02 16:00:00,HSM.DSC.PMP01,cooling_descaling_pump,224.0771,197.6966,-1.0566,0.8865,395.0935,47.2583,0
2025-11-02 17:00:00,HSM.DSC.PMP01,cooling_descaling_pump,202.5294,200.0318,-0.4492,1.0022,400.1607,62.0259,0
2025-11-02 18:00:00,HSM.DSC.PMP01,cooling_descaling_pump,220.0564,194.5672,0.4945,0.9143,395.628,53.0873,0
2025-11-02 19:00:00,HSM.DSC.PMP01,cooling_descaling_pump,167.7306,197.3757,0.1988,0.8593,398.1261,56.2349,0
2025-11-02 20:00:00,HSM.DSC.PMP01,cooling_descaling_pump,187.92,200.0034,-0.3417,0.962,401.6742,51.4399,0
2025-11-02 21:00:00,HSM.DSC.PMP01,cooling_descaling_pump,164.8474,199.0927,0.1321,1.0377,398.4873,53.9014,0
2025-11-02 22:00:00,HSM.DSC.PMP01,cooling_descaling_pump,212.5836,202.7872,1.8034,0.9375,402.1884,57.7511,0
2025-11-02 23:00:00,HSM.DSC.PMP01,cooling_descaling_pump,161.2974,201.8351,-0.2413,1.1872,392.9898,57.1292,0
2025-11-03 00:00:00,HSM.DSC.PMP01,cooling_descaling_pump,195.4581,199.5697,-1.0716,0.8259,398.9153,50.415,0
2025-11-03 01:00:00,HSM.DSC.PMP01,cooling_descaling_pump,149.329,199.2099,-0.1659,0.9748,397.5253,50.9733,0
2025-11-03 02:00:00,HSM.DSC.PMP01,cooling_descaling_pump,196.645,194.411,-0.2165,0.8679,409.7296,51.0393,0
2025-11-03 03:00:00,HSM.DSC.PMP01,cooling_descaling_pump,193.3678,194.9708,-0.3515,0.9203,399.1576,47.3113,0
2025-11-03 04:00:00,HSM.DSC.PMP01,cooling_descaling_pump,174.0527,197.074,0.2673,0.8447,406.3855,56.9286,0
2025-11-03 05:00:00,HSM.DSC.PMP01,cooling_descaling_pump,178.0358,202.1764,0.4688,0.8504,405.7174,54.015,0
2025-11-03 06:00:00,HSM.DSC.PMP01,cooling_descaling_pump,176.0757,201.6387,0.6378,1.0392,405.2031,65.8957,0
2025-11-03 07:00:00,HSM.DSC.PMP01,cooling_descaling_pump,139.8001,197.8101,0.4218,1.128,403.1928,52.0139,0
2025-11-03 08:00:00,HSM.DSC.PMP01,cooling_descaling_pump,167.9388,197.4713,0.0633,1.1447,401.3538,58.1261,0
2025-11-03 09:00:00,HSM.DSC.PMP01,cooling_descaling_pump,185.0825,193.9859,-0.1187,0.9959,403.8756,68.304,0
2025-11-03 10:00:00,HSM.DSC.PMP01,cooling_descaling_pump,179.4713,195.755,-0.4986,0.9648,395.192,50.7354,0
2025-11-03 11:00:00,HSM.DSC.PMP01,cooling_descaling_pump,182.989,199.2897,-0.3654,1.0867,396.931,58.6212,0
2025-11-03 12:00:00,HSM.DSC.PMP01,cooling_descaling_pump,188.5819,202.1821,0.6763,0.9962,402.9735,58.3268,0
2025-11-03 13:00:00,HSM.DSC.PMP01,cooling_descaling_pump,199.56,200.8245,0.9562,1.19,399.5661,59.816,0
2025-11-03 14:00:00,HSM.DSC.PMP01,cooling_descaling_pump,186.7267,199.5517,-0.3172,1.0096,399.0209,54.0376,0
2025-11-03 15:00:00,HSM.DSC.PMP01,cooling_descaling_pump,226.3611,191.8966,-0.0414,0.823,405.8422,54.5371,0
2025-11-03 16:00:00,HSM.DSC.PMP01,cooling_descaling_pump,141.2685,198.134,-0.4718,1.0452,402.2597,50.2117,0
2025-11-03 17:00:00,HSM.DSC.PMP01,cooling_descaling_pump,185.4736,199.6606,-0.6095,0.9318,403.1337,49.7486,0
2025-11-03 18:00:00,HSM.DSC.PMP01,cooling_descaling_pump,164.8242,195.5906,0.1217,1.2297,405.623,57.5353,0
2025-11-03 19:00:00,HSM.DSC.PMP01,cooling_descaling_pump,177.6773,196.9562,-0.8067,0.8965,401.5034,47.2453,0
2025-11-03 20:00:00,HSM.DSC.PMP01,cooling_descaling_pump,183.643,201.1764,-0.2645,0.985,407.4405,62.0834,0
2025-11-03 21:00:00,HSM.DSC.PMP01,cooling_descaling_pump,189.4203,200.5831,0.1125,0.7918,404.9482,47.4475,0
2025-11-03 22:00:00,HSM.DSC.PMP01,cooling_descaling_pump,148.8132,202.2348,1.7245,1.2759,390.6208,61.6259,0
2025-11-03 23:00:00,HSM.DSC.PMP01,cooling_descaling_pump,176.8171,202.2797,-0.6716,0.9285,401.4264,49.7606,0
2025-11-04 00:00:00,HSM.DSC.PMP01,cooling_descaling_pump,204.9858,200.3866,0.3818,1.0169,395.2019,58.7869,0
2025-11-04 01:00:00,HSM.DSC.PMP01,cooling_descaling_pump,134.648,195.3862,-0.1168,1.1979,398.7457,58.0232,0
2025-11-04 02:00:00,HSM.DSC.PMP01,cooling_descaling_pump,175.3519,198.6284,-0.0758,0.6162,408.9429,48.536,0
2025-11-04 03:00:00,HSM.DSC.PMP01,cooling_descaling_pump,148.281,197.384,0.0285,1.1659,395.3043,54.4898,0
2025-11-04 04:00:00,HSM.DSC.PMP01,cooling_descaling_pump,189.3181,198.9337,0.6941,0.7966,396.66,48.1802,0
2025-11-04 05:00:00,HSM.DSC.PMP01,cooling_descaling_pump,171.1554,203.8626,-0.9822,0.8894,396.3359,53.7042,0
2025-11-04 06:00:00,HSM.DSC.PMP01,cooling_descaling_pump,185.0359,204.2634,-0.9323,0.8757,401.4963,54.9785,0
2025-11-04 07:00:00,HSM.DSC.PMP01,cooling_descaling_pump,174.873,200.8457,0.1094,1.0129,404.3955,61.1464,0
2025-11-04 08:00:00,HSM.DSC.PMP01,cooling_descaling_pump,187.6575,195.3536,0.8635,1.0442,395.1609,56.6523,0
2025-11-04 09:00:00,HSM.DSC.PMP01,cooling_descaling_pump,190.4552,208.3293,-0.0901,0.6993,396.5387,61.246,0
2025-11-04 10:00:00,HSM.DSC.PMP01,cooling_descaling_pump,191.0465,200.4175,0.082,0.944,395.5296,52.4143,0
2025-11-04 11:00:00,HSM.DSC.PMP01,cooling_descaling_pump,183.9597,200.1774,-0.2784,1.1819,396.4303,57.9653,0
2025-11-04 12:00:00,HSM.DSC.PMP01,cooling_descaling_pump,196.9371,200.9767,0.6038,0.8201,400.3212,53.325,0
2025-11-04 13:00:00,HSM.DSC.PMP01,cooling_descaling_pump,160.7545,201.9181,-0.0664,1.0963,396.1012,53.4838,0
2025-11-04 14:00:00,HSM.DSC.PMP01,cooling_descaling_pump,185.6803,198.0706,-0.14,0.9162,396.5074,50.4413,0
2025-11-04 15:00:00,HSM.DSC.PMP01,cooling_descaling_pump,183.1581,204.8972,-0.5148,1.197,396.8427,57.1574,0
2025-11-04 16:00:00,HSM.DSC.PMP01,cooling_descaling_pump,177.6368,196.2911,0.8394,0.9192,395.6059,53.707,0
2025-11-04 17:00:00,HSM.DSC.PMP01,cooling_descaling_pump,188.4833,204.0643,1.2179,0.8946,401.0947,45.8399,0
2025-11-04 18:00:00,HSM.DSC.PMP01,cooling_descaling_pump,187.4199,199.2398,-0.6676,1.0524,400.1967,55.4315,0
2025-11-04 19:00:00,HSM.DSC.PMP01,cooling_descaling_pump,181.0272,207.6809,0.0207,0.8016,398.9369,48.9451,0
2025-11-04 20:00:00,HSM.DSC.PMP01,cooling_descaling_pump,176.0221,201.4484,-0.0608,0.8919,402.4688,52.217,0
2025-11-04 21:00:00,HSM.DSC.PMP01,cooling_descaling_pump,155.584,201.2494,0.6745,0.9958,400.6024,56.7137,0
2025-11-04 22:00:00,HSM.DSC.PMP01,cooling_descaling_pump,181.679,199.0363,-0.7724,1.0038,401.2486,54.7465,0
2025-11-04 23:00:00,HSM.DSC.PMP01,cooling_descaling_pump,203.6096,200.8246,0.3684,0.7909,401.9459,51.3988,0
2025-11-05 00:00:00,HSM.DSC.PMP01,cooling_descaling_pump,188.4294,202.2369,0.5805,0.9659,397.8502,58.6628,0
2025-11-05 01:00:00,HSM.DSC.PMP01,cooling_descaling_pump,175.4078,204.9153,0.0213,1.1141,401.4232,64.6149,0
2025-11-05 02:00:00,HSM.DSC.PMP01,cooling_descaling_pump,174.002,196.9881,0.5541,0.9348,396.8491,55.1124,0
2025-11-05 03:00:00,HSM.DSC.PMP01,cooling_descaling_pump,152.9918,203.7768,0.3857,0.8135,405.8626,47.326,0
2025-11-05 04:00:00,HSM.DSC.PMP01,cooling_descaling_pump,218.7651,201.3816,-0.2114,0.7907,403.9446,58.7751,0
2025-11-05 05:00:00,HSM.DSC.PMP01,cooling_descaling_pump,172.948,197.3751,0.9672,1.2644,399.8837,61.1836,0
2025-11-05 06:00:00,HSM.DSC.PMP01,cooling_descaling_pump,159.4947,196.3464,0.9288,1.2569,403.0483,58.7767,0
2025-11-05 07:00:00,HSM.DSC.PMP01,cooling_descaling_pump,213.3905,199.6763,0.2444,1.1733,399.2233,59.7502,0
2025-11-05 08:00:00,HSM.DSC.PMP01,cooling_descaling_pump,186.497,204.3982,0.4065,0.7858,404.4544,54.6624,0
2025-11-05 09:00:00,HSM.DSC.PMP01,cooling_descaling_pump,234.8305,198.3145,-0.0683,1.1494,396.7945,56.8482,0
2025-11-05 10:00:00,HSM.DSC.PMP01,cooling_descaling_pump,189.8135,200.8394,0.6098,0.8034,401.121,55.0485,0
2025-11-05 11:00:00,HSM.DSC.PMP01,cooling_descaling_pump,178.9609,195.2849,0.862,1.1482,392.0021,53.5765,0
2025-11-05 12:00:00,HSM.DSC.PMP01,cooling_descaling_pump,180.4881,202.5858,-0.2736,0.8428,401.4917,56.1453,0
2025-11-05 13:00:00,HSM.DSC.PMP01,cooling_descaling_pump,193.4779,199.0591,-0.4,0.8792,403.301,57.4005,0
2025-11-05 14:00:00,HSM.DSC.PMP01,cooling_descaling_pump,176.0898,202.564,0.5196,0.8914,395.207,50.2548,0
2025-11-05 15:00:00,HSM.DSC.PMP01,cooling_descaling_pump,188.5282,199.8431,-0.113,1.095,399.3174,55.9481,0
2025-11-05 16:00:00,HSM.DSC.PMP01,cooling_descaling_pump,176.469,199.691,0.1054,0.973,400.4978,58.138,0
2025-11-05 17:00:00,HSM.DSC.PMP01,cooling_descaling_pump,151.1012,198.8897,-0.1443,0.9136,398.376,48.4604,0
2025-11-05 18:00:00,HSM.DSC.PMP01,cooling_descaling_pump,177.5754,200.2086,-0.7541,0.6816,403.0817,46.2811,0
2025-11-05 19:00:00,HSM.DSC.PMP01,cooling_descaling_pump,235.2901,201.8185,-0.1044,0.8148,402.3264,55.7674,0
2025-11-05 20:00:00,HSM.DSC.PMP01,cooling_descaling_pump,201.9039,201.0396,-1.5895,0.8472,399.1592,53.6228,0
2025-11-05 21:00:00,HSM.DSC.PMP01,cooling_descaling_pump,166.3404,197.5946,0.3786,0.8535,394.1963,51.2595,0
2025-11-05 22:00:00,HSM.DSC.PMP01,cooling_descaling_pump,161.0401,204.5833,0.6503,1.1191,395.0232,58.536,0
2025-11-05 23:00:00,HSM.DSC.PMP01,cooling_descaling_pump,192.3527,198.8985,0.1707,0.8778,396.2924,55.6692,0
2025-11-06 00:00:00,HSM.DSC.PMP01,cooling_descaling_pump,192.9454,196.6252,1.4839,1.1426,402.8332,54.6422,0
2025-11-06 01:00:00,HSM.DSC.PMP01,cooling_descaling_pump,202.0721,201.1274,-0.1876,1.1358,390.5509,60.2202,0
2025-11-06 02:00:00,HSM.DSC.PMP01,cooling_descaling_pump,225.2834,205.5755,0.0515,0.6759,401.4751,51.3832,0
2025-11-06 03:00:00,HSM.DSC.PMP01,cooling_descaling_pump,166.0634,193.9744,-0.3898,1.0924,398.5097,55.7618,0
2025-11-06 04:00:00,HSM.DSC.PMP01,cooling_descaling_pump,197.2328,201.7757,-0.4343,1.0346,397.6771,55.9377,0
2025-11-06 05:00:00,HSM.DSC.PMP01,cooling_descaling_pump,201.5318,198.3595,-0.4674,0.9319,402.0901,58.5175,0
2025-11-06 06:00:00,HSM.DSC.PMP01,cooling_descaling_pump,233.4306,202.4447,-0.6305,0.4126,404.6632,48.7413,0
2025-11-06 07:00:00,HSM.DSC.PMP01,cooling_descaling_pump,205.8186,200.6398,0.0404,0.9452,397.3792,57.2938,0
2025-11-06 08:00:00,HSM.DSC.PMP01,cooling_descaling_pump,203.5737,201.6909,-0.591,1.0017,400.9847,61.2848,0
2025-11-06 09:00:00,HSM.DSC.PMP01,cooling_descaling_pump,171.8337,195.8587,-0.7326,0.9869,396.5265,55.2499,0
2025-11-06 10:00:00,HSM.DSC.PMP01,cooling_descaling_pump,180.121,199.0539,0.2306,0.9279,403.0988,56.0823,0
2025-11-06 11:00:00,HSM.DSC.PMP01,cooling_descaling_pump,172.932,199.9993,-0.0433,1.2469,398.7978,56.5426,0
2025-11-06 12:00:00,HSM.DSC.PMP01,cooling_descaling_pump,174.6929,205.3407,0.7453,0.9469,394.5325,53.6681,0
2025-11-06 13:00:00,HSM.DSC.PMP01,cooling_descaling_pump,213.642,197.7456,0.1547,0.9121,403.3185,57.7109,0
2025-11-06 14:00:00,HSM.DSC.PMP01,cooling_descaling_pump,184.9892,200.9497,0.1551,1.0886,400.755,61.075,0
2025-11-06 15:00:00,HSM.DSC.PMP01,cooling_descaling_pump,190.9554,198.6654,0.4754,1.1008,400.32,53.2134,0
2025-11-06 16:00:00,HSM.DSC.PMP01,cooling_descaling_pump,202.2187,193.2814,-0.7473,0.8305,400.9864,42.6508,0
2025-11-06 17:00:00,HSM.DSC.PMP01,cooling_descaling_pump,182.8948,193.0958,-0.6534,1.1049,402.5794,53.9913,0
2025-11-06 18:00:00,HSM.DSC.PMP01,cooling_descaling_pump,199.7646,198.0933,-0.434,0.863,398.1061,55.4445,0
2025-11-06 19:00:00,HSM.DSC.PMP01,cooling_descaling_pump,175.3449,200.1217,1.4602,1.0445,396.9109,46.9474,0
2025-11-06 20:00:00,HSM.DSC.PMP01,cooling_descaling_pump,184.7101,197.5219,-0.6162,0.9433,396.4704,45.6722,0
2025-11-06 21:00:00,HSM.DSC.PMP01,cooling_descaling_pump,169.7121,206.9189,1.2807,0.8248,409.6413,48.2141,0
2025-11-06 22:00:00,HSM.DSC.PMP01,cooling_descaling_pump,180.1404,201.8694,0.4967,0.8836,403.1283,52.7772,0
2025-11-06 23:00:00,HSM.DSC.PMP01,cooling_descaling_pump,209.1868,198.0537,1.2664,1.2216,405.547,65.4625,0
2025-11-07 00:00:00,HSM.DSC.PMP01,cooling_descaling_pump,206.8494,201.5035,-0.9794,0.9146,403.156,52.533,0
2025-11-07 01:00:00,HSM.DSC.PMP01,cooling_descaling_pump,181.0061,201.8984,0.1218,0.9857,401.5162,55.7646,0
2025-11-07 02:00:00,HSM.DSC.PMP01,cooling_descaling_pump,167.8938,200.5455,-0.3715,1.2413,400.434,60.9161,0
2025-11-07 03:00:00,HSM.DSC.PMP01,cooling_descaling_pump,181.9854,200.225,0.4419,0.811,397.7112,50.9833,0
2025-11-07 04:00:00,HSM.DSC.PMP01,cooling_descaling_pump,164.5494,198.9821,0.3941,1.4012,394.906,59.9286,0
2025-11-07 05:00:00,HSM.DSC.PMP01,cooling_descaling_pump,190.2967,198.8076,0.1177,1.1995,405.0689,57.5325,0
2025-11-07 06:00:00,HSM.DSC.PMP01,cooling_descaling_pump,183.1497,194.4221,-0.641,0.988,401.2021,51.4543,0
2025-11-07 07:00:00,HSM.DSC.PMP01,cooling_descaling_pump,225.635,206.559,-0.0602,0.6582,399.6154,54.6181,0
2025-11-07 08:00:00,HSM.DSC.PMP01,cooling_descaling_pump,240.527,192.61,0.1509,1.2072,396.2683,57.0077,0
2025-11-07 09:00:00,HSM.DSC.PMP01,cooling_descaling_pump,196.1061,197.762,1.1639,0.5951,401.6934,45.2296,0
2025-11-07 10:00:00,HSM.DSC.PMP01,cooling_descaling_pump,182.3427,198.9266,-1.4061,1.1766,395.953,58.1507,0
2025-11-07 11:00:00,HSM.DSC.PMP01,cooling_descaling_pump,212.0271,204.8482,0.6335,1.2446,392.9964,60.1782,0
2025-11-07 12:00:00,HSM.DSC.PMP01,cooling_descaling_pump,194.7555,199.5011,-0.1354,1.1717,398.3799,52.4885,0
2025-11-07 13:00:00,HSM.DSC.PMP01,cooling_descaling_pump,166.9692,198.8418,-0.2596,1.0823,398.8775,53.7963,0
2025-11-07 14:00:00,HSM.DSC.PMP01,cooling_descaling_pump,174.922,201.9769,-0.6728,1.1536,398.5911,58.0629,0
2025-11-07 15:00:00,HSM.DSC.PMP01,cooling_descaling_pump,190.4705,205.4521,1.375,1.3668,396.0791,61.3126,0
2025-11-07 16:00:00,HSM.DSC.PMP01,cooling_descaling_pump,170.2781,204.0859,-0.2239,1.134,404.4664,59.7679,0
2025-11-07 17:00:00,HSM.DSC.PMP01,cooling_descaling_pump,189.0138,201.2898,0.9572,1.1047,396.3742,58.1999,0
2025-11-07 18:00:00,HSM.DSC.PMP01,cooling_descaling_pump,226.1335,196.7331,-0.46,1.2024,402.6502,57.1981,0
2025-11-07 19:00:00,HSM.DSC.PMP01,cooling_descaling_pump,170.2507,196.4684,0.9545,1.0853,404.9207,52.2385,0
2025-11-07 20:00:00,HSM.DSC.PMP01,cooling_descaling_pump,184.5271,194.6765,0.1438,1.1561,402.9123,57.6314,0
2025-11-07 21:00:00,HSM.DSC.PMP01,cooling_descaling_pump,170.2493,203.7934,0.8478,0.6265,399.2619,52.6787,0
2025-11-07 22:00:00,HSM.DSC.PMP01,cooling_descaling_pump,166.8494,193.1331,-0.0526,1.3908,397.6475,58.4874,0
2025-11-07 23:00:00,HSM.DSC.PMP01,cooling_descaling_pump,163.9264,197.5954,-0.5073,1.0225,403.379,56.667,0
2025-11-08 00:00:00,HSM.DSC.PMP01,cooling_descaling_pump,220.543,203.9889,-0.8995,0.9794,400.1802,61.0095,0
2025-11-08 01:00:00,HSM.DSC.PMP01,cooling_descaling_pump,164.222,200.3626,-0.2428,1.1038,397.5839,58.3893,0
2025-11-08 02:00:00,HSM.DSC.PMP01,cooling_descaling_pump,169.8636,198.5244,-0.2895,1.2159,406.2743,65.5163,0
2025-11-08 03:00:00,HSM.DSC.PMP01,cooling_descaling_pump,182.477,200.893,-0.6939,1.1459,402.8279,60.9221,0
2025-11-08 04:00:00,HSM.DSC.PMP01,cooling_descaling_pump,191.2252,199.1845,-0.4987,0.9498,403.5479,53.8987,0
2025-11-08 05:00:00,HSM.DSC.PMP01,cooling_descaling_pump,176.1745,199.7689,0.4871,0.8581,398.153,50.6433,0
2025-11-08 06:00:00,HSM.DSC.PMP01,cooling_descaling_pump,184.2638,201.5309,0.3522,1.0171,401.3136,52.0593,0
2025-11-08 07:00:00,HSM.DSC.PMP01,cooling_descaling_pump,161.4979,201.4856,0.8419,0.8069,399.9414,53.8292,0
2025-11-08 08:00:00,HSM.DSC.PMP01,cooling_descaling_pump,183.8457,198.4971,-0.0051,0.9423,396.868,52.8314,0
2025-11-08 09:00:00,HSM.DSC.PMP01,cooling_descaling_pump,204.0752,204.5162,-1.5966,0.7119,411.0588,55.7169,0
2025-11-08 10:00:00,HSM.DSC.PMP01,cooling_descaling_pump,176.2107,195.349,-0.0468,0.9783,404.0368,51.8826,0
2025-11-08 11:00:00,HSM.DSC.PMP01,cooling_descaling_pump,207.3492,198.5196,-1.8535,0.9927,400.0723,56.4223,0
2025-11-08 12:00:00,HSM.DSC.PMP01,cooling_descaling_pump,222.3159,201.1224,-1.2647,0.9611,400.6064,54.8608,0
2025-11-08 13:00:00,HSM.DSC.PMP01,cooling_descaling_pump,195.462,197.3865,-0.6859,1.02,400.6163,56.4971,0
2025-11-08 14:00:00,HSM.DSC.PMP01,cooling_descaling_pump,175.1897,195.791,0.0905,1.0367,407.9031,57.4021,0
2025-11-08 15:00:00,HSM.DSC.PMP01,cooling_descaling_pump,173.7651,204.5786,0.2648,1.0426,396.1859,61.5834,0
2025-11-08 16:00:00,HSM.DSC.PMP01,cooling_descaling_pump,178.3043,197.2491,-1.1256,0.9837,395.3147,47.7034,0
2025-11-08 17:00:00,HSM.DSC.PMP01,cooling_descaling_pump,155.8328,202.1416,-2.0,0.8948,394.5914,47.3477,0
2025-11-08 18:00:00,HSM.DSC.PMP01,cooling_descaling_pump,190.5348,195.2695,0.3477,1.105,394.1703,53.825,0
2025-11-08 19:00:00,HSM.DSC.PMP01,cooling_descaling_pump,186.7032,205.4941,-0.4943,0.8799,399.7692,55.4995,0
2025-11-08 20:00:00,HSM.DSC.PMP01,cooling_descaling_pump,187.6185,198.2496,-0.329,0.8333,396.7936,42.4751,0
2025-11-08 21:00:00,HSM.DSC.PMP01,cooling_descaling_pump,203.0214,204.1958,-1.0836,0.9471,398.7425,56.6492,0
2025-11-08 22:00:00,HSM.DSC.PMP01,cooling_descaling_pump,150.393,202.4351,-0.483,1.0139,400.0533,53.2587,0
2025-11-08 23:00:00,HSM.DSC.PMP01,cooling_descaling_pump,191.7008,202.5636,0.1288,0.7588,401.8664,46.5664,0
2025-11-09 00:00:00,HSM.DSC.PMP01,cooling_descaling_pump,191.9519,205.3053,-0.9305,0.9119,401.8276,52.4904,0
2025-11-09 01:00:00,HSM.DSC.PMP01,cooling_descaling_pump,177.8699,202.1006,0.4568,1.0565,404.4688,51.4472,0
2025-11-09 02:00:00,HSM.DSC.PMP01,cooling_descaling_pump,192.7191,199.7941,-0.7607,1.01,405.5595,54.1649,0
2025-11-09 03:00:00,HSM.DSC.PMP01,cooling_descaling_pump,192.8796,200.8016,0.5519,1.238,396.3781,54.6064,0
2025-11-09 04:00:00,HSM.DSC.PMP01,cooling_descaling_pump,179.4424,195.3744,-1.0875,1.1219,396.1635,49.4453,0
2025-11-09 05:00:00,HSM.DSC.PMP01,cooling_descaling_pump,186.6941,198.1894,-0.6294,1.0682,394.6861,61.1119,0
2025-11-09 06:00:00,HSM.DSC.PMP01,cooling_descaling_pump,170.8353,198.4725,-0.6426,1.1093,401.624,63.8672,0
2025-11-09 07:00:00,HSM.DSC.PMP01,cooling_descaling_pump,175.1538,200.6254,-1.2477,1.1161,397.6854,55.7155,0
2025-11-09 08:00:00,HSM.DSC.PMP01,cooling_descaling_pump,157.3716,195.9443,0.5202,1.4149,392.4192,64.0117,0
2025-11-09 09:00:00,HSM.DSC.PMP01,cooling_descaling_pump,195.385,204.365,-0.4811,0.9729,398.9445,56.347,0
2025-11-09 10:00:00,HSM.DSC.PMP01,cooling_descaling_pump,200.9036,202.9581,-0.3356,0.7638,392.6942,47.0,0
2025-11-09 11:00:00,HSM.DSC.PMP01,cooling_descaling_pump,176.5102,195.8396,-0.5976,1.3483,401.8214,55.8536,0
2025-11-09 12:00:00,HSM.DSC.PMP01,cooling_descaling_pump,195.7827,201.8118,-0.4575,1.2081,399.1869,60.3629,0
2025-11-09 13:00:00,HSM.DSC.PMP01,cooling_descaling_pump,191.3788,202.0024,0.219,0.8461,393.8082,49.4176,0
2025-11-09 14:00:00,HSM.DSC.PMP01,cooling_descaling_pump,205.8227,196.1328,0.0494,0.9657,399.0133,56.4902,0
2025-11-09 15:00:00,HSM.DSC.PMP01,cooling_descaling_pump,200.1839,202.0378,-0.5426,1.0032,400.2878,59.111,0
2025-11-09 16:00:00,HSM.DSC.PMP01,cooling_descaling_pump,199.3419,202.5268,-0.0237,1.1497,393.5093,54.8126,0
2025-11-09 17:00:00,HSM.DSC.PMP01,cooling_descaling_pump,220.5276,200.0775,0.1494,1.0366,399.5837,50.2893,0
2025-11-09 18:00:00,HSM.DSC.PMP01,cooling_descaling_pump,184.7655,195.2403,-0.1411,1.1287,401.2465,56.4514,0
2025-11-09 19:00:00,HSM.DSC.PMP01,cooling_descaling_pump,172.627,200.1529,-0.1967,1.104,398.4456,44.942,0
2025-11-09 20:00:00,HSM.DSC.PMP01,cooling_descaling_pump,134.6673,200.4744,0.2891,0.9336,392.0871,49.5659,0
2025-11-09 21:00:00,HSM.DSC.PMP01,cooling_descaling_pump,198.627,201.7566,0.5409,0.9443,402.5588,56.9922,0
2025-11-09 22:00:00,HSM.DSC.PMP01,cooling_descaling_pump,154.6059,202.2017,-0.1036,1.0025,392.0467,52.9871,0
2025-11-09 23:00:00,HSM.DSC.PMP01,cooling_descaling_pump,193.8845,200.9024,0.3292,1.2052,403.2206,57.1877,0
2025-11-10 00:00:00,HSM.DSC.PMP01,cooling_descaling_pump,203.5582,200.7657,0.9837,0.9124,398.9134,57.5966,0
2025-11-10 01:00:00,HSM.DSC.PMP01,cooling_descaling_pump,179.796,201.0251,-0.2781,1.2521,404.3465,56.0053,0
2025-11-10 02:00:00,HSM.DSC.PMP01,cooling_descaling_pump,216.8509,199.2513,0.7729,1.171,398.5803,62.3474,0
2025-11-10 03:00:00,HSM.DSC.PMP01,cooling_descaling_pump,219.1628,200.6185,0.5288,1.322,400.9641,62.5164,0
2025-11-10 04:00:00,HSM.DSC.PMP01,cooling_descaling_pump,183.055,204.2034,-0.0139,0.7156,401.3327,54.1603,0
2025-11-10 05:00:00,HSM.DSC.PMP01,cooling_descaling_pump,145.5043,198.2366,-0.6404,1.0258,397.5257,56.562,0
2025-11-10 06:00:00,HSM.DSC.PMP01,cooling_descaling_pump,180.0824,201.8111,-0.1608,1.0239,394.3664,54.9729,0
2025-11-10 07:00:00,HSM.DSC.PMP01,cooling_descaling_pump,183.9738,199.932,0.19,0.9957,400.8851,51.6921,0
2025-11-10 08:00:00,HSM.DSC.PMP01,cooling_descaling_pump,182.3145,198.7124,0.7906,0.9218,404.8457,58.2219,0
2025-11-10 09:00:00,HSM.DSC.PMP01,cooling_descaling_pump,168.4331,197.9524,0.897,1.1441,398.7023,58.4428,0
2025-11-10 10:00:00,HSM.DSC.PMP01,cooling_descaling_pump,171.4906,196.3769,0.9851,1.1641,400.7098,62.5184,0
2025-11-10 11:00:00,HSM.DSC.PMP01,cooling_descaling_pump,174.3711,199.3257,0.673,1.0031,404.4995,49.8428,0
2025-11-10 12:00:00,HSM.DSC.PMP01,cooling_descaling_pump,173.2062,198.5383,0.4982,1.1125,400.5428,60.9837,0
2025-11-10 13:00:00,HSM.DSC.PMP01,cooling_descaling_pump,167.0593,202.1593,-0.5299,0.8038,408.21,54.4568,0
2025-11-10 14:00:00,HSM.DSC.PMP01,cooling_descaling_pump,171.4921,204.5476,-0.9102,1.1136,404.0539,58.1962,0
2025-11-10 15:00:00,HSM.DSC.PMP01,cooling_descaling_pump,181.2964,199.7705,0.2949,1.0316,404.5741,56.9634,0
2025-11-10 16:00:00,HSM.DSC.PMP01,cooling_descaling_pump,176.1094,196.8932,0.1925,1.3074,399.7897,54.1449,0
2025-11-10 17:00:00,HSM.DSC.PMP01,cooling_descaling_pump,185.993,197.8496,-0.4981,0.8944,397.8591,47.9291,0
2025-11-10 18:00:00,HSM.DSC.PMP01,cooling_descaling_pump,160.3803,200.5037,0.769,1.151,403.0187,54.8324,0
2025-11-10 19:00:00,HSM.DSC.PMP01,cooling_descaling_pump,195.4214,202.8413,0.1837,1.0756,398.6573,58.8227,0
2025-11-10 20:00:00,HSM.DSC.PMP01,cooling_descaling_pump,187.5031,198.5177,1.3,1.2245,387.4539,54.7339,0
2025-11-10 21:00:00,HSM.DSC.PMP01,cooling_descaling_pump,160.2859,203.1907,-0.4618,0.9847,398.4852,50.7883,0
2025-11-10 22:00:00,HSM.DSC.PMP01,cooling_descaling_pump,211.1881,199.3824,0.6575,1.0714,403.9586,55.3018,0
2025-11-10 23:00:00,HSM.DSC.PMP01,cooling_descaling_pump,166.4349,201.1393,-0.4906,1.083,406.2646,57.7295,0
2025-11-11 00:00:00,HSM.DSC.PMP01,cooling_descaling_pump,192.2411,204.6888,-0.5957,0.9109,395.3514,52.3598,0
2025-11-11 01:00:00,HSM.DSC.PMP01,cooling_descaling_pump,172.825,200.4133,-0.5246,0.9771,407.492,57.3812,0
2025-11-11 02:00:00,HSM.DSC.PMP01,cooling_descaling_pump,159.3551,200.5351,-0.5873,1.231,398.5347,63.9314,0
2025-11-11 03:00:00,HSM.DSC.PMP01,cooling_descaling_pump,141.6055,196.6046,-0.0704,1.1322,400.3207,55.7433,0
2025-11-11 04:00:00,HSM.DSC.PMP01,cooling_descaling_pump,181.5722,201.1586,-0.7507,0.953,405.6973,56.4538,0
2025-11-11 05:00:00,HSM.DSC.PMP01,cooling_descaling_pump,213.4771,195.8099,-0.0745,1.1043,401.54,62.0269,0
2025-11-11 06:00:00,HSM.DSC.PMP01,cooling_descaling_pump,167.2233,202.4054,0.1783,1.0228,395.637,57.337,0
2025-11-11 07:00:00,HSM.DSC.PMP01,cooling_descaling_pump,167.2139,199.8353,0.8271,1.3412,402.4232,64.6646,0
2025-11-11 08:00:00,HSM.DSC.PMP01,cooling_descaling_pump,164.2129,205.1338,0.7314,0.9782,406.7822,59.0378,0
2025-11-11 09:00:00,HSM.DSC.PMP01,cooling_descaling_pump,219.4393,202.6811,-1.0962,0.881,406.033,61.3965,0
2025-11-11 10:00:00,HSM.DSC.PMP01,cooling_descaling_pump,216.7514,196.5333,-0.8618,0.8289,398.0825,55.2094,0
2025-11-11 11:00:00,HSM.DSC.PMP01,cooling_descaling_pump,201.7567,198.7263,-0.5752,1.1808,396.057,58.0927,0
2025-11-11 12:00:00,HSM.DSC.PMP01,cooling_descaling_pump,152.1285,199.7071,0.4923,1.124,401.1412,53.9505,0
2025-11-11 13:00:00,HSM.DSC.PMP01,cooling_descaling_pump,177.1876,199.4559,-0.6671,0.9668,399.5737,58.6604,0
2025-11-11 14:00:00,HSM.DSC.PMP01,cooling_descaling_pump,183.8549,200.9314,-0.7422,0.9117,395.3322,51.1423,0
2025-11-11 15:00:00,HSM.DSC.PMP01,cooling_descaling_pump,201.5121,200.8465,-0.6572,1.0537,400.7913,59.8689,0
2025-11-11 16:00:00,HSM.DSC.PMP01,cooling_descaling_pump,204.3938,198.4475,-0.7646,0.8279,396.705,47.8353,0
2025-11-11 17:00:00,HSM.DSC.PMP01,cooling_descaling_pump,167.7613,203.6226,-0.9762,0.8195,396.736,50.4857,0
2025-11-11 18:00:00,HSM.DSC.PMP01,cooling_descaling_pump,137.5981,199.2136,-0.6529,1.1826,403.8015,57.3373,0
2025-11-11 19:00:00,HSM.DSC.PMP01,cooling_descaling_pump,196.7149,196.1128,-1.4135,0.9263,399.9155,52.5399,0
2025-11-11 20:00:00,HSM.DSC.PMP01,cooling_descaling_pump,200.4632,198.6726,-0.8155,1.0175,399.5543,51.1397,0
2025-11-11 21:00:00,HSM.DSC.PMP01,cooling_descaling_pump,171.8074,196.7414,-0.147,1.0026,403.0113,56.4234,0
2025-11-11 22:00:00,HSM.DSC.PMP01,cooling_descaling_pump,173.0577,198.8143,-0.0535,1.0407,397.0967,53.3459,0
2025-11-11 23:00:00,HSM.DSC.PMP01,cooling_descaling_pump,179.2584,198.91,-0.5829,1.184,397.4103,62.0364,0
2025-11-12 00:00:00,HSM.DSC.PMP01,cooling_descaling_pump,198.7192,202.8693,-0.45,0.7334,399.4926,60.1833,0
2025-11-12 01:00:00,HSM.DSC.PMP01,cooling_descaling_pump,179.2595,195.155,-0.1817,1.1771,401.2524,55.3305,0
2025-11-12 02:00:00,HSM.DSC.PMP01,cooling_descaling_pump,160.3885,200.034,-0.1586,1.0496,397.7444,52.9586,0
2025-11-12 03:00:00,HSM.DSC.PMP01,cooling_descaling_pump,204.4232,195.9855,-0.2572,1.153,399.3426,55.7926,0
2025-11-12 04:00:00,HSM.DSC.PMP01,cooling_descaling_pump,189.319,207.3234,-0.5383,0.8802,395.2554,51.0024,0
2025-11-12 05:00:00,HSM.DSC.PMP01,cooling_descaling_pump,182.1641,205.684,-0.5282,0.8856,402.4606,55.6987,0
2025-11-12 06:00:00,HSM.DSC.PMP01,cooling_descaling_pump,196.8873,201.7966,-0.4855,1.0984,398.6819,59.7867,0
2025-11-12 07:00:00,HSM.DSC.PMP01,cooling_descaling_pump,143.6155,203.2065,0.8823,1.0718,398.4777,57.4977,0
2025-11-12 08:00:00,HSM.DSC.PMP01,cooling_descaling_pump,147.6736,209.3387,0.5285,0.9447,395.8687,60.5672,0
2025-11-12 09:00:00,HSM.DSC.PMP01,cooling_descaling_pump,168.634,202.5213,-0.4262,1.0733,401.6571,61.866,0
2025-11-12 10:00:00,HSM.DSC.PMP01,cooling_descaling_pump,171.6233,196.7525,-0.4304,0.6403,403.206,46.8647,0
2025-11-12 11:00:00,HSM.DSC.PMP01,cooling_descaling_pump,170.0447,201.6606,-0.139,1.2127,398.3766,58.4147,0
2025-11-12 12:00:00,HSM.DSC.PMP01,cooling_descaling_pump,170.7017,199.6619,-0.132,0.7899,407.8745,55.7772,0
2025-11-12 13:00:00,HSM.DSC.PMP01,cooling_descaling_pump,193.4847,198.5373,0.4129,1.3575,400.2956,59.8766,0
2025-11-12 14:00:00,HSM.DSC.PMP01,cooling_descaling_pump,188.4847,199.7529,-0.0848,1.1557,395.0749,59.763,0
2025-11-12 15:00:00,HSM.DSC.PMP01,cooling_descaling_pump,182.4313,205.0114,-0.8073,1.0785,408.3589,58.073,0
2025-11-12 16:00:00,HSM.DSC.PMP01,cooling_descaling_pump,173.1424,199.9454,0.3882,1.1527,397.5548,53.5627,0
2025-11-12 17:00:00,HSM.DSC.PMP01,cooling_descaling_pump,186.9423,202.658,1.1804,0.9886,401.8417,52.6097,0
2025-11-12 18:00:00,HSM.DSC.PMP01,cooling_descaling_pump,242.8249,198.8833,0.2762,1.2944,393.9943,60.8772,0
2025-11-12 19:00:00,HSM.DSC.PMP01,cooling_descaling_pump,229.8171,195.724,-0.4052,1.01,396.9408,56.8271,0
2025-11-12 20:00:00,HSM.DSC.PMP01,cooling_descaling_pump,209.5284,204.3902,0.6904,0.6453,400.5817,44.4158,0
2025-11-12 21:00:00,HSM.DSC.PMP01,cooling_descaling_pump,195.9573,197.6594,-0.0954,0.9993,395.8088,51.1902,0
2025-11-12 22:00:00,HSM.DSC.PMP01,cooling_descaling_pump,196.5378,198.1086,0.1827,0.832,405.6255,52.9021,0
2025-11-12 23:00:00,HSM.DSC.PMP01,cooling_descaling_pump,193.897,201.5933,-0.2739,0.9893,399.7691,59.0956,0
2025-11-13 00:00:00,HSM.DSC.PMP01,cooling_descaling_pump,185.8229,201.9921,0.4813,0.6272,401.646,43.6427,0
2025-11-13 01:00:00,HSM.DSC.PMP01,cooling_descaling_pump,234.4017,198.7901,-1.5519,0.7747,404.4325,58.7215,0
2025-11-13 02:00:00,HSM.DSC.PMP01,cooling_descaling_pump,191.517,192.3043,0.4929,0.8287,406.9776,47.702,0
2025-11-13 03:00:00,HSM.DSC.PMP01,cooling_descaling_pump,185.8067,197.7068,1.8648,0.9529,405.9941,61.6791,0
2025-11-13 04:00:00,HSM.DSC.PMP01,cooling_descaling_pump,179.0884,200.6639,0.2567,0.8512,405.7853,54.3275,0
2025-11-13 05:00:00,HSM.DSC.PMP01,cooling_descaling_pump,174.1298,198.6073,-0.665,0.7063,405.6627,44.3206,0
2025-11-13 06:00:00,HSM.DSC.PMP01,cooling_descaling_pump,195.1543,200.3083,-1.1369,1.0302,398.8673,54.2914,0
2025-11-13 07:00:00,HSM.DSC.PMP01,cooling_descaling_pump,183.8898,196.5796,0.0137,1.1682,396.9707,57.396,0
2025-11-13 08:00:00,HSM.DSC.PMP01,cooling_descaling_pump,186.782,189.2144,0.6525,0.9685,398.503,52.2741,0
2025-11-13 09:00:00,HSM.DSC.PMP01,cooling_descaling_pump,196.9495,200.2863,-0.222,0.8322,402.0017,50.1152,0
2025-11-13 10:00:00,HSM.DSC.PMP01,cooling_descaling_pump,138.9375,199.0428,0.4816,1.0324,391.8579,52.3677,0
2025-11-13 11:00:00,HSM.DSC.PMP01,cooling_descaling_pump,168.7065,197.5041,0.6725,1.2428,396.2608,59.1463,0
2025-11-13 12:00:00,HSM.DSC.PMP01,cooling_descaling_pump,196.6765,196.4621,0.6744,0.9592,397.1299,52.3352,0
2025-11-13 13:00:00,HSM.DSC.PMP01,cooling_descaling_pump,203.7801,196.8186,0.7772,1.0633,399.9303,59.834,0
2025-11-13 14:00:00,HSM.DSC.PMP01,cooling_descaling_pump,201.6015,200.2466,0.4351,0.9755,400.7367,54.0549,0
2025-11-13 15:00:00,HSM.DSC.PMP01,cooling_descaling_pump,211.3866,198.1187,-0.2086,0.9752,401.5099,56.7573,0
2025-11-13 16:00:00,HSM.DSC.PMP01,cooling_descaling_pump,187.2758,199.9974,-0.2495,1.0068,395.531,44.3863,0
2025-11-13 17:00:00,HSM.DSC.PMP01,cooling_descaling_pump,189.4261,202.9422,0.7415,0.9533,394.4055,58.0113,0
2025-11-13 18:00:00,HSM.DSC.PMP01,cooling_descaling_pump,178.113,196.0284,1.7463,0.7429,402.532,49.9974,0
2025-11-13 19:00:00,HSM.DSC.PMP01,cooling_descaling_pump,169.6525,199.6311,-0.3136,0.5656,408.3841,45.6748,0
2025-11-13 20:00:00,HSM.DSC.PMP01,cooling_descaling_pump,187.2944,198.0154,-0.7658,0.6682,398.7818,44.2609,0
2025-11-13 21:00:00,HSM.DSC.PMP01,cooling_descaling_pump,211.3113,197.2059,0.3207,0.948,401.3329,48.6848,0
2025-11-13 22:00:00,HSM.DSC.PMP01,cooling_descaling_pump,202.7838,198.805,0.0947,1.0405,399.4706,58.682,0
2025-11-13 23:00:00,HSM.DSC.PMP01,cooling_descaling_pump,205.2793,202.1485,-0.2655,1.0426,402.2598,52.2474,0
2025-11-14 00:00:00,HSM.DSC.PMP01,cooling_descaling_pump,170.8905,201.3382,-0.1845,1.1787,398.6109,61.1682,0
2025-11-14 01:00:00,HSM.DSC.PMP01,cooling_descaling_pump,196.4415,197.6415,-0.465,1.148,398.0659,52.5147,0
2025-11-14 02:00:00,HSM.DSC.PMP01,cooling_descaling_pump,148.0138,197.9956,0.38,0.9062,396.1184,50.0148,0
2025-11-14 03:00:00,HSM.DSC.PMP01,cooling_descaling_pump,180.5295,198.5996,-0.2047,0.9756,398.7513,53.3355,0
2025-11-14 04:00:00,HSM.DSC.PMP01,cooling_descaling_pump,194.0857,199.1239,-0.6375,1.3274,397.4148,61.119,0
2025-11-14 05:00:00,HSM.DSC.PMP01,cooling_descaling_pump,197.6434,197.2023,-0.1097,0.6884,400.1062,48.1601,0
2025-11-14 06:00:00,HSM.DSC.PMP01,cooling_descaling_pump,171.5013,198.2062,0.1224,1.2516,394.7395,54.5184,0
2025-11-14 07:00:00,HSM.DSC.PMP01,cooling_descaling_pump,171.8304,202.7081,-0.3897,0.8199,400.4683,53.9103,0
2025-11-14 08:00:00,HSM.DSC.PMP01,cooling_descaling_pump,182.214,204.662,-0.0612,0.8868,397.1058,53.1911,0
2025-11-14 09:00:00,HSM.DSC.PMP01,cooling_descaling_pump,187.4706,198.5125,-0.0574,1.1175,400.3686,54.3187,0
2025-11-14 10:00:00,HSM.DSC.PMP01,cooling_descaling_pump,202.2237,199.2213,0.1251,1.0575,399.1623,51.6081,0
2025-11-14 11:00:00,HSM.DSC.PMP01,cooling_descaling_pump,201.0819,206.6916,-1.1064,0.9464,399.461,55.4272,0
2025-11-14 12:00:00,HSM.DSC.PMP01,cooling_descaling_pump,210.7644,200.5709,0.3009,1.0458,396.8932,53.5596,0
2025-11-14 13:00:00,HSM.DSC.PMP01,cooling_descaling_pump,183.1457,199.0437,0.5887,1.1102,395.6005,53.3539,0
2025-11-14 14:00:00,HSM.DSC.PMP01,cooling_descaling_pump,189.9721,202.8384,-0.8996,0.9657,397.1853,56.0572,0
2025-11-14 15:00:00,HSM.DSC.PMP01,cooling_descaling_pump,195.2856,197.5136,-0.887,1.0334,395.8466,50.5275,0
2025-11-14 16:00:00,HSM.DSC.PMP01,cooling_descaling_pump,204.0432,195.964,0.2081,1.0999,406.9564,52.9836,0
2025-11-14 17:00:00,HSM.DSC.PMP01,cooling_descaling_pump,143.0758,203.2275,-0.3239,0.852,393.0061,52.1183,0
2025-11-14 18:00:00,HSM.DSC.PMP01,cooling_descaling_pump,175.4165,194.2957,-0.8194,1.2167,402.6844,57.9003,0
2025-11-14 19:00:00,HSM.DSC.PMP01,cooling_descaling_pump,157.4788,204.0383,1.2818,1.0452,404.5222,45.9189,0
2025-11-14 20:00:00,HSM.DSC.PMP01,cooling_descaling_pump,197.2944,197.2698,-0.0374,0.9928,400.954,55.8573,0
2025-11-14 21:00:00,HSM.DSC.PMP01,cooling_descaling_pump,130.0714,195.2127,0.1797,1.2775,403.4935,63.4768,0
2025-11-14 22:00:00,HSM.DSC.PMP01,cooling_descaling_pump,190.0953,200.705,0.4872,0.8139,402.605,49.7661,0
2025-11-14 23:00:00,HSM.DSC.PMP01,cooling_descaling_pump,163.5847,200.8426,-0.894,1.0913,399.3508,57.6753,0
2025-11-15 00:00:00,HSM.DSC.PMP01,cooling_descaling_pump,185.5713,198.0766,-0.2897,0.9718,394.8174,56.51,0
2025-11-15 01:00:00,HSM.DSC.PMP01,cooling_descaling_pump,156.1197,203.562,-0.2482,1.0718,398.9594,50.3355,0
2025-11-15 02:00:00,HSM.DSC.PMP01,cooling_descaling_pump,183.684,202.1551,-1.2285,0.7219,404.2529,48.9445,0
2025-11-15 03:00:00,HSM.DSC.PMP01,cooling_descaling_pump,186.7315,198.2169,0.171,1.1614,397.5256,53.3116,0
2025-11-15 04:00:00,HSM.DSC.PMP01,cooling_descaling_pump,190.6548,193.8927,0.4222,1.2169,399.5082,58.3494,0
2025-11-15 05:00:00,HSM.DSC.PMP01,cooling_descaling_pump,212.6274,199.5091,-0.2452,1.0552,404.693,56.186,0
2025-11-15 06:00:00,HSM.DSC.PMP01,cooling_descaling_pump,197.9348,203.1554,-0.7244,0.9211,396.573,55.1647,0
2025-11-15 07:00:00,HSM.DSC.PMP01,cooling_descaling_pump,178.6674,204.9711,-0.6609,0.9207,400.5206,54.6747,0
2025-11-15 08:00:00,HSM.DSC.PMP01,cooling_descaling_pump,201.1544,202.6443,1.4809,0.9167,396.0985,59.0442,0
2025-11-15 09:00:00,HSM.DSC.PMP01,cooling_descaling_pump,151.6806,205.9077,0.6386,1.0291,403.9734,58.7468,0
2025-11-15 10:00:00,HSM.DSC.PMP01,cooling_descaling_pump,138.6509,202.4864,-0.0387,0.9396,401.4169,56.8724,0
2025-11-15 11:00:00,HSM.DSC.PMP01,cooling_descaling_pump,169.5604,200.2336,0.0929,0.9066,395.2562,51.7682,0
2025-11-15 12:00:00,HSM.DSC.PMP01,cooling_descaling_pump,174.0086,204.9969,-0.5465,1.2494,394.9196,56.855,0
2025-11-15 13:00:00,HSM.DSC.PMP01,cooling_descaling_pump,182.851,196.6233,-1.7327,0.6006,399.091,45.8467,0
2025-11-15 14:00:00,HSM.DSC.PMP01,cooling_descaling_pump,155.1261,200.9074,0.1542,0.7013,403.9001,51.5706,0
2025-11-15 15:00:00,HSM.DSC.PMP01,cooling_descaling_pump,163.4114,201.3224,0.3601,1.1019,396.776,55.1288,0
2025-11-15 16:00:00,HSM.DSC.PMP01,cooling_descaling_pump,171.0987,199.8425,-0.3003,1.2019,396.9126,59.4834,0
2025-11-15 17:00:00,HSM.DSC.PMP01,cooling_descaling_pump,176.2778,204.0616,0.25,0.7589,400.6517,50.6515,0
2025-11-15 18:00:00,HSM.DSC.PMP01,cooling_descaling_pump,185.1345,195.8973,-0.2785,0.7841,398.8472,48.6053,0
2025-11-15 19:00:00,HSM.DSC.PMP01,cooling_descaling_pump,168.3515,198.3619,0.9883,0.9537,403.7888,54.8844,0
2025-11-15 20:00:00,HSM.DSC.PMP01,cooling_descaling_pump,191.0239,193.7591,-0.7311,1.1124,402.5992,55.3494,0
2025-11-15 21:00:00,HSM.DSC.PMP01,cooling_descaling_pump,154.6726,198.1832,-0.5803,0.8907,398.8491,51.0154,0
2025-11-15 22:00:00,HSM.DSC.PMP01,cooling_descaling_pump,226.0631,194.859,-1.8558,0.9863,403.5079,60.5778,0
2025-11-15 23:00:00,HSM.DSC.PMP01,cooling_descaling_pump,154.9335,194.4414,0.6344,1.1739,402.5412,63.7675,0
2025-11-16 00:00:00,HSM.DSC.PMP01,cooling_descaling_pump,199.7358,195.2844,0.0036,0.9925,401.0529,51.6582,0
2025-11-16 01:00:00,HSM.DSC.PMP01,cooling_descaling_pump,177.6211,199.274,-0.6155,1.1628,403.0937,57.9818,0
2025-11-16 02:00:00,HSM.DSC.PMP01,cooling_descaling_pump,167.4598,195.6884,-0.4022,1.209,400.5292,55.9649,0
2025-11-16 03:00:00,HSM.DSC.PMP01,cooling_descaling_pump,179.4592,193.2613,0.7894,0.8583,404.5169,48.733,0
2025-11-16 04:00:00,HSM.DSC.PMP01,cooling_descaling_pump,190.9152,197.6899,0.0249,0.9959,401.0077,52.2829,0
2025-11-16 05:00:00,HSM.DSC.PMP01,cooling_descaling_pump,167.243,194.6304,1.4083,0.9606,396.1452,54.491,0
2025-11-16 06:00:00,HSM.DSC.PMP01,cooling_descaling_pump,203.7943,203.5877,0.6851,0.9877,402.2224,53.9238,0
2025-11-16 07:00:00,HSM.DSC.PMP01,cooling_descaling_pump,167.0563,199.5903,0.1716,1.0079,397.4892,54.6247,0
2025-11-16 08:00:00,HSM.DSC.PMP01,cooling_descaling_pump,194.5701,200.1895,0.2256,1.2412,397.6199,56.7912,0
2025-11-16 09:00:00,HSM.DSC.PMP01,cooling_descaling_pump,199.1158,203.0469,0.6837,0.9344,402.5009,58.428,0
2025-11-16 10:00:00,HSM.DSC.PMP01,cooling_descaling_pump,216.2997,197.4497,-0.705,0.8277,401.4916,51.9699,0
2025-11-16 11:00:00,HSM.DSC.PMP01,cooling_descaling_pump,182.6493,201.5571,0.7218,1.0063,401.0293,63.7779,0
2025-11-16 12:00:00,HSM.DSC.PMP01,cooling_descaling_pump,162.2438,195.6712,0.6573,1.0634,399.758,52.1145,0
2025-11-16 13:00:00,HSM.DSC.PMP01,cooling_descaling_pump,196.3873,205.1787,0.3288,0.5978,398.5979,48.7789,0
2025-11-16 14:00:00,HSM.DSC.PMP01,cooling_descaling_pump,191.6316,197.4495,0.3868,0.6462,399.9213,49.4826,0
2025-11-16 15:00:00,HSM.DSC.PMP01,cooling_descaling_pump,202.2759,200.5574,-0.6354,0.828,401.1132,53.0189,0
2025-11-16 16:00:00,HSM.DSC.PMP01,cooling_descaling_pump,145.6481,204.0255,0.0613,1.2382,399.4766,60.3876,0
2025-11-16 17:00:00,HSM.DSC.PMP01,cooling_descaling_pump,163.343,198.9429,-0.7921,0.9662,401.8134,49.087,0
2025-11-16 18:00:00,HSM.DSC.PMP01,cooling_descaling_pump,145.9105,203.4312,0.6246,0.7847,403.5379,49.0903,0
2025-11-16 19:00:00,HSM.DSC.PMP01,cooling_descaling_pump,182.5052,200.2304,0.2015,1.0905,394.1712,54.4363,0
2025-11-16 20:00:00,HSM.DSC.PMP01,cooling_descaling_pump,177.5179,196.1843,-0.1482,1.1062,403.4261,57.2629,0
2025-11-16 21:00:00,HSM.DSC.PMP01,cooling_descaling_pump,172.2967,196.6375,0.3209,1.1565,408.5753,53.2876,0
2025-11-16 22:00:00,HSM.DSC.PMP01,cooling_descaling_pump,197.1066,201.4446,0.5088,0.8901,400.1303,48.994,0
2025-11-16 23:00:00,HSM.DSC.PMP01,cooling_descaling_pump,129.3515,197.5494,-0.0693,1.1887,403.9664,52.8854,0
2025-11-17 00:00:00,HSM.DSC.PMP01,cooling_descaling_pump,196.3581,202.8954,0.1935,0.9668,403.47,58.3954,0
2025-11-17 01:00:00,HSM.DSC.PMP01,cooling_descaling_pump,170.1516,196.6063,-1.0651,1.0899,394.7423,54.5041,0
2025-11-17 02:00:00,HSM.DSC.PMP01,cooling_descaling_pump,231.7556,198.7391,-0.101,1.1344,401.6325,57.3948,0
2025-11-17 03:00:00,HSM.DSC.PMP01,cooling_descaling_pump,160.2184,197.6708,-0.0087,1.1234,393.4133,52.0203,0
2025-11-17 04:00:00,HSM.DSC.PMP01,cooling_descaling_pump,192.0275,200.8096,-0.9304,1.0276,393.6502,54.6665,0
2025-11-17 05:00:00,HSM.DSC.PMP01,cooling_descaling_pump,159.9646,199.6011,-0.8628,1.0179,399.1634,51.2903,0
2025-11-17 06:00:00,HSM.DSC.PMP01,cooling_descaling_pump,195.5383,200.2102,-0.4855,0.9163,405.4424,62.8606,0
2025-11-17 07:00:00,HSM.DSC.PMP01,cooling_descaling_pump,206.8198,195.8232,0.147,1.3723,402.5594,62.9801,0
2025-11-17 08:00:00,HSM.DSC.PMP01,cooling_descaling_pump,213.4579,196.2918,0.7149,0.7312,400.0228,50.737,0
2025-11-17 09:00:00,HSM.DSC.PMP01,cooling_descaling_pump,180.0174,197.0718,0.9573,0.9083,405.3138,52.355,0
2025-11-17 10:00:00,HSM.DSC.PMP01,cooling_descaling_pump,163.8958,195.1636,-0.1704,1.009,398.2268,53.5318,0
2025-11-17 11:00:00,HSM.DSC.PMP01,cooling_descaling_pump,171.0827,196.8761,0.3905,0.9108,399.5903,50.5113,0
2025-11-17 12:00:00,HSM.DSC.PMP01,cooling_descaling_pump,208.1081,194.6324,-0.5104,1.0686,394.9261,60.1247,0
2025-11-17 13:00:00,HSM.DSC.PMP01,cooling_descaling_pump,181.8012,198.1091,-0.3373,1.0383,395.178,51.7614,0
2025-11-17 14:00:00,HSM.DSC.PMP01,cooling_descaling_pump,176.2399,200.8919,0.5214,1.0201,394.7798,50.5438,0
2025-11-17 15:00:00,HSM.DSC.PMP01,cooling_descaling_pump,159.4736,204.2818,0.0691,0.9275,393.3151,50.0392,0
2025-11-17 16:00:00,HSM.DSC.PMP01,cooling_descaling_pump,193.0793,209.2632,0.1831,1.0432,393.4762,57.7312,0
2025-11-17 17:00:00,HSM.DSC.PMP01,cooling_descaling_pump,186.2464,201.1012,-0.4815,0.8533,400.2755,55.3038,0
2025-11-17 18:00:00,HSM.DSC.PMP01,cooling_descaling_pump,156.3798,198.1785,0.4495,0.9971,394.5271,53.08,0
2025-11-17 19:00:00,HSM.DSC.PMP01,cooling_descaling_pump,200.827,204.3504,-0.7418,0.8062,399.2575,51.1794,0
2025-11-17 20:00:00,HSM.DSC.PMP01,cooling_descaling_pump,233.6261,202.8958,-0.292,0.9962,396.0936,55.9746,0
2025-11-17 21:00:00,HSM.DSC.PMP01,cooling_descaling_pump,191.4583,198.6661,-1.2607,1.0981,405.2451,62.3536,0
2025-11-17 22:00:00,HSM.DSC.PMP01,cooling_descaling_pump,158.6244,197.1245,-0.8369,1.202,400.2007,50.2708,0
2025-11-17 23:00:00,HSM.DSC.PMP01,cooling_descaling_pump,204.7025,202.2177,0.1156,0.7701,406.911,45.3824,0
2025-11-18 00:00:00,HSM.DSC.PMP01,cooling_descaling_pump,215.9918,208.9384,0.2588,0.628,408.7567,51.7888,0
2025-11-18 01:00:00,HSM.DSC.PMP01,cooling_descaling_pump,163.7195,199.5431,-0.7016,0.7812,409.8755,46.2658,0
2025-11-18 02:00:00,HSM.DSC.PMP01,cooling_descaling_pump,157.5658,199.7336,0.0459,1.1249,391.8629,54.8554,0
2025-11-18 03:00:00,HSM.DSC.PMP01,cooling_descaling_pump,213.5807,197.8551,-0.4525,0.8809,398.197,52.2768,0
2025-11-18 04:00:00,HSM.DSC.PMP01,cooling_descaling_pump,201.6931,193.8331,0.1576,1.2209,396.7837,53.5752,0
2025-11-18 05:00:00,HSM.DSC.PMP01,cooling_descaling_pump,235.2169,205.7435,-0.6853,0.9443,394.8256,57.0567,0
2025-11-18 06:00:00,HSM.DSC.PMP01,cooling_descaling_pump,163.3296,204.45,-0.9763,1.1199,396.8882,55.2758,0
2025-11-18 07:00:00,HSM.DSC.PMP01,cooling_descaling_pump,189.8934,197.4919,-0.6058,1.2154,397.8483,53.7774,0
2025-11-18 08:00:00,HSM.DSC.PMP01,cooling_descaling_pump,184.8013,199.6417,0.6277,0.9673,398.6194,47.0824,0
2025-11-18 09:00:00,HSM.DSC.PMP01,cooling_descaling_pump,214.4009,199.3433,1.1076,0.7219,405.4898,56.6076,0
2025-11-18 10:00:00,HSM.DSC.PMP01,cooling_descaling_pump,192.7794,199.58,0.8521,1.2845,402.4093,51.4609,0
2025-11-18 11:00:00,HSM.DSC.PMP01,cooling_descaling_pump,164.2479,198.1394,-0.8515,1.0578,401.3256,50.9141,0
2025-11-18 12:00:00,HSM.DSC.PMP01,cooling_descaling_pump,187.527,199.9003,0.5688,0.8161,400.3263,58.7703,0
2025-11-18 13:00:00,HSM.DSC.PMP01,cooling_descaling_pump,177.4537,203.641,0.5443,0.8261,400.3145,48.5567,0
2025-11-18 14:00:00,HSM.DSC.PMP01,cooling_descaling_pump,188.802,205.767,0.6922,0.9609,398.2696,50.847,0
2025-11-18 15:00:00,HSM.DSC.PMP01,cooling_descaling_pump,183.8641,197.1498,0.4463,1.1212,394.9831,59.2606,0
2025-11-18 16:00:00,HSM.DSC.PMP01,cooling_descaling_pump,173.6918,204.1532,1.2714,1.1626,396.1943,51.3263,0
2025-11-18 17:00:00,HSM.DSC.PMP01,cooling_descaling_pump,158.3135,202.4599,1.1204,1.3165,397.8924,61.8104,0
2025-11-18 18:00:00,HSM.DSC.PMP01,cooling_descaling_pump,190.7312,201.3435,-0.4872,1.0794,400.7043,49.6286,0
2025-11-18 19:00:00,HSM.DSC.PMP01,cooling_descaling_pump,220.9787,205.3102,-1.442,0.6844,404.3676,50.0714,0
2025-11-18 20:00:00,HSM.DSC.PMP01,cooling_descaling_pump,168.2054,201.3408,-0.7699,1.1182,397.4138,59.6085,0
2025-11-18 21:00:00,HSM.DSC.PMP01,cooling_descaling_pump,194.8338,194.8141,0.3543,0.8458,403.0393,51.1381,0
2025-11-18 22:00:00,HSM.DSC.PMP01,cooling_descaling_pump,149.3055,198.0104,-0.1318,0.8577,396.1694,48.4208,0
2025-11-18 23:00:00,HSM.DSC.PMP01,cooling_descaling_pump,223.5273,203.2358,-0.4293,0.7224,401.665,48.5298,0
2025-11-19 00:00:00,HSM.DSC.PMP01,cooling_descaling_pump,210.0776,195.7988,0.786,1.1532,398.8777,55.1717,0
2025-11-19 01:00:00,HSM.DSC.PMP01,cooling_descaling_pump,173.0883,197.1393,-1.2707,0.8174,404.3603,50.0149,0
2025-11-19 02:00:00,HSM.DSC.PMP01,cooling_descaling_pump,198.2455,199.734,-0.6175,0.8306,400.4724,51.9715,0
2025-11-19 03:00:00,HSM.DSC.PMP01,cooling_descaling_pump,173.7424,200.3584,0.9104,0.9005,405.5215,56.6355,0
2025-11-19 04:00:00,HSM.DSC.PMP01,cooling_descaling_pump,195.8122,204.4071,-1.1187,1.0398,398.7838,66.7408,0
2025-11-19 05:00:00,HSM.DSC.PMP01,cooling_descaling_pump,180.8761,200.9986,-0.4208,1.0474,396.6946,57.2623,0
2025-11-19 06:00:00,HSM.DSC.PMP01,cooling_descaling_pump,218.0084,201.0812,0.202,0.8423,404.3334,56.0377,0
2025-11-19 07:00:00,HSM.DSC.PMP01,cooling_descaling_pump,155.7229,199.3882,0.8752,0.7293,400.2492,47.7544,0
2025-11-19 08:00:00,HSM.DSC.PMP01,cooling_descaling_pump,189.4962,197.067,-0.1992,1.158,395.151,60.8915,0
2025-11-19 09:00:00,HSM.DSC.PMP01,cooling_descaling_pump,187.1459,203.1869,0.4764,1.1624,405.9332,57.6287,0
2025-11-19 10:00:00,HSM.DSC.PMP01,cooling_descaling_pump,152.1622,197.3639,0.4431,1.0438,398.814,50.5214,0
2025-11-19 11:00:00,HSM.DSC.PMP01,cooling_descaling_pump,146.8881,200.7251,-0.2796,1.2301,404.2816,61.8914,0
2025-11-19 12:00:00,HSM.DSC.PMP01,cooling_descaling_pump,169.3813,198.2289,-1.2089,1.0875,396.7654,59.729,0
2025-11-19 13:00:00,HSM.DSC.PMP01,cooling_descaling_pump,198.5196,194.1163,0.8709,0.981,400.8838,57.9478,0
2025-11-19 14:00:00,HSM.DSC.PMP01,cooling_descaling_pump,206.0478,200.7273,-0.5349,0.6822,396.4042,48.7385,0
2025-11-19 15:00:00,HSM.DSC.PMP01,cooling_descaling_pump,176.6296,199.5323,0.4305,1.1239,396.6115,55.9405,0
2025-11-19 16:00:00,HSM.DSC.PMP01,cooling_descaling_pump,172.0652,198.0656,-0.6641,0.9177,404.2887,47.2552,0
2025-11-19 17:00:00,HSM.DSC.PMP01,cooling_descaling_pump,185.7756,198.5216,1.087,1.093,403.5664,53.8667,0
2025-11-19 18:00:00,HSM.DSC.PMP01,cooling_descaling_pump,208.8364,198.5426,1.3261,1.0946,395.6946,71.9602,0
2025-11-19 19:00:00,HSM.DSC.PMP01,cooling_descaling_pump,192.538,199.6083,0.8504,0.802,405.4,50.1585,0
2025-11-19 20:00:00,HSM.DSC.PMP01,cooling_descaling_pump,182.7093,196.9692,-0.1419,1.0376,399.6724,58.2877,0
2025-11-19 21:00:00,HSM.DSC.PMP01,cooling_descaling_pump,194.9686,201.8848,1.6286,0.9667,404.5313,52.1297,0
2025-11-19 22:00:00,HSM.DSC.PMP01,cooling_descaling_pump,157.5747,202.7162,0.2299,0.9144,406.7913,61.7415,0
2025-11-19 23:00:00,HSM.DSC.PMP01,cooling_descaling_pump,203.8836,204.3717,-0.6811,0.8993,401.0927,56.5184,0
2025-11-20 00:00:00,HSM.DSC.PMP01,cooling_descaling_pump,192.0181,202.0844,-0.5937,1.1696,402.035,63.0871,0
2025-11-20 01:00:00,HSM.DSC.PMP01,cooling_descaling_pump,234.1921,199.3102,-0.032,0.7806,402.3892,52.9053,0
2025-11-20 02:00:00,HSM.DSC.PMP01,cooling_descaling_pump,177.9058,196.857,1.0827,0.8522,399.6567,48.5529,0
2025-11-20 03:00:00,HSM.DSC.PMP01,cooling_descaling_pump,210.2922,194.8405,-0.5551,1.0858,395.7214,53.741,0
2025-11-20 04:00:00,HSM.DSC.PMP01,cooling_descaling_pump,231.9532,203.4908,-0.5222,0.9008,400.9018,52.61,0
2025-11-20 05:00:00,HSM.DSC.PMP01,cooling_descaling_pump,201.3162,195.8247,-1.1856,0.9622,400.9696,55.1845,0
2025-11-20 06:00:00,HSM.DSC.PMP01,cooling_descaling_pump,125.3151,208.9068,0.4166,1.0577,399.1737,55.0238,0
2025-11-20 07:00:00,HSM.DSC.PMP01,cooling_descaling_pump,206.6397,201.3599,-1.4973,0.9053,398.6504,59.1012,0
2025-11-20 08:00:00,HSM.DSC.PMP01,cooling_descaling_pump,173.5896,202.6704,-0.9288,1.2171,400.0444,58.4289,0
2025-11-20 09:00:00,HSM.DSC.PMP01,cooling_descaling_pump,178.4548,201.6193,0.444,0.7384,403.6963,52.991,0
2025-11-20 10:00:00,HSM.DSC.PMP01,cooling_descaling_pump,153.5981,197.9517,-0.4405,1.1239,399.2681,55.4849,0
2025-11-20 11:00:00,HSM.DSC.PMP01,cooling_descaling_pump,175.2794,199.0002,-1.145,0.91,400.3077,51.612,0
2025-11-20 12:00:00,HSM.DSC.PMP01,cooling_descaling_pump,215.1138,199.4133,0.4074,0.6532,406.8156,56.906,0
2025-11-20 13:00:00,HSM.DSC.PMP01,cooling_descaling_pump,171.7549,197.5857,1.0742,0.9999,401.1139,58.8135,0
2025-11-20 14:00:00,HSM.DSC.PMP01,cooling_descaling_pump,193.668,199.5119,-0.705,1.1544,402.0384,56.511,0
2025-11-20 15:00:00,HSM.DSC.PMP01,cooling_descaling_pump,184.0369,200.9782,-0.0719,0.8446,403.1091,49.8703,0
2025-11-20 16:00:00,HSM.DSC.PMP01,cooling_descaling_pump,196.0165,202.8879,-0.8349,1.0007,402.314,51.1581,0
2025-11-20 17:00:00,HSM.DSC.PMP01,cooling_descaling_pump,174.0123,197.8393,-0.5115,1.0119,401.219,52.5905,0
2025-11-20 18:00:00,HSM.DSC.PMP01,cooling_descaling_pump,167.3773,193.4026,1.0219,1.1671,397.305,56.8985,0
2025-11-20 19:00:00,HSM.DSC.PMP01,cooling_descaling_pump,178.8369,199.751,-0.1574,0.9436,402.5619,58.5927,0
2025-11-20 20:00:00,HSM.DSC.PMP01,cooling_descaling_pump,203.6727,204.1523,0.0324,1.1859,394.3409,48.7598,0
2025-11-20 21:00:00,HSM.DSC.PMP01,cooling_descaling_pump,182.3378,203.7593,-0.6585,0.8434,395.062,50.4625,0
2025-11-20 22:00:00,HSM.DSC.PMP01,cooling_descaling_pump,195.0349,197.285,-0.1446,1.1365,398.8451,49.3456,0
2025-11-20 23:00:00,HSM.DSC.PMP01,cooling_descaling_pump,174.7416,200.7476,0.4052,0.9217,401.2775,49.9599,0
2025-11-21 00:00:00,HSM.DSC.PMP01,cooling_descaling_pump,187.5255,206.2551,-0.6162,1.0438,392.1539,61.3338,0
2025-11-21 01:00:00,HSM.DSC.PMP01,cooling_descaling_pump,159.0915,199.8088,-0.4675,0.7769,409.2403,52.384,0
2025-11-21 02:00:00,HSM.DSC.PMP01,cooling_descaling_pump,172.6275,196.814,0.1508,1.2609,396.1428,61.5189,0
2025-11-21 03:00:00,HSM.DSC.PMP01,cooling_descaling_pump,195.6742,206.6592,0.1757,0.5907,399.7113,48.6093,0
2025-11-21 04:00:00,HSM.DSC.PMP01,cooling_descaling_pump,160.3737,199.1536,0.5116,1.1184,403.1383,54.4587,0
2025-11-21 05:00:00,HSM.DSC.PMP01,cooling_descaling_pump,226.2009,203.1867,0.5987,0.6141,397.201,44.8109,0
2025-11-21 06:00:00,HSM.DSC.PMP01,cooling_descaling_pump,198.8454,204.6274,0.1239,0.8576,410.1717,60.7662,0
2025-11-21 07:00:00,HSM.DSC.PMP01,cooling_descaling_pump,201.4112,199.4669,0.9193,1.3307,392.8721,72.073,0
2025-11-21 08:00:00,HSM.DSC.PMP01,cooling_descaling_pump,181.6872,206.7757,0.6387,1.2098,400.1189,60.888,0
2025-11-21 09:00:00,HSM.DSC.PMP01,cooling_descaling_pump,199.2681,202.1935,1.0539,0.8584,400.3426,60.1281,0
2025-11-21 10:00:00,HSM.DSC.PMP01,cooling_descaling_pump,184.1898,200.9291,-0.3406,1.0401,402.7885,56.4313,0
2025-11-21 11:00:00,HSM.DSC.PMP01,cooling_descaling_pump,198.9901,205.966,1.1408,1.2247,397.7858,59.2936,0
2025-11-21 12:00:00,HSM.DSC.PMP01,cooling_descaling_pump,168.3112,198.7965,0.0774,1.0841,395.732,57.2402,0
2025-11-21 13:00:00,HSM.DSC.PMP01,cooling_descaling_pump,176.213,199.8798,0.5572,0.945,401.5308,55.8554,0
2025-11-21 14:00:00,HSM.DSC.PMP01,cooling_descaling_pump,203.1253,199.3813,-0.8527,0.9419,393.2666,49.9484,0
2025-11-21 15:00:00,HSM.DSC.PMP01,cooling_descaling_pump,165.3289,193.902,-1.4719,1.2225,400.7113,50.8181,0
2025-11-21 16:00:00,HSM.DSC.PMP01,cooling_descaling_pump,201.8459,198.7035,-1.0296,0.8892,402.72,51.4956,0
2025-11-21 17:00:00,HSM.DSC.PMP01,cooling_descaling_pump,181.0291,204.2611,1.0084,0.8775,399.6713,49.5458,0
2025-11-21 18:00:00,HSM.DSC.PMP01,cooling_descaling_pump,217.5814,203.3562,0.4202,0.9991,396.2321,55.9643,0
2025-11-21 19:00:00,HSM.DSC.PMP01,cooling_descaling_pump,166.0198,198.4147,-0.8479,1.2056,399.3438,51.3905,0
2025-11-21 20:00:00,HSM.DSC.PMP01,cooling_descaling_pump,191.7195,199.7318,0.4991,1.0937,396.7716,56.6076,0
2025-11-21 21:00:00,HSM.DSC.PMP01,cooling_descaling_pump,180.6579,198.0861,1.1067,0.9732,405.0463,46.9531,0
2025-11-21 22:00:00,HSM.DSC.PMP01,cooling_descaling_pump,196.2779,201.8485,-0.6956,1.0159,397.5703,58.6908,0
2025-11-21 23:00:00,HSM.DSC.PMP01,cooling_descaling_pump,146.9272,200.399,1.173,0.9538,401.3849,49.8667,0
2025-11-22 00:00:00,HSM.DSC.PMP01,cooling_descaling_pump,177.4394,198.4646,0.6788,0.8875,401.4758,58.3996,0
2025-11-22 01:00:00,HSM.DSC.PMP01,cooling_descaling_pump,202.1777,203.2988,0.919,1.0101,401.9399,56.108,0
2025-11-22 02:00:00,HSM.DSC.PMP01,cooling_descaling_pump,174.9021,193.0786,0.0352,1.0389,394.1594,56.3007,0
2025-11-22 03:00:00,HSM.DSC.PMP01,cooling_descaling_pump,212.366,200.2506,-0.2937,0.8399,395.5736,42.2597,0
2025-11-22 04:00:00,HSM.DSC.PMP01,cooling_descaling_pump,210.4509,198.9274,-0.0303,0.9127,397.4972,54.7526,0
2025-11-22 05:00:00,HSM.DSC.PMP01,cooling_descaling_pump,184.0624,202.9189,1.0256,0.8994,399.3247,58.5299,0
2025-11-22 06:00:00,HSM.DSC.PMP01,cooling_descaling_pump,155.8246,197.8114,-0.3615,1.0176,404.2975,55.5666,0
2025-11-22 07:00:00,HSM.DSC.PMP01,cooling_descaling_pump,192.5379,199.2828,0.762,1.0491,398.768,55.2015,0
2025-11-22 08:00:00,HSM.DSC.PMP01,cooling_descaling_pump,221.7787,202.1547,-0.3115,0.8823,401.0741,54.67,0
2025-11-22 09:00:00,HSM.DSC.PMP01,cooling_descaling_pump,191.32,205.2391,-0.7986,0.7955,397.523,53.009,0
2025-11-22 10:00:00,HSM.DSC.PMP01,cooling_descaling_pump,191.199,202.2597,-0.153,1.1116,407.7865,56.7152,0
2025-11-22 11:00:00,HSM.DSC.PMP01,cooling_descaling_pump,176.2246,200.9229,-1.2087,0.7545,394.534,49.2271,0
2025-11-22 12:00:00,HSM.DSC.PMP01,cooling_descaling_pump,215.0489,194.5898,0.5825,1.0141,398.6336,56.1507,0
2025-11-22 13:00:00,HSM.DSC.PMP01,cooling_descaling_pump,171.9544,201.0508,0.337,1.1478,398.8542,56.4281,0
2025-11-22 14:00:00,HSM.DSC.PMP01,cooling_descaling_pump,187.8778,192.9084,-0.1928,0.953,399.7898,52.4329,0
2025-11-22 15:00:00,HSM.DSC.PMP01,cooling_descaling_pump,171.9615,202.1291,-1.0326,0.9766,394.8385,54.4954,0
2025-11-22 16:00:00,HSM.DSC.PMP01,cooling_descaling_pump,221.3889,198.6811,0.3176,0.9122,399.9698,53.1918,0
2025-11-22 17:00:00,HSM.DSC.PMP01,cooling_descaling_pump,225.0795,197.4845,0.0336,1.1806,401.0378,57.4632,0
2025-11-22 18:00:00,HSM.DSC.PMP01,cooling_descaling_pump,176.5878,197.9974,-0.1597,1.2175,400.6051,59.4078,0
2025-11-22 19:00:00,HSM.DSC.PMP01,cooling_descaling_pump,182.7045,203.2489,0.0371,0.9132,403.5768,53.8775,0
2025-11-22 20:00:00,HSM.DSC.PMP01,cooling_descaling_pump,168.7365,202.8199,0.0935,0.8829,398.6829,48.0131,0
2025-11-22 21:00:00,HSM.DSC.PMP01,cooling_descaling_pump,196.76,197.4568,-0.6093,1.153,395.8413,59.5418,0
2025-11-22 22:00:00,HSM.DSC.PMP01,cooling_descaling_pump,178.811,195.7066,-0.5595,0.7369,400.6968,45.1534,0
2025-11-22 23:00:00,HSM.DSC.PMP01,cooling_descaling_pump,169.4822,195.5747,0.5215,0.7585,405.6977,53.1305,0
2025-11-23 00:00:00,HSM.DSC.PMP01,cooling_descaling_pump,193.9103,204.2531,0.464,0.6937,407.18,55.4552,0
2025-11-23 01:00:00,HSM.DSC.PMP01,cooling_descaling_pump,213.8731,200.5438,-0.0677,0.994,399.9176,59.0935,0
2025-11-23 02:00:00,HSM.DSC.PMP01,cooling_descaling_pump,154.2921,196.2772,0.7083,0.9677,401.9533,55.1499,0
2025-11-23 03:00:00,HSM.DSC.PMP01,cooling_descaling_pump,181.3032,200.2566,-1.7391,1.0884,397.6312,63.0311,0
2025-11-23 04:00:00,HSM.DSC.PMP01,cooling_descaling_pump,187.7279,199.8328,-0.7883,1.0838,401.2099,64.4261,0
2025-11-23 05:00:00,HSM.DSC.PMP01,cooling_descaling_pump,212.7718,200.6315,0.298,0.6697,406.6711,54.252,0
2025-11-23 06:00:00,HSM.DSC.PMP01,cooling_descaling_pump,199.3775,200.8077,-1.4685,1.3572,395.1549,59.3231,0
2025-11-23 07:00:00,HSM.DSC.PMP01,cooling_descaling_pump,173.7859,201.9292,0.3171,0.8073,401.3832,45.7486,0
2025-11-23 08:00:00,HSM.DSC.PMP01,cooling_descaling_pump,175.2618,197.9814,0.2577,1.1315,399.2279,59.6785,0
2025-11-23 09:00:00,HSM.DSC.PMP01,cooling_descaling_pump,163.0556,200.2561,1.1457,0.839,405.5269,54.6779,0
2025-11-23 10:00:00,HSM.DSC.PMP01,cooling_descaling_pump,169.3436,204.0877,0.8739,0.7711,400.0207,61.7982,0
2025-11-23 11:00:00,HSM.DSC.PMP01,cooling_descaling_pump,142.61,197.177,0.0049,1.0597,394.3435,56.7497,0
2025-11-23 12:00:00,HSM.DSC.PMP01,cooling_descaling_pump,193.3872,203.6365,-0.889,0.8103,400.6106,51.6917,0
2025-11-23 13:00:00,HSM.DSC.PMP01,cooling_descaling_pump,195.0586,201.4372,-0.3159,0.7752,405.6291,56.9004,0
2025-11-23 14:00:00,HSM.DSC.PMP01,cooling_descaling_pump,238.4799,201.5346,-0.797,0.8262,405.9862,50.2932,0
2025-11-23 15:00:00,HSM.DSC.PMP01,cooling_descaling_pump,210.0949,198.8019,0.2899,1.1114,398.6765,58.2931,0
2025-11-23 16:00:00,HSM.DSC.PMP01,cooling_descaling_pump,186.0837,200.8317,-0.733,1.4274,403.122,70.8605,0
2025-11-23 17:00:00,HSM.DSC.PMP01,cooling_descaling_pump,245.8485,199.8291,-0.4337,0.8983,403.5849,50.9791,0
2025-11-23 18:00:00,HSM.DSC.PMP01,cooling_descaling_pump,130.4422,202.4394,-0.2831,1.0367,398.7518,53.5919,0
2025-11-23 19:00:00,HSM.DSC.PMP01,cooling_descaling_pump,160.2412,198.7004,-0.374,1.2431,397.862,57.6243,0
2025-11-23 20:00:00,HSM.DSC.PMP01,cooling_descaling_pump,191.5428,203.4168,-1.006,0.7066,395.8868,45.083,0
2025-11-23 21:00:00,HSM.DSC.PMP01,cooling_descaling_pump,201.1129,198.4442,-0.1874,1.0382,397.7524,56.1384,0
2025-11-23 22:00:00,HSM.DSC.PMP01,cooling_descaling_pump,175.421,197.2201,-0.7759,1.0849,403.314,56.9619,0
2025-11-23 23:00:00,HSM.DSC.PMP01,cooling_descaling_pump,187.1352,202.6972,1.0538,1.0025,395.7082,55.1868,0
2025-11-24 00:00:00,HSM.DSC.PMP01,cooling_descaling_pump,186.5532,200.6665,0.5364,0.984,404.1691,59.4076,0
2025-11-24 01:00:00,HSM.DSC.PMP01,cooling_descaling_pump,181.1508,201.8002,0.5355,1.2322,397.8957,60.4063,0
2025-11-24 02:00:00,HSM.DSC.PMP01,cooling_descaling_pump,169.5176,204.4568,-0.177,0.8376,398.0908,56.803,0
2025-11-24 03:00:00,HSM.DSC.PMP01,cooling_descaling_pump,174.7139,204.3319,-0.6507,1.2456,399.9009,69.368,0
2025-11-24 04:00:00,HSM.DSC.PMP01,cooling_descaling_pump,169.1445,198.6226,0.6768,0.7467,407.6064,56.3924,0
2025-11-24 05:00:00,HSM.DSC.PMP01,cooling_descaling_pump,167.1292,200.6052,0.8246,0.9985,398.5676,60.5944,0
2025-11-24 06:00:00,HSM.DSC.PMP01,cooling_descaling_pump,206.5371,197.94,0.1076,1.044,395.7918,50.766,0
2025-11-24 07:00:00,HSM.DSC.PMP01,cooling_descaling_pump,182.2491,205.8315,0.7919,0.9296,399.8566,49.9395,0
2025-11-24 08:00:00,HSM.DSC.PMP01,cooling_descaling_pump,172.5639,199.0927,0.6115,1.4491,396.5041,61.9434,0
2025-11-24 09:00:00,HSM.DSC.PMP01,cooling_descaling_pump,159.8028,194.4387,-1.4278,1.1319,404.1259,56.1094,0
2025-11-24 10:00:00,HSM.DSC.PMP01,cooling_descaling_pump,212.3572,199.167,-0.0752,1.0869,391.2583,53.1689,0
2025-11-24 11:00:00,HSM.DSC.PMP01,cooling_descaling_pump,177.6679,198.0906,0.8807,0.9457,398.0624,53.5746,0
2025-11-24 12:00:00,HSM.DSC.PMP01,cooling_descaling_pump,183.0946,197.1011,-1.075,1.1583,401.2091,61.0721,0
2025-11-24 13:00:00,HSM.DSC.PMP01,cooling_descaling_pump,187.0813,200.9853,-0.5825,0.8273,397.0997,53.7598,0
2025-11-24 14:00:00,HSM.DSC.PMP01,cooling_descaling_pump,186.3838,196.691,0.3365,0.9885,394.4597,47.5223,0
2025-11-24 15:00:00,HSM.DSC.PMP01,cooling_descaling_pump,184.2483,200.0223,0.1439,0.8322,393.7898,49.2986,0
2025-11-24 16:00:00,HSM.DSC.PMP01,cooling_descaling_pump,222.6026,200.4487,0.2475,0.5825,399.5634,44.4272,0
2025-11-24 17:00:00,HSM.DSC.PMP01,cooling_descaling_pump,218.3497,204.973,0.0584,1.1429,401.6024,64.6574,0
2025-11-24 18:00:00,HSM.DSC.PMP01,cooling_descaling_pump,199.5726,202.9301,0.4081,0.821,399.077,52.1338,0
2025-11-24 19:00:00,HSM.DSC.PMP01,cooling_descaling_pump,186.067,203.5311,-1.6146,1.1938,398.025,56.4426,0
2025-11-24 20:00:00,HSM.DSC.PMP01,cooling_descaling_pump,185.831,196.7145,0.286,1.1683,396.0346,51.6578,0
2025-11-24 21:00:00,HSM.DSC.PMP01,cooling_descaling_pump,149.439,197.4763,0.0727,1.1228,398.4648,55.8332,0
2025-11-24 22:00:00,HSM.DSC.PMP01,cooling_descaling_pump,166.168,194.9378,-0.0218,1.2296,405.2967,65.6409,0
2025-11-24 23:00:00,HSM.DSC.PMP01,cooling_descaling_pump,187.3494,198.8518,0.4514,1.0022,394.7805,58.0813,0
2025-11-25 00:00:00,HSM.DSC.PMP01,cooling_descaling_pump,167.1603,200.9492,-0.4322,1.1671,391.9258,56.6847,0
2025-11-25 01:00:00,HSM.DSC.PMP01,cooling_descaling_pump,152.776,196.6555,1.6428,0.9505,403.2482,52.1021,0
2025-11-25 02:00:00,HSM.DSC.PMP01,cooling_descaling_pump,159.0413,198.0204,-0.38,1.1146,403.668,63.9105,0
2025-11-25 03:00:00,HSM.DSC.PMP01,cooling_descaling_pump,175.0296,200.5337,0.5355,1.2388,393.21,52.6301,0
2025-11-25 04:00:00,HSM.DSC.PMP01,cooling_descaling_pump,207.6168,199.2713,-1.1829,0.6151,404.2131,49.3109,0
2025-11-25 05:00:00,HSM.DSC.PMP01,cooling_descaling_pump,208.3066,197.7397,-0.2237,0.8549,402.5006,56.6841,0
2025-11-25 06:00:00,HSM.DSC.PMP01,cooling_descaling_pump,184.9048,198.9349,-0.0346,0.8253,402.8724,57.8045,0
2025-11-25 07:00:00,HSM.DSC.PMP01,cooling_descaling_pump,210.7515,197.9753,0.5452,0.5085,409.5266,47.6757,0
2025-11-25 08:00:00,HSM.DSC.PMP01,cooling_descaling_pump,162.2322,197.1652,0.1139,1.2341,400.6948,59.9912,0
2025-11-25 09:00:00,HSM.DSC.PMP01,cooling_descaling_pump,164.0159,202.697,-0.0691,0.9649,405.4249,53.8035,0
2025-11-25 10:00:00,HSM.DSC.PMP01,cooling_descaling_pump,192.1794,198.3986,0.2331,1.1241,399.9542,52.4083,0
2025-11-25 11:00:00,HSM.DSC.PMP01,cooling_descaling_pump,156.5648,199.8432,-0.3532,1.1088,402.867,52.7367,0
2025-11-25 12:00:00,HSM.DSC.PMP01,cooling_descaling_pump,215.0053,201.2183,0.6944,0.9296,407.1956,57.3498,0
2025-11-25 13:00:00,HSM.DSC.PMP01,cooling_descaling_pump,201.7089,198.5307,0.0944,1.1608,395.9554,47.4631,0
2025-11-25 14:00:00,HSM.DSC.PMP01,cooling_descaling_pump,198.4964,200.2542,-0.3256,1.1179,398.2849,57.9443,0
2025-11-25 15:00:00,HSM.DSC.PMP01,cooling_descaling_pump,213.3039,196.5563,-0.6455,1.1211,394.9577,54.083,0
2025-11-25 16:00:00,HSM.DSC.PMP01,cooling_descaling_pump,181.2055,199.7723,0.8439,0.8835,395.7718,44.5483,0
2025-11-25 17:00:00,HSM.DSC.PMP01,cooling_descaling_pump,216.9206,202.7453,-0.6249,0.8297,402.0522,53.9191,0
2025-11-25 18:00:00,HSM.DSC.PMP01,cooling_descaling_pump,185.5408,197.1009,0.2611,0.8855,402.8825,54.6885,0
2025-11-25 19:00:00,HSM.DSC.PMP01,cooling_descaling_pump,183.2596,202.7096,-0.7156,0.8053,407.721,57.2921,0
2025-11-25 20:00:00,HSM.DSC.PMP01,cooling_descaling_pump,166.0844,202.4032,-0.7321,0.8891,400.65,46.0542,0
2025-11-25 21:00:00,HSM.DSC.PMP01,cooling_descaling_pump,160.4354,199.7577,1.09,0.9234,406.3115,42.1712,0
2025-11-25 22:00:00,HSM.DSC.PMP01,cooling_descaling_pump,188.8269,206.6435,-0.4418,0.974,398.3412,53.1066,0
2025-11-25 23:00:00,HSM.DSC.PMP01,cooling_descaling_pump,168.147,198.3484,0.9346,1.1636,391.313,53.049,0
2025-11-26 00:00:00,HSM.DSC.PMP01,cooling_descaling_pump,194.4533,200.655,0.7472,0.8793,400.8873,52.9259,0
2025-11-26 01:00:00,HSM.DSC.PMP01,cooling_descaling_pump,160.2152,193.8746,-0.5031,1.2338,399.9755,55.9899,0
2025-11-26 02:00:00,HSM.DSC.PMP01,cooling_descaling_pump,172.814,199.3416,0.7746,1.0509,398.7803,48.8952,0
2025-11-26 03:00:00,HSM.DSC.PMP01,cooling_descaling_pump,223.1795,200.4819,0.2529,0.9265,401.1562,55.6553,0
2025-11-26 04:00:00,HSM.DSC.PMP01,cooling_descaling_pump,151.2323,195.8668,-0.2923,0.9834,395.4345,48.0048,0
2025-11-26 05:00:00,HSM.DSC.PMP01,cooling_descaling_pump,139.2503,201.7133,0.318,1.0897,404.0998,66.087,0
2025-11-26 06:00:00,HSM.DSC.PMP01,cooling_descaling_pump,186.9079,197.0369,0.1535,0.8426,405.9795,56.32,0
2025-11-26 07:00:00,HSM.DSC.PMP01,cooling_descaling_pump,181.8769,199.3214,-0.1794,0.984,398.6728,55.1212,0
2025-11-26 08:00:00,HSM.DSC.PMP01,cooling_descaling_pump,202.7131,193.0432,0.087,1.1166,397.6858,48.692,0
2025-11-26 09:00:00,HSM.DSC.PMP01,cooling_descaling_pump,168.7397,200.7295,-0.2445,1.1597,395.1662,67.4278,0
2025-11-26 10:00:00,HSM.DSC.PMP01,cooling_descaling_pump,184.1426,201.3216,-0.4379,1.1814,397.7759,58.3405,0
2025-11-26 11:00:00,HSM.DSC.PMP01,cooling_descaling_pump,166.9721,200.8991,-0.2307,0.9965,399.511,52.9089,0
2025-11-26 12:00:00,HSM.DSC.PMP01,cooling_descaling_pump,178.7359,200.8194,-0.1827,1.2459,397.4135,54.2045,0
2025-11-26 13:00:00,HSM.DSC.PMP01,cooling_descaling_pump,159.3986,199.2758,0.5566,1.1014,399.1739,54.5104,0
2025-11-26 14:00:00,HSM.DSC.PMP01,cooling_descaling_pump,197.237,194.0966,-0.0343,0.7955,396.7631,47.5164,0
2025-11-26 15:00:00,HSM.DSC.PMP01,cooling_descaling_pump,212.3578,197.5059,0.5364,0.8294,394.1803,46.6526,0
2025-11-26 16:00:00,HSM.DSC.PMP01,cooling_descaling_pump,121.0756,196.8508,-0.0744,1.2021,402.6931,52.9407,0
2025-11-26 17:00:00,HSM.DSC.PMP01,cooling_descaling_pump,181.1994,197.9649,-0.0301,0.8604,406.5007,51.8116,0
2025-11-26 18:00:00,HSM.DSC.PMP01,cooling_descaling_pump,200.5913,193.3172,0.6342,0.8956,401.8241,55.1512,0
2025-11-26 19:00:00,HSM.DSC.PMP01,cooling_descaling_pump,156.7657,198.6723,-0.8981,1.1654,401.2236,56.2025,0
2025-11-26 20:00:00,HSM.DSC.PMP01,cooling_descaling_pump,152.4525,195.7523,0.0389,1.2906,395.783,52.5281,0
2025-11-26 21:00:00,HSM.DSC.PMP01,cooling_descaling_pump,160.7278,204.4896,-0.0069,1.129,398.5294,49.574,0
2025-11-26 22:00:00,HSM.DSC.PMP01,cooling_descaling_pump,181.3342,201.1082,-1.2684,1.1946,399.4,60.3478,0
2025-11-26 23:00:00,HSM.DSC.PMP01,cooling_descaling_pump,177.3973,199.0037,-0.5378,0.9153,399.1188,44.6307,0
2025-11-27 00:00:00,HSM.DSC.PMP01,cooling_descaling_pump,183.4225,201.3811,-0.396,1.04,400.1356,52.039,0
2025-11-27 01:00:00,HSM.DSC.PMP01,cooling_descaling_pump,156.757,205.1441,0.3835,0.9423,399.9226,63.5692,0
2025-11-27 02:00:00,HSM.DSC.PMP01,cooling_descaling_pump,143.405,202.3791,-1.135,1.1785,397.2054,64.4933,0
2025-11-27 03:00:00,HSM.DSC.PMP01,cooling_descaling_pump,211.3423,206.223,-0.6526,0.6986,398.8958,50.7856,0
2025-11-27 04:00:00,HSM.DSC.PMP01,cooling_descaling_pump,171.574,195.8435,1.4572,1.1249,396.6431,58.8614,0
2025-11-27 05:00:00,HSM.DSC.PMP01,cooling_descaling_pump,165.2682,197.4966,1.7185,1.0869,398.0416,49.5564,0
2025-11-27 06:00:00,HSM.DSC.PMP01,cooling_descaling_pump,162.4511,199.4949,0.4422,1.0936,394.1706,55.9488,0
2025-11-27 07:00:00,HSM.DSC.PMP01,cooling_descaling_pump,203.3832,201.3416,-0.6637,0.7244,398.7538,51.151,0
2025-11-27 08:00:00,HSM.DSC.PMP01,cooling_descaling_pump,187.2524,196.0114,-0.3963,0.9016,400.2493,53.1611,0
2025-11-27 09:00:00,HSM.DSC.PMP01,cooling_descaling_pump,164.8734,196.0439,0.5531,1.0683,403.226,50.5906,0
2025-11-27 10:00:00,HSM.DSC.PMP01,cooling_descaling_pump,193.9901,198.5508,0.2063,0.7625,396.138,45.9478,0
2025-11-27 11:00:00,HSM.DSC.PMP01,cooling_descaling_pump,167.821,203.0058,-0.8392,1.0079,398.1107,52.8333,0
2025-11-27 12:00:00,HSM.DSC.PMP01,cooling_descaling_pump,172.8925,197.6612,-0.8515,1.0394,402.2129,56.7234,0
2025-11-27 13:00:00,HSM.DSC.PMP01,cooling_descaling_pump,194.6074,202.8164,0.5295,0.8757,397.6099,53.4001,0
2025-11-27 14:00:00,HSM.DSC.PMP01,cooling_descaling_pump,209.8714,202.8378,-0.8289,1.0702,397.2003,56.3462,0
2025-11-27 15:00:00,HSM.DSC.PMP01,cooling_descaling_pump,185.2601,202.0,0.0254,1.0435,395.3264,54.7412,0
2025-11-27 16:00:00,HSM.DSC.PMP01,cooling_descaling_pump,213.9025,200.5165,0.9015,0.9889,401.2149,58.3586,0
2025-11-27 17:00:00,HSM.DSC.PMP01,cooling_descaling_pump,169.1548,195.8905,0.7723,1.1046,401.053,57.9249,0
2025-11-27 18:00:00,HSM.DSC.PMP01,cooling_descaling_pump,182.82,203.9756,0.5823,0.8336,401.4001,46.6518,0
2025-11-27 19:00:00,HSM.DSC.PMP01,cooling_descaling_pump,190.7283,202.7992,0.1198,0.9807,402.6252,54.0361,0
2025-11-27 20:00:00,HSM.DSC.PMP01,cooling_descaling_pump,204.8804,200.395,0.1104,1.0857,400.7938,60.8195,0
2025-11-27 21:00:00,HSM.DSC.PMP01,cooling_descaling_pump,179.8884,204.7365,0.338,0.9382,398.6962,56.1662,0
2025-11-27 22:00:00,HSM.DSC.PMP01,cooling_descaling_pump,171.3071,203.9907,0.2322,0.9422,394.8343,55.916,0
2025-11-27 23:00:00,HSM.DSC.PMP01,cooling_descaling_pump,202.0742,199.836,0.4419,0.9547,401.5481,52.8502,0
2025-11-28 00:00:00,HSM.DSC.PMP01,cooling_descaling_pump,183.6336,200.1498,-0.1481,1.2953,404.5733,60.9766,0
2025-11-28 01:00:00,HSM.DSC.PMP01,cooling_descaling_pump,195.3295,200.2833,0.6816,0.9094,403.5557,49.3504,0
2025-11-28 02:00:00,HSM.DSC.PMP01,cooling_descaling_pump,175.3437,199.2633,0.2378,0.8969,397.3152,53.2533,0
2025-11-28 03:00:00,HSM.DSC.PMP01,cooling_descaling_pump,193.8915,198.9105,-0.6132,1.1818,399.0495,65.8304,0
2025-11-28 04:00:00,HSM.DSC.PMP01,cooling_descaling_pump,174.8789,205.7747,-0.7313,1.2239,400.389,63.6724,0
2025-11-28 05:00:00,HSM.DSC.PMP01,cooling_descaling_pump,204.0659,198.2692,0.2877,1.3181,394.443,58.6874,0
2025-11-28 06:00:00,HSM.DSC.PMP01,cooling_descaling_pump,182.2549,202.4518,1.072,1.2968,397.5836,66.7826,0
2025-11-28 07:00:00,HSM.DSC.PMP01,cooling_descaling_pump,183.4891,199.8404,-0.2187,1.0168,393.8716,55.1767,0
2025-11-28 08:00:00,HSM.DSC.PMP01,cooling_descaling_pump,174.2281,199.6184,1.6191,0.8896,404.6433,58.8231,0
2025-11-28 09:00:00,HSM.DSC.PMP01,cooling_descaling_pump,205.6518,199.9757,-0.7263,1.0261,394.6812,59.2183,0
2025-11-28 10:00:00,HSM.DSC.PMP01,cooling_descaling_pump,176.0383,198.9203,0.5686,1.2938,393.6239,60.1489,0
2025-11-28 11:00:00,HSM.DSC.PMP01,cooling_descaling_pump,227.6691,200.1065,0.1469,0.98,397.7219,52.8731,0
2025-11-28 12:00:00,HSM.DSC.PMP01,cooling_descaling_pump,169.2436,194.7116,0.1263,1.0817,406.0091,53.8656,0
2025-11-28 13:00:00,HSM.DSC.PMP01,cooling_descaling_pump,197.8111,206.5702,1.0863,0.7736,400.324,52.1232,0
2025-11-28 14:00:00,HSM.DSC.PMP01,cooling_descaling_pump,228.8575,199.9882,-0.5543,0.882,402.591,58.2082,0
2025-11-28 15:00:00,HSM.DSC.PMP01,cooling_descaling_pump,183.5756,201.8474,-0.5073,1.1694,398.5346,57.5126,0
2025-11-28 16:00:00,HSM.DSC.PMP01,cooling_descaling_pump,183.7641,201.9342,0.1822,1.0731,396.37,60.0295,0
2025-11-28 17:00:00,HSM.DSC.PMP01,cooling_descaling_pump,218.4104,196.3669,0.5346,1.2689,402.3719,57.0916,0
2025-11-28 18:00:00,HSM.DSC.PMP01,cooling_descaling_pump,215.6109,198.5425,-0.1253,1.1416,404.9196,60.5225,0
2025-11-28 19:00:00,HSM.DSC.PMP01,cooling_descaling_pump,138.0811,207.1057,0.1423,1.1161,398.3917,53.515,0
2025-11-28 20:00:00,HSM.DSC.PMP01,cooling_descaling_pump,177.7682,199.3472,0.777,1.1587,393.8125,54.1345,0
2025-11-28 21:00:00,HSM.DSC.PMP01,cooling_descaling_pump,197.58,198.5946,-0.1636,0.9295,400.4116,48.8376,0
2025-11-28 22:00:00,HSM.DSC.PMP01,cooling_descaling_pump,168.5805,207.4848,-0.5149,1.1879,400.1066,62.7923,0
2025-11-28 23:00:00,HSM.DSC.PMP01,cooling_descaling_pump,206.4746,201.0198,0.2764,0.8068,395.806,49.7126,0
2025-11-29 00:00:00,HSM.DSC.PMP01,cooling_descaling_pump,159.6663,201.1571,-0.1262,1.0029,400.1048,52.5515,0
2025-11-29 01:00:00,HSM.DSC.PMP01,cooling_descaling_pump,184.7881,197.8907,-0.1531,1.0519,401.1515,56.634,0
2025-11-29 02:00:00,HSM.DSC.PMP01,cooling_descaling_pump,188.4787,204.895,0.3859,0.7914,396.0611,50.5117,0
2025-11-29 03:00:00,HSM.DSC.PMP01,cooling_descaling_pump,166.1151,196.5117,-0.4461,1.1379,399.7137,56.9654,0
2025-11-29 04:00:00,HSM.DSC.PMP01,cooling_descaling_pump,183.8661,197.2655,-0.5536,0.8651,398.6953,59.6729,0
2025-11-29 05:00:00,HSM.DSC.PMP01,cooling_descaling_pump,150.3035,197.0232,-0.9039,0.9264,400.9683,50.5749,0
2025-11-29 06:00:00,HSM.DSC.PMP01,cooling_descaling_pump,165.0961,198.0025,-0.6448,1.0309,393.5244,54.3423,0
2025-11-29 07:00:00,HSM.DSC.PMP01,cooling_descaling_pump,176.7401,197.1261,0.134,1.0283,394.6976,56.4887,0
2025-11-29 08:00:00,HSM.DSC.PMP01,cooling_descaling_pump,201.4811,203.748,-1.2479,0.9716,396.9095,56.5527,0
2025-11-29 09:00:00,HSM.DSC.PMP01,cooling_descaling_pump,191.756,202.0831,1.4028,1.0978,407.9293,53.9191,0
2025-11-29 10:00:00,HSM.DSC.PMP01,cooling_descaling_pump,180.392,200.9289,0.0792,1.0949,403.1144,58.1203,0
2025-11-29 11:00:00,HSM.DSC.PMP01,cooling_descaling_pump,189.6012,200.8458,-1.1902,0.9058,400.9028,49.3774,0
2025-11-29 12:00:00,HSM.DSC.PMP01,cooling_descaling_pump,178.8278,194.1471,0.1307,0.9727,396.9885,43.2685,0
2025-11-29 13:00:00,HSM.DSC.PMP01,cooling_descaling_pump,170.6166,201.6926,-0.5485,0.9479,400.8857,52.8418,0
2025-11-29 14:00:00,HSM.DSC.PMP01,cooling_descaling_pump,195.9659,194.8262,-0.6471,0.9834,399.0444,43.0746,0
2025-11-29 15:00:00,HSM.DSC.PMP01,cooling_descaling_pump,181.0276,199.0506,-0.3381,1.0015,401.8474,46.6542,0
2025-11-29 16:00:00,HSM.DSC.PMP01,cooling_descaling_pump,174.9694,199.3776,1.5051,1.1723,398.1326,56.8554,0
2025-11-29 17:00:00,HSM.DSC.PMP01,cooling_descaling_pump,166.7523,201.5162,0.2978,1.1296,399.6159,55.0487,0
2025-11-29 18:00:00,HSM.DSC.PMP01,cooling_descaling_pump,169.9479,199.424,-0.8851,0.9779,397.0181,53.9229,0
2025-11-29 19:00:00,HSM.DSC.PMP01,cooling_descaling_pump,175.0991,199.8217,-0.3588,1.2112,400.17,63.8443,0
2025-11-29 20:00:00,HSM.DSC.PMP01,cooling_descaling_pump,177.9321,195.9643,-1.5729,1.1297,394.2378,53.1802,0
2025-11-29 21:00:00,HSM.DSC.PMP01,cooling_descaling_pump,210.7685,195.6551,0.3346,1.0116,401.0834,53.2607,0
2025-11-29 22:00:00,HSM.DSC.PMP01,cooling_descaling_pump,174.4376,200.6019,0.8501,1.0024,400.1841,54.4551,0
2025-11-29 23:00:00,HSM.DSC.PMP01,cooling_descaling_pump,223.1409,196.2297,-0.1787,1.002,406.4056,57.9264,0
2025-11-30 00:00:00,HSM.DSC.PMP01,cooling_descaling_pump,169.8814,205.4655,0.057,1.1521,402.6305,68.1334,0
2025-11-30 01:00:00,HSM.DSC.PMP01,cooling_descaling_pump,194.4148,199.7273,-0.1125,1.3326,402.5623,59.9281,0
2025-11-30 02:00:00,HSM.DSC.PMP01,cooling_descaling_pump,154.0684,201.2579,0.8075,1.2595,397.1064,57.0158,0
2025-11-30 03:00:00,HSM.DSC.PMP01,cooling_descaling_pump,151.1333,196.8383,0.8777,1.1928,400.8269,55.7281,0
2025-11-30 04:00:00,HSM.DSC.PMP01,cooling_descaling_pump,183.155,201.3675,-0.7508,1.2001,403.5051,60.6384,0
2025-11-30 05:00:00,HSM.DSC.PMP01,cooling_descaling_pump,133.1341,200.2469,0.3015,1.1049,398.6212,48.8463,0
2025-11-30 06:00:00,HSM.DSC.PMP01,cooling_descaling_pump,175.7114,205.1359,-0.8849,1.2367,397.5616,56.9482,0
2025-11-30 07:00:00,HSM.DSC.PMP01,cooling_descaling_pump,225.4354,203.3812,-0.9624,1.0041,397.6061,61.2914,0
2025-11-30 08:00:00,HSM.DSC.PMP01,cooling_descaling_pump,179.2883,189.9544,0.8515,1.3083,400.4089,62.7963,0
2025-11-30 09:00:00,HSM.DSC.PMP01,cooling_descaling_pump,181.3898,193.077,0.1921,0.9892,395.9046,48.9587,0
2025-11-30 10:00:00,HSM.DSC.PMP01,cooling_descaling_pump,165.5128,198.6792,-0.0321,1.1168,401.5477,52.1235,0
2025-11-30 11:00:00,HSM.DSC.PMP01,cooling_descaling_pump,213.5406,198.818,-0.014,1.1601,399.0398,61.0302,0
2025-11-30 12:00:00,HSM.DSC.PMP01,cooling_descaling_pump,217.3,202.2586,-0.6804,0.6924,396.6856,46.2052,0
2025-11-30 13:00:00,HSM.DSC.PMP01,cooling_descaling_pump,171.9766,196.8821,0.6519,1.0344,401.5647,60.0066,0
2025-11-30 14:00:00,HSM.DSC.PMP01,cooling_descaling_pump,188.8639,200.1566,-0.3507,1.0111,398.218,59.0985,0
2025-11-30 15:00:00,HSM.DSC.PMP01,cooling_descaling_pump,203.4288,202.4981,0.206,1.0012,395.4861,53.1678,0
2025-11-30 16:00:00,HSM.DSC.PMP01,cooling_descaling_pump,221.3334,203.754,0.8838,1.0307,403.2266,59.4016,0
2025-11-30 17:00:00,HSM.DSC.PMP01,cooling_descaling_pump,162.2403,202.1906,1.082,0.915,398.4545,46.4973,0
2025-11-30 18:00:00,HSM.DSC.PMP01,cooling_descaling_pump,211.2932,195.921,1.3185,0.8972,402.1203,56.8325,0
2025-11-30 19:00:00,HSM.DSC.PMP01,cooling_descaling_pump,191.1711,208.767,-0.4203,0.7785,401.454,59.1834,0
2025-11-30 20:00:00,HSM.DSC.PMP01,cooling_descaling_pump,200.7048,200.4672,0.0497,0.9631,397.8304,58.4944,0
2025-11-30 21:00:00,HSM.DSC.PMP01,cooling_descaling_pump,210.9509,197.2659,-0.1192,1.2525,399.8585,59.9252,0
2025-11-30 22:00:00,HSM.DSC.PMP01,cooling_descaling_pump,167.4465,196.1424,-0.7944,1.2432,398.8077,54.8439,0
2025-11-30 23:00:00,HSM.DSC.PMP01,cooling_descaling_pump,142.2093,196.0171,0.8022,1.2644,392.7765,47.5152,0
2025-12-01 00:00:00,HSM.DSC.PMP01,cooling_descaling_pump,202.7937,197.0676,0.8379,0.8442,401.8043,52.7754,0
2025-12-01 01:00:00,HSM.DSC.PMP01,cooling_descaling_pump,179.2384,202.6368,0.1633,0.8504,398.5747,54.1708,0
2025-12-01 02:00:00,HSM.DSC.PMP01,cooling_descaling_pump,182.1383,199.6971,-0.1196,1.1908,398.3275,61.5543,0
2025-12-01 03:00:00,HSM.DSC.PMP01,cooling_descaling_pump,211.6132,201.7815,-0.8534,1.0619,401.3215,54.8423,0
2025-12-01 04:00:00,HSM.DSC.PMP01,cooling_descaling_pump,217.9728,194.3674,0.0078,0.9697,401.6861,52.0772,0
2025-12-01 05:00:00,HSM.DSC.PMP01,cooling_descaling_pump,169.8392,199.2672,0.3425,1.2114,394.8958,60.7745,0
2025-12-01 06:00:00,HSM.DSC.PMP01,cooling_descaling_pump,230.4304,202.9949,0.6828,1.1539,396.7655,62.77,0
2025-12-01 07:00:00,HSM.DSC.PMP01,cooling_descaling_pump,153.6323,201.9435,1.3721,1.1588,399.6539,63.3888,0
2025-12-01 08:00:00,HSM.DSC.PMP01,cooling_descaling_pump,191.4679,202.2349,-0.9547,1.1248,402.1168,62.4851,0
2025-12-01 09:00:00,HSM.DSC.PMP01,cooling_descaling_pump,198.8635,196.2258,-1.2684,0.7514,399.6313,46.9874,0
2025-12-01 10:00:00,HSM.DSC.PMP01,cooling_descaling_pump,205.1593,200.4579,0.9028,0.9664,395.8471,57.0684,0
2025-12-01 11:00:00,HSM.DSC.PMP01,cooling_descaling_pump,214.0729,197.3418,-0.7806,0.9261,402.7029,63.2318,0
2025-12-01 12:00:00,HSM.DSC.PMP01,cooling_descaling_pump,174.4389,198.618,-0.3264,1.1648,398.9195,52.5688,0
2025-12-01 13:00:00,HSM.DSC.PMP01,cooling_descaling_pump,153.3597,207.9851,-0.3497,0.9297,396.9553,58.731,0
2025-12-01 14:00:00,HSM.DSC.PMP01,cooling_descaling_pump,196.0698,199.8483,0.0534,1.2363,401.5459,64.3003,0
2025-12-01 15:00:00,HSM.DSC.PMP01,cooling_descaling_pump,185.1748,198.7896,0.0295,0.9766,403.7094,56.6051,0
2025-12-01 16:00:00,HSM.DSC.PMP01,cooling_descaling_pump,171.9503,203.2068,-0.9305,1.0078,395.1922,54.8935,0
2025-12-01 17:00:00,HSM.DSC.PMP01,cooling_descaling_pump,192.9713,200.4123,-0.2329,0.9065,405.1342,59.4146,0
2025-12-01 18:00:00,HSM.DSC.PMP01,cooling_descaling_pump,168.424,200.0646,0.593,1.1284,401.6355,53.7338,0
2025-12-01 19:00:00,HSM.DSC.PMP01,cooling_descaling_pump,180.3258,196.5467,0.5699,1.0662,399.6197,55.9019,0
2025-12-01 20:00:00,HSM.DSC.PMP01,cooling_descaling_pump,179.1895,199.6859,0.5167,0.9202,399.9419,53.5696,0
2025-12-01 21:00:00,HSM.DSC.PMP01,cooling_descaling_pump,165.997,200.095,0.0204,1.2056,400.5774,57.7599,0
2025-12-01 22:00:00,HSM.DSC.PMP01,cooling_descaling_pump,194.9632,198.4543,-0.8049,0.8604,403.4788,47.4009,0
2025-12-01 23:00:00,HSM.DSC.PMP01,cooling_descaling_pump,186.8847,196.4222,0.7822,1.0602,404.6759,51.4998,0
2025-12-02 00:00:00,HSM.DSC.PMP01,cooling_descaling_pump,201.5712,196.7304,0.4713,0.8313,402.9249,50.8999,0
2025-12-02 01:00:00,HSM.DSC.PMP01,cooling_descaling_pump,189.7115,204.8614,-1.0596,0.796,394.1616,58.6327,0
2025-12-02 02:00:00,HSM.DSC.PMP01,cooling_descaling_pump,179.1766,196.9844,0.1084,1.1396,395.0326,59.9136,0
2025-12-02 03:00:00,HSM.DSC.PMP01,cooling_descaling_pump,178.2324,200.8447,0.1791,1.0186,406.3,58.7273,0
2025-12-02 04:00:00,HSM.DSC.PMP01,cooling_descaling_pump,208.4092,199.2967,0.6099,0.7603,399.4279,56.8209,0
2025-12-02 05:00:00,HSM.DSC.PMP01,cooling_descaling_pump,161.5341,203.8925,-0.5022,0.867,403.1064,55.9838,0
2025-12-02 06:00:00,HSM.DSC.PMP01,cooling_descaling_pump,186.684,195.3036,1.136,1.0323,398.3365,58.9018,0
2025-12-02 07:00:00,HSM.DSC.PMP01,cooling_descaling_pump,222.0233,202.8008,-1.9038,0.8475,399.0726,60.259,0
2025-12-02 08:00:00,HSM.DSC.PMP01,cooling_descaling_pump,189.849,200.6466,-0.2691,0.9844,392.314,52.6081,0
2025-12-02 09:00:00,HSM.DSC.PMP01,cooling_descaling_pump,162.4522,196.6974,0.175,1.1304,406.5784,58.8034,0
2025-12-02 10:00:00,HSM.DSC.PMP01,cooling_descaling_pump,195.0293,200.8054,-0.7129,1.1776,398.5694,62.8864,0
2025-12-02 11:00:00,HSM.DSC.PMP01,cooling_descaling_pump,168.2275,196.1196,0.1833,1.143,399.0911,58.2318,0
2025-12-02 12:00:00,HSM.DSC.PMP01,cooling_descaling_pump,214.5677,198.0953,-0.0155,0.9575,406.122,56.1486,0
2025-12-02 13:00:00,HSM.DSC.PMP01,cooling_descaling_pump,206.625,198.7661,-0.7708,0.7833,395.2935,47.6838,0
2025-12-02 14:00:00,HSM.DSC.PMP01,cooling_descaling_pump,202.0451,199.1773,0.348,0.9559,405.2296,57.0161,0
2025-12-02 15:00:00,HSM.DSC.PMP01,cooling_descaling_pump,154.2415,200.7207,1.9014,1.0063,403.6728,53.659,0
2025-12-02 16:00:00,HSM.DSC.PMP01,cooling_descaling_pump,182.9526,201.3504,0.3043,0.8244,410.2371,54.1077,0
2025-12-02 17:00:00,HSM.DSC.PMP01,cooling_descaling_pump,194.1927,195.7389,-0.3465,0.9602,393.5149,44.752,0
2025-12-02 18:00:00,HSM.DSC.PMP01,cooling_descaling_pump,120.1946,196.4914,0.1568,1.2069,402.9803,49.9323,0
2025-12-02 19:00:00,HSM.DSC.PMP01,cooling_descaling_pump,203.464,204.4763,0.4576,0.8831,400.2381,57.7015,0
2025-12-02 20:00:00,HSM.DSC.PMP01,cooling_descaling_pump,197.3914,193.032,0.3497,1.1826,400.3174,61.7588,0
2025-12-02 21:00:00,HSM.DSC.PMP01,cooling_descaling_pump,215.2447,196.8459,-1.1962,0.7674,400.6463,54.3455,0
2025-12-02 22:00:00,HSM.DSC.PMP01,cooling_descaling_pump,175.7613,204.6341,-0.608,1.0755,399.1761,49.5013,0
2025-12-02 23:00:00,HSM.DSC.PMP01,cooling_descaling_pump,171.5126,203.0472,-0.4268,0.939,407.9168,61.1104,0
2025-12-03 00:00:00,HSM.DSC.PMP01,cooling_descaling_pump,174.2962,196.9962,-0.3351,0.9716,394.8901,57.6928,0
2025-12-03 01:00:00,HSM.DSC.PMP01,cooling_descaling_pump,220.5858,199.4021,-0.3502,0.8584,407.6509,56.5203,0
2025-12-03 02:00:00,HSM.DSC.PMP01,cooling_descaling_pump,155.6748,200.1823,-0.8139,1.1059,402.0243,54.8705,0
2025-12-03 03:00:00,HSM.DSC.PMP01,cooling_descaling_pump,157.5957,201.4053,0.1861,1.0716,403.6757,53.9869,0
2025-12-03 04:00:00,HSM.DSC.PMP01,cooling_descaling_pump,220.8683,198.7613,0.74,1.0172,406.4714,60.0334,0
2025-12-03 05:00:00,HSM.DSC.PMP01,cooling_descaling_pump,228.475,199.9719,-0.4231,0.7245,396.4229,55.6918,0
2025-12-03 06:00:00,HSM.DSC.PMP01,cooling_descaling_pump,199.0925,197.7835,-0.2744,1.0858,409.177,60.5995,0
2025-12-03 07:00:00,HSM.DSC.PMP01,cooling_descaling_pump,189.5758,199.3325,0.1467,0.9732,402.0303,58.8262,0
2025-12-03 08:00:00,HSM.DSC.PMP01,cooling_descaling_pump,175.0357,196.5087,-0.0959,1.3272,396.2845,62.1095,0
2025-12-03 09:00:00,HSM.DSC.PMP01,cooling_descaling_pump,175.2566,199.2898,0.6763,1.1184,395.756,56.2715,0
2025-12-03 10:00:00,HSM.DSC.PMP01,cooling_descaling_pump,207.1609,202.8558,0.7631,0.8361,398.278,57.7081,0
2025-12-03 11:00:00,HSM.DSC.PMP01,cooling_descaling_pump,188.9196,204.6219,-0.9243,0.9257,400.2437,48.8667,0
2025-12-03 12:00:00,HSM.DSC.PMP01,cooling_descaling_pump,175.8989,200.2639,1.258,0.9732,394.7615,54.3648,0
2025-12-03 13:00:00,HSM.DSC.PMP01,cooling_descaling_pump,174.7483,199.4216,-0.2496,0.9427,400.4378,47.571,0
2025-12-03 14:00:00,HSM.DSC.PMP01,cooling_descaling_pump,195.2782,196.3364,-0.1733,0.9872,402.1147,49.119,0
2025-12-03 15:00:00,HSM.DSC.PMP01,cooling_descaling_pump,138.5978,201.9892,0.1171,1.1327,398.25,48.0322,0
2025-12-03 16:00:00,HSM.DSC.PMP01,cooling_descaling_pump,186.7916,199.7742,-0.2809,0.9951,397.7595,57.4836,0
2025-12-03 17:00:00,HSM.DSC.PMP01,cooling_descaling_pump,184.0737,201.0338,-0.317,1.0455,397.8358,51.0599,0
2025-12-03 18:00:00,HSM.DSC.PMP01,cooling_descaling_pump,182.4373,194.3081,0.9734,1.2268,392.4729,59.7151,0
2025-12-03 19:00:00,HSM.DSC.PMP01,cooling_descaling_pump,164.3543,196.8232,-0.7819,1.3085,396.8148,61.0475,0
2025-12-03 20:00:00,HSM.DSC.PMP01,cooling_descaling_pump,176.9187,207.7153,-0.4292,0.7867,397.9826,45.5474,0
2025-12-03 21:00:00,HSM.DSC.PMP01,cooling_descaling_pump,188.5314,198.5398,0.561,1.0087,403.2282,59.0618,0
2025-12-03 22:00:00,HSM.DSC.PMP01,cooling_descaling_pump,164.693,199.6997,0.2178,0.897,402.6978,50.1705,0
2025-12-03 23:00:00,HSM.DSC.PMP01,cooling_descaling_pump,197.0136,195.4241,0.1671,1.0633,400.4871,57.4923,0
2025-12-04 00:00:00,HSM.DSC.PMP01,cooling_descaling_pump,213.6036,197.4664,0.762,0.8015,402.2966,52.0865,0
2025-12-04 01:00:00,HSM.DSC.PMP01,cooling_descaling_pump,154.9869,198.7887,-0.9709,1.0872,399.2574,50.7075,0
2025-12-04 02:00:00,HSM.DSC.PMP01,cooling_descaling_pump,188.4805,203.5174,0.2333,0.9892,399.211,52.6839,0
2025-12-04 03:00:00,HSM.DSC.PMP01,cooling_descaling_pump,171.0854,197.1882,-0.3678,0.8244,397.4847,45.9666,0
2025-12-04 04:00:00,HSM.DSC.PMP01,cooling_descaling_pump,209.2027,196.7216,-0.641,1.0665,398.7727,60.4886,0
2025-12-04 05:00:00,HSM.DSC.PMP01,cooling_descaling_pump,193.1528,205.6453,-0.0015,0.9301,405.3836,52.9931,0
2025-12-04 06:00:00,HSM.DSC.PMP01,cooling_descaling_pump,216.0937,194.9559,0.7963,1.1443,396.6559,67.1172,0
2025-12-04 07:00:00,HSM.DSC.PMP01,cooling_descaling_pump,165.0779,199.9586,0.3258,1.0673,398.6222,58.5804,0
2025-12-04 08:00:00,HSM.DSC.PMP01,cooling_descaling_pump,153.2276,198.8926,-0.6114,0.9756,400.8395,48.3885,0
2025-12-04 09:00:00,HSM.DSC.PMP01,cooling_descaling_pump,179.8372,197.3918,-1.8645,1.2726,394.6949,56.2112,0
2025-12-04 10:00:00,HSM.DSC.PMP01,cooling_descaling_pump,149.0489,200.7023,-1.0948,0.8454,400.32,48.3501,0
2025-12-04 11:00:00,HSM.DSC.PMP01,cooling_descaling_pump,172.3973,200.2897,-0.1619,1.0796,402.1023,56.0817,0
2025-12-04 12:00:00,HSM.DSC.PMP01,cooling_descaling_pump,151.8285,199.3476,0.3925,1.2487,405.0449,59.7504,0
2025-12-04 13:00:00,HSM.DSC.PMP01,cooling_descaling_pump,203.6887,196.1681,-1.1021,0.8861,400.7351,48.1621,0
2025-12-04 14:00:00,HSM.DSC.PMP01,cooling_descaling_pump,166.3522,199.6857,0.4911,1.0093,404.3318,51.3871,0
2025-12-04 15:00:00,HSM.DSC.PMP01,cooling_descaling_pump,181.8557,199.132,0.143,1.0609,403.224,55.1447,0
2025-12-04 16:00:00,HSM.DSC.PMP01,cooling_descaling_pump,212.8387,196.8879,-0.9559,0.9437,402.7522,48.4457,0
2025-12-04 17:00:00,HSM.DSC.PMP01,cooling_descaling_pump,163.2572,199.1771,-1.0786,1.1492,397.5301,53.9071,0
2025-12-04 18:00:00,HSM.DSC.PMP01,cooling_descaling_pump,191.7346,198.3283,0.3441,1.041,400.9341,52.298,0
2025-12-04 19:00:00,HSM.DSC.PMP01,cooling_descaling_pump,147.9022,196.4241,-0.4389,1.2155,397.1762,51.9397,0
2025-12-04 20:00:00,HSM.DSC.PMP01,cooling_descaling_pump,135.5547,197.9231,-0.4002,1.1711,399.1153,55.7164,0
2025-12-04 21:00:00,HSM.DSC.PMP01,cooling_descaling_pump,180.7601,197.5405,-0.3063,0.9832,403.1842,54.6451,0
2025-12-04 22:00:00,HSM.DSC.PMP01,cooling_descaling_pump,176.0829,201.4373,-0.5013,1.0422,398.7604,50.6086,0
2025-12-04 23:00:00,HSM.DSC.PMP01,cooling_descaling_pump,192.2369,196.8199,0.0763,1.0998,397.2767,57.9612,0
2025-12-05 00:00:00,HSM.DSC.PMP01,cooling_descaling_pump,181.391,196.5911,-0.598,0.8896,403.6279,55.8749,0
2025-12-05 01:00:00,HSM.DSC.PMP01,cooling_descaling_pump,186.4162,202.0033,-0.2127,0.9022,399.5054,54.3033,0
2025-12-05 02:00:00,HSM.DSC.PMP01,cooling_descaling_pump,232.5428,204.2945,0.0965,0.7702,398.3556,55.0276,0
2025-12-05 03:00:00,HSM.DSC.PMP01,cooling_descaling_pump,156.5092,194.8879,-1.1832,0.9455,402.564,54.4209,0
2025-12-05 04:00:00,HSM.DSC.PMP01,cooling_descaling_pump,199.2321,204.3745,0.05,0.5545,392.7073,47.0169,0
2025-12-05 05:00:00,HSM.DSC.PMP01,cooling_descaling_pump,177.7649,195.9491,-0.0679,0.8886,406.2285,52.2981,0
2025-12-05 06:00:00,HSM.DSC.PMP01,cooling_descaling_pump,213.0442,200.8251,0.345,0.8542,398.5631,49.8134,0
2025-12-05 07:00:00,HSM.DSC.PMP01,cooling_descaling_pump,162.5929,199.6835,0.3338,1.1118,404.2284,58.2008,0
2025-12-05 08:00:00,HSM.DSC.PMP01,cooling_descaling_pump,207.0545,196.9544,0.2608,1.2221,397.1248,50.3356,0
2025-12-05 09:00:00,HSM.DSC.PMP01,cooling_descaling_pump,205.0963,201.2495,-1.5962,1.1699,402.0947,58.8178,0
2025-12-05 10:00:00,HSM.DSC.PMP01,cooling_descaling_pump,179.8852,198.7873,-0.223,0.8166,407.9438,52.0343,0
2025-12-05 11:00:00,HSM.DSC.PMP01,cooling_descaling_pump,235.1897,200.5766,-0.4976,0.8828,403.1435,50.9649,0
2025-12-05 12:00:00,HSM.DSC.PMP01,cooling_descaling_pump,159.8082,203.2363,-0.6828,0.8826,395.2655,54.5095,0
2025-12-05 13:00:00,HSM.DSC.PMP01,cooling_descaling_pump,222.9226,206.6833,0.811,1.0064,399.1059,58.2069,0
2025-12-05 14:00:00,HSM.DSC.PMP01,cooling_descaling_pump,216.7124,194.5659,-0.4935,0.9292,401.2928,52.4964,0
2025-12-05 15:00:00,HSM.DSC.PMP01,cooling_descaling_pump,171.208,200.3246,0.836,1.0549,400.6794,57.2768,0
2025-12-05 16:00:00,HSM.DSC.PMP01,cooling_descaling_pump,224.202,204.3548,0.0404,0.8867,400.9442,51.0975,0
2025-12-05 17:00:00,HSM.DSC.PMP01,cooling_descaling_pump,203.5728,204.9709,0.029,0.9626,392.0867,55.3494,0
2025-12-05 18:00:00,HSM.DSC.PMP01,cooling_descaling_pump,185.0555,203.4351,0.4847,0.9874,400.492,54.1939,0
2025-12-05 19:00:00,HSM.DSC.PMP01,cooling_descaling_pump,139.6433,206.0174,-1.2362,1.0142,399.8596,52.567,0
2025-12-05 20:00:00,HSM.DSC.PMP01,cooling_descaling_pump,172.0011,201.4138,0.053,0.7898,399.0101,57.9927,0
2025-12-05 21:00:00,HSM.DSC.PMP01,cooling_descaling_pump,194.1946,203.3844,-1.148,0.9729,409.9343,59.3019,0
2025-12-05 22:00:00,HSM.DSC.PMP01,cooling_descaling_pump,175.9365,199.7382,-1.1998,1.0867,404.3237,62.9678,0
2025-12-05 23:00:00,HSM.DSC.PMP01,cooling_descaling_pump,225.1017,195.9421,-0.0897,0.91,399.3305,56.754,0
2025-12-06 00:00:00,HSM.DSC.PMP01,cooling_descaling_pump,214.4025,204.0543,0.4965,0.7615,397.0145,54.0967,0
2025-12-06 01:00:00,HSM.DSC.PMP01,cooling_descaling_pump,149.7375,201.086,-0.1727,1.1085,398.2524,52.7433,0
2025-12-06 02:00:00,HSM.DSC.PMP01,cooling_descaling_pump,199.136,193.3296,-0.4771,1.0117,401.4582,56.0396,0
2025-12-06 03:00:00,HSM.DSC.PMP01,cooling_descaling_pump,220.3504,205.0482,0.6834,0.824,399.0364,59.6162,0
2025-12-06 04:00:00,HSM.DSC.PMP01,cooling_descaling_pump,217.7119,200.9311,0.378,0.8004,402.9567,54.4736,0
2025-12-06 05:00:00,HSM.DSC.PMP01,cooling_descaling_pump,191.6176,199.755,1.1605,0.8457,406.7131,58.7165,0
2025-12-06 06:00:00,HSM.DSC.PMP01,cooling_descaling_pump,184.9191,201.5866,-0.3985,0.9523,401.1639,61.069,0
2025-12-06 07:00:00,HSM.DSC.PMP01,cooling_descaling_pump,209.3504,200.588,0.7762,0.9091,398.971,55.9995,0
2025-12-06 08:00:00,HSM.DSC.PMP01,cooling_descaling_pump,201.6289,196.0577,-1.1505,0.9695,402.348,56.7852,0
2025-12-06 09:00:00,HSM.DSC.PMP01,cooling_descaling_pump,190.1837,195.8656,0.5019,1.1995,407.8037,52.2997,0
2025-12-06 10:00:00,HSM.DSC.PMP01,cooling_descaling_pump,202.9144,198.1831,-0.1806,1.2041,393.1244,55.2818,0
2025-12-06 11:00:00,HSM.DSC.PMP01,cooling_descaling_pump,195.673,197.4853,0.0595,1.0932,395.6897,57.5452,0
2025-12-06 12:00:00,HSM.DSC.PMP01,cooling_descaling_pump,202.1898,198.0253,0.1309,0.7984,392.0922,50.9837,0
2025-12-06 13:00:00,HSM.DSC.PMP01,cooling_descaling_pump,164.0353,197.3603,-0.931,1.1177,397.1288,52.5112,0
2025-12-06 14:00:00,HSM.DSC.PMP01,cooling_descaling_pump,185.997,202.711,-0.2773,0.9557,397.6521,46.4776,0
2025-12-06 15:00:00,HSM.DSC.PMP01,cooling_descaling_pump,232.4183,194.982,0.5462,0.6773,404.9113,51.7096,0
2025-12-06 16:00:00,HSM.DSC.PMP01,cooling_descaling_pump,159.5228,206.7551,-0.1774,1.005,397.3091,65.0207,0
2025-12-06 17:00:00,HSM.DSC.PMP01,cooling_descaling_pump,179.441,198.526,-0.4259,1.1358,393.9676,58.7897,0
2025-12-06 18:00:00,HSM.DSC.PMP01,cooling_descaling_pump,153.2662,202.4552,0.5097,1.0637,402.8513,55.0683,0
2025-12-06 19:00:00,HSM.DSC.PMP01,cooling_descaling_pump,170.1139,198.4205,-0.8528,1.177,393.3078,53.4053,0
2025-12-06 20:00:00,HSM.DSC.PMP01,cooling_descaling_pump,175.9847,198.0966,-0.678,1.1951,400.4473,55.913,0
2025-12-06 21:00:00,HSM.DSC.PMP01,cooling_descaling_pump,174.7413,198.0112,0.5031,1.1828,396.6364,58.1773,0
2025-12-06 22:00:00,HSM.DSC.PMP01,cooling_descaling_pump,168.7623,196.087,0.8032,1.2324,403.4239,60.5348,0
2025-12-06 23:00:00,HSM.DSC.PMP01,cooling_descaling_pump,184.9188,202.1478,-0.1845,0.9301,404.9838,55.0705,0
2025-12-07 00:00:00,HSM.DSC.PMP01,cooling_descaling_pump,191.7051,204.5928,0.8075,0.8229,398.6717,53.0582,0
2025-12-07 01:00:00,HSM.DSC.PMP01,cooling_descaling_pump,166.6409,202.3652,0.6508,0.9415,407.0568,52.2404,0
2025-12-07 02:00:00,HSM.DSC.PMP01,cooling_descaling_pump,170.0987,201.8005,0.2701,1.0282,406.0403,62.6045,0
2025-12-07 03:00:00,HSM.DSC.PMP01,cooling_descaling_pump,210.0576,197.9529,0.106,0.9173,396.5628,53.5072,0
2025-12-07 04:00:00,HSM.DSC.PMP01,cooling_descaling_pump,191.9162,201.162,0.1913,1.1499,397.7277,64.3745,0
2025-12-07 05:00:00,HSM.DSC.PMP01,cooling_descaling_pump,185.3443,204.213,0.3302,1.0581,400.2631,51.8769,0
2025-12-07 06:00:00,HSM.DSC.PMP01,cooling_descaling_pump,205.3362,199.418,0.1887,1.3286,391.5837,59.8028,0
2025-12-07 07:00:00,HSM.DSC.PMP01,cooling_descaling_pump,156.0564,198.6692,-0.1313,1.137,401.3946,60.6785,0
2025-12-07 08:00:00,HSM.DSC.PMP01,cooling_descaling_pump,193.8778,200.0259,-0.0654,1.0516,400.8538,57.047,0
2025-12-07 09:00:00,HSM.DSC.PMP01,cooling_descaling_pump,141.3275,204.8451,0.7771,0.9856,394.601,55.2989,0
2025-12-07 10:00:00,HSM.DSC.PMP01,cooling_descaling_pump,223.2051,196.092,0.1699,1.1415,398.9877,54.7979,0
2025-12-07 11:00:00,HSM.DSC.PMP01,cooling_descaling_pump,204.3788,203.4441,-0.7101,0.9553,401.6711,63.4468,0
2025-12-07 12:00:00,HSM.DSC.PMP01,cooling_descaling_pump,195.5052,199.7116,0.5287,1.1019,401.8898,55.4335,0
2025-12-07 13:00:00,HSM.DSC.PMP01,cooling_descaling_pump,162.0608,202.4378,-0.3149,1.0963,404.094,56.82,0
2025-12-07 14:00:00,HSM.DSC.PMP01,cooling_descaling_pump,182.1754,191.5639,-0.3504,1.0735,399.2019,52.3647,0
2025-12-07 15:00:00,HSM.DSC.PMP01,cooling_descaling_pump,183.0398,195.4421,-0.6089,0.8477,396.0712,53.5532,0
2025-12-07 16:00:00,HSM.DSC.PMP01,cooling_descaling_pump,150.9026,197.4569,0.7483,1.0446,401.5645,55.2266,0
2025-12-07 17:00:00,HSM.DSC.PMP01,cooling_descaling_pump,159.45,198.6696,-1.0633,1.0455,395.462,46.7356,0
2025-12-07 18:00:00,HSM.DSC.PMP01,cooling_descaling_pump,194.4848,200.4296,-0.2097,0.9113,395.9429,53.1242,0
2025-12-07 19:00:00,HSM.DSC.PMP01,cooling_descaling_pump,185.4577,204.5415,-0.2988,0.9787,399.5635,48.6134,0
2025-12-07 20:00:00,HSM.DSC.PMP01,cooling_descaling_pump,149.3657,199.1046,0.3569,1.1888,404.0324,58.076,0
2025-12-07 21:00:00,HSM.DSC.PMP01,cooling_descaling_pump,151.9582,200.3281,0.2275,1.2967,396.1251,58.0773,0
2025-12-07 22:00:00,HSM.DSC.PMP01,cooling_descaling_pump,156.2852,194.4876,0.8087,1.2061,402.1086,56.9444,0
2025-12-07 23:00:00,HSM.DSC.PMP01,cooling_descaling_pump,174.0663,201.6202,0.0419,0.7899,399.8174,55.0477,0
2025-12-08 00:00:00,HSM.DSC.PMP01,cooling_descaling_pump,187.6335,197.1699,-0.9627,0.9965,398.849,54.3572,0
2025-12-08 01:00:00,HSM.DSC.PMP01,cooling_descaling_pump,176.2544,201.5121,-0.7234,0.9386,404.0617,53.6189,0
2025-12-08 02:00:00,HSM.DSC.PMP01,cooling_descaling_pump,204.3465,198.5544,0.4886,0.9995,406.8547,56.1017,0
2025-12-08 03:00:00,HSM.DSC.PMP01,cooling_descaling_pump,224.6777,198.6595,-0.1059,1.035,397.3872,59.8286,0
2025-12-08 04:00:00,HSM.DSC.PMP01,cooling_descaling_pump,185.0588,199.0161,-0.1685,1.1646,396.1807,65.5273,0
2025-12-08 05:00:00,HSM.DSC.PMP01,cooling_descaling_pump,180.836,203.077,0.8193,1.1044,398.5337,57.9367,0
2025-12-08 06:00:00,HSM.DSC.PMP01,cooling_descaling_pump,198.8518,199.5783,-0.2161,0.7002,400.8269,53.1217,0
2025-12-08 07:00:00,HSM.DSC.PMP01,cooling_descaling_pump,185.9471,199.132,0.6726,1.0864,397.8807,61.0257,0
2025-12-08 08:00:00,HSM.DSC.PMP01,cooling_descaling_pump,180.2178,198.6417,-0.908,0.8027,403.397,52.5109,0
2025-12-08 09:00:00,HSM.DSC.PMP01,cooling_descaling_pump,176.0993,202.196,0.1321,0.9411,398.9689,56.2683,0
2025-12-08 10:00:00,HSM.DSC.PMP01,cooling_descaling_pump,181.578,198.0129,-0.61,1.101,405.7391,65.6791,0
2025-12-08 11:00:00,HSM.DSC.PMP01,cooling_descaling_pump,191.8995,195.5348,-1.7067,0.8002,403.3847,47.3507,0
2025-12-08 12:00:00,HSM.DSC.PMP01,cooling_descaling_pump,171.9297,205.0196,-0.1016,0.9279,393.5132,50.4546,0
2025-12-08 13:00:00,HSM.DSC.PMP01,cooling_descaling_pump,225.0983,198.1947,0.2638,0.9439,400.5216,47.1406,0
2025-12-08 14:00:00,HSM.DSC.PMP01,cooling_descaling_pump,178.2011,201.8919,1.1708,1.2258,395.0655,60.0941,0
2025-12-08 15:00:00,HSM.DSC.PMP01,cooling_descaling_pump,192.277,200.0107,-0.2943,1.0052,403.7841,46.1146,0
2025-12-08 16:00:00,HSM.DSC.PMP01,cooling_descaling_pump,207.3626,198.5943,1.0314,0.8829,399.5218,51.6341,0
2025-12-08 17:00:00,HSM.DSC.PMP01,cooling_descaling_pump,206.5381,195.1253,-0.3024,0.9407,405.4217,53.4458,0
2025-12-08 18:00:00,HSM.DSC.PMP01,cooling_descaling_pump,191.9435,201.049,-0.2906,0.9554,393.2995,43.5143,0
2025-12-08 19:00:00,HSM.DSC.PMP01,cooling_descaling_pump,194.6781,201.408,0.0458,0.611,401.1812,48.6361,0
2025-12-08 20:00:00,HSM.DSC.PMP01,cooling_descaling_pump,196.7717,202.719,1.6269,0.7868,400.6456,51.1987,0
2025-12-08 21:00:00,HSM.DSC.PMP01,cooling_descaling_pump,168.9053,196.5158,-0.4763,1.1366,396.1863,56.1685,0
2025-12-08 22:00:00,HSM.DSC.PMP01,cooling_descaling_pump,192.3872,198.4671,-1.9104,1.2447,395.667,57.2679,0
2025-12-08 23:00:00,HSM.DSC.PMP01,cooling_descaling_pump,207.7573,203.8619,0.1288,0.9885,399.9323,58.6286,0
2025-12-09 00:00:00,HSM.DSC.PMP01,cooling_descaling_pump,155.1608,192.8312,-0.8378,1.1996,404.3697,50.722,0
2025-12-09 01:00:00,HSM.DSC.PMP01,cooling_descaling_pump,189.3271,194.9178,-0.2287,1.2385,399.2288,57.543,0
2025-12-09 02:00:00,HSM.DSC.PMP01,cooling_descaling_pump,168.0876,196.6842,1.0191,1.0223,399.2725,50.77,0
2025-12-09 03:00:00,HSM.DSC.PMP01,cooling_descaling_pump,216.4517,197.6377,-0.0951,0.9205,404.5285,59.8778,0
2025-12-09 04:00:00,HSM.DSC.PMP01,cooling_descaling_pump,206.1045,201.6737,1.3542,0.6016,398.3118,52.2142,0
2025-12-09 05:00:00,HSM.DSC.PMP01,cooling_descaling_pump,159.5773,195.0844,-0.2532,1.0965,400.198,59.8212,0
2025-12-09 06:00:00,HSM.DSC.PMP01,cooling_descaling_pump,176.1323,202.8938,-0.0469,0.7889,393.0994,48.7938,0
2025-12-09 07:00:00,HSM.DSC.PMP01,cooling_descaling_pump,203.7996,200.9565,-1.7928,1.0114,390.87,51.6859,0
2025-12-09 08:00:00,HSM.DSC.PMP01,cooling_descaling_pump,214.2232,199.6515,0.2084,0.8888,401.454,50.6526,0
2025-12-09 09:00:00,HSM.DSC.PMP01,cooling_descaling_pump,158.7436,199.1027,0.7082,0.9323,398.2159,53.5151,0
2025-12-09 10:00:00,HSM.DSC.PMP01,cooling_descaling_pump,194.5301,205.1532,-0.855,0.8484,404.3123,52.9893,0
2025-12-09 11:00:00,HSM.DSC.PMP01,cooling_descaling_pump,154.9758,195.6671,-0.4795,1.1245,393.0629,54.3538,0
2025-12-09 12:00:00,HSM.DSC.PMP01,cooling_descaling_pump,202.3071,203.9094,-0.1794,0.8713,400.7581,52.0964,0
2025-12-09 13:00:00,HSM.DSC.PMP01,cooling_descaling_pump,178.721,201.2526,-0.5564,1.2301,400.1582,64.7794,0
2025-12-09 14:00:00,HSM.DSC.PMP01,cooling_descaling_pump,210.6764,196.9269,-2.0,0.8665,401.304,58.0974,0
2025-12-09 15:00:00,HSM.DSC.PMP01,cooling_descaling_pump,187.7655,199.2496,0.9877,1.1482,402.2308,53.7297,0
2025-12-09 16:00:00,HSM.DSC.PMP01,cooling_descaling_pump,165.1506,203.6913,-0.7023,0.9525,398.2859,45.9943,0
2025-12-09 17:00:00,HSM.DSC.PMP01,cooling_descaling_pump,183.6857,200.3086,-1.544,1.081,406.7237,56.278,0
2025-12-09 18:00:00,HSM.DSC.PMP01,cooling_descaling_pump,162.0549,200.6881,-0.0441,1.0493,398.5614,50.015,0
2025-12-09 19:00:00,HSM.DSC.PMP01,cooling_descaling_pump,156.2987,195.4375,-0.1324,1.0091,398.6293,53.3536,0
2025-12-09 20:00:00,HSM.DSC.PMP01,cooling_descaling_pump,141.6965,199.1429,1.6869,1.3032,392.4083,55.7783,0
2025-12-09 21:00:00,HSM.DSC.PMP01,cooling_descaling_pump,170.0619,198.8651,0.3069,1.0499,402.718,54.1794,0
2025-12-09 22:00:00,HSM.DSC.PMP01,cooling_descaling_pump,206.2821,203.1586,-0.4669,1.1278,400.4263,58.6455,0
2025-12-09 23:00:00,HSM.DSC.PMP01,cooling_descaling_pump,175.6142,200.155,1.1998,0.8794,404.3164,48.0671,0
2025-12-10 00:00:00,HSM.DSC.PMP01,cooling_descaling_pump,133.0406,197.4747,-0.2682,1.2248,396.8224,62.678,0
2025-12-10 01:00:00,HSM.DSC.PMP01,cooling_descaling_pump,219.4412,201.1954,0.3281,1.0773,400.3238,58.0866,0
2025-12-10 02:00:00,HSM.DSC.PMP01,cooling_descaling_pump,153.0504,198.7407,-0.1941,0.8847,399.5667,49.3221,0
2025-12-10 03:00:00,HSM.DSC.PMP01,cooling_descaling_pump,180.341,200.8809,0.7506,0.8732,399.9298,54.2536,0
2025-12-10 04:00:00,HSM.DSC.PMP01,cooling_descaling_pump,166.657,199.3699,0.0701,0.8989,404.382,54.8759,0
2025-12-10 05:00:00,HSM.DSC.PMP01,cooling_descaling_pump,163.7752,201.8934,0.3207,0.9724,399.1365,55.3749,0
2025-12-10 06:00:00,HSM.DSC.PMP01,cooling_descaling_pump,180.8749,204.926,0.0859,0.7591,404.3017,54.1082,0
2025-12-10 07:00:00,HSM.DSC.PMP01,cooling_descaling_pump,187.9588,199.8486,-0.9435,0.8121,395.3043,54.6204,0
2025-12-10 08:00:00,HSM.DSC.PMP01,cooling_descaling_pump,169.3625,196.2914,-0.2833,0.738,398.2102,49.4099,0
2025-12-10 09:00:00,HSM.DSC.PMP01,cooling_descaling_pump,201.1496,202.7989,-1.5001,0.9623,395.0694,53.6941,0
2025-12-10 10:00:00,HSM.DSC.PMP01,cooling_descaling_pump,230.4594,196.9094,-0.5639,0.8164,398.3518,51.5226,0
2025-12-10 11:00:00,HSM.DSC.PMP01,cooling_descaling_pump,168.2647,199.1661,-0.3483,1.1407,402.9314,56.4153,0
2025-12-10 12:00:00,HSM.DSC.PMP01,cooling_descaling_pump,235.3784,200.4281,0.3512,0.5316,398.3956,47.882,0
2025-12-10 13:00:00,HSM.DSC.PMP01,cooling_descaling_pump,224.1847,196.7843,-0.5952,1.0849,395.1647,52.716,0
2025-12-10 14:00:00,HSM.DSC.PMP01,cooling_descaling_pump,174.7197,204.1179,1.1296,0.9209,398.7666,52.3758,0
2025-12-10 15:00:00,HSM.DSC.PMP01,cooling_descaling_pump,190.2804,200.3869,0.506,1.1271,396.6381,64.4763,0
2025-12-10 16:00:00,HSM.DSC.PMP01,cooling_descaling_pump,189.1112,197.5151,-0.0016,0.8225,409.0209,47.5978,0
2025-12-10 17:00:00,HSM.DSC.PMP01,cooling_descaling_pump,177.0789,192.2952,-0.0591,1.062,400.5743,52.4327,0
2025-12-10 18:00:00,HSM.DSC.PMP01,cooling_descaling_pump,190.1359,198.7361,0.0688,1.1951,400.81,64.0968,0
2025-12-10 19:00:00,HSM.DSC.PMP01,cooling_descaling_pump,139.0993,201.4297,-1.1253,0.9825,400.2213,50.4199,0
2025-12-10 20:00:00,HSM.DSC.PMP01,cooling_descaling_pump,177.4641,200.8514,-1.7629,1.1032,399.6801,54.8584,0
2025-12-10 21:00:00,HSM.DSC.PMP01,cooling_descaling_pump,159.2504,200.9249,-0.544,1.1924,403.8945,56.0082,0
2025-12-10 22:00:00,HSM.DSC.PMP01,cooling_descaling_pump,188.2574,205.7224,0.0386,1.1333,390.8488,52.8617,0
2025-12-10 23:00:00,HSM.DSC.PMP01,cooling_descaling_pump,191.6745,203.3337,-0.4535,0.7877,403.5696,56.4313,0
2025-12-11 00:00:00,HSM.DSC.PMP01,cooling_descaling_pump,189.1906,199.4107,-0.2393,0.9932,398.8059,56.2911,0
2025-12-11 01:00:00,HSM.DSC.PMP01,cooling_descaling_pump,185.4177,201.0074,0.5092,0.8258,398.9331,50.266,0
2025-12-11 02:00:00,HSM.DSC.PMP01,cooling_descaling_pump,216.3783,206.2649,0.9829,0.7602,398.3332,57.9715,0
2025-12-11 03:00:00,HSM.DSC.PMP01,cooling_descaling_pump,174.2032,201.9527,-0.3899,1.1932,397.8909,57.9932,0
2025-12-11 04:00:00,HSM.DSC.PMP01,cooling_descaling_pump,203.8234,196.3067,0.2866,0.9423,404.6011,59.3853,0
2025-12-11 05:00:00,HSM.DSC.PMP01,cooling_descaling_pump,184.7836,202.6806,0.0677,1.2173,403.8418,65.6168,0
2025-12-11 06:00:00,HSM.DSC.PMP01,cooling_descaling_pump,222.3204,196.8792,-1.0133,1.0555,400.5411,62.6734,0
2025-12-11 07:00:00,HSM.DSC.PMP01,cooling_descaling_pump,196.1963,199.9527,-1.5197,0.9346,401.2167,58.9813,0
2025-12-11 08:00:00,HSM.DSC.PMP01,cooling_descaling_pump,179.9913,201.3523,0.2498,0.9583,405.9229,54.9977,0
2025-12-11 09:00:00,HSM.DSC.PMP01,cooling_descaling_pump,181.8194,201.6273,0.0518,0.8869,407.5925,52.9719,0
2025-12-11 10:00:00,HSM.DSC.PMP01,cooling_descaling_pump,212.3434,191.2422,0.6243,0.9543,403.2598,51.5729,0
2025-12-11 11:00:00,HSM.DSC.PMP01,cooling_descaling_pump,160.0731,199.7886,0.456,1.3375,402.9449,64.7173,0
2025-12-11 12:00:00,HSM.DSC.PMP01,cooling_descaling_pump,223.2148,199.3105,-0.1313,0.8975,398.7063,53.6356,0
2025-12-11 13:00:00,HSM.DSC.PMP01,cooling_descaling_pump,180.1601,203.1386,-0.1643,0.8191,390.3603,55.071,0
2025-12-11 14:00:00,HSM.DSC.PMP01,cooling_descaling_pump,217.7597,200.3919,0.6277,0.8003,396.0674,47.0033,0
2025-12-11 15:00:00,HSM.DSC.PMP01,cooling_descaling_pump,171.9893,199.0422,-0.303,1.1569,396.5522,51.1397,0
2025-12-11 16:00:00,HSM.DSC.PMP01,cooling_descaling_pump,199.615,201.3222,-0.2251,1.0718,398.2361,51.285,0
2025-12-11 17:00:00,HSM.DSC.PMP01,cooling_descaling_pump,170.9538,198.1118,-0.0654,0.6968,405.5239,44.4539,0
2025-12-11 18:00:00,HSM.DSC.PMP01,cooling_descaling_pump,215.9277,207.2884,-0.0467,0.8568,391.7827,49.9943,0
2025-12-11 19:00:00,HSM.DSC.PMP01,cooling_descaling_pump,212.8593,201.3773,1.3066,0.9459,401.2174,57.3058,0
2025-12-11 20:00:00,HSM.DSC.PMP01,cooling_descaling_pump,173.9224,198.629,-0.495,1.171,396.7886,57.1045,0
2025-12-11 21:00:00,HSM.DSC.PMP01,cooling_descaling_pump,198.4301,197.8192,-0.3172,1.4542,396.6673,56.3636,0
2025-12-11 22:00:00,HSM.DSC.PMP01,cooling_descaling_pump,186.7778,196.6848,-0.3543,0.9096,403.4134,58.3444,0
2025-12-11 23:00:00,HSM.DSC.PMP01,cooling_descaling_pump,163.7933,197.4477,0.243,1.4227,395.9222,59.4419,0
2025-12-12 00:00:00,HSM.DSC.PMP01,cooling_descaling_pump,176.2163,198.0899,1.0774,0.7659,406.2159,45.692,0
2025-12-12 01:00:00,HSM.DSC.PMP01,cooling_descaling_pump,215.6912,200.7871,-0.6147,0.8763,393.0172,51.624,0
2025-12-12 02:00:00,HSM.DSC.PMP01,cooling_descaling_pump,171.6006,198.2031,0.8671,0.9205,406.6828,61.0515,0
2025-12-12 03:00:00,HSM.DSC.PMP01,cooling_descaling_pump,161.7916,202.9445,1.0434,0.7752,396.5224,56.8325,0
2025-12-12 04:00:00,HSM.DSC.PMP01,cooling_descaling_pump,202.9677,206.5692,0.4738,0.9391,399.8449,56.2808,0
2025-12-12 05:00:00,HSM.DSC.PMP01,cooling_descaling_pump,201.7482,201.552,0.9992,0.9747,396.2509,55.5937,0
2025-12-12 06:00:00,HSM.DSC.PMP01,cooling_descaling_pump,133.1747,203.6805,-1.0535,1.2197,397.4406,55.3931,0
2025-12-12 07:00:00,HSM.DSC.PMP01,cooling_descaling_pump,175.217,205.5201,-0.8699,0.9801,400.0548,59.0135,0
2025-12-12 08:00:00,HSM.DSC.PMP01,cooling_descaling_pump,209.113,200.8939,1.4249,0.5778,406.6623,51.3983,0
2025-12-12 09:00:00,HSM.DSC.PMP01,cooling_descaling_pump,209.0653,199.7436,-0.2928,1.0995,406.8416,64.0082,0
2025-12-12 10:00:00,HSM.DSC.PMP01,cooling_descaling_pump,214.5359,201.559,-0.4461,0.8393,398.7744,54.9716,0
2025-12-12 11:00:00,HSM.DSC.PMP01,cooling_descaling_pump,198.3114,194.0626,0.6029,1.0776,399.2933,53.7291,0
2025-12-12 12:00:00,HSM.DSC.PMP01,cooling_descaling_pump,171.4353,190.3069,0.5742,1.1903,404.7636,63.9659,0
2025-12-12 13:00:00,HSM.DSC.PMP01,cooling_descaling_pump,204.3136,198.0458,0.5218,0.8796,402.0642,51.7351,0
2025-12-12 14:00:00,HSM.DSC.PMP01,cooling_descaling_pump,211.5122,194.5412,-0.5407,1.21,401.539,56.4558,0
2025-12-12 15:00:00,HSM.DSC.PMP01,cooling_descaling_pump,196.8557,202.1841,0.8412,1.0295,399.771,61.0517,0
2025-12-12 16:00:00,HSM.DSC.PMP01,cooling_descaling_pump,189.008,200.8062,-0.0707,1.0454,401.6248,54.3613,0
2025-12-12 17:00:00,HSM.DSC.PMP01,cooling_descaling_pump,166.0843,200.123,0.6123,1.2392,393.1289,56.0553,0
2025-12-12 18:00:00,HSM.DSC.PMP01,cooling_descaling_pump,189.3301,201.5508,0.8133,0.754,402.027,51.0442,0
2025-12-12 19:00:00,HSM.DSC.PMP01,cooling_descaling_pump,196.1571,205.6272,0.2,0.6716,398.4996,51.2458,0
2025-12-12 20:00:00,HSM.DSC.PMP01,cooling_descaling_pump,174.8846,202.1318,0.2037,0.9965,400.4916,55.165,0
2025-12-12 21:00:00,HSM.DSC.PMP01,cooling_descaling_pump,160.3284,198.2365,-0.2531,1.2894,401.1625,58.0075,0
2025-12-12 22:00:00,HSM.DSC.PMP01,cooling_descaling_pump,176.3784,194.9922,1.5982,1.1232,400.0702,54.0454,0
2025-12-12 23:00:00,HSM.DSC.PMP01,cooling_descaling_pump,247.6316,200.275,0.5831,0.7899,390.3365,57.3804,0
2025-12-13 00:00:00,HSM.DSC.PMP01,cooling_descaling_pump,159.2336,203.3846,0.3619,1.0375,396.0699,54.7732,0
2025-12-13 01:00:00,HSM.DSC.PMP01,cooling_descaling_pump,135.0855,195.4997,-0.4349,1.3049,401.7497,58.5341,0
2025-12-13 02:00:00,HSM.DSC.PMP01,cooling_descaling_pump,191.1298,190.9211,-0.4357,0.9837,399.003,56.0883,0
2025-12-13 03:00:00,HSM.DSC.PMP01,cooling_descaling_pump,190.883,203.7355,-0.7943,0.8613,398.4384,54.7928,0
2025-12-13 04:00:00,HSM.DSC.PMP01,cooling_descaling_pump,184.8781,198.9571,0.6669,1.0754,393.8354,55.5214,0
2025-12-13 05:00:00,HSM.DSC.PMP01,cooling_descaling_pump,175.7707,199.3203,-0.551,1.0856,394.759,56.3046,0
2025-12-13 06:00:00,HSM.DSC.PMP01,cooling_descaling_pump,200.2781,205.6205,-1.257,0.9573,397.0414,64.1291,0
2025-12-13 07:00:00,HSM.DSC.PMP01,cooling_descaling_pump,194.7228,197.0439,-1.028,1.089,402.5054,57.2444,0
2025-12-13 08:00:00,HSM.DSC.PMP01,cooling_descaling_pump,191.641,197.8556,0.254,1.0548,397.6005,55.8073,0
2025-12-13 09:00:00,HSM.DSC.PMP01,cooling_descaling_pump,196.7821,197.8277,0.5936,0.7877,407.3089,56.2809,0
2025-12-13 10:00:00,HSM.DSC.PMP01,cooling_descaling_pump,170.1627,198.5724,0.4003,1.2411,401.0899,58.9095,0
2025-12-13 11:00:00,HSM.DSC.PMP01,cooling_descaling_pump,169.2209,196.3785,-0.4929,1.0895,408.4194,63.1643,0
2025-12-13 12:00:00,HSM.DSC.PMP01,cooling_descaling_pump,204.9845,198.239,0.1375,1.0767,402.1786,61.9103,0
2025-12-13 13:00:00,HSM.DSC.PMP01,cooling_descaling_pump,218.0368,198.5564,-0.1682,0.6725,398.6376,53.9244,0
2025-12-13 14:00:00,HSM.DSC.PMP01,cooling_descaling_pump,173.3633,199.8342,-0.6114,1.0017,400.201,53.196,0
2025-12-13 15:00:00,HSM.DSC.PMP01,cooling_descaling_pump,208.0171,205.4662,-0.7935,1.0333,401.9169,55.1225,0
2025-12-13 16:00:00,HSM.DSC.PMP01,cooling_descaling_pump,205.8933,195.2701,0.1205,0.9477,406.1341,60.3532,0
2025-12-13 17:00:00,HSM.DSC.PMP01,cooling_descaling_pump,198.1269,203.8238,0.4965,0.8352,401.4857,54.9005,0
2025-12-13 18:00:00,HSM.DSC.PMP01,cooling_descaling_pump,182.8093,198.9298,0.2575,0.9141,398.7258,52.6221,0
2025-12-13 19:00:00,HSM.DSC.PMP01,cooling_descaling_pump,158.8847,198.2642,-0.4047,1.2769,393.5545,56.8919,0
2025-12-13 20:00:00,HSM.DSC.PMP01,cooling_descaling_pump,171.5098,198.2707,1.293,0.8721,398.7032,50.8607,0
2025-12-13 21:00:00,HSM.DSC.PMP01,cooling_descaling_pump,158.775,199.9976,-0.3577,1.1102,395.0009,47.2045,0
2025-12-13 22:00:00,HSM.DSC.PMP01,cooling_descaling_pump,151.3045,199.4094,-0.0351,0.9915,403.2477,47.5914,0
2025-12-13 23:00:00,HSM.DSC.PMP01,cooling_descaling_pump,164.7153,198.1851,-1.01,0.7973,407.8076,54.1305,0
2025-12-14 00:00:00,HSM.DSC.PMP01,cooling_descaling_pump,181.8276,211.4991,0.7158,0.9396,401.5187,54.4503,0
2025-12-14 01:00:00,HSM.DSC.PMP01,cooling_descaling_pump,177.6317,195.2045,-0.038,1.16,401.8095,60.8901,0
2025-12-14 02:00:00,HSM.DSC.PMP01,cooling_descaling_pump,142.3105,197.038,0.4082,1.0057,392.9089,48.962,0
2025-12-14 03:00:00,HSM.DSC.PMP01,cooling_descaling_pump,232.7579,198.8171,-0.1595,1.2506,402.737,60.5397,0
2025-12-14 04:00:00,HSM.DSC.PMP01,cooling_descaling_pump,203.6167,201.4014,-0.2006,1.02,402.5025,56.609,0
2025-12-14 05:00:00,HSM.DSC.PMP01,cooling_descaling_pump,158.9434,201.043,1.2405,1.0925,402.1878,61.2378,0
2025-12-14 06:00:00,HSM.DSC.PMP01,cooling_descaling_pump,137.1242,194.0236,0.6615,1.144,397.5642,57.5805,0
2025-12-14 07:00:00,HSM.DSC.PMP01,cooling_descaling_pump,196.1699,203.4918,-0.554,1.0168,396.5283,54.8603,0
2025-12-14 08:00:00,HSM.DSC.PMP01,cooling_descaling_pump,185.9464,201.5796,0.1933,1.0565,401.6374,52.9741,0
2025-12-14 09:00:00,HSM.DSC.PMP01,cooling_descaling_pump,190.6554,196.18,0.3061,0.9779,401.0062,54.691,0
2025-12-14 10:00:00,HSM.DSC.PMP01,cooling_descaling_pump,214.2209,198.6941,-1.698,0.9108,399.742,50.4386,0
2025-12-14 11:00:00,HSM.DSC.PMP01,cooling_descaling_pump,214.1424,201.652,-0.1953,0.738,401.1786,56.367,0
2025-12-14 12:00:00,HSM.DSC.PMP01,cooling_descaling_pump,184.7269,195.4609,0.643,0.9725,396.6805,54.7692,0
2025-12-14 13:00:00,HSM.DSC.PMP01,cooling_descaling_pump,155.8688,200.6431,-0.4343,0.9322,401.0583,46.5319,0
2025-12-14 14:00:00,HSM.DSC.PMP01,cooling_descaling_pump,186.3162,192.3355,1.6913,0.874,404.5113,47.2706,0
2025-12-14 15:00:00,HSM.DSC.PMP01,cooling_descaling_pump,193.3756,198.5809,-0.6903,0.9213,396.1091,53.2988,0
2025-12-14 16:00:00,HSM.DSC.PMP01,cooling_descaling_pump,181.7604,198.7995,-1.1029,0.891,402.6538,48.7672,0
2025-12-14 17:00:00,HSM.DSC.PMP01,cooling_descaling_pump,194.6037,192.6228,1.0503,1.2271,396.903,54.6005,0
2025-12-14 18:00:00,HSM.DSC.PMP01,cooling_descaling_pump,212.9309,192.4482,-1.4443,0.8094,404.5902,46.5543,0
2025-12-14 19:00:00,HSM.DSC.PMP01,cooling_descaling_pump,189.0128,198.6568,-0.1982,0.7022,405.8079,46.5886,0
2025-12-14 20:00:00,HSM.DSC.PMP01,cooling_descaling_pump,190.5906,197.1181,0.2235,0.9928,387.3814,56.1548,0
2025-12-14 21:00:00,HSM.DSC.PMP01,cooling_descaling_pump,163.9477,195.1733,1.2749,0.8371,399.6617,51.4774,0
2025-12-14 22:00:00,HSM.DSC.PMP01,cooling_descaling_pump,218.9132,197.5411,0.1274,1.0727,399.9414,53.1298,0
2025-12-14 23:00:00,HSM.DSC.PMP01,cooling_descaling_pump,170.5517,196.435,0.5436,1.3424,399.8795,52.2051,0
2025-12-15 00:00:00,HSM.DSC.PMP01,cooling_descaling_pump,185.9432,195.9758,0.8311,1.1475,398.7221,51.8971,0
2025-12-15 01:00:00,HSM.DSC.PMP01,cooling_descaling_pump,174.6163,203.2905,-0.3347,1.0835,392.6982,57.0573,0
2025-12-15 02:00:00,HSM.DSC.PMP01,cooling_descaling_pump,173.2807,195.5054,0.1357,1.06,396.2888,60.8938,0
2025-12-15 03:00:00,HSM.DSC.PMP01,cooling_descaling_pump,161.3829,203.4402,0.7772,0.8296,396.9283,50.9944,0
2025-12-15 04:00:00,HSM.DSC.PMP01,cooling_descaling_pump,188.5165,200.6948,-0.1505,0.6721,404.0597,61.8372,0
2025-12-15 05:00:00,HSM.DSC.PMP01,cooling_descaling_pump,172.3456,200.14,-0.992,1.0451,393.4244,52.552,0
2025-12-15 06:00:00,HSM.DSC.PMP01,cooling_descaling_pump,172.748,198.2034,-0.4574,1.1044,402.4452,51.9261,0
2025-12-15 07:00:00,HSM.DSC.PMP01,cooling_descaling_pump,163.5679,201.5794,0.8361,0.8488,401.7151,54.2603,0
2025-12-15 08:00:00,HSM.DSC.PMP01,cooling_descaling_pump,194.4656,199.9135,-0.4013,1.0975,394.382,59.7464,0
2025-12-15 09:00:00,HSM.DSC.PMP01,cooling_descaling_pump,175.9306,203.4883,0.7239,0.727,401.8533,53.8489,0
2025-12-15 10:00:00,HSM.DSC.PMP01,cooling_descaling_pump,159.6854,203.5619,-0.2789,1.1015,400.8205,60.3808,0
2025-12-15 11:00:00,HSM.DSC.PMP01,cooling_descaling_pump,157.9782,189.002,-0.3922,1.0572,398.1023,46.9366,0
2025-12-15 12:00:00,HSM.DSC.PMP01,cooling_descaling_pump,188.3193,199.2285,-0.843,0.8721,396.9227,48.96,0
2025-12-15 13:00:00,HSM.DSC.PMP01,cooling_descaling_pump,171.5108,198.682,-0.7402,1.018,403.0848,55.0515,0
2025-12-15 14:00:00,HSM.DSC.PMP01,cooling_descaling_pump,201.1517,200.4829,-0.5138,1.1626,401.1587,60.9981,0
2025-12-15 15:00:00,HSM.DSC.PMP01,cooling_descaling_pump,131.7999,199.8862,0.1805,1.1106,403.5428,47.8705,0
2025-12-15 16:00:00,HSM.DSC.PMP01,cooling_descaling_pump,164.8108,199.4905,-0.3405,1.3318,390.2823,60.9849,0
2025-12-15 17:00:00,HSM.DSC.PMP01,cooling_descaling_pump,145.9449,197.4683,-0.6876,0.6607,406.6345,43.1651,0
2025-12-15 18:00:00,HSM.DSC.PMP01,cooling_descaling_pump,212.1729,201.7306,-0.3189,0.901,400.7733,48.764,0
2025-12-15 19:00:00,HSM.DSC.PMP01,cooling_descaling_pump,175.844,201.6115,0.2251,0.92,402.216,50.4784,0
2025-12-15 20:00:00,HSM.DSC.PMP01,cooling_descaling_pump,173.5008,200.4193,-0.572,1.2217,399.9711,55.3527,0
2025-12-15 21:00:00,HSM.DSC.PMP01,cooling_descaling_pump,180.9669,204.6623,-0.8824,0.7017,401.0932,53.0978,0
2025-12-15 22:00:00,HSM.DSC.PMP01,cooling_descaling_pump,186.0415,201.3056,0.0411,1.1931,395.6082,53.0452,0
2025-12-15 23:00:00,HSM.DSC.PMP01,cooling_descaling_pump,194.8771,203.7851,-0.4387,1.0779,402.0048,58.0785,0
2025-12-16 00:00:00,HSM.DSC.PMP01,cooling_descaling_pump,214.6882,197.9978,-0.9672,0.9253,399.938,49.4192,0
2025-12-16 01:00:00,HSM.DSC.PMP01,cooling_descaling_pump,198.4355,205.5601,-0.7162,0.943,399.1407,56.8476,0
2025-12-16 02:00:00,HSM.DSC.PMP01,cooling_descaling_pump,196.1898,199.8458,-0.5513,1.0295,397.2368,53.78,0
2025-12-16 03:00:00,HSM.DSC.PMP01,cooling_descaling_pump,214.8957,202.1334,-1.3732,1.0619,401.8589,62.0186,0
2025-12-16 04:00:00,HSM.DSC.PMP01,cooling_descaling_pump,192.5338,196.7714,-0.9202,1.2229,391.0655,57.9724,0
2025-12-16 05:00:00,HSM.DSC.PMP01,cooling_descaling_pump,124.7365,198.7797,0.3886,1.1964,391.5722,57.7077,0
2025-12-16 06:00:00,HSM.DSC.PMP01,cooling_descaling_pump,148.6306,200.3726,-0.2851,1.3052,395.0713,59.339,0
2025-12-16 07:00:00,HSM.DSC.PMP01,cooling_descaling_pump,178.2952,202.6153,-1.0067,1.0334,394.4465,59.265,0
2025-12-16 08:00:00,HSM.DSC.PMP01,cooling_descaling_pump,153.2807,199.4185,-0.3118,0.8933,396.3275,54.8929,0
2025-12-16 09:00:00,HSM.DSC.PMP01,cooling_descaling_pump,204.2594,201.211,0.8164,0.83,403.3516,56.8119,0
2025-12-16 10:00:00,HSM.DSC.PMP01,cooling_descaling_pump,170.8335,201.7469,0.1746,1.0075,397.4113,59.7195,0
2025-12-16 11:00:00,HSM.DSC.PMP01,cooling_descaling_pump,152.383,195.9548,0.7472,1.2793,398.7712,59.2759,0
2025-12-16 12:00:00,HSM.DSC.PMP01,cooling_descaling_pump,169.0033,200.828,0.3584,1.0089,401.5577,60.2104,0
2025-12-16 13:00:00,HSM.DSC.PMP01,cooling_descaling_pump,166.1342,199.0794,0.4478,1.4574,393.9403,61.9409,0
2025-12-16 14:00:00,HSM.DSC.PMP01,cooling_descaling_pump,189.3522,196.229,-0.8776,1.0598,398.8622,56.9468,0
2025-12-16 15:00:00,HSM.DSC.PMP01,cooling_descaling_pump,204.306,201.3728,-0.9721,1.0775,400.7651,54.7593,0
2025-12-16 16:00:00,HSM.DSC.PMP01,cooling_descaling_pump,211.8047,195.8573,0.2877,1.0167,392.9086,50.1492,0
2025-12-16 17:00:00,HSM.DSC.PMP01,cooling_descaling_pump,178.0081,206.9613,-0.791,0.8331,400.0584,53.7551,0
2025-12-16 18:00:00,HSM.DSC.PMP01,cooling_descaling_pump,178.0652,202.9646,0.1201,0.783,408.8243,49.8994,0
2025-12-16 19:00:00,HSM.DSC.PMP01,cooling_descaling_pump,142.2595,201.8859,-0.5789,1.2848,398.8389,58.362,0
2025-12-16 20:00:00,HSM.DSC.PMP01,cooling_descaling_pump,210.6725,196.3091,-0.5719,0.8483,401.3046,48.8536,0
2025-12-16 21:00:00,HSM.DSC.PMP01,cooling_descaling_pump,170.3156,203.8795,0.5296,1.0115,396.1025,56.9047,0
2025-12-16 22:00:00,HSM.DSC.PMP01,cooling_descaling_pump,190.7212,195.5212,0.1913,1.0481,403.0356,58.3544,0
2025-12-16 23:00:00,HSM.DSC.PMP01,cooling_descaling_pump,157.2961,198.2061,0.418,0.9055,408.3552,55.4748,0
2025-12-17 00:00:00,HSM.DSC.PMP01,cooling_descaling_pump,164.8837,203.1335,-0.138,1.1339,399.8002,55.8691,0
2025-12-17 01:00:00,HSM.DSC.PMP01,cooling_descaling_pump,238.7642,201.5292,0.0373,0.9774,394.4216,55.1146,0
2025-12-17 02:00:00,HSM.DSC.PMP01,cooling_descaling_pump,218.6854,196.0971,0.3223,1.0239,398.8477,56.7941,0
2025-12-17 03:00:00,HSM.DSC.PMP01,cooling_descaling_pump,151.9177,198.0404,0.3627,1.0516,397.1914,53.7267,0
2025-12-17 04:00:00,HSM.DSC.PMP01,cooling_descaling_pump,153.0016,199.0253,-0.2735,1.0365,398.9278,63.152,0
2025-12-17 05:00:00,HSM.DSC.PMP01,cooling_descaling_pump,150.1917,205.5915,-0.7946,1.0278,399.1735,56.8893,0
2025-12-17 06:00:00,HSM.DSC.PMP01,cooling_descaling_pump,182.5635,194.9067,1.1049,1.0643,406.7359,59.734,0
2025-12-17 07:00:00,HSM.DSC.PMP01,cooling_descaling_pump,169.3445,200.2973,1.9584,1.1693,396.0985,60.8519,0
2025-12-17 08:00:00,HSM.DSC.PMP01,cooling_descaling_pump,203.387,200.5764,0.0922,0.9252,401.0151,57.954,0
2025-12-17 09:00:00,HSM.DSC.PMP01,cooling_descaling_pump,171.806,199.8957,0.1812,0.9402,410.9902,61.3984,0
2025-12-17 10:00:00,HSM.DSC.PMP01,cooling_descaling_pump,167.9366,200.2247,-0.2139,0.9585,398.2652,49.8506,0
2025-12-17 11:00:00,HSM.DSC.PMP01,cooling_descaling_pump,180.344,202.8374,0.1562,0.8571,402.6032,53.1148,0
2025-12-17 12:00:00,HSM.DSC.PMP01,cooling_descaling_pump,220.5565,206.1402,-0.8896,1.0038,394.8551,61.0381,0
2025-12-17 13:00:00,HSM.DSC.PMP01,cooling_descaling_pump,183.3814,195.8209,0.2926,0.9881,408.302,60.7091,0
2025-12-17 14:00:00,HSM.DSC.PMP01,cooling_descaling_pump,187.9099,201.7627,1.1592,1.0713,399.5725,53.6328,0
2025-12-17 15:00:00,HSM.DSC.PMP01,cooling_descaling_pump,180.5245,202.8796,-0.2384,1.1747,400.4305,63.6527,0
2025-12-17 16:00:00,HSM.DSC.PMP01,cooling_descaling_pump,201.3721,203.2867,-0.3037,0.764,397.8368,44.7618,0
2025-12-17 17:00:00,HSM.DSC.PMP01,cooling_descaling_pump,190.6539,200.4999,-0.4317,0.9873,393.3102,42.2518,0
2025-12-17 18:00:00,HSM.DSC.PMP01,cooling_descaling_pump,165.4188,202.774,0.123,0.7419,407.487,51.4498,0
2025-12-17 19:00:00,HSM.DSC.PMP01,cooling_descaling_pump,197.123,205.0582,0.6902,0.8315,401.0796,54.6727,0
2025-12-17 20:00:00,HSM.DSC.PMP01,cooling_descaling_pump,188.6898,198.9053,-0.7004,1.0664,399.1909,57.0673,0
2025-12-17 21:00:00,HSM.DSC.PMP01,cooling_descaling_pump,178.6695,198.5398,0.238,1.1924,400.0699,62.7194,0
2025-12-17 22:00:00,HSM.DSC.PMP01,cooling_descaling_pump,195.2351,198.4411,-1.2687,0.7324,402.1722,45.5037,0
2025-12-17 23:00:00,HSM.DSC.PMP01,cooling_descaling_pump,162.6278,198.9809,-0.8267,1.1992,400.9653,59.4894,0
2025-12-18 00:00:00,HSM.DSC.PMP01,cooling_descaling_pump,192.8647,199.1362,-1.0675,0.8315,402.1717,45.1542,0
2025-12-18 01:00:00,HSM.DSC.PMP01,cooling_descaling_pump,190.7314,197.8815,-0.4482,1.1155,396.1399,53.1319,0
2025-12-18 02:00:00,HSM.DSC.PMP01,cooling_descaling_pump,201.9341,204.9954,-0.3697,0.8405,402.8463,54.1478,0
2025-12-18 03:00:00,HSM.DSC.PMP01,cooling_descaling_pump,153.0824,200.8859,-0.2368,0.6861,401.2045,52.9508,0
2025-12-18 04:00:00,HSM.DSC.PMP01,cooling_descaling_pump,194.1801,200.1854,-0.339,0.6018,397.7712,51.9678,0
2025-12-18 05:00:00,HSM.DSC.PMP01,cooling_descaling_pump,177.0541,197.8185,0.7876,1.2133,404.6894,62.1109,0
2025-12-18 06:00:00,HSM.DSC.PMP01,cooling_descaling_pump,188.2235,205.8872,0.7566,0.6495,397.9794,52.1863,0
2025-12-18 07:00:00,HSM.DSC.PMP01,cooling_descaling_pump,163.162,197.0822,0.2478,1.1096,400.4046,59.415,0
2025-12-18 08:00:00,HSM.DSC.PMP01,cooling_descaling_pump,189.5558,197.7005,-0.0215,0.947,396.0033,51.1842,0
2025-12-18 09:00:00,HSM.DSC.PMP01,cooling_descaling_pump,195.9082,200.4896,0.3677,1.0891,397.239,57.3072,0
2025-12-18 10:00:00,HSM.DSC.PMP01,cooling_descaling_pump,224.3247,201.0076,0.1527,1.0189,403.8263,64.7166,0
2025-12-18 11:00:00,HSM.DSC.PMP01,cooling_descaling_pump,224.585,200.4111,0.9054,0.901,393.6487,52.3058,0
2025-12-18 12:00:00,HSM.DSC.PMP01,cooling_descaling_pump,152.3905,201.2464,-0.4568,0.8721,402.4552,46.8567,0
2025-12-18 13:00:00,HSM.DSC.PMP01,cooling_descaling_pump,203.7784,196.7049,-0.8246,0.9812,397.2797,59.0115,0
2025-12-18 14:00:00,HSM.DSC.PMP01,cooling_descaling_pump,208.943,205.2749,0.7026,0.8811,402.69,52.9116,0
2025-12-18 15:00:00,HSM.DSC.PMP01,cooling_descaling_pump,208.071,197.4715,0.0534,0.9627,399.9988,49.9334,0
2025-12-18 16:00:00,HSM.DSC.PMP01,cooling_descaling_pump,169.2162,199.5138,-0.1318,0.9614,402.5243,61.4688,0
2025-12-18 17:00:00,HSM.DSC.PMP01,cooling_descaling_pump,190.5188,208.9593,-0.5287,0.9668,401.0035,50.7027,0
2025-12-18 18:00:00,HSM.DSC.PMP01,cooling_descaling_pump,228.8539,197.8019,-0.1154,1.1396,396.7032,58.0561,0
2025-12-18 19:00:00,HSM.DSC.PMP01,cooling_descaling_pump,174.1125,195.8211,-0.9416,0.8888,401.8431,50.5175,0
2025-12-18 20:00:00,HSM.DSC.PMP01,cooling_descaling_pump,213.9853,199.2708,1.0109,0.7042,398.8677,51.6569,0
2025-12-18 21:00:00,HSM.DSC.PMP01,cooling_descaling_pump,169.4033,199.9285,-0.9501,0.8764,409.0464,58.4968,0
2025-12-18 22:00:00,HSM.DSC.PMP01,cooling_descaling_pump,197.3193,196.8411,0.5244,1.0844,398.2008,51.648,0
2025-12-18 23:00:00,HSM.DSC.PMP01,cooling_descaling_pump,175.4508,204.7852,0.9565,1.0049,400.529,56.4669,0
2025-12-19 00:00:00,HSM.DSC.PMP01,cooling_descaling_pump,170.9433,195.0167,0.6552,0.9855,397.4262,53.9593,0
2025-12-19 01:00:00,HSM.DSC.PMP01,cooling_descaling_pump,145.8427,199.2553,0.415,1.1694,399.098,48.7425,0
2025-12-19 02:00:00,HSM.DSC.PMP01,cooling_descaling_pump,181.4869,200.2126,-1.1285,1.0817,402.4534,54.181,0
2025-12-19 03:00:00,HSM.DSC.PMP01,cooling_descaling_pump,184.3452,203.2397,-0.0061,1.0798,398.3095,56.0959,0
2025-12-19 04:00:00,HSM.DSC.PMP01,cooling_descaling_pump,204.4912,200.4637,0.8751,0.9478,398.0342,63.2934,0
2025-12-19 05:00:00,HSM.DSC.PMP01,cooling_descaling_pump,175.9339,199.6005,0.8162,0.866,399.3813,58.8912,0
2025-12-19 06:00:00,HSM.DSC.PMP01,cooling_descaling_pump,150.0676,198.7606,0.1644,1.1795,398.2084,62.9709,0
2025-12-19 07:00:00,HSM.DSC.PMP01,cooling_descaling_pump,178.7465,202.9029,0.1057,0.9027,398.5031,50.8536,0
2025-12-19 08:00:00,HSM.DSC.PMP01,cooling_descaling_pump,183.5806,207.1264,1.0073,0.7246,407.8138,60.6622,0
2025-12-19 09:00:00,HSM.DSC.PMP01,cooling_descaling_pump,198.2968,204.1049,0.4112,0.8221,400.0583,54.6596,0
2025-12-19 10:00:00,HSM.DSC.PMP01,cooling_descaling_pump,186.8649,197.5603,-0.6362,1.005,393.6524,55.8527,0
2025-12-19 11:00:00,HSM.DSC.PMP01,cooling_descaling_pump,170.3334,195.4982,-0.9208,1.0062,395.8358,56.0029,0
2025-12-19 12:00:00,HSM.DSC.PMP01,cooling_descaling_pump,209.8562,198.9153,0.3496,1.0804,399.843,55.6258,0
2025-12-19 13:00:00,HSM.DSC.PMP01,cooling_descaling_pump,165.1102,197.093,-0.8887,0.8733,405.6919,51.7561,0
2025-12-19 14:00:00,HSM.DSC.PMP01,cooling_descaling_pump,191.3702,200.7481,0.6803,0.9539,400.2334,58.1187,0
2025-12-19 15:00:00,HSM.DSC.PMP01,cooling_descaling_pump,209.902,200.4363,0.0892,0.9433,396.7131,51.6067,0
2025-12-19 16:00:00,HSM.DSC.PMP01,cooling_descaling_pump,219.976,198.0083,0.042,0.8694,401.6304,46.8652,0
2025-12-19 17:00:00,HSM.DSC.PMP01,cooling_descaling_pump,158.7396,198.5158,0.7347,1.3578,397.2499,63.8429,0
2025-12-19 18:00:00,HSM.DSC.PMP01,cooling_descaling_pump,177.2025,198.7696,0.0764,0.9696,399.1346,50.6259,0
2025-12-19 19:00:00,HSM.DSC.PMP01,cooling_descaling_pump,197.5883,198.9313,-0.5826,0.9759,397.2693,51.5164,0
2025-12-19 20:00:00,HSM.DSC.PMP01,cooling_descaling_pump,187.12,195.4863,-1.0749,1.0501,402.4722,58.2645,0
2025-12-19 21:00:00,HSM.DSC.PMP01,cooling_descaling_pump,155.3978,193.4902,-0.7063,0.98,400.8267,54.7176,0
2025-12-19 22:00:00,HSM.DSC.PMP01,cooling_descaling_pump,204.5133,202.4389,1.5241,1.0737,387.7883,48.8991,0
2025-12-19 23:00:00,HSM.DSC.PMP01,cooling_descaling_pump,165.9304,203.1243,0.9396,0.9315,403.4033,54.5441,0
2025-12-20 00:00:00,HSM.DSC.PMP01,cooling_descaling_pump,177.729,195.3072,0.0796,0.9934,406.5638,52.1836,0
2025-12-20 01:00:00,HSM.DSC.PMP01,cooling_descaling_pump,193.3049,200.6852,-0.0129,0.6063,404.9903,43.8993,0
2025-12-20 02:00:00,HSM.DSC.PMP01,cooling_descaling_pump,136.5631,196.2149,0.7043,1.1244,395.7957,48.8399,0
2025-12-20 03:00:00,HSM.DSC.PMP01,cooling_descaling_pump,204.8587,195.3404,-0.8005,1.3377,396.7301,62.0325,0
2025-12-20 04:00:00,HSM.DSC.PMP01,cooling_descaling_pump,201.1432,200.0177,-0.1599,0.8958,406.929,50.2385,0
2025-12-20 05:00:00,HSM.DSC.PMP01,cooling_descaling_pump,195.0658,200.2649,0.1439,0.9835,400.8552,57.5929,0
2025-12-20 06:00:00,HSM.DSC.PMP01,cooling_descaling_pump,216.7072,201.4792,-0.0191,0.7565,401.0257,46.8268,0
2025-12-20 07:00:00,HSM.DSC.PMP01,cooling_descaling_pump,208.0332,198.1865,-0.7931,0.7346,397.7472,47.9157,0
2025-12-20 08:00:00,HSM.DSC.PMP01,cooling_descaling_pump,164.2889,196.7054,0.4731,1.1148,393.6741,54.3937,0
2025-12-20 09:00:00,HSM.DSC.PMP01,cooling_descaling_pump,153.7372,197.4373,-0.2695,0.9006,407.4539,55.727,0
2025-12-20 10:00:00,HSM.DSC.PMP01,cooling_descaling_pump,183.0502,196.1281,-0.4704,0.8249,402.2008,50.6376,0
2025-12-20 11:00:00,HSM.DSC.PMP01,cooling_descaling_pump,171.2397,200.9014,-1.215,1.1683,407.1201,57.4364,0
2025-12-20 12:00:00,HSM.DSC.PMP01,cooling_descaling_pump,184.657,204.8333,-0.4901,0.8378,395.2531,46.7087,0
2025-12-20 13:00:00,HSM.DSC.PMP01,cooling_descaling_pump,183.4616,197.9511,0.6467,1.027,397.6391,50.7929,0
2025-12-20 14:00:00,HSM.DSC.PMP01,cooling_descaling_pump,202.5471,203.8838,-0.2061,0.8463,397.7724,46.3863,0
2025-12-20 15:00:00,HSM.DSC.PMP01,cooling_descaling_pump,209.677,202.5435,-1.1088,0.8642,401.9602,52.5364,0
2025-12-20 16:00:00,HSM.DSC.PMP01,cooling_descaling_pump,146.5902,199.4749,0.1896,1.2457,398.5513,53.7519,0
2025-12-20 17:00:00,HSM.DSC.PMP01,cooling_descaling_pump,217.2834,194.1309,0.2072,0.8442,403.8402,46.7156,0
2025-12-20 18:00:00,HSM.DSC.PMP01,cooling_descaling_pump,170.3557,205.9802,-1.0373,0.645,400.0247,43.2306,0
2025-12-20 19:00:00,HSM.DSC.PMP01,cooling_descaling_pump,162.0617,201.5441,0.0169,1.1716,400.8152,53.824,0
2025-12-20 20:00:00,HSM.DSC.PMP01,cooling_descaling_pump,164.8932,194.6913,-0.3422,1.1355,400.3862,55.0413,0
2025-12-20 21:00:00,HSM.DSC.PMP01,cooling_descaling_pump,158.7485,205.1637,-0.1155,1.1145,398.8723,57.8125,0
2025-12-20 22:00:00,HSM.DSC.PMP01,cooling_descaling_pump,200.4733,198.7027,-0.0132,0.9976,404.2546,56.4291,0
2025-12-20 23:00:00,HSM.DSC.PMP01,cooling_descaling_pump,189.7879,199.6096,-0.264,1.0752,401.3762,64.6014,0
2025-12-21 00:00:00,HSM.DSC.PMP01,cooling_descaling_pump,205.649,195.0351,0.8099,1.0254,404.4473,44.4471,0
2025-12-21 01:00:00,HSM.DSC.PMP01,cooling_descaling_pump,208.9273,201.5284,-0.8191,1.0311,406.6544,63.053,0
2025-12-21 02:00:00,HSM.DSC.PMP01,cooling_descaling_pump,179.2637,204.3815,-0.9971,0.9415,395.4071,59.3674,0
2025-12-21 03:00:00,HSM.DSC.PMP01,cooling_descaling_pump,167.5798,197.7176,0.2783,0.7526,403.0188,51.9165,0
2025-12-21 04:00:00,HSM.DSC.PMP01,cooling_descaling_pump,216.5257,200.5941,-0.0911,0.7745,401.3688,54.1488,0
2025-12-21 05:00:00,HSM.DSC.PMP01,cooling_descaling_pump,190.1037,196.372,-0.3141,1.0938,403.1143,50.468,0
2025-12-21 06:00:00,HSM.DSC.PMP01,cooling_descaling_pump,176.9466,201.9231,1.4309,1.0254,390.8902,51.9654,0
2025-12-21 07:00:00,HSM.DSC.PMP01,cooling_descaling_pump,200.9285,200.5254,-1.1742,0.8552,394.3463,47.853,0
2025-12-21 08:00:00,HSM.DSC.PMP01,cooling_descaling_pump,195.4548,200.2129,-0.4569,1.0168,401.5071,48.6386,0
2025-12-21 09:00:00,HSM.DSC.PMP01,cooling_descaling_pump,173.7641,203.8388,0.7773,0.7689,405.0757,45.1811,0
2025-12-21 10:00:00,HSM.DSC.PMP01,cooling_descaling_pump,196.8659,201.5862,-0.2228,0.9379,405.7848,56.239,0
2025-12-21 11:00:00,HSM.DSC.PMP01,cooling_descaling_pump,193.2889,195.4051,-0.2164,0.9098,402.5921,53.8414,0
2025-12-21 12:00:00,HSM.DSC.PMP01,cooling_descaling_pump,158.3273,202.6805,-0.9261,0.8513,400.8165,55.004,0
2025-12-21 13:00:00,HSM.DSC.PMP01,cooling_descaling_pump,196.7375,203.5946,-0.7139,1.0696,391.8555,59.7004,0
2025-12-21 14:00:00,HSM.DSC.PMP01,cooling_descaling_pump,193.1752,207.3911,0.8657,0.9467,402.5394,53.9551,0
2025-12-21 15:00:00,HSM.DSC.PMP01,cooling_descaling_pump,186.8271,201.9343,-0.354,1.1201,395.1383,57.2979,0
2025-12-21 16:00:00,HSM.DSC.PMP01,cooling_descaling_pump,156.7251,201.8961,0.4187,1.0137,394.7931,50.973,0
2025-12-21 17:00:00,HSM.DSC.PMP01,cooling_descaling_pump,162.7702,198.8206,0.4265,1.2402,396.5103,55.7601,0
2025-12-21 18:00:00,HSM.DSC.PMP01,cooling_descaling_pump,202.4401,203.1572,1.1576,0.9449,396.0883,52.4284,0
2025-12-21 19:00:00,HSM.DSC.PMP01,cooling_descaling_pump,133.2374,193.9733,-0.0138,1.1777,403.1495,60.7898,0
2025-12-21 20:00:00,HSM.DSC.PMP01,cooling_descaling_pump,199.7239,203.617,0.166,1.2631,386.4882,60.3922,0
2025-12-21 21:00:00,HSM.DSC.PMP01,cooling_descaling_pump,176.4793,201.5238,0.5008,1.1179,399.164,50.7723,0
2025-12-21 22:00:00,HSM.DSC.PMP01,cooling_descaling_pump,153.6915,203.1012,-0.001,1.0344,404.1234,51.1965,0
2025-12-21 23:00:00,HSM.DSC.PMP01,cooling_descaling_pump,163.0134,207.9869,0.2333,1.1685,402.2729,56.906,0
2025-12-22 00:00:00,HSM.DSC.PMP01,cooling_descaling_pump,204.905,202.4815,1.0426,0.7322,404.6877,48.1725,0
2025-12-22 01:00:00,HSM.DSC.PMP01,cooling_descaling_pump,149.6891,200.4443,-1.0247,1.0527,401.0543,55.3453,0
2025-12-22 02:00:00,HSM.DSC.PMP01,cooling_descaling_pump,198.8124,199.9898,0.196,1.0423,399.9053,53.6212,0
2025-12-22 03:00:00,HSM.DSC.PMP01,cooling_descaling_pump,187.5709,199.5983,0.3664,0.9248,398.2498,55.2046,0
2025-12-22 04:00:00,HSM.DSC.PMP01,cooling_descaling_pump,165.4288,202.4089,-0.0159,1.2085,400.4345,55.3151,0
2025-12-22 05:00:00,HSM.DSC.PMP01,cooling_descaling_pump,181.9794,200.4313,-0.9079,0.7843,412.9028,52.6915,0
2025-12-22 06:00:00,HSM.DSC.PMP01,cooling_descaling_pump,172.3887,200.6799,0.1125,1.093,394.2375,53.8307,0
2025-12-22 07:00:00,HSM.DSC.PMP01,cooling_descaling_pump,153.3453,198.0335,-0.5554,0.9706,398.4433,60.0308,0
2025-12-22 08:00:00,HSM.DSC.PMP01,cooling_descaling_pump,164.9009,196.6728,0.113,0.993,398.3954,55.3989,0
2025-12-22 09:00:00,HSM.DSC.PMP01,cooling_descaling_pump,142.1068,197.7303,-0.9364,1.1187,401.3845,52.6713,0
2025-12-22 10:00:00,HSM.DSC.PMP01,cooling_descaling_pump,171.7622,199.1632,-0.2324,1.2321,397.8897,57.4377,0
2025-12-22 11:00:00,HSM.DSC.PMP01,cooling_descaling_pump,183.4128,194.7945,1.5721,0.9186,398.9088,53.6927,0
2025-12-22 12:00:00,HSM.DSC.PMP01,cooling_descaling_pump,180.7738,198.0762,0.0549,1.1798,399.5542,55.3578,0
2025-12-22 13:00:00,HSM.DSC.PMP01,cooling_descaling_pump,204.5979,196.6371,0.1956,1.0569,404.1581,57.3676,0
2025-12-22 14:00:00,HSM.DSC.PMP01,cooling_descaling_pump,214.0339,201.5158,-0.4822,1.0713,400.4611,52.021,0
2025-12-22 15:00:00,HSM.DSC.PMP01,cooling_descaling_pump,191.9972,199.7965,0.9214,1.1607,398.765,53.4099,0
2025-12-22 16:00:00,HSM.DSC.PMP01,cooling_descaling_pump,145.0213,200.9699,-0.1023,1.0441,402.6896,57.7764,0
2025-12-22 17:00:00,HSM.DSC.PMP01,cooling_descaling_pump,153.5253,202.418,-0.3459,1.0095,402.717,51.3339,0
2025-12-22 18:00:00,HSM.DSC.PMP01,cooling_descaling_pump,192.1472,204.7946,0.3861,1.0351,399.0465,61.4908,0
2025-12-22 19:00:00,HSM.DSC.PMP01,cooling_descaling_pump,171.0323,198.1443,0.0897,0.9378,398.2392,44.5686,0
2025-12-22 20:00:00,HSM.DSC.PMP01,cooling_descaling_pump,159.9325,201.8191,0.5835,1.2964,395.5387,51.5521,0
2025-12-22 21:00:00,HSM.DSC.PMP01,cooling_descaling_pump,177.0872,198.3243,-1.0005,0.9949,398.5618,56.5097,0
2025-12-22 22:00:00,HSM.DSC.PMP01,cooling_descaling_pump,188.1645,202.3831,-1.1865,0.739,398.3368,54.7405,0
2025-12-22 23:00:00,HSM.DSC.PMP01,cooling_descaling_pump,187.141,197.4267,0.7047,1.0221,401.3829,54.8948,0
2025-12-23 00:00:00,HSM.DSC.PMP01,cooling_descaling_pump,170.6554,198.568,-0.038,1.0979,402.3194,62.7322,0
2025-12-23 01:00:00,HSM.DSC.PMP01,cooling_descaling_pump,151.8862,203.583,0.2844,0.9101,398.9289,56.0549,0
2025-12-23 02:00:00,HSM.DSC.PMP01,cooling_descaling_pump,139.3212,201.3371,-0.092,0.8047,397.7299,45.1372,0
2025-12-23 03:00:00,HSM.DSC.PMP01,cooling_descaling_pump,195.9502,201.8729,0.4662,0.8801,403.1891,51.3874,0
2025-12-23 04:00:00,HSM.DSC.PMP01,cooling_descaling_pump,151.3201,207.526,0.4716,0.9332,396.9554,56.84,0
2025-12-23 05:00:00,HSM.DSC.PMP01,cooling_descaling_pump,137.4797,205.2224,0.809,0.9585,400.5787,53.161,0
2025-12-23 06:00:00,HSM.DSC.PMP01,cooling_descaling_pump,176.5072,202.23,-0.2616,0.9896,401.9612,58.6356,0
2025-12-23 07:00:00,HSM.DSC.PMP01,cooling_descaling_pump,192.0387,203.5898,-0.1437,0.7051,403.7538,49.081,0
2025-12-23 08:00:00,HSM.DSC.PMP01,cooling_descaling_pump,183.749,195.614,0.3698,0.9184,398.5601,55.9743,0
2025-12-23 09:00:00,HSM.DSC.PMP01,cooling_descaling_pump,137.3863,201.0743,0.1092,0.9369,396.2375,56.2814,0
2025-12-23 10:00:00,HSM.DSC.PMP01,cooling_descaling_pump,159.0767,197.7553,0.6324,1.1877,401.0826,54.9288,0
2025-12-23 11:00:00,HSM.DSC.PMP01,cooling_descaling_pump,197.2909,207.5776,0.327,0.7001,395.4155,49.7313,0
2025-12-23 12:00:00,HSM.DSC.PMP01,cooling_descaling_pump,164.9446,204.1411,0.2433,0.9171,401.3554,56.1076,0
2025-12-23 13:00:00,HSM.DSC.PMP01,cooling_descaling_pump,180.3545,199.2027,0.621,1.0524,404.4725,62.8244,0
2025-12-23 14:00:00,HSM.DSC.PMP01,cooling_descaling_pump,198.7993,196.6649,0.3601,1.2083,396.6558,53.254,0
2025-12-23 15:00:00,HSM.DSC.PMP01,cooling_descaling_pump,212.1611,198.3449,0.6439,0.6957,403.2564,53.4067,0
2025-12-23 16:00:00,HSM.DSC.PMP01,cooling_descaling_pump,189.0447,201.1322,-0.1709,0.8872,396.624,49.9659,0
2025-12-23 17:00:00,HSM.DSC.PMP01,cooling_descaling_pump,194.2581,200.2776,0.11,0.9051,394.1672,56.5599,0
2025-12-23 18:00:00,HSM.DSC.PMP01,cooling_descaling_pump,193.408,202.391,0.9439,1.1095,397.5615,56.6042,0
2025-12-23 19:00:00,HSM.DSC.PMP01,cooling_descaling_pump,171.5243,201.3183,0.3862,0.9405,404.4046,51.8532,0
2025-12-23 20:00:00,HSM.DSC.PMP01,cooling_descaling_pump,176.4704,198.7385,0.2251,1.2929,400.033,60.776,0
2025-12-23 21:00:00,HSM.DSC.PMP01,cooling_descaling_pump,168.4899,194.7164,-0.0632,1.0274,399.6047,56.7327,0
2025-12-23 22:00:00,HSM.DSC.PMP01,cooling_descaling_pump,168.7596,196.2085,0.3885,1.0624,408.2292,47.9328,0
2025-12-23 23:00:00,HSM.DSC.PMP01,cooling_descaling_pump,214.9255,199.0651,-0.9118,1.1593,396.2897,65.3636,0
2025-12-24 00:00:00,HSM.DSC.PMP01,cooling_descaling_pump,202.0045,198.6759,0.1038,0.9313,400.3824,55.6792,0
2025-12-24 01:00:00,HSM.DSC.PMP01,cooling_descaling_pump,203.8554,198.6663,-0.2614,1.1851,403.3893,60.4582,0
2025-12-24 02:00:00,HSM.DSC.PMP01,cooling_descaling_pump,193.845,199.6119,-0.2959,1.0283,406.2811,53.2844,0
2025-12-24 03:00:00,HSM.DSC.PMP01,cooling_descaling_pump,182.3149,199.5699,-1.0835,0.7778,402.2375,48.4416,0
2025-12-24 04:00:00,HSM.DSC.PMP01,cooling_descaling_pump,165.2978,193.3455,-0.2928,1.1889,396.7963,51.131,0
2025-12-24 05:00:00,HSM.DSC.PMP01,cooling_descaling_pump,181.0044,195.967,-0.3776,0.9521,398.8192,55.385,0
2025-12-24 06:00:00,HSM.DSC.PMP01,cooling_descaling_pump,197.3497,195.4456,-0.0666,0.7531,401.8565,48.9414,0
2025-12-24 07:00:00,HSM.DSC.PMP01,cooling_descaling_pump,188.4099,199.1058,-0.2462,0.9339,398.7615,49.8661,0
2025-12-24 08:00:00,HSM.DSC.PMP01,cooling_descaling_pump,151.3307,202.0415,0.2235,1.0112,402.982,55.4973,0
2025-12-24 09:00:00,HSM.DSC.PMP01,cooling_descaling_pump,192.7469,199.363,0.3122,1.2695,393.2022,56.0974,0
2025-12-24 10:00:00,HSM.DSC.PMP01,cooling_descaling_pump,200.29,198.9468,-0.36,1.3406,393.8494,62.2349,0
2025-12-24 11:00:00,HSM.DSC.PMP01,cooling_descaling_pump,177.8618,201.0246,0.8044,0.9782,400.5821,52.1137,0
2025-12-24 12:00:00,HSM.DSC.PMP01,cooling_descaling_pump,159.2801,202.3563,-0.455,1.0614,397.8136,48.8425,0
2025-12-24 13:00:00,HSM.DSC.PMP01,cooling_descaling_pump,134.8141,202.684,0.4433,0.8986,400.6469,55.287,0
2025-12-24 14:00:00,HSM.DSC.PMP01,cooling_descaling_pump,191.1941,191.0302,0.4141,1.1381,404.2767,57.215,0
2025-12-24 15:00:00,HSM.DSC.PMP01,cooling_descaling_pump,229.495,196.5059,-0.089,0.7024,406.3911,55.1176,0
2025-12-24 16:00:00,HSM.DSC.PMP01,cooling_descaling_pump,181.6535,194.8154,-1.5362,1.2195,395.383,51.5727,0
2025-12-24 17:00:00,HSM.DSC.PMP01,cooling_descaling_pump,148.0837,204.1278,-0.4913,1.0127,398.8094,59.6536,0
2025-12-24 18:00:00,HSM.DSC.PMP01,cooling_descaling_pump,183.8029,197.4042,-1.6046,0.8729,395.3164,45.9518,0
2025-12-24 19:00:00,HSM.DSC.PMP01,cooling_descaling_pump,178.3416,203.8545,0.4351,1.094,395.2863,52.7565,0
2025-12-24 20:00:00,HSM.DSC.PMP01,cooling_descaling_pump,132.4973,197.7177,0.0916,0.9357,394.6932,52.3918,0
2025-12-24 21:00:00,HSM.DSC.PMP01,cooling_descaling_pump,192.6019,204.4608,-0.231,0.7438,403.0835,48.9381,0
2025-12-24 22:00:00,HSM.DSC.PMP01,cooling_descaling_pump,193.0153,203.1372,-1.105,0.8728,403.2022,55.0578,0
2025-12-24 23:00:00,HSM.DSC.PMP01,cooling_descaling_pump,189.7062,194.733,-1.344,0.8832,402.4696,61.8572,0
2025-12-25 00:00:00,HSM.DSC.PMP01,cooling_descaling_pump,159.7276,199.7247,0.1682,1.0675,399.0805,57.2427,0
2025-12-25 01:00:00,HSM.DSC.PMP01,cooling_descaling_pump,187.4472,205.9818,-0.0387,0.8452,398.6189,52.3257,0
2025-12-25 02:00:00,HSM.DSC.PMP01,cooling_descaling_pump,192.9634,195.2311,0.8972,0.8725,405.4523,56.618,0
2025-12-25 03:00:00,HSM.DSC.PMP01,cooling_descaling_pump,186.2751,206.0392,0.3009,1.1187,403.7099,61.0645,0
2025-12-25 04:00:00,HSM.DSC.PMP01,cooling_descaling_pump,191.5786,196.7172,-0.3764,1.0348,400.5509,53.3643,0
2025-12-25 05:00:00,HSM.DSC.PMP01,cooling_descaling_pump,200.5132,201.7081,-0.3335,0.8186,401.7372,55.1329,0
2025-12-25 06:00:00,HSM.DSC.PMP01,cooling_descaling_pump,219.4041,197.9705,-0.0106,1.0851,395.2366,60.8487,0
2025-12-25 07:00:00,HSM.DSC.PMP01,cooling_descaling_pump,159.9808,195.8569,0.0903,1.1001,401.2099,51.9259,0
2025-12-25 08:00:00,HSM.DSC.PMP01,cooling_descaling_pump,148.9813,195.3652,1.1433,0.825,404.9913,52.8294,0
2025-12-25 09:00:00,HSM.DSC.PMP01,cooling_descaling_pump,190.7415,207.6431,-0.6315,0.9522,398.5462,52.5567,0
2025-12-25 10:00:00,HSM.DSC.PMP01,cooling_descaling_pump,176.6565,197.3875,-0.5138,0.7303,399.447,43.3334,0
2025-12-25 11:00:00,HSM.DSC.PMP01,cooling_descaling_pump,187.2699,197.0261,-0.6891,0.786,399.0753,52.4337,0
2025-12-25 12:00:00,HSM.DSC.PMP01,cooling_descaling_pump,171.8234,198.6733,-0.5481,1.072,402.5585,54.0771,0
2025-12-25 13:00:00,HSM.DSC.PMP01,cooling_descaling_pump,171.5295,206.0073,-0.1653,0.9813,405.558,56.8288,0
2025-12-25 14:00:00,HSM.DSC.PMP01,cooling_descaling_pump,209.1996,203.0632,0.7859,1.2053,388.2066,52.7416,0
2025-12-25 15:00:00,HSM.DSC.PMP01,cooling_descaling_pump,161.7388,201.6699,0.4647,1.1386,400.549,53.9992,0
2025-12-25 16:00:00,HSM.DSC.PMP01,cooling_descaling_pump,220.0308,199.4847,0.7397,1.019,397.5523,59.8166,0
2025-12-25 17:00:00,HSM.DSC.PMP01,cooling_descaling_pump,167.2584,197.7254,-0.3972,1.224,400.0831,62.5257,0
2025-12-25 18:00:00,HSM.DSC.PMP01,cooling_descaling_pump,190.2327,199.4209,0.5427,1.1561,398.573,55.6817,0
2025-12-25 19:00:00,HSM.DSC.PMP01,cooling_descaling_pump,175.4824,201.8373,0.8154,0.6814,402.7242,50.6357,0
2025-12-25 20:00:00,HSM.DSC.PMP01,cooling_descaling_pump,179.9291,195.0077,0.4694,0.9906,392.769,51.0133,0
2025-12-25 21:00:00,HSM.DSC.PMP01,cooling_descaling_pump,150.9555,202.1346,-0.0851,0.8565,399.326,47.462,0
2025-12-25 22:00:00,HSM.DSC.PMP01,cooling_descaling_pump,178.137,202.7619,-1.0411,0.9948,400.9431,56.1754,0
2025-12-25 23:00:00,HSM.DSC.PMP01,cooling_descaling_pump,189.1024,201.0217,-1.4852,1.076,402.3758,59.5494,0
2025-12-26 00:00:00,HSM.DSC.PMP01,cooling_descaling_pump,184.8569,196.9991,-1.4949,1.0955,392.1624,59.9544,0
2025-12-26 01:00:00,HSM.DSC.PMP01,cooling_descaling_pump,170.9406,197.0805,-0.2351,1.3641,400.8702,61.7516,0
2025-12-26 02:00:00,HSM.DSC.PMP01,cooling_descaling_pump,165.8906,195.1869,0.0511,0.919,395.2581,49.7292,0
2025-12-26 03:00:00,HSM.DSC.PMP01,cooling_descaling_pump,163.1565,197.2305,2.1446,1.1034,394.3655,50.2351,0
2025-12-26 04:00:00,HSM.DSC.PMP01,cooling_descaling_pump,227.0843,201.2512,0.2232,0.8594,400.129,56.7824,0
2025-12-26 05:00:00,HSM.DSC.PMP01,cooling_descaling_pump,195.0816,204.8816,-0.0126,1.2031,403.8731,65.422,0
2025-12-26 06:00:00,HSM.DSC.PMP01,cooling_descaling_pump,200.4122,202.4791,0.84,0.9918,400.9292,62.2997,0
2025-12-26 07:00:00,HSM.DSC.PMP01,cooling_descaling_pump,201.507,199.7272,-0.0508,1.0857,403.4615,63.5717,0
2025-12-26 08:00:00,HSM.DSC.PMP01,cooling_descaling_pump,196.8716,204.4197,-0.6427,0.9287,394.7594,50.147,0
2025-12-26 09:00:00,HSM.DSC.PMP01,cooling_descaling_pump,167.0132,199.4073,0.3425,0.8453,401.3232,54.9912,0
2025-12-26 10:00:00,HSM.DSC.PMP01,cooling_descaling_pump,196.918,201.3933,0.0063,0.8563,397.1696,51.9217,0
2025-12-26 11:00:00,HSM.DSC.PMP01,cooling_descaling_pump,174.9322,192.2462,0.2004,1.237,399.1409,62.4919,0
2025-12-26 12:00:00,HSM.DSC.PMP01,cooling_descaling_pump,184.0695,202.083,-1.6618,0.9255,400.5329,49.3161,0
2025-12-26 13:00:00,HSM.DSC.PMP01,cooling_descaling_pump,138.1505,201.4113,0.5008,1.1574,397.6011,53.2114,0
2025-12-26 14:00:00,HSM.DSC.PMP01,cooling_descaling_pump,191.1261,198.9222,-0.3946,0.9416,397.4982,50.4463,0
2025-12-26 15:00:00,HSM.DSC.PMP01,cooling_descaling_pump,170.5629,203.9044,0.5618,1.0547,393.9066,53.498,0
2025-12-26 16:00:00,HSM.DSC.PMP01,cooling_descaling_pump,191.119,205.7082,-0.9129,1.0266,395.406,56.0698,0
2025-12-26 17:00:00,HSM.DSC.PMP01,cooling_descaling_pump,205.4157,199.6454,0.1023,1.0048,399.2451,57.3321,0
2025-12-26 18:00:00,HSM.DSC.PMP01,cooling_descaling_pump,213.9049,199.6872,-0.3908,0.7441,401.8076,51.8496,0
2025-12-26 19:00:00,HSM.DSC.PMP01,cooling_descaling_pump,209.4535,199.7885,1.4652,1.1278,403.4589,57.0483,0
2025-12-26 20:00:00,HSM.DSC.PMP01,cooling_descaling_pump,165.4433,200.8254,0.3829,0.8072,399.1184,42.5482,0
2025-12-26 21:00:00,HSM.DSC.PMP01,cooling_descaling_pump,154.2574,199.5439,0.3905,1.1289,403.2227,57.2897,0
2025-12-26 22:00:00,HSM.DSC.PMP01,cooling_descaling_pump,189.3893,201.7073,0.2759,0.9423,404.8396,50.5745,0
2025-12-26 23:00:00,HSM.DSC.PMP01,cooling_descaling_pump,129.1976,199.3224,-1.2488,1.018,400.5626,45.6738,0
2025-12-27 00:00:00,HSM.DSC.PMP01,cooling_descaling_pump,156.5992,202.3842,0.0738,1.3823,403.0377,67.2341,0
2025-12-27 01:00:00,HSM.DSC.PMP01,cooling_descaling_pump,155.7254,192.6556,0.1598,1.1804,404.0417,62.3829,0
2025-12-27 02:00:00,HSM.DSC.PMP01,cooling_descaling_pump,154.9893,194.7793,-0.6774,1.0095,401.8826,51.5944,0
2025-12-27 03:00:00,HSM.DSC.PMP01,cooling_descaling_pump,152.3072,203.8674,1.1686,0.8605,404.0372,57.2932,0
2025-12-27 04:00:00,HSM.DSC.PMP01,cooling_descaling_pump,183.5812,202.4405,0.8063,0.7245,403.0067,54.5176,0
2025-12-27 05:00:00,HSM.DSC.PMP01,cooling_descaling_pump,227.3144,197.3239,0.0684,0.6299,403.049,50.2055,0
2025-12-27 06:00:00,HSM.DSC.PMP01,cooling_descaling_pump,158.4142,197.4872,0.1916,1.0896,395.032,58.6185,0
2025-12-27 07:00:00,HSM.DSC.PMP01,cooling_descaling_pump,200.208,199.2688,-0.1685,0.8581,401.1019,55.5002,0
2025-12-27 08:00:00,HSM.DSC.PMP01,cooling_descaling_pump,162.7097,201.9097,0.4715,0.9434,401.7669,52.8166,0
2025-12-27 09:00:00,HSM.DSC.PMP01,cooling_descaling_pump,171.2567,195.6713,0.2863,1.1319,399.7285,57.2869,0
2025-12-27 10:00:00,HSM.DSC.PMP01,cooling_descaling_pump,211.6328,199.2231,0.4145,0.7148,399.1463,54.3092,0
2025-12-27 11:00:00,HSM.DSC.PMP01,cooling_descaling_pump,206.2664,205.1766,-0.3641,0.8627,396.5934,53.4796,0
2025-12-27 12:00:00,HSM.DSC.PMP01,cooling_descaling_pump,214.4029,202.9093,1.6737,0.9443,397.2648,56.5135,0
2025-12-27 13:00:00,HSM.DSC.PMP01,cooling_descaling_pump,202.695,202.932,0.3533,1.0954,397.118,49.9238,0
2025-12-27 14:00:00,HSM.DSC.PMP01,cooling_descaling_pump,185.8664,199.7699,0.5991,1.1776,396.4932,53.3189,0
2025-12-27 15:00:00,HSM.DSC.PMP01,cooling_descaling_pump,203.9857,201.576,-0.4174,1.1315,399.7994,59.474,0
2025-12-27 16:00:00,HSM.DSC.PMP01,cooling_descaling_pump,199.691,201.5373,-0.9207,1.3847,398.2623,59.5205,0
2025-12-27 17:00:00,HSM.DSC.PMP01,cooling_descaling_pump,208.0862,195.108,0.65,0.9747,402.3579,50.8638,0
2025-12-27 18:00:00,HSM.DSC.PMP01,cooling_descaling_pump,173.1784,198.8973,-0.8325,1.2628,396.0219,53.2716,0
2025-12-27 19:00:00,HSM.DSC.PMP01,cooling_descaling_pump,191.3465,201.0155,-0.2862,0.877,398.8595,51.835,0
2025-12-27 20:00:00,HSM.DSC.PMP01,cooling_descaling_pump,183.9606,202.6649,-0.435,1.2787,399.5044,60.7199,0
2025-12-27 21:00:00,HSM.DSC.PMP01,cooling_descaling_pump,213.1497,202.8078,0.5442,1.2189,396.0008,57.9812,0
2025-12-27 22:00:00,HSM.DSC.PMP01,cooling_descaling_pump,217.0684,201.0338,0.0205,0.8725,402.6036,46.6046,0
2025-12-27 23:00:00,HSM.DSC.PMP01,cooling_descaling_pump,206.1931,196.8981,-0.5634,0.9426,398.3297,57.1825,0
2025-12-28 00:00:00,HSM.DSC.PMP01,cooling_descaling_pump,146.4487,199.142,1.6466,1.0808,403.7363,54.5828,0
2025-12-28 01:00:00,HSM.DSC.PMP01,cooling_descaling_pump,222.2731,192.2262,-0.3212,1.1084,395.1535,53.5691,0
2025-12-28 02:00:00,HSM.DSC.PMP01,cooling_descaling_pump,175.3354,206.3927,-0.2791,1.0394,397.6986,53.1699,0
2025-12-28 03:00:00,HSM.DSC.PMP01,cooling_descaling_pump,195.9236,188.4271,0.6706,1.2018,404.0526,59.0105,0
2025-12-28 04:00:00,HSM.DSC.PMP01,cooling_descaling_pump,197.897,199.1373,-0.1726,0.8226,402.1853,57.9708,0
2025-12-28 05:00:00,HSM.DSC.PMP01,cooling_descaling_pump,218.2839,197.723,-0.6116,0.8298,398.1327,60.7109,0
2025-12-28 06:00:00,HSM.DSC.PMP01,cooling_descaling_pump,170.6424,196.902,-0.4307,0.9969,395.9427,52.9096,0
2025-12-28 07:00:00,HSM.DSC.PMP01,cooling_descaling_pump,179.2532,205.0116,0.2383,0.9601,399.8971,55.3012,0
2025-12-28 08:00:00,HSM.DSC.PMP01,cooling_descaling_pump,178.5276,200.7872,1.2645,0.949,403.8533,57.3916,0
2025-12-28 09:00:00,HSM.DSC.PMP01,cooling_descaling_pump,176.9643,197.4487,0.4217,1.0709,404.6826,55.6155,0
2025-12-28 10:00:00,HSM.DSC.PMP01,cooling_descaling_pump,205.348,197.0842,1.2098,1.2107,402.0939,61.1972,0
2025-12-28 11:00:00,HSM.DSC.PMP01,cooling_descaling_pump,181.4809,199.311,0.3422,1.0743,403.0305,54.1399,0
2025-12-28 12:00:00,HSM.DSC.PMP01,cooling_descaling_pump,165.7454,201.6014,0.7438,1.0904,401.3454,58.5961,0
2025-12-28 13:00:00,HSM.DSC.PMP01,cooling_descaling_pump,160.7818,207.3532,0.8973,0.8023,404.3334,47.96,0
2025-12-28 14:00:00,HSM.DSC.PMP01,cooling_descaling_pump,161.7813,197.762,0.312,0.8801,398.6746,48.5727,0
2025-12-28 15:00:00,HSM.DSC.PMP01,cooling_descaling_pump,199.8434,203.847,-0.7265,1.0631,398.1599,52.6241,0
2025-12-28 16:00:00,HSM.DSC.PMP01,cooling_descaling_pump,228.568,202.0066,-0.9317,0.8005,400.8094,54.6686,0
2025-12-28 17:00:00,HSM.DSC.PMP01,cooling_descaling_pump,179.4441,198.5424,-0.1708,1.0165,397.8183,49.5287,0
2025-12-28 18:00:00,HSM.DSC.PMP01,cooling_descaling_pump,194.834,201.9505,0.0031,0.945,398.2923,52.2732,0
2025-12-28 19:00:00,HSM.DSC.PMP01,cooling_descaling_pump,173.9564,197.1625,0.0858,0.6589,399.6412,42.6292,0
2025-12-28 20:00:00,HSM.DSC.PMP01,cooling_descaling_pump,169.3416,201.2434,0.343,0.8919,401.2616,49.3016,0
2025-12-28 21:00:00,HSM.DSC.PMP01,cooling_descaling_pump,174.192,199.4712,-0.0707,1.1205,395.0241,54.5726,0
2025-12-28 22:00:00,HSM.DSC.PMP01,cooling_descaling_pump,181.7191,195.5317,-0.7336,0.8861,396.5148,51.8242,0
2025-12-28 23:00:00,HSM.DSC.PMP01,cooling_descaling_pump,175.97,199.1438,-0.2401,1.3423,391.8055,57.7455,0
2025-12-29 00:00:00,HSM.DSC.PMP01,cooling_descaling_pump,194.4063,203.7548,0.4876,0.8444,400.7724,51.633,0
2025-12-29 01:00:00,HSM.DSC.PMP01,cooling_descaling_pump,229.3887,200.1426,-0.1655,0.8037,397.5663,49.0613,0
2025-12-29 02:00:00,HSM.DSC.PMP01,cooling_descaling_pump,165.8934,203.069,0.3385,0.8857,400.1319,49.9523,0
2025-12-29 03:00:00,HSM.DSC.PMP01,cooling_descaling_pump,211.3527,200.5504,0.4536,0.9891,393.5603,54.3129,0
2025-12-29 04:00:00,HSM.DSC.PMP01,cooling_descaling_pump,206.8077,198.8634,1.2317,0.9449,403.4057,51.1164,0
2025-12-29 05:00:00,HSM.DSC.PMP01,cooling_descaling_pump,154.0944,204.2753,-0.5006,0.9045,395.6283,54.4075,0
2025-12-29 06:00:00,HSM.DSC.PMP01,cooling_descaling_pump,181.2896,198.7556,-0.2333,0.878,393.3646,55.726,0
2025-12-29 07:00:00,HSM.DSC.PMP01,cooling_descaling_pump,194.5339,202.3413,0.1255,0.8341,402.6793,61.7485,0
2025-12-29 08:00:00,HSM.DSC.PMP01,cooling_descaling_pump,198.1398,197.3783,-1.0351,1.0828,404.0383,57.7858,0
2025-12-29 09:00:00,HSM.DSC.PMP01,cooling_descaling_pump,197.9787,198.2338,0.1541,1.0358,406.0384,59.3009,0
2025-12-29 10:00:00,HSM.DSC.PMP01,cooling_descaling_pump,187.1261,193.07,-0.8566,1.0513,403.8033,50.3181,0
2025-12-29 11:00:00,HSM.DSC.PMP01,cooling_descaling_pump,172.3156,201.1507,0.1951,0.9987,403.1165,60.6272,0
2025-12-29 12:00:00,HSM.DSC.PMP01,cooling_descaling_pump,201.7752,200.8346,1.6688,1.2165,396.2468,62.9269,0
2025-12-29 13:00:00,HSM.DSC.PMP01,cooling_descaling_pump,198.6028,202.934,-0.2625,0.823,397.7651,53.9173,0
2025-12-29 14:00:00,HSM.DSC.PMP01,cooling_descaling_pump,180.6713,199.2227,-0.2316,0.9686,394.684,51.7946,0
2025-12-29 15:00:00,HSM.DSC.PMP01,cooling_descaling_pump,177.3869,203.0271,0.0087,0.863,406.0579,57.2948,0
2025-12-29 16:00:00,HSM.DSC.PMP01,cooling_descaling_pump,199.7235,197.9,-0.1151,1.0966,398.2131,55.0063,0
2025-12-29 17:00:00,HSM.DSC.PMP01,cooling_descaling_pump,174.9478,199.7492,-0.0967,0.918,413.1108,51.7096,0
2025-12-29 18:00:00,HSM.DSC.PMP01,cooling_descaling_pump,190.7059,207.5017,1.1674,0.619,402.1527,43.5207,0
2025-12-29 19:00:00,HSM.DSC.PMP01,cooling_descaling_pump,202.0302,195.6306,0.4241,1.4823,402.2998,57.6148,0
2025-12-29 20:00:00,HSM.DSC.PMP01,cooling_descaling_pump,177.4217,199.5984,0.1964,0.7922,395.7954,44.8513,0
2025-12-29 21:00:00,HSM.DSC.PMP01,cooling_descaling_pump,215.4366,199.6132,-0.5915,0.8792,390.2915,51.7037,0
2025-12-29 22:00:00,HSM.DSC.PMP01,cooling_descaling_pump,198.7524,205.9384,0.5346,0.6927,406.6118,47.6998,0
2025-12-29 23:00:00,HSM.DSC.PMP01,cooling_descaling_pump,187.8904,201.4769,-0.6263,0.7181,408.2144,48.8984,0
2025-12-30 00:00:00,HSM.DSC.PMP01,cooling_descaling_pump,160.8929,201.3225,-0.2213,0.8813,400.7945,59.5374,0
2025-12-30 01:00:00,HSM.DSC.PMP01,cooling_descaling_pump,187.9142,201.4047,-0.7215,0.9186,404.0653,55.5109,0
2025-12-30 02:00:00,HSM.DSC.PMP01,cooling_descaling_pump,193.1471,200.1077,-0.9154,1.2111,396.6429,58.9357,0
2025-12-30 03:00:00,HSM.DSC.PMP01,cooling_descaling_pump,161.4575,202.3519,-1.2215,1.1311,401.512,56.7523,0
2025-12-30 04:00:00,HSM.DSC.PMP01,cooling_descaling_pump,187.3963,196.695,-1.6589,1.1365,401.2887,56.5397,0
2025-12-30 05:00:00,HSM.DSC.PMP01,cooling_descaling_pump,186.5723,202.9511,-0.1101,1.2252,401.2645,65.1785,0
2025-12-30 06:00:00,HSM.DSC.PMP01,cooling_descaling_pump,198.0828,197.6891,0.2335,1.0687,394.9763,63.3023,0
2025-12-30 07:00:00,HSM.DSC.PMP01,cooling_descaling_pump,208.798,196.6608,-0.06,0.88,399.7767,46.1377,0
2025-12-30 08:00:00,HSM.DSC.PMP01,cooling_descaling_pump,192.3023,199.0469,0.966,1.1027,404.7368,53.3856,0
2025-12-30 09:00:00,HSM.DSC.PMP01,cooling_descaling_pump,199.5546,195.7682,0.2066,1.2456,389.7514,63.0288,0
2025-12-30 10:00:00,HSM.DSC.PMP01,cooling_descaling_pump,223.0233,204.307,-0.8,0.9064,394.1011,43.9944,0
2025-12-30 11:00:00,HSM.DSC.PMP01,cooling_descaling_pump,209.8609,198.4856,0.8092,0.9949,406.2759,57.1923,0
2025-12-30 12:00:00,HSM.DSC.PMP01,cooling_descaling_pump,140.3266,205.5338,1.136,1.134,398.7132,55.4786,0
2025-12-30 13:00:00,HSM.DSC.PMP01,cooling_descaling_pump,188.5676,193.4204,0.8011,0.9969,403.808,51.2709,0
2025-12-30 14:00:00,HSM.DSC.PMP01,cooling_descaling_pump,201.4883,202.2192,0.0796,0.7287,400.0159,53.4142,0
2025-12-30 15:00:00,HSM.DSC.PMP01,cooling_descaling_pump,182.1422,199.6348,0.2464,0.8349,406.2421,46.2445,0
2025-12-30 16:00:00,HSM.DSC.PMP01,cooling_descaling_pump,149.1715,196.8475,0.1854,0.9702,401.0413,54.2698,0
2025-12-30 17:00:00,HSM.DSC.PMP01,cooling_descaling_pump,207.432,199.3435,0.2686,1.0174,392.1395,54.7179,0
2025-12-30 18:00:00,HSM.DSC.PMP01,cooling_descaling_pump,168.9567,198.5172,0.7211,1.1598,396.8765,53.097,0
2025-12-30 19:00:00,HSM.DSC.PMP01,cooling_descaling_pump,166.5848,198.1967,0.0663,1.0625,399.697,50.7055,0
2025-12-30 20:00:00,HSM.DSC.PMP01,cooling_descaling_pump,168.4403,200.1113,-0.53,1.0039,394.1955,57.2392,0
2025-12-30 21:00:00,HSM.DSC.PMP01,cooling_descaling_pump,216.4436,192.6112,0.2114,0.9978,403.275,57.2002,0
2025-12-30 22:00:00,HSM.DSC.PMP01,cooling_descaling_pump,203.2299,204.3452,-1.0326,1.012,393.7905,51.655,0
2025-12-30 23:00:00,HSM.DSC.PMP01,cooling_descaling_pump,160.7256,199.5137,0.001,0.9594,398.2587,49.2978,0
