timestamp,asset_id,equipment_class,JSR.CR.S2.AGC.SV.POSERR,JSR.CR.S2.AGC.SV.NULLLEAK,JSR.CR.S2.AGC.GAUGE.DEV,fault_label,run_id,split
2025-01-01 00:00:00,CRM.AGC.SV01,hydraulics_agc_servo,0.2776,0.2176,2.4683,0,,train
2025-01-01 01:00:00,CRM.AGC.SV01,hydraulics_agc_servo,0.2481,0.2491,2.944,0,,train
2025-01-01 02:00:00,CRM.AGC.SV01,hydraulics_agc_servo,0.2435,0.2299,1.7776,0,,train
2025-01-01 03:00:00,CRM.AGC.SV01,hydraulics_agc_servo,0.2343,0.2542,2.1583,0,,train
2025-01-01 04:00:00,CRM.AGC.SV01,hydraulics_agc_servo,0.2198,0.249,2.3398,0,,train
2025-01-01 05:00:00,CRM.AGC.SV01,hydraulics_agc_servo,0.205,0.2939,2.6031,0,,train
2025-01-01 06:00:00,CRM.AGC.SV01,hydraulics_agc_servo,0.2089,0.2955,1.7462,0,,train
2025-01-01 07:00:00,CRM.AGC.SV01,hydraulics_agc_servo,0.1689,0.2515,1.5501,0,,train
2025-01-01 08:00:00,CRM.AGC.SV01,hydraulics_agc_servo,0.1867,0.2127,0.7204,0,,train
2025-01-01 09:00:00,CRM.AGC.SV01,hydraulics_agc_servo,0.2,0.1635,1.3002,0,,train
2025-01-01 10:00:00,CRM.AGC.SV01,hydraulics_agc_servo,0.2513,0.1192,2.2419,0,,train
2025-01-01 11:00:00,CRM.AGC.SV01,hydraulics_agc_servo,0.193,0.1353,1.9053,0,,train
2025-01-01 12:00:00,CRM.AGC.SV01,hydraulics_agc_servo,0.2136,0.1291,2.0443,0,,train
2025-01-01 13:00:00,CRM.AGC.SV01,hydraulics_agc_servo,0.1962,0.1483,2.2821,0,,train
2025-01-01 14:00:00,CRM.AGC.SV01,hydraulics_agc_servo,0.2056,0.1394,1.0504,0,,train
2025-01-01 15:00:00,CRM.AGC.SV01,hydraulics_agc_servo,0.2436,0.1738,1.2306,0,,train
2025-01-01 16:00:00,CRM.AGC.SV01,hydraulics_agc_servo,0.2958,0.2221,0.7889,0,,train
2025-01-01 17:00:00,CRM.AGC.SV01,hydraulics_agc_servo,0.3113,0.2531,1.2403,0,,train
2025-01-01 18:00:00,CRM.AGC.SV01,hydraulics_agc_servo,0.3249,0.2662,1.3571,0,,train
2025-01-01 19:00:00,CRM.AGC.SV01,hydraulics_agc_servo,0.3035,0.2762,0.415,0,,train
2025-01-01 20:00:00,CRM.AGC.SV01,hydraulics_agc_servo,0.3122,0.2581,0.1347,0,,train
2025-01-01 21:00:00,CRM.AGC.SV01,hydraulics_agc_servo,0.2385,0.2389,0.8659,0,,train
2025-01-01 22:00:00,CRM.AGC.SV01,hydraulics_agc_servo,0.2363,0.258,1.6104,0,,train
2025-01-01 23:00:00,CRM.AGC.SV01,hydraulics_agc_servo,0.2361,0.3059,2.5699,0,,train
2025-01-02 00:00:00,CRM.AGC.SV01,hydraulics_agc_servo,0.2434,0.2922,2.5782,0,,train
2025-01-02 01:00:00,CRM.AGC.SV01,hydraulics_agc_servo,0.2478,0.2865,2.9752,0,,train
2025-01-02 02:00:00,CRM.AGC.SV01,hydraulics_agc_servo,0.2177,0.2605,3.4481,0,,train
2025-01-02 03:00:00,CRM.AGC.SV01,hydraulics_agc_servo,0.2027,0.251,3.2425,0,,train
2025-01-02 04:00:00,CRM.AGC.SV01,hydraulics_agc_servo,0.2283,0.2982,2.8182,0,,train
2025-01-02 05:00:00,CRM.AGC.SV01,hydraulics_agc_servo,0.2399,0.2319,2.4168,0,,train
2025-01-02 06:00:00,CRM.AGC.SV01,hydraulics_agc_servo,0.2466,0.2968,2.023,0,,train
2025-01-02 07:00:00,CRM.AGC.SV01,hydraulics_agc_servo,0.2813,0.3157,1.743,0,,train
2025-01-02 08:00:00,CRM.AGC.SV01,hydraulics_agc_servo,0.3039,0.3192,1.9367,0,,train
2025-01-02 09:00:00,CRM.AGC.SV01,hydraulics_agc_servo,0.3002,0.3004,1.9515,0,,train
2025-01-02 10:00:00,CRM.AGC.SV01,hydraulics_agc_servo,0.3483,0.2848,2.2581,0,,train
2025-01-02 11:00:00,CRM.AGC.SV01,hydraulics_agc_servo,0.3791,0.2557,0.5357,0,,train
2025-01-02 12:00:00,CRM.AGC.SV01,hydraulics_agc_servo,0.3575,0.1859,-0.1216,0,,train
2025-01-02 13:00:00,CRM.AGC.SV01,hydraulics_agc_servo,0.3925,0.1617,0.0132,0,,train
2025-01-02 14:00:00,CRM.AGC.SV01,hydraulics_agc_servo,0.4101,0.202,-1.3608,0,,train
2025-01-02 15:00:00,CRM.AGC.SV01,hydraulics_agc_servo,0.4017,0.2288,-0.9778,0,,train
2025-01-02 16:00:00,CRM.AGC.SV01,hydraulics_agc_servo,0.372,0.2181,-0.8959,0,,train
2025-01-02 17:00:00,CRM.AGC.SV01,hydraulics_agc_servo,0.3794,0.25,-0.3993,0,,train
2025-01-02 18:00:00,CRM.AGC.SV01,hydraulics_agc_servo,0.3859,0.1609,-1.0223,0,,train
2025-01-02 19:00:00,CRM.AGC.SV01,hydraulics_agc_servo,0.3619,0.2064,-0.5524,0,,train
2025-01-02 20:00:00,CRM.AGC.SV01,hydraulics_agc_servo,0.3731,0.2031,0.0375,0,,train
2025-01-02 21:00:00,CRM.AGC.SV01,hydraulics_agc_servo,0.3359,0.2516,0.5427,0,,train
2025-01-02 22:00:00,CRM.AGC.SV01,hydraulics_agc_servo,0.2281,0.2777,-0.2818,0,,train
2025-01-02 23:00:00,CRM.AGC.SV01,hydraulics_agc_servo,0.1804,0.2883,0.0941,0,,train
2025-01-03 00:00:00,CRM.AGC.SV01,hydraulics_agc_servo,0.2043,0.325,0.1618,0,,train
2025-01-03 01:00:00,CRM.AGC.SV01,hydraulics_agc_servo,0.2201,0.357,0.2274,0,,train
2025-01-03 02:00:00,CRM.AGC.SV01,hydraulics_agc_servo,0.2649,0.3787,0.8204,0,,train
2025-01-03 03:00:00,CRM.AGC.SV01,hydraulics_agc_servo,0.2245,0.3495,0.7828,0,,train
2025-01-03 04:00:00,CRM.AGC.SV01,hydraulics_agc_servo,0.2158,0.3508,0.3164,0,,train
2025-01-03 05:00:00,CRM.AGC.SV01,hydraulics_agc_servo,0.1878,0.3664,0.8304,0,,train
2025-01-03 06:00:00,CRM.AGC.SV01,hydraulics_agc_servo,0.221,0.397,0.5802,0,,train
2025-01-03 07:00:00,CRM.AGC.SV01,hydraulics_agc_servo,0.2083,0.3276,0.2162,0,,train
2025-01-03 08:00:00,CRM.AGC.SV01,hydraulics_agc_servo,0.248,0.2735,0.2981,0,,train
2025-01-03 09:00:00,CRM.AGC.SV01,hydraulics_agc_servo,0.2536,0.3345,1.1766,0,,train
2025-01-03 10:00:00,CRM.AGC.SV01,hydraulics_agc_servo,0.274,0.3222,0.296,0,,train
2025-01-03 11:00:00,CRM.AGC.SV01,hydraulics_agc_servo,0.2718,0.317,-0.4305,0,,train
2025-01-03 12:00:00,CRM.AGC.SV01,hydraulics_agc_servo,0.2248,0.2222,-1.3584,0,,train
2025-01-03 13:00:00,CRM.AGC.SV01,hydraulics_agc_servo,0.2463,0.1848,-1.3863,0,,train
2025-01-03 14:00:00,CRM.AGC.SV01,hydraulics_agc_servo,0.287,0.2115,-0.8381,0,,train
2025-01-03 15:00:00,CRM.AGC.SV01,hydraulics_agc_servo,0.2625,0.2642,-0.3608,0,,train
2025-01-03 16:00:00,CRM.AGC.SV01,hydraulics_agc_servo,0.2991,0.2846,0.2697,0,,train
2025-01-03 17:00:00,CRM.AGC.SV01,hydraulics_agc_servo,0.3105,0.2628,0.6701,0,,train
2025-01-03 18:00:00,CRM.AGC.SV01,hydraulics_agc_servo,0.3292,0.2005,0.9671,0,,train
2025-01-03 19:00:00,CRM.AGC.SV01,hydraulics_agc_servo,0.3438,0.1405,1.4108,0,,train
2025-01-03 20:00:00,CRM.AGC.SV01,hydraulics_agc_servo,0.3147,0.1961,1.384,0,,train
2025-01-03 21:00:00,CRM.AGC.SV01,hydraulics_agc_servo,0.2916,0.2228,0.1905,0,,train
2025-01-03 22:00:00,CRM.AGC.SV01,hydraulics_agc_servo,0.3549,0.2294,0.2285,0,,train
2025-01-03 23:00:00,CRM.AGC.SV01,hydraulics_agc_servo,0.3155,0.244,0.5238,0,,train
2025-01-04 00:00:00,CRM.AGC.SV01,hydraulics_agc_servo,0.3228,0.2281,0.763,0,,train
2025-01-04 01:00:00,CRM.AGC.SV01,hydraulics_agc_servo,0.3131,0.2296,1.7167,0,,train
2025-01-04 02:00:00,CRM.AGC.SV01,hydraulics_agc_servo,0.3236,0.2652,1.3035,0,,train
2025-01-04 03:00:00,CRM.AGC.SV01,hydraulics_agc_servo,0.3568,0.2324,1.1552,0,,train
2025-01-04 04:00:00,CRM.AGC.SV01,hydraulics_agc_servo,0.3307,0.2329,0.6115,0,,train
2025-01-04 05:00:00,CRM.AGC.SV01,hydraulics_agc_servo,0.3645,0.2032,0.7232,0,,train
2025-01-04 06:00:00,CRM.AGC.SV01,hydraulics_agc_servo,0.3675,0.1935,-0.6624,0,,train
2025-01-04 07:00:00,CRM.AGC.SV01,hydraulics_agc_servo,0.3167,0.2162,-2.3732,0,,train
2025-01-04 08:00:00,CRM.AGC.SV01,hydraulics_agc_servo,0.291,0.2035,-3.188,0,,train
2025-01-04 09:00:00,CRM.AGC.SV01,hydraulics_agc_servo,0.303,0.1902,-3.1841,0,,train
2025-01-04 10:00:00,CRM.AGC.SV01,hydraulics_agc_servo,0.2726,0.1491,-1.7396,0,,train
2025-01-04 11:00:00,CRM.AGC.SV01,hydraulics_agc_servo,0.2579,0.1522,-1.4257,0,,train
2025-01-04 12:00:00,CRM.AGC.SV01,hydraulics_agc_servo,0.2654,0.154,-0.5892,0,,train
2025-01-04 13:00:00,CRM.AGC.SV01,hydraulics_agc_servo,0.3108,0.0991,0.311,0,,train
2025-01-04 14:00:00,CRM.AGC.SV01,hydraulics_agc_servo,0.2303,0.1346,-0.4309,0,,train
2025-01-04 15:00:00,CRM.AGC.SV01,hydraulics_agc_servo,0.2819,0.22,-0.4951,0,,train
2025-01-04 16:00:00,CRM.AGC.SV01,hydraulics_agc_servo,0.2693,0.266,-0.8434,0,,train
2025-01-04 17:00:00,CRM.AGC.SV01,hydraulics_agc_servo,0.2569,0.2336,-1.5156,0,,train
2025-01-04 18:00:00,CRM.AGC.SV01,hydraulics_agc_servo,0.2305,0.2297,-1.5934,0,,train
2025-01-04 19:00:00,CRM.AGC.SV01,hydraulics_agc_servo,0.2272,0.2178,-0.7358,0,,train
2025-01-04 20:00:00,CRM.AGC.SV01,hydraulics_agc_servo,0.2322,0.2348,-0.4747,0,,train
2025-01-04 21:00:00,CRM.AGC.SV01,hydraulics_agc_servo,0.2421,0.2213,-0.0432,0,,train
2025-01-04 22:00:00,CRM.AGC.SV01,hydraulics_agc_servo,0.2097,0.1941,0.8159,0,,train
2025-01-04 23:00:00,CRM.AGC.SV01,hydraulics_agc_servo,0.2308,0.1909,0.6247,0,,train
2025-01-05 00:00:00,CRM.AGC.SV01,hydraulics_agc_servo,0.216,0.2213,1.0837,0,,train
2025-01-05 01:00:00,CRM.AGC.SV01,hydraulics_agc_servo,0.2058,0.2835,-0.1651,0,,train
2025-01-05 02:00:00,CRM.AGC.SV01,hydraulics_agc_servo,0.1846,0.2986,-0.5392,0,,train
2025-01-05 03:00:00,CRM.AGC.SV01,hydraulics_agc_servo,0.1781,0.3086,-0.4246,0,,train
2025-01-05 04:00:00,CRM.AGC.SV01,hydraulics_agc_servo,0.1996,0.3036,0.0892,0,,train
2025-01-05 05:00:00,CRM.AGC.SV01,hydraulics_agc_servo,0.1702,0.2546,0.5784,0,,train
2025-01-05 06:00:00,CRM.AGC.SV01,hydraulics_agc_servo,0.1662,0.219,1.2711,0,,train
2025-01-05 07:00:00,CRM.AGC.SV01,hydraulics_agc_servo,0.1398,0.2183,0.9403,0,,train
2025-01-05 08:00:00,CRM.AGC.SV01,hydraulics_agc_servo,0.181,0.1744,0.6398,0,,train
2025-01-05 09:00:00,CRM.AGC.SV01,hydraulics_agc_servo,0.1724,0.1554,-0.0251,0,,train
2025-01-05 10:00:00,CRM.AGC.SV01,hydraulics_agc_servo,0.1464,0.1552,-0.1903,0,,train
2025-01-05 11:00:00,CRM.AGC.SV01,hydraulics_agc_servo,0.1056,0.1277,-0.4153,0,,train
2025-01-05 12:00:00,CRM.AGC.SV01,hydraulics_agc_servo,0.101,0.1601,-0.9009,0,,train
2025-01-05 13:00:00,CRM.AGC.SV01,hydraulics_agc_servo,0.0742,0.1394,-0.502,0,,train
2025-01-05 14:00:00,CRM.AGC.SV01,hydraulics_agc_servo,0.0788,0.1307,-0.4206,0,,train
2025-01-05 15:00:00,CRM.AGC.SV01,hydraulics_agc_servo,0.0441,0.1458,-1.782,0,,train
2025-01-05 16:00:00,CRM.AGC.SV01,hydraulics_agc_servo,0.0261,0.0883,-2.1798,0,,train
2025-01-05 17:00:00,CRM.AGC.SV01,hydraulics_agc_servo,0.0658,0.1014,-1.936,0,,train
2025-01-05 18:00:00,CRM.AGC.SV01,hydraulics_agc_servo,0.0676,0.1267,-1.3911,0,,train
2025-01-05 19:00:00,CRM.AGC.SV01,hydraulics_agc_servo,0.1091,0.1639,-0.8293,0,,train
2025-01-05 20:00:00,CRM.AGC.SV01,hydraulics_agc_servo,0.139,0.1148,-0.1245,0,,train
2025-01-05 21:00:00,CRM.AGC.SV01,hydraulics_agc_servo,,0.1106,,0,,train
2025-01-05 22:00:00,CRM.AGC.SV01,hydraulics_agc_servo,0.2089,0.1699,-0.2138,0,,train
2025-01-05 23:00:00,CRM.AGC.SV01,hydraulics_agc_servo,0.235,0.1919,-0.1706,0,,train
2025-01-06 00:00:00,CRM.AGC.SV01,hydraulics_agc_servo,0.2206,0.2016,-0.274,0,,train
2025-01-06 01:00:00,CRM.AGC.SV01,hydraulics_agc_servo,0.1983,0.2029,-0.4668,0,,train
2025-01-06 02:00:00,CRM.AGC.SV01,hydraulics_agc_servo,0.2195,0.2268,0.3575,0,,train
2025-01-06 03:00:00,CRM.AGC.SV01,hydraulics_agc_servo,0.1945,0.2273,-0.7747,0,,train
2025-01-06 04:00:00,CRM.AGC.SV01,hydraulics_agc_servo,0.2558,0.251,-0.9862,0,,train
2025-01-06 05:00:00,CRM.AGC.SV01,hydraulics_agc_servo,0.24,0.2549,-1.2139,0,,train
2025-01-06 06:00:00,CRM.AGC.SV01,hydraulics_agc_servo,0.2295,0.2496,-0.2949,0,,train
2025-01-06 07:00:00,CRM.AGC.SV01,hydraulics_agc_servo,0.2679,0.2091,0.1795,0,,train
2025-01-06 08:00:00,CRM.AGC.SV01,hydraulics_agc_servo,0.1959,0.2203,0.1271,0,,train
2025-01-06 09:00:00,CRM.AGC.SV01,hydraulics_agc_servo,0.2656,0.2914,1.2091,0,,train
2025-01-06 10:00:00,CRM.AGC.SV01,hydraulics_agc_servo,0.1622,0.2756,0.6971,0,,train
2025-01-06 11:00:00,CRM.AGC.SV01,hydraulics_agc_servo,0.1501,0.2949,0.5825,0,,train
2025-01-06 12:00:00,CRM.AGC.SV01,hydraulics_agc_servo,0.178,0.2739,0.5391,0,,train
2025-01-06 13:00:00,CRM.AGC.SV01,hydraulics_agc_servo,0.1807,0.2819,0.4975,0,,train
2025-01-06 14:00:00,CRM.AGC.SV01,hydraulics_agc_servo,0.1585,0.2744,0.871,0,,train
2025-01-06 15:00:00,CRM.AGC.SV01,hydraulics_agc_servo,0.164,0.2909,1.1823,0,,train
2025-01-06 16:00:00,CRM.AGC.SV01,hydraulics_agc_servo,0.1672,0.2836,-0.253,0,,train
2025-01-06 17:00:00,CRM.AGC.SV01,hydraulics_agc_servo,0.1422,0.301,-0.1459,0,,train
2025-01-06 18:00:00,CRM.AGC.SV01,hydraulics_agc_servo,0.1302,0.3155,-0.3704,0,,train
2025-01-06 19:00:00,CRM.AGC.SV01,hydraulics_agc_servo,0.1696,0.2943,-0.3487,0,,train
2025-01-06 20:00:00,CRM.AGC.SV01,hydraulics_agc_servo,,,0.2737,0,,train
2025-01-06 21:00:00,CRM.AGC.SV01,hydraulics_agc_servo,0.1684,0.2953,-0.278,0,,train
2025-01-06 22:00:00,CRM.AGC.SV01,hydraulics_agc_servo,0.1714,0.3093,1.0573,0,,train
2025-01-06 23:00:00,CRM.AGC.SV01,hydraulics_agc_servo,0.1836,0.2806,0.2671,0,,train
2025-01-07 00:00:00,CRM.AGC.SV01,hydraulics_agc_servo,0.2004,0.2446,1.1294,0,,train
2025-01-07 01:00:00,CRM.AGC.SV01,hydraulics_agc_servo,0.1825,0.2063,1.8685,0,,train
2025-01-07 02:00:00,CRM.AGC.SV01,hydraulics_agc_servo,0.1466,0.2519,1.7681,0,,train
2025-01-07 03:00:00,CRM.AGC.SV01,hydraulics_agc_servo,0.1622,0.265,1.4766,0,,train
2025-01-07 04:00:00,CRM.AGC.SV01,hydraulics_agc_servo,0.1413,0.317,2.2895,0,,train
2025-01-07 05:00:00,CRM.AGC.SV01,hydraulics_agc_servo,0.1195,0.2903,1.7407,0,,train
2025-01-07 06:00:00,CRM.AGC.SV01,hydraulics_agc_servo,0.2046,0.2532,1.435,0,,train
2025-01-07 07:00:00,CRM.AGC.SV01,hydraulics_agc_servo,0.2058,0.1521,0.7578,0,,train
2025-01-07 08:00:00,CRM.AGC.SV01,hydraulics_agc_servo,0.2714,0.2063,1.026,0,,train
2025-01-07 09:00:00,CRM.AGC.SV01,hydraulics_agc_servo,0.1698,0.2705,1.4101,0,,train
2025-01-07 10:00:00,CRM.AGC.SV01,hydraulics_agc_servo,0.1677,0.2869,1.1928,0,,train
2025-01-07 11:00:00,CRM.AGC.SV01,hydraulics_agc_servo,0.1907,0.2321,1.1564,0,,train
2025-01-07 12:00:00,CRM.AGC.SV01,hydraulics_agc_servo,0.1866,0.197,0.6098,0,,train
2025-01-07 13:00:00,CRM.AGC.SV01,hydraulics_agc_servo,0.1699,0.1718,1.815,0,,train
2025-01-07 14:00:00,CRM.AGC.SV01,hydraulics_agc_servo,0.1992,0.1768,1.6329,0,,train
2025-01-07 15:00:00,CRM.AGC.SV01,hydraulics_agc_servo,0.2338,0.2211,1.3842,0,,train
2025-01-07 16:00:00,CRM.AGC.SV01,hydraulics_agc_servo,0.2878,0.2059,0.8531,0,,train
2025-01-07 17:00:00,CRM.AGC.SV01,hydraulics_agc_servo,0.2881,0.1611,1.107,0,,train
2025-01-07 18:00:00,CRM.AGC.SV01,hydraulics_agc_servo,0.255,0.1898,0.4279,0,,train
2025-01-07 19:00:00,CRM.AGC.SV01,hydraulics_agc_servo,0.2324,0.1696,-0.4422,0,,train
2025-01-07 20:00:00,CRM.AGC.SV01,hydraulics_agc_servo,0.1641,0.1268,-0.0327,0,,train
2025-01-07 21:00:00,CRM.AGC.SV01,hydraulics_agc_servo,0.1001,0.1553,0.9962,0,,train
2025-01-07 22:00:00,CRM.AGC.SV01,hydraulics_agc_servo,0.0979,0.1585,1.169,0,,train
2025-01-07 23:00:00,CRM.AGC.SV01,hydraulics_agc_servo,0.1141,0.0911,0.3394,0,,train
2025-01-08 00:00:00,CRM.AGC.SV01,hydraulics_agc_servo,0.0819,0.1258,0.6308,0,,train
2025-01-08 01:00:00,CRM.AGC.SV01,hydraulics_agc_servo,0.1,0.2056,0.5028,0,,train
2025-01-08 02:00:00,CRM.AGC.SV01,hydraulics_agc_servo,0.1042,0.2003,1.6357,0,,train
2025-01-08 03:00:00,CRM.AGC.SV01,hydraulics_agc_servo,0.0976,0.2108,1.9187,0,,train
2025-01-08 04:00:00,CRM.AGC.SV01,hydraulics_agc_servo,0.0647,0.2458,1.7638,0,,train
2025-01-08 05:00:00,CRM.AGC.SV01,hydraulics_agc_servo,0.0619,0.2175,1.1589,0,,train
2025-01-08 06:00:00,CRM.AGC.SV01,hydraulics_agc_servo,0.1013,0.2661,0.3513,0,,train
2025-01-08 07:00:00,CRM.AGC.SV01,hydraulics_agc_servo,0.0943,0.2506,0.4161,0,,train
2025-01-08 08:00:00,CRM.AGC.SV01,hydraulics_agc_servo,0.0867,0.2621,0.4176,0,,train
2025-01-08 09:00:00,CRM.AGC.SV01,hydraulics_agc_servo,0.1349,0.2681,0.5118,0,,train
2025-01-08 10:00:00,CRM.AGC.SV01,hydraulics_agc_servo,0.1339,0.2564,0.5771,0,,train
2025-01-08 11:00:00,CRM.AGC.SV01,hydraulics_agc_servo,0.1607,0.2468,0.9655,0,,train
2025-01-08 12:00:00,CRM.AGC.SV01,hydraulics_agc_servo,0.2087,0.296,1.5056,0,,train
2025-01-08 13:00:00,CRM.AGC.SV01,hydraulics_agc_servo,0.1557,0.2958,2.1278,0,,train
2025-01-08 14:00:00,CRM.AGC.SV01,hydraulics_agc_servo,0.1305,0.3633,2.4788,0,,train
2025-01-08 15:00:00,CRM.AGC.SV01,hydraulics_agc_servo,0.1706,0.3399,2.0123,0,,train
2025-01-08 16:00:00,CRM.AGC.SV01,hydraulics_agc_servo,0.1885,0.3968,0.8131,0,,train
2025-01-08 17:00:00,CRM.AGC.SV01,hydraulics_agc_servo,0.274,0.3572,1.3038,0,,train
2025-01-08 18:00:00,CRM.AGC.SV01,hydraulics_agc_servo,0.2284,0.3007,0.9534,0,,train
2025-01-08 19:00:00,CRM.AGC.SV01,hydraulics_agc_servo,0.2605,0.2784,1.1948,0,,train
2025-01-08 20:00:00,CRM.AGC.SV01,hydraulics_agc_servo,0.2372,0.2609,1.4087,0,,train
2025-01-08 21:00:00,CRM.AGC.SV01,hydraulics_agc_servo,0.2822,0.2697,0.3837,0,,train
2025-01-08 22:00:00,CRM.AGC.SV01,hydraulics_agc_servo,0.2487,0.1997,1.1755,0,,train
2025-01-08 23:00:00,CRM.AGC.SV01,hydraulics_agc_servo,0.285,0.1401,0.368,0,,train
2025-01-09 00:00:00,CRM.AGC.SV01,hydraulics_agc_servo,0.2814,0.1607,0.9605,0,,train
2025-01-09 01:00:00,CRM.AGC.SV01,hydraulics_agc_servo,0.2868,0.1747,0.9009,0,,train
2025-01-09 02:00:00,CRM.AGC.SV01,hydraulics_agc_servo,0.2621,0.1499,0.3259,0,,train
2025-01-09 03:00:00,CRM.AGC.SV01,hydraulics_agc_servo,0.247,0.1989,-0.4881,0,,train
2025-01-09 04:00:00,CRM.AGC.SV01,hydraulics_agc_servo,0.2785,0.217,-1.3799,0,,train
2025-01-09 05:00:00,CRM.AGC.SV01,hydraulics_agc_servo,0.246,0.1673,-2.2749,0,,train
2025-01-09 06:00:00,CRM.AGC.SV01,hydraulics_agc_servo,0.2272,0.1184,-2.3205,0,,train
2025-01-09 07:00:00,CRM.AGC.SV01,hydraulics_agc_servo,0.204,0.0898,-1.8526,0,,train
2025-01-09 08:00:00,CRM.AGC.SV01,hydraulics_agc_servo,0.2518,0.0679,-1.5492,0,,train
2025-01-09 09:00:00,CRM.AGC.SV01,hydraulics_agc_servo,0.2737,0.0741,-1.0122,0,,train
2025-01-09 10:00:00,CRM.AGC.SV01,hydraulics_agc_servo,0.2457,0.1081,-0.5715,0,,train
2025-01-09 11:00:00,CRM.AGC.SV01,hydraulics_agc_servo,0.2347,0.1246,0.0654,0,,train
2025-01-09 12:00:00,CRM.AGC.SV01,hydraulics_agc_servo,0.263,0.1525,-0.2571,0,,train
2025-01-09 13:00:00,CRM.AGC.SV01,hydraulics_agc_servo,0.2713,0.1659,0.3595,0,,train
2025-01-09 14:00:00,CRM.AGC.SV01,hydraulics_agc_servo,0.2774,0.2182,0.1021,0,,train
2025-01-09 15:00:00,CRM.AGC.SV01,hydraulics_agc_servo,0.3298,0.2574,0.3253,0,,train
2025-01-09 16:00:00,CRM.AGC.SV01,hydraulics_agc_servo,0.3013,0.2249,-0.0418,0,,train
2025-01-09 17:00:00,CRM.AGC.SV01,hydraulics_agc_servo,0.3238,0.2373,0.6489,0,,train
2025-01-09 18:00:00,CRM.AGC.SV01,hydraulics_agc_servo,0.3566,0.2364,0.8035,0,,train
2025-01-09 19:00:00,CRM.AGC.SV01,hydraulics_agc_servo,0.3554,0.2692,1.8918,0,,train
2025-01-09 20:00:00,CRM.AGC.SV01,hydraulics_agc_servo,0.3946,0.291,2.0374,0,,train
2025-01-09 21:00:00,CRM.AGC.SV01,hydraulics_agc_servo,0.3559,0.2897,0.7289,0,,train
2025-01-09 22:00:00,CRM.AGC.SV01,hydraulics_agc_servo,0.3111,0.2807,1.0407,0,,train
2025-01-09 23:00:00,CRM.AGC.SV01,hydraulics_agc_servo,0.2982,0.305,0.5061,0,,train
2025-01-10 00:00:00,CRM.AGC.SV01,hydraulics_agc_servo,0.3089,0.4475,1.0755,0,,train
2025-01-10 01:00:00,CRM.AGC.SV01,hydraulics_agc_servo,0.2974,0.5496,1.01,0,,train
2025-01-10 02:00:00,CRM.AGC.SV01,hydraulics_agc_servo,0.316,0.6641,0.4944,0,,train
2025-01-10 03:00:00,CRM.AGC.SV01,hydraulics_agc_servo,0.2952,0.7224,0.0696,0,,train
2025-01-10 04:00:00,CRM.AGC.SV01,hydraulics_agc_servo,0.3021,0.7323,0.5277,0,,train
2025-01-10 05:00:00,CRM.AGC.SV01,hydraulics_agc_servo,0.2367,0.6536,0.1108,0,,train
2025-01-10 06:00:00,CRM.AGC.SV01,hydraulics_agc_servo,0.2484,0.551,0.2342,0,,train
2025-01-10 07:00:00,CRM.AGC.SV01,hydraulics_agc_servo,0.2319,0.4676,-0.3074,0,,train
2025-01-10 08:00:00,CRM.AGC.SV01,hydraulics_agc_servo,0.1972,0.4235,-0.2587,0,,train
2025-01-10 09:00:00,CRM.AGC.SV01,hydraulics_agc_servo,0.1732,0.4114,-0.5558,0,,train
2025-01-10 10:00:00,CRM.AGC.SV01,hydraulics_agc_servo,0.1359,0.3362,-0.825,0,,train
2025-01-10 11:00:00,CRM.AGC.SV01,hydraulics_agc_servo,0.1688,0.3787,-1.2213,0,,train
2025-01-10 12:00:00,CRM.AGC.SV01,hydraulics_agc_servo,0.1612,0.389,-0.7649,0,,train
2025-01-10 13:00:00,CRM.AGC.SV01,hydraulics_agc_servo,0.1486,0.4149,-1.0577,0,,train
2025-01-10 14:00:00,CRM.AGC.SV01,hydraulics_agc_servo,0.1511,0.4223,-0.6474,0,,train
2025-01-10 15:00:00,CRM.AGC.SV01,hydraulics_agc_servo,0.1378,0.3523,-1.2109,0,,train
2025-01-10 16:00:00,CRM.AGC.SV01,hydraulics_agc_servo,0.1419,0.3176,-0.8726,0,,train
2025-01-10 17:00:00,CRM.AGC.SV01,hydraulics_agc_servo,0.1291,0.2945,-0.7783,0,,train
2025-01-10 18:00:00,CRM.AGC.SV01,hydraulics_agc_servo,0.1131,0.2334,-0.4875,0,,train
2025-01-10 19:00:00,CRM.AGC.SV01,hydraulics_agc_servo,0.1309,0.2103,-0.0928,0,,train
2025-01-10 20:00:00,CRM.AGC.SV01,hydraulics_agc_servo,0.1187,0.2476,-0.1186,0,,train
2025-01-10 21:00:00,CRM.AGC.SV01,hydraulics_agc_servo,0.1504,0.296,-0.3355,0,,train
2025-01-10 22:00:00,CRM.AGC.SV01,hydraulics_agc_servo,0.2034,0.344,-0.6929,0,,train
2025-01-10 23:00:00,CRM.AGC.SV01,hydraulics_agc_servo,0.1888,0.3234,-0.4102,0,,train
2025-01-11 00:00:00,CRM.AGC.SV01,hydraulics_agc_servo,0.2076,0.3628,-0.1633,0,,train
2025-01-11 01:00:00,CRM.AGC.SV01,hydraulics_agc_servo,0.2083,0.391,-0.8069,0,,train
2025-01-11 02:00:00,CRM.AGC.SV01,hydraulics_agc_servo,0.22,0.3768,-0.515,0,,train
2025-01-11 03:00:00,CRM.AGC.SV01,hydraulics_agc_servo,0.1934,0.3822,-0.4318,0,,train
2025-01-11 04:00:00,CRM.AGC.SV01,hydraulics_agc_servo,0.1389,0.3708,-0.3954,0,,train
2025-01-11 05:00:00,CRM.AGC.SV01,hydraulics_agc_servo,0.1417,0.4188,-0.7876,0,,train
2025-01-11 06:00:00,CRM.AGC.SV01,hydraulics_agc_servo,0.1554,0.4257,-0.3611,0,,train
2025-01-11 07:00:00,CRM.AGC.SV01,hydraulics_agc_servo,0.1569,0.4495,0.4774,0,,train
2025-01-11 08:00:00,CRM.AGC.SV01,hydraulics_agc_servo,0.1433,0.4033,-0.1337,0,,train
2025-01-11 09:00:00,CRM.AGC.SV01,hydraulics_agc_servo,0.1318,0.4031,0.4618,0,,train
2025-01-11 10:00:00,CRM.AGC.SV01,hydraulics_agc_servo,0.1491,0.3816,0.4422,0,,train
2025-01-11 11:00:00,CRM.AGC.SV01,hydraulics_agc_servo,0.1917,0.3927,1.5653,0,,train
2025-01-11 12:00:00,CRM.AGC.SV01,hydraulics_agc_servo,0.219,0.3534,1.2193,0,,train
2025-01-11 13:00:00,CRM.AGC.SV01,hydraulics_agc_servo,0.2581,0.3447,0.7808,0,,train
2025-01-11 14:00:00,CRM.AGC.SV01,hydraulics_agc_servo,0.2694,0.361,1.8597,0,,train
2025-01-11 15:00:00,CRM.AGC.SV01,hydraulics_agc_servo,0.2753,0.2912,2.1121,0,,train
2025-01-11 16:00:00,CRM.AGC.SV01,hydraulics_agc_servo,0.2439,0.2797,0.4613,0,,train
2025-01-11 17:00:00,CRM.AGC.SV01,hydraulics_agc_servo,0.3137,0.1999,0.5737,0,,train
2025-01-11 18:00:00,CRM.AGC.SV01,hydraulics_agc_servo,0.2589,0.129,-0.0037,0,,train
2025-01-11 19:00:00,CRM.AGC.SV01,hydraulics_agc_servo,0.2309,0.0614,0.4863,0,,train
2025-01-11 20:00:00,CRM.AGC.SV01,hydraulics_agc_servo,0.2905,0.0603,0.0225,0,,train
2025-01-11 21:00:00,CRM.AGC.SV01,hydraulics_agc_servo,0.2631,0.1128,-0.1396,0,,train
2025-01-11 22:00:00,CRM.AGC.SV01,hydraulics_agc_servo,0.2851,0.1377,-0.2016,0,,train
2025-01-11 23:00:00,CRM.AGC.SV01,hydraulics_agc_servo,0.2368,0.1492,0.6251,0,,train
2025-01-12 00:00:00,CRM.AGC.SV01,hydraulics_agc_servo,0.236,0.2023,0.1268,0,,train
2025-01-12 01:00:00,CRM.AGC.SV01,hydraulics_agc_servo,0.2142,0.2029,0.4605,0,,train
2025-01-12 02:00:00,CRM.AGC.SV01,hydraulics_agc_servo,0.2195,0.2111,1.2202,0,,train
2025-01-12 03:00:00,CRM.AGC.SV01,hydraulics_agc_servo,0.1962,0.2331,1.3274,0,,train
2025-01-12 04:00:00,CRM.AGC.SV01,hydraulics_agc_servo,0.1191,0.2266,1.342,0,,train
2025-01-12 05:00:00,CRM.AGC.SV01,hydraulics_agc_servo,0.1082,0.2296,1.583,0,,train
2025-01-12 06:00:00,CRM.AGC.SV01,hydraulics_agc_servo,0.1629,0.2487,1.6441,0,,train
2025-01-12 07:00:00,CRM.AGC.SV01,hydraulics_agc_servo,0.1649,0.2457,1.783,0,,train
2025-01-12 08:00:00,CRM.AGC.SV01,hydraulics_agc_servo,0.2074,0.25,1.1012,0,,train
2025-01-12 09:00:00,CRM.AGC.SV01,hydraulics_agc_servo,0.2049,0.2555,0.7787,0,,train
2025-01-12 10:00:00,CRM.AGC.SV01,hydraulics_agc_servo,0.2048,0.2468,0.7859,0,,train
2025-01-12 11:00:00,CRM.AGC.SV01,hydraulics_agc_servo,0.2282,0.2287,0.6528,0,,train
2025-01-12 12:00:00,CRM.AGC.SV01,hydraulics_agc_servo,0.2276,0.2266,-0.2089,0,,train
2025-01-12 13:00:00,CRM.AGC.SV01,hydraulics_agc_servo,0.3238,0.2417,-0.1545,0,,train
2025-01-12 14:00:00,CRM.AGC.SV01,hydraulics_agc_servo,0.3142,0.2628,-0.7233,0,,train
2025-01-12 15:00:00,CRM.AGC.SV01,hydraulics_agc_servo,0.3091,0.3294,-0.4857,0,,train
2025-01-12 16:00:00,CRM.AGC.SV01,hydraulics_agc_servo,0.2669,0.3453,-0.0379,0,,train
2025-01-12 17:00:00,CRM.AGC.SV01,hydraulics_agc_servo,0.2255,0.2843,-0.0382,0,,train
2025-01-12 18:00:00,CRM.AGC.SV01,hydraulics_agc_servo,0.188,0.248,-0.1108,0,,train
2025-01-12 19:00:00,CRM.AGC.SV01,hydraulics_agc_servo,0.1975,0.2454,-0.1316,0,,train
2025-01-12 20:00:00,CRM.AGC.SV01,hydraulics_agc_servo,0.2471,0.2889,-0.2636,0,,train
2025-01-12 21:00:00,CRM.AGC.SV01,hydraulics_agc_servo,0.1998,0.336,-1.0622,0,,train
2025-01-12 22:00:00,CRM.AGC.SV01,hydraulics_agc_servo,0.211,0.3009,-0.99,0,,train
2025-01-12 23:00:00,CRM.AGC.SV01,hydraulics_agc_servo,0.1985,0.3252,-0.6789,0,,train
2025-01-13 00:00:00,CRM.AGC.SV01,hydraulics_agc_servo,0.2437,0.3614,0.3371,0,,train
2025-01-13 01:00:00,CRM.AGC.SV01,hydraulics_agc_servo,0.2597,0.3947,0.4819,0,,train
2025-01-13 02:00:00,CRM.AGC.SV01,hydraulics_agc_servo,0.2517,0.3284,-0.3594,0,,train
2025-01-13 03:00:00,CRM.AGC.SV01,hydraulics_agc_servo,0.3129,0.3573,-1.0166,0,,train
2025-01-13 04:00:00,CRM.AGC.SV01,hydraulics_agc_servo,0.3223,0.286,-0.545,0,,train
2025-01-13 05:00:00,CRM.AGC.SV01,hydraulics_agc_servo,0.3361,0.3049,-0.5277,0,,train
2025-01-13 06:00:00,CRM.AGC.SV01,hydraulics_agc_servo,0.2975,0.2935,-0.5017,0,,train
2025-01-13 07:00:00,CRM.AGC.SV01,hydraulics_agc_servo,0.2397,0.3171,-0.7809,0,,train
2025-01-13 08:00:00,CRM.AGC.SV01,hydraulics_agc_servo,0.2548,0.309,-1.1809,0,,train
2025-01-13 09:00:00,CRM.AGC.SV01,hydraulics_agc_servo,0.2793,0.2953,-2.1417,0,,train
2025-01-13 10:00:00,CRM.AGC.SV01,hydraulics_agc_servo,0.248,0.2582,-2.7385,0,,train
2025-01-13 11:00:00,CRM.AGC.SV01,hydraulics_agc_servo,0.215,0.2594,-3.222,0,,train
2025-01-13 12:00:00,CRM.AGC.SV01,hydraulics_agc_servo,0.204,0.2602,-2.5307,0,,train
2025-01-13 13:00:00,CRM.AGC.SV01,hydraulics_agc_servo,0.2226,0.278,-2.1401,0,,train
2025-01-13 14:00:00,CRM.AGC.SV01,hydraulics_agc_servo,0.252,0.2912,-2.3113,0,,train
2025-01-13 15:00:00,CRM.AGC.SV01,hydraulics_agc_servo,0.2078,0.3315,-2.4848,0,,train
2025-01-13 16:00:00,CRM.AGC.SV01,hydraulics_agc_servo,0.1682,0.3728,-2.853,0,,train
2025-01-13 17:00:00,CRM.AGC.SV01,hydraulics_agc_servo,0.1451,0.3857,-2.4907,0,,train
2025-01-13 18:00:00,CRM.AGC.SV01,hydraulics_agc_servo,0.1984,0.3535,-1.179,0,,train
2025-01-13 19:00:00,CRM.AGC.SV01,hydraulics_agc_servo,0.1867,0.3228,-1.2622,0,,train
2025-01-13 20:00:00,CRM.AGC.SV01,hydraulics_agc_servo,0.1726,0.2888,-0.7223,0,,train
2025-01-13 21:00:00,CRM.AGC.SV01,hydraulics_agc_servo,0.1831,0.3123,0.2175,0,,train
2025-01-13 22:00:00,CRM.AGC.SV01,hydraulics_agc_servo,0.2183,0.3179,0.1562,0,,train
2025-01-13 23:00:00,CRM.AGC.SV01,hydraulics_agc_servo,0.2363,0.326,-0.0881,0,,train
2025-01-14 00:00:00,CRM.AGC.SV01,hydraulics_agc_servo,0.2337,0.2666,0.0211,0,,train
2025-01-14 01:00:00,CRM.AGC.SV01,hydraulics_agc_servo,0.2431,0.2701,-1.0145,0,,train
2025-01-14 02:00:00,CRM.AGC.SV01,hydraulics_agc_servo,0.2424,0.31,-0.2184,0,,train
2025-01-14 03:00:00,CRM.AGC.SV01,hydraulics_agc_servo,0.2579,0.353,-0.5032,0,,train
2025-01-14 04:00:00,CRM.AGC.SV01,hydraulics_agc_servo,0.229,0.4138,-0.5331,0,,train
2025-01-14 05:00:00,CRM.AGC.SV01,hydraulics_agc_servo,0.1964,0.4267,-0.2501,0,,train
2025-01-14 06:00:00,CRM.AGC.SV01,hydraulics_agc_servo,0.2342,0.393,-0.0945,0,,train
2025-01-14 07:00:00,CRM.AGC.SV01,hydraulics_agc_servo,0.2402,0.3655,1.0873,0,,train
2025-01-14 08:00:00,CRM.AGC.SV01,hydraulics_agc_servo,0.2743,0.4097,1.7434,0,,train
2025-01-14 09:00:00,CRM.AGC.SV01,hydraulics_agc_servo,0.2353,0.4031,1.8512,0,,train
2025-01-14 10:00:00,CRM.AGC.SV01,hydraulics_agc_servo,0.2635,0.3969,1.635,0,,train
2025-01-14 11:00:00,CRM.AGC.SV01,hydraulics_agc_servo,0.2524,0.3715,2.7473,0,,train
2025-01-14 12:00:00,CRM.AGC.SV01,hydraulics_agc_servo,0.2201,0.3868,2.5012,0,,train
2025-01-14 13:00:00,CRM.AGC.SV01,hydraulics_agc_servo,0.2678,0.3413,1.5059,0,,train
2025-01-14 14:00:00,CRM.AGC.SV01,hydraulics_agc_servo,0.2853,0.2525,2.1731,0,,train
2025-01-14 15:00:00,CRM.AGC.SV01,hydraulics_agc_servo,0.2384,0.2433,2.7804,0,,train
2025-01-14 16:00:00,CRM.AGC.SV01,hydraulics_agc_servo,0.2632,0.2357,2.7162,0,,train
2025-01-14 17:00:00,CRM.AGC.SV01,hydraulics_agc_servo,0.2723,0.2227,2.6692,0,,train
2025-01-14 18:00:00,CRM.AGC.SV01,hydraulics_agc_servo,0.2711,0.2995,3.2587,0,,train
2025-01-14 19:00:00,CRM.AGC.SV01,hydraulics_agc_servo,0.2513,0.3217,3.2656,0,,train
2025-01-14 20:00:00,CRM.AGC.SV01,hydraulics_agc_servo,0.2515,0.3347,2.8253,0,,train
2025-01-14 21:00:00,CRM.AGC.SV01,hydraulics_agc_servo,0.2481,0.3099,2.0866,0,,train
2025-01-14 22:00:00,CRM.AGC.SV01,hydraulics_agc_servo,0.2596,0.2978,1.3414,0,,train
2025-01-14 23:00:00,CRM.AGC.SV01,hydraulics_agc_servo,0.2796,0.2713,1.2708,0,,train
2025-01-15 00:00:00,CRM.AGC.SV01,hydraulics_agc_servo,0.27,0.2437,0.9037,0,,train
2025-01-15 01:00:00,CRM.AGC.SV01,hydraulics_agc_servo,0.2611,0.2839,1.7233,0,,train
2025-01-15 02:00:00,CRM.AGC.SV01,hydraulics_agc_servo,0.3186,0.2558,2.1214,0,,train
2025-01-15 03:00:00,CRM.AGC.SV01,hydraulics_agc_servo,0.3358,0.2349,2.397,0,,train
2025-01-15 04:00:00,CRM.AGC.SV01,hydraulics_agc_servo,0.2699,0.2641,2.2913,0,,train
2025-01-15 05:00:00,CRM.AGC.SV01,hydraulics_agc_servo,0.2437,0.2683,2.1226,0,,train
2025-01-15 06:00:00,CRM.AGC.SV01,hydraulics_agc_servo,0.2858,0.2013,1.0525,0,,train
2025-01-15 07:00:00,CRM.AGC.SV01,hydraulics_agc_servo,0.2604,0.1961,1.4777,0,,train
2025-01-15 08:00:00,CRM.AGC.SV01,hydraulics_agc_servo,0.2631,0.2096,1.5188,0,,train
2025-01-15 09:00:00,CRM.AGC.SV01,hydraulics_agc_servo,0.2915,0.1726,2.141,0,,train
2025-01-15 10:00:00,CRM.AGC.SV01,hydraulics_agc_servo,0.3029,0.1791,2.8411,0,,train
2025-01-15 11:00:00,CRM.AGC.SV01,hydraulics_agc_servo,0.3288,0.2078,3.3126,0,,train
2025-01-15 12:00:00,CRM.AGC.SV01,hydraulics_agc_servo,0.3645,0.2413,3.0477,0,,train
2025-01-15 13:00:00,CRM.AGC.SV01,hydraulics_agc_servo,0.3744,0.2602,3.2296,0,,train
2025-01-15 14:00:00,CRM.AGC.SV01,hydraulics_agc_servo,0.3613,0.291,1.9409,0,,train
2025-01-15 15:00:00,CRM.AGC.SV01,hydraulics_agc_servo,0.3296,0.2489,1.0579,0,,train
2025-01-15 16:00:00,CRM.AGC.SV01,hydraulics_agc_servo,0.3532,0.2956,-0.3225,0,,train
2025-01-15 17:00:00,CRM.AGC.SV01,hydraulics_agc_servo,0.3759,0.288,-0.263,0,,train
2025-01-15 18:00:00,CRM.AGC.SV01,hydraulics_agc_servo,0.307,0.2322,-0.3528,0,,train
2025-01-15 19:00:00,CRM.AGC.SV01,hydraulics_agc_servo,0.1832,0.2069,0.3604,0,,train
2025-01-15 20:00:00,CRM.AGC.SV01,hydraulics_agc_servo,0.1906,0.216,0.4915,0,,train
2025-01-15 21:00:00,CRM.AGC.SV01,hydraulics_agc_servo,0.1607,0.2124,1.0487,0,,train
2025-01-15 22:00:00,CRM.AGC.SV01,hydraulics_agc_servo,0.1509,0.2257,0.6934,0,,train
2025-01-15 23:00:00,CRM.AGC.SV01,hydraulics_agc_servo,0.1742,0.2555,0.2434,0,,train
2025-01-16 00:00:00,CRM.AGC.SV01,hydraulics_agc_servo,0.1477,0.218,0.2865,0,,train
2025-01-16 01:00:00,CRM.AGC.SV01,hydraulics_agc_servo,0.1877,0.2929,0.138,0,,train
2025-01-16 02:00:00,CRM.AGC.SV01,hydraulics_agc_servo,0.132,0.2783,0.0884,0,,train
2025-01-16 03:00:00,CRM.AGC.SV01,hydraulics_agc_servo,0.1332,0.2278,0.8012,0,,train
2025-01-16 04:00:00,CRM.AGC.SV01,hydraulics_agc_servo,0.1746,0.2693,1.469,0,,train
2025-01-16 05:00:00,CRM.AGC.SV01,hydraulics_agc_servo,0.2018,0.3269,1.6351,0,,train
2025-01-16 06:00:00,CRM.AGC.SV01,hydraulics_agc_servo,0.1857,0.2931,1.2715,0,,train
2025-01-16 07:00:00,CRM.AGC.SV01,hydraulics_agc_servo,0.1633,0.2927,1.2325,0,,train
2025-01-16 08:00:00,CRM.AGC.SV01,hydraulics_agc_servo,0.2344,0.2655,1.4775,0,,train
2025-01-16 09:00:00,CRM.AGC.SV01,hydraulics_agc_servo,0.2602,0.2349,1.8482,0,,train
2025-01-16 10:00:00,CRM.AGC.SV01,hydraulics_agc_servo,0.2607,0.2669,1.7997,0,,train
2025-01-16 11:00:00,CRM.AGC.SV01,hydraulics_agc_servo,0.3242,0.2728,1.494,0,,train
2025-01-16 12:00:00,CRM.AGC.SV01,hydraulics_agc_servo,0.3435,0.2778,1.6855,0,,train
2025-01-16 13:00:00,CRM.AGC.SV01,hydraulics_agc_servo,0.2993,0.2874,1.3806,0,,train
2025-01-16 14:00:00,CRM.AGC.SV01,hydraulics_agc_servo,0.2883,0.2401,1.456,0,,train
2025-01-16 15:00:00,CRM.AGC.SV01,hydraulics_agc_servo,0.3748,0.2436,1.5088,0,,train
2025-01-16 16:00:00,CRM.AGC.SV01,hydraulics_agc_servo,0.3346,0.2142,2.2221,0,,train
2025-01-16 17:00:00,CRM.AGC.SV01,hydraulics_agc_servo,0.3113,0.1533,2.4781,0,,train
2025-01-16 18:00:00,CRM.AGC.SV01,hydraulics_agc_servo,0.2682,0.1325,2.5065,0,,train
2025-01-16 19:00:00,CRM.AGC.SV01,hydraulics_agc_servo,0.2899,0.1291,2.1256,0,,train
2025-01-16 20:00:00,CRM.AGC.SV01,hydraulics_agc_servo,0.295,0.1174,2.7432,0,,train
2025-01-16 21:00:00,CRM.AGC.SV01,hydraulics_agc_servo,0.198,0.09,3.1089,0,,train
2025-01-16 22:00:00,CRM.AGC.SV01,hydraulics_agc_servo,0.2356,0.1288,3.7931,0,,train
2025-01-16 23:00:00,CRM.AGC.SV01,hydraulics_agc_servo,0.2441,0.1342,3.5453,0,,train
2025-01-17 00:00:00,CRM.AGC.SV01,hydraulics_agc_servo,0.2971,0.1459,2.6888,0,,train
2025-01-17 01:00:00,CRM.AGC.SV01,hydraulics_agc_servo,0.3125,0.1111,1.5666,0,,train
2025-01-17 02:00:00,CRM.AGC.SV01,hydraulics_agc_servo,0.3208,0.1519,0.9768,0,,train
2025-01-17 03:00:00,CRM.AGC.SV01,hydraulics_agc_servo,0.3129,0.1678,0.5867,0,,train
2025-01-17 04:00:00,CRM.AGC.SV01,hydraulics_agc_servo,0.3017,0.1651,0.7725,0,,train
2025-01-17 05:00:00,CRM.AGC.SV01,hydraulics_agc_servo,0.3257,0.142,2.0758,0,,train
2025-01-17 06:00:00,CRM.AGC.SV01,hydraulics_agc_servo,0.3326,0.084,2.109,0,,train
2025-01-17 07:00:00,CRM.AGC.SV01,hydraulics_agc_servo,0.3439,0.0382,2.5149,0,,train
2025-01-17 08:00:00,CRM.AGC.SV01,hydraulics_agc_servo,0.2968,-0.0375,1.5162,0,,train
2025-01-17 09:00:00,CRM.AGC.SV01,hydraulics_agc_servo,0.3356,0.0166,1.5087,0,,train
2025-01-17 10:00:00,CRM.AGC.SV01,hydraulics_agc_servo,0.3391,-0.008,1.7707,0,,train
2025-01-17 11:00:00,CRM.AGC.SV01,hydraulics_agc_servo,0.3763,0.0904,1.3564,0,,train
2025-01-17 12:00:00,CRM.AGC.SV01,hydraulics_agc_servo,0.3493,0.0748,1.1635,0,,train
2025-01-17 13:00:00,CRM.AGC.SV01,hydraulics_agc_servo,0.3281,0.106,1.3175,0,,train
2025-01-17 14:00:00,CRM.AGC.SV01,hydraulics_agc_servo,0.3249,0.1304,1.565,0,,train
2025-01-17 15:00:00,CRM.AGC.SV01,hydraulics_agc_servo,0.3072,0.206,1.3372,0,,train
2025-01-17 16:00:00,CRM.AGC.SV01,hydraulics_agc_servo,0.2806,0.2236,1.311,0,,train
2025-01-17 17:00:00,CRM.AGC.SV01,hydraulics_agc_servo,0.3139,0.2211,1.5145,0,,train
2025-01-17 18:00:00,CRM.AGC.SV01,hydraulics_agc_servo,0.3481,0.2625,0.8103,0,,train
2025-01-17 19:00:00,CRM.AGC.SV01,hydraulics_agc_servo,0.3046,0.2753,1.0516,0,,train
2025-01-17 20:00:00,CRM.AGC.SV01,hydraulics_agc_servo,0.3147,0.2897,1.6448,0,,train
2025-01-17 21:00:00,CRM.AGC.SV01,hydraulics_agc_servo,0.2753,0.3241,1.7565,0,,train
2025-01-17 22:00:00,CRM.AGC.SV01,hydraulics_agc_servo,0.2766,0.3238,0.9744,0,,train
2025-01-17 23:00:00,CRM.AGC.SV01,hydraulics_agc_servo,0.2974,0.2787,1.4327,0,,train
2025-01-18 00:00:00,CRM.AGC.SV01,hydraulics_agc_servo,0.3104,0.2811,1.6276,0,,train
2025-01-18 01:00:00,CRM.AGC.SV01,hydraulics_agc_servo,0.2335,0.1885,1.3007,0,,train
2025-01-18 02:00:00,CRM.AGC.SV01,hydraulics_agc_servo,0.2612,0.1881,1.7682,0,,train
2025-01-18 03:00:00,CRM.AGC.SV01,hydraulics_agc_servo,0.207,0.1895,1.8437,0,,train
2025-01-18 04:00:00,CRM.AGC.SV01,hydraulics_agc_servo,0.2495,0.1675,1.9473,0,,train
2025-01-18 05:00:00,CRM.AGC.SV01,hydraulics_agc_servo,0.2105,0.1435,1.4971,0,,train
2025-01-18 06:00:00,CRM.AGC.SV01,hydraulics_agc_servo,0.1864,0.2202,1.2937,0,,train
2025-01-18 07:00:00,CRM.AGC.SV01,hydraulics_agc_servo,0.2136,0.2692,0.9928,0,,train
2025-01-18 08:00:00,CRM.AGC.SV01,hydraulics_agc_servo,0.2539,0.2086,1.3293,0,,train
2025-01-18 09:00:00,CRM.AGC.SV01,hydraulics_agc_servo,0.2646,0.2004,2.6594,0,,train
2025-01-18 10:00:00,CRM.AGC.SV01,hydraulics_agc_servo,0.3257,0.1533,2.5519,0,,train
2025-01-18 11:00:00,CRM.AGC.SV01,hydraulics_agc_servo,0.2976,0.1918,2.5742,0,,train
2025-01-18 12:00:00,CRM.AGC.SV01,hydraulics_agc_servo,0.3012,0.2183,3.6678,0,,train
2025-01-18 13:00:00,CRM.AGC.SV01,hydraulics_agc_servo,0.298,0.1824,3.4003,0,,train
2025-01-18 14:00:00,CRM.AGC.SV01,hydraulics_agc_servo,0.2599,0.1688,2.4627,0,,train
2025-01-18 15:00:00,CRM.AGC.SV01,hydraulics_agc_servo,0.2674,0.1763,2.1371,0,,train
2025-01-18 16:00:00,CRM.AGC.SV01,hydraulics_agc_servo,0.2905,0.1866,1.0927,0,,train
2025-01-18 17:00:00,CRM.AGC.SV01,hydraulics_agc_servo,0.291,0.1814,1.6524,0,,train
2025-01-18 18:00:00,CRM.AGC.SV01,hydraulics_agc_servo,0.2747,0.185,2.9407,0,,train
2025-01-18 19:00:00,CRM.AGC.SV01,hydraulics_agc_servo,0.2964,0.2291,5.7658,0,,train
2025-01-18 20:00:00,CRM.AGC.SV01,hydraulics_agc_servo,0.2319,0.2579,8.6996,0,,train
2025-01-18 21:00:00,CRM.AGC.SV01,hydraulics_agc_servo,0.2395,0.2376,10.5376,0,,train
2025-01-18 22:00:00,CRM.AGC.SV01,hydraulics_agc_servo,0.2103,0.2168,11.6974,0,,train
2025-01-18 23:00:00,CRM.AGC.SV01,hydraulics_agc_servo,0.2013,0.2152,11.9798,0,,train
2025-01-19 00:00:00,CRM.AGC.SV01,hydraulics_agc_servo,0.2215,0.2881,9.9365,0,,train
2025-01-19 01:00:00,CRM.AGC.SV01,hydraulics_agc_servo,0.2782,0.2147,7.6268,0,,train
2025-01-19 02:00:00,CRM.AGC.SV01,hydraulics_agc_servo,0.2918,0.1723,4.8611,0,,train
2025-01-19 03:00:00,CRM.AGC.SV01,hydraulics_agc_servo,0.3366,0.2032,3.6422,0,,train
2025-01-19 04:00:00,CRM.AGC.SV01,hydraulics_agc_servo,0.3208,0.1628,3.798,0,,train
2025-01-19 05:00:00,CRM.AGC.SV01,hydraulics_agc_servo,0.3134,0.1956,2.4664,0,,train
2025-01-19 06:00:00,CRM.AGC.SV01,hydraulics_agc_servo,0.3348,0.1737,2.7292,0,,train
2025-01-19 07:00:00,CRM.AGC.SV01,hydraulics_agc_servo,0.3528,0.1427,2.8286,0,,train
2025-01-19 08:00:00,CRM.AGC.SV01,hydraulics_agc_servo,0.3304,0.1499,2.963,0,,train
2025-01-19 09:00:00,CRM.AGC.SV01,hydraulics_agc_servo,0.3844,0.1451,2.6758,0,,train
2025-01-19 10:00:00,CRM.AGC.SV01,hydraulics_agc_servo,0.3968,0.1349,3.2516,0,,train
2025-01-19 11:00:00,CRM.AGC.SV01,hydraulics_agc_servo,0.3709,0.1694,3.7672,0,,train
2025-01-19 12:00:00,CRM.AGC.SV01,hydraulics_agc_servo,0.3811,0.1432,4.5126,0,,train
2025-01-19 13:00:00,CRM.AGC.SV01,hydraulics_agc_servo,0.3208,0.1655,3.9049,0,,train
2025-01-19 14:00:00,CRM.AGC.SV01,hydraulics_agc_servo,0.3508,0.1882,3.4732,0,,train
2025-01-19 15:00:00,CRM.AGC.SV01,hydraulics_agc_servo,0.3497,0.205,2.3988,0,,train
2025-01-19 16:00:00,CRM.AGC.SV01,hydraulics_agc_servo,0.4135,0.2728,2.6635,0,,train
2025-01-19 17:00:00,CRM.AGC.SV01,hydraulics_agc_servo,0.4246,0.2918,2.3652,0,,train
2025-01-19 18:00:00,CRM.AGC.SV01,hydraulics_agc_servo,0.3443,0.3221,2.5773,0,,train
2025-01-19 19:00:00,CRM.AGC.SV01,hydraulics_agc_servo,0.3411,0.3376,2.1904,0,,train
2025-01-19 20:00:00,CRM.AGC.SV01,hydraulics_agc_servo,0.3257,0.2412,1.6768,0,,train
2025-01-19 21:00:00,CRM.AGC.SV01,hydraulics_agc_servo,0.284,0.2249,0.7148,0,,train
2025-01-19 22:00:00,CRM.AGC.SV01,hydraulics_agc_servo,0.265,0.2061,-0.2004,0,,train
2025-01-19 23:00:00,CRM.AGC.SV01,hydraulics_agc_servo,0.131,0.1514,0.6326,0,,train
2025-01-20 00:00:00,CRM.AGC.SV01,hydraulics_agc_servo,0.1051,0.1754,0.5625,0,,train
2025-01-20 01:00:00,CRM.AGC.SV01,hydraulics_agc_servo,0.1508,0.1256,0.5549,0,,train
2025-01-20 02:00:00,CRM.AGC.SV01,hydraulics_agc_servo,0.1379,0.1627,0.1858,0,,train
2025-01-20 03:00:00,CRM.AGC.SV01,hydraulics_agc_servo,0.1637,0.156,0.786,0,,train
2025-01-20 04:00:00,CRM.AGC.SV01,hydraulics_agc_servo,0.1667,0.1873,0.1919,0,,train
2025-01-20 05:00:00,CRM.AGC.SV01,hydraulics_agc_servo,0.1394,0.1717,0.8146,0,,train
2025-01-20 06:00:00,CRM.AGC.SV01,hydraulics_agc_servo,0.1583,0.1694,1.1007,0,,train
2025-01-20 07:00:00,CRM.AGC.SV01,hydraulics_agc_servo,0.1971,0.2164,0.4674,0,,train
2025-01-20 08:00:00,CRM.AGC.SV01,hydraulics_agc_servo,0.2423,0.1589,0.0707,0,,train
2025-01-20 09:00:00,CRM.AGC.SV01,hydraulics_agc_servo,0.2419,0.1719,0.0533,0,,train
2025-01-20 10:00:00,CRM.AGC.SV01,hydraulics_agc_servo,0.3007,0.1984,-0.2584,0,,train
2025-01-20 11:00:00,CRM.AGC.SV01,hydraulics_agc_servo,0.2981,0.1937,-0.1628,0,,train
2025-01-20 12:00:00,CRM.AGC.SV01,hydraulics_agc_servo,0.3074,0.239,1.0246,0,,train
2025-01-20 13:00:00,CRM.AGC.SV01,hydraulics_agc_servo,0.3019,0.2846,0.411,0,,train
2025-01-20 14:00:00,CRM.AGC.SV01,hydraulics_agc_servo,0.3093,0.2641,0.5035,0,,train
2025-01-20 15:00:00,CRM.AGC.SV01,hydraulics_agc_servo,0.301,0.2491,1.0062,0,,train
2025-01-20 16:00:00,CRM.AGC.SV01,hydraulics_agc_servo,0.29,0.2434,0.1221,0,,train
2025-01-20 17:00:00,CRM.AGC.SV01,hydraulics_agc_servo,0.2982,0.2412,0.2828,0,,train
2025-01-20 18:00:00,CRM.AGC.SV01,hydraulics_agc_servo,0.3241,0.2357,1.6845,0,,train
2025-01-20 19:00:00,CRM.AGC.SV01,hydraulics_agc_servo,0.2953,0.2892,1.2844,0,,train
2025-01-20 20:00:00,CRM.AGC.SV01,hydraulics_agc_servo,0.2162,0.3094,1.5327,0,,train
2025-01-20 21:00:00,CRM.AGC.SV01,hydraulics_agc_servo,0.2735,0.2865,1.2952,0,,train
2025-01-20 22:00:00,CRM.AGC.SV01,hydraulics_agc_servo,0.2935,0.3113,2.1686,0,,train
2025-01-20 23:00:00,CRM.AGC.SV01,hydraulics_agc_servo,0.2963,0.2661,2.77,0,,train
2025-01-21 00:00:00,CRM.AGC.SV01,hydraulics_agc_servo,0.2822,0.2222,2.7309,0,,train
2025-01-21 01:00:00,CRM.AGC.SV01,hydraulics_agc_servo,0.2592,0.2326,2.6382,0,,train
2025-01-21 02:00:00,CRM.AGC.SV01,hydraulics_agc_servo,0.2231,0.2261,2.5109,0,,train
2025-01-21 03:00:00,CRM.AGC.SV01,hydraulics_agc_servo,0.2407,0.1706,1.7975,0,,train
2025-01-21 04:00:00,CRM.AGC.SV01,hydraulics_agc_servo,0.1898,0.1918,1.4266,0,,train
2025-01-21 05:00:00,CRM.AGC.SV01,hydraulics_agc_servo,0.2013,0.1729,1.2883,0,,train
2025-01-21 06:00:00,CRM.AGC.SV01,hydraulics_agc_servo,0.2137,0.1448,0.5999,0,,train
2025-01-21 07:00:00,CRM.AGC.SV01,hydraulics_agc_servo,0.3065,0.1718,1.1035,0,,train
2025-01-21 08:00:00,CRM.AGC.SV01,hydraulics_agc_servo,0.2913,0.1882,0.8013,0,,train
2025-01-21 09:00:00,CRM.AGC.SV01,hydraulics_agc_servo,0.2409,0.2504,0.6583,0,,train
2025-01-21 10:00:00,CRM.AGC.SV01,hydraulics_agc_servo,0.2489,0.2273,0.7409,0,,train
2025-01-21 11:00:00,CRM.AGC.SV01,hydraulics_agc_servo,0.2329,0.2062,1.1041,0,,train
2025-01-21 12:00:00,CRM.AGC.SV01,hydraulics_agc_servo,0.2237,0.1944,2.1475,0,,train
2025-01-21 13:00:00,CRM.AGC.SV01,hydraulics_agc_servo,0.1999,0.1926,1.9738,0,,train
2025-01-21 14:00:00,CRM.AGC.SV01,hydraulics_agc_servo,0.238,0.1919,0.7856,0,,train
2025-01-21 15:00:00,CRM.AGC.SV01,hydraulics_agc_servo,0.2292,0.1631,1.377,0,,train
2025-01-21 16:00:00,CRM.AGC.SV01,hydraulics_agc_servo,0.271,0.1912,0.5241,0,,train
2025-01-21 17:00:00,CRM.AGC.SV01,hydraulics_agc_servo,0.3049,0.2119,0.3937,0,,train
2025-01-21 18:00:00,CRM.AGC.SV01,hydraulics_agc_servo,0.2521,0.1554,2.0379,0,,train
2025-01-21 19:00:00,CRM.AGC.SV01,hydraulics_agc_servo,0.308,0.2029,1.1801,0,,train
2025-01-21 20:00:00,CRM.AGC.SV01,hydraulics_agc_servo,0.2684,0.2376,1.5217,0,,train
2025-01-21 21:00:00,CRM.AGC.SV01,hydraulics_agc_servo,0.2749,0.2408,2.0954,0,,train
2025-01-21 22:00:00,CRM.AGC.SV01,hydraulics_agc_servo,0.2404,0.2462,2.1656,0,,train
2025-01-21 23:00:00,CRM.AGC.SV01,hydraulics_agc_servo,0.198,0.2399,2.1107,0,,train
2025-01-22 00:00:00,CRM.AGC.SV01,hydraulics_agc_servo,0.1697,0.4595,1.5034,0,,train
2025-01-22 01:00:00,CRM.AGC.SV01,hydraulics_agc_servo,0.1644,0.7681,1.6932,0,,train
2025-01-22 02:00:00,CRM.AGC.SV01,hydraulics_agc_servo,0.1088,0.7133,1.7247,0,,train
2025-01-22 03:00:00,CRM.AGC.SV01,hydraulics_agc_servo,0.1259,0.3868,2.0035,0,,train
2025-01-22 04:00:00,CRM.AGC.SV01,hydraulics_agc_servo,0.1572,0.1933,1.8832,0,,train
2025-01-22 05:00:00,CRM.AGC.SV01,hydraulics_agc_servo,0.1799,0.1682,1.0326,0,,train
2025-01-22 06:00:00,CRM.AGC.SV01,hydraulics_agc_servo,0.1953,0.1859,0.234,0,,train
2025-01-22 07:00:00,CRM.AGC.SV01,hydraulics_agc_servo,0.209,0.1318,0.5697,0,,train
2025-01-22 08:00:00,CRM.AGC.SV01,hydraulics_agc_servo,0.2515,0.1526,1.7764,0,,train
2025-01-22 09:00:00,CRM.AGC.SV01,hydraulics_agc_servo,0.2612,0.1973,2.576,0,,train
2025-01-22 10:00:00,CRM.AGC.SV01,hydraulics_agc_servo,0.3044,0.2299,2.3235,0,,train
2025-01-22 11:00:00,CRM.AGC.SV01,hydraulics_agc_servo,0.2652,0.2855,2.8089,0,,train
2025-01-22 12:00:00,CRM.AGC.SV01,hydraulics_agc_servo,0.2798,0.292,2.6989,0,,train
2025-01-22 13:00:00,CRM.AGC.SV01,hydraulics_agc_servo,0.2505,0.2213,2.7061,0,,train
2025-01-22 14:00:00,CRM.AGC.SV01,hydraulics_agc_servo,0.2815,0.2415,2.4969,0,,train
2025-01-22 15:00:00,CRM.AGC.SV01,hydraulics_agc_servo,0.2799,0.1929,2.6965,0,,train
2025-01-22 16:00:00,CRM.AGC.SV01,hydraulics_agc_servo,0.3233,0.2645,2.991,0,,train
2025-01-22 17:00:00,CRM.AGC.SV01,hydraulics_agc_servo,0.3168,0.2723,2.6146,0,,train
2025-01-22 18:00:00,CRM.AGC.SV01,hydraulics_agc_servo,0.3168,0.2761,2.7831,0,,train
2025-01-22 19:00:00,CRM.AGC.SV01,hydraulics_agc_servo,0.2965,0.2245,2.6359,0,,train
2025-01-22 20:00:00,CRM.AGC.SV01,hydraulics_agc_servo,0.2371,0.268,0.8444,0,,train
2025-01-22 21:00:00,CRM.AGC.SV01,hydraulics_agc_servo,0.2782,0.2566,0.3517,0,,train
2025-01-22 22:00:00,CRM.AGC.SV01,hydraulics_agc_servo,0.2369,0.2647,0.3114,0,,train
2025-01-22 23:00:00,CRM.AGC.SV01,hydraulics_agc_servo,0.2578,0.2921,2.0942,0,,train
2025-01-23 00:00:00,CRM.AGC.SV01,hydraulics_agc_servo,0.2372,0.266,1.6711,0,,train
2025-01-23 01:00:00,CRM.AGC.SV01,hydraulics_agc_servo,0.221,0.2617,1.5233,0,,train
2025-01-23 02:00:00,CRM.AGC.SV01,hydraulics_agc_servo,0.2644,0.3151,1.1975,0,,train
2025-01-23 03:00:00,CRM.AGC.SV01,hydraulics_agc_servo,0.2413,0.3353,1.8449,0,,train
2025-01-23 04:00:00,CRM.AGC.SV01,hydraulics_agc_servo,0.2151,0.3247,1.8815,0,,train
2025-01-23 05:00:00,CRM.AGC.SV01,hydraulics_agc_servo,0.1654,0.3092,1.6844,0,,train
2025-01-23 06:00:00,CRM.AGC.SV01,hydraulics_agc_servo,0.1444,0.2591,2.1307,0,,train
2025-01-23 07:00:00,CRM.AGC.SV01,hydraulics_agc_servo,0.1918,0.2881,1.7816,0,,train
2025-01-23 08:00:00,CRM.AGC.SV01,hydraulics_agc_servo,0.1938,0.3593,1.8819,0,,train
2025-01-23 09:00:00,CRM.AGC.SV01,hydraulics_agc_servo,0.2047,0.3432,2.4495,0,,train
2025-01-23 10:00:00,CRM.AGC.SV01,hydraulics_agc_servo,0.2153,0.3515,2.8605,0,,train
2025-01-23 11:00:00,CRM.AGC.SV01,hydraulics_agc_servo,0.2498,0.3315,3.0613,0,,train
2025-01-23 12:00:00,CRM.AGC.SV01,hydraulics_agc_servo,0.3058,0.3327,2.974,0,,train
2025-01-23 13:00:00,CRM.AGC.SV01,hydraulics_agc_servo,0.2528,0.3947,2.7766,0,,train
2025-01-23 14:00:00,CRM.AGC.SV01,hydraulics_agc_servo,0.2763,0.3632,1.2817,0,,train
2025-01-23 15:00:00,CRM.AGC.SV01,hydraulics_agc_servo,0.257,0.3751,1.6077,0,,train
2025-01-23 16:00:00,CRM.AGC.SV01,hydraulics_agc_servo,0.261,0.3724,1.8392,0,,train
2025-01-23 17:00:00,CRM.AGC.SV01,hydraulics_agc_servo,0.227,0.3125,2.1337,0,,train
2025-01-23 18:00:00,CRM.AGC.SV01,hydraulics_agc_servo,0.258,0.2959,2.7054,0,,train
2025-01-23 19:00:00,CRM.AGC.SV01,hydraulics_agc_servo,0.2333,0.2879,0.9066,0,,train
2025-01-23 20:00:00,CRM.AGC.SV01,hydraulics_agc_servo,0.27,0.2917,0.8408,0,,train
2025-01-23 21:00:00,CRM.AGC.SV01,hydraulics_agc_servo,0.2666,0.2364,0.6785,0,,train
2025-01-23 22:00:00,CRM.AGC.SV01,hydraulics_agc_servo,0.2685,0.199,-0.5709,0,,train
2025-01-23 23:00:00,CRM.AGC.SV01,hydraulics_agc_servo,0.2619,0.2394,-0.8823,0,,train
2025-01-24 00:00:00,CRM.AGC.SV01,hydraulics_agc_servo,0.2254,0.2641,1.1318,0,,train
2025-01-24 01:00:00,CRM.AGC.SV01,hydraulics_agc_servo,0.2137,0.2864,0.386,0,,train
2025-01-24 02:00:00,CRM.AGC.SV01,hydraulics_agc_servo,0.1784,0.2124,1.6996,0,,train
2025-01-24 03:00:00,CRM.AGC.SV01,hydraulics_agc_servo,0.2019,0.1913,1.1963,0,,train
2025-01-24 04:00:00,CRM.AGC.SV01,hydraulics_agc_servo,0.1973,0.1577,1.0356,0,,train
2025-01-24 05:00:00,CRM.AGC.SV01,hydraulics_agc_servo,0.1696,0.0859,0.4051,0,,train
2025-01-24 06:00:00,CRM.AGC.SV01,hydraulics_agc_servo,0.1754,0.1046,0.6664,0,,train
2025-01-24 07:00:00,CRM.AGC.SV01,hydraulics_agc_servo,0.1913,0.1581,0.4784,0,,train
2025-01-24 08:00:00,CRM.AGC.SV01,hydraulics_agc_servo,0.1606,0.1364,0.487,0,,train
2025-01-24 09:00:00,CRM.AGC.SV01,hydraulics_agc_servo,0.1533,0.1853,0.7807,0,,train
2025-01-24 10:00:00,CRM.AGC.SV01,hydraulics_agc_servo,0.1637,0.2248,0.699,0,,train
2025-01-24 11:00:00,CRM.AGC.SV01,hydraulics_agc_servo,0.1817,0.2401,0.5558,0,,train
2025-01-24 12:00:00,CRM.AGC.SV01,hydraulics_agc_servo,0.2038,0.2454,0.9517,0,,train
2025-01-24 13:00:00,CRM.AGC.SV01,hydraulics_agc_servo,0.223,0.2348,1.3309,0,,train
2025-01-24 14:00:00,CRM.AGC.SV01,hydraulics_agc_servo,0.2033,0.2338,0.5538,0,,train
2025-01-24 15:00:00,CRM.AGC.SV01,hydraulics_agc_servo,0.2117,0.2247,0.6256,0,,train
2025-01-24 16:00:00,CRM.AGC.SV01,hydraulics_agc_servo,0.1512,0.1954,1.1068,0,,train
2025-01-24 17:00:00,CRM.AGC.SV01,hydraulics_agc_servo,0.1692,0.1712,1.9615,0,,train
2025-01-24 18:00:00,CRM.AGC.SV01,hydraulics_agc_servo,0.1699,0.1693,0.9633,0,,train
2025-01-24 19:00:00,CRM.AGC.SV01,hydraulics_agc_servo,0.1925,0.2065,0.9159,0,,train
2025-01-24 20:00:00,CRM.AGC.SV01,hydraulics_agc_servo,0.1591,0.2005,0.7403,0,,train
2025-01-24 21:00:00,CRM.AGC.SV01,hydraulics_agc_servo,0.155,0.1632,0.1851,0,,train
2025-01-24 22:00:00,CRM.AGC.SV01,hydraulics_agc_servo,0.1802,0.2261,0.5706,0,,train
2025-01-24 23:00:00,CRM.AGC.SV01,hydraulics_agc_servo,0.2275,0.1737,-0.2832,0,,train
2025-01-25 00:00:00,CRM.AGC.SV01,hydraulics_agc_servo,0.2262,0.2041,0.2044,0,,train
2025-01-25 01:00:00,CRM.AGC.SV01,hydraulics_agc_servo,0.224,0.1765,0.3028,0,,train
2025-01-25 02:00:00,CRM.AGC.SV01,hydraulics_agc_servo,0.2145,0.1892,-0.2009,0,,train
2025-01-25 03:00:00,CRM.AGC.SV01,hydraulics_agc_servo,0.1951,0.1831,0.1611,0,,train
2025-01-25 04:00:00,CRM.AGC.SV01,hydraulics_agc_servo,0.2032,0.2325,0.1057,0,,train
2025-01-25 05:00:00,CRM.AGC.SV01,hydraulics_agc_servo,0.1859,0.2144,-0.5402,0,,train
2025-01-25 06:00:00,CRM.AGC.SV01,hydraulics_agc_servo,0.1741,0.2462,-0.0209,0,,train
2025-01-25 07:00:00,CRM.AGC.SV01,hydraulics_agc_servo,0.1431,0.2499,1.2099,0,,train
2025-01-25 08:00:00,CRM.AGC.SV01,hydraulics_agc_servo,0.1216,0.2425,0.3978,0,,train
2025-01-25 09:00:00,CRM.AGC.SV01,hydraulics_agc_servo,0.1357,0.2177,-0.2108,0,,train
2025-01-25 10:00:00,CRM.AGC.SV01,hydraulics_agc_servo,0.1115,0.2008,0.1874,0,,train
2025-01-25 11:00:00,CRM.AGC.SV01,hydraulics_agc_servo,0.1791,0.2177,-0.0629,0,,train
2025-01-25 12:00:00,CRM.AGC.SV01,hydraulics_agc_servo,0.2152,0.2327,-0.0009,0,,train
2025-01-25 13:00:00,CRM.AGC.SV01,hydraulics_agc_servo,0.1922,0.2232,-0.2604,0,,train
2025-01-25 14:00:00,CRM.AGC.SV01,hydraulics_agc_servo,0.1503,0.2228,-0.8793,0,,train
2025-01-25 15:00:00,CRM.AGC.SV01,hydraulics_agc_servo,0.1409,0.2465,-0.043,0,,train
2025-01-25 16:00:00,CRM.AGC.SV01,hydraulics_agc_servo,0.1071,0.2464,0.1352,0,,train
2025-01-25 17:00:00,CRM.AGC.SV01,hydraulics_agc_servo,0.1614,0.2698,0.0437,0,,train
2025-01-25 18:00:00,CRM.AGC.SV01,hydraulics_agc_servo,0.2197,0.2803,0.0379,0,,train
2025-01-25 19:00:00,CRM.AGC.SV01,hydraulics_agc_servo,0.2627,0.2386,-0.6787,0,,train
2025-01-25 20:00:00,CRM.AGC.SV01,hydraulics_agc_servo,0.27,0.241,-0.1671,0,,train
2025-01-25 21:00:00,CRM.AGC.SV01,hydraulics_agc_servo,0.212,0.266,-1.6062,0,,train
2025-01-25 22:00:00,CRM.AGC.SV01,hydraulics_agc_servo,0.1648,0.2529,-0.9874,0,,train
2025-01-25 23:00:00,CRM.AGC.SV01,hydraulics_agc_servo,0.2147,0.248,-0.2656,0,,train
2025-01-26 00:00:00,CRM.AGC.SV01,hydraulics_agc_servo,0.1948,0.2536,-0.725,0,,train
2025-01-26 01:00:00,CRM.AGC.SV01,hydraulics_agc_servo,0.1886,0.2428,-0.6383,0,,train
2025-01-26 02:00:00,CRM.AGC.SV01,hydraulics_agc_servo,0.1499,0.2075,-1.0324,0,,train
2025-01-26 03:00:00,CRM.AGC.SV01,hydraulics_agc_servo,0.1238,0.1901,-0.957,0,,train
2025-01-26 04:00:00,CRM.AGC.SV01,hydraulics_agc_servo,0.1615,0.2005,0.2903,0,,train
2025-01-26 05:00:00,CRM.AGC.SV01,hydraulics_agc_servo,0.1665,0.2798,0.9267,0,,train
2025-01-26 06:00:00,CRM.AGC.SV01,hydraulics_agc_servo,0.1806,0.3249,1.9996,0,,train
2025-01-26 07:00:00,CRM.AGC.SV01,hydraulics_agc_servo,0.1704,0.309,2.97,0,,train
2025-01-26 08:00:00,CRM.AGC.SV01,hydraulics_agc_servo,0.202,0.2909,3.1751,0,,train
2025-01-26 09:00:00,CRM.AGC.SV01,hydraulics_agc_servo,0.194,0.2611,4.0019,0,,train
2025-01-26 10:00:00,CRM.AGC.SV01,hydraulics_agc_servo,0.2164,0.2444,3.5012,0,,train
2025-01-26 11:00:00,CRM.AGC.SV01,hydraulics_agc_servo,0.2234,0.1966,2.8798,0,,train
2025-01-26 12:00:00,CRM.AGC.SV01,hydraulics_agc_servo,0.2326,0.2455,2.1598,0,,train
2025-01-26 13:00:00,CRM.AGC.SV01,hydraulics_agc_servo,0.2078,0.2425,2.321,0,,train
2025-01-26 14:00:00,CRM.AGC.SV01,hydraulics_agc_servo,0.1981,0.2731,2.2823,0,,train
2025-01-26 15:00:00,CRM.AGC.SV01,hydraulics_agc_servo,0.2335,0.2635,2.1192,0,,train
2025-01-26 16:00:00,CRM.AGC.SV01,hydraulics_agc_servo,0.2268,0.2882,1.6185,0,,train
2025-01-26 17:00:00,CRM.AGC.SV01,hydraulics_agc_servo,0.2913,0.2633,2.0481,0,,train
2025-01-26 18:00:00,CRM.AGC.SV01,hydraulics_agc_servo,0.2964,0.2526,2.3877,0,,train
2025-01-26 19:00:00,CRM.AGC.SV01,hydraulics_agc_servo,0.3226,0.2158,1.6871,0,,train
2025-01-26 20:00:00,CRM.AGC.SV01,hydraulics_agc_servo,0.3264,0.236,2.8972,0,,train
2025-01-26 21:00:00,CRM.AGC.SV01,hydraulics_agc_servo,0.2716,0.2293,3.3293,0,,train
2025-01-26 22:00:00,CRM.AGC.SV01,hydraulics_agc_servo,0.2776,0.2495,3.5087,0,,train
2025-01-26 23:00:00,CRM.AGC.SV01,hydraulics_agc_servo,0.2539,0.2794,4.0514,0,,train
2025-01-27 00:00:00,CRM.AGC.SV01,hydraulics_agc_servo,0.2588,0.2753,4.1636,0,,train
2025-01-27 01:00:00,CRM.AGC.SV01,hydraulics_agc_servo,0.2458,0.2585,4.3492,0,,train
2025-01-27 02:00:00,CRM.AGC.SV01,hydraulics_agc_servo,0.2142,0.2355,3.8113,0,,train
2025-01-27 03:00:00,CRM.AGC.SV01,hydraulics_agc_servo,0.2113,0.2333,3.331,0,,train
2025-01-27 04:00:00,CRM.AGC.SV01,hydraulics_agc_servo,0.229,0.2395,3.2665,0,,train
2025-01-27 05:00:00,CRM.AGC.SV01,hydraulics_agc_servo,0.2053,0.2172,2.6538,0,,train
2025-01-27 06:00:00,CRM.AGC.SV01,hydraulics_agc_servo,0.2437,0.2474,3.0667,0,,train
2025-01-27 07:00:00,CRM.AGC.SV01,hydraulics_agc_servo,0.2828,0.2678,3.3635,0,,train
2025-01-27 08:00:00,CRM.AGC.SV01,hydraulics_agc_servo,0.3165,0.3046,2.724,0,,train
2025-01-27 09:00:00,CRM.AGC.SV01,hydraulics_agc_servo,0.3006,0.3092,1.7399,0,,train
2025-01-27 10:00:00,CRM.AGC.SV01,hydraulics_agc_servo,0.2755,0.3025,0.9614,0,,train
2025-01-27 11:00:00,CRM.AGC.SV01,hydraulics_agc_servo,0.3157,0.2378,1.4178,0,,train
2025-01-27 12:00:00,CRM.AGC.SV01,hydraulics_agc_servo,0.3143,0.2496,1.8985,0,,train
2025-01-27 13:00:00,CRM.AGC.SV01,hydraulics_agc_servo,0.3043,0.2596,1.7596,0,,train
2025-01-27 14:00:00,CRM.AGC.SV01,hydraulics_agc_servo,0.27,0.244,0.1774,0,,train
2025-01-27 15:00:00,CRM.AGC.SV01,hydraulics_agc_servo,0.3215,0.1757,0.3044,0,,train
2025-01-27 16:00:00,CRM.AGC.SV01,hydraulics_agc_servo,0.3496,0.1796,0.6777,0,,train
2025-01-27 17:00:00,CRM.AGC.SV01,hydraulics_agc_servo,0.3141,0.1693,0.6827,0,,train
2025-01-27 18:00:00,CRM.AGC.SV01,hydraulics_agc_servo,0.2845,0.1369,0.0217,0,,train
2025-01-27 19:00:00,CRM.AGC.SV01,hydraulics_agc_servo,0.1851,0.1283,1.1062,0,,train
2025-01-27 20:00:00,CRM.AGC.SV01,hydraulics_agc_servo,0.1936,0.1198,1.0443,0,,train
2025-01-27 21:00:00,CRM.AGC.SV01,hydraulics_agc_servo,0.1895,0.165,1.2379,0,,train
2025-01-27 22:00:00,CRM.AGC.SV01,hydraulics_agc_servo,0.2561,0.1962,0.4598,0,,train
2025-01-27 23:00:00,CRM.AGC.SV01,hydraulics_agc_servo,0.26,0.2565,0.4789,0,,train
2025-01-28 00:00:00,CRM.AGC.SV01,hydraulics_agc_servo,0.2523,0.2725,1.2726,0,,train
2025-01-28 01:00:00,CRM.AGC.SV01,hydraulics_agc_servo,0.2764,0.2902,1.2638,0,,train
2025-01-28 02:00:00,CRM.AGC.SV01,hydraulics_agc_servo,0.2922,0.297,1.0835,0,,train
2025-01-28 03:00:00,CRM.AGC.SV01,hydraulics_agc_servo,0.2663,0.332,0.8583,0,,train
2025-01-28 04:00:00,CRM.AGC.SV01,hydraulics_agc_servo,0.2131,0.3074,0.8526,0,,train
2025-01-28 05:00:00,CRM.AGC.SV01,hydraulics_agc_servo,0.1818,0.2996,1.6967,0,,train
2025-01-28 06:00:00,CRM.AGC.SV01,hydraulics_agc_servo,0.184,0.3023,1.6705,0,,train
2025-01-28 07:00:00,CRM.AGC.SV01,hydraulics_agc_servo,0.1698,0.2778,1.2769,0,,train
2025-01-28 08:00:00,CRM.AGC.SV01,hydraulics_agc_servo,0.1785,0.2916,0.8038,0,,train
2025-01-28 09:00:00,CRM.AGC.SV01,hydraulics_agc_servo,0.1953,0.2735,1.4797,0,,train
2025-01-28 10:00:00,CRM.AGC.SV01,hydraulics_agc_servo,0.206,0.1784,1.5515,0,,train
2025-01-28 11:00:00,CRM.AGC.SV01,hydraulics_agc_servo,0.2017,0.2059,1.2693,0,,train
2025-01-28 12:00:00,CRM.AGC.SV01,hydraulics_agc_servo,0.2026,0.1918,1.9136,0,,train
2025-01-28 13:00:00,CRM.AGC.SV01,hydraulics_agc_servo,0.1842,0.1964,2.0639,0,,train
2025-01-28 14:00:00,CRM.AGC.SV01,hydraulics_agc_servo,0.1588,0.2088,2.5024,0,,train
2025-01-28 15:00:00,CRM.AGC.SV01,hydraulics_agc_servo,0.133,0.2712,2.8155,0,,train
2025-01-28 16:00:00,CRM.AGC.SV01,hydraulics_agc_servo,0.1874,0.272,2.1498,0,,train
2025-01-28 17:00:00,CRM.AGC.SV01,hydraulics_agc_servo,0.1635,0.3116,2.7184,0,,train
2025-01-28 18:00:00,CRM.AGC.SV01,hydraulics_agc_servo,0.1719,0.3458,3.1969,0,,train
2025-01-28 19:00:00,CRM.AGC.SV01,hydraulics_agc_servo,0.2704,0.2562,1.7142,0,,train
2025-01-28 20:00:00,CRM.AGC.SV01,hydraulics_agc_servo,0.3087,0.2022,1.9151,0,,train
2025-01-28 21:00:00,CRM.AGC.SV01,hydraulics_agc_servo,0.2545,0.1246,1.4301,0,,train
2025-01-28 22:00:00,CRM.AGC.SV01,hydraulics_agc_servo,0.2546,0.17,1.9483,0,,train
2025-01-28 23:00:00,CRM.AGC.SV01,hydraulics_agc_servo,0.2066,0.2038,2.6637,0,,train
2025-01-29 00:00:00,CRM.AGC.SV01,hydraulics_agc_servo,0.1527,0.2017,2.6573,0,,train
2025-01-29 01:00:00,CRM.AGC.SV01,hydraulics_agc_servo,0.174,0.2229,0.7453,0,,train
2025-01-29 02:00:00,CRM.AGC.SV01,hydraulics_agc_servo,0.2397,0.2519,0.8795,0,,train
2025-01-29 03:00:00,CRM.AGC.SV01,hydraulics_agc_servo,0.2277,0.1883,2.3991,0,,train
2025-01-29 04:00:00,CRM.AGC.SV01,hydraulics_agc_servo,0.2454,0.2003,1.8045,0,,train
2025-01-29 05:00:00,CRM.AGC.SV01,hydraulics_agc_servo,0.256,0.2159,0.3542,0,,train
2025-01-29 06:00:00,CRM.AGC.SV01,hydraulics_agc_servo,0.1764,0.2573,0.8582,0,,train
2025-01-29 07:00:00,CRM.AGC.SV01,hydraulics_agc_servo,0.2335,0.2409,0.8843,0,,train
2025-01-29 08:00:00,CRM.AGC.SV01,hydraulics_agc_servo,0.2692,0.277,1.2319,0,,train
2025-01-29 09:00:00,CRM.AGC.SV01,hydraulics_agc_servo,0.2438,0.3101,0.5257,0,,train
2025-01-29 10:00:00,CRM.AGC.SV01,hydraulics_agc_servo,0.2153,0.2876,0.8538,0,,train
2025-01-29 11:00:00,CRM.AGC.SV01,hydraulics_agc_servo,0.2042,0.3012,0.9063,0,,train
2025-01-29 12:00:00,CRM.AGC.SV01,hydraulics_agc_servo,0.2212,0.2673,0.8901,0,,train
2025-01-29 13:00:00,CRM.AGC.SV01,hydraulics_agc_servo,0.2412,0.3011,1.2654,0,,train
2025-01-29 14:00:00,CRM.AGC.SV01,hydraulics_agc_servo,0.24,0.3527,1.5442,0,,train
2025-01-29 15:00:00,CRM.AGC.SV01,hydraulics_agc_servo,0.272,0.3903,1.7341,0,,train
2025-01-29 16:00:00,CRM.AGC.SV01,hydraulics_agc_servo,0.3015,0.3539,0.7453,0,,train
2025-01-29 17:00:00,CRM.AGC.SV01,hydraulics_agc_servo,0.3128,0.3426,0.4565,0,,train
2025-01-29 18:00:00,CRM.AGC.SV01,hydraulics_agc_servo,0.3765,0.297,0.5921,0,,train
2025-01-29 19:00:00,CRM.AGC.SV01,hydraulics_agc_servo,0.3756,0.311,0.1415,0,,train
2025-01-29 20:00:00,CRM.AGC.SV01,hydraulics_agc_servo,0.4299,0.3548,0.1877,0,,train
2025-01-29 21:00:00,CRM.AGC.SV01,hydraulics_agc_servo,0.4414,0.3854,0.4856,0,,train
2025-01-29 22:00:00,CRM.AGC.SV01,hydraulics_agc_servo,0.3731,0.3873,1.1261,0,,train
2025-01-29 23:00:00,CRM.AGC.SV01,hydraulics_agc_servo,0.365,0.3816,1.1532,0,,train
2025-01-30 00:00:00,CRM.AGC.SV01,hydraulics_agc_servo,0.4147,0.4109,1.1724,0,,train
2025-01-30 01:00:00,CRM.AGC.SV01,hydraulics_agc_servo,0.3378,0.3759,1.7664,0,,train
2025-01-30 02:00:00,CRM.AGC.SV01,hydraulics_agc_servo,0.3586,0.3316,2.9579,0,,train
2025-01-30 03:00:00,CRM.AGC.SV01,hydraulics_agc_servo,0.309,0.3266,2.7376,0,,train
2025-01-30 04:00:00,CRM.AGC.SV01,hydraulics_agc_servo,0.3081,0.2916,2.8061,0,,train
2025-01-30 05:00:00,CRM.AGC.SV01,hydraulics_agc_servo,0.3013,0.25,3.1714,0,,train
2025-01-30 06:00:00,CRM.AGC.SV01,hydraulics_agc_servo,0.2761,0.2351,2.5575,0,,train
2025-01-30 07:00:00,CRM.AGC.SV01,hydraulics_agc_servo,0.2589,0.2695,3.0255,0,,train
2025-01-30 08:00:00,CRM.AGC.SV01,hydraulics_agc_servo,0.2676,0.3205,2.3573,0,,train
2025-01-30 09:00:00,CRM.AGC.SV01,hydraulics_agc_servo,0.3154,0.3001,2.4547,0,,train
2025-01-30 10:00:00,CRM.AGC.SV01,hydraulics_agc_servo,0.3461,0.2542,1.8549,0,,train
2025-01-30 11:00:00,CRM.AGC.SV01,hydraulics_agc_servo,0.3482,0.3041,1.6037,0,,train
2025-01-30 12:00:00,CRM.AGC.SV01,hydraulics_agc_servo,0.3338,0.3222,1.8206,0,,train
2025-01-30 13:00:00,CRM.AGC.SV01,hydraulics_agc_servo,0.3683,0.3489,1.4997,0,,train
2025-01-30 14:00:00,CRM.AGC.SV01,hydraulics_agc_servo,0.2688,0.3196,1.6781,0,,train
2025-01-30 15:00:00,CRM.AGC.SV01,hydraulics_agc_servo,0.2797,0.332,2.1891,0,,train
2025-01-30 16:00:00,CRM.AGC.SV01,hydraulics_agc_servo,0.262,0.3294,2.2092,0,,train
2025-01-30 17:00:00,CRM.AGC.SV01,hydraulics_agc_servo,0.2512,0.2665,1.908,0,,train
2025-01-30 18:00:00,CRM.AGC.SV01,hydraulics_agc_servo,0.2619,0.1944,1.6866,0,,train
2025-01-30 19:00:00,CRM.AGC.SV01,hydraulics_agc_servo,0.2133,0.2233,1.9097,0,,train
2025-01-30 20:00:00,CRM.AGC.SV01,hydraulics_agc_servo,0.2181,0.1817,2.3597,0,,train
2025-01-30 21:00:00,CRM.AGC.SV01,hydraulics_agc_servo,0.2754,0.172,1.9244,0,,train
2025-01-30 22:00:00,CRM.AGC.SV01,hydraulics_agc_servo,0.2879,0.1522,-0.1815,0,CRM.AGC.SV01::E00,train
2025-01-30 23:00:00,CRM.AGC.SV01,hydraulics_agc_servo,0.2278,0.1651,-0.0015,0,CRM.AGC.SV01::E00,train
2025-01-31 00:00:00,CRM.AGC.SV01,hydraulics_agc_servo,0.2359,0.1728,-0.4479,0,CRM.AGC.SV01::E00,train
2025-01-31 01:00:00,CRM.AGC.SV01,hydraulics_agc_servo,0.2536,0.2036,0.0767,0,CRM.AGC.SV01::E00,train
2025-01-31 02:00:00,CRM.AGC.SV01,hydraulics_agc_servo,0.2917,0.166,-0.0607,0,CRM.AGC.SV01::E00,train
2025-01-31 03:00:00,CRM.AGC.SV01,hydraulics_agc_servo,0.3237,0.1612,0.5049,0,CRM.AGC.SV01::E00,train
2025-01-31 04:00:00,CRM.AGC.SV01,hydraulics_agc_servo,0.2927,0.1859,1.7067,0,CRM.AGC.SV01::E00,train
2025-01-31 05:00:00,CRM.AGC.SV01,hydraulics_agc_servo,0.2815,0.1798,1.5941,0,CRM.AGC.SV01::E00,train
2025-01-31 06:00:00,CRM.AGC.SV01,hydraulics_agc_servo,0.2892,0.1431,1.9653,0,CRM.AGC.SV01::E00,train
2025-01-31 07:00:00,CRM.AGC.SV01,hydraulics_agc_servo,0.3096,0.0942,3.3861,0,CRM.AGC.SV01::E00,train
2025-01-31 08:00:00,CRM.AGC.SV01,hydraulics_agc_servo,0.2993,0.137,3.2388,0,CRM.AGC.SV01::E00,train
2025-01-31 09:00:00,CRM.AGC.SV01,hydraulics_agc_servo,0.2924,0.1457,2.0719,0,CRM.AGC.SV01::E00,train
2025-01-31 10:00:00,CRM.AGC.SV01,hydraulics_agc_servo,0.2422,0.1899,1.7837,0,CRM.AGC.SV01::E00,train
2025-01-31 11:00:00,CRM.AGC.SV01,hydraulics_agc_servo,0.2089,0.1999,1.593,0,CRM.AGC.SV01::E00,train
2025-01-31 12:00:00,CRM.AGC.SV01,hydraulics_agc_servo,0.2214,0.1735,1.4531,0,CRM.AGC.SV01::E00,train
2025-01-31 13:00:00,CRM.AGC.SV01,hydraulics_agc_servo,0.208,0.207,1.0155,0,CRM.AGC.SV01::E00,train
2025-01-31 14:00:00,CRM.AGC.SV01,hydraulics_agc_servo,0.2149,0.1605,1.7395,0,CRM.AGC.SV01::E00,train
2025-01-31 15:00:00,CRM.AGC.SV01,hydraulics_agc_servo,0.2326,0.1877,1.6572,0,CRM.AGC.SV01::E00,train
2025-01-31 16:00:00,CRM.AGC.SV01,hydraulics_agc_servo,0.2544,0.1557,2.2952,0,CRM.AGC.SV01::E00,train
2025-01-31 17:00:00,CRM.AGC.SV01,hydraulics_agc_servo,0.2253,0.1354,1.9762,0,CRM.AGC.SV01::E00,train
2025-01-31 18:00:00,CRM.AGC.SV01,hydraulics_agc_servo,0.2351,0.1319,2.5467,0,CRM.AGC.SV01::E00,train
2025-01-31 19:00:00,CRM.AGC.SV01,hydraulics_agc_servo,0.2155,0.1242,2.9626,0,CRM.AGC.SV01::E00,train
2025-01-31 20:00:00,CRM.AGC.SV01,hydraulics_agc_servo,0.2019,0.1765,3.9151,0,CRM.AGC.SV01::E00,train
2025-01-31 21:00:00,CRM.AGC.SV01,hydraulics_agc_servo,0.169,0.198,3.0127,0,CRM.AGC.SV01::E00,train
2025-01-31 22:00:00,CRM.AGC.SV01,hydraulics_agc_servo,0.2359,0.2516,2.237,0,CRM.AGC.SV01::E00,train
2025-01-31 23:00:00,CRM.AGC.SV01,hydraulics_agc_servo,0.2505,0.2963,1.3939,0,CRM.AGC.SV01::E00,train
2025-02-01 00:00:00,CRM.AGC.SV01,hydraulics_agc_servo,0.2489,0.2472,1.1218,0,CRM.AGC.SV01::E00,train
2025-02-01 01:00:00,CRM.AGC.SV01,hydraulics_agc_servo,0.2107,0.2599,0.5968,0,CRM.AGC.SV01::E00,train
2025-02-01 02:00:00,CRM.AGC.SV01,hydraulics_agc_servo,0.2545,0.2269,0.0112,0,CRM.AGC.SV01::E00,train
2025-02-01 03:00:00,CRM.AGC.SV01,hydraulics_agc_servo,0.2484,0.2665,0.6778,0,CRM.AGC.SV01::E00,train
2025-02-01 04:00:00,CRM.AGC.SV01,hydraulics_agc_servo,0.2013,0.3188,1.4838,0,CRM.AGC.SV01::E00,train
2025-02-01 05:00:00,CRM.AGC.SV01,hydraulics_agc_servo,0.1516,0.3167,1.7794,0,CRM.AGC.SV01::E00,train
2025-02-01 06:00:00,CRM.AGC.SV01,hydraulics_agc_servo,0.151,0.3743,2.1162,0,CRM.AGC.SV01::E00,train
2025-02-01 07:00:00,CRM.AGC.SV01,hydraulics_agc_servo,0.1812,0.3212,1.1805,0,CRM.AGC.SV01::E00,train
2025-02-01 08:00:00,CRM.AGC.SV01,hydraulics_agc_servo,0.2431,0.3444,0.4032,0,CRM.AGC.SV01::E00,train
2025-02-01 09:00:00,CRM.AGC.SV01,hydraulics_agc_servo,0.2827,0.3384,-0.2032,0,CRM.AGC.SV01::E00,train
2025-02-01 10:00:00,CRM.AGC.SV01,hydraulics_agc_servo,0.2697,0.3163,0.3306,0,CRM.AGC.SV01::E00,train
2025-02-01 11:00:00,CRM.AGC.SV01,hydraulics_agc_servo,0.3003,0.328,1.0353,0,CRM.AGC.SV01::E00,train
2025-02-01 12:00:00,CRM.AGC.SV01,hydraulics_agc_servo,0.3221,0.3367,0.1564,0,CRM.AGC.SV01::E00,train
2025-02-01 13:00:00,CRM.AGC.SV01,hydraulics_agc_servo,0.3466,0.3641,1.3239,0,CRM.AGC.SV01::E00,train
2025-02-01 14:00:00,CRM.AGC.SV01,hydraulics_agc_servo,0.3816,0.3183,0.8335,0,CRM.AGC.SV01::E00,train
2025-02-01 15:00:00,CRM.AGC.SV01,hydraulics_agc_servo,0.342,0.3529,0.8501,0,CRM.AGC.SV01::E00,train
2025-02-01 16:00:00,CRM.AGC.SV01,hydraulics_agc_servo,0.2962,0.385,1.9629,0,CRM.AGC.SV01::E00,train
2025-02-01 17:00:00,CRM.AGC.SV01,hydraulics_agc_servo,0.2452,0.3179,2.1022,0,CRM.AGC.SV01::E00,train
2025-02-01 18:00:00,CRM.AGC.SV01,hydraulics_agc_servo,0.2084,0.3222,2.4988,0,CRM.AGC.SV01::E00,train
2025-02-01 19:00:00,CRM.AGC.SV01,hydraulics_agc_servo,0.187,0.3552,1.7747,0,CRM.AGC.SV01::E00,train
2025-02-01 20:00:00,CRM.AGC.SV01,hydraulics_agc_servo,0.1733,0.3912,0.9053,0,CRM.AGC.SV01::E00,train
2025-02-01 21:00:00,CRM.AGC.SV01,hydraulics_agc_servo,0.2126,0.3277,0.0078,0,CRM.AGC.SV01::E00,train
2025-02-01 22:00:00,CRM.AGC.SV01,hydraulics_agc_servo,0.265,0.367,0.0635,0,CRM.AGC.SV01::E00,train
2025-02-01 23:00:00,CRM.AGC.SV01,hydraulics_agc_servo,0.2592,0.338,0.7046,0,CRM.AGC.SV01::E00,train
2025-02-02 00:00:00,CRM.AGC.SV01,hydraulics_agc_servo,0.2664,0.3306,0.1401,0,CRM.AGC.SV01::E00,train
2025-02-02 01:00:00,CRM.AGC.SV01,hydraulics_agc_servo,0.2985,0.3015,-0.1081,0,CRM.AGC.SV01::E00,train
2025-02-02 02:00:00,CRM.AGC.SV01,hydraulics_agc_servo,0.298,0.3216,-0.0289,0,CRM.AGC.SV01::E00,train
2025-02-02 03:00:00,CRM.AGC.SV01,hydraulics_agc_servo,0.2633,0.3507,0.65,0,CRM.AGC.SV01::E00,train
2025-02-02 04:00:00,CRM.AGC.SV01,hydraulics_agc_servo,0.2787,0.3698,-0.0571,0,CRM.AGC.SV01::E00,train
2025-02-02 05:00:00,CRM.AGC.SV01,hydraulics_agc_servo,0.2639,0.3482,-0.1474,0,CRM.AGC.SV01::E00,train
2025-02-02 06:00:00,CRM.AGC.SV01,hydraulics_agc_servo,0.2943,0.3597,0.3881,0,CRM.AGC.SV01::E00,train
2025-02-02 07:00:00,CRM.AGC.SV01,hydraulics_agc_servo,0.3187,0.3689,0.6438,0,CRM.AGC.SV01::E00,train
2025-02-02 08:00:00,CRM.AGC.SV01,hydraulics_agc_servo,0.2715,0.2919,0.6636,0,CRM.AGC.SV01::E00,train
2025-02-02 09:00:00,CRM.AGC.SV01,hydraulics_agc_servo,0.3067,0.3435,1.4086,0,CRM.AGC.SV01::E00,train
2025-02-02 10:00:00,CRM.AGC.SV01,hydraulics_agc_servo,0.3497,0.2814,0.7051,0,CRM.AGC.SV01::E00,train
2025-02-02 11:00:00,CRM.AGC.SV01,hydraulics_agc_servo,0.3145,0.2615,1.0549,0,CRM.AGC.SV01::E00,train
2025-02-02 12:00:00,CRM.AGC.SV01,hydraulics_agc_servo,0.3554,0.2712,1.9019,0,CRM.AGC.SV01::E00,train
2025-02-02 13:00:00,CRM.AGC.SV01,hydraulics_agc_servo,0.3324,0.2651,2.219,0,CRM.AGC.SV01::E00,train
2025-02-02 14:00:00,CRM.AGC.SV01,hydraulics_agc_servo,0.2886,0.2467,2.6591,0,CRM.AGC.SV01::E00,train
2025-02-02 15:00:00,CRM.AGC.SV01,hydraulics_agc_servo,0.3076,0.2581,2.4856,0,CRM.AGC.SV01::E00,train
2025-02-02 16:00:00,CRM.AGC.SV01,hydraulics_agc_servo,0.3048,0.2594,2.1123,0,CRM.AGC.SV01::E00,train
2025-02-02 17:00:00,CRM.AGC.SV01,hydraulics_agc_servo,0.2656,0.3094,1.7504,0,CRM.AGC.SV01::E00,train
2025-02-02 18:00:00,CRM.AGC.SV01,hydraulics_agc_servo,0.2523,0.321,1.5729,0,CRM.AGC.SV01::E00,train
2025-02-02 19:00:00,CRM.AGC.SV01,hydraulics_agc_servo,0.2774,0.3698,2.3361,0,CRM.AGC.SV01::E00,train
2025-02-02 20:00:00,CRM.AGC.SV01,hydraulics_agc_servo,0.2367,0.41,2.8674,0,CRM.AGC.SV01::E00,train
2025-02-02 21:00:00,CRM.AGC.SV01,hydraulics_agc_servo,0.2194,0.4151,2.383,0,CRM.AGC.SV01::E00,train
2025-02-02 22:00:00,CRM.AGC.SV01,hydraulics_agc_servo,0.1993,0.3616,1.2145,0,CRM.AGC.SV01::E00,train
2025-02-02 23:00:00,CRM.AGC.SV01,hydraulics_agc_servo,0.2187,0.3626,0.7366,0,CRM.AGC.SV01::E00,train
2025-02-03 00:00:00,CRM.AGC.SV01,hydraulics_agc_servo,0.2629,0.3705,0.8773,0,CRM.AGC.SV01::E00,train
2025-02-03 01:00:00,CRM.AGC.SV01,hydraulics_agc_servo,0.2774,0.364,2.1564,0,CRM.AGC.SV01::E00,train
2025-02-03 02:00:00,CRM.AGC.SV01,hydraulics_agc_servo,0.2355,0.3545,2.0893,0,CRM.AGC.SV01::E00,train
2025-02-03 03:00:00,CRM.AGC.SV01,hydraulics_agc_servo,0.2328,0.3725,1.5789,0,CRM.AGC.SV01::E00,train
2025-02-03 04:00:00,CRM.AGC.SV01,hydraulics_agc_servo,0.2295,0.3998,0.6063,0,CRM.AGC.SV01::E00,train
2025-02-03 05:00:00,CRM.AGC.SV01,hydraulics_agc_servo,0.2349,0.3431,0.7377,0,CRM.AGC.SV01::E00,train
2025-02-03 06:00:00,CRM.AGC.SV01,hydraulics_agc_servo,0.269,0.3274,1.3316,0,CRM.AGC.SV01::E00,train
2025-02-03 07:00:00,CRM.AGC.SV01,hydraulics_agc_servo,0.2771,0.3081,0.6992,0,CRM.AGC.SV01::E00,train
2025-02-03 08:00:00,CRM.AGC.SV01,hydraulics_agc_servo,0.2642,0.3103,0.0168,0,CRM.AGC.SV01::E00,train
2025-02-03 09:00:00,CRM.AGC.SV01,hydraulics_agc_servo,0.3047,0.3645,-0.7216,0,CRM.AGC.SV01::E00,train
2025-02-03 10:00:00,CRM.AGC.SV01,hydraulics_agc_servo,0.3129,0.3944,-0.7432,0,CRM.AGC.SV01::E00,train
2025-02-03 11:00:00,CRM.AGC.SV01,hydraulics_agc_servo,0.2475,0.2958,-0.4417,0,CRM.AGC.SV01::E00,train
2025-02-03 12:00:00,CRM.AGC.SV01,hydraulics_agc_servo,0.2768,0.2144,0.4034,0,CRM.AGC.SV01::E00,train
2025-02-03 13:00:00,CRM.AGC.SV01,hydraulics_agc_servo,0.3076,0.2085,0.3821,0,CRM.AGC.SV01::E00,train
2025-02-03 14:00:00,CRM.AGC.SV01,hydraulics_agc_servo,0.3055,0.2393,0.0837,0,CRM.AGC.SV01::E00,train
2025-02-03 15:00:00,CRM.AGC.SV01,hydraulics_agc_servo,0.2455,0.2235,0.6315,0,CRM.AGC.SV01::E00,train
2025-02-03 16:00:00,CRM.AGC.SV01,hydraulics_agc_servo,0.2524,0.1342,1.1294,0,CRM.AGC.SV01::E00,train
2025-02-03 17:00:00,CRM.AGC.SV01,hydraulics_agc_servo,0.2815,0.1628,0.7083,0,CRM.AGC.SV01::E00,train
2025-02-03 18:00:00,CRM.AGC.SV01,hydraulics_agc_servo,0.2859,0.1532,1.6288,0,CRM.AGC.SV01::E00,train
2025-02-03 19:00:00,CRM.AGC.SV01,hydraulics_agc_servo,0.2384,0.1508,2.8691,0,CRM.AGC.SV01::E00,train
2025-02-03 20:00:00,CRM.AGC.SV01,hydraulics_agc_servo,0.2683,0.1172,4.2014,0,CRM.AGC.SV01::E00,train
2025-02-03 21:00:00,CRM.AGC.SV01,hydraulics_agc_servo,0.2523,0.1562,4.6749,0,CRM.AGC.SV01::E00,train
2025-02-03 22:00:00,CRM.AGC.SV01,hydraulics_agc_servo,0.2538,0.1784,4.6114,0,CRM.AGC.SV01::E00,train
2025-02-03 23:00:00,CRM.AGC.SV01,hydraulics_agc_servo,0.2694,0.2072,3.9111,0,CRM.AGC.SV01::E00,train
2025-02-04 00:00:00,CRM.AGC.SV01,hydraulics_agc_servo,0.2589,0.2217,4.2163,0,CRM.AGC.SV01::E00,train
2025-02-04 01:00:00,CRM.AGC.SV01,hydraulics_agc_servo,0.3273,0.2229,3.6608,0,CRM.AGC.SV01::E00,train
2025-02-04 02:00:00,CRM.AGC.SV01,hydraulics_agc_servo,0.3418,0.2228,3.8543,0,CRM.AGC.SV01::E00,train
2025-02-04 03:00:00,CRM.AGC.SV01,hydraulics_agc_servo,0.3217,0.2046,3.5406,0,CRM.AGC.SV01::E00,train
2025-02-04 04:00:00,CRM.AGC.SV01,hydraulics_agc_servo,0.3053,0.1553,3.7218,0,CRM.AGC.SV01::E00,train
2025-02-04 05:00:00,CRM.AGC.SV01,hydraulics_agc_servo,0.3194,0.1564,4.697,0,CRM.AGC.SV01::E00,train
2025-02-04 06:00:00,CRM.AGC.SV01,hydraulics_agc_servo,0.3527,0.0931,4.907,0,CRM.AGC.SV01::E00,train
2025-02-04 07:00:00,CRM.AGC.SV01,hydraulics_agc_servo,0.3439,0.0555,5.6071,0,CRM.AGC.SV01::E00,train
2025-02-04 08:00:00,CRM.AGC.SV01,hydraulics_agc_servo,0.3581,0.0554,5.2753,0,CRM.AGC.SV01::E00,train
2025-02-04 09:00:00,CRM.AGC.SV01,hydraulics_agc_servo,0.359,0.02,5.6491,0,CRM.AGC.SV01::E00,train
2025-02-04 10:00:00,CRM.AGC.SV01,hydraulics_agc_servo,0.3505,0.0219,5.9928,0,CRM.AGC.SV01::E00,train
2025-02-04 11:00:00,CRM.AGC.SV01,hydraulics_agc_servo,0.298,0.0255,6.216,0,CRM.AGC.SV01::E00,train
2025-02-04 12:00:00,CRM.AGC.SV01,hydraulics_agc_servo,0.3095,0.0248,5.7095,0,CRM.AGC.SV01::E00,train
2025-02-04 13:00:00,CRM.AGC.SV01,hydraulics_agc_servo,0.2807,-0.0144,4.9048,0,CRM.AGC.SV01::E00,train
2025-02-04 14:00:00,CRM.AGC.SV01,hydraulics_agc_servo,0.2717,-0.0298,4.6619,0,CRM.AGC.SV01::E00,train
2025-02-04 15:00:00,CRM.AGC.SV01,hydraulics_agc_servo,0.3104,0.0027,4.7718,0,CRM.AGC.SV01::E00,train
2025-02-04 16:00:00,CRM.AGC.SV01,hydraulics_agc_servo,0.3026,0.0284,5.1862,0,CRM.AGC.SV01::E00,train
2025-02-04 17:00:00,CRM.AGC.SV01,hydraulics_agc_servo,0.2746,0.0619,5.1145,0,CRM.AGC.SV01::E00,train
2025-02-04 18:00:00,CRM.AGC.SV01,hydraulics_agc_servo,0.2927,0.0967,4.4867,0,CRM.AGC.SV01::E00,train
2025-02-04 19:00:00,CRM.AGC.SV01,hydraulics_agc_servo,0.2694,0.1376,3.6738,0,CRM.AGC.SV01::E00,train
2025-02-04 20:00:00,CRM.AGC.SV01,hydraulics_agc_servo,0.2655,0.1772,3.9694,0,CRM.AGC.SV01::E00,train
2025-02-04 21:00:00,CRM.AGC.SV01,hydraulics_agc_servo,0.2387,0.2161,3.8794,0,CRM.AGC.SV01::E00,train
2025-02-04 22:00:00,CRM.AGC.SV01,hydraulics_agc_servo,0.2731,0.1842,3.844,0,CRM.AGC.SV01::E00,train
2025-02-04 23:00:00,CRM.AGC.SV01,hydraulics_agc_servo,0.3147,0.1623,3.6414,0,CRM.AGC.SV01::E00,train
2025-02-05 00:00:00,CRM.AGC.SV01,hydraulics_agc_servo,0.2984,0.1962,4.1033,0,CRM.AGC.SV01::E00,train
2025-02-05 01:00:00,CRM.AGC.SV01,hydraulics_agc_servo,0.2842,0.2369,4.0006,0,CRM.AGC.SV01::E00,train
2025-02-05 02:00:00,CRM.AGC.SV01,hydraulics_agc_servo,0.2695,0.2416,4.5536,0,CRM.AGC.SV01::E00,train
2025-02-05 03:00:00,CRM.AGC.SV01,hydraulics_agc_servo,0.2903,0.2596,3.6822,0,CRM.AGC.SV01::E00,train
2025-02-05 04:00:00,CRM.AGC.SV01,hydraulics_agc_servo,0.3144,0.3036,3.1176,0,CRM.AGC.SV01::E00,train
2025-02-05 05:00:00,CRM.AGC.SV01,hydraulics_agc_servo,0.345,0.3227,2.625,0,CRM.AGC.SV01::E00,train
2025-02-05 06:00:00,CRM.AGC.SV01,hydraulics_agc_servo,0.3663,0.2882,1.8812,0,CRM.AGC.SV01::E00,train
2025-02-05 07:00:00,CRM.AGC.SV01,hydraulics_agc_servo,0.3798,0.2537,2.6375,0,CRM.AGC.SV01::E00,train
2025-02-05 08:00:00,CRM.AGC.SV01,hydraulics_agc_servo,0.346,0.1967,3.1392,0,CRM.AGC.SV01::E00,train
2025-02-05 09:00:00,CRM.AGC.SV01,hydraulics_agc_servo,0.3711,0.2171,2.8429,0,CRM.AGC.SV01::E00,train
2025-02-05 10:00:00,CRM.AGC.SV01,hydraulics_agc_servo,0.4024,0.2016,3.7081,0,CRM.AGC.SV01::E00,train
2025-02-05 11:00:00,CRM.AGC.SV01,hydraulics_agc_servo,0.3778,0.1742,3.5542,0,CRM.AGC.SV01::E00,train
2025-02-05 12:00:00,CRM.AGC.SV01,hydraulics_agc_servo,0.3484,0.1715,3.5418,0,CRM.AGC.SV01::E00,train
2025-02-05 13:00:00,CRM.AGC.SV01,hydraulics_agc_servo,0.3825,0.1752,4.0231,0,CRM.AGC.SV01::E00,train
2025-02-05 14:00:00,CRM.AGC.SV01,hydraulics_agc_servo,0.3692,0.1646,3.7775,0,CRM.AGC.SV01::E00,train
2025-02-05 15:00:00,CRM.AGC.SV01,hydraulics_agc_servo,0.3705,0.2259,3.2024,0,CRM.AGC.SV01::E00,train
2025-02-05 16:00:00,CRM.AGC.SV01,hydraulics_agc_servo,0.3551,0.1961,3.3656,0,CRM.AGC.SV01::E00,train
2025-02-05 17:00:00,CRM.AGC.SV01,hydraulics_agc_servo,0.3403,0.218,2.3174,0,CRM.AGC.SV01::E00,train
2025-02-05 18:00:00,CRM.AGC.SV01,hydraulics_agc_servo,0.3755,0.213,2.3675,0,CRM.AGC.SV01::E00,train
2025-02-05 19:00:00,CRM.AGC.SV01,hydraulics_agc_servo,0.3911,0.2073,1.8395,0,CRM.AGC.SV01::E00,train
2025-02-05 20:00:00,CRM.AGC.SV01,hydraulics_agc_servo,0.3741,0.1859,2.2807,0,CRM.AGC.SV01::E00,train
2025-02-05 21:00:00,CRM.AGC.SV01,hydraulics_agc_servo,0.3723,0.1662,1.8989,0,CRM.AGC.SV01::E00,train
2025-02-05 22:00:00,CRM.AGC.SV01,hydraulics_agc_servo,0.4041,0.1622,1.4833,0,CRM.AGC.SV01::E00,train
2025-02-05 23:00:00,CRM.AGC.SV01,hydraulics_agc_servo,0.3791,0.1756,2.1229,0,CRM.AGC.SV01::E00,train
2025-02-06 00:00:00,CRM.AGC.SV01,hydraulics_agc_servo,0.3787,0.1944,2.9942,0,CRM.AGC.SV01::E00,train
2025-02-06 01:00:00,CRM.AGC.SV01,hydraulics_agc_servo,0.3548,0.2112,3.3627,0,CRM.AGC.SV01::E00,train
2025-02-06 02:00:00,CRM.AGC.SV01,hydraulics_agc_servo,0.3679,0.2113,2.9046,0,CRM.AGC.SV01::E00,train
2025-02-06 03:00:00,CRM.AGC.SV01,hydraulics_agc_servo,0.3509,0.2241,3.8075,0,CRM.AGC.SV01::E00,train
2025-02-06 04:00:00,CRM.AGC.SV01,hydraulics_agc_servo,0.3563,0.2187,4.0258,0,CRM.AGC.SV01::E00,train
2025-02-06 05:00:00,CRM.AGC.SV01,hydraulics_agc_servo,0.3781,0.1758,3.7405,0,CRM.AGC.SV01::E00,train
2025-02-06 06:00:00,CRM.AGC.SV01,hydraulics_agc_servo,0.4406,0.228,4.404,0,CRM.AGC.SV01::E00,train
2025-02-06 07:00:00,CRM.AGC.SV01,hydraulics_agc_servo,0.4473,0.183,4.4035,0,CRM.AGC.SV01::E00,train
2025-02-06 08:00:00,CRM.AGC.SV01,hydraulics_agc_servo,0.4198,0.2713,4.7825,0,CRM.AGC.SV01::E00,train
2025-02-06 09:00:00,CRM.AGC.SV01,hydraulics_agc_servo,0.4182,0.2361,4.6992,0,CRM.AGC.SV01::E00,train
2025-02-06 10:00:00,CRM.AGC.SV01,hydraulics_agc_servo,0.4521,0.1677,5.7467,0,CRM.AGC.SV01::E00,train
2025-02-06 11:00:00,CRM.AGC.SV01,hydraulics_agc_servo,0.4118,0.1681,5.8189,0,CRM.AGC.SV01::E00,train
2025-02-06 12:00:00,CRM.AGC.SV01,hydraulics_agc_servo,0.4123,0.1754,6.0854,0,CRM.AGC.SV01::E00,train
2025-02-06 13:00:00,CRM.AGC.SV01,hydraulics_agc_servo,0.3711,0.2201,5.8856,0,CRM.AGC.SV01::E00,train
2025-02-06 14:00:00,CRM.AGC.SV01,hydraulics_agc_servo,0.3648,0.218,6.2991,0,CRM.AGC.SV01::E00,train
2025-02-06 15:00:00,CRM.AGC.SV01,hydraulics_agc_servo,0.3664,0.2104,5.546,0,CRM.AGC.SV01::E00,train
2025-02-06 16:00:00,CRM.AGC.SV01,hydraulics_agc_servo,0.3296,0.2407,4.8743,0,CRM.AGC.SV01::E00,train
2025-02-06 17:00:00,CRM.AGC.SV01,hydraulics_agc_servo,0.3167,0.24,4.0713,0,CRM.AGC.SV01::E00,train
2025-02-06 18:00:00,CRM.AGC.SV01,hydraulics_agc_servo,0.2863,0.2706,5.4901,0,CRM.AGC.SV01::E00,train
2025-02-06 19:00:00,CRM.AGC.SV01,hydraulics_agc_servo,0.3239,0.3151,5.311,0,CRM.AGC.SV01::E00,train
2025-02-06 20:00:00,CRM.AGC.SV01,hydraulics_agc_servo,0.3471,0.2552,5.2032,0,CRM.AGC.SV01::E00,train
2025-02-06 21:00:00,CRM.AGC.SV01,hydraulics_agc_servo,0.3744,0.2674,4.2528,0,CRM.AGC.SV01::E00,train
2025-02-06 22:00:00,CRM.AGC.SV01,hydraulics_agc_servo,0.3682,0.2428,4.3938,0,CRM.AGC.SV01::E00,train
2025-02-06 23:00:00,CRM.AGC.SV01,hydraulics_agc_servo,0.3759,0.2375,4.4337,0,CRM.AGC.SV01::E00,train
2025-02-07 00:00:00,CRM.AGC.SV01,hydraulics_agc_servo,0.3651,0.192,4.6446,0,CRM.AGC.SV01::E00,train
2025-02-07 01:00:00,CRM.AGC.SV01,hydraulics_agc_servo,0.3869,0.1909,5.3142,0,CRM.AGC.SV01::E00,train
2025-02-07 02:00:00,CRM.AGC.SV01,hydraulics_agc_servo,0.4368,0.2437,4.4524,0,CRM.AGC.SV01::E00,train
2025-02-07 03:00:00,CRM.AGC.SV01,hydraulics_agc_servo,0.4107,0.2264,3.8958,0,CRM.AGC.SV01::E00,train
2025-02-07 04:00:00,CRM.AGC.SV01,hydraulics_agc_servo,0.4054,0.2181,3.4433,0,CRM.AGC.SV01::E00,train
2025-02-07 05:00:00,CRM.AGC.SV01,hydraulics_agc_servo,0.3792,0.238,3.4926,0,CRM.AGC.SV01::E00,train
2025-02-07 06:00:00,CRM.AGC.SV01,hydraulics_agc_servo,0.3974,0.2173,4.0013,0,CRM.AGC.SV01::E00,train
2025-02-07 07:00:00,CRM.AGC.SV01,hydraulics_agc_servo,0.3845,0.2372,3.0469,0,CRM.AGC.SV01::E00,train
2025-02-07 08:00:00,CRM.AGC.SV01,hydraulics_agc_servo,0.3705,0.2816,3.2153,0,CRM.AGC.SV01::E00,train
2025-02-07 09:00:00,CRM.AGC.SV01,hydraulics_agc_servo,0.342,0.3205,3.437,0,CRM.AGC.SV01::E00,train
2025-02-07 10:00:00,CRM.AGC.SV01,hydraulics_agc_servo,0.3133,0.2756,2.9801,0,CRM.AGC.SV01::E00,train
2025-02-07 11:00:00,CRM.AGC.SV01,hydraulics_agc_servo,0.3695,0.1976,4.1655,0,CRM.AGC.SV01::E00,train
2025-02-07 12:00:00,CRM.AGC.SV01,hydraulics_agc_servo,0.4008,0.2098,3.6371,0,CRM.AGC.SV01::E00,train
2025-02-07 13:00:00,CRM.AGC.SV01,hydraulics_agc_servo,0.3992,0.2181,3.725,0,CRM.AGC.SV01::E00,train
2025-02-07 14:00:00,CRM.AGC.SV01,hydraulics_agc_servo,0.4176,0.2213,3.8425,0,CRM.AGC.SV01::E00,train
2025-02-07 15:00:00,CRM.AGC.SV01,hydraulics_agc_servo,0.3516,0.2026,2.6578,0,CRM.AGC.SV01::E00,train
2025-02-07 16:00:00,CRM.AGC.SV01,hydraulics_agc_servo,0.3549,0.1956,2.188,0,CRM.AGC.SV01::E00,train
2025-02-07 17:00:00,CRM.AGC.SV01,hydraulics_agc_servo,0.3115,0.2123,2.4428,0,CRM.AGC.SV01::E00,train
2025-02-07 18:00:00,CRM.AGC.SV01,hydraulics_agc_servo,0.305,0.2231,2.6359,0,CRM.AGC.SV01::E00,train
2025-02-07 19:00:00,CRM.AGC.SV01,hydraulics_agc_servo,0.2458,0.2627,3.0476,0,CRM.AGC.SV01::E00,train
2025-02-07 20:00:00,CRM.AGC.SV01,hydraulics_agc_servo,0.2442,0.2339,3.2078,0,CRM.AGC.SV01::E00,train
2025-02-07 21:00:00,CRM.AGC.SV01,hydraulics_agc_servo,0.2461,0.2135,1.8014,0,CRM.AGC.SV01::E00,train
2025-02-07 22:00:00,CRM.AGC.SV01,hydraulics_agc_servo,0.229,0.1719,1.3675,0,CRM.AGC.SV01::E00,train
2025-02-07 23:00:00,CRM.AGC.SV01,hydraulics_agc_servo,0.2154,0.2111,1.4981,0,CRM.AGC.SV01::E00,train
2025-02-08 00:00:00,CRM.AGC.SV01,hydraulics_agc_servo,0.2823,0.2103,1.3846,0,CRM.AGC.SV01::E00,train
2025-02-08 01:00:00,CRM.AGC.SV01,hydraulics_agc_servo,0.3119,0.145,2.5735,0,CRM.AGC.SV01::E00,train
2025-02-08 02:00:00,CRM.AGC.SV01,hydraulics_agc_servo,0.255,0.1795,3.7421,0,CRM.AGC.SV01::E00,train
2025-02-08 03:00:00,CRM.AGC.SV01,hydraulics_agc_servo,0.2736,0.2145,3.6142,0,CRM.AGC.SV01::E00,train
2025-02-08 04:00:00,CRM.AGC.SV01,hydraulics_agc_servo,0.2518,0.2452,3.9813,0,CRM.AGC.SV01::E00,train
2025-02-08 05:00:00,CRM.AGC.SV01,hydraulics_agc_servo,0.2016,0.2687,4.5734,0,CRM.AGC.SV01::E00,train
2025-02-08 06:00:00,CRM.AGC.SV01,hydraulics_agc_servo,0.217,0.3189,3.8413,1,CRM.AGC.SV01::E00,train
2025-02-08 07:00:00,CRM.AGC.SV01,hydraulics_agc_servo,0.1869,0.3175,4.2688,0,CRM.AGC.SV01::E00,train
2025-02-08 08:00:00,CRM.AGC.SV01,hydraulics_agc_servo,0.1672,0.303,4.8152,0,CRM.AGC.SV01::E00,train
2025-02-08 09:00:00,CRM.AGC.SV01,hydraulics_agc_servo,0.1283,0.2292,5.2197,0,CRM.AGC.SV01::E00,train
2025-02-08 10:00:00,CRM.AGC.SV01,hydraulics_agc_servo,0.1734,0.2447,5.065,0,CRM.AGC.SV01::E00,train
2025-02-08 11:00:00,CRM.AGC.SV01,hydraulics_agc_servo,0.1404,0.2303,5.4211,0,CRM.AGC.SV01::E00,train
2025-02-08 12:00:00,CRM.AGC.SV01,hydraulics_agc_servo,0.1881,0.3029,5.5802,0,CRM.AGC.SV01::E00,train
2025-02-08 13:00:00,CRM.AGC.SV01,hydraulics_agc_servo,0.226,0.2739,5.5943,0,CRM.AGC.SV01::E00,train
2025-02-08 14:00:00,CRM.AGC.SV01,hydraulics_agc_servo,0.2608,0.2315,5.5065,0,CRM.AGC.SV01::E00,train
2025-02-08 15:00:00,CRM.AGC.SV01,hydraulics_agc_servo,0.2573,0.1964,5.7228,0,CRM.AGC.SV01::E00,train
2025-02-08 16:00:00,CRM.AGC.SV01,hydraulics_agc_servo,0.2713,0.2053,6.7523,0,CRM.AGC.SV01::E00,train
2025-02-08 17:00:00,CRM.AGC.SV01,hydraulics_agc_servo,0.2643,0.2131,7.2266,0,CRM.AGC.SV01::E00,train
2025-02-08 18:00:00,CRM.AGC.SV01,hydraulics_agc_servo,0.2484,0.2038,7.3176,0,CRM.AGC.SV01::E00,train
2025-02-08 19:00:00,CRM.AGC.SV01,hydraulics_agc_servo,0.2803,0.3064,6.8555,1,CRM.AGC.SV01::E00,train
2025-02-08 20:00:00,CRM.AGC.SV01,hydraulics_agc_servo,0.2725,0.3367,7.2626,0,CRM.AGC.SV01::E00,train
2025-02-08 21:00:00,CRM.AGC.SV01,hydraulics_agc_servo,0.2821,0.3367,7.6965,1,CRM.AGC.SV01::E00,train
2025-02-08 22:00:00,CRM.AGC.SV01,hydraulics_agc_servo,0.244,0.3162,7.3523,0,CRM.AGC.SV01::E00,train
2025-02-08 23:00:00,CRM.AGC.SV01,hydraulics_agc_servo,0.2087,0.3492,7.3168,1,CRM.AGC.SV01::E00,train
2025-02-09 00:00:00,CRM.AGC.SV01,hydraulics_agc_servo,0.1935,0.325,7.5058,0,CRM.AGC.SV01::E00,train
2025-02-09 01:00:00,CRM.AGC.SV01,hydraulics_agc_servo,0.2182,0.3034,6.3189,1,CRM.AGC.SV01::E00,train
2025-02-09 02:00:00,CRM.AGC.SV01,hydraulics_agc_servo,0.205,0.3183,5.5122,1,CRM.AGC.SV01::E00,train
2025-02-09 03:00:00,CRM.AGC.SV01,hydraulics_agc_servo,0.1418,0.2656,5.5244,1,CRM.AGC.SV01::E00,train
2025-02-09 04:00:00,CRM.AGC.SV01,hydraulics_agc_servo,0.1523,0.1872,4.7277,0,CRM.AGC.SV01::E00,train
2025-02-09 05:00:00,CRM.AGC.SV01,hydraulics_agc_servo,0.2059,0.1648,5.4267,0,CRM.AGC.SV01::E00,train
2025-02-09 06:00:00,CRM.AGC.SV01,hydraulics_agc_servo,0.2209,0.2546,6.3436,1,CRM.AGC.SV01::E00,train
2025-02-09 07:00:00,CRM.AGC.SV01,hydraulics_agc_servo,0.2623,0.2318,6.0731,1,CRM.AGC.SV01::E00,train
2025-02-09 08:00:00,CRM.AGC.SV01,hydraulics_agc_servo,0.2543,0.251,6.3132,1,CRM.AGC.SV01::E00,train
2025-02-09 09:00:00,CRM.AGC.SV01,hydraulics_agc_servo,0.2192,0.2411,6.9419,1,CRM.AGC.SV01::E00,train
2025-02-09 10:00:00,CRM.AGC.SV01,hydraulics_agc_servo,0.1954,0.2943,6.9393,0,CRM.AGC.SV01::E00,train
2025-02-09 11:00:00,CRM.AGC.SV01,hydraulics_agc_servo,0.2033,0.3057,6.6703,0,CRM.AGC.SV01::E00,train
2025-02-09 12:00:00,CRM.AGC.SV01,hydraulics_agc_servo,0.1774,0.3671,6.6997,1,CRM.AGC.SV01::E00,train
2025-02-09 13:00:00,CRM.AGC.SV01,hydraulics_agc_servo,0.1863,0.3605,6.9858,1,CRM.AGC.SV01::E00,train
2025-02-09 14:00:00,CRM.AGC.SV01,hydraulics_agc_servo,0.1682,0.4279,6.5785,0,CRM.AGC.SV01::E00,train
2025-02-09 15:00:00,CRM.AGC.SV01,hydraulics_agc_servo,0.1777,0.3744,6.8729,0,CRM.AGC.SV01::E00,train
2025-02-09 16:00:00,CRM.AGC.SV01,hydraulics_agc_servo,0.1494,0.4057,6.2218,1,CRM.AGC.SV01::E00,train
2025-02-09 17:00:00,CRM.AGC.SV01,hydraulics_agc_servo,0.1324,0.3682,6.1121,1,CRM.AGC.SV01::E00,train
2025-02-09 18:00:00,CRM.AGC.SV01,hydraulics_agc_servo,0.115,0.3061,6.2425,0,CRM.AGC.SV01::E00,train
2025-02-09 19:00:00,CRM.AGC.SV01,hydraulics_agc_servo,0.13,0.2809,5.2197,1,CRM.AGC.SV01::E00,train
2025-02-09 20:00:00,CRM.AGC.SV01,hydraulics_agc_servo,0.14,0.2498,4.552,1,CRM.AGC.SV01::E00,train
2025-02-09 21:00:00,CRM.AGC.SV01,hydraulics_agc_servo,0.1583,0.2974,4.6909,0,CRM.AGC.SV01::E00,train
2025-02-09 22:00:00,CRM.AGC.SV01,hydraulics_agc_servo,0.2012,0.2825,4.062,1,CRM.AGC.SV01::E00,train
2025-02-09 23:00:00,CRM.AGC.SV01,hydraulics_agc_servo,0.2102,0.2334,3.9637,0,CRM.AGC.SV01::E00,train
2025-02-10 00:00:00,CRM.AGC.SV01,hydraulics_agc_servo,0.1571,0.1936,4.8725,1,CRM.AGC.SV01::E00,train
2025-02-10 01:00:00,CRM.AGC.SV01,hydraulics_agc_servo,0.1534,0.0943,4.0879,0,CRM.AGC.SV01::E00,train
2025-02-10 02:00:00,CRM.AGC.SV01,hydraulics_agc_servo,0.1302,0.1307,3.8302,0,CRM.AGC.SV01::E00,train
2025-02-10 03:00:00,CRM.AGC.SV01,hydraulics_agc_servo,0.1404,0.1425,4.4778,1,CRM.AGC.SV01::E00,train
2025-02-10 04:00:00,CRM.AGC.SV01,hydraulics_agc_servo,0.131,0.1747,3.9121,0,CRM.AGC.SV01::E00,train
2025-02-10 05:00:00,CRM.AGC.SV01,hydraulics_agc_servo,0.1223,0.1668,3.5551,0,CRM.AGC.SV01::E00,train
2025-02-10 06:00:00,CRM.AGC.SV01,hydraulics_agc_servo,0.0904,0.2046,4.6325,1,CRM.AGC.SV01::E00,train
2025-02-10 07:00:00,CRM.AGC.SV01,hydraulics_agc_servo,0.1176,0.2846,5.2984,1,CRM.AGC.SV01::E00,train
2025-02-10 08:00:00,CRM.AGC.SV01,hydraulics_agc_servo,0.1018,0.2387,4.976,1,CRM.AGC.SV01::E00,train
2025-02-10 09:00:00,CRM.AGC.SV01,hydraulics_agc_servo,0.0482,0.2504,5.1813,1,CRM.AGC.SV01::E00,train
2025-02-10 10:00:00,CRM.AGC.SV01,hydraulics_agc_servo,0.0511,0.2152,6.4002,1,CRM.AGC.SV01::E00,train
2025-02-10 11:00:00,CRM.AGC.SV01,hydraulics_agc_servo,0.0414,0.1947,5.8707,0,CRM.AGC.SV01::E00,train
2025-02-10 12:00:00,CRM.AGC.SV01,hydraulics_agc_servo,0.0472,0.2033,6.4043,1,CRM.AGC.SV01::E00,train
2025-02-10 13:00:00,CRM.AGC.SV01,hydraulics_agc_servo,0.068,0.1588,5.7269,1,CRM.AGC.SV01::E00,train
2025-02-10 14:00:00,CRM.AGC.SV01,hydraulics_agc_servo,0.0613,0.1632,5.0329,0,CRM.AGC.SV01::E00,train
2025-02-10 15:00:00,CRM.AGC.SV01,hydraulics_agc_servo,0.0833,0.1563,5.8742,1,CRM.AGC.SV01::E00,train
2025-02-10 16:00:00,CRM.AGC.SV01,hydraulics_agc_servo,0.0795,0.1932,5.4307,1,CRM.AGC.SV01::E00,train
2025-02-10 17:00:00,CRM.AGC.SV01,hydraulics_agc_servo,0.1541,0.2056,6.0776,1,CRM.AGC.SV01::E00,train
2025-02-10 18:00:00,CRM.AGC.SV01,hydraulics_agc_servo,0.2007,0.1803,6.3539,0,CRM.AGC.SV01::E00,train
2025-02-10 19:00:00,CRM.AGC.SV01,hydraulics_agc_servo,0.244,0.2443,7.1287,1,CRM.AGC.SV01::E00,train
2025-02-10 20:00:00,CRM.AGC.SV01,hydraulics_agc_servo,0.1781,0.2665,7.2212,1,CRM.AGC.SV01::E00,train
2025-02-10 21:00:00,CRM.AGC.SV01,hydraulics_agc_servo,0.1885,0.2309,6.5751,1,CRM.AGC.SV01::E00,train
2025-02-10 22:00:00,CRM.AGC.SV01,hydraulics_agc_servo,0.2051,0.2239,7.0275,1,CRM.AGC.SV01::E00,train
2025-02-10 23:00:00,CRM.AGC.SV01,hydraulics_agc_servo,0.2306,0.2301,5.754,1,CRM.AGC.SV01::E00,train
2025-02-11 00:00:00,CRM.AGC.SV01,hydraulics_agc_servo,0.2352,0.2096,6.7031,1,CRM.AGC.SV01::E00,train
2025-02-11 01:00:00,CRM.AGC.SV01,hydraulics_agc_servo,0.2045,0.1718,6.8446,0,CRM.AGC.SV01::E00,train
2025-02-11 02:00:00,CRM.AGC.SV01,hydraulics_agc_servo,0.2077,0.1512,8.3703,1,CRM.AGC.SV01::E00,train
2025-02-11 03:00:00,CRM.AGC.SV01,hydraulics_agc_servo,0.2231,0.1406,8.5596,0,CRM.AGC.SV01::E00,train
2025-02-11 04:00:00,CRM.AGC.SV01,hydraulics_agc_servo,0.2195,0.2067,8.7297,1,CRM.AGC.SV01::E00,train
2025-02-11 05:00:00,CRM.AGC.SV01,hydraulics_agc_servo,0.2385,0.1963,9.3788,1,CRM.AGC.SV01::E00,train
2025-02-11 06:00:00,CRM.AGC.SV01,hydraulics_agc_servo,0.2555,0.2137,9.3322,1,CRM.AGC.SV01::E00,train
2025-02-11 07:00:00,CRM.AGC.SV01,hydraulics_agc_servo,0.1914,0.2227,9.9727,1,CRM.AGC.SV01::E00,train
2025-02-11 08:00:00,CRM.AGC.SV01,hydraulics_agc_servo,0.2024,0.2723,9.4904,1,CRM.AGC.SV01::E00,train
2025-02-11 09:00:00,CRM.AGC.SV01,hydraulics_agc_servo,0.1648,0.3204,10.2084,1,CRM.AGC.SV01::E00,train
2025-02-11 10:00:00,CRM.AGC.SV01,hydraulics_agc_servo,0.0941,0.3258,9.732,1,CRM.AGC.SV01::E00,train
2025-02-11 11:00:00,CRM.AGC.SV01,hydraulics_agc_servo,0.0871,0.2926,10.09,1,CRM.AGC.SV01::E00,train
2025-02-11 12:00:00,CRM.AGC.SV01,hydraulics_agc_servo,0.0821,0.3537,10.2571,1,CRM.AGC.SV01::E00,train
2025-02-11 13:00:00,CRM.AGC.SV01,hydraulics_agc_servo,0.0494,0.3437,10.8571,1,CRM.AGC.SV01::E00,train
2025-02-11 14:00:00,CRM.AGC.SV01,hydraulics_agc_servo,0.0036,0.2444,10.5304,1,CRM.AGC.SV01::E00,train
2025-02-11 15:00:00,CRM.AGC.SV01,hydraulics_agc_servo,0.0404,0.1865,10.9204,1,CRM.AGC.SV01::E00,train
2025-02-11 16:00:00,CRM.AGC.SV01,hydraulics_agc_servo,0.0741,0.2201,10.6446,1,CRM.AGC.SV01::E00,train
2025-02-11 17:00:00,CRM.AGC.SV01,hydraulics_agc_servo,0.1574,0.2203,11.6143,1,CRM.AGC.SV01::E00,train
2025-02-11 18:00:00,CRM.AGC.SV01,hydraulics_agc_servo,0.1579,0.1991,11.6896,1,CRM.AGC.SV01::E00,train
2025-02-11 19:00:00,CRM.AGC.SV01,hydraulics_agc_servo,0.1499,0.2254,12.0077,1,CRM.AGC.SV01::E00,train
2025-02-11 20:00:00,CRM.AGC.SV01,hydraulics_agc_servo,0.1539,0.2835,13.0034,1,CRM.AGC.SV01::E00,train
2025-02-11 21:00:00,CRM.AGC.SV01,hydraulics_agc_servo,0.1977,0.2381,13.5578,1,CRM.AGC.SV01::E00,train
2025-02-11 22:00:00,CRM.AGC.SV01,hydraulics_agc_servo,0.2329,0.2094,13.4026,0,CRM.AGC.SV01::E00,train
2025-02-11 23:00:00,CRM.AGC.SV01,hydraulics_agc_servo,0.2096,0.2516,12.7876,1,CRM.AGC.SV01::E00,train
2025-02-12 00:00:00,CRM.AGC.SV01,hydraulics_agc_servo,0.1755,0.2848,13.1252,1,CRM.AGC.SV01::E00,train
2025-02-12 01:00:00,CRM.AGC.SV01,hydraulics_agc_servo,0.2192,0.2746,13.7123,1,CRM.AGC.SV01::E00,train
2025-02-12 02:00:00,CRM.AGC.SV01,hydraulics_agc_servo,0.2219,0.2327,12.6588,1,CRM.AGC.SV01::E00,train
2025-02-12 03:00:00,CRM.AGC.SV01,hydraulics_agc_servo,0.2748,0.2288,12.0553,1,CRM.AGC.SV01::E00,train
2025-02-12 04:00:00,CRM.AGC.SV01,hydraulics_agc_servo,0.2842,0.1922,10.9567,1,CRM.AGC.SV01::E00,train
2025-02-12 05:00:00,CRM.AGC.SV01,hydraulics_agc_servo,0.2827,0.1427,13.033,2,CRM.AGC.SV01::E00,train
2025-02-12 06:00:00,CRM.AGC.SV01,hydraulics_agc_servo,0.2459,0.131,12.6508,1,CRM.AGC.SV01::E00,train
2025-02-12 07:00:00,CRM.AGC.SV01,hydraulics_agc_servo,0.2583,0.1326,12.1611,1,CRM.AGC.SV01::E00,train
2025-02-12 08:00:00,CRM.AGC.SV01,hydraulics_agc_servo,0.2978,0.1148,11.4212,1,CRM.AGC.SV01::E00,train
2025-02-12 09:00:00,CRM.AGC.SV01,hydraulics_agc_servo,0.3111,0.1056,11.2916,1,CRM.AGC.SV01::E00,train
2025-02-12 10:00:00,CRM.AGC.SV01,hydraulics_agc_servo,0.3533,0.0655,11.687,1,CRM.AGC.SV01::E00,train
2025-02-12 11:00:00,CRM.AGC.SV01,hydraulics_agc_servo,0.3335,0.0456,11.1037,1,CRM.AGC.SV01::E00,train
2025-02-12 12:00:00,CRM.AGC.SV01,hydraulics_agc_servo,0.3366,0.0612,10.9433,1,CRM.AGC.SV01::E00,train
2025-02-12 13:00:00,CRM.AGC.SV01,hydraulics_agc_servo,0.2837,0.1239,12.058,1,CRM.AGC.SV01::E00,train
2025-02-12 14:00:00,CRM.AGC.SV01,hydraulics_agc_servo,0.2151,0.1296,12.4787,1,CRM.AGC.SV01::E00,train
2025-02-12 15:00:00,CRM.AGC.SV01,hydraulics_agc_servo,0.2351,0.1623,13.1432,1,CRM.AGC.SV01::E00,train
2025-02-12 16:00:00,CRM.AGC.SV01,hydraulics_agc_servo,0.2787,0.2004,13.8707,2,CRM.AGC.SV01::E00,train
2025-02-12 17:00:00,CRM.AGC.SV01,hydraulics_agc_servo,0.3054,0.2277,13.4901,1,CRM.AGC.SV01::E00,train
2025-02-12 18:00:00,CRM.AGC.SV01,hydraulics_agc_servo,0.2466,0.1744,12.3051,1,CRM.AGC.SV01::E00,train
2025-02-12 19:00:00,CRM.AGC.SV01,hydraulics_agc_servo,0.1991,0.1424,13.2966,1,CRM.AGC.SV01::E00,train
2025-02-12 20:00:00,CRM.AGC.SV01,hydraulics_agc_servo,0.199,0.1702,12.8763,1,CRM.AGC.SV01::E00,train
2025-02-12 21:00:00,CRM.AGC.SV01,hydraulics_agc_servo,0.2085,0.244,13.3194,2,CRM.AGC.SV01::E00,train
2025-02-12 22:00:00,CRM.AGC.SV01,hydraulics_agc_servo,0.2641,0.2453,12.4839,1,CRM.AGC.SV01::E00,train
2025-02-12 23:00:00,CRM.AGC.SV01,hydraulics_agc_servo,0.2289,0.2901,12.6289,1,CRM.AGC.SV01::E00,train
2025-02-13 00:00:00,CRM.AGC.SV01,hydraulics_agc_servo,0.22,0.3662,13.1941,1,CRM.AGC.SV01::E00,train
2025-02-13 01:00:00,CRM.AGC.SV01,hydraulics_agc_servo,0.2209,0.3968,13.5636,1,CRM.AGC.SV01::E00,train
2025-02-13 02:00:00,CRM.AGC.SV01,hydraulics_agc_servo,0.236,0.3734,13.2949,2,CRM.AGC.SV01::E00,train
2025-02-13 03:00:00,CRM.AGC.SV01,hydraulics_agc_servo,0.2025,0.3193,13.1931,1,CRM.AGC.SV01::E00,train
2025-02-13 04:00:00,CRM.AGC.SV01,hydraulics_agc_servo,0.1859,0.2851,12.7755,1,CRM.AGC.SV01::E00,train
2025-02-13 05:00:00,CRM.AGC.SV01,hydraulics_agc_servo,0.1376,0.279,13.5567,1,CRM.AGC.SV01::E00,train
2025-02-13 06:00:00,CRM.AGC.SV01,hydraulics_agc_servo,0.1241,0.265,13.9464,1,CRM.AGC.SV01::E00,train
2025-02-13 07:00:00,CRM.AGC.SV01,hydraulics_agc_servo,0.1067,0.2497,14.755,1,CRM.AGC.SV01::E00,train
2025-02-13 08:00:00,CRM.AGC.SV01,hydraulics_agc_servo,0.1059,0.2213,15.6154,1,CRM.AGC.SV01::E00,train
2025-02-13 09:00:00,CRM.AGC.SV01,hydraulics_agc_servo,0.1321,0.2175,15.4619,1,CRM.AGC.SV01::E00,train
2025-02-13 10:00:00,CRM.AGC.SV01,hydraulics_agc_servo,0.1405,0.2557,16.0525,1,CRM.AGC.SV01::E00,train
2025-02-13 11:00:00,CRM.AGC.SV01,hydraulics_agc_servo,0.1678,0.294,15.4449,1,CRM.AGC.SV01::E00,train
2025-02-13 12:00:00,CRM.AGC.SV01,hydraulics_agc_servo,0.1835,0.2917,14.3172,2,CRM.AGC.SV01::E00,train
2025-02-13 13:00:00,CRM.AGC.SV01,hydraulics_agc_servo,0.1662,0.2458,14.5962,1,CRM.AGC.SV01::E00,train
2025-02-13 14:00:00,CRM.AGC.SV01,hydraulics_agc_servo,0.1208,0.2143,14.6665,1,CRM.AGC.SV01::E00,train
2025-02-13 15:00:00,CRM.AGC.SV01,hydraulics_agc_servo,0.1352,0.3067,14.5284,1,CRM.AGC.SV01::E00,train
2025-02-13 16:00:00,CRM.AGC.SV01,hydraulics_agc_servo,0.1039,0.2689,14.803,1,CRM.AGC.SV01::E00,train
2025-02-13 17:00:00,CRM.AGC.SV01,hydraulics_agc_servo,0.0697,0.2686,15.0622,1,CRM.AGC.SV01::E00,train
2025-02-13 18:00:00,CRM.AGC.SV01,hydraulics_agc_servo,0.1027,0.2714,16.1187,1,CRM.AGC.SV01::E00,train
2025-02-13 19:00:00,CRM.AGC.SV01,hydraulics_agc_servo,0.0786,0.3152,16.0029,1,CRM.AGC.SV01::E00,train
2025-02-13 20:00:00,CRM.AGC.SV01,hydraulics_agc_servo,0.0533,0.2779,16.091,1,CRM.AGC.SV01::E00,train
2025-02-13 21:00:00,CRM.AGC.SV01,hydraulics_agc_servo,0.0915,0.2909,15.6888,1,CRM.AGC.SV01::E00,train
2025-02-13 22:00:00,CRM.AGC.SV01,hydraulics_agc_servo,0.1387,0.2541,16.097,1,CRM.AGC.SV01::E00,train
2025-02-13 23:00:00,CRM.AGC.SV01,hydraulics_agc_servo,0.1581,0.255,16.1021,1,CRM.AGC.SV01::E00,train
2025-02-14 00:00:00,CRM.AGC.SV01,hydraulics_agc_servo,0.1527,0.2577,16.0203,2,CRM.AGC.SV01::E00,train
2025-02-14 01:00:00,CRM.AGC.SV01,hydraulics_agc_servo,0.1335,0.3288,16.4548,1,CRM.AGC.SV01::E00,train
2025-02-14 02:00:00,CRM.AGC.SV01,hydraulics_agc_servo,0.1554,0.3799,16.7301,1,CRM.AGC.SV01::E00,train
2025-02-14 03:00:00,CRM.AGC.SV01,hydraulics_agc_servo,0.0871,0.3358,17.639,2,CRM.AGC.SV01::E00,train
2025-02-14 04:00:00,CRM.AGC.SV01,hydraulics_agc_servo,0.0305,0.3383,18.0723,1,CRM.AGC.SV01::E00,train
2025-02-14 05:00:00,CRM.AGC.SV01,hydraulics_agc_servo,0.0662,0.3331,18.7926,2,CRM.AGC.SV01::E00,train
2025-02-14 06:00:00,CRM.AGC.SV01,hydraulics_agc_servo,0.0305,0.3141,20.1583,1,CRM.AGC.SV01::E00,train
2025-02-14 07:00:00,CRM.AGC.SV01,hydraulics_agc_servo,0.0762,0.3288,19.7621,1,CRM.AGC.SV01::E00,train
2025-02-14 08:00:00,CRM.AGC.SV01,hydraulics_agc_servo,0.0561,0.3386,19.5155,1,CRM.AGC.SV01::E00,train
2025-02-14 09:00:00,CRM.AGC.SV01,hydraulics_agc_servo,0.111,0.3204,19.6002,1,CRM.AGC.SV01::E00,train
2025-02-14 10:00:00,CRM.AGC.SV01,hydraulics_agc_servo,0.1598,0.3534,19.2273,1,CRM.AGC.SV01::E00,train
2025-02-14 11:00:00,CRM.AGC.SV01,hydraulics_agc_servo,0.1499,0.3091,19.8503,1,CRM.AGC.SV01::E00,train
2025-02-14 12:00:00,CRM.AGC.SV01,hydraulics_agc_servo,0.1857,0.2772,19.5751,1,CRM.AGC.SV01::E00,train
2025-02-14 13:00:00,CRM.AGC.SV01,hydraulics_agc_servo,0.151,0.3027,19.0753,1,CRM.AGC.SV01::E00,train
2025-02-14 14:00:00,CRM.AGC.SV01,hydraulics_agc_servo,0.1489,0.287,18.6033,1,CRM.AGC.SV01::E00,train
2025-02-14 15:00:00,CRM.AGC.SV01,hydraulics_agc_servo,0.1385,0.2838,18.7232,2,CRM.AGC.SV01::E00,train
2025-02-14 16:00:00,CRM.AGC.SV01,hydraulics_agc_servo,0.1913,0.2466,19.3581,1,CRM.AGC.SV01::E00,train
2025-02-14 17:00:00,CRM.AGC.SV01,hydraulics_agc_servo,0.2366,0.2415,19.1995,2,CRM.AGC.SV01::E00,train
2025-02-14 18:00:00,CRM.AGC.SV01,hydraulics_agc_servo,0.2626,0.2676,19.7494,1,CRM.AGC.SV01::E00,train
2025-02-14 19:00:00,CRM.AGC.SV01,hydraulics_agc_servo,0.247,0.2989,19.0183,1,CRM.AGC.SV01::E00,train
2025-02-14 20:00:00,CRM.AGC.SV01,hydraulics_agc_servo,0.2936,0.3303,18.7265,1,CRM.AGC.SV01::E00,train
2025-02-14 21:00:00,CRM.AGC.SV01,hydraulics_agc_servo,0.2294,0.2688,19.0923,2,CRM.AGC.SV01::E00,train
2025-02-14 22:00:00,CRM.AGC.SV01,hydraulics_agc_servo,0.219,0.2576,19.499,1,CRM.AGC.SV01::E00,train
2025-02-14 23:00:00,CRM.AGC.SV01,hydraulics_agc_servo,0.1842,0.2971,19.6082,2,CRM.AGC.SV01::E00,train
2025-02-15 00:00:00,CRM.AGC.SV01,hydraulics_agc_servo,0.2134,0.3,19.0454,1,CRM.AGC.SV01::E00,train
2025-02-15 01:00:00,CRM.AGC.SV01,hydraulics_agc_servo,0.1758,0.3264,19.2866,1,CRM.AGC.SV01::E00,train
2025-02-15 02:00:00,CRM.AGC.SV01,hydraulics_agc_servo,0.2089,0.3258,19.2177,1,CRM.AGC.SV01::E00,train
2025-02-15 03:00:00,CRM.AGC.SV01,hydraulics_agc_servo,0.2375,0.3263,18.8241,2,CRM.AGC.SV01::E00,train
2025-02-15 04:00:00,CRM.AGC.SV01,hydraulics_agc_servo,0.1842,0.3615,19.1945,2,CRM.AGC.SV01::E00,train
2025-02-15 05:00:00,CRM.AGC.SV01,hydraulics_agc_servo,0.2018,0.3727,18.9945,1,CRM.AGC.SV01::E00,train
2025-02-15 06:00:00,CRM.AGC.SV01,hydraulics_agc_servo,0.2138,0.3349,19.1549,1,CRM.AGC.SV01::E00,train
2025-02-15 07:00:00,CRM.AGC.SV01,hydraulics_agc_servo,0.19,0.3438,18.9097,2,CRM.AGC.SV01::E00,train
2025-02-15 08:00:00,CRM.AGC.SV01,hydraulics_agc_servo,0.2396,0.3078,18.534,1,CRM.AGC.SV01::E00,train
2025-02-15 09:00:00,CRM.AGC.SV01,hydraulics_agc_servo,0.2395,0.3122,17.8728,2,CRM.AGC.SV01::E00,train
2025-02-15 10:00:00,CRM.AGC.SV01,hydraulics_agc_servo,0.2319,0.2562,17.8629,2,CRM.AGC.SV01::E00,train
2025-02-15 11:00:00,CRM.AGC.SV01,hydraulics_agc_servo,0.2757,0.2685,18.9888,2,CRM.AGC.SV01::E00,train
2025-02-15 12:00:00,CRM.AGC.SV01,hydraulics_agc_servo,0.2507,0.2658,18.6933,1,CRM.AGC.SV01::E00,train
2025-02-15 13:00:00,CRM.AGC.SV01,hydraulics_agc_servo,0.2918,0.2918,19.1906,2,CRM.AGC.SV01::E00,train
2025-02-15 14:00:00,CRM.AGC.SV01,hydraulics_agc_servo,0.2868,0.3256,19.1668,2,CRM.AGC.SV01::E00,train
2025-02-15 15:00:00,CRM.AGC.SV01,hydraulics_agc_servo,0.2468,0.3372,19.6335,2,CRM.AGC.SV01::E00,train
2025-02-15 16:00:00,CRM.AGC.SV01,hydraulics_agc_servo,0.2149,0.3433,19.2028,2,CRM.AGC.SV01::E00,train
2025-02-15 17:00:00,CRM.AGC.SV01,hydraulics_agc_servo,0.2232,0.2941,19.3239,1,CRM.AGC.SV01::E00,train
2025-02-15 18:00:00,CRM.AGC.SV01,hydraulics_agc_servo,0.2212,0.2511,18.2853,1,CRM.AGC.SV01::E00,train
2025-02-15 19:00:00,CRM.AGC.SV01,hydraulics_agc_servo,0.2015,0.2343,17.8204,2,CRM.AGC.SV01::E00,train
2025-02-15 20:00:00,CRM.AGC.SV01,hydraulics_agc_servo,0.1585,0.2366,17.9917,2,CRM.AGC.SV01::E00,train
2025-02-15 21:00:00,CRM.AGC.SV01,hydraulics_agc_servo,0.2073,0.2588,17.3902,2,CRM.AGC.SV01::E00,train
2025-02-15 22:00:00,CRM.AGC.SV01,hydraulics_agc_servo,0.1967,0.2536,15.7743,2,CRM.AGC.SV01::E00,train
2025-02-15 23:00:00,CRM.AGC.SV01,hydraulics_agc_servo,0.2153,0.2792,15.225,2,CRM.AGC.SV01::E00,train
2025-02-16 00:00:00,CRM.AGC.SV01,hydraulics_agc_servo,0.1867,0.2839,15.3155,2,CRM.AGC.SV01::E00,train
2025-02-16 01:00:00,CRM.AGC.SV01,hydraulics_agc_servo,0.1796,0.2473,14.9999,1,CRM.AGC.SV01::E00,train
2025-02-16 02:00:00,CRM.AGC.SV01,hydraulics_agc_servo,0.1706,0.3373,15.4654,1,CRM.AGC.SV01::E00,train
2025-02-16 03:00:00,CRM.AGC.SV01,hydraulics_agc_servo,0.1931,0.339,15.9336,2,CRM.AGC.SV01::E00,train
2025-02-16 04:00:00,CRM.AGC.SV01,hydraulics_agc_servo,0.1593,0.4022,16.9294,1,CRM.AGC.SV01::E00,train
2025-02-16 05:00:00,CRM.AGC.SV01,hydraulics_agc_servo,0.1713,0.3508,16.949,2,CRM.AGC.SV01::E00,train
2025-02-16 06:00:00,CRM.AGC.SV01,hydraulics_agc_servo,0.2196,0.3355,16.8137,2,CRM.AGC.SV01::E00,train
2025-02-16 07:00:00,CRM.AGC.SV01,hydraulics_agc_servo,0.2584,0.3679,17.1133,2,CRM.AGC.SV01::E00,train
2025-02-16 08:00:00,CRM.AGC.SV01,hydraulics_agc_servo,0.2186,0.2935,17.661,2,CRM.AGC.SV01::E00,train
2025-02-16 09:00:00,CRM.AGC.SV01,hydraulics_agc_servo,0.1712,0.2659,17.6175,2,CRM.AGC.SV01::E00,train
2025-02-16 10:00:00,CRM.AGC.SV01,hydraulics_agc_servo,0.1697,0.229,17.1619,2,CRM.AGC.SV01::E00,train
2025-02-16 11:00:00,CRM.AGC.SV01,hydraulics_agc_servo,0.1599,0.185,16.7886,2,CRM.AGC.SV01::E00,train
2025-02-16 12:00:00,CRM.AGC.SV01,hydraulics_agc_servo,0.1401,0.1699,17.4334,1,CRM.AGC.SV01::E00,train
2025-02-16 13:00:00,CRM.AGC.SV01,hydraulics_agc_servo,0.1013,0.2055,18.1059,2,CRM.AGC.SV01::E00,train
2025-02-16 14:00:00,CRM.AGC.SV01,hydraulics_agc_servo,0.1033,0.1251,19.0345,2,CRM.AGC.SV01::E00,train
2025-02-16 15:00:00,CRM.AGC.SV01,hydraulics_agc_servo,0.0958,0.1291,18.3517,2,CRM.AGC.SV01::E00,train
2025-02-16 16:00:00,CRM.AGC.SV01,hydraulics_agc_servo,0.0826,0.1253,17.9578,2,CRM.AGC.SV01::E00,train
2025-02-16 17:00:00,CRM.AGC.SV01,hydraulics_agc_servo,0.1071,0.2057,17.6946,2,CRM.AGC.SV01::E00,train
2025-02-16 18:00:00,CRM.AGC.SV01,hydraulics_agc_servo,0.0435,0.2048,17.5458,1,CRM.AGC.SV01::E00,train
2025-02-16 19:00:00,CRM.AGC.SV01,hydraulics_agc_servo,-0.0318,0.2669,-1.6479,0,,train
2025-02-16 20:00:00,CRM.AGC.SV01,hydraulics_agc_servo,-0.054,0.1945,-1.1112,0,,train
2025-02-16 21:00:00,CRM.AGC.SV01,hydraulics_agc_servo,-0.0571,0.1617,-0.3858,0,,train
2025-02-16 22:00:00,CRM.AGC.SV01,hydraulics_agc_servo,0.0107,0.2049,-0.7157,0,,train
2025-02-16 23:00:00,CRM.AGC.SV01,hydraulics_agc_servo,0.0269,0.1806,-0.5249,0,,train
2025-02-17 00:00:00,CRM.AGC.SV01,hydraulics_agc_servo,0.0983,0.1659,-0.8085,0,,train
2025-02-17 01:00:00,CRM.AGC.SV01,hydraulics_agc_servo,0.1456,0.1539,-1.5667,0,,train
2025-02-17 02:00:00,CRM.AGC.SV01,hydraulics_agc_servo,0.1252,0.1356,-1.8194,0,,train
2025-02-17 03:00:00,CRM.AGC.SV01,hydraulics_agc_servo,0.1649,0.1303,-0.9475,0,,train
2025-02-17 04:00:00,CRM.AGC.SV01,hydraulics_agc_servo,0.2065,0.136,-1.0425,0,,train
2025-02-17 05:00:00,CRM.AGC.SV01,hydraulics_agc_servo,0.2239,0.1725,-1.3637,0,,train
2025-02-17 06:00:00,CRM.AGC.SV01,hydraulics_agc_servo,0.2728,0.1783,-1.1579,0,,train
2025-02-17 07:00:00,CRM.AGC.SV01,hydraulics_agc_servo,0.2559,0.1717,-1.6356,0,,train
2025-02-17 08:00:00,CRM.AGC.SV01,hydraulics_agc_servo,0.3128,0.2223,-1.2617,0,,train
2025-02-17 09:00:00,CRM.AGC.SV01,hydraulics_agc_servo,0.3021,0.1685,-2.0692,0,,train
2025-02-17 10:00:00,CRM.AGC.SV01,hydraulics_agc_servo,0.2849,0.1827,-1.74,0,,train
2025-02-17 11:00:00,CRM.AGC.SV01,hydraulics_agc_servo,0.259,0.1867,-1.8098,0,,train
2025-02-17 12:00:00,CRM.AGC.SV01,hydraulics_agc_servo,0.1658,0.2422,-2.9386,0,,train
2025-02-17 13:00:00,CRM.AGC.SV01,hydraulics_agc_servo,0.1573,0.1791,-2.7841,0,,train
2025-02-17 14:00:00,CRM.AGC.SV01,hydraulics_agc_servo,0.2082,0.1849,-2.9735,0,,train
2025-02-17 15:00:00,CRM.AGC.SV01,hydraulics_agc_servo,0.193,0.1736,-3.209,0,,train
2025-02-17 16:00:00,CRM.AGC.SV01,hydraulics_agc_servo,0.2184,0.1833,-2.3691,0,,train
2025-02-17 17:00:00,CRM.AGC.SV01,hydraulics_agc_servo,0.2727,0.1679,-2.2031,0,,train
2025-02-17 18:00:00,CRM.AGC.SV01,hydraulics_agc_servo,0.2499,0.1864,-1.7618,0,,train
2025-02-17 19:00:00,CRM.AGC.SV01,hydraulics_agc_servo,0.2343,0.1824,-1.1397,0,,train
2025-02-17 20:00:00,CRM.AGC.SV01,hydraulics_agc_servo,0.2289,0.1643,-2.1172,0,,train
2025-02-17 21:00:00,CRM.AGC.SV01,hydraulics_agc_servo,0.2453,0.1172,-1.2099,0,,train
2025-02-17 22:00:00,CRM.AGC.SV01,hydraulics_agc_servo,0.2534,0.18,-0.7427,0,,train
2025-02-17 23:00:00,CRM.AGC.SV01,hydraulics_agc_servo,0.2261,0.1684,0.3226,0,,train
2025-02-18 00:00:00,CRM.AGC.SV01,hydraulics_agc_servo,0.2637,0.2075,0.1529,0,,train
2025-02-18 01:00:00,CRM.AGC.SV01,hydraulics_agc_servo,0.2367,0.197,0.2338,0,,train
2025-02-18 02:00:00,CRM.AGC.SV01,hydraulics_agc_servo,0.2323,0.1595,0.0549,0,,train
2025-02-18 03:00:00,CRM.AGC.SV01,hydraulics_agc_servo,0.2622,0.1445,0.3534,0,,train
2025-02-18 04:00:00,CRM.AGC.SV01,hydraulics_agc_servo,0.2481,0.0959,0.6616,0,,train
2025-02-18 05:00:00,CRM.AGC.SV01,hydraulics_agc_servo,0.2827,0.0934,1.8574,0,,train
2025-02-18 06:00:00,CRM.AGC.SV01,hydraulics_agc_servo,0.2579,0.058,1.8625,0,,train
2025-02-18 07:00:00,CRM.AGC.SV01,hydraulics_agc_servo,0.308,0.0189,1.1715,0,,train
2025-02-18 08:00:00,CRM.AGC.SV01,hydraulics_agc_servo,0.3229,0.0318,0.1995,0,,train
2025-02-18 09:00:00,CRM.AGC.SV01,hydraulics_agc_servo,0.3253,0.0874,0.082,0,,train
2025-02-18 10:00:00,CRM.AGC.SV01,hydraulics_agc_servo,0.2751,0.1355,0.0832,0,,train
2025-02-18 11:00:00,CRM.AGC.SV01,hydraulics_agc_servo,0.2406,0.1023,-0.6448,0,,train
2025-02-18 12:00:00,CRM.AGC.SV01,hydraulics_agc_servo,0.2128,0.0685,-0.7323,0,,train
2025-02-18 13:00:00,CRM.AGC.SV01,hydraulics_agc_servo,0.1996,0.0466,-0.8397,0,,train
2025-02-18 14:00:00,CRM.AGC.SV01,hydraulics_agc_servo,0.2138,0.0361,-1.1524,0,,train
2025-02-18 15:00:00,CRM.AGC.SV01,hydraulics_agc_servo,0.1678,0.1134,-1.1746,0,,train
2025-02-18 16:00:00,CRM.AGC.SV01,hydraulics_agc_servo,0.1109,0.1271,-0.7941,0,,train
2025-02-18 17:00:00,CRM.AGC.SV01,hydraulics_agc_servo,0.1549,0.1428,-0.3776,0,,train
2025-02-18 18:00:00,CRM.AGC.SV01,hydraulics_agc_servo,0.1225,0.1933,-1.5428,0,,train
2025-02-18 19:00:00,CRM.AGC.SV01,hydraulics_agc_servo,0.0975,0.2117,-1.5701,0,,train
2025-02-18 20:00:00,CRM.AGC.SV01,hydraulics_agc_servo,0.0944,0.2575,-1.7666,0,,train
2025-02-18 21:00:00,CRM.AGC.SV01,hydraulics_agc_servo,0.0911,0.2741,-1.7455,0,,train
2025-02-18 22:00:00,CRM.AGC.SV01,hydraulics_agc_servo,0.1262,0.2157,-1.5806,0,,train
2025-02-18 23:00:00,CRM.AGC.SV01,hydraulics_agc_servo,0.1729,0.1655,-0.6632,0,,train
2025-02-19 00:00:00,CRM.AGC.SV01,hydraulics_agc_servo,0.2111,0.1678,-0.8658,0,,train
2025-02-19 01:00:00,CRM.AGC.SV01,hydraulics_agc_servo,0.1915,0.1907,-1.8085,0,,train
2025-02-19 02:00:00,CRM.AGC.SV01,hydraulics_agc_servo,0.1395,0.1356,-1.5413,0,,train
2025-02-19 03:00:00,CRM.AGC.SV01,hydraulics_agc_servo,0.0772,0.1192,-1.6125,0,,train
2025-02-19 04:00:00,CRM.AGC.SV01,hydraulics_agc_servo,0.1742,0.1509,-1.1271,0,,train
2025-02-19 05:00:00,CRM.AGC.SV01,hydraulics_agc_servo,0.1435,0.1966,-0.5166,0,,train
2025-02-19 06:00:00,CRM.AGC.SV01,hydraulics_agc_servo,0.1346,0.1972,0.1115,0,,train
2025-02-19 07:00:00,CRM.AGC.SV01,hydraulics_agc_servo,0.0763,0.238,0.6058,0,,train
2025-02-19 08:00:00,CRM.AGC.SV01,hydraulics_agc_servo,0.0968,0.2612,1.2327,0,,train
2025-02-19 09:00:00,CRM.AGC.SV01,hydraulics_agc_servo,0.1251,0.2299,0.9733,0,,train
2025-02-19 10:00:00,CRM.AGC.SV01,hydraulics_agc_servo,0.1496,0.2633,1.8004,0,,train
2025-02-19 11:00:00,CRM.AGC.SV01,hydraulics_agc_servo,0.1113,0.1784,1.0104,0,,train
2025-02-19 12:00:00,CRM.AGC.SV01,hydraulics_agc_servo,0.0976,0.2237,1.9153,0,,train
2025-02-19 13:00:00,CRM.AGC.SV01,hydraulics_agc_servo,0.0498,0.1949,1.3059,0,,train
2025-02-19 14:00:00,CRM.AGC.SV01,hydraulics_agc_servo,0.1097,0.2111,1.3342,0,,train
2025-02-19 15:00:00,CRM.AGC.SV01,hydraulics_agc_servo,0.1358,0.2661,2.6034,0,,train
2025-02-19 16:00:00,CRM.AGC.SV01,hydraulics_agc_servo,0.1346,0.2017,1.8518,0,,train
2025-02-19 17:00:00,CRM.AGC.SV01,hydraulics_agc_servo,0.1427,0.1913,2.8063,0,,train
2025-02-19 18:00:00,CRM.AGC.SV01,hydraulics_agc_servo,0.1334,0.2499,3.8968,0,,train
2025-02-19 19:00:00,CRM.AGC.SV01,hydraulics_agc_servo,0.1612,0.1873,3.7421,0,,train
2025-02-19 20:00:00,CRM.AGC.SV01,hydraulics_agc_servo,0.1562,0.2099,3.3545,0,,train
2025-02-19 21:00:00,CRM.AGC.SV01,hydraulics_agc_servo,0.11,0.1798,2.8088,0,,train
2025-02-19 22:00:00,CRM.AGC.SV01,hydraulics_agc_servo,0.1457,0.1147,2.7546,0,,train
2025-02-19 23:00:00,CRM.AGC.SV01,hydraulics_agc_servo,0.1497,0.0722,2.195,0,,train
2025-02-20 00:00:00,CRM.AGC.SV01,hydraulics_agc_servo,0.0759,0.1584,0.6203,0,,train
2025-02-20 01:00:00,CRM.AGC.SV01,hydraulics_agc_servo,0.0683,0.1472,0.8359,0,,train
2025-02-20 02:00:00,CRM.AGC.SV01,hydraulics_agc_servo,0.0257,0.1475,0.9893,0,,train
2025-02-20 03:00:00,CRM.AGC.SV01,hydraulics_agc_servo,0.0304,0.1715,1.3061,0,,train
2025-02-20 04:00:00,CRM.AGC.SV01,hydraulics_agc_servo,-0.0019,0.1373,1.5501,0,,train
2025-02-20 05:00:00,CRM.AGC.SV01,hydraulics_agc_servo,0.0319,0.1402,1.6529,0,,train
2025-02-20 06:00:00,CRM.AGC.SV01,hydraulics_agc_servo,0.0775,0.1664,2.1163,0,,train
2025-02-20 07:00:00,CRM.AGC.SV01,hydraulics_agc_servo,0.0366,0.1502,1.3008,0,,train
2025-02-20 08:00:00,CRM.AGC.SV01,hydraulics_agc_servo,0.0866,0.1433,1.6216,0,,train
2025-02-20 09:00:00,CRM.AGC.SV01,hydraulics_agc_servo,0.1198,0.139,1.6141,0,,train
2025-02-20 10:00:00,CRM.AGC.SV01,hydraulics_agc_servo,0.1978,0.2365,1.0328,0,,train
2025-02-20 11:00:00,CRM.AGC.SV01,hydraulics_agc_servo,0.2151,0.2999,1.1273,0,,train
2025-02-20 12:00:00,CRM.AGC.SV01,hydraulics_agc_servo,0.2193,0.2852,1.438,0,,train
2025-02-20 13:00:00,CRM.AGC.SV01,hydraulics_agc_servo,0.236,0.2714,1.7901,0,,train
2025-02-20 14:00:00,CRM.AGC.SV01,hydraulics_agc_servo,0.2002,0.2447,1.5309,0,,train
2025-02-20 15:00:00,CRM.AGC.SV01,hydraulics_agc_servo,0.2346,0.2445,1.4781,0,,train
2025-02-20 16:00:00,CRM.AGC.SV01,hydraulics_agc_servo,0.2278,0.2492,1.4863,0,,train
2025-02-20 17:00:00,CRM.AGC.SV01,hydraulics_agc_servo,0.2503,0.258,1.2901,0,,train
2025-02-20 18:00:00,CRM.AGC.SV01,hydraulics_agc_servo,0.2245,0.2924,1.6164,0,,train
2025-02-20 19:00:00,CRM.AGC.SV01,hydraulics_agc_servo,0.2254,0.3011,2.4366,0,,train
2025-02-20 20:00:00,CRM.AGC.SV01,hydraulics_agc_servo,0.2537,0.307,3.3317,0,,train
2025-02-20 21:00:00,CRM.AGC.SV01,hydraulics_agc_servo,0.3005,0.3334,4.3875,0,,train
2025-02-20 22:00:00,CRM.AGC.SV01,hydraulics_agc_servo,0.2696,0.3194,3.6537,0,,train
2025-02-20 23:00:00,CRM.AGC.SV01,hydraulics_agc_servo,0.2301,0.2538,3.3875,0,,train
2025-02-21 00:00:00,CRM.AGC.SV01,hydraulics_agc_servo,0.1951,0.2626,2.0982,0,,train
2025-02-21 01:00:00,CRM.AGC.SV01,hydraulics_agc_servo,0.2647,0.2433,2.0489,0,,train
2025-02-21 02:00:00,CRM.AGC.SV01,hydraulics_agc_servo,0.2973,0.2286,2.792,0,,train
2025-02-21 03:00:00,CRM.AGC.SV01,hydraulics_agc_servo,0.3242,0.2056,3.0211,0,,train
2025-02-21 04:00:00,CRM.AGC.SV01,hydraulics_agc_servo,0.3025,0.1471,3.2535,0,,train
2025-02-21 05:00:00,CRM.AGC.SV01,hydraulics_agc_servo,0.2996,0.1449,2.4103,0,,train
2025-02-21 06:00:00,CRM.AGC.SV01,hydraulics_agc_servo,0.2467,0.0944,1.96,0,,train
2025-02-21 07:00:00,CRM.AGC.SV01,hydraulics_agc_servo,0.1828,0.145,1.3713,0,,train
2025-02-21 08:00:00,CRM.AGC.SV01,hydraulics_agc_servo,0.1344,0.1384,0.5989,0,,train
2025-02-21 09:00:00,CRM.AGC.SV01,hydraulics_agc_servo,0.1632,0.0958,0.8984,0,,train
2025-02-21 10:00:00,CRM.AGC.SV01,hydraulics_agc_servo,0.2271,0.0843,0.2678,0,,train
2025-02-21 11:00:00,CRM.AGC.SV01,hydraulics_agc_servo,0.2439,0.0865,0.7413,0,,train
2025-02-21 12:00:00,CRM.AGC.SV01,hydraulics_agc_servo,0.1735,0.0809,0.5588,0,,train
2025-02-21 13:00:00,CRM.AGC.SV01,hydraulics_agc_servo,0.1822,0.1194,0.9115,0,,train
2025-02-21 14:00:00,CRM.AGC.SV01,hydraulics_agc_servo,0.2172,0.1371,1.2587,0,,train
2025-02-21 15:00:00,CRM.AGC.SV01,hydraulics_agc_servo,0.2885,0.1272,1.3707,0,,train
2025-02-21 16:00:00,CRM.AGC.SV01,hydraulics_agc_servo,0.2884,0.0745,1.0525,0,,train
2025-02-21 17:00:00,CRM.AGC.SV01,hydraulics_agc_servo,0.2997,0.1066,1.2211,0,,train
2025-02-21 18:00:00,CRM.AGC.SV01,hydraulics_agc_servo,0.3388,0.0927,1.0321,0,,train
2025-02-21 19:00:00,CRM.AGC.SV01,hydraulics_agc_servo,0.3054,0.1507,1.0995,0,,train
2025-02-21 20:00:00,CRM.AGC.SV01,hydraulics_agc_servo,0.2828,0.1693,1.244,0,,train
2025-02-21 21:00:00,CRM.AGC.SV01,hydraulics_agc_servo,0.2668,0.1734,2.0579,0,,train
2025-02-21 22:00:00,CRM.AGC.SV01,hydraulics_agc_servo,0.2653,0.138,1.2955,0,,train
2025-02-21 23:00:00,CRM.AGC.SV01,hydraulics_agc_servo,0.2708,0.1508,1.5375,0,,train
2025-02-22 00:00:00,CRM.AGC.SV01,hydraulics_agc_servo,0.2964,0.1248,1.0126,0,,train
2025-02-22 01:00:00,CRM.AGC.SV01,hydraulics_agc_servo,0.3013,0.1672,0.978,0,,train
2025-02-22 02:00:00,CRM.AGC.SV01,hydraulics_agc_servo,0.3113,0.1567,-0.5511,0,,train
2025-02-22 03:00:00,CRM.AGC.SV01,hydraulics_agc_servo,0.31,0.149,-1.0921,0,,train
2025-02-22 04:00:00,CRM.AGC.SV01,hydraulics_agc_servo,0.3054,0.1656,-0.9008,0,,train
2025-02-22 05:00:00,CRM.AGC.SV01,hydraulics_agc_servo,0.2481,0.1786,-1.937,0,,train
2025-02-22 06:00:00,CRM.AGC.SV01,hydraulics_agc_servo,0.2146,0.1435,-1.6167,0,,train
2025-02-22 07:00:00,CRM.AGC.SV01,hydraulics_agc_servo,0.1557,0.1024,-1.8444,0,,train
2025-02-22 08:00:00,CRM.AGC.SV01,hydraulics_agc_servo,0.0961,0.1349,-1.4151,0,,train
2025-02-22 09:00:00,CRM.AGC.SV01,hydraulics_agc_servo,0.0654,0.1969,-1.2151,0,,train
2025-02-22 10:00:00,CRM.AGC.SV01,hydraulics_agc_servo,0.0737,0.206,-1.6613,0,,train
2025-02-22 11:00:00,CRM.AGC.SV01,hydraulics_agc_servo,0.0783,0.2006,-2.4601,0,,train
2025-02-22 12:00:00,CRM.AGC.SV01,hydraulics_agc_servo,0.154,0.2286,-2.4212,0,,train
2025-02-22 13:00:00,CRM.AGC.SV01,hydraulics_agc_servo,0.1246,0.2322,-1.8483,0,,train
2025-02-22 14:00:00,CRM.AGC.SV01,hydraulics_agc_servo,0.0971,0.2239,-2.076,0,,train
2025-02-22 15:00:00,CRM.AGC.SV01,hydraulics_agc_servo,0.1216,0.2651,-1.7095,0,,train
2025-02-22 16:00:00,CRM.AGC.SV01,hydraulics_agc_servo,0.1647,0.3281,-0.3183,0,,train
2025-02-22 17:00:00,CRM.AGC.SV01,hydraulics_agc_servo,0.1302,0.3227,0.2202,0,,train
2025-02-22 18:00:00,CRM.AGC.SV01,hydraulics_agc_servo,0.1025,0.2622,1.0169,0,,train
2025-02-22 19:00:00,CRM.AGC.SV01,hydraulics_agc_servo,0.1038,0.3117,1.4435,0,,train
2025-02-22 20:00:00,CRM.AGC.SV01,hydraulics_agc_servo,0.1284,0.2981,2.005,0,,train
2025-02-22 21:00:00,CRM.AGC.SV01,hydraulics_agc_servo,0.1067,0.2915,2.6655,0,,train
2025-02-22 22:00:00,CRM.AGC.SV01,hydraulics_agc_servo,0.0968,0.2393,1.1725,0,,train
2025-02-22 23:00:00,CRM.AGC.SV01,hydraulics_agc_servo,0.1022,0.2605,1.6499,0,,train
2025-02-23 00:00:00,CRM.AGC.SV01,hydraulics_agc_servo,0.1125,0.2736,1.4903,0,,train
2025-02-23 01:00:00,CRM.AGC.SV01,hydraulics_agc_servo,0.1586,0.2902,1.3197,0,,train
2025-02-23 02:00:00,CRM.AGC.SV01,hydraulics_agc_servo,0.0923,0.233,0.7291,0,,train
2025-02-23 03:00:00,CRM.AGC.SV01,hydraulics_agc_servo,0.141,0.297,0.0017,0,,train
2025-02-23 04:00:00,CRM.AGC.SV01,hydraulics_agc_servo,0.1016,0.2697,-0.0143,0,,train
2025-02-23 05:00:00,CRM.AGC.SV01,hydraulics_agc_servo,0.0909,0.2635,0.7909,0,,train
2025-02-23 06:00:00,CRM.AGC.SV01,hydraulics_agc_servo,0.0663,0.2679,0.0794,0,,train
2025-02-23 07:00:00,CRM.AGC.SV01,hydraulics_agc_servo,0.0603,0.2413,0.1754,0,,train
2025-02-23 08:00:00,CRM.AGC.SV01,hydraulics_agc_servo,0.0486,0.1976,-0.2901,0,,train
2025-02-23 09:00:00,CRM.AGC.SV01,hydraulics_agc_servo,0.0604,0.175,-0.8587,0,,train
2025-02-23 10:00:00,CRM.AGC.SV01,hydraulics_agc_servo,0.0709,0.1711,-1.2045,0,,train
2025-02-23 11:00:00,CRM.AGC.SV01,hydraulics_agc_servo,0.0793,0.1664,-1.1687,0,,train
2025-02-23 12:00:00,CRM.AGC.SV01,hydraulics_agc_servo,0.0792,0.1902,-1.2298,0,,train
2025-02-23 13:00:00,CRM.AGC.SV01,hydraulics_agc_servo,0.0584,0.1433,-1.8867,0,,train
2025-02-23 14:00:00,CRM.AGC.SV01,hydraulics_agc_servo,0.0491,0.1085,-1.7923,0,,train
2025-02-23 15:00:00,CRM.AGC.SV01,hydraulics_agc_servo,0.0728,0.1202,-2.2135,0,,train
2025-02-23 16:00:00,CRM.AGC.SV01,hydraulics_agc_servo,0.1804,0.1269,-0.9033,0,,train
2025-02-23 17:00:00,CRM.AGC.SV01,hydraulics_agc_servo,0.2101,0.117,-0.6842,0,,train
2025-02-23 18:00:00,CRM.AGC.SV01,hydraulics_agc_servo,0.1947,0.1102,-0.4329,0,,train
2025-02-23 19:00:00,CRM.AGC.SV01,hydraulics_agc_servo,0.2067,0.1011,0.6407,0,,train
2025-02-23 20:00:00,CRM.AGC.SV01,hydraulics_agc_servo,0.1191,0.0853,-0.5239,0,,train
2025-02-23 21:00:00,CRM.AGC.SV01,hydraulics_agc_servo,0.1121,0.1125,0.4413,0,,train
2025-02-23 22:00:00,CRM.AGC.SV01,hydraulics_agc_servo,0.1204,0.1329,2.0511,0,,train
2025-02-23 23:00:00,CRM.AGC.SV01,hydraulics_agc_servo,0.1193,0.1835,1.2729,0,,train
2025-02-24 00:00:00,CRM.AGC.SV01,hydraulics_agc_servo,0.141,0.1721,1.1452,0,,train
2025-02-24 01:00:00,CRM.AGC.SV01,hydraulics_agc_servo,0.1458,0.1613,0.1547,0,,train
2025-02-24 02:00:00,CRM.AGC.SV01,hydraulics_agc_servo,0.1595,0.1586,0.5466,0,,train
2025-02-24 03:00:00,CRM.AGC.SV01,hydraulics_agc_servo,0.1692,0.1283,1.0506,0,,train
2025-02-24 04:00:00,CRM.AGC.SV01,hydraulics_agc_servo,0.1991,0.1126,0.0679,0,,train
2025-02-24 05:00:00,CRM.AGC.SV01,hydraulics_agc_servo,0.1697,0.1655,0.1705,0,,train
2025-02-24 06:00:00,CRM.AGC.SV01,hydraulics_agc_servo,0.1915,0.1744,0.0152,0,,train
2025-02-24 07:00:00,CRM.AGC.SV01,hydraulics_agc_servo,0.2202,0.1802,0.9097,0,,train
2025-02-24 08:00:00,CRM.AGC.SV01,hydraulics_agc_servo,0.2378,0.1852,2.1304,0,,train
2025-02-24 09:00:00,CRM.AGC.SV01,hydraulics_agc_servo,0.2873,0.1959,2.1632,0,,train
2025-02-24 10:00:00,CRM.AGC.SV01,hydraulics_agc_servo,0.246,0.2502,2.8764,0,,train
2025-02-24 11:00:00,CRM.AGC.SV01,hydraulics_agc_servo,0.2056,0.2552,3.1401,0,,train
2025-02-24 12:00:00,CRM.AGC.SV01,hydraulics_agc_servo,0.2363,0.3037,1.9678,0,,train
2025-02-24 13:00:00,CRM.AGC.SV01,hydraulics_agc_servo,0.245,0.3045,2.0532,0,,train
2025-02-24 14:00:00,CRM.AGC.SV01,hydraulics_agc_servo,0.268,0.3394,2.3639,0,,train
2025-02-24 15:00:00,CRM.AGC.SV01,hydraulics_agc_servo,0.2569,0.3773,2.5079,0,,train
2025-02-24 16:00:00,CRM.AGC.SV01,hydraulics_agc_servo,0.2424,0.4271,2.1822,0,,train
2025-02-24 17:00:00,CRM.AGC.SV01,hydraulics_agc_servo,0.2738,0.4005,1.9291,0,,train
2025-02-24 18:00:00,CRM.AGC.SV01,hydraulics_agc_servo,0.2846,0.3233,1.9348,0,,train
2025-02-24 19:00:00,CRM.AGC.SV01,hydraulics_agc_servo,0.2744,0.3233,0.4797,0,,train
2025-02-24 20:00:00,CRM.AGC.SV01,hydraulics_agc_servo,0.2765,0.3253,1.3241,0,,train
2025-02-24 21:00:00,CRM.AGC.SV01,hydraulics_agc_servo,0.2615,0.2903,1.2509,0,,train
2025-02-24 22:00:00,CRM.AGC.SV01,hydraulics_agc_servo,0.2675,0.2758,0.796,0,,train
2025-02-24 23:00:00,CRM.AGC.SV01,hydraulics_agc_servo,0.2648,0.2301,0.9857,0,,train
2025-02-25 00:00:00,CRM.AGC.SV01,hydraulics_agc_servo,0.2555,0.2775,0.4394,0,,train
2025-02-25 01:00:00,CRM.AGC.SV01,hydraulics_agc_servo,0.2757,0.2719,0.9338,0,,train
2025-02-25 02:00:00,CRM.AGC.SV01,hydraulics_agc_servo,0.2295,0.2611,0.9501,0,,train
2025-02-25 03:00:00,CRM.AGC.SV01,hydraulics_agc_servo,1.2474,0.2854,1.868,0,,train
2025-02-25 04:00:00,CRM.AGC.SV01,hydraulics_agc_servo,1.241,0.2956,1.104,0,,train
2025-02-25 05:00:00,CRM.AGC.SV01,hydraulics_agc_servo,0.2731,0.302,0.3769,0,,train
2025-02-25 06:00:00,CRM.AGC.SV01,hydraulics_agc_servo,0.2141,0.3118,1.2605,0,,train
2025-02-25 07:00:00,CRM.AGC.SV01,hydraulics_agc_servo,0.2582,0.3259,0.0858,0,,train
2025-02-25 08:00:00,CRM.AGC.SV01,hydraulics_agc_servo,0.2502,0.3594,-0.162,0,,train
2025-02-25 09:00:00,CRM.AGC.SV01,hydraulics_agc_servo,0.2229,0.3145,-0.9071,0,,train
2025-02-25 10:00:00,CRM.AGC.SV01,hydraulics_agc_servo,0.262,0.2751,-1.1512,0,,train
2025-02-25 11:00:00,CRM.AGC.SV01,hydraulics_agc_servo,0.3089,0.284,-1.2467,0,,train
2025-02-25 12:00:00,CRM.AGC.SV01,hydraulics_agc_servo,0.2655,0.2915,-2.2443,0,,train
2025-02-25 13:00:00,CRM.AGC.SV01,hydraulics_agc_servo,0.2829,0.1957,-2.5023,0,,train
2025-02-25 14:00:00,CRM.AGC.SV01,hydraulics_agc_servo,0.3208,0.2326,-1.5838,0,,train
2025-02-25 15:00:00,CRM.AGC.SV01,hydraulics_agc_servo,0.3037,0.2941,-2.1621,0,,train
2025-02-25 16:00:00,CRM.AGC.SV01,hydraulics_agc_servo,0.288,0.3117,-2.0283,0,,train
2025-02-25 17:00:00,CRM.AGC.SV01,hydraulics_agc_servo,0.2174,0.2488,-2.6422,0,,train
2025-02-25 18:00:00,CRM.AGC.SV01,hydraulics_agc_servo,0.1792,0.2461,-2.3766,0,,train
2025-02-25 19:00:00,CRM.AGC.SV01,hydraulics_agc_servo,0.1199,0.2229,-2.3715,0,,train
2025-02-25 20:00:00,CRM.AGC.SV01,hydraulics_agc_servo,0.1051,0.2425,-2.6628,0,,train
2025-02-25 21:00:00,CRM.AGC.SV01,hydraulics_agc_servo,0.1344,0.2734,-1.97,0,,train
2025-02-25 22:00:00,CRM.AGC.SV01,hydraulics_agc_servo,0.1793,0.3368,-1.7901,0,,train
2025-02-25 23:00:00,CRM.AGC.SV01,hydraulics_agc_servo,0.1364,0.3685,-1.3894,0,,train
2025-02-26 00:00:00,CRM.AGC.SV01,hydraulics_agc_servo,0.1113,0.3854,-0.0596,0,,train
2025-02-26 01:00:00,CRM.AGC.SV01,hydraulics_agc_servo,0.1606,0.3538,0.2933,0,,train
2025-02-26 02:00:00,CRM.AGC.SV01,hydraulics_agc_servo,0.2223,0.3593,-0.0158,0,,train
2025-02-26 03:00:00,CRM.AGC.SV01,hydraulics_agc_servo,0.2695,0.3234,-0.6479,0,,train
2025-02-26 04:00:00,CRM.AGC.SV01,hydraulics_agc_servo,0.3073,0.3224,-0.2473,0,,train
2025-02-26 05:00:00,CRM.AGC.SV01,hydraulics_agc_servo,0.2757,0.3504,-0.4567,0,,train
2025-02-26 06:00:00,CRM.AGC.SV01,hydraulics_agc_servo,0.2183,0.3561,-0.1862,0,,train
2025-02-26 07:00:00,CRM.AGC.SV01,hydraulics_agc_servo,0.2152,0.3906,-0.6292,0,,train
2025-02-26 08:00:00,CRM.AGC.SV01,hydraulics_agc_servo,0.2507,0.3617,0.2351,0,,train
2025-02-26 09:00:00,CRM.AGC.SV01,hydraulics_agc_servo,0.2347,0.3626,0.1492,0,,train
2025-02-26 10:00:00,CRM.AGC.SV01,hydraulics_agc_servo,0.2109,0.3342,-0.7001,0,,train
2025-02-26 11:00:00,CRM.AGC.SV01,hydraulics_agc_servo,0.1551,0.3863,-1.355,0,,train
2025-02-26 12:00:00,CRM.AGC.SV01,hydraulics_agc_servo,0.1088,0.3496,-1.5662,0,,train
2025-02-26 13:00:00,CRM.AGC.SV01,hydraulics_agc_servo,0.1637,0.3689,-0.1804,0,,train
2025-02-26 14:00:00,CRM.AGC.SV01,hydraulics_agc_servo,0.2094,0.3415,0.8899,0,,train
2025-02-26 15:00:00,CRM.AGC.SV01,hydraulics_agc_servo,0.2428,0.3221,1.0121,0,,train
2025-02-26 16:00:00,CRM.AGC.SV01,hydraulics_agc_servo,0.2646,0.3226,1.4951,0,,train
2025-02-26 17:00:00,CRM.AGC.SV01,hydraulics_agc_servo,0.3007,0.3275,2.355,0,,train
2025-02-26 18:00:00,CRM.AGC.SV01,hydraulics_agc_servo,0.367,0.2823,2.5822,0,,train
2025-02-26 19:00:00,CRM.AGC.SV01,hydraulics_agc_servo,0.3724,0.2322,2.2926,0,,train
2025-02-26 20:00:00,CRM.AGC.SV01,hydraulics_agc_servo,0.3992,0.197,2.3299,0,,train
2025-02-26 21:00:00,CRM.AGC.SV01,hydraulics_agc_servo,0.4461,0.2692,1.3299,0,,train
2025-02-26 22:00:00,CRM.AGC.SV01,hydraulics_agc_servo,0.4258,0.2167,1.5951,0,,train
2025-02-26 23:00:00,CRM.AGC.SV01,hydraulics_agc_servo,0.3966,0.2149,1.7416,0,,train
2025-02-27 00:00:00,CRM.AGC.SV01,hydraulics_agc_servo,0.3295,0.2111,2.1616,0,,train
2025-02-27 01:00:00,CRM.AGC.SV01,hydraulics_agc_servo,0.3034,0.1783,2.8139,0,,train
2025-02-27 02:00:00,CRM.AGC.SV01,hydraulics_agc_servo,0.2971,0.1577,2.4803,0,,train
2025-02-27 03:00:00,CRM.AGC.SV01,hydraulics_agc_servo,0.2657,0.1962,1.6339,0,,train
2025-02-27 04:00:00,CRM.AGC.SV01,hydraulics_agc_servo,0.2492,0.1852,1.9504,0,,train
2025-02-27 05:00:00,CRM.AGC.SV01,hydraulics_agc_servo,0.2353,0.1269,1.974,0,,train
2025-02-27 06:00:00,CRM.AGC.SV01,hydraulics_agc_servo,0.1762,0.1868,2.7125,0,,train
2025-02-27 07:00:00,CRM.AGC.SV01,hydraulics_agc_servo,0.1924,0.2129,2.0547,0,,train
2025-02-27 08:00:00,CRM.AGC.SV01,hydraulics_agc_servo,0.233,0.2588,2.5536,0,,train
2025-02-27 09:00:00,CRM.AGC.SV01,hydraulics_agc_servo,0.2581,0.3257,2.1569,0,,train
2025-02-27 10:00:00,CRM.AGC.SV01,hydraulics_agc_servo,0.2334,0.2973,2.6725,0,,train
2025-02-27 11:00:00,CRM.AGC.SV01,hydraulics_agc_servo,0.2051,0.3023,2.7602,0,,train
2025-02-27 12:00:00,CRM.AGC.SV01,hydraulics_agc_servo,0.1982,0.296,3.1211,0,,train
2025-02-27 13:00:00,CRM.AGC.SV01,hydraulics_agc_servo,0.2113,0.2661,3.1998,0,,train
2025-02-27 14:00:00,CRM.AGC.SV01,hydraulics_agc_servo,0.2166,0.3188,3.8272,0,,train
2025-02-27 15:00:00,CRM.AGC.SV01,hydraulics_agc_servo,0.2188,0.334,3.4346,0,,train
2025-02-27 16:00:00,CRM.AGC.SV01,hydraulics_agc_servo,0.2207,0.2916,3.3989,0,,train
2025-02-27 17:00:00,CRM.AGC.SV01,hydraulics_agc_servo,0.2128,0.2824,3.2498,0,,train
2025-02-27 18:00:00,CRM.AGC.SV01,hydraulics_agc_servo,0.2345,0.2853,3.1507,0,,train
2025-02-27 19:00:00,CRM.AGC.SV01,hydraulics_agc_servo,0.2444,0.2689,2.7161,0,,train
2025-02-27 20:00:00,CRM.AGC.SV01,hydraulics_agc_servo,0.2099,0.2192,2.27,0,,train
2025-02-27 21:00:00,CRM.AGC.SV01,hydraulics_agc_servo,0.2233,0.1668,2.0653,0,,train
2025-02-27 22:00:00,CRM.AGC.SV01,hydraulics_agc_servo,0.1784,0.1564,1.5142,0,,train
2025-02-27 23:00:00,CRM.AGC.SV01,hydraulics_agc_servo,0.112,0.1281,1.824,0,,train
2025-02-28 00:00:00,CRM.AGC.SV01,hydraulics_agc_servo,0.1522,0.1419,1.4706,0,,train
2025-02-28 01:00:00,CRM.AGC.SV01,hydraulics_agc_servo,0.2202,0.1301,1.982,0,,train
2025-02-28 02:00:00,CRM.AGC.SV01,hydraulics_agc_servo,0.1837,0.1055,2.2684,0,,train
2025-02-28 03:00:00,CRM.AGC.SV01,hydraulics_agc_servo,0.2447,0.1112,1.2567,0,,train
2025-02-28 04:00:00,CRM.AGC.SV01,hydraulics_agc_servo,0.2093,0.153,0.8616,0,,train
2025-02-28 05:00:00,CRM.AGC.SV01,hydraulics_agc_servo,0.1745,0.1128,1.3677,0,,train
2025-02-28 06:00:00,CRM.AGC.SV01,hydraulics_agc_servo,0.2365,0.1643,1.8977,0,,train
2025-02-28 07:00:00,CRM.AGC.SV01,hydraulics_agc_servo,0.2547,0.2419,2.3828,0,,train
2025-02-28 08:00:00,CRM.AGC.SV01,hydraulics_agc_servo,0.2809,0.2824,2.1526,0,,train
2025-02-28 09:00:00,CRM.AGC.SV01,hydraulics_agc_servo,0.2768,0.2893,2.2226,0,,train
2025-02-28 10:00:00,CRM.AGC.SV01,hydraulics_agc_servo,0.2766,0.3028,2.3984,0,,train
2025-02-28 11:00:00,CRM.AGC.SV01,hydraulics_agc_servo,0.3004,0.3401,1.8687,0,,train
2025-02-28 12:00:00,CRM.AGC.SV01,hydraulics_agc_servo,0.2755,0.3692,1.5517,0,,train
2025-02-28 13:00:00,CRM.AGC.SV01,hydraulics_agc_servo,0.2815,0.3991,0.9338,0,,train
2025-02-28 14:00:00,CRM.AGC.SV01,hydraulics_agc_servo,0.2785,0.3545,0.7039,0,,train
2025-02-28 15:00:00,CRM.AGC.SV01,hydraulics_agc_servo,0.257,0.3798,0.2089,0,,train
2025-02-28 16:00:00,CRM.AGC.SV01,hydraulics_agc_servo,0.2734,0.3365,-0.6902,0,,train
2025-02-28 17:00:00,CRM.AGC.SV01,hydraulics_agc_servo,0.2947,0.3353,-1.1844,0,,train
2025-02-28 18:00:00,CRM.AGC.SV01,hydraulics_agc_servo,0.2831,0.372,-0.3298,0,,train
2025-02-28 19:00:00,CRM.AGC.SV01,hydraulics_agc_servo,0.2478,0.3349,-0.794,0,,train
2025-02-28 20:00:00,CRM.AGC.SV01,hydraulics_agc_servo,0.2539,0.3193,-0.87,0,,train
2025-02-28 21:00:00,CRM.AGC.SV01,hydraulics_agc_servo,0.2507,0.3074,-0.7265,0,,train
2025-02-28 22:00:00,CRM.AGC.SV01,hydraulics_agc_servo,0.2553,0.2545,-0.561,0,,train
2025-02-28 23:00:00,CRM.AGC.SV01,hydraulics_agc_servo,0.2213,0.2075,-1.0167,0,,train
2025-03-01 00:00:00,CRM.AGC.SV01,hydraulics_agc_servo,0.2718,0.1733,-0.2284,0,,train
2025-03-01 01:00:00,CRM.AGC.SV01,hydraulics_agc_servo,0.2184,0.1879,0.9578,0,,train
2025-03-01 02:00:00,CRM.AGC.SV01,hydraulics_agc_servo,0.2438,0.2253,1.2847,0,,train
2025-03-01 03:00:00,CRM.AGC.SV01,hydraulics_agc_servo,0.2247,0.2097,0.6272,0,,train
2025-03-01 04:00:00,CRM.AGC.SV01,hydraulics_agc_servo,0.2674,0.2302,0.5804,0,,train
2025-03-01 05:00:00,CRM.AGC.SV01,hydraulics_agc_servo,0.3019,0.2013,1.5569,0,,train
2025-03-01 06:00:00,CRM.AGC.SV01,hydraulics_agc_servo,0.3211,0.205,2.4433,0,,train
2025-03-01 07:00:00,CRM.AGC.SV01,hydraulics_agc_servo,0.3306,0.2014,2.2556,0,,train
2025-03-01 08:00:00,CRM.AGC.SV01,hydraulics_agc_servo,0.3265,0.1715,2.9633,0,,train
2025-03-01 09:00:00,CRM.AGC.SV01,hydraulics_agc_servo,0.3729,0.2093,2.861,0,,train
2025-03-01 10:00:00,CRM.AGC.SV01,hydraulics_agc_servo,0.3659,0.2351,2.3984,0,,train
2025-03-01 11:00:00,CRM.AGC.SV01,hydraulics_agc_servo,0.3254,0.2661,3.0883,0,,train
2025-03-01 12:00:00,CRM.AGC.SV01,hydraulics_agc_servo,0.281,0.1825,2.2713,0,,train
2025-03-01 13:00:00,CRM.AGC.SV01,hydraulics_agc_servo,0.1922,0.2477,1.8479,0,,train
2025-03-01 14:00:00,CRM.AGC.SV01,hydraulics_agc_servo,0.2052,0.2827,1.4019,0,,train
2025-03-01 15:00:00,CRM.AGC.SV01,hydraulics_agc_servo,0.201,0.3013,0.7562,0,,train
2025-03-01 16:00:00,CRM.AGC.SV01,hydraulics_agc_servo,0.1754,0.2463,0.0222,0,,train
2025-03-01 17:00:00,CRM.AGC.SV01,hydraulics_agc_servo,0.1607,0.2197,-1.0088,0,,train
2025-03-01 18:00:00,CRM.AGC.SV01,hydraulics_agc_servo,0.2131,0.1435,-1.212,0,,train
2025-03-01 19:00:00,CRM.AGC.SV01,hydraulics_agc_servo,0.1438,0.2452,-0.779,0,,train
2025-03-01 20:00:00,CRM.AGC.SV01,hydraulics_agc_servo,0.1622,0.2571,-0.3733,0,,train
2025-03-01 21:00:00,CRM.AGC.SV01,hydraulics_agc_servo,0.1808,0.2696,-0.4927,0,,train
2025-03-01 22:00:00,CRM.AGC.SV01,hydraulics_agc_servo,0.165,0.2614,-0.0881,0,,train
2025-03-01 23:00:00,CRM.AGC.SV01,hydraulics_agc_servo,0.1942,0.1815,-0.2158,0,,train
2025-03-02 00:00:00,CRM.AGC.SV01,hydraulics_agc_servo,0.1544,0.2345,0.5308,0,,train
2025-03-02 01:00:00,CRM.AGC.SV01,hydraulics_agc_servo,0.2346,0.2267,0.4649,0,,train
2025-03-02 02:00:00,CRM.AGC.SV01,hydraulics_agc_servo,0.2275,0.1824,0.7904,0,,train
2025-03-02 03:00:00,CRM.AGC.SV01,hydraulics_agc_servo,0.1991,0.2158,0.4435,0,,train
2025-03-02 04:00:00,CRM.AGC.SV01,hydraulics_agc_servo,0.214,0.2641,0.1796,0,,train
2025-03-02 05:00:00,CRM.AGC.SV01,hydraulics_agc_servo,0.1936,0.2763,-0.7214,0,,train
2025-03-02 06:00:00,CRM.AGC.SV01,hydraulics_agc_servo,0.1941,0.289,-0.9454,0,,train
2025-03-02 07:00:00,CRM.AGC.SV01,hydraulics_agc_servo,0.1483,0.3667,-0.0598,0,,train
2025-03-02 08:00:00,CRM.AGC.SV01,hydraulics_agc_servo,0.1295,0.321,0.755,0,,train
2025-03-02 09:00:00,CRM.AGC.SV01,hydraulics_agc_servo,0.1237,0.3442,0.8767,0,,train
2025-03-02 10:00:00,CRM.AGC.SV01,hydraulics_agc_servo,0.206,0.3001,0.694,0,,train
2025-03-02 11:00:00,CRM.AGC.SV01,hydraulics_agc_servo,0.1821,0.2745,1.8099,0,,train
2025-03-02 12:00:00,CRM.AGC.SV01,hydraulics_agc_servo,0.163,0.2351,1.9146,0,,train
2025-03-02 13:00:00,CRM.AGC.SV01,hydraulics_agc_servo,0.1539,0.1866,1.3861,0,,train
2025-03-02 14:00:00,CRM.AGC.SV01,hydraulics_agc_servo,0.1662,0.1696,1.2342,0,,train
2025-03-02 15:00:00,CRM.AGC.SV01,hydraulics_agc_servo,0.1174,0.1646,1.6488,0,,train
2025-03-02 16:00:00,CRM.AGC.SV01,hydraulics_agc_servo,0.1128,0.1548,1.637,0,,train
2025-03-02 17:00:00,CRM.AGC.SV01,hydraulics_agc_servo,0.1603,0.1435,0.7041,0,,train
2025-03-02 18:00:00,CRM.AGC.SV01,hydraulics_agc_servo,0.2021,0.2136,1.0898,0,,train
2025-03-02 19:00:00,CRM.AGC.SV01,hydraulics_agc_servo,0.2417,0.2314,1.116,0,,train
2025-03-02 20:00:00,CRM.AGC.SV01,hydraulics_agc_servo,0.2068,0.242,0.1124,0,,train
2025-03-02 21:00:00,CRM.AGC.SV01,hydraulics_agc_servo,0.2085,0.2373,-0.1492,0,CRM.AGC.SV01::E01,train
2025-03-02 22:00:00,CRM.AGC.SV01,hydraulics_agc_servo,0.2485,0.1186,-0.2444,0,CRM.AGC.SV01::E01,train
2025-03-02 23:00:00,CRM.AGC.SV01,hydraulics_agc_servo,0.2452,0.1358,-0.6058,0,CRM.AGC.SV01::E01,train
2025-03-03 00:00:00,CRM.AGC.SV01,hydraulics_agc_servo,0.2407,0.0983,0.546,0,CRM.AGC.SV01::E01,train
2025-03-03 01:00:00,CRM.AGC.SV01,hydraulics_agc_servo,0.2508,0.0785,0.3716,0,CRM.AGC.SV01::E01,train
2025-03-03 02:00:00,CRM.AGC.SV01,hydraulics_agc_servo,0.3063,0.1105,-0.2394,0,CRM.AGC.SV01::E01,train
2025-03-03 03:00:00,CRM.AGC.SV01,hydraulics_agc_servo,0.3446,0.104,-0.3991,0,CRM.AGC.SV01::E01,train
2025-03-03 04:00:00,CRM.AGC.SV01,hydraulics_agc_servo,0.345,0.1626,-0.5689,0,CRM.AGC.SV01::E01,train
2025-03-03 05:00:00,CRM.AGC.SV01,hydraulics_agc_servo,0.3717,0.2115,-0.6173,0,CRM.AGC.SV01::E01,train
2025-03-03 06:00:00,CRM.AGC.SV01,hydraulics_agc_servo,0.3644,0.2371,-1.1811,0,CRM.AGC.SV01::E01,train
2025-03-03 07:00:00,CRM.AGC.SV01,hydraulics_agc_servo,0.3976,0.1462,-1.0867,0,CRM.AGC.SV01::E01,train
2025-03-03 08:00:00,CRM.AGC.SV01,hydraulics_agc_servo,0.4366,0.2289,-0.8408,0,CRM.AGC.SV01::E01,train
2025-03-03 09:00:00,CRM.AGC.SV01,hydraulics_agc_servo,0.4063,0.2553,-1.1463,0,CRM.AGC.SV01::E01,train
2025-03-03 10:00:00,CRM.AGC.SV01,hydraulics_agc_servo,0.3599,0.2055,-1.3123,0,CRM.AGC.SV01::E01,train
2025-03-03 11:00:00,CRM.AGC.SV01,hydraulics_agc_servo,0.3792,0.215,-0.5951,0,CRM.AGC.SV01::E01,train
2025-03-03 12:00:00,CRM.AGC.SV01,hydraulics_agc_servo,0.3141,0.1822,0.4658,0,CRM.AGC.SV01::E01,train
2025-03-03 13:00:00,CRM.AGC.SV01,hydraulics_agc_servo,0.2727,0.1718,0.0466,0,CRM.AGC.SV01::E01,train
2025-03-03 14:00:00,CRM.AGC.SV01,hydraulics_agc_servo,0.2483,0.1784,-0.1557,0,CRM.AGC.SV01::E01,train
2025-03-03 15:00:00,CRM.AGC.SV01,hydraulics_agc_servo,0.2832,0.213,0.1161,0,CRM.AGC.SV01::E01,train
2025-03-03 16:00:00,CRM.AGC.SV01,hydraulics_agc_servo,0.1954,0.2547,-0.0404,0,CRM.AGC.SV01::E01,train
2025-03-03 17:00:00,CRM.AGC.SV01,hydraulics_agc_servo,0.2804,0.2366,-0.3846,0,CRM.AGC.SV01::E01,train
2025-03-03 18:00:00,CRM.AGC.SV01,hydraulics_agc_servo,0.3357,0.264,-0.1935,0,CRM.AGC.SV01::E01,train
2025-03-03 19:00:00,CRM.AGC.SV01,hydraulics_agc_servo,0.3497,0.2019,-0.2426,0,CRM.AGC.SV01::E01,train
2025-03-03 20:00:00,CRM.AGC.SV01,hydraulics_agc_servo,0.3431,0.252,0.2907,0,CRM.AGC.SV01::E01,train
2025-03-03 21:00:00,CRM.AGC.SV01,hydraulics_agc_servo,0.3119,,,0,CRM.AGC.SV01::E01,train
2025-03-03 22:00:00,CRM.AGC.SV01,hydraulics_agc_servo,0.2833,0.2715,0.1032,0,CRM.AGC.SV01::E01,train
2025-03-03 23:00:00,CRM.AGC.SV01,hydraulics_agc_servo,0.2877,0.2358,0.0471,0,CRM.AGC.SV01::E01,train
2025-03-04 00:00:00,CRM.AGC.SV01,hydraulics_agc_servo,0.2835,0.2106,-0.2589,0,CRM.AGC.SV01::E01,train
2025-03-04 01:00:00,CRM.AGC.SV01,hydraulics_agc_servo,0.3196,0.2029,-1.3079,0,CRM.AGC.SV01::E01,train
2025-03-04 02:00:00,CRM.AGC.SV01,hydraulics_agc_servo,0.3245,0.2076,-0.0892,0,CRM.AGC.SV01::E01,train
2025-03-04 03:00:00,CRM.AGC.SV01,hydraulics_agc_servo,0.3406,0.1719,0.264,0,CRM.AGC.SV01::E01,train
2025-03-04 04:00:00,CRM.AGC.SV01,hydraulics_agc_servo,0.3811,0.1902,0.0818,0,CRM.AGC.SV01::E01,train
2025-03-04 05:00:00,CRM.AGC.SV01,hydraulics_agc_servo,0.3601,0.1272,-0.302,0,CRM.AGC.SV01::E01,train
2025-03-04 06:00:00,CRM.AGC.SV01,hydraulics_agc_servo,0.3549,0.1347,0.0163,0,CRM.AGC.SV01::E01,train
2025-03-04 07:00:00,CRM.AGC.SV01,hydraulics_agc_servo,0.3208,0.1817,-0.3705,0,CRM.AGC.SV01::E01,train
2025-03-04 08:00:00,CRM.AGC.SV01,hydraulics_agc_servo,0.3566,0.2203,-0.2383,0,CRM.AGC.SV01::E01,train
2025-03-04 09:00:00,CRM.AGC.SV01,hydraulics_agc_servo,0.3038,0.2195,-0.8584,0,CRM.AGC.SV01::E01,train
2025-03-04 10:00:00,CRM.AGC.SV01,hydraulics_agc_servo,0.3122,0.2621,-0.424,0,CRM.AGC.SV01::E01,train
2025-03-04 11:00:00,CRM.AGC.SV01,hydraulics_agc_servo,0.3128,0.1993,-1.0576,0,CRM.AGC.SV01::E01,train
2025-03-04 12:00:00,CRM.AGC.SV01,hydraulics_agc_servo,0.3205,0.1334,-0.824,0,CRM.AGC.SV01::E01,train
2025-03-04 13:00:00,CRM.AGC.SV01,hydraulics_agc_servo,0.3156,0.1493,-0.0738,0,CRM.AGC.SV01::E01,train
2025-03-04 14:00:00,CRM.AGC.SV01,hydraulics_agc_servo,0.3289,0.2019,-1.1129,0,CRM.AGC.SV01::E01,train
2025-03-04 15:00:00,CRM.AGC.SV01,hydraulics_agc_servo,0.3025,0.134,-1.0202,0,CRM.AGC.SV01::E01,train
2025-03-04 16:00:00,CRM.AGC.SV01,hydraulics_agc_servo,0.245,0.1013,-1.0489,0,CRM.AGC.SV01::E01,train
2025-03-04 17:00:00,CRM.AGC.SV01,hydraulics_agc_servo,0.2553,0.137,-0.2541,0,CRM.AGC.SV01::E01,train
2025-03-04 18:00:00,CRM.AGC.SV01,hydraulics_agc_servo,0.3004,0.1858,-0.857,0,CRM.AGC.SV01::E01,train
2025-03-04 19:00:00,CRM.AGC.SV01,hydraulics_agc_servo,0.3299,0.1894,-1.2526,0,CRM.AGC.SV01::E01,train
2025-03-04 20:00:00,CRM.AGC.SV01,hydraulics_agc_servo,0.3353,0.1926,-1.3552,0,CRM.AGC.SV01::E01,train
2025-03-04 21:00:00,CRM.AGC.SV01,hydraulics_agc_servo,0.3506,0.1373,-0.8153,0,CRM.AGC.SV01::E01,train
2025-03-04 22:00:00,CRM.AGC.SV01,hydraulics_agc_servo,0.3251,0.1142,-1.1302,0,CRM.AGC.SV01::E01,train
2025-03-04 23:00:00,CRM.AGC.SV01,hydraulics_agc_servo,0.2445,0.0556,-0.5048,0,CRM.AGC.SV01::E01,train
2025-03-05 00:00:00,CRM.AGC.SV01,hydraulics_agc_servo,0.1992,0.1565,-1.5826,0,CRM.AGC.SV01::E01,train
2025-03-05 01:00:00,CRM.AGC.SV01,hydraulics_agc_servo,0.2404,0.1957,-2.011,0,CRM.AGC.SV01::E01,train
2025-03-05 02:00:00,CRM.AGC.SV01,hydraulics_agc_servo,0.2742,0.1986,-1.7044,0,CRM.AGC.SV01::E01,train
2025-03-05 03:00:00,CRM.AGC.SV01,hydraulics_agc_servo,0.2659,0.1652,-1.3521,0,CRM.AGC.SV01::E01,train
2025-03-05 04:00:00,CRM.AGC.SV01,hydraulics_agc_servo,0.2778,0.2386,-1.4146,0,CRM.AGC.SV01::E01,train
2025-03-05 05:00:00,CRM.AGC.SV01,hydraulics_agc_servo,0.3238,0.2133,-0.926,0,CRM.AGC.SV01::E01,train
2025-03-05 06:00:00,CRM.AGC.SV01,hydraulics_agc_servo,0.2999,0.2397,-1.0819,0,CRM.AGC.SV01::E01,train
2025-03-05 07:00:00,CRM.AGC.SV01,hydraulics_agc_servo,0.2763,0.2908,-0.103,0,CRM.AGC.SV01::E01,train
2025-03-05 08:00:00,CRM.AGC.SV01,hydraulics_agc_servo,0.3514,0.2596,0.444,0,CRM.AGC.SV01::E01,train
2025-03-05 09:00:00,CRM.AGC.SV01,hydraulics_agc_servo,0.3609,0.3024,-0.0751,0,CRM.AGC.SV01::E01,train
2025-03-05 10:00:00,CRM.AGC.SV01,hydraulics_agc_servo,0.3181,0.3803,-0.8897,0,CRM.AGC.SV01::E01,train
2025-03-05 11:00:00,CRM.AGC.SV01,hydraulics_agc_servo,0.3649,0.38,-0.9486,0,CRM.AGC.SV01::E01,train
2025-03-05 12:00:00,CRM.AGC.SV01,hydraulics_agc_servo,0.3713,0.3104,-1.1033,0,CRM.AGC.SV01::E01,train
2025-03-05 13:00:00,CRM.AGC.SV01,hydraulics_agc_servo,0.3977,0.2781,-1.9078,0,CRM.AGC.SV01::E01,train
2025-03-05 14:00:00,CRM.AGC.SV01,hydraulics_agc_servo,0.4352,0.2813,-2.4064,0,CRM.AGC.SV01::E01,train
2025-03-05 15:00:00,CRM.AGC.SV01,hydraulics_agc_servo,0.4408,0.25,-2.1577,0,CRM.AGC.SV01::E01,train
2025-03-05 16:00:00,CRM.AGC.SV01,hydraulics_agc_servo,0.4277,0.2297,-2.631,0,CRM.AGC.SV01::E01,train
2025-03-05 17:00:00,CRM.AGC.SV01,hydraulics_agc_servo,0.3957,0.2119,-2.4216,0,CRM.AGC.SV01::E01,train
2025-03-05 18:00:00,CRM.AGC.SV01,hydraulics_agc_servo,0.3828,0.2201,-3.4553,0,CRM.AGC.SV01::E01,train
2025-03-05 19:00:00,CRM.AGC.SV01,hydraulics_agc_servo,0.4001,0.2914,-3.2599,0,CRM.AGC.SV01::E01,train
2025-03-05 20:00:00,CRM.AGC.SV01,hydraulics_agc_servo,0.4003,0.2693,-3.5888,0,CRM.AGC.SV01::E01,train
2025-03-05 21:00:00,CRM.AGC.SV01,hydraulics_agc_servo,0.3596,0.312,-3.7087,0,CRM.AGC.SV01::E01,train
2025-03-05 22:00:00,CRM.AGC.SV01,hydraulics_agc_servo,0.2894,0.2802,-2.8414,0,CRM.AGC.SV01::E01,train
2025-03-05 23:00:00,CRM.AGC.SV01,hydraulics_agc_servo,0.3424,0.3235,-2.5285,0,CRM.AGC.SV01::E01,train
2025-03-06 00:00:00,CRM.AGC.SV01,hydraulics_agc_servo,0.3135,0.2776,-3.0792,0,CRM.AGC.SV01::E01,train
2025-03-06 01:00:00,CRM.AGC.SV01,hydraulics_agc_servo,0.3131,0.2949,-2.1285,0,CRM.AGC.SV01::E01,train
2025-03-06 02:00:00,CRM.AGC.SV01,hydraulics_agc_servo,0.3547,0.2745,-1.9041,0,CRM.AGC.SV01::E01,train
2025-03-06 03:00:00,CRM.AGC.SV01,hydraulics_agc_servo,0.3456,0.3316,-1.6432,0,CRM.AGC.SV01::E01,train
2025-03-06 04:00:00,CRM.AGC.SV01,hydraulics_agc_servo,0.3571,0.3165,-1.2238,0,CRM.AGC.SV01::E01,train
2025-03-06 05:00:00,CRM.AGC.SV01,hydraulics_agc_servo,0.3351,0.3292,-1.0537,0,CRM.AGC.SV01::E01,train
2025-03-06 06:00:00,CRM.AGC.SV01,hydraulics_agc_servo,0.2905,0.288,-0.4274,0,CRM.AGC.SV01::E01,train
2025-03-06 07:00:00,CRM.AGC.SV01,hydraulics_agc_servo,0.3027,0.2705,-0.6639,0,CRM.AGC.SV01::E01,train
2025-03-06 08:00:00,CRM.AGC.SV01,hydraulics_agc_servo,0.2975,0.2749,-0.6157,0,CRM.AGC.SV01::E01,train
2025-03-06 09:00:00,CRM.AGC.SV01,hydraulics_agc_servo,0.3603,0.2366,-0.8425,0,CRM.AGC.SV01::E01,train
2025-03-06 10:00:00,CRM.AGC.SV01,hydraulics_agc_servo,0.327,0.224,-0.3968,0,CRM.AGC.SV01::E01,train
2025-03-06 11:00:00,CRM.AGC.SV01,hydraulics_agc_servo,0.3421,0.2699,-0.6918,0,CRM.AGC.SV01::E01,train
2025-03-06 12:00:00,CRM.AGC.SV01,hydraulics_agc_servo,0.4049,0.2181,1.0581,0,CRM.AGC.SV01::E01,train
2025-03-06 13:00:00,CRM.AGC.SV01,hydraulics_agc_servo,0.4264,0.218,0.1425,0,CRM.AGC.SV01::E01,train
2025-03-06 14:00:00,CRM.AGC.SV01,hydraulics_agc_servo,0.4236,0.2162,-0.5005,0,CRM.AGC.SV01::E01,train
2025-03-06 15:00:00,CRM.AGC.SV01,hydraulics_agc_servo,0.4259,0.2355,-1.4168,0,CRM.AGC.SV01::E01,train
2025-03-06 16:00:00,CRM.AGC.SV01,hydraulics_agc_servo,0.4556,0.2427,-0.2404,0,CRM.AGC.SV01::E01,train
2025-03-06 17:00:00,CRM.AGC.SV01,hydraulics_agc_servo,0.4471,0.2154,-0.3795,0,CRM.AGC.SV01::E01,train
2025-03-06 18:00:00,CRM.AGC.SV01,hydraulics_agc_servo,0.4582,0.2053,-1.2927,0,CRM.AGC.SV01::E01,train
2025-03-06 19:00:00,CRM.AGC.SV01,hydraulics_agc_servo,0.436,0.138,-0.6661,0,CRM.AGC.SV01::E01,train
2025-03-06 20:00:00,CRM.AGC.SV01,hydraulics_agc_servo,0.4365,0.1145,-0.3576,0,CRM.AGC.SV01::E01,train
2025-03-06 21:00:00,CRM.AGC.SV01,hydraulics_agc_servo,0.438,0.1429,-0.7458,0,CRM.AGC.SV01::E01,train
2025-03-06 22:00:00,CRM.AGC.SV01,hydraulics_agc_servo,0.3559,0.187,-0.0992,0,CRM.AGC.SV01::E01,train
2025-03-06 23:00:00,CRM.AGC.SV01,hydraulics_agc_servo,0.3828,0.2137,0.1711,0,CRM.AGC.SV01::E01,train
2025-03-07 00:00:00,CRM.AGC.SV01,hydraulics_agc_servo,0.409,0.2387,0.6406,0,CRM.AGC.SV01::E01,train
2025-03-07 01:00:00,CRM.AGC.SV01,hydraulics_agc_servo,0.3958,0.2379,1.6106,0,CRM.AGC.SV01::E01,train
2025-03-07 02:00:00,CRM.AGC.SV01,hydraulics_agc_servo,0.3928,0.2136,1.2493,0,CRM.AGC.SV01::E01,train
2025-03-07 03:00:00,CRM.AGC.SV01,hydraulics_agc_servo,0.3882,0.2344,1.7756,0,CRM.AGC.SV01::E01,train
2025-03-07 04:00:00,CRM.AGC.SV01,hydraulics_agc_servo,0.4334,0.2041,1.6682,0,CRM.AGC.SV01::E01,train
2025-03-07 05:00:00,CRM.AGC.SV01,hydraulics_agc_servo,0.4899,0.1872,2.077,0,CRM.AGC.SV01::E01,train
2025-03-07 06:00:00,CRM.AGC.SV01,hydraulics_agc_servo,0.4588,0.2065,1.4678,0,CRM.AGC.SV01::E01,train
2025-03-07 07:00:00,CRM.AGC.SV01,hydraulics_agc_servo,0.5387,0.2572,1.9842,0,CRM.AGC.SV01::E01,train
2025-03-07 08:00:00,CRM.AGC.SV01,hydraulics_agc_servo,0.5404,0.2438,1.8323,0,CRM.AGC.SV01::E01,train
2025-03-07 09:00:00,CRM.AGC.SV01,hydraulics_agc_servo,0.4989,0.2361,2.7335,0,CRM.AGC.SV01::E01,train
2025-03-07 10:00:00,CRM.AGC.SV01,hydraulics_agc_servo,0.418,0.1744,2.292,0,CRM.AGC.SV01::E01,train
2025-03-07 11:00:00,CRM.AGC.SV01,hydraulics_agc_servo,0.3581,0.2189,2.335,0,CRM.AGC.SV01::E01,train
2025-03-07 12:00:00,CRM.AGC.SV01,hydraulics_agc_servo,0.3603,0.2524,1.3816,0,CRM.AGC.SV01::E01,train
2025-03-07 13:00:00,CRM.AGC.SV01,hydraulics_agc_servo,0.3134,0.3054,2.0097,0,CRM.AGC.SV01::E01,train
2025-03-07 14:00:00,CRM.AGC.SV01,hydraulics_agc_servo,0.3275,0.3969,2.196,0,CRM.AGC.SV01::E01,train
2025-03-07 15:00:00,CRM.AGC.SV01,hydraulics_agc_servo,0.3818,0.3608,2.1953,0,CRM.AGC.SV01::E01,train
2025-03-07 16:00:00,CRM.AGC.SV01,hydraulics_agc_servo,0.386,0.3615,5.432,0,CRM.AGC.SV01::E01,train
2025-03-07 17:00:00,CRM.AGC.SV01,hydraulics_agc_servo,0.3911,0.381,6.6809,0,CRM.AGC.SV01::E01,train
2025-03-07 18:00:00,CRM.AGC.SV01,hydraulics_agc_servo,0.4235,0.3593,4.8557,0,CRM.AGC.SV01::E01,train
2025-03-07 19:00:00,CRM.AGC.SV01,hydraulics_agc_servo,0.4303,0.3635,0.6792,0,CRM.AGC.SV01::E01,train
2025-03-07 20:00:00,CRM.AGC.SV01,hydraulics_agc_servo,0.4597,0.3801,-0.0197,0,CRM.AGC.SV01::E01,train
2025-03-07 21:00:00,CRM.AGC.SV01,hydraulics_agc_servo,0.573,0.3419,0.1369,0,CRM.AGC.SV01::E01,train
2025-03-07 22:00:00,CRM.AGC.SV01,hydraulics_agc_servo,0.9036,0.3334,0.6468,0,CRM.AGC.SV01::E01,train
2025-03-07 23:00:00,CRM.AGC.SV01,hydraulics_agc_servo,1.2285,0.3958,0.667,0,CRM.AGC.SV01::E01,train
2025-03-08 00:00:00,CRM.AGC.SV01,hydraulics_agc_servo,1.3901,0.3888,0.1375,0,CRM.AGC.SV01::E01,train
2025-03-08 01:00:00,CRM.AGC.SV01,hydraulics_agc_servo,1.2244,0.4101,-0.1325,0,CRM.AGC.SV01::E01,train
2025-03-08 02:00:00,CRM.AGC.SV01,hydraulics_agc_servo,0.8502,0.4226,0.2307,0,CRM.AGC.SV01::E01,train
2025-03-08 03:00:00,CRM.AGC.SV01,hydraulics_agc_servo,0.4837,0.4088,-0.6152,0,CRM.AGC.SV01::E01,train
2025-03-08 04:00:00,CRM.AGC.SV01,hydraulics_agc_servo,0.3622,0.3342,-1.9421,0,CRM.AGC.SV01::E01,train
2025-03-08 05:00:00,CRM.AGC.SV01,hydraulics_agc_servo,0.3828,0.3706,-1.3128,0,CRM.AGC.SV01::E01,train
2025-03-08 06:00:00,CRM.AGC.SV01,hydraulics_agc_servo,0.4267,0.3621,-1.4395,0,CRM.AGC.SV01::E01,train
2025-03-08 07:00:00,CRM.AGC.SV01,hydraulics_agc_servo,0.4025,0.3461,-1.4423,0,CRM.AGC.SV01::E01,train
2025-03-08 08:00:00,CRM.AGC.SV01,hydraulics_agc_servo,0.4572,0.2659,-2.8696,0,CRM.AGC.SV01::E01,train
2025-03-08 09:00:00,CRM.AGC.SV01,hydraulics_agc_servo,0.467,0.2489,-2.6091,0,CRM.AGC.SV01::E01,train
2025-03-08 10:00:00,CRM.AGC.SV01,hydraulics_agc_servo,0.4322,0.2192,-2.929,0,CRM.AGC.SV01::E01,train
2025-03-08 11:00:00,CRM.AGC.SV01,hydraulics_agc_servo,0.3844,0.2369,-2.7272,0,CRM.AGC.SV01::E01,train
2025-03-08 12:00:00,CRM.AGC.SV01,hydraulics_agc_servo,0.3388,0.2408,-2.104,0,CRM.AGC.SV01::E01,train
2025-03-08 13:00:00,CRM.AGC.SV01,hydraulics_agc_servo,0.3579,0.2735,-1.7259,0,CRM.AGC.SV01::E01,train
2025-03-08 14:00:00,CRM.AGC.SV01,hydraulics_agc_servo,0.4335,0.3574,-2.043,0,CRM.AGC.SV01::E01,train
2025-03-08 15:00:00,CRM.AGC.SV01,hydraulics_agc_servo,0.45,0.3491,-2.4858,0,CRM.AGC.SV01::E01,train
2025-03-08 16:00:00,CRM.AGC.SV01,hydraulics_agc_servo,0.4415,0.3137,-1.9121,0,CRM.AGC.SV01::E01,train
2025-03-08 17:00:00,CRM.AGC.SV01,hydraulics_agc_servo,0.4228,0.2529,-1.4275,0,CRM.AGC.SV01::E01,train
2025-03-08 18:00:00,CRM.AGC.SV01,hydraulics_agc_servo,0.4433,0.2307,-1.1132,0,CRM.AGC.SV01::E01,train
2025-03-08 19:00:00,CRM.AGC.SV01,hydraulics_agc_servo,0.3943,0.2176,-0.5723,0,CRM.AGC.SV01::E01,train
2025-03-08 20:00:00,CRM.AGC.SV01,hydraulics_agc_servo,0.3685,0.2549,-0.3906,0,CRM.AGC.SV01::E01,train
2025-03-08 21:00:00,CRM.AGC.SV01,hydraulics_agc_servo,0.3715,0.2577,-0.2664,0,CRM.AGC.SV01::E01,train
2025-03-08 22:00:00,CRM.AGC.SV01,hydraulics_agc_servo,0.3722,0.2269,-1.0416,0,CRM.AGC.SV01::E01,train
2025-03-08 23:00:00,CRM.AGC.SV01,hydraulics_agc_servo,0.3443,0.2657,0.3651,0,CRM.AGC.SV01::E01,train
2025-03-09 00:00:00,CRM.AGC.SV01,hydraulics_agc_servo,0.3989,0.3329,-1.123,0,CRM.AGC.SV01::E01,train
2025-03-09 01:00:00,CRM.AGC.SV01,hydraulics_agc_servo,0.4155,0.2643,-0.161,0,CRM.AGC.SV01::E01,train
2025-03-09 02:00:00,CRM.AGC.SV01,hydraulics_agc_servo,0.4298,0.24,0.3093,0,CRM.AGC.SV01::E01,train
2025-03-09 03:00:00,CRM.AGC.SV01,hydraulics_agc_servo,0.4539,0.226,0.3128,0,CRM.AGC.SV01::E01,train
2025-03-09 04:00:00,CRM.AGC.SV01,hydraulics_agc_servo,0.4677,0.219,-0.199,0,CRM.AGC.SV01::E01,train
2025-03-09 05:00:00,CRM.AGC.SV01,hydraulics_agc_servo,0.4875,0.2769,-0.5108,0,CRM.AGC.SV01::E01,train
2025-03-09 06:00:00,CRM.AGC.SV01,hydraulics_agc_servo,0.4964,0.2371,0.2059,0,CRM.AGC.SV01::E01,train
2025-03-09 07:00:00,CRM.AGC.SV01,hydraulics_agc_servo,0.4985,0.2444,1.1526,0,CRM.AGC.SV01::E01,train
2025-03-09 08:00:00,CRM.AGC.SV01,hydraulics_agc_servo,0.457,0.2532,0.6509,0,CRM.AGC.SV01::E01,train
2025-03-09 09:00:00,CRM.AGC.SV01,hydraulics_agc_servo,0.4362,0.2589,0.6508,0,CRM.AGC.SV01::E01,train
2025-03-09 10:00:00,CRM.AGC.SV01,hydraulics_agc_servo,0.4402,0.3216,1.0577,0,CRM.AGC.SV01::E01,train
2025-03-09 11:00:00,CRM.AGC.SV01,hydraulics_agc_servo,0.3891,0.2993,1.3747,0,CRM.AGC.SV01::E01,train
2025-03-09 12:00:00,CRM.AGC.SV01,hydraulics_agc_servo,0.3627,0.3612,0.4239,0,CRM.AGC.SV01::E01,train
2025-03-09 13:00:00,CRM.AGC.SV01,hydraulics_agc_servo,0.3347,0.4121,0.3249,0,CRM.AGC.SV01::E01,train
2025-03-09 14:00:00,CRM.AGC.SV01,hydraulics_agc_servo,0.3254,0.3769,-0.0504,0,CRM.AGC.SV01::E01,train
2025-03-09 15:00:00,CRM.AGC.SV01,hydraulics_agc_servo,0.3266,0.3462,-0.939,0,CRM.AGC.SV01::E01,train
2025-03-09 16:00:00,CRM.AGC.SV01,hydraulics_agc_servo,0.387,0.3728,-0.7723,0,CRM.AGC.SV01::E01,train
2025-03-09 17:00:00,CRM.AGC.SV01,hydraulics_agc_servo,0.4303,0.4032,-0.0566,0,CRM.AGC.SV01::E01,train
2025-03-09 18:00:00,CRM.AGC.SV01,hydraulics_agc_servo,0.4331,0.364,0.0658,0,CRM.AGC.SV01::E01,train
2025-03-09 19:00:00,CRM.AGC.SV01,hydraulics_agc_servo,0.3967,0.353,-0.4929,0,CRM.AGC.SV01::E01,train
2025-03-09 20:00:00,CRM.AGC.SV01,hydraulics_agc_servo,0.3441,0.3908,-0.5929,0,CRM.AGC.SV01::E01,train
2025-03-09 21:00:00,CRM.AGC.SV01,hydraulics_agc_servo,0.3633,0.3328,-1.809,0,CRM.AGC.SV01::E01,train
2025-03-09 22:00:00,CRM.AGC.SV01,hydraulics_agc_servo,0.3893,0.3589,-1.697,0,CRM.AGC.SV01::E01,train
2025-03-09 23:00:00,CRM.AGC.SV01,hydraulics_agc_servo,0.404,0.3123,-1.5365,0,CRM.AGC.SV01::E01,train
2025-03-10 00:00:00,CRM.AGC.SV01,hydraulics_agc_servo,0.3836,0.2825,-1.9267,0,CRM.AGC.SV01::E01,train
2025-03-10 01:00:00,CRM.AGC.SV01,hydraulics_agc_servo,0.3477,0.3063,-2.012,0,CRM.AGC.SV01::E01,train
2025-03-10 02:00:00,CRM.AGC.SV01,hydraulics_agc_servo,0.3687,0.3302,-1.3769,0,CRM.AGC.SV01::E01,train
2025-03-10 03:00:00,CRM.AGC.SV01,hydraulics_agc_servo,0.409,0.2351,-0.9347,0,CRM.AGC.SV01::E01,train
2025-03-10 04:00:00,CRM.AGC.SV01,hydraulics_agc_servo,0.4459,0.2666,-1.4024,0,CRM.AGC.SV01::E01,train
2025-03-10 05:00:00,CRM.AGC.SV01,hydraulics_agc_servo,0.4346,0.174,-1.2513,0,CRM.AGC.SV01::E01,train
2025-03-10 06:00:00,CRM.AGC.SV01,hydraulics_agc_servo,0.4099,0.1578,-1.3598,0,CRM.AGC.SV01::E01,train
2025-03-10 07:00:00,CRM.AGC.SV01,hydraulics_agc_servo,0.6605,0.1566,-1.7572,0,CRM.AGC.SV01::E01,train
2025-03-10 08:00:00,CRM.AGC.SV01,hydraulics_agc_servo,1.1414,0.1464,-1.7722,0,CRM.AGC.SV01::E01,train
2025-03-10 09:00:00,CRM.AGC.SV01,hydraulics_agc_servo,1.3713,0.1941,-2.1176,0,CRM.AGC.SV01::E01,train
2025-03-10 10:00:00,CRM.AGC.SV01,hydraulics_agc_servo,1.0951,0.1554,-2.2856,0,CRM.AGC.SV01::E01,train
2025-03-10 11:00:00,CRM.AGC.SV01,hydraulics_agc_servo,0.6325,0.1185,-2.1563,0,CRM.AGC.SV01::E01,train
2025-03-10 12:00:00,CRM.AGC.SV01,hydraulics_agc_servo,0.4388,0.1169,-2.434,0,CRM.AGC.SV01::E01,train
2025-03-10 13:00:00,CRM.AGC.SV01,hydraulics_agc_servo,0.4457,0.1427,-2.6402,0,CRM.AGC.SV01::E01,train
2025-03-10 14:00:00,CRM.AGC.SV01,hydraulics_agc_servo,0.4267,0.1182,-2.2268,0,CRM.AGC.SV01::E01,train
2025-03-10 15:00:00,CRM.AGC.SV01,hydraulics_agc_servo,0.4174,0.1066,-1.7694,0,CRM.AGC.SV01::E01,train
2025-03-10 16:00:00,CRM.AGC.SV01,hydraulics_agc_servo,0.4382,0.0715,-1.4679,0,CRM.AGC.SV01::E01,train
2025-03-10 17:00:00,CRM.AGC.SV01,hydraulics_agc_servo,0.377,0.1346,-1.5545,0,CRM.AGC.SV01::E01,train
2025-03-10 18:00:00,CRM.AGC.SV01,hydraulics_agc_servo,0.3829,0.2085,-1.9352,0,CRM.AGC.SV01::E01,train
2025-03-10 19:00:00,CRM.AGC.SV01,hydraulics_agc_servo,0.397,0.1902,-1.1476,0,CRM.AGC.SV01::E01,train
2025-03-10 20:00:00,CRM.AGC.SV01,hydraulics_agc_servo,0.3749,0.2411,-2.1308,0,CRM.AGC.SV01::E01,train
2025-03-10 21:00:00,CRM.AGC.SV01,hydraulics_agc_servo,0.3791,0.2167,-1.7315,0,CRM.AGC.SV01::E01,train
2025-03-10 22:00:00,CRM.AGC.SV01,hydraulics_agc_servo,0.4158,0.2332,-0.9038,0,CRM.AGC.SV01::E01,train
2025-03-10 23:00:00,CRM.AGC.SV01,hydraulics_agc_servo,0.406,0.2618,-0.401,0,CRM.AGC.SV01::E01,train
2025-03-11 00:00:00,CRM.AGC.SV01,hydraulics_agc_servo,0.4346,0.1798,-0.3247,0,CRM.AGC.SV01::E01,train
2025-03-11 01:00:00,CRM.AGC.SV01,hydraulics_agc_servo,0.3794,0.15,0.2204,0,CRM.AGC.SV01::E01,train
2025-03-11 02:00:00,CRM.AGC.SV01,hydraulics_agc_servo,0.4464,0.167,0.018,0,CRM.AGC.SV01::E01,train
2025-03-11 03:00:00,CRM.AGC.SV01,hydraulics_agc_servo,0.4404,0.1832,0.2977,0,CRM.AGC.SV01::E01,train
2025-03-11 04:00:00,CRM.AGC.SV01,hydraulics_agc_servo,0.4805,0.2289,-0.0512,0,CRM.AGC.SV01::E01,train
2025-03-11 05:00:00,CRM.AGC.SV01,hydraulics_agc_servo,0.4979,0.1801,-0.9249,0,CRM.AGC.SV01::E01,train
2025-03-11 06:00:00,CRM.AGC.SV01,hydraulics_agc_servo,0.5657,0.1894,-1.7817,0,CRM.AGC.SV01::E01,train
2025-03-11 07:00:00,CRM.AGC.SV01,hydraulics_agc_servo,0.595,0.174,-0.9228,0,CRM.AGC.SV01::E01,train
2025-03-11 08:00:00,CRM.AGC.SV01,hydraulics_agc_servo,0.6155,0.1938,-0.9849,0,CRM.AGC.SV01::E01,train
2025-03-11 09:00:00,CRM.AGC.SV01,hydraulics_agc_servo,0.5493,0.1597,-1.8572,0,CRM.AGC.SV01::E01,train
2025-03-11 10:00:00,CRM.AGC.SV01,hydraulics_agc_servo,0.5651,0.2045,-1.8116,0,CRM.AGC.SV01::E01,train
2025-03-11 11:00:00,CRM.AGC.SV01,hydraulics_agc_servo,0.5834,0.2186,-2.0392,0,CRM.AGC.SV01::E01,train
2025-03-11 12:00:00,CRM.AGC.SV01,hydraulics_agc_servo,0.6162,0.1909,-1.3084,0,CRM.AGC.SV01::E01,train
2025-03-11 13:00:00,CRM.AGC.SV01,hydraulics_agc_servo,0.5682,0.1431,-1.6532,0,CRM.AGC.SV01::E01,train
2025-03-11 14:00:00,CRM.AGC.SV01,hydraulics_agc_servo,0.4872,0.1289,-1.8908,0,CRM.AGC.SV01::E01,train
2025-03-11 15:00:00,CRM.AGC.SV01,hydraulics_agc_servo,0.4565,0.1619,-2.0077,0,CRM.AGC.SV01::E01,train
2025-03-11 16:00:00,CRM.AGC.SV01,hydraulics_agc_servo,0.4192,0.1642,-1.5234,0,CRM.AGC.SV01::E01,train
2025-03-11 17:00:00,CRM.AGC.SV01,hydraulics_agc_servo,0.4012,0.1097,-2.5561,0,CRM.AGC.SV01::E01,train
2025-03-11 18:00:00,CRM.AGC.SV01,hydraulics_agc_servo,0.3712,0.1359,-2.1361,0,CRM.AGC.SV01::E01,train
2025-03-11 19:00:00,CRM.AGC.SV01,hydraulics_agc_servo,0.3897,0.0754,-2.0062,0,CRM.AGC.SV01::E01,train
2025-03-11 20:00:00,CRM.AGC.SV01,hydraulics_agc_servo,0.3745,0.0761,-1.9637,0,CRM.AGC.SV01::E01,train
2025-03-11 21:00:00,CRM.AGC.SV01,hydraulics_agc_servo,0.4372,0.1101,-1.8858,0,CRM.AGC.SV01::E01,train
2025-03-11 22:00:00,CRM.AGC.SV01,hydraulics_agc_servo,0.4323,0.1239,-1.988,0,CRM.AGC.SV01::E01,train
2025-03-11 23:00:00,CRM.AGC.SV01,hydraulics_agc_servo,0.5161,0.1588,-1.0576,0,CRM.AGC.SV01::E01,train
2025-03-12 00:00:00,CRM.AGC.SV01,hydraulics_agc_servo,0.5346,0.1824,-1.1297,0,CRM.AGC.SV01::E01,train
2025-03-12 01:00:00,CRM.AGC.SV01,hydraulics_agc_servo,0.5322,0.2699,-0.0797,0,CRM.AGC.SV01::E01,train
2025-03-12 02:00:00,CRM.AGC.SV01,hydraulics_agc_servo,0.4937,0.2906,0.4919,0,CRM.AGC.SV01::E01,train
2025-03-12 03:00:00,CRM.AGC.SV01,hydraulics_agc_servo,0.4984,0.2902,0.3355,0,CRM.AGC.SV01::E01,train
2025-03-12 04:00:00,CRM.AGC.SV01,hydraulics_agc_servo,0.5118,0.2639,0.7963,0,CRM.AGC.SV01::E01,train
2025-03-12 05:00:00,CRM.AGC.SV01,hydraulics_agc_servo,0.5298,0.1854,-0.8466,0,CRM.AGC.SV01::E01,train
2025-03-12 06:00:00,CRM.AGC.SV01,hydraulics_agc_servo,0.5375,0.1866,0.1701,0,CRM.AGC.SV01::E01,train
2025-03-12 07:00:00,CRM.AGC.SV01,hydraulics_agc_servo,0.5869,0.2232,0.1719,0,CRM.AGC.SV01::E01,train
2025-03-12 08:00:00,CRM.AGC.SV01,hydraulics_agc_servo,0.5866,0.2397,0.9278,0,CRM.AGC.SV01::E01,train
2025-03-12 09:00:00,CRM.AGC.SV01,hydraulics_agc_servo,0.5888,0.2617,0.9877,0,CRM.AGC.SV01::E01,train
2025-03-12 10:00:00,CRM.AGC.SV01,hydraulics_agc_servo,0.584,0.284,0.9301,0,CRM.AGC.SV01::E01,train
2025-03-12 11:00:00,CRM.AGC.SV01,hydraulics_agc_servo,0.6086,0.308,1.2319,0,CRM.AGC.SV01::E01,train
2025-03-12 12:00:00,CRM.AGC.SV01,hydraulics_agc_servo,0.5694,0.2624,0.9138,0,CRM.AGC.SV01::E01,train
2025-03-12 13:00:00,CRM.AGC.SV01,hydraulics_agc_servo,0.5268,0.2346,0.0561,0,CRM.AGC.SV01::E01,train
2025-03-12 14:00:00,CRM.AGC.SV01,hydraulics_agc_servo,0.5167,0.2257,-0.7884,0,CRM.AGC.SV01::E01,train
2025-03-12 15:00:00,CRM.AGC.SV01,hydraulics_agc_servo,0.5645,0.2156,-1.1068,0,CRM.AGC.SV01::E01,train
2025-03-12 16:00:00,CRM.AGC.SV01,hydraulics_agc_servo,0.5779,0.2271,-1.6073,0,CRM.AGC.SV01::E01,train
2025-03-12 17:00:00,CRM.AGC.SV01,hydraulics_agc_servo,0.6007,0.219,-2.0403,0,CRM.AGC.SV01::E01,train
2025-03-12 18:00:00,CRM.AGC.SV01,hydraulics_agc_servo,0.5817,0.2401,-1.6896,0,CRM.AGC.SV01::E01,train
2025-03-12 19:00:00,CRM.AGC.SV01,hydraulics_agc_servo,0.572,0.2196,-1.544,0,CRM.AGC.SV01::E01,train
2025-03-12 20:00:00,CRM.AGC.SV01,hydraulics_agc_servo,0.5287,0.2253,-0.7982,0,CRM.AGC.SV01::E01,train
2025-03-12 21:00:00,CRM.AGC.SV01,hydraulics_agc_servo,0.5003,0.2312,-0.6483,0,CRM.AGC.SV01::E01,train
2025-03-12 22:00:00,CRM.AGC.SV01,hydraulics_agc_servo,0.5025,0.2419,-0.5355,0,CRM.AGC.SV01::E01,train
2025-03-12 23:00:00,CRM.AGC.SV01,hydraulics_agc_servo,0.5283,0.2968,0.1405,0,CRM.AGC.SV01::E01,train
2025-03-13 00:00:00,CRM.AGC.SV01,hydraulics_agc_servo,0.5255,0.3352,0.3548,0,CRM.AGC.SV01::E01,train
2025-03-13 01:00:00,CRM.AGC.SV01,hydraulics_agc_servo,0.497,0.3592,-0.6238,0,CRM.AGC.SV01::E01,train
2025-03-13 02:00:00,CRM.AGC.SV01,hydraulics_agc_servo,0.5145,0.3776,-1.0442,0,CRM.AGC.SV01::E01,train
2025-03-13 03:00:00,CRM.AGC.SV01,hydraulics_agc_servo,0.5409,0.3244,-1.2311,0,CRM.AGC.SV01::E01,train
2025-03-13 04:00:00,CRM.AGC.SV01,hydraulics_agc_servo,0.5317,0.3231,-1.523,0,CRM.AGC.SV01::E01,train
2025-03-13 05:00:00,CRM.AGC.SV01,hydraulics_agc_servo,0.5174,0.3031,-1.5896,0,CRM.AGC.SV01::E01,train
2025-03-13 06:00:00,CRM.AGC.SV01,hydraulics_agc_servo,0.5369,0.2949,-0.8235,0,CRM.AGC.SV01::E01,train
2025-03-13 07:00:00,CRM.AGC.SV01,hydraulics_agc_servo,0.4818,0.3233,0.139,0,CRM.AGC.SV01::E01,train
2025-03-13 08:00:00,CRM.AGC.SV01,hydraulics_agc_servo,0.4906,0.3605,0.7614,0,CRM.AGC.SV01::E01,train
2025-03-13 09:00:00,CRM.AGC.SV01,hydraulics_agc_servo,0.4865,0.4204,0.9074,0,CRM.AGC.SV01::E01,train
2025-03-13 10:00:00,CRM.AGC.SV01,hydraulics_agc_servo,0.4596,0.4203,1.4845,0,CRM.AGC.SV01::E01,train
2025-03-13 11:00:00,CRM.AGC.SV01,hydraulics_agc_servo,0.4259,0.3923,1.3022,0,CRM.AGC.SV01::E01,train
2025-03-13 12:00:00,CRM.AGC.SV01,hydraulics_agc_servo,0.4348,0.3289,1.5306,0,CRM.AGC.SV01::E01,train
2025-03-13 13:00:00,CRM.AGC.SV01,hydraulics_agc_servo,0.4589,0.3487,1.7566,0,CRM.AGC.SV01::E01,train
2025-03-13 14:00:00,CRM.AGC.SV01,hydraulics_agc_servo,0.4272,0.332,1.5353,0,CRM.AGC.SV01::E01,train
2025-03-13 15:00:00,CRM.AGC.SV01,hydraulics_agc_servo,0.4395,0.2771,1.8586,0,CRM.AGC.SV01::E01,train
2025-03-13 16:00:00,CRM.AGC.SV01,hydraulics_agc_servo,0.4718,0.2872,1.8,0,CRM.AGC.SV01::E01,train
2025-03-13 17:00:00,CRM.AGC.SV01,hydraulics_agc_servo,0.466,0.2643,1.6609,0,CRM.AGC.SV01::E01,train
2025-03-13 18:00:00,CRM.AGC.SV01,hydraulics_agc_servo,0.3979,0.2516,1.5766,0,CRM.AGC.SV01::E01,train
2025-03-13 19:00:00,CRM.AGC.SV01,hydraulics_agc_servo,0.3857,0.2322,2.3014,0,CRM.AGC.SV01::E01,train
2025-03-13 20:00:00,CRM.AGC.SV01,hydraulics_agc_servo,0.4063,0.2332,2.2157,0,CRM.AGC.SV01::E01,train
2025-03-13 21:00:00,CRM.AGC.SV01,hydraulics_agc_servo,0.4194,0.2823,2.5002,0,CRM.AGC.SV01::E01,train
2025-03-13 22:00:00,CRM.AGC.SV01,hydraulics_agc_servo,0.4311,0.3136,2.8702,0,CRM.AGC.SV01::E01,train
2025-03-13 23:00:00,CRM.AGC.SV01,hydraulics_agc_servo,0.3429,0.3018,2.9092,0,CRM.AGC.SV01::E01,train
2025-03-14 00:00:00,CRM.AGC.SV01,hydraulics_agc_servo,0.3143,0.359,2.4605,0,CRM.AGC.SV01::E01,train
2025-03-14 01:00:00,CRM.AGC.SV01,hydraulics_agc_servo,0.3268,0.4192,2.3295,0,CRM.AGC.SV01::E01,train
2025-03-14 02:00:00,CRM.AGC.SV01,hydraulics_agc_servo,0.2931,0.3853,2.2301,0,CRM.AGC.SV01::E01,train
2025-03-14 03:00:00,CRM.AGC.SV01,hydraulics_agc_servo,0.2589,0.376,2.1385,0,CRM.AGC.SV01::E01,train
2025-03-14 04:00:00,CRM.AGC.SV01,hydraulics_agc_servo,0.2478,0.4026,2.1292,0,CRM.AGC.SV01::E01,train
2025-03-14 05:00:00,CRM.AGC.SV01,hydraulics_agc_servo,0.2332,0.4042,2.6158,0,CRM.AGC.SV01::E01,train
2025-03-14 06:00:00,CRM.AGC.SV01,hydraulics_agc_servo,0.2838,0.3907,2.5814,0,CRM.AGC.SV01::E01,train
2025-03-14 07:00:00,CRM.AGC.SV01,hydraulics_agc_servo,0.3525,0.3754,1.4033,0,CRM.AGC.SV01::E01,train
2025-03-14 08:00:00,CRM.AGC.SV01,hydraulics_agc_servo,0.4041,0.3878,0.1103,0,CRM.AGC.SV01::E01,train
2025-03-14 09:00:00,CRM.AGC.SV01,hydraulics_agc_servo,0.4778,0.3627,-0.4756,0,CRM.AGC.SV01::E01,train
2025-03-14 10:00:00,CRM.AGC.SV01,hydraulics_agc_servo,0.4947,0.361,-0.0496,0,CRM.AGC.SV01::E01,train
2025-03-14 11:00:00,CRM.AGC.SV01,hydraulics_agc_servo,0.4909,0.3813,-0.1215,0,CRM.AGC.SV01::E01,train
2025-03-14 12:00:00,CRM.AGC.SV01,hydraulics_agc_servo,0.4969,0.4075,0.0463,0,CRM.AGC.SV01::E01,train
2025-03-14 13:00:00,CRM.AGC.SV01,hydraulics_agc_servo,0.5264,0.3889,0.4065,0,CRM.AGC.SV01::E01,train
2025-03-14 14:00:00,CRM.AGC.SV01,hydraulics_agc_servo,0.4864,0.3744,-0.1397,0,CRM.AGC.SV01::E01,train
2025-03-14 15:00:00,CRM.AGC.SV01,hydraulics_agc_servo,0.5037,0.3492,-0.9195,0,CRM.AGC.SV01::E01,train
2025-03-14 16:00:00,CRM.AGC.SV01,hydraulics_agc_servo,0.5853,0.3301,-0.7894,0,CRM.AGC.SV01::E01,train
2025-03-14 17:00:00,CRM.AGC.SV01,hydraulics_agc_servo,0.6164,0.2925,-1.4555,0,CRM.AGC.SV01::E01,train
2025-03-14 18:00:00,CRM.AGC.SV01,hydraulics_agc_servo,0.6378,0.2821,-1.071,0,CRM.AGC.SV01::E01,train
2025-03-14 19:00:00,CRM.AGC.SV01,hydraulics_agc_servo,0.671,0.2578,-0.4383,0,CRM.AGC.SV01::E01,train
2025-03-14 20:00:00,CRM.AGC.SV01,hydraulics_agc_servo,0.6752,0.2479,-0.6796,0,CRM.AGC.SV01::E01,train
2025-03-14 21:00:00,CRM.AGC.SV01,hydraulics_agc_servo,0.6561,0.1721,-0.9903,0,CRM.AGC.SV01::E01,train
2025-03-14 22:00:00,CRM.AGC.SV01,hydraulics_agc_servo,0.6636,0.2351,-2.0335,0,CRM.AGC.SV01::E01,train
2025-03-14 23:00:00,CRM.AGC.SV01,hydraulics_agc_servo,0.6396,0.1999,-2.1978,0,CRM.AGC.SV01::E01,train
2025-03-15 00:00:00,CRM.AGC.SV01,hydraulics_agc_servo,0.5776,0.2033,-2.2107,0,CRM.AGC.SV01::E01,train
2025-03-15 01:00:00,CRM.AGC.SV01,hydraulics_agc_servo,0.5779,0.2427,-1.6596,0,CRM.AGC.SV01::E01,train
2025-03-15 02:00:00,CRM.AGC.SV01,hydraulics_agc_servo,0.5637,0.2835,-1.8437,0,CRM.AGC.SV01::E01,train
2025-03-15 03:00:00,CRM.AGC.SV01,hydraulics_agc_servo,0.6006,0.3053,-1.4384,0,CRM.AGC.SV01::E01,train
2025-03-15 04:00:00,CRM.AGC.SV01,hydraulics_agc_servo,0.5737,0.3669,-1.9517,0,CRM.AGC.SV01::E01,train
2025-03-15 05:00:00,CRM.AGC.SV01,hydraulics_agc_servo,0.512,0.3996,-1.3953,0,CRM.AGC.SV01::E01,train
2025-03-15 06:00:00,CRM.AGC.SV01,hydraulics_agc_servo,0.5258,0.3574,-0.8,0,CRM.AGC.SV01::E01,train
2025-03-15 07:00:00,CRM.AGC.SV01,hydraulics_agc_servo,0.5151,0.3126,0.8013,0,CRM.AGC.SV01::E01,train
2025-03-15 08:00:00,CRM.AGC.SV01,hydraulics_agc_servo,0.4801,0.2512,1.6391,0,CRM.AGC.SV01::E01,train
2025-03-15 09:00:00,CRM.AGC.SV01,hydraulics_agc_servo,0.4796,0.254,1.6906,0,CRM.AGC.SV01::E01,train
2025-03-15 10:00:00,CRM.AGC.SV01,hydraulics_agc_servo,0.5008,0.301,2.2242,0,CRM.AGC.SV01::E01,train
2025-03-15 11:00:00,CRM.AGC.SV01,hydraulics_agc_servo,0.4656,0.2789,2.305,0,CRM.AGC.SV01::E01,train
2025-03-15 12:00:00,CRM.AGC.SV01,hydraulics_agc_servo,0.4676,0.2879,2.5934,0,CRM.AGC.SV01::E01,train
2025-03-15 13:00:00,CRM.AGC.SV01,hydraulics_agc_servo,0.4401,0.3308,2.2821,0,CRM.AGC.SV01::E01,train
2025-03-15 14:00:00,CRM.AGC.SV01,hydraulics_agc_servo,0.4581,0.3185,2.8121,0,CRM.AGC.SV01::E01,train
2025-03-15 15:00:00,CRM.AGC.SV01,hydraulics_agc_servo,0.4489,0.2833,3.2326,0,CRM.AGC.SV01::E01,train
2025-03-15 16:00:00,CRM.AGC.SV01,hydraulics_agc_servo,0.4715,0.2938,3.6455,0,CRM.AGC.SV01::E01,train
2025-03-15 17:00:00,CRM.AGC.SV01,hydraulics_agc_servo,0.4691,0.2947,3.4048,0,CRM.AGC.SV01::E01,train
2025-03-15 18:00:00,CRM.AGC.SV01,hydraulics_agc_servo,0.4539,0.2464,2.6165,0,CRM.AGC.SV01::E01,train
2025-03-15 19:00:00,CRM.AGC.SV01,hydraulics_agc_servo,0.5027,0.2459,1.8055,0,CRM.AGC.SV01::E01,train
2025-03-15 20:00:00,CRM.AGC.SV01,hydraulics_agc_servo,0.5159,0.3048,1.1171,0,CRM.AGC.SV01::E01,train
2025-03-15 21:00:00,CRM.AGC.SV01,hydraulics_agc_servo,0.5688,0.3274,1.7376,0,CRM.AGC.SV01::E01,train
2025-03-15 22:00:00,CRM.AGC.SV01,hydraulics_agc_servo,0.5281,0.2807,1.8435,0,CRM.AGC.SV01::E01,train
2025-03-15 23:00:00,CRM.AGC.SV01,hydraulics_agc_servo,0.5136,0.2664,1.3969,0,CRM.AGC.SV01::E01,train
2025-03-16 00:00:00,CRM.AGC.SV01,hydraulics_agc_servo,0.5065,0.2383,1.9032,0,CRM.AGC.SV01::E01,train
2025-03-16 01:00:00,CRM.AGC.SV01,hydraulics_agc_servo,0.486,0.3173,1.1713,0,CRM.AGC.SV01::E01,train
2025-03-16 02:00:00,CRM.AGC.SV01,hydraulics_agc_servo,0.4474,0.3489,1.3909,0,CRM.AGC.SV01::E01,train
2025-03-16 03:00:00,CRM.AGC.SV01,hydraulics_agc_servo,0.4404,0.3069,1.0625,0,CRM.AGC.SV01::E01,train
2025-03-16 04:00:00,CRM.AGC.SV01,hydraulics_agc_servo,0.443,0.2474,0.4913,0,CRM.AGC.SV01::E01,train
2025-03-16 05:00:00,CRM.AGC.SV01,hydraulics_agc_servo,0.438,0.2267,0.7437,0,CRM.AGC.SV01::E01,train
2025-03-16 06:00:00,CRM.AGC.SV01,hydraulics_agc_servo,0.4298,0.2505,2.314,0,CRM.AGC.SV01::E01,train
2025-03-16 07:00:00,CRM.AGC.SV01,hydraulics_agc_servo,0.495,0.2505,1.4173,0,CRM.AGC.SV01::E01,train
2025-03-16 08:00:00,CRM.AGC.SV01,hydraulics_agc_servo,0.4754,0.2977,0.2563,0,CRM.AGC.SV01::E01,train
2025-03-16 09:00:00,CRM.AGC.SV01,hydraulics_agc_servo,0.5212,0.3014,-0.5998,0,CRM.AGC.SV01::E01,train
2025-03-16 10:00:00,CRM.AGC.SV01,hydraulics_agc_servo,0.5287,0.2329,-0.5592,0,CRM.AGC.SV01::E01,train
2025-03-16 11:00:00,CRM.AGC.SV01,hydraulics_agc_servo,0.5559,0.228,-0.8548,0,CRM.AGC.SV01::E01,train
2025-03-16 12:00:00,CRM.AGC.SV01,hydraulics_agc_servo,0.5724,0.2097,-0.3333,0,CRM.AGC.SV01::E01,train
2025-03-16 13:00:00,CRM.AGC.SV01,hydraulics_agc_servo,0.5524,0.2322,0.0933,0,CRM.AGC.SV01::E01,train
2025-03-16 14:00:00,CRM.AGC.SV01,hydraulics_agc_servo,0.4905,0.2123,-0.2303,0,CRM.AGC.SV01::E01,train
2025-03-16 15:00:00,CRM.AGC.SV01,hydraulics_agc_servo,0.5408,0.1981,-1.7051,0,CRM.AGC.SV01::E01,train
2025-03-16 16:00:00,CRM.AGC.SV01,hydraulics_agc_servo,0.5302,0.2295,-0.9516,0,CRM.AGC.SV01::E01,train
2025-03-16 17:00:00,CRM.AGC.SV01,hydraulics_agc_servo,0.525,0.1798,-1.4397,0,CRM.AGC.SV01::E01,train
2025-03-16 18:00:00,CRM.AGC.SV01,hydraulics_agc_servo,0.5538,0.1857,-0.3808,0,CRM.AGC.SV01::E01,train
2025-03-16 19:00:00,CRM.AGC.SV01,hydraulics_agc_servo,0.5234,0.231,-0.9658,0,CRM.AGC.SV01::E01,train
2025-03-16 20:00:00,CRM.AGC.SV01,hydraulics_agc_servo,0.5248,0.2363,-0.2703,0,CRM.AGC.SV01::E01,train
2025-03-16 21:00:00,CRM.AGC.SV01,hydraulics_agc_servo,0.5438,0.2708,-0.5503,0,CRM.AGC.SV01::E01,train
2025-03-16 22:00:00,CRM.AGC.SV01,hydraulics_agc_servo,0.5282,0.2938,-1.2947,0,CRM.AGC.SV01::E01,train
2025-03-16 23:00:00,CRM.AGC.SV01,hydraulics_agc_servo,0.5633,0.3277,-1.5236,0,CRM.AGC.SV01::E01,train
2025-03-17 00:00:00,CRM.AGC.SV01,hydraulics_agc_servo,0.5188,,,0,CRM.AGC.SV01::E01,train
2025-03-17 01:00:00,CRM.AGC.SV01,hydraulics_agc_servo,0.547,0.2741,-0.7615,0,CRM.AGC.SV01::E01,train
2025-03-17 02:00:00,CRM.AGC.SV01,hydraulics_agc_servo,0.4913,0.2638,-1.2526,0,CRM.AGC.SV01::E01,train
2025-03-17 03:00:00,CRM.AGC.SV01,hydraulics_agc_servo,0.4694,0.259,-1.641,0,CRM.AGC.SV01::E01,train
2025-03-17 04:00:00,CRM.AGC.SV01,hydraulics_agc_servo,0.4816,0.2867,-1.2371,0,CRM.AGC.SV01::E01,train
2025-03-17 05:00:00,CRM.AGC.SV01,hydraulics_agc_servo,0.5737,0.2202,-0.3146,0,CRM.AGC.SV01::E01,train
2025-03-17 06:00:00,CRM.AGC.SV01,hydraulics_agc_servo,0.5497,0.2555,-0.1446,0,CRM.AGC.SV01::E01,train
2025-03-17 07:00:00,CRM.AGC.SV01,hydraulics_agc_servo,0.5891,0.3226,-0.9988,0,CRM.AGC.SV01::E01,train
2025-03-17 08:00:00,CRM.AGC.SV01,hydraulics_agc_servo,0.6327,0.2458,-1.0671,0,CRM.AGC.SV01::E01,train
2025-03-17 09:00:00,CRM.AGC.SV01,hydraulics_agc_servo,0.6272,0.1962,-0.7786,0,CRM.AGC.SV01::E01,train
2025-03-17 10:00:00,CRM.AGC.SV01,hydraulics_agc_servo,0.6714,0.2014,-0.566,0,CRM.AGC.SV01::E01,train
2025-03-17 11:00:00,CRM.AGC.SV01,hydraulics_agc_servo,0.6321,0.2149,-0.8028,0,CRM.AGC.SV01::E01,train
2025-03-17 12:00:00,CRM.AGC.SV01,hydraulics_agc_servo,0.6375,0.2427,-0.1884,0,CRM.AGC.SV01::E01,train
2025-03-17 13:00:00,CRM.AGC.SV01,hydraulics_agc_servo,0.6239,0.2639,-1.5099,0,CRM.AGC.SV01::E01,train
2025-03-17 14:00:00,CRM.AGC.SV01,hydraulics_agc_servo,0.58,0.2156,-1.5396,0,CRM.AGC.SV01::E01,train
2025-03-17 15:00:00,CRM.AGC.SV01,hydraulics_agc_servo,0.6069,0.2513,-1.1569,0,CRM.AGC.SV01::E01,train
2025-03-17 16:00:00,CRM.AGC.SV01,hydraulics_agc_servo,0.6111,0.3284,-1.0843,0,CRM.AGC.SV01::E01,train
2025-03-17 17:00:00,CRM.AGC.SV01,hydraulics_agc_servo,0.5805,0.3795,-0.6176,0,CRM.AGC.SV01::E01,train
2025-03-17 18:00:00,CRM.AGC.SV01,hydraulics_agc_servo,0.4911,0.4276,-0.2401,0,CRM.AGC.SV01::E01,train
2025-03-17 19:00:00,CRM.AGC.SV01,hydraulics_agc_servo,0.4667,0.4376,0.2674,0,CRM.AGC.SV01::E01,train
2025-03-17 20:00:00,CRM.AGC.SV01,hydraulics_agc_servo,0.5374,0.3925,0.3773,0,CRM.AGC.SV01::E01,train
2025-03-17 21:00:00,CRM.AGC.SV01,hydraulics_agc_servo,0.5697,0.4264,0.3686,0,CRM.AGC.SV01::E01,train
2025-03-17 22:00:00,CRM.AGC.SV01,hydraulics_agc_servo,0.5639,0.4718,0.2616,0,CRM.AGC.SV01::E01,train
2025-03-17 23:00:00,CRM.AGC.SV01,hydraulics_agc_servo,0.6046,0.4588,0.502,0,CRM.AGC.SV01::E01,train
2025-03-18 00:00:00,CRM.AGC.SV01,hydraulics_agc_servo,0.5541,0.48,0.3089,0,CRM.AGC.SV01::E01,train
2025-03-18 01:00:00,CRM.AGC.SV01,hydraulics_agc_servo,0.5453,0.4649,0.2192,0,CRM.AGC.SV01::E01,train
2025-03-18 02:00:00,CRM.AGC.SV01,hydraulics_agc_servo,0.5059,0.4161,-0.1267,0,CRM.AGC.SV01::E01,train
2025-03-18 03:00:00,CRM.AGC.SV01,hydraulics_agc_servo,0.4914,0.4429,0.6348,0,CRM.AGC.SV01::E01,train
2025-03-18 04:00:00,CRM.AGC.SV01,hydraulics_agc_servo,0.5385,0.4282,0.4116,0,CRM.AGC.SV01::E01,train
2025-03-18 05:00:00,CRM.AGC.SV01,hydraulics_agc_servo,0.519,0.4377,0.5056,0,CRM.AGC.SV01::E01,train
2025-03-18 06:00:00,CRM.AGC.SV01,hydraulics_agc_servo,0.5424,0.4489,-0.4493,0,CRM.AGC.SV01::E01,train
2025-03-18 07:00:00,CRM.AGC.SV01,hydraulics_agc_servo,0.5711,0.435,0.0737,0,CRM.AGC.SV01::E01,train
2025-03-18 08:00:00,CRM.AGC.SV01,hydraulics_agc_servo,0.5867,0.4275,-0.2917,0,CRM.AGC.SV01::E01,train
2025-03-18 09:00:00,CRM.AGC.SV01,hydraulics_agc_servo,0.5916,0.467,-0.3846,0,CRM.AGC.SV01::E01,train
2025-03-18 10:00:00,CRM.AGC.SV01,hydraulics_agc_servo,0.6316,0.4439,-0.057,0,CRM.AGC.SV01::E01,train
2025-03-18 11:00:00,CRM.AGC.SV01,hydraulics_agc_servo,1.3116,0.3929,-0.2348,0,CRM.AGC.SV01::E01,train
2025-03-18 12:00:00,CRM.AGC.SV01,hydraulics_agc_servo,1.9247,0.3881,-0.9304,0,CRM.AGC.SV01::E01,train
2025-03-18 13:00:00,CRM.AGC.SV01,hydraulics_agc_servo,1.2769,0.3748,-0.0508,0,CRM.AGC.SV01::E01,train
2025-03-18 14:00:00,CRM.AGC.SV01,hydraulics_agc_servo,0.5962,0.373,-0.0446,0,CRM.AGC.SV01::E01,train
2025-03-18 15:00:00,CRM.AGC.SV01,hydraulics_agc_servo,0.6451,0.3797,-0.4689,0,CRM.AGC.SV01::E01,train
2025-03-18 16:00:00,CRM.AGC.SV01,hydraulics_agc_servo,0.6227,0.386,-1.3729,0,CRM.AGC.SV01::E01,train
2025-03-18 17:00:00,CRM.AGC.SV01,hydraulics_agc_servo,0.6154,0.3352,-0.5212,0,CRM.AGC.SV01::E01,train
2025-03-18 18:00:00,CRM.AGC.SV01,hydraulics_agc_servo,0.6287,0.2889,-0.3378,0,CRM.AGC.SV01::E01,train
2025-03-18 19:00:00,CRM.AGC.SV01,hydraulics_agc_servo,0.6362,0.3265,0.4896,0,CRM.AGC.SV01::E01,train
2025-03-18 20:00:00,CRM.AGC.SV01,hydraulics_agc_servo,0.612,0.3554,0.1216,0,CRM.AGC.SV01::E01,train
2025-03-18 21:00:00,CRM.AGC.SV01,hydraulics_agc_servo,0.6039,0.3217,0.4028,0,CRM.AGC.SV01::E01,train
2025-03-18 22:00:00,CRM.AGC.SV01,hydraulics_agc_servo,0.6133,0.3598,-0.0582,0,CRM.AGC.SV01::E01,train
2025-03-18 23:00:00,CRM.AGC.SV01,hydraulics_agc_servo,0.6496,0.3913,-0.0635,0,CRM.AGC.SV01::E01,train
2025-03-19 00:00:00,CRM.AGC.SV01,hydraulics_agc_servo,0.6759,0.3704,0.8295,0,CRM.AGC.SV01::E01,train
2025-03-19 01:00:00,CRM.AGC.SV01,hydraulics_agc_servo,0.6443,0.3564,1.1962,0,CRM.AGC.SV01::E01,train
2025-03-19 02:00:00,CRM.AGC.SV01,hydraulics_agc_servo,0.6302,0.3696,-0.2768,0,CRM.AGC.SV01::E01,train
2025-03-19 03:00:00,CRM.AGC.SV01,hydraulics_agc_servo,0.6501,0.3734,-0.5032,0,CRM.AGC.SV01::E01,train
2025-03-19 04:00:00,CRM.AGC.SV01,hydraulics_agc_servo,0.667,0.3576,-0.4769,0,CRM.AGC.SV01::E01,train
2025-03-19 05:00:00,CRM.AGC.SV01,hydraulics_agc_servo,0.6834,0.3137,-1.0336,0,CRM.AGC.SV01::E01,train
2025-03-19 06:00:00,CRM.AGC.SV01,hydraulics_agc_servo,0.6688,0.2283,-0.8741,0,CRM.AGC.SV01::E01,train
2025-03-19 07:00:00,CRM.AGC.SV01,hydraulics_agc_servo,0.7122,0.182,-0.9797,0,CRM.AGC.SV01::E01,train
2025-03-19 08:00:00,CRM.AGC.SV01,hydraulics_agc_servo,0.6459,0.1805,-1.2815,0,CRM.AGC.SV01::E01,train
2025-03-19 09:00:00,CRM.AGC.SV01,hydraulics_agc_servo,0.6072,0.2019,-1.8334,0,CRM.AGC.SV01::E01,train
2025-03-19 10:00:00,CRM.AGC.SV01,hydraulics_agc_servo,0.596,0.2017,-1.5438,0,CRM.AGC.SV01::E01,train
2025-03-19 11:00:00,CRM.AGC.SV01,hydraulics_agc_servo,0.6397,0.2015,-1.7795,0,CRM.AGC.SV01::E01,train
2025-03-19 12:00:00,CRM.AGC.SV01,hydraulics_agc_servo,0.6431,0.2084,-1.6713,0,CRM.AGC.SV01::E01,train
2025-03-19 13:00:00,CRM.AGC.SV01,hydraulics_agc_servo,0.6165,0.183,-1.9174,0,CRM.AGC.SV01::E01,train
2025-03-19 14:00:00,CRM.AGC.SV01,hydraulics_agc_servo,0.5572,0.1504,-2.8964,0,CRM.AGC.SV01::E01,train
2025-03-19 15:00:00,CRM.AGC.SV01,hydraulics_agc_servo,0.4791,0.1336,-2.8547,0,CRM.AGC.SV01::E01,train
2025-03-19 16:00:00,CRM.AGC.SV01,hydraulics_agc_servo,0.5589,0.1467,-2.6751,0,CRM.AGC.SV01::E01,train
2025-03-19 17:00:00,CRM.AGC.SV01,hydraulics_agc_servo,0.4419,0.1552,-1.8432,0,CRM.AGC.SV01::E01,train
2025-03-19 18:00:00,CRM.AGC.SV01,hydraulics_agc_servo,0.4604,0.1393,-1.257,0,CRM.AGC.SV01::E01,train
2025-03-19 19:00:00,CRM.AGC.SV01,hydraulics_agc_servo,0.4804,0.1509,-1.1172,0,CRM.AGC.SV01::E01,train
2025-03-19 20:00:00,CRM.AGC.SV01,hydraulics_agc_servo,0.5022,0.1448,-0.0431,0,CRM.AGC.SV01::E01,train
2025-03-19 21:00:00,CRM.AGC.SV01,hydraulics_agc_servo,0.5165,0.1825,0.5764,0,CRM.AGC.SV01::E01,train
2025-03-19 22:00:00,CRM.AGC.SV01,hydraulics_agc_servo,0.5145,0.1782,0.4657,0,CRM.AGC.SV01::E01,train
2025-03-19 23:00:00,CRM.AGC.SV01,hydraulics_agc_servo,0.5545,0.1346,0.8045,0,CRM.AGC.SV01::E01,train
2025-03-20 00:00:00,CRM.AGC.SV01,hydraulics_agc_servo,0.5508,0.0818,-0.4383,0,CRM.AGC.SV01::E01,train
2025-03-20 01:00:00,CRM.AGC.SV01,hydraulics_agc_servo,0.5466,0.0434,-0.0497,0,CRM.AGC.SV01::E01,train
2025-03-20 02:00:00,CRM.AGC.SV01,hydraulics_agc_servo,0.5907,0.0519,0.673,0,CRM.AGC.SV01::E01,train
2025-03-20 03:00:00,CRM.AGC.SV01,hydraulics_agc_servo,0.6143,0.0482,0.7314,0,CRM.AGC.SV01::E01,train
2025-03-20 04:00:00,CRM.AGC.SV01,hydraulics_agc_servo,0.6374,0.0854,0.4843,0,CRM.AGC.SV01::E01,train
2025-03-20 05:00:00,CRM.AGC.SV01,hydraulics_agc_servo,0.66,0.0592,0.4123,0,CRM.AGC.SV01::E01,train
2025-03-20 06:00:00,CRM.AGC.SV01,hydraulics_agc_servo,0.7034,0.0791,0.6494,0,CRM.AGC.SV01::E01,train
2025-03-20 07:00:00,CRM.AGC.SV01,hydraulics_agc_servo,0.7528,0.108,0.5726,0,CRM.AGC.SV01::E01,train
2025-03-20 08:00:00,CRM.AGC.SV01,hydraulics_agc_servo,0.7569,0.1712,1.7854,0,CRM.AGC.SV01::E01,train
2025-03-20 09:00:00,CRM.AGC.SV01,hydraulics_agc_servo,0.7479,0.1695,1.3867,0,CRM.AGC.SV01::E01,train
2025-03-20 10:00:00,CRM.AGC.SV01,hydraulics_agc_servo,0.8049,0.1278,0.3964,0,CRM.AGC.SV01::E01,train
2025-03-20 11:00:00,CRM.AGC.SV01,hydraulics_agc_servo,0.8232,0.1546,0.6001,0,CRM.AGC.SV01::E01,train
2025-03-20 12:00:00,CRM.AGC.SV01,hydraulics_agc_servo,0.8253,0.1525,0.2549,0,CRM.AGC.SV01::E01,train
2025-03-20 13:00:00,CRM.AGC.SV01,hydraulics_agc_servo,0.8024,0.1527,0.6705,0,CRM.AGC.SV01::E01,train
2025-03-20 14:00:00,CRM.AGC.SV01,hydraulics_agc_servo,0.8409,0.1331,-0.1823,0,CRM.AGC.SV01::E01,train
2025-03-20 15:00:00,CRM.AGC.SV01,hydraulics_agc_servo,0.7958,0.1105,-0.3382,0,CRM.AGC.SV01::E01,train
2025-03-20 16:00:00,CRM.AGC.SV01,hydraulics_agc_servo,0.8607,0.0757,-0.1432,0,CRM.AGC.SV01::E01,train
2025-03-20 17:00:00,CRM.AGC.SV01,hydraulics_agc_servo,0.8497,0.0913,0.395,0,CRM.AGC.SV01::E01,train
2025-03-20 18:00:00,CRM.AGC.SV01,hydraulics_agc_servo,0.8482,0.0831,0.6701,0,CRM.AGC.SV01::E01,train
2025-03-20 19:00:00,CRM.AGC.SV01,hydraulics_agc_servo,0.8725,0.0367,0.3524,0,CRM.AGC.SV01::E01,train
2025-03-20 20:00:00,CRM.AGC.SV01,hydraulics_agc_servo,0.8357,0.0078,0.1742,0,CRM.AGC.SV01::E01,train
2025-03-20 21:00:00,CRM.AGC.SV01,hydraulics_agc_servo,0.8193,0.0427,-0.0874,0,CRM.AGC.SV01::E01,train
2025-03-20 22:00:00,CRM.AGC.SV01,hydraulics_agc_servo,0.8265,0.0242,0.3696,0,CRM.AGC.SV01::E01,train
2025-03-20 23:00:00,CRM.AGC.SV01,hydraulics_agc_servo,0.8053,0.0572,0.4317,0,CRM.AGC.SV01::E01,train
2025-03-21 00:00:00,CRM.AGC.SV01,hydraulics_agc_servo,0.831,0.0748,0.9009,0,CRM.AGC.SV01::E01,train
2025-03-21 01:00:00,CRM.AGC.SV01,hydraulics_agc_servo,0.8314,0.0545,0.3737,0,CRM.AGC.SV01::E01,train
2025-03-21 02:00:00,CRM.AGC.SV01,hydraulics_agc_servo,0.8152,0.1092,1.3286,0,CRM.AGC.SV01::E01,train
2025-03-21 03:00:00,CRM.AGC.SV01,hydraulics_agc_servo,0.7841,0.1262,1.392,0,CRM.AGC.SV01::E01,train
2025-03-21 04:00:00,CRM.AGC.SV01,hydraulics_agc_servo,0.8127,0.1975,0.7087,0,CRM.AGC.SV01::E01,train
2025-03-21 05:00:00,CRM.AGC.SV01,hydraulics_agc_servo,0.7872,0.2039,-0.2081,0,CRM.AGC.SV01::E01,train
2025-03-21 06:00:00,CRM.AGC.SV01,hydraulics_agc_servo,0.8048,0.2358,0.5065,0,CRM.AGC.SV01::E01,train
2025-03-21 07:00:00,CRM.AGC.SV01,hydraulics_agc_servo,0.7281,0.2475,1.3435,0,CRM.AGC.SV01::E01,train
2025-03-21 08:00:00,CRM.AGC.SV01,hydraulics_agc_servo,0.7313,0.3231,0.7476,0,CRM.AGC.SV01::E01,train
2025-03-21 09:00:00,CRM.AGC.SV01,hydraulics_agc_servo,0.6837,0.3345,0.8558,0,CRM.AGC.SV01::E01,train
2025-03-21 10:00:00,CRM.AGC.SV01,hydraulics_agc_servo,0.7446,0.3194,1.2459,0,CRM.AGC.SV01::E01,train
2025-03-21 11:00:00,CRM.AGC.SV01,hydraulics_agc_servo,0.7262,0.2768,0.8286,0,CRM.AGC.SV01::E01,train
2025-03-21 12:00:00,CRM.AGC.SV01,hydraulics_agc_servo,0.7019,0.2273,1.3373,0,CRM.AGC.SV01::E01,train
2025-03-21 13:00:00,CRM.AGC.SV01,hydraulics_agc_servo,0.7296,0.2296,1.8962,0,CRM.AGC.SV01::E01,train
2025-03-21 14:00:00,CRM.AGC.SV01,hydraulics_agc_servo,0.7336,0.2137,0.8852,0,CRM.AGC.SV01::E01,train
2025-03-21 15:00:00,CRM.AGC.SV01,hydraulics_agc_servo,0.7515,0.1787,0.0165,0,CRM.AGC.SV01::E01,train
2025-03-21 16:00:00,CRM.AGC.SV01,hydraulics_agc_servo,0.7683,0.1773,-0.7718,0,CRM.AGC.SV01::E01,train
2025-03-21 17:00:00,CRM.AGC.SV01,hydraulics_agc_servo,0.7239,0.1789,-1.4861,0,CRM.AGC.SV01::E01,train
2025-03-21 18:00:00,CRM.AGC.SV01,hydraulics_agc_servo,0.7478,0.2276,-1.0518,0,CRM.AGC.SV01::E01,train
2025-03-21 19:00:00,CRM.AGC.SV01,hydraulics_agc_servo,0.7887,0.2021,-0.6502,0,CRM.AGC.SV01::E01,train
2025-03-21 20:00:00,CRM.AGC.SV01,hydraulics_agc_servo,0.8028,0.1897,-0.787,0,CRM.AGC.SV01::E01,train
2025-03-21 21:00:00,CRM.AGC.SV01,hydraulics_agc_servo,0.7829,0.1578,-0.8114,0,CRM.AGC.SV01::E01,train
2025-03-21 22:00:00,CRM.AGC.SV01,hydraulics_agc_servo,0.7211,0.1199,-0.252,0,CRM.AGC.SV01::E01,train
2025-03-21 23:00:00,CRM.AGC.SV01,hydraulics_agc_servo,0.7304,0.1496,0.1362,0,CRM.AGC.SV01::E01,train
2025-03-22 00:00:00,CRM.AGC.SV01,hydraulics_agc_servo,0.7178,0.1544,0.6896,0,CRM.AGC.SV01::E01,train
2025-03-22 01:00:00,CRM.AGC.SV01,hydraulics_agc_servo,0.7148,0.1883,1.0831,0,CRM.AGC.SV01::E01,train
2025-03-22 02:00:00,CRM.AGC.SV01,hydraulics_agc_servo,0.7334,0.1956,1.7861,0,CRM.AGC.SV01::E01,train
2025-03-22 03:00:00,CRM.AGC.SV01,hydraulics_agc_servo,0.695,0.2363,1.013,0,CRM.AGC.SV01::E01,train
2025-03-22 04:00:00,CRM.AGC.SV01,hydraulics_agc_servo,0.7085,0.2055,1.1183,0,CRM.AGC.SV01::E01,train
2025-03-22 05:00:00,CRM.AGC.SV01,hydraulics_agc_servo,0.7177,0.2184,2.0875,0,CRM.AGC.SV01::E01,train
2025-03-22 06:00:00,CRM.AGC.SV01,hydraulics_agc_servo,0.718,0.1768,2.7727,0,CRM.AGC.SV01::E01,train
2025-03-22 07:00:00,CRM.AGC.SV01,hydraulics_agc_servo,0.7378,0.2245,3.3183,0,CRM.AGC.SV01::E01,train
2025-03-22 08:00:00,CRM.AGC.SV01,hydraulics_agc_servo,0.728,0.1488,2.0364,0,CRM.AGC.SV01::E01,train
2025-03-22 09:00:00,CRM.AGC.SV01,hydraulics_agc_servo,0.7256,0.2122,1.224,0,CRM.AGC.SV01::E01,train
2025-03-22 10:00:00,CRM.AGC.SV01,hydraulics_agc_servo,0.7539,0.1623,0.5824,0,CRM.AGC.SV01::E01,train
2025-03-22 11:00:00,CRM.AGC.SV01,hydraulics_agc_servo,0.7402,0.2019,0.3764,0,CRM.AGC.SV01::E01,train
2025-03-22 12:00:00,CRM.AGC.SV01,hydraulics_agc_servo,0.6894,0.2071,0.3761,0,CRM.AGC.SV01::E01,train
2025-03-22 13:00:00,CRM.AGC.SV01,hydraulics_agc_servo,0.7152,0.2127,1.3106,0,CRM.AGC.SV01::E01,train
2025-03-22 14:00:00,CRM.AGC.SV01,hydraulics_agc_servo,0.7449,0.2284,1.3388,0,CRM.AGC.SV01::E01,train
2025-03-22 15:00:00,CRM.AGC.SV01,hydraulics_agc_servo,0.7366,0.2267,0.9797,0,CRM.AGC.SV01::E01,train
2025-03-22 16:00:00,CRM.AGC.SV01,hydraulics_agc_servo,0.7596,0.2084,0.5543,0,CRM.AGC.SV01::E01,train
2025-03-22 17:00:00,CRM.AGC.SV01,hydraulics_agc_servo,0.7303,0.2426,1.2967,0,CRM.AGC.SV01::E01,train
2025-03-22 18:00:00,CRM.AGC.SV01,hydraulics_agc_servo,0.7638,0.2311,1.1311,0,CRM.AGC.SV01::E01,train
2025-03-22 19:00:00,CRM.AGC.SV01,hydraulics_agc_servo,0.8114,0.2046,1.8269,0,CRM.AGC.SV01::E01,train
2025-03-22 20:00:00,CRM.AGC.SV01,hydraulics_agc_servo,0.8005,0.224,1.5695,0,CRM.AGC.SV01::E01,train
2025-03-22 21:00:00,CRM.AGC.SV01,hydraulics_agc_servo,0.7733,0.2603,0.8906,0,CRM.AGC.SV01::E01,train
2025-03-22 22:00:00,CRM.AGC.SV01,hydraulics_agc_servo,0.7484,0.3116,0.9574,0,CRM.AGC.SV01::E01,train
2025-03-22 23:00:00,CRM.AGC.SV01,hydraulics_agc_servo,0.7374,0.3149,0.3496,0,CRM.AGC.SV01::E01,train
2025-03-23 00:00:00,CRM.AGC.SV01,hydraulics_agc_servo,0.7777,0.3015,-0.2828,0,CRM.AGC.SV01::E01,train
2025-03-23 01:00:00,CRM.AGC.SV01,hydraulics_agc_servo,0.8245,0.3042,-0.0818,0,CRM.AGC.SV01::E01,train
2025-03-23 02:00:00,CRM.AGC.SV01,hydraulics_agc_servo,0.779,0.3153,0.4952,0,CRM.AGC.SV01::E01,train
2025-03-23 03:00:00,CRM.AGC.SV01,hydraulics_agc_servo,0.7402,0.3096,0.6063,0,CRM.AGC.SV01::E01,train
2025-03-23 04:00:00,CRM.AGC.SV01,hydraulics_agc_servo,0.7236,0.1999,1.0134,0,CRM.AGC.SV01::E01,train
2025-03-23 05:00:00,CRM.AGC.SV01,hydraulics_agc_servo,0.7441,0.1757,0.4955,0,CRM.AGC.SV01::E01,train
2025-03-23 06:00:00,CRM.AGC.SV01,hydraulics_agc_servo,0.7252,0.2444,0.2371,0,CRM.AGC.SV01::E01,train
2025-03-23 07:00:00,CRM.AGC.SV01,hydraulics_agc_servo,0.7096,0.3184,0.3516,0,CRM.AGC.SV01::E01,train
2025-03-23 08:00:00,CRM.AGC.SV01,hydraulics_agc_servo,0.7205,0.2824,0.0872,0,CRM.AGC.SV01::E01,train
2025-03-23 09:00:00,CRM.AGC.SV01,hydraulics_agc_servo,0.7343,0.2686,0.9161,0,CRM.AGC.SV01::E01,train
2025-03-23 10:00:00,CRM.AGC.SV01,hydraulics_agc_servo,0.7024,0.3394,1.7131,0,CRM.AGC.SV01::E01,train
2025-03-23 11:00:00,CRM.AGC.SV01,hydraulics_agc_servo,0.7051,0.35,0.8883,0,CRM.AGC.SV01::E01,train
2025-03-23 12:00:00,CRM.AGC.SV01,hydraulics_agc_servo,0.7638,0.275,0.1648,0,CRM.AGC.SV01::E01,train
2025-03-23 13:00:00,CRM.AGC.SV01,hydraulics_agc_servo,0.748,0.2915,1.4378,0,CRM.AGC.SV01::E01,train
2025-03-23 14:00:00,CRM.AGC.SV01,hydraulics_agc_servo,0.7506,0.2938,0.9859,0,CRM.AGC.SV01::E01,train
2025-03-23 15:00:00,CRM.AGC.SV01,hydraulics_agc_servo,0.697,0.2526,1.0532,0,CRM.AGC.SV01::E01,train
2025-03-23 16:00:00,CRM.AGC.SV01,hydraulics_agc_servo,0.7257,0.2663,1.4064,0,CRM.AGC.SV01::E01,train
2025-03-23 17:00:00,CRM.AGC.SV01,hydraulics_agc_servo,0.6736,0.189,0.6676,0,CRM.AGC.SV01::E01,train
2025-03-23 18:00:00,CRM.AGC.SV01,hydraulics_agc_servo,0.7842,0.2616,0.0985,0,CRM.AGC.SV01::E01,train
2025-03-23 19:00:00,CRM.AGC.SV01,hydraulics_agc_servo,0.7086,0.2222,0.4102,0,CRM.AGC.SV01::E01,train
2025-03-23 20:00:00,CRM.AGC.SV01,hydraulics_agc_servo,0.6763,0.206,-0.4692,0,CRM.AGC.SV01::E01,train
2025-03-23 21:00:00,CRM.AGC.SV01,hydraulics_agc_servo,0.6747,0.1834,-0.6485,0,CRM.AGC.SV01::E01,train
2025-03-23 22:00:00,CRM.AGC.SV01,hydraulics_agc_servo,0.6758,0.1454,-0.4014,0,CRM.AGC.SV01::E01,train
2025-03-23 23:00:00,CRM.AGC.SV01,hydraulics_agc_servo,0.6557,0.1337,-0.1544,0,CRM.AGC.SV01::E01,train
2025-03-24 00:00:00,CRM.AGC.SV01,hydraulics_agc_servo,0.6564,0.1549,0.7295,0,CRM.AGC.SV01::E01,train
2025-03-24 01:00:00,CRM.AGC.SV01,hydraulics_agc_servo,0.6188,0.147,1.0522,0,CRM.AGC.SV01::E01,train
2025-03-24 02:00:00,CRM.AGC.SV01,hydraulics_agc_servo,0.6028,0.171,2.5781,0,CRM.AGC.SV01::E01,train
2025-03-24 03:00:00,CRM.AGC.SV01,hydraulics_agc_servo,0.6281,0.1795,3.4512,0,CRM.AGC.SV01::E01,train
2025-03-24 04:00:00,CRM.AGC.SV01,hydraulics_agc_servo,0.6508,0.1391,4.6668,0,CRM.AGC.SV01::E01,train
2025-03-24 05:00:00,CRM.AGC.SV01,hydraulics_agc_servo,0.6614,0.2053,3.3951,0,CRM.AGC.SV01::E01,train
2025-03-24 06:00:00,CRM.AGC.SV01,hydraulics_agc_servo,0.6593,0.2477,3.0411,0,CRM.AGC.SV01::E01,train
2025-03-24 07:00:00,CRM.AGC.SV01,hydraulics_agc_servo,0.6447,0.2222,2.4427,0,CRM.AGC.SV01::E01,train
2025-03-24 08:00:00,CRM.AGC.SV01,hydraulics_agc_servo,0.6561,0.2591,2.7437,0,CRM.AGC.SV01::E01,train
2025-03-24 09:00:00,CRM.AGC.SV01,hydraulics_agc_servo,0.6515,0.2991,2.782,0,CRM.AGC.SV01::E01,train
2025-03-24 10:00:00,CRM.AGC.SV01,hydraulics_agc_servo,0.6783,0.2978,2.6199,0,CRM.AGC.SV01::E01,train
2025-03-24 11:00:00,CRM.AGC.SV01,hydraulics_agc_servo,0.6888,0.2909,1.8158,0,CRM.AGC.SV01::E01,train
2025-03-24 12:00:00,CRM.AGC.SV01,hydraulics_agc_servo,0.663,0.2413,1.4874,0,CRM.AGC.SV01::E01,train
2025-03-24 13:00:00,CRM.AGC.SV01,hydraulics_agc_servo,0.6388,0.2089,1.2115,0,CRM.AGC.SV01::E01,train
2025-03-24 14:00:00,CRM.AGC.SV01,hydraulics_agc_servo,0.6615,0.2689,2.0892,0,CRM.AGC.SV01::E01,train
2025-03-24 15:00:00,CRM.AGC.SV01,hydraulics_agc_servo,0.7012,0.3681,2.7602,0,CRM.AGC.SV01::E01,train
2025-03-24 16:00:00,CRM.AGC.SV01,hydraulics_agc_servo,0.6519,0.5063,2.2398,0,CRM.AGC.SV01::E01,train
2025-03-24 17:00:00,CRM.AGC.SV01,hydraulics_agc_servo,0.656,0.6241,2.3124,0,CRM.AGC.SV01::E01,train
2025-03-24 18:00:00,CRM.AGC.SV01,hydraulics_agc_servo,0.6698,0.7232,2.316,0,CRM.AGC.SV01::E01,train
2025-03-24 19:00:00,CRM.AGC.SV01,hydraulics_agc_servo,0.6518,0.7202,2.1391,0,CRM.AGC.SV01::E01,train
2025-03-24 20:00:00,CRM.AGC.SV01,hydraulics_agc_servo,0.6358,0.7101,1.5267,0,CRM.AGC.SV01::E01,train
2025-03-24 21:00:00,CRM.AGC.SV01,hydraulics_agc_servo,0.6795,0.5612,0.7136,0,CRM.AGC.SV01::E01,train
2025-03-24 22:00:00,CRM.AGC.SV01,hydraulics_agc_servo,0.7179,0.4756,0.4039,0,CRM.AGC.SV01::E01,train
2025-03-24 23:00:00,CRM.AGC.SV01,hydraulics_agc_servo,0.7399,0.3832,-0.4373,0,CRM.AGC.SV01::E01,train
2025-03-25 00:00:00,CRM.AGC.SV01,hydraulics_agc_servo,0.7414,0.2874,-0.373,0,CRM.AGC.SV01::E01,train
2025-03-25 01:00:00,CRM.AGC.SV01,hydraulics_agc_servo,0.7664,0.2596,-0.5016,0,CRM.AGC.SV01::E01,train
2025-03-25 02:00:00,CRM.AGC.SV01,hydraulics_agc_servo,0.8546,0.2843,-0.9319,0,CRM.AGC.SV01::E01,train
2025-03-25 03:00:00,CRM.AGC.SV01,hydraulics_agc_servo,0.8684,0.2874,-0.4453,0,CRM.AGC.SV01::E01,train
2025-03-25 04:00:00,CRM.AGC.SV01,hydraulics_agc_servo,0.8421,0.2651,-0.4532,0,CRM.AGC.SV01::E01,train
2025-03-25 05:00:00,CRM.AGC.SV01,hydraulics_agc_servo,0.8624,0.2869,-0.4883,0,CRM.AGC.SV01::E01,train
2025-03-25 06:00:00,CRM.AGC.SV01,hydraulics_agc_servo,0.8749,0.2718,0.0743,0,CRM.AGC.SV01::E01,train
2025-03-25 07:00:00,CRM.AGC.SV01,hydraulics_agc_servo,0.8314,0.2455,-0.6077,0,CRM.AGC.SV01::E01,train
2025-03-25 08:00:00,CRM.AGC.SV01,hydraulics_agc_servo,0.8163,0.2872,-1.2458,0,CRM.AGC.SV01::E01,train
2025-03-25 09:00:00,CRM.AGC.SV01,hydraulics_agc_servo,0.7973,0.2484,-1.719,0,CRM.AGC.SV01::E01,train
2025-03-25 10:00:00,CRM.AGC.SV01,hydraulics_agc_servo,0.7787,0.2696,-1.5415,0,CRM.AGC.SV01::E01,train
2025-03-25 11:00:00,CRM.AGC.SV01,hydraulics_agc_servo,0.7573,0.2101,-1.5245,0,CRM.AGC.SV01::E01,train
2025-03-25 12:00:00,CRM.AGC.SV01,hydraulics_agc_servo,0.7669,0.2381,-1.6511,0,CRM.AGC.SV01::E01,train
2025-03-25 13:00:00,CRM.AGC.SV01,hydraulics_agc_servo,0.7195,0.2426,-2.1266,0,CRM.AGC.SV01::E01,train
2025-03-25 14:00:00,CRM.AGC.SV01,hydraulics_agc_servo,0.7585,0.283,-2.3116,0,CRM.AGC.SV01::E01,train
2025-03-25 15:00:00,CRM.AGC.SV01,hydraulics_agc_servo,0.7408,0.2189,-2.2726,0,CRM.AGC.SV01::E01,train
2025-03-25 16:00:00,CRM.AGC.SV01,hydraulics_agc_servo,0.7189,0.1783,-1.1015,0,CRM.AGC.SV01::E01,train
2025-03-25 17:00:00,CRM.AGC.SV01,hydraulics_agc_servo,0.7431,0.2268,-1.1969,0,CRM.AGC.SV01::E01,train
2025-03-25 18:00:00,CRM.AGC.SV01,hydraulics_agc_servo,0.7792,0.2613,-1.2781,0,CRM.AGC.SV01::E01,train
2025-03-25 19:00:00,CRM.AGC.SV01,hydraulics_agc_servo,0.769,0.2536,-0.6078,0,CRM.AGC.SV01::E01,train
2025-03-25 20:00:00,CRM.AGC.SV01,hydraulics_agc_servo,0.7405,0.2377,-1.088,0,CRM.AGC.SV01::E01,train
2025-03-25 21:00:00,CRM.AGC.SV01,hydraulics_agc_servo,0.7207,0.1715,-1.0618,0,CRM.AGC.SV01::E01,train
2025-03-25 22:00:00,CRM.AGC.SV01,hydraulics_agc_servo,0.7078,0.1422,-0.5805,0,CRM.AGC.SV01::E01,train
2025-03-25 23:00:00,CRM.AGC.SV01,hydraulics_agc_servo,0.752,0.1712,-0.4711,0,CRM.AGC.SV01::E01,train
2025-03-26 00:00:00,CRM.AGC.SV01,hydraulics_agc_servo,0.714,0.1831,0.4335,0,CRM.AGC.SV01::E01,train
2025-03-26 01:00:00,CRM.AGC.SV01,hydraulics_agc_servo,0.678,0.1565,-0.3468,0,CRM.AGC.SV01::E01,train
2025-03-26 02:00:00,CRM.AGC.SV01,hydraulics_agc_servo,0.6729,0.0825,0.3148,0,CRM.AGC.SV01::E01,train
2025-03-26 03:00:00,CRM.AGC.SV01,hydraulics_agc_servo,0.699,0.1445,1.1968,0,CRM.AGC.SV01::E01,train
2025-03-26 04:00:00,CRM.AGC.SV01,hydraulics_agc_servo,0.7053,0.1721,1.0328,0,CRM.AGC.SV01::E01,train
2025-03-26 05:00:00,CRM.AGC.SV01,hydraulics_agc_servo,0.6859,0.1846,0.8921,0,CRM.AGC.SV01::E01,train
2025-03-26 06:00:00,CRM.AGC.SV01,hydraulics_agc_servo,0.743,0.1908,-0.3351,0,CRM.AGC.SV01::E01,train
2025-03-26 07:00:00,CRM.AGC.SV01,hydraulics_agc_servo,0.767,0.2136,-0.366,0,CRM.AGC.SV01::E01,train
2025-03-26 08:00:00,CRM.AGC.SV01,hydraulics_agc_servo,0.7819,0.2028,-0.0715,0,CRM.AGC.SV01::E01,train
2025-03-26 09:00:00,CRM.AGC.SV01,hydraulics_agc_servo,0.7347,0.1977,-0.5988,0,CRM.AGC.SV01::E01,train
2025-03-26 10:00:00,CRM.AGC.SV01,hydraulics_agc_servo,0.7107,0.22,-0.8065,0,CRM.AGC.SV01::E01,train
2025-03-26 11:00:00,CRM.AGC.SV01,hydraulics_agc_servo,0.7446,0.2208,-0.4964,0,CRM.AGC.SV01::E01,train
2025-03-26 12:00:00,CRM.AGC.SV01,hydraulics_agc_servo,0.7772,0.2134,0.0868,0,CRM.AGC.SV01::E01,train
2025-03-26 13:00:00,CRM.AGC.SV01,hydraulics_agc_servo,0.7789,0.2038,0.6378,0,CRM.AGC.SV01::E01,train
2025-03-26 14:00:00,CRM.AGC.SV01,hydraulics_agc_servo,0.7337,0.2406,1.0139,0,CRM.AGC.SV01::E01,train
2025-03-26 15:00:00,CRM.AGC.SV01,hydraulics_agc_servo,0.6736,0.2416,0.4601,0,CRM.AGC.SV01::E01,train
2025-03-26 16:00:00,CRM.AGC.SV01,hydraulics_agc_servo,0.717,0.2349,0.0589,0,CRM.AGC.SV01::E01,train
2025-03-26 17:00:00,CRM.AGC.SV01,hydraulics_agc_servo,0.6987,0.2446,0.6684,0,CRM.AGC.SV01::E01,train
2025-03-26 18:00:00,CRM.AGC.SV01,hydraulics_agc_servo,0.6827,0.2429,0.6126,0,CRM.AGC.SV01::E01,train
2025-03-26 19:00:00,CRM.AGC.SV01,hydraulics_agc_servo,0.6587,0.2778,0.9994,0,CRM.AGC.SV01::E01,train
2025-03-26 20:00:00,CRM.AGC.SV01,hydraulics_agc_servo,0.6054,0.2257,1.7958,0,CRM.AGC.SV01::E01,train
2025-03-26 21:00:00,CRM.AGC.SV01,hydraulics_agc_servo,0.6359,0.2694,1.3432,0,CRM.AGC.SV01::E01,train
2025-03-26 22:00:00,CRM.AGC.SV01,hydraulics_agc_servo,0.6254,0.2608,1.7171,0,CRM.AGC.SV01::E01,train
2025-03-26 23:00:00,CRM.AGC.SV01,hydraulics_agc_servo,0.6394,0.25,1.8292,0,CRM.AGC.SV01::E01,train
2025-03-27 00:00:00,CRM.AGC.SV01,hydraulics_agc_servo,0.5838,0.2899,1.7107,0,CRM.AGC.SV01::E01,train
2025-03-27 01:00:00,CRM.AGC.SV01,hydraulics_agc_servo,0.5891,0.3121,2.1392,0,CRM.AGC.SV01::E01,train
2025-03-27 02:00:00,CRM.AGC.SV01,hydraulics_agc_servo,0.5504,0.2962,1.8618,0,CRM.AGC.SV01::E01,train
2025-03-27 03:00:00,CRM.AGC.SV01,hydraulics_agc_servo,0.628,0.3229,1.7794,0,CRM.AGC.SV01::E01,train
2025-03-27 04:00:00,CRM.AGC.SV01,hydraulics_agc_servo,0.6234,0.2939,1.8704,0,CRM.AGC.SV01::E01,train
2025-03-27 05:00:00,CRM.AGC.SV01,hydraulics_agc_servo,0.6787,0.3096,1.784,0,CRM.AGC.SV01::E01,train
2025-03-27 06:00:00,CRM.AGC.SV01,hydraulics_agc_servo,0.7269,0.2912,1.7357,0,CRM.AGC.SV01::E01,train
2025-03-27 07:00:00,CRM.AGC.SV01,hydraulics_agc_servo,0.7255,0.2805,2.5344,0,CRM.AGC.SV01::E01,train
2025-03-27 08:00:00,CRM.AGC.SV01,hydraulics_agc_servo,0.7352,0.1972,1.4862,0,CRM.AGC.SV01::E01,train
2025-03-27 09:00:00,CRM.AGC.SV01,hydraulics_agc_servo,0.6944,0.2289,2.2105,0,CRM.AGC.SV01::E01,train
2025-03-27 10:00:00,CRM.AGC.SV01,hydraulics_agc_servo,0.6889,0.2162,2.4297,0,CRM.AGC.SV01::E01,train
2025-03-27 11:00:00,CRM.AGC.SV01,hydraulics_agc_servo,0.6848,0.217,2.0726,0,CRM.AGC.SV01::E01,train
2025-03-27 12:00:00,CRM.AGC.SV01,hydraulics_agc_servo,0.7562,0.2345,2.1712,0,CRM.AGC.SV01::E01,train
2025-03-27 13:00:00,CRM.AGC.SV01,hydraulics_agc_servo,0.7879,0.1967,2.7661,0,CRM.AGC.SV01::E01,train
2025-03-27 14:00:00,CRM.AGC.SV01,hydraulics_agc_servo,0.8084,0.1676,4.0166,0,CRM.AGC.SV01::E01,train
2025-03-27 15:00:00,CRM.AGC.SV01,hydraulics_agc_servo,0.874,0.1397,4.8895,0,CRM.AGC.SV01::E01,train
2025-03-27 16:00:00,CRM.AGC.SV01,hydraulics_agc_servo,0.8596,0.1387,4.789,0,CRM.AGC.SV01::E01,train
2025-03-27 17:00:00,CRM.AGC.SV01,hydraulics_agc_servo,0.884,0.1366,5.1459,0,CRM.AGC.SV01::E01,train
2025-03-27 18:00:00,CRM.AGC.SV01,hydraulics_agc_servo,0.9103,0.1862,5.0962,0,CRM.AGC.SV01::E01,train
2025-03-27 19:00:00,CRM.AGC.SV01,hydraulics_agc_servo,0.9364,0.2299,5.4055,0,CRM.AGC.SV01::E01,train
2025-03-27 20:00:00,CRM.AGC.SV01,hydraulics_agc_servo,0.9942,0.2397,5.2269,0,CRM.AGC.SV01::E01,train
2025-03-27 21:00:00,CRM.AGC.SV01,hydraulics_agc_servo,0.9779,0.2359,4.8784,0,CRM.AGC.SV01::E01,train
2025-03-27 22:00:00,CRM.AGC.SV01,hydraulics_agc_servo,0.9746,0.215,4.8837,0,CRM.AGC.SV01::E01,train
2025-03-27 23:00:00,CRM.AGC.SV01,hydraulics_agc_servo,0.9419,0.2101,5.3577,0,CRM.AGC.SV01::E01,train
2025-03-28 00:00:00,CRM.AGC.SV01,hydraulics_agc_servo,0.9397,0.2002,4.7738,0,CRM.AGC.SV01::E01,train
2025-03-28 01:00:00,CRM.AGC.SV01,hydraulics_agc_servo,0.8736,0.1673,4.6548,0,CRM.AGC.SV01::E01,train
2025-03-28 02:00:00,CRM.AGC.SV01,hydraulics_agc_servo,0.9033,0.1832,4.4571,0,CRM.AGC.SV01::E01,train
2025-03-28 03:00:00,CRM.AGC.SV01,hydraulics_agc_servo,0.8674,0.1671,4.6256,0,CRM.AGC.SV01::E01,train
2025-03-28 04:00:00,CRM.AGC.SV01,hydraulics_agc_servo,0.8758,0.1983,4.0348,0,CRM.AGC.SV01::E01,train
2025-03-28 05:00:00,CRM.AGC.SV01,hydraulics_agc_servo,0.8943,0.2149,4.3455,0,CRM.AGC.SV01::E01,train
2025-03-28 06:00:00,CRM.AGC.SV01,hydraulics_agc_servo,0.9517,0.1813,3.8298,0,CRM.AGC.SV01::E01,train
2025-03-28 07:00:00,CRM.AGC.SV01,hydraulics_agc_servo,0.9293,0.21,4.2773,0,CRM.AGC.SV01::E01,train
2025-03-28 08:00:00,CRM.AGC.SV01,hydraulics_agc_servo,0.9816,0.2905,4.4334,0,CRM.AGC.SV01::E01,train
2025-03-28 09:00:00,CRM.AGC.SV01,hydraulics_agc_servo,0.9718,0.2864,4.0482,0,CRM.AGC.SV01::E01,train
2025-03-28 10:00:00,CRM.AGC.SV01,hydraulics_agc_servo,0.9289,0.2585,3.7104,0,CRM.AGC.SV01::E01,train
2025-03-28 11:00:00,CRM.AGC.SV01,hydraulics_agc_servo,0.9003,0.2232,3.6376,0,CRM.AGC.SV01::E01,train
2025-03-28 12:00:00,CRM.AGC.SV01,hydraulics_agc_servo,0.8596,0.3063,3.9087,0,CRM.AGC.SV01::E01,train
2025-03-28 13:00:00,CRM.AGC.SV01,hydraulics_agc_servo,0.8851,0.3267,3.5734,0,CRM.AGC.SV01::E01,train
2025-03-28 14:00:00,CRM.AGC.SV01,hydraulics_agc_servo,0.899,0.3178,2.5586,0,CRM.AGC.SV01::E01,train
2025-03-28 15:00:00,CRM.AGC.SV01,hydraulics_agc_servo,0.9283,0.314,2.5964,0,CRM.AGC.SV01::E01,train
2025-03-28 16:00:00,CRM.AGC.SV01,hydraulics_agc_servo,0.9581,0.3607,2.7694,0,CRM.AGC.SV01::E01,train
2025-03-28 17:00:00,CRM.AGC.SV01,hydraulics_agc_servo,0.9126,0.3912,2.6079,0,CRM.AGC.SV01::E01,train
2025-03-28 18:00:00,CRM.AGC.SV01,hydraulics_agc_servo,0.9188,0.38,2.8387,0,CRM.AGC.SV01::E01,train
2025-03-28 19:00:00,CRM.AGC.SV01,hydraulics_agc_servo,0.8682,0.2929,2.8076,0,CRM.AGC.SV01::E01,train
2025-03-28 20:00:00,CRM.AGC.SV01,hydraulics_agc_servo,0.8364,0.3153,2.2656,0,CRM.AGC.SV01::E01,train
2025-03-28 21:00:00,CRM.AGC.SV01,hydraulics_agc_servo,0.8504,0.35,1.6987,0,CRM.AGC.SV01::E01,train
2025-03-28 22:00:00,CRM.AGC.SV01,hydraulics_agc_servo,0.8667,0.3104,2.0823,0,CRM.AGC.SV01::E01,train
2025-03-28 23:00:00,CRM.AGC.SV01,hydraulics_agc_servo,0.8943,0.2951,1.272,0,CRM.AGC.SV01::E01,train
2025-03-29 00:00:00,CRM.AGC.SV01,hydraulics_agc_servo,0.9456,0.3462,1.0885,0,CRM.AGC.SV01::E01,train
2025-03-29 01:00:00,CRM.AGC.SV01,hydraulics_agc_servo,0.9315,0.3306,1.0839,0,CRM.AGC.SV01::E01,train
2025-03-29 02:00:00,CRM.AGC.SV01,hydraulics_agc_servo,0.8841,0.2744,1.252,0,CRM.AGC.SV01::E01,train
2025-03-29 03:00:00,CRM.AGC.SV01,hydraulics_agc_servo,0.9291,0.2949,1.413,0,CRM.AGC.SV01::E01,train
2025-03-29 04:00:00,CRM.AGC.SV01,hydraulics_agc_servo,0.9623,0.3087,1.9501,0,CRM.AGC.SV01::E01,train
2025-03-29 05:00:00,CRM.AGC.SV01,hydraulics_agc_servo,1.0098,0.3164,2.6282,0,CRM.AGC.SV01::E01,train
2025-03-29 06:00:00,CRM.AGC.SV01,hydraulics_agc_servo,1.0418,0.2657,1.8511,0,CRM.AGC.SV01::E01,train
2025-03-29 07:00:00,CRM.AGC.SV01,hydraulics_agc_servo,1.0314,0.1932,1.4589,0,CRM.AGC.SV01::E01,train
2025-03-29 08:00:00,CRM.AGC.SV01,hydraulics_agc_servo,1.0267,0.2002,0.8061,0,CRM.AGC.SV01::E01,train
2025-03-29 09:00:00,CRM.AGC.SV01,hydraulics_agc_servo,0.9863,0.2211,-0.5471,0,CRM.AGC.SV01::E01,train
2025-03-29 10:00:00,CRM.AGC.SV01,hydraulics_agc_servo,0.9625,0.215,-0.603,0,CRM.AGC.SV01::E01,train
2025-03-29 11:00:00,CRM.AGC.SV01,hydraulics_agc_servo,0.9466,0.7806,-0.0603,0,CRM.AGC.SV01::E01,train
2025-03-29 12:00:00,CRM.AGC.SV01,hydraulics_agc_servo,0.9288,0.2231,1.1575,0,CRM.AGC.SV01::E01,train
2025-03-29 13:00:00,CRM.AGC.SV01,hydraulics_agc_servo,0.9236,0.2255,1.2166,0,CRM.AGC.SV01::E01,train
2025-03-29 14:00:00,CRM.AGC.SV01,hydraulics_agc_servo,0.9318,0.2571,1.7933,0,CRM.AGC.SV01::E01,train
2025-03-29 15:00:00,CRM.AGC.SV01,hydraulics_agc_servo,0.8896,0.287,1.7484,0,CRM.AGC.SV01::E01,train
2025-03-29 16:00:00,CRM.AGC.SV01,hydraulics_agc_servo,0.9373,0.2782,2.0966,0,CRM.AGC.SV01::E01,train
2025-03-29 17:00:00,CRM.AGC.SV01,hydraulics_agc_servo,0.9291,0.2207,2.4011,0,CRM.AGC.SV01::E01,train
2025-03-29 18:00:00,CRM.AGC.SV01,hydraulics_agc_servo,0.9006,0.234,1.8664,0,CRM.AGC.SV01::E01,train
2025-03-29 19:00:00,CRM.AGC.SV01,hydraulics_agc_servo,0.9037,0.2517,0.9376,0,CRM.AGC.SV01::E01,train
2025-03-29 20:00:00,CRM.AGC.SV01,hydraulics_agc_servo,0.8673,0.2747,1.1618,0,CRM.AGC.SV01::E01,train
2025-03-29 21:00:00,CRM.AGC.SV01,hydraulics_agc_servo,0.826,0.2414,-0.0236,0,CRM.AGC.SV01::E01,train
2025-03-29 22:00:00,CRM.AGC.SV01,hydraulics_agc_servo,0.7963,0.2772,-0.7866,0,CRM.AGC.SV01::E01,train
2025-03-29 23:00:00,CRM.AGC.SV01,hydraulics_agc_servo,0.787,0.2368,-0.8249,0,CRM.AGC.SV01::E01,train
2025-03-30 00:00:00,CRM.AGC.SV01,hydraulics_agc_servo,0.7769,0.269,-1.9582,0,CRM.AGC.SV01::E01,train
2025-03-30 01:00:00,CRM.AGC.SV01,hydraulics_agc_servo,0.7854,0.2565,-0.4383,0,CRM.AGC.SV01::E01,train
2025-03-30 02:00:00,CRM.AGC.SV01,hydraulics_agc_servo,0.7594,0.2776,-0.2106,0,CRM.AGC.SV01::E01,train
2025-03-30 03:00:00,CRM.AGC.SV01,hydraulics_agc_servo,0.76,0.2749,0.5695,0,CRM.AGC.SV01::E01,train
2025-03-30 04:00:00,CRM.AGC.SV01,hydraulics_agc_servo,0.7866,0.283,1.0346,0,CRM.AGC.SV01::E01,train
2025-03-30 05:00:00,CRM.AGC.SV01,hydraulics_agc_servo,0.8381,0.2972,1.0279,0,CRM.AGC.SV01::E01,train
2025-03-30 06:00:00,CRM.AGC.SV01,hydraulics_agc_servo,0.8613,0.2772,1.3042,0,CRM.AGC.SV01::E01,train
2025-03-30 07:00:00,CRM.AGC.SV01,hydraulics_agc_servo,0.9122,0.2894,0.4891,0,CRM.AGC.SV01::E01,train
2025-03-30 08:00:00,CRM.AGC.SV01,hydraulics_agc_servo,0.9499,0.2461,0.0178,0,CRM.AGC.SV01::E01,train
2025-03-30 09:00:00,CRM.AGC.SV01,hydraulics_agc_servo,0.8995,0.2513,0.6333,0,CRM.AGC.SV01::E01,train
2025-03-30 10:00:00,CRM.AGC.SV01,hydraulics_agc_servo,0.949,0.2841,0.4746,0,CRM.AGC.SV01::E01,train
2025-03-30 11:00:00,CRM.AGC.SV01,hydraulics_agc_servo,0.8847,0.3081,0.4719,0,CRM.AGC.SV01::E01,train
2025-03-30 12:00:00,CRM.AGC.SV01,hydraulics_agc_servo,0.8731,0.3319,0.6094,0,CRM.AGC.SV01::E01,train
2025-03-30 13:00:00,CRM.AGC.SV01,hydraulics_agc_servo,0.8365,0.241,0.0107,0,CRM.AGC.SV01::E01,train
2025-03-30 14:00:00,CRM.AGC.SV01,hydraulics_agc_servo,0.8011,0.2305,-0.2213,0,CRM.AGC.SV01::E01,train
2025-03-30 15:00:00,CRM.AGC.SV01,hydraulics_agc_servo,0.805,0.1719,-0.2477,0,CRM.AGC.SV01::E01,train
2025-03-30 16:00:00,CRM.AGC.SV01,hydraulics_agc_servo,0.7367,0.2233,0.8174,0,CRM.AGC.SV01::E01,train
2025-03-30 17:00:00,CRM.AGC.SV01,hydraulics_agc_servo,0.7625,0.2051,1.5515,0,CRM.AGC.SV01::E01,train
2025-03-30 18:00:00,CRM.AGC.SV01,hydraulics_agc_servo,0.71,0.2323,1.0954,0,CRM.AGC.SV01::E01,train
2025-03-30 19:00:00,CRM.AGC.SV01,hydraulics_agc_servo,0.7544,0.2315,1.1266,0,CRM.AGC.SV01::E01,train
2025-03-30 20:00:00,CRM.AGC.SV01,hydraulics_agc_servo,0.7226,0.2497,0.8675,0,CRM.AGC.SV01::E01,train
2025-03-30 21:00:00,CRM.AGC.SV01,hydraulics_agc_servo,0.7371,0.229,0.4514,0,CRM.AGC.SV01::E01,train
2025-03-30 22:00:00,CRM.AGC.SV01,hydraulics_agc_servo,0.7679,0.2113,2.0372,0,CRM.AGC.SV01::E01,train
2025-03-30 23:00:00,CRM.AGC.SV01,hydraulics_agc_servo,0.766,0.2008,6.4713,0,CRM.AGC.SV01::E01,train
2025-03-31 00:00:00,CRM.AGC.SV01,hydraulics_agc_servo,0.7723,0.2089,10.1978,0,CRM.AGC.SV01::E01,train
2025-03-31 01:00:00,CRM.AGC.SV01,hydraulics_agc_servo,0.7954,0.2578,11.4253,0,CRM.AGC.SV01::E01,train
2025-03-31 02:00:00,CRM.AGC.SV01,hydraulics_agc_servo,0.8241,0.3563,9.3377,0,CRM.AGC.SV01::E01,train
2025-03-31 03:00:00,CRM.AGC.SV01,hydraulics_agc_servo,0.8614,0.3015,5.7909,0,CRM.AGC.SV01::E01,train
2025-03-31 04:00:00,CRM.AGC.SV01,hydraulics_agc_servo,0.8486,0.2959,1.7775,0,CRM.AGC.SV01::E01,train
2025-03-31 05:00:00,CRM.AGC.SV01,hydraulics_agc_servo,0.8811,0.2417,-0.4066,0,CRM.AGC.SV01::E01,train
2025-03-31 06:00:00,CRM.AGC.SV01,hydraulics_agc_servo,0.8814,0.2241,-1.0085,0,CRM.AGC.SV01::E01,train
2025-03-31 07:00:00,CRM.AGC.SV01,hydraulics_agc_servo,0.8572,0.2735,-1.9521,0,CRM.AGC.SV01::E01,train
2025-03-31 08:00:00,CRM.AGC.SV01,hydraulics_agc_servo,0.8847,0.2587,-1.7729,0,CRM.AGC.SV01::E01,train
2025-03-31 09:00:00,CRM.AGC.SV01,hydraulics_agc_servo,0.9091,0.3027,-1.7184,0,CRM.AGC.SV01::E01,train
2025-03-31 10:00:00,CRM.AGC.SV01,hydraulics_agc_servo,0.8983,0.3017,-2.1586,0,CRM.AGC.SV01::E01,train
2025-03-31 11:00:00,CRM.AGC.SV01,hydraulics_agc_servo,0.8979,0.2946,-2.0398,0,CRM.AGC.SV01::E01,train
2025-03-31 12:00:00,CRM.AGC.SV01,hydraulics_agc_servo,0.9132,0.277,-1.866,0,CRM.AGC.SV01::E01,train
2025-03-31 13:00:00,CRM.AGC.SV01,hydraulics_agc_servo,0.9074,0.273,-2.3036,0,CRM.AGC.SV01::E01,train
2025-03-31 14:00:00,CRM.AGC.SV01,hydraulics_agc_servo,0.8695,0.2558,-2.6348,0,CRM.AGC.SV01::E01,train
2025-03-31 15:00:00,CRM.AGC.SV01,hydraulics_agc_servo,0.9016,0.2769,-2.8515,0,CRM.AGC.SV01::E01,train
2025-03-31 16:00:00,CRM.AGC.SV01,hydraulics_agc_servo,0.8633,0.2667,-3.1119,0,CRM.AGC.SV01::E01,train
2025-03-31 17:00:00,CRM.AGC.SV01,hydraulics_agc_servo,0.8793,0.3057,-3.119,0,CRM.AGC.SV01::E01,train
2025-03-31 18:00:00,CRM.AGC.SV01,hydraulics_agc_servo,0.8704,0.3349,-2.336,0,CRM.AGC.SV01::E01,train
2025-03-31 19:00:00,CRM.AGC.SV01,hydraulics_agc_servo,0.8234,0.3409,-2.3221,0,CRM.AGC.SV01::E01,train
2025-03-31 20:00:00,CRM.AGC.SV01,hydraulics_agc_servo,0.8751,0.3114,-3.3145,0,CRM.AGC.SV01::E01,train
2025-03-31 21:00:00,CRM.AGC.SV01,hydraulics_agc_servo,0.8536,0.2849,-3.5379,0,CRM.AGC.SV01::E01,train
2025-03-31 22:00:00,CRM.AGC.SV01,hydraulics_agc_servo,0.8686,0.2584,-3.8145,0,CRM.AGC.SV01::E01,train
2025-03-31 23:00:00,CRM.AGC.SV01,hydraulics_agc_servo,0.8514,0.2341,-3.7865,0,CRM.AGC.SV01::E01,train
2025-04-01 00:00:00,CRM.AGC.SV01,hydraulics_agc_servo,0.8133,0.1981,-4.7342,0,CRM.AGC.SV01::E01,train
2025-04-01 01:00:00,CRM.AGC.SV01,hydraulics_agc_servo,0.8325,0.1868,-3.9843,0,CRM.AGC.SV01::E01,train
2025-04-01 02:00:00,CRM.AGC.SV01,hydraulics_agc_servo,0.8258,0.2531,-2.9436,0,CRM.AGC.SV01::E01,train
2025-04-01 03:00:00,CRM.AGC.SV01,hydraulics_agc_servo,0.8336,0.2464,-4.3675,0,CRM.AGC.SV01::E01,train
2025-04-01 04:00:00,CRM.AGC.SV01,hydraulics_agc_servo,0.8953,0.2555,-4.0283,0,CRM.AGC.SV01::E01,train
2025-04-01 05:00:00,CRM.AGC.SV01,hydraulics_agc_servo,0.914,0.2857,-4.1791,0,CRM.AGC.SV01::E01,train
2025-04-01 06:00:00,CRM.AGC.SV01,hydraulics_agc_servo,0.9551,0.2671,-4.3306,0,CRM.AGC.SV01::E01,train
2025-04-01 07:00:00,CRM.AGC.SV01,hydraulics_agc_servo,1.0435,0.2729,-3.512,0,CRM.AGC.SV01::E01,train
2025-04-01 08:00:00,CRM.AGC.SV01,hydraulics_agc_servo,1.0361,0.2319,-4.1021,0,CRM.AGC.SV01::E01,train
2025-04-01 09:00:00,CRM.AGC.SV01,hydraulics_agc_servo,1.0138,0.2617,-4.3035,0,CRM.AGC.SV01::E01,train
2025-04-01 10:00:00,CRM.AGC.SV01,hydraulics_agc_servo,0.9546,0.3031,-4.4322,0,CRM.AGC.SV01::E01,train
2025-04-01 11:00:00,CRM.AGC.SV01,hydraulics_agc_servo,0.9161,0.2443,-2.7385,0,CRM.AGC.SV01::E01,train
2025-04-01 12:00:00,CRM.AGC.SV01,hydraulics_agc_servo,0.8936,0.1836,-2.2793,0,CRM.AGC.SV01::E01,train
2025-04-01 13:00:00,CRM.AGC.SV01,hydraulics_agc_servo,0.8952,0.1621,-2.7812,0,CRM.AGC.SV01::E01,train
2025-04-01 14:00:00,CRM.AGC.SV01,hydraulics_agc_servo,0.8872,0.1014,-1.5066,0,CRM.AGC.SV01::E01,train
2025-04-01 15:00:00,CRM.AGC.SV01,hydraulics_agc_servo,0.917,0.1549,-1.1114,0,CRM.AGC.SV01::E01,train
2025-04-01 16:00:00,CRM.AGC.SV01,hydraulics_agc_servo,0.9005,0.2218,-1.9217,0,CRM.AGC.SV01::E01,train
2025-04-01 17:00:00,CRM.AGC.SV01,hydraulics_agc_servo,0.9305,0.2434,-3.0349,0,CRM.AGC.SV01::E01,train
2025-04-01 18:00:00,CRM.AGC.SV01,hydraulics_agc_servo,0.9444,0.2614,-2.2783,0,CRM.AGC.SV01::E01,train
2025-04-01 19:00:00,CRM.AGC.SV01,hydraulics_agc_servo,0.9665,0.2958,-1.7087,0,CRM.AGC.SV01::E01,train
2025-04-01 20:00:00,CRM.AGC.SV01,hydraulics_agc_servo,1.0014,0.2931,-1.4982,0,CRM.AGC.SV01::E01,train
2025-04-01 21:00:00,CRM.AGC.SV01,hydraulics_agc_servo,1.0383,0.3273,-2.3352,0,CRM.AGC.SV01::E01,train
2025-04-01 22:00:00,CRM.AGC.SV01,hydraulics_agc_servo,1.0946,0.3628,-0.3631,0,CRM.AGC.SV01::E01,train
2025-04-01 23:00:00,CRM.AGC.SV01,hydraulics_agc_servo,1.0616,0.3258,-0.219,0,CRM.AGC.SV01::E01,train
2025-04-02 00:00:00,CRM.AGC.SV01,hydraulics_agc_servo,1.0132,0.3656,-1.1267,0,CRM.AGC.SV01::E01,train
2025-04-02 01:00:00,CRM.AGC.SV01,hydraulics_agc_servo,0.97,0.3133,-1.0366,0,CRM.AGC.SV01::E01,train
2025-04-02 02:00:00,CRM.AGC.SV01,hydraulics_agc_servo,0.9051,0.2196,-0.8335,0,CRM.AGC.SV01::E01,train
2025-04-02 03:00:00,CRM.AGC.SV01,hydraulics_agc_servo,0.9209,0.2021,-0.5064,0,CRM.AGC.SV01::E01,train
2025-04-02 04:00:00,CRM.AGC.SV01,hydraulics_agc_servo,0.9289,0.2952,-1.4416,0,CRM.AGC.SV01::E01,train
2025-04-02 05:00:00,CRM.AGC.SV01,hydraulics_agc_servo,0.9343,0.2709,-0.539,0,CRM.AGC.SV01::E01,train
2025-04-02 06:00:00,CRM.AGC.SV01,hydraulics_agc_servo,0.9338,0.2344,-0.7788,0,CRM.AGC.SV01::E01,train
2025-04-02 07:00:00,CRM.AGC.SV01,hydraulics_agc_servo,0.9581,0.2134,-0.6384,0,CRM.AGC.SV01::E01,train
2025-04-02 08:00:00,CRM.AGC.SV01,hydraulics_agc_servo,0.9932,0.2335,-0.3523,0,CRM.AGC.SV01::E01,train
2025-04-02 09:00:00,CRM.AGC.SV01,hydraulics_agc_servo,0.9809,0.2215,-1.4896,0,CRM.AGC.SV01::E01,train
2025-04-02 10:00:00,CRM.AGC.SV01,hydraulics_agc_servo,1.0207,0.1866,-2.3654,0,CRM.AGC.SV01::E01,train
2025-04-02 11:00:00,CRM.AGC.SV01,hydraulics_agc_servo,1.0386,0.1599,-1.8753,0,CRM.AGC.SV01::E01,train
2025-04-02 12:00:00,CRM.AGC.SV01,hydraulics_agc_servo,1.0367,0.1341,-1.2381,0,CRM.AGC.SV01::E01,train
2025-04-02 13:00:00,CRM.AGC.SV01,hydraulics_agc_servo,0.9522,0.0645,-1.3285,0,CRM.AGC.SV01::E01,train
2025-04-02 14:00:00,CRM.AGC.SV01,hydraulics_agc_servo,0.8557,0.0773,-1.719,0,CRM.AGC.SV01::E01,train
2025-04-02 15:00:00,CRM.AGC.SV01,hydraulics_agc_servo,0.8168,0.1035,-2.0788,0,CRM.AGC.SV01::E01,train
2025-04-02 16:00:00,CRM.AGC.SV01,hydraulics_agc_servo,0.7939,0.1353,-2.1684,0,CRM.AGC.SV01::E01,train
2025-04-02 17:00:00,CRM.AGC.SV01,hydraulics_agc_servo,0.8413,0.123,-1.161,0,CRM.AGC.SV01::E01,train
2025-04-02 18:00:00,CRM.AGC.SV01,hydraulics_agc_servo,0.8257,0.1434,-1.0637,0,CRM.AGC.SV01::E01,train
2025-04-02 19:00:00,CRM.AGC.SV01,hydraulics_agc_servo,0.8921,0.2009,-0.1094,0,CRM.AGC.SV01::E01,train
2025-04-02 20:00:00,CRM.AGC.SV01,hydraulics_agc_servo,0.9289,0.2101,0.103,0,CRM.AGC.SV01::E01,train
2025-04-02 21:00:00,CRM.AGC.SV01,hydraulics_agc_servo,0.9164,0.1771,0.4645,0,CRM.AGC.SV01::E01,train
2025-04-02 22:00:00,CRM.AGC.SV01,hydraulics_agc_servo,0.8762,0.1718,1.1635,0,CRM.AGC.SV01::E01,train
2025-04-02 23:00:00,CRM.AGC.SV01,hydraulics_agc_servo,0.8931,0.171,0.7425,0,CRM.AGC.SV01::E01,train
2025-04-03 00:00:00,CRM.AGC.SV01,hydraulics_agc_servo,0.8727,0.21,0.5966,0,CRM.AGC.SV01::E01,train
2025-04-03 01:00:00,CRM.AGC.SV01,hydraulics_agc_servo,0.8924,0.2426,0.6348,0,CRM.AGC.SV01::E01,train
2025-04-03 02:00:00,CRM.AGC.SV01,hydraulics_agc_servo,0.9542,0.2589,0.1788,0,CRM.AGC.SV01::E01,train
2025-04-03 03:00:00,CRM.AGC.SV01,hydraulics_agc_servo,0.9399,0.2971,0.723,0,CRM.AGC.SV01::E01,train
2025-04-03 04:00:00,CRM.AGC.SV01,hydraulics_agc_servo,0.918,0.2449,0.2812,0,CRM.AGC.SV01::E01,train
2025-04-03 05:00:00,CRM.AGC.SV01,hydraulics_agc_servo,0.9582,0.2862,0.9965,0,CRM.AGC.SV01::E01,train
2025-04-03 06:00:00,CRM.AGC.SV01,hydraulics_agc_servo,0.9366,0.2951,1.3219,0,CRM.AGC.SV01::E01,train
2025-04-03 07:00:00,CRM.AGC.SV01,hydraulics_agc_servo,0.9549,0.33,1.0797,0,CRM.AGC.SV01::E01,train
2025-04-03 08:00:00,CRM.AGC.SV01,hydraulics_agc_servo,1.0161,0.2531,1.2118,0,CRM.AGC.SV01::E01,train
2025-04-03 09:00:00,CRM.AGC.SV01,hydraulics_agc_servo,1.0123,0.2593,1.8281,0,CRM.AGC.SV01::E01,train
2025-04-03 10:00:00,CRM.AGC.SV01,hydraulics_agc_servo,1.0338,0.2747,2.5511,0,CRM.AGC.SV01::E01,train
2025-04-03 11:00:00,CRM.AGC.SV01,hydraulics_agc_servo,1.0136,0.2839,3.0246,0,CRM.AGC.SV01::E01,train
2025-04-03 12:00:00,CRM.AGC.SV01,hydraulics_agc_servo,1.0266,0.2891,1.7214,0,CRM.AGC.SV01::E01,train
2025-04-03 13:00:00,CRM.AGC.SV01,hydraulics_agc_servo,1.007,0.2977,1.4715,0,CRM.AGC.SV01::E01,train
2025-04-03 14:00:00,CRM.AGC.SV01,hydraulics_agc_servo,1.0661,0.2914,2.8035,0,CRM.AGC.SV01::E01,train
2025-04-03 15:00:00,CRM.AGC.SV01,hydraulics_agc_servo,1.0277,0.2952,2.9292,0,CRM.AGC.SV01::E01,train
2025-04-03 16:00:00,CRM.AGC.SV01,hydraulics_agc_servo,1.0093,0.2377,2.5814,0,CRM.AGC.SV01::E01,train
2025-04-03 17:00:00,CRM.AGC.SV01,hydraulics_agc_servo,1.0407,0.2165,2.7132,0,CRM.AGC.SV01::E01,train
2025-04-03 18:00:00,CRM.AGC.SV01,hydraulics_agc_servo,1.0605,0.1886,2.1572,0,CRM.AGC.SV01::E01,train
2025-04-03 19:00:00,CRM.AGC.SV01,hydraulics_agc_servo,1.0489,0.1818,2.2789,0,CRM.AGC.SV01::E01,train
2025-04-03 20:00:00,CRM.AGC.SV01,hydraulics_agc_servo,1.0813,0.2395,2.2715,0,CRM.AGC.SV01::E01,train
2025-04-03 21:00:00,CRM.AGC.SV01,hydraulics_agc_servo,1.034,0.2592,1.18,0,CRM.AGC.SV01::E01,train
2025-04-03 22:00:00,CRM.AGC.SV01,hydraulics_agc_servo,1.0064,0.2459,1.1156,0,CRM.AGC.SV01::E01,train
2025-04-03 23:00:00,CRM.AGC.SV01,hydraulics_agc_servo,1.0467,0.2237,1.3096,0,CRM.AGC.SV01::E01,train
2025-04-04 00:00:00,CRM.AGC.SV01,hydraulics_agc_servo,1.03,0.2361,2.028,0,CRM.AGC.SV01::E01,train
2025-04-04 01:00:00,CRM.AGC.SV01,hydraulics_agc_servo,1.0252,0.2376,2.4427,0,CRM.AGC.SV01::E01,train
2025-04-04 02:00:00,CRM.AGC.SV01,hydraulics_agc_servo,0.9823,0.1717,2.0879,0,CRM.AGC.SV01::E01,train
2025-04-04 03:00:00,CRM.AGC.SV01,hydraulics_agc_servo,1.0098,0.1774,1.8959,1,CRM.AGC.SV01::E01,train
2025-04-04 04:00:00,CRM.AGC.SV01,hydraulics_agc_servo,1.0196,0.2211,1.1541,0,CRM.AGC.SV01::E01,train
2025-04-04 05:00:00,CRM.AGC.SV01,hydraulics_agc_servo,0.9892,0.1704,1.1239,0,CRM.AGC.SV01::E01,train
2025-04-04 06:00:00,CRM.AGC.SV01,hydraulics_agc_servo,1.011,0.178,0.0193,0,CRM.AGC.SV01::E01,train
2025-04-04 07:00:00,CRM.AGC.SV01,hydraulics_agc_servo,1.0354,0.1899,-0.1843,0,CRM.AGC.SV01::E01,train
2025-04-04 08:00:00,CRM.AGC.SV01,hydraulics_agc_servo,1.048,0.224,-0.4235,0,CRM.AGC.SV01::E01,train
2025-04-04 09:00:00,CRM.AGC.SV01,hydraulics_agc_servo,1.0302,0.1756,-0.8162,0,CRM.AGC.SV01::E01,train
2025-04-04 10:00:00,CRM.AGC.SV01,hydraulics_agc_servo,1.0754,0.2419,0.1012,0,CRM.AGC.SV01::E01,train
2025-04-04 11:00:00,CRM.AGC.SV01,hydraulics_agc_servo,1.0272,0.2491,0.3256,0,CRM.AGC.SV01::E01,train
2025-04-04 12:00:00,CRM.AGC.SV01,hydraulics_agc_servo,1.034,0.3391,0.0706,1,CRM.AGC.SV01::E01,train
2025-04-04 13:00:00,CRM.AGC.SV01,hydraulics_agc_servo,1.0202,0.359,-0.6797,0,CRM.AGC.SV01::E01,train
2025-04-04 14:00:00,CRM.AGC.SV01,hydraulics_agc_servo,1.0283,0.3567,-0.1956,0,CRM.AGC.SV01::E01,train
2025-04-04 15:00:00,CRM.AGC.SV01,hydraulics_agc_servo,1.0251,0.334,-0.8448,0,CRM.AGC.SV01::E01,train
2025-04-04 16:00:00,CRM.AGC.SV01,hydraulics_agc_servo,1.008,0.3089,-1.0526,0,CRM.AGC.SV01::E01,train
2025-04-04 17:00:00,CRM.AGC.SV01,hydraulics_agc_servo,1.042,0.3158,-1.68,0,CRM.AGC.SV01::E01,train
2025-04-04 18:00:00,CRM.AGC.SV01,hydraulics_agc_servo,1.0143,0.2325,-1.0255,0,CRM.AGC.SV01::E01,train
2025-04-04 19:00:00,CRM.AGC.SV01,hydraulics_agc_servo,0.9505,0.2325,-1.6409,0,CRM.AGC.SV01::E01,train
2025-04-04 20:00:00,CRM.AGC.SV01,hydraulics_agc_servo,0.9356,0.2624,-1.2974,0,CRM.AGC.SV01::E01,train
2025-04-04 21:00:00,CRM.AGC.SV01,hydraulics_agc_servo,0.9233,0.301,-1.4658,0,CRM.AGC.SV01::E01,train
2025-04-04 22:00:00,CRM.AGC.SV01,hydraulics_agc_servo,0.8544,0.3443,-2.0947,0,CRM.AGC.SV01::E01,train
2025-04-04 23:00:00,CRM.AGC.SV01,hydraulics_agc_servo,0.8041,0.3361,-2.6855,0,CRM.AGC.SV01::E01,train
2025-04-05 00:00:00,CRM.AGC.SV01,hydraulics_agc_servo,0.8237,0.3918,-2.9139,0,CRM.AGC.SV01::E01,train
2025-04-05 01:00:00,CRM.AGC.SV01,hydraulics_agc_servo,0.8127,0.421,-2.3826,0,CRM.AGC.SV01::E01,train
2025-04-05 02:00:00,CRM.AGC.SV01,hydraulics_agc_servo,0.8133,0.421,-2.1278,0,CRM.AGC.SV01::E01,train
2025-04-05 03:00:00,CRM.AGC.SV01,hydraulics_agc_servo,0.8165,0.4156,-1.6458,0,CRM.AGC.SV01::E01,train
2025-04-05 04:00:00,CRM.AGC.SV01,hydraulics_agc_servo,0.8389,0.4257,-0.8967,1,CRM.AGC.SV01::E01,train
2025-04-05 05:00:00,CRM.AGC.SV01,hydraulics_agc_servo,0.9457,0.466,-1.3917,0,CRM.AGC.SV01::E01,train
2025-04-05 06:00:00,CRM.AGC.SV01,hydraulics_agc_servo,0.9286,0.4797,-1.3881,0,CRM.AGC.SV01::E01,train
2025-04-05 07:00:00,CRM.AGC.SV01,hydraulics_agc_servo,0.9924,0.4361,-1.4751,0,CRM.AGC.SV01::E01,train
2025-04-05 08:00:00,CRM.AGC.SV01,hydraulics_agc_servo,0.9879,0.4181,-0.8876,0,CRM.AGC.SV01::E01,train
2025-04-05 09:00:00,CRM.AGC.SV01,hydraulics_agc_servo,0.9449,0.3995,-0.3133,0,CRM.AGC.SV01::E01,train
2025-04-05 10:00:00,CRM.AGC.SV01,hydraulics_agc_servo,1.0002,0.3762,-0.664,0,CRM.AGC.SV01::E01,train
2025-04-05 11:00:00,CRM.AGC.SV01,hydraulics_agc_servo,0.9735,0.4362,-1.024,0,CRM.AGC.SV01::E01,train
2025-04-05 12:00:00,CRM.AGC.SV01,hydraulics_agc_servo,0.9242,0.3988,0.173,0,CRM.AGC.SV01::E01,train
2025-04-05 13:00:00,CRM.AGC.SV01,hydraulics_agc_servo,0.9517,0.4383,-0.2999,1,CRM.AGC.SV01::E01,train
2025-04-05 14:00:00,CRM.AGC.SV01,hydraulics_agc_servo,0.8954,0.4477,0.3595,0,CRM.AGC.SV01::E01,train
2025-04-05 15:00:00,CRM.AGC.SV01,hydraulics_agc_servo,0.8936,0.3533,0.5813,0,CRM.AGC.SV01::E01,train
2025-04-05 16:00:00,CRM.AGC.SV01,hydraulics_agc_servo,0.9126,0.3887,-0.0173,0,CRM.AGC.SV01::E01,train
2025-04-05 17:00:00,CRM.AGC.SV01,hydraulics_agc_servo,0.8953,0.4473,-0.2507,0,CRM.AGC.SV01::E01,train
2025-04-05 18:00:00,CRM.AGC.SV01,hydraulics_agc_servo,0.895,0.4504,-0.1525,0,CRM.AGC.SV01::E01,train
2025-04-05 19:00:00,CRM.AGC.SV01,hydraulics_agc_servo,0.9445,0.4946,-0.4474,0,CRM.AGC.SV01::E01,train
2025-04-05 20:00:00,CRM.AGC.SV01,hydraulics_agc_servo,0.9576,0.4162,0.0747,0,CRM.AGC.SV01::E01,train
2025-04-05 21:00:00,CRM.AGC.SV01,hydraulics_agc_servo,0.9726,0.4052,0.4871,0,CRM.AGC.SV01::E01,train
2025-04-05 22:00:00,CRM.AGC.SV01,hydraulics_agc_servo,0.933,0.394,0.4982,0,CRM.AGC.SV01::E01,train
2025-04-05 23:00:00,CRM.AGC.SV01,hydraulics_agc_servo,0.9076,0.4234,0.2256,0,CRM.AGC.SV01::E01,train
2025-04-06 00:00:00,CRM.AGC.SV01,hydraulics_agc_servo,0.9855,0.4195,-0.1408,1,CRM.AGC.SV01::E01,train
2025-04-06 01:00:00,CRM.AGC.SV01,hydraulics_agc_servo,0.9915,0.4215,-0.2382,0,CRM.AGC.SV01::E01,train
2025-04-06 02:00:00,CRM.AGC.SV01,hydraulics_agc_servo,1.0296,0.4355,-1.0366,0,CRM.AGC.SV01::E01,train
2025-04-06 03:00:00,CRM.AGC.SV01,hydraulics_agc_servo,1.0606,0.4402,-1.2618,1,CRM.AGC.SV01::E01,train
2025-04-06 04:00:00,CRM.AGC.SV01,hydraulics_agc_servo,1.0558,0.4677,-1.8211,0,CRM.AGC.SV01::E01,train
2025-04-06 05:00:00,CRM.AGC.SV01,hydraulics_agc_servo,1.0378,0.4573,-0.863,0,CRM.AGC.SV01::E01,train
2025-04-06 06:00:00,CRM.AGC.SV01,hydraulics_agc_servo,0.9909,0.459,-0.252,0,CRM.AGC.SV01::E01,train
2025-04-06 07:00:00,CRM.AGC.SV01,hydraulics_agc_servo,1.0194,0.4534,0.0162,0,CRM.AGC.SV01::E01,train
2025-04-06 08:00:00,CRM.AGC.SV01,hydraulics_agc_servo,1.0511,0.3822,-0.3723,0,CRM.AGC.SV01::E01,train
2025-04-06 09:00:00,CRM.AGC.SV01,hydraulics_agc_servo,1.0462,0.3776,-0.2291,0,CRM.AGC.SV01::E01,train
2025-04-06 10:00:00,CRM.AGC.SV01,hydraulics_agc_servo,1.0486,0.4278,0.5142,0,CRM.AGC.SV01::E01,train
2025-04-06 11:00:00,CRM.AGC.SV01,hydraulics_agc_servo,1.0735,0.441,0.1833,1,CRM.AGC.SV01::E01,train
2025-04-06 12:00:00,CRM.AGC.SV01,hydraulics_agc_servo,1.0314,0.4321,0.3165,0,CRM.AGC.SV01::E01,train
2025-04-06 13:00:00,CRM.AGC.SV01,hydraulics_agc_servo,0.9643,0.4802,0.6501,0,CRM.AGC.SV01::E01,train
2025-04-06 14:00:00,CRM.AGC.SV01,hydraulics_agc_servo,0.8939,0.4431,0.3699,0,CRM.AGC.SV01::E01,train
2025-04-06 15:00:00,CRM.AGC.SV01,hydraulics_agc_servo,0.9764,0.4259,1.579,0,CRM.AGC.SV01::E01,train
2025-04-06 16:00:00,CRM.AGC.SV01,hydraulics_agc_servo,0.9518,0.3741,1.2464,0,CRM.AGC.SV01::E01,train
2025-04-06 17:00:00,CRM.AGC.SV01,hydraulics_agc_servo,0.9388,0.3846,0.8,0,CRM.AGC.SV01::E01,train
2025-04-06 18:00:00,CRM.AGC.SV01,hydraulics_agc_servo,0.9304,0.3713,0.1364,0,CRM.AGC.SV01::E01,train
2025-04-06 19:00:00,CRM.AGC.SV01,hydraulics_agc_servo,0.9418,0.3875,0.4327,0,CRM.AGC.SV01::E01,train
2025-04-06 20:00:00,CRM.AGC.SV01,hydraulics_agc_servo,0.9696,0.3786,0.2049,0,CRM.AGC.SV01::E01,train
2025-04-06 21:00:00,CRM.AGC.SV01,hydraulics_agc_servo,0.9779,0.4375,0.071,0,CRM.AGC.SV01::E01,train
2025-04-06 22:00:00,CRM.AGC.SV01,hydraulics_agc_servo,0.9036,0.4658,-0.7251,0,CRM.AGC.SV01::E01,train
2025-04-06 23:00:00,CRM.AGC.SV01,hydraulics_agc_servo,0.8934,0.4457,-1.212,0,CRM.AGC.SV01::E01,train
2025-04-07 00:00:00,CRM.AGC.SV01,hydraulics_agc_servo,0.8685,0.4259,-2.9323,0,CRM.AGC.SV01::E01,train
2025-04-07 01:00:00,CRM.AGC.SV01,hydraulics_agc_servo,0.9116,0.3794,-2.7232,0,CRM.AGC.SV01::E01,train
2025-04-07 02:00:00,CRM.AGC.SV01,hydraulics_agc_servo,0.9429,0.3936,-2.5411,0,CRM.AGC.SV01::E01,train
2025-04-07 03:00:00,CRM.AGC.SV01,hydraulics_agc_servo,0.9416,0.3259,-2.0898,0,CRM.AGC.SV01::E01,train
2025-04-07 04:00:00,CRM.AGC.SV01,hydraulics_agc_servo,0.9059,0.2867,-1.7659,0,CRM.AGC.SV01::E01,train
2025-04-07 05:00:00,CRM.AGC.SV01,hydraulics_agc_servo,0.9818,0.281,-0.9575,1,CRM.AGC.SV01::E01,train
2025-04-07 06:00:00,CRM.AGC.SV01,hydraulics_agc_servo,0.9971,0.3542,-0.3035,0,CRM.AGC.SV01::E01,train
2025-04-07 07:00:00,CRM.AGC.SV01,hydraulics_agc_servo,1.0114,0.3067,-0.5723,0,CRM.AGC.SV01::E01,train
2025-04-07 08:00:00,CRM.AGC.SV01,hydraulics_agc_servo,1.0032,0.3872,-0.9042,0,CRM.AGC.SV01::E01,train
2025-04-07 09:00:00,CRM.AGC.SV01,hydraulics_agc_servo,0.9762,0.352,0.0123,0,CRM.AGC.SV01::E01,train
2025-04-07 10:00:00,CRM.AGC.SV01,hydraulics_agc_servo,0.9891,0.3247,-0.5073,0,CRM.AGC.SV01::E01,train
2025-04-07 11:00:00,CRM.AGC.SV01,hydraulics_agc_servo,0.9684,0.388,0.4207,0,CRM.AGC.SV01::E01,train
2025-04-07 12:00:00,CRM.AGC.SV01,hydraulics_agc_servo,0.9569,0.2976,0.422,0,CRM.AGC.SV01::E01,train
2025-04-07 13:00:00,CRM.AGC.SV01,hydraulics_agc_servo,0.9439,0.2686,1.4083,0,CRM.AGC.SV01::E01,train
2025-04-07 14:00:00,CRM.AGC.SV01,hydraulics_agc_servo,0.9792,0.3039,1.1621,0,CRM.AGC.SV01::E01,train
2025-04-07 15:00:00,CRM.AGC.SV01,hydraulics_agc_servo,0.9438,0.3152,0.7597,0,CRM.AGC.SV01::E01,train
2025-04-07 16:00:00,CRM.AGC.SV01,hydraulics_agc_servo,0.991,0.2746,0.9415,0,CRM.AGC.SV01::E01,train
2025-04-07 17:00:00,CRM.AGC.SV01,hydraulics_agc_servo,1.0124,0.2673,1.1723,0,CRM.AGC.SV01::E01,train
2025-04-07 18:00:00,CRM.AGC.SV01,hydraulics_agc_servo,0.9841,0.2793,0.7882,0,CRM.AGC.SV01::E01,train
2025-04-07 19:00:00,CRM.AGC.SV01,hydraulics_agc_servo,0.9864,0.3084,0.6366,0,CRM.AGC.SV01::E01,train
2025-04-07 20:00:00,CRM.AGC.SV01,hydraulics_agc_servo,1.0295,0.3183,0.8416,1,CRM.AGC.SV01::E01,train
2025-04-07 21:00:00,CRM.AGC.SV01,hydraulics_agc_servo,1.0606,0.3348,0.5063,0,CRM.AGC.SV01::E01,train
2025-04-07 22:00:00,CRM.AGC.SV01,hydraulics_agc_servo,1.072,0.3175,-0.08,0,CRM.AGC.SV01::E01,train
2025-04-07 23:00:00,CRM.AGC.SV01,hydraulics_agc_servo,1.0797,0.3441,0.0132,0,CRM.AGC.SV01::E01,train
2025-04-08 00:00:00,CRM.AGC.SV01,hydraulics_agc_servo,1.0708,0.3661,0.1602,0,CRM.AGC.SV01::E01,train
2025-04-08 01:00:00,CRM.AGC.SV01,hydraulics_agc_servo,1.0932,0.2563,0.2493,0,CRM.AGC.SV01::E01,train
2025-04-08 02:00:00,CRM.AGC.SV01,hydraulics_agc_servo,1.0619,0.2318,0.9519,0,CRM.AGC.SV01::E01,train
2025-04-08 03:00:00,CRM.AGC.SV01,hydraulics_agc_servo,1.0503,0.2117,1.1132,0,CRM.AGC.SV01::E01,train
2025-04-08 04:00:00,CRM.AGC.SV01,hydraulics_agc_servo,1.0822,0.2342,1.372,1,CRM.AGC.SV01::E01,train
2025-04-08 05:00:00,CRM.AGC.SV01,hydraulics_agc_servo,1.0277,0.1657,0.9438,0,CRM.AGC.SV01::E01,train
2025-04-08 06:00:00,CRM.AGC.SV01,hydraulics_agc_servo,1.0784,0.1871,-0.0081,0,CRM.AGC.SV01::E01,train
2025-04-08 07:00:00,CRM.AGC.SV01,hydraulics_agc_servo,1.0454,0.2433,0.9568,1,CRM.AGC.SV01::E01,train
2025-04-08 08:00:00,CRM.AGC.SV01,hydraulics_agc_servo,1.0221,0.1984,0.6935,0,CRM.AGC.SV01::E01,train
2025-04-08 09:00:00,CRM.AGC.SV01,hydraulics_agc_servo,0.9901,0.222,1.5321,0,CRM.AGC.SV01::E01,train
2025-04-08 10:00:00,CRM.AGC.SV01,hydraulics_agc_servo,1.0169,0.2199,3.0184,0,CRM.AGC.SV01::E01,train
2025-04-08 11:00:00,CRM.AGC.SV01,hydraulics_agc_servo,1.0408,0.2559,3.4071,0,CRM.AGC.SV01::E01,train
2025-04-08 12:00:00,CRM.AGC.SV01,hydraulics_agc_servo,1.0929,0.2135,3.0789,1,CRM.AGC.SV01::E01,train
2025-04-08 13:00:00,CRM.AGC.SV01,hydraulics_agc_servo,1.022,0.1618,3.6852,1,CRM.AGC.SV01::E01,train
2025-04-08 14:00:00,CRM.AGC.SV01,hydraulics_agc_servo,1.0272,0.1674,2.8303,0,CRM.AGC.SV01::E01,train
2025-04-08 15:00:00,CRM.AGC.SV01,hydraulics_agc_servo,1.0178,0.1746,2.7823,0,CRM.AGC.SV01::E01,train
2025-04-08 16:00:00,CRM.AGC.SV01,hydraulics_agc_servo,0.9927,0.0734,2.1511,0,CRM.AGC.SV01::E01,train
2025-04-08 17:00:00,CRM.AGC.SV01,hydraulics_agc_servo,1.0443,0.1473,0.9787,0,CRM.AGC.SV01::E01,train
2025-04-08 18:00:00,CRM.AGC.SV01,hydraulics_agc_servo,1.0575,0.1644,1.6922,0,CRM.AGC.SV01::E01,train
2025-04-08 19:00:00,CRM.AGC.SV01,hydraulics_agc_servo,1.0594,0.2179,0.9537,0,CRM.AGC.SV01::E01,train
2025-04-08 20:00:00,CRM.AGC.SV01,hydraulics_agc_servo,1.0643,0.1442,1.7363,0,CRM.AGC.SV01::E01,train
2025-04-08 21:00:00,CRM.AGC.SV01,hydraulics_agc_servo,1.0717,0.1686,1.1329,0,CRM.AGC.SV01::E01,train
2025-04-08 22:00:00,CRM.AGC.SV01,hydraulics_agc_servo,1.1309,0.1726,0.5415,0,CRM.AGC.SV01::E01,train
2025-04-08 23:00:00,CRM.AGC.SV01,hydraulics_agc_servo,1.1023,0.1868,-0.2706,0,CRM.AGC.SV01::E01,train
2025-04-09 00:00:00,CRM.AGC.SV01,hydraulics_agc_servo,1.1212,0.2162,-0.2171,0,CRM.AGC.SV01::E01,train
2025-04-09 01:00:00,CRM.AGC.SV01,hydraulics_agc_servo,1.1035,0.1581,-0.5717,1,CRM.AGC.SV01::E01,train
2025-04-09 02:00:00,CRM.AGC.SV01,hydraulics_agc_servo,1.0376,0.1394,-0.319,0,CRM.AGC.SV01::E01,train
2025-04-09 03:00:00,CRM.AGC.SV01,hydraulics_agc_servo,1.0041,0.1431,0.0009,0,CRM.AGC.SV01::E01,train
2025-04-09 04:00:00,CRM.AGC.SV01,hydraulics_agc_servo,1.0175,0.1353,0.0955,0,CRM.AGC.SV01::E01,train
2025-04-09 05:00:00,CRM.AGC.SV01,hydraulics_agc_servo,1.0396,0.1323,-0.046,0,CRM.AGC.SV01::E01,train
2025-04-09 06:00:00,CRM.AGC.SV01,hydraulics_agc_servo,1.0447,0.2066,-0.4693,0,CRM.AGC.SV01::E01,train
2025-04-09 07:00:00,CRM.AGC.SV01,hydraulics_agc_servo,1.0932,0.2033,0.0631,0,CRM.AGC.SV01::E01,train
2025-04-09 08:00:00,CRM.AGC.SV01,hydraulics_agc_servo,1.1111,0.2136,0.5965,0,CRM.AGC.SV01::E01,train
2025-04-09 09:00:00,CRM.AGC.SV01,hydraulics_agc_servo,1.1114,0.2426,-0.1652,0,CRM.AGC.SV01::E01,train
2025-04-09 10:00:00,CRM.AGC.SV01,hydraulics_agc_servo,1.1504,0.2152,0.6403,0,CRM.AGC.SV01::E01,train
2025-04-09 11:00:00,CRM.AGC.SV01,hydraulics_agc_servo,1.1099,0.1334,0.7929,0,CRM.AGC.SV01::E01,train
2025-04-09 12:00:00,CRM.AGC.SV01,hydraulics_agc_servo,1.1049,0.1932,0.8786,0,CRM.AGC.SV01::E01,train
2025-04-09 13:00:00,CRM.AGC.SV01,hydraulics_agc_servo,1.0739,0.1853,1.5839,0,CRM.AGC.SV01::E01,train
2025-04-09 14:00:00,CRM.AGC.SV01,hydraulics_agc_servo,1.1272,0.1718,1.0125,0,CRM.AGC.SV01::E01,train
2025-04-09 15:00:00,CRM.AGC.SV01,hydraulics_agc_servo,1.1876,0.1626,0.8857,0,CRM.AGC.SV01::E01,train
2025-04-09 16:00:00,CRM.AGC.SV01,hydraulics_agc_servo,1.1837,0.1316,0.8895,0,CRM.AGC.SV01::E01,train
2025-04-09 17:00:00,CRM.AGC.SV01,hydraulics_agc_servo,1.1981,0.1364,1.4009,1,CRM.AGC.SV01::E01,train
2025-04-09 18:00:00,CRM.AGC.SV01,hydraulics_agc_servo,1.1934,0.1657,1.6811,1,CRM.AGC.SV01::E01,train
2025-04-09 19:00:00,CRM.AGC.SV01,hydraulics_agc_servo,1.151,0.1572,1.7078,0,CRM.AGC.SV01::E01,train
2025-04-09 20:00:00,CRM.AGC.SV01,hydraulics_agc_servo,1.1485,0.1493,0.4283,0,CRM.AGC.SV01::E01,train
2025-04-09 21:00:00,CRM.AGC.SV01,hydraulics_agc_servo,1.1201,0.2153,1.4033,0,CRM.AGC.SV01::E01,train
2025-04-09 22:00:00,CRM.AGC.SV01,hydraulics_agc_servo,1.1427,0.1475,0.5184,0,CRM.AGC.SV01::E01,train
2025-04-09 23:00:00,CRM.AGC.SV01,hydraulics_agc_servo,1.1387,0.1859,0.0264,0,CRM.AGC.SV01::E01,train
2025-04-10 00:00:00,CRM.AGC.SV01,hydraulics_agc_servo,1.1593,0.1464,1.0686,0,CRM.AGC.SV01::E01,train
2025-04-10 01:00:00,CRM.AGC.SV01,hydraulics_agc_servo,1.1021,0.1859,1.1088,0,CRM.AGC.SV01::E01,train
2025-04-10 02:00:00,CRM.AGC.SV01,hydraulics_agc_servo,1.1567,0.1588,0.0261,1,CRM.AGC.SV01::E01,train
2025-04-10 03:00:00,CRM.AGC.SV01,hydraulics_agc_servo,1.2328,0.1939,0.5956,0,CRM.AGC.SV01::E01,train
2025-04-10 04:00:00,CRM.AGC.SV01,hydraulics_agc_servo,1.231,0.2278,1.2326,0,CRM.AGC.SV01::E01,train
2025-04-10 05:00:00,CRM.AGC.SV01,hydraulics_agc_servo,1.1945,0.2961,0.8362,0,CRM.AGC.SV01::E01,train
2025-04-10 06:00:00,CRM.AGC.SV01,hydraulics_agc_servo,1.1897,0.2886,0.5839,0,CRM.AGC.SV01::E01,train
2025-04-10 07:00:00,CRM.AGC.SV01,hydraulics_agc_servo,1.223,0.3469,0.731,0,CRM.AGC.SV01::E01,train
2025-04-10 08:00:00,CRM.AGC.SV01,hydraulics_agc_servo,1.2145,0.3206,1.9137,0,CRM.AGC.SV01::E01,train
2025-04-10 09:00:00,CRM.AGC.SV01,hydraulics_agc_servo,1.2106,0.2786,1.3138,0,CRM.AGC.SV01::E01,train
2025-04-10 10:00:00,CRM.AGC.SV01,hydraulics_agc_servo,1.2271,0.248,0.4946,0,CRM.AGC.SV01::E01,train
2025-04-10 11:00:00,CRM.AGC.SV01,hydraulics_agc_servo,1.1801,0.2605,0.0262,0,CRM.AGC.SV01::E01,train
2025-04-10 12:00:00,CRM.AGC.SV01,hydraulics_agc_servo,1.1571,0.2784,-0.6558,0,CRM.AGC.SV01::E01,train
2025-04-10 13:00:00,CRM.AGC.SV01,hydraulics_agc_servo,1.1291,0.2816,-0.7405,1,CRM.AGC.SV01::E01,train
2025-04-10 14:00:00,CRM.AGC.SV01,hydraulics_agc_servo,1.1426,0.2588,-1.1324,1,CRM.AGC.SV01::E01,train
2025-04-10 15:00:00,CRM.AGC.SV01,hydraulics_agc_servo,1.1311,0.2584,-0.2244,0,CRM.AGC.SV01::E01,train
2025-04-10 16:00:00,CRM.AGC.SV01,hydraulics_agc_servo,1.114,0.2513,-0.7618,0,CRM.AGC.SV01::E01,train
2025-04-10 17:00:00,CRM.AGC.SV01,hydraulics_agc_servo,1.1553,0.225,-0.436,0,CRM.AGC.SV01::E01,train
2025-04-10 18:00:00,CRM.AGC.SV01,hydraulics_agc_servo,1.1565,0.2262,-0.2414,0,CRM.AGC.SV01::E01,train
2025-04-10 19:00:00,CRM.AGC.SV01,hydraulics_agc_servo,1.1759,0.2271,0.0384,0,CRM.AGC.SV01::E01,train
2025-04-10 20:00:00,CRM.AGC.SV01,hydraulics_agc_servo,1.1337,0.3021,-0.1185,0,CRM.AGC.SV01::E01,train
2025-04-10 21:00:00,CRM.AGC.SV01,hydraulics_agc_servo,1.2046,0.2988,-0.8167,1,CRM.AGC.SV01::E01,train
2025-04-10 22:00:00,CRM.AGC.SV01,hydraulics_agc_servo,1.137,0.3712,-0.3899,0,CRM.AGC.SV01::E01,train
2025-04-10 23:00:00,CRM.AGC.SV01,hydraulics_agc_servo,1.1188,0.384,-0.7629,0,CRM.AGC.SV01::E01,train
2025-04-11 00:00:00,CRM.AGC.SV01,hydraulics_agc_servo,1.0794,0.4126,-0.923,0,CRM.AGC.SV01::E01,train
2025-04-11 01:00:00,CRM.AGC.SV01,hydraulics_agc_servo,1.0529,0.4037,-0.982,0,CRM.AGC.SV01::E01,train
2025-04-11 02:00:00,CRM.AGC.SV01,hydraulics_agc_servo,1.1044,0.4058,-1.0293,0,CRM.AGC.SV01::E01,train
2025-04-11 03:00:00,CRM.AGC.SV01,hydraulics_agc_servo,1.1385,0.3579,-1.0029,0,CRM.AGC.SV01::E01,train
2025-04-11 04:00:00,CRM.AGC.SV01,hydraulics_agc_servo,1.1437,0.3598,-1.4813,1,CRM.AGC.SV01::E01,train
2025-04-11 05:00:00,CRM.AGC.SV01,hydraulics_agc_servo,1.1323,0.3832,-1.4479,0,CRM.AGC.SV01::E01,train
2025-04-11 06:00:00,CRM.AGC.SV01,hydraulics_agc_servo,1.1122,0.3622,-2.3005,0,CRM.AGC.SV01::E01,train
2025-04-11 07:00:00,CRM.AGC.SV01,hydraulics_agc_servo,1.0613,0.3588,-3.0287,0,CRM.AGC.SV01::E01,train
2025-04-11 08:00:00,CRM.AGC.SV01,hydraulics_agc_servo,1.1025,0.4087,-2.4565,1,CRM.AGC.SV01::E01,train
2025-04-11 09:00:00,CRM.AGC.SV01,hydraulics_agc_servo,1.0689,0.4336,-2.5989,1,CRM.AGC.SV01::E01,train
2025-04-11 10:00:00,CRM.AGC.SV01,hydraulics_agc_servo,1.1094,0.3889,-1.9804,1,CRM.AGC.SV01::E01,train
2025-04-11 11:00:00,CRM.AGC.SV01,hydraulics_agc_servo,1.1442,0.3655,-1.7023,0,CRM.AGC.SV01::E01,train
2025-04-11 12:00:00,CRM.AGC.SV01,hydraulics_agc_servo,1.1236,0.3068,-1.6162,1,CRM.AGC.SV01::E01,train
2025-04-11 13:00:00,CRM.AGC.SV01,hydraulics_agc_servo,1.0832,0.3117,-1.6205,0,CRM.AGC.SV01::E01,train
2025-04-11 14:00:00,CRM.AGC.SV01,hydraulics_agc_servo,1.1339,0.2681,-1.6149,0,CRM.AGC.SV01::E01,train
2025-04-11 15:00:00,CRM.AGC.SV01,hydraulics_agc_servo,1.0983,0.2877,-2.0857,0,CRM.AGC.SV01::E01,train
2025-04-11 16:00:00,CRM.AGC.SV01,hydraulics_agc_servo,1.1004,0.2971,-1.7241,0,CRM.AGC.SV01::E01,train
2025-04-11 17:00:00,CRM.AGC.SV01,hydraulics_agc_servo,1.0947,0.2265,-0.0992,1,CRM.AGC.SV01::E01,train
2025-04-11 18:00:00,CRM.AGC.SV01,hydraulics_agc_servo,1.1255,0.2476,0.6851,0,CRM.AGC.SV01::E01,train
2025-04-11 19:00:00,CRM.AGC.SV01,hydraulics_agc_servo,1.105,0.2397,0.2664,0,CRM.AGC.SV01::E01,train
2025-04-11 20:00:00,CRM.AGC.SV01,hydraulics_agc_servo,1.1391,0.2531,-0.0434,0,CRM.AGC.SV01::E01,train
2025-04-11 21:00:00,CRM.AGC.SV01,hydraulics_agc_servo,1.2123,0.2534,0.3169,1,CRM.AGC.SV01::E01,train
2025-04-11 22:00:00,CRM.AGC.SV01,hydraulics_agc_servo,1.177,0.23,1.2445,0,CRM.AGC.SV01::E01,train
2025-04-11 23:00:00,CRM.AGC.SV01,hydraulics_agc_servo,1.1779,0.2456,1.3696,1,CRM.AGC.SV01::E01,train
2025-04-12 00:00:00,CRM.AGC.SV01,hydraulics_agc_servo,1.1938,0.2721,0.806,0,CRM.AGC.SV01::E01,train
2025-04-12 01:00:00,CRM.AGC.SV01,hydraulics_agc_servo,1.2375,0.2523,0.861,1,CRM.AGC.SV01::E01,train
2025-04-12 02:00:00,CRM.AGC.SV01,hydraulics_agc_servo,1.2332,0.2891,1.913,1,CRM.AGC.SV01::E01,train
2025-04-12 03:00:00,CRM.AGC.SV01,hydraulics_agc_servo,1.2501,0.2675,2.1705,1,CRM.AGC.SV01::E01,train
2025-04-12 04:00:00,CRM.AGC.SV01,hydraulics_agc_servo,1.2638,0.3256,2.291,0,CRM.AGC.SV01::E01,train
2025-04-12 05:00:00,CRM.AGC.SV01,hydraulics_agc_servo,1.2357,0.3063,1.4945,0,CRM.AGC.SV01::E01,train
2025-04-12 06:00:00,CRM.AGC.SV01,hydraulics_agc_servo,1.2253,0.3275,2.4046,0,CRM.AGC.SV01::E01,train
2025-04-12 07:00:00,CRM.AGC.SV01,hydraulics_agc_servo,1.2465,0.3151,1.4913,0,CRM.AGC.SV01::E01,train
2025-04-12 08:00:00,CRM.AGC.SV01,hydraulics_agc_servo,1.2647,0.2407,1.2864,1,CRM.AGC.SV01::E01,train
2025-04-12 09:00:00,CRM.AGC.SV01,hydraulics_agc_servo,1.2391,0.2037,0.7892,1,CRM.AGC.SV01::E01,train
2025-04-12 10:00:00,CRM.AGC.SV01,hydraulics_agc_servo,1.251,0.1638,0.6341,0,CRM.AGC.SV01::E01,train
2025-04-12 11:00:00,CRM.AGC.SV01,hydraulics_agc_servo,1.286,,,0,CRM.AGC.SV01::E01,train
2025-04-12 12:00:00,CRM.AGC.SV01,hydraulics_agc_servo,1.2873,0.2292,0.1117,0,CRM.AGC.SV01::E01,train
2025-04-12 13:00:00,CRM.AGC.SV01,hydraulics_agc_servo,1.2555,0.2778,1.1131,0,CRM.AGC.SV01::E01,train
2025-04-12 14:00:00,CRM.AGC.SV01,hydraulics_agc_servo,1.2795,0.2573,0.2638,0,CRM.AGC.SV01::E01,train
2025-04-12 15:00:00,CRM.AGC.SV01,hydraulics_agc_servo,1.2779,0.2637,-0.2995,0,CRM.AGC.SV01::E01,train
2025-04-12 16:00:00,CRM.AGC.SV01,hydraulics_agc_servo,1.2797,0.3383,-0.9123,0,CRM.AGC.SV01::E01,train
2025-04-12 17:00:00,CRM.AGC.SV01,hydraulics_agc_servo,1.2966,0.3388,-1.7524,0,CRM.AGC.SV01::E01,train
2025-04-12 18:00:00,CRM.AGC.SV01,hydraulics_agc_servo,1.3159,0.2998,-2.3295,1,CRM.AGC.SV01::E01,train
2025-04-12 19:00:00,CRM.AGC.SV01,hydraulics_agc_servo,1.275,0.3018,-2.7055,0,CRM.AGC.SV01::E01,train
2025-04-12 20:00:00,CRM.AGC.SV01,hydraulics_agc_servo,1.2344,0.218,-2.1652,0,CRM.AGC.SV01::E01,train
2025-04-12 21:00:00,CRM.AGC.SV01,hydraulics_agc_servo,1.3358,0.1686,-2.3767,1,CRM.AGC.SV01::E01,train
2025-04-12 22:00:00,CRM.AGC.SV01,hydraulics_agc_servo,1.3258,0.177,-2.034,0,CRM.AGC.SV01::E01,train
2025-04-12 23:00:00,CRM.AGC.SV01,hydraulics_agc_servo,1.383,0.2239,-2.1611,0,CRM.AGC.SV01::E01,train
2025-04-13 00:00:00,CRM.AGC.SV01,hydraulics_agc_servo,1.3192,0.2122,-1.3923,1,CRM.AGC.SV01::E01,train
2025-04-13 01:00:00,CRM.AGC.SV01,hydraulics_agc_servo,1.3585,0.2276,-1.0716,0,CRM.AGC.SV01::E01,train
2025-04-13 02:00:00,CRM.AGC.SV01,hydraulics_agc_servo,1.3326,0.2062,-2.1581,0,CRM.AGC.SV01::E01,train
2025-04-13 03:00:00,CRM.AGC.SV01,hydraulics_agc_servo,1.3291,0.1721,-1.8918,0,CRM.AGC.SV01::E01,train
2025-04-13 04:00:00,CRM.AGC.SV01,hydraulics_agc_servo,1.3282,0.1311,-1.24,1,CRM.AGC.SV01::E01,train
2025-04-13 05:00:00,CRM.AGC.SV01,hydraulics_agc_servo,1.2732,0.0964,-1.3866,0,CRM.AGC.SV01::E01,train
2025-04-13 06:00:00,CRM.AGC.SV01,hydraulics_agc_servo,1.2881,0.0905,-1.0889,0,CRM.AGC.SV01::E01,train
2025-04-13 07:00:00,CRM.AGC.SV01,hydraulics_agc_servo,1.2448,0.0821,-0.6613,1,CRM.AGC.SV01::E01,train
2025-04-13 08:00:00,CRM.AGC.SV01,hydraulics_agc_servo,1.2859,0.031,0.1992,0,CRM.AGC.SV01::E01,train
2025-04-13 09:00:00,CRM.AGC.SV01,hydraulics_agc_servo,1.3251,0.0649,0.5433,0,CRM.AGC.SV01::E01,train
2025-04-13 10:00:00,CRM.AGC.SV01,hydraulics_agc_servo,1.356,0.1396,1.0295,1,CRM.AGC.SV01::E01,train
2025-04-13 11:00:00,CRM.AGC.SV01,hydraulics_agc_servo,1.2985,0.1739,-0.161,1,CRM.AGC.SV01::E01,train
2025-04-13 12:00:00,CRM.AGC.SV01,hydraulics_agc_servo,1.3301,0.1876,0.7135,1,CRM.AGC.SV01::E01,train
2025-04-13 13:00:00,CRM.AGC.SV01,hydraulics_agc_servo,1.3446,0.1796,0.1522,0,CRM.AGC.SV01::E01,train
2025-04-13 14:00:00,CRM.AGC.SV01,hydraulics_agc_servo,1.3318,0.2015,0.6687,0,CRM.AGC.SV01::E01,train
2025-04-13 15:00:00,CRM.AGC.SV01,hydraulics_agc_servo,1.3326,0.2175,-0.5782,1,CRM.AGC.SV01::E01,train
2025-04-13 16:00:00,CRM.AGC.SV01,hydraulics_agc_servo,1.2831,0.2044,-1.1398,1,CRM.AGC.SV01::E01,train
2025-04-13 17:00:00,CRM.AGC.SV01,hydraulics_agc_servo,1.2778,0.2223,-0.8293,0,CRM.AGC.SV01::E01,train
2025-04-13 18:00:00,CRM.AGC.SV01,hydraulics_agc_servo,1.2804,0.1815,-0.8206,0,CRM.AGC.SV01::E01,train
2025-04-13 19:00:00,CRM.AGC.SV01,hydraulics_agc_servo,1.3267,0.1945,-1.309,0,CRM.AGC.SV01::E01,train
2025-04-13 20:00:00,CRM.AGC.SV01,hydraulics_agc_servo,1.3212,0.1966,-1.5076,0,CRM.AGC.SV01::E01,train
2025-04-13 21:00:00,CRM.AGC.SV01,hydraulics_agc_servo,1.3044,0.1908,0.1515,0,CRM.AGC.SV01::E01,train
2025-04-13 22:00:00,CRM.AGC.SV01,hydraulics_agc_servo,1.3212,0.2463,-0.962,0,CRM.AGC.SV01::E01,train
2025-04-13 23:00:00,CRM.AGC.SV01,hydraulics_agc_servo,1.2817,0.2131,-0.7258,1,CRM.AGC.SV01::E01,train
2025-04-14 00:00:00,CRM.AGC.SV01,hydraulics_agc_servo,1.2227,0.2077,-1.1629,1,CRM.AGC.SV01::E01,train
2025-04-14 01:00:00,CRM.AGC.SV01,hydraulics_agc_servo,1.2412,0.229,-2.4535,1,CRM.AGC.SV01::E01,train
2025-04-14 02:00:00,CRM.AGC.SV01,hydraulics_agc_servo,1.2372,0.1826,-2.0964,0,CRM.AGC.SV01::E01,train
2025-04-14 03:00:00,CRM.AGC.SV01,hydraulics_agc_servo,1.2011,0.2037,-3.1514,0,CRM.AGC.SV01::E01,train
2025-04-14 04:00:00,CRM.AGC.SV01,hydraulics_agc_servo,1.1588,0.2145,-3.4077,1,CRM.AGC.SV01::E01,train
2025-04-14 05:00:00,CRM.AGC.SV01,hydraulics_agc_servo,1.2131,0.2175,-2.8918,0,CRM.AGC.SV01::E01,train
2025-04-14 06:00:00,CRM.AGC.SV01,hydraulics_agc_servo,1.2286,0.1959,-2.2835,0,CRM.AGC.SV01::E01,train
2025-04-14 07:00:00,CRM.AGC.SV01,hydraulics_agc_servo,1.1741,0.1735,-2.1322,1,CRM.AGC.SV01::E01,train
2025-04-14 08:00:00,CRM.AGC.SV01,hydraulics_agc_servo,1.2059,0.1679,-2.6719,0,CRM.AGC.SV01::E01,train
2025-04-14 09:00:00,CRM.AGC.SV01,hydraulics_agc_servo,1.2012,0.1358,-3.1867,0,CRM.AGC.SV01::E01,train
2025-04-14 10:00:00,CRM.AGC.SV01,hydraulics_agc_servo,1.198,0.2053,-2.5364,1,CRM.AGC.SV01::E01,train
2025-04-14 11:00:00,CRM.AGC.SV01,hydraulics_agc_servo,1.2305,0.1957,-2.9927,0,CRM.AGC.SV01::E01,train
2025-04-14 12:00:00,CRM.AGC.SV01,hydraulics_agc_servo,1.1554,0.1945,-3.9945,0,CRM.AGC.SV01::E01,train
2025-04-14 13:00:00,CRM.AGC.SV01,hydraulics_agc_servo,1.1592,0.1964,-4.1199,0,CRM.AGC.SV01::E01,train
2025-04-14 14:00:00,CRM.AGC.SV01,hydraulics_agc_servo,1.1551,0.1498,-4.3246,1,CRM.AGC.SV01::E01,train
2025-04-14 15:00:00,CRM.AGC.SV01,hydraulics_agc_servo,1.124,0.1458,-2.9051,0,CRM.AGC.SV01::E01,train
2025-04-14 16:00:00,CRM.AGC.SV01,hydraulics_agc_servo,1.139,0.1656,-3.0369,0,CRM.AGC.SV01::E01,train
2025-04-14 17:00:00,CRM.AGC.SV01,hydraulics_agc_servo,1.2122,0.1199,-2.0796,0,CRM.AGC.SV01::E01,train
2025-04-14 18:00:00,CRM.AGC.SV01,hydraulics_agc_servo,1.2142,0.1697,-1.524,1,CRM.AGC.SV01::E01,train
2025-04-14 19:00:00,CRM.AGC.SV01,hydraulics_agc_servo,1.1754,0.1868,-1.5698,0,CRM.AGC.SV01::E01,train
2025-04-14 20:00:00,CRM.AGC.SV01,hydraulics_agc_servo,1.1891,0.2199,-0.7604,1,CRM.AGC.SV01::E01,train
2025-04-14 21:00:00,CRM.AGC.SV01,hydraulics_agc_servo,1.1541,0.1298,-0.0531,1,CRM.AGC.SV01::E01,train
2025-04-14 22:00:00,CRM.AGC.SV01,hydraulics_agc_servo,1.1817,0.0757,0.1531,1,CRM.AGC.SV01::E01,train
2025-04-14 23:00:00,CRM.AGC.SV01,hydraulics_agc_servo,1.1958,0.1099,-0.0441,1,CRM.AGC.SV01::E01,train
2025-04-15 00:00:00,CRM.AGC.SV01,hydraulics_agc_servo,1.2467,0.139,-0.1632,0,CRM.AGC.SV01::E01,train
2025-04-15 01:00:00,CRM.AGC.SV01,hydraulics_agc_servo,1.1945,0.1583,-0.3029,1,CRM.AGC.SV01::E01,train
2025-04-15 02:00:00,CRM.AGC.SV01,hydraulics_agc_servo,1.2104,0.1401,-0.9493,1,CRM.AGC.SV01::E01,train
2025-04-15 03:00:00,CRM.AGC.SV01,hydraulics_agc_servo,1.199,0.1592,-1.1988,1,CRM.AGC.SV01::E01,train
2025-04-15 04:00:00,CRM.AGC.SV01,hydraulics_agc_servo,1.2562,0.1781,-1.3989,1,CRM.AGC.SV01::E01,train
2025-04-15 05:00:00,CRM.AGC.SV01,hydraulics_agc_servo,1.2499,0.1623,-0.8203,0,CRM.AGC.SV01::E01,train
2025-04-15 06:00:00,CRM.AGC.SV01,hydraulics_agc_servo,1.2478,0.2086,-0.9156,0,CRM.AGC.SV01::E01,train
2025-04-15 07:00:00,CRM.AGC.SV01,hydraulics_agc_servo,1.2009,0.1522,-0.3828,0,CRM.AGC.SV01::E01,train
2025-04-15 08:00:00,CRM.AGC.SV01,hydraulics_agc_servo,1.1479,0.1104,-1.125,0,CRM.AGC.SV01::E01,train
2025-04-15 09:00:00,CRM.AGC.SV01,hydraulics_agc_servo,1.1362,0.1012,-1.7691,1,CRM.AGC.SV01::E01,train
2025-04-15 10:00:00,CRM.AGC.SV01,hydraulics_agc_servo,1.0762,0.0866,-1.4923,0,CRM.AGC.SV01::E01,train
2025-04-15 11:00:00,CRM.AGC.SV01,hydraulics_agc_servo,1.0695,0.0487,-1.0321,1,CRM.AGC.SV01::E01,train
2025-04-15 12:00:00,CRM.AGC.SV01,hydraulics_agc_servo,1.1017,0.0753,-1.1809,1,CRM.AGC.SV01::E01,train
2025-04-15 13:00:00,CRM.AGC.SV01,hydraulics_agc_servo,1.1268,0.053,-1.8205,1,CRM.AGC.SV01::E01,train
2025-04-15 14:00:00,CRM.AGC.SV01,hydraulics_agc_servo,1.135,0.0774,-1.0486,1,CRM.AGC.SV01::E01,train
2025-04-15 15:00:00,CRM.AGC.SV01,hydraulics_agc_servo,1.2054,0.1422,-1.9869,1,CRM.AGC.SV01::E01,train
2025-04-15 16:00:00,CRM.AGC.SV01,hydraulics_agc_servo,1.2117,0.1269,-2.2003,0,CRM.AGC.SV01::E01,train
2025-04-15 17:00:00,CRM.AGC.SV01,hydraulics_agc_servo,1.2043,0.19,-1.8774,0,CRM.AGC.SV01::E01,train
2025-04-15 18:00:00,CRM.AGC.SV01,hydraulics_agc_servo,1.1396,0.1711,-1.5077,1,CRM.AGC.SV01::E01,train
2025-04-15 19:00:00,CRM.AGC.SV01,hydraulics_agc_servo,1.1186,0.2248,-2.0889,1,CRM.AGC.SV01::E01,train
2025-04-15 20:00:00,CRM.AGC.SV01,hydraulics_agc_servo,1.1252,0.2211,-1.5472,1,CRM.AGC.SV01::E01,train
2025-04-15 21:00:00,CRM.AGC.SV01,hydraulics_agc_servo,1.1387,0.1718,-1.1376,0,CRM.AGC.SV01::E01,train
2025-04-15 22:00:00,CRM.AGC.SV01,hydraulics_agc_servo,1.1397,0.1791,-0.6568,1,CRM.AGC.SV01::E01,train
2025-04-15 23:00:00,CRM.AGC.SV01,hydraulics_agc_servo,1.0951,0.1273,-0.5167,1,CRM.AGC.SV01::E01,train
2025-04-16 00:00:00,CRM.AGC.SV01,hydraulics_agc_servo,1.0979,0.1469,-0.8975,1,CRM.AGC.SV01::E01,train
2025-04-16 01:00:00,CRM.AGC.SV01,hydraulics_agc_servo,1.1162,0.1824,-0.3846,1,CRM.AGC.SV01::E01,train
2025-04-16 02:00:00,CRM.AGC.SV01,hydraulics_agc_servo,1.1564,0.1626,-0.2193,0,CRM.AGC.SV01::E01,train
2025-04-16 03:00:00,CRM.AGC.SV01,hydraulics_agc_servo,1.2098,0.148,0.0728,0,CRM.AGC.SV01::E01,train
2025-04-16 04:00:00,CRM.AGC.SV01,hydraulics_agc_servo,1.1688,0.1672,-0.7853,1,CRM.AGC.SV01::E01,train
2025-04-16 05:00:00,CRM.AGC.SV01,hydraulics_agc_servo,1.1946,0.1174,-0.0331,1,CRM.AGC.SV01::E01,train
2025-04-16 06:00:00,CRM.AGC.SV01,hydraulics_agc_servo,1.18,0.15,-0.6941,1,CRM.AGC.SV01::E01,train
2025-04-16 07:00:00,CRM.AGC.SV01,hydraulics_agc_servo,1.2124,0.197,-1.389,1,CRM.AGC.SV01::E01,train
2025-04-16 08:00:00,CRM.AGC.SV01,hydraulics_agc_servo,1.21,0.2496,-1.4711,0,CRM.AGC.SV01::E01,train
2025-04-16 09:00:00,CRM.AGC.SV01,hydraulics_agc_servo,1.1876,0.3055,-1.0645,1,CRM.AGC.SV01::E01,train
2025-04-16 10:00:00,CRM.AGC.SV01,hydraulics_agc_servo,1.1422,0.2335,-1.6395,1,CRM.AGC.SV01::E01,train
2025-04-16 11:00:00,CRM.AGC.SV01,hydraulics_agc_servo,1.1021,0.2274,-0.6017,1,CRM.AGC.SV01::E01,train
2025-04-16 12:00:00,CRM.AGC.SV01,hydraulics_agc_servo,1.0545,0.276,0.06,0,CRM.AGC.SV01::E01,train
2025-04-16 13:00:00,CRM.AGC.SV01,hydraulics_agc_servo,1.0508,0.3079,0.8297,0,CRM.AGC.SV01::E01,train
2025-04-16 14:00:00,CRM.AGC.SV01,hydraulics_agc_servo,1.0102,0.2726,1.7631,1,CRM.AGC.SV01::E01,train
2025-04-16 15:00:00,CRM.AGC.SV01,hydraulics_agc_servo,1.0069,0.2912,1.7105,1,CRM.AGC.SV01::E01,train
2025-04-16 16:00:00,CRM.AGC.SV01,hydraulics_agc_servo,1.0309,0.283,2.2553,1,CRM.AGC.SV01::E01,train
2025-04-16 17:00:00,CRM.AGC.SV01,hydraulics_agc_servo,1.0551,0.2527,1.9812,1,CRM.AGC.SV01::E01,train
2025-04-16 18:00:00,CRM.AGC.SV01,hydraulics_agc_servo,1.0912,0.1842,2.4665,1,CRM.AGC.SV01::E01,train
2025-04-16 19:00:00,CRM.AGC.SV01,hydraulics_agc_servo,1.1023,0.1759,2.4507,0,CRM.AGC.SV01::E01,train
2025-04-16 20:00:00,CRM.AGC.SV01,hydraulics_agc_servo,1.1038,0.1766,2.2596,0,CRM.AGC.SV01::E01,train
2025-04-16 21:00:00,CRM.AGC.SV01,hydraulics_agc_servo,1.1647,0.2103,1.9058,1,CRM.AGC.SV01::E01,train
2025-04-16 22:00:00,CRM.AGC.SV01,hydraulics_agc_servo,1.1718,0.2404,1.4686,1,CRM.AGC.SV01::E01,train
2025-04-16 23:00:00,CRM.AGC.SV01,hydraulics_agc_servo,1.1723,0.2809,1.5553,1,CRM.AGC.SV01::E01,train
2025-04-17 00:00:00,CRM.AGC.SV01,hydraulics_agc_servo,1.1498,0.2565,1.5234,1,CRM.AGC.SV01::E01,train
2025-04-17 01:00:00,CRM.AGC.SV01,hydraulics_agc_servo,1.2023,0.2325,1.2317,1,CRM.AGC.SV01::E01,train
2025-04-17 02:00:00,CRM.AGC.SV01,hydraulics_agc_servo,1.2149,0.2516,1.2533,0,CRM.AGC.SV01::E01,train
2025-04-17 03:00:00,CRM.AGC.SV01,hydraulics_agc_servo,1.1997,0.3082,2.2291,0,CRM.AGC.SV01::E01,train
2025-04-17 04:00:00,CRM.AGC.SV01,hydraulics_agc_servo,1.1832,0.2676,1.7936,1,CRM.AGC.SV01::E01,train
2025-04-17 05:00:00,CRM.AGC.SV01,hydraulics_agc_servo,1.1215,0.2855,1.1892,0,CRM.AGC.SV01::E01,train
2025-04-17 06:00:00,CRM.AGC.SV01,hydraulics_agc_servo,1.0857,0.2534,0.6725,1,CRM.AGC.SV01::E01,train
2025-04-17 07:00:00,CRM.AGC.SV01,hydraulics_agc_servo,1.0861,0.2623,0.0959,0,CRM.AGC.SV01::E01,train
2025-04-17 08:00:00,CRM.AGC.SV01,hydraulics_agc_servo,1.0769,0.2749,0.0085,1,CRM.AGC.SV01::E01,train
2025-04-17 09:00:00,CRM.AGC.SV01,hydraulics_agc_servo,1.106,0.2524,0.2318,0,CRM.AGC.SV01::E01,train
2025-04-17 10:00:00,CRM.AGC.SV01,hydraulics_agc_servo,1.1666,0.2479,0.8936,1,CRM.AGC.SV01::E01,train
2025-04-17 11:00:00,CRM.AGC.SV01,hydraulics_agc_servo,1.1742,0.229,2.0382,1,CRM.AGC.SV01::E01,train
2025-04-17 12:00:00,CRM.AGC.SV01,hydraulics_agc_servo,1.2031,0.2545,1.6679,0,CRM.AGC.SV01::E01,train
2025-04-17 13:00:00,CRM.AGC.SV01,hydraulics_agc_servo,1.2353,0.2591,2.572,1,CRM.AGC.SV01::E01,train
2025-04-17 14:00:00,CRM.AGC.SV01,hydraulics_agc_servo,1.2659,0.3116,2.49,1,CRM.AGC.SV01::E01,train
2025-04-17 15:00:00,CRM.AGC.SV01,hydraulics_agc_servo,1.2643,0.3203,2.0183,1,CRM.AGC.SV01::E01,train
2025-04-17 16:00:00,CRM.AGC.SV01,hydraulics_agc_servo,1.2689,0.3226,1.6958,0,CRM.AGC.SV01::E01,train
2025-04-17 17:00:00,CRM.AGC.SV01,hydraulics_agc_servo,1.2533,0.3263,0.7211,1,CRM.AGC.SV01::E01,train
2025-04-17 18:00:00,CRM.AGC.SV01,hydraulics_agc_servo,1.2651,0.3295,0.6749,0,CRM.AGC.SV01::E01,train
2025-04-17 19:00:00,CRM.AGC.SV01,hydraulics_agc_servo,1.299,0.368,-0.108,1,CRM.AGC.SV01::E01,train
2025-04-17 20:00:00,CRM.AGC.SV01,hydraulics_agc_servo,1.3286,0.3435,-0.2984,1,CRM.AGC.SV01::E01,train
2025-04-17 21:00:00,CRM.AGC.SV01,hydraulics_agc_servo,1.3673,0.3919,-0.8306,1,CRM.AGC.SV01::E01,train
2025-04-17 22:00:00,CRM.AGC.SV01,hydraulics_agc_servo,1.3374,0.3692,-0.7888,1,CRM.AGC.SV01::E01,train
2025-04-17 23:00:00,CRM.AGC.SV01,hydraulics_agc_servo,1.3382,0.3642,-1.0654,1,CRM.AGC.SV01::E01,train
2025-04-18 00:00:00,CRM.AGC.SV01,hydraulics_agc_servo,1.4014,0.3743,-0.5768,1,CRM.AGC.SV01::E01,train
2025-04-18 01:00:00,CRM.AGC.SV01,hydraulics_agc_servo,1.398,0.3501,-0.9077,1,CRM.AGC.SV01::E01,train
2025-04-18 02:00:00,CRM.AGC.SV01,hydraulics_agc_servo,1.3938,0.3606,-1.1336,1,CRM.AGC.SV01::E01,train
2025-04-18 03:00:00,CRM.AGC.SV01,hydraulics_agc_servo,1.4235,0.3035,-1.5481,1,CRM.AGC.SV01::E01,train
2025-04-18 04:00:00,CRM.AGC.SV01,hydraulics_agc_servo,1.4545,0.2743,-0.8852,1,CRM.AGC.SV01::E01,train
2025-04-18 05:00:00,CRM.AGC.SV01,hydraulics_agc_servo,1.4157,0.2215,0.2936,1,CRM.AGC.SV01::E01,train
2025-04-18 06:00:00,CRM.AGC.SV01,hydraulics_agc_servo,1.4438,0.2095,-0.5035,0,CRM.AGC.SV01::E01,train
2025-04-18 07:00:00,CRM.AGC.SV01,hydraulics_agc_servo,1.4896,0.231,-0.7785,0,CRM.AGC.SV01::E01,train
2025-04-18 08:00:00,CRM.AGC.SV01,hydraulics_agc_servo,1.4774,0.1941,0.2761,0,CRM.AGC.SV01::E01,train
2025-04-18 09:00:00,CRM.AGC.SV01,hydraulics_agc_servo,1.4504,0.2529,0.5809,0,CRM.AGC.SV01::E01,train
2025-04-18 10:00:00,CRM.AGC.SV01,hydraulics_agc_servo,1.3818,0.1922,0.5933,0,CRM.AGC.SV01::E01,train
2025-04-18 11:00:00,CRM.AGC.SV01,hydraulics_agc_servo,1.3913,0.2218,0.651,1,CRM.AGC.SV01::E01,train
2025-04-18 12:00:00,CRM.AGC.SV01,hydraulics_agc_servo,1.3828,0.2183,0.1965,0,CRM.AGC.SV01::E01,train
2025-04-18 13:00:00,CRM.AGC.SV01,hydraulics_agc_servo,1.3864,0.2839,1.0475,1,CRM.AGC.SV01::E01,train
2025-04-18 14:00:00,CRM.AGC.SV01,hydraulics_agc_servo,1.4121,0.2933,0.5433,1,CRM.AGC.SV01::E01,train
2025-04-18 15:00:00,CRM.AGC.SV01,hydraulics_agc_servo,1.3583,0.2555,1.554,1,CRM.AGC.SV01::E01,train
2025-04-18 16:00:00,CRM.AGC.SV01,hydraulics_agc_servo,1.3718,0.2541,1.5562,1,CRM.AGC.SV01::E01,train
2025-04-18 17:00:00,CRM.AGC.SV01,hydraulics_agc_servo,1.4264,0.2663,2.1228,1,CRM.AGC.SV01::E01,train
2025-04-18 18:00:00,CRM.AGC.SV01,hydraulics_agc_servo,1.4476,0.2406,1.6568,1,CRM.AGC.SV01::E01,train
2025-04-18 19:00:00,CRM.AGC.SV01,hydraulics_agc_servo,1.4367,0.2509,1.2181,1,CRM.AGC.SV01::E01,train
2025-04-18 20:00:00,CRM.AGC.SV01,hydraulics_agc_servo,1.4561,0.2493,0.7994,0,CRM.AGC.SV01::E01,train
2025-04-18 21:00:00,CRM.AGC.SV01,hydraulics_agc_servo,1.4612,0.1995,1.0567,1,CRM.AGC.SV01::E01,train
2025-04-18 22:00:00,CRM.AGC.SV01,hydraulics_agc_servo,1.4529,0.2339,0.4276,1,CRM.AGC.SV01::E01,train
2025-04-18 23:00:00,CRM.AGC.SV01,hydraulics_agc_servo,1.4329,0.2223,-0.8487,1,CRM.AGC.SV01::E01,train
2025-04-19 00:00:00,CRM.AGC.SV01,hydraulics_agc_servo,1.4682,0.2227,-0.3331,1,CRM.AGC.SV01::E01,train
2025-04-19 01:00:00,CRM.AGC.SV01,hydraulics_agc_servo,1.4883,0.2224,0.0995,1,CRM.AGC.SV01::E01,train
2025-04-19 02:00:00,CRM.AGC.SV01,hydraulics_agc_servo,1.4811,0.269,0.09,1,CRM.AGC.SV01::E01,train
2025-04-19 03:00:00,CRM.AGC.SV01,hydraulics_agc_servo,1.445,0.2316,0.1298,1,CRM.AGC.SV01::E01,train
2025-04-19 04:00:00,CRM.AGC.SV01,hydraulics_agc_servo,1.4128,0.2552,-0.5517,1,CRM.AGC.SV01::E01,train
2025-04-19 05:00:00,CRM.AGC.SV01,hydraulics_agc_servo,1.4252,0.2498,-0.0312,1,CRM.AGC.SV01::E01,train
2025-04-19 06:00:00,CRM.AGC.SV01,hydraulics_agc_servo,1.4105,0.268,-0.4926,1,CRM.AGC.SV01::E01,train
2025-04-19 07:00:00,CRM.AGC.SV01,hydraulics_agc_servo,1.3472,0.2958,-0.8212,1,CRM.AGC.SV01::E01,train
2025-04-19 08:00:00,CRM.AGC.SV01,hydraulics_agc_servo,1.3643,0.3163,-0.5782,1,CRM.AGC.SV01::E01,train
2025-04-19 09:00:00,CRM.AGC.SV01,hydraulics_agc_servo,1.3088,0.3488,-0.2589,1,CRM.AGC.SV01::E01,train
2025-04-19 10:00:00,CRM.AGC.SV01,hydraulics_agc_servo,1.3666,0.3382,-0.7885,0,CRM.AGC.SV01::E01,train
2025-04-19 11:00:00,CRM.AGC.SV01,hydraulics_agc_servo,1.3659,0.359,-0.8519,1,CRM.AGC.SV01::E01,train
2025-04-19 12:00:00,CRM.AGC.SV01,hydraulics_agc_servo,1.3748,0.3138,-0.3635,0,CRM.AGC.SV01::E01,train
2025-04-19 13:00:00,CRM.AGC.SV01,hydraulics_agc_servo,1.3948,0.3362,-1.047,0,CRM.AGC.SV01::E01,train
2025-04-19 14:00:00,CRM.AGC.SV01,hydraulics_agc_servo,1.3484,0.2843,-1.415,1,CRM.AGC.SV01::E01,train
2025-04-19 15:00:00,CRM.AGC.SV01,hydraulics_agc_servo,1.4016,0.2873,-0.84,1,CRM.AGC.SV01::E01,train
2025-04-19 16:00:00,CRM.AGC.SV01,hydraulics_agc_servo,1.3598,0.2816,-1.5811,1,CRM.AGC.SV01::E01,train
2025-04-19 17:00:00,CRM.AGC.SV01,hydraulics_agc_servo,1.3771,0.3189,-2.1239,1,CRM.AGC.SV01::E01,train
2025-04-19 18:00:00,CRM.AGC.SV01,hydraulics_agc_servo,1.432,0.2898,-1.7281,1,CRM.AGC.SV01::E01,train
2025-04-19 19:00:00,CRM.AGC.SV01,hydraulics_agc_servo,1.4561,0.2749,-1.6097,1,CRM.AGC.SV01::E01,train
2025-04-19 20:00:00,CRM.AGC.SV01,hydraulics_agc_servo,1.4226,0.2707,-1.4026,1,CRM.AGC.SV01::E01,train
2025-04-19 21:00:00,CRM.AGC.SV01,hydraulics_agc_servo,1.3601,0.2591,-0.6059,1,CRM.AGC.SV01::E01,train
2025-04-19 22:00:00,CRM.AGC.SV01,hydraulics_agc_servo,1.3806,0.2675,-0.5589,1,CRM.AGC.SV01::E01,train
2025-04-19 23:00:00,CRM.AGC.SV01,hydraulics_agc_servo,1.3792,0.3128,-0.47,1,CRM.AGC.SV01::E01,train
2025-04-20 00:00:00,CRM.AGC.SV01,hydraulics_agc_servo,1.4477,0.3308,-0.1254,1,CRM.AGC.SV01::E01,train
2025-04-20 01:00:00,CRM.AGC.SV01,hydraulics_agc_servo,1.4167,0.3562,-0.2729,1,CRM.AGC.SV01::E01,train
2025-04-20 02:00:00,CRM.AGC.SV01,hydraulics_agc_servo,1.4445,0.3966,-1.1591,1,CRM.AGC.SV01::E01,train
2025-04-20 03:00:00,CRM.AGC.SV01,hydraulics_agc_servo,1.4445,0.3964,-0.9977,0,CRM.AGC.SV01::E01,train
2025-04-20 04:00:00,CRM.AGC.SV01,hydraulics_agc_servo,1.4389,0.3553,-1.1249,1,CRM.AGC.SV01::E01,train
2025-04-20 05:00:00,CRM.AGC.SV01,hydraulics_agc_servo,1.4657,0.2993,-1.775,1,CRM.AGC.SV01::E01,train
2025-04-20 06:00:00,CRM.AGC.SV01,hydraulics_agc_servo,1.5063,0.3063,-1.6251,1,CRM.AGC.SV01::E01,train
2025-04-20 07:00:00,CRM.AGC.SV01,hydraulics_agc_servo,1.4951,0.326,-0.662,1,CRM.AGC.SV01::E01,train
2025-04-20 08:00:00,CRM.AGC.SV01,hydraulics_agc_servo,1.4924,0.1932,-0.6575,1,CRM.AGC.SV01::E01,train
2025-04-20 09:00:00,CRM.AGC.SV01,hydraulics_agc_servo,1.4766,0.2344,-0.9978,1,CRM.AGC.SV01::E01,train
2025-04-20 10:00:00,CRM.AGC.SV01,hydraulics_agc_servo,1.4594,0.2084,-0.8919,1,CRM.AGC.SV01::E01,train
2025-04-20 11:00:00,CRM.AGC.SV01,hydraulics_agc_servo,1.4363,0.2082,-0.1297,1,CRM.AGC.SV01::E01,train
2025-04-20 12:00:00,CRM.AGC.SV01,hydraulics_agc_servo,1.4315,0.2054,0.9046,1,CRM.AGC.SV01::E01,train
2025-04-20 13:00:00,CRM.AGC.SV01,hydraulics_agc_servo,1.4261,0.2426,0.5133,1,CRM.AGC.SV01::E01,train
2025-04-20 14:00:00,CRM.AGC.SV01,hydraulics_agc_servo,1.3672,0.213,-0.0486,1,CRM.AGC.SV01::E01,train
2025-04-20 15:00:00,CRM.AGC.SV01,hydraulics_agc_servo,1.3141,0.2215,-0.2656,1,CRM.AGC.SV01::E01,train
2025-04-20 16:00:00,CRM.AGC.SV01,hydraulics_agc_servo,1.3218,0.2377,-0.3017,1,CRM.AGC.SV01::E01,train
2025-04-20 17:00:00,CRM.AGC.SV01,hydraulics_agc_servo,1.3617,0.2321,-0.3258,1,CRM.AGC.SV01::E01,train
2025-04-20 18:00:00,CRM.AGC.SV01,hydraulics_agc_servo,1.3154,0.2192,-0.4705,1,CRM.AGC.SV01::E01,train
2025-04-20 19:00:00,CRM.AGC.SV01,hydraulics_agc_servo,1.3327,0.1549,-0.3586,0,CRM.AGC.SV01::E01,train
2025-04-20 20:00:00,CRM.AGC.SV01,hydraulics_agc_servo,1.3584,0.215,0.0628,1,CRM.AGC.SV01::E01,train
2025-04-20 21:00:00,CRM.AGC.SV01,hydraulics_agc_servo,1.394,0.1833,-0.8224,1,CRM.AGC.SV01::E01,train
2025-04-20 22:00:00,CRM.AGC.SV01,hydraulics_agc_servo,1.3695,0.1797,-0.4318,0,CRM.AGC.SV01::E01,train
2025-04-20 23:00:00,CRM.AGC.SV01,hydraulics_agc_servo,1.4199,0.1287,-1.1191,1,CRM.AGC.SV01::E01,train
2025-04-21 00:00:00,CRM.AGC.SV01,hydraulics_agc_servo,1.3872,0.1094,-1.7104,1,CRM.AGC.SV01::E01,train
2025-04-21 01:00:00,CRM.AGC.SV01,hydraulics_agc_servo,1.3503,0.1294,-1.5441,1,CRM.AGC.SV01::E01,train
2025-04-21 02:00:00,CRM.AGC.SV01,hydraulics_agc_servo,1.3502,0.1203,-1.6463,1,CRM.AGC.SV01::E01,train
2025-04-21 03:00:00,CRM.AGC.SV01,hydraulics_agc_servo,1.3514,0.1272,-1.2188,1,CRM.AGC.SV01::E01,train
2025-04-21 04:00:00,CRM.AGC.SV01,hydraulics_agc_servo,1.3119,0.1249,-1.8686,1,CRM.AGC.SV01::E01,train
2025-04-21 05:00:00,CRM.AGC.SV01,hydraulics_agc_servo,1.3413,0.2184,-0.4763,1,CRM.AGC.SV01::E01,train
2025-04-21 06:00:00,CRM.AGC.SV01,hydraulics_agc_servo,1.3179,0.2371,-0.9354,1,CRM.AGC.SV01::E01,train
2025-04-21 07:00:00,CRM.AGC.SV01,hydraulics_agc_servo,1.2839,0.2276,-0.7992,1,CRM.AGC.SV01::E01,train
2025-04-21 08:00:00,CRM.AGC.SV01,hydraulics_agc_servo,1.3001,0.1902,-0.8597,1,CRM.AGC.SV01::E01,train
2025-04-21 09:00:00,CRM.AGC.SV01,hydraulics_agc_servo,1.3698,0.175,0.0373,1,CRM.AGC.SV01::E01,train
2025-04-21 10:00:00,CRM.AGC.SV01,hydraulics_agc_servo,1.4236,0.0801,-0.021,1,CRM.AGC.SV01::E01,train
2025-04-21 11:00:00,CRM.AGC.SV01,hydraulics_agc_servo,1.4601,0.1413,0.0026,1,CRM.AGC.SV01::E01,train
2025-04-21 12:00:00,CRM.AGC.SV01,hydraulics_agc_servo,1.4957,0.1889,-0.5194,1,CRM.AGC.SV01::E01,train
2025-04-21 13:00:00,CRM.AGC.SV01,hydraulics_agc_servo,1.4599,0.1358,-1.0138,1,CRM.AGC.SV01::E01,train
2025-04-21 14:00:00,CRM.AGC.SV01,hydraulics_agc_servo,1.4543,0.154,-1.5843,1,CRM.AGC.SV01::E01,train
2025-04-21 15:00:00,CRM.AGC.SV01,hydraulics_agc_servo,1.4757,0.2063,-1.2079,1,CRM.AGC.SV01::E01,train
2025-04-21 16:00:00,CRM.AGC.SV01,hydraulics_agc_servo,1.5049,0.2229,-0.9738,1,CRM.AGC.SV01::E01,train
2025-04-21 17:00:00,CRM.AGC.SV01,hydraulics_agc_servo,1.4484,0.2197,0.2154,1,CRM.AGC.SV01::E01,train
2025-04-21 18:00:00,CRM.AGC.SV01,hydraulics_agc_servo,1.4975,0.2316,1.3655,1,CRM.AGC.SV01::E01,train
2025-04-21 19:00:00,CRM.AGC.SV01,hydraulics_agc_servo,1.5215,0.3415,0.853,1,CRM.AGC.SV01::E01,train
2025-04-21 20:00:00,CRM.AGC.SV01,hydraulics_agc_servo,1.5066,0.3295,0.6222,1,CRM.AGC.SV01::E01,train
2025-04-21 21:00:00,CRM.AGC.SV01,hydraulics_agc_servo,1.5508,0.3261,0.3499,1,CRM.AGC.SV01::E01,train
2025-04-21 22:00:00,CRM.AGC.SV01,hydraulics_agc_servo,1.5938,0.2997,-0.3222,1,CRM.AGC.SV01::E01,train
2025-04-21 23:00:00,CRM.AGC.SV01,hydraulics_agc_servo,1.5782,0.294,0.0776,1,CRM.AGC.SV01::E01,train
2025-04-22 00:00:00,CRM.AGC.SV01,hydraulics_agc_servo,1.5712,0.3072,-0.7616,1,CRM.AGC.SV01::E01,train
2025-04-22 01:00:00,CRM.AGC.SV01,hydraulics_agc_servo,1.6187,0.2931,-0.6954,1,CRM.AGC.SV01::E01,train
2025-04-22 02:00:00,CRM.AGC.SV01,hydraulics_agc_servo,1.5814,0.296,-0.0864,1,CRM.AGC.SV01::E01,train
2025-04-22 03:00:00,CRM.AGC.SV01,hydraulics_agc_servo,1.5883,0.2991,-0.0235,1,CRM.AGC.SV01::E01,train
2025-04-22 04:00:00,CRM.AGC.SV01,hydraulics_agc_servo,1.6194,0.3342,-0.5584,1,CRM.AGC.SV01::E01,train
2025-04-22 05:00:00,CRM.AGC.SV01,hydraulics_agc_servo,1.5883,0.2544,0.3787,1,CRM.AGC.SV01::E01,train
2025-04-22 06:00:00,CRM.AGC.SV01,hydraulics_agc_servo,1.6296,0.2481,-0.6395,0,CRM.AGC.SV01::E01,train
2025-04-22 07:00:00,CRM.AGC.SV01,hydraulics_agc_servo,1.6082,0.2805,-0.5051,1,CRM.AGC.SV01::E01,train
2025-04-22 08:00:00,CRM.AGC.SV01,hydraulics_agc_servo,1.5917,0.2725,-0.4366,1,CRM.AGC.SV01::E01,train
2025-04-22 09:00:00,CRM.AGC.SV01,hydraulics_agc_servo,1.5916,0.2629,-0.7512,1,CRM.AGC.SV01::E01,train
2025-04-22 10:00:00,CRM.AGC.SV01,hydraulics_agc_servo,1.5232,0.2991,-0.5282,1,CRM.AGC.SV01::E01,train
2025-04-22 11:00:00,CRM.AGC.SV01,hydraulics_agc_servo,1.4973,0.2556,-1.1459,1,CRM.AGC.SV01::E01,train
2025-04-22 12:00:00,CRM.AGC.SV01,hydraulics_agc_servo,1.4791,0.2108,-1.885,1,CRM.AGC.SV01::E01,train
2025-04-22 13:00:00,CRM.AGC.SV01,hydraulics_agc_servo,1.4693,0.2147,-3.7029,1,CRM.AGC.SV01::E01,train
2025-04-22 14:00:00,CRM.AGC.SV01,hydraulics_agc_servo,1.4762,0.2173,-3.1008,1,CRM.AGC.SV01::E01,train
2025-04-22 15:00:00,CRM.AGC.SV01,hydraulics_agc_servo,1.4245,0.2179,-2.0484,1,CRM.AGC.SV01::E01,train
2025-04-22 16:00:00,CRM.AGC.SV01,hydraulics_agc_servo,1.4208,0.1979,-1.453,1,CRM.AGC.SV01::E01,train
2025-04-22 17:00:00,CRM.AGC.SV01,hydraulics_agc_servo,1.4321,0.2514,-0.9215,1,CRM.AGC.SV01::E01,train
2025-04-22 18:00:00,CRM.AGC.SV01,hydraulics_agc_servo,1.478,0.2844,-0.3839,1,CRM.AGC.SV01::E01,train
2025-04-22 19:00:00,CRM.AGC.SV01,hydraulics_agc_servo,1.4947,0.2114,-0.3831,1,CRM.AGC.SV01::E01,train
2025-04-22 20:00:00,CRM.AGC.SV01,hydraulics_agc_servo,1.5292,0.1732,0.1811,1,CRM.AGC.SV01::E01,train
2025-04-22 21:00:00,CRM.AGC.SV01,hydraulics_agc_servo,1.5559,0.1882,-0.156,1,CRM.AGC.SV01::E01,train
2025-04-22 22:00:00,CRM.AGC.SV01,hydraulics_agc_servo,1.5571,0.2343,-0.24,1,CRM.AGC.SV01::E01,train
2025-04-22 23:00:00,CRM.AGC.SV01,hydraulics_agc_servo,1.5804,0.2235,-0.2317,1,CRM.AGC.SV01::E01,train
2025-04-23 00:00:00,CRM.AGC.SV01,hydraulics_agc_servo,1.5247,0.2237,-0.6294,1,CRM.AGC.SV01::E01,train
2025-04-23 01:00:00,CRM.AGC.SV01,hydraulics_agc_servo,1.5051,0.2382,0.1335,1,CRM.AGC.SV01::E01,train
2025-04-23 02:00:00,CRM.AGC.SV01,hydraulics_agc_servo,1.5112,,,1,CRM.AGC.SV01::E01,train
2025-04-23 03:00:00,CRM.AGC.SV01,hydraulics_agc_servo,1.4942,0.3276,1.1794,0,CRM.AGC.SV01::E01,train
2025-04-23 04:00:00,CRM.AGC.SV01,hydraulics_agc_servo,1.4927,0.326,1.5372,1,CRM.AGC.SV01::E01,train
2025-04-23 05:00:00,CRM.AGC.SV01,hydraulics_agc_servo,1.5076,0.3004,2.0849,1,CRM.AGC.SV01::E01,train
2025-04-23 06:00:00,CRM.AGC.SV01,hydraulics_agc_servo,1.5574,0.3496,1.7435,1,CRM.AGC.SV01::E01,train
2025-04-23 07:00:00,CRM.AGC.SV01,hydraulics_agc_servo,1.5388,0.3337,1.7782,1,CRM.AGC.SV01::E01,train
2025-04-23 08:00:00,CRM.AGC.SV01,hydraulics_agc_servo,1.4612,0.358,2.3512,1,CRM.AGC.SV01::E01,train
2025-04-23 09:00:00,CRM.AGC.SV01,hydraulics_agc_servo,1.4459,0.3466,1.801,1,CRM.AGC.SV01::E01,train
2025-04-23 10:00:00,CRM.AGC.SV01,hydraulics_agc_servo,1.4355,0.3339,2.211,1,CRM.AGC.SV01::E01,train
2025-04-23 11:00:00,CRM.AGC.SV01,hydraulics_agc_servo,1.4426,0.337,2.2875,1,CRM.AGC.SV01::E01,train
2025-04-23 12:00:00,CRM.AGC.SV01,hydraulics_agc_servo,1.4662,0.3251,2.0131,1,CRM.AGC.SV01::E01,train
2025-04-23 13:00:00,CRM.AGC.SV01,hydraulics_agc_servo,1.4742,0.3358,1.9899,1,CRM.AGC.SV01::E01,train
2025-04-23 14:00:00,CRM.AGC.SV01,hydraulics_agc_servo,1.5068,0.4088,1.6657,1,CRM.AGC.SV01::E01,train
2025-04-23 15:00:00,CRM.AGC.SV01,hydraulics_agc_servo,1.4898,0.3659,0.6207,1,CRM.AGC.SV01::E01,train
2025-04-23 16:00:00,CRM.AGC.SV01,hydraulics_agc_servo,1.4912,0.4063,0.5172,1,CRM.AGC.SV01::E01,train
2025-04-23 17:00:00,CRM.AGC.SV01,hydraulics_agc_servo,1.4482,0.4423,0.6086,1,CRM.AGC.SV01::E01,train
2025-04-23 18:00:00,CRM.AGC.SV01,hydraulics_agc_servo,1.4453,0.3729,0.1455,1,CRM.AGC.SV01::E01,train
2025-04-23 19:00:00,CRM.AGC.SV01,hydraulics_agc_servo,1.4507,0.3276,-0.6746,1,CRM.AGC.SV01::E01,train
2025-04-23 20:00:00,CRM.AGC.SV01,hydraulics_agc_servo,1.5432,0.3039,-0.4041,1,CRM.AGC.SV01::E01,train
2025-04-23 21:00:00,CRM.AGC.SV01,hydraulics_agc_servo,1.5635,0.3581,-1.0588,1,CRM.AGC.SV01::E01,train
2025-04-23 22:00:00,CRM.AGC.SV01,hydraulics_agc_servo,1.5551,0.3855,-1.4445,1,CRM.AGC.SV01::E01,train
2025-04-23 23:00:00,CRM.AGC.SV01,hydraulics_agc_servo,1.5448,0.3962,-1.5573,1,CRM.AGC.SV01::E01,train
2025-04-24 00:00:00,CRM.AGC.SV01,hydraulics_agc_servo,1.5073,0.3678,-0.7381,1,CRM.AGC.SV01::E01,train
2025-04-24 01:00:00,CRM.AGC.SV01,hydraulics_agc_servo,1.5007,0.3586,-0.7211,1,CRM.AGC.SV01::E01,train
2025-04-24 02:00:00,CRM.AGC.SV01,hydraulics_agc_servo,1.4713,0.3433,-0.385,1,CRM.AGC.SV01::E01,train
2025-04-24 03:00:00,CRM.AGC.SV01,hydraulics_agc_servo,1.5088,0.3674,0.9383,1,CRM.AGC.SV01::E01,train
2025-04-24 04:00:00,CRM.AGC.SV01,hydraulics_agc_servo,1.4986,0.3663,0.6852,1,CRM.AGC.SV01::E01,train
2025-04-24 05:00:00,CRM.AGC.SV01,hydraulics_agc_servo,1.5102,0.3054,0.1041,1,CRM.AGC.SV01::E01,train
2025-04-24 06:00:00,CRM.AGC.SV01,hydraulics_agc_servo,1.4744,0.2796,-0.286,1,CRM.AGC.SV01::E01,train
2025-04-24 07:00:00,CRM.AGC.SV01,hydraulics_agc_servo,1.4738,0.2177,-0.1783,1,CRM.AGC.SV01::E01,train
2025-04-24 08:00:00,CRM.AGC.SV01,hydraulics_agc_servo,1.4979,0.1873,-0.9589,1,CRM.AGC.SV01::E01,train
2025-04-24 09:00:00,CRM.AGC.SV01,hydraulics_agc_servo,1.4579,0.2004,-0.5096,1,CRM.AGC.SV01::E01,train
2025-04-24 10:00:00,CRM.AGC.SV01,hydraulics_agc_servo,1.5209,0.2054,-0.3069,1,CRM.AGC.SV01::E01,train
2025-04-24 11:00:00,CRM.AGC.SV01,hydraulics_agc_servo,1.5027,0.2073,-0.8124,1,CRM.AGC.SV01::E01,train
2025-04-24 12:00:00,CRM.AGC.SV01,hydraulics_agc_servo,1.5155,0.153,-1.1635,1,CRM.AGC.SV01::E01,train
2025-04-24 13:00:00,CRM.AGC.SV01,hydraulics_agc_servo,1.4916,0.2011,-1.6161,1,CRM.AGC.SV01::E01,train
2025-04-24 14:00:00,CRM.AGC.SV01,hydraulics_agc_servo,,,-1.6476,1,CRM.AGC.SV01::E01,train
2025-04-24 15:00:00,CRM.AGC.SV01,hydraulics_agc_servo,1.5106,0.3491,-2.1232,1,CRM.AGC.SV01::E01,train
2025-04-24 16:00:00,CRM.AGC.SV01,hydraulics_agc_servo,1.5271,0.3371,-1.5737,1,CRM.AGC.SV01::E01,train
2025-04-24 17:00:00,CRM.AGC.SV01,hydraulics_agc_servo,1.5068,0.3538,-1.5538,1,CRM.AGC.SV01::E01,train
2025-04-24 18:00:00,CRM.AGC.SV01,hydraulics_agc_servo,1.5164,0.3316,-1.4773,1,CRM.AGC.SV01::E01,train
2025-04-24 19:00:00,CRM.AGC.SV01,hydraulics_agc_servo,1.5607,0.2882,-1.449,1,CRM.AGC.SV01::E01,train
2025-04-24 20:00:00,CRM.AGC.SV01,hydraulics_agc_servo,1.5582,0.2585,-1.5802,1,CRM.AGC.SV01::E01,train
2025-04-24 21:00:00,CRM.AGC.SV01,hydraulics_agc_servo,1.5625,0.269,-1.437,1,CRM.AGC.SV01::E01,train
2025-04-24 22:00:00,CRM.AGC.SV01,hydraulics_agc_servo,1.5744,0.3164,-0.8366,1,CRM.AGC.SV01::E01,train
2025-04-24 23:00:00,CRM.AGC.SV01,hydraulics_agc_servo,1.6435,0.3009,-1.3702,1,CRM.AGC.SV01::E01,train
2025-04-25 00:00:00,CRM.AGC.SV01,hydraulics_agc_servo,1.6056,0.2618,-0.5006,1,CRM.AGC.SV01::E01,train
2025-04-25 01:00:00,CRM.AGC.SV01,hydraulics_agc_servo,1.6196,0.2486,-0.4462,1,CRM.AGC.SV01::E01,train
2025-04-25 02:00:00,CRM.AGC.SV01,hydraulics_agc_servo,1.5988,0.2346,0.422,1,CRM.AGC.SV01::E01,train
2025-04-25 03:00:00,CRM.AGC.SV01,hydraulics_agc_servo,1.6321,0.1817,0.3852,1,CRM.AGC.SV01::E01,train
2025-04-25 04:00:00,CRM.AGC.SV01,hydraulics_agc_servo,1.6148,0.2065,-0.5496,1,CRM.AGC.SV01::E01,train
2025-04-25 05:00:00,CRM.AGC.SV01,hydraulics_agc_servo,1.6983,0.2316,0.2616,1,CRM.AGC.SV01::E01,train
2025-04-25 06:00:00,CRM.AGC.SV01,hydraulics_agc_servo,1.71,0.2654,-0.3106,1,CRM.AGC.SV01::E01,train
2025-04-25 07:00:00,CRM.AGC.SV01,hydraulics_agc_servo,1.8188,0.3018,-1.1837,1,CRM.AGC.SV01::E01,train
2025-04-25 08:00:00,CRM.AGC.SV01,hydraulics_agc_servo,2.1276,0.3423,-0.8886,1,CRM.AGC.SV01::E01,train
2025-04-25 09:00:00,CRM.AGC.SV01,hydraulics_agc_servo,2.4135,0.344,-1.8357,1,CRM.AGC.SV01::E01,train
2025-04-25 10:00:00,CRM.AGC.SV01,hydraulics_agc_servo,2.657,0.3165,-1.0391,1,CRM.AGC.SV01::E01,train
2025-04-25 11:00:00,CRM.AGC.SV01,hydraulics_agc_servo,2.6452,0.308,0.7949,1,CRM.AGC.SV01::E01,train
2025-04-25 12:00:00,CRM.AGC.SV01,hydraulics_agc_servo,2.5042,0.2958,1.7847,1,CRM.AGC.SV01::E01,train
2025-04-25 13:00:00,CRM.AGC.SV01,hydraulics_agc_servo,2.2398,0.222,0.6907,1,CRM.AGC.SV01::E01,train
2025-04-25 14:00:00,CRM.AGC.SV01,hydraulics_agc_servo,1.9774,0.1446,0.4306,1,CRM.AGC.SV01::E01,train
2025-04-25 15:00:00,CRM.AGC.SV01,hydraulics_agc_servo,1.8801,0.178,0.0199,1,CRM.AGC.SV01::E01,train
2025-04-25 16:00:00,CRM.AGC.SV01,hydraulics_agc_servo,1.9423,0.2094,-0.2432,1,CRM.AGC.SV01::E01,train
2025-04-25 17:00:00,CRM.AGC.SV01,hydraulics_agc_servo,1.9177,0.2461,0.527,1,CRM.AGC.SV01::E01,train
2025-04-25 18:00:00,CRM.AGC.SV01,hydraulics_agc_servo,1.9268,0.2437,1.1875,1,CRM.AGC.SV01::E01,train
2025-04-25 19:00:00,CRM.AGC.SV01,hydraulics_agc_servo,1.9702,0.2424,1.138,1,CRM.AGC.SV01::E01,train
2025-04-25 20:00:00,CRM.AGC.SV01,hydraulics_agc_servo,1.9226,0.2273,1.061,1,CRM.AGC.SV01::E01,train
2025-04-25 21:00:00,CRM.AGC.SV01,hydraulics_agc_servo,1.8514,0.2191,1.4172,1,CRM.AGC.SV01::E01,train
2025-04-25 22:00:00,CRM.AGC.SV01,hydraulics_agc_servo,1.8227,0.2371,0.7888,1,CRM.AGC.SV01::E01,train
2025-04-25 23:00:00,CRM.AGC.SV01,hydraulics_agc_servo,1.8455,0.241,0.606,1,CRM.AGC.SV01::E01,train
2025-04-26 00:00:00,CRM.AGC.SV01,hydraulics_agc_servo,1.8601,0.2068,0.5809,1,CRM.AGC.SV01::E01,train
2025-04-26 01:00:00,CRM.AGC.SV01,hydraulics_agc_servo,1.8798,0.216,0.0791,1,CRM.AGC.SV01::E01,train
2025-04-26 02:00:00,CRM.AGC.SV01,hydraulics_agc_servo,1.8843,0.206,0.4593,1,CRM.AGC.SV01::E01,train
2025-04-26 03:00:00,CRM.AGC.SV01,hydraulics_agc_servo,1.9263,0.2112,0.4606,1,CRM.AGC.SV01::E01,train
2025-04-26 04:00:00,CRM.AGC.SV01,hydraulics_agc_servo,1.9722,0.2369,1.1896,1,CRM.AGC.SV01::E01,train
2025-04-26 05:00:00,CRM.AGC.SV01,hydraulics_agc_servo,1.9517,0.1896,1.167,1,CRM.AGC.SV01::E01,train
2025-04-26 06:00:00,CRM.AGC.SV01,hydraulics_agc_servo,1.9969,0.1787,1.31,1,CRM.AGC.SV01::E01,train
2025-04-26 07:00:00,CRM.AGC.SV01,hydraulics_agc_servo,2.0419,0.1476,1.0354,1,CRM.AGC.SV01::E01,train
2025-04-26 08:00:00,CRM.AGC.SV01,hydraulics_agc_servo,2.0673,0.1902,0.6966,1,CRM.AGC.SV01::E01,train
2025-04-26 09:00:00,CRM.AGC.SV01,hydraulics_agc_servo,2.083,0.1442,0.3659,1,CRM.AGC.SV01::E01,train
2025-04-26 10:00:00,CRM.AGC.SV01,hydraulics_agc_servo,2.0845,0.1366,0.9988,1,CRM.AGC.SV01::E01,train
2025-04-26 11:00:00,CRM.AGC.SV01,hydraulics_agc_servo,2.1047,0.0896,2.0934,1,CRM.AGC.SV01::E01,train
2025-04-26 12:00:00,CRM.AGC.SV01,hydraulics_agc_servo,2.1031,0.0969,1.3496,1,CRM.AGC.SV01::E01,train
2025-04-26 13:00:00,CRM.AGC.SV01,hydraulics_agc_servo,2.1477,0.1767,1.0215,1,CRM.AGC.SV01::E01,train
2025-04-26 14:00:00,CRM.AGC.SV01,hydraulics_agc_servo,2.1277,0.183,0.4007,1,CRM.AGC.SV01::E01,train
2025-04-26 15:00:00,CRM.AGC.SV01,hydraulics_agc_servo,2.0837,0.1403,-0.0315,1,CRM.AGC.SV01::E01,train
2025-04-26 16:00:00,CRM.AGC.SV01,hydraulics_agc_servo,2.0999,0.1895,-0.2775,1,CRM.AGC.SV01::E01,train
2025-04-26 17:00:00,CRM.AGC.SV01,hydraulics_agc_servo,2.082,0.1783,-0.3661,1,CRM.AGC.SV01::E01,train
2025-04-26 18:00:00,CRM.AGC.SV01,hydraulics_agc_servo,2.0514,0.1336,-0.0661,1,CRM.AGC.SV01::E01,train
2025-04-26 19:00:00,CRM.AGC.SV01,hydraulics_agc_servo,2.0476,0.1428,0.3597,1,CRM.AGC.SV01::E01,train
2025-04-26 20:00:00,CRM.AGC.SV01,hydraulics_agc_servo,2.0746,0.1941,0.5076,1,CRM.AGC.SV01::E01,train
2025-04-26 21:00:00,CRM.AGC.SV01,hydraulics_agc_servo,2.0314,0.1727,0.6585,1,CRM.AGC.SV01::E01,train
2025-04-26 22:00:00,CRM.AGC.SV01,hydraulics_agc_servo,2.0294,0.1577,0.1981,1,CRM.AGC.SV01::E01,train
2025-04-26 23:00:00,CRM.AGC.SV01,hydraulics_agc_servo,2.0167,0.1519,0.0382,1,CRM.AGC.SV01::E01,train
2025-04-27 00:00:00,CRM.AGC.SV01,hydraulics_agc_servo,2.0245,0.1676,-0.8095,1,CRM.AGC.SV01::E01,train
2025-04-27 01:00:00,CRM.AGC.SV01,hydraulics_agc_servo,2.0198,0.1407,-1.5491,1,CRM.AGC.SV01::E01,train
2025-04-27 02:00:00,CRM.AGC.SV01,hydraulics_agc_servo,2.0471,0.1737,-2.6345,1,CRM.AGC.SV01::E01,train
2025-04-27 03:00:00,CRM.AGC.SV01,hydraulics_agc_servo,2.0733,0.1723,-2.1424,1,CRM.AGC.SV01::E01,train
2025-04-27 04:00:00,CRM.AGC.SV01,hydraulics_agc_servo,2.0664,0.1523,-2.1217,1,CRM.AGC.SV01::E01,train
2025-04-27 05:00:00,CRM.AGC.SV01,hydraulics_agc_servo,2.1266,0.2199,-1.7682,1,CRM.AGC.SV01::E01,train
2025-04-27 06:00:00,CRM.AGC.SV01,hydraulics_agc_servo,2.1066,0.2847,-0.9816,1,CRM.AGC.SV01::E01,train
2025-04-27 07:00:00,CRM.AGC.SV01,hydraulics_agc_servo,2.105,0.3661,-1.0244,1,CRM.AGC.SV01::E01,train
2025-04-27 08:00:00,CRM.AGC.SV01,hydraulics_agc_servo,2.1118,0.3948,-0.9232,1,CRM.AGC.SV01::E01,train
2025-04-27 09:00:00,CRM.AGC.SV01,hydraulics_agc_servo,2.1151,0.3625,-0.4712,1,CRM.AGC.SV01::E01,train
2025-04-27 10:00:00,CRM.AGC.SV01,hydraulics_agc_servo,2.2154,0.3192,-0.3737,1,CRM.AGC.SV01::E01,train
2025-04-27 11:00:00,CRM.AGC.SV01,hydraulics_agc_servo,2.2,0.3405,-0.4568,1,CRM.AGC.SV01::E01,train
2025-04-27 12:00:00,CRM.AGC.SV01,hydraulics_agc_servo,2.2198,0.303,-0.1945,1,CRM.AGC.SV01::E01,train
2025-04-27 13:00:00,CRM.AGC.SV01,hydraulics_agc_servo,2.2607,0.2871,0.5501,1,CRM.AGC.SV01::E01,train
2025-04-27 14:00:00,CRM.AGC.SV01,hydraulics_agc_servo,2.3011,0.2737,0.7582,1,CRM.AGC.SV01::E01,train
2025-04-27 15:00:00,CRM.AGC.SV01,hydraulics_agc_servo,2.3321,0.2451,1.1373,1,CRM.AGC.SV01::E01,train
2025-04-27 16:00:00,CRM.AGC.SV01,hydraulics_agc_servo,,,1.6319,2,CRM.AGC.SV01::E01,train
2025-04-27 17:00:00,CRM.AGC.SV01,hydraulics_agc_servo,2.3294,0.1924,1.2369,1,CRM.AGC.SV01::E01,train
2025-04-27 18:00:00,CRM.AGC.SV01,hydraulics_agc_servo,2.3395,0.1987,1.1141,1,CRM.AGC.SV01::E01,train
2025-04-27 19:00:00,CRM.AGC.SV01,hydraulics_agc_servo,2.3572,0.2455,1.1506,1,CRM.AGC.SV01::E01,train
2025-04-27 20:00:00,CRM.AGC.SV01,hydraulics_agc_servo,2.3418,0.2719,1.0961,1,CRM.AGC.SV01::E01,train
2025-04-27 21:00:00,CRM.AGC.SV01,hydraulics_agc_servo,2.3623,0.3084,1.1821,1,CRM.AGC.SV01::E01,train
2025-04-27 22:00:00,CRM.AGC.SV01,hydraulics_agc_servo,2.4179,0.2553,1.1073,1,CRM.AGC.SV01::E01,train
2025-04-27 23:00:00,CRM.AGC.SV01,hydraulics_agc_servo,2.4132,0.2235,1.4864,1,CRM.AGC.SV01::E01,train
2025-04-28 00:00:00,CRM.AGC.SV01,hydraulics_agc_servo,2.3899,0.2132,2.1302,1,CRM.AGC.SV01::E01,train
2025-04-28 01:00:00,CRM.AGC.SV01,hydraulics_agc_servo,2.3795,0.2174,1.6443,1,CRM.AGC.SV01::E01,train
2025-04-28 02:00:00,CRM.AGC.SV01,hydraulics_agc_servo,2.4676,0.2481,1.6442,1,CRM.AGC.SV01::E01,train
2025-04-28 03:00:00,CRM.AGC.SV01,hydraulics_agc_servo,2.4924,0.2617,0.6205,1,CRM.AGC.SV01::E01,train
2025-04-28 04:00:00,CRM.AGC.SV01,hydraulics_agc_servo,2.5097,0.3079,-0.2207,1,CRM.AGC.SV01::E01,train
2025-04-28 05:00:00,CRM.AGC.SV01,hydraulics_agc_servo,2.4978,0.2783,0.5932,1,CRM.AGC.SV01::E01,train
2025-04-28 06:00:00,CRM.AGC.SV01,hydraulics_agc_servo,2.5234,0.2311,-0.1703,1,CRM.AGC.SV01::E01,train
2025-04-28 07:00:00,CRM.AGC.SV01,hydraulics_agc_servo,2.5807,0.2263,-0.1108,1,CRM.AGC.SV01::E01,train
2025-04-28 08:00:00,CRM.AGC.SV01,hydraulics_agc_servo,2.5502,0.2323,0.3355,1,CRM.AGC.SV01::E01,train
2025-04-28 09:00:00,CRM.AGC.SV01,hydraulics_agc_servo,2.5855,0.2606,0.1204,1,CRM.AGC.SV01::E01,train
2025-04-28 10:00:00,CRM.AGC.SV01,hydraulics_agc_servo,2.6058,0.2312,0.0465,1,CRM.AGC.SV01::E01,train
2025-04-28 11:00:00,CRM.AGC.SV01,hydraulics_agc_servo,2.5762,0.2837,1.5862,1,CRM.AGC.SV01::E01,train
2025-04-28 12:00:00,CRM.AGC.SV01,hydraulics_agc_servo,2.6173,0.2839,2.0169,1,CRM.AGC.SV01::E01,train
2025-04-28 13:00:00,CRM.AGC.SV01,hydraulics_agc_servo,2.6771,0.2754,1.988,1,CRM.AGC.SV01::E01,train
2025-04-28 14:00:00,CRM.AGC.SV01,hydraulics_agc_servo,2.6472,0.2975,2.3819,1,CRM.AGC.SV01::E01,train
2025-04-28 15:00:00,CRM.AGC.SV01,hydraulics_agc_servo,2.6672,0.2807,2.4852,1,CRM.AGC.SV01::E01,train
2025-04-28 16:00:00,CRM.AGC.SV01,hydraulics_agc_servo,2.6627,0.2558,2.0619,1,CRM.AGC.SV01::E01,train
2025-04-28 17:00:00,CRM.AGC.SV01,hydraulics_agc_servo,2.6908,0.2678,1.8205,1,CRM.AGC.SV01::E01,train
2025-04-28 18:00:00,CRM.AGC.SV01,hydraulics_agc_servo,2.709,0.2361,1.2378,1,CRM.AGC.SV01::E01,train
2025-04-28 19:00:00,CRM.AGC.SV01,hydraulics_agc_servo,2.743,0.285,0.795,1,CRM.AGC.SV01::E01,train
2025-04-28 20:00:00,CRM.AGC.SV01,hydraulics_agc_servo,2.724,0.2697,1.0268,1,CRM.AGC.SV01::E01,train
2025-04-28 21:00:00,CRM.AGC.SV01,hydraulics_agc_servo,2.7411,0.2902,0.6033,2,CRM.AGC.SV01::E01,train
2025-04-28 22:00:00,CRM.AGC.SV01,hydraulics_agc_servo,2.7348,0.3266,0.946,1,CRM.AGC.SV01::E01,train
2025-04-28 23:00:00,CRM.AGC.SV01,hydraulics_agc_servo,2.7022,0.3225,1.0581,1,CRM.AGC.SV01::E01,train
2025-04-29 00:00:00,CRM.AGC.SV01,hydraulics_agc_servo,2.6886,0.2438,1.0203,1,CRM.AGC.SV01::E01,train
2025-04-29 01:00:00,CRM.AGC.SV01,hydraulics_agc_servo,2.7183,0.2445,1.1163,1,CRM.AGC.SV01::E01,train
2025-04-29 02:00:00,CRM.AGC.SV01,hydraulics_agc_servo,2.6911,0.267,0.7311,1,CRM.AGC.SV01::E01,train
2025-04-29 03:00:00,CRM.AGC.SV01,hydraulics_agc_servo,2.7131,0.2182,0.1089,1,CRM.AGC.SV01::E01,train
2025-04-29 04:00:00,CRM.AGC.SV01,hydraulics_agc_servo,2.6745,0.2149,-0.0984,1,CRM.AGC.SV01::E01,train
2025-04-29 05:00:00,CRM.AGC.SV01,hydraulics_agc_servo,2.7301,0.1836,0.1871,1,CRM.AGC.SV01::E01,train
2025-04-29 06:00:00,CRM.AGC.SV01,hydraulics_agc_servo,2.7157,0.1883,0.687,1,CRM.AGC.SV01::E01,train
2025-04-29 07:00:00,CRM.AGC.SV01,hydraulics_agc_servo,2.7462,0.107,0.9514,1,CRM.AGC.SV01::E01,train
2025-04-29 08:00:00,CRM.AGC.SV01,hydraulics_agc_servo,2.7373,0.1167,0.2767,1,CRM.AGC.SV01::E01,train
2025-04-29 09:00:00,CRM.AGC.SV01,hydraulics_agc_servo,2.6965,0.1483,-0.4297,1,CRM.AGC.SV01::E01,train
2025-04-29 10:00:00,CRM.AGC.SV01,hydraulics_agc_servo,2.6704,0.1536,-0.731,1,CRM.AGC.SV01::E01,train
2025-04-29 11:00:00,CRM.AGC.SV01,hydraulics_agc_servo,2.6628,0.1806,0.4811,1,CRM.AGC.SV01::E01,train
2025-04-29 12:00:00,CRM.AGC.SV01,hydraulics_agc_servo,2.6773,0.2452,0.9579,1,CRM.AGC.SV01::E01,train
2025-04-29 13:00:00,CRM.AGC.SV01,hydraulics_agc_servo,2.5997,0.2185,-0.0361,2,CRM.AGC.SV01::E01,train
2025-04-29 14:00:00,CRM.AGC.SV01,hydraulics_agc_servo,2.5999,0.1894,-0.0658,1,CRM.AGC.SV01::E01,train
2025-04-29 15:00:00,CRM.AGC.SV01,hydraulics_agc_servo,2.6536,0.2095,0.0985,1,CRM.AGC.SV01::E01,train
2025-04-29 16:00:00,CRM.AGC.SV01,hydraulics_agc_servo,2.7,0.2124,-0.3382,1,CRM.AGC.SV01::E01,train
2025-04-29 17:00:00,CRM.AGC.SV01,hydraulics_agc_servo,2.7384,0.2964,-1.0862,1,CRM.AGC.SV01::E01,train
2025-04-29 18:00:00,CRM.AGC.SV01,hydraulics_agc_servo,2.7544,0.2921,-1.9169,1,CRM.AGC.SV01::E01,train
2025-04-29 19:00:00,CRM.AGC.SV01,hydraulics_agc_servo,2.7693,0.2536,-2.3903,1,CRM.AGC.SV01::E01,train
2025-04-29 20:00:00,CRM.AGC.SV01,hydraulics_agc_servo,2.7671,0.2277,-1.3242,1,CRM.AGC.SV01::E01,train
2025-04-29 21:00:00,CRM.AGC.SV01,hydraulics_agc_servo,2.7682,0.228,-1.7951,2,CRM.AGC.SV01::E01,train
2025-04-29 22:00:00,CRM.AGC.SV01,hydraulics_agc_servo,2.7799,0.2375,-1.4046,1,CRM.AGC.SV01::E01,train
2025-04-29 23:00:00,CRM.AGC.SV01,hydraulics_agc_servo,2.7666,0.1892,-1.2708,2,CRM.AGC.SV01::E01,train
2025-04-30 00:00:00,CRM.AGC.SV01,hydraulics_agc_servo,2.8627,0.1637,-2.1822,1,CRM.AGC.SV01::E01,train
2025-04-30 01:00:00,CRM.AGC.SV01,hydraulics_agc_servo,2.8185,0.132,-1.8611,1,CRM.AGC.SV01::E01,train
2025-04-30 02:00:00,CRM.AGC.SV01,hydraulics_agc_servo,2.819,0.1814,-1.657,1,CRM.AGC.SV01::E01,train
2025-04-30 03:00:00,CRM.AGC.SV01,hydraulics_agc_servo,2.8146,0.2441,-1.9071,1,CRM.AGC.SV01::E01,train
2025-04-30 04:00:00,CRM.AGC.SV01,hydraulics_agc_servo,2.8158,0.2829,-0.7043,1,CRM.AGC.SV01::E01,train
2025-04-30 05:00:00,CRM.AGC.SV01,hydraulics_agc_servo,2.7719,0.2979,-1.1391,1,CRM.AGC.SV01::E01,train
2025-04-30 06:00:00,CRM.AGC.SV01,hydraulics_agc_servo,2.8135,0.3396,-1.1082,1,CRM.AGC.SV01::E01,train
2025-04-30 07:00:00,CRM.AGC.SV01,hydraulics_agc_servo,2.8504,0.3131,0.0587,1,CRM.AGC.SV01::E01,train
2025-04-30 08:00:00,CRM.AGC.SV01,hydraulics_agc_servo,2.8382,0.3209,-0.4824,1,CRM.AGC.SV01::E01,train
2025-04-30 09:00:00,CRM.AGC.SV01,hydraulics_agc_servo,2.8551,0.3381,-0.4523,1,CRM.AGC.SV01::E01,train
2025-04-30 10:00:00,CRM.AGC.SV01,hydraulics_agc_servo,2.8924,0.3341,-0.512,1,CRM.AGC.SV01::E01,train
2025-04-30 11:00:00,CRM.AGC.SV01,hydraulics_agc_servo,2.893,0.3827,-0.2778,1,CRM.AGC.SV01::E01,train
2025-04-30 12:00:00,CRM.AGC.SV01,hydraulics_agc_servo,2.8687,0.3581,-0.0821,1,CRM.AGC.SV01::E01,train
2025-04-30 13:00:00,CRM.AGC.SV01,hydraulics_agc_servo,2.9427,0.3433,0.8696,1,CRM.AGC.SV01::E01,train
2025-04-30 14:00:00,CRM.AGC.SV01,hydraulics_agc_servo,2.9202,0.3206,1.1188,1,CRM.AGC.SV01::E01,train
2025-04-30 15:00:00,CRM.AGC.SV01,hydraulics_agc_servo,2.9017,0.2697,1.2154,1,CRM.AGC.SV01::E01,train
2025-04-30 16:00:00,CRM.AGC.SV01,hydraulics_agc_servo,2.915,0.2916,2.0595,1,CRM.AGC.SV01::E01,train
2025-04-30 17:00:00,CRM.AGC.SV01,hydraulics_agc_servo,2.9351,0.3615,1.4629,1,CRM.AGC.SV01::E01,train
2025-04-30 18:00:00,CRM.AGC.SV01,hydraulics_agc_servo,2.9613,0.3397,1.8178,1,CRM.AGC.SV01::E01,train
2025-04-30 19:00:00,CRM.AGC.SV01,hydraulics_agc_servo,2.9661,0.3713,2.208,1,CRM.AGC.SV01::E01,train
2025-04-30 20:00:00,CRM.AGC.SV01,hydraulics_agc_servo,2.9347,0.3802,1.4768,1,CRM.AGC.SV01::E01,train
2025-04-30 21:00:00,CRM.AGC.SV01,hydraulics_agc_servo,2.9802,0.4142,1.1342,1,CRM.AGC.SV01::E01,train
2025-04-30 22:00:00,CRM.AGC.SV01,hydraulics_agc_servo,2.8652,0.4154,0.4795,1,CRM.AGC.SV01::E01,train
2025-04-30 23:00:00,CRM.AGC.SV01,hydraulics_agc_servo,2.9001,0.3956,1.2562,1,CRM.AGC.SV01::E01,train
2025-05-01 00:00:00,CRM.AGC.SV01,hydraulics_agc_servo,2.9124,0.4051,1.6984,1,CRM.AGC.SV01::E01,train
2025-05-01 01:00:00,CRM.AGC.SV01,hydraulics_agc_servo,2.922,0.4015,1.3059,1,CRM.AGC.SV01::E01,train
2025-05-01 02:00:00,CRM.AGC.SV01,hydraulics_agc_servo,2.9438,0.4145,0.7091,1,CRM.AGC.SV01::E01,train
2025-05-01 03:00:00,CRM.AGC.SV01,hydraulics_agc_servo,2.9785,0.3589,0.1373,1,CRM.AGC.SV01::E01,train
2025-05-01 04:00:00,CRM.AGC.SV01,hydraulics_agc_servo,2.9439,0.3598,-0.3858,1,CRM.AGC.SV01::E01,train
2025-05-01 05:00:00,CRM.AGC.SV01,hydraulics_agc_servo,2.9554,0.3572,-0.5068,1,CRM.AGC.SV01::E01,train
2025-05-01 06:00:00,CRM.AGC.SV01,hydraulics_agc_servo,2.9743,0.3692,-0.7818,1,CRM.AGC.SV01::E01,train
2025-05-01 07:00:00,CRM.AGC.SV01,hydraulics_agc_servo,2.9386,0.3573,0.1142,1,CRM.AGC.SV01::E01,train
2025-05-01 08:00:00,CRM.AGC.SV01,hydraulics_agc_servo,,,-0.356,1,CRM.AGC.SV01::E01,train
2025-05-01 09:00:00,CRM.AGC.SV01,hydraulics_agc_servo,2.9714,0.3136,0.297,1,CRM.AGC.SV01::E01,train
2025-05-01 10:00:00,CRM.AGC.SV01,hydraulics_agc_servo,2.9658,0.3565,0.2506,1,CRM.AGC.SV01::E01,train
2025-05-01 11:00:00,CRM.AGC.SV01,hydraulics_agc_servo,2.9589,0.3184,0.7444,1,CRM.AGC.SV01::E01,train
2025-05-01 12:00:00,CRM.AGC.SV01,hydraulics_agc_servo,2.9529,0.3366,0.2209,2,CRM.AGC.SV01::E01,train
2025-05-01 13:00:00,CRM.AGC.SV01,hydraulics_agc_servo,2.9495,0.3869,0.5804,1,CRM.AGC.SV01::E01,train
2025-05-01 14:00:00,CRM.AGC.SV01,hydraulics_agc_servo,2.8698,0.3692,0.1773,2,CRM.AGC.SV01::E01,train
2025-05-01 15:00:00,CRM.AGC.SV01,hydraulics_agc_servo,2.8708,0.3241,-0.1257,1,CRM.AGC.SV01::E01,train
2025-05-01 16:00:00,CRM.AGC.SV01,hydraulics_agc_servo,2.8352,0.3995,-0.5351,1,CRM.AGC.SV01::E01,train
2025-05-01 17:00:00,CRM.AGC.SV01,hydraulics_agc_servo,2.8187,0.3631,-1.0739,1,CRM.AGC.SV01::E01,train
2025-05-01 18:00:00,CRM.AGC.SV01,hydraulics_agc_servo,2.8553,0.2746,-1.7303,1,CRM.AGC.SV01::E01,train
2025-05-01 19:00:00,CRM.AGC.SV01,hydraulics_agc_servo,2.9118,0.2376,-2.0413,2,CRM.AGC.SV01::E01,train
2025-05-01 20:00:00,CRM.AGC.SV01,hydraulics_agc_servo,2.9215,0.2377,-1.416,1,CRM.AGC.SV01::E01,train
2025-05-01 21:00:00,CRM.AGC.SV01,hydraulics_agc_servo,2.8693,0.2601,-1.1629,1,CRM.AGC.SV01::E01,train
2025-05-01 22:00:00,CRM.AGC.SV01,hydraulics_agc_servo,2.9023,0.2813,-1.4582,1,CRM.AGC.SV01::E01,train
2025-05-01 23:00:00,CRM.AGC.SV01,hydraulics_agc_servo,2.8188,0.2948,-1.1116,1,CRM.AGC.SV01::E01,train
2025-05-02 00:00:00,CRM.AGC.SV01,hydraulics_agc_servo,2.8826,0.245,-1.417,1,CRM.AGC.SV01::E01,train
2025-05-02 01:00:00,CRM.AGC.SV01,hydraulics_agc_servo,2.8685,0.2026,-1.3055,2,CRM.AGC.SV01::E01,train
2025-05-02 02:00:00,CRM.AGC.SV01,hydraulics_agc_servo,2.8754,0.2008,-1.2436,1,CRM.AGC.SV01::E01,train
2025-05-02 03:00:00,CRM.AGC.SV01,hydraulics_agc_servo,2.8598,0.1621,-0.9692,1,CRM.AGC.SV01::E01,train
2025-05-02 04:00:00,CRM.AGC.SV01,hydraulics_agc_servo,2.8605,0.1178,-2.1084,2,CRM.AGC.SV01::E01,train
2025-05-02 05:00:00,CRM.AGC.SV01,hydraulics_agc_servo,2.8613,0.1743,-2.4225,1,CRM.AGC.SV01::E01,train
2025-05-02 06:00:00,CRM.AGC.SV01,hydraulics_agc_servo,2.9768,0.1376,-2.0079,1,CRM.AGC.SV01::E01,train
2025-05-02 07:00:00,CRM.AGC.SV01,hydraulics_agc_servo,2.8872,0.1884,-1.6887,1,CRM.AGC.SV01::E01,train
2025-05-02 08:00:00,CRM.AGC.SV01,hydraulics_agc_servo,2.9603,0.1891,-1.1239,1,CRM.AGC.SV01::E01,train
2025-05-02 09:00:00,CRM.AGC.SV01,hydraulics_agc_servo,2.9331,0.1931,0.0732,1,CRM.AGC.SV01::E01,train
2025-05-02 10:00:00,CRM.AGC.SV01,hydraulics_agc_servo,2.9121,0.1667,-0.0573,1,CRM.AGC.SV01::E01,train
2025-05-02 11:00:00,CRM.AGC.SV01,hydraulics_agc_servo,2.8575,0.2473,-1.1593,1,CRM.AGC.SV01::E01,train
2025-05-02 12:00:00,CRM.AGC.SV01,hydraulics_agc_servo,2.8415,0.2363,-1.3778,1,CRM.AGC.SV01::E01,train
2025-05-02 13:00:00,CRM.AGC.SV01,hydraulics_agc_servo,2.8495,0.2596,-1.2651,1,CRM.AGC.SV01::E01,train
2025-05-02 14:00:00,CRM.AGC.SV01,hydraulics_agc_servo,2.8669,0.2755,-0.7063,1,CRM.AGC.SV01::E01,train
2025-05-02 15:00:00,CRM.AGC.SV01,hydraulics_agc_servo,2.8766,0.217,0.0362,1,CRM.AGC.SV01::E01,train
2025-05-02 16:00:00,CRM.AGC.SV01,hydraulics_agc_servo,2.8422,0.2187,0.1129,1,CRM.AGC.SV01::E01,train
2025-05-02 17:00:00,CRM.AGC.SV01,hydraulics_agc_servo,2.8365,0.1926,-0.1728,2,CRM.AGC.SV01::E01,train
2025-05-02 18:00:00,CRM.AGC.SV01,hydraulics_agc_servo,2.886,0.1906,0.5408,1,CRM.AGC.SV01::E01,train
2025-05-02 19:00:00,CRM.AGC.SV01,hydraulics_agc_servo,2.909,0.2696,0.6212,1,CRM.AGC.SV01::E01,train
2025-05-02 20:00:00,CRM.AGC.SV01,hydraulics_agc_servo,2.9103,0.3155,1.5456,1,CRM.AGC.SV01::E01,train
2025-05-02 21:00:00,CRM.AGC.SV01,hydraulics_agc_servo,2.8835,0.3533,1.2528,1,CRM.AGC.SV01::E01,train
2025-05-02 22:00:00,CRM.AGC.SV01,hydraulics_agc_servo,2.8832,0.3095,0.928,2,CRM.AGC.SV01::E01,train
2025-05-02 23:00:00,CRM.AGC.SV01,hydraulics_agc_servo,2.8612,0.316,1.6674,1,CRM.AGC.SV01::E01,train
2025-05-03 00:00:00,CRM.AGC.SV01,hydraulics_agc_servo,2.9188,0.3416,1.5702,1,CRM.AGC.SV01::E01,train
2025-05-03 01:00:00,CRM.AGC.SV01,hydraulics_agc_servo,2.931,0.3613,1.9594,1,CRM.AGC.SV01::E01,train
2025-05-03 02:00:00,CRM.AGC.SV01,hydraulics_agc_servo,2.9705,0.3324,1.8901,2,CRM.AGC.SV01::E01,train
2025-05-03 03:00:00,CRM.AGC.SV01,hydraulics_agc_servo,2.937,0.3574,1.4275,1,CRM.AGC.SV01::E01,train
2025-05-03 04:00:00,CRM.AGC.SV01,hydraulics_agc_servo,2.9445,0.3202,0.9768,1,CRM.AGC.SV01::E01,train
2025-05-03 05:00:00,CRM.AGC.SV01,hydraulics_agc_servo,2.956,0.379,1.0037,1,CRM.AGC.SV01::E01,train
2025-05-03 06:00:00,CRM.AGC.SV01,hydraulics_agc_servo,2.9325,0.371,1.3782,1,CRM.AGC.SV01::E01,train
2025-05-03 07:00:00,CRM.AGC.SV01,hydraulics_agc_servo,2.9523,0.3667,1.4831,1,CRM.AGC.SV01::E01,train
2025-05-03 08:00:00,CRM.AGC.SV01,hydraulics_agc_servo,2.9436,0.3267,1.5865,1,CRM.AGC.SV01::E01,train
2025-05-03 09:00:00,CRM.AGC.SV01,hydraulics_agc_servo,2.9883,0.3673,1.1854,1,CRM.AGC.SV01::E01,train
2025-05-03 10:00:00,CRM.AGC.SV01,hydraulics_agc_servo,2.9841,0.2954,1.5253,1,CRM.AGC.SV01::E01,train
2025-05-03 11:00:00,CRM.AGC.SV01,hydraulics_agc_servo,2.9981,0.3153,1.1105,1,CRM.AGC.SV01::E01,train
2025-05-03 12:00:00,CRM.AGC.SV01,hydraulics_agc_servo,3.0189,0.2646,0.5534,1,CRM.AGC.SV01::E01,train
2025-05-03 13:00:00,CRM.AGC.SV01,hydraulics_agc_servo,2.9938,0.2797,0.3467,1,CRM.AGC.SV01::E01,train
2025-05-03 14:00:00,CRM.AGC.SV01,hydraulics_agc_servo,2.9522,0.277,0.4098,2,CRM.AGC.SV01::E01,train
2025-05-03 15:00:00,CRM.AGC.SV01,hydraulics_agc_servo,2.9398,0.3661,0.392,1,CRM.AGC.SV01::E01,train
2025-05-03 16:00:00,CRM.AGC.SV01,hydraulics_agc_servo,2.9653,0.338,0.1369,2,CRM.AGC.SV01::E01,train
2025-05-03 17:00:00,CRM.AGC.SV01,hydraulics_agc_servo,2.9599,0.2861,-0.3767,1,CRM.AGC.SV01::E01,train
2025-05-03 18:00:00,CRM.AGC.SV01,hydraulics_agc_servo,3.0236,0.3023,-0.2606,2,CRM.AGC.SV01::E01,train
2025-05-03 19:00:00,CRM.AGC.SV01,hydraulics_agc_servo,3.0135,0.2498,-0.2682,1,CRM.AGC.SV01::E01,train
2025-05-03 20:00:00,CRM.AGC.SV01,hydraulics_agc_servo,2.975,0.251,0.3633,2,CRM.AGC.SV01::E01,train
2025-05-03 21:00:00,CRM.AGC.SV01,hydraulics_agc_servo,2.9802,0.2306,-0.3853,2,CRM.AGC.SV01::E01,train
2025-05-03 22:00:00,CRM.AGC.SV01,hydraulics_agc_servo,2.9853,0.2583,-0.7616,1,CRM.AGC.SV01::E01,train
2025-05-03 23:00:00,CRM.AGC.SV01,hydraulics_agc_servo,3.0411,0.2468,-0.5673,2,CRM.AGC.SV01::E01,train
2025-05-04 00:00:00,CRM.AGC.SV01,hydraulics_agc_servo,3.0358,0.277,-0.0779,1,CRM.AGC.SV01::E01,train
2025-05-04 01:00:00,CRM.AGC.SV01,hydraulics_agc_servo,3.1044,0.3586,-0.3912,1,CRM.AGC.SV01::E01,train
2025-05-04 02:00:00,CRM.AGC.SV01,hydraulics_agc_servo,3.0683,0.3732,-0.5921,1,CRM.AGC.SV01::E01,train
2025-05-04 03:00:00,CRM.AGC.SV01,hydraulics_agc_servo,3.0493,0.4081,-0.5994,1,CRM.AGC.SV01::E01,train
2025-05-04 04:00:00,CRM.AGC.SV01,hydraulics_agc_servo,3.0862,0.402,-0.6321,1,CRM.AGC.SV01::E01,train
2025-05-04 05:00:00,CRM.AGC.SV01,hydraulics_agc_servo,3.0673,0.3718,-0.9628,2,CRM.AGC.SV01::E01,train
2025-05-04 06:00:00,CRM.AGC.SV01,hydraulics_agc_servo,3.1185,0.3551,-1.3419,1,CRM.AGC.SV01::E01,train
2025-05-04 07:00:00,CRM.AGC.SV01,hydraulics_agc_servo,3.1082,0.3697,-1.2517,1,CRM.AGC.SV01::E01,train
2025-05-04 08:00:00,CRM.AGC.SV01,hydraulics_agc_servo,3.0996,0.3498,-1.1693,2,CRM.AGC.SV01::E01,train
2025-05-04 09:00:00,CRM.AGC.SV01,hydraulics_agc_servo,3.1059,0.2782,-1.4305,1,CRM.AGC.SV01::E01,train
2025-05-04 10:00:00,CRM.AGC.SV01,hydraulics_agc_servo,3.0668,0.2749,-1.753,2,CRM.AGC.SV01::E01,train
2025-05-04 11:00:00,CRM.AGC.SV01,hydraulics_agc_servo,3.0672,0.3055,-1.7731,2,CRM.AGC.SV01::E01,train
2025-05-04 12:00:00,CRM.AGC.SV01,hydraulics_agc_servo,3.0546,0.3401,-1.2568,1,CRM.AGC.SV01::E01,train
2025-05-04 13:00:00,CRM.AGC.SV01,hydraulics_agc_servo,2.9881,0.3211,-1.052,1,CRM.AGC.SV01::E01,train
2025-05-04 14:00:00,CRM.AGC.SV01,hydraulics_agc_servo,2.9837,0.3022,-0.1022,1,CRM.AGC.SV01::E01,train
2025-05-04 15:00:00,CRM.AGC.SV01,hydraulics_agc_servo,2.9946,0.3051,-0.0104,1,CRM.AGC.SV01::E01,train
2025-05-04 16:00:00,CRM.AGC.SV01,hydraulics_agc_servo,3.0106,0.3096,-0.1618,1,CRM.AGC.SV01::E01,train
2025-05-04 17:00:00,CRM.AGC.SV01,hydraulics_agc_servo,3.0073,0.3066,0.1392,1,CRM.AGC.SV01::E01,train
2025-05-04 18:00:00,CRM.AGC.SV01,hydraulics_agc_servo,3.0281,0.2577,0.7047,2,CRM.AGC.SV01::E01,train
2025-05-04 19:00:00,CRM.AGC.SV01,hydraulics_agc_servo,3.0221,0.2458,1.1711,2,CRM.AGC.SV01::E01,train
2025-05-04 20:00:00,CRM.AGC.SV01,hydraulics_agc_servo,3.0486,0.225,1.5949,1,CRM.AGC.SV01::E01,train
2025-05-04 21:00:00,CRM.AGC.SV01,hydraulics_agc_servo,3.0652,0.1872,1.1424,1,CRM.AGC.SV01::E01,train
2025-05-04 22:00:00,CRM.AGC.SV01,hydraulics_agc_servo,3.0242,0.2502,2.3689,1,CRM.AGC.SV01::E01,train
2025-05-04 23:00:00,CRM.AGC.SV01,hydraulics_agc_servo,2.9936,0.1653,1.7616,2,CRM.AGC.SV01::E01,train
2025-05-05 00:00:00,CRM.AGC.SV01,hydraulics_agc_servo,2.9556,0.1794,1.5959,1,CRM.AGC.SV01::E01,train
2025-05-05 01:00:00,CRM.AGC.SV01,hydraulics_agc_servo,2.9465,0.1838,1.1687,2,CRM.AGC.SV01::E01,train
2025-05-05 02:00:00,CRM.AGC.SV01,hydraulics_agc_servo,2.8934,0.1897,0.7118,1,CRM.AGC.SV01::E01,train
2025-05-05 03:00:00,CRM.AGC.SV01,hydraulics_agc_servo,2.8529,0.1758,0.4852,2,CRM.AGC.SV01::E01,train
2025-05-05 04:00:00,CRM.AGC.SV01,hydraulics_agc_servo,2.8124,0.1579,1.3044,1,CRM.AGC.SV01::E01,train
2025-05-05 05:00:00,CRM.AGC.SV01,hydraulics_agc_servo,2.858,0.124,1.3674,1,CRM.AGC.SV01::E01,train
2025-05-05 06:00:00,CRM.AGC.SV01,hydraulics_agc_servo,2.8372,0.1591,1.6277,1,CRM.AGC.SV01::E01,train
2025-05-05 07:00:00,CRM.AGC.SV01,hydraulics_agc_servo,2.8233,0.1984,0.9089,1,CRM.AGC.SV01::E01,train
2025-05-05 08:00:00,CRM.AGC.SV01,hydraulics_agc_servo,2.8069,0.2708,0.6358,1,CRM.AGC.SV01::E01,train
2025-05-05 09:00:00,CRM.AGC.SV01,hydraulics_agc_servo,2.8487,0.2384,0.0934,1,CRM.AGC.SV01::E01,train
2025-05-05 10:00:00,CRM.AGC.SV01,hydraulics_agc_servo,2.8896,0.2478,0.1181,2,CRM.AGC.SV01::E01,train
2025-05-05 11:00:00,CRM.AGC.SV01,hydraulics_agc_servo,2.9356,0.2542,-0.383,1,CRM.AGC.SV01::E01,train
2025-05-05 12:00:00,CRM.AGC.SV01,hydraulics_agc_servo,2.9467,0.3006,-0.3536,1,CRM.AGC.SV01::E01,train
2025-05-05 13:00:00,CRM.AGC.SV01,hydraulics_agc_servo,2.9444,0.2898,-1.2723,2,CRM.AGC.SV01::E01,train
2025-05-05 14:00:00,CRM.AGC.SV01,hydraulics_agc_servo,2.9929,0.3006,-0.5104,1,CRM.AGC.SV01::E01,train
2025-05-05 15:00:00,CRM.AGC.SV01,hydraulics_agc_servo,2.9848,0.2427,-0.5115,1,CRM.AGC.SV01::E01,train
2025-05-05 16:00:00,CRM.AGC.SV01,hydraulics_agc_servo,3.0072,0.2694,-1.1499,2,CRM.AGC.SV01::E01,train
2025-05-05 17:00:00,CRM.AGC.SV01,hydraulics_agc_servo,3.0415,0.2075,-1.4527,1,CRM.AGC.SV01::E01,train
2025-05-05 18:00:00,CRM.AGC.SV01,hydraulics_agc_servo,3.0113,0.1968,-1.866,1,CRM.AGC.SV01::E01,train
2025-05-05 19:00:00,CRM.AGC.SV01,hydraulics_agc_servo,3.0208,0.2029,-2.1065,1,CRM.AGC.SV01::E01,train
2025-05-05 20:00:00,CRM.AGC.SV01,hydraulics_agc_servo,3.0442,0.2222,-1.9857,1,CRM.AGC.SV01::E01,train
2025-05-05 21:00:00,CRM.AGC.SV01,hydraulics_agc_servo,3.0362,0.208,-3.4495,1,CRM.AGC.SV01::E01,train
2025-05-05 22:00:00,CRM.AGC.SV01,hydraulics_agc_servo,3.018,0.2137,-4.718,1,CRM.AGC.SV01::E01,train
2025-05-05 23:00:00,CRM.AGC.SV01,hydraulics_agc_servo,3.0167,0.2012,-5.039,1,CRM.AGC.SV01::E01,train
2025-05-06 00:00:00,CRM.AGC.SV01,hydraulics_agc_servo,3.0591,0.1752,-4.9535,2,CRM.AGC.SV01::E01,train
2025-05-06 01:00:00,CRM.AGC.SV01,hydraulics_agc_servo,3.0512,0.2179,-4.6587,1,CRM.AGC.SV01::E01,train
2025-05-06 02:00:00,CRM.AGC.SV01,hydraulics_agc_servo,3.0837,0.234,-3.5373,1,CRM.AGC.SV01::E01,train
2025-05-06 03:00:00,CRM.AGC.SV01,hydraulics_agc_servo,3.0989,0.242,-2.7854,2,CRM.AGC.SV01::E01,train
2025-05-06 04:00:00,CRM.AGC.SV01,hydraulics_agc_servo,3.0891,0.3076,-3.3158,1,CRM.AGC.SV01::E01,train
2025-05-06 05:00:00,CRM.AGC.SV01,hydraulics_agc_servo,3.0496,0.3096,-2.9683,1,CRM.AGC.SV01::E01,train
2025-05-06 06:00:00,CRM.AGC.SV01,hydraulics_agc_servo,3.0456,0.3218,-1.0415,2,CRM.AGC.SV01::E01,train
2025-05-06 07:00:00,CRM.AGC.SV01,hydraulics_agc_servo,3.0372,0.2663,-1.014,2,CRM.AGC.SV01::E01,train
2025-05-06 08:00:00,CRM.AGC.SV01,hydraulics_agc_servo,3.018,0.2183,-0.8812,1,CRM.AGC.SV01::E01,train
2025-05-06 09:00:00,CRM.AGC.SV01,hydraulics_agc_servo,2.9756,0.2278,-1.1168,1,CRM.AGC.SV01::E01,train
2025-05-06 10:00:00,CRM.AGC.SV01,hydraulics_agc_servo,2.9308,0.2705,-1.0345,1,CRM.AGC.SV01::E01,train
2025-05-06 11:00:00,CRM.AGC.SV01,hydraulics_agc_servo,2.8692,0.2142,-1.2799,2,CRM.AGC.SV01::E01,train
2025-05-06 12:00:00,CRM.AGC.SV01,hydraulics_agc_servo,2.8723,0.2191,-1.7607,1,CRM.AGC.SV01::E01,train
2025-05-06 13:00:00,CRM.AGC.SV01,hydraulics_agc_servo,2.9018,0.178,-0.8991,1,CRM.AGC.SV01::E01,train
2025-05-06 14:00:00,CRM.AGC.SV01,hydraulics_agc_servo,2.9397,0.1767,-0.8999,2,CRM.AGC.SV01::E01,train
2025-05-06 15:00:00,CRM.AGC.SV01,hydraulics_agc_servo,2.9423,0.1798,-1.0305,2,CRM.AGC.SV01::E01,train
2025-05-06 16:00:00,CRM.AGC.SV01,hydraulics_agc_servo,2.9831,0.1518,0.2585,1,CRM.AGC.SV01::E01,train
2025-05-06 17:00:00,CRM.AGC.SV01,hydraulics_agc_servo,2.9641,0.1353,0.779,1,CRM.AGC.SV01::E01,train
2025-05-06 18:00:00,CRM.AGC.SV01,hydraulics_agc_servo,2.9661,0.1469,0.9835,2,CRM.AGC.SV01::E01,train
2025-05-06 19:00:00,CRM.AGC.SV01,hydraulics_agc_servo,3.0474,0.0754,1.0438,1,CRM.AGC.SV01::E01,train
2025-05-06 20:00:00,CRM.AGC.SV01,hydraulics_agc_servo,3.055,0.1052,1.477,1,CRM.AGC.SV01::E01,train
2025-05-06 21:00:00,CRM.AGC.SV01,hydraulics_agc_servo,3.0313,0.1022,0.6556,1,CRM.AGC.SV01::E01,train
2025-05-06 22:00:00,CRM.AGC.SV01,hydraulics_agc_servo,3.0301,0.0944,0.6012,2,CRM.AGC.SV01::E01,train
2025-05-06 23:00:00,CRM.AGC.SV01,hydraulics_agc_servo,3.0336,0.0953,0.2847,1,CRM.AGC.SV01::E01,train
2025-05-07 00:00:00,CRM.AGC.SV01,hydraulics_agc_servo,3.0246,0.1009,0.312,1,CRM.AGC.SV01::E01,train
2025-05-07 01:00:00,CRM.AGC.SV01,hydraulics_agc_servo,3.023,0.131,0.9554,2,CRM.AGC.SV01::E01,train
2025-05-07 02:00:00,CRM.AGC.SV01,hydraulics_agc_servo,2.9503,0.1352,0.9508,2,CRM.AGC.SV01::E01,train
2025-05-07 03:00:00,CRM.AGC.SV01,hydraulics_agc_servo,3.0229,0.1919,0.416,1,CRM.AGC.SV01::E01,train
2025-05-07 04:00:00,CRM.AGC.SV01,hydraulics_agc_servo,2.9835,0.1768,-0.6736,1,CRM.AGC.SV01::E01,train
2025-05-07 05:00:00,CRM.AGC.SV01,hydraulics_agc_servo,3.0209,0.1899,-1.0132,1,CRM.AGC.SV01::E01,train
2025-05-07 06:00:00,CRM.AGC.SV01,hydraulics_agc_servo,2.97,0.2081,-1.1049,2,CRM.AGC.SV01::E01,train
2025-05-07 07:00:00,CRM.AGC.SV01,hydraulics_agc_servo,2.9134,0.1805,-1.007,1,CRM.AGC.SV01::E01,train
2025-05-07 08:00:00,CRM.AGC.SV01,hydraulics_agc_servo,2.8588,0.2304,-1.7242,1,CRM.AGC.SV01::E01,train
2025-05-07 09:00:00,CRM.AGC.SV01,hydraulics_agc_servo,2.8655,0.2109,-1.6347,2,CRM.AGC.SV01::E01,train
2025-05-07 10:00:00,CRM.AGC.SV01,hydraulics_agc_servo,2.8448,0.2889,-2.0447,2,CRM.AGC.SV01::E01,train
2025-05-07 11:00:00,CRM.AGC.SV01,hydraulics_agc_servo,2.8389,0.3345,-1.2383,2,CRM.AGC.SV01::E01,train
2025-05-07 12:00:00,CRM.AGC.SV01,hydraulics_agc_servo,2.843,0.348,-1.6079,1,CRM.AGC.SV01::E01,train
2025-05-07 13:00:00,CRM.AGC.SV01,hydraulics_agc_servo,2.8806,0.3368,-1.0319,2,CRM.AGC.SV01::E01,train
2025-05-07 14:00:00,CRM.AGC.SV01,hydraulics_agc_servo,2.879,0.3167,-0.2658,2,CRM.AGC.SV01::E01,train
2025-05-07 15:00:00,CRM.AGC.SV01,hydraulics_agc_servo,2.8731,0.2636,0.0267,2,CRM.AGC.SV01::E01,train
2025-05-07 16:00:00,CRM.AGC.SV01,hydraulics_agc_servo,2.8685,0.2116,-0.439,2,CRM.AGC.SV01::E01,train
2025-05-07 17:00:00,CRM.AGC.SV01,hydraulics_agc_servo,2.9433,0.236,-1.5524,2,CRM.AGC.SV01::E01,train
2025-05-07 18:00:00,CRM.AGC.SV01,hydraulics_agc_servo,2.9634,0.1544,-1.364,2,CRM.AGC.SV01::E01,train
2025-05-07 19:00:00,CRM.AGC.SV01,hydraulics_agc_servo,3.0448,0.1634,-1.2029,2,CRM.AGC.SV01::E01,train
2025-05-07 20:00:00,CRM.AGC.SV01,hydraulics_agc_servo,3.0828,0.1687,-0.5563,2,CRM.AGC.SV01::E01,train
2025-05-07 21:00:00,CRM.AGC.SV01,hydraulics_agc_servo,,,-0.3266,1,CRM.AGC.SV01::E01,train
2025-05-07 22:00:00,CRM.AGC.SV01,hydraulics_agc_servo,3.1602,0.1854,-1.1644,2,CRM.AGC.SV01::E01,train
2025-05-07 23:00:00,CRM.AGC.SV01,hydraulics_agc_servo,3.1098,0.1424,-1.4888,1,CRM.AGC.SV01::E01,train
2025-05-08 00:00:00,CRM.AGC.SV01,hydraulics_agc_servo,3.167,0.1222,-0.6402,1,CRM.AGC.SV01::E01,train
2025-05-08 01:00:00,CRM.AGC.SV01,hydraulics_agc_servo,3.1477,0.1589,0.2195,2,CRM.AGC.SV01::E01,train
2025-05-08 02:00:00,CRM.AGC.SV01,hydraulics_agc_servo,3.1548,0.1476,-0.4004,1,CRM.AGC.SV01::E01,train
2025-05-08 03:00:00,CRM.AGC.SV01,hydraulics_agc_servo,3.1283,0.1739,-1.0768,1,CRM.AGC.SV01::E01,train
2025-05-08 04:00:00,CRM.AGC.SV01,hydraulics_agc_servo,3.0616,0.2083,-1.1559,2,CRM.AGC.SV01::E01,train
2025-05-08 05:00:00,CRM.AGC.SV01,hydraulics_agc_servo,3.0777,0.2081,-1.5814,2,CRM.AGC.SV01::E01,train
2025-05-08 06:00:00,CRM.AGC.SV01,hydraulics_agc_servo,3.0932,0.1638,-2.2773,2,CRM.AGC.SV01::E01,train
2025-05-08 07:00:00,CRM.AGC.SV01,hydraulics_agc_servo,3.0973,0.188,-1.144,2,CRM.AGC.SV01::E01,train
2025-05-08 08:00:00,CRM.AGC.SV01,hydraulics_agc_servo,3.1672,0.1628,-0.1544,2,CRM.AGC.SV01::E01,train
2025-05-08 09:00:00,CRM.AGC.SV01,hydraulics_agc_servo,3.0904,0.1941,0.6695,1,CRM.AGC.SV01::E01,train
2025-05-08 10:00:00,CRM.AGC.SV01,hydraulics_agc_servo,3.0749,0.1518,0.6497,1,CRM.AGC.SV01::E01,train
2025-05-08 11:00:00,CRM.AGC.SV01,hydraulics_agc_servo,3.0346,0.1349,1.4428,1,CRM.AGC.SV01::E01,train
2025-05-08 12:00:00,CRM.AGC.SV01,hydraulics_agc_servo,3.0384,0.1278,1.0003,2,CRM.AGC.SV01::E01,train
2025-05-08 13:00:00,CRM.AGC.SV01,hydraulics_agc_servo,3.0524,0.1644,0.9578,2,CRM.AGC.SV01::E01,train
2025-05-08 14:00:00,CRM.AGC.SV01,hydraulics_agc_servo,3.0407,0.2053,-0.0798,1,CRM.AGC.SV01::E01,train
2025-05-08 15:00:00,CRM.AGC.SV01,hydraulics_agc_servo,3.0424,0.2115,0.3114,2,CRM.AGC.SV01::E01,train
2025-05-08 16:00:00,CRM.AGC.SV01,hydraulics_agc_servo,3.0489,0.1981,-0.8633,2,CRM.AGC.SV01::E01,train
2025-05-08 17:00:00,CRM.AGC.SV01,hydraulics_agc_servo,3.1358,0.2022,0.4071,2,CRM.AGC.SV01::E01,train
2025-05-08 18:00:00,CRM.AGC.SV01,hydraulics_agc_servo,3.0721,0.1776,1.1401,2,CRM.AGC.SV01::E01,train
2025-05-08 19:00:00,CRM.AGC.SV01,hydraulics_agc_servo,3.0525,0.1866,1.0179,1,CRM.AGC.SV01::E01,train
2025-05-08 20:00:00,CRM.AGC.SV01,hydraulics_agc_servo,3.0268,0.2089,1.2091,1,CRM.AGC.SV01::E01,train
2025-05-08 21:00:00,CRM.AGC.SV01,hydraulics_agc_servo,2.9963,0.1796,1.1616,2,CRM.AGC.SV01::E01,train
2025-05-08 22:00:00,CRM.AGC.SV01,hydraulics_agc_servo,3.0053,0.2133,0.5577,2,CRM.AGC.SV01::E01,train
2025-05-08 23:00:00,CRM.AGC.SV01,hydraulics_agc_servo,3.027,0.2729,-0.7644,1,CRM.AGC.SV01::E01,train
2025-05-09 00:00:00,CRM.AGC.SV01,hydraulics_agc_servo,3.0338,0.3402,-0.2519,1,CRM.AGC.SV01::E01,train
2025-05-09 01:00:00,CRM.AGC.SV01,hydraulics_agc_servo,3.0695,0.3117,-0.2441,2,CRM.AGC.SV01::E01,train
2025-05-09 02:00:00,CRM.AGC.SV01,hydraulics_agc_servo,3.0464,0.3192,0.0779,1,CRM.AGC.SV01::E01,train
2025-05-09 03:00:00,CRM.AGC.SV01,hydraulics_agc_servo,3.0639,0.3264,-0.361,1,CRM.AGC.SV01::E01,train
2025-05-09 04:00:00,CRM.AGC.SV01,hydraulics_agc_servo,3.0785,0.2681,0.9673,2,CRM.AGC.SV01::E01,train
2025-05-09 05:00:00,CRM.AGC.SV01,hydraulics_agc_servo,3.0376,0.2656,0.9322,2,CRM.AGC.SV01::E01,train
2025-05-09 06:00:00,CRM.AGC.SV01,hydraulics_agc_servo,3.0895,0.2846,0.3614,2,CRM.AGC.SV01::E01,train
2025-05-09 07:00:00,CRM.AGC.SV01,hydraulics_agc_servo,3.0747,0.3371,-0.9669,1,CRM.AGC.SV01::E01,train
2025-05-09 08:00:00,CRM.AGC.SV01,hydraulics_agc_servo,3.131,0.2687,-0.7146,2,CRM.AGC.SV01::E01,train
2025-05-09 09:00:00,CRM.AGC.SV01,hydraulics_agc_servo,3.0805,0.2731,0.0829,1,CRM.AGC.SV01::E01,train
2025-05-09 10:00:00,CRM.AGC.SV01,hydraulics_agc_servo,3.0994,0.2718,0.2962,2,CRM.AGC.SV01::E01,train
2025-05-09 11:00:00,CRM.AGC.SV01,hydraulics_agc_servo,3.1484,0.2782,0.3916,2,CRM.AGC.SV01::E01,train
2025-05-09 12:00:00,CRM.AGC.SV01,hydraulics_agc_servo,3.1427,0.3107,0.8329,1,CRM.AGC.SV01::E01,train
2025-05-09 13:00:00,CRM.AGC.SV01,hydraulics_agc_servo,3.1625,0.304,0.5589,1,CRM.AGC.SV01::E01,train
2025-05-09 14:00:00,CRM.AGC.SV01,hydraulics_agc_servo,3.1776,0.3209,0.7887,2,CRM.AGC.SV01::E01,train
2025-05-09 15:00:00,CRM.AGC.SV01,hydraulics_agc_servo,3.1759,0.3573,1.0243,1,CRM.AGC.SV01::E01,train
2025-05-09 16:00:00,CRM.AGC.SV01,hydraulics_agc_servo,3.1578,0.3663,1.555,2,CRM.AGC.SV01::E01,train
2025-05-09 17:00:00,CRM.AGC.SV01,hydraulics_agc_servo,3.1195,0.2874,2.166,1,CRM.AGC.SV01::E01,train
2025-05-09 18:00:00,CRM.AGC.SV01,hydraulics_agc_servo,3.1039,0.3213,2.5123,2,CRM.AGC.SV01::E01,train
2025-05-09 19:00:00,CRM.AGC.SV01,hydraulics_agc_servo,3.1116,0.3741,2.48,2,CRM.AGC.SV01::E01,train
2025-05-09 20:00:00,CRM.AGC.SV01,hydraulics_agc_servo,3.1547,0.3543,2.9249,2,CRM.AGC.SV01::E01,train
2025-05-09 21:00:00,CRM.AGC.SV01,hydraulics_agc_servo,3.1986,0.4054,2.7375,1,CRM.AGC.SV01::E01,train
2025-05-09 22:00:00,CRM.AGC.SV01,hydraulics_agc_servo,3.1999,0.4195,3.301,2,CRM.AGC.SV01::E01,train
2025-05-09 23:00:00,CRM.AGC.SV01,hydraulics_agc_servo,3.1742,0.4352,3.4029,1,CRM.AGC.SV01::E01,train
2025-05-10 00:00:00,CRM.AGC.SV01,hydraulics_agc_servo,,,3.7641,2,CRM.AGC.SV01::E01,train
2025-05-10 01:00:00,CRM.AGC.SV01,hydraulics_agc_servo,3.1063,0.4449,3.3965,2,CRM.AGC.SV01::E01,train
2025-05-10 02:00:00,CRM.AGC.SV01,hydraulics_agc_servo,3.0488,0.3598,3.0529,1,CRM.AGC.SV01::E01,train
2025-05-10 03:00:00,CRM.AGC.SV01,hydraulics_agc_servo,3.028,0.3858,2.5693,2,CRM.AGC.SV01::E01,train
2025-05-10 04:00:00,CRM.AGC.SV01,hydraulics_agc_servo,3.0396,0.3435,3.7131,2,CRM.AGC.SV01::E01,train
2025-05-10 05:00:00,CRM.AGC.SV01,hydraulics_agc_servo,3.0551,0.303,3.7895,2,CRM.AGC.SV01::E01,train
2025-05-10 06:00:00,CRM.AGC.SV01,hydraulics_agc_servo,2.9778,0.3089,3.6508,1,CRM.AGC.SV01::E01,train
2025-05-10 07:00:00,CRM.AGC.SV01,hydraulics_agc_servo,3.0243,0.3185,3.2697,1,CRM.AGC.SV01::E01,train
2025-05-10 08:00:00,CRM.AGC.SV01,hydraulics_agc_servo,3.0565,0.2933,2.5305,2,CRM.AGC.SV01::E01,train
2025-05-10 09:00:00,CRM.AGC.SV01,hydraulics_agc_servo,3.0658,0.2377,2.0467,2,CRM.AGC.SV01::E01,train
2025-05-10 10:00:00,CRM.AGC.SV01,hydraulics_agc_servo,3.0641,0.1573,2.1457,2,CRM.AGC.SV01::E01,train
2025-05-10 11:00:00,CRM.AGC.SV01,hydraulics_agc_servo,3.0368,0.1918,2.0439,2,CRM.AGC.SV01::E01,train
2025-05-10 12:00:00,CRM.AGC.SV01,hydraulics_agc_servo,3.0549,0.2311,0.5811,2,CRM.AGC.SV01::E01,train
2025-05-10 13:00:00,CRM.AGC.SV01,hydraulics_agc_servo,3.1274,0.2526,0.6129,2,CRM.AGC.SV01::E01,train
2025-05-10 14:00:00,CRM.AGC.SV01,hydraulics_agc_servo,3.1134,0.2195,1.1795,2,CRM.AGC.SV01::E01,train
2025-05-10 15:00:00,CRM.AGC.SV01,hydraulics_agc_servo,3.0924,0.1815,0.0926,2,CRM.AGC.SV01::E01,train
2025-05-10 16:00:00,CRM.AGC.SV01,hydraulics_agc_servo,3.0917,0.1612,0.3247,1,CRM.AGC.SV01::E01,train
2025-05-10 17:00:00,CRM.AGC.SV01,hydraulics_agc_servo,3.1146,0.1345,0.5995,1,CRM.AGC.SV01::E01,train
2025-05-10 18:00:00,CRM.AGC.SV01,hydraulics_agc_servo,3.1416,0.1167,0.6382,2,CRM.AGC.SV01::E01,train
2025-05-10 19:00:00,CRM.AGC.SV01,hydraulics_agc_servo,3.0567,0.1351,1.1382,2,CRM.AGC.SV01::E01,train
2025-05-10 20:00:00,CRM.AGC.SV01,hydraulics_agc_servo,3.039,0.1517,1.3784,2,CRM.AGC.SV01::E01,train
2025-05-10 21:00:00,CRM.AGC.SV01,hydraulics_agc_servo,3.0833,0.1311,1.6014,1,CRM.AGC.SV01::E01,train
2025-05-10 22:00:00,CRM.AGC.SV01,hydraulics_agc_servo,3.1188,0.1454,0.6472,2,CRM.AGC.SV01::E01,train
2025-05-10 23:00:00,CRM.AGC.SV01,hydraulics_agc_servo,3.1112,0.1835,1.0667,1,CRM.AGC.SV01::E01,train
2025-05-11 00:00:00,CRM.AGC.SV01,hydraulics_agc_servo,3.1605,0.16,0.316,2,CRM.AGC.SV01::E01,train
2025-05-11 01:00:00,CRM.AGC.SV01,hydraulics_agc_servo,3.1634,0.1991,-0.0986,1,CRM.AGC.SV01::E01,train
2025-05-11 02:00:00,CRM.AGC.SV01,hydraulics_agc_servo,3.1592,0.1635,0.851,2,CRM.AGC.SV01::E01,train
2025-05-11 03:00:00,CRM.AGC.SV01,hydraulics_agc_servo,3.1192,0.1388,0.5677,1,CRM.AGC.SV01::E01,train
2025-05-11 04:00:00,CRM.AGC.SV01,hydraulics_agc_servo,3.1666,0.1367,1.0126,2,CRM.AGC.SV01::E01,train
2025-05-11 05:00:00,CRM.AGC.SV01,hydraulics_agc_servo,3.1785,0.1647,1.4343,2,CRM.AGC.SV01::E01,train
2025-05-11 06:00:00,CRM.AGC.SV01,hydraulics_agc_servo,3.1714,0.115,3.5264,2,CRM.AGC.SV01::E01,train
2025-05-11 07:00:00,CRM.AGC.SV01,hydraulics_agc_servo,3.1301,0.0905,3.5171,2,CRM.AGC.SV01::E01,train
2025-05-11 08:00:00,CRM.AGC.SV01,hydraulics_agc_servo,3.0867,0.146,2.2177,2,CRM.AGC.SV01::E01,train
2025-05-11 09:00:00,CRM.AGC.SV01,hydraulics_agc_servo,3.1078,0.1595,1.3882,2,CRM.AGC.SV01::E01,train
2025-05-11 10:00:00,CRM.AGC.SV01,hydraulics_agc_servo,3.1427,0.1904,1.5379,2,CRM.AGC.SV01::E01,train
2025-05-11 11:00:00,CRM.AGC.SV01,hydraulics_agc_servo,3.0931,0.1729,2.6693,2,CRM.AGC.SV01::E01,train
2025-05-11 12:00:00,CRM.AGC.SV01,hydraulics_agc_servo,3.0954,0.1281,3.4356,2,CRM.AGC.SV01::E01,train
2025-05-11 13:00:00,CRM.AGC.SV01,hydraulics_agc_servo,3.0926,0.1553,3.6388,2,CRM.AGC.SV01::E01,train
2025-05-11 14:00:00,CRM.AGC.SV01,hydraulics_agc_servo,3.0383,0.2178,3.1671,2,CRM.AGC.SV01::E01,train
2025-05-11 15:00:00,CRM.AGC.SV01,hydraulics_agc_servo,3.0679,0.2172,2.1971,2,CRM.AGC.SV01::E01,train
2025-05-11 16:00:00,CRM.AGC.SV01,hydraulics_agc_servo,3.1246,0.2527,2.2113,2,CRM.AGC.SV01::E01,train
2025-05-11 17:00:00,CRM.AGC.SV01,hydraulics_agc_servo,3.1695,0.2226,1.4307,1,CRM.AGC.SV01::E01,train
2025-05-11 18:00:00,CRM.AGC.SV01,hydraulics_agc_servo,3.1776,0.1909,1.2852,2,CRM.AGC.SV01::E01,train
2025-05-11 19:00:00,CRM.AGC.SV01,hydraulics_agc_servo,3.1395,0.1592,0.4728,2,CRM.AGC.SV01::E01,train
2025-05-11 20:00:00,CRM.AGC.SV01,hydraulics_agc_servo,3.1668,0.1283,0.1958,2,CRM.AGC.SV01::E01,train
2025-05-11 21:00:00,CRM.AGC.SV01,hydraulics_agc_servo,3.1152,0.1724,0.7815,2,CRM.AGC.SV01::E01,train
2025-05-11 22:00:00,CRM.AGC.SV01,hydraulics_agc_servo,3.0786,0.2316,0.911,2,CRM.AGC.SV01::E01,train
2025-05-11 23:00:00,CRM.AGC.SV01,hydraulics_agc_servo,3.0932,0.2639,1.7351,2,CRM.AGC.SV01::E01,train
2025-05-12 00:00:00,CRM.AGC.SV01,hydraulics_agc_servo,3.102,0.3075,1.9207,1,CRM.AGC.SV01::E01,train
2025-05-12 01:00:00,CRM.AGC.SV01,hydraulics_agc_servo,3.104,0.3217,1.0598,1,CRM.AGC.SV01::E01,train
2025-05-12 02:00:00,CRM.AGC.SV01,hydraulics_agc_servo,3.0964,0.3302,0.247,2,CRM.AGC.SV01::E01,train
2025-05-12 03:00:00,CRM.AGC.SV01,hydraulics_agc_servo,3.0568,0.3616,-0.2739,2,CRM.AGC.SV01::E01,train
2025-05-12 04:00:00,CRM.AGC.SV01,hydraulics_agc_servo,3.0151,0.3357,-0.0501,2,CRM.AGC.SV01::E01,train
2025-05-12 05:00:00,CRM.AGC.SV01,hydraulics_agc_servo,3.0231,0.3127,-0.0121,2,CRM.AGC.SV01::E01,train
2025-05-12 06:00:00,CRM.AGC.SV01,hydraulics_agc_servo,3.0843,0.2925,-0.3656,2,CRM.AGC.SV01::E01,train
2025-05-12 07:00:00,CRM.AGC.SV01,hydraulics_agc_servo,3.0847,0.3077,-0.1903,2,CRM.AGC.SV01::E01,train
2025-05-12 08:00:00,CRM.AGC.SV01,hydraulics_agc_servo,3.1033,0.2553,0.1438,2,CRM.AGC.SV01::E01,train
2025-05-12 09:00:00,CRM.AGC.SV01,hydraulics_agc_servo,3.0746,0.2253,-0.7095,2,CRM.AGC.SV01::E01,train
2025-05-12 10:00:00,CRM.AGC.SV01,hydraulics_agc_servo,3.0967,0.2551,-0.4433,2,CRM.AGC.SV01::E01,train
2025-05-12 11:00:00,CRM.AGC.SV01,hydraulics_agc_servo,3.1515,0.2421,-1.2867,2,CRM.AGC.SV01::E01,train
2025-05-12 12:00:00,CRM.AGC.SV01,hydraulics_agc_servo,3.161,0.2884,-0.4523,2,CRM.AGC.SV01::E01,train
2025-05-12 13:00:00,CRM.AGC.SV01,hydraulics_agc_servo,3.122,0.2318,0.0689,2,CRM.AGC.SV01::E01,train
2025-05-12 14:00:00,CRM.AGC.SV01,hydraulics_agc_servo,3.1133,0.23,0.5023,2,CRM.AGC.SV01::E01,train
2025-05-12 15:00:00,CRM.AGC.SV01,hydraulics_agc_servo,3.1283,0.2059,1.074,2,CRM.AGC.SV01::E01,train
2025-05-12 16:00:00,CRM.AGC.SV01,hydraulics_agc_servo,3.1194,0.1835,1.6578,2,CRM.AGC.SV01::E01,train
2025-05-12 17:00:00,CRM.AGC.SV01,hydraulics_agc_servo,3.1677,0.2618,1.2622,2,CRM.AGC.SV01::E01,train
2025-05-12 18:00:00,CRM.AGC.SV01,hydraulics_agc_servo,3.1779,0.2052,1.5094,1,CRM.AGC.SV01::E01,train
2025-05-12 19:00:00,CRM.AGC.SV01,hydraulics_agc_servo,3.1895,0.1903,1.0921,2,CRM.AGC.SV01::E01,train
2025-05-12 20:00:00,CRM.AGC.SV01,hydraulics_agc_servo,3.1509,0.1775,1.6008,2,CRM.AGC.SV01::E01,train
2025-05-12 21:00:00,CRM.AGC.SV01,hydraulics_agc_servo,3.1069,0.1825,1.2488,2,CRM.AGC.SV01::E01,train
2025-05-12 22:00:00,CRM.AGC.SV01,hydraulics_agc_servo,3.1636,0.1618,0.3258,2,CRM.AGC.SV01::E01,train
2025-05-12 23:00:00,CRM.AGC.SV01,hydraulics_agc_servo,3.1455,0.3102,0.3156,2,CRM.AGC.SV01::E01,train
2025-05-13 00:00:00,CRM.AGC.SV01,hydraulics_agc_servo,3.1666,0.6735,0.0925,2,CRM.AGC.SV01::E01,train
2025-05-13 01:00:00,CRM.AGC.SV01,hydraulics_agc_servo,3.164,0.9516,-0.6752,2,CRM.AGC.SV01::E01,train
2025-05-13 02:00:00,CRM.AGC.SV01,hydraulics_agc_servo,3.2131,0.9763,-0.824,2,CRM.AGC.SV01::E01,train
2025-05-13 03:00:00,CRM.AGC.SV01,hydraulics_agc_servo,3.1533,0.7355,-0.3965,2,CRM.AGC.SV01::E01,train
2025-05-13 04:00:00,CRM.AGC.SV01,hydraulics_agc_servo,3.1296,0.4655,-0.3165,1,CRM.AGC.SV01::E01,train
2025-05-13 05:00:00,CRM.AGC.SV01,hydraulics_agc_servo,3.1879,0.3653,0.7339,2,CRM.AGC.SV01::E01,train
2025-05-13 06:00:00,CRM.AGC.SV01,hydraulics_agc_servo,3.1797,0.3878,0.1439,2,CRM.AGC.SV01::E01,train
2025-05-13 07:00:00,CRM.AGC.SV01,hydraulics_agc_servo,3.2404,0.3182,-0.2776,2,CRM.AGC.SV01::E01,train
2025-05-13 08:00:00,CRM.AGC.SV01,hydraulics_agc_servo,,,-1.0524,2,CRM.AGC.SV01::E01,train
2025-05-13 09:00:00,CRM.AGC.SV01,hydraulics_agc_servo,3.2215,0.309,-0.095,2,CRM.AGC.SV01::E01,train
2025-05-13 10:00:00,CRM.AGC.SV01,hydraulics_agc_servo,3.1887,0.2996,-0.5225,2,CRM.AGC.SV01::E01,train
2025-05-13 11:00:00,CRM.AGC.SV01,hydraulics_agc_servo,3.1985,0.2968,-1.4256,2,CRM.AGC.SV01::E01,train
2025-05-13 12:00:00,CRM.AGC.SV01,hydraulics_agc_servo,3.1941,0.316,-0.7912,2,CRM.AGC.SV01::E01,train
2025-05-13 13:00:00,CRM.AGC.SV01,hydraulics_agc_servo,3.192,0.3337,-1.7456,2,CRM.AGC.SV01::E01,train
2025-05-13 14:00:00,CRM.AGC.SV01,hydraulics_agc_servo,3.1866,0.3547,-1.8872,2,CRM.AGC.SV01::E01,train
2025-05-13 15:00:00,CRM.AGC.SV01,hydraulics_agc_servo,3.1875,0.3236,-2.4312,2,CRM.AGC.SV01::E01,train
2025-05-13 16:00:00,CRM.AGC.SV01,hydraulics_agc_servo,3.2211,0.2935,-1.8947,2,CRM.AGC.SV01::E01,train
2025-05-13 17:00:00,CRM.AGC.SV01,hydraulics_agc_servo,3.1739,0.269,-1.8698,2,CRM.AGC.SV01::E01,train
2025-05-13 18:00:00,CRM.AGC.SV01,hydraulics_agc_servo,3.1167,0.2334,-1.1396,2,CRM.AGC.SV01::E01,train
2025-05-13 19:00:00,CRM.AGC.SV01,hydraulics_agc_servo,3.0835,0.2401,-1.7328,2,CRM.AGC.SV01::E01,train
2025-05-13 20:00:00,CRM.AGC.SV01,hydraulics_agc_servo,3.0706,0.2557,-1.7062,2,CRM.AGC.SV01::E01,train
2025-05-13 21:00:00,CRM.AGC.SV01,hydraulics_agc_servo,3.0209,0.2442,-2.2333,2,CRM.AGC.SV01::E01,train
2025-05-13 22:00:00,CRM.AGC.SV01,hydraulics_agc_servo,3.039,0.2115,-1.9743,1,CRM.AGC.SV01::E01,train
2025-05-13 23:00:00,CRM.AGC.SV01,hydraulics_agc_servo,3.0188,0.2498,-1.4646,2,CRM.AGC.SV01::E01,train
2025-05-14 00:00:00,CRM.AGC.SV01,hydraulics_agc_servo,3.0346,0.1492,-1.2445,2,CRM.AGC.SV01::E01,train
2025-05-14 01:00:00,CRM.AGC.SV01,hydraulics_agc_servo,3.0368,0.1144,-1.0902,2,CRM.AGC.SV01::E01,train
2025-05-14 02:00:00,CRM.AGC.SV01,hydraulics_agc_servo,3.0528,0.1465,-0.9597,2,CRM.AGC.SV01::E01,train
2025-05-14 03:00:00,CRM.AGC.SV01,hydraulics_agc_servo,3.0862,0.1272,-0.4759,2,CRM.AGC.SV01::E01,train
2025-05-14 04:00:00,CRM.AGC.SV01,hydraulics_agc_servo,3.0387,0.1239,-1.1783,2,CRM.AGC.SV01::E01,train
2025-05-14 05:00:00,CRM.AGC.SV01,hydraulics_agc_servo,3.0368,0.0904,-0.8754,2,CRM.AGC.SV01::E01,train
2025-05-14 06:00:00,CRM.AGC.SV01,hydraulics_agc_servo,3.0247,0.0611,-0.2739,2,CRM.AGC.SV01::E01,train
2025-05-14 07:00:00,CRM.AGC.SV01,hydraulics_agc_servo,3.0257,-0.0079,0.5845,2,CRM.AGC.SV01::E01,train
2025-05-14 08:00:00,CRM.AGC.SV01,hydraulics_agc_servo,3.0228,0.0256,-0.7224,2,CRM.AGC.SV01::E01,train
2025-05-14 09:00:00,CRM.AGC.SV01,hydraulics_agc_servo,3.0786,0.105,-0.5977,2,CRM.AGC.SV01::E01,train
2025-05-14 10:00:00,CRM.AGC.SV01,hydraulics_agc_servo,3.1004,0.0926,-0.829,2,CRM.AGC.SV01::E01,train
2025-05-14 11:00:00,CRM.AGC.SV01,hydraulics_agc_servo,3.0865,0.1387,-1.3829,2,CRM.AGC.SV01::E01,train
2025-05-14 12:00:00,CRM.AGC.SV01,hydraulics_agc_servo,3.1022,0.1098,-1.5821,2,CRM.AGC.SV01::E01,train
2025-05-14 13:00:00,CRM.AGC.SV01,hydraulics_agc_servo,3.1424,0.1669,-1.4229,2,CRM.AGC.SV01::E01,train
2025-05-14 14:00:00,CRM.AGC.SV01,hydraulics_agc_servo,3.1846,0.2362,-1.7009,2,CRM.AGC.SV01::E01,train
2025-05-14 15:00:00,CRM.AGC.SV01,hydraulics_agc_servo,3.2082,0.2338,-1.6101,2,CRM.AGC.SV01::E01,train
2025-05-14 16:00:00,CRM.AGC.SV01,hydraulics_agc_servo,3.184,0.2537,-1.4642,2,CRM.AGC.SV01::E01,train
2025-05-14 17:00:00,CRM.AGC.SV01,hydraulics_agc_servo,3.1771,0.2288,-0.6895,2,CRM.AGC.SV01::E01,train
2025-05-14 18:00:00,CRM.AGC.SV01,hydraulics_agc_servo,0.268,0.2674,-0.838,0,,train
2025-05-14 19:00:00,CRM.AGC.SV01,hydraulics_agc_servo,0.2913,0.2244,-1.0712,0,,train
2025-05-14 20:00:00,CRM.AGC.SV01,hydraulics_agc_servo,0.2948,0.2102,-0.5416,0,,train
2025-05-14 21:00:00,CRM.AGC.SV01,hydraulics_agc_servo,0.2845,0.1592,-0.8897,0,,train
2025-05-14 22:00:00,CRM.AGC.SV01,hydraulics_agc_servo,0.3357,0.1361,-0.2829,0,,train
2025-05-14 23:00:00,CRM.AGC.SV01,hydraulics_agc_servo,0.2799,0.1855,-0.8541,0,,train
2025-05-15 00:00:00,CRM.AGC.SV01,hydraulics_agc_servo,0.2329,0.1559,-0.5954,0,,train
2025-05-15 01:00:00,CRM.AGC.SV01,hydraulics_agc_servo,0.2427,0.0871,-1.1094,0,,train
2025-05-15 02:00:00,CRM.AGC.SV01,hydraulics_agc_servo,0.2858,0.1383,-0.6459,0,,train
2025-05-15 03:00:00,CRM.AGC.SV01,hydraulics_agc_servo,0.2843,0.1218,-0.3403,0,,train
2025-05-15 04:00:00,CRM.AGC.SV01,hydraulics_agc_servo,0.3017,0.1147,-0.7173,0,,train
2025-05-15 05:00:00,CRM.AGC.SV01,hydraulics_agc_servo,0.2833,0.1137,-0.2285,0,,train
2025-05-15 06:00:00,CRM.AGC.SV01,hydraulics_agc_servo,0.2994,0.2133,-0.1126,0,,train
2025-05-15 07:00:00,CRM.AGC.SV01,hydraulics_agc_servo,0.3213,0.2749,-0.3809,0,,train
2025-05-15 08:00:00,CRM.AGC.SV01,hydraulics_agc_servo,0.329,0.2315,-0.7326,0,,train
2025-05-15 09:00:00,CRM.AGC.SV01,hydraulics_agc_servo,0.2669,0.2435,0.3982,0,,train
2025-05-15 10:00:00,CRM.AGC.SV01,hydraulics_agc_servo,0.2587,0.1995,0.7976,0,,train
2025-05-15 11:00:00,CRM.AGC.SV01,hydraulics_agc_servo,0.2801,0.2368,0.1562,0,,train
2025-05-15 12:00:00,CRM.AGC.SV01,hydraulics_agc_servo,0.2383,0.1994,-1.0205,0,,train
2025-05-15 13:00:00,CRM.AGC.SV01,hydraulics_agc_servo,0.2013,0.1795,-0.69,0,,train
2025-05-15 14:00:00,CRM.AGC.SV01,hydraulics_agc_servo,0.2486,0.184,-1.5843,0,,train
2025-05-15 15:00:00,CRM.AGC.SV01,hydraulics_agc_servo,0.2349,0.188,-2.0522,0,,train
2025-05-15 16:00:00,CRM.AGC.SV01,hydraulics_agc_servo,0.1843,0.1751,-1.8857,0,,train
2025-05-15 17:00:00,CRM.AGC.SV01,hydraulics_agc_servo,0.2293,0.2241,-1.0384,0,,train
2025-05-15 18:00:00,CRM.AGC.SV01,hydraulics_agc_servo,0.2016,0.2273,-1.7537,0,,train
2025-05-15 19:00:00,CRM.AGC.SV01,hydraulics_agc_servo,0.2419,0.2414,-0.9574,0,,train
2025-05-15 20:00:00,CRM.AGC.SV01,hydraulics_agc_servo,0.2589,,,0,,train
2025-05-15 21:00:00,CRM.AGC.SV01,hydraulics_agc_servo,0.2497,0.2132,-0.029,0,,train
2025-05-15 22:00:00,CRM.AGC.SV01,hydraulics_agc_servo,0.2692,0.1729,-0.3293,0,,train
2025-05-15 23:00:00,CRM.AGC.SV01,hydraulics_agc_servo,0.2927,0.2144,0.0123,0,,train
2025-05-16 00:00:00,CRM.AGC.SV01,hydraulics_agc_servo,0.3019,0.1865,0.4209,0,,train
2025-05-16 01:00:00,CRM.AGC.SV01,hydraulics_agc_servo,0.264,0.1977,-0.6249,0,,train
2025-05-16 02:00:00,CRM.AGC.SV01,hydraulics_agc_servo,0.2487,0.1982,-0.484,0,,train
2025-05-16 03:00:00,CRM.AGC.SV01,hydraulics_agc_servo,0.2939,0.2431,-0.3623,0,,train
2025-05-16 04:00:00,CRM.AGC.SV01,hydraulics_agc_servo,0.2739,0.2312,-1.275,0,,train
2025-05-16 05:00:00,CRM.AGC.SV01,hydraulics_agc_servo,0.265,0.184,-0.0753,0,,train
2025-05-16 06:00:00,CRM.AGC.SV01,hydraulics_agc_servo,0.266,0.1928,0.0707,0,,train
2025-05-16 07:00:00,CRM.AGC.SV01,hydraulics_agc_servo,0.2476,0.1829,0.3683,0,,train
2025-05-16 08:00:00,CRM.AGC.SV01,hydraulics_agc_servo,0.1905,0.1777,0.3636,0,,train
2025-05-16 09:00:00,CRM.AGC.SV01,hydraulics_agc_servo,0.1888,0.1397,0.1487,0,,train
2025-05-16 10:00:00,CRM.AGC.SV01,hydraulics_agc_servo,0.1841,0.1518,0.6155,0,,train
2025-05-16 11:00:00,CRM.AGC.SV01,hydraulics_agc_servo,0.2048,0.2301,0.3201,0,,train
2025-05-16 12:00:00,CRM.AGC.SV01,hydraulics_agc_servo,0.2034,0.2896,0.534,0,,train
2025-05-16 13:00:00,CRM.AGC.SV01,hydraulics_agc_servo,0.2447,0.3463,-0.7069,0,,train
2025-05-16 14:00:00,CRM.AGC.SV01,hydraulics_agc_servo,0.2085,0.2652,-1.183,0,,train
2025-05-16 15:00:00,CRM.AGC.SV01,hydraulics_agc_servo,0.2208,0.2143,-1.0203,0,,train
2025-05-16 16:00:00,CRM.AGC.SV01,hydraulics_agc_servo,0.2145,0.2033,-1.5481,0,,train
2025-05-16 17:00:00,CRM.AGC.SV01,hydraulics_agc_servo,0.1689,0.2614,-0.8222,0,,train
2025-05-16 18:00:00,CRM.AGC.SV01,hydraulics_agc_servo,0.1754,0.2584,-1.5445,0,,train
2025-05-16 19:00:00,CRM.AGC.SV01,hydraulics_agc_servo,0.1739,0.2795,-1.76,0,,train
2025-05-16 20:00:00,CRM.AGC.SV01,hydraulics_agc_servo,0.145,0.3239,-2.3248,0,,train
2025-05-16 21:00:00,CRM.AGC.SV01,hydraulics_agc_servo,0.2239,0.2559,-2.0262,0,,train
2025-05-16 22:00:00,CRM.AGC.SV01,hydraulics_agc_servo,0.208,0.2194,-2.338,0,,train
2025-05-16 23:00:00,CRM.AGC.SV01,hydraulics_agc_servo,0.2072,0.2779,-3.5362,0,,train
2025-05-17 00:00:00,CRM.AGC.SV01,hydraulics_agc_servo,0.2289,0.2666,-3.2976,0,,train
2025-05-17 01:00:00,CRM.AGC.SV01,hydraulics_agc_servo,0.2572,0.2809,-3.2149,0,,train
2025-05-17 02:00:00,CRM.AGC.SV01,hydraulics_agc_servo,0.228,0.2525,-2.8238,0,,train
2025-05-17 03:00:00,CRM.AGC.SV01,hydraulics_agc_servo,0.2715,0.199,-2.4643,0,,train
2025-05-17 04:00:00,CRM.AGC.SV01,hydraulics_agc_servo,0.2797,0.1972,-2.3195,0,,train
2025-05-17 05:00:00,CRM.AGC.SV01,hydraulics_agc_servo,0.2632,0.185,-1.4846,0,,train
2025-05-17 06:00:00,CRM.AGC.SV01,hydraulics_agc_servo,0.2901,0.2007,-1.4886,0,,train
2025-05-17 07:00:00,CRM.AGC.SV01,hydraulics_agc_servo,0.2876,0.1973,-1.2409,0,,train
2025-05-17 08:00:00,CRM.AGC.SV01,hydraulics_agc_servo,0.2975,0.2034,-2.0672,0,,train
2025-05-17 09:00:00,CRM.AGC.SV01,hydraulics_agc_servo,0.3631,0.169,-3.2722,0,,train
2025-05-17 10:00:00,CRM.AGC.SV01,hydraulics_agc_servo,0.5967,0.1662,-2.769,0,,train
2025-05-17 11:00:00,CRM.AGC.SV01,hydraulics_agc_servo,0.942,0.2197,-2.9071,0,,train
2025-05-17 12:00:00,CRM.AGC.SV01,hydraulics_agc_servo,1.2004,0.2375,-2.2451,0,,train
2025-05-17 13:00:00,CRM.AGC.SV01,hydraulics_agc_servo,1.4316,0.23,-2.675,0,,train
2025-05-17 14:00:00,CRM.AGC.SV01,hydraulics_agc_servo,1.5841,0.2296,-3.3038,0,,train
2025-05-17 15:00:00,CRM.AGC.SV01,hydraulics_agc_servo,1.563,0.2525,-2.7785,0,,train
2025-05-17 16:00:00,CRM.AGC.SV01,hydraulics_agc_servo,1.423,0.2652,-2.4786,0,,train
2025-05-17 17:00:00,CRM.AGC.SV01,hydraulics_agc_servo,1.239,0.2975,-2.4593,0,,train
2025-05-17 18:00:00,CRM.AGC.SV01,hydraulics_agc_servo,0.9944,0.3573,-1.6161,0,,train
2025-05-17 19:00:00,CRM.AGC.SV01,hydraulics_agc_servo,0.7631,0.4195,-1.8466,0,,train
2025-05-17 20:00:00,CRM.AGC.SV01,hydraulics_agc_servo,0.5171,0.5384,-1.9363,0,,train
2025-05-17 21:00:00,CRM.AGC.SV01,hydraulics_agc_servo,0.3608,0.6466,-2.767,0,,train
2025-05-17 22:00:00,CRM.AGC.SV01,hydraulics_agc_servo,0.2772,0.7439,-3.5687,0,,train
2025-05-17 23:00:00,CRM.AGC.SV01,hydraulics_agc_servo,0.2673,0.708,-3.687,0,,train
2025-05-18 00:00:00,CRM.AGC.SV01,hydraulics_agc_servo,0.2248,0.6786,-2.6984,0,,train
2025-05-18 01:00:00,CRM.AGC.SV01,hydraulics_agc_servo,0.2187,0.6476,-2.0565,0,,train
2025-05-18 02:00:00,CRM.AGC.SV01,hydraulics_agc_servo,0.1983,0.5842,-0.9313,0,,train
2025-05-18 03:00:00,CRM.AGC.SV01,hydraulics_agc_servo,0.1491,0.4452,-0.9254,0,,train
2025-05-18 04:00:00,CRM.AGC.SV01,hydraulics_agc_servo,0.1075,0.3439,-1.0683,0,,train
2025-05-18 05:00:00,CRM.AGC.SV01,hydraulics_agc_servo,0.1014,0.3268,-0.3721,0,,train
2025-05-18 06:00:00,CRM.AGC.SV01,hydraulics_agc_servo,0.1186,0.3196,-0.8927,0,,train
2025-05-18 07:00:00,CRM.AGC.SV01,hydraulics_agc_servo,0.1776,0.3704,0.2637,0,,train
2025-05-18 08:00:00,CRM.AGC.SV01,hydraulics_agc_servo,0.2141,0.4128,-0.112,0,,train
2025-05-18 09:00:00,CRM.AGC.SV01,hydraulics_agc_servo,0.2365,0.3969,-0.3329,0,,train
2025-05-18 10:00:00,CRM.AGC.SV01,hydraulics_agc_servo,0.2362,0.3574,-0.1928,0,,train
2025-05-18 11:00:00,CRM.AGC.SV01,hydraulics_agc_servo,0.2287,0.3218,0.1696,0,,train
2025-05-18 12:00:00,CRM.AGC.SV01,hydraulics_agc_servo,0.2407,0.3338,0.9938,0,,train
2025-05-18 13:00:00,CRM.AGC.SV01,hydraulics_agc_servo,0.2347,0.2777,0.7778,0,,train
2025-05-18 14:00:00,CRM.AGC.SV01,hydraulics_agc_servo,0.1889,0.2932,1.5374,0,,train
2025-05-18 15:00:00,CRM.AGC.SV01,hydraulics_agc_servo,0.2019,0.3169,0.7355,0,,train
2025-05-18 16:00:00,CRM.AGC.SV01,hydraulics_agc_servo,0.1851,0.3079,0.8106,0,,train
2025-05-18 17:00:00,CRM.AGC.SV01,hydraulics_agc_servo,0.1833,0.3344,0.2844,0,,train
2025-05-18 18:00:00,CRM.AGC.SV01,hydraulics_agc_servo,0.2102,0.3498,0.8553,0,,train
2025-05-18 19:00:00,CRM.AGC.SV01,hydraulics_agc_servo,0.2409,0.2897,0.4361,0,,train
2025-05-18 20:00:00,CRM.AGC.SV01,hydraulics_agc_servo,0.2524,0.352,0.1981,0,,train
2025-05-18 21:00:00,CRM.AGC.SV01,hydraulics_agc_servo,0.2299,0.3589,-0.8137,0,,train
2025-05-18 22:00:00,CRM.AGC.SV01,hydraulics_agc_servo,0.1835,0.2804,-0.613,0,,train
2025-05-18 23:00:00,CRM.AGC.SV01,hydraulics_agc_servo,0.2001,0.2311,-1.0651,0,,train
2025-05-19 00:00:00,CRM.AGC.SV01,hydraulics_agc_servo,0.1687,0.2051,-1.2823,0,,train
2025-05-19 01:00:00,CRM.AGC.SV01,hydraulics_agc_servo,0.2059,0.2328,-1.807,0,,train
2025-05-19 02:00:00,CRM.AGC.SV01,hydraulics_agc_servo,0.2009,0.2409,-1.4687,0,,train
2025-05-19 03:00:00,CRM.AGC.SV01,hydraulics_agc_servo,0.2054,0.2555,-0.9471,0,,train
2025-05-19 04:00:00,CRM.AGC.SV01,hydraulics_agc_servo,0.2678,0.2279,-1.6719,0,,train
2025-05-19 05:00:00,CRM.AGC.SV01,hydraulics_agc_servo,0.2372,0.2245,-0.3451,0,,train
2025-05-19 06:00:00,CRM.AGC.SV01,hydraulics_agc_servo,0.2305,0.2081,0.4396,0,,train
2025-05-19 07:00:00,CRM.AGC.SV01,hydraulics_agc_servo,0.2425,0.2244,-0.787,0,,train
2025-05-19 08:00:00,CRM.AGC.SV01,hydraulics_agc_servo,0.2405,0.2572,-1.0819,0,,train
2025-05-19 09:00:00,CRM.AGC.SV01,hydraulics_agc_servo,0.2379,0.2375,-1.9747,0,,train
2025-05-19 10:00:00,CRM.AGC.SV01,hydraulics_agc_servo,0.267,0.2732,-1.997,0,,train
2025-05-19 11:00:00,CRM.AGC.SV01,hydraulics_agc_servo,0.2609,0.2489,-2.3556,0,,train
2025-05-19 12:00:00,CRM.AGC.SV01,hydraulics_agc_servo,0.2933,0.2651,-3.0752,0,,train
2025-05-19 13:00:00,CRM.AGC.SV01,hydraulics_agc_servo,0.2832,0.2877,-2.8319,0,,train
2025-05-19 14:00:00,CRM.AGC.SV01,hydraulics_agc_servo,0.2658,0.2609,-3.1961,0,,train
2025-05-19 15:00:00,CRM.AGC.SV01,hydraulics_agc_servo,0.217,0.2885,-3.2683,0,,train
2025-05-19 16:00:00,CRM.AGC.SV01,hydraulics_agc_servo,0.211,0.2975,-2.2534,0,,train
2025-05-19 17:00:00,CRM.AGC.SV01,hydraulics_agc_servo,0.2201,0.2718,-1.291,0,,train
2025-05-19 18:00:00,CRM.AGC.SV01,hydraulics_agc_servo,0.2932,0.2788,-1.2939,0,,train
2025-05-19 19:00:00,CRM.AGC.SV01,hydraulics_agc_servo,0.3184,0.2949,-2.0213,0,,train
2025-05-19 20:00:00,CRM.AGC.SV01,hydraulics_agc_servo,0.3026,0.3177,-2.9813,0,,train
2025-05-19 21:00:00,CRM.AGC.SV01,hydraulics_agc_servo,0.2864,0.3108,-2.8097,0,,train
2025-05-19 22:00:00,CRM.AGC.SV01,hydraulics_agc_servo,0.2926,0.3293,-1.8944,0,,train
2025-05-19 23:00:00,CRM.AGC.SV01,hydraulics_agc_servo,0.2615,0.3561,-1.6405,0,,train
2025-05-20 00:00:00,CRM.AGC.SV01,hydraulics_agc_servo,0.2567,0.3484,-2.0079,0,,train
2025-05-20 01:00:00,CRM.AGC.SV01,hydraulics_agc_servo,0.2315,0.3148,-0.7037,0,,train
2025-05-20 02:00:00,CRM.AGC.SV01,hydraulics_agc_servo,0.2123,0.325,-0.6521,0,,train
2025-05-20 03:00:00,CRM.AGC.SV01,hydraulics_agc_servo,0.2219,0.3178,-1.0471,0,,train
2025-05-20 04:00:00,CRM.AGC.SV01,hydraulics_agc_servo,0.2589,0.2771,-1.1813,0,,train
2025-05-20 05:00:00,CRM.AGC.SV01,hydraulics_agc_servo,0.2952,0.2534,-0.754,0,,train
2025-05-20 06:00:00,CRM.AGC.SV01,hydraulics_agc_servo,0.2603,0.2986,-0.8343,0,,train
2025-05-20 07:00:00,CRM.AGC.SV01,hydraulics_agc_servo,0.298,0.2717,-1.4313,0,,train
2025-05-20 08:00:00,CRM.AGC.SV01,hydraulics_agc_servo,0.3275,0.2832,-1.1223,0,,train
2025-05-20 09:00:00,CRM.AGC.SV01,hydraulics_agc_servo,0.3786,0.3337,-0.7576,0,,train
2025-05-20 10:00:00,CRM.AGC.SV01,hydraulics_agc_servo,0.3378,0.2661,-1.9337,0,,train
2025-05-20 11:00:00,CRM.AGC.SV01,hydraulics_agc_servo,0.2754,0.2967,-2.6117,0,,train
2025-05-20 12:00:00,CRM.AGC.SV01,hydraulics_agc_servo,0.3248,0.2649,-2.8646,0,,train
2025-05-20 13:00:00,CRM.AGC.SV01,hydraulics_agc_servo,0.2711,0.2486,-2.8482,0,,train
2025-05-20 14:00:00,CRM.AGC.SV01,hydraulics_agc_servo,0.2251,0.2815,-2.2699,0,,train
2025-05-20 15:00:00,CRM.AGC.SV01,hydraulics_agc_servo,0.2153,0.2531,-1.5892,0,,train
2025-05-20 16:00:00,CRM.AGC.SV01,hydraulics_agc_servo,0.2714,0.2519,-1.689,0,,train
2025-05-20 17:00:00,CRM.AGC.SV01,hydraulics_agc_servo,0.2551,0.2347,-1.7425,0,,train
2025-05-20 18:00:00,CRM.AGC.SV01,hydraulics_agc_servo,0.2126,0.2603,-1.9674,0,,train
2025-05-20 19:00:00,CRM.AGC.SV01,hydraulics_agc_servo,0.2072,0.2364,-1.5785,0,,train
2025-05-20 20:00:00,CRM.AGC.SV01,hydraulics_agc_servo,0.1761,0.2118,-1.7636,0,,train
2025-05-20 21:00:00,CRM.AGC.SV01,hydraulics_agc_servo,0.1858,0.276,-0.8598,0,,train
2025-05-20 22:00:00,CRM.AGC.SV01,hydraulics_agc_servo,0.2375,0.2789,-0.763,0,,train
2025-05-20 23:00:00,CRM.AGC.SV01,hydraulics_agc_servo,0.2823,0.2895,0.0193,0,,train
2025-05-21 00:00:00,CRM.AGC.SV01,hydraulics_agc_servo,0.2932,0.3024,0.3495,0,,train
2025-05-21 01:00:00,CRM.AGC.SV01,hydraulics_agc_servo,0.2806,0.3165,-0.5803,0,,train
2025-05-21 02:00:00,CRM.AGC.SV01,hydraulics_agc_servo,0.2805,0.3798,-0.5312,0,,train
2025-05-21 03:00:00,CRM.AGC.SV01,hydraulics_agc_servo,0.2973,0.2763,-1.0095,0,,train
2025-05-21 04:00:00,CRM.AGC.SV01,hydraulics_agc_servo,0.3225,0.3032,-0.4849,0,,train
2025-05-21 05:00:00,CRM.AGC.SV01,hydraulics_agc_servo,0.3076,0.3255,-1.2548,0,,train
2025-05-21 06:00:00,CRM.AGC.SV01,hydraulics_agc_servo,0.3567,0.2501,-1.7279,0,,train
2025-05-21 07:00:00,CRM.AGC.SV01,hydraulics_agc_servo,0.3058,0.248,-2.0114,0,,train
2025-05-21 08:00:00,CRM.AGC.SV01,hydraulics_agc_servo,0.3003,0.2666,-2.3305,0,,train
2025-05-21 09:00:00,CRM.AGC.SV01,hydraulics_agc_servo,0.2121,0.1865,-2.1399,0,,train
2025-05-21 10:00:00,CRM.AGC.SV01,hydraulics_agc_servo,0.2166,0.1782,-1.8744,0,,train
2025-05-21 11:00:00,CRM.AGC.SV01,hydraulics_agc_servo,0.1933,0.1773,-1.4163,0,,train
2025-05-21 12:00:00,CRM.AGC.SV01,hydraulics_agc_servo,0.1562,0.1588,-1.4168,0,,train
2025-05-21 13:00:00,CRM.AGC.SV01,hydraulics_agc_servo,0.1887,0.1788,-0.5949,0,,train
2025-05-21 14:00:00,CRM.AGC.SV01,hydraulics_agc_servo,0.1619,0.1565,-0.0614,0,,train
2025-05-21 15:00:00,CRM.AGC.SV01,hydraulics_agc_servo,0.1932,0.1191,0.2043,0,,train
2025-05-21 16:00:00,CRM.AGC.SV01,hydraulics_agc_servo,0.1707,0.1676,-1.1368,0,,train
2025-05-21 17:00:00,CRM.AGC.SV01,hydraulics_agc_servo,0.1662,0.1514,-1.3656,0,,train
2025-05-21 18:00:00,CRM.AGC.SV01,hydraulics_agc_servo,0.1314,0.1773,-1.4832,0,,train
2025-05-21 19:00:00,CRM.AGC.SV01,hydraulics_agc_servo,0.1809,0.2443,-1.3649,0,,train
2025-05-21 20:00:00,CRM.AGC.SV01,hydraulics_agc_servo,0.224,0.2324,-0.838,0,,train
2025-05-21 21:00:00,CRM.AGC.SV01,hydraulics_agc_servo,0.2233,0.2463,-1.4758,0,,train
2025-05-21 22:00:00,CRM.AGC.SV01,hydraulics_agc_servo,0.151,0.2151,-1.4845,0,,train
2025-05-21 23:00:00,CRM.AGC.SV01,hydraulics_agc_servo,0.1387,0.2018,-1.0841,0,,train
2025-05-22 00:00:00,CRM.AGC.SV01,hydraulics_agc_servo,0.1136,0.1896,-0.3087,0,,train
2025-05-22 01:00:00,CRM.AGC.SV01,hydraulics_agc_servo,0.1381,0.1495,0.062,0,,train
2025-05-22 02:00:00,CRM.AGC.SV01,hydraulics_agc_servo,0.1077,0.1812,0.3459,0,,train
2025-05-22 03:00:00,CRM.AGC.SV01,hydraulics_agc_servo,0.1083,0.1884,-0.5214,0,,train
2025-05-22 04:00:00,CRM.AGC.SV01,hydraulics_agc_servo,0.1108,0.2263,-0.4174,0,,train
2025-05-22 05:00:00,CRM.AGC.SV01,hydraulics_agc_servo,0.0869,0.1834,0.2014,0,,train
2025-05-22 06:00:00,CRM.AGC.SV01,hydraulics_agc_servo,0.1131,0.1813,-0.2267,0,,train
2025-05-22 07:00:00,CRM.AGC.SV01,hydraulics_agc_servo,0.1149,0.1465,-0.3462,0,,train
2025-05-22 08:00:00,CRM.AGC.SV01,hydraulics_agc_servo,0.0844,0.1598,-1.033,0,,train
2025-05-22 09:00:00,CRM.AGC.SV01,hydraulics_agc_servo,0.1145,0.1755,-0.6052,0,,train
2025-05-22 10:00:00,CRM.AGC.SV01,hydraulics_agc_servo,0.2079,0.1743,-1.1354,0,,train
2025-05-22 11:00:00,CRM.AGC.SV01,hydraulics_agc_servo,0.2182,0.1718,-0.6986,0,,train
2025-05-22 12:00:00,CRM.AGC.SV01,hydraulics_agc_servo,0.2349,0.1824,-0.3214,0,,train
2025-05-22 13:00:00,CRM.AGC.SV01,hydraulics_agc_servo,0.2835,0.1632,-0.4348,0,,train
2025-05-22 14:00:00,CRM.AGC.SV01,hydraulics_agc_servo,0.3569,0.1774,-0.6949,0,,train
2025-05-22 15:00:00,CRM.AGC.SV01,hydraulics_agc_servo,0.3482,0.1712,-1.2992,0,,train
2025-05-22 16:00:00,CRM.AGC.SV01,hydraulics_agc_servo,0.3628,0.238,-1.2311,0,,train
2025-05-22 17:00:00,CRM.AGC.SV01,hydraulics_agc_servo,0.3208,0.2105,-1.4271,0,,train
2025-05-22 18:00:00,CRM.AGC.SV01,hydraulics_agc_servo,0.3168,0.2042,-0.9227,0,,train
2025-05-22 19:00:00,CRM.AGC.SV01,hydraulics_agc_servo,0.2652,0.1461,-1.4217,0,,train
2025-05-22 20:00:00,CRM.AGC.SV01,hydraulics_agc_servo,0.2809,0.1855,-1.1643,0,,train
2025-05-22 21:00:00,CRM.AGC.SV01,hydraulics_agc_servo,0.2906,0.1513,-1.0664,0,,train
2025-05-22 22:00:00,CRM.AGC.SV01,hydraulics_agc_servo,0.2738,0.1232,-1.6601,0,,train
2025-05-22 23:00:00,CRM.AGC.SV01,hydraulics_agc_servo,0.231,0.1666,-1.6544,0,,train
2025-05-23 00:00:00,CRM.AGC.SV01,hydraulics_agc_servo,0.2809,0.2269,-1.3718,0,,train
2025-05-23 01:00:00,CRM.AGC.SV01,hydraulics_agc_servo,0.2799,0.2118,-0.6964,0,,train
2025-05-23 02:00:00,CRM.AGC.SV01,hydraulics_agc_servo,0.2481,0.251,-0.7544,0,,train
2025-05-23 03:00:00,CRM.AGC.SV01,hydraulics_agc_servo,0.224,0.2827,-0.3572,0,,train
2025-05-23 04:00:00,CRM.AGC.SV01,hydraulics_agc_servo,0.2393,0.243,0.015,0,,train
2025-05-23 05:00:00,CRM.AGC.SV01,hydraulics_agc_servo,0.2604,0.211,0.3202,0,,train
2025-05-23 06:00:00,CRM.AGC.SV01,hydraulics_agc_servo,0.2767,0.2694,0.658,0,,train
2025-05-23 07:00:00,CRM.AGC.SV01,hydraulics_agc_servo,0.3269,0.2277,1.6347,0,,train
2025-05-23 08:00:00,CRM.AGC.SV01,hydraulics_agc_servo,0.369,0.2542,1.5425,0,,train
2025-05-23 09:00:00,CRM.AGC.SV01,hydraulics_agc_servo,0.3591,0.3386,0.9925,0,,train
2025-05-23 10:00:00,CRM.AGC.SV01,hydraulics_agc_servo,0.3538,0.3785,0.8008,0,,train
2025-05-23 11:00:00,CRM.AGC.SV01,hydraulics_agc_servo,0.3295,0.4288,0.661,0,,train
2025-05-23 12:00:00,CRM.AGC.SV01,hydraulics_agc_servo,0.2909,0.4046,1.6753,0,,train
2025-05-23 13:00:00,CRM.AGC.SV01,hydraulics_agc_servo,0.2506,0.341,1.2379,0,,train
2025-05-23 14:00:00,CRM.AGC.SV01,hydraulics_agc_servo,0.3033,0.3171,2.1171,0,,train
2025-05-23 15:00:00,CRM.AGC.SV01,hydraulics_agc_servo,0.3082,0.336,2.1917,0,,train
2025-05-23 16:00:00,CRM.AGC.SV01,hydraulics_agc_servo,0.3759,0.3036,1.8999,0,,train
2025-05-23 17:00:00,CRM.AGC.SV01,hydraulics_agc_servo,0.3266,0.244,2.0659,0,,train
2025-05-23 18:00:00,CRM.AGC.SV01,hydraulics_agc_servo,0.3544,0.2253,0.9353,0,,train
2025-05-23 19:00:00,CRM.AGC.SV01,hydraulics_agc_servo,0.3413,0.2067,0.6333,0,,train
2025-05-23 20:00:00,CRM.AGC.SV01,hydraulics_agc_servo,0.3191,0.2022,1.4595,0,,train
2025-05-23 21:00:00,CRM.AGC.SV01,hydraulics_agc_servo,0.2989,0.1932,1.6634,0,,train
2025-05-23 22:00:00,CRM.AGC.SV01,hydraulics_agc_servo,0.2819,0.1707,0.9394,0,,train
2025-05-23 23:00:00,CRM.AGC.SV01,hydraulics_agc_servo,0.2855,0.2098,1.3197,0,,train
2025-05-24 00:00:00,CRM.AGC.SV01,hydraulics_agc_servo,0.2526,0.183,0.3683,0,,train
2025-05-24 01:00:00,CRM.AGC.SV01,hydraulics_agc_servo,0.2211,0.1301,0.4957,0,,train
2025-05-24 02:00:00,CRM.AGC.SV01,hydraulics_agc_servo,0.1887,0.1164,0.2646,0,,train
2025-05-24 03:00:00,CRM.AGC.SV01,hydraulics_agc_servo,0.1784,0.1,0.442,0,,train
2025-05-24 04:00:00,CRM.AGC.SV01,hydraulics_agc_servo,0.2155,0.1145,1.7247,0,,train
2025-05-24 05:00:00,CRM.AGC.SV01,hydraulics_agc_servo,0.148,0.1437,1.4978,0,,train
2025-05-24 06:00:00,CRM.AGC.SV01,hydraulics_agc_servo,0.101,0.115,1.2374,0,,train
2025-05-24 07:00:00,CRM.AGC.SV01,hydraulics_agc_servo,0.1595,0.1268,1.1972,0,,train
2025-05-24 08:00:00,CRM.AGC.SV01,hydraulics_agc_servo,0.0973,0.1816,0.6282,0,,train
2025-05-24 09:00:00,CRM.AGC.SV01,hydraulics_agc_servo,0.191,0.204,-0.0327,0,,train
2025-05-24 10:00:00,CRM.AGC.SV01,hydraulics_agc_servo,0.2178,0.2342,-0.3748,0,,train
2025-05-24 11:00:00,CRM.AGC.SV01,hydraulics_agc_servo,0.1939,0.2387,-0.2319,0,,train
2025-05-24 12:00:00,CRM.AGC.SV01,hydraulics_agc_servo,0.1871,0.2701,0.192,0,,train
2025-05-24 13:00:00,CRM.AGC.SV01,hydraulics_agc_servo,0.1986,0.3315,-0.1152,0,,train
2025-05-24 14:00:00,CRM.AGC.SV01,hydraulics_agc_servo,0.1705,0.3659,0.1201,0,,train
2025-05-24 15:00:00,CRM.AGC.SV01,hydraulics_agc_servo,0.1736,0.3507,0.6943,0,,train
2025-05-24 16:00:00,CRM.AGC.SV01,hydraulics_agc_servo,0.1852,0.2929,1.5858,0,,train
2025-05-24 17:00:00,CRM.AGC.SV01,hydraulics_agc_servo,0.228,0.348,0.7132,0,,train
2025-05-24 18:00:00,CRM.AGC.SV01,hydraulics_agc_servo,0.232,0.3797,1.0329,0,,train
2025-05-24 19:00:00,CRM.AGC.SV01,hydraulics_agc_servo,0.2626,0.4002,1.2167,0,,train
2025-05-24 20:00:00,CRM.AGC.SV01,hydraulics_agc_servo,0.2466,0.3479,1.3768,0,,train
2025-05-24 21:00:00,CRM.AGC.SV01,hydraulics_agc_servo,0.2507,0.3904,0.5067,0,,train
2025-05-24 22:00:00,CRM.AGC.SV01,hydraulics_agc_servo,0.2763,0.3781,0.5189,0,,train
2025-05-24 23:00:00,CRM.AGC.SV01,hydraulics_agc_servo,0.2884,0.3979,0.7681,0,,train
2025-05-25 00:00:00,CRM.AGC.SV01,hydraulics_agc_servo,0.2783,0.3861,0.0946,0,,train
2025-05-25 01:00:00,CRM.AGC.SV01,hydraulics_agc_servo,0.334,0.3688,0.365,0,,train
2025-05-25 02:00:00,CRM.AGC.SV01,hydraulics_agc_servo,0.3417,0.3414,0.5317,0,,train
2025-05-25 03:00:00,CRM.AGC.SV01,hydraulics_agc_servo,0.3484,0.3571,1.1351,0,,train
2025-05-25 04:00:00,CRM.AGC.SV01,hydraulics_agc_servo,0.3417,0.3752,0.4535,0,,train
2025-05-25 05:00:00,CRM.AGC.SV01,hydraulics_agc_servo,0.3005,0.3328,0.2011,0,,train
2025-05-25 06:00:00,CRM.AGC.SV01,hydraulics_agc_servo,0.3146,0.3108,-0.1958,0,,train
2025-05-25 07:00:00,CRM.AGC.SV01,hydraulics_agc_servo,0.2866,0.3085,-0.2522,0,,train
2025-05-25 08:00:00,CRM.AGC.SV01,hydraulics_agc_servo,0.2763,0.3298,1.9335,0,,train
2025-05-25 09:00:00,CRM.AGC.SV01,hydraulics_agc_servo,0.3165,0.2961,1.742,0,,train
2025-05-25 10:00:00,CRM.AGC.SV01,hydraulics_agc_servo,0.2921,0.3559,0.7283,0,,train
2025-05-25 11:00:00,CRM.AGC.SV01,hydraulics_agc_servo,0.2831,0.3187,0.648,0,,train
2025-05-25 12:00:00,CRM.AGC.SV01,hydraulics_agc_servo,0.3131,0.3328,0.0716,0,,train
2025-05-25 13:00:00,CRM.AGC.SV01,hydraulics_agc_servo,0.2786,0.3337,-0.2895,0,,train
2025-05-25 14:00:00,CRM.AGC.SV01,hydraulics_agc_servo,0.2452,0.3835,-0.2105,0,,train
2025-05-25 15:00:00,CRM.AGC.SV01,hydraulics_agc_servo,0.2223,0.3409,0.512,0,,train
2025-05-25 16:00:00,CRM.AGC.SV01,hydraulics_agc_servo,0.2403,0.3374,0.9503,0,,train
2025-05-25 17:00:00,CRM.AGC.SV01,hydraulics_agc_servo,0.2876,0.2931,0.7428,0,,train
2025-05-25 18:00:00,CRM.AGC.SV01,hydraulics_agc_servo,0.2621,0.2391,0.4592,0,,train
2025-05-25 19:00:00,CRM.AGC.SV01,hydraulics_agc_servo,0.2924,0.2712,0.878,0,,train
2025-05-25 20:00:00,CRM.AGC.SV01,hydraulics_agc_servo,0.264,0.3228,0.4929,0,,train
2025-05-25 21:00:00,CRM.AGC.SV01,hydraulics_agc_servo,0.2733,0.334,1.0165,0,,train
2025-05-25 22:00:00,CRM.AGC.SV01,hydraulics_agc_servo,0.2413,0.334,1.2744,0,,train
2025-05-25 23:00:00,CRM.AGC.SV01,hydraulics_agc_servo,0.1951,0.3376,1.2438,0,,train
2025-05-26 00:00:00,CRM.AGC.SV01,hydraulics_agc_servo,0.1983,0.2947,0.8246,0,,train
2025-05-26 01:00:00,CRM.AGC.SV01,hydraulics_agc_servo,0.2274,0.2045,1.2119,0,,train
2025-05-26 02:00:00,CRM.AGC.SV01,hydraulics_agc_servo,0.2865,0.1968,1.3902,0,,train
2025-05-26 03:00:00,CRM.AGC.SV01,hydraulics_agc_servo,0.3116,0.181,3.0252,0,,train
2025-05-26 04:00:00,CRM.AGC.SV01,hydraulics_agc_servo,0.3026,0.1753,3.3707,0,,train
2025-05-26 05:00:00,CRM.AGC.SV01,hydraulics_agc_servo,0.325,0.157,3.7106,0,,train
2025-05-26 06:00:00,CRM.AGC.SV01,hydraulics_agc_servo,0.2803,0.1789,4.4369,0,,train
2025-05-26 07:00:00,CRM.AGC.SV01,hydraulics_agc_servo,0.3039,0.1316,3.9594,0,,train
2025-05-26 08:00:00,CRM.AGC.SV01,hydraulics_agc_servo,0.2745,0.1498,3.079,0,,train
2025-05-26 09:00:00,CRM.AGC.SV01,hydraulics_agc_servo,0.2658,0.1097,3.3407,0,,train
2025-05-26 10:00:00,CRM.AGC.SV01,hydraulics_agc_servo,0.2497,0.0964,2.505,0,,train
2025-05-26 11:00:00,CRM.AGC.SV01,hydraulics_agc_servo,0.2646,0.0648,1.5893,0,,train
2025-05-26 12:00:00,CRM.AGC.SV01,hydraulics_agc_servo,0.2604,0.0002,0.8133,0,,train
2025-05-26 13:00:00,CRM.AGC.SV01,hydraulics_agc_servo,0.295,0.1026,0.8434,0,,train
2025-05-26 14:00:00,CRM.AGC.SV01,hydraulics_agc_servo,0.3049,0.1575,0.4541,0,,train
2025-05-26 15:00:00,CRM.AGC.SV01,hydraulics_agc_servo,0.2715,0.189,0.0945,0,,train
2025-05-26 16:00:00,CRM.AGC.SV01,hydraulics_agc_servo,0.2361,0.1679,1.1492,0,,train
2025-05-26 17:00:00,CRM.AGC.SV01,hydraulics_agc_servo,0.1389,0.2227,1.6402,0,,train
2025-05-26 18:00:00,CRM.AGC.SV01,hydraulics_agc_servo,0.1219,0.2492,1.6708,0,,train
2025-05-26 19:00:00,CRM.AGC.SV01,hydraulics_agc_servo,0.1391,0.2432,1.3395,0,,train
2025-05-26 20:00:00,CRM.AGC.SV01,hydraulics_agc_servo,0.1669,0.3608,1.3574,0,,train
2025-05-26 21:00:00,CRM.AGC.SV01,hydraulics_agc_servo,0.2131,0.4343,1.5659,0,,train
2025-05-26 22:00:00,CRM.AGC.SV01,hydraulics_agc_servo,0.2159,0.5843,2.2718,0,,train
2025-05-26 23:00:00,CRM.AGC.SV01,hydraulics_agc_servo,0.2109,0.6326,3.1921,0,,train
2025-05-27 00:00:00,CRM.AGC.SV01,hydraulics_agc_servo,0.2245,0.5584,2.9911,0,,train
2025-05-27 01:00:00,CRM.AGC.SV01,hydraulics_agc_servo,0.2234,0.4464,2.8205,0,,train
2025-05-27 02:00:00,CRM.AGC.SV01,hydraulics_agc_servo,0.2893,0.3104,2.5737,0,,train
2025-05-27 03:00:00,CRM.AGC.SV01,hydraulics_agc_servo,0.2377,0.1988,2.1453,0,,train
2025-05-27 04:00:00,CRM.AGC.SV01,hydraulics_agc_servo,0.2334,0.1471,1.478,0,,train
2025-05-27 05:00:00,CRM.AGC.SV01,hydraulics_agc_servo,0.2503,0.1564,2.2808,0,,train
2025-05-27 06:00:00,CRM.AGC.SV01,hydraulics_agc_servo,0.2556,0.1783,1.1385,0,,train
2025-05-27 07:00:00,CRM.AGC.SV01,hydraulics_agc_servo,0.3196,0.2295,1.1316,0,,train
2025-05-27 08:00:00,CRM.AGC.SV01,hydraulics_agc_servo,0.3384,0.312,0.4841,0,,train
2025-05-27 09:00:00,CRM.AGC.SV01,hydraulics_agc_servo,0.3304,0.3816,0.2835,0,,train
2025-05-27 10:00:00,CRM.AGC.SV01,hydraulics_agc_servo,0.3557,0.3564,1.0039,0,,train
2025-05-27 11:00:00,CRM.AGC.SV01,hydraulics_agc_servo,0.332,0.3347,1.7476,0,,train
2025-05-27 12:00:00,CRM.AGC.SV01,hydraulics_agc_servo,0.3202,0.3241,1.3031,0,,train
2025-05-27 13:00:00,CRM.AGC.SV01,hydraulics_agc_servo,0.2812,0.3334,1.3506,0,,train
2025-05-27 14:00:00,CRM.AGC.SV01,hydraulics_agc_servo,0.2456,0.3074,1.2452,0,,train
2025-05-27 15:00:00,CRM.AGC.SV01,hydraulics_agc_servo,0.2244,0.2621,1.1521,0,,train
2025-05-27 16:00:00,CRM.AGC.SV01,hydraulics_agc_servo,0.2174,0.2742,-0.1311,0,,train
2025-05-27 17:00:00,CRM.AGC.SV01,hydraulics_agc_servo,0.1997,0.3559,-0.7025,0,,train
2025-05-27 18:00:00,CRM.AGC.SV01,hydraulics_agc_servo,0.2241,0.3619,-0.7029,0,,train
2025-05-27 19:00:00,CRM.AGC.SV01,hydraulics_agc_servo,0.1764,0.3198,0.2979,0,,train
2025-05-27 20:00:00,CRM.AGC.SV01,hydraulics_agc_servo,0.2323,0.3298,1.053,0,,train
2025-05-27 21:00:00,CRM.AGC.SV01,hydraulics_agc_servo,0.1962,0.3371,0.725,0,,train
2025-05-27 22:00:00,CRM.AGC.SV01,hydraulics_agc_servo,0.2159,0.3497,0.653,0,,train
2025-05-27 23:00:00,CRM.AGC.SV01,hydraulics_agc_servo,0.2164,0.3277,0.3133,0,,train
2025-05-28 00:00:00,CRM.AGC.SV01,hydraulics_agc_servo,0.2005,0.3426,0.0361,0,,train
2025-05-28 01:00:00,CRM.AGC.SV01,hydraulics_agc_servo,0.1707,0.3244,0.2248,0,,train
2025-05-28 02:00:00,CRM.AGC.SV01,hydraulics_agc_servo,0.1946,0.2974,-0.3897,0,,train
2025-05-28 03:00:00,CRM.AGC.SV01,hydraulics_agc_servo,0.2063,0.3157,-1.4947,0,,train
2025-05-28 04:00:00,CRM.AGC.SV01,hydraulics_agc_servo,0.2816,0.2552,-2.8788,0,,train
2025-05-28 05:00:00,CRM.AGC.SV01,hydraulics_agc_servo,0.2711,0.2788,-2.3094,0,,train
2025-05-28 06:00:00,CRM.AGC.SV01,hydraulics_agc_servo,0.2859,0.2423,-1.5439,0,,train
2025-05-28 07:00:00,CRM.AGC.SV01,hydraulics_agc_servo,0.2697,0.2388,-1.3293,0,,train
2025-05-28 08:00:00,CRM.AGC.SV01,hydraulics_agc_servo,0.3275,0.2655,-0.6916,0,,train
2025-05-28 09:00:00,CRM.AGC.SV01,hydraulics_agc_servo,0.3249,0.3086,-0.023,0,,train
2025-05-28 10:00:00,CRM.AGC.SV01,hydraulics_agc_servo,0.3164,0.3385,-0.007,0,,train
2025-05-28 11:00:00,CRM.AGC.SV01,hydraulics_agc_servo,0.2796,0.3163,-0.1779,0,,train
2025-05-28 12:00:00,CRM.AGC.SV01,hydraulics_agc_servo,0.2364,0.3481,0.2461,0,,train
2025-05-28 13:00:00,CRM.AGC.SV01,hydraulics_agc_servo,0.2585,0.3906,0.2925,0,,train
2025-05-28 14:00:00,CRM.AGC.SV01,hydraulics_agc_servo,0.2293,0.3368,0.766,0,,train
2025-05-28 15:00:00,CRM.AGC.SV01,hydraulics_agc_servo,0.1692,0.3593,1.3179,0,,train
2025-05-28 16:00:00,CRM.AGC.SV01,hydraulics_agc_servo,0.1949,0.3528,1.8148,0,,train
2025-05-28 17:00:00,CRM.AGC.SV01,hydraulics_agc_servo,0.2384,0.3394,0.5486,0,,train
2025-05-28 18:00:00,CRM.AGC.SV01,hydraulics_agc_servo,0.225,0.3551,-0.013,0,,train
2025-05-28 19:00:00,CRM.AGC.SV01,hydraulics_agc_servo,0.1919,0.3145,-0.4869,0,,train
2025-05-28 20:00:00,CRM.AGC.SV01,hydraulics_agc_servo,0.1934,0.2222,-1.0824,0,,train
2025-05-28 21:00:00,CRM.AGC.SV01,hydraulics_agc_servo,0.2241,0.2468,-0.4463,0,,train
2025-05-28 22:00:00,CRM.AGC.SV01,hydraulics_agc_servo,0.2432,0.1831,-0.3901,0,,train
2025-05-28 23:00:00,CRM.AGC.SV01,hydraulics_agc_servo,0.2073,0.0966,-0.6954,0,,train
2025-05-29 00:00:00,CRM.AGC.SV01,hydraulics_agc_servo,0.2298,0.0596,-1.5841,0,,train
2025-05-29 01:00:00,CRM.AGC.SV01,hydraulics_agc_servo,0.2513,-0.0071,-0.2464,0,,train
2025-05-29 02:00:00,CRM.AGC.SV01,hydraulics_agc_servo,0.2553,-0.0185,0.0706,0,,train
2025-05-29 03:00:00,CRM.AGC.SV01,hydraulics_agc_servo,0.2494,0.0024,-0.301,0,,train
2025-05-29 04:00:00,CRM.AGC.SV01,hydraulics_agc_servo,0.207,0.0175,0.3243,0,,train
2025-05-29 05:00:00,CRM.AGC.SV01,hydraulics_agc_servo,0.2167,0.0409,1.0394,0,,train
2025-05-29 06:00:00,CRM.AGC.SV01,hydraulics_agc_servo,0.184,0.0991,1.3791,0,,train
2025-05-29 07:00:00,CRM.AGC.SV01,hydraulics_agc_servo,0.1555,0.0733,1.3039,0,,train
2025-05-29 08:00:00,CRM.AGC.SV01,hydraulics_agc_servo,0.1989,0.0729,1.5959,0,,train
2025-05-29 09:00:00,CRM.AGC.SV01,hydraulics_agc_servo,0.1624,0.0619,0.3628,0,,train
2025-05-29 10:00:00,CRM.AGC.SV01,hydraulics_agc_servo,0.126,0.0207,-0.358,0,,train
2025-05-29 11:00:00,CRM.AGC.SV01,hydraulics_agc_servo,0.1406,0.0161,-1.045,0,,train
2025-05-29 12:00:00,CRM.AGC.SV01,hydraulics_agc_servo,0.1292,0.0436,-0.5904,0,,train
2025-05-29 13:00:00,CRM.AGC.SV01,hydraulics_agc_servo,0.2068,0.0131,0.5419,0,,train
2025-05-29 14:00:00,CRM.AGC.SV01,hydraulics_agc_servo,0.2213,0.0447,-0.046,0,,train
2025-05-29 15:00:00,CRM.AGC.SV01,hydraulics_agc_servo,0.212,0.0016,-0.4219,0,,train
2025-05-29 16:00:00,CRM.AGC.SV01,hydraulics_agc_servo,0.2035,0.0697,0.0818,0,,train
2025-05-29 17:00:00,CRM.AGC.SV01,hydraulics_agc_servo,0.193,0.0662,-0.5309,0,,train
2025-05-29 18:00:00,CRM.AGC.SV01,hydraulics_agc_servo,0.2426,0.0814,-0.6003,0,,train
2025-05-29 19:00:00,CRM.AGC.SV01,hydraulics_agc_servo,0.3275,0.0254,-0.7633,0,,train
2025-05-29 20:00:00,CRM.AGC.SV01,hydraulics_agc_servo,0.2862,0.0575,0.1,0,,train
2025-05-29 21:00:00,CRM.AGC.SV01,hydraulics_agc_servo,0.2232,0.078,0.2348,0,,train
2025-05-29 22:00:00,CRM.AGC.SV01,hydraulics_agc_servo,0.159,0.1118,0.3709,0,,train
2025-05-29 23:00:00,CRM.AGC.SV01,hydraulics_agc_servo,0.198,0.0743,0.8279,0,,train
2025-05-30 00:00:00,CRM.AGC.SV01,hydraulics_agc_servo,0.1959,0.0994,0.3096,0,,train
2025-05-30 01:00:00,CRM.AGC.SV01,hydraulics_agc_servo,0.246,0.1445,0.5526,0,,train
2025-05-30 02:00:00,CRM.AGC.SV01,hydraulics_agc_servo,0.2601,0.1476,0.4996,0,,train
2025-05-30 03:00:00,CRM.AGC.SV01,hydraulics_agc_servo,0.2575,0.1796,0.7034,0,,train
2025-05-30 04:00:00,CRM.AGC.SV01,hydraulics_agc_servo,0.314,0.2102,0.6742,0,,train
2025-05-30 05:00:00,CRM.AGC.SV01,hydraulics_agc_servo,0.2788,0.1871,0.2267,0,,train
2025-05-30 06:00:00,CRM.AGC.SV01,hydraulics_agc_servo,0.3057,0.1746,0.2128,0,,train
2025-05-30 07:00:00,CRM.AGC.SV01,hydraulics_agc_servo,0.2681,0.1948,0.2947,0,,train
2025-05-30 08:00:00,CRM.AGC.SV01,hydraulics_agc_servo,0.2322,0.2091,0.7481,0,,train
2025-05-30 09:00:00,CRM.AGC.SV01,hydraulics_agc_servo,0.2193,0.3015,1.3344,0,,train
2025-05-30 10:00:00,CRM.AGC.SV01,hydraulics_agc_servo,0.2425,0.3127,1.3864,0,,train
2025-05-30 11:00:00,CRM.AGC.SV01,hydraulics_agc_servo,0.2482,0.3093,0.9029,0,,train
2025-05-30 12:00:00,CRM.AGC.SV01,hydraulics_agc_servo,0.2952,0.3079,0.788,0,,train
2025-05-30 13:00:00,CRM.AGC.SV01,hydraulics_agc_servo,0.3891,0.3074,-0.0994,0,,train
2025-05-30 14:00:00,CRM.AGC.SV01,hydraulics_agc_servo,0.3242,0.2676,-0.175,0,,train
2025-05-30 15:00:00,CRM.AGC.SV01,hydraulics_agc_servo,0.277,0.2374,0.0554,0,,train
2025-05-30 16:00:00,CRM.AGC.SV01,hydraulics_agc_servo,0.2238,0.2531,0.7111,0,,train
2025-05-30 17:00:00,CRM.AGC.SV01,hydraulics_agc_servo,0.2185,0.2702,1.4134,0,,train
2025-05-30 18:00:00,CRM.AGC.SV01,hydraulics_agc_servo,0.2213,0.2264,0.4581,0,,train
2025-05-30 19:00:00,CRM.AGC.SV01,hydraulics_agc_servo,0.2383,0.2012,0.2961,0,,train
2025-05-30 20:00:00,CRM.AGC.SV01,hydraulics_agc_servo,0.2041,0.2258,1.372,0,,train
2025-05-30 21:00:00,CRM.AGC.SV01,hydraulics_agc_servo,0.1999,0.2536,1.2477,0,,train
2025-05-30 22:00:00,CRM.AGC.SV01,hydraulics_agc_servo,0.1472,0.3041,1.2788,0,,train
2025-05-30 23:00:00,CRM.AGC.SV01,hydraulics_agc_servo,0.2084,0.268,0.7963,0,,train
2025-05-31 00:00:00,CRM.AGC.SV01,hydraulics_agc_servo,0.1603,0.2526,0.3599,0,,train
2025-05-31 01:00:00,CRM.AGC.SV01,hydraulics_agc_servo,0.1657,0.3291,0.6106,0,,train
2025-05-31 02:00:00,CRM.AGC.SV01,hydraulics_agc_servo,0.1718,0.2979,0.2649,0,,train
2025-05-31 03:00:00,CRM.AGC.SV01,hydraulics_agc_servo,0.1728,0.3343,0.1382,0,,train
2025-05-31 04:00:00,CRM.AGC.SV01,hydraulics_agc_servo,0.152,0.296,0.2776,0,,train
2025-05-31 05:00:00,CRM.AGC.SV01,hydraulics_agc_servo,0.1293,0.2596,-0.4222,0,,train
2025-05-31 06:00:00,CRM.AGC.SV01,hydraulics_agc_servo,0.1274,0.2558,-1.4061,0,,train
2025-05-31 07:00:00,CRM.AGC.SV01,hydraulics_agc_servo,0.1193,0.2726,-1.9136,0,,train
2025-05-31 08:00:00,CRM.AGC.SV01,hydraulics_agc_servo,0.1189,0.2444,-1.951,0,,train
2025-05-31 09:00:00,CRM.AGC.SV01,hydraulics_agc_servo,0.1845,0.2537,-1.3388,0,,train
2025-05-31 10:00:00,CRM.AGC.SV01,hydraulics_agc_servo,0.2006,0.2417,-0.5529,0,,train
2025-05-31 11:00:00,CRM.AGC.SV01,hydraulics_agc_servo,0.2167,0.2324,-0.5215,0,,train
2025-05-31 12:00:00,CRM.AGC.SV01,hydraulics_agc_servo,0.1805,0.255,0.3819,0,,train
2025-05-31 13:00:00,CRM.AGC.SV01,hydraulics_agc_servo,0.1714,0.3064,-0.094,0,,train
2025-05-31 14:00:00,CRM.AGC.SV01,hydraulics_agc_servo,0.19,0.231,0.0862,0,,train
2025-05-31 15:00:00,CRM.AGC.SV01,hydraulics_agc_servo,0.1859,0.1997,0.3116,0,,train
2025-05-31 16:00:00,CRM.AGC.SV01,hydraulics_agc_servo,0.2386,0.1825,0.1893,0,,train
2025-05-31 17:00:00,CRM.AGC.SV01,hydraulics_agc_servo,0.2315,0.1949,0.3806,0,,train
2025-05-31 18:00:00,CRM.AGC.SV01,hydraulics_agc_servo,0.2241,0.1683,0.6723,0,,train
2025-05-31 19:00:00,CRM.AGC.SV01,hydraulics_agc_servo,0.222,0.1301,0.8833,0,,train
2025-05-31 20:00:00,CRM.AGC.SV01,hydraulics_agc_servo,0.1974,0.1336,-0.506,0,,train
2025-05-31 21:00:00,CRM.AGC.SV01,hydraulics_agc_servo,0.1054,0.0887,0.0103,0,CRM.AGC.SV01::E02,train
2025-05-31 22:00:00,CRM.AGC.SV01,hydraulics_agc_servo,0.0995,0.1718,-0.0828,0,CRM.AGC.SV01::E02,train
2025-05-31 23:00:00,CRM.AGC.SV01,hydraulics_agc_servo,0.0908,0.1905,-0.0096,0,CRM.AGC.SV01::E02,train
2025-06-01 00:00:00,CRM.AGC.SV01,hydraulics_agc_servo,0.0959,0.195,-0.3626,0,CRM.AGC.SV01::E02,train
2025-06-01 01:00:00,CRM.AGC.SV01,hydraulics_agc_servo,0.1176,0.2076,-0.4171,0,CRM.AGC.SV01::E02,train
2025-06-01 02:00:00,CRM.AGC.SV01,hydraulics_agc_servo,0.0814,0.2218,-0.6038,0,CRM.AGC.SV01::E02,train
2025-06-01 03:00:00,CRM.AGC.SV01,hydraulics_agc_servo,0.0061,0.2031,-0.8861,0,CRM.AGC.SV01::E02,train
2025-06-01 04:00:00,CRM.AGC.SV01,hydraulics_agc_servo,0.0308,0.2278,-0.8181,0,CRM.AGC.SV01::E02,train
2025-06-01 05:00:00,CRM.AGC.SV01,hydraulics_agc_servo,0.0594,0.2581,-0.3811,0,CRM.AGC.SV01::E02,train
2025-06-01 06:00:00,CRM.AGC.SV01,hydraulics_agc_servo,0.0256,0.2596,-0.3069,0,CRM.AGC.SV01::E02,train
2025-06-01 07:00:00,CRM.AGC.SV01,hydraulics_agc_servo,0.0527,0.2726,-0.0677,0,CRM.AGC.SV01::E02,train
2025-06-01 08:00:00,CRM.AGC.SV01,hydraulics_agc_servo,0.093,0.2774,-0.4396,0,CRM.AGC.SV01::E02,train
2025-06-01 09:00:00,CRM.AGC.SV01,hydraulics_agc_servo,0.1685,0.272,-0.4092,0,CRM.AGC.SV01::E02,train
2025-06-01 10:00:00,CRM.AGC.SV01,hydraulics_agc_servo,0.1416,0.256,-1.3006,0,CRM.AGC.SV01::E02,train
2025-06-01 11:00:00,CRM.AGC.SV01,hydraulics_agc_servo,0.1381,0.2167,-1.1005,0,CRM.AGC.SV01::E02,train
2025-06-01 12:00:00,CRM.AGC.SV01,hydraulics_agc_servo,0.0967,0.1952,-1.2388,0,CRM.AGC.SV01::E02,train
2025-06-01 13:00:00,CRM.AGC.SV01,hydraulics_agc_servo,0.0929,0.1407,-0.3533,0,CRM.AGC.SV01::E02,train
2025-06-01 14:00:00,CRM.AGC.SV01,hydraulics_agc_servo,0.1018,0.1593,-0.961,0,CRM.AGC.SV01::E02,train
2025-06-01 15:00:00,CRM.AGC.SV01,hydraulics_agc_servo,0.1022,0.1628,-1.5229,0,CRM.AGC.SV01::E02,train
2025-06-01 16:00:00,CRM.AGC.SV01,hydraulics_agc_servo,0.0841,0.2098,-1.0888,0,CRM.AGC.SV01::E02,train
2025-06-01 17:00:00,CRM.AGC.SV01,hydraulics_agc_servo,0.1208,0.2168,-0.3576,0,CRM.AGC.SV01::E02,train
2025-06-01 18:00:00,CRM.AGC.SV01,hydraulics_agc_servo,0.166,0.2374,-0.2782,0,CRM.AGC.SV01::E02,train
2025-06-01 19:00:00,CRM.AGC.SV01,hydraulics_agc_servo,,0.2443,,0,CRM.AGC.SV01::E02,train
2025-06-01 20:00:00,CRM.AGC.SV01,hydraulics_agc_servo,0.1866,0.2666,-0.1804,0,CRM.AGC.SV01::E02,train
2025-06-01 21:00:00,CRM.AGC.SV01,hydraulics_agc_servo,0.1664,0.2361,0.2,0,CRM.AGC.SV01::E02,train
2025-06-01 22:00:00,CRM.AGC.SV01,hydraulics_agc_servo,0.1681,0.2638,0.0404,0,CRM.AGC.SV01::E02,train
2025-06-01 23:00:00,CRM.AGC.SV01,hydraulics_agc_servo,0.1546,0.216,0.423,0,CRM.AGC.SV01::E02,train
2025-06-02 00:00:00,CRM.AGC.SV01,hydraulics_agc_servo,0.1872,0.1779,0.9039,0,CRM.AGC.SV01::E02,train
2025-06-02 01:00:00,CRM.AGC.SV01,hydraulics_agc_servo,0.2132,0.2262,0.7168,0,CRM.AGC.SV01::E02,train
2025-06-02 02:00:00,CRM.AGC.SV01,hydraulics_agc_servo,0.2286,0.2525,0.8515,0,CRM.AGC.SV01::E02,train
2025-06-02 03:00:00,CRM.AGC.SV01,hydraulics_agc_servo,0.2162,0.2651,1.0111,0,CRM.AGC.SV01::E02,train
2025-06-02 04:00:00,CRM.AGC.SV01,hydraulics_agc_servo,0.2276,0.2844,0.8877,0,CRM.AGC.SV01::E02,train
2025-06-02 05:00:00,CRM.AGC.SV01,hydraulics_agc_servo,0.2235,0.3169,0.9053,0,CRM.AGC.SV01::E02,train
2025-06-02 06:00:00,CRM.AGC.SV01,hydraulics_agc_servo,0.211,0.3458,0.9358,0,CRM.AGC.SV01::E02,train
2025-06-02 07:00:00,CRM.AGC.SV01,hydraulics_agc_servo,0.2657,0.3173,0.9691,0,CRM.AGC.SV01::E02,train
2025-06-02 08:00:00,CRM.AGC.SV01,hydraulics_agc_servo,0.2954,0.2772,0.963,0,CRM.AGC.SV01::E02,train
2025-06-02 09:00:00,CRM.AGC.SV01,hydraulics_agc_servo,0.3029,0.2731,0.282,0,CRM.AGC.SV01::E02,train
2025-06-02 10:00:00,CRM.AGC.SV01,hydraulics_agc_servo,0.278,0.2362,0.8032,0,CRM.AGC.SV01::E02,train
2025-06-02 11:00:00,CRM.AGC.SV01,hydraulics_agc_servo,0.2783,0.2159,-0.0078,0,CRM.AGC.SV01::E02,train
2025-06-02 12:00:00,CRM.AGC.SV01,hydraulics_agc_servo,0.2981,0.1622,-0.3747,0,CRM.AGC.SV01::E02,train
2025-06-02 13:00:00,CRM.AGC.SV01,hydraulics_agc_servo,0.289,0.1562,-0.3924,0,CRM.AGC.SV01::E02,train
2025-06-02 14:00:00,CRM.AGC.SV01,hydraulics_agc_servo,0.3057,0.1441,0.2338,0,CRM.AGC.SV01::E02,train
2025-06-02 15:00:00,CRM.AGC.SV01,hydraulics_agc_servo,0.3595,0.2145,0.2925,0,CRM.AGC.SV01::E02,train
2025-06-02 16:00:00,CRM.AGC.SV01,hydraulics_agc_servo,0.3732,0.224,-0.0163,0,CRM.AGC.SV01::E02,train
2025-06-02 17:00:00,CRM.AGC.SV01,hydraulics_agc_servo,0.399,0.2288,-0.3427,0,CRM.AGC.SV01::E02,train
2025-06-02 18:00:00,CRM.AGC.SV01,hydraulics_agc_servo,0.4382,0.2465,0.3376,0,CRM.AGC.SV01::E02,train
2025-06-02 19:00:00,CRM.AGC.SV01,hydraulics_agc_servo,0.4273,0.2499,-0.0553,0,CRM.AGC.SV01::E02,train
2025-06-02 20:00:00,CRM.AGC.SV01,hydraulics_agc_servo,0.3966,0.2686,-1.0344,0,CRM.AGC.SV01::E02,train
2025-06-02 21:00:00,CRM.AGC.SV01,hydraulics_agc_servo,0.4308,0.2239,-0.7163,0,CRM.AGC.SV01::E02,train
2025-06-02 22:00:00,CRM.AGC.SV01,hydraulics_agc_servo,0.4248,0.2538,-0.3591,0,CRM.AGC.SV01::E02,train
2025-06-02 23:00:00,CRM.AGC.SV01,hydraulics_agc_servo,0.382,0.2093,0.2157,0,CRM.AGC.SV01::E02,train
2025-06-03 00:00:00,CRM.AGC.SV01,hydraulics_agc_servo,0.4283,0.2383,0.9889,0,CRM.AGC.SV01::E02,train
2025-06-03 01:00:00,CRM.AGC.SV01,hydraulics_agc_servo,0.4514,0.2699,0.2925,0,CRM.AGC.SV01::E02,train
2025-06-03 02:00:00,CRM.AGC.SV01,hydraulics_agc_servo,0.4345,0.247,0.2527,0,CRM.AGC.SV01::E02,train
2025-06-03 03:00:00,CRM.AGC.SV01,hydraulics_agc_servo,0.4487,0.2372,-0.1732,0,CRM.AGC.SV01::E02,train
2025-06-03 04:00:00,CRM.AGC.SV01,hydraulics_agc_servo,0.4311,0.1871,0.626,0,CRM.AGC.SV01::E02,train
2025-06-03 05:00:00,CRM.AGC.SV01,hydraulics_agc_servo,0.4387,0.1902,1.0493,0,CRM.AGC.SV01::E02,train
2025-06-03 06:00:00,CRM.AGC.SV01,hydraulics_agc_servo,0.4568,0.214,0.9912,0,CRM.AGC.SV01::E02,train
2025-06-03 07:00:00,CRM.AGC.SV01,hydraulics_agc_servo,0.4301,0.2532,0.1918,0,CRM.AGC.SV01::E02,train
2025-06-03 08:00:00,CRM.AGC.SV01,hydraulics_agc_servo,0.4308,0.2661,-0.2633,0,CRM.AGC.SV01::E02,train
2025-06-03 09:00:00,CRM.AGC.SV01,hydraulics_agc_servo,0.3893,0.3049,-0.0111,0,CRM.AGC.SV01::E02,train
2025-06-03 10:00:00,CRM.AGC.SV01,hydraulics_agc_servo,0.3753,0.2819,-0.1477,0,CRM.AGC.SV01::E02,train
2025-06-03 11:00:00,CRM.AGC.SV01,hydraulics_agc_servo,0.3782,0.2522,-0.5663,0,CRM.AGC.SV01::E02,train
2025-06-03 12:00:00,CRM.AGC.SV01,hydraulics_agc_servo,0.3483,0.2121,-0.5544,0,CRM.AGC.SV01::E02,train
2025-06-03 13:00:00,CRM.AGC.SV01,hydraulics_agc_servo,0.3881,0.2339,-0.02,0,CRM.AGC.SV01::E02,train
2025-06-03 14:00:00,CRM.AGC.SV01,hydraulics_agc_servo,0.4321,0.2244,-0.5063,0,CRM.AGC.SV01::E02,train
2025-06-03 15:00:00,CRM.AGC.SV01,hydraulics_agc_servo,0.4165,0.2131,-0.5232,0,CRM.AGC.SV01::E02,train
2025-06-03 16:00:00,CRM.AGC.SV01,hydraulics_agc_servo,0.4025,0.2318,-0.1343,0,CRM.AGC.SV01::E02,train
2025-06-03 17:00:00,CRM.AGC.SV01,hydraulics_agc_servo,0.4522,0.2291,-1.0162,0,CRM.AGC.SV01::E02,train
2025-06-03 18:00:00,CRM.AGC.SV01,hydraulics_agc_servo,0.4417,0.3196,-1.2898,0,CRM.AGC.SV01::E02,train
2025-06-03 19:00:00,CRM.AGC.SV01,hydraulics_agc_servo,0.3859,0.3499,-0.761,0,CRM.AGC.SV01::E02,train
2025-06-03 20:00:00,CRM.AGC.SV01,hydraulics_agc_servo,0.417,0.3982,-0.7324,0,CRM.AGC.SV01::E02,train
2025-06-03 21:00:00,CRM.AGC.SV01,hydraulics_agc_servo,0.3751,0.3677,-0.4669,0,CRM.AGC.SV01::E02,train
2025-06-03 22:00:00,CRM.AGC.SV01,hydraulics_agc_servo,0.4006,0.3124,0.2493,0,CRM.AGC.SV01::E02,train
2025-06-03 23:00:00,CRM.AGC.SV01,hydraulics_agc_servo,0.4002,0.349,0.3074,0,CRM.AGC.SV01::E02,train
2025-06-04 00:00:00,CRM.AGC.SV01,hydraulics_agc_servo,0.3759,0.3288,-0.1636,0,CRM.AGC.SV01::E02,train
2025-06-04 01:00:00,CRM.AGC.SV01,hydraulics_agc_servo,0.3926,0.3617,-0.8529,0,CRM.AGC.SV01::E02,train
2025-06-04 02:00:00,CRM.AGC.SV01,hydraulics_agc_servo,0.3541,0.3861,-0.2558,0,CRM.AGC.SV01::E02,train
2025-06-04 03:00:00,CRM.AGC.SV01,hydraulics_agc_servo,0.3752,0.3744,-0.5451,0,CRM.AGC.SV01::E02,train
2025-06-04 04:00:00,CRM.AGC.SV01,hydraulics_agc_servo,0.3,0.4035,-0.5301,0,CRM.AGC.SV01::E02,train
2025-06-04 05:00:00,CRM.AGC.SV01,hydraulics_agc_servo,0.2765,0.4827,1.0185,0,CRM.AGC.SV01::E02,train
2025-06-04 06:00:00,CRM.AGC.SV01,hydraulics_agc_servo,0.3227,0.4354,1.5228,0,CRM.AGC.SV01::E02,train
2025-06-04 07:00:00,CRM.AGC.SV01,hydraulics_agc_servo,0.3143,0.4519,1.1998,0,CRM.AGC.SV01::E02,train
2025-06-04 08:00:00,CRM.AGC.SV01,hydraulics_agc_servo,0.3029,0.4426,0.3926,0,CRM.AGC.SV01::E02,train
2025-06-04 09:00:00,CRM.AGC.SV01,hydraulics_agc_servo,0.294,0.4617,0.8087,0,CRM.AGC.SV01::E02,train
2025-06-04 10:00:00,CRM.AGC.SV01,hydraulics_agc_servo,0.262,0.4289,0.4539,0,CRM.AGC.SV01::E02,train
2025-06-04 11:00:00,CRM.AGC.SV01,hydraulics_agc_servo,0.2459,0.3836,0.2511,0,CRM.AGC.SV01::E02,train
2025-06-04 12:00:00,CRM.AGC.SV01,hydraulics_agc_servo,0.3014,0.3676,0.6551,0,CRM.AGC.SV01::E02,train
2025-06-04 13:00:00,CRM.AGC.SV01,hydraulics_agc_servo,0.348,0.426,0.4057,0,CRM.AGC.SV01::E02,train
2025-06-04 14:00:00,CRM.AGC.SV01,hydraulics_agc_servo,0.4077,0.4181,0.1845,0,CRM.AGC.SV01::E02,train
2025-06-04 15:00:00,CRM.AGC.SV01,hydraulics_agc_servo,0.3723,0.3384,0.5095,0,CRM.AGC.SV01::E02,train
2025-06-04 16:00:00,CRM.AGC.SV01,hydraulics_agc_servo,0.371,0.3539,0.1389,0,CRM.AGC.SV01::E02,train
2025-06-04 17:00:00,CRM.AGC.SV01,hydraulics_agc_servo,0.3806,0.2988,0.7508,0,CRM.AGC.SV01::E02,train
2025-06-04 18:00:00,CRM.AGC.SV01,hydraulics_agc_servo,0.4054,0.2694,1.1057,0,CRM.AGC.SV01::E02,train
2025-06-04 19:00:00,CRM.AGC.SV01,hydraulics_agc_servo,0.4066,0.2458,0.7067,0,CRM.AGC.SV01::E02,train
2025-06-04 20:00:00,CRM.AGC.SV01,hydraulics_agc_servo,0.4516,0.2863,0.4062,0,CRM.AGC.SV01::E02,train
2025-06-04 21:00:00,CRM.AGC.SV01,hydraulics_agc_servo,0.416,0.2469,-0.4321,0,CRM.AGC.SV01::E02,train
2025-06-04 22:00:00,CRM.AGC.SV01,hydraulics_agc_servo,0.393,0.2449,-0.3634,0,CRM.AGC.SV01::E02,train
2025-06-04 23:00:00,CRM.AGC.SV01,hydraulics_agc_servo,0.3647,0.289,-0.242,0,CRM.AGC.SV01::E02,train
2025-06-05 00:00:00,CRM.AGC.SV01,hydraulics_agc_servo,0.3266,0.2613,-1.2331,0,CRM.AGC.SV01::E02,train
2025-06-05 01:00:00,CRM.AGC.SV01,hydraulics_agc_servo,0.3001,0.3212,-1.0886,0,CRM.AGC.SV01::E02,train
2025-06-05 02:00:00,CRM.AGC.SV01,hydraulics_agc_servo,0.2656,0.3433,-1.4951,0,CRM.AGC.SV01::E02,train
2025-06-05 03:00:00,CRM.AGC.SV01,hydraulics_agc_servo,0.2326,0.3265,-0.8212,0,CRM.AGC.SV01::E02,train
2025-06-05 04:00:00,CRM.AGC.SV01,hydraulics_agc_servo,0.2576,0.3302,-1.1726,0,CRM.AGC.SV01::E02,train
2025-06-05 05:00:00,CRM.AGC.SV01,hydraulics_agc_servo,0.3204,0.3543,-1.057,0,CRM.AGC.SV01::E02,train
2025-06-05 06:00:00,CRM.AGC.SV01,hydraulics_agc_servo,0.3697,0.3138,-1.2187,0,CRM.AGC.SV01::E02,train
2025-06-05 07:00:00,CRM.AGC.SV01,hydraulics_agc_servo,0.3679,0.3388,-1.3546,0,CRM.AGC.SV01::E02,train
2025-06-05 08:00:00,CRM.AGC.SV01,hydraulics_agc_servo,0.3196,0.3654,-1.8676,0,CRM.AGC.SV01::E02,train
2025-06-05 09:00:00,CRM.AGC.SV01,hydraulics_agc_servo,0.3207,0.3183,-2.8919,0,CRM.AGC.SV01::E02,train
2025-06-05 10:00:00,CRM.AGC.SV01,hydraulics_agc_servo,0.3676,0.3605,-3.1962,0,CRM.AGC.SV01::E02,train
2025-06-05 11:00:00,CRM.AGC.SV01,hydraulics_agc_servo,0.3444,0.3566,-2.336,0,CRM.AGC.SV01::E02,train
2025-06-05 12:00:00,CRM.AGC.SV01,hydraulics_agc_servo,0.3516,0.3186,-2.3422,0,CRM.AGC.SV01::E02,train
2025-06-05 13:00:00,CRM.AGC.SV01,hydraulics_agc_servo,0.3706,0.2597,-1.9526,0,CRM.AGC.SV01::E02,train
2025-06-05 14:00:00,CRM.AGC.SV01,hydraulics_agc_servo,0.3621,0.3188,-1.6073,0,CRM.AGC.SV01::E02,train
2025-06-05 15:00:00,CRM.AGC.SV01,hydraulics_agc_servo,0.4298,0.3034,-1.8793,0,CRM.AGC.SV01::E02,train
2025-06-05 16:00:00,CRM.AGC.SV01,hydraulics_agc_servo,0.4619,0.3101,-2.1868,0,CRM.AGC.SV01::E02,train
2025-06-05 17:00:00,CRM.AGC.SV01,hydraulics_agc_servo,0.4759,0.2909,-1.4564,0,CRM.AGC.SV01::E02,train
2025-06-05 18:00:00,CRM.AGC.SV01,hydraulics_agc_servo,0.4951,0.289,-0.4649,0,CRM.AGC.SV01::E02,train
2025-06-05 19:00:00,CRM.AGC.SV01,hydraulics_agc_servo,0.514,0.3217,-0.957,0,CRM.AGC.SV01::E02,train
2025-06-05 20:00:00,CRM.AGC.SV01,hydraulics_agc_servo,0.4062,0.3697,0.0166,0,CRM.AGC.SV01::E02,train
2025-06-05 21:00:00,CRM.AGC.SV01,hydraulics_agc_servo,0.3955,0.339,-0.2035,0,CRM.AGC.SV01::E02,train
2025-06-05 22:00:00,CRM.AGC.SV01,hydraulics_agc_servo,0.3877,0.2654,-0.5633,0,CRM.AGC.SV01::E02,train
2025-06-05 23:00:00,CRM.AGC.SV01,hydraulics_agc_servo,0.4458,0.2999,-0.4207,0,CRM.AGC.SV01::E02,train
2025-06-06 00:00:00,CRM.AGC.SV01,hydraulics_agc_servo,0.4155,0.3066,0.7705,0,CRM.AGC.SV01::E02,train
2025-06-06 01:00:00,CRM.AGC.SV01,hydraulics_agc_servo,0.4438,0.336,1.3838,0,CRM.AGC.SV01::E02,train
2025-06-06 02:00:00,CRM.AGC.SV01,hydraulics_agc_servo,0.407,0.3176,0.387,0,CRM.AGC.SV01::E02,train
2025-06-06 03:00:00,CRM.AGC.SV01,hydraulics_agc_servo,0.4465,0.3302,0.7394,0,CRM.AGC.SV01::E02,train
2025-06-06 04:00:00,CRM.AGC.SV01,hydraulics_agc_servo,0.4681,0.3302,0.9019,0,CRM.AGC.SV01::E02,train
2025-06-06 05:00:00,CRM.AGC.SV01,hydraulics_agc_servo,0.4556,0.2883,0.459,0,CRM.AGC.SV01::E02,train
2025-06-06 06:00:00,CRM.AGC.SV01,hydraulics_agc_servo,0.479,0.3058,1.0493,0,CRM.AGC.SV01::E02,train
2025-06-06 07:00:00,CRM.AGC.SV01,hydraulics_agc_servo,0.518,0.3579,1.9939,0,CRM.AGC.SV01::E02,train
2025-06-06 08:00:00,CRM.AGC.SV01,hydraulics_agc_servo,0.4973,0.355,1.8721,0,CRM.AGC.SV01::E02,train
2025-06-06 09:00:00,CRM.AGC.SV01,hydraulics_agc_servo,0.459,0.3886,1.446,0,CRM.AGC.SV01::E02,train
2025-06-06 10:00:00,CRM.AGC.SV01,hydraulics_agc_servo,0.4816,0.4011,2.0778,0,CRM.AGC.SV01::E02,train
2025-06-06 11:00:00,CRM.AGC.SV01,hydraulics_agc_servo,0.4766,0.4137,2.7325,0,CRM.AGC.SV01::E02,train
2025-06-06 12:00:00,CRM.AGC.SV01,hydraulics_agc_servo,0.4163,0.4061,2.9771,0,CRM.AGC.SV01::E02,train
2025-06-06 13:00:00,CRM.AGC.SV01,hydraulics_agc_servo,0.3708,0.392,2.7883,0,CRM.AGC.SV01::E02,train
2025-06-06 14:00:00,CRM.AGC.SV01,hydraulics_agc_servo,0.3735,0.3899,2.7918,0,CRM.AGC.SV01::E02,train
2025-06-06 15:00:00,CRM.AGC.SV01,hydraulics_agc_servo,0.3721,0.3475,3.2679,0,CRM.AGC.SV01::E02,train
2025-06-06 16:00:00,CRM.AGC.SV01,hydraulics_agc_servo,0.3863,0.3732,3.8,0,CRM.AGC.SV01::E02,train
2025-06-06 17:00:00,CRM.AGC.SV01,hydraulics_agc_servo,0.4206,0.3151,4.251,0,CRM.AGC.SV01::E02,train
2025-06-06 18:00:00,CRM.AGC.SV01,hydraulics_agc_servo,0.4137,0.3073,4.0462,0,CRM.AGC.SV01::E02,train
2025-06-06 19:00:00,CRM.AGC.SV01,hydraulics_agc_servo,0.362,0.2776,3.3367,0,CRM.AGC.SV01::E02,train
2025-06-06 20:00:00,CRM.AGC.SV01,hydraulics_agc_servo,0.3755,0.3307,3.0469,0,CRM.AGC.SV01::E02,train
2025-06-06 21:00:00,CRM.AGC.SV01,hydraulics_agc_servo,0.3696,0.364,3.0423,0,CRM.AGC.SV01::E02,train
2025-06-06 22:00:00,CRM.AGC.SV01,hydraulics_agc_servo,0.3901,0.3984,1.8996,0,CRM.AGC.SV01::E02,train
2025-06-06 23:00:00,CRM.AGC.SV01,hydraulics_agc_servo,0.3892,0.4325,2.3019,0,CRM.AGC.SV01::E02,train
2025-06-07 00:00:00,CRM.AGC.SV01,hydraulics_agc_servo,0.4295,0.3623,2.1063,0,CRM.AGC.SV01::E02,train
2025-06-07 01:00:00,CRM.AGC.SV01,hydraulics_agc_servo,0.4791,0.31,2.1267,0,CRM.AGC.SV01::E02,train
2025-06-07 02:00:00,CRM.AGC.SV01,hydraulics_agc_servo,0.5116,0.2622,2.6181,0,CRM.AGC.SV01::E02,train
2025-06-07 03:00:00,CRM.AGC.SV01,hydraulics_agc_servo,0.4931,0.2545,1.418,0,CRM.AGC.SV01::E02,train
2025-06-07 04:00:00,CRM.AGC.SV01,hydraulics_agc_servo,0.4867,0.2288,1.4607,0,CRM.AGC.SV01::E02,train
2025-06-07 05:00:00,CRM.AGC.SV01,hydraulics_agc_servo,0.4806,0.2442,1.1328,0,CRM.AGC.SV01::E02,train
2025-06-07 06:00:00,CRM.AGC.SV01,hydraulics_agc_servo,0.4746,0.2678,-0.4516,0,CRM.AGC.SV01::E02,train
2025-06-07 07:00:00,CRM.AGC.SV01,hydraulics_agc_servo,0.5374,0.1885,-1.1782,0,CRM.AGC.SV01::E02,train
2025-06-07 08:00:00,CRM.AGC.SV01,hydraulics_agc_servo,0.4908,0.1396,-2.2847,0,CRM.AGC.SV01::E02,train
2025-06-07 09:00:00,CRM.AGC.SV01,hydraulics_agc_servo,0.5248,0.16,-1.2506,0,CRM.AGC.SV01::E02,train
2025-06-07 10:00:00,CRM.AGC.SV01,hydraulics_agc_servo,0.5762,0.1106,-0.6568,0,CRM.AGC.SV01::E02,train
2025-06-07 11:00:00,CRM.AGC.SV01,hydraulics_agc_servo,0.5508,0.1076,-0.9225,0,CRM.AGC.SV01::E02,train
2025-06-07 12:00:00,CRM.AGC.SV01,hydraulics_agc_servo,0.5766,0.0788,-1.3805,0,CRM.AGC.SV01::E02,train
2025-06-07 13:00:00,CRM.AGC.SV01,hydraulics_agc_servo,0.6153,0.142,-1.0645,0,CRM.AGC.SV01::E02,train
2025-06-07 14:00:00,CRM.AGC.SV01,hydraulics_agc_servo,0.58,0.1555,-1.433,0,CRM.AGC.SV01::E02,train
2025-06-07 15:00:00,CRM.AGC.SV01,hydraulics_agc_servo,0.5876,0.209,-1.0537,0,CRM.AGC.SV01::E02,train
2025-06-07 16:00:00,CRM.AGC.SV01,hydraulics_agc_servo,0.5755,0.2254,-0.7132,0,CRM.AGC.SV01::E02,train
2025-06-07 17:00:00,CRM.AGC.SV01,hydraulics_agc_servo,0.6008,0.2242,-0.3408,0,CRM.AGC.SV01::E02,train
2025-06-07 18:00:00,CRM.AGC.SV01,hydraulics_agc_servo,0.5678,0.2133,0.162,0,CRM.AGC.SV01::E02,train
2025-06-07 19:00:00,CRM.AGC.SV01,hydraulics_agc_servo,0.5228,0.2303,0.0126,0,CRM.AGC.SV01::E02,train
2025-06-07 20:00:00,CRM.AGC.SV01,hydraulics_agc_servo,0.5259,0.2515,0.0474,0,CRM.AGC.SV01::E02,train
2025-06-07 21:00:00,CRM.AGC.SV01,hydraulics_agc_servo,0.5485,0.2467,-0.381,0,CRM.AGC.SV01::E02,train
2025-06-07 22:00:00,CRM.AGC.SV01,hydraulics_agc_servo,0.4929,0.2399,0.3096,0,CRM.AGC.SV01::E02,train
2025-06-07 23:00:00,CRM.AGC.SV01,hydraulics_agc_servo,0.461,0.2496,0.2945,0,CRM.AGC.SV01::E02,train
2025-06-08 00:00:00,CRM.AGC.SV01,hydraulics_agc_servo,0.4372,0.2258,1.007,0,CRM.AGC.SV01::E02,train
2025-06-08 01:00:00,CRM.AGC.SV01,hydraulics_agc_servo,0.4309,0.1815,0.9308,0,CRM.AGC.SV01::E02,train
2025-06-08 02:00:00,CRM.AGC.SV01,hydraulics_agc_servo,0.3956,0.1892,0.5102,0,CRM.AGC.SV01::E02,train
2025-06-08 03:00:00,CRM.AGC.SV01,hydraulics_agc_servo,0.3721,0.1653,-0.8927,0,CRM.AGC.SV01::E02,train
2025-06-08 04:00:00,CRM.AGC.SV01,hydraulics_agc_servo,0.4135,0.226,-2.1798,0,CRM.AGC.SV01::E02,train
2025-06-08 05:00:00,CRM.AGC.SV01,hydraulics_agc_servo,0.4521,0.2312,-3.1835,0,CRM.AGC.SV01::E02,train
2025-06-08 06:00:00,CRM.AGC.SV01,hydraulics_agc_servo,0.4753,0.2694,-2.5374,0,CRM.AGC.SV01::E02,train
2025-06-08 07:00:00,CRM.AGC.SV01,hydraulics_agc_servo,0.4309,0.2198,-2.5477,0,CRM.AGC.SV01::E02,train
2025-06-08 08:00:00,CRM.AGC.SV01,hydraulics_agc_servo,0.444,0.2379,-2.177,0,CRM.AGC.SV01::E02,train
2025-06-08 09:00:00,CRM.AGC.SV01,hydraulics_agc_servo,0.4423,0.1719,-2.393,0,CRM.AGC.SV01::E02,train
2025-06-08 10:00:00,CRM.AGC.SV01,hydraulics_agc_servo,0.4175,0.1553,-1.4156,0,CRM.AGC.SV01::E02,train
2025-06-08 11:00:00,CRM.AGC.SV01,hydraulics_agc_servo,0.4563,0.1788,-1.6053,0,CRM.AGC.SV01::E02,train
2025-06-08 12:00:00,CRM.AGC.SV01,hydraulics_agc_servo,0.5197,0.1902,-1.8433,0,CRM.AGC.SV01::E02,train
2025-06-08 13:00:00,CRM.AGC.SV01,hydraulics_agc_servo,0.5286,0.1943,-1.5421,0,CRM.AGC.SV01::E02,train
2025-06-08 14:00:00,CRM.AGC.SV01,hydraulics_agc_servo,0.5523,0.2504,-1.443,0,CRM.AGC.SV01::E02,train
2025-06-08 15:00:00,CRM.AGC.SV01,hydraulics_agc_servo,0.6153,0.2579,-1.6224,0,CRM.AGC.SV01::E02,train
2025-06-08 16:00:00,CRM.AGC.SV01,hydraulics_agc_servo,0.5578,0.3094,-2.8737,0,CRM.AGC.SV01::E02,train
2025-06-08 17:00:00,CRM.AGC.SV01,hydraulics_agc_servo,0.5301,0.2998,-3.3107,0,CRM.AGC.SV01::E02,train
2025-06-08 18:00:00,CRM.AGC.SV01,hydraulics_agc_servo,0.5947,0.277,-2.9642,0,CRM.AGC.SV01::E02,train
2025-06-08 19:00:00,CRM.AGC.SV01,hydraulics_agc_servo,0.6215,0.3021,-3.659,0,CRM.AGC.SV01::E02,train
2025-06-08 20:00:00,CRM.AGC.SV01,hydraulics_agc_servo,0.5643,0.2689,-3.4025,0,CRM.AGC.SV01::E02,train
2025-06-08 21:00:00,CRM.AGC.SV01,hydraulics_agc_servo,0.6218,0.2825,-2.292,0,CRM.AGC.SV01::E02,train
2025-06-08 22:00:00,CRM.AGC.SV01,hydraulics_agc_servo,0.565,0.2511,-1.9913,0,CRM.AGC.SV01::E02,train
2025-06-08 23:00:00,CRM.AGC.SV01,hydraulics_agc_servo,0.5772,0.2708,-2.5165,0,CRM.AGC.SV01::E02,train
2025-06-09 00:00:00,CRM.AGC.SV01,hydraulics_agc_servo,0.5563,0.2691,-2.5764,0,CRM.AGC.SV01::E02,train
2025-06-09 01:00:00,CRM.AGC.SV01,hydraulics_agc_servo,0.5276,0.2904,-2.6552,0,CRM.AGC.SV01::E02,train
2025-06-09 02:00:00,CRM.AGC.SV01,hydraulics_agc_servo,0.5325,0.3549,-2.78,0,CRM.AGC.SV01::E02,train
2025-06-09 03:00:00,CRM.AGC.SV01,hydraulics_agc_servo,0.5152,0.3964,-2.4774,0,CRM.AGC.SV01::E02,train
2025-06-09 04:00:00,CRM.AGC.SV01,hydraulics_agc_servo,0.5232,0.4222,-1.5676,0,CRM.AGC.SV01::E02,train
2025-06-09 05:00:00,CRM.AGC.SV01,hydraulics_agc_servo,0.5399,0.3931,-2.1922,0,CRM.AGC.SV01::E02,train
2025-06-09 06:00:00,CRM.AGC.SV01,hydraulics_agc_servo,0.4901,0.3366,-2.539,0,CRM.AGC.SV01::E02,train
2025-06-09 07:00:00,CRM.AGC.SV01,hydraulics_agc_servo,0.4856,0.3023,-2.6298,0,CRM.AGC.SV01::E02,train
2025-06-09 08:00:00,CRM.AGC.SV01,hydraulics_agc_servo,0.5159,0.3295,-2.7711,0,CRM.AGC.SV01::E02,train
2025-06-09 09:00:00,CRM.AGC.SV01,hydraulics_agc_servo,0.5262,0.3503,-2.1756,0,CRM.AGC.SV01::E02,train
2025-06-09 10:00:00,CRM.AGC.SV01,hydraulics_agc_servo,0.5386,0.3332,-1.2426,0,CRM.AGC.SV01::E02,train
2025-06-09 11:00:00,CRM.AGC.SV01,hydraulics_agc_servo,0.6447,0.3177,-0.5561,0,CRM.AGC.SV01::E02,train
2025-06-09 12:00:00,CRM.AGC.SV01,hydraulics_agc_servo,0.6603,0.3043,-0.4918,0,CRM.AGC.SV01::E02,train
2025-06-09 13:00:00,CRM.AGC.SV01,hydraulics_agc_servo,0.6561,0.2829,0.871,0,CRM.AGC.SV01::E02,train
2025-06-09 14:00:00,CRM.AGC.SV01,hydraulics_agc_servo,0.6555,0.2348,0.7649,0,CRM.AGC.SV01::E02,train
2025-06-09 15:00:00,CRM.AGC.SV01,hydraulics_agc_servo,0.6419,0.2326,-0.0239,0,CRM.AGC.SV01::E02,train
2025-06-09 16:00:00,CRM.AGC.SV01,hydraulics_agc_servo,0.6333,0.2342,0.4883,0,CRM.AGC.SV01::E02,train
2025-06-09 17:00:00,CRM.AGC.SV01,hydraulics_agc_servo,0.5878,0.2502,0.6046,0,CRM.AGC.SV01::E02,train
2025-06-09 18:00:00,CRM.AGC.SV01,hydraulics_agc_servo,0.5899,0.3067,0.1807,0,CRM.AGC.SV01::E02,train
2025-06-09 19:00:00,CRM.AGC.SV01,hydraulics_agc_servo,0.5901,0.3219,0.7343,0,CRM.AGC.SV01::E02,train
2025-06-09 20:00:00,CRM.AGC.SV01,hydraulics_agc_servo,0.6086,0.2714,0.9294,0,CRM.AGC.SV01::E02,train
2025-06-09 21:00:00,CRM.AGC.SV01,hydraulics_agc_servo,0.5855,0.2531,1.2226,0,CRM.AGC.SV01::E02,train
2025-06-09 22:00:00,CRM.AGC.SV01,hydraulics_agc_servo,0.5644,0.2412,0.2961,0,CRM.AGC.SV01::E02,train
2025-06-09 23:00:00,CRM.AGC.SV01,hydraulics_agc_servo,0.5419,0.2322,-0.5385,0,CRM.AGC.SV01::E02,train
2025-06-10 00:00:00,CRM.AGC.SV01,hydraulics_agc_servo,0.595,0.2653,-0.907,0,CRM.AGC.SV01::E02,train
2025-06-10 01:00:00,CRM.AGC.SV01,hydraulics_agc_servo,0.5723,0.2982,-1.1908,0,CRM.AGC.SV01::E02,train
2025-06-10 02:00:00,CRM.AGC.SV01,hydraulics_agc_servo,0.5529,0.34,-1.5191,0,CRM.AGC.SV01::E02,train
2025-06-10 03:00:00,CRM.AGC.SV01,hydraulics_agc_servo,0.5737,0.3968,-1.2428,0,CRM.AGC.SV01::E02,train
2025-06-10 04:00:00,CRM.AGC.SV01,hydraulics_agc_servo,0.5654,0.3745,-0.1735,0,CRM.AGC.SV01::E02,train
2025-06-10 05:00:00,CRM.AGC.SV01,hydraulics_agc_servo,0.5576,0.296,-0.5751,0,CRM.AGC.SV01::E02,train
2025-06-10 06:00:00,CRM.AGC.SV01,hydraulics_agc_servo,0.5811,0.3022,0.0679,0,CRM.AGC.SV01::E02,train
2025-06-10 07:00:00,CRM.AGC.SV01,hydraulics_agc_servo,0.556,0.3142,0.3689,0,CRM.AGC.SV01::E02,train
2025-06-10 08:00:00,CRM.AGC.SV01,hydraulics_agc_servo,0.6443,0.2917,-0.3783,0,CRM.AGC.SV01::E02,train
2025-06-10 09:00:00,CRM.AGC.SV01,hydraulics_agc_servo,0.6349,0.3204,-0.0184,0,CRM.AGC.SV01::E02,train
2025-06-10 10:00:00,CRM.AGC.SV01,hydraulics_agc_servo,0.6528,0.3005,-1.109,0,CRM.AGC.SV01::E02,train
2025-06-10 11:00:00,CRM.AGC.SV01,hydraulics_agc_servo,0.6631,0.3225,-0.225,0,CRM.AGC.SV01::E02,train
2025-06-10 12:00:00,CRM.AGC.SV01,hydraulics_agc_servo,0.6723,0.2846,0.1191,0,CRM.AGC.SV01::E02,train
2025-06-10 13:00:00,CRM.AGC.SV01,hydraulics_agc_servo,0.7157,0.3195,-0.4188,0,CRM.AGC.SV01::E02,train
2025-06-10 14:00:00,CRM.AGC.SV01,hydraulics_agc_servo,0.6836,0.2874,-0.6503,0,CRM.AGC.SV01::E02,train
2025-06-10 15:00:00,CRM.AGC.SV01,hydraulics_agc_servo,0.6229,0.3457,0.2775,0,CRM.AGC.SV01::E02,train
2025-06-10 16:00:00,CRM.AGC.SV01,hydraulics_agc_servo,0.6292,0.3404,0.7972,0,CRM.AGC.SV01::E02,train
2025-06-10 17:00:00,CRM.AGC.SV01,hydraulics_agc_servo,0.6692,0.3722,1.7137,0,CRM.AGC.SV01::E02,train
2025-06-10 18:00:00,CRM.AGC.SV01,hydraulics_agc_servo,0.651,0.3817,0.8266,0,CRM.AGC.SV01::E02,train
2025-06-10 19:00:00,CRM.AGC.SV01,hydraulics_agc_servo,0.6758,0.3713,0.8648,0,CRM.AGC.SV01::E02,train
2025-06-10 20:00:00,CRM.AGC.SV01,hydraulics_agc_servo,0.6984,0.4105,1.4158,0,CRM.AGC.SV01::E02,train
2025-06-10 21:00:00,CRM.AGC.SV01,hydraulics_agc_servo,0.7288,0.3364,1.4874,0,CRM.AGC.SV01::E02,train
2025-06-10 22:00:00,CRM.AGC.SV01,hydraulics_agc_servo,0.7162,0.3218,1.1343,0,CRM.AGC.SV01::E02,train
2025-06-10 23:00:00,CRM.AGC.SV01,hydraulics_agc_servo,0.6933,0.3114,-0.1148,0,CRM.AGC.SV01::E02,train
2025-06-11 00:00:00,CRM.AGC.SV01,hydraulics_agc_servo,0.6818,0.3031,-0.2172,0,CRM.AGC.SV01::E02,train
2025-06-11 01:00:00,CRM.AGC.SV01,hydraulics_agc_servo,0.6811,0.2777,0.1222,0,CRM.AGC.SV01::E02,train
2025-06-11 02:00:00,CRM.AGC.SV01,hydraulics_agc_servo,0.6011,0.2807,-1.0233,0,CRM.AGC.SV01::E02,train
2025-06-11 03:00:00,CRM.AGC.SV01,hydraulics_agc_servo,0.6033,0.2216,-0.4524,0,CRM.AGC.SV01::E02,train
2025-06-11 04:00:00,CRM.AGC.SV01,hydraulics_agc_servo,0.615,0.2423,-0.308,0,CRM.AGC.SV01::E02,train
2025-06-11 05:00:00,CRM.AGC.SV01,hydraulics_agc_servo,0.6093,0.2169,0.6607,0,CRM.AGC.SV01::E02,train
2025-06-11 06:00:00,CRM.AGC.SV01,hydraulics_agc_servo,0.6285,0.2039,-0.6065,0,CRM.AGC.SV01::E02,train
2025-06-11 07:00:00,CRM.AGC.SV01,hydraulics_agc_servo,0.6735,0.177,0.1634,0,CRM.AGC.SV01::E02,train
2025-06-11 08:00:00,CRM.AGC.SV01,hydraulics_agc_servo,0.6724,0.1939,0.0578,0,CRM.AGC.SV01::E02,train
2025-06-11 09:00:00,CRM.AGC.SV01,hydraulics_agc_servo,0.6637,0.2597,0.3694,0,CRM.AGC.SV01::E02,train
2025-06-11 10:00:00,CRM.AGC.SV01,hydraulics_agc_servo,0.6876,0.2764,1.2017,0,CRM.AGC.SV01::E02,train
2025-06-11 11:00:00,CRM.AGC.SV01,hydraulics_agc_servo,0.6667,0.3495,1.0966,0,CRM.AGC.SV01::E02,train
2025-06-11 12:00:00,CRM.AGC.SV01,hydraulics_agc_servo,0.6352,0.2977,1.1414,0,CRM.AGC.SV01::E02,train
2025-06-11 13:00:00,CRM.AGC.SV01,hydraulics_agc_servo,0.6433,0.253,1.2419,0,CRM.AGC.SV01::E02,train
2025-06-11 14:00:00,CRM.AGC.SV01,hydraulics_agc_servo,0.6685,0.1988,2.461,0,CRM.AGC.SV01::E02,train
2025-06-11 15:00:00,CRM.AGC.SV01,hydraulics_agc_servo,0.6154,0.1933,2.0189,0,CRM.AGC.SV01::E02,train
2025-06-11 16:00:00,CRM.AGC.SV01,hydraulics_agc_servo,0.5577,0.233,1.5614,0,CRM.AGC.SV01::E02,train
2025-06-11 17:00:00,CRM.AGC.SV01,hydraulics_agc_servo,0.5698,0.2316,0.2232,0,CRM.AGC.SV01::E02,train
2025-06-11 18:00:00,CRM.AGC.SV01,hydraulics_agc_servo,0.5388,0.2694,-0.4425,0,CRM.AGC.SV01::E02,train
2025-06-11 19:00:00,CRM.AGC.SV01,hydraulics_agc_servo,0.5568,0.2794,-0.3043,0,CRM.AGC.SV01::E02,train
2025-06-11 20:00:00,CRM.AGC.SV01,hydraulics_agc_servo,0.5575,0.276,-0.9877,0,CRM.AGC.SV01::E02,train
2025-06-11 21:00:00,CRM.AGC.SV01,hydraulics_agc_servo,0.5295,0.2803,-0.4139,0,CRM.AGC.SV01::E02,train
2025-06-11 22:00:00,CRM.AGC.SV01,hydraulics_agc_servo,0.519,0.268,-0.1249,0,CRM.AGC.SV01::E02,train
2025-06-11 23:00:00,CRM.AGC.SV01,hydraulics_agc_servo,0.5202,0.2308,0.6203,0,CRM.AGC.SV01::E02,train
2025-06-12 00:00:00,CRM.AGC.SV01,hydraulics_agc_servo,0.509,0.2639,0.3483,0,CRM.AGC.SV01::E02,train
2025-06-12 01:00:00,CRM.AGC.SV01,hydraulics_agc_servo,0.5444,0.2552,1.4425,0,CRM.AGC.SV01::E02,train
2025-06-12 02:00:00,CRM.AGC.SV01,hydraulics_agc_servo,0.4994,0.2107,1.3215,0,CRM.AGC.SV01::E02,train
2025-06-12 03:00:00,CRM.AGC.SV01,hydraulics_agc_servo,0.4883,0.2142,1.5219,0,CRM.AGC.SV01::E02,train
2025-06-12 04:00:00,CRM.AGC.SV01,hydraulics_agc_servo,0.5273,0.274,0.6613,0,CRM.AGC.SV01::E02,train
2025-06-12 05:00:00,CRM.AGC.SV01,hydraulics_agc_servo,0.5909,0.2797,0.3879,0,CRM.AGC.SV01::E02,train
2025-06-12 06:00:00,CRM.AGC.SV01,hydraulics_agc_servo,0.6113,0.2683,0.1399,0,CRM.AGC.SV01::E02,train
2025-06-12 07:00:00,CRM.AGC.SV01,hydraulics_agc_servo,0.6272,0.243,-0.6601,0,CRM.AGC.SV01::E02,train
2025-06-12 08:00:00,CRM.AGC.SV01,hydraulics_agc_servo,0.649,0.2697,-0.4142,0,CRM.AGC.SV01::E02,train
2025-06-12 09:00:00,CRM.AGC.SV01,hydraulics_agc_servo,0.6394,0.3116,0.2103,0,CRM.AGC.SV01::E02,train
2025-06-12 10:00:00,CRM.AGC.SV01,hydraulics_agc_servo,0.6147,0.3556,-0.6679,0,CRM.AGC.SV01::E02,train
2025-06-12 11:00:00,CRM.AGC.SV01,hydraulics_agc_servo,0.6157,0.3874,0.5009,0,CRM.AGC.SV01::E02,train
2025-06-12 12:00:00,CRM.AGC.SV01,hydraulics_agc_servo,0.6316,0.4181,0.4907,0,CRM.AGC.SV01::E02,train
2025-06-12 13:00:00,CRM.AGC.SV01,hydraulics_agc_servo,0.6098,0.4087,-0.1717,0,CRM.AGC.SV01::E02,train
2025-06-12 14:00:00,CRM.AGC.SV01,hydraulics_agc_servo,0.6055,0.4051,-0.5918,0,CRM.AGC.SV01::E02,train
2025-06-12 15:00:00,CRM.AGC.SV01,hydraulics_agc_servo,0.6494,0.4111,-0.768,0,CRM.AGC.SV01::E02,train
2025-06-12 16:00:00,CRM.AGC.SV01,hydraulics_agc_servo,0.6681,0.3954,-1.1334,0,CRM.AGC.SV01::E02,train
2025-06-12 17:00:00,CRM.AGC.SV01,hydraulics_agc_servo,0.67,0.4158,-1.4527,0,CRM.AGC.SV01::E02,train
2025-06-12 18:00:00,CRM.AGC.SV01,hydraulics_agc_servo,0.63,0.4256,-2.3414,0,CRM.AGC.SV01::E02,train
2025-06-12 19:00:00,CRM.AGC.SV01,hydraulics_agc_servo,0.6521,0.4098,-2.3777,0,CRM.AGC.SV01::E02,train
2025-06-12 20:00:00,CRM.AGC.SV01,hydraulics_agc_servo,0.6645,0.3963,-3.0603,0,CRM.AGC.SV01::E02,train
2025-06-12 21:00:00,CRM.AGC.SV01,hydraulics_agc_servo,0.6931,0.3691,-2.0911,0,CRM.AGC.SV01::E02,train
2025-06-12 22:00:00,CRM.AGC.SV01,hydraulics_agc_servo,0.6919,0.3155,-2.7058,0,CRM.AGC.SV01::E02,train
2025-06-12 23:00:00,CRM.AGC.SV01,hydraulics_agc_servo,0.6483,0.3033,-2.6411,0,CRM.AGC.SV01::E02,train
2025-06-13 00:00:00,CRM.AGC.SV01,hydraulics_agc_servo,0.6175,0.3488,-3.0897,0,CRM.AGC.SV01::E02,train
2025-06-13 01:00:00,CRM.AGC.SV01,hydraulics_agc_servo,0.5866,0.2487,-2.4204,0,CRM.AGC.SV01::E02,train
2025-06-13 02:00:00,CRM.AGC.SV01,hydraulics_agc_servo,0.5785,0.249,-2.5253,0,CRM.AGC.SV01::E02,train
2025-06-13 03:00:00,CRM.AGC.SV01,hydraulics_agc_servo,0.625,0.2699,-1.4611,0,CRM.AGC.SV01::E02,train
2025-06-13 04:00:00,CRM.AGC.SV01,hydraulics_agc_servo,0.6344,0.3153,-1.3828,0,CRM.AGC.SV01::E02,train
2025-06-13 05:00:00,CRM.AGC.SV01,hydraulics_agc_servo,0.7204,0.3253,-1.4597,0,CRM.AGC.SV01::E02,train
2025-06-13 06:00:00,CRM.AGC.SV01,hydraulics_agc_servo,0.6911,0.2721,-0.9929,0,CRM.AGC.SV01::E02,train
2025-06-13 07:00:00,CRM.AGC.SV01,hydraulics_agc_servo,0.6229,0.2421,0.911,0,CRM.AGC.SV01::E02,train
2025-06-13 08:00:00,CRM.AGC.SV01,hydraulics_agc_servo,0.6698,0.2171,2.9401,0,CRM.AGC.SV01::E02,train
2025-06-13 09:00:00,CRM.AGC.SV01,hydraulics_agc_servo,0.6402,0.1943,4.7992,0,CRM.AGC.SV01::E02,train
2025-06-13 10:00:00,CRM.AGC.SV01,hydraulics_agc_servo,0.6435,0.0962,6.6914,0,CRM.AGC.SV01::E02,train
2025-06-13 11:00:00,CRM.AGC.SV01,hydraulics_agc_servo,0.6295,0.091,7.3775,0,CRM.AGC.SV01::E02,train
2025-06-13 12:00:00,CRM.AGC.SV01,hydraulics_agc_servo,0.6657,0.1427,8.362,0,CRM.AGC.SV01::E02,train
2025-06-13 13:00:00,CRM.AGC.SV01,hydraulics_agc_servo,0.7004,0.0991,8.9263,0,CRM.AGC.SV01::E02,train
2025-06-13 14:00:00,CRM.AGC.SV01,hydraulics_agc_servo,0.671,0.0727,7.5079,0,CRM.AGC.SV01::E02,train
2025-06-13 15:00:00,CRM.AGC.SV01,hydraulics_agc_servo,0.6583,0.1051,6.2538,0,CRM.AGC.SV01::E02,train
2025-06-13 16:00:00,CRM.AGC.SV01,hydraulics_agc_servo,0.6561,0.121,3.1253,0,CRM.AGC.SV01::E02,train
2025-06-13 17:00:00,CRM.AGC.SV01,hydraulics_agc_servo,0.6914,0.1057,2.021,0,CRM.AGC.SV01::E02,train
2025-06-13 18:00:00,CRM.AGC.SV01,hydraulics_agc_servo,0.752,0.1338,0.5353,0,CRM.AGC.SV01::E02,train
2025-06-13 19:00:00,CRM.AGC.SV01,hydraulics_agc_servo,0.7588,0.1318,-0.1056,0,CRM.AGC.SV01::E02,train
2025-06-13 20:00:00,CRM.AGC.SV01,hydraulics_agc_servo,0.7625,0.12,-0.4482,0,CRM.AGC.SV01::E02,train
2025-06-13 21:00:00,CRM.AGC.SV01,hydraulics_agc_servo,0.7448,0.1514,-0.5523,0,CRM.AGC.SV01::E02,train
2025-06-13 22:00:00,CRM.AGC.SV01,hydraulics_agc_servo,0.7911,0.1061,-0.3828,0,CRM.AGC.SV01::E02,train
2025-06-13 23:00:00,CRM.AGC.SV01,hydraulics_agc_servo,0.808,0.1427,-1.4473,0,CRM.AGC.SV01::E02,train
2025-06-14 00:00:00,CRM.AGC.SV01,hydraulics_agc_servo,0.8329,0.1208,-1.1499,0,CRM.AGC.SV01::E02,train
2025-06-14 01:00:00,CRM.AGC.SV01,hydraulics_agc_servo,0.8027,0.199,-1.7503,0,CRM.AGC.SV01::E02,train
2025-06-14 02:00:00,CRM.AGC.SV01,hydraulics_agc_servo,0.8036,0.202,-1.918,0,CRM.AGC.SV01::E02,train
2025-06-14 03:00:00,CRM.AGC.SV01,hydraulics_agc_servo,0.8213,0.1801,-2.807,0,CRM.AGC.SV01::E02,train
2025-06-14 04:00:00,CRM.AGC.SV01,hydraulics_agc_servo,0.8134,0.2575,-2.074,0,CRM.AGC.SV01::E02,train
2025-06-14 05:00:00,CRM.AGC.SV01,hydraulics_agc_servo,0.7946,0.256,-1.2599,0,CRM.AGC.SV01::E02,train
2025-06-14 06:00:00,CRM.AGC.SV01,hydraulics_agc_servo,0.8292,0.2719,-1.0652,0,CRM.AGC.SV01::E02,train
2025-06-14 07:00:00,CRM.AGC.SV01,hydraulics_agc_servo,0.8087,0.2381,-1.1387,0,CRM.AGC.SV01::E02,train
2025-06-14 08:00:00,CRM.AGC.SV01,hydraulics_agc_servo,0.8501,0.2506,-0.1916,0,CRM.AGC.SV01::E02,train
2025-06-14 09:00:00,CRM.AGC.SV01,hydraulics_agc_servo,0.8165,0.2426,-0.7342,0,CRM.AGC.SV01::E02,train
2025-06-14 10:00:00,CRM.AGC.SV01,hydraulics_agc_servo,0.8464,0.2264,-1.0126,0,CRM.AGC.SV01::E02,train
2025-06-14 11:00:00,CRM.AGC.SV01,hydraulics_agc_servo,0.8301,0.2524,-1.4986,0,CRM.AGC.SV01::E02,train
2025-06-14 12:00:00,CRM.AGC.SV01,hydraulics_agc_servo,0.7673,0.2359,-1.4907,0,CRM.AGC.SV01::E02,train
2025-06-14 13:00:00,CRM.AGC.SV01,hydraulics_agc_servo,0.7918,0.2355,-2.2282,0,CRM.AGC.SV01::E02,train
2025-06-14 14:00:00,CRM.AGC.SV01,hydraulics_agc_servo,0.8553,0.28,-1.8208,0,CRM.AGC.SV01::E02,train
2025-06-14 15:00:00,CRM.AGC.SV01,hydraulics_agc_servo,0.8832,0.3165,-1.7529,0,CRM.AGC.SV01::E02,train
2025-06-14 16:00:00,CRM.AGC.SV01,hydraulics_agc_servo,0.8574,0.3452,-2.9578,0,CRM.AGC.SV01::E02,train
2025-06-14 17:00:00,CRM.AGC.SV01,hydraulics_agc_servo,0.8676,0.2983,-3.3935,0,CRM.AGC.SV01::E02,train
2025-06-14 18:00:00,CRM.AGC.SV01,hydraulics_agc_servo,0.8051,0.3068,-3.9446,0,CRM.AGC.SV01::E02,train
2025-06-14 19:00:00,CRM.AGC.SV01,hydraulics_agc_servo,0.8423,0.3321,-2.9979,0,CRM.AGC.SV01::E02,train
2025-06-14 20:00:00,CRM.AGC.SV01,hydraulics_agc_servo,0.7917,0.3192,-2.9367,0,CRM.AGC.SV01::E02,train
2025-06-14 21:00:00,CRM.AGC.SV01,hydraulics_agc_servo,0.784,0.3009,-2.9086,0,CRM.AGC.SV01::E02,train
2025-06-14 22:00:00,CRM.AGC.SV01,hydraulics_agc_servo,0.7836,0.3016,-2.3167,0,CRM.AGC.SV01::E02,train
2025-06-14 23:00:00,CRM.AGC.SV01,hydraulics_agc_servo,0.8395,0.3186,-2.9499,0,CRM.AGC.SV01::E02,train
2025-06-15 00:00:00,CRM.AGC.SV01,hydraulics_agc_servo,0.8359,0.3239,-3.261,0,CRM.AGC.SV01::E02,train
2025-06-15 01:00:00,CRM.AGC.SV01,hydraulics_agc_servo,0.916,0.322,-2.6268,0,CRM.AGC.SV01::E02,train
2025-06-15 02:00:00,CRM.AGC.SV01,hydraulics_agc_servo,0.9274,0.3259,-3.3925,0,CRM.AGC.SV01::E02,train
2025-06-15 03:00:00,CRM.AGC.SV01,hydraulics_agc_servo,0.9257,0.3399,-2.7771,0,CRM.AGC.SV01::E02,train
2025-06-15 04:00:00,CRM.AGC.SV01,hydraulics_agc_servo,0.93,0.3937,-3.1813,0,CRM.AGC.SV01::E02,train
2025-06-15 05:00:00,CRM.AGC.SV01,hydraulics_agc_servo,0.9122,0.3735,-2.5956,0,CRM.AGC.SV01::E02,train
2025-06-15 06:00:00,CRM.AGC.SV01,hydraulics_agc_servo,0.9117,0.3839,-2.7636,0,CRM.AGC.SV01::E02,train
2025-06-15 07:00:00,CRM.AGC.SV01,hydraulics_agc_servo,0.8883,0.3544,-2.8904,0,CRM.AGC.SV01::E02,train
2025-06-15 08:00:00,CRM.AGC.SV01,hydraulics_agc_servo,0.862,0.3186,-3.6699,0,CRM.AGC.SV01::E02,train
2025-06-15 09:00:00,CRM.AGC.SV01,hydraulics_agc_servo,0.8131,0.3291,-3.4592,0,CRM.AGC.SV01::E02,train
2025-06-15 10:00:00,CRM.AGC.SV01,hydraulics_agc_servo,0.7876,0.3026,-3.4562,0,CRM.AGC.SV01::E02,train
2025-06-15 11:00:00,CRM.AGC.SV01,hydraulics_agc_servo,0.7953,0.3241,-3.3453,0,CRM.AGC.SV01::E02,train
2025-06-15 12:00:00,CRM.AGC.SV01,hydraulics_agc_servo,0.783,0.3292,-3.2893,0,CRM.AGC.SV01::E02,train
2025-06-15 13:00:00,CRM.AGC.SV01,hydraulics_agc_servo,0.7818,0.3462,-2.618,0,CRM.AGC.SV01::E02,train
2025-06-15 14:00:00,CRM.AGC.SV01,hydraulics_agc_servo,0.7709,0.3351,-2.7065,0,CRM.AGC.SV01::E02,train
2025-06-15 15:00:00,CRM.AGC.SV01,hydraulics_agc_servo,0.7953,0.2966,-2.4276,0,CRM.AGC.SV01::E02,train
2025-06-15 16:00:00,CRM.AGC.SV01,hydraulics_agc_servo,0.8269,0.3152,-2.335,0,CRM.AGC.SV01::E02,train
2025-06-15 17:00:00,CRM.AGC.SV01,hydraulics_agc_servo,0.7648,0.3332,-1.5422,0,CRM.AGC.SV01::E02,train
2025-06-15 18:00:00,CRM.AGC.SV01,hydraulics_agc_servo,0.8206,0.3152,-1.5572,0,CRM.AGC.SV01::E02,train
2025-06-15 19:00:00,CRM.AGC.SV01,hydraulics_agc_servo,0.9046,0.3031,-1.8412,0,CRM.AGC.SV01::E02,train
2025-06-15 20:00:00,CRM.AGC.SV01,hydraulics_agc_servo,0.831,0.2602,-2.1189,0,CRM.AGC.SV01::E02,train
2025-06-15 21:00:00,CRM.AGC.SV01,hydraulics_agc_servo,0.9028,0.2445,-2.3308,0,CRM.AGC.SV01::E02,train
2025-06-15 22:00:00,CRM.AGC.SV01,hydraulics_agc_servo,0.9087,0.2396,-2.6892,0,CRM.AGC.SV01::E02,train
2025-06-15 23:00:00,CRM.AGC.SV01,hydraulics_agc_servo,1.0255,0.2959,-2.1508,0,CRM.AGC.SV01::E02,train
2025-06-16 00:00:00,CRM.AGC.SV01,hydraulics_agc_servo,0.989,0.2967,-3.571,0,CRM.AGC.SV01::E02,train
2025-06-16 01:00:00,CRM.AGC.SV01,hydraulics_agc_servo,0.9719,0.3334,-4.1046,0,CRM.AGC.SV01::E02,train
2025-06-16 02:00:00,CRM.AGC.SV01,hydraulics_agc_servo,0.9593,0.4045,-4.2211,0,CRM.AGC.SV01::E02,train
2025-06-16 03:00:00,CRM.AGC.SV01,hydraulics_agc_servo,0.9833,0.3791,-4.1591,0,CRM.AGC.SV01::E02,train
2025-06-16 04:00:00,CRM.AGC.SV01,hydraulics_agc_servo,1.0182,0.4104,-2.8578,0,CRM.AGC.SV01::E02,train
2025-06-16 05:00:00,CRM.AGC.SV01,hydraulics_agc_servo,1.0135,0.4025,-2.1328,0,CRM.AGC.SV01::E02,train
2025-06-16 06:00:00,CRM.AGC.SV01,hydraulics_agc_servo,0.9919,0.3967,-1.8945,0,CRM.AGC.SV01::E02,train
2025-06-16 07:00:00,CRM.AGC.SV01,hydraulics_agc_servo,1.0357,0.3929,-1.8097,0,CRM.AGC.SV01::E02,train
2025-06-16 08:00:00,CRM.AGC.SV01,hydraulics_agc_servo,0.9744,0.3864,-1.8201,0,CRM.AGC.SV01::E02,train
2025-06-16 09:00:00,CRM.AGC.SV01,hydraulics_agc_servo,1.0052,0.3682,-2.3163,0,CRM.AGC.SV01::E02,train
2025-06-16 10:00:00,CRM.AGC.SV01,hydraulics_agc_servo,0.9699,0.308,-1.2768,0,CRM.AGC.SV01::E02,train
2025-06-16 11:00:00,CRM.AGC.SV01,hydraulics_agc_servo,0.9965,0.3415,-1.5542,0,CRM.AGC.SV01::E02,train
2025-06-16 12:00:00,CRM.AGC.SV01,hydraulics_agc_servo,0.9538,0.4944,-1.2221,0,CRM.AGC.SV01::E02,train
2025-06-16 13:00:00,CRM.AGC.SV01,hydraulics_agc_servo,0.9278,0.6937,-0.3659,0,CRM.AGC.SV01::E02,train
2025-06-16 14:00:00,CRM.AGC.SV01,hydraulics_agc_servo,0.9229,0.895,-1.3139,0,CRM.AGC.SV01::E02,train
2025-06-16 15:00:00,CRM.AGC.SV01,hydraulics_agc_servo,0.9484,1.0014,-0.9831,0,CRM.AGC.SV01::E02,train
2025-06-16 16:00:00,CRM.AGC.SV01,hydraulics_agc_servo,0.9974,1.0709,-1.7197,0,CRM.AGC.SV01::E02,train
2025-06-16 17:00:00,CRM.AGC.SV01,hydraulics_agc_servo,1.0024,0.9621,-1.0421,0,CRM.AGC.SV01::E02,train
2025-06-16 18:00:00,CRM.AGC.SV01,hydraulics_agc_servo,0.9604,0.8208,-1.0572,0,CRM.AGC.SV01::E02,train
2025-06-16 19:00:00,CRM.AGC.SV01,hydraulics_agc_servo,1.045,0.5994,-0.9487,0,CRM.AGC.SV01::E02,train
2025-06-16 20:00:00,CRM.AGC.SV01,hydraulics_agc_servo,1.0059,0.399,-1.2968,0,CRM.AGC.SV01::E02,train
2025-06-16 21:00:00,CRM.AGC.SV01,hydraulics_agc_servo,1.0127,0.2141,-2.0775,0,CRM.AGC.SV01::E02,train
2025-06-16 22:00:00,CRM.AGC.SV01,hydraulics_agc_servo,0.9974,0.2583,-1.6731,0,CRM.AGC.SV01::E02,train
2025-06-16 23:00:00,CRM.AGC.SV01,hydraulics_agc_servo,0.9874,0.2294,-1.072,0,CRM.AGC.SV01::E02,train
2025-06-17 00:00:00,CRM.AGC.SV01,hydraulics_agc_servo,1.0131,0.1864,-0.9788,0,CRM.AGC.SV01::E02,train
2025-06-17 01:00:00,CRM.AGC.SV01,hydraulics_agc_servo,1.0784,0.261,-1.3267,0,CRM.AGC.SV01::E02,train
2025-06-17 02:00:00,CRM.AGC.SV01,hydraulics_agc_servo,1.0454,0.2911,-1.1115,0,CRM.AGC.SV01::E02,train
2025-06-17 03:00:00,CRM.AGC.SV01,hydraulics_agc_servo,1.0138,0.3155,-1.0802,0,CRM.AGC.SV01::E02,train
2025-06-17 04:00:00,CRM.AGC.SV01,hydraulics_agc_servo,0.968,0.3609,-0.9822,0,CRM.AGC.SV01::E02,train
2025-06-17 05:00:00,CRM.AGC.SV01,hydraulics_agc_servo,0.9783,0.4055,-1.2215,0,CRM.AGC.SV01::E02,train
2025-06-17 06:00:00,CRM.AGC.SV01,hydraulics_agc_servo,0.9749,0.3279,-0.4329,0,CRM.AGC.SV01::E02,train
2025-06-17 07:00:00,CRM.AGC.SV01,hydraulics_agc_servo,0.9378,0.3107,-0.3323,0,CRM.AGC.SV01::E02,train
2025-06-17 08:00:00,CRM.AGC.SV01,hydraulics_agc_servo,1.0169,0.2845,0.4868,0,CRM.AGC.SV01::E02,train
2025-06-17 09:00:00,CRM.AGC.SV01,hydraulics_agc_servo,1.0424,0.2723,1.0047,0,CRM.AGC.SV01::E02,train
2025-06-17 10:00:00,CRM.AGC.SV01,hydraulics_agc_servo,1.0895,0.2743,0.8971,0,CRM.AGC.SV01::E02,train
2025-06-17 11:00:00,CRM.AGC.SV01,hydraulics_agc_servo,1.0476,0.2593,0.3707,0,CRM.AGC.SV01::E02,train
2025-06-17 12:00:00,CRM.AGC.SV01,hydraulics_agc_servo,1.0938,0.2728,-0.0177,0,CRM.AGC.SV01::E02,train
2025-06-17 13:00:00,CRM.AGC.SV01,hydraulics_agc_servo,1.0524,0.2861,-0.9905,0,CRM.AGC.SV01::E02,train
2025-06-17 14:00:00,CRM.AGC.SV01,hydraulics_agc_servo,0.9843,0.2647,-1.7785,0,CRM.AGC.SV01::E02,train
2025-06-17 15:00:00,CRM.AGC.SV01,hydraulics_agc_servo,0.9378,0.2343,-1.1632,0,CRM.AGC.SV01::E02,train
2025-06-17 16:00:00,CRM.AGC.SV01,hydraulics_agc_servo,0.9939,0.1819,-1.522,0,CRM.AGC.SV01::E02,train
2025-06-17 17:00:00,CRM.AGC.SV01,hydraulics_agc_servo,1.0071,0.1711,-1.105,0,CRM.AGC.SV01::E02,train
2025-06-17 18:00:00,CRM.AGC.SV01,hydraulics_agc_servo,1.0092,0.2074,-1.6701,0,CRM.AGC.SV01::E02,train
2025-06-17 19:00:00,CRM.AGC.SV01,hydraulics_agc_servo,1.0343,0.1931,-2.3568,0,CRM.AGC.SV01::E02,train
2025-06-17 20:00:00,CRM.AGC.SV01,hydraulics_agc_servo,0.9991,0.2219,-2.3533,0,CRM.AGC.SV01::E02,train
2025-06-17 21:00:00,CRM.AGC.SV01,hydraulics_agc_servo,1.1125,0.1672,-1.8378,0,CRM.AGC.SV01::E02,train
2025-06-17 22:00:00,CRM.AGC.SV01,hydraulics_agc_servo,1.0945,0.0776,-2.52,0,CRM.AGC.SV01::E02,train
2025-06-17 23:00:00,CRM.AGC.SV01,hydraulics_agc_servo,1.0349,0.0934,-2.5465,0,CRM.AGC.SV01::E02,train
2025-06-18 00:00:00,CRM.AGC.SV01,hydraulics_agc_servo,1.0198,0.0684,-1.4985,0,CRM.AGC.SV01::E02,train
2025-06-18 01:00:00,CRM.AGC.SV01,hydraulics_agc_servo,0.9584,0.1109,-0.9465,0,CRM.AGC.SV01::E02,train
2025-06-18 02:00:00,CRM.AGC.SV01,hydraulics_agc_servo,0.9842,0.1389,-1.3858,0,CRM.AGC.SV01::E02,train
2025-06-18 03:00:00,CRM.AGC.SV01,hydraulics_agc_servo,1.0369,0.1452,-0.9728,0,CRM.AGC.SV01::E02,train
2025-06-18 04:00:00,CRM.AGC.SV01,hydraulics_agc_servo,1.0125,0.1974,0.6572,0,CRM.AGC.SV01::E02,train
2025-06-18 05:00:00,CRM.AGC.SV01,hydraulics_agc_servo,1.0104,0.1997,0.5209,0,CRM.AGC.SV01::E02,train
2025-06-18 06:00:00,CRM.AGC.SV01,hydraulics_agc_servo,1.026,0.1948,0.8253,0,CRM.AGC.SV01::E02,train
2025-06-18 07:00:00,CRM.AGC.SV01,hydraulics_agc_servo,1.0388,0.204,0.1418,0,CRM.AGC.SV01::E02,train
2025-06-18 08:00:00,CRM.AGC.SV01,hydraulics_agc_servo,1.0205,0.2691,-0.7318,0,CRM.AGC.SV01::E02,train
2025-06-18 09:00:00,CRM.AGC.SV01,hydraulics_agc_servo,1.0334,0.2535,-0.4686,0,CRM.AGC.SV01::E02,train
2025-06-18 10:00:00,CRM.AGC.SV01,hydraulics_agc_servo,1.0724,0.254,-0.4284,0,CRM.AGC.SV01::E02,train
2025-06-18 11:00:00,CRM.AGC.SV01,hydraulics_agc_servo,1.0956,0.2794,-0.6119,0,CRM.AGC.SV01::E02,train
2025-06-18 12:00:00,CRM.AGC.SV01,hydraulics_agc_servo,1.0433,0.347,-1.1979,0,CRM.AGC.SV01::E02,train
2025-06-18 13:00:00,CRM.AGC.SV01,hydraulics_agc_servo,1.05,0.3274,-0.5076,0,CRM.AGC.SV01::E02,train
2025-06-18 14:00:00,CRM.AGC.SV01,hydraulics_agc_servo,1.0828,0.3816,-0.3266,0,CRM.AGC.SV01::E02,train
2025-06-18 15:00:00,CRM.AGC.SV01,hydraulics_agc_servo,1.0444,0.3038,-0.7474,0,CRM.AGC.SV01::E02,train
2025-06-18 16:00:00,CRM.AGC.SV01,hydraulics_agc_servo,1.0296,0.269,-1.8109,0,CRM.AGC.SV01::E02,train
2025-06-18 17:00:00,CRM.AGC.SV01,hydraulics_agc_servo,1.0232,0.2609,-0.9189,0,CRM.AGC.SV01::E02,train
2025-06-18 18:00:00,CRM.AGC.SV01,hydraulics_agc_servo,1.09,0.2468,-0.7612,0,CRM.AGC.SV01::E02,train
2025-06-18 19:00:00,CRM.AGC.SV01,hydraulics_agc_servo,1.0668,0.2673,-0.1947,1,CRM.AGC.SV01::E02,train
2025-06-18 20:00:00,CRM.AGC.SV01,hydraulics_agc_servo,1.0601,0.3146,-0.0577,0,CRM.AGC.SV01::E02,train
2025-06-18 21:00:00,CRM.AGC.SV01,hydraulics_agc_servo,1.1011,0.3555,0.1136,0,CRM.AGC.SV01::E02,train
2025-06-18 22:00:00,CRM.AGC.SV01,hydraulics_agc_servo,1.0553,0.3325,-0.3966,1,CRM.AGC.SV01::E02,train
2025-06-18 23:00:00,CRM.AGC.SV01,hydraulics_agc_servo,1.0863,0.2596,0.0366,0,CRM.AGC.SV01::E02,train
2025-06-19 00:00:00,CRM.AGC.SV01,hydraulics_agc_servo,1.0508,0.2635,-0.226,0,CRM.AGC.SV01::E02,train
2025-06-19 01:00:00,CRM.AGC.SV01,hydraulics_agc_servo,1.0631,0.2706,-0.1716,0,CRM.AGC.SV01::E02,train
2025-06-19 02:00:00,CRM.AGC.SV01,hydraulics_agc_servo,1.0343,0.2738,-0.6097,0,CRM.AGC.SV01::E02,train
2025-06-19 03:00:00,CRM.AGC.SV01,hydraulics_agc_servo,1.0277,0.2473,0.5408,0,CRM.AGC.SV01::E02,train
2025-06-19 04:00:00,CRM.AGC.SV01,hydraulics_agc_servo,0.9859,0.2473,-0.2533,0,CRM.AGC.SV01::E02,train
2025-06-19 05:00:00,CRM.AGC.SV01,hydraulics_agc_servo,0.9549,0.2431,-1.0991,0,CRM.AGC.SV01::E02,train
2025-06-19 06:00:00,CRM.AGC.SV01,hydraulics_agc_servo,0.8904,0.2641,-0.9558,0,CRM.AGC.SV01::E02,train
2025-06-19 07:00:00,CRM.AGC.SV01,hydraulics_agc_servo,0.9401,0.2734,-0.9633,0,CRM.AGC.SV01::E02,train
2025-06-19 08:00:00,CRM.AGC.SV01,hydraulics_agc_servo,1.0134,0.3284,-1.4246,0,CRM.AGC.SV01::E02,train
2025-06-19 09:00:00,CRM.AGC.SV01,hydraulics_agc_servo,1.0024,0.3135,-0.8109,0,CRM.AGC.SV01::E02,train
2025-06-19 10:00:00,CRM.AGC.SV01,hydraulics_agc_servo,1.0421,0.2826,-1.0769,0,CRM.AGC.SV01::E02,train
2025-06-19 11:00:00,CRM.AGC.SV01,hydraulics_agc_servo,1.1194,0.2524,-0.7462,0,CRM.AGC.SV01::E02,train
2025-06-19 12:00:00,CRM.AGC.SV01,hydraulics_agc_servo,1.0533,0.22,-1.199,0,CRM.AGC.SV01::E02,train
2025-06-19 13:00:00,CRM.AGC.SV01,hydraulics_agc_servo,1.0321,0.1827,-0.934,0,CRM.AGC.SV01::E02,train
2025-06-19 14:00:00,CRM.AGC.SV01,hydraulics_agc_servo,1.0672,0.1894,-0.7343,0,CRM.AGC.SV01::E02,train
2025-06-19 15:00:00,CRM.AGC.SV01,hydraulics_agc_servo,1.0535,0.2336,-0.226,0,CRM.AGC.SV01::E02,train
2025-06-19 16:00:00,CRM.AGC.SV01,hydraulics_agc_servo,1.0563,0.2484,-0.0362,0,CRM.AGC.SV01::E02,train
2025-06-19 17:00:00,CRM.AGC.SV01,hydraulics_agc_servo,1.1194,0.2064,-0.2698,0,CRM.AGC.SV01::E02,train
2025-06-19 18:00:00,CRM.AGC.SV01,hydraulics_agc_servo,1.1366,0.1912,1.2652,0,CRM.AGC.SV01::E02,train
2025-06-19 19:00:00,CRM.AGC.SV01,hydraulics_agc_servo,1.1632,0.1798,1.4546,0,CRM.AGC.SV01::E02,train
2025-06-19 20:00:00,CRM.AGC.SV01,hydraulics_agc_servo,1.1507,0.1523,0.6197,0,CRM.AGC.SV01::E02,train
2025-06-19 21:00:00,CRM.AGC.SV01,hydraulics_agc_servo,1.1558,0.203,0.428,1,CRM.AGC.SV01::E02,train
2025-06-19 22:00:00,CRM.AGC.SV01,hydraulics_agc_servo,1.1358,0.2511,0.6176,0,CRM.AGC.SV01::E02,train
2025-06-19 23:00:00,CRM.AGC.SV01,hydraulics_agc_servo,1.1527,0.2686,0.6393,0,CRM.AGC.SV01::E02,train
2025-06-20 00:00:00,CRM.AGC.SV01,hydraulics_agc_servo,1.1073,0.2351,0.5139,0,CRM.AGC.SV01::E02,train
2025-06-20 01:00:00,CRM.AGC.SV01,hydraulics_agc_servo,1.0728,0.2195,1.1401,0,CRM.AGC.SV01::E02,train
2025-06-20 02:00:00,CRM.AGC.SV01,hydraulics_agc_servo,1.1387,0.2142,0.6735,0,CRM.AGC.SV01::E02,train
2025-06-20 03:00:00,CRM.AGC.SV01,hydraulics_agc_servo,1.149,0.2609,0.844,0,CRM.AGC.SV01::E02,train
2025-06-20 04:00:00,CRM.AGC.SV01,hydraulics_agc_servo,1.1857,0.2779,0.8562,0,CRM.AGC.SV01::E02,train
2025-06-20 05:00:00,CRM.AGC.SV01,hydraulics_agc_servo,1.1962,0.2402,0.9547,0,CRM.AGC.SV01::E02,train
2025-06-20 06:00:00,CRM.AGC.SV01,hydraulics_agc_servo,1.1847,0.2202,0.0318,0,CRM.AGC.SV01::E02,train
2025-06-20 07:00:00,CRM.AGC.SV01,hydraulics_agc_servo,1.1442,0.1595,0.793,0,CRM.AGC.SV01::E02,train
2025-06-20 08:00:00,CRM.AGC.SV01,hydraulics_agc_servo,1.1502,0.2057,1.4422,0,CRM.AGC.SV01::E02,train
2025-06-20 09:00:00,CRM.AGC.SV01,hydraulics_agc_servo,1.2003,0.2108,1.5698,0,CRM.AGC.SV01::E02,train
2025-06-20 10:00:00,CRM.AGC.SV01,hydraulics_agc_servo,1.2326,0.2206,1.1338,0,CRM.AGC.SV01::E02,train
2025-06-20 11:00:00,CRM.AGC.SV01,hydraulics_agc_servo,1.2384,0.2814,0.731,0,CRM.AGC.SV01::E02,train
2025-06-20 12:00:00,CRM.AGC.SV01,hydraulics_agc_servo,1.2356,0.2711,0.6029,0,CRM.AGC.SV01::E02,train
2025-06-20 13:00:00,CRM.AGC.SV01,hydraulics_agc_servo,1.2039,0.1551,0.9004,0,CRM.AGC.SV01::E02,train
2025-06-20 14:00:00,CRM.AGC.SV01,hydraulics_agc_servo,,0.1526,,0,CRM.AGC.SV01::E02,train
2025-06-20 15:00:00,CRM.AGC.SV01,hydraulics_agc_servo,1.1358,0.1516,1.0058,0,CRM.AGC.SV01::E02,train
2025-06-20 16:00:00,CRM.AGC.SV01,hydraulics_agc_servo,1.18,0.1444,2.0331,0,CRM.AGC.SV01::E02,train
2025-06-20 17:00:00,CRM.AGC.SV01,hydraulics_agc_servo,1.1376,0.1087,2.6775,0,CRM.AGC.SV01::E02,train
2025-06-20 18:00:00,CRM.AGC.SV01,hydraulics_agc_servo,1.0824,0.1437,2.0317,1,CRM.AGC.SV01::E02,train
2025-06-20 19:00:00,CRM.AGC.SV01,hydraulics_agc_servo,1.0884,0.2,1.845,0,CRM.AGC.SV01::E02,train
2025-06-20 20:00:00,CRM.AGC.SV01,hydraulics_agc_servo,1.0719,0.2058,0.5217,1,CRM.AGC.SV01::E02,train
2025-06-20 21:00:00,CRM.AGC.SV01,hydraulics_agc_servo,1.0729,0.2076,-0.756,0,CRM.AGC.SV01::E02,train
2025-06-20 22:00:00,CRM.AGC.SV01,hydraulics_agc_servo,1.0415,0.2069,-1.1671,0,CRM.AGC.SV01::E02,train
2025-06-20 23:00:00,CRM.AGC.SV01,hydraulics_agc_servo,1.0077,0.189,-0.6956,0,CRM.AGC.SV01::E02,train
2025-06-21 00:00:00,CRM.AGC.SV01,hydraulics_agc_servo,0.9852,0.2289,-0.9476,1,CRM.AGC.SV01::E02,train
2025-06-21 01:00:00,CRM.AGC.SV01,hydraulics_agc_servo,1.0119,0.1931,-0.0568,1,CRM.AGC.SV01::E02,train
2025-06-21 02:00:00,CRM.AGC.SV01,hydraulics_agc_servo,0.9715,0.2282,0.1435,0,CRM.AGC.SV01::E02,train
2025-06-21 03:00:00,CRM.AGC.SV01,hydraulics_agc_servo,0.9463,0.2556,0.4588,0,CRM.AGC.SV01::E02,train
2025-06-21 04:00:00,CRM.AGC.SV01,hydraulics_agc_servo,0.9761,0.3011,0.7221,1,CRM.AGC.SV01::E02,train
2025-06-21 05:00:00,CRM.AGC.SV01,hydraulics_agc_servo,1.0158,0.3573,0.4361,0,CRM.AGC.SV01::E02,train
2025-06-21 06:00:00,CRM.AGC.SV01,hydraulics_agc_servo,1.0518,0.338,1.2172,0,CRM.AGC.SV01::E02,train
2025-06-21 07:00:00,CRM.AGC.SV01,hydraulics_agc_servo,1.0474,0.3452,0.931,0,CRM.AGC.SV01::E02,train
2025-06-21 08:00:00,CRM.AGC.SV01,hydraulics_agc_servo,1.0656,0.3379,1.0591,0,CRM.AGC.SV01::E02,train
2025-06-21 09:00:00,CRM.AGC.SV01,hydraulics_agc_servo,1.0559,0.3101,1.0295,0,CRM.AGC.SV01::E02,train
2025-06-21 10:00:00,CRM.AGC.SV01,hydraulics_agc_servo,1.0498,0.2193,1.3059,0,CRM.AGC.SV01::E02,train
2025-06-21 11:00:00,CRM.AGC.SV01,hydraulics_agc_servo,1.0595,0.2976,-0.2278,0,CRM.AGC.SV01::E02,train
2025-06-21 12:00:00,CRM.AGC.SV01,hydraulics_agc_servo,0.9823,0.2896,0.4767,0,CRM.AGC.SV01::E02,train
2025-06-21 13:00:00,CRM.AGC.SV01,hydraulics_agc_servo,1.0087,0.2777,2.0082,0,CRM.AGC.SV01::E02,train
2025-06-21 14:00:00,CRM.AGC.SV01,hydraulics_agc_servo,0.9936,0.2432,4.2008,0,CRM.AGC.SV01::E02,train
2025-06-21 15:00:00,CRM.AGC.SV01,hydraulics_agc_servo,1.0118,0.2962,6.2955,0,CRM.AGC.SV01::E02,train
2025-06-21 16:00:00,CRM.AGC.SV01,hydraulics_agc_servo,1.0429,0.3343,8.6339,0,CRM.AGC.SV01::E02,train
2025-06-21 17:00:00,CRM.AGC.SV01,hydraulics_agc_servo,1.0593,0.3447,9.8248,0,CRM.AGC.SV01::E02,train
2025-06-21 18:00:00,CRM.AGC.SV01,hydraulics_agc_servo,1.0823,0.3633,10.0416,0,CRM.AGC.SV01::E02,train
2025-06-21 19:00:00,CRM.AGC.SV01,hydraulics_agc_servo,1.0489,0.3392,8.5262,0,CRM.AGC.SV01::E02,train
2025-06-21 20:00:00,CRM.AGC.SV01,hydraulics_agc_servo,1.0881,0.3469,7.0889,1,CRM.AGC.SV01::E02,train
2025-06-21 21:00:00,CRM.AGC.SV01,hydraulics_agc_servo,1.0873,0.2979,4.8902,0,CRM.AGC.SV01::E02,train
2025-06-21 22:00:00,CRM.AGC.SV01,hydraulics_agc_servo,1.0721,0.3607,2.4511,0,CRM.AGC.SV01::E02,train
2025-06-21 23:00:00,CRM.AGC.SV01,hydraulics_agc_servo,1.1002,0.3676,1.4972,1,CRM.AGC.SV01::E02,train
2025-06-22 00:00:00,CRM.AGC.SV01,hydraulics_agc_servo,1.034,0.3392,0.6637,1,CRM.AGC.SV01::E02,train
2025-06-22 01:00:00,CRM.AGC.SV01,hydraulics_agc_servo,1.0285,0.3538,0.5183,1,CRM.AGC.SV01::E02,train
2025-06-22 02:00:00,CRM.AGC.SV01,hydraulics_agc_servo,1.0732,0.2968,0.0227,0,CRM.AGC.SV01::E02,train
2025-06-22 03:00:00,CRM.AGC.SV01,hydraulics_agc_servo,1.0705,0.2839,-0.2012,1,CRM.AGC.SV01::E02,train
2025-06-22 04:00:00,CRM.AGC.SV01,hydraulics_agc_servo,1.0872,0.3259,-0.9469,0,CRM.AGC.SV01::E02,train
2025-06-22 05:00:00,CRM.AGC.SV01,hydraulics_agc_servo,1.0721,0.3509,-0.7692,0,CRM.AGC.SV01::E02,train
2025-06-22 06:00:00,CRM.AGC.SV01,hydraulics_agc_servo,1.0188,0.3947,-0.4616,0,CRM.AGC.SV01::E02,train
2025-06-22 07:00:00,CRM.AGC.SV01,hydraulics_agc_servo,1.0687,0.4391,-0.7685,0,CRM.AGC.SV01::E02,train
2025-06-22 08:00:00,CRM.AGC.SV01,hydraulics_agc_servo,1.0591,0.3835,-0.3351,1,CRM.AGC.SV01::E02,train
2025-06-22 09:00:00,CRM.AGC.SV01,hydraulics_agc_servo,0.9786,0.4003,0.0781,0,CRM.AGC.SV01::E02,train
2025-06-22 10:00:00,CRM.AGC.SV01,hydraulics_agc_servo,0.9719,,,1,CRM.AGC.SV01::E02,train
2025-06-22 11:00:00,CRM.AGC.SV01,hydraulics_agc_servo,1.0309,0.2859,0.6307,0,CRM.AGC.SV01::E02,train
2025-06-22 12:00:00,CRM.AGC.SV01,hydraulics_agc_servo,1.0442,0.3182,0.6172,0,CRM.AGC.SV01::E02,train
2025-06-22 13:00:00,CRM.AGC.SV01,hydraulics_agc_servo,1.0739,0.319,0.8274,0,CRM.AGC.SV01::E02,train
2025-06-22 14:00:00,CRM.AGC.SV01,hydraulics_agc_servo,1.0115,0.2766,-0.2719,0,CRM.AGC.SV01::E02,train
2025-06-22 15:00:00,CRM.AGC.SV01,hydraulics_agc_servo,1.0462,0.2549,-1.0151,0,CRM.AGC.SV01::E02,train
2025-06-22 16:00:00,CRM.AGC.SV01,hydraulics_agc_servo,1.052,0.2373,-0.6487,0,CRM.AGC.SV01::E02,train
2025-06-22 17:00:00,CRM.AGC.SV01,hydraulics_agc_servo,1.1272,0.2215,1.2111,0,CRM.AGC.SV01::E02,train
2025-06-22 18:00:00,CRM.AGC.SV01,hydraulics_agc_servo,1.1485,0.2706,1.8757,0,CRM.AGC.SV01::E02,train
2025-06-22 19:00:00,CRM.AGC.SV01,hydraulics_agc_servo,1.1518,0.2753,2.0031,0,CRM.AGC.SV01::E02,train
2025-06-22 20:00:00,CRM.AGC.SV01,hydraulics_agc_servo,1.1798,0.2722,2.0489,1,CRM.AGC.SV01::E02,train
2025-06-22 21:00:00,CRM.AGC.SV01,hydraulics_agc_servo,1.2272,0.2943,1.6653,1,CRM.AGC.SV01::E02,train
2025-06-22 22:00:00,CRM.AGC.SV01,hydraulics_agc_servo,1.1532,0.2509,2.8514,1,CRM.AGC.SV01::E02,train
2025-06-22 23:00:00,CRM.AGC.SV01,hydraulics_agc_servo,1.1626,0.2393,3.1618,0,CRM.AGC.SV01::E02,train
2025-06-23 00:00:00,CRM.AGC.SV01,hydraulics_agc_servo,1.1519,0.2575,1.4602,1,CRM.AGC.SV01::E02,train
2025-06-23 01:00:00,CRM.AGC.SV01,hydraulics_agc_servo,1.1146,0.257,1.4544,0,CRM.AGC.SV01::E02,train
2025-06-23 02:00:00,CRM.AGC.SV01,hydraulics_agc_servo,1.0595,0.2174,0.5184,0,CRM.AGC.SV01::E02,train
2025-06-23 03:00:00,CRM.AGC.SV01,hydraulics_agc_servo,1.094,0.2236,0.9913,0,CRM.AGC.SV01::E02,train
2025-06-23 04:00:00,CRM.AGC.SV01,hydraulics_agc_servo,1.0905,0.2284,0.3559,0,CRM.AGC.SV01::E02,train
2025-06-23 05:00:00,CRM.AGC.SV01,hydraulics_agc_servo,1.1355,0.2093,0.9129,0,CRM.AGC.SV01::E02,train
2025-06-23 06:00:00,CRM.AGC.SV01,hydraulics_agc_servo,1.1485,0.1925,0.6976,0,CRM.AGC.SV01::E02,train
2025-06-23 07:00:00,CRM.AGC.SV01,hydraulics_agc_servo,1.165,0.1662,0.3065,0,CRM.AGC.SV01::E02,train
2025-06-23 08:00:00,CRM.AGC.SV01,hydraulics_agc_servo,1.1725,0.1908,0.4101,0,CRM.AGC.SV01::E02,train
2025-06-23 09:00:00,CRM.AGC.SV01,hydraulics_agc_servo,1.2181,0.2038,-0.5361,0,CRM.AGC.SV01::E02,train
2025-06-23 10:00:00,CRM.AGC.SV01,hydraulics_agc_servo,1.2585,0.2419,-0.3996,1,CRM.AGC.SV01::E02,train
2025-06-23 11:00:00,CRM.AGC.SV01,hydraulics_agc_servo,1.281,0.3192,-1.4586,0,CRM.AGC.SV01::E02,train
2025-06-23 12:00:00,CRM.AGC.SV01,hydraulics_agc_servo,1.2565,0.3265,-1.022,0,CRM.AGC.SV01::E02,train
2025-06-23 13:00:00,CRM.AGC.SV01,hydraulics_agc_servo,1.2469,0.3805,-0.9404,0,CRM.AGC.SV01::E02,train
2025-06-23 14:00:00,CRM.AGC.SV01,hydraulics_agc_servo,1.2593,0.3617,-1.3682,1,CRM.AGC.SV01::E02,train
2025-06-23 15:00:00,CRM.AGC.SV01,hydraulics_agc_servo,1.2244,0.3393,-1.1423,0,CRM.AGC.SV01::E02,train
2025-06-23 16:00:00,CRM.AGC.SV01,hydraulics_agc_servo,1.2241,0.302,-0.5408,0,CRM.AGC.SV01::E02,train
2025-06-23 17:00:00,CRM.AGC.SV01,hydraulics_agc_servo,1.2242,0.3767,-0.7873,0,CRM.AGC.SV01::E02,train
2025-06-23 18:00:00,CRM.AGC.SV01,hydraulics_agc_servo,1.258,0.3783,-0.7721,1,CRM.AGC.SV01::E02,train
2025-06-23 19:00:00,CRM.AGC.SV01,hydraulics_agc_servo,1.2751,0.3126,0.1199,1,CRM.AGC.SV01::E02,train
2025-06-23 20:00:00,CRM.AGC.SV01,hydraulics_agc_servo,1.2572,0.298,0.717,1,CRM.AGC.SV01::E02,train
2025-06-23 21:00:00,CRM.AGC.SV01,hydraulics_agc_servo,1.2438,0.265,0.6175,0,CRM.AGC.SV01::E02,train
2025-06-23 22:00:00,CRM.AGC.SV01,hydraulics_agc_servo,1.2039,0.3095,0.9596,1,CRM.AGC.SV01::E02,train
2025-06-23 23:00:00,CRM.AGC.SV01,hydraulics_agc_servo,1.2301,0.3182,0.4125,1,CRM.AGC.SV01::E02,train
2025-06-24 00:00:00,CRM.AGC.SV01,hydraulics_agc_servo,1.2127,0.2791,0.414,0,CRM.AGC.SV01::E02,train
2025-06-24 01:00:00,CRM.AGC.SV01,hydraulics_agc_servo,1.2069,0.2804,0.5486,1,CRM.AGC.SV01::E02,train
2025-06-24 02:00:00,CRM.AGC.SV01,hydraulics_agc_servo,1.2139,0.2492,-0.1371,1,CRM.AGC.SV01::E02,train
2025-06-24 03:00:00,CRM.AGC.SV01,hydraulics_agc_servo,1.199,0.2381,-1.1036,1,CRM.AGC.SV01::E02,train
2025-06-24 04:00:00,CRM.AGC.SV01,hydraulics_agc_servo,,0.2358,,1,CRM.AGC.SV01::E02,train
2025-06-24 05:00:00,CRM.AGC.SV01,hydraulics_agc_servo,1.139,0.2147,-2.1761,0,CRM.AGC.SV01::E02,train
2025-06-24 06:00:00,CRM.AGC.SV01,hydraulics_agc_servo,1.1981,0.1798,-2.3101,0,CRM.AGC.SV01::E02,train
2025-06-24 07:00:00,CRM.AGC.SV01,hydraulics_agc_servo,1.2173,0.1984,-2.1978,0,CRM.AGC.SV01::E02,train
2025-06-24 08:00:00,CRM.AGC.SV01,hydraulics_agc_servo,1.2464,0.2354,-1.6487,0,CRM.AGC.SV01::E02,train
2025-06-24 09:00:00,CRM.AGC.SV01,hydraulics_agc_servo,1.2321,0.2911,-0.2493,0,CRM.AGC.SV01::E02,train
2025-06-24 10:00:00,CRM.AGC.SV01,hydraulics_agc_servo,1.2467,0.2693,0.1773,1,CRM.AGC.SV01::E02,train
2025-06-24 11:00:00,CRM.AGC.SV01,hydraulics_agc_servo,1.1958,0.2096,-0.5434,1,CRM.AGC.SV01::E02,train
2025-06-24 12:00:00,CRM.AGC.SV01,hydraulics_agc_servo,1.2239,0.2557,-1.2339,0,CRM.AGC.SV01::E02,train
2025-06-24 13:00:00,CRM.AGC.SV01,hydraulics_agc_servo,1.2514,0.2256,-2.2898,1,CRM.AGC.SV01::E02,train
2025-06-24 14:00:00,CRM.AGC.SV01,hydraulics_agc_servo,1.3019,0.2261,-2.2664,1,CRM.AGC.SV01::E02,train
2025-06-24 15:00:00,CRM.AGC.SV01,hydraulics_agc_servo,1.256,0.2308,-2.4502,1,CRM.AGC.SV01::E02,train
2025-06-24 16:00:00,CRM.AGC.SV01,hydraulics_agc_servo,1.2401,0.2214,-2.8031,1,CRM.AGC.SV01::E02,train
2025-06-24 17:00:00,CRM.AGC.SV01,hydraulics_agc_servo,1.2174,0.2024,-2.4227,0,CRM.AGC.SV01::E02,train
2025-06-24 18:00:00,CRM.AGC.SV01,hydraulics_agc_servo,1.2231,0.169,-1.8226,1,CRM.AGC.SV01::E02,train
2025-06-24 19:00:00,CRM.AGC.SV01,hydraulics_agc_servo,1.172,0.1212,-1.6168,0,CRM.AGC.SV01::E02,train
2025-06-24 20:00:00,CRM.AGC.SV01,hydraulics_agc_servo,1.16,0.1378,-1.206,1,CRM.AGC.SV01::E02,train
2025-06-24 21:00:00,CRM.AGC.SV01,hydraulics_agc_servo,1.1616,0.1854,-1.3329,0,CRM.AGC.SV01::E02,train
2025-06-24 22:00:00,CRM.AGC.SV01,hydraulics_agc_servo,1.185,0.2067,-1.3154,1,CRM.AGC.SV01::E02,train
2025-06-24 23:00:00,CRM.AGC.SV01,hydraulics_agc_servo,1.2018,0.2409,-1.3612,1,CRM.AGC.SV01::E02,train
2025-06-25 00:00:00,CRM.AGC.SV01,hydraulics_agc_servo,1.1642,0.2883,-1.1087,1,CRM.AGC.SV01::E02,train
2025-06-25 01:00:00,CRM.AGC.SV01,hydraulics_agc_servo,1.1789,0.2598,-1.1881,0,CRM.AGC.SV01::E02,train
2025-06-25 02:00:00,CRM.AGC.SV01,hydraulics_agc_servo,1.1831,0.2411,-1.744,0,CRM.AGC.SV01::E02,train
2025-06-25 03:00:00,CRM.AGC.SV01,hydraulics_agc_servo,1.2204,0.2137,-0.4159,0,CRM.AGC.SV01::E02,train
2025-06-25 04:00:00,CRM.AGC.SV01,hydraulics_agc_servo,1.2966,0.2091,-1.5417,1,CRM.AGC.SV01::E02,train
2025-06-25 05:00:00,CRM.AGC.SV01,hydraulics_agc_servo,1.3168,0.1978,-1.5832,1,CRM.AGC.SV01::E02,train
2025-06-25 06:00:00,CRM.AGC.SV01,hydraulics_agc_servo,1.3315,0.2129,-0.3809,1,CRM.AGC.SV01::E02,train
2025-06-25 07:00:00,CRM.AGC.SV01,hydraulics_agc_servo,1.2952,0.2013,-1.3837,1,CRM.AGC.SV01::E02,train
2025-06-25 08:00:00,CRM.AGC.SV01,hydraulics_agc_servo,1.2988,0.2249,-1.3759,0,CRM.AGC.SV01::E02,train
2025-06-25 09:00:00,CRM.AGC.SV01,hydraulics_agc_servo,1.3466,0.1985,-1.9722,1,CRM.AGC.SV01::E02,train
2025-06-25 10:00:00,CRM.AGC.SV01,hydraulics_agc_servo,1.3721,0.2194,-2.4682,1,CRM.AGC.SV01::E02,train
2025-06-25 11:00:00,CRM.AGC.SV01,hydraulics_agc_servo,1.3815,0.2311,-2.1899,0,CRM.AGC.SV01::E02,train
2025-06-25 12:00:00,CRM.AGC.SV01,hydraulics_agc_servo,1.4153,0.2614,-1.3624,1,CRM.AGC.SV01::E02,train
2025-06-25 13:00:00,CRM.AGC.SV01,hydraulics_agc_servo,1.3671,0.231,-1.3028,0,CRM.AGC.SV01::E02,train
2025-06-25 14:00:00,CRM.AGC.SV01,hydraulics_agc_servo,1.373,0.2008,-1.0736,1,CRM.AGC.SV01::E02,train
2025-06-25 15:00:00,CRM.AGC.SV01,hydraulics_agc_servo,1.4075,0.2468,-1.1826,0,CRM.AGC.SV01::E02,train
2025-06-25 16:00:00,CRM.AGC.SV01,hydraulics_agc_servo,1.3547,0.2537,-0.4595,1,CRM.AGC.SV01::E02,train
2025-06-25 17:00:00,CRM.AGC.SV01,hydraulics_agc_servo,1.3046,0.2195,-1.3284,0,CRM.AGC.SV01::E02,train
2025-06-25 18:00:00,CRM.AGC.SV01,hydraulics_agc_servo,1.3067,0.2891,-0.6604,0,CRM.AGC.SV01::E02,train
2025-06-25 19:00:00,CRM.AGC.SV01,hydraulics_agc_servo,1.2502,0.2901,-0.7299,1,CRM.AGC.SV01::E02,train
2025-06-25 20:00:00,CRM.AGC.SV01,hydraulics_agc_servo,1.2573,0.2749,-0.1912,1,CRM.AGC.SV01::E02,train
2025-06-25 21:00:00,CRM.AGC.SV01,hydraulics_agc_servo,1.2349,0.2571,-0.054,1,CRM.AGC.SV01::E02,train
2025-06-25 22:00:00,CRM.AGC.SV01,hydraulics_agc_servo,1.1977,0.2436,-0.2829,1,CRM.AGC.SV01::E02,train
2025-06-25 23:00:00,CRM.AGC.SV01,hydraulics_agc_servo,1.219,0.2513,0.193,0,CRM.AGC.SV01::E02,train
2025-06-26 00:00:00,CRM.AGC.SV01,hydraulics_agc_servo,1.2469,0.2529,-1.1002,0,CRM.AGC.SV01::E02,train
2025-06-26 01:00:00,CRM.AGC.SV01,hydraulics_agc_servo,1.2225,0.2331,-0.7766,0,CRM.AGC.SV01::E02,train
2025-06-26 02:00:00,CRM.AGC.SV01,hydraulics_agc_servo,1.1557,0.1992,-1.5227,1,CRM.AGC.SV01::E02,train
2025-06-26 03:00:00,CRM.AGC.SV01,hydraulics_agc_servo,1.1679,0.1639,-1.0933,1,CRM.AGC.SV01::E02,train
2025-06-26 04:00:00,CRM.AGC.SV01,hydraulics_agc_servo,1.1593,0.138,-0.6317,0,CRM.AGC.SV01::E02,train
2025-06-26 05:00:00,CRM.AGC.SV01,hydraulics_agc_servo,1.0997,0.1764,-0.3971,1,CRM.AGC.SV01::E02,train
2025-06-26 06:00:00,CRM.AGC.SV01,hydraulics_agc_servo,1.1275,0.1885,0.3242,0,CRM.AGC.SV01::E02,train
2025-06-26 07:00:00,CRM.AGC.SV01,hydraulics_agc_servo,1.1203,0.1563,0.6678,0,CRM.AGC.SV01::E02,train
2025-06-26 08:00:00,CRM.AGC.SV01,hydraulics_agc_servo,1.1395,0.1589,1.8106,0,CRM.AGC.SV01::E02,train
2025-06-26 09:00:00,CRM.AGC.SV01,hydraulics_agc_servo,1.1028,0.1352,1.4903,0,CRM.AGC.SV01::E02,train
2025-06-26 10:00:00,CRM.AGC.SV01,hydraulics_agc_servo,1.1142,0.1299,2.0679,1,CRM.AGC.SV01::E02,train
2025-06-26 11:00:00,CRM.AGC.SV01,hydraulics_agc_servo,1.1158,0.1649,1.9785,1,CRM.AGC.SV01::E02,train
2025-06-26 12:00:00,CRM.AGC.SV01,hydraulics_agc_servo,1.1752,0.1913,1.8379,1,CRM.AGC.SV01::E02,train
2025-06-26 13:00:00,CRM.AGC.SV01,hydraulics_agc_servo,1.1594,0.1946,1.4366,1,CRM.AGC.SV01::E02,train
2025-06-26 14:00:00,CRM.AGC.SV01,hydraulics_agc_servo,1.1784,0.2679,0.4957,1,CRM.AGC.SV01::E02,train
2025-06-26 15:00:00,CRM.AGC.SV01,hydraulics_agc_servo,1.1591,0.2894,0.9923,1,CRM.AGC.SV01::E02,train
2025-06-26 16:00:00,CRM.AGC.SV01,hydraulics_agc_servo,1.2103,0.228,1.1066,1,CRM.AGC.SV01::E02,train
2025-06-26 17:00:00,CRM.AGC.SV01,hydraulics_agc_servo,1.2533,0.2389,1.6521,1,CRM.AGC.SV01::E02,train
2025-06-26 18:00:00,CRM.AGC.SV01,hydraulics_agc_servo,1.2245,0.3234,1.4233,1,CRM.AGC.SV01::E02,train
2025-06-26 19:00:00,CRM.AGC.SV01,hydraulics_agc_servo,1.2532,0.3286,1.0577,1,CRM.AGC.SV01::E02,train
2025-06-26 20:00:00,CRM.AGC.SV01,hydraulics_agc_servo,1.2498,0.3642,1.5073,1,CRM.AGC.SV01::E02,train
2025-06-26 21:00:00,CRM.AGC.SV01,hydraulics_agc_servo,1.2278,0.2955,1.9098,1,CRM.AGC.SV01::E02,train
2025-06-26 22:00:00,CRM.AGC.SV01,hydraulics_agc_servo,1.2553,0.3086,1.6506,1,CRM.AGC.SV01::E02,train
2025-06-26 23:00:00,CRM.AGC.SV01,hydraulics_agc_servo,1.2953,0.2915,1.8518,1,CRM.AGC.SV01::E02,train
2025-06-27 00:00:00,CRM.AGC.SV01,hydraulics_agc_servo,1.2831,0.2727,2.5985,1,CRM.AGC.SV01::E02,train
2025-06-27 01:00:00,CRM.AGC.SV01,hydraulics_agc_servo,1.2764,0.2921,2.3378,0,CRM.AGC.SV01::E02,train
2025-06-27 02:00:00,CRM.AGC.SV01,hydraulics_agc_servo,1.322,0.2842,2.3008,1,CRM.AGC.SV01::E02,train
2025-06-27 03:00:00,CRM.AGC.SV01,hydraulics_agc_servo,1.2906,0.251,2.5049,1,CRM.AGC.SV01::E02,train
2025-06-27 04:00:00,CRM.AGC.SV01,hydraulics_agc_servo,1.2601,0.2382,2.0819,1,CRM.AGC.SV01::E02,train
2025-06-27 05:00:00,CRM.AGC.SV01,hydraulics_agc_servo,1.2785,0.2467,1.0399,1,CRM.AGC.SV01::E02,train
2025-06-27 06:00:00,CRM.AGC.SV01,hydraulics_agc_servo,1.243,0.2454,1.8401,1,CRM.AGC.SV01::E02,train
2025-06-27 07:00:00,CRM.AGC.SV01,hydraulics_agc_servo,1.2987,0.2276,1.8482,1,CRM.AGC.SV01::E02,train
2025-06-27 08:00:00,CRM.AGC.SV01,hydraulics_agc_servo,1.2972,0.3034,1.5288,1,CRM.AGC.SV01::E02,train
2025-06-27 09:00:00,CRM.AGC.SV01,hydraulics_agc_servo,1.3493,0.3127,2.5557,0,CRM.AGC.SV01::E02,train
2025-06-27 10:00:00,CRM.AGC.SV01,hydraulics_agc_servo,1.3693,0.3004,2.6199,1,CRM.AGC.SV01::E02,train
2025-06-27 11:00:00,CRM.AGC.SV01,hydraulics_agc_servo,1.3398,0.3346,3.6925,1,CRM.AGC.SV01::E02,train
2025-06-27 12:00:00,CRM.AGC.SV01,hydraulics_agc_servo,1.335,0.2604,4.4727,1,CRM.AGC.SV01::E02,train
2025-06-27 13:00:00,CRM.AGC.SV01,hydraulics_agc_servo,1.3086,0.2515,4.8546,1,CRM.AGC.SV01::E02,train
2025-06-27 14:00:00,CRM.AGC.SV01,hydraulics_agc_servo,1.3557,0.2866,5.5509,1,CRM.AGC.SV01::E02,train
2025-06-27 15:00:00,CRM.AGC.SV01,hydraulics_agc_servo,1.4172,0.2527,4.3365,0,CRM.AGC.SV01::E02,train
2025-06-27 16:00:00,CRM.AGC.SV01,hydraulics_agc_servo,1.4627,0.2525,2.9545,1,CRM.AGC.SV01::E02,train
2025-06-27 17:00:00,CRM.AGC.SV01,hydraulics_agc_servo,1.4563,0.1702,3.4204,1,CRM.AGC.SV01::E02,train
2025-06-27 18:00:00,CRM.AGC.SV01,hydraulics_agc_servo,1.4567,0.1492,3.6016,0,CRM.AGC.SV01::E02,train
2025-06-27 19:00:00,CRM.AGC.SV01,hydraulics_agc_servo,1.4297,0.1644,3.6499,1,CRM.AGC.SV01::E02,train
2025-06-27 20:00:00,CRM.AGC.SV01,hydraulics_agc_servo,1.3932,0.2275,3.0978,0,CRM.AGC.SV01::E02,train
2025-06-27 21:00:00,CRM.AGC.SV01,hydraulics_agc_servo,1.4091,0.2357,2.7229,1,CRM.AGC.SV01::E02,train
2025-06-27 22:00:00,CRM.AGC.SV01,hydraulics_agc_servo,1.3842,0.2401,0.9602,1,CRM.AGC.SV01::E02,train
2025-06-27 23:00:00,CRM.AGC.SV01,hydraulics_agc_servo,1.4049,0.2266,0.7789,1,CRM.AGC.SV01::E02,train
2025-06-28 00:00:00,CRM.AGC.SV01,hydraulics_agc_servo,1.376,0.1859,0.6022,1,CRM.AGC.SV01::E02,train
2025-06-28 01:00:00,CRM.AGC.SV01,hydraulics_agc_servo,1.399,0.1777,0.9796,1,CRM.AGC.SV01::E02,train
2025-06-28 02:00:00,CRM.AGC.SV01,hydraulics_agc_servo,1.4746,0.1465,2.13,1,CRM.AGC.SV01::E02,train
2025-06-28 03:00:00,CRM.AGC.SV01,hydraulics_agc_servo,1.4559,0.1401,2.717,1,CRM.AGC.SV01::E02,train
2025-06-28 04:00:00,CRM.AGC.SV01,hydraulics_agc_servo,1.4333,0.18,2.9582,1,CRM.AGC.SV01::E02,train
2025-06-28 05:00:00,CRM.AGC.SV01,hydraulics_agc_servo,1.4628,0.2105,3.3352,1,CRM.AGC.SV01::E02,train
2025-06-28 06:00:00,CRM.AGC.SV01,hydraulics_agc_servo,1.3951,0.1661,4.1521,1,CRM.AGC.SV01::E02,train
2025-06-28 07:00:00,CRM.AGC.SV01,hydraulics_agc_servo,1.4015,0.2179,5.5475,1,CRM.AGC.SV01::E02,train
2025-06-28 08:00:00,CRM.AGC.SV01,hydraulics_agc_servo,1.4556,0.2085,5.7564,1,CRM.AGC.SV01::E02,train
2025-06-28 09:00:00,CRM.AGC.SV01,hydraulics_agc_servo,1.4362,0.213,5.7487,1,CRM.AGC.SV01::E02,train
2025-06-28 10:00:00,CRM.AGC.SV01,hydraulics_agc_servo,1.4773,0.2501,5.5355,1,CRM.AGC.SV01::E02,train
2025-06-28 11:00:00,CRM.AGC.SV01,hydraulics_agc_servo,1.4619,0.3065,5.4896,0,CRM.AGC.SV01::E02,train
2025-06-28 12:00:00,CRM.AGC.SV01,hydraulics_agc_servo,1.502,0.3165,5.5435,1,CRM.AGC.SV01::E02,train
2025-06-28 13:00:00,CRM.AGC.SV01,hydraulics_agc_servo,1.466,0.3091,6.1455,1,CRM.AGC.SV01::E02,train
2025-06-28 14:00:00,CRM.AGC.SV01,hydraulics_agc_servo,1.4267,0.3634,5.3103,1,CRM.AGC.SV01::E02,train
2025-06-28 15:00:00,CRM.AGC.SV01,hydraulics_agc_servo,1.4405,0.3946,5.2687,1,CRM.AGC.SV01::E02,train
2025-06-28 16:00:00,CRM.AGC.SV01,hydraulics_agc_servo,1.4416,0.3856,4.9966,0,CRM.AGC.SV01::E02,train
2025-06-28 17:00:00,CRM.AGC.SV01,hydraulics_agc_servo,1.4216,0.3497,4.4169,1,CRM.AGC.SV01::E02,train
2025-06-28 18:00:00,CRM.AGC.SV01,hydraulics_agc_servo,1.4106,0.3498,4.2772,1,CRM.AGC.SV01::E02,train
2025-06-28 19:00:00,CRM.AGC.SV01,hydraulics_agc_servo,1.403,0.2919,4.4517,1,CRM.AGC.SV01::E02,train
2025-06-28 20:00:00,CRM.AGC.SV01,hydraulics_agc_servo,1.3993,0.2399,5.0018,1,CRM.AGC.SV01::E02,train
2025-06-28 21:00:00,CRM.AGC.SV01,hydraulics_agc_servo,1.3663,0.245,4.2857,1,CRM.AGC.SV01::E02,train
2025-06-28 22:00:00,CRM.AGC.SV01,hydraulics_agc_servo,1.3249,0.238,4.0133,1,CRM.AGC.SV01::E02,train
2025-06-28 23:00:00,CRM.AGC.SV01,hydraulics_agc_servo,1.3348,0.2572,4.3121,1,CRM.AGC.SV01::E02,train
2025-06-29 00:00:00,CRM.AGC.SV01,hydraulics_agc_servo,1.3399,0.2846,4.021,1,CRM.AGC.SV01::E02,train
2025-06-29 01:00:00,CRM.AGC.SV01,hydraulics_agc_servo,1.3467,0.352,4.4016,1,CRM.AGC.SV01::E02,train
2025-06-29 02:00:00,CRM.AGC.SV01,hydraulics_agc_servo,1.3609,0.3742,3.5714,1,CRM.AGC.SV01::E02,train
2025-06-29 03:00:00,CRM.AGC.SV01,hydraulics_agc_servo,1.3678,0.3783,3.0598,1,CRM.AGC.SV01::E02,train
2025-06-29 04:00:00,CRM.AGC.SV01,hydraulics_agc_servo,1.3814,0.4497,2.3803,1,CRM.AGC.SV01::E02,train
2025-06-29 05:00:00,CRM.AGC.SV01,hydraulics_agc_servo,1.373,0.406,2.635,1,CRM.AGC.SV01::E02,train
2025-06-29 06:00:00,CRM.AGC.SV01,hydraulics_agc_servo,1.3581,0.3532,1.732,1,CRM.AGC.SV01::E02,train
2025-06-29 07:00:00,CRM.AGC.SV01,hydraulics_agc_servo,1.3486,0.3814,0.8574,1,CRM.AGC.SV01::E02,train
2025-06-29 08:00:00,CRM.AGC.SV01,hydraulics_agc_servo,1.3592,0.3822,2.107,1,CRM.AGC.SV01::E02,train
2025-06-29 09:00:00,CRM.AGC.SV01,hydraulics_agc_servo,1.3762,0.369,2.3487,1,CRM.AGC.SV01::E02,train
2025-06-29 10:00:00,CRM.AGC.SV01,hydraulics_agc_servo,1.3925,0.4261,2.1546,1,CRM.AGC.SV01::E02,train
2025-06-29 11:00:00,CRM.AGC.SV01,hydraulics_agc_servo,1.3953,0.4596,2.4376,0,CRM.AGC.SV01::E02,train
2025-06-29 12:00:00,CRM.AGC.SV01,hydraulics_agc_servo,1.3416,0.4936,1.7019,1,CRM.AGC.SV01::E02,train
2025-06-29 13:00:00,CRM.AGC.SV01,hydraulics_agc_servo,1.356,0.4789,2.3615,1,CRM.AGC.SV01::E02,train
2025-06-29 14:00:00,CRM.AGC.SV01,hydraulics_agc_servo,1.3463,0.4964,2.0275,1,CRM.AGC.SV01::E02,train
2025-06-29 15:00:00,CRM.AGC.SV01,hydraulics_agc_servo,1.3798,0.4452,2.2151,1,CRM.AGC.SV01::E02,train
2025-06-29 16:00:00,CRM.AGC.SV01,hydraulics_agc_servo,1.3619,0.3811,1.2215,1,CRM.AGC.SV01::E02,train
2025-06-29 17:00:00,CRM.AGC.SV01,hydraulics_agc_servo,1.435,0.3416,1.3355,0,CRM.AGC.SV01::E02,train
2025-06-29 18:00:00,CRM.AGC.SV01,hydraulics_agc_servo,1.494,0.3346,1.7368,1,CRM.AGC.SV01::E02,train
2025-06-29 19:00:00,CRM.AGC.SV01,hydraulics_agc_servo,1.5645,0.3528,0.6,1,CRM.AGC.SV01::E02,train
2025-06-29 20:00:00,CRM.AGC.SV01,hydraulics_agc_servo,1.6269,0.312,-0.2346,0,CRM.AGC.SV01::E02,train
2025-06-29 21:00:00,CRM.AGC.SV01,hydraulics_agc_servo,1.7182,0.3347,-0.1738,1,CRM.AGC.SV01::E02,train
2025-06-29 22:00:00,CRM.AGC.SV01,hydraulics_agc_servo,1.7062,0.3142,-0.2691,1,CRM.AGC.SV01::E02,train
2025-06-29 23:00:00,CRM.AGC.SV01,hydraulics_agc_servo,1.7206,0.29,-0.1946,1,CRM.AGC.SV01::E02,train
2025-06-30 00:00:00,CRM.AGC.SV01,hydraulics_agc_servo,1.6776,0.2694,0.0394,1,CRM.AGC.SV01::E02,train
2025-06-30 01:00:00,CRM.AGC.SV01,hydraulics_agc_servo,1.6376,0.2163,-0.0743,1,CRM.AGC.SV01::E02,train
2025-06-30 02:00:00,CRM.AGC.SV01,hydraulics_agc_servo,1.5881,0.2417,0.268,1,CRM.AGC.SV01::E02,train
2025-06-30 03:00:00,CRM.AGC.SV01,hydraulics_agc_servo,1.5821,0.2354,0.1345,1,CRM.AGC.SV01::E02,train
2025-06-30 04:00:00,CRM.AGC.SV01,hydraulics_agc_servo,1.5973,0.2535,-1.1063,1,CRM.AGC.SV01::E02,train
2025-06-30 05:00:00,CRM.AGC.SV01,hydraulics_agc_servo,1.6046,0.2755,-1.3939,1,CRM.AGC.SV01::E02,train
2025-06-30 06:00:00,CRM.AGC.SV01,hydraulics_agc_servo,1.6334,0.3514,-1.208,1,CRM.AGC.SV01::E02,train
2025-06-30 07:00:00,CRM.AGC.SV01,hydraulics_agc_servo,1.6115,0.3445,-0.9433,1,CRM.AGC.SV01::E02,train
2025-06-30 08:00:00,CRM.AGC.SV01,hydraulics_agc_servo,1.567,0.3031,-0.3768,1,CRM.AGC.SV01::E02,train
2025-06-30 09:00:00,CRM.AGC.SV01,hydraulics_agc_servo,1.5947,0.2989,-0.9208,1,CRM.AGC.SV01::E02,train
2025-06-30 10:00:00,CRM.AGC.SV01,hydraulics_agc_servo,1.6016,0.281,-1.0783,1,CRM.AGC.SV01::E02,train
2025-06-30 11:00:00,CRM.AGC.SV01,hydraulics_agc_servo,1.606,0.3196,-0.6691,1,CRM.AGC.SV01::E02,train
2025-06-30 12:00:00,CRM.AGC.SV01,hydraulics_agc_servo,1.6255,0.3673,-0.5392,1,CRM.AGC.SV01::E02,train
2025-06-30 13:00:00,CRM.AGC.SV01,hydraulics_agc_servo,1.6046,0.3409,-0.0998,1,CRM.AGC.SV01::E02,train
2025-06-30 14:00:00,CRM.AGC.SV01,hydraulics_agc_servo,1.5826,0.2861,0.3097,1,CRM.AGC.SV01::E02,train
2025-06-30 15:00:00,CRM.AGC.SV01,hydraulics_agc_servo,1.6053,0.2694,0.7605,1,CRM.AGC.SV01::E02,train
2025-06-30 16:00:00,CRM.AGC.SV01,hydraulics_agc_servo,1.6426,0.2595,0.9248,1,CRM.AGC.SV01::E02,train
2025-06-30 17:00:00,CRM.AGC.SV01,hydraulics_agc_servo,1.6234,0.2912,1.4468,1,CRM.AGC.SV01::E02,train
2025-06-30 18:00:00,CRM.AGC.SV01,hydraulics_agc_servo,1.5998,0.3048,1.1251,1,CRM.AGC.SV01::E02,train
2025-06-30 19:00:00,CRM.AGC.SV01,hydraulics_agc_servo,1.6105,0.305,0.4377,1,CRM.AGC.SV01::E02,train
2025-06-30 20:00:00,CRM.AGC.SV01,hydraulics_agc_servo,1.6149,0.3389,0.3904,1,CRM.AGC.SV01::E02,train
2025-06-30 21:00:00,CRM.AGC.SV01,hydraulics_agc_servo,1.6094,0.3271,0.573,1,CRM.AGC.SV01::E02,train
2025-06-30 22:00:00,CRM.AGC.SV01,hydraulics_agc_servo,1.5874,0.3994,0.5894,1,CRM.AGC.SV01::E02,train
2025-06-30 23:00:00,CRM.AGC.SV01,hydraulics_agc_servo,1.5731,0.4496,0.0976,1,CRM.AGC.SV01::E02,train
2025-07-01 00:00:00,CRM.AGC.SV01,hydraulics_agc_servo,1.6118,0.3754,0.8138,1,CRM.AGC.SV01::E02,train
2025-07-01 01:00:00,CRM.AGC.SV01,hydraulics_agc_servo,1.6282,0.4437,-0.4943,1,CRM.AGC.SV01::E02,train
2025-07-01 02:00:00,CRM.AGC.SV01,hydraulics_agc_servo,1.7044,0.4141,0.0123,1,CRM.AGC.SV01::E02,train
2025-07-01 03:00:00,CRM.AGC.SV01,hydraulics_agc_servo,1.6927,0.4478,-0.3336,1,CRM.AGC.SV01::E02,train
2025-07-01 04:00:00,CRM.AGC.SV01,hydraulics_agc_servo,1.666,0.4481,-1.009,1,CRM.AGC.SV01::E02,train
2025-07-01 05:00:00,CRM.AGC.SV01,hydraulics_agc_servo,1.7174,0.4278,-0.7792,1,CRM.AGC.SV01::E02,train
2025-07-01 06:00:00,CRM.AGC.SV01,hydraulics_agc_servo,1.757,0.4056,-1.3065,1,CRM.AGC.SV01::E02,train
2025-07-01 07:00:00,CRM.AGC.SV01,hydraulics_agc_servo,1.7453,0.3867,-1.2888,1,CRM.AGC.SV01::E02,train
2025-07-01 08:00:00,CRM.AGC.SV01,hydraulics_agc_servo,1.7309,0.3618,-1.2579,1,CRM.AGC.SV01::E02,train
2025-07-01 09:00:00,CRM.AGC.SV01,hydraulics_agc_servo,1.6743,0.3019,-1.1975,1,CRM.AGC.SV01::E02,train
2025-07-01 10:00:00,CRM.AGC.SV01,hydraulics_agc_servo,1.735,0.2925,-2.3945,1,CRM.AGC.SV01::E02,train
2025-07-01 11:00:00,CRM.AGC.SV01,hydraulics_agc_servo,1.7061,0.2882,-3.0598,1,CRM.AGC.SV01::E02,train
2025-07-01 12:00:00,CRM.AGC.SV01,hydraulics_agc_servo,1.7099,0.2228,-3.8998,1,CRM.AGC.SV01::E02,train
2025-07-01 13:00:00,CRM.AGC.SV01,hydraulics_agc_servo,1.6673,0.2487,-3.8464,1,CRM.AGC.SV01::E02,train
2025-07-01 14:00:00,CRM.AGC.SV01,hydraulics_agc_servo,1.7271,0.2813,-2.9212,1,CRM.AGC.SV01::E02,train
2025-07-01 15:00:00,CRM.AGC.SV01,hydraulics_agc_servo,1.6623,0.2036,-2.9869,1,CRM.AGC.SV01::E02,train
2025-07-01 16:00:00,CRM.AGC.SV01,hydraulics_agc_servo,1.6893,0.2076,-2.967,1,CRM.AGC.SV01::E02,train
2025-07-01 17:00:00,CRM.AGC.SV01,hydraulics_agc_servo,1.7086,0.1903,-2.9111,1,CRM.AGC.SV01::E02,train
2025-07-01 18:00:00,CRM.AGC.SV01,hydraulics_agc_servo,1.7279,0.1687,-3.526,1,CRM.AGC.SV01::E02,train
2025-07-01 19:00:00,CRM.AGC.SV01,hydraulics_agc_servo,1.7718,0.2297,-3.6494,1,CRM.AGC.SV01::E02,train
2025-07-01 20:00:00,CRM.AGC.SV01,hydraulics_agc_servo,1.8074,0.2685,-3.6846,1,CRM.AGC.SV01::E02,train
2025-07-01 21:00:00,CRM.AGC.SV01,hydraulics_agc_servo,1.7675,0.2936,-3.266,1,CRM.AGC.SV01::E02,train
2025-07-01 22:00:00,CRM.AGC.SV01,hydraulics_agc_servo,1.756,0.2729,-4.3643,1,CRM.AGC.SV01::E02,train
2025-07-01 23:00:00,CRM.AGC.SV01,hydraulics_agc_servo,1.8121,0.2756,-3.1631,2,CRM.AGC.SV01::E02,train
2025-07-02 00:00:00,CRM.AGC.SV01,hydraulics_agc_servo,1.8002,0.2743,-3.1436,1,CRM.AGC.SV01::E02,train
2025-07-02 01:00:00,CRM.AGC.SV01,hydraulics_agc_servo,1.7634,0.2038,-3.0481,1,CRM.AGC.SV01::E02,train
2025-07-02 02:00:00,CRM.AGC.SV01,hydraulics_agc_servo,1.7581,0.2124,-3.2491,1,CRM.AGC.SV01::E02,train
2025-07-02 03:00:00,CRM.AGC.SV01,hydraulics_agc_servo,1.8075,0.181,-2.8814,1,CRM.AGC.SV01::E02,train
2025-07-02 04:00:00,CRM.AGC.SV01,hydraulics_agc_servo,1.818,0.2264,-2.7683,1,CRM.AGC.SV01::E02,train
2025-07-02 05:00:00,CRM.AGC.SV01,hydraulics_agc_servo,1.8032,0.2193,-2.6129,1,CRM.AGC.SV01::E02,train
2025-07-02 06:00:00,CRM.AGC.SV01,hydraulics_agc_servo,1.8352,0.2444,-2.5816,1,CRM.AGC.SV01::E02,train
2025-07-02 07:00:00,CRM.AGC.SV01,hydraulics_agc_servo,1.8749,0.2502,-1.7686,1,CRM.AGC.SV01::E02,train
2025-07-02 08:00:00,CRM.AGC.SV01,hydraulics_agc_servo,1.9392,0.2202,-2.0911,1,CRM.AGC.SV01::E02,train
2025-07-02 09:00:00,CRM.AGC.SV01,hydraulics_agc_servo,1.9897,0.2217,-1.6654,1,CRM.AGC.SV01::E02,train
2025-07-02 10:00:00,CRM.AGC.SV01,hydraulics_agc_servo,2.0055,0.197,1.3269,1,CRM.AGC.SV01::E02,train
2025-07-02 11:00:00,CRM.AGC.SV01,hydraulics_agc_servo,2.0316,0.2062,4.3049,1,CRM.AGC.SV01::E02,train
2025-07-02 12:00:00,CRM.AGC.SV01,hydraulics_agc_servo,2.0445,0.256,6.1355,1,CRM.AGC.SV01::E02,train
2025-07-02 13:00:00,CRM.AGC.SV01,hydraulics_agc_servo,2.0394,0.2174,7.7242,1,CRM.AGC.SV01::E02,train
2025-07-02 14:00:00,CRM.AGC.SV01,hydraulics_agc_servo,2.0467,0.1944,8.0403,1,CRM.AGC.SV01::E02,train
2025-07-02 15:00:00,CRM.AGC.SV01,hydraulics_agc_servo,2.0312,0.2069,6.5168,1,CRM.AGC.SV01::E02,train
2025-07-02 16:00:00,CRM.AGC.SV01,hydraulics_agc_servo,2.0397,0.2132,4.3298,1,CRM.AGC.SV01::E02,train
2025-07-02 17:00:00,CRM.AGC.SV01,hydraulics_agc_servo,2.0269,0.2004,1.5636,1,CRM.AGC.SV01::E02,train
2025-07-02 18:00:00,CRM.AGC.SV01,hydraulics_agc_servo,2.0689,0.2294,-1.1147,1,CRM.AGC.SV01::E02,train
2025-07-02 19:00:00,CRM.AGC.SV01,hydraulics_agc_servo,2.0807,0.2321,-1.7637,1,CRM.AGC.SV01::E02,train
2025-07-02 20:00:00,CRM.AGC.SV01,hydraulics_agc_servo,2.0631,0.2063,-0.4959,1,CRM.AGC.SV01::E02,train
2025-07-02 21:00:00,CRM.AGC.SV01,hydraulics_agc_servo,2.0448,0.2833,1.0437,1,CRM.AGC.SV01::E02,train
2025-07-02 22:00:00,CRM.AGC.SV01,hydraulics_agc_servo,2.047,0.2236,1.0497,1,CRM.AGC.SV01::E02,train
2025-07-02 23:00:00,CRM.AGC.SV01,hydraulics_agc_servo,2.0319,0.1684,2.0656,1,CRM.AGC.SV01::E02,train
2025-07-03 00:00:00,CRM.AGC.SV01,hydraulics_agc_servo,2.0032,0.1402,2.1879,1,CRM.AGC.SV01::E02,train
2025-07-03 01:00:00,CRM.AGC.SV01,hydraulics_agc_servo,2.0342,0.1345,1.6653,1,CRM.AGC.SV01::E02,train
2025-07-03 02:00:00,CRM.AGC.SV01,hydraulics_agc_servo,2.0441,0.1618,2.2992,1,CRM.AGC.SV01::E02,train
2025-07-03 03:00:00,CRM.AGC.SV01,hydraulics_agc_servo,2.0795,0.1668,1.7533,1,CRM.AGC.SV01::E02,train
2025-07-03 04:00:00,CRM.AGC.SV01,hydraulics_agc_servo,2.0734,0.1373,1.9572,1,CRM.AGC.SV01::E02,train
2025-07-03 05:00:00,CRM.AGC.SV01,hydraulics_agc_servo,2.1559,0.1886,0.9777,1,CRM.AGC.SV01::E02,train
2025-07-03 06:00:00,CRM.AGC.SV01,hydraulics_agc_servo,2.1903,0.165,1.0492,1,CRM.AGC.SV01::E02,train
2025-07-03 07:00:00,CRM.AGC.SV01,hydraulics_agc_servo,2.2611,0.1554,1.4799,1,CRM.AGC.SV01::E02,train
2025-07-03 08:00:00,CRM.AGC.SV01,hydraulics_agc_servo,2.3265,0.1339,1.0961,1,CRM.AGC.SV01::E02,train
2025-07-03 09:00:00,CRM.AGC.SV01,hydraulics_agc_servo,2.2904,0.2055,0.8348,2,CRM.AGC.SV01::E02,train
2025-07-03 10:00:00,CRM.AGC.SV01,hydraulics_agc_servo,2.2507,0.2017,1.2179,1,CRM.AGC.SV01::E02,train
2025-07-03 11:00:00,CRM.AGC.SV01,hydraulics_agc_servo,2.1993,0.2472,2.2935,1,CRM.AGC.SV01::E02,train
2025-07-03 12:00:00,CRM.AGC.SV01,hydraulics_agc_servo,2.2074,0.225,2.0939,1,CRM.AGC.SV01::E02,train
2025-07-03 13:00:00,CRM.AGC.SV01,hydraulics_agc_servo,2.2002,0.1657,1.6164,1,CRM.AGC.SV01::E02,train
2025-07-03 14:00:00,CRM.AGC.SV01,hydraulics_agc_servo,2.2352,0.0828,2.1156,1,CRM.AGC.SV01::E02,train
2025-07-03 15:00:00,CRM.AGC.SV01,hydraulics_agc_servo,2.2093,0.0987,1.2313,1,CRM.AGC.SV01::E02,train
2025-07-03 16:00:00,CRM.AGC.SV01,hydraulics_agc_servo,2.1527,0.1432,1.3885,1,CRM.AGC.SV01::E02,train
2025-07-03 17:00:00,CRM.AGC.SV01,hydraulics_agc_servo,2.147,0.2042,1.1416,1,CRM.AGC.SV01::E02,train
2025-07-03 18:00:00,CRM.AGC.SV01,hydraulics_agc_servo,2.1811,0.2335,1.0885,2,CRM.AGC.SV01::E02,train
2025-07-03 19:00:00,CRM.AGC.SV01,hydraulics_agc_servo,2.1936,0.2357,0.8496,1,CRM.AGC.SV01::E02,train
2025-07-03 20:00:00,CRM.AGC.SV01,hydraulics_agc_servo,2.1649,0.2796,0.493,2,CRM.AGC.SV01::E02,train
2025-07-03 21:00:00,CRM.AGC.SV01,hydraulics_agc_servo,2.1995,0.2737,0.3236,1,CRM.AGC.SV01::E02,train
2025-07-03 22:00:00,CRM.AGC.SV01,hydraulics_agc_servo,2.1956,0.2899,0.7283,1,CRM.AGC.SV01::E02,train
2025-07-03 23:00:00,CRM.AGC.SV01,hydraulics_agc_servo,2.109,0.3065,0.0955,2,CRM.AGC.SV01::E02,train
2025-07-04 00:00:00,CRM.AGC.SV01,hydraulics_agc_servo,2.0926,0.3169,-0.5722,1,CRM.AGC.SV01::E02,train
2025-07-04 01:00:00,CRM.AGC.SV01,hydraulics_agc_servo,2.1425,0.3493,-0.4715,1,CRM.AGC.SV01::E02,train
2025-07-04 02:00:00,CRM.AGC.SV01,hydraulics_agc_servo,2.1058,0.3358,-0.0631,1,CRM.AGC.SV01::E02,train
2025-07-04 03:00:00,CRM.AGC.SV01,hydraulics_agc_servo,2.127,0.3093,0.1671,1,CRM.AGC.SV01::E02,train
2025-07-04 04:00:00,CRM.AGC.SV01,hydraulics_agc_servo,2.1573,0.3629,0.1137,1,CRM.AGC.SV01::E02,train
2025-07-04 05:00:00,CRM.AGC.SV01,hydraulics_agc_servo,2.1709,0.3442,0.3529,1,CRM.AGC.SV01::E02,train
2025-07-04 06:00:00,CRM.AGC.SV01,hydraulics_agc_servo,2.1439,0.3844,-0.8019,2,CRM.AGC.SV01::E02,train
2025-07-04 07:00:00,CRM.AGC.SV01,hydraulics_agc_servo,2.1339,0.3636,-1.0967,2,CRM.AGC.SV01::E02,train
2025-07-04 08:00:00,CRM.AGC.SV01,hydraulics_agc_servo,2.1337,0.2978,-0.3302,1,CRM.AGC.SV01::E02,train
2025-07-04 09:00:00,CRM.AGC.SV01,hydraulics_agc_servo,2.1099,0.3331,0.0231,1,CRM.AGC.SV01::E02,train
2025-07-04 10:00:00,CRM.AGC.SV01,hydraulics_agc_servo,2.1368,0.3978,0.8513,1,CRM.AGC.SV01::E02,train
2025-07-04 11:00:00,CRM.AGC.SV01,hydraulics_agc_servo,2.1898,0.3775,0.0952,1,CRM.AGC.SV01::E02,train
2025-07-04 12:00:00,CRM.AGC.SV01,hydraulics_agc_servo,2.2636,0.3691,-0.9719,1,CRM.AGC.SV01::E02,train
2025-07-04 13:00:00,CRM.AGC.SV01,hydraulics_agc_servo,2.2792,0.3954,-0.4824,1,CRM.AGC.SV01::E02,train
2025-07-04 14:00:00,CRM.AGC.SV01,hydraulics_agc_servo,2.2726,0.3754,-1.5273,1,CRM.AGC.SV01::E02,train
2025-07-04 15:00:00,CRM.AGC.SV01,hydraulics_agc_servo,2.2647,0.3101,-1.2541,1,CRM.AGC.SV01::E02,train
2025-07-04 16:00:00,CRM.AGC.SV01,hydraulics_agc_servo,2.2282,0.31,-1.2614,2,CRM.AGC.SV01::E02,train
2025-07-04 17:00:00,CRM.AGC.SV01,hydraulics_agc_servo,2.2258,0.3552,-0.313,2,CRM.AGC.SV01::E02,train
2025-07-04 18:00:00,CRM.AGC.SV01,hydraulics_agc_servo,2.183,0.3492,-1.0333,2,CRM.AGC.SV01::E02,train
2025-07-04 19:00:00,CRM.AGC.SV01,hydraulics_agc_servo,2.2004,0.3251,-1.4324,1,CRM.AGC.SV01::E02,train
2025-07-04 20:00:00,CRM.AGC.SV01,hydraulics_agc_servo,2.2068,0.2551,-2.6686,1,CRM.AGC.SV01::E02,train
2025-07-04 21:00:00,CRM.AGC.SV01,hydraulics_agc_servo,2.2567,0.2507,-3.3898,1,CRM.AGC.SV01::E02,train
2025-07-04 22:00:00,CRM.AGC.SV01,hydraulics_agc_servo,2.2723,0.1816,-3.1328,1,CRM.AGC.SV01::E02,train
2025-07-04 23:00:00,CRM.AGC.SV01,hydraulics_agc_servo,2.2971,0.1081,-2.9222,1,CRM.AGC.SV01::E02,train
2025-07-05 00:00:00,CRM.AGC.SV01,hydraulics_agc_servo,2.3168,0.0567,-2.9453,1,CRM.AGC.SV01::E02,train
2025-07-05 01:00:00,CRM.AGC.SV01,hydraulics_agc_servo,2.2841,0.085,-3.7037,1,CRM.AGC.SV01::E02,train
2025-07-05 02:00:00,CRM.AGC.SV01,hydraulics_agc_servo,2.317,0.1072,-2.9815,1,CRM.AGC.SV01::E02,train
2025-07-05 03:00:00,CRM.AGC.SV01,hydraulics_agc_servo,2.3276,0.1474,-2.2717,1,CRM.AGC.SV01::E02,train
2025-07-05 04:00:00,CRM.AGC.SV01,hydraulics_agc_servo,2.3583,0.159,-2.9823,1,CRM.AGC.SV01::E02,train
2025-07-05 05:00:00,CRM.AGC.SV01,hydraulics_agc_servo,2.3519,0.1859,-3.84,1,CRM.AGC.SV01::E02,train
2025-07-05 06:00:00,CRM.AGC.SV01,hydraulics_agc_servo,2.3112,0.1958,-2.9138,1,CRM.AGC.SV01::E02,train
2025-07-05 07:00:00,CRM.AGC.SV01,hydraulics_agc_servo,2.3317,0.2185,-3.9979,1,CRM.AGC.SV01::E02,train
2025-07-05 08:00:00,CRM.AGC.SV01,hydraulics_agc_servo,2.3342,0.2079,-3.231,1,CRM.AGC.SV01::E02,train
2025-07-05 09:00:00,CRM.AGC.SV01,hydraulics_agc_servo,2.3788,0.2229,-4.3027,2,CRM.AGC.SV01::E02,train
2025-07-05 10:00:00,CRM.AGC.SV01,hydraulics_agc_servo,2.3928,0.2575,-3.0747,2,CRM.AGC.SV01::E02,train
2025-07-05 11:00:00,CRM.AGC.SV01,hydraulics_agc_servo,2.4694,0.2227,-3.5913,1,CRM.AGC.SV01::E02,train
2025-07-05 12:00:00,CRM.AGC.SV01,hydraulics_agc_servo,2.5157,0.2965,-3.8017,2,CRM.AGC.SV01::E02,train
2025-07-05 13:00:00,CRM.AGC.SV01,hydraulics_agc_servo,2.4967,0.254,-2.8862,1,CRM.AGC.SV01::E02,train
2025-07-05 14:00:00,CRM.AGC.SV01,hydraulics_agc_servo,2.5396,0.2013,-2.0969,1,CRM.AGC.SV01::E02,train
2025-07-05 15:00:00,CRM.AGC.SV01,hydraulics_agc_servo,2.4957,0.2087,-1.9898,1,CRM.AGC.SV01::E02,train
2025-07-05 16:00:00,CRM.AGC.SV01,hydraulics_agc_servo,2.4843,0.1996,-2.2591,2,CRM.AGC.SV01::E02,train
2025-07-05 17:00:00,CRM.AGC.SV01,hydraulics_agc_servo,2.4924,0.2203,-1.7012,2,CRM.AGC.SV01::E02,train
2025-07-05 18:00:00,CRM.AGC.SV01,hydraulics_agc_servo,2.537,0.2767,-1.4183,1,CRM.AGC.SV01::E02,train
2025-07-05 19:00:00,CRM.AGC.SV01,hydraulics_agc_servo,2.5558,0.2929,-1.2941,2,CRM.AGC.SV01::E02,train
2025-07-05 20:00:00,CRM.AGC.SV01,hydraulics_agc_servo,2.5734,0.2823,-0.901,1,CRM.AGC.SV01::E02,train
2025-07-05 21:00:00,CRM.AGC.SV01,hydraulics_agc_servo,2.6234,0.2382,-1.695,2,CRM.AGC.SV01::E02,train
2025-07-05 22:00:00,CRM.AGC.SV01,hydraulics_agc_servo,3.52,0.2637,-1.0233,1,CRM.AGC.SV01::E02,train
2025-07-05 23:00:00,CRM.AGC.SV01,hydraulics_agc_servo,2.5958,0.2144,-0.6492,2,CRM.AGC.SV01::E02,train
2025-07-06 00:00:00,CRM.AGC.SV01,hydraulics_agc_servo,2.6044,0.2249,-0.6733,1,CRM.AGC.SV01::E02,train
2025-07-06 01:00:00,CRM.AGC.SV01,hydraulics_agc_servo,2.5881,0.2256,-0.8932,1,CRM.AGC.SV01::E02,train
2025-07-06 02:00:00,CRM.AGC.SV01,hydraulics_agc_servo,2.5483,0.2236,-1.092,1,CRM.AGC.SV01::E02,train
2025-07-06 03:00:00,CRM.AGC.SV01,hydraulics_agc_servo,2.5575,0.246,-0.7928,1,CRM.AGC.SV01::E02,train
2025-07-06 04:00:00,CRM.AGC.SV01,hydraulics_agc_servo,2.5955,0.1921,-1.688,2,CRM.AGC.SV01::E02,train
2025-07-06 05:00:00,CRM.AGC.SV01,hydraulics_agc_servo,2.5781,0.1872,-1.6129,1,CRM.AGC.SV01::E02,train
2025-07-06 06:00:00,CRM.AGC.SV01,hydraulics_agc_servo,2.6253,0.1661,-2.1357,1,CRM.AGC.SV01::E02,train
2025-07-06 07:00:00,CRM.AGC.SV01,hydraulics_agc_servo,2.5807,0.1293,-2.69,1,CRM.AGC.SV01::E02,train
2025-07-06 08:00:00,CRM.AGC.SV01,hydraulics_agc_servo,2.5905,0.1019,-1.5833,1,CRM.AGC.SV01::E02,train
2025-07-06 09:00:00,CRM.AGC.SV01,hydraulics_agc_servo,2.6161,0.1147,-1.2742,1,CRM.AGC.SV01::E02,train
2025-07-06 10:00:00,CRM.AGC.SV01,hydraulics_agc_servo,2.5837,0.1346,-0.1172,1,CRM.AGC.SV01::E02,train
2025-07-06 11:00:00,CRM.AGC.SV01,hydraulics_agc_servo,2.6203,0.1434,1.188,2,CRM.AGC.SV01::E02,train
2025-07-06 12:00:00,CRM.AGC.SV01,hydraulics_agc_servo,2.5585,0.1643,1.4209,1,CRM.AGC.SV01::E02,train
2025-07-06 13:00:00,CRM.AGC.SV01,hydraulics_agc_servo,2.5693,0.1737,1.4799,2,CRM.AGC.SV01::E02,train
2025-07-06 14:00:00,CRM.AGC.SV01,hydraulics_agc_servo,2.5898,0.194,0.6196,1,CRM.AGC.SV01::E02,train
2025-07-06 15:00:00,CRM.AGC.SV01,hydraulics_agc_servo,2.5837,0.1522,1.1212,2,CRM.AGC.SV01::E02,train
2025-07-06 16:00:00,CRM.AGC.SV01,hydraulics_agc_servo,2.6231,0.153,0.9229,2,CRM.AGC.SV01::E02,train
2025-07-06 17:00:00,CRM.AGC.SV01,hydraulics_agc_servo,2.6277,0.2499,1.6529,1,CRM.AGC.SV01::E02,train
2025-07-06 18:00:00,CRM.AGC.SV01,hydraulics_agc_servo,2.642,0.2555,4.101,1,CRM.AGC.SV01::E02,train
2025-07-06 19:00:00,CRM.AGC.SV01,hydraulics_agc_servo,2.596,0.2475,4.859,1,CRM.AGC.SV01::E02,train
2025-07-06 20:00:00,CRM.AGC.SV01,hydraulics_agc_servo,2.5901,0.2774,4.0604,2,CRM.AGC.SV01::E02,train
2025-07-06 21:00:00,CRM.AGC.SV01,hydraulics_agc_servo,2.619,0.3276,3.3319,1,CRM.AGC.SV01::E02,train
2025-07-06 22:00:00,CRM.AGC.SV01,hydraulics_agc_servo,2.6589,0.3187,3.536,1,CRM.AGC.SV01::E02,train
2025-07-06 23:00:00,CRM.AGC.SV01,hydraulics_agc_servo,2.6033,0.3795,4.0492,2,CRM.AGC.SV01::E02,train
2025-07-07 00:00:00,CRM.AGC.SV01,hydraulics_agc_servo,2.6147,0.3933,3.7213,2,CRM.AGC.SV01::E02,train
2025-07-07 01:00:00,CRM.AGC.SV01,hydraulics_agc_servo,2.5984,0.3813,3.5567,1,CRM.AGC.SV01::E02,train
2025-07-07 02:00:00,CRM.AGC.SV01,hydraulics_agc_servo,2.5775,0.4293,3.7743,1,CRM.AGC.SV01::E02,train
2025-07-07 03:00:00,CRM.AGC.SV01,hydraulics_agc_servo,2.6308,0.4835,3.8996,1,CRM.AGC.SV01::E02,train
2025-07-07 04:00:00,CRM.AGC.SV01,hydraulics_agc_servo,2.6456,0.4441,2.8841,1,CRM.AGC.SV01::E02,train
2025-07-07 05:00:00,CRM.AGC.SV01,hydraulics_agc_servo,2.6431,0.4002,3.0309,2,CRM.AGC.SV01::E02,train
2025-07-07 06:00:00,CRM.AGC.SV01,hydraulics_agc_servo,2.6339,0.4031,3.0967,1,CRM.AGC.SV01::E02,train
2025-07-07 07:00:00,CRM.AGC.SV01,hydraulics_agc_servo,2.6693,0.4041,3.4598,1,CRM.AGC.SV01::E02,train
2025-07-07 08:00:00,CRM.AGC.SV01,hydraulics_agc_servo,2.6853,0.3485,4.2794,2,CRM.AGC.SV01::E02,train
2025-07-07 09:00:00,CRM.AGC.SV01,hydraulics_agc_servo,2.7194,0.3471,4.3145,1,CRM.AGC.SV01::E02,train
2025-07-07 10:00:00,CRM.AGC.SV01,hydraulics_agc_servo,2.7456,0.3293,3.3179,1,CRM.AGC.SV01::E02,train
2025-07-07 11:00:00,CRM.AGC.SV01,hydraulics_agc_servo,2.7078,,,1,CRM.AGC.SV01::E02,train
2025-07-07 12:00:00,CRM.AGC.SV01,hydraulics_agc_servo,2.6985,0.415,1.9205,1,CRM.AGC.SV01::E02,train
2025-07-07 13:00:00,CRM.AGC.SV01,hydraulics_agc_servo,2.6712,0.3279,1.8311,2,CRM.AGC.SV01::E02,train
2025-07-07 14:00:00,CRM.AGC.SV01,hydraulics_agc_servo,2.7561,0.3199,2.1662,1,CRM.AGC.SV01::E02,train
2025-07-07 15:00:00,CRM.AGC.SV01,hydraulics_agc_servo,2.8107,0.2943,2.2361,2,CRM.AGC.SV01::E02,train
2025-07-07 16:00:00,CRM.AGC.SV01,hydraulics_agc_servo,2.7763,0.2645,1.3932,2,CRM.AGC.SV01::E02,train
2025-07-07 17:00:00,CRM.AGC.SV01,hydraulics_agc_servo,2.7758,0.252,-0.2835,2,CRM.AGC.SV01::E02,train
2025-07-07 18:00:00,CRM.AGC.SV01,hydraulics_agc_servo,2.7791,0.265,0.48,2,CRM.AGC.SV01::E02,train
2025-07-07 19:00:00,CRM.AGC.SV01,hydraulics_agc_servo,2.7614,0.293,0.82,2,CRM.AGC.SV01::E02,train
2025-07-07 20:00:00,CRM.AGC.SV01,hydraulics_agc_servo,2.7439,0.2886,1.1498,2,CRM.AGC.SV01::E02,train
2025-07-07 21:00:00,CRM.AGC.SV01,hydraulics_agc_servo,2.738,0.2681,0.8781,1,CRM.AGC.SV01::E02,train
2025-07-07 22:00:00,CRM.AGC.SV01,hydraulics_agc_servo,2.6857,0.2763,0.217,2,CRM.AGC.SV01::E02,train
2025-07-07 23:00:00,CRM.AGC.SV01,hydraulics_agc_servo,2.696,0.2954,1.1451,2,CRM.AGC.SV01::E02,train
2025-07-08 00:00:00,CRM.AGC.SV01,hydraulics_agc_servo,2.7629,0.2185,0.8201,2,CRM.AGC.SV01::E02,train
2025-07-08 01:00:00,CRM.AGC.SV01,hydraulics_agc_servo,2.7697,0.1744,1.3555,1,CRM.AGC.SV01::E02,train
2025-07-08 02:00:00,CRM.AGC.SV01,hydraulics_agc_servo,2.7872,0.1703,1.831,2,CRM.AGC.SV01::E02,train
2025-07-08 03:00:00,CRM.AGC.SV01,hydraulics_agc_servo,2.7036,0.1835,1.279,1,CRM.AGC.SV01::E02,train
2025-07-08 04:00:00,CRM.AGC.SV01,hydraulics_agc_servo,2.7403,0.2062,0.8892,2,CRM.AGC.SV01::E02,train
2025-07-08 05:00:00,CRM.AGC.SV01,hydraulics_agc_servo,2.7658,0.2577,0.6443,1,CRM.AGC.SV01::E02,train
2025-07-08 06:00:00,CRM.AGC.SV01,hydraulics_agc_servo,2.8097,0.2594,0.2531,2,CRM.AGC.SV01::E02,train
2025-07-08 07:00:00,CRM.AGC.SV01,hydraulics_agc_servo,2.837,0.2619,-0.4728,2,CRM.AGC.SV01::E02,train
2025-07-08 08:00:00,CRM.AGC.SV01,hydraulics_agc_servo,2.8323,0.2614,-0.5331,2,CRM.AGC.SV01::E02,train
2025-07-08 09:00:00,CRM.AGC.SV01,hydraulics_agc_servo,2.8363,0.2981,-0.7531,1,CRM.AGC.SV01::E02,train
2025-07-08 10:00:00,CRM.AGC.SV01,hydraulics_agc_servo,2.8075,0.3329,-1.3515,1,CRM.AGC.SV01::E02,train
2025-07-08 11:00:00,CRM.AGC.SV01,hydraulics_agc_servo,2.8028,0.3088,-1.155,2,CRM.AGC.SV01::E02,train
2025-07-08 12:00:00,CRM.AGC.SV01,hydraulics_agc_servo,2.8528,0.3052,-0.977,2,CRM.AGC.SV01::E02,train
2025-07-08 13:00:00,CRM.AGC.SV01,hydraulics_agc_servo,2.8358,0.2884,-0.7739,1,CRM.AGC.SV01::E02,train
2025-07-08 14:00:00,CRM.AGC.SV01,hydraulics_agc_servo,2.8031,0.2698,-0.798,1,CRM.AGC.SV01::E02,train
2025-07-08 15:00:00,CRM.AGC.SV01,hydraulics_agc_servo,2.8519,0.2672,-0.1284,1,CRM.AGC.SV01::E02,train
2025-07-08 16:00:00,CRM.AGC.SV01,hydraulics_agc_servo,2.8663,0.2742,-0.2649,2,CRM.AGC.SV01::E02,train
2025-07-08 17:00:00,CRM.AGC.SV01,hydraulics_agc_servo,2.9492,0.2734,-0.5168,1,CRM.AGC.SV01::E02,train
2025-07-08 18:00:00,CRM.AGC.SV01,hydraulics_agc_servo,2.9584,0.2874,-0.1086,2,CRM.AGC.SV01::E02,train
2025-07-08 19:00:00,CRM.AGC.SV01,hydraulics_agc_servo,2.9445,0.3254,-0.4418,2,CRM.AGC.SV01::E02,train
2025-07-08 20:00:00,CRM.AGC.SV01,hydraulics_agc_servo,3.0356,0.297,-0.2302,1,CRM.AGC.SV01::E02,train
2025-07-08 21:00:00,CRM.AGC.SV01,hydraulics_agc_servo,3.0483,0.2071,-0.1848,2,CRM.AGC.SV01::E02,train
2025-07-08 22:00:00,CRM.AGC.SV01,hydraulics_agc_servo,3.0873,0.1775,-0.0062,2,CRM.AGC.SV01::E02,train
2025-07-08 23:00:00,CRM.AGC.SV01,hydraulics_agc_servo,3.0807,0.1563,0.9141,2,CRM.AGC.SV01::E02,train
2025-07-09 00:00:00,CRM.AGC.SV01,hydraulics_agc_servo,3.0864,0.1538,0.8589,2,CRM.AGC.SV01::E02,train
2025-07-09 01:00:00,CRM.AGC.SV01,hydraulics_agc_servo,3.125,0.1694,0.6932,1,CRM.AGC.SV01::E02,train
2025-07-09 02:00:00,CRM.AGC.SV01,hydraulics_agc_servo,3.0987,0.1804,1.2687,2,CRM.AGC.SV01::E02,train
2025-07-09 03:00:00,CRM.AGC.SV01,hydraulics_agc_servo,3.0958,0.1621,1.0248,1,CRM.AGC.SV01::E02,train
2025-07-09 04:00:00,CRM.AGC.SV01,hydraulics_agc_servo,3.1046,0.1492,0.3445,2,CRM.AGC.SV01::E02,train
2025-07-09 05:00:00,CRM.AGC.SV01,hydraulics_agc_servo,3.0438,0.145,0.104,2,CRM.AGC.SV01::E02,train
2025-07-09 06:00:00,CRM.AGC.SV01,hydraulics_agc_servo,3.0163,0.1901,0.1223,2,CRM.AGC.SV01::E02,train
2025-07-09 07:00:00,CRM.AGC.SV01,hydraulics_agc_servo,3.0349,0.2219,0.0746,1,CRM.AGC.SV01::E02,train
2025-07-09 08:00:00,CRM.AGC.SV01,hydraulics_agc_servo,3.0183,0.2331,-1.1588,2,CRM.AGC.SV01::E02,train
2025-07-09 09:00:00,CRM.AGC.SV01,hydraulics_agc_servo,2.9968,0.1966,0.0581,1,CRM.AGC.SV01::E02,train
2025-07-09 10:00:00,CRM.AGC.SV01,hydraulics_agc_servo,3.0589,0.2347,0.6548,2,CRM.AGC.SV01::E02,train
2025-07-09 11:00:00,CRM.AGC.SV01,hydraulics_agc_servo,3.0699,0.2593,-0.3438,2,CRM.AGC.SV01::E02,train
2025-07-09 12:00:00,CRM.AGC.SV01,hydraulics_agc_servo,3.0954,0.2645,-1.366,1,CRM.AGC.SV01::E02,train
2025-07-09 13:00:00,CRM.AGC.SV01,hydraulics_agc_servo,3.1184,0.2522,-1.3069,1,CRM.AGC.SV01::E02,train
2025-07-09 14:00:00,CRM.AGC.SV01,hydraulics_agc_servo,3.13,0.2569,-1.576,2,CRM.AGC.SV01::E02,train
2025-07-09 15:00:00,CRM.AGC.SV01,hydraulics_agc_servo,3.1113,0.2242,-0.844,2,CRM.AGC.SV01::E02,train
2025-07-09 16:00:00,CRM.AGC.SV01,hydraulics_agc_servo,3.1159,0.2533,-0.4302,2,CRM.AGC.SV01::E02,train
2025-07-09 17:00:00,CRM.AGC.SV01,hydraulics_agc_servo,3.1181,0.2094,-0.4551,2,CRM.AGC.SV01::E02,train
2025-07-09 18:00:00,CRM.AGC.SV01,hydraulics_agc_servo,3.1121,0.2254,-0.7903,1,CRM.AGC.SV01::E02,train
2025-07-09 19:00:00,CRM.AGC.SV01,hydraulics_agc_servo,3.0982,0.2042,-0.5905,2,CRM.AGC.SV01::E02,train
2025-07-09 20:00:00,CRM.AGC.SV01,hydraulics_agc_servo,3.097,0.2158,0.1833,1,CRM.AGC.SV01::E02,train
2025-07-09 21:00:00,CRM.AGC.SV01,hydraulics_agc_servo,3.0772,0.3048,-0.3881,2,CRM.AGC.SV01::E02,train
2025-07-09 22:00:00,CRM.AGC.SV01,hydraulics_agc_servo,3.1201,0.3451,0.224,2,CRM.AGC.SV01::E02,train
2025-07-09 23:00:00,CRM.AGC.SV01,hydraulics_agc_servo,3.113,0.3618,-0.4613,2,CRM.AGC.SV01::E02,train
2025-07-10 00:00:00,CRM.AGC.SV01,hydraulics_agc_servo,3.0728,0.3046,-0.8901,2,CRM.AGC.SV01::E02,train
2025-07-10 01:00:00,CRM.AGC.SV01,hydraulics_agc_servo,3.1286,0.3327,-1.5774,2,CRM.AGC.SV01::E02,train
2025-07-10 02:00:00,CRM.AGC.SV01,hydraulics_agc_servo,3.3494,0.3173,-2.5736,2,CRM.AGC.SV01::E02,train
2025-07-10 03:00:00,CRM.AGC.SV01,hydraulics_agc_servo,3.52,0.2913,-2.9271,2,CRM.AGC.SV01::E02,train
2025-07-10 04:00:00,CRM.AGC.SV01,hydraulics_agc_servo,3.52,0.2793,-3.2322,2,CRM.AGC.SV01::E02,train
2025-07-10 05:00:00,CRM.AGC.SV01,hydraulics_agc_servo,3.52,0.3277,-3.6509,1,CRM.AGC.SV01::E02,train
2025-07-10 06:00:00,CRM.AGC.SV01,hydraulics_agc_servo,3.52,0.3365,-3.5078,2,CRM.AGC.SV01::E02,train
2025-07-10 07:00:00,CRM.AGC.SV01,hydraulics_agc_servo,3.52,0.3007,-2.4127,2,CRM.AGC.SV01::E02,train
2025-07-10 08:00:00,CRM.AGC.SV01,hydraulics_agc_servo,3.52,0.3344,-2.0331,2,CRM.AGC.SV01::E02,train
2025-07-10 09:00:00,CRM.AGC.SV01,hydraulics_agc_servo,3.52,0.3813,-1.5721,2,CRM.AGC.SV01::E02,train
2025-07-10 10:00:00,CRM.AGC.SV01,hydraulics_agc_servo,3.3994,0.2991,-1.1758,2,CRM.AGC.SV01::E02,train
2025-07-10 11:00:00,CRM.AGC.SV01,hydraulics_agc_servo,3.1711,0.2759,-0.6649,2,CRM.AGC.SV01::E02,train
2025-07-10 12:00:00,CRM.AGC.SV01,hydraulics_agc_servo,3.1394,0.2843,-0.6405,2,CRM.AGC.SV01::E02,train
2025-07-10 13:00:00,CRM.AGC.SV01,hydraulics_agc_servo,3.1582,0.2745,0.1847,1,CRM.AGC.SV01::E02,train
2025-07-10 14:00:00,CRM.AGC.SV01,hydraulics_agc_servo,3.1484,0.3332,-0.0793,2,CRM.AGC.SV01::E02,train
2025-07-10 15:00:00,CRM.AGC.SV01,hydraulics_agc_servo,3.0925,0.3286,0.3653,2,CRM.AGC.SV01::E02,train
2025-07-10 16:00:00,CRM.AGC.SV01,hydraulics_agc_servo,3.1185,0.3425,-0.0722,2,CRM.AGC.SV01::E02,train
2025-07-10 17:00:00,CRM.AGC.SV01,hydraulics_agc_servo,3.1053,0.3406,-0.6377,1,CRM.AGC.SV01::E02,train
2025-07-10 18:00:00,CRM.AGC.SV01,hydraulics_agc_servo,3.0291,0.3881,-0.2452,2,CRM.AGC.SV01::E02,train
2025-07-10 19:00:00,CRM.AGC.SV01,hydraulics_agc_servo,3.0706,0.37,0.3579,2,CRM.AGC.SV01::E02,train
2025-07-10 20:00:00,CRM.AGC.SV01,hydraulics_agc_servo,3.0749,0.3987,1.3469,2,CRM.AGC.SV01::E02,train
2025-07-10 21:00:00,CRM.AGC.SV01,hydraulics_agc_servo,3.0868,0.4093,2.0634,2,CRM.AGC.SV01::E02,train
2025-07-10 22:00:00,CRM.AGC.SV01,hydraulics_agc_servo,3.0654,0.3272,1.4758,2,CRM.AGC.SV01::E02,train
2025-07-10 23:00:00,CRM.AGC.SV01,hydraulics_agc_servo,3.0746,0.3724,0.9447,2,CRM.AGC.SV01::E02,train
2025-07-11 00:00:00,CRM.AGC.SV01,hydraulics_agc_servo,3.0656,0.3422,0.3593,1,CRM.AGC.SV01::E02,train
2025-07-11 01:00:00,CRM.AGC.SV01,hydraulics_agc_servo,3.0828,0.3323,1.7762,2,CRM.AGC.SV01::E02,train
2025-07-11 02:00:00,CRM.AGC.SV01,hydraulics_agc_servo,3.0335,0.3337,1.9334,2,CRM.AGC.SV01::E02,train
2025-07-11 03:00:00,CRM.AGC.SV01,hydraulics_agc_servo,3.0587,0.3652,0.8169,2,CRM.AGC.SV01::E02,train
2025-07-11 04:00:00,CRM.AGC.SV01,hydraulics_agc_servo,3.0228,0.3056,1.9766,2,CRM.AGC.SV01::E02,train
2025-07-11 05:00:00,CRM.AGC.SV01,hydraulics_agc_servo,3.053,0.3394,1.4564,2,CRM.AGC.SV01::E02,train
2025-07-11 06:00:00,CRM.AGC.SV01,hydraulics_agc_servo,3.0395,0.3276,1.4136,2,CRM.AGC.SV01::E02,train
2025-07-11 07:00:00,CRM.AGC.SV01,hydraulics_agc_servo,3.0421,0.3286,0.779,2,CRM.AGC.SV01::E02,train
2025-07-11 08:00:00,CRM.AGC.SV01,hydraulics_agc_servo,3.0171,0.3041,-0.2156,2,CRM.AGC.SV01::E02,train
2025-07-11 09:00:00,CRM.AGC.SV01,hydraulics_agc_servo,3.0607,0.3526,-0.2108,2,CRM.AGC.SV01::E02,train
2025-07-11 10:00:00,CRM.AGC.SV01,hydraulics_agc_servo,3.0471,0.311,0.1948,2,CRM.AGC.SV01::E02,train
2025-07-11 11:00:00,CRM.AGC.SV01,hydraulics_agc_servo,3.0557,0.2242,-0.0606,2,CRM.AGC.SV01::E02,train
2025-07-11 12:00:00,CRM.AGC.SV01,hydraulics_agc_servo,3.0976,0.2246,-0.452,2,CRM.AGC.SV01::E02,train
2025-07-11 13:00:00,CRM.AGC.SV01,hydraulics_agc_servo,3.1011,0.2434,-0.6491,2,CRM.AGC.SV01::E02,train
2025-07-11 14:00:00,CRM.AGC.SV01,hydraulics_agc_servo,0.1705,0.2263,-0.2661,0,,train
2025-07-11 15:00:00,CRM.AGC.SV01,hydraulics_agc_servo,0.15,0.2318,0.3831,0,,train
2025-07-11 16:00:00,CRM.AGC.SV01,hydraulics_agc_servo,0.1244,0.2157,-1.3944,0,,train
2025-07-11 17:00:00,CRM.AGC.SV01,hydraulics_agc_servo,0.127,0.245,-1.6881,0,,train
2025-07-11 18:00:00,CRM.AGC.SV01,hydraulics_agc_servo,0.1678,0.2278,-0.9083,0,,train
2025-07-11 19:00:00,CRM.AGC.SV01,hydraulics_agc_servo,0.1401,0.2593,-0.578,0,,train
2025-07-11 20:00:00,CRM.AGC.SV01,hydraulics_agc_servo,0.1784,0.2239,0.1,0,,train
2025-07-11 21:00:00,CRM.AGC.SV01,hydraulics_agc_servo,0.147,0.2714,-0.3347,0,,train
2025-07-11 22:00:00,CRM.AGC.SV01,hydraulics_agc_servo,0.1507,0.2446,0.1572,0,,train
2025-07-11 23:00:00,CRM.AGC.SV01,hydraulics_agc_servo,0.1374,0.2544,-0.6946,0,,train
2025-07-12 00:00:00,CRM.AGC.SV01,hydraulics_agc_servo,0.1571,0.2473,0.6711,0,,train
2025-07-12 01:00:00,CRM.AGC.SV01,hydraulics_agc_servo,0.108,0.2519,0.1903,0,,train
2025-07-12 02:00:00,CRM.AGC.SV01,hydraulics_agc_servo,0.1824,0.3042,0.0293,0,,train
2025-07-12 03:00:00,CRM.AGC.SV01,hydraulics_agc_servo,0.2171,0.2237,-0.6712,0,,train
2025-07-12 04:00:00,CRM.AGC.SV01,hydraulics_agc_servo,0.1441,0.2364,-0.5182,0,,train
2025-07-12 05:00:00,CRM.AGC.SV01,hydraulics_agc_servo,0.1631,0.2443,0.5176,0,,train
2025-07-12 06:00:00,CRM.AGC.SV01,hydraulics_agc_servo,0.2056,0.245,0.6598,0,,train
2025-07-12 07:00:00,CRM.AGC.SV01,hydraulics_agc_servo,0.3067,0.2731,0.1736,0,,train
2025-07-12 08:00:00,CRM.AGC.SV01,hydraulics_agc_servo,0.3579,0.2659,0.4725,0,,train
2025-07-12 09:00:00,CRM.AGC.SV01,hydraulics_agc_servo,0.3591,0.2924,0.2396,0,,train
2025-07-12 10:00:00,CRM.AGC.SV01,hydraulics_agc_servo,0.3462,0.3529,0.6496,0,,train
2025-07-12 11:00:00,CRM.AGC.SV01,hydraulics_agc_servo,0.3633,0.297,1.2522,0,,train
2025-07-12 12:00:00,CRM.AGC.SV01,hydraulics_agc_servo,0.3467,0.2653,0.8187,0,,train
2025-07-12 13:00:00,CRM.AGC.SV01,hydraulics_agc_servo,0.3118,0.2649,1.1556,0,,train
2025-07-12 14:00:00,CRM.AGC.SV01,hydraulics_agc_servo,0.3308,0.2623,1.0855,0,,train
2025-07-12 15:00:00,CRM.AGC.SV01,hydraulics_agc_servo,0.3376,0.2519,1.6814,0,,train
2025-07-12 16:00:00,CRM.AGC.SV01,hydraulics_agc_servo,0.3438,0.2446,1.0399,0,,train
2025-07-12 17:00:00,CRM.AGC.SV01,hydraulics_agc_servo,0.3343,0.2815,1.0615,0,,train
2025-07-12 18:00:00,CRM.AGC.SV01,hydraulics_agc_servo,0.2823,0.2818,1.3551,0,,train
2025-07-12 19:00:00,CRM.AGC.SV01,hydraulics_agc_servo,0.1791,0.3068,1.5768,0,,train
2025-07-12 20:00:00,CRM.AGC.SV01,hydraulics_agc_servo,0.1328,0.3406,1.2168,0,,train
2025-07-12 21:00:00,CRM.AGC.SV01,hydraulics_agc_servo,0.1509,0.3862,0.4927,0,,train
2025-07-12 22:00:00,CRM.AGC.SV01,hydraulics_agc_servo,0.1289,0.367,0.0964,0,,train
2025-07-12 23:00:00,CRM.AGC.SV01,hydraulics_agc_servo,0.1407,0.3543,-0.0251,0,,train
2025-07-13 00:00:00,CRM.AGC.SV01,hydraulics_agc_servo,0.1411,0.3858,-1.0456,0,,train
2025-07-13 01:00:00,CRM.AGC.SV01,hydraulics_agc_servo,0.1528,0.4089,-1.3067,0,,train
2025-07-13 02:00:00,CRM.AGC.SV01,hydraulics_agc_servo,0.2706,0.4275,-0.1477,0,,train
2025-07-13 03:00:00,CRM.AGC.SV01,hydraulics_agc_servo,0.2719,0.3982,-0.2713,0,,train
2025-07-13 04:00:00,CRM.AGC.SV01,hydraulics_agc_servo,0.2176,0.4316,-0.7105,0,,train
2025-07-13 05:00:00,CRM.AGC.SV01,hydraulics_agc_servo,0.2513,0.4125,0.1235,0,,train
2025-07-13 06:00:00,CRM.AGC.SV01,hydraulics_agc_servo,0.2595,0.3544,-0.4514,0,,train
2025-07-13 07:00:00,CRM.AGC.SV01,hydraulics_agc_servo,0.2854,0.3255,-0.096,0,,train
2025-07-13 08:00:00,CRM.AGC.SV01,hydraulics_agc_servo,0.2773,0.3229,0.5762,0,,train
2025-07-13 09:00:00,CRM.AGC.SV01,hydraulics_agc_servo,0.255,0.3064,0.6615,0,,train
2025-07-13 10:00:00,CRM.AGC.SV01,hydraulics_agc_servo,0.2591,0.3008,1.8904,0,,train
2025-07-13 11:00:00,CRM.AGC.SV01,hydraulics_agc_servo,0.2383,0.2959,2.3018,0,,train
2025-07-13 12:00:00,CRM.AGC.SV01,hydraulics_agc_servo,0.292,0.3409,1.9599,0,,train
2025-07-13 13:00:00,CRM.AGC.SV01,hydraulics_agc_servo,0.3201,0.3239,2.2205,0,,train
2025-07-13 14:00:00,CRM.AGC.SV01,hydraulics_agc_servo,0.3317,0.3562,1.886,0,CRM.AGC.SV01::E03,train
2025-07-13 15:00:00,CRM.AGC.SV01,hydraulics_agc_servo,0.369,0.3749,1.2202,0,CRM.AGC.SV01::E03,train
2025-07-13 16:00:00,CRM.AGC.SV01,hydraulics_agc_servo,0.4168,0.3498,1.1497,0,CRM.AGC.SV01::E03,train
2025-07-13 17:00:00,CRM.AGC.SV01,hydraulics_agc_servo,0.3869,0.4233,1.6192,0,CRM.AGC.SV01::E03,train
2025-07-13 18:00:00,CRM.AGC.SV01,hydraulics_agc_servo,0.4216,0.3999,1.8822,0,CRM.AGC.SV01::E03,train
2025-07-13 19:00:00,CRM.AGC.SV01,hydraulics_agc_servo,0.4452,0.3528,1.7869,0,CRM.AGC.SV01::E03,train
2025-07-13 20:00:00,CRM.AGC.SV01,hydraulics_agc_servo,0.409,0.3566,1.4878,0,CRM.AGC.SV01::E03,train
2025-07-13 21:00:00,CRM.AGC.SV01,hydraulics_agc_servo,0.4532,0.3375,0.6431,0,CRM.AGC.SV01::E03,train
2025-07-13 22:00:00,CRM.AGC.SV01,hydraulics_agc_servo,0.5163,0.3476,0.084,0,CRM.AGC.SV01::E03,train
2025-07-13 23:00:00,CRM.AGC.SV01,hydraulics_agc_servo,0.5265,0.3592,0.2131,0,CRM.AGC.SV01::E03,train
2025-07-14 00:00:00,CRM.AGC.SV01,hydraulics_agc_servo,0.4941,0.3893,0.111,0,CRM.AGC.SV01::E03,train
2025-07-14 01:00:00,CRM.AGC.SV01,hydraulics_agc_servo,0.475,0.4118,-0.395,0,CRM.AGC.SV01::E03,train
2025-07-14 02:00:00,CRM.AGC.SV01,hydraulics_agc_servo,0.4229,0.4856,0.194,0,CRM.AGC.SV01::E03,train
2025-07-14 03:00:00,CRM.AGC.SV01,hydraulics_agc_servo,0.4365,0.4615,0.3585,0,CRM.AGC.SV01::E03,train
2025-07-14 04:00:00,CRM.AGC.SV01,hydraulics_agc_servo,0.4514,0.4558,0.8166,0,CRM.AGC.SV01::E03,train
2025-07-14 05:00:00,CRM.AGC.SV01,hydraulics_agc_servo,0.4826,0.4001,0.5774,0,CRM.AGC.SV01::E03,train
2025-07-14 06:00:00,CRM.AGC.SV01,hydraulics_agc_servo,0.4646,0.3319,1.3731,0,CRM.AGC.SV01::E03,train
2025-07-14 07:00:00,CRM.AGC.SV01,hydraulics_agc_servo,0.4667,0.3129,3.3644,0,CRM.AGC.SV01::E03,train
2025-07-14 08:00:00,CRM.AGC.SV01,hydraulics_agc_servo,0.4931,0.2788,6.7453,0,CRM.AGC.SV01::E03,train
2025-07-14 09:00:00,CRM.AGC.SV01,hydraulics_agc_servo,0.4076,0.2759,10.5652,0,CRM.AGC.SV01::E03,train
2025-07-14 10:00:00,CRM.AGC.SV01,hydraulics_agc_servo,0.4243,0.3035,11.7763,0,CRM.AGC.SV01::E03,train
2025-07-14 11:00:00,CRM.AGC.SV01,hydraulics_agc_servo,0.4703,0.2787,9.691,0,CRM.AGC.SV01::E03,train
2025-07-14 12:00:00,CRM.AGC.SV01,hydraulics_agc_servo,0.5419,0.3208,6.8813,0,CRM.AGC.SV01::E03,train
2025-07-14 13:00:00,CRM.AGC.SV01,hydraulics_agc_servo,0.6122,0.2947,2.7325,0,CRM.AGC.SV01::E03,train
2025-07-14 14:00:00,CRM.AGC.SV01,hydraulics_agc_servo,0.6045,0.2679,0.9883,0,CRM.AGC.SV01::E03,train
2025-07-14 15:00:00,CRM.AGC.SV01,hydraulics_agc_servo,0.6085,0.2895,0.5749,0,CRM.AGC.SV01::E03,train
2025-07-14 16:00:00,CRM.AGC.SV01,hydraulics_agc_servo,0.6665,0.2902,1.1998,0,CRM.AGC.SV01::E03,train
2025-07-14 17:00:00,CRM.AGC.SV01,hydraulics_agc_servo,0.6682,0.3076,1.2828,0,CRM.AGC.SV01::E03,train
2025-07-14 18:00:00,CRM.AGC.SV01,hydraulics_agc_servo,0.6608,0.2774,1.2406,0,CRM.AGC.SV01::E03,train
2025-07-14 19:00:00,CRM.AGC.SV01,hydraulics_agc_servo,0.6265,0.3033,1.9,0,CRM.AGC.SV01::E03,train
2025-07-14 20:00:00,CRM.AGC.SV01,hydraulics_agc_servo,0.6482,0.3041,2.0315,0,CRM.AGC.SV01::E03,train
2025-07-14 21:00:00,CRM.AGC.SV01,hydraulics_agc_servo,0.6716,0.3242,2.5033,0,CRM.AGC.SV01::E03,train
2025-07-14 22:00:00,CRM.AGC.SV01,hydraulics_agc_servo,0.7146,0.3624,2.6791,0,CRM.AGC.SV01::E03,train
2025-07-14 23:00:00,CRM.AGC.SV01,hydraulics_agc_servo,0.6788,0.2868,2.4192,0,CRM.AGC.SV01::E03,train
2025-07-15 00:00:00,CRM.AGC.SV01,hydraulics_agc_servo,0.7292,0.3441,2.4657,0,CRM.AGC.SV01::E03,train
2025-07-15 01:00:00,CRM.AGC.SV01,hydraulics_agc_servo,0.7287,0.2965,2.3983,0,CRM.AGC.SV01::E03,train
2025-07-15 02:00:00,CRM.AGC.SV01,hydraulics_agc_servo,0.8567,0.2592,2.8858,0,CRM.AGC.SV01::E03,train
2025-07-15 03:00:00,CRM.AGC.SV01,hydraulics_agc_servo,0.846,0.2255,4.167,0,CRM.AGC.SV01::E03,train
2025-07-15 04:00:00,CRM.AGC.SV01,hydraulics_agc_servo,0.8584,0.2213,3.9938,0,CRM.AGC.SV01::E03,train
2025-07-15 05:00:00,CRM.AGC.SV01,hydraulics_agc_servo,0.9069,0.214,3.435,0,CRM.AGC.SV01::E03,train
2025-07-15 06:00:00,CRM.AGC.SV01,hydraulics_agc_servo,0.8945,0.2494,3.0574,0,CRM.AGC.SV01::E03,train
2025-07-15 07:00:00,CRM.AGC.SV01,hydraulics_agc_servo,0.815,0.2698,2.1346,0,CRM.AGC.SV01::E03,train
2025-07-15 08:00:00,CRM.AGC.SV01,hydraulics_agc_servo,0.7829,0.2549,3.4002,0,CRM.AGC.SV01::E03,train
2025-07-15 09:00:00,CRM.AGC.SV01,hydraulics_agc_servo,0.8054,0.2366,3.3064,0,CRM.AGC.SV01::E03,train
2025-07-15 10:00:00,CRM.AGC.SV01,hydraulics_agc_servo,0.836,0.2303,3.311,0,CRM.AGC.SV01::E03,train
2025-07-15 11:00:00,CRM.AGC.SV01,hydraulics_agc_servo,0.8595,0.2175,3.8684,0,CRM.AGC.SV01::E03,train
2025-07-15 12:00:00,CRM.AGC.SV01,hydraulics_agc_servo,0.92,0.1889,4.7318,0,CRM.AGC.SV01::E03,train
2025-07-15 13:00:00,CRM.AGC.SV01,hydraulics_agc_servo,0.9326,0.2329,4.5551,0,CRM.AGC.SV01::E03,train
2025-07-15 14:00:00,CRM.AGC.SV01,hydraulics_agc_servo,0.9532,0.242,4.7017,0,CRM.AGC.SV01::E03,train
2025-07-15 15:00:00,CRM.AGC.SV01,hydraulics_agc_servo,0.9665,0.2916,5.7758,0,CRM.AGC.SV01::E03,train
2025-07-15 16:00:00,CRM.AGC.SV01,hydraulics_agc_servo,1.0259,0.2797,5.1665,0,CRM.AGC.SV01::E03,train
2025-07-15 17:00:00,CRM.AGC.SV01,hydraulics_agc_servo,1.0382,0.2831,4.9871,0,CRM.AGC.SV01::E03,train
2025-07-15 18:00:00,CRM.AGC.SV01,hydraulics_agc_servo,1.0289,0.3002,4.8378,0,CRM.AGC.SV01::E03,train
2025-07-15 19:00:00,CRM.AGC.SV01,hydraulics_agc_servo,1.0311,0.2541,4.0379,0,CRM.AGC.SV01::E03,train
2025-07-15 20:00:00,CRM.AGC.SV01,hydraulics_agc_servo,1.0074,0.2853,4.4494,0,CRM.AGC.SV01::E03,train
2025-07-15 21:00:00,CRM.AGC.SV01,hydraulics_agc_servo,0.9628,0.226,4.2834,0,CRM.AGC.SV01::E03,train
2025-07-15 22:00:00,CRM.AGC.SV01,hydraulics_agc_servo,0.9399,0.2121,5.0668,0,CRM.AGC.SV01::E03,train
2025-07-15 23:00:00,CRM.AGC.SV01,hydraulics_agc_servo,0.9522,0.2128,4.667,0,CRM.AGC.SV01::E03,train
2025-07-16 00:00:00,CRM.AGC.SV01,hydraulics_agc_servo,0.9749,0.2951,4.6593,0,CRM.AGC.SV01::E03,train
2025-07-16 01:00:00,CRM.AGC.SV01,hydraulics_agc_servo,0.9931,0.2546,4.8355,0,CRM.AGC.SV01::E03,train
2025-07-16 02:00:00,CRM.AGC.SV01,hydraulics_agc_servo,0.9382,0.2685,3.3689,0,CRM.AGC.SV01::E03,train
2025-07-16 03:00:00,CRM.AGC.SV01,hydraulics_agc_servo,0.9793,0.2267,3.136,0,CRM.AGC.SV01::E03,train
2025-07-16 04:00:00,CRM.AGC.SV01,hydraulics_agc_servo,1.0137,0.225,3.2574,0,CRM.AGC.SV01::E03,train
2025-07-16 05:00:00,CRM.AGC.SV01,hydraulics_agc_servo,0.962,0.1787,3.2732,0,CRM.AGC.SV01::E03,train
2025-07-16 06:00:00,CRM.AGC.SV01,hydraulics_agc_servo,0.9412,0.2247,3.6365,0,CRM.AGC.SV01::E03,train
2025-07-16 07:00:00,CRM.AGC.SV01,hydraulics_agc_servo,0.9148,0.1805,4.4102,0,CRM.AGC.SV01::E03,train
2025-07-16 08:00:00,CRM.AGC.SV01,hydraulics_agc_servo,0.9197,0.2724,4.7086,0,CRM.AGC.SV01::E03,train
2025-07-16 09:00:00,CRM.AGC.SV01,hydraulics_agc_servo,0.9187,0.2812,5.3227,0,CRM.AGC.SV01::E03,train
2025-07-16 10:00:00,CRM.AGC.SV01,hydraulics_agc_servo,1.0029,0.2864,5.9748,0,CRM.AGC.SV01::E03,train
2025-07-16 11:00:00,CRM.AGC.SV01,hydraulics_agc_servo,0.9881,0.2641,5.8025,0,CRM.AGC.SV01::E03,train
2025-07-16 12:00:00,CRM.AGC.SV01,hydraulics_agc_servo,1.0006,0.2454,4.8262,0,CRM.AGC.SV01::E03,train
2025-07-16 13:00:00,CRM.AGC.SV01,hydraulics_agc_servo,1.0186,0.2123,5.3532,0,CRM.AGC.SV01::E03,train
2025-07-16 14:00:00,CRM.AGC.SV01,hydraulics_agc_servo,0.9918,0.2174,5.4426,0,CRM.AGC.SV01::E03,train
2025-07-16 15:00:00,CRM.AGC.SV01,hydraulics_agc_servo,0.9941,0.2384,5.3639,0,CRM.AGC.SV01::E03,train
2025-07-16 16:00:00,CRM.AGC.SV01,hydraulics_agc_servo,0.9995,0.2395,4.8887,0,CRM.AGC.SV01::E03,train
2025-07-16 17:00:00,CRM.AGC.SV01,hydraulics_agc_servo,1.0512,0.2909,3.7185,0,CRM.AGC.SV01::E03,train
2025-07-16 18:00:00,CRM.AGC.SV01,hydraulics_agc_servo,1.0926,0.3217,3.0301,1,CRM.AGC.SV01::E03,train
2025-07-16 19:00:00,CRM.AGC.SV01,hydraulics_agc_servo,1.0678,0.3426,2.8537,0,CRM.AGC.SV01::E03,train
2025-07-16 20:00:00,CRM.AGC.SV01,hydraulics_agc_servo,1.1466,0.2873,3.7465,0,CRM.AGC.SV01::E03,train
2025-07-16 21:00:00,CRM.AGC.SV01,hydraulics_agc_servo,1.07,0.2795,3.6748,0,CRM.AGC.SV01::E03,train
2025-07-16 22:00:00,CRM.AGC.SV01,hydraulics_agc_servo,1.0911,0.295,3.9247,1,CRM.AGC.SV01::E03,train
2025-07-16 23:00:00,CRM.AGC.SV01,hydraulics_agc_servo,1.11,0.3228,3.9226,0,CRM.AGC.SV01::E03,train
2025-07-17 00:00:00,CRM.AGC.SV01,hydraulics_agc_servo,1.0845,0.3137,3.9223,0,CRM.AGC.SV01::E03,train
2025-07-17 01:00:00,CRM.AGC.SV01,hydraulics_agc_servo,1.0689,0.3148,4.0657,1,CRM.AGC.SV01::E03,train
2025-07-17 02:00:00,CRM.AGC.SV01,hydraulics_agc_servo,1.107,0.2938,3.6714,0,CRM.AGC.SV01::E03,train
2025-07-17 03:00:00,CRM.AGC.SV01,hydraulics_agc_servo,1.164,0.303,3.253,1,CRM.AGC.SV01::E03,train
2025-07-17 04:00:00,CRM.AGC.SV01,hydraulics_agc_servo,1.1804,0.3191,3.8136,0,CRM.AGC.SV01::E03,train
2025-07-17 05:00:00,CRM.AGC.SV01,hydraulics_agc_servo,1.1831,0.2825,4.0344,1,CRM.AGC.SV01::E03,train
2025-07-17 06:00:00,CRM.AGC.SV01,hydraulics_agc_servo,1.1934,0.2915,4.8634,1,CRM.AGC.SV01::E03,train
2025-07-17 07:00:00,CRM.AGC.SV01,hydraulics_agc_servo,1.2092,0.2591,4.1177,1,CRM.AGC.SV01::E03,train
2025-07-17 08:00:00,CRM.AGC.SV01,hydraulics_agc_servo,1.2181,0.2701,4.0589,0,CRM.AGC.SV01::E03,train
2025-07-17 09:00:00,CRM.AGC.SV01,hydraulics_agc_servo,1.2372,0.2984,3.5472,1,CRM.AGC.SV01::E03,train
2025-07-17 10:00:00,CRM.AGC.SV01,hydraulics_agc_servo,1.23,0.2642,3.9121,1,CRM.AGC.SV01::E03,train
2025-07-17 11:00:00,CRM.AGC.SV01,hydraulics_agc_servo,1.2021,0.2082,4.5131,1,CRM.AGC.SV01::E03,train
2025-07-17 12:00:00,CRM.AGC.SV01,hydraulics_agc_servo,1.1896,0.2199,3.5795,1,CRM.AGC.SV01::E03,train
2025-07-17 13:00:00,CRM.AGC.SV01,hydraulics_agc_servo,1.2299,0.2326,3.184,1,CRM.AGC.SV01::E03,train
2025-07-17 14:00:00,CRM.AGC.SV01,hydraulics_agc_servo,1.2398,0.2184,3.3819,1,CRM.AGC.SV01::E03,train
2025-07-17 15:00:00,CRM.AGC.SV01,hydraulics_agc_servo,1.2798,0.2094,3.6647,1,CRM.AGC.SV01::E03,train
2025-07-17 16:00:00,CRM.AGC.SV01,hydraulics_agc_servo,1.3076,0.2395,2.749,0,CRM.AGC.SV01::E03,train
2025-07-17 17:00:00,CRM.AGC.SV01,hydraulics_agc_servo,1.34,0.2337,3.2073,1,CRM.AGC.SV01::E03,train
2025-07-17 18:00:00,CRM.AGC.SV01,hydraulics_agc_servo,1.3597,0.2565,3.5435,1,CRM.AGC.SV01::E03,train
2025-07-17 19:00:00,CRM.AGC.SV01,hydraulics_agc_servo,1.375,0.2665,3.6398,1,CRM.AGC.SV01::E03,train
2025-07-17 20:00:00,CRM.AGC.SV01,hydraulics_agc_servo,1.405,0.2368,3.9649,1,CRM.AGC.SV01::E03,train
2025-07-17 21:00:00,CRM.AGC.SV01,hydraulics_agc_servo,1.416,0.2077,4.2843,1,CRM.AGC.SV01::E03,train
2025-07-17 22:00:00,CRM.AGC.SV01,hydraulics_agc_servo,1.4708,0.1703,4.9034,1,CRM.AGC.SV01::E03,train
2025-07-17 23:00:00,CRM.AGC.SV01,hydraulics_agc_servo,,,6.3161,1,CRM.AGC.SV01::E03,train
2025-07-18 00:00:00,CRM.AGC.SV01,hydraulics_agc_servo,1.4584,0.1845,6.4692,1,CRM.AGC.SV01::E03,train
2025-07-18 01:00:00,CRM.AGC.SV01,hydraulics_agc_servo,1.5529,0.197,6.3882,1,CRM.AGC.SV01::E03,train
2025-07-18 02:00:00,CRM.AGC.SV01,hydraulics_agc_servo,1.6192,0.1374,7.0336,1,CRM.AGC.SV01::E03,train
2025-07-18 03:00:00,CRM.AGC.SV01,hydraulics_agc_servo,1.6951,0.1376,7.3948,1,CRM.AGC.SV01::E03,train
2025-07-18 04:00:00,CRM.AGC.SV01,hydraulics_agc_servo,1.712,0.1171,7.0243,1,CRM.AGC.SV01::E03,train
2025-07-18 05:00:00,CRM.AGC.SV01,hydraulics_agc_servo,1.7891,0.1265,7.0433,1,CRM.AGC.SV01::E03,train
2025-07-18 06:00:00,CRM.AGC.SV01,hydraulics_agc_servo,1.8657,0.1263,7.3372,1,CRM.AGC.SV01::E03,train
2025-07-18 07:00:00,CRM.AGC.SV01,hydraulics_agc_servo,1.9136,0.1255,8.0866,1,CRM.AGC.SV01::E03,train
2025-07-18 08:00:00,CRM.AGC.SV01,hydraulics_agc_servo,1.9579,0.1704,8.1915,1,CRM.AGC.SV01::E03,train
2025-07-18 09:00:00,CRM.AGC.SV01,hydraulics_agc_servo,2.0459,0.2263,7.6449,1,CRM.AGC.SV01::E03,train
2025-07-18 10:00:00,CRM.AGC.SV01,hydraulics_agc_servo,2.0727,0.2549,7.0835,1,CRM.AGC.SV01::E03,train
2025-07-18 11:00:00,CRM.AGC.SV01,hydraulics_agc_servo,2.1353,0.2155,8.4048,1,CRM.AGC.SV01::E03,train
2025-07-18 12:00:00,CRM.AGC.SV01,hydraulics_agc_servo,2.2287,0.2348,8.3722,1,CRM.AGC.SV01::E03,train
2025-07-18 13:00:00,CRM.AGC.SV01,hydraulics_agc_servo,2.2854,0.233,8.784,1,CRM.AGC.SV01::E03,train
2025-07-18 14:00:00,CRM.AGC.SV01,hydraulics_agc_servo,2.3772,0.2188,9.2133,1,CRM.AGC.SV01::E03,train
2025-07-18 15:00:00,CRM.AGC.SV01,hydraulics_agc_servo,2.433,0.2018,9.4696,1,CRM.AGC.SV01::E03,train
2025-07-18 16:00:00,CRM.AGC.SV01,hydraulics_agc_servo,2.4988,0.2,11.2169,1,CRM.AGC.SV01::E03,train
2025-07-18 17:00:00,CRM.AGC.SV01,hydraulics_agc_servo,2.5581,0.1967,11.3715,1,CRM.AGC.SV01::E03,train
2025-07-18 18:00:00,CRM.AGC.SV01,hydraulics_agc_servo,2.5623,0.1868,10.9809,1,CRM.AGC.SV01::E03,train
2025-07-18 19:00:00,CRM.AGC.SV01,hydraulics_agc_servo,2.5856,0.1898,11.7924,1,CRM.AGC.SV01::E03,train
2025-07-18 20:00:00,CRM.AGC.SV01,hydraulics_agc_servo,2.6719,0.1942,12.0387,1,CRM.AGC.SV01::E03,train
2025-07-18 21:00:00,CRM.AGC.SV01,hydraulics_agc_servo,2.6671,0.1794,12.636,1,CRM.AGC.SV01::E03,train
2025-07-18 22:00:00,CRM.AGC.SV01,hydraulics_agc_servo,2.687,0.2262,12.4247,2,CRM.AGC.SV01::E03,train
2025-07-18 23:00:00,CRM.AGC.SV01,hydraulics_agc_servo,2.7879,0.2654,12.9559,1,CRM.AGC.SV01::E03,train
2025-07-19 00:00:00,CRM.AGC.SV01,hydraulics_agc_servo,2.8568,0.2736,13.2796,2,CRM.AGC.SV01::E03,train
2025-07-19 01:00:00,CRM.AGC.SV01,hydraulics_agc_servo,2.9354,0.2354,14.2641,1,CRM.AGC.SV01::E03,train
2025-07-19 02:00:00,CRM.AGC.SV01,hydraulics_agc_servo,2.9339,0.2914,14.9938,1,CRM.AGC.SV01::E03,train
2025-07-19 03:00:00,CRM.AGC.SV01,hydraulics_agc_servo,2.959,0.2886,14.8904,1,CRM.AGC.SV01::E03,train
2025-07-19 04:00:00,CRM.AGC.SV01,hydraulics_agc_servo,3.014,0.2818,15.3397,2,CRM.AGC.SV01::E03,train
2025-07-19 05:00:00,CRM.AGC.SV01,hydraulics_agc_servo,3.035,0.2442,15.0245,2,CRM.AGC.SV01::E03,train
2025-07-19 06:00:00,CRM.AGC.SV01,hydraulics_agc_servo,3.026,0.1908,15.1372,1,CRM.AGC.SV01::E03,train
2025-07-19 07:00:00,CRM.AGC.SV01,hydraulics_agc_servo,3.0218,0.2245,15.1455,2,CRM.AGC.SV01::E03,train
2025-07-19 08:00:00,CRM.AGC.SV01,hydraulics_agc_servo,3.0442,0.2054,15.9673,2,CRM.AGC.SV01::E03,train
2025-07-19 09:00:00,CRM.AGC.SV01,hydraulics_agc_servo,2.9731,0.1887,17.0505,1,CRM.AGC.SV01::E03,train
2025-07-19 10:00:00,CRM.AGC.SV01,hydraulics_agc_servo,3.004,0.1784,17.7916,1,CRM.AGC.SV01::E03,train
2025-07-19 11:00:00,CRM.AGC.SV01,hydraulics_agc_servo,3.091,0.1595,17.7294,2,CRM.AGC.SV01::E03,train
2025-07-19 12:00:00,CRM.AGC.SV01,hydraulics_agc_servo,3.1546,0.1903,17.8212,1,CRM.AGC.SV01::E03,train
2025-07-19 13:00:00,CRM.AGC.SV01,hydraulics_agc_servo,3.1675,0.2385,18.1121,2,CRM.AGC.SV01::E03,train
2025-07-19 14:00:00,CRM.AGC.SV01,hydraulics_agc_servo,3.2079,0.29,17.5353,2,CRM.AGC.SV01::E03,train
2025-07-19 15:00:00,CRM.AGC.SV01,hydraulics_agc_servo,3.2486,0.267,17.8081,2,CRM.AGC.SV01::E03,train
2025-07-19 16:00:00,CRM.AGC.SV01,hydraulics_agc_servo,3.2678,0.3091,18.5143,2,CRM.AGC.SV01::E03,train
2025-07-19 17:00:00,CRM.AGC.SV01,hydraulics_agc_servo,0.3355,0.286,0.185,0,,train
2025-07-19 18:00:00,CRM.AGC.SV01,hydraulics_agc_servo,0.3467,0.2457,0.1373,0,,train
2025-07-19 19:00:00,CRM.AGC.SV01,hydraulics_agc_servo,0.3274,0.2696,-0.6331,0,,train
2025-07-19 20:00:00,CRM.AGC.SV01,hydraulics_agc_servo,0.3357,0.1744,-0.0922,0,,train
2025-07-19 21:00:00,CRM.AGC.SV01,hydraulics_agc_servo,0.3559,0.1572,0.1503,0,,train
2025-07-19 22:00:00,CRM.AGC.SV01,hydraulics_agc_servo,0.3737,0.1183,1.2219,0,,train
2025-07-19 23:00:00,CRM.AGC.SV01,hydraulics_agc_servo,0.3489,0.1453,1.4997,0,,train
2025-07-20 00:00:00,CRM.AGC.SV01,hydraulics_agc_servo,0.2978,0.1431,1.3221,0,,train
2025-07-20 01:00:00,CRM.AGC.SV01,hydraulics_agc_servo,0.2586,0.137,1.1986,0,,train
2025-07-20 02:00:00,CRM.AGC.SV01,hydraulics_agc_servo,0.2132,0.1649,1.8305,0,,train
2025-07-20 03:00:00,CRM.AGC.SV01,hydraulics_agc_servo,0.2102,0.1892,1.4863,0,,train
2025-07-20 04:00:00,CRM.AGC.SV01,hydraulics_agc_servo,0.2707,0.1797,1.7696,0,,train
2025-07-20 05:00:00,CRM.AGC.SV01,hydraulics_agc_servo,0.3193,0.1609,1.1164,0,,train
2025-07-20 06:00:00,CRM.AGC.SV01,hydraulics_agc_servo,0.2667,0.1533,-0.129,0,,train
2025-07-20 07:00:00,CRM.AGC.SV01,hydraulics_agc_servo,0.2127,0.1006,0.4528,0,,train
2025-07-20 08:00:00,CRM.AGC.SV01,hydraulics_agc_servo,0.1704,0.117,0.0607,0,,train
2025-07-20 09:00:00,CRM.AGC.SV01,hydraulics_agc_servo,0.1297,0.0922,0.8307,0,,train
2025-07-20 10:00:00,CRM.AGC.SV01,hydraulics_agc_servo,0.1143,0.1707,0.3225,0,,train
2025-07-20 11:00:00,CRM.AGC.SV01,hydraulics_agc_servo,0.1958,0.1184,0.0441,0,,train
2025-07-20 12:00:00,CRM.AGC.SV01,hydraulics_agc_servo,0.2107,0.1748,-0.5348,0,,train
2025-07-20 13:00:00,CRM.AGC.SV01,hydraulics_agc_servo,0.2304,0.2102,-0.7184,0,,train
2025-07-20 14:00:00,CRM.AGC.SV01,hydraulics_agc_servo,0.1978,0.2304,-1.1275,0,,train
2025-07-20 15:00:00,CRM.AGC.SV01,hydraulics_agc_servo,0.2012,0.2694,-0.9805,0,,train
2025-07-20 16:00:00,CRM.AGC.SV01,hydraulics_agc_servo,0.1678,0.2514,-0.4305,0,,train
2025-07-20 17:00:00,CRM.AGC.SV01,hydraulics_agc_servo,0.1753,0.183,-0.0211,0,,train
2025-07-20 18:00:00,CRM.AGC.SV01,hydraulics_agc_servo,0.1245,0.1491,-0.3146,0,,train
2025-07-20 19:00:00,CRM.AGC.SV01,hydraulics_agc_servo,0.1998,0.1649,-0.6231,0,,train
2025-07-20 20:00:00,CRM.AGC.SV01,hydraulics_agc_servo,0.2124,0.1098,-0.8996,0,,train
2025-07-20 21:00:00,CRM.AGC.SV01,hydraulics_agc_servo,0.2544,0.167,-1.8529,0,,train
2025-07-20 22:00:00,CRM.AGC.SV01,hydraulics_agc_servo,0.2217,0.1656,-1.5616,0,,train
2025-07-20 23:00:00,CRM.AGC.SV01,hydraulics_agc_servo,0.2692,0.1006,-2.118,0,,train
2025-07-21 00:00:00,CRM.AGC.SV01,hydraulics_agc_servo,0.2452,0.1147,-2.6715,0,,train
2025-07-21 01:00:00,CRM.AGC.SV01,hydraulics_agc_servo,0.2147,0.1055,-2.4091,0,,train
2025-07-21 02:00:00,CRM.AGC.SV01,hydraulics_agc_servo,0.2339,0.1355,-3.8116,0,,train
2025-07-21 03:00:00,CRM.AGC.SV01,hydraulics_agc_servo,0.2426,0.1655,-3.1177,0,,train
2025-07-21 04:00:00,CRM.AGC.SV01,hydraulics_agc_servo,0.2438,0.1666,-2.7269,0,,train
2025-07-21 05:00:00,CRM.AGC.SV01,hydraulics_agc_servo,0.2394,0.1395,-2.881,0,,train
2025-07-21 06:00:00,CRM.AGC.SV01,hydraulics_agc_servo,0.251,0.1074,-2.5311,0,,train
2025-07-21 07:00:00,CRM.AGC.SV01,hydraulics_agc_servo,0.2492,0.0666,-2.6352,0,,train
2025-07-21 08:00:00,CRM.AGC.SV01,hydraulics_agc_servo,0.2328,0.0976,-2.269,0,,train
2025-07-21 09:00:00,CRM.AGC.SV01,hydraulics_agc_servo,0.2695,0.1435,-3.467,0,,train
2025-07-21 10:00:00,CRM.AGC.SV01,hydraulics_agc_servo,0.2914,0.1503,-3.1168,0,,train
2025-07-21 11:00:00,CRM.AGC.SV01,hydraulics_agc_servo,0.2588,0.1515,-2.3697,0,,train
2025-07-21 12:00:00,CRM.AGC.SV01,hydraulics_agc_servo,0.226,0.1753,-1.1624,0,,train
2025-07-21 13:00:00,CRM.AGC.SV01,hydraulics_agc_servo,0.226,0.2001,-1.6023,0,,train
2025-07-21 14:00:00,CRM.AGC.SV01,hydraulics_agc_servo,0.213,0.2302,-1.3296,0,,train
2025-07-21 15:00:00,CRM.AGC.SV01,hydraulics_agc_servo,0.1991,0.2051,-0.6263,0,,train
2025-07-21 16:00:00,CRM.AGC.SV01,hydraulics_agc_servo,0.1829,0.2357,0.3,0,,train
2025-07-21 17:00:00,CRM.AGC.SV01,hydraulics_agc_servo,0.1359,0.255,-0.0236,0,,train
2025-07-21 18:00:00,CRM.AGC.SV01,hydraulics_agc_servo,0.1166,0.2733,0.3885,0,,train
2025-07-21 19:00:00,CRM.AGC.SV01,hydraulics_agc_servo,0.2192,0.2885,1.5852,0,,train
2025-07-21 20:00:00,CRM.AGC.SV01,hydraulics_agc_servo,0.1568,0.2701,1.2767,0,,train
2025-07-21 21:00:00,CRM.AGC.SV01,hydraulics_agc_servo,0.1862,0.2618,0.2208,0,,train
2025-07-21 22:00:00,CRM.AGC.SV01,hydraulics_agc_servo,0.194,0.2286,0.4783,0,,train
2025-07-21 23:00:00,CRM.AGC.SV01,hydraulics_agc_servo,0.1515,0.2164,0.1879,0,,train
2025-07-22 00:00:00,CRM.AGC.SV01,hydraulics_agc_servo,0.1682,0.1852,0.8895,0,,train
2025-07-22 01:00:00,CRM.AGC.SV01,hydraulics_agc_servo,0.2382,0.1864,0.0734,0,,train
2025-07-22 02:00:00,CRM.AGC.SV01,hydraulics_agc_servo,0.2442,0.1892,0.445,0,,train
2025-07-22 03:00:00,CRM.AGC.SV01,hydraulics_agc_servo,0.3046,0.2055,-0.1587,0,,train
2025-07-22 04:00:00,CRM.AGC.SV01,hydraulics_agc_servo,0.3436,0.2209,-0.1565,0,,train
2025-07-22 05:00:00,CRM.AGC.SV01,hydraulics_agc_servo,0.3708,0.2868,-0.1383,0,,train
2025-07-22 06:00:00,CRM.AGC.SV01,hydraulics_agc_servo,0.3835,0.2582,0.191,0,,train
2025-07-22 07:00:00,CRM.AGC.SV01,hydraulics_agc_servo,0.3432,0.3008,-0.54,0,,train
2025-07-22 08:00:00,CRM.AGC.SV01,hydraulics_agc_servo,0.2805,0.3086,0.2321,0,,train
2025-07-22 09:00:00,CRM.AGC.SV01,hydraulics_agc_servo,0.2934,0.2711,0.0534,0,,train
2025-07-22 10:00:00,CRM.AGC.SV01,hydraulics_agc_servo,0.2414,0.304,0.206,0,,train
2025-07-22 11:00:00,CRM.AGC.SV01,hydraulics_agc_servo,0.2338,0.3267,1.7962,0,,train
2025-07-22 12:00:00,CRM.AGC.SV01,hydraulics_agc_servo,0.2052,0.3331,1.5186,0,,train
2025-07-22 13:00:00,CRM.AGC.SV01,hydraulics_agc_servo,0.2287,0.3487,2.1939,0,,train
2025-07-22 14:00:00,CRM.AGC.SV01,hydraulics_agc_servo,0.1937,0.3871,2.0438,0,,train
2025-07-22 15:00:00,CRM.AGC.SV01,hydraulics_agc_servo,0.201,0.3974,1.774,0,,train
2025-07-22 16:00:00,CRM.AGC.SV01,hydraulics_agc_servo,0.21,0.3762,1.6739,0,,train
2025-07-22 17:00:00,CRM.AGC.SV01,hydraulics_agc_servo,0.2008,0.3601,2.4639,0,,train
2025-07-22 18:00:00,CRM.AGC.SV01,hydraulics_agc_servo,0.197,0.3604,1.894,0,,train
2025-07-22 19:00:00,CRM.AGC.SV01,hydraulics_agc_servo,0.2126,0.3287,1.8961,0,,train
2025-07-22 20:00:00,CRM.AGC.SV01,hydraulics_agc_servo,0.2366,0.3455,2.1054,0,,train
2025-07-22 21:00:00,CRM.AGC.SV01,hydraulics_agc_servo,0.2544,0.3123,3.1391,0,,train
2025-07-22 22:00:00,CRM.AGC.SV01,hydraulics_agc_servo,0.2895,0.3038,2.41,0,,train
2025-07-22 23:00:00,CRM.AGC.SV01,hydraulics_agc_servo,0.219,0.3284,1.5751,0,,train
2025-07-23 00:00:00,CRM.AGC.SV01,hydraulics_agc_servo,0.2301,0.3347,2.0752,0,,train
2025-07-23 01:00:00,CRM.AGC.SV01,hydraulics_agc_servo,0.217,0.3797,1.8494,0,,train
2025-07-23 02:00:00,CRM.AGC.SV01,hydraulics_agc_servo,0.1542,0.4081,2.2038,0,,train
2025-07-23 03:00:00,CRM.AGC.SV01,hydraulics_agc_servo,0.1531,0.3928,1.8668,0,,train
2025-07-23 04:00:00,CRM.AGC.SV01,hydraulics_agc_servo,0.2354,0.3516,1.8591,0,,train
2025-07-23 05:00:00,CRM.AGC.SV01,hydraulics_agc_servo,0.2256,0.2749,2.8434,0,,train
2025-07-23 06:00:00,CRM.AGC.SV01,hydraulics_agc_servo,0.2256,0.3313,1.9237,0,,train
2025-07-23 07:00:00,CRM.AGC.SV01,hydraulics_agc_servo,0.2602,0.2804,3.1635,0,,train
2025-07-23 08:00:00,CRM.AGC.SV01,hydraulics_agc_servo,0.2857,0.3393,3.1101,0,,train
2025-07-23 09:00:00,CRM.AGC.SV01,hydraulics_agc_servo,0.2732,0.3236,2.6716,0,,train
2025-07-23 10:00:00,CRM.AGC.SV01,hydraulics_agc_servo,0.3065,0.3084,2.6211,0,,train
2025-07-23 11:00:00,CRM.AGC.SV01,hydraulics_agc_servo,0.3126,0.2683,2.4676,0,,train
2025-07-23 12:00:00,CRM.AGC.SV01,hydraulics_agc_servo,0.3295,0.2219,2.1961,0,,train
2025-07-23 13:00:00,CRM.AGC.SV01,hydraulics_agc_servo,0.2332,0.2264,2.5856,0,,train
2025-07-23 14:00:00,CRM.AGC.SV01,hydraulics_agc_servo,0.2108,0.2082,3.3,0,,train
2025-07-23 15:00:00,CRM.AGC.SV01,hydraulics_agc_servo,0.2188,0.2473,3.4872,0,,train
2025-07-23 16:00:00,CRM.AGC.SV01,hydraulics_agc_servo,0.2418,0.2735,3.5801,0,,train
2025-07-23 17:00:00,CRM.AGC.SV01,hydraulics_agc_servo,0.262,0.3685,4.1006,0,,train
2025-07-23 18:00:00,CRM.AGC.SV01,hydraulics_agc_servo,0.1913,0.6815,4.1872,0,,train
2025-07-23 19:00:00,CRM.AGC.SV01,hydraulics_agc_servo,0.2431,0.9687,4.037,0,,train
2025-07-23 20:00:00,CRM.AGC.SV01,hydraulics_agc_servo,0.3147,1.1464,3.3327,0,,train
2025-07-23 21:00:00,CRM.AGC.SV01,hydraulics_agc_servo,0.3133,1.1979,2.4683,0,,train
2025-07-23 22:00:00,CRM.AGC.SV01,hydraulics_agc_servo,0.3497,0.9904,1.3016,0,,train
2025-07-23 23:00:00,CRM.AGC.SV01,hydraulics_agc_servo,0.3365,0.687,0.5803,0,,train
2025-07-24 00:00:00,CRM.AGC.SV01,hydraulics_agc_servo,0.2999,0.3963,0.3273,0,,train
2025-07-24 01:00:00,CRM.AGC.SV01,hydraulics_agc_servo,0.2789,0.3077,2.3344,0,,train
2025-07-24 02:00:00,CRM.AGC.SV01,hydraulics_agc_servo,0.3316,0.317,2.3872,0,,train
2025-07-24 03:00:00,CRM.AGC.SV01,hydraulics_agc_servo,0.3325,0.2675,2.1963,0,,train
2025-07-24 04:00:00,CRM.AGC.SV01,hydraulics_agc_servo,0.3286,0.2796,1.5266,0,,train
2025-07-24 05:00:00,CRM.AGC.SV01,hydraulics_agc_servo,0.2649,0.311,1.539,0,,train
2025-07-24 06:00:00,CRM.AGC.SV01,hydraulics_agc_servo,0.2565,0.2691,1.6958,0,,train
2025-07-24 07:00:00,CRM.AGC.SV01,hydraulics_agc_servo,0.2221,0.2808,0.9671,0,,train
2025-07-24 08:00:00,CRM.AGC.SV01,hydraulics_agc_servo,0.1725,0.2385,1.1086,0,,train
2025-07-24 09:00:00,CRM.AGC.SV01,hydraulics_agc_servo,0.2034,0.2484,0.861,0,,train
2025-07-24 10:00:00,CRM.AGC.SV01,hydraulics_agc_servo,0.2168,0.2317,0.7616,0,,train
2025-07-24 11:00:00,CRM.AGC.SV01,hydraulics_agc_servo,0.2218,0.2588,0.2747,0,,train
2025-07-24 12:00:00,CRM.AGC.SV01,hydraulics_agc_servo,0.1843,0.2432,-0.5236,0,,train
2025-07-24 13:00:00,CRM.AGC.SV01,hydraulics_agc_servo,0.1406,0.242,-1.364,0,,train
2025-07-24 14:00:00,CRM.AGC.SV01,hydraulics_agc_servo,0.1246,0.303,-1.6844,0,,train
2025-07-24 15:00:00,CRM.AGC.SV01,hydraulics_agc_servo,0.1534,0.335,-1.015,0,,train
2025-07-24 16:00:00,CRM.AGC.SV01,hydraulics_agc_servo,0.1407,0.292,-0.8663,0,,train
2025-07-24 17:00:00,CRM.AGC.SV01,hydraulics_agc_servo,0.1188,0.2949,-0.4615,0,,train
2025-07-24 18:00:00,CRM.AGC.SV01,hydraulics_agc_servo,0.0998,0.2446,0.0006,0,,train
2025-07-24 19:00:00,CRM.AGC.SV01,hydraulics_agc_servo,0.0767,0.2885,-0.947,0,,train
2025-07-24 20:00:00,CRM.AGC.SV01,hydraulics_agc_servo,0.0761,0.2746,-0.0586,0,,train
2025-07-24 21:00:00,CRM.AGC.SV01,hydraulics_agc_servo,0.0907,0.231,-0.4078,0,,train
2025-07-24 22:00:00,CRM.AGC.SV01,hydraulics_agc_servo,0.1537,0.2726,-0.4311,0,,train
2025-07-24 23:00:00,CRM.AGC.SV01,hydraulics_agc_servo,0.1474,0.2722,0.0414,0,,train
2025-07-25 00:00:00,CRM.AGC.SV01,hydraulics_agc_servo,0.1835,0.2557,0.3565,0,,train
2025-07-25 01:00:00,CRM.AGC.SV01,hydraulics_agc_servo,0.1734,0.2822,0.3108,0,,train
2025-07-25 02:00:00,CRM.AGC.SV01,hydraulics_agc_servo,0.1528,0.3591,0.2527,0,,train
2025-07-25 03:00:00,CRM.AGC.SV01,hydraulics_agc_servo,0.1451,0.3499,1.1625,0,,train
2025-07-25 04:00:00,CRM.AGC.SV01,hydraulics_agc_servo,0.1466,0.2923,-0.0895,0,,train
2025-07-25 05:00:00,CRM.AGC.SV01,hydraulics_agc_servo,0.1247,0.2648,-0.1945,0,,train
2025-07-25 06:00:00,CRM.AGC.SV01,hydraulics_agc_servo,0.1884,0.1983,-0.2612,0,,train
2025-07-25 07:00:00,CRM.AGC.SV01,hydraulics_agc_servo,0.1481,0.1581,-0.5771,0,,train
2025-07-25 08:00:00,CRM.AGC.SV01,hydraulics_agc_servo,0.1623,0.2058,-0.9663,0,,train
2025-07-25 09:00:00,CRM.AGC.SV01,hydraulics_agc_servo,0.157,0.2279,-0.6619,0,,train
2025-07-25 10:00:00,CRM.AGC.SV01,hydraulics_agc_servo,0.1878,0.181,-0.5314,0,,train
2025-07-25 11:00:00,CRM.AGC.SV01,hydraulics_agc_servo,0.2246,0.1561,-0.2408,0,,train
2025-07-25 12:00:00,CRM.AGC.SV01,hydraulics_agc_servo,0.2861,0.1579,0.3223,0,,train
2025-07-25 13:00:00,CRM.AGC.SV01,hydraulics_agc_servo,0.2956,0.1592,0.489,0,,train
2025-07-25 14:00:00,CRM.AGC.SV01,hydraulics_agc_servo,0.2699,0.171,-0.3097,0,,train
2025-07-25 15:00:00,CRM.AGC.SV01,hydraulics_agc_servo,0.2946,0.2059,-0.0976,0,,train
2025-07-25 16:00:00,CRM.AGC.SV01,hydraulics_agc_servo,0.2836,0.2297,-0.2348,0,,train
2025-07-25 17:00:00,CRM.AGC.SV01,hydraulics_agc_servo,0.2505,0.2562,0.006,0,,train
2025-07-25 18:00:00,CRM.AGC.SV01,hydraulics_agc_servo,0.2842,0.2191,0.0429,0,,train
2025-07-25 19:00:00,CRM.AGC.SV01,hydraulics_agc_servo,0.3361,0.2165,0.0553,0,,train
2025-07-25 20:00:00,CRM.AGC.SV01,hydraulics_agc_servo,0.3718,0.269,-0.923,0,,train
2025-07-25 21:00:00,CRM.AGC.SV01,hydraulics_agc_servo,0.4061,0.2811,-0.1092,0,,train
2025-07-25 22:00:00,CRM.AGC.SV01,hydraulics_agc_servo,0.3519,0.2408,-0.0018,0,,train
2025-07-25 23:00:00,CRM.AGC.SV01,hydraulics_agc_servo,0.399,0.2754,0.6242,0,,train
2025-07-26 00:00:00,CRM.AGC.SV01,hydraulics_agc_servo,0.414,0.2658,1.1428,0,,train
2025-07-26 01:00:00,CRM.AGC.SV01,hydraulics_agc_servo,0.4038,0.2711,2.0374,0,,train
2025-07-26 02:00:00,CRM.AGC.SV01,hydraulics_agc_servo,0.392,0.2483,1.5239,0,,train
2025-07-26 03:00:00,CRM.AGC.SV01,hydraulics_agc_servo,0.3987,0.2066,1.1842,0,,train
2025-07-26 04:00:00,CRM.AGC.SV01,hydraulics_agc_servo,0.4032,0.2526,0.7686,0,,train
2025-07-26 05:00:00,CRM.AGC.SV01,hydraulics_agc_servo,0.3278,0.2475,1.2161,0,,train
2025-07-26 06:00:00,CRM.AGC.SV01,hydraulics_agc_servo,0.3688,0.2261,0.7564,0,,train
2025-07-26 07:00:00,CRM.AGC.SV01,hydraulics_agc_servo,0.3789,0.2363,1.0222,0,,train
2025-07-26 08:00:00,CRM.AGC.SV01,hydraulics_agc_servo,0.3707,0.2669,1.6522,0,,train
2025-07-26 09:00:00,CRM.AGC.SV01,hydraulics_agc_servo,0.3583,0.2317,1.0883,0,,train
2025-07-26 10:00:00,CRM.AGC.SV01,hydraulics_agc_servo,0.3579,0.252,0.5074,0,,train
2025-07-26 11:00:00,CRM.AGC.SV01,hydraulics_agc_servo,0.347,0.2639,-0.9314,0,,train
2025-07-26 12:00:00,CRM.AGC.SV01,hydraulics_agc_servo,0.3515,0.2989,0.8904,0,,train
2025-07-26 13:00:00,CRM.AGC.SV01,hydraulics_agc_servo,0.3603,0.2674,1.6885,0,,train
2025-07-26 14:00:00,CRM.AGC.SV01,hydraulics_agc_servo,0.3127,0.2368,1.6099,0,,train
2025-07-26 15:00:00,CRM.AGC.SV01,hydraulics_agc_servo,0.2568,0.213,1.383,0,,train
2025-07-26 16:00:00,CRM.AGC.SV01,hydraulics_agc_servo,0.2551,0.2305,1.0721,0,,train
2025-07-26 17:00:00,CRM.AGC.SV01,hydraulics_agc_servo,0.2981,0.1675,0.7592,0,,train
2025-07-26 18:00:00,CRM.AGC.SV01,hydraulics_agc_servo,0.2821,0.174,0.8386,0,,train
2025-07-26 19:00:00,CRM.AGC.SV01,hydraulics_agc_servo,0.3082,0.2237,0.4426,0,,train
2025-07-26 20:00:00,CRM.AGC.SV01,hydraulics_agc_servo,0.3129,0.2531,0.0738,0,,train
2025-07-26 21:00:00,CRM.AGC.SV01,hydraulics_agc_servo,0.3545,0.2476,0.1083,0,,train
2025-07-26 22:00:00,CRM.AGC.SV01,hydraulics_agc_servo,0.3584,0.2092,-0.3144,0,,train
2025-07-26 23:00:00,CRM.AGC.SV01,hydraulics_agc_servo,0.335,0.1848,-0.2032,0,,train
2025-07-27 00:00:00,CRM.AGC.SV01,hydraulics_agc_servo,0.3078,0.1556,-0.8004,0,,train
2025-07-27 01:00:00,CRM.AGC.SV01,hydraulics_agc_servo,0.3009,0.2025,0.5114,0,,train
2025-07-27 02:00:00,CRM.AGC.SV01,hydraulics_agc_servo,0.2654,0.1777,-0.369,0,,train
2025-07-27 03:00:00,CRM.AGC.SV01,hydraulics_agc_servo,0.1966,0.1621,-0.7063,0,,train
2025-07-27 04:00:00,CRM.AGC.SV01,hydraulics_agc_servo,0.1936,0.1546,-1.6891,0,,train
2025-07-27 05:00:00,CRM.AGC.SV01,hydraulics_agc_servo,0.1374,0.1395,-2.5299,0,,train
2025-07-27 06:00:00,CRM.AGC.SV01,hydraulics_agc_servo,0.2014,0.1132,-2.4904,0,,train
2025-07-27 07:00:00,CRM.AGC.SV01,hydraulics_agc_servo,0.2398,0.1235,-2.4898,0,,train
2025-07-27 08:00:00,CRM.AGC.SV01,hydraulics_agc_servo,0.3223,0.1847,-2.5268,0,,train
2025-07-27 09:00:00,CRM.AGC.SV01,hydraulics_agc_servo,0.3067,0.1973,-1.1842,0,,train
2025-07-27 10:00:00,CRM.AGC.SV01,hydraulics_agc_servo,0.2891,0.2705,-0.9888,0,,train
2025-07-27 11:00:00,CRM.AGC.SV01,hydraulics_agc_servo,0.2446,0.2506,-0.7727,0,,train
2025-07-27 12:00:00,CRM.AGC.SV01,hydraulics_agc_servo,0.2045,0.2512,-1.6835,0,,train
2025-07-27 13:00:00,CRM.AGC.SV01,hydraulics_agc_servo,0.1837,0.2217,-0.9149,0,,train
2025-07-27 14:00:00,CRM.AGC.SV01,hydraulics_agc_servo,0.1824,0.1732,-0.4745,0,,train
2025-07-27 15:00:00,CRM.AGC.SV01,hydraulics_agc_servo,0.1601,0.1794,-0.2666,0,,train
2025-07-27 16:00:00,CRM.AGC.SV01,hydraulics_agc_servo,0.1482,0.1806,0.472,0,,train
2025-07-27 17:00:00,CRM.AGC.SV01,hydraulics_agc_servo,0.0642,0.1773,0.7048,0,,train
2025-07-27 18:00:00,CRM.AGC.SV01,hydraulics_agc_servo,0.1553,0.1635,0.1086,0,,train
2025-07-27 19:00:00,CRM.AGC.SV01,hydraulics_agc_servo,0.1812,0.2095,0.3761,0,,train
2025-07-27 20:00:00,CRM.AGC.SV01,hydraulics_agc_servo,0.2247,0.2068,0.3547,0,,train
2025-07-27 21:00:00,CRM.AGC.SV01,hydraulics_agc_servo,0.2453,0.2401,-0.0217,0,,train
2025-07-27 22:00:00,CRM.AGC.SV01,hydraulics_agc_servo,0.2644,0.2697,-0.4035,0,,train
2025-07-27 23:00:00,CRM.AGC.SV01,hydraulics_agc_servo,0.2593,0.2643,0.5395,0,,train
2025-07-28 00:00:00,CRM.AGC.SV01,hydraulics_agc_servo,0.2396,0.3163,0.6157,0,,train
2025-07-28 01:00:00,CRM.AGC.SV01,hydraulics_agc_servo,0.2835,0.3245,0.3548,0,,train
2025-07-28 02:00:00,CRM.AGC.SV01,hydraulics_agc_servo,0.3165,0.3173,1.2991,0,,train
2025-07-28 03:00:00,CRM.AGC.SV01,hydraulics_agc_servo,0.2879,0.3068,1.2792,0,,train
2025-07-28 04:00:00,CRM.AGC.SV01,hydraulics_agc_servo,0.226,0.2717,1.4966,0,,train
2025-07-28 05:00:00,CRM.AGC.SV01,hydraulics_agc_servo,0.2461,0.2487,1.2252,0,,train
2025-07-28 06:00:00,CRM.AGC.SV01,hydraulics_agc_servo,0.2326,0.2204,0.8022,0,,train
2025-07-28 07:00:00,CRM.AGC.SV01,hydraulics_agc_servo,0.2093,0.2386,0.7119,0,,train
2025-07-28 08:00:00,CRM.AGC.SV01,hydraulics_agc_servo,0.2477,0.225,0.6964,0,,train
2025-07-28 09:00:00,CRM.AGC.SV01,hydraulics_agc_servo,0.2152,0.2417,1.852,0,,train
2025-07-28 10:00:00,CRM.AGC.SV01,hydraulics_agc_servo,0.1578,0.2304,1.3045,0,,train
2025-07-28 11:00:00,CRM.AGC.SV01,hydraulics_agc_servo,0.19,0.2276,1.2761,0,,train
2025-07-28 12:00:00,CRM.AGC.SV01,hydraulics_agc_servo,0.1989,0.2349,0.7159,0,,train
2025-07-28 13:00:00,CRM.AGC.SV01,hydraulics_agc_servo,0.1678,0.2852,0.9192,0,,train
2025-07-28 14:00:00,CRM.AGC.SV01,hydraulics_agc_servo,0.1881,0.2466,0.3873,0,,train
2025-07-28 15:00:00,CRM.AGC.SV01,hydraulics_agc_servo,0.2047,0.2535,-0.011,0,,train
2025-07-28 16:00:00,CRM.AGC.SV01,hydraulics_agc_servo,0.2268,0.2698,-0.6389,0,,train
2025-07-28 17:00:00,CRM.AGC.SV01,hydraulics_agc_servo,0.2281,0.2949,-1.8491,0,,train
2025-07-28 18:00:00,CRM.AGC.SV01,hydraulics_agc_servo,0.2753,0.2598,-2.5152,0,,train
2025-07-28 19:00:00,CRM.AGC.SV01,hydraulics_agc_servo,0.2194,0.2709,-2.8271,0,,train
2025-07-28 20:00:00,CRM.AGC.SV01,hydraulics_agc_servo,0.2177,0.2943,-1.9413,0,,train
2025-07-28 21:00:00,CRM.AGC.SV01,hydraulics_agc_servo,0.2016,0.3273,-1.6079,0,,train
2025-07-28 22:00:00,CRM.AGC.SV01,hydraulics_agc_servo,0.1949,0.2639,-1.9841,0,,train
2025-07-28 23:00:00,CRM.AGC.SV01,hydraulics_agc_servo,0.2138,0.2272,-2.1874,0,,train
2025-07-29 00:00:00,CRM.AGC.SV01,hydraulics_agc_servo,0.1631,0.243,-1.6087,0,,train
2025-07-29 01:00:00,CRM.AGC.SV01,hydraulics_agc_servo,0.1989,0.2139,-1.0209,0,,train
2025-07-29 02:00:00,CRM.AGC.SV01,hydraulics_agc_servo,0.1842,0.1485,-1.2108,0,,train
2025-07-29 03:00:00,CRM.AGC.SV01,hydraulics_agc_servo,0.1654,0.0819,-1.7357,0,,train
2025-07-29 04:00:00,CRM.AGC.SV01,hydraulics_agc_servo,0.13,0.0744,-2.0466,0,,train
2025-07-29 05:00:00,CRM.AGC.SV01,hydraulics_agc_servo,0.0977,0.0505,-2.1736,0,,train
2025-07-29 06:00:00,CRM.AGC.SV01,hydraulics_agc_servo,0.0959,0.1016,-1.5698,0,,train
2025-07-29 07:00:00,CRM.AGC.SV01,hydraulics_agc_servo,0.0099,0.0858,-1.3701,0,,train
2025-07-29 08:00:00,CRM.AGC.SV01,hydraulics_agc_servo,0.0446,0.097,-1.3369,0,,train
2025-07-29 09:00:00,CRM.AGC.SV01,hydraulics_agc_servo,0.0926,0.1015,-2.0434,0,,train
2025-07-29 10:00:00,CRM.AGC.SV01,hydraulics_agc_servo,0.0741,0.0818,-1.3623,0,,train
2025-07-29 11:00:00,CRM.AGC.SV01,hydraulics_agc_servo,0.0791,0.0775,-1.16,0,,train
2025-07-29 12:00:00,CRM.AGC.SV01,hydraulics_agc_servo,0.1262,0.0943,-1.6433,0,,train
2025-07-29 13:00:00,CRM.AGC.SV01,hydraulics_agc_servo,0.153,0.1121,-1.4833,0,,train
2025-07-29 14:00:00,CRM.AGC.SV01,hydraulics_agc_servo,0.1707,0.0669,-0.6463,0,,train
2025-07-29 15:00:00,CRM.AGC.SV01,hydraulics_agc_servo,0.1721,0.1029,-0.3486,0,,train
2025-07-29 16:00:00,CRM.AGC.SV01,hydraulics_agc_servo,0.1595,0.1471,0.5347,0,,train
2025-07-29 17:00:00,CRM.AGC.SV01,hydraulics_agc_servo,0.2072,0.1134,0.1679,0,,train
2025-07-29 18:00:00,CRM.AGC.SV01,hydraulics_agc_servo,0.1949,0.1416,0.1357,0,,train
2025-07-29 19:00:00,CRM.AGC.SV01,hydraulics_agc_servo,0.2419,0.1564,0.1779,0,,train
2025-07-29 20:00:00,CRM.AGC.SV01,hydraulics_agc_servo,0.3086,0.2079,0.9864,0,,train
2025-07-29 21:00:00,CRM.AGC.SV01,hydraulics_agc_servo,0.362,0.2049,1.8126,0,,train
2025-07-29 22:00:00,CRM.AGC.SV01,hydraulics_agc_servo,0.3779,0.2063,0.8296,0,,train
2025-07-29 23:00:00,CRM.AGC.SV01,hydraulics_agc_servo,0.3269,0.2175,1.3225,0,,train
2025-07-30 00:00:00,CRM.AGC.SV01,hydraulics_agc_servo,0.338,0.2773,1.3863,0,,train
2025-07-30 01:00:00,CRM.AGC.SV01,hydraulics_agc_servo,0.3093,0.2465,1.8707,0,,train
2025-07-30 02:00:00,CRM.AGC.SV01,hydraulics_agc_servo,0.2826,0.2036,0.4194,0,,train
2025-07-30 03:00:00,CRM.AGC.SV01,hydraulics_agc_servo,0.3144,0.2201,1.0831,0,,train
2025-07-30 04:00:00,CRM.AGC.SV01,hydraulics_agc_servo,0.3382,0.2274,0.7793,0,,train
2025-07-30 05:00:00,CRM.AGC.SV01,hydraulics_agc_servo,0.3483,0.268,0.1945,0,,train
2025-07-30 06:00:00,CRM.AGC.SV01,hydraulics_agc_servo,0.4006,0.2733,0.8632,0,,train
2025-07-30 07:00:00,CRM.AGC.SV01,hydraulics_agc_servo,0.3568,0.2392,1.0526,0,,train
2025-07-30 08:00:00,CRM.AGC.SV01,hydraulics_agc_servo,0.3512,0.2193,0.7892,0,,train
2025-07-30 09:00:00,CRM.AGC.SV01,hydraulics_agc_servo,0.3352,0.2196,-0.6308,0,,train
2025-07-30 10:00:00,CRM.AGC.SV01,hydraulics_agc_servo,0.4078,0.2109,-0.1087,0,,train
2025-07-30 11:00:00,CRM.AGC.SV01,hydraulics_agc_servo,0.428,0.247,0.649,0,,train
2025-07-30 12:00:00,CRM.AGC.SV01,hydraulics_agc_servo,0.4318,0.2185,1.0847,0,,train
2025-07-30 13:00:00,CRM.AGC.SV01,hydraulics_agc_servo,0.4787,0.2118,1.1131,0,,train
2025-07-30 14:00:00,CRM.AGC.SV01,hydraulics_agc_servo,0.4156,0.2566,1.7355,0,,train
2025-07-30 15:00:00,CRM.AGC.SV01,hydraulics_agc_servo,0.4564,0.2587,1.1963,0,,train
2025-07-30 16:00:00,CRM.AGC.SV01,hydraulics_agc_servo,0.4034,0.3098,1.0497,0,,train
2025-07-30 17:00:00,CRM.AGC.SV01,hydraulics_agc_servo,0.4173,0.3528,0.9192,0,,train
2025-07-30 18:00:00,CRM.AGC.SV01,hydraulics_agc_servo,0.3331,0.4136,1.2298,0,,train
2025-07-30 19:00:00,CRM.AGC.SV01,hydraulics_agc_servo,0.3691,0.3483,0.449,0,,train
2025-07-30 20:00:00,CRM.AGC.SV01,hydraulics_agc_servo,0.3022,0.3127,0.1703,0,,train
2025-07-30 21:00:00,CRM.AGC.SV01,hydraulics_agc_servo,0.283,0.3803,-0.5122,0,,train
2025-07-30 22:00:00,CRM.AGC.SV01,hydraulics_agc_servo,0.2915,0.3791,0.0858,0,,train
2025-07-30 23:00:00,CRM.AGC.SV01,hydraulics_agc_servo,0.2502,0.4151,-0.5788,0,,train
2025-07-31 00:00:00,CRM.AGC.SV01,hydraulics_agc_servo,0.2433,0.3822,-0.3386,0,,train
2025-07-31 01:00:00,CRM.AGC.SV01,hydraulics_agc_servo,0.2297,0.4044,-0.0044,0,,train
2025-07-31 02:00:00,CRM.AGC.SV01,hydraulics_agc_servo,0.2583,0.3912,0.29,0,,train
2025-07-31 03:00:00,CRM.AGC.SV01,hydraulics_agc_servo,0.3057,0.3917,-0.0383,0,,train
2025-07-31 04:00:00,CRM.AGC.SV01,hydraulics_agc_servo,0.3042,0.3664,0.2971,0,,train
2025-07-31 05:00:00,CRM.AGC.SV01,hydraulics_agc_servo,0.2919,0.3559,1.1646,0,,train
2025-07-31 06:00:00,CRM.AGC.SV01,hydraulics_agc_servo,0.2891,0.3097,0.8825,0,,train
2025-07-31 07:00:00,CRM.AGC.SV01,hydraulics_agc_servo,0.2591,0.2771,0.8687,0,,train
2025-07-31 08:00:00,CRM.AGC.SV01,hydraulics_agc_servo,0.2445,0.3225,0.4863,0,,train
2025-07-31 09:00:00,CRM.AGC.SV01,hydraulics_agc_servo,0.2749,0.3344,0.8702,0,,train
2025-07-31 10:00:00,CRM.AGC.SV01,hydraulics_agc_servo,0.2423,0.3334,0.1742,0,,train
2025-07-31 11:00:00,CRM.AGC.SV01,hydraulics_agc_servo,0.1793,0.3447,0.8554,0,,train
2025-07-31 12:00:00,CRM.AGC.SV01,hydraulics_agc_servo,0.2181,0.2871,0.3864,0,,train
2025-07-31 13:00:00,CRM.AGC.SV01,hydraulics_agc_servo,0.1977,0.308,0.0001,0,,train
2025-07-31 14:00:00,CRM.AGC.SV01,hydraulics_agc_servo,0.1824,0.3364,-0.4204,0,,train
2025-07-31 15:00:00,CRM.AGC.SV01,hydraulics_agc_servo,0.1967,0.35,-0.0088,0,,train
2025-07-31 16:00:00,CRM.AGC.SV01,hydraulics_agc_servo,0.1992,0.4123,1.0354,0,,train
2025-07-31 17:00:00,CRM.AGC.SV01,hydraulics_agc_servo,0.1516,0.418,0.3201,0,,train
2025-07-31 18:00:00,CRM.AGC.SV01,hydraulics_agc_servo,0.1794,0.3575,0.5459,0,,train
2025-07-31 19:00:00,CRM.AGC.SV01,hydraulics_agc_servo,0.1867,0.3539,1.0294,0,,train
2025-07-31 20:00:00,CRM.AGC.SV01,hydraulics_agc_servo,0.2254,0.3191,0.4232,0,,train
2025-07-31 21:00:00,CRM.AGC.SV01,hydraulics_agc_servo,0.2006,0.3113,-0.8138,0,,train
2025-07-31 22:00:00,CRM.AGC.SV01,hydraulics_agc_servo,0.232,0.2992,-0.8308,0,,train
2025-07-31 23:00:00,CRM.AGC.SV01,hydraulics_agc_servo,0.229,0.3007,-0.3631,0,,train
2025-08-01 00:00:00,CRM.AGC.SV01,hydraulics_agc_servo,0.2134,0.2613,-0.2858,0,,train
2025-08-01 01:00:00,CRM.AGC.SV01,hydraulics_agc_servo,0.2581,0.3056,-1.0252,0,,train
2025-08-01 02:00:00,CRM.AGC.SV01,hydraulics_agc_servo,0.3126,0.2658,-1.2661,0,,train
2025-08-01 03:00:00,CRM.AGC.SV01,hydraulics_agc_servo,0.3446,0.3415,-1.3375,0,,train
2025-08-01 04:00:00,CRM.AGC.SV01,hydraulics_agc_servo,0.3341,0.348,-0.7479,0,,train
2025-08-01 05:00:00,CRM.AGC.SV01,hydraulics_agc_servo,0.2907,0.3775,-0.7119,0,,train
2025-08-01 06:00:00,CRM.AGC.SV01,hydraulics_agc_servo,0.2926,0.4035,-1.2072,0,,train
2025-08-01 07:00:00,CRM.AGC.SV01,hydraulics_agc_servo,0.3411,0.3523,-1.8544,0,,train
2025-08-01 08:00:00,CRM.AGC.SV01,hydraulics_agc_servo,0.3453,0.3864,-2.2948,0,,train
2025-08-01 09:00:00,CRM.AGC.SV01,hydraulics_agc_servo,0.3464,0.3951,-1.5596,0,,train
2025-08-01 10:00:00,CRM.AGC.SV01,hydraulics_agc_servo,0.3291,0.3108,-1.0259,0,,train
2025-08-01 11:00:00,CRM.AGC.SV01,hydraulics_agc_servo,0.2977,0.3308,-0.9914,0,,train
2025-08-01 12:00:00,CRM.AGC.SV01,hydraulics_agc_servo,0.2887,0.2971,-0.3115,0,,train
2025-08-01 13:00:00,CRM.AGC.SV01,hydraulics_agc_servo,0.3091,0.3288,-0.5524,0,,train
2025-08-01 14:00:00,CRM.AGC.SV01,hydraulics_agc_servo,0.3258,0.337,-0.2564,0,,train
2025-08-01 15:00:00,CRM.AGC.SV01,hydraulics_agc_servo,0.3127,0.375,-0.8933,0,,train
2025-08-01 16:00:00,CRM.AGC.SV01,hydraulics_agc_servo,0.325,0.3655,-0.0754,0,,train
2025-08-01 17:00:00,CRM.AGC.SV01,hydraulics_agc_servo,0.2974,0.3444,-1.553,0,,train
2025-08-01 18:00:00,CRM.AGC.SV01,hydraulics_agc_servo,0.3766,0.3619,-2.1142,0,,train
2025-08-01 19:00:00,CRM.AGC.SV01,hydraulics_agc_servo,0.3342,0.3044,-1.8566,0,,train
2025-08-01 20:00:00,CRM.AGC.SV01,hydraulics_agc_servo,0.3072,0.3052,-2.3519,0,,train
2025-08-01 21:00:00,CRM.AGC.SV01,hydraulics_agc_servo,0.312,0.3338,-2.4579,0,,train
2025-08-01 22:00:00,CRM.AGC.SV01,hydraulics_agc_servo,0.2978,0.3349,-3.6229,0,,train
2025-08-01 23:00:00,CRM.AGC.SV01,hydraulics_agc_servo,0.3434,0.296,-4.0291,0,,train
2025-08-02 00:00:00,CRM.AGC.SV01,hydraulics_agc_servo,0.2872,0.2484,-3.3133,0,,train
2025-08-02 01:00:00,CRM.AGC.SV01,hydraulics_agc_servo,0.2764,0.2458,-3.4066,0,,train
2025-08-02 02:00:00,CRM.AGC.SV01,hydraulics_agc_servo,0.3121,0.2339,-2.1557,0,,train
2025-08-02 03:00:00,CRM.AGC.SV01,hydraulics_agc_servo,0.2772,0.27,-1.6709,0,,train
2025-08-02 04:00:00,CRM.AGC.SV01,hydraulics_agc_servo,0.2569,0.2987,-1.6928,0,,train
2025-08-02 05:00:00,CRM.AGC.SV01,hydraulics_agc_servo,0.2417,0.3094,-1.6546,0,,train
2025-08-02 06:00:00,CRM.AGC.SV01,hydraulics_agc_servo,0.238,0.2348,-1.9806,0,,train
2025-08-02 07:00:00,CRM.AGC.SV01,hydraulics_agc_servo,0.2455,0.2147,-1.4167,0,,train
2025-08-02 08:00:00,CRM.AGC.SV01,hydraulics_agc_servo,0.2856,0.2771,-2.046,0,,train
2025-08-02 09:00:00,CRM.AGC.SV01,hydraulics_agc_servo,0.2808,0.2871,-1.5065,0,,train
2025-08-02 10:00:00,CRM.AGC.SV01,hydraulics_agc_servo,0.3212,0.2705,-0.9693,0,,train
2025-08-02 11:00:00,CRM.AGC.SV01,hydraulics_agc_servo,0.3154,0.3161,-1.2691,0,,train
2025-08-02 12:00:00,CRM.AGC.SV01,hydraulics_agc_servo,0.3418,0.3656,-0.8774,0,,train
2025-08-02 13:00:00,CRM.AGC.SV01,hydraulics_agc_servo,0.3527,0.3696,-0.9732,0,,train
2025-08-02 14:00:00,CRM.AGC.SV01,hydraulics_agc_servo,0.4006,0.3605,-0.1832,0,,train
2025-08-02 15:00:00,CRM.AGC.SV01,hydraulics_agc_servo,0.3788,0.3621,-0.0317,0,,train
2025-08-02 16:00:00,CRM.AGC.SV01,hydraulics_agc_servo,0.3306,0.3009,0.2178,0,,train
2025-08-02 17:00:00,CRM.AGC.SV01,hydraulics_agc_servo,0.3453,0.2915,0.2834,0,,train
2025-08-02 18:00:00,CRM.AGC.SV01,hydraulics_agc_servo,0.26,0.2909,0.3447,0,,train
2025-08-02 19:00:00,CRM.AGC.SV01,hydraulics_agc_servo,0.2529,0.2383,0.1521,0,,train
2025-08-02 20:00:00,CRM.AGC.SV01,hydraulics_agc_servo,0.2816,0.2006,0.8573,0,,train
2025-08-02 21:00:00,CRM.AGC.SV01,hydraulics_agc_servo,0.2369,0.3202,0.9662,0,,train
2025-08-02 22:00:00,CRM.AGC.SV01,hydraulics_agc_servo,0.2349,0.3254,1.2375,0,,train
2025-08-02 23:00:00,CRM.AGC.SV01,hydraulics_agc_servo,0.2396,0.3429,1.6544,0,,train
2025-08-03 00:00:00,CRM.AGC.SV01,hydraulics_agc_servo,0.2143,0.356,1.9334,0,,train
2025-08-03 01:00:00,CRM.AGC.SV01,hydraulics_agc_servo,0.208,0.238,2.513,0,,train
2025-08-03 02:00:00,CRM.AGC.SV01,hydraulics_agc_servo,0.2197,0.2343,2.2946,0,,train
2025-08-03 03:00:00,CRM.AGC.SV01,hydraulics_agc_servo,0.2536,0.1894,1.4381,0,,train
2025-08-03 04:00:00,CRM.AGC.SV01,hydraulics_agc_servo,0.2441,0.1794,0.8006,0,,train
2025-08-03 05:00:00,CRM.AGC.SV01,hydraulics_agc_servo,0.2188,0.1473,0.8084,0,,train
2025-08-03 06:00:00,CRM.AGC.SV01,hydraulics_agc_servo,0.1993,0.2165,0.6549,0,,train
2025-08-03 07:00:00,CRM.AGC.SV01,hydraulics_agc_servo,0.239,0.2251,0.7975,0,,train
2025-08-03 08:00:00,CRM.AGC.SV01,hydraulics_agc_servo,0.2438,0.247,1.5515,0,,train
2025-08-03 09:00:00,CRM.AGC.SV01,hydraulics_agc_servo,0.1741,0.1803,1.2115,0,,train
2025-08-03 10:00:00,CRM.AGC.SV01,hydraulics_agc_servo,0.1996,0.2157,1.388,0,,train
2025-08-03 11:00:00,CRM.AGC.SV01,hydraulics_agc_servo,0.1655,0.2688,1.8929,0,,train
2025-08-03 12:00:00,CRM.AGC.SV01,hydraulics_agc_servo,0.1599,0.3059,1.5068,0,,train
2025-08-03 13:00:00,CRM.AGC.SV01,hydraulics_agc_servo,0.1742,0.3736,1.986,0,,train
2025-08-03 14:00:00,CRM.AGC.SV01,hydraulics_agc_servo,0.1512,0.297,2.2166,0,,train
2025-08-03 15:00:00,CRM.AGC.SV01,hydraulics_agc_servo,0.1363,0.2903,2.0501,0,,train
2025-08-03 16:00:00,CRM.AGC.SV01,hydraulics_agc_servo,0.157,0.3193,1.7144,0,,train
2025-08-03 17:00:00,CRM.AGC.SV01,hydraulics_agc_servo,0.1592,0.252,1.7884,0,,train
2025-08-03 18:00:00,CRM.AGC.SV01,hydraulics_agc_servo,0.2042,0.2794,1.627,0,,train
2025-08-03 19:00:00,CRM.AGC.SV01,hydraulics_agc_servo,0.2164,0.2647,1.123,0,,train
2025-08-03 20:00:00,CRM.AGC.SV01,hydraulics_agc_servo,0.161,0.2719,-0.2369,0,,train
2025-08-03 21:00:00,CRM.AGC.SV01,hydraulics_agc_servo,0.1414,0.211,-0.9658,0,,train
2025-08-03 22:00:00,CRM.AGC.SV01,hydraulics_agc_servo,0.132,0.1911,-1.6825,0,,train
2025-08-03 23:00:00,CRM.AGC.SV01,hydraulics_agc_servo,0.1918,0.1746,-0.834,0,,train
2025-08-04 00:00:00,CRM.AGC.SV01,hydraulics_agc_servo,0.1999,0.222,-0.2168,0,,train
2025-08-04 01:00:00,CRM.AGC.SV01,hydraulics_agc_servo,0.2789,0.2079,-0.2884,0,,train
2025-08-04 02:00:00,CRM.AGC.SV01,hydraulics_agc_servo,0.2938,0.2318,0.6309,0,,train
2025-08-04 03:00:00,CRM.AGC.SV01,hydraulics_agc_servo,0.3182,0.2682,-0.4898,0,,train
2025-08-04 04:00:00,CRM.AGC.SV01,hydraulics_agc_servo,0.3281,0.2071,0.2138,0,,train
2025-08-04 05:00:00,CRM.AGC.SV01,hydraulics_agc_servo,0.3446,0.2088,0.2768,0,,train
2025-08-04 06:00:00,CRM.AGC.SV01,hydraulics_agc_servo,0.3077,0.2436,0.387,0,,train
2025-08-04 07:00:00,CRM.AGC.SV01,hydraulics_agc_servo,0.2309,0.2016,-0.6083,0,,train
2025-08-04 08:00:00,CRM.AGC.SV01,hydraulics_agc_servo,0.1822,0.229,-0.7666,0,,train
2025-08-04 09:00:00,CRM.AGC.SV01,hydraulics_agc_servo,0.1923,0.1982,-0.0053,0,,train
2025-08-04 10:00:00,CRM.AGC.SV01,hydraulics_agc_servo,0.2281,0.2342,0.0222,0,,train
2025-08-04 11:00:00,CRM.AGC.SV01,hydraulics_agc_servo,0.2171,0.2917,0.1332,0,,train
2025-08-04 12:00:00,CRM.AGC.SV01,hydraulics_agc_servo,0.1723,0.2899,-0.0988,0,,train
2025-08-04 13:00:00,CRM.AGC.SV01,hydraulics_agc_servo,0.221,0.2712,-1.4397,0,,train
2025-08-04 14:00:00,CRM.AGC.SV01,hydraulics_agc_servo,0.1855,0.2275,-1.6319,0,,train
2025-08-04 15:00:00,CRM.AGC.SV01,hydraulics_agc_servo,0.1966,0.2184,-2.0692,0,,train
2025-08-04 16:00:00,CRM.AGC.SV01,hydraulics_agc_servo,0.188,0.2501,-2.1208,0,,train
2025-08-04 17:00:00,CRM.AGC.SV01,hydraulics_agc_servo,0.1968,0.1685,-2.5761,0,,train
2025-08-04 18:00:00,CRM.AGC.SV01,hydraulics_agc_servo,0.1914,0.1991,-1.7476,0,,train
2025-08-04 19:00:00,CRM.AGC.SV01,hydraulics_agc_servo,0.136,0.1296,-2.453,0,,train
2025-08-04 20:00:00,CRM.AGC.SV01,hydraulics_agc_servo,0.1462,0.1241,-3.0606,0,,train
2025-08-04 21:00:00,CRM.AGC.SV01,hydraulics_agc_servo,0.1558,0.142,-3.2643,0,,train
2025-08-04 22:00:00,CRM.AGC.SV01,hydraulics_agc_servo,0.1266,0.083,-3.0233,0,,train
2025-08-04 23:00:00,CRM.AGC.SV01,hydraulics_agc_servo,0.1854,0.1212,-3.8392,0,,train
2025-08-05 00:00:00,CRM.AGC.SV01,hydraulics_agc_servo,0.3225,0.0904,-3.9125,0,,train
2025-08-05 01:00:00,CRM.AGC.SV01,hydraulics_agc_servo,0.4953,0.0978,-3.2002,0,,train
2025-08-05 02:00:00,CRM.AGC.SV01,hydraulics_agc_servo,0.7012,0.1178,-2.8741,0,,train
2025-08-05 03:00:00,CRM.AGC.SV01,hydraulics_agc_servo,0.8266,0.155,-2.9171,0,,train
2025-08-05 04:00:00,CRM.AGC.SV01,hydraulics_agc_servo,0.9197,0.1519,-2.3109,0,,train
2025-08-05 05:00:00,CRM.AGC.SV01,hydraulics_agc_servo,0.9427,0.1366,-1.3325,0,,train
2025-08-05 06:00:00,CRM.AGC.SV01,hydraulics_agc_servo,0.8678,0.1457,-0.9378,0,,train
2025-08-05 07:00:00,CRM.AGC.SV01,hydraulics_agc_servo,0.7437,0.1801,-0.4154,0,,train
2025-08-05 08:00:00,CRM.AGC.SV01,hydraulics_agc_servo,0.6811,0.1384,-0.7211,0,,train
2025-08-05 09:00:00,CRM.AGC.SV01,hydraulics_agc_servo,0.8567,0.124,-0.1874,0,,train
2025-08-05 10:00:00,CRM.AGC.SV01,hydraulics_agc_servo,0.9217,0.1519,-0.9616,0,,train
2025-08-05 11:00:00,CRM.AGC.SV01,hydraulics_agc_servo,0.7227,0.1796,-1.0385,0,,train
2025-08-05 12:00:00,CRM.AGC.SV01,hydraulics_agc_servo,0.4325,0.1553,-1.2095,0,,train
2025-08-05 13:00:00,CRM.AGC.SV01,hydraulics_agc_servo,0.2174,0.1889,-1.5085,0,,train
2025-08-05 14:00:00,CRM.AGC.SV01,hydraulics_agc_servo,0.1572,0.2076,-1.335,0,,train
2025-08-05 15:00:00,CRM.AGC.SV01,hydraulics_agc_servo,0.1047,0.1154,-1.3601,0,,train
2025-08-05 16:00:00,CRM.AGC.SV01,hydraulics_agc_servo,0.1965,0.1504,-1.6214,0,,train
2025-08-05 17:00:00,CRM.AGC.SV01,hydraulics_agc_servo,0.1823,0.1352,-1.699,0,,train
2025-08-05 18:00:00,CRM.AGC.SV01,hydraulics_agc_servo,0.2659,0.1634,-1.6041,0,,train
2025-08-05 19:00:00,CRM.AGC.SV01,hydraulics_agc_servo,0.2358,0.1672,-0.6822,0,,train
2025-08-05 20:00:00,CRM.AGC.SV01,hydraulics_agc_servo,0.2611,0.1811,-0.2719,0,,train
2025-08-05 21:00:00,CRM.AGC.SV01,hydraulics_agc_servo,0.2624,0.2216,0.4612,0,,train
2025-08-05 22:00:00,CRM.AGC.SV01,hydraulics_agc_servo,0.2806,0.2379,-0.1691,0,,train
2025-08-05 23:00:00,CRM.AGC.SV01,hydraulics_agc_servo,0.272,0.2907,-2.1206,0,,train
2025-08-06 00:00:00,CRM.AGC.SV01,hydraulics_agc_servo,0.2422,0.3879,-2.6773,0,,train
2025-08-06 01:00:00,CRM.AGC.SV01,hydraulics_agc_servo,0.1939,0.3508,-2.7258,0,,train
2025-08-06 02:00:00,CRM.AGC.SV01,hydraulics_agc_servo,0.1698,0.3837,-2.1415,0,,train
2025-08-06 03:00:00,CRM.AGC.SV01,hydraulics_agc_servo,0.1947,0.3663,-1.7504,0,,train
2025-08-06 04:00:00,CRM.AGC.SV01,hydraulics_agc_servo,0.1929,0.3929,-2.0269,0,,train
2025-08-06 05:00:00,CRM.AGC.SV01,hydraulics_agc_servo,0.2107,0.3483,-1.8844,0,,train
2025-08-06 06:00:00,CRM.AGC.SV01,hydraulics_agc_servo,0.2285,0.3048,-1.8204,0,,train
2025-08-06 07:00:00,CRM.AGC.SV01,hydraulics_agc_servo,0.2172,0.3143,-1.8588,0,,train
2025-08-06 08:00:00,CRM.AGC.SV01,hydraulics_agc_servo,0.2045,0.3214,-2.115,0,,train
2025-08-06 09:00:00,CRM.AGC.SV01,hydraulics_agc_servo,0.2301,0.2803,-1.5373,0,,train
2025-08-06 10:00:00,CRM.AGC.SV01,hydraulics_agc_servo,0.2756,0.2388,-2.0067,0,,train
2025-08-06 11:00:00,CRM.AGC.SV01,hydraulics_agc_servo,0.3045,0.2685,-1.8891,0,,train
2025-08-06 12:00:00,CRM.AGC.SV01,hydraulics_agc_servo,0.2909,0.2936,-1.1522,0,,train
2025-08-06 13:00:00,CRM.AGC.SV01,hydraulics_agc_servo,0.2615,0.2635,-0.5745,0,,train
2025-08-06 14:00:00,CRM.AGC.SV01,hydraulics_agc_servo,0.2744,0.2128,-0.5067,0,,train
2025-08-06 15:00:00,CRM.AGC.SV01,hydraulics_agc_servo,0.2771,0.1791,0.6119,0,,train
2025-08-06 16:00:00,CRM.AGC.SV01,hydraulics_agc_servo,0.306,0.1884,-0.0383,0,,train
2025-08-06 17:00:00,CRM.AGC.SV01,hydraulics_agc_servo,0.3128,0.1924,0.2341,0,,train
2025-08-06 18:00:00,CRM.AGC.SV01,hydraulics_agc_servo,0.2934,0.2288,0.3573,0,,train
2025-08-06 19:00:00,CRM.AGC.SV01,hydraulics_agc_servo,0.2844,0.2291,-0.0193,0,,train
2025-08-06 20:00:00,CRM.AGC.SV01,hydraulics_agc_servo,0.2556,0.2134,-1.2202,0,,train
2025-08-06 21:00:00,CRM.AGC.SV01,hydraulics_agc_servo,0.2528,0.2227,-0.3523,0,,train
2025-08-06 22:00:00,CRM.AGC.SV01,hydraulics_agc_servo,0.294,0.1908,-0.1481,0,,train
2025-08-06 23:00:00,CRM.AGC.SV01,hydraulics_agc_servo,0.2543,0.207,0.364,0,,train
2025-08-07 00:00:00,CRM.AGC.SV01,hydraulics_agc_servo,0.2611,0.2214,0.0217,0,,train
2025-08-07 01:00:00,CRM.AGC.SV01,hydraulics_agc_servo,0.2996,0.2283,0.3559,0,,train
2025-08-07 02:00:00,CRM.AGC.SV01,hydraulics_agc_servo,0.2577,0.2633,1.0445,0,,train
2025-08-07 03:00:00,CRM.AGC.SV01,hydraulics_agc_servo,0.2045,0.3195,1.5123,0,,train
2025-08-07 04:00:00,CRM.AGC.SV01,hydraulics_agc_servo,0.2167,0.2831,1.5472,0,,train
2025-08-07 05:00:00,CRM.AGC.SV01,hydraulics_agc_servo,0.1904,0.2059,2.2813,0,,train
2025-08-07 06:00:00,CRM.AGC.SV01,hydraulics_agc_servo,0.2506,0.2204,1.656,0,,train
2025-08-07 07:00:00,CRM.AGC.SV01,hydraulics_agc_servo,0.2739,0.2793,1.2691,0,,train
2025-08-07 08:00:00,CRM.AGC.SV01,hydraulics_agc_servo,0.2947,0.2626,2.1491,0,,train
2025-08-07 09:00:00,CRM.AGC.SV01,hydraulics_agc_servo,0.2622,0.2369,2.7032,0,,train
2025-08-07 10:00:00,CRM.AGC.SV01,hydraulics_agc_servo,0.2464,0.2835,2.3871,0,,train
2025-08-07 11:00:00,CRM.AGC.SV01,hydraulics_agc_servo,0.2056,0.2653,2.365,0,,train
2025-08-07 12:00:00,CRM.AGC.SV01,hydraulics_agc_servo,0.2338,0.3078,1.6582,0,,train
2025-08-07 13:00:00,CRM.AGC.SV01,hydraulics_agc_servo,0.235,0.3554,0.8687,0,,train
2025-08-07 14:00:00,CRM.AGC.SV01,hydraulics_agc_servo,0.1942,0.3523,0.6294,0,,train
2025-08-07 15:00:00,CRM.AGC.SV01,hydraulics_agc_servo,0.1747,0.3216,0.5497,0,,train
2025-08-07 16:00:00,CRM.AGC.SV01,hydraulics_agc_servo,0.1563,0.2909,0.411,0,,train
2025-08-07 17:00:00,CRM.AGC.SV01,hydraulics_agc_servo,0.1192,0.273,0.1224,0,,train
2025-08-07 18:00:00,CRM.AGC.SV01,hydraulics_agc_servo,0.1239,0.2474,-0.2639,0,,train
2025-08-07 19:00:00,CRM.AGC.SV01,hydraulics_agc_servo,0.1623,0.2293,-1.2604,0,,train
2025-08-07 20:00:00,CRM.AGC.SV01,hydraulics_agc_servo,0.1509,0.2227,-1.4469,0,,train
2025-08-07 21:00:00,CRM.AGC.SV01,hydraulics_agc_servo,0.1641,0.2677,-1.8732,0,,train
2025-08-07 22:00:00,CRM.AGC.SV01,hydraulics_agc_servo,0.1422,0.2435,-2.3336,0,,train
2025-08-07 23:00:00,CRM.AGC.SV01,hydraulics_agc_servo,0.1552,0.2536,-2.4934,0,,train
2025-08-08 00:00:00,CRM.AGC.SV01,hydraulics_agc_servo,0.1717,0.2833,-1.6066,0,,train
2025-08-08 01:00:00,CRM.AGC.SV01,hydraulics_agc_servo,0.2151,0.2722,-2.6189,0,,train
2025-08-08 02:00:00,CRM.AGC.SV01,hydraulics_agc_servo,0.2152,0.2564,-2.6317,0,,train
2025-08-08 03:00:00,CRM.AGC.SV01,hydraulics_agc_servo,0.1975,0.3202,-2.7558,0,,train
2025-08-08 04:00:00,CRM.AGC.SV01,hydraulics_agc_servo,0.2216,0.3023,-3.3324,0,,train
2025-08-08 05:00:00,CRM.AGC.SV01,hydraulics_agc_servo,0.2062,0.3178,-2.3185,0,,train
2025-08-08 06:00:00,CRM.AGC.SV01,hydraulics_agc_servo,0.1609,0.3241,-2.546,0,,train
2025-08-08 07:00:00,CRM.AGC.SV01,hydraulics_agc_servo,0.1604,0.2792,-2.5652,0,,train
2025-08-08 08:00:00,CRM.AGC.SV01,hydraulics_agc_servo,0.1764,0.3106,-2.3427,0,,train
2025-08-08 09:00:00,CRM.AGC.SV01,hydraulics_agc_servo,0.2526,0.3154,-1.8091,0,,train
2025-08-08 10:00:00,CRM.AGC.SV01,hydraulics_agc_servo,0.1796,0.2997,-1.8896,0,,train
2025-08-08 11:00:00,CRM.AGC.SV01,hydraulics_agc_servo,0.2012,0.275,-2.5042,0,,train
2025-08-08 12:00:00,CRM.AGC.SV01,hydraulics_agc_servo,0.2223,0.2992,-3.2915,0,,train
2025-08-08 13:00:00,CRM.AGC.SV01,hydraulics_agc_servo,0.1787,0.2791,-2.9413,0,,train
2025-08-08 14:00:00,CRM.AGC.SV01,hydraulics_agc_servo,0.2204,0.2541,-2.3409,0,,train
2025-08-08 15:00:00,CRM.AGC.SV01,hydraulics_agc_servo,0.1931,0.2283,-2.5253,0,,train
2025-08-08 16:00:00,CRM.AGC.SV01,hydraulics_agc_servo,0.1561,0.1523,-2.4601,0,,train
2025-08-08 17:00:00,CRM.AGC.SV01,hydraulics_agc_servo,0.1855,0.1498,-2.6267,0,,train
2025-08-08 18:00:00,CRM.AGC.SV01,hydraulics_agc_servo,0.2345,0.2156,-2.5101,0,,train
2025-08-08 19:00:00,CRM.AGC.SV01,hydraulics_agc_servo,0.2324,0.2504,-3.1315,0,,train
2025-08-08 20:00:00,CRM.AGC.SV01,hydraulics_agc_servo,0.2777,0.2071,-3.8406,0,,train
2025-08-08 21:00:00,CRM.AGC.SV01,hydraulics_agc_servo,0.2509,0.179,-2.0061,0,,train
2025-08-08 22:00:00,CRM.AGC.SV01,hydraulics_agc_servo,0.2353,0.1136,-2.5302,0,,train
2025-08-08 23:00:00,CRM.AGC.SV01,hydraulics_agc_servo,0.1842,0.0733,-2.635,0,,train
2025-08-09 00:00:00,CRM.AGC.SV01,hydraulics_agc_servo,0.1637,0.0828,-1.7948,0,,train
2025-08-09 01:00:00,CRM.AGC.SV01,hydraulics_agc_servo,0.1754,0.1089,-1.8234,0,,train
2025-08-09 02:00:00,CRM.AGC.SV01,hydraulics_agc_servo,0.1616,0.1904,-2.5614,0,,train
2025-08-09 03:00:00,CRM.AGC.SV01,hydraulics_agc_servo,0.1083,0.2393,-2.2467,0,,train
2025-08-09 04:00:00,CRM.AGC.SV01,hydraulics_agc_servo,0.0804,0.2404,-1.3127,0,,train
2025-08-09 05:00:00,CRM.AGC.SV01,hydraulics_agc_servo,0.0823,0.2262,-1.73,0,,train
2025-08-09 06:00:00,CRM.AGC.SV01,hydraulics_agc_servo,0.053,0.2415,-1.648,0,,train
2025-08-09 07:00:00,CRM.AGC.SV01,hydraulics_agc_servo,0.0613,0.2653,-2.0633,0,,train
2025-08-09 08:00:00,CRM.AGC.SV01,hydraulics_agc_servo,0.0696,0.2773,-1.1659,0,,train
2025-08-09 09:00:00,CRM.AGC.SV01,hydraulics_agc_servo,0.1394,0.3009,-1.2761,0,,train
2025-08-09 10:00:00,CRM.AGC.SV01,hydraulics_agc_servo,0.1343,0.3392,-0.2679,0,,train
2025-08-09 11:00:00,CRM.AGC.SV01,hydraulics_agc_servo,0.1656,0.3458,-1.2381,0,,train
2025-08-09 12:00:00,CRM.AGC.SV01,hydraulics_agc_servo,0.2121,0.3273,-1.4764,0,,train
2025-08-09 13:00:00,CRM.AGC.SV01,hydraulics_agc_servo,0.2021,0.3411,-1.0501,0,,train
2025-08-09 14:00:00,CRM.AGC.SV01,hydraulics_agc_servo,0.2249,0.3646,-0.6191,0,,train
2025-08-09 15:00:00,CRM.AGC.SV01,hydraulics_agc_servo,0.2293,0.3602,-0.7454,0,,train
2025-08-09 16:00:00,CRM.AGC.SV01,hydraulics_agc_servo,0.2198,0.2999,-0.4818,0,,train
2025-08-09 17:00:00,CRM.AGC.SV01,hydraulics_agc_servo,0.2432,0.3074,-0.5476,0,,train
2025-08-09 18:00:00,CRM.AGC.SV01,hydraulics_agc_servo,0.266,0.2842,-0.7611,0,,train
2025-08-09 19:00:00,CRM.AGC.SV01,hydraulics_agc_servo,0.3496,0.3066,0.7506,0,,train
2025-08-09 20:00:00,CRM.AGC.SV01,hydraulics_agc_servo,0.5677,0.3584,0.7554,0,,train
2025-08-09 21:00:00,CRM.AGC.SV01,hydraulics_agc_servo,0.7105,0.3594,0.4156,0,,train
2025-08-09 22:00:00,CRM.AGC.SV01,hydraulics_agc_servo,0.9071,0.3656,-0.5357,0,,train
2025-08-09 23:00:00,CRM.AGC.SV01,hydraulics_agc_servo,1.0344,0.3099,-0.9794,0,,train
2025-08-10 00:00:00,CRM.AGC.SV01,hydraulics_agc_servo,1.1379,0.3287,-1.1293,0,,train
2025-08-10 01:00:00,CRM.AGC.SV01,hydraulics_agc_servo,1.0541,0.2826,-0.6369,0,,train
2025-08-10 02:00:00,CRM.AGC.SV01,hydraulics_agc_servo,0.9538,0.2402,0.2079,0,,train
2025-08-10 03:00:00,CRM.AGC.SV01,hydraulics_agc_servo,0.8152,0.2098,0.796,0,,train
2025-08-10 04:00:00,CRM.AGC.SV01,hydraulics_agc_servo,0.6496,0.1681,-0.3429,0,,train
2025-08-10 05:00:00,CRM.AGC.SV01,hydraulics_agc_servo,0.5042,0.1575,-0.6171,0,,train
2025-08-10 06:00:00,CRM.AGC.SV01,hydraulics_agc_servo,0.4688,0.175,-1.0015,0,,train
2025-08-10 07:00:00,CRM.AGC.SV01,hydraulics_agc_servo,0.4231,0.2034,-0.3224,0,,train
2025-08-10 08:00:00,CRM.AGC.SV01,hydraulics_agc_servo,0.4102,0.1834,0.0324,0,,train
2025-08-10 09:00:00,CRM.AGC.SV01,hydraulics_agc_servo,0.4264,0.2432,0.0506,0,,train
2025-08-10 10:00:00,CRM.AGC.SV01,hydraulics_agc_servo,0.4746,0.2505,0.5925,0,,train
2025-08-10 11:00:00,CRM.AGC.SV01,hydraulics_agc_servo,0.4098,0.2894,0.7751,0,,train
2025-08-10 12:00:00,CRM.AGC.SV01,hydraulics_agc_servo,0.4411,0.2875,0.8297,0,,train
2025-08-10 13:00:00,CRM.AGC.SV01,hydraulics_agc_servo,0.3785,0.3634,1.2995,0,,train
2025-08-10 14:00:00,CRM.AGC.SV01,hydraulics_agc_servo,0.3789,0.343,1.491,0,,train
2025-08-10 15:00:00,CRM.AGC.SV01,hydraulics_agc_servo,0.4003,0.354,1.1425,0,,train
2025-08-10 16:00:00,CRM.AGC.SV01,hydraulics_agc_servo,0.4072,0.3507,0.7878,0,,train
2025-08-10 17:00:00,CRM.AGC.SV01,hydraulics_agc_servo,0.3694,0.3079,0.0031,0,,train
2025-08-10 18:00:00,CRM.AGC.SV01,hydraulics_agc_servo,0.339,0.29,-0.0795,0,,train
2025-08-10 19:00:00,CRM.AGC.SV01,hydraulics_agc_servo,0.3472,0.3254,-0.0797,0,,train
2025-08-10 20:00:00,CRM.AGC.SV01,hydraulics_agc_servo,0.402,0.3192,-0.2715,0,,train
2025-08-10 21:00:00,CRM.AGC.SV01,hydraulics_agc_servo,0.3916,0.2711,0.5783,0,,train
2025-08-10 22:00:00,CRM.AGC.SV01,hydraulics_agc_servo,0.4254,0.3368,1.4773,0,,train
2025-08-10 23:00:00,CRM.AGC.SV01,hydraulics_agc_servo,0.4299,0.3392,2.051,0,,train
2025-08-11 00:00:00,CRM.AGC.SV01,hydraulics_agc_servo,0.4469,0.2976,1.9535,0,,train
2025-08-11 01:00:00,CRM.AGC.SV01,hydraulics_agc_servo,0.4238,0.3289,0.7038,0,,train
2025-08-11 02:00:00,CRM.AGC.SV01,hydraulics_agc_servo,0.4614,0.3488,-0.0883,0,,train
2025-08-11 03:00:00,CRM.AGC.SV01,hydraulics_agc_servo,0.4186,0.3507,0.4415,0,,train
2025-08-11 04:00:00,CRM.AGC.SV01,hydraulics_agc_servo,0.4351,0.3151,1.4341,0,,train
2025-08-11 05:00:00,CRM.AGC.SV01,hydraulics_agc_servo,0.4145,0.3161,0.4787,0,,train
2025-08-11 06:00:00,CRM.AGC.SV01,hydraulics_agc_servo,0.3998,0.2966,1.254,0,,train
2025-08-11 07:00:00,CRM.AGC.SV01,hydraulics_agc_servo,0.3642,0.2448,2.438,0,,train
2025-08-11 08:00:00,CRM.AGC.SV01,hydraulics_agc_servo,0.3981,0.234,2.9415,0,,train
2025-08-11 09:00:00,CRM.AGC.SV01,hydraulics_agc_servo,0.3575,0.2245,2.6618,0,,train
2025-08-11 10:00:00,CRM.AGC.SV01,hydraulics_agc_servo,0.3692,0.2459,1.4553,0,,train
2025-08-11 11:00:00,CRM.AGC.SV01,hydraulics_agc_servo,0.374,0.2796,1.8391,0,,train
2025-08-11 12:00:00,CRM.AGC.SV01,hydraulics_agc_servo,0.3888,0.2875,2.0228,0,,train
2025-08-11 13:00:00,CRM.AGC.SV01,hydraulics_agc_servo,0.3924,0.2851,1.4072,0,,train
2025-08-11 14:00:00,CRM.AGC.SV01,hydraulics_agc_servo,0.3389,0.3045,1.3965,0,,train
2025-08-11 15:00:00,CRM.AGC.SV01,hydraulics_agc_servo,0.3098,0.2728,1.3552,0,,train
2025-08-11 16:00:00,CRM.AGC.SV01,hydraulics_agc_servo,0.2368,0.2464,0.3336,0,,train
2025-08-11 17:00:00,CRM.AGC.SV01,hydraulics_agc_servo,0.2668,0.209,-0.3732,0,,train
2025-08-11 18:00:00,CRM.AGC.SV01,hydraulics_agc_servo,0.2614,0.2076,-1.0938,0,,train
2025-08-11 19:00:00,CRM.AGC.SV01,hydraulics_agc_servo,0.2658,0.2816,-0.7227,0,,train
2025-08-11 20:00:00,CRM.AGC.SV01,hydraulics_agc_servo,0.2984,0.2505,-0.1509,0,,train
2025-08-11 21:00:00,CRM.AGC.SV01,hydraulics_agc_servo,,0.249,,0,,train
2025-08-11 22:00:00,CRM.AGC.SV01,hydraulics_agc_servo,0.3013,0.2635,-0.9234,0,,train
2025-08-11 23:00:00,CRM.AGC.SV01,hydraulics_agc_servo,0.2528,0.2501,-0.4335,0,,train
2025-08-12 00:00:00,CRM.AGC.SV01,hydraulics_agc_servo,0.2375,0.2378,-0.5907,0,,train
2025-08-12 01:00:00,CRM.AGC.SV01,hydraulics_agc_servo,0.257,0.2965,-0.5711,0,,train
2025-08-12 02:00:00,CRM.AGC.SV01,hydraulics_agc_servo,0.1813,0.2864,0.0971,0,,train
2025-08-12 03:00:00,CRM.AGC.SV01,hydraulics_agc_servo,0.2368,0.3354,0.2728,0,,train
2025-08-12 04:00:00,CRM.AGC.SV01,hydraulics_agc_servo,0.2298,0.3052,-0.2916,0,CRM.AGC.SV01::E04,train
2025-08-12 05:00:00,CRM.AGC.SV01,hydraulics_agc_servo,0.2182,0.3977,-1.0236,0,CRM.AGC.SV01::E04,train
2025-08-12 06:00:00,CRM.AGC.SV01,hydraulics_agc_servo,0.2721,0.4501,-0.8191,0,CRM.AGC.SV01::E04,train
2025-08-12 07:00:00,CRM.AGC.SV01,hydraulics_agc_servo,0.3048,0.4734,-1.0715,0,CRM.AGC.SV01::E04,train
2025-08-12 08:00:00,CRM.AGC.SV01,hydraulics_agc_servo,0.331,0.4652,-0.9138,0,CRM.AGC.SV01::E04,train
2025-08-12 09:00:00,CRM.AGC.SV01,hydraulics_agc_servo,0.3007,0.3729,-1.0716,0,CRM.AGC.SV01::E04,train
2025-08-12 10:00:00,CRM.AGC.SV01,hydraulics_agc_servo,0.2901,0.3766,-1.5246,0,CRM.AGC.SV01::E04,train
2025-08-12 11:00:00,CRM.AGC.SV01,hydraulics_agc_servo,0.2728,0.3878,-1.5644,0,CRM.AGC.SV01::E04,train
2025-08-12 12:00:00,CRM.AGC.SV01,hydraulics_agc_servo,0.2359,0.473,-1.8862,0,CRM.AGC.SV01::E04,train
2025-08-12 13:00:00,CRM.AGC.SV01,hydraulics_agc_servo,0.1827,0.4346,-1.9908,0,CRM.AGC.SV01::E04,train
2025-08-12 14:00:00,CRM.AGC.SV01,hydraulics_agc_servo,0.1703,0.4712,-2.2498,0,CRM.AGC.SV01::E04,train
2025-08-12 15:00:00,CRM.AGC.SV01,hydraulics_agc_servo,0.1571,0.4471,-1.6801,0,CRM.AGC.SV01::E04,train
2025-08-12 16:00:00,CRM.AGC.SV01,hydraulics_agc_servo,0.1846,0.4661,-0.8598,0,CRM.AGC.SV01::E04,train
2025-08-12 17:00:00,CRM.AGC.SV01,hydraulics_agc_servo,0.2044,0.4043,-0.7757,0,CRM.AGC.SV01::E04,train
2025-08-12 18:00:00,CRM.AGC.SV01,hydraulics_agc_servo,0.2231,0.4411,-0.8472,0,CRM.AGC.SV01::E04,train
2025-08-12 19:00:00,CRM.AGC.SV01,hydraulics_agc_servo,0.2879,0.4231,-0.6338,0,CRM.AGC.SV01::E04,train
2025-08-12 20:00:00,CRM.AGC.SV01,hydraulics_agc_servo,0.3604,0.4215,-0.2489,0,CRM.AGC.SV01::E04,train
2025-08-12 21:00:00,CRM.AGC.SV01,hydraulics_agc_servo,0.3979,0.4204,0.0738,0,CRM.AGC.SV01::E04,train
2025-08-12 22:00:00,CRM.AGC.SV01,hydraulics_agc_servo,0.3637,0.4522,-0.1596,0,CRM.AGC.SV01::E04,train
2025-08-12 23:00:00,CRM.AGC.SV01,hydraulics_agc_servo,0.4023,0.4182,0.5595,0,CRM.AGC.SV01::E04,train
2025-08-13 00:00:00,CRM.AGC.SV01,hydraulics_agc_servo,0.343,0.369,0.4925,0,CRM.AGC.SV01::E04,train
2025-08-13 01:00:00,CRM.AGC.SV01,hydraulics_agc_servo,0.3195,0.3954,-0.1052,0,CRM.AGC.SV01::E04,train
2025-08-13 02:00:00,CRM.AGC.SV01,hydraulics_agc_servo,0.2618,,,0,CRM.AGC.SV01::E04,train
2025-08-13 03:00:00,CRM.AGC.SV01,hydraulics_agc_servo,0.2701,0.3606,-1.3361,0,CRM.AGC.SV01::E04,train
2025-08-13 04:00:00,CRM.AGC.SV01,hydraulics_agc_servo,0.2595,0.3486,-1.6616,0,CRM.AGC.SV01::E04,train
2025-08-13 05:00:00,CRM.AGC.SV01,hydraulics_agc_servo,0.2199,0.3725,-0.8102,0,CRM.AGC.SV01::E04,train
2025-08-13 06:00:00,CRM.AGC.SV01,hydraulics_agc_servo,0.1929,0.376,-0.6926,0,CRM.AGC.SV01::E04,train
2025-08-13 07:00:00,CRM.AGC.SV01,hydraulics_agc_servo,0.2391,0.362,-1.0444,0,CRM.AGC.SV01::E04,train
2025-08-13 08:00:00,CRM.AGC.SV01,hydraulics_agc_servo,0.1853,0.2919,-0.8199,0,CRM.AGC.SV01::E04,train
2025-08-13 09:00:00,CRM.AGC.SV01,hydraulics_agc_servo,0.2716,0.2795,-0.0154,0,CRM.AGC.SV01::E04,train
2025-08-13 10:00:00,CRM.AGC.SV01,hydraulics_agc_servo,0.2522,0.1551,-0.9841,0,CRM.AGC.SV01::E04,train
2025-08-13 11:00:00,CRM.AGC.SV01,hydraulics_agc_servo,0.2906,0.1669,-0.2155,0,CRM.AGC.SV01::E04,train
2025-08-13 12:00:00,CRM.AGC.SV01,hydraulics_agc_servo,0.3029,0.1767,-0.6916,0,CRM.AGC.SV01::E04,train
2025-08-13 13:00:00,CRM.AGC.SV01,hydraulics_agc_servo,0.2915,0.2414,-0.8948,0,CRM.AGC.SV01::E04,train
2025-08-13 14:00:00,CRM.AGC.SV01,hydraulics_agc_servo,0.267,0.2322,-1.1811,0,CRM.AGC.SV01::E04,train
2025-08-13 15:00:00,CRM.AGC.SV01,hydraulics_agc_servo,0.2176,0.1999,-0.8653,0,CRM.AGC.SV01::E04,train
2025-08-13 16:00:00,CRM.AGC.SV01,hydraulics_agc_servo,0.2427,0.2612,0.0982,0,CRM.AGC.SV01::E04,train
2025-08-13 17:00:00,CRM.AGC.SV01,hydraulics_agc_servo,0.1598,0.6734,0.4293,0,CRM.AGC.SV01::E04,train
2025-08-13 18:00:00,CRM.AGC.SV01,hydraulics_agc_servo,0.1659,0.7301,0.6139,0,CRM.AGC.SV01::E04,train
2025-08-13 19:00:00,CRM.AGC.SV01,hydraulics_agc_servo,0.1464,0.3152,0.8942,0,CRM.AGC.SV01::E04,train
2025-08-13 20:00:00,CRM.AGC.SV01,hydraulics_agc_servo,0.1543,0.2698,0.5663,0,CRM.AGC.SV01::E04,train
2025-08-13 21:00:00,CRM.AGC.SV01,hydraulics_agc_servo,0.1543,0.2801,0.4254,0,CRM.AGC.SV01::E04,train
2025-08-13 22:00:00,CRM.AGC.SV01,hydraulics_agc_servo,0.1796,0.2888,1.4979,0,CRM.AGC.SV01::E04,train
2025-08-13 23:00:00,CRM.AGC.SV01,hydraulics_agc_servo,0.2106,0.317,2.0429,0,CRM.AGC.SV01::E04,train
2025-08-14 00:00:00,CRM.AGC.SV01,hydraulics_agc_servo,0.2263,0.3132,2.3013,0,CRM.AGC.SV01::E04,train
2025-08-14 01:00:00,CRM.AGC.SV01,hydraulics_agc_servo,0.2646,0.3542,2.587,0,CRM.AGC.SV01::E04,train
2025-08-14 02:00:00,CRM.AGC.SV01,hydraulics_agc_servo,0.2565,0.3687,3.2861,0,CRM.AGC.SV01::E04,train
2025-08-14 03:00:00,CRM.AGC.SV01,hydraulics_agc_servo,0.2175,0.2826,3.2219,0,CRM.AGC.SV01::E04,train
2025-08-14 04:00:00,CRM.AGC.SV01,hydraulics_agc_servo,0.2409,0.2901,2.885,0,CRM.AGC.SV01::E04,train
2025-08-14 05:00:00,CRM.AGC.SV01,hydraulics_agc_servo,0.2828,0.3267,3.6788,0,CRM.AGC.SV01::E04,train
2025-08-14 06:00:00,CRM.AGC.SV01,hydraulics_agc_servo,0.2937,0.2932,4.9144,0,CRM.AGC.SV01::E04,train
2025-08-14 07:00:00,CRM.AGC.SV01,hydraulics_agc_servo,0.3112,0.3029,4.9181,0,CRM.AGC.SV01::E04,train
2025-08-14 08:00:00,CRM.AGC.SV01,hydraulics_agc_servo,0.2702,0.3193,4.6804,0,CRM.AGC.SV01::E04,train
2025-08-14 09:00:00,CRM.AGC.SV01,hydraulics_agc_servo,0.2447,0.2553,3.8793,0,CRM.AGC.SV01::E04,train
2025-08-14 10:00:00,CRM.AGC.SV01,hydraulics_agc_servo,0.2404,0.2405,4.3177,0,CRM.AGC.SV01::E04,train
2025-08-14 11:00:00,CRM.AGC.SV01,hydraulics_agc_servo,0.2203,0.2104,4.6987,0,CRM.AGC.SV01::E04,train
2025-08-14 12:00:00,CRM.AGC.SV01,hydraulics_agc_servo,0.2285,0.2191,4.6261,0,CRM.AGC.SV01::E04,train
2025-08-14 13:00:00,CRM.AGC.SV01,hydraulics_agc_servo,0.1732,0.2677,4.4737,0,CRM.AGC.SV01::E04,train
2025-08-14 14:00:00,CRM.AGC.SV01,hydraulics_agc_servo,0.1589,0.2773,4.1207,0,CRM.AGC.SV01::E04,train
2025-08-14 15:00:00,CRM.AGC.SV01,hydraulics_agc_servo,0.1409,0.3207,3.3866,0,CRM.AGC.SV01::E04,train
2025-08-14 16:00:00,CRM.AGC.SV01,hydraulics_agc_servo,0.1952,0.3095,2.8843,0,CRM.AGC.SV01::E04,train
2025-08-14 17:00:00,CRM.AGC.SV01,hydraulics_agc_servo,0.2092,0.3024,2.9706,0,CRM.AGC.SV01::E04,train
2025-08-14 18:00:00,CRM.AGC.SV01,hydraulics_agc_servo,0.1647,0.3091,3.1156,0,CRM.AGC.SV01::E04,train
2025-08-14 19:00:00,CRM.AGC.SV01,hydraulics_agc_servo,0.1241,0.3171,3.9149,0,CRM.AGC.SV01::E04,train
2025-08-14 20:00:00,CRM.AGC.SV01,hydraulics_agc_servo,0.1791,0.2526,4.131,0,CRM.AGC.SV01::E04,train
2025-08-14 21:00:00,CRM.AGC.SV01,hydraulics_agc_servo,0.155,0.2459,4.2607,0,CRM.AGC.SV01::E04,train
2025-08-14 22:00:00,CRM.AGC.SV01,hydraulics_agc_servo,0.109,0.2429,3.6719,0,CRM.AGC.SV01::E04,train
2025-08-14 23:00:00,CRM.AGC.SV01,hydraulics_agc_servo,0.1241,0.2458,4.3114,0,CRM.AGC.SV01::E04,train
2025-08-15 00:00:00,CRM.AGC.SV01,hydraulics_agc_servo,0.1523,0.2253,4.1866,0,CRM.AGC.SV01::E04,train
2025-08-15 01:00:00,CRM.AGC.SV01,hydraulics_agc_servo,0.124,0.2276,3.7236,0,CRM.AGC.SV01::E04,train
2025-08-15 02:00:00,CRM.AGC.SV01,hydraulics_agc_servo,0.1098,0.2694,3.2755,0,CRM.AGC.SV01::E04,train
2025-08-15 03:00:00,CRM.AGC.SV01,hydraulics_agc_servo,0.1081,0.2137,3.638,0,CRM.AGC.SV01::E04,train
2025-08-15 04:00:00,CRM.AGC.SV01,hydraulics_agc_servo,0.1376,0.2305,3.5893,0,CRM.AGC.SV01::E04,train
2025-08-15 05:00:00,CRM.AGC.SV01,hydraulics_agc_servo,0.1891,0.2439,3.2636,0,CRM.AGC.SV01::E04,train
2025-08-15 06:00:00,CRM.AGC.SV01,hydraulics_agc_servo,0.1835,0.1967,2.6596,0,CRM.AGC.SV01::E04,train
2025-08-15 07:00:00,CRM.AGC.SV01,hydraulics_agc_servo,0.1988,0.2022,2.4087,0,CRM.AGC.SV01::E04,train
2025-08-15 08:00:00,CRM.AGC.SV01,hydraulics_agc_servo,0.2083,0.1468,2.8294,0,CRM.AGC.SV01::E04,train
2025-08-15 09:00:00,CRM.AGC.SV01,hydraulics_agc_servo,0.2405,0.1717,1.6301,0,CRM.AGC.SV01::E04,train
2025-08-15 10:00:00,CRM.AGC.SV01,hydraulics_agc_servo,0.2732,0.1709,2.0199,1,CRM.AGC.SV01::E04,train
2025-08-15 11:00:00,CRM.AGC.SV01,hydraulics_agc_servo,0.276,0.176,2.6299,0,CRM.AGC.SV01::E04,train
2025-08-15 12:00:00,CRM.AGC.SV01,hydraulics_agc_servo,0.3245,0.2261,3.2822,0,CRM.AGC.SV01::E04,train
2025-08-15 13:00:00,CRM.AGC.SV01,hydraulics_agc_servo,0.3207,0.2364,3.0059,0,CRM.AGC.SV01::E04,train
2025-08-15 14:00:00,CRM.AGC.SV01,hydraulics_agc_servo,0.3561,0.2259,2.7688,0,CRM.AGC.SV01::E04,train
2025-08-15 15:00:00,CRM.AGC.SV01,hydraulics_agc_servo,0.3308,0.2163,2.1635,0,CRM.AGC.SV01::E04,train
2025-08-15 16:00:00,CRM.AGC.SV01,hydraulics_agc_servo,0.2936,0.2611,2.2052,0,CRM.AGC.SV01::E04,train
2025-08-15 17:00:00,CRM.AGC.SV01,hydraulics_agc_servo,0.2713,0.2397,2.1272,0,CRM.AGC.SV01::E04,train
2025-08-15 18:00:00,CRM.AGC.SV01,hydraulics_agc_servo,0.2441,0.184,3.2768,0,CRM.AGC.SV01::E04,train
2025-08-15 19:00:00,CRM.AGC.SV01,hydraulics_agc_servo,0.2257,0.2155,2.5849,0,CRM.AGC.SV01::E04,train
2025-08-15 20:00:00,CRM.AGC.SV01,hydraulics_agc_servo,0.1897,0.2345,2.4168,0,CRM.AGC.SV01::E04,train
2025-08-15 21:00:00,CRM.AGC.SV01,hydraulics_agc_servo,0.1661,0.2329,3.1116,1,CRM.AGC.SV01::E04,train
2025-08-15 22:00:00,CRM.AGC.SV01,hydraulics_agc_servo,0.1196,0.1868,3.1842,0,CRM.AGC.SV01::E04,train
2025-08-15 23:00:00,CRM.AGC.SV01,hydraulics_agc_servo,0.0764,0.219,2.0381,0,CRM.AGC.SV01::E04,train
2025-08-16 00:00:00,CRM.AGC.SV01,hydraulics_agc_servo,-0.0041,0.262,1.7195,0,CRM.AGC.SV01::E04,train
2025-08-16 01:00:00,CRM.AGC.SV01,hydraulics_agc_servo,0.0458,0.2227,1.9078,0,CRM.AGC.SV01::E04,train
2025-08-16 02:00:00,CRM.AGC.SV01,hydraulics_agc_servo,0.0802,0.2571,2.3114,0,CRM.AGC.SV01::E04,train
2025-08-16 03:00:00,CRM.AGC.SV01,hydraulics_agc_servo,0.0694,0.2284,2.5677,0,CRM.AGC.SV01::E04,train
2025-08-16 04:00:00,CRM.AGC.SV01,hydraulics_agc_servo,0.0849,0.2856,3.2962,0,CRM.AGC.SV01::E04,train
2025-08-16 05:00:00,CRM.AGC.SV01,hydraulics_agc_servo,0.1237,0.2699,3.7983,1,CRM.AGC.SV01::E04,train
2025-08-16 06:00:00,CRM.AGC.SV01,hydraulics_agc_servo,0.1606,0.2231,3.8354,0,CRM.AGC.SV01::E04,train
2025-08-16 07:00:00,CRM.AGC.SV01,hydraulics_agc_servo,0.1861,0.2981,3.4558,0,CRM.AGC.SV01::E04,train
2025-08-16 08:00:00,CRM.AGC.SV01,hydraulics_agc_servo,0.2034,0.2717,4.513,0,CRM.AGC.SV01::E04,train
2025-08-16 09:00:00,CRM.AGC.SV01,hydraulics_agc_servo,0.2179,0.2341,4.3048,0,CRM.AGC.SV01::E04,train
2025-08-16 10:00:00,CRM.AGC.SV01,hydraulics_agc_servo,0.2929,0.2448,3.7735,0,CRM.AGC.SV01::E04,train
2025-08-16 11:00:00,CRM.AGC.SV01,hydraulics_agc_servo,0.3438,0.2712,4.1856,0,CRM.AGC.SV01::E04,train
2025-08-16 12:00:00,CRM.AGC.SV01,hydraulics_agc_servo,0.3317,0.2642,3.8994,1,CRM.AGC.SV01::E04,train
2025-08-16 13:00:00,CRM.AGC.SV01,hydraulics_agc_servo,0.3566,0.2584,5.0604,0,CRM.AGC.SV01::E04,train
2025-08-16 14:00:00,CRM.AGC.SV01,hydraulics_agc_servo,0.3237,0.1974,5.9111,0,CRM.AGC.SV01::E04,train
2025-08-16 15:00:00,CRM.AGC.SV01,hydraulics_agc_servo,0.3405,0.1967,5.4726,0,CRM.AGC.SV01::E04,train
2025-08-16 16:00:00,CRM.AGC.SV01,hydraulics_agc_servo,0.3361,0.2211,5.7407,0,CRM.AGC.SV01::E04,train
2025-08-16 17:00:00,CRM.AGC.SV01,hydraulics_agc_servo,0.2928,0.275,5.5406,1,CRM.AGC.SV01::E04,train
2025-08-16 18:00:00,CRM.AGC.SV01,hydraulics_agc_servo,0.335,0.2727,5.2107,1,CRM.AGC.SV01::E04,train
2025-08-16 19:00:00,CRM.AGC.SV01,hydraulics_agc_servo,0.2667,0.2863,4.8159,1,CRM.AGC.SV01::E04,train
2025-08-16 20:00:00,CRM.AGC.SV01,hydraulics_agc_servo,0.2497,0.3009,5.3836,1,CRM.AGC.SV01::E04,train
2025-08-16 21:00:00,CRM.AGC.SV01,hydraulics_agc_servo,0.1893,0.3175,6.2308,0,CRM.AGC.SV01::E04,train
2025-08-16 22:00:00,CRM.AGC.SV01,hydraulics_agc_servo,0.2321,0.3394,6.1256,0,CRM.AGC.SV01::E04,train
2025-08-16 23:00:00,CRM.AGC.SV01,hydraulics_agc_servo,0.2335,0.3154,6.0061,1,CRM.AGC.SV01::E04,train
2025-08-17 00:00:00,CRM.AGC.SV01,hydraulics_agc_servo,0.263,0.29,5.6582,1,CRM.AGC.SV01::E04,train
2025-08-17 01:00:00,CRM.AGC.SV01,hydraulics_agc_servo,0.2426,0.2193,5.0556,1,CRM.AGC.SV01::E04,train
2025-08-17 02:00:00,CRM.AGC.SV01,hydraulics_agc_servo,0.2506,0.1977,6.4595,1,CRM.AGC.SV01::E04,train
2025-08-17 03:00:00,CRM.AGC.SV01,hydraulics_agc_servo,0.2809,0.1417,6.6913,1,CRM.AGC.SV01::E04,train
2025-08-17 04:00:00,CRM.AGC.SV01,hydraulics_agc_servo,0.2303,0.1104,7.2278,1,CRM.AGC.SV01::E04,train
2025-08-17 05:00:00,CRM.AGC.SV01,hydraulics_agc_servo,0.2693,0.1324,6.8973,0,CRM.AGC.SV01::E04,train
2025-08-17 06:00:00,CRM.AGC.SV01,hydraulics_agc_servo,0.2402,0.0855,6.0973,0,CRM.AGC.SV01::E04,train
2025-08-17 07:00:00,CRM.AGC.SV01,hydraulics_agc_servo,0.2312,0.1016,6.6351,1,CRM.AGC.SV01::E04,train
2025-08-17 08:00:00,CRM.AGC.SV01,hydraulics_agc_servo,0.1709,0.1068,6.4914,1,CRM.AGC.SV01::E04,train
2025-08-17 09:00:00,CRM.AGC.SV01,hydraulics_agc_servo,0.1251,0.0817,6.3251,1,CRM.AGC.SV01::E04,train
2025-08-17 10:00:00,CRM.AGC.SV01,hydraulics_agc_servo,0.1371,0.0974,7.2031,1,CRM.AGC.SV01::E04,train
2025-08-17 11:00:00,CRM.AGC.SV01,hydraulics_agc_servo,0.1285,0.1334,7.9703,1,CRM.AGC.SV01::E04,train
2025-08-17 12:00:00,CRM.AGC.SV01,hydraulics_agc_servo,0.1199,0.0967,7.9946,1,CRM.AGC.SV01::E04,train
2025-08-17 13:00:00,CRM.AGC.SV01,hydraulics_agc_servo,0.1046,0.1312,8.4126,1,CRM.AGC.SV01::E04,train
2025-08-17 14:00:00,CRM.AGC.SV01,hydraulics_agc_servo,0.1398,0.0847,8.8758,1,CRM.AGC.SV01::E04,train
2025-08-17 15:00:00,CRM.AGC.SV01,hydraulics_agc_servo,0.122,0.1431,9.703,1,CRM.AGC.SV01::E04,train
2025-08-17 16:00:00,CRM.AGC.SV01,hydraulics_agc_servo,0.0376,0.1162,8.6076,1,CRM.AGC.SV01::E04,train
2025-08-17 17:00:00,CRM.AGC.SV01,hydraulics_agc_servo,0.0677,0.1344,9.1861,1,CRM.AGC.SV01::E04,train
2025-08-17 18:00:00,CRM.AGC.SV01,hydraulics_agc_servo,0.088,0.0487,10.4918,1,CRM.AGC.SV01::E04,train
2025-08-17 19:00:00,CRM.AGC.SV01,hydraulics_agc_servo,0.0986,0.0391,10.2428,1,CRM.AGC.SV01::E04,train
2025-08-17 20:00:00,CRM.AGC.SV01,hydraulics_agc_servo,0.1181,0.0853,9.8192,1,CRM.AGC.SV01::E04,train
2025-08-17 21:00:00,CRM.AGC.SV01,hydraulics_agc_servo,0.1797,0.0932,10.0727,1,CRM.AGC.SV01::E04,train
2025-08-17 22:00:00,CRM.AGC.SV01,hydraulics_agc_servo,0.2115,0.1529,10.4665,1,CRM.AGC.SV01::E04,train
2025-08-17 23:00:00,CRM.AGC.SV01,hydraulics_agc_servo,0.2291,0.2169,10.4435,1,CRM.AGC.SV01::E04,train
2025-08-18 00:00:00,CRM.AGC.SV01,hydraulics_agc_servo,0.2574,0.2231,11.2174,1,CRM.AGC.SV01::E04,train
2025-08-18 01:00:00,CRM.AGC.SV01,hydraulics_agc_servo,0.2908,0.1947,11.3096,2,CRM.AGC.SV01::E04,train
2025-08-18 02:00:00,CRM.AGC.SV01,hydraulics_agc_servo,0.2477,0.1829,11.6875,1,CRM.AGC.SV01::E04,train
2025-08-18 03:00:00,CRM.AGC.SV01,hydraulics_agc_servo,0.2345,0.2068,11.6776,2,CRM.AGC.SV01::E04,train
2025-08-18 04:00:00,CRM.AGC.SV01,hydraulics_agc_servo,0.2455,0.2031,11.894,1,CRM.AGC.SV01::E04,train
2025-08-18 05:00:00,CRM.AGC.SV01,hydraulics_agc_servo,0.2447,0.1858,12.2479,2,CRM.AGC.SV01::E04,train
2025-08-18 06:00:00,CRM.AGC.SV01,hydraulics_agc_servo,0.2862,0.161,12.8996,1,CRM.AGC.SV01::E04,train
2025-08-18 07:00:00,CRM.AGC.SV01,hydraulics_agc_servo,0.3406,0.1792,13.1222,1,CRM.AGC.SV01::E04,train
2025-08-18 08:00:00,CRM.AGC.SV01,hydraulics_agc_servo,0.327,0.1212,13.1179,1,CRM.AGC.SV01::E04,train
2025-08-18 09:00:00,CRM.AGC.SV01,hydraulics_agc_servo,0.3756,0.2034,13.626,1,CRM.AGC.SV01::E04,train
2025-08-18 10:00:00,CRM.AGC.SV01,hydraulics_agc_servo,0.3296,0.1893,13.1512,1,CRM.AGC.SV01::E04,train
2025-08-18 11:00:00,CRM.AGC.SV01,hydraulics_agc_servo,0.2945,0.269,13.6089,1,CRM.AGC.SV01::E04,train
2025-08-18 12:00:00,CRM.AGC.SV01,hydraulics_agc_servo,0.2701,0.2376,13.8126,1,CRM.AGC.SV01::E04,train
2025-08-18 13:00:00,CRM.AGC.SV01,hydraulics_agc_servo,0.2532,0.2175,13.3067,1,CRM.AGC.SV01::E04,train
2025-08-18 14:00:00,CRM.AGC.SV01,hydraulics_agc_servo,0.2362,0.1398,13.6079,1,CRM.AGC.SV01::E04,train
2025-08-18 15:00:00,CRM.AGC.SV01,hydraulics_agc_servo,0.2406,0.1613,13.6836,1,CRM.AGC.SV01::E04,train
2025-08-18 16:00:00,CRM.AGC.SV01,hydraulics_agc_servo,0.2803,0.194,14.6242,1,CRM.AGC.SV01::E04,train
2025-08-18 17:00:00,CRM.AGC.SV01,hydraulics_agc_servo,0.407,0.2078,16.0196,1,CRM.AGC.SV01::E04,train
2025-08-18 18:00:00,CRM.AGC.SV01,hydraulics_agc_servo,0.3809,0.2129,17.1516,1,CRM.AGC.SV01::E04,train
2025-08-18 19:00:00,CRM.AGC.SV01,hydraulics_agc_servo,0.357,0.2274,16.7047,1,CRM.AGC.SV01::E04,train
2025-08-18 20:00:00,CRM.AGC.SV01,hydraulics_agc_servo,0.3982,0.2465,15.6985,2,CRM.AGC.SV01::E04,train
2025-08-18 21:00:00,CRM.AGC.SV01,hydraulics_agc_servo,0.447,0.2324,15.0855,1,CRM.AGC.SV01::E04,train
2025-08-18 22:00:00,CRM.AGC.SV01,hydraulics_agc_servo,0.4742,0.2503,14.7686,2,CRM.AGC.SV01::E04,train
2025-08-18 23:00:00,CRM.AGC.SV01,hydraulics_agc_servo,0.4093,0.2804,14.8763,2,CRM.AGC.SV01::E04,train
2025-08-19 00:00:00,CRM.AGC.SV01,hydraulics_agc_servo,0.4243,0.2551,15.5365,2,CRM.AGC.SV01::E04,train
2025-08-19 01:00:00,CRM.AGC.SV01,hydraulics_agc_servo,0.417,0.2591,16.3291,2,CRM.AGC.SV01::E04,train
2025-08-19 02:00:00,CRM.AGC.SV01,hydraulics_agc_servo,0.4416,0.1982,15.6572,2,CRM.AGC.SV01::E04,train
2025-08-19 03:00:00,CRM.AGC.SV01,hydraulics_agc_servo,0.4519,0.1166,15.8644,1,CRM.AGC.SV01::E04,train
2025-08-19 04:00:00,CRM.AGC.SV01,hydraulics_agc_servo,0.4678,0.1824,16.2675,2,CRM.AGC.SV01::E04,train
2025-08-19 05:00:00,CRM.AGC.SV01,hydraulics_agc_servo,0.585,0.208,15.7704,1,CRM.AGC.SV01::E04,train
2025-08-19 06:00:00,CRM.AGC.SV01,hydraulics_agc_servo,0.7268,0.2742,16.1253,1,CRM.AGC.SV01::E04,train
2025-08-19 07:00:00,CRM.AGC.SV01,hydraulics_agc_servo,0.8827,0.2464,17.0196,2,CRM.AGC.SV01::E04,train
2025-08-19 08:00:00,CRM.AGC.SV01,hydraulics_agc_servo,1.0769,0.2276,17.2214,2,CRM.AGC.SV01::E04,train
2025-08-19 09:00:00,CRM.AGC.SV01,hydraulics_agc_servo,1.0629,0.2717,17.1317,1,CRM.AGC.SV01::E04,train
2025-08-19 10:00:00,CRM.AGC.SV01,hydraulics_agc_servo,1.1198,0.2871,18.4993,1,CRM.AGC.SV01::E04,train
2025-08-19 11:00:00,CRM.AGC.SV01,hydraulics_agc_servo,0.9835,0.276,18.2542,2,CRM.AGC.SV01::E04,train
2025-08-19 12:00:00,CRM.AGC.SV01,hydraulics_agc_servo,0.8109,0.2969,17.8079,2,CRM.AGC.SV01::E04,train
2025-08-19 13:00:00,CRM.AGC.SV01,hydraulics_agc_servo,0.6278,0.3501,17.6518,2,CRM.AGC.SV01::E04,train
2025-08-19 14:00:00,CRM.AGC.SV01,hydraulics_agc_servo,0.5107,0.3634,17.9746,2,CRM.AGC.SV01::E04,train
2025-08-19 15:00:00,CRM.AGC.SV01,hydraulics_agc_servo,0.4272,0.3556,18.1336,2,CRM.AGC.SV01::E04,train
2025-08-19 16:00:00,CRM.AGC.SV01,hydraulics_agc_servo,0.4094,0.3474,17.9798,2,CRM.AGC.SV01::E04,train
2025-08-19 17:00:00,CRM.AGC.SV01,hydraulics_agc_servo,0.4075,0.3138,17.5798,1,CRM.AGC.SV01::E04,train
2025-08-19 18:00:00,CRM.AGC.SV01,hydraulics_agc_servo,0.3838,0.2822,18.5942,2,CRM.AGC.SV01::E04,train
2025-08-19 19:00:00,CRM.AGC.SV01,hydraulics_agc_servo,0.331,0.2678,18.6468,1,CRM.AGC.SV01::E04,train
2025-08-19 20:00:00,CRM.AGC.SV01,hydraulics_agc_servo,0.2883,0.3082,19.3005,2,CRM.AGC.SV01::E04,train
2025-08-19 21:00:00,CRM.AGC.SV01,hydraulics_agc_servo,0.2921,0.337,20.0625,2,CRM.AGC.SV01::E04,train
2025-08-19 22:00:00,CRM.AGC.SV01,hydraulics_agc_servo,0.2367,0.358,19.8848,2,CRM.AGC.SV01::E04,train
2025-08-19 23:00:00,CRM.AGC.SV01,hydraulics_agc_servo,0.2481,0.2567,0.1232,0,,train
2025-08-20 00:00:00,CRM.AGC.SV01,hydraulics_agc_servo,0.2098,0.2364,-0.4148,0,,train
2025-08-20 01:00:00,CRM.AGC.SV01,hydraulics_agc_servo,0.2625,0.2317,-0.4243,0,,train
2025-08-20 02:00:00,CRM.AGC.SV01,hydraulics_agc_servo,0.2386,0.1544,-0.1106,0,,train
2025-08-20 03:00:00,CRM.AGC.SV01,hydraulics_agc_servo,0.2068,0.1684,-0.0461,0,,train
2025-08-20 04:00:00,CRM.AGC.SV01,hydraulics_agc_servo,0.1593,0.1882,0.5608,0,,train
2025-08-20 05:00:00,CRM.AGC.SV01,hydraulics_agc_servo,0.1968,0.1543,0.2581,0,,train
2025-08-20 06:00:00,CRM.AGC.SV01,hydraulics_agc_servo,0.2281,0.2088,-0.5334,0,,train
2025-08-20 07:00:00,CRM.AGC.SV01,hydraulics_agc_servo,0.2021,0.1811,-0.2299,0,,train
2025-08-20 08:00:00,CRM.AGC.SV01,hydraulics_agc_servo,0.2138,0.1545,0.0152,0,,train
2025-08-20 09:00:00,CRM.AGC.SV01,hydraulics_agc_servo,0.2659,0.1706,1.0849,0,,train
2025-08-20 10:00:00,CRM.AGC.SV01,hydraulics_agc_servo,0.2714,0.1985,1.0317,0,,train
2025-08-20 11:00:00,CRM.AGC.SV01,hydraulics_agc_servo,0.2462,0.2489,1.3603,0,,train
2025-08-20 12:00:00,CRM.AGC.SV01,hydraulics_agc_servo,0.2781,0.2428,0.9273,0,,train
2025-08-20 13:00:00,CRM.AGC.SV01,hydraulics_agc_servo,0.3293,0.2665,0.6295,0,,train
2025-08-20 14:00:00,CRM.AGC.SV01,hydraulics_agc_servo,0.3345,0.3123,0.4002,0,,train
2025-08-20 15:00:00,CRM.AGC.SV01,hydraulics_agc_servo,0.2922,0.2992,0.4783,0,,train
2025-08-20 16:00:00,CRM.AGC.SV01,hydraulics_agc_servo,0.2447,0.3048,0.3207,0,,train
2025-08-20 17:00:00,CRM.AGC.SV01,hydraulics_agc_servo,0.2443,0.3134,0.3341,0,,train
2025-08-20 18:00:00,CRM.AGC.SV01,hydraulics_agc_servo,0.2501,0.3122,-0.0053,0,,train
2025-08-20 19:00:00,CRM.AGC.SV01,hydraulics_agc_servo,0.2528,0.2564,-0.0092,0,,train
2025-08-20 20:00:00,CRM.AGC.SV01,hydraulics_agc_servo,0.268,0.1724,-1.3226,0,,train
2025-08-20 21:00:00,CRM.AGC.SV01,hydraulics_agc_servo,0.2465,0.2309,-0.5651,0,,train
2025-08-20 22:00:00,CRM.AGC.SV01,hydraulics_agc_servo,0.2319,0.1827,-0.0474,0,,train
2025-08-20 23:00:00,CRM.AGC.SV01,hydraulics_agc_servo,0.1743,0.2159,0.0402,0,,train
2025-08-21 00:00:00,CRM.AGC.SV01,hydraulics_agc_servo,0.1939,0.2033,0.2486,0,,train
2025-08-21 01:00:00,CRM.AGC.SV01,hydraulics_agc_servo,0.2034,0.2081,0.3583,0,,train
2025-08-21 02:00:00,CRM.AGC.SV01,hydraulics_agc_servo,0.1836,0.1852,1.2044,0,,train
2025-08-21 03:00:00,CRM.AGC.SV01,hydraulics_agc_servo,0.1441,0.141,1.3235,0,,train
2025-08-21 04:00:00,CRM.AGC.SV01,hydraulics_agc_servo,0.1537,0.0788,1.3964,0,,train
2025-08-21 05:00:00,CRM.AGC.SV01,hydraulics_agc_servo,0.1244,0.0793,1.1499,0,,train
2025-08-21 06:00:00,CRM.AGC.SV01,hydraulics_agc_servo,0.1579,0.1032,1.2211,0,,train
2025-08-21 07:00:00,CRM.AGC.SV01,hydraulics_agc_servo,0.1569,0.0706,1.8192,0,,train
2025-08-21 08:00:00,CRM.AGC.SV01,hydraulics_agc_servo,0.2404,0.1454,1.3795,0,,train
2025-08-21 09:00:00,CRM.AGC.SV01,hydraulics_agc_servo,0.2824,0.1615,0.7714,0,,train
2025-08-21 10:00:00,CRM.AGC.SV01,hydraulics_agc_servo,0.2486,0.2201,1.1227,0,,train
2025-08-21 11:00:00,CRM.AGC.SV01,hydraulics_agc_servo,0.2891,0.1977,1.5574,0,,train
2025-08-21 12:00:00,CRM.AGC.SV01,hydraulics_agc_servo,0.3236,0.1776,0.958,0,,train
2025-08-21 13:00:00,CRM.AGC.SV01,hydraulics_agc_servo,0.3347,0.1379,0.8227,0,,train
2025-08-21 14:00:00,CRM.AGC.SV01,hydraulics_agc_servo,0.3117,0.1876,0.724,0,,train
2025-08-21 15:00:00,CRM.AGC.SV01,hydraulics_agc_servo,0.3115,0.133,0.458,0,,train
2025-08-21 16:00:00,CRM.AGC.SV01,hydraulics_agc_servo,0.306,0.1704,0.3679,0,,train
2025-08-21 17:00:00,CRM.AGC.SV01,hydraulics_agc_servo,0.3249,0.2294,0.0858,0,,train
2025-08-21 18:00:00,CRM.AGC.SV01,hydraulics_agc_servo,0.3434,0.2423,-0.868,0,,train
2025-08-21 19:00:00,CRM.AGC.SV01,hydraulics_agc_servo,0.35,0.2636,0.6309,0,,train
2025-08-21 20:00:00,CRM.AGC.SV01,hydraulics_agc_servo,0.362,0.224,0.732,0,,train
2025-08-21 21:00:00,CRM.AGC.SV01,hydraulics_agc_servo,0.3512,0.2392,0.7922,0,,train
2025-08-21 22:00:00,CRM.AGC.SV01,hydraulics_agc_servo,0.3813,0.2821,0.7965,0,,train
2025-08-21 23:00:00,CRM.AGC.SV01,hydraulics_agc_servo,0.3599,0.2789,1.1157,0,,train
2025-08-22 00:00:00,CRM.AGC.SV01,hydraulics_agc_servo,0.3214,0.2344,1.2211,0,,train
2025-08-22 01:00:00,CRM.AGC.SV01,hydraulics_agc_servo,0.3372,0.2094,0.5576,0,,train
2025-08-22 02:00:00,CRM.AGC.SV01,hydraulics_agc_servo,0.3217,0.2364,0.2095,0,,train
2025-08-22 03:00:00,CRM.AGC.SV01,hydraulics_agc_servo,0.3317,0.2228,1.0821,0,,train
2025-08-22 04:00:00,CRM.AGC.SV01,hydraulics_agc_servo,0.2594,0.2311,1.4584,0,,train
2025-08-22 05:00:00,CRM.AGC.SV01,hydraulics_agc_servo,0.3202,0.2832,0.928,0,,train
2025-08-22 06:00:00,CRM.AGC.SV01,hydraulics_agc_servo,0.3172,0.311,0.0737,0,,train
2025-08-22 07:00:00,CRM.AGC.SV01,hydraulics_agc_servo,0.3608,0.2425,1.0863,0,,train
2025-08-22 08:00:00,CRM.AGC.SV01,hydraulics_agc_servo,0.3108,0.2417,0.7652,0,,train
2025-08-22 09:00:00,CRM.AGC.SV01,hydraulics_agc_servo,0.304,0.295,0.4188,0,,train
2025-08-22 10:00:00,CRM.AGC.SV01,hydraulics_agc_servo,0.2805,0.2911,-0.43,0,,train
2025-08-22 11:00:00,CRM.AGC.SV01,hydraulics_agc_servo,0.2445,0.2697,-1.5017,0,,train
2025-08-22 12:00:00,CRM.AGC.SV01,hydraulics_agc_servo,0.2899,0.3074,-2.0857,0,,train
2025-08-22 13:00:00,CRM.AGC.SV01,hydraulics_agc_servo,0.3005,0.2507,-3.3138,0,,train
2025-08-22 14:00:00,CRM.AGC.SV01,hydraulics_agc_servo,0.2895,0.2335,-2.6853,0,,train
2025-08-22 15:00:00,CRM.AGC.SV01,hydraulics_agc_servo,0.2842,0.2208,-2.9864,0,,train
2025-08-22 16:00:00,CRM.AGC.SV01,hydraulics_agc_servo,0.2265,0.2058,-1.931,0,,train
2025-08-22 17:00:00,CRM.AGC.SV01,hydraulics_agc_servo,0.1865,0.2076,-1.8423,0,,train
2025-08-22 18:00:00,CRM.AGC.SV01,hydraulics_agc_servo,0.181,0.2403,-1.2577,0,,train
2025-08-22 19:00:00,CRM.AGC.SV01,hydraulics_agc_servo,0.1755,0.2877,-0.7089,0,,train
2025-08-22 20:00:00,CRM.AGC.SV01,hydraulics_agc_servo,0.1509,0.2953,0.4277,0,,train
2025-08-22 21:00:00,CRM.AGC.SV01,hydraulics_agc_servo,0.1159,0.2384,0.314,0,,train
2025-08-22 22:00:00,CRM.AGC.SV01,hydraulics_agc_servo,0.1266,0.2481,0.7028,0,,train
2025-08-22 23:00:00,CRM.AGC.SV01,hydraulics_agc_servo,0.1735,0.1861,1.1197,0,,train
2025-08-23 00:00:00,CRM.AGC.SV01,hydraulics_agc_servo,0.2309,0.1474,0.4177,0,,train
2025-08-23 01:00:00,CRM.AGC.SV01,hydraulics_agc_servo,0.1906,0.2245,-0.0736,0,,train
2025-08-23 02:00:00,CRM.AGC.SV01,hydraulics_agc_servo,0.2148,0.1822,0.394,0,,train
2025-08-23 03:00:00,CRM.AGC.SV01,hydraulics_agc_servo,0.276,0.1489,1.2944,0,,train
2025-08-23 04:00:00,CRM.AGC.SV01,hydraulics_agc_servo,0.2376,0.1808,0.9312,0,,train
2025-08-23 05:00:00,CRM.AGC.SV01,hydraulics_agc_servo,0.1648,0.152,1.1943,0,,train
2025-08-23 06:00:00,CRM.AGC.SV01,hydraulics_agc_servo,0.2095,0.1366,1.2693,0,,train
2025-08-23 07:00:00,CRM.AGC.SV01,hydraulics_agc_servo,0.2069,0.1276,0.478,0,,train
2025-08-23 08:00:00,CRM.AGC.SV01,hydraulics_agc_servo,0.2101,0.0919,0.4856,0,,train
2025-08-23 09:00:00,CRM.AGC.SV01,hydraulics_agc_servo,0.2013,0.1126,0.9729,0,,train
2025-08-23 10:00:00,CRM.AGC.SV01,hydraulics_agc_servo,0.1898,0.1705,1.225,0,,train
2025-08-23 11:00:00,CRM.AGC.SV01,hydraulics_agc_servo,0.1955,0.153,0.7056,0,,train
2025-08-23 12:00:00,CRM.AGC.SV01,hydraulics_agc_servo,0.2372,0.1473,0.5915,0,,train
2025-08-23 13:00:00,CRM.AGC.SV01,hydraulics_agc_servo,0.233,0.1944,-0.6291,0,,train
2025-08-23 14:00:00,CRM.AGC.SV01,hydraulics_agc_servo,0.2671,0.1986,-0.7934,0,,train
2025-08-23 15:00:00,CRM.AGC.SV01,hydraulics_agc_servo,0.2993,0.2041,-0.5557,0,,train
2025-08-23 16:00:00,CRM.AGC.SV01,hydraulics_agc_servo,0.3453,0.2121,-0.9545,0,,train
2025-08-23 17:00:00,CRM.AGC.SV01,hydraulics_agc_servo,0.2788,0.1943,-0.5811,0,,train
2025-08-23 18:00:00,CRM.AGC.SV01,hydraulics_agc_servo,0.2994,0.1733,-1.2581,0,,train
2025-08-23 19:00:00,CRM.AGC.SV01,hydraulics_agc_servo,0.3591,0.1767,-1.2334,0,,train
2025-08-23 20:00:00,CRM.AGC.SV01,hydraulics_agc_servo,0.3549,0.1649,-2.161,0,,train
2025-08-23 21:00:00,CRM.AGC.SV01,hydraulics_agc_servo,0.3647,0.1591,-2.0238,0,,train
2025-08-23 22:00:00,CRM.AGC.SV01,hydraulics_agc_servo,0.3375,0.1563,-2.4467,0,,train
2025-08-23 23:00:00,CRM.AGC.SV01,hydraulics_agc_servo,0.354,0.1668,-2.196,0,,train
2025-08-24 00:00:00,CRM.AGC.SV01,hydraulics_agc_servo,0.3732,0.2589,-2.4544,0,,train
2025-08-24 01:00:00,CRM.AGC.SV01,hydraulics_agc_servo,0.4242,0.233,-2.3473,0,,train
2025-08-24 02:00:00,CRM.AGC.SV01,hydraulics_agc_servo,0.3592,0.2376,-2.2535,0,,train
2025-08-24 03:00:00,CRM.AGC.SV01,hydraulics_agc_servo,0.346,0.2525,-1.6552,0,,train
2025-08-24 04:00:00,CRM.AGC.SV01,hydraulics_agc_servo,0.364,0.2674,-1.5623,0,,train
2025-08-24 05:00:00,CRM.AGC.SV01,hydraulics_agc_servo,0.3578,0.267,-1.1201,0,,train
2025-08-24 06:00:00,CRM.AGC.SV01,hydraulics_agc_servo,0.3468,0.2604,-1.2898,0,,train
2025-08-24 07:00:00,CRM.AGC.SV01,hydraulics_agc_servo,0.361,0.2473,-1.0669,0,,train
2025-08-24 08:00:00,CRM.AGC.SV01,hydraulics_agc_servo,0.3772,0.2764,-1.6708,0,,train
2025-08-24 09:00:00,CRM.AGC.SV01,hydraulics_agc_servo,0.338,0.2911,-2.1536,0,,train
2025-08-24 10:00:00,CRM.AGC.SV01,hydraulics_agc_servo,0.3413,0.2883,-1.9359,0,,train
2025-08-24 11:00:00,CRM.AGC.SV01,hydraulics_agc_servo,0.3743,0.298,-0.7549,0,,train
2025-08-24 12:00:00,CRM.AGC.SV01,hydraulics_agc_servo,0.3737,0.2279,-0.9525,0,,train
2025-08-24 13:00:00,CRM.AGC.SV01,hydraulics_agc_servo,0.4015,0.2046,0.0638,0,,train
2025-08-24 14:00:00,CRM.AGC.SV01,hydraulics_agc_servo,0.3954,0.1482,-0.0689,0,,train
2025-08-24 15:00:00,CRM.AGC.SV01,hydraulics_agc_servo,0.2706,0.0889,-0.4936,0,,train
2025-08-24 16:00:00,CRM.AGC.SV01,hydraulics_agc_servo,0.2607,0.0803,-0.6178,0,,train
2025-08-24 17:00:00,CRM.AGC.SV01,hydraulics_agc_servo,0.2698,0.072,-0.5054,0,,train
2025-08-24 18:00:00,CRM.AGC.SV01,hydraulics_agc_servo,0.2007,0.1156,0.3401,0,,train
2025-08-24 19:00:00,CRM.AGC.SV01,hydraulics_agc_servo,0.2018,0.1574,0.3348,0,,train
2025-08-24 20:00:00,CRM.AGC.SV01,hydraulics_agc_servo,0.2128,0.1669,0.1213,0,,train
2025-08-24 21:00:00,CRM.AGC.SV01,hydraulics_agc_servo,0.3775,0.1699,-0.6813,0,,train
2025-08-24 22:00:00,CRM.AGC.SV01,hydraulics_agc_servo,0.7604,0.2001,-0.1337,0,,train
2025-08-24 23:00:00,CRM.AGC.SV01,hydraulics_agc_servo,1.2209,0.179,-0.838,0,,train
2025-08-25 00:00:00,CRM.AGC.SV01,hydraulics_agc_servo,1.3732,0.2602,-0.4647,0,,train
2025-08-25 01:00:00,CRM.AGC.SV01,hydraulics_agc_servo,1.2051,0.2541,0.1448,0,,train
2025-08-25 02:00:00,CRM.AGC.SV01,hydraulics_agc_servo,0.8051,0.339,0.3694,0,,train
2025-08-25 03:00:00,CRM.AGC.SV01,hydraulics_agc_servo,0.3506,0.2568,0.0693,0,,train
2025-08-25 04:00:00,CRM.AGC.SV01,hydraulics_agc_servo,0.1136,0.303,-0.0209,0,,train
2025-08-25 05:00:00,CRM.AGC.SV01,hydraulics_agc_servo,0.107,0.2878,-0.1802,0,,train
2025-08-25 06:00:00,CRM.AGC.SV01,hydraulics_agc_servo,0.1138,0.2607,-0.668,0,,train
2025-08-25 07:00:00,CRM.AGC.SV01,hydraulics_agc_servo,0.1665,0.2807,-0.0252,0,,train
2025-08-25 08:00:00,CRM.AGC.SV01,hydraulics_agc_servo,0.2182,0.2632,0.4618,0,,train
2025-08-25 09:00:00,CRM.AGC.SV01,hydraulics_agc_servo,0.1875,0.2747,0.3486,0,,train
2025-08-25 10:00:00,CRM.AGC.SV01,hydraulics_agc_servo,0.1828,0.2809,-1.1277,0,,train
2025-08-25 11:00:00,CRM.AGC.SV01,hydraulics_agc_servo,0.2015,0.2615,-1.3818,0,,train
2025-08-25 12:00:00,CRM.AGC.SV01,hydraulics_agc_servo,0.2219,0.2582,-1.218,0,,train
2025-08-25 13:00:00,CRM.AGC.SV01,hydraulics_agc_servo,0.1989,0.623,-0.8957,0,,train
2025-08-25 14:00:00,CRM.AGC.SV01,hydraulics_agc_servo,0.1835,1.0419,-0.5129,0,,train
2025-08-25 15:00:00,CRM.AGC.SV01,hydraulics_agc_servo,0.1869,0.5911,-0.9234,0,,train
2025-08-25 16:00:00,CRM.AGC.SV01,hydraulics_agc_servo,0.1875,0.1849,-1.2265,0,,train
2025-08-25 17:00:00,CRM.AGC.SV01,hydraulics_agc_servo,0.1769,0.2584,-1.5242,0,,train
2025-08-25 18:00:00,CRM.AGC.SV01,hydraulics_agc_servo,0.1632,0.2565,-1.3695,0,,train
2025-08-25 19:00:00,CRM.AGC.SV01,hydraulics_agc_servo,0.1543,0.3061,-1.2456,0,,train
2025-08-25 20:00:00,CRM.AGC.SV01,hydraulics_agc_servo,0.4145,0.3157,-1.0436,0,,train
2025-08-25 21:00:00,CRM.AGC.SV01,hydraulics_agc_servo,0.9212,0.3276,-0.7048,0,,train
2025-08-25 22:00:00,CRM.AGC.SV01,hydraulics_agc_servo,1.0867,0.3534,-1.6162,0,,train
2025-08-25 23:00:00,CRM.AGC.SV01,hydraulics_agc_servo,0.8247,0.3499,-1.5374,0,,train
2025-08-26 00:00:00,CRM.AGC.SV01,hydraulics_agc_servo,0.3212,0.3077,-2.7646,0,,train
2025-08-26 01:00:00,CRM.AGC.SV01,hydraulics_agc_servo,0.1027,0.2698,-3.1507,0,,train
2025-08-26 02:00:00,CRM.AGC.SV01,hydraulics_agc_servo,0.1304,0.2645,-2.2402,0,,train
2025-08-26 03:00:00,CRM.AGC.SV01,hydraulics_agc_servo,0.1333,0.169,-2.3227,0,,train
2025-08-26 04:00:00,CRM.AGC.SV01,hydraulics_agc_servo,0.0838,0.1698,-1.6858,0,,train
2025-08-26 05:00:00,CRM.AGC.SV01,hydraulics_agc_servo,0.1491,0.1345,-1.221,0,,train
2025-08-26 06:00:00,CRM.AGC.SV01,hydraulics_agc_servo,0.1325,0.1579,-1.455,0,,train
2025-08-26 07:00:00,CRM.AGC.SV01,hydraulics_agc_servo,0.1538,0.1608,-0.8622,0,,train
2025-08-26 08:00:00,CRM.AGC.SV01,hydraulics_agc_servo,0.1515,0.1954,-0.9115,0,,train
2025-08-26 09:00:00,CRM.AGC.SV01,hydraulics_agc_servo,0.1395,0.2008,-1.7239,0,,train
2025-08-26 10:00:00,CRM.AGC.SV01,hydraulics_agc_servo,0.2097,0.1897,-2.2562,0,,train
2025-08-26 11:00:00,CRM.AGC.SV01,hydraulics_agc_servo,0.2387,0.1906,-2.102,0,,train
2025-08-26 12:00:00,CRM.AGC.SV01,hydraulics_agc_servo,0.2606,0.2033,-2.5266,0,,train
2025-08-26 13:00:00,CRM.AGC.SV01,hydraulics_agc_servo,0.2719,0.2543,-2.6692,0,,train
2025-08-26 14:00:00,CRM.AGC.SV01,hydraulics_agc_servo,0.3101,0.2684,-3.2019,0,,train
2025-08-26 15:00:00,CRM.AGC.SV01,hydraulics_agc_servo,0.3353,0.3098,-3.1967,0,,train
2025-08-26 16:00:00,CRM.AGC.SV01,hydraulics_agc_servo,0.3661,0.3534,-2.7159,0,,train
2025-08-26 17:00:00,CRM.AGC.SV01,hydraulics_agc_servo,0.3631,0.3059,-2.8913,0,,train
2025-08-26 18:00:00,CRM.AGC.SV01,hydraulics_agc_servo,0.3725,0.2661,-1.6755,0,,train
2025-08-26 19:00:00,CRM.AGC.SV01,hydraulics_agc_servo,0.3069,0.3071,-1.736,0,,train
2025-08-26 20:00:00,CRM.AGC.SV01,hydraulics_agc_servo,0.3032,0.3991,-1.3318,0,,train
2025-08-26 21:00:00,CRM.AGC.SV01,hydraulics_agc_servo,0.2538,0.4038,-0.6581,0,,train
2025-08-26 22:00:00,CRM.AGC.SV01,hydraulics_agc_servo,0.2796,0.4406,-1.3154,0,,train
2025-08-26 23:00:00,CRM.AGC.SV01,hydraulics_agc_servo,0.2279,0.3649,-1.6535,0,,train
2025-08-27 00:00:00,CRM.AGC.SV01,hydraulics_agc_servo,0.2254,0.3785,-2.2406,0,,train
2025-08-27 01:00:00,CRM.AGC.SV01,hydraulics_agc_servo,0.2604,0.4289,-2.2261,0,,train
2025-08-27 02:00:00,CRM.AGC.SV01,hydraulics_agc_servo,0.2996,0.4394,-2.7105,0,,train
2025-08-27 03:00:00,CRM.AGC.SV01,hydraulics_agc_servo,0.2842,0.4435,-3.8009,0,,train
2025-08-27 04:00:00,CRM.AGC.SV01,hydraulics_agc_servo,0.259,0.3245,-3.2837,0,,train
2025-08-27 05:00:00,CRM.AGC.SV01,hydraulics_agc_servo,0.2108,0.3216,-2.4446,0,,train
2025-08-27 06:00:00,CRM.AGC.SV01,hydraulics_agc_servo,0.1753,0.2497,-3.0953,0,,train
2025-08-27 07:00:00,CRM.AGC.SV01,hydraulics_agc_servo,0.1448,0.3132,-3.2528,0,,train
2025-08-27 08:00:00,CRM.AGC.SV01,hydraulics_agc_servo,0.1426,0.2933,-3.2499,0,,train
2025-08-27 09:00:00,CRM.AGC.SV01,hydraulics_agc_servo,0.172,0.2623,-2.6215,0,,train
2025-08-27 10:00:00,CRM.AGC.SV01,hydraulics_agc_servo,,0.2535,,0,,train
2025-08-27 11:00:00,CRM.AGC.SV01,hydraulics_agc_servo,0.2048,0.2457,-2.5061,0,,train
2025-08-27 12:00:00,CRM.AGC.SV01,hydraulics_agc_servo,0.2154,0.2085,-1.8915,0,,train
2025-08-27 13:00:00,CRM.AGC.SV01,hydraulics_agc_servo,0.1821,0.2148,-2.0664,0,,train
2025-08-27 14:00:00,CRM.AGC.SV01,hydraulics_agc_servo,0.221,0.245,-2.4042,0,,train
2025-08-27 15:00:00,CRM.AGC.SV01,hydraulics_agc_servo,0.2284,0.299,-2.1756,0,,train
2025-08-27 16:00:00,CRM.AGC.SV01,hydraulics_agc_servo,0.2422,0.2794,-1.8123,0,,train
2025-08-27 17:00:00,CRM.AGC.SV01,hydraulics_agc_servo,0.2165,0.3094,-1.4096,0,,train
2025-08-27 18:00:00,CRM.AGC.SV01,hydraulics_agc_servo,0.2415,0.3278,-0.2421,0,,train
2025-08-27 19:00:00,CRM.AGC.SV01,hydraulics_agc_servo,0.253,0.2841,-0.4545,0,,train
2025-08-27 20:00:00,CRM.AGC.SV01,hydraulics_agc_servo,0.2548,0.3163,-0.7437,0,,train
2025-08-27 21:00:00,CRM.AGC.SV01,hydraulics_agc_servo,0.2488,0.2969,-1.1666,0,,train
2025-08-27 22:00:00,CRM.AGC.SV01,hydraulics_agc_servo,0.2004,0.27,-1.4863,0,,train
2025-08-27 23:00:00,CRM.AGC.SV01,hydraulics_agc_servo,0.1963,0.2496,-0.5877,0,,train
2025-08-28 00:00:00,CRM.AGC.SV01,hydraulics_agc_servo,0.1968,0.2475,-1.0032,0,,train
2025-08-28 01:00:00,CRM.AGC.SV01,hydraulics_agc_servo,0.2014,0.2312,-0.7389,0,,train
2025-08-28 02:00:00,CRM.AGC.SV01,hydraulics_agc_servo,0.2,0.308,-0.3467,0,,train
2025-08-28 03:00:00,CRM.AGC.SV01,hydraulics_agc_servo,0.1977,0.4658,-0.2932,0,,train
2025-08-28 04:00:00,CRM.AGC.SV01,hydraulics_agc_servo,0.229,0.7205,0.384,0,,train
2025-08-28 05:00:00,CRM.AGC.SV01,hydraulics_agc_servo,0.2417,0.8247,-0.069,0,,train
2025-08-28 06:00:00,CRM.AGC.SV01,hydraulics_agc_servo,0.2636,0.8074,-0.2548,0,,train
2025-08-28 07:00:00,CRM.AGC.SV01,hydraulics_agc_servo,0.2725,0.6908,-0.4023,0,,train
2025-08-28 08:00:00,CRM.AGC.SV01,hydraulics_agc_servo,0.2709,0.5466,0.1488,0,,train
2025-08-28 09:00:00,CRM.AGC.SV01,hydraulics_agc_servo,0.2693,0.3666,0.1499,0,,train
2025-08-28 10:00:00,CRM.AGC.SV01,hydraulics_agc_servo,0.2567,0.3269,-0.7689,0,,train
2025-08-28 11:00:00,CRM.AGC.SV01,hydraulics_agc_servo,0.1615,0.2987,-0.8221,0,,train
2025-08-28 12:00:00,CRM.AGC.SV01,hydraulics_agc_servo,0.1869,0.3082,-0.9776,0,,train
2025-08-28 13:00:00,CRM.AGC.SV01,hydraulics_agc_servo,0.2742,0.2956,-1.5668,0,,train
2025-08-28 14:00:00,CRM.AGC.SV01,hydraulics_agc_servo,0.4263,0.2857,-1.2692,0,,train
2025-08-28 15:00:00,CRM.AGC.SV01,hydraulics_agc_servo,0.5147,0.3098,-1.8198,0,,train
2025-08-28 16:00:00,CRM.AGC.SV01,hydraulics_agc_servo,0.6209,0.3493,-1.9941,0,,train
2025-08-28 17:00:00,CRM.AGC.SV01,hydraulics_agc_servo,0.7567,0.3213,-0.7106,0,,train
2025-08-28 18:00:00,CRM.AGC.SV01,hydraulics_agc_servo,0.8018,0.3549,-1.1624,0,,train
2025-08-28 19:00:00,CRM.AGC.SV01,hydraulics_agc_servo,0.7478,0.3691,-1.5374,0,,train
2025-08-28 20:00:00,CRM.AGC.SV01,hydraulics_agc_servo,0.6663,0.3192,-1.5271,0,,train
2025-08-28 21:00:00,CRM.AGC.SV01,hydraulics_agc_servo,0.4374,0.3098,-1.7071,0,,train
2025-08-28 22:00:00,CRM.AGC.SV01,hydraulics_agc_servo,0.3165,0.3294,-0.2134,0,,train
2025-08-28 23:00:00,CRM.AGC.SV01,hydraulics_agc_servo,0.2457,0.3701,-0.4454,0,,train
2025-08-29 00:00:00,CRM.AGC.SV01,hydraulics_agc_servo,0.212,0.3743,-1.7875,0,,train
2025-08-29 01:00:00,CRM.AGC.SV01,hydraulics_agc_servo,0.5285,0.3866,-2.5854,0,,train
2025-08-29 02:00:00,CRM.AGC.SV01,hydraulics_agc_servo,0.9447,0.4182,-2.4523,0,,train
2025-08-29 03:00:00,CRM.AGC.SV01,hydraulics_agc_servo,1.2666,0.385,-2.1201,0,,train
2025-08-29 04:00:00,CRM.AGC.SV01,hydraulics_agc_servo,1.4672,0.3512,-2.2036,0,,train
2025-08-29 05:00:00,CRM.AGC.SV01,hydraulics_agc_servo,1.4782,0.3586,-1.181,0,,train
2025-08-29 06:00:00,CRM.AGC.SV01,hydraulics_agc_servo,1.2464,0.3814,-0.4403,0,,train
2025-08-29 07:00:00,CRM.AGC.SV01,hydraulics_agc_servo,0.9199,0.3343,-0.5402,0,,train
2025-08-29 08:00:00,CRM.AGC.SV01,hydraulics_agc_servo,0.6112,0.3009,-1.1648,0,,train
2025-08-29 09:00:00,CRM.AGC.SV01,hydraulics_agc_servo,0.3092,0.3261,-0.9564,0,,train
2025-08-29 10:00:00,CRM.AGC.SV01,hydraulics_agc_servo,0.188,0.3384,-0.9309,0,,train
2025-08-29 11:00:00,CRM.AGC.SV01,hydraulics_agc_servo,0.1599,0.2998,-0.8994,0,,train
2025-08-29 12:00:00,CRM.AGC.SV01,hydraulics_agc_servo,0.1528,0.3441,-1.4832,0,,train
2025-08-29 13:00:00,CRM.AGC.SV01,hydraulics_agc_servo,0.137,0.3372,-0.9839,0,,train
2025-08-29 14:00:00,CRM.AGC.SV01,hydraulics_agc_servo,0.2103,0.301,-1.0084,0,,train
2025-08-29 15:00:00,CRM.AGC.SV01,hydraulics_agc_servo,0.1953,0.3063,-0.95,0,,train
2025-08-29 16:00:00,CRM.AGC.SV01,hydraulics_agc_servo,0.2174,0.2659,-0.4014,0,,train
2025-08-29 17:00:00,CRM.AGC.SV01,hydraulics_agc_servo,0.1886,0.3113,-0.8534,0,,train
2025-08-29 18:00:00,CRM.AGC.SV01,hydraulics_agc_servo,0.1464,0.265,-0.6012,0,,train
2025-08-29 19:00:00,CRM.AGC.SV01,hydraulics_agc_servo,0.1351,0.2077,-0.3983,0,,train
2025-08-29 20:00:00,CRM.AGC.SV01,hydraulics_agc_servo,0.1277,0.2159,-0.7322,0,,train
2025-08-29 21:00:00,CRM.AGC.SV01,hydraulics_agc_servo,0.1349,0.2141,0.0117,0,,train
2025-08-29 22:00:00,CRM.AGC.SV01,hydraulics_agc_servo,0.1002,0.4262,0.0223,0,,train
2025-08-29 23:00:00,CRM.AGC.SV01,hydraulics_agc_servo,0.1298,0.7551,-0.0699,0,,train
2025-08-30 00:00:00,CRM.AGC.SV01,hydraulics_agc_servo,0.0778,0.7055,-1.1907,0,,train
2025-08-30 01:00:00,CRM.AGC.SV01,hydraulics_agc_servo,0.1151,0.3969,-1.9937,0,,train
2025-08-30 02:00:00,CRM.AGC.SV01,hydraulics_agc_servo,0.104,0.208,-1.1941,0,,train
2025-08-30 03:00:00,CRM.AGC.SV01,hydraulics_agc_servo,0.1269,0.1864,-0.775,0,,train
2025-08-30 04:00:00,CRM.AGC.SV01,hydraulics_agc_servo,0.176,0.2473,0.059,0,,train
2025-08-30 05:00:00,CRM.AGC.SV01,hydraulics_agc_servo,0.1522,0.3085,-0.5264,0,,train
2025-08-30 06:00:00,CRM.AGC.SV01,hydraulics_agc_servo,0.1396,0.3591,-0.6756,0,,train
2025-08-30 07:00:00,CRM.AGC.SV01,hydraulics_agc_servo,0.1045,0.3241,0.2714,0,,train
2025-08-30 08:00:00,CRM.AGC.SV01,hydraulics_agc_servo,0.1089,0.2704,0.8025,0,,train
2025-08-30 09:00:00,CRM.AGC.SV01,hydraulics_agc_servo,0.094,0.2312,0.3285,0,,train
2025-08-30 10:00:00,CRM.AGC.SV01,hydraulics_agc_servo,0.1066,0.2453,0.1866,0,,train
2025-08-30 11:00:00,CRM.AGC.SV01,hydraulics_agc_servo,0.087,0.2363,0.1463,0,,train
2025-08-30 12:00:00,CRM.AGC.SV01,hydraulics_agc_servo,0.1077,0.1996,-0.0514,0,,train
2025-08-30 13:00:00,CRM.AGC.SV01,hydraulics_agc_servo,0.1144,0.1995,-0.2224,0,,train
2025-08-30 14:00:00,CRM.AGC.SV01,hydraulics_agc_servo,0.1749,0.2223,-0.3051,0,,train
2025-08-30 15:00:00,CRM.AGC.SV01,hydraulics_agc_servo,0.1803,0.2301,0.3756,0,,train
2025-08-30 16:00:00,CRM.AGC.SV01,hydraulics_agc_servo,0.1579,0.2398,0.148,0,,train
2025-08-30 17:00:00,CRM.AGC.SV01,hydraulics_agc_servo,0.1455,0.2517,0.0218,0,,train
2025-08-30 18:00:00,CRM.AGC.SV01,hydraulics_agc_servo,0.1236,0.2713,0.4053,0,,train
2025-08-30 19:00:00,CRM.AGC.SV01,hydraulics_agc_servo,0.1335,0.2258,0.5385,0,,train
2025-08-30 20:00:00,CRM.AGC.SV01,hydraulics_agc_servo,0.1847,0.276,0.2735,0,,train
2025-08-30 21:00:00,CRM.AGC.SV01,hydraulics_agc_servo,0.2178,0.3206,-0.0015,0,,train
2025-08-30 22:00:00,CRM.AGC.SV01,hydraulics_agc_servo,0.1944,0.3392,-0.6913,0,,train
2025-08-30 23:00:00,CRM.AGC.SV01,hydraulics_agc_servo,0.2425,0.3705,-0.8116,0,,train
2025-08-31 00:00:00,CRM.AGC.SV01,hydraulics_agc_servo,0.2344,0.3494,-0.6113,0,,train
2025-08-31 01:00:00,CRM.AGC.SV01,hydraulics_agc_servo,0.2119,0.3556,-0.4741,0,,train
2025-08-31 02:00:00,CRM.AGC.SV01,hydraulics_agc_servo,0.2375,0.3308,-1.6352,0,,train
2025-08-31 03:00:00,CRM.AGC.SV01,hydraulics_agc_servo,0.235,0.3339,-1.5552,0,,train
2025-08-31 04:00:00,CRM.AGC.SV01,hydraulics_agc_servo,0.2651,0.3528,-1.5868,0,,train
2025-08-31 05:00:00,CRM.AGC.SV01,hydraulics_agc_servo,0.3112,0.2752,-2.3674,0,,train
2025-08-31 06:00:00,CRM.AGC.SV01,hydraulics_agc_servo,0.2929,0.333,-2.3113,0,,train
2025-08-31 07:00:00,CRM.AGC.SV01,hydraulics_agc_servo,0.3063,0.3426,-3.0942,0,,train
2025-08-31 08:00:00,CRM.AGC.SV01,hydraulics_agc_servo,0.3034,0.3142,-3.6982,0,,train
2025-08-31 09:00:00,CRM.AGC.SV01,hydraulics_agc_servo,0.3097,0.3407,-3.7668,0,,train
2025-08-31 10:00:00,CRM.AGC.SV01,hydraulics_agc_servo,0.3142,0.3002,-2.8398,0,,train
2025-08-31 11:00:00,CRM.AGC.SV01,hydraulics_agc_servo,0.2624,0.2547,-2.5247,0,,train
2025-08-31 12:00:00,CRM.AGC.SV01,hydraulics_agc_servo,0.2867,0.292,-2.7169,0,,train
2025-08-31 13:00:00,CRM.AGC.SV01,hydraulics_agc_servo,0.2549,0.2978,-1.5946,0,,train
2025-08-31 14:00:00,CRM.AGC.SV01,hydraulics_agc_servo,0.2109,0.2904,-0.617,0,,train
2025-08-31 15:00:00,CRM.AGC.SV01,hydraulics_agc_servo,0.2078,0.2731,-1.4887,0,,train
2025-08-31 16:00:00,CRM.AGC.SV01,hydraulics_agc_servo,0.1809,0.3288,-1.3741,0,,train
2025-08-31 17:00:00,CRM.AGC.SV01,hydraulics_agc_servo,0.1943,0.3221,-0.7717,0,,train
2025-08-31 18:00:00,CRM.AGC.SV01,hydraulics_agc_servo,0.1585,0.3253,-1.0461,0,,train
2025-08-31 19:00:00,CRM.AGC.SV01,hydraulics_agc_servo,0.1678,0.3101,-1.0301,0,,train
2025-08-31 20:00:00,CRM.AGC.SV01,hydraulics_agc_servo,0.1566,0.3433,-0.747,0,,train
2025-08-31 21:00:00,CRM.AGC.SV01,hydraulics_agc_servo,0.2045,0.3445,-1.3251,0,,train
2025-08-31 22:00:00,CRM.AGC.SV01,hydraulics_agc_servo,0.2444,0.4071,-0.8907,0,,train
2025-08-31 23:00:00,CRM.AGC.SV01,hydraulics_agc_servo,0.2112,0.4154,-1.4536,0,,train
2025-09-01 00:00:00,CRM.AGC.SV01,hydraulics_agc_servo,0.2078,0.4205,-2.5608,0,,train
2025-09-01 01:00:00,CRM.AGC.SV01,hydraulics_agc_servo,0.1988,0.3958,-3.0699,0,,train
2025-09-01 02:00:00,CRM.AGC.SV01,hydraulics_agc_servo,0.2006,0.3595,-1.5192,0,,train
2025-09-01 03:00:00,CRM.AGC.SV01,hydraulics_agc_servo,0.2061,0.3808,-2.2684,0,,train
2025-09-01 04:00:00,CRM.AGC.SV01,hydraulics_agc_servo,0.208,0.3673,-1.7205,0,,train
2025-09-01 05:00:00,CRM.AGC.SV01,hydraulics_agc_servo,0.2519,0.3811,-1.0953,0,,train
2025-09-01 06:00:00,CRM.AGC.SV01,hydraulics_agc_servo,0.2529,0.3896,-0.5648,0,,train
2025-09-01 07:00:00,CRM.AGC.SV01,hydraulics_agc_servo,0.2741,0.3789,0.3842,0,,train
2025-09-01 08:00:00,CRM.AGC.SV01,hydraulics_agc_servo,0.3268,0.3546,0.0829,0,,train
2025-09-01 09:00:00,CRM.AGC.SV01,hydraulics_agc_servo,0.3597,0.3253,0.5714,0,,train
2025-09-01 10:00:00,CRM.AGC.SV01,hydraulics_agc_servo,0.3507,0.2924,1.1685,0,,train
2025-09-01 11:00:00,CRM.AGC.SV01,hydraulics_agc_servo,0.354,0.2665,1.4239,0,,train
2025-09-01 12:00:00,CRM.AGC.SV01,hydraulics_agc_servo,0.3436,0.292,1.1421,0,,train
2025-09-01 13:00:00,CRM.AGC.SV01,hydraulics_agc_servo,0.3261,0.2854,0.5956,0,,train
2025-09-01 14:00:00,CRM.AGC.SV01,hydraulics_agc_servo,0.3374,0.2556,0.6573,0,,train
2025-09-01 15:00:00,CRM.AGC.SV01,hydraulics_agc_servo,0.3232,0.2076,0.8938,0,,train
2025-09-01 16:00:00,CRM.AGC.SV01,hydraulics_agc_servo,0.2937,0.1946,0.703,0,,train
2025-09-01 17:00:00,CRM.AGC.SV01,hydraulics_agc_servo,0.2784,0.2069,0.2019,0,,train
2025-09-01 18:00:00,CRM.AGC.SV01,hydraulics_agc_servo,0.3112,0.2186,0.5174,0,,train
2025-09-01 19:00:00,CRM.AGC.SV01,hydraulics_agc_servo,0.3085,0.3034,0.4101,0,,train
2025-09-01 20:00:00,CRM.AGC.SV01,hydraulics_agc_servo,0.2703,0.3361,0.3054,0,,train
2025-09-01 21:00:00,CRM.AGC.SV01,hydraulics_agc_servo,0.2447,0.3476,0.6818,0,,train
2025-09-01 22:00:00,CRM.AGC.SV01,hydraulics_agc_servo,0.2909,0.3962,1.1857,0,,train
2025-09-01 23:00:00,CRM.AGC.SV01,hydraulics_agc_servo,0.332,0.3633,1.8131,0,,train
2025-09-02 00:00:00,CRM.AGC.SV01,hydraulics_agc_servo,0.3647,0.3924,1.2481,0,,train
2025-09-02 01:00:00,CRM.AGC.SV01,hydraulics_agc_servo,0.3625,0.3562,1.1632,0,,train
2025-09-02 02:00:00,CRM.AGC.SV01,hydraulics_agc_servo,0.3192,0.3555,0.3592,0,,train
2025-09-02 03:00:00,CRM.AGC.SV01,hydraulics_agc_servo,0.3155,0.3158,0.2849,0,,train
2025-09-02 04:00:00,CRM.AGC.SV01,hydraulics_agc_servo,0.3589,0.2332,-1.2648,0,,train
2025-09-02 05:00:00,CRM.AGC.SV01,hydraulics_agc_servo,0.3229,0.2017,-0.5166,0,,train
2025-09-02 06:00:00,CRM.AGC.SV01,hydraulics_agc_servo,0.3247,0.251,-0.6646,0,,train
2025-09-02 07:00:00,CRM.AGC.SV01,hydraulics_agc_servo,0.3359,0.2806,-1.2518,0,,train
2025-09-02 08:00:00,CRM.AGC.SV01,hydraulics_agc_servo,0.3251,0.2848,-0.3285,0,,train
2025-09-02 09:00:00,CRM.AGC.SV01,hydraulics_agc_servo,0.2792,0.26,0.128,0,,train
2025-09-02 10:00:00,CRM.AGC.SV01,hydraulics_agc_servo,0.2445,0.2846,0.4428,0,,train
2025-09-02 11:00:00,CRM.AGC.SV01,hydraulics_agc_servo,0.2283,0.262,0.7861,0,,train
2025-09-02 12:00:00,CRM.AGC.SV01,hydraulics_agc_servo,0.2686,0.319,1.2015,0,,train
2025-09-02 13:00:00,CRM.AGC.SV01,hydraulics_agc_servo,0.2746,0.3519,1.5401,0,,train
2025-09-02 14:00:00,CRM.AGC.SV01,hydraulics_agc_servo,0.2936,0.3188,1.3446,0,,train
2025-09-02 15:00:00,CRM.AGC.SV01,hydraulics_agc_servo,0.3608,0.2818,0.3117,0,,train
2025-09-02 16:00:00,CRM.AGC.SV01,hydraulics_agc_servo,0.3208,0.237,1.2445,0,,train
2025-09-02 17:00:00,CRM.AGC.SV01,hydraulics_agc_servo,0.3544,0.1765,0.8677,0,,train
2025-09-02 18:00:00,CRM.AGC.SV01,hydraulics_agc_servo,0.3818,0.235,0.0784,0,,train
2025-09-02 19:00:00,CRM.AGC.SV01,hydraulics_agc_servo,0.346,0.2049,0.0195,0,,train
2025-09-02 20:00:00,CRM.AGC.SV01,hydraulics_agc_servo,0.3258,0.1978,0.1029,0,,train
2025-09-02 21:00:00,CRM.AGC.SV01,hydraulics_agc_servo,0.3877,0.2168,-0.0832,0,,train
2025-09-02 22:00:00,CRM.AGC.SV01,hydraulics_agc_servo,0.3251,0.2134,-0.2751,0,,train
2025-09-02 23:00:00,CRM.AGC.SV01,hydraulics_agc_servo,0.368,0.2323,-1.0937,0,,train
2025-09-03 00:00:00,CRM.AGC.SV01,hydraulics_agc_servo,0.3009,0.2819,-1.2231,0,,train
2025-09-03 01:00:00,CRM.AGC.SV01,hydraulics_agc_servo,0.2164,0.2257,-1.1029,0,,train
2025-09-03 02:00:00,CRM.AGC.SV01,hydraulics_agc_servo,0.2075,0.2316,-0.5531,0,,train
2025-09-03 03:00:00,CRM.AGC.SV01,hydraulics_agc_servo,0.2262,0.2014,-0.2945,0,,train
2025-09-03 04:00:00,CRM.AGC.SV01,hydraulics_agc_servo,0.1793,0.1511,0.8959,0,,train
2025-09-03 05:00:00,CRM.AGC.SV01,hydraulics_agc_servo,0.2039,0.1688,1.2999,0,,train
2025-09-03 06:00:00,CRM.AGC.SV01,hydraulics_agc_servo,0.1865,0.1675,1.5949,0,,train
2025-09-03 07:00:00,CRM.AGC.SV01,hydraulics_agc_servo,0.1959,0.1862,1.4191,0,,train
2025-09-03 08:00:00,CRM.AGC.SV01,hydraulics_agc_servo,0.87,0.2715,0.7445,0,,train
2025-09-03 09:00:00,CRM.AGC.SV01,hydraulics_agc_servo,0.8708,0.2475,0.22,0,,train
2025-09-03 10:00:00,CRM.AGC.SV01,hydraulics_agc_servo,0.1867,0.2391,-0.0474,0,,train
2025-09-03 11:00:00,CRM.AGC.SV01,hydraulics_agc_servo,0.1771,0.1984,-0.3937,0,,train
2025-09-03 12:00:00,CRM.AGC.SV01,hydraulics_agc_servo,0.24,0.163,0.1585,0,,train
2025-09-03 13:00:00,CRM.AGC.SV01,hydraulics_agc_servo,0.2867,0.1334,0.3078,0,,train
2025-09-03 14:00:00,CRM.AGC.SV01,hydraulics_agc_servo,0.3666,0.1845,0.6374,0,,train
2025-09-03 15:00:00,CRM.AGC.SV01,hydraulics_agc_servo,0.3493,0.2185,1.4978,0,,train
2025-09-03 16:00:00,CRM.AGC.SV01,hydraulics_agc_servo,0.2828,0.1773,1.0084,0,,train
2025-09-03 17:00:00,CRM.AGC.SV01,hydraulics_agc_servo,0.2232,0.2,1.0166,0,,train
2025-09-03 18:00:00,CRM.AGC.SV01,hydraulics_agc_servo,0.199,0.2055,0.2423,0,,train
2025-09-03 19:00:00,CRM.AGC.SV01,hydraulics_agc_servo,0.2178,0.204,-0.7621,0,,train
2025-09-03 20:00:00,CRM.AGC.SV01,hydraulics_agc_servo,0.2397,0.1638,-0.4934,0,,train
2025-09-03 21:00:00,CRM.AGC.SV01,hydraulics_agc_servo,0.2695,0.2047,-0.0495,0,,train
2025-09-03 22:00:00,CRM.AGC.SV01,hydraulics_agc_servo,0.249,0.1985,-0.8101,0,,train
2025-09-03 23:00:00,CRM.AGC.SV01,hydraulics_agc_servo,0.2327,0.1667,-0.5324,0,,train
2025-09-04 00:00:00,CRM.AGC.SV01,hydraulics_agc_servo,0.2651,0.1593,-0.6742,0,,train
2025-09-04 01:00:00,CRM.AGC.SV01,hydraulics_agc_servo,0.1968,0.2026,0.0662,0,,train
2025-09-04 02:00:00,CRM.AGC.SV01,hydraulics_agc_servo,0.204,0.2397,0.5625,0,,train
2025-09-04 03:00:00,CRM.AGC.SV01,hydraulics_agc_servo,0.197,0.2457,-0.2727,0,,train
2025-09-04 04:00:00,CRM.AGC.SV01,hydraulics_agc_servo,0.1909,0.2902,0.2544,0,,train
2025-09-04 05:00:00,CRM.AGC.SV01,hydraulics_agc_servo,0.1704,0.2429,0.6241,0,,train
2025-09-04 06:00:00,CRM.AGC.SV01,hydraulics_agc_servo,0.1738,0.2053,0.0403,0,,train
2025-09-04 07:00:00,CRM.AGC.SV01,hydraulics_agc_servo,0.2371,0.1901,0.8257,0,,train
2025-09-04 08:00:00,CRM.AGC.SV01,hydraulics_agc_servo,0.3106,0.2125,0.0924,0,,train
2025-09-04 09:00:00,CRM.AGC.SV01,hydraulics_agc_servo,0.2832,0.2064,-0.4818,0,,train
2025-09-04 10:00:00,CRM.AGC.SV01,hydraulics_agc_servo,0.2795,0.1789,-0.3136,0,,train
2025-09-04 11:00:00,CRM.AGC.SV01,hydraulics_agc_servo,0.3,0.1651,0.248,0,,train
2025-09-04 12:00:00,CRM.AGC.SV01,hydraulics_agc_servo,0.2696,0.1554,0.2812,0,,train
2025-09-04 13:00:00,CRM.AGC.SV01,hydraulics_agc_servo,0.2516,0.1816,0.556,0,,train
2025-09-04 14:00:00,CRM.AGC.SV01,hydraulics_agc_servo,0.2744,0.128,1.1768,0,,train
2025-09-04 15:00:00,CRM.AGC.SV01,hydraulics_agc_servo,0.3225,0.0751,1.8351,0,,train
2025-09-04 16:00:00,CRM.AGC.SV01,hydraulics_agc_servo,0.3367,0.1282,0.8911,0,,train
2025-09-04 17:00:00,CRM.AGC.SV01,hydraulics_agc_servo,0.3965,0.1157,1.4997,0,,train
2025-09-04 18:00:00,CRM.AGC.SV01,hydraulics_agc_servo,0.3824,0.0973,1.8577,0,,train
2025-09-04 19:00:00,CRM.AGC.SV01,hydraulics_agc_servo,0.4043,0.0739,2.0698,0,,train
2025-09-04 20:00:00,CRM.AGC.SV01,hydraulics_agc_servo,0.3956,0.1198,1.3684,0,,train
2025-09-04 21:00:00,CRM.AGC.SV01,hydraulics_agc_servo,0.4172,0.1201,1.3838,0,,train
2025-09-04 22:00:00,CRM.AGC.SV01,hydraulics_agc_servo,0.4634,0.1381,1.7911,0,,train
2025-09-04 23:00:00,CRM.AGC.SV01,hydraulics_agc_servo,0.4339,0.0757,1.6184,0,,train
2025-09-05 00:00:00,CRM.AGC.SV01,hydraulics_agc_servo,0.4319,0.095,1.4198,0,,train
2025-09-05 01:00:00,CRM.AGC.SV01,hydraulics_agc_servo,0.4051,0.1053,1.6159,0,,train
2025-09-05 02:00:00,CRM.AGC.SV01,hydraulics_agc_servo,0.3803,0.1187,1.891,0,,train
2025-09-05 03:00:00,CRM.AGC.SV01,hydraulics_agc_servo,0.4061,0.1058,1.628,0,,train
2025-09-05 04:00:00,CRM.AGC.SV01,hydraulics_agc_servo,0.3569,0.1332,0.9693,0,,train
2025-09-05 05:00:00,CRM.AGC.SV01,hydraulics_agc_servo,0.3007,0.1774,1.2167,0,,train
2025-09-05 06:00:00,CRM.AGC.SV01,hydraulics_agc_servo,0.313,0.2175,0.8237,0,,train
2025-09-05 07:00:00,CRM.AGC.SV01,hydraulics_agc_servo,0.3124,0.2242,0.6763,0,,train
2025-09-05 08:00:00,CRM.AGC.SV01,hydraulics_agc_servo,0.3002,0.2191,1.0017,0,,train
2025-09-05 09:00:00,CRM.AGC.SV01,hydraulics_agc_servo,0.3519,0.2566,1.3617,0,,train
2025-09-05 10:00:00,CRM.AGC.SV01,hydraulics_agc_servo,0.4262,0.2717,1.0284,0,,train
2025-09-05 11:00:00,CRM.AGC.SV01,hydraulics_agc_servo,0.3977,0.2658,0.347,0,,train
2025-09-05 12:00:00,CRM.AGC.SV01,hydraulics_agc_servo,0.3499,0.2753,0.8667,0,,train
2025-09-05 13:00:00,CRM.AGC.SV01,hydraulics_agc_servo,0.3524,0.2036,0.5617,0,,train
2025-09-05 14:00:00,CRM.AGC.SV01,hydraulics_agc_servo,0.353,0.1776,0.9586,0,,train
2025-09-05 15:00:00,CRM.AGC.SV01,hydraulics_agc_servo,0.3571,0.211,1.0992,0,,train
2025-09-05 16:00:00,CRM.AGC.SV01,hydraulics_agc_servo,0.2963,0.2077,-0.6588,0,,train
2025-09-05 17:00:00,CRM.AGC.SV01,hydraulics_agc_servo,0.3046,0.2201,-0.1169,0,,train
2025-09-05 18:00:00,CRM.AGC.SV01,hydraulics_agc_servo,0.2742,0.1984,0.3732,0,,train
2025-09-05 19:00:00,CRM.AGC.SV01,hydraulics_agc_servo,0.2037,0.1633,0.2813,0,,train
2025-09-05 20:00:00,CRM.AGC.SV01,hydraulics_agc_servo,0.2698,0.1834,1.0369,0,,train
2025-09-05 21:00:00,CRM.AGC.SV01,hydraulics_agc_servo,0.2674,0.2174,1.7992,0,,train
2025-09-05 22:00:00,CRM.AGC.SV01,hydraulics_agc_servo,0.2837,0.2508,1.5689,0,,train
2025-09-05 23:00:00,CRM.AGC.SV01,hydraulics_agc_servo,0.347,0.1573,1.7569,0,,train
2025-09-06 00:00:00,CRM.AGC.SV01,hydraulics_agc_servo,0.2992,0.2075,2.4747,0,,train
2025-09-06 01:00:00,CRM.AGC.SV01,hydraulics_agc_servo,0.2882,0.1974,2.1254,0,,train
2025-09-06 02:00:00,CRM.AGC.SV01,hydraulics_agc_servo,0.3348,0.1549,2.7487,0,,train
2025-09-06 03:00:00,CRM.AGC.SV01,hydraulics_agc_servo,0.2966,0.094,2.0045,0,,train
2025-09-06 04:00:00,CRM.AGC.SV01,hydraulics_agc_servo,0.2924,0.1414,1.7212,0,,train
2025-09-06 05:00:00,CRM.AGC.SV01,hydraulics_agc_servo,0.3448,0.1852,1.5807,0,,train
2025-09-06 06:00:00,CRM.AGC.SV01,hydraulics_agc_servo,0.3668,0.1925,2.0021,0,,train
2025-09-06 07:00:00,CRM.AGC.SV01,hydraulics_agc_servo,0.3496,0.2488,2.1363,0,,train
2025-09-06 08:00:00,CRM.AGC.SV01,hydraulics_agc_servo,0.3204,0.2343,0.4704,0,,train
2025-09-06 09:00:00,CRM.AGC.SV01,hydraulics_agc_servo,0.3091,0.2108,0.8032,0,,train
2025-09-06 10:00:00,CRM.AGC.SV01,hydraulics_agc_servo,0.334,0.2284,0.2931,0,,train
2025-09-06 11:00:00,CRM.AGC.SV01,hydraulics_agc_servo,0.2553,0.2333,-0.3585,0,,train
2025-09-06 12:00:00,CRM.AGC.SV01,hydraulics_agc_servo,0.2605,0.2071,0.0772,0,,train
2025-09-06 13:00:00,CRM.AGC.SV01,hydraulics_agc_servo,0.2066,0.1736,0.5575,0,,train
2025-09-06 14:00:00,CRM.AGC.SV01,hydraulics_agc_servo,0.253,0.1872,0.4468,0,,train
2025-09-06 15:00:00,CRM.AGC.SV01,hydraulics_agc_servo,0.2465,0.2223,0.818,0,,train
2025-09-06 16:00:00,CRM.AGC.SV01,hydraulics_agc_servo,0.2658,0.1852,0.3829,0,,train
2025-09-06 17:00:00,CRM.AGC.SV01,hydraulics_agc_servo,0.2983,0.1706,0.1221,0,,train
2025-09-06 18:00:00,CRM.AGC.SV01,hydraulics_agc_servo,0.2795,0.1127,0.3471,0,,train
2025-09-06 19:00:00,CRM.AGC.SV01,hydraulics_agc_servo,0.3244,0.0978,0.3222,0,,train
2025-09-06 20:00:00,CRM.AGC.SV01,hydraulics_agc_servo,0.3228,0.0727,-0.164,0,,train
2025-09-06 21:00:00,CRM.AGC.SV01,hydraulics_agc_servo,0.2682,0.0713,0.0123,0,,train
2025-09-06 22:00:00,CRM.AGC.SV01,hydraulics_agc_servo,0.2846,0.0555,0.1951,0,,train
2025-09-06 23:00:00,CRM.AGC.SV01,hydraulics_agc_servo,0.2836,0.0629,0.3952,0,,train
2025-09-07 00:00:00,CRM.AGC.SV01,hydraulics_agc_servo,0.2567,0.1085,1.5768,0,,train
2025-09-07 01:00:00,CRM.AGC.SV01,hydraulics_agc_servo,0.2868,0.1588,1.1769,0,,train
2025-09-07 02:00:00,CRM.AGC.SV01,hydraulics_agc_servo,0.2356,0.1669,0.9308,0,,train
2025-09-07 03:00:00,CRM.AGC.SV01,hydraulics_agc_servo,0.2907,0.1544,1.1159,0,,train
2025-09-07 04:00:00,CRM.AGC.SV01,hydraulics_agc_servo,0.3554,0.2083,1.6599,0,,train
2025-09-07 05:00:00,CRM.AGC.SV01,hydraulics_agc_servo,0.286,0.2496,1.0329,0,,train
2025-09-07 06:00:00,CRM.AGC.SV01,hydraulics_agc_servo,0.3226,0.2096,-0.0148,0,,train
2025-09-07 07:00:00,CRM.AGC.SV01,hydraulics_agc_servo,0.3494,0.1814,-0.217,0,,train
2025-09-07 08:00:00,CRM.AGC.SV01,hydraulics_agc_servo,0.2647,0.2384,-0.6321,0,,train
2025-09-07 09:00:00,CRM.AGC.SV01,hydraulics_agc_servo,0.3157,0.2662,0.0349,0,,train
2025-09-07 10:00:00,CRM.AGC.SV01,hydraulics_agc_servo,0.3683,0.2276,0.5153,0,,train
2025-09-07 11:00:00,CRM.AGC.SV01,hydraulics_agc_servo,0.3223,0.2546,0.26,0,,train
2025-09-07 12:00:00,CRM.AGC.SV01,hydraulics_agc_servo,0.3074,0.2662,-0.3842,0,,train
2025-09-07 13:00:00,CRM.AGC.SV01,hydraulics_agc_servo,0.2781,0.2776,-0.2498,0,,train
2025-09-07 14:00:00,CRM.AGC.SV01,hydraulics_agc_servo,0.3466,0.2871,0.1496,0,,train
2025-09-07 15:00:00,CRM.AGC.SV01,hydraulics_agc_servo,0.307,0.2629,0.8025,0,,train
2025-09-07 16:00:00,CRM.AGC.SV01,hydraulics_agc_servo,0.2563,0.2872,0.9022,0,,train
2025-09-07 17:00:00,CRM.AGC.SV01,hydraulics_agc_servo,0.2035,0.2878,0.6839,0,,train
2025-09-07 18:00:00,CRM.AGC.SV01,hydraulics_agc_servo,0.2257,0.298,0.7714,0,,train
2025-09-07 19:00:00,CRM.AGC.SV01,hydraulics_agc_servo,0.2372,0.3622,0.7064,0,,train
2025-09-07 20:00:00,CRM.AGC.SV01,hydraulics_agc_servo,0.1872,0.2837,0.2977,0,,train
2025-09-07 21:00:00,CRM.AGC.SV01,hydraulics_agc_servo,0.2219,0.2906,-0.0749,0,,train
2025-09-07 22:00:00,CRM.AGC.SV01,hydraulics_agc_servo,0.2917,0.2279,-0.0048,0,,train
2025-09-07 23:00:00,CRM.AGC.SV01,hydraulics_agc_servo,0.3175,0.1924,-0.3505,0,,train
2025-09-08 00:00:00,CRM.AGC.SV01,hydraulics_agc_servo,0.2435,0.1765,0.3187,0,,train
2025-09-08 01:00:00,CRM.AGC.SV01,hydraulics_agc_servo,0.2307,0.2467,0.8765,0,,train
2025-09-08 02:00:00,CRM.AGC.SV01,hydraulics_agc_servo,0.2667,0.2426,1.1385,0,,train
2025-09-08 03:00:00,CRM.AGC.SV01,hydraulics_agc_servo,0.2666,0.2758,1.2785,0,,train
2025-09-08 04:00:00,CRM.AGC.SV01,hydraulics_agc_servo,0.2642,0.2679,0.8177,0,,train
2025-09-08 05:00:00,CRM.AGC.SV01,hydraulics_agc_servo,0.2741,0.2029,0.4086,0,,train
2025-09-08 06:00:00,CRM.AGC.SV01,hydraulics_agc_servo,0.2633,0.1989,0.7191,0,,train
2025-09-08 07:00:00,CRM.AGC.SV01,hydraulics_agc_servo,0.2875,0.1748,1.2614,0,,train
2025-09-08 08:00:00,CRM.AGC.SV01,hydraulics_agc_servo,0.3213,0.2553,1.0886,0,,train
2025-09-08 09:00:00,CRM.AGC.SV01,hydraulics_agc_servo,0.3652,0.2563,1.4373,0,,train
2025-09-08 10:00:00,CRM.AGC.SV01,hydraulics_agc_servo,0.4095,0.2768,0.9261,0,,train
2025-09-08 11:00:00,CRM.AGC.SV01,hydraulics_agc_servo,0.3888,0.2649,0.6055,0,,train
2025-09-08 12:00:00,CRM.AGC.SV01,hydraulics_agc_servo,0.399,0.2693,0.1837,0,,train
2025-09-08 13:00:00,CRM.AGC.SV01,hydraulics_agc_servo,0.37,0.2138,-0.4819,0,,train
2025-09-08 14:00:00,CRM.AGC.SV01,hydraulics_agc_servo,0.33,0.1898,-0.273,0,,train
2025-09-08 15:00:00,CRM.AGC.SV01,hydraulics_agc_servo,0.352,0.2141,-0.4861,0,,train
2025-09-08 16:00:00,CRM.AGC.SV01,hydraulics_agc_servo,0.3554,0.2194,-0.4268,0,,train
2025-09-08 17:00:00,CRM.AGC.SV01,hydraulics_agc_servo,0.4051,0.2444,-0.9206,0,,train
2025-09-08 18:00:00,CRM.AGC.SV01,hydraulics_agc_servo,0.3456,0.2227,-0.6171,0,,train
2025-09-08 19:00:00,CRM.AGC.SV01,hydraulics_agc_servo,0.339,0.2123,-0.2509,0,,train
2025-09-08 20:00:00,CRM.AGC.SV01,hydraulics_agc_servo,0.2984,0.2406,0.111,0,,train
2025-09-08 21:00:00,CRM.AGC.SV01,hydraulics_agc_servo,0.3202,0.2966,-0.4149,0,,train
2025-09-08 22:00:00,CRM.AGC.SV01,hydraulics_agc_servo,0.3127,0.3101,-0.3438,0,,train
2025-09-08 23:00:00,CRM.AGC.SV01,hydraulics_agc_servo,0.2656,0.3111,0.0964,0,,train
2025-09-09 00:00:00,CRM.AGC.SV01,hydraulics_agc_servo,0.2286,0.2947,-0.8005,0,,train
2025-09-09 01:00:00,CRM.AGC.SV01,hydraulics_agc_servo,0.2142,0.3588,-0.8606,0,,train
2025-09-09 02:00:00,CRM.AGC.SV01,hydraulics_agc_servo,0.1493,0.3293,0.1767,0,,train
2025-09-09 03:00:00,CRM.AGC.SV01,hydraulics_agc_servo,0.1649,0.3521,1.3808,0,,train
2025-09-09 04:00:00,CRM.AGC.SV01,hydraulics_agc_servo,0.1836,0.3674,0.5029,0,,train
2025-09-09 05:00:00,CRM.AGC.SV01,hydraulics_agc_servo,0.2176,0.3653,0.3291,0,,train
2025-09-09 06:00:00,CRM.AGC.SV01,hydraulics_agc_servo,0.2678,0.399,1.1585,0,,train
2025-09-09 07:00:00,CRM.AGC.SV01,hydraulics_agc_servo,0.2612,0.3416,0.2625,0,,train
2025-09-09 08:00:00,CRM.AGC.SV01,hydraulics_agc_servo,0.2471,0.2669,1.2313,0,,train
2025-09-09 09:00:00,CRM.AGC.SV01,hydraulics_agc_servo,0.2243,0.3064,1.057,0,,train
2025-09-09 10:00:00,CRM.AGC.SV01,hydraulics_agc_servo,0.195,0.3055,1.5163,0,,train
2025-09-09 11:00:00,CRM.AGC.SV01,hydraulics_agc_servo,0.1817,0.3315,0.4006,0,,train
2025-09-09 12:00:00,CRM.AGC.SV01,hydraulics_agc_servo,0.2147,0.3171,0.3443,0,,train
2025-09-09 13:00:00,CRM.AGC.SV01,hydraulics_agc_servo,0.2255,0.3352,0.4717,0,,train
2025-09-09 14:00:00,CRM.AGC.SV01,hydraulics_agc_servo,0.2471,0.2657,-0.0865,0,,train
2025-09-09 15:00:00,CRM.AGC.SV01,hydraulics_agc_servo,0.1837,0.3337,-0.2498,0,,train
2025-09-09 16:00:00,CRM.AGC.SV01,hydraulics_agc_servo,0.1896,0.3068,-0.4607,0,,train
2025-09-09 17:00:00,CRM.AGC.SV01,hydraulics_agc_servo,0.2096,0.277,-0.2013,0,,train
2025-09-09 18:00:00,CRM.AGC.SV01,hydraulics_agc_servo,0.2296,0.2584,0.0627,0,,train
2025-09-09 19:00:00,CRM.AGC.SV01,hydraulics_agc_servo,0.198,0.282,-0.5055,0,,train
2025-09-09 20:00:00,CRM.AGC.SV01,hydraulics_agc_servo,0.2086,0.2595,-1.5938,0,,train
2025-09-09 21:00:00,CRM.AGC.SV01,hydraulics_agc_servo,0.2222,0.3439,-1.5202,0,,train
2025-09-09 22:00:00,CRM.AGC.SV01,hydraulics_agc_servo,0.1951,0.3536,-1.4551,0,,train
2025-09-09 23:00:00,CRM.AGC.SV01,hydraulics_agc_servo,0.2021,0.2796,-1.7347,0,,train
2025-09-10 00:00:00,CRM.AGC.SV01,hydraulics_agc_servo,0.1634,0.2954,-1.557,0,,train
2025-09-10 01:00:00,CRM.AGC.SV01,hydraulics_agc_servo,0.1551,0.2605,-2.1006,0,,train
2025-09-10 02:00:00,CRM.AGC.SV01,hydraulics_agc_servo,0.1854,0.2929,-0.8933,0,,train
2025-09-10 03:00:00,CRM.AGC.SV01,hydraulics_agc_servo,0.1928,0.3146,-0.2309,0,,train
2025-09-10 04:00:00,CRM.AGC.SV01,hydraulics_agc_servo,0.1715,0.3339,-0.7762,0,,train
2025-09-10 05:00:00,CRM.AGC.SV01,hydraulics_agc_servo,0.1722,0.3119,-0.2501,0,,train
2025-09-10 06:00:00,CRM.AGC.SV01,hydraulics_agc_servo,0.1997,0.3432,0.0629,0,,train
2025-09-10 07:00:00,CRM.AGC.SV01,hydraulics_agc_servo,0.1726,0.4048,0.1913,0,,train
2025-09-10 08:00:00,CRM.AGC.SV01,hydraulics_agc_servo,0.2073,0.3924,0.4926,0,,train
2025-09-10 09:00:00,CRM.AGC.SV01,hydraulics_agc_servo,0.175,0.3415,0.8207,0,,train
2025-09-10 10:00:00,CRM.AGC.SV01,hydraulics_agc_servo,0.1385,0.2831,1.2149,0,,train
2025-09-10 11:00:00,CRM.AGC.SV01,hydraulics_agc_servo,0.0972,0.2819,1.1808,0,,train
2025-09-10 12:00:00,CRM.AGC.SV01,hydraulics_agc_servo,0.0508,0.2706,2.3217,0,,train
2025-09-10 13:00:00,CRM.AGC.SV01,hydraulics_agc_servo,0.0912,0.2805,1.6136,0,,train
2025-09-10 14:00:00,CRM.AGC.SV01,hydraulics_agc_servo,0.1728,0.2819,1.7994,0,,train
2025-09-10 15:00:00,CRM.AGC.SV01,hydraulics_agc_servo,0.1952,0.1874,2.0799,0,,train
2025-09-10 16:00:00,CRM.AGC.SV01,hydraulics_agc_servo,0.2028,0.2031,2.2239,0,,train
2025-09-10 17:00:00,CRM.AGC.SV01,hydraulics_agc_servo,0.1792,0.2406,2.59,0,,train
2025-09-10 18:00:00,CRM.AGC.SV01,hydraulics_agc_servo,0.227,0.2067,2.1314,0,,train
2025-09-10 19:00:00,CRM.AGC.SV01,hydraulics_agc_servo,0.1916,0.1832,2.3106,0,,train
2025-09-10 20:00:00,CRM.AGC.SV01,hydraulics_agc_servo,0.1963,0.2038,2.1503,0,,train
2025-09-10 21:00:00,CRM.AGC.SV01,hydraulics_agc_servo,0.2302,0.1309,1.3289,0,,train
2025-09-10 22:00:00,CRM.AGC.SV01,hydraulics_agc_servo,0.1405,0.1146,1.2527,0,,train
2025-09-10 23:00:00,CRM.AGC.SV01,hydraulics_agc_servo,0.1463,0.1589,2.3977,0,,train
2025-09-11 00:00:00,CRM.AGC.SV01,hydraulics_agc_servo,0.1476,0.1607,1.6106,0,,train
2025-09-11 01:00:00,CRM.AGC.SV01,hydraulics_agc_servo,0.1543,0.1888,1.0616,0,,train
2025-09-11 02:00:00,CRM.AGC.SV01,hydraulics_agc_servo,0.1433,0.1889,1.144,0,,train
2025-09-11 03:00:00,CRM.AGC.SV01,hydraulics_agc_servo,0.1825,0.1968,1.2082,0,,train
2025-09-11 04:00:00,CRM.AGC.SV01,hydraulics_agc_servo,0.2502,0.2176,1.3882,0,,train
2025-09-11 05:00:00,CRM.AGC.SV01,hydraulics_agc_servo,0.2518,0.2762,2.0157,0,,train
2025-09-11 06:00:00,CRM.AGC.SV01,hydraulics_agc_servo,0.2182,0.2634,2.0617,0,,train
2025-09-11 07:00:00,CRM.AGC.SV01,hydraulics_agc_servo,0.2376,0.2637,1.8681,0,,train
2025-09-11 08:00:00,CRM.AGC.SV01,hydraulics_agc_servo,0.2372,0.2874,2.2852,0,,train
2025-09-11 09:00:00,CRM.AGC.SV01,hydraulics_agc_servo,0.2165,0.2881,1.4815,0,,train
2025-09-11 10:00:00,CRM.AGC.SV01,hydraulics_agc_servo,0.2464,0.2664,1.2887,0,,train
2025-09-11 11:00:00,CRM.AGC.SV01,hydraulics_agc_servo,0.2364,0.2423,0.5746,0,,train
2025-09-11 12:00:00,CRM.AGC.SV01,hydraulics_agc_servo,0.2454,0.2158,1.0234,0,,train
2025-09-11 13:00:00,CRM.AGC.SV01,hydraulics_agc_servo,0.2568,0.2899,1.6724,0,,train
2025-09-11 14:00:00,CRM.AGC.SV01,hydraulics_agc_servo,0.299,0.2752,1.1786,0,,train
2025-09-11 15:00:00,CRM.AGC.SV01,hydraulics_agc_servo,0.2952,0.278,1.6526,0,,train
2025-09-11 16:00:00,CRM.AGC.SV01,hydraulics_agc_servo,0.2866,0.2598,1.7693,0,,train
2025-09-11 17:00:00,CRM.AGC.SV01,hydraulics_agc_servo,0.3206,0.2505,2.4324,0,,train
2025-09-11 18:00:00,CRM.AGC.SV01,hydraulics_agc_servo,0.3702,0.2455,2.3904,0,,train
2025-09-11 19:00:00,CRM.AGC.SV01,hydraulics_agc_servo,0.3343,0.226,3.1579,0,,train
2025-09-11 20:00:00,CRM.AGC.SV01,hydraulics_agc_servo,0.3566,0.1764,3.1831,0,,train
2025-09-11 21:00:00,CRM.AGC.SV01,hydraulics_agc_servo,0.3651,0.1782,2.3211,0,,train
2025-09-11 22:00:00,CRM.AGC.SV01,hydraulics_agc_servo,0.3504,0.2255,1.4877,0,,train
2025-09-11 23:00:00,CRM.AGC.SV01,hydraulics_agc_servo,0.3159,0.2552,0.6139,0,,train
2025-09-12 00:00:00,CRM.AGC.SV01,hydraulics_agc_servo,0.3605,0.2462,0.5483,0,,train
2025-09-12 01:00:00,CRM.AGC.SV01,hydraulics_agc_servo,0.3167,0.3211,0.5633,0,,train
2025-09-12 02:00:00,CRM.AGC.SV01,hydraulics_agc_servo,0.3449,0.241,0.9082,0,,train
2025-09-12 03:00:00,CRM.AGC.SV01,hydraulics_agc_servo,0.3149,0.2111,0.4192,0,,train
2025-09-12 04:00:00,CRM.AGC.SV01,hydraulics_agc_servo,0.2712,0.1763,0.3289,0,,train
2025-09-12 05:00:00,CRM.AGC.SV01,hydraulics_agc_servo,0.2015,0.1624,-0.5955,0,,train
2025-09-12 06:00:00,CRM.AGC.SV01,hydraulics_agc_servo,0.264,0.1905,-0.815,0,,train
2025-09-12 07:00:00,CRM.AGC.SV01,hydraulics_agc_servo,0.2914,0.213,-0.8291,0,,train
2025-09-12 08:00:00,CRM.AGC.SV01,hydraulics_agc_servo,0.2999,0.2031,-0.3077,0,,train
2025-09-12 09:00:00,CRM.AGC.SV01,hydraulics_agc_servo,0.2613,0.2226,-0.956,0,,train
2025-09-12 10:00:00,CRM.AGC.SV01,hydraulics_agc_servo,0.2388,0.266,0.0107,0,,train
2025-09-12 11:00:00,CRM.AGC.SV01,hydraulics_agc_servo,0.253,0.2547,0.1172,0,,train
2025-09-12 12:00:00,CRM.AGC.SV01,hydraulics_agc_servo,0.265,0.2201,0.8272,0,,train
2025-09-12 13:00:00,CRM.AGC.SV01,hydraulics_agc_servo,0.23,0.2305,0.4024,0,,train
2025-09-12 14:00:00,CRM.AGC.SV01,hydraulics_agc_servo,0.2016,0.2241,0.1335,0,,train
2025-09-12 15:00:00,CRM.AGC.SV01,hydraulics_agc_servo,0.179,0.1777,0.1898,0,,train
2025-09-12 16:00:00,CRM.AGC.SV01,hydraulics_agc_servo,0.1565,0.2191,-0.284,0,,train
2025-09-12 17:00:00,CRM.AGC.SV01,hydraulics_agc_servo,0.218,0.2403,-0.4597,0,,train
2025-09-12 18:00:00,CRM.AGC.SV01,hydraulics_agc_servo,0.2512,0.2145,-1.4458,0,,train
2025-09-12 19:00:00,CRM.AGC.SV01,hydraulics_agc_servo,0.2441,0.1697,-1.1632,0,,train
2025-09-12 20:00:00,CRM.AGC.SV01,hydraulics_agc_servo,0.2568,0.1869,-0.4302,0,,val
2025-09-12 21:00:00,CRM.AGC.SV01,hydraulics_agc_servo,0.2188,0.1589,-0.4022,0,,val
2025-09-12 22:00:00,CRM.AGC.SV01,hydraulics_agc_servo,0.2375,0.14,0.0106,0,,val
2025-09-12 23:00:00,CRM.AGC.SV01,hydraulics_agc_servo,0.2164,0.1744,-0.462,0,,val
2025-09-13 00:00:00,CRM.AGC.SV01,hydraulics_agc_servo,0.2081,0.1649,-0.4895,0,,val
2025-09-13 01:00:00,CRM.AGC.SV01,hydraulics_agc_servo,0.2195,0.1365,0.3368,0,,val
2025-09-13 02:00:00,CRM.AGC.SV01,hydraulics_agc_servo,0.2315,0.0746,0.5841,0,,val
2025-09-13 03:00:00,CRM.AGC.SV01,hydraulics_agc_servo,0.2143,0.0522,0.7166,0,,val
2025-09-13 04:00:00,CRM.AGC.SV01,hydraulics_agc_servo,0.228,0.0792,0.3771,0,,val
2025-09-13 05:00:00,CRM.AGC.SV01,hydraulics_agc_servo,0.2198,0.0533,-0.0994,0,,val
2025-09-13 06:00:00,CRM.AGC.SV01,hydraulics_agc_servo,0.2322,0.0566,0.9389,0,,val
2025-09-13 07:00:00,CRM.AGC.SV01,hydraulics_agc_servo,0.2307,0.0519,0.7353,0,,val
2025-09-13 08:00:00,CRM.AGC.SV01,hydraulics_agc_servo,0.2382,0.0846,0.0026,0,,val
2025-09-13 09:00:00,CRM.AGC.SV01,hydraulics_agc_servo,0.2327,0.1591,0.0937,0,,val
2025-09-13 10:00:00,CRM.AGC.SV01,hydraulics_agc_servo,0.2185,0.1951,0.8686,0,,val
2025-09-13 11:00:00,CRM.AGC.SV01,hydraulics_agc_servo,0.2614,0.2283,1.2635,0,,val
2025-09-13 12:00:00,CRM.AGC.SV01,hydraulics_agc_servo,0.2589,0.1872,1.1853,0,,val
2025-09-13 13:00:00,CRM.AGC.SV01,hydraulics_agc_servo,0.2592,0.2332,0.7025,0,,val
2025-09-13 14:00:00,CRM.AGC.SV01,hydraulics_agc_servo,0.2658,0.3053,-0.9589,0,,val
2025-09-13 15:00:00,CRM.AGC.SV01,hydraulics_agc_servo,0.2739,0.2404,-1.0735,0,,val
2025-09-13 16:00:00,CRM.AGC.SV01,hydraulics_agc_servo,0.2939,0.247,-0.9136,0,,val
2025-09-13 17:00:00,CRM.AGC.SV01,hydraulics_agc_servo,0.2888,0.2618,-0.5911,0,,val
2025-09-13 18:00:00,CRM.AGC.SV01,hydraulics_agc_servo,0.3067,0.2991,-0.7871,0,,val
2025-09-13 19:00:00,CRM.AGC.SV01,hydraulics_agc_servo,0.3291,0.2204,-0.9949,0,,val
2025-09-13 20:00:00,CRM.AGC.SV01,hydraulics_agc_servo,0.3061,0.2545,-0.9451,0,,val
2025-09-13 21:00:00,CRM.AGC.SV01,hydraulics_agc_servo,0.2922,0.2199,-0.5176,0,,val
2025-09-13 22:00:00,CRM.AGC.SV01,hydraulics_agc_servo,0.2947,0.2064,-0.5485,0,,val
2025-09-13 23:00:00,CRM.AGC.SV01,hydraulics_agc_servo,0.3188,0.1409,-1.0,0,,val
2025-09-14 00:00:00,CRM.AGC.SV01,hydraulics_agc_servo,0.2301,0.1579,-1.3771,0,,val
2025-09-14 01:00:00,CRM.AGC.SV01,hydraulics_agc_servo,0.2573,0.1237,-0.6128,0,,val
2025-09-14 02:00:00,CRM.AGC.SV01,hydraulics_agc_servo,0.29,0.1123,-0.1552,0,,val
2025-09-14 03:00:00,CRM.AGC.SV01,hydraulics_agc_servo,0.3485,0.1069,0.0608,0,,val
2025-09-14 04:00:00,CRM.AGC.SV01,hydraulics_agc_servo,0.337,0.0469,-0.181,0,,val
2025-09-14 05:00:00,CRM.AGC.SV01,hydraulics_agc_servo,0.3601,0.06,-0.3341,0,,val
2025-09-14 06:00:00,CRM.AGC.SV01,hydraulics_agc_servo,0.3704,0.1016,0.9749,0,,val
2025-09-14 07:00:00,CRM.AGC.SV01,hydraulics_agc_servo,0.3346,0.1744,0.3803,0,,val
2025-09-14 08:00:00,CRM.AGC.SV01,hydraulics_agc_servo,0.3466,0.1632,-0.3115,0,,val
2025-09-14 09:00:00,CRM.AGC.SV01,hydraulics_agc_servo,0.3589,0.204,-0.4684,0,,val
2025-09-14 10:00:00,CRM.AGC.SV01,hydraulics_agc_servo,0.3165,0.2486,-0.5443,0,,val
2025-09-14 11:00:00,CRM.AGC.SV01,hydraulics_agc_servo,0.3588,0.2339,-0.643,0,,val
2025-09-14 12:00:00,CRM.AGC.SV01,hydraulics_agc_servo,0.3612,0.2256,-0.7995,0,,val
2025-09-14 13:00:00,CRM.AGC.SV01,hydraulics_agc_servo,0.3297,0.2249,-1.3396,0,,val
2025-09-14 14:00:00,CRM.AGC.SV01,hydraulics_agc_servo,0.3022,0.1439,-1.1659,0,,val
2025-09-14 15:00:00,CRM.AGC.SV01,hydraulics_agc_servo,0.2803,0.1698,-0.8191,0,,val
2025-09-14 16:00:00,CRM.AGC.SV01,hydraulics_agc_servo,0.2653,0.1842,-0.0832,0,,val
2025-09-14 17:00:00,CRM.AGC.SV01,hydraulics_agc_servo,0.2766,0.2395,0.5091,0,,val
2025-09-14 18:00:00,CRM.AGC.SV01,hydraulics_agc_servo,0.2924,0.2797,0.0687,0,,val
2025-09-14 19:00:00,CRM.AGC.SV01,hydraulics_agc_servo,0.3015,0.2979,0.2648,0,,val
2025-09-14 20:00:00,CRM.AGC.SV01,hydraulics_agc_servo,0.2573,0.2927,0.3543,0,,val
2025-09-14 21:00:00,CRM.AGC.SV01,hydraulics_agc_servo,0.2438,0.3375,0.4729,0,,val
2025-09-14 22:00:00,CRM.AGC.SV01,hydraulics_agc_servo,0.1949,0.3223,1.5026,0,,val
2025-09-14 23:00:00,CRM.AGC.SV01,hydraulics_agc_servo,0.1158,0.3528,1.1336,0,,val
2025-09-15 00:00:00,CRM.AGC.SV01,hydraulics_agc_servo,0.0989,0.3279,0.3419,0,,val
2025-09-15 01:00:00,CRM.AGC.SV01,hydraulics_agc_servo,0.0709,0.316,-0.9235,0,,val
2025-09-15 02:00:00,CRM.AGC.SV01,hydraulics_agc_servo,0.0837,0.3175,-1.9878,0,,val
2025-09-15 03:00:00,CRM.AGC.SV01,hydraulics_agc_servo,0.0446,0.274,-1.0427,0,,val
2025-09-15 04:00:00,CRM.AGC.SV01,hydraulics_agc_servo,0.054,0.2505,-0.6993,0,,val
2025-09-15 05:00:00,CRM.AGC.SV01,hydraulics_agc_servo,0.0185,0.3063,-0.3131,0,,val
2025-09-15 06:00:00,CRM.AGC.SV01,hydraulics_agc_servo,0.03,0.2981,-0.2726,0,,val
2025-09-15 07:00:00,CRM.AGC.SV01,hydraulics_agc_servo,0.0247,0.3096,-1.0928,0,,val
2025-09-15 08:00:00,CRM.AGC.SV01,hydraulics_agc_servo,0.0321,0.2917,-0.8659,0,,val
2025-09-15 09:00:00,CRM.AGC.SV01,hydraulics_agc_servo,0.1001,0.2368,-0.866,0,,val
2025-09-15 10:00:00,CRM.AGC.SV01,hydraulics_agc_servo,0.1062,0.2281,-1.693,0,,val
2025-09-15 11:00:00,CRM.AGC.SV01,hydraulics_agc_servo,0.077,0.2594,-2.2551,0,,val
2025-09-15 12:00:00,CRM.AGC.SV01,hydraulics_agc_servo,0.0896,0.2455,-2.172,0,,val
2025-09-15 13:00:00,CRM.AGC.SV01,hydraulics_agc_servo,0.123,0.2302,-1.6342,0,,val
2025-09-15 14:00:00,CRM.AGC.SV01,hydraulics_agc_servo,0.1668,0.2275,-1.4457,0,,val
2025-09-15 15:00:00,CRM.AGC.SV01,hydraulics_agc_servo,0.1597,0.1665,-1.5829,0,,val
2025-09-15 16:00:00,CRM.AGC.SV01,hydraulics_agc_servo,0.1664,0.2282,-1.2625,0,,val
2025-09-15 17:00:00,CRM.AGC.SV01,hydraulics_agc_servo,0.202,0.2236,-1.2241,0,,val
2025-09-15 18:00:00,CRM.AGC.SV01,hydraulics_agc_servo,0.1306,0.2068,-0.8538,0,,val
2025-09-15 19:00:00,CRM.AGC.SV01,hydraulics_agc_servo,0.1506,0.2043,-1.0173,0,,val
2025-09-15 20:00:00,CRM.AGC.SV01,hydraulics_agc_servo,0.1037,0.2581,-0.2591,0,,val
2025-09-15 21:00:00,CRM.AGC.SV01,hydraulics_agc_servo,0.0958,0.241,-0.7655,0,,val
2025-09-15 22:00:00,CRM.AGC.SV01,hydraulics_agc_servo,0.075,0.2048,-0.9698,0,,val
2025-09-15 23:00:00,CRM.AGC.SV01,hydraulics_agc_servo,0.0875,0.1833,-0.5137,0,,val
2025-09-16 00:00:00,CRM.AGC.SV01,hydraulics_agc_servo,0.1054,0.2287,0.3222,0,,val
2025-09-16 01:00:00,CRM.AGC.SV01,hydraulics_agc_servo,0.0814,0.2411,0.9171,0,,val
2025-09-16 02:00:00,CRM.AGC.SV01,hydraulics_agc_servo,0.1175,0.3016,0.5298,0,,val
2025-09-16 03:00:00,CRM.AGC.SV01,hydraulics_agc_servo,0.1026,0.2499,0.5266,0,,val
2025-09-16 04:00:00,CRM.AGC.SV01,hydraulics_agc_servo,0.0716,0.2399,-0.0309,0,,val
2025-09-16 05:00:00,CRM.AGC.SV01,hydraulics_agc_servo,0.09,0.2541,-1.3421,0,,val
2025-09-16 06:00:00,CRM.AGC.SV01,hydraulics_agc_servo,0.0999,0.2465,-0.5965,0,,val
2025-09-16 07:00:00,CRM.AGC.SV01,hydraulics_agc_servo,0.0979,0.2557,-0.3568,0,,val
2025-09-16 08:00:00,CRM.AGC.SV01,hydraulics_agc_servo,0.1329,0.217,-0.5183,0,,val
2025-09-16 09:00:00,CRM.AGC.SV01,hydraulics_agc_servo,0.064,0.1364,-0.804,0,,val
2025-09-16 10:00:00,CRM.AGC.SV01,hydraulics_agc_servo,0.0587,0.1109,-0.7466,0,,val
2025-09-16 11:00:00,CRM.AGC.SV01,hydraulics_agc_servo,0.0605,0.1105,-1.365,0,,val
2025-09-16 12:00:00,CRM.AGC.SV01,hydraulics_agc_servo,0.0651,0.1436,-0.9562,0,,val
2025-09-16 13:00:00,CRM.AGC.SV01,hydraulics_agc_servo,0.0693,0.207,-0.7459,0,,val
2025-09-16 14:00:00,CRM.AGC.SV01,hydraulics_agc_servo,0.0948,0.1664,-1.4969,0,,val
2025-09-16 15:00:00,CRM.AGC.SV01,hydraulics_agc_servo,0.0966,0.1685,-2.0494,0,,val
2025-09-16 16:00:00,CRM.AGC.SV01,hydraulics_agc_servo,0.1609,0.2124,-1.9809,0,,val
2025-09-16 17:00:00,CRM.AGC.SV01,hydraulics_agc_servo,0.1364,0.2081,-2.1755,0,,val
2025-09-16 18:00:00,CRM.AGC.SV01,hydraulics_agc_servo,0.104,0.2115,-1.9499,0,,val
2025-09-16 19:00:00,CRM.AGC.SV01,hydraulics_agc_servo,0.0951,0.3023,-1.2242,0,,val
2025-09-16 20:00:00,CRM.AGC.SV01,hydraulics_agc_servo,0.0611,0.3206,-0.9015,0,,val
2025-09-16 21:00:00,CRM.AGC.SV01,hydraulics_agc_servo,0.0916,0.3182,-1.2672,0,,val
2025-09-16 22:00:00,CRM.AGC.SV01,hydraulics_agc_servo,0.0219,0.3543,-0.0015,0,CRM.AGC.SV01::E05,train
2025-09-16 23:00:00,CRM.AGC.SV01,hydraulics_agc_servo,0.0338,0.3216,-0.1064,0,CRM.AGC.SV01::E05,train
2025-09-17 00:00:00,CRM.AGC.SV01,hydraulics_agc_servo,0.0269,0.3208,-0.4551,0,CRM.AGC.SV01::E05,train
2025-09-17 01:00:00,CRM.AGC.SV01,hydraulics_agc_servo,0.0395,0.2932,-0.9643,0,CRM.AGC.SV01::E05,train
2025-09-17 02:00:00,CRM.AGC.SV01,hydraulics_agc_servo,0.0265,0.2891,-1.0093,0,CRM.AGC.SV01::E05,train
2025-09-17 03:00:00,CRM.AGC.SV01,hydraulics_agc_servo,0.0844,0.2805,-1.214,0,CRM.AGC.SV01::E05,train
2025-09-17 04:00:00,CRM.AGC.SV01,hydraulics_agc_servo,0.1062,0.2721,-0.2481,0,CRM.AGC.SV01::E05,train
2025-09-17 05:00:00,CRM.AGC.SV01,hydraulics_agc_servo,0.155,0.2834,-0.5542,0,CRM.AGC.SV01::E05,train
2025-09-17 06:00:00,CRM.AGC.SV01,hydraulics_agc_servo,0.1996,0.2466,-0.4477,0,CRM.AGC.SV01::E05,train
2025-09-17 07:00:00,CRM.AGC.SV01,hydraulics_agc_servo,0.2365,0.2352,0.1569,0,CRM.AGC.SV01::E05,train
2025-09-17 08:00:00,CRM.AGC.SV01,hydraulics_agc_servo,0.2617,0.2652,0.4687,0,CRM.AGC.SV01::E05,train
2025-09-17 09:00:00,CRM.AGC.SV01,hydraulics_agc_servo,0.218,0.2468,0.4578,0,CRM.AGC.SV01::E05,train
2025-09-17 10:00:00,CRM.AGC.SV01,hydraulics_agc_servo,0.2339,0.2048,0.2449,0,CRM.AGC.SV01::E05,train
2025-09-17 11:00:00,CRM.AGC.SV01,hydraulics_agc_servo,0.2393,0.2196,0.4143,0,CRM.AGC.SV01::E05,train
2025-09-17 12:00:00,CRM.AGC.SV01,hydraulics_agc_servo,0.2449,0.2264,1.1733,0,CRM.AGC.SV01::E05,train
2025-09-17 13:00:00,CRM.AGC.SV01,hydraulics_agc_servo,0.2441,0.2511,1.6349,0,CRM.AGC.SV01::E05,train
2025-09-17 14:00:00,CRM.AGC.SV01,hydraulics_agc_servo,0.237,0.2903,1.5793,0,CRM.AGC.SV01::E05,train
2025-09-17 15:00:00,CRM.AGC.SV01,hydraulics_agc_servo,0.1629,0.2449,1.8307,0,CRM.AGC.SV01::E05,train
2025-09-17 16:00:00,CRM.AGC.SV01,hydraulics_agc_servo,0.145,0.2875,1.6581,0,CRM.AGC.SV01::E05,train
2025-09-17 17:00:00,CRM.AGC.SV01,hydraulics_agc_servo,0.204,0.2924,1.6244,0,CRM.AGC.SV01::E05,train
2025-09-17 18:00:00,CRM.AGC.SV01,hydraulics_agc_servo,0.2276,0.2439,1.4157,0,CRM.AGC.SV01::E05,train
2025-09-17 19:00:00,CRM.AGC.SV01,hydraulics_agc_servo,0.2451,0.278,1.0994,0,CRM.AGC.SV01::E05,train
2025-09-17 20:00:00,CRM.AGC.SV01,hydraulics_agc_servo,0.2192,0.2677,0.4197,0,CRM.AGC.SV01::E05,train
2025-09-17 21:00:00,CRM.AGC.SV01,hydraulics_agc_servo,0.2194,0.2755,0.2565,0,CRM.AGC.SV01::E05,train
2025-09-17 22:00:00,CRM.AGC.SV01,hydraulics_agc_servo,0.1986,0.2469,0.4447,0,CRM.AGC.SV01::E05,train
2025-09-17 23:00:00,CRM.AGC.SV01,hydraulics_agc_servo,0.1719,0.1731,0.9617,0,CRM.AGC.SV01::E05,train
2025-09-18 00:00:00,CRM.AGC.SV01,hydraulics_agc_servo,0.1758,0.1389,1.6978,0,CRM.AGC.SV01::E05,train
2025-09-18 01:00:00,CRM.AGC.SV01,hydraulics_agc_servo,0.2056,0.168,1.644,0,CRM.AGC.SV01::E05,train
2025-09-18 02:00:00,CRM.AGC.SV01,hydraulics_agc_servo,0.1994,0.1053,2.1739,0,CRM.AGC.SV01::E05,train
2025-09-18 03:00:00,CRM.AGC.SV01,hydraulics_agc_servo,0.2372,0.1415,1.9763,0,CRM.AGC.SV01::E05,train
2025-09-18 04:00:00,CRM.AGC.SV01,hydraulics_agc_servo,0.2473,0.2065,1.6063,0,CRM.AGC.SV01::E05,train
2025-09-18 05:00:00,CRM.AGC.SV01,hydraulics_agc_servo,0.2118,0.1605,1.872,0,CRM.AGC.SV01::E05,train
2025-09-18 06:00:00,CRM.AGC.SV01,hydraulics_agc_servo,0.2146,0.175,1.9283,0,CRM.AGC.SV01::E05,train
2025-09-18 07:00:00,CRM.AGC.SV01,hydraulics_agc_servo,0.2512,0.218,1.405,0,CRM.AGC.SV01::E05,train
2025-09-18 08:00:00,CRM.AGC.SV01,hydraulics_agc_servo,0.2297,0.2406,0.8188,0,CRM.AGC.SV01::E05,train
2025-09-18 09:00:00,CRM.AGC.SV01,hydraulics_agc_servo,0.1691,0.2504,1.3723,0,CRM.AGC.SV01::E05,train
2025-09-18 10:00:00,CRM.AGC.SV01,hydraulics_agc_servo,0.1725,0.2428,1.0674,0,CRM.AGC.SV01::E05,train
2025-09-18 11:00:00,CRM.AGC.SV01,hydraulics_agc_servo,0.2027,0.2612,0.8663,0,CRM.AGC.SV01::E05,train
2025-09-18 12:00:00,CRM.AGC.SV01,hydraulics_agc_servo,0.1958,0.2439,1.2924,0,CRM.AGC.SV01::E05,train
2025-09-18 13:00:00,CRM.AGC.SV01,hydraulics_agc_servo,0.21,0.2631,2.0381,0,CRM.AGC.SV01::E05,train
2025-09-18 14:00:00,CRM.AGC.SV01,hydraulics_agc_servo,0.2525,0.2886,1.9814,0,CRM.AGC.SV01::E05,train
2025-09-18 15:00:00,CRM.AGC.SV01,hydraulics_agc_servo,0.2762,0.2376,1.8789,0,CRM.AGC.SV01::E05,train
2025-09-18 16:00:00,CRM.AGC.SV01,hydraulics_agc_servo,0.2792,0.2406,2.3056,0,CRM.AGC.SV01::E05,train
2025-09-18 17:00:00,CRM.AGC.SV01,hydraulics_agc_servo,0.2847,0.2339,1.8782,0,CRM.AGC.SV01::E05,train
2025-09-18 18:00:00,CRM.AGC.SV01,hydraulics_agc_servo,0.2613,0.2154,1.9961,0,CRM.AGC.SV01::E05,train
2025-09-18 19:00:00,CRM.AGC.SV01,hydraulics_agc_servo,0.1902,0.2367,1.1846,0,CRM.AGC.SV01::E05,train
2025-09-18 20:00:00,CRM.AGC.SV01,hydraulics_agc_servo,0.2004,0.2398,0.2323,0,CRM.AGC.SV01::E05,train
2025-09-18 21:00:00,CRM.AGC.SV01,hydraulics_agc_servo,0.1951,0.2512,0.7775,0,CRM.AGC.SV01::E05,train
2025-09-18 22:00:00,CRM.AGC.SV01,hydraulics_agc_servo,0.211,0.2611,2.3625,0,CRM.AGC.SV01::E05,train
2025-09-18 23:00:00,CRM.AGC.SV01,hydraulics_agc_servo,0.2949,0.2696,2.4017,0,CRM.AGC.SV01::E05,train
2025-09-19 00:00:00,CRM.AGC.SV01,hydraulics_agc_servo,0.2966,0.2643,2.6649,0,CRM.AGC.SV01::E05,train
2025-09-19 01:00:00,CRM.AGC.SV01,hydraulics_agc_servo,0.278,0.2749,2.8794,0,CRM.AGC.SV01::E05,train
2025-09-19 02:00:00,CRM.AGC.SV01,hydraulics_agc_servo,0.3401,0.3274,3.63,0,CRM.AGC.SV01::E05,train
2025-09-19 03:00:00,CRM.AGC.SV01,hydraulics_agc_servo,0.2951,0.3584,2.8761,0,CRM.AGC.SV01::E05,train
2025-09-19 04:00:00,CRM.AGC.SV01,hydraulics_agc_servo,0.3004,0.3596,2.9216,0,CRM.AGC.SV01::E05,train
2025-09-19 05:00:00,CRM.AGC.SV01,hydraulics_agc_servo,0.2824,0.3287,3.5352,0,CRM.AGC.SV01::E05,train
2025-09-19 06:00:00,CRM.AGC.SV01,hydraulics_agc_servo,0.2937,0.2887,3.2967,0,CRM.AGC.SV01::E05,train
2025-09-19 07:00:00,CRM.AGC.SV01,hydraulics_agc_servo,0.2187,0.2833,2.9456,0,CRM.AGC.SV01::E05,train
2025-09-19 08:00:00,CRM.AGC.SV01,hydraulics_agc_servo,0.196,0.2696,3.5007,0,CRM.AGC.SV01::E05,train
2025-09-19 09:00:00,CRM.AGC.SV01,hydraulics_agc_servo,0.2384,0.2859,3.2831,0,CRM.AGC.SV01::E05,train
2025-09-19 10:00:00,CRM.AGC.SV01,hydraulics_agc_servo,0.2854,0.2847,3.7267,0,CRM.AGC.SV01::E05,train
2025-09-19 11:00:00,CRM.AGC.SV01,hydraulics_agc_servo,0.2232,0.2809,3.4994,0,CRM.AGC.SV01::E05,train
2025-09-19 12:00:00,CRM.AGC.SV01,hydraulics_agc_servo,0.2909,0.2219,3.2755,0,CRM.AGC.SV01::E05,train
2025-09-19 13:00:00,CRM.AGC.SV01,hydraulics_agc_servo,0.3183,0.2015,3.0542,0,CRM.AGC.SV01::E05,train
2025-09-19 14:00:00,CRM.AGC.SV01,hydraulics_agc_servo,0.349,0.17,3.1435,0,CRM.AGC.SV01::E05,train
2025-09-19 15:00:00,CRM.AGC.SV01,hydraulics_agc_servo,0.3637,0.1636,3.4566,0,CRM.AGC.SV01::E05,train
2025-09-19 16:00:00,CRM.AGC.SV01,hydraulics_agc_servo,0.3478,0.1662,3.1195,0,CRM.AGC.SV01::E05,train
2025-09-19 17:00:00,CRM.AGC.SV01,hydraulics_agc_servo,0.3777,0.2309,2.1893,0,CRM.AGC.SV01::E05,train
2025-09-19 18:00:00,CRM.AGC.SV01,hydraulics_agc_servo,0.331,0.2219,2.2123,0,CRM.AGC.SV01::E05,train
2025-09-19 19:00:00,CRM.AGC.SV01,hydraulics_agc_servo,0.2962,0.2033,2.801,0,CRM.AGC.SV01::E05,train
2025-09-19 20:00:00,CRM.AGC.SV01,hydraulics_agc_servo,0.3043,0.2509,2.2325,0,CRM.AGC.SV01::E05,train
2025-09-19 21:00:00,CRM.AGC.SV01,hydraulics_agc_servo,0.3305,0.2625,2.9082,0,CRM.AGC.SV01::E05,train
2025-09-19 22:00:00,CRM.AGC.SV01,hydraulics_agc_servo,0.3126,0.2741,3.2321,0,CRM.AGC.SV01::E05,train
2025-09-19 23:00:00,CRM.AGC.SV01,hydraulics_agc_servo,0.3464,0.2386,3.2421,0,CRM.AGC.SV01::E05,train
2025-09-20 00:00:00,CRM.AGC.SV01,hydraulics_agc_servo,0.3573,0.1892,3.3638,0,CRM.AGC.SV01::E05,train
2025-09-20 01:00:00,CRM.AGC.SV01,hydraulics_agc_servo,0.3386,0.21,3.1538,0,CRM.AGC.SV01::E05,train
2025-09-20 02:00:00,CRM.AGC.SV01,hydraulics_agc_servo,0.3168,0.1894,3.6396,0,CRM.AGC.SV01::E05,train
2025-09-20 03:00:00,CRM.AGC.SV01,hydraulics_agc_servo,0.3052,0.181,3.5218,0,CRM.AGC.SV01::E05,train
2025-09-20 04:00:00,CRM.AGC.SV01,hydraulics_agc_servo,0.2872,0.2402,3.4841,0,CRM.AGC.SV01::E05,train
2025-09-20 05:00:00,CRM.AGC.SV01,hydraulics_agc_servo,0.2678,0.2542,3.4252,0,CRM.AGC.SV01::E05,train
2025-09-20 06:00:00,CRM.AGC.SV01,hydraulics_agc_servo,0.2426,0.2368,3.5541,0,CRM.AGC.SV01::E05,train
2025-09-20 07:00:00,CRM.AGC.SV01,hydraulics_agc_servo,0.2303,0.2774,3.8294,0,CRM.AGC.SV01::E05,train
2025-09-20 08:00:00,CRM.AGC.SV01,hydraulics_agc_servo,0.2364,0.2669,3.9909,0,CRM.AGC.SV01::E05,train
2025-09-20 09:00:00,CRM.AGC.SV01,hydraulics_agc_servo,0.2736,0.226,3.2917,0,CRM.AGC.SV01::E05,train
2025-09-20 10:00:00,CRM.AGC.SV01,hydraulics_agc_servo,0.264,0.2182,3.6488,0,CRM.AGC.SV01::E05,train
2025-09-20 11:00:00,CRM.AGC.SV01,hydraulics_agc_servo,0.2719,0.1794,3.4637,0,CRM.AGC.SV01::E05,train
2025-09-20 12:00:00,CRM.AGC.SV01,hydraulics_agc_servo,0.3169,0.1718,2.9609,0,CRM.AGC.SV01::E05,train
2025-09-20 13:00:00,CRM.AGC.SV01,hydraulics_agc_servo,0.2976,0.1593,2.3279,0,CRM.AGC.SV01::E05,train
2025-09-20 14:00:00,CRM.AGC.SV01,hydraulics_agc_servo,0.3343,0.1317,2.4342,0,CRM.AGC.SV01::E05,train
2025-09-20 15:00:00,CRM.AGC.SV01,hydraulics_agc_servo,0.326,0.1694,3.413,0,CRM.AGC.SV01::E05,train
2025-09-20 16:00:00,CRM.AGC.SV01,hydraulics_agc_servo,0.289,0.1808,3.5759,0,CRM.AGC.SV01::E05,train
2025-09-20 17:00:00,CRM.AGC.SV01,hydraulics_agc_servo,0.2225,0.2111,4.1486,0,CRM.AGC.SV01::E05,train
2025-09-20 18:00:00,CRM.AGC.SV01,hydraulics_agc_servo,0.2292,0.2239,5.2442,0,CRM.AGC.SV01::E05,train
2025-09-20 19:00:00,CRM.AGC.SV01,hydraulics_agc_servo,0.3034,0.2113,5.9693,0,CRM.AGC.SV01::E05,train
2025-09-20 20:00:00,CRM.AGC.SV01,hydraulics_agc_servo,0.2775,0.1756,5.3528,1,CRM.AGC.SV01::E05,train
2025-09-20 21:00:00,CRM.AGC.SV01,hydraulics_agc_servo,0.2748,0.1965,5.7402,1,CRM.AGC.SV01::E05,train
2025-09-20 22:00:00,CRM.AGC.SV01,hydraulics_agc_servo,0.2529,0.276,5.3994,0,CRM.AGC.SV01::E05,train
2025-09-20 23:00:00,CRM.AGC.SV01,hydraulics_agc_servo,0.2275,0.2922,6.0157,0,CRM.AGC.SV01::E05,train
2025-09-21 00:00:00,CRM.AGC.SV01,hydraulics_agc_servo,0.1876,0.3684,5.8224,0,CRM.AGC.SV01::E05,train
2025-09-21 01:00:00,CRM.AGC.SV01,hydraulics_agc_servo,0.1607,0.3372,5.2627,0,CRM.AGC.SV01::E05,train
2025-09-21 02:00:00,CRM.AGC.SV01,hydraulics_agc_servo,0.1486,0.3173,4.7977,0,CRM.AGC.SV01::E05,train
2025-09-21 03:00:00,CRM.AGC.SV01,hydraulics_agc_servo,0.058,0.3222,6.1155,0,CRM.AGC.SV01::E05,train
2025-09-21 04:00:00,CRM.AGC.SV01,hydraulics_agc_servo,0.1075,0.3534,5.7493,0,CRM.AGC.SV01::E05,train
2025-09-21 05:00:00,CRM.AGC.SV01,hydraulics_agc_servo,0.1545,0.2951,5.7044,0,CRM.AGC.SV01::E05,train
2025-09-21 06:00:00,CRM.AGC.SV01,hydraulics_agc_servo,0.1414,0.2938,5.6628,0,CRM.AGC.SV01::E05,train
2025-09-21 07:00:00,CRM.AGC.SV01,hydraulics_agc_servo,0.1407,0.251,6.606,0,CRM.AGC.SV01::E05,train
2025-09-21 08:00:00,CRM.AGC.SV01,hydraulics_agc_servo,0.1881,0.2943,5.917,0,CRM.AGC.SV01::E05,train
2025-09-21 09:00:00,CRM.AGC.SV01,hydraulics_agc_servo,0.1833,0.2922,6.3588,0,CRM.AGC.SV01::E05,train
2025-09-21 10:00:00,CRM.AGC.SV01,hydraulics_agc_servo,0.1958,0.2931,7.5441,1,CRM.AGC.SV01::E05,train
2025-09-21 11:00:00,CRM.AGC.SV01,hydraulics_agc_servo,0.2388,0.3401,7.0074,0,CRM.AGC.SV01::E05,train
2025-09-21 12:00:00,CRM.AGC.SV01,hydraulics_agc_servo,0.2721,0.3258,7.1802,1,CRM.AGC.SV01::E05,train
2025-09-21 13:00:00,CRM.AGC.SV01,hydraulics_agc_servo,0.3508,0.2994,6.778,0,CRM.AGC.SV01::E05,train
2025-09-21 14:00:00,CRM.AGC.SV01,hydraulics_agc_servo,0.3514,0.321,7.2529,0,CRM.AGC.SV01::E05,train
2025-09-21 15:00:00,CRM.AGC.SV01,hydraulics_agc_servo,0.3147,0.2542,6.9497,0,CRM.AGC.SV01::E05,train
2025-09-21 16:00:00,CRM.AGC.SV01,hydraulics_agc_servo,0.292,0.256,6.6944,0,CRM.AGC.SV01::E05,train
2025-09-21 17:00:00,CRM.AGC.SV01,hydraulics_agc_servo,0.2595,0.2986,7.3908,0,CRM.AGC.SV01::E05,train
2025-09-21 18:00:00,CRM.AGC.SV01,hydraulics_agc_servo,0.2818,0.2606,7.6108,0,CRM.AGC.SV01::E05,train
2025-09-21 19:00:00,CRM.AGC.SV01,hydraulics_agc_servo,0.2496,0.2436,7.8289,1,CRM.AGC.SV01::E05,train
2025-09-21 20:00:00,CRM.AGC.SV01,hydraulics_agc_servo,0.3033,0.2924,7.1721,0,CRM.AGC.SV01::E05,train
2025-09-21 21:00:00,CRM.AGC.SV01,hydraulics_agc_servo,0.277,0.3192,7.7323,0,CRM.AGC.SV01::E05,train
2025-09-21 22:00:00,CRM.AGC.SV01,hydraulics_agc_servo,0.2888,0.2988,7.4955,1,CRM.AGC.SV01::E05,train
2025-09-21 23:00:00,CRM.AGC.SV01,hydraulics_agc_servo,0.3303,0.3033,7.8111,0,CRM.AGC.SV01::E05,train
2025-09-22 00:00:00,CRM.AGC.SV01,hydraulics_agc_servo,0.3962,0.2248,6.9772,1,CRM.AGC.SV01::E05,train
2025-09-22 01:00:00,CRM.AGC.SV01,hydraulics_agc_servo,0.3311,0.2258,7.3698,1,CRM.AGC.SV01::E05,train
2025-09-22 02:00:00,CRM.AGC.SV01,hydraulics_agc_servo,0.3806,0.2376,7.0822,0,CRM.AGC.SV01::E05,train
2025-09-22 03:00:00,CRM.AGC.SV01,hydraulics_agc_servo,0.3404,0.227,7.1498,0,CRM.AGC.SV01::E05,train
2025-09-22 04:00:00,CRM.AGC.SV01,hydraulics_agc_servo,0.3989,0.2059,7.0822,0,CRM.AGC.SV01::E05,train
2025-09-22 05:00:00,CRM.AGC.SV01,hydraulics_agc_servo,0.3765,0.2208,6.9454,0,CRM.AGC.SV01::E05,train
2025-09-22 06:00:00,CRM.AGC.SV01,hydraulics_agc_servo,0.3659,0.1701,6.3842,1,CRM.AGC.SV01::E05,train
2025-09-22 07:00:00,CRM.AGC.SV01,hydraulics_agc_servo,0.3618,0.1618,6.3798,0,CRM.AGC.SV01::E05,train
2025-09-22 08:00:00,CRM.AGC.SV01,hydraulics_agc_servo,0.3897,0.1732,6.4109,0,CRM.AGC.SV01::E05,train
2025-09-22 09:00:00,CRM.AGC.SV01,hydraulics_agc_servo,0.3573,0.1774,6.5364,0,CRM.AGC.SV01::E05,train
2025-09-22 10:00:00,CRM.AGC.SV01,hydraulics_agc_servo,0.3736,0.2207,6.679,0,CRM.AGC.SV01::E05,train
2025-09-22 11:00:00,CRM.AGC.SV01,hydraulics_agc_servo,0.3705,0.2299,5.2877,0,CRM.AGC.SV01::E05,train
2025-09-22 12:00:00,CRM.AGC.SV01,hydraulics_agc_servo,0.3783,0.2672,4.7498,1,CRM.AGC.SV01::E05,train
2025-09-22 13:00:00,CRM.AGC.SV01,hydraulics_agc_servo,0.3108,0.2565,5.0809,1,CRM.AGC.SV01::E05,train
2025-09-22 14:00:00,CRM.AGC.SV01,hydraulics_agc_servo,0.3447,0.3115,4.9388,1,CRM.AGC.SV01::E05,train
2025-09-22 15:00:00,CRM.AGC.SV01,hydraulics_agc_servo,0.3297,0.318,6.4776,1,CRM.AGC.SV01::E05,train
2025-09-22 16:00:00,CRM.AGC.SV01,hydraulics_agc_servo,0.3395,0.3057,5.701,1,CRM.AGC.SV01::E05,train
2025-09-22 17:00:00,CRM.AGC.SV01,hydraulics_agc_servo,0.3198,0.2701,5.7799,1,CRM.AGC.SV01::E05,train
2025-09-22 18:00:00,CRM.AGC.SV01,hydraulics_agc_servo,0.3836,0.2932,5.6911,1,CRM.AGC.SV01::E05,train
2025-09-22 19:00:00,CRM.AGC.SV01,hydraulics_agc_servo,0.3437,0.3017,5.967,1,CRM.AGC.SV01::E05,train
2025-09-22 20:00:00,CRM.AGC.SV01,hydraulics_agc_servo,0.325,0.2675,6.3247,1,CRM.AGC.SV01::E05,train
2025-09-22 21:00:00,CRM.AGC.SV01,hydraulics_agc_servo,0.3537,0.285,6.9526,1,CRM.AGC.SV01::E05,train
2025-09-22 22:00:00,CRM.AGC.SV01,hydraulics_agc_servo,0.3565,0.3099,7.1202,1,CRM.AGC.SV01::E05,train
2025-09-22 23:00:00,CRM.AGC.SV01,hydraulics_agc_servo,0.3798,0.3161,6.1282,1,CRM.AGC.SV01::E05,train
2025-09-23 00:00:00,CRM.AGC.SV01,hydraulics_agc_servo,0.3279,0.3053,4.9645,1,CRM.AGC.SV01::E05,train
2025-09-23 01:00:00,CRM.AGC.SV01,hydraulics_agc_servo,0.3364,0.3564,4.7194,1,CRM.AGC.SV01::E05,train
2025-09-23 02:00:00,CRM.AGC.SV01,hydraulics_agc_servo,0.3258,0.3416,3.3815,1,CRM.AGC.SV01::E05,train
2025-09-23 03:00:00,CRM.AGC.SV01,hydraulics_agc_servo,0.2767,0.3469,3.8845,1,CRM.AGC.SV01::E05,train
2025-09-23 04:00:00,CRM.AGC.SV01,hydraulics_agc_servo,0.2674,0.3395,5.1521,1,CRM.AGC.SV01::E05,train
2025-09-23 05:00:00,CRM.AGC.SV01,hydraulics_agc_servo,0.2816,0.3488,4.0451,1,CRM.AGC.SV01::E05,train
2025-09-23 06:00:00,CRM.AGC.SV01,hydraulics_agc_servo,0.255,0.3483,5.1306,1,CRM.AGC.SV01::E05,train
2025-09-23 07:00:00,CRM.AGC.SV01,hydraulics_agc_servo,0.1871,0.3823,5.5857,1,CRM.AGC.SV01::E05,train
2025-09-23 08:00:00,CRM.AGC.SV01,hydraulics_agc_servo,0.2221,0.418,6.1605,1,CRM.AGC.SV01::E05,train
2025-09-23 09:00:00,CRM.AGC.SV01,hydraulics_agc_servo,0.2217,0.4749,6.6316,1,CRM.AGC.SV01::E05,train
2025-09-23 10:00:00,CRM.AGC.SV01,hydraulics_agc_servo,0.2237,0.4696,8.096,2,CRM.AGC.SV01::E05,train
2025-09-23 11:00:00,CRM.AGC.SV01,hydraulics_agc_servo,0.2244,0.4302,8.0538,1,CRM.AGC.SV01::E05,train
2025-09-23 12:00:00,CRM.AGC.SV01,hydraulics_agc_servo,0.258,0.4215,8.5646,1,CRM.AGC.SV01::E05,train
2025-09-23 13:00:00,CRM.AGC.SV01,hydraulics_agc_servo,0.2323,0.3794,7.9687,1,CRM.AGC.SV01::E05,train
2025-09-23 14:00:00,CRM.AGC.SV01,hydraulics_agc_servo,0.258,0.3984,8.8057,1,CRM.AGC.SV01::E05,train
2025-09-23 15:00:00,CRM.AGC.SV01,hydraulics_agc_servo,0.2773,0.3981,8.6406,1,CRM.AGC.SV01::E05,train
2025-09-23 16:00:00,CRM.AGC.SV01,hydraulics_agc_servo,0.3329,0.4332,8.5237,1,CRM.AGC.SV01::E05,train
2025-09-23 17:00:00,CRM.AGC.SV01,hydraulics_agc_servo,0.3501,0.3431,8.2804,2,CRM.AGC.SV01::E05,train
2025-09-23 18:00:00,CRM.AGC.SV01,hydraulics_agc_servo,0.3229,0.3225,9.8432,1,CRM.AGC.SV01::E05,train
2025-09-23 19:00:00,CRM.AGC.SV01,hydraulics_agc_servo,0.3863,0.3107,10.3695,1,CRM.AGC.SV01::E05,train
2025-09-23 20:00:00,CRM.AGC.SV01,hydraulics_agc_servo,0.3904,0.3043,11.1454,1,CRM.AGC.SV01::E05,train
2025-09-23 21:00:00,CRM.AGC.SV01,hydraulics_agc_servo,0.3435,0.2776,11.816,1,CRM.AGC.SV01::E05,train
2025-09-23 22:00:00,CRM.AGC.SV01,hydraulics_agc_servo,0.3477,0.2948,12.1585,1,CRM.AGC.SV01::E05,train
2025-09-23 23:00:00,CRM.AGC.SV01,hydraulics_agc_servo,0.3827,0.2562,12.6167,1,CRM.AGC.SV01::E05,train
2025-09-24 00:00:00,CRM.AGC.SV01,hydraulics_agc_servo,0.3753,0.2428,13.8857,1,CRM.AGC.SV01::E05,train
2025-09-24 01:00:00,CRM.AGC.SV01,hydraulics_agc_servo,0.3923,0.2369,14.8449,2,CRM.AGC.SV01::E05,train
2025-09-24 02:00:00,CRM.AGC.SV01,hydraulics_agc_servo,0.3766,0.2211,16.0962,1,CRM.AGC.SV01::E05,train
2025-09-24 03:00:00,CRM.AGC.SV01,hydraulics_agc_servo,0.3379,0.2985,16.1546,1,CRM.AGC.SV01::E05,train
2025-09-24 04:00:00,CRM.AGC.SV01,hydraulics_agc_servo,0.3924,0.2915,16.197,1,CRM.AGC.SV01::E05,train
2025-09-24 05:00:00,CRM.AGC.SV01,hydraulics_agc_servo,0.4258,0.3028,16.7498,1,CRM.AGC.SV01::E05,train
2025-09-24 06:00:00,CRM.AGC.SV01,hydraulics_agc_servo,0.3721,0.3249,17.5181,1,CRM.AGC.SV01::E05,train
2025-09-24 07:00:00,CRM.AGC.SV01,hydraulics_agc_servo,0.3691,0.333,17.8991,1,CRM.AGC.SV01::E05,train
2025-09-24 08:00:00,CRM.AGC.SV01,hydraulics_agc_servo,0.3263,0.3381,16.8993,2,CRM.AGC.SV01::E05,train
2025-09-24 09:00:00,CRM.AGC.SV01,hydraulics_agc_servo,0.324,0.3644,16.7731,1,CRM.AGC.SV01::E05,train
2025-09-24 10:00:00,CRM.AGC.SV01,hydraulics_agc_servo,0.3408,0.3155,17.52,2,CRM.AGC.SV01::E05,train
2025-09-24 11:00:00,CRM.AGC.SV01,hydraulics_agc_servo,0.2171,0.3533,17.708,1,CRM.AGC.SV01::E05,train
2025-09-24 12:00:00,CRM.AGC.SV01,hydraulics_agc_servo,0.2064,0.3843,17.3794,1,CRM.AGC.SV01::E05,train
2025-09-24 13:00:00,CRM.AGC.SV01,hydraulics_agc_servo,0.2268,0.3831,17.2955,1,CRM.AGC.SV01::E05,train
2025-09-24 14:00:00,CRM.AGC.SV01,hydraulics_agc_servo,0.236,0.3302,16.7933,2,CRM.AGC.SV01::E05,train
2025-09-24 15:00:00,CRM.AGC.SV01,hydraulics_agc_servo,0.2477,0.3422,16.9855,2,CRM.AGC.SV01::E05,train
2025-09-24 16:00:00,CRM.AGC.SV01,hydraulics_agc_servo,0.1886,0.3104,16.8656,1,CRM.AGC.SV01::E05,train
2025-09-24 17:00:00,CRM.AGC.SV01,hydraulics_agc_servo,0.222,0.2882,16.5838,2,CRM.AGC.SV01::E05,train
2025-09-24 18:00:00,CRM.AGC.SV01,hydraulics_agc_servo,0.244,0.284,16.8042,2,CRM.AGC.SV01::E05,train
2025-09-24 19:00:00,CRM.AGC.SV01,hydraulics_agc_servo,0.1593,0.2458,16.7061,1,CRM.AGC.SV01::E05,train
2025-09-24 20:00:00,CRM.AGC.SV01,hydraulics_agc_servo,0.1592,0.2221,16.3184,1,CRM.AGC.SV01::E05,train
2025-09-24 21:00:00,CRM.AGC.SV01,hydraulics_agc_servo,0.1606,0.2368,16.4911,2,CRM.AGC.SV01::E05,train
2025-09-24 22:00:00,CRM.AGC.SV01,hydraulics_agc_servo,0.136,0.2822,16.1671,1,CRM.AGC.SV01::E05,train
2025-09-24 23:00:00,CRM.AGC.SV01,hydraulics_agc_servo,0.2097,0.2696,16.4311,2,CRM.AGC.SV01::E05,train
2025-09-25 00:00:00,CRM.AGC.SV01,hydraulics_agc_servo,0.159,0.2741,15.8764,2,CRM.AGC.SV01::E05,train
2025-09-25 01:00:00,CRM.AGC.SV01,hydraulics_agc_servo,0.1821,0.2368,16.9573,1,CRM.AGC.SV01::E05,train
2025-09-25 02:00:00,CRM.AGC.SV01,hydraulics_agc_servo,0.16,0.2048,16.7439,1,CRM.AGC.SV01::E05,train
2025-09-25 03:00:00,CRM.AGC.SV01,hydraulics_agc_servo,0.1347,0.1632,17.1147,2,CRM.AGC.SV01::E05,train
2025-09-25 04:00:00,CRM.AGC.SV01,hydraulics_agc_servo,0.1368,0.1435,17.5485,2,CRM.AGC.SV01::E05,train
2025-09-25 05:00:00,CRM.AGC.SV01,hydraulics_agc_servo,0.2255,0.1541,16.86,1,CRM.AGC.SV01::E05,train
2025-09-25 06:00:00,CRM.AGC.SV01,hydraulics_agc_servo,0.2147,0.1485,16.4279,1,CRM.AGC.SV01::E05,train
2025-09-25 07:00:00,CRM.AGC.SV01,hydraulics_agc_servo,0.2259,0.0786,16.7325,1,CRM.AGC.SV01::E05,train
2025-09-25 08:00:00,CRM.AGC.SV01,hydraulics_agc_servo,0.245,0.0893,15.7133,2,CRM.AGC.SV01::E05,train
2025-09-25 09:00:00,CRM.AGC.SV01,hydraulics_agc_servo,0.2525,0.1339,15.4664,2,CRM.AGC.SV01::E05,train
2025-09-25 10:00:00,CRM.AGC.SV01,hydraulics_agc_servo,0.2519,0.1318,15.9257,2,CRM.AGC.SV01::E05,train
2025-09-25 11:00:00,CRM.AGC.SV01,hydraulics_agc_servo,0.2417,0.153,16.3913,2,CRM.AGC.SV01::E05,train
2025-09-25 12:00:00,CRM.AGC.SV01,hydraulics_agc_servo,0.227,0.1937,16.4294,2,CRM.AGC.SV01::E05,train
2025-09-25 13:00:00,CRM.AGC.SV01,hydraulics_agc_servo,0.2113,0.2643,16.7129,2,CRM.AGC.SV01::E05,train
2025-09-25 14:00:00,CRM.AGC.SV01,hydraulics_agc_servo,0.213,0.3316,15.8177,2,CRM.AGC.SV01::E05,train
2025-09-25 15:00:00,CRM.AGC.SV01,hydraulics_agc_servo,0.295,0.3528,16.0315,2,CRM.AGC.SV01::E05,train
2025-09-25 16:00:00,CRM.AGC.SV01,hydraulics_agc_servo,0.2563,0.3746,16.2308,2,CRM.AGC.SV01::E05,train
2025-09-25 17:00:00,CRM.AGC.SV01,hydraulics_agc_servo,0.2881,0.3448,15.5183,2,CRM.AGC.SV01::E05,train
2025-09-25 18:00:00,CRM.AGC.SV01,hydraulics_agc_servo,0.3215,0.296,-2.9103,0,,val
2025-09-25 19:00:00,CRM.AGC.SV01,hydraulics_agc_servo,0.3107,0.2583,-3.4375,0,,val
2025-09-25 20:00:00,CRM.AGC.SV01,hydraulics_agc_servo,0.2781,0.2482,-2.4538,0,,val
2025-09-25 21:00:00,CRM.AGC.SV01,hydraulics_agc_servo,0.2906,0.2911,-2.3744,0,,val
2025-09-25 22:00:00,CRM.AGC.SV01,hydraulics_agc_servo,0.2824,0.3411,-2.4174,0,,val
2025-09-25 23:00:00,CRM.AGC.SV01,hydraulics_agc_servo,0.1822,0.384,-1.7184,0,,val
2025-09-26 00:00:00,CRM.AGC.SV01,hydraulics_agc_servo,0.1747,0.3958,-1.6869,0,,val
2025-09-26 01:00:00,CRM.AGC.SV01,hydraulics_agc_servo,0.1475,0.3796,-0.9126,0,,val
2025-09-26 02:00:00,CRM.AGC.SV01,hydraulics_agc_servo,0.1746,0.3001,-0.0597,0,,val
2025-09-26 03:00:00,CRM.AGC.SV01,hydraulics_agc_servo,0.2158,0.2261,0.4483,0,,val
2025-09-26 04:00:00,CRM.AGC.SV01,hydraulics_agc_servo,0.218,0.1901,0.3169,0,,val
2025-09-26 05:00:00,CRM.AGC.SV01,hydraulics_agc_servo,0.1767,0.1432,0.5272,0,,val
2025-09-26 06:00:00,CRM.AGC.SV01,hydraulics_agc_servo,0.133,0.1344,-0.0085,0,,val
2025-09-26 07:00:00,CRM.AGC.SV01,hydraulics_agc_servo,0.1593,0.2223,0.5519,0,,val
2025-09-26 08:00:00,CRM.AGC.SV01,hydraulics_agc_servo,0.1166,0.185,0.7712,0,,val
2025-09-26 09:00:00,CRM.AGC.SV01,hydraulics_agc_servo,0.1825,0.1944,1.0033,0,,val
2025-09-26 10:00:00,CRM.AGC.SV01,hydraulics_agc_servo,0.1486,0.213,1.3008,0,,val
2025-09-26 11:00:00,CRM.AGC.SV01,hydraulics_agc_servo,0.1578,0.2311,0.3501,0,,val
2025-09-26 12:00:00,CRM.AGC.SV01,hydraulics_agc_servo,0.1246,0.1835,1.7785,0,,val
2025-09-26 13:00:00,CRM.AGC.SV01,hydraulics_agc_servo,0.1249,0.1338,0.8191,0,,val
2025-09-26 14:00:00,CRM.AGC.SV01,hydraulics_agc_servo,0.101,0.1639,0.901,0,,val
2025-09-26 15:00:00,CRM.AGC.SV01,hydraulics_agc_servo,0.0927,0.172,0.5465,0,,val
2025-09-26 16:00:00,CRM.AGC.SV01,hydraulics_agc_servo,0.1844,0.1765,0.1801,0,,val
2025-09-26 17:00:00,CRM.AGC.SV01,hydraulics_agc_servo,0.1958,0.2256,-0.2697,0,,val
2025-09-26 18:00:00,CRM.AGC.SV01,hydraulics_agc_servo,0.1428,0.1822,0.5062,0,,val
2025-09-26 19:00:00,CRM.AGC.SV01,hydraulics_agc_servo,0.2139,0.2205,1.0506,0,,val
2025-09-26 20:00:00,CRM.AGC.SV01,hydraulics_agc_servo,0.2545,0.2134,1.2201,0,,val
2025-09-26 21:00:00,CRM.AGC.SV01,hydraulics_agc_servo,0.2751,0.2022,1.8934,0,,val
2025-09-26 22:00:00,CRM.AGC.SV01,hydraulics_agc_servo,0.272,0.2439,0.5643,0,,val
2025-09-26 23:00:00,CRM.AGC.SV01,hydraulics_agc_servo,0.2747,0.2663,0.0455,0,,val
2025-09-27 00:00:00,CRM.AGC.SV01,hydraulics_agc_servo,0.3176,0.2227,0.5196,0,,val
2025-09-27 01:00:00,CRM.AGC.SV01,hydraulics_agc_servo,0.3542,0.2088,1.1854,0,,val
2025-09-27 02:00:00,CRM.AGC.SV01,hydraulics_agc_servo,0.3631,0.2017,1.1109,0,,val
2025-09-27 03:00:00,CRM.AGC.SV01,hydraulics_agc_servo,0.3018,0.2573,1.3656,0,,val
2025-09-27 04:00:00,CRM.AGC.SV01,hydraulics_agc_servo,0.3071,0.278,1.2398,0,,val
2025-09-27 05:00:00,CRM.AGC.SV01,hydraulics_agc_servo,0.3426,0.3115,1.4951,0,,val
2025-09-27 06:00:00,CRM.AGC.SV01,hydraulics_agc_servo,0.3155,0.2343,1.014,0,,val
2025-09-27 07:00:00,CRM.AGC.SV01,hydraulics_agc_servo,0.3155,0.2037,0.0574,0,,val
2025-09-27 08:00:00,CRM.AGC.SV01,hydraulics_agc_servo,0.3223,0.1221,0.1924,0,,val
2025-09-27 09:00:00,CRM.AGC.SV01,hydraulics_agc_servo,0.3074,0.0401,0.1914,0,,val
2025-09-27 10:00:00,CRM.AGC.SV01,hydraulics_agc_servo,0.345,0.0099,0.1957,0,,val
2025-09-27 11:00:00,CRM.AGC.SV01,hydraulics_agc_servo,0.3318,0.0506,-0.825,0,,val
2025-09-27 12:00:00,CRM.AGC.SV01,hydraulics_agc_servo,0.3155,0.0456,0.0815,0,,val
2025-09-27 13:00:00,CRM.AGC.SV01,hydraulics_agc_servo,0.292,0.0623,-0.4895,0,,val
2025-09-27 14:00:00,CRM.AGC.SV01,hydraulics_agc_servo,0.3075,0.0428,-0.0961,0,,val
2025-09-27 15:00:00,CRM.AGC.SV01,hydraulics_agc_servo,0.3047,0.0447,-0.4738,0,,val
2025-09-27 16:00:00,CRM.AGC.SV01,hydraulics_agc_servo,0.2907,0.1127,0.8379,0,,val
2025-09-27 17:00:00,CRM.AGC.SV01,hydraulics_agc_servo,0.2958,0.0645,0.397,0,,val
2025-09-27 18:00:00,CRM.AGC.SV01,hydraulics_agc_servo,0.2821,0.1661,0.561,0,,val
2025-09-27 19:00:00,CRM.AGC.SV01,hydraulics_agc_servo,0.2331,0.2434,0.9915,0,,val
2025-09-27 20:00:00,CRM.AGC.SV01,hydraulics_agc_servo,0.2683,0.2887,1.5207,0,,val
2025-09-27 21:00:00,CRM.AGC.SV01,hydraulics_agc_servo,0.2543,0.2595,1.6253,0,,val
2025-09-27 22:00:00,CRM.AGC.SV01,hydraulics_agc_servo,0.2473,0.2987,1.5108,0,,val
2025-09-27 23:00:00,CRM.AGC.SV01,hydraulics_agc_servo,0.2585,0.2677,1.7099,0,,val
2025-09-28 00:00:00,CRM.AGC.SV01,hydraulics_agc_servo,0.2222,0.2164,0.6868,0,,val
2025-09-28 01:00:00,CRM.AGC.SV01,hydraulics_agc_servo,0.2892,0.2435,1.2556,0,,val
2025-09-28 02:00:00,CRM.AGC.SV01,hydraulics_agc_servo,0.3198,0.2519,1.3158,0,,val
2025-09-28 03:00:00,CRM.AGC.SV01,hydraulics_agc_servo,0.2863,0.2181,1.4393,0,,val
2025-09-28 04:00:00,CRM.AGC.SV01,hydraulics_agc_servo,0.3288,0.1187,1.6137,0,,val
2025-09-28 05:00:00,CRM.AGC.SV01,hydraulics_agc_servo,0.2586,0.1565,1.2688,0,,val
2025-09-28 06:00:00,CRM.AGC.SV01,hydraulics_agc_servo,0.2779,0.1338,1.6297,0,,val
2025-09-28 07:00:00,CRM.AGC.SV01,hydraulics_agc_servo,0.2366,0.124,1.3625,0,,val
2025-09-28 08:00:00,CRM.AGC.SV01,hydraulics_agc_servo,0.3009,0.1305,0.8765,0,,val
2025-09-28 09:00:00,CRM.AGC.SV01,hydraulics_agc_servo,0.2707,0.154,-0.133,0,,val
2025-09-28 10:00:00,CRM.AGC.SV01,hydraulics_agc_servo,0.2095,0.1445,0.1581,0,,val
2025-09-28 11:00:00,CRM.AGC.SV01,hydraulics_agc_servo,0.2073,0.1727,-0.354,0,,val
2025-09-28 12:00:00,CRM.AGC.SV01,hydraulics_agc_servo,0.162,0.1392,-0.2961,0,,val
2025-09-28 13:00:00,CRM.AGC.SV01,hydraulics_agc_servo,0.2251,0.1806,0.0202,0,,val
2025-09-28 14:00:00,CRM.AGC.SV01,hydraulics_agc_servo,0.2628,0.178,0.3187,0,,val
2025-09-28 15:00:00,CRM.AGC.SV01,hydraulics_agc_servo,0.2592,0.202,0.8024,0,,val
2025-09-28 16:00:00,CRM.AGC.SV01,hydraulics_agc_servo,0.3043,0.1993,0.4584,0,,val
2025-09-28 17:00:00,CRM.AGC.SV01,hydraulics_agc_servo,0.2761,0.224,0.0562,0,,val
2025-09-28 18:00:00,CRM.AGC.SV01,hydraulics_agc_servo,0.3134,0.2389,-0.3471,0,,val
2025-09-28 19:00:00,CRM.AGC.SV01,hydraulics_agc_servo,0.3153,0.2109,-0.6178,0,,val
2025-09-28 20:00:00,CRM.AGC.SV01,hydraulics_agc_servo,0.2866,0.2193,-1.0989,0,,val
2025-09-28 21:00:00,CRM.AGC.SV01,hydraulics_agc_servo,0.3334,0.1201,-0.8768,0,,val
2025-09-28 22:00:00,CRM.AGC.SV01,hydraulics_agc_servo,0.3444,0.1471,-0.915,0,,val
2025-09-28 23:00:00,CRM.AGC.SV01,hydraulics_agc_servo,0.3132,0.1281,-1.2937,0,,val
2025-09-29 00:00:00,CRM.AGC.SV01,hydraulics_agc_servo,0.3721,0.2016,-2.1199,0,,val
2025-09-29 01:00:00,CRM.AGC.SV01,hydraulics_agc_servo,0.3397,0.2332,-2.1096,0,,val
2025-09-29 02:00:00,CRM.AGC.SV01,hydraulics_agc_servo,0.3615,0.1913,-2.1916,0,,val
2025-09-29 03:00:00,CRM.AGC.SV01,hydraulics_agc_servo,0.3328,0.2199,-1.632,0,,val
2025-09-29 04:00:00,CRM.AGC.SV01,hydraulics_agc_servo,0.343,0.2241,-0.9901,0,,val
2025-09-29 05:00:00,CRM.AGC.SV01,hydraulics_agc_servo,0.2904,0.246,-0.9193,0,,val
2025-09-29 06:00:00,CRM.AGC.SV01,hydraulics_agc_servo,0.2859,0.2618,-1.3758,0,,val
2025-09-29 07:00:00,CRM.AGC.SV01,hydraulics_agc_servo,0.3058,0.2806,-1.9268,0,,val
2025-09-29 08:00:00,CRM.AGC.SV01,hydraulics_agc_servo,0.3044,0.2975,-1.7392,0,,val
2025-09-29 09:00:00,CRM.AGC.SV01,hydraulics_agc_servo,0.2973,0.2727,-1.8287,0,,val
2025-09-29 10:00:00,CRM.AGC.SV01,hydraulics_agc_servo,0.2633,0.2996,-1.4549,0,,val
2025-09-29 11:00:00,CRM.AGC.SV01,hydraulics_agc_servo,0.2645,0.2458,-1.2444,0,,val
2025-09-29 12:00:00,CRM.AGC.SV01,hydraulics_agc_servo,0.2777,0.2521,-1.0961,0,,val
2025-09-29 13:00:00,CRM.AGC.SV01,hydraulics_agc_servo,0.3094,0.2712,-0.5213,0,,val
2025-09-29 14:00:00,CRM.AGC.SV01,hydraulics_agc_servo,0.2857,0.2845,-0.5593,0,,val
2025-09-29 15:00:00,CRM.AGC.SV01,hydraulics_agc_servo,0.2868,0.266,-0.5854,0,,val
2025-09-29 16:00:00,CRM.AGC.SV01,hydraulics_agc_servo,0.3339,0.2321,-0.3506,0,,val
2025-09-29 17:00:00,CRM.AGC.SV01,hydraulics_agc_servo,0.2991,0.2401,0.8752,0,,val
2025-09-29 18:00:00,CRM.AGC.SV01,hydraulics_agc_servo,0.3274,0.254,-0.3025,0,,val
2025-09-29 19:00:00,CRM.AGC.SV01,hydraulics_agc_servo,0.3296,0.2477,-0.6021,0,,val
2025-09-29 20:00:00,CRM.AGC.SV01,hydraulics_agc_servo,0.313,0.2817,-0.6866,0,,val
2025-09-29 21:00:00,CRM.AGC.SV01,hydraulics_agc_servo,0.3456,0.2312,-1.1206,0,,val
2025-09-29 22:00:00,CRM.AGC.SV01,hydraulics_agc_servo,0.332,0.1975,-0.8337,0,,val
2025-09-29 23:00:00,CRM.AGC.SV01,hydraulics_agc_servo,0.3482,0.1704,-1.1432,0,,val
2025-09-30 00:00:00,CRM.AGC.SV01,hydraulics_agc_servo,0.2808,0.1395,-0.802,0,,val
2025-09-30 01:00:00,CRM.AGC.SV01,hydraulics_agc_servo,0.2446,0.1516,0.078,0,,val
2025-09-30 02:00:00,CRM.AGC.SV01,hydraulics_agc_servo,0.2756,0.1891,-0.1694,0,,val
2025-09-30 03:00:00,CRM.AGC.SV01,hydraulics_agc_servo,0.2154,0.2768,0.2222,0,,val
2025-09-30 04:00:00,CRM.AGC.SV01,hydraulics_agc_servo,0.2382,0.3393,0.3891,0,,val
2025-09-30 05:00:00,CRM.AGC.SV01,hydraulics_agc_servo,0.2729,0.2992,0.928,0,,val
2025-09-30 06:00:00,CRM.AGC.SV01,hydraulics_agc_servo,0.3562,0.3191,1.0514,0,,val
2025-09-30 07:00:00,CRM.AGC.SV01,hydraulics_agc_servo,0.547,0.3307,0.8796,0,,val
2025-09-30 08:00:00,CRM.AGC.SV01,hydraulics_agc_servo,0.7386,0.39,0.2025,0,,val
2025-09-30 09:00:00,CRM.AGC.SV01,hydraulics_agc_servo,0.9863,0.3418,0.559,0,,val
2025-09-30 10:00:00,CRM.AGC.SV01,hydraulics_agc_servo,1.129,0.2524,1.2295,0,,val
2025-09-30 11:00:00,CRM.AGC.SV01,hydraulics_agc_servo,1.1159,0.1764,1.108,0,,val
2025-09-30 12:00:00,CRM.AGC.SV01,hydraulics_agc_servo,1.0142,0.1455,1.4293,0,,val
2025-09-30 13:00:00,CRM.AGC.SV01,hydraulics_agc_servo,0.821,0.1483,1.121,0,,val
2025-09-30 14:00:00,CRM.AGC.SV01,hydraulics_agc_servo,0.5534,0.1727,1.2878,0,,val
2025-09-30 15:00:00,CRM.AGC.SV01,hydraulics_agc_servo,0.2773,0.195,1.8519,0,,val
2025-09-30 16:00:00,CRM.AGC.SV01,hydraulics_agc_servo,0.2303,0.1894,1.9125,0,,val
2025-09-30 17:00:00,CRM.AGC.SV01,hydraulics_agc_servo,0.2193,0.1517,1.3485,0,,val
2025-09-30 18:00:00,CRM.AGC.SV01,hydraulics_agc_servo,0.2191,0.1384,0.2381,0,,val
2025-09-30 19:00:00,CRM.AGC.SV01,hydraulics_agc_servo,0.2362,0.1556,0.2354,0,,val
2025-09-30 20:00:00,CRM.AGC.SV01,hydraulics_agc_servo,0.2338,0.2194,0.3763,0,,val
2025-09-30 21:00:00,CRM.AGC.SV01,hydraulics_agc_servo,0.2724,0.2717,0.2977,0,,val
2025-09-30 22:00:00,CRM.AGC.SV01,hydraulics_agc_servo,0.3019,0.2157,0.4506,0,,val
2025-09-30 23:00:00,CRM.AGC.SV01,hydraulics_agc_servo,0.2742,0.228,0.3589,0,,val
2025-10-01 00:00:00,CRM.AGC.SV01,hydraulics_agc_servo,0.2986,0.1906,0.4457,0,,val
2025-10-01 01:00:00,CRM.AGC.SV01,hydraulics_agc_servo,0.2678,0.248,-0.1816,0,,val
2025-10-01 02:00:00,CRM.AGC.SV01,hydraulics_agc_servo,0.2322,0.2539,0.5344,0,,val
2025-10-01 03:00:00,CRM.AGC.SV01,hydraulics_agc_servo,0.234,0.2574,0.4676,0,,val
2025-10-01 04:00:00,CRM.AGC.SV01,hydraulics_agc_servo,0.2104,0.262,-0.1025,0,,val
2025-10-01 05:00:00,CRM.AGC.SV01,hydraulics_agc_servo,0.1792,0.271,-0.7298,0,,val
2025-10-01 06:00:00,CRM.AGC.SV01,hydraulics_agc_servo,0.1653,0.2561,0.1625,0,,val
2025-10-01 07:00:00,CRM.AGC.SV01,hydraulics_agc_servo,0.1696,0.2953,-0.6854,0,,val
2025-10-01 08:00:00,CRM.AGC.SV01,hydraulics_agc_servo,0.1527,0.2545,-1.527,0,,val
2025-10-01 09:00:00,CRM.AGC.SV01,hydraulics_agc_servo,0.2174,0.2367,-1.089,0,,val
2025-10-01 10:00:00,CRM.AGC.SV01,hydraulics_agc_servo,0.2343,0.1944,-1.3203,0,,val
2025-10-01 11:00:00,CRM.AGC.SV01,hydraulics_agc_servo,0.2423,0.1851,-1.9046,0,,val
2025-10-01 12:00:00,CRM.AGC.SV01,hydraulics_agc_servo,0.2372,0.2134,-0.825,0,,val
2025-10-01 13:00:00,CRM.AGC.SV01,hydraulics_agc_servo,0.2613,0.1834,-0.7422,0,,val
2025-10-01 14:00:00,CRM.AGC.SV01,hydraulics_agc_servo,0.2028,0.1486,-0.7493,0,,val
2025-10-01 15:00:00,CRM.AGC.SV01,hydraulics_agc_servo,0.1971,0.1619,-0.5972,0,,val
2025-10-01 16:00:00,CRM.AGC.SV01,hydraulics_agc_servo,0.2019,0.1419,-0.7063,0,,val
2025-10-01 17:00:00,CRM.AGC.SV01,hydraulics_agc_servo,0.147,0.1655,-0.474,0,,val
2025-10-01 18:00:00,CRM.AGC.SV01,hydraulics_agc_servo,0.1797,0.1487,-0.7914,0,,val
2025-10-01 19:00:00,CRM.AGC.SV01,hydraulics_agc_servo,0.2056,0.1374,-1.1809,0,,val
2025-10-01 20:00:00,CRM.AGC.SV01,hydraulics_agc_servo,0.2,0.1505,-2.4695,0,,val
2025-10-01 21:00:00,CRM.AGC.SV01,hydraulics_agc_servo,0.2338,0.0927,-2.4096,0,,val
2025-10-01 22:00:00,CRM.AGC.SV01,hydraulics_agc_servo,0.2786,0.1469,-1.6401,0,,val
2025-10-01 23:00:00,CRM.AGC.SV01,hydraulics_agc_servo,0.2499,0.156,-0.9555,0,,val
2025-10-02 00:00:00,CRM.AGC.SV01,hydraulics_agc_servo,0.2277,0.1583,-0.7024,0,,val
2025-10-02 01:00:00,CRM.AGC.SV01,hydraulics_agc_servo,0.2146,0.1383,-1.1282,0,,val
2025-10-02 02:00:00,CRM.AGC.SV01,hydraulics_agc_servo,0.2152,0.1126,-0.2146,0,,val
2025-10-02 03:00:00,CRM.AGC.SV01,hydraulics_agc_servo,0.1974,0.1379,0.6483,0,,val
2025-10-02 04:00:00,CRM.AGC.SV01,hydraulics_agc_servo,0.2561,0.1322,0.0651,0,,val
2025-10-02 05:00:00,CRM.AGC.SV01,hydraulics_agc_servo,0.2632,0.162,0.3035,0,,val
2025-10-02 06:00:00,CRM.AGC.SV01,hydraulics_agc_servo,0.2465,0.1375,0.9287,0,,val
2025-10-02 07:00:00,CRM.AGC.SV01,hydraulics_agc_servo,0.2412,0.1223,0.32,0,,val
2025-10-02 08:00:00,CRM.AGC.SV01,hydraulics_agc_servo,0.2229,0.2262,1.4005,0,,val
2025-10-02 09:00:00,CRM.AGC.SV01,hydraulics_agc_servo,0.2404,0.2431,2.2424,0,,val
2025-10-02 10:00:00,CRM.AGC.SV01,hydraulics_agc_servo,0.2242,0.2976,2.0381,0,,val
2025-10-02 11:00:00,CRM.AGC.SV01,hydraulics_agc_servo,0.2388,0.3711,1.5993,0,,val
2025-10-02 12:00:00,CRM.AGC.SV01,hydraulics_agc_servo,0.2151,0.3746,0.7083,0,,val
2025-10-02 13:00:00,CRM.AGC.SV01,hydraulics_agc_servo,0.2616,0.3955,1.2203,0,,val
2025-10-02 14:00:00,CRM.AGC.SV01,hydraulics_agc_servo,0.2592,0.3409,1.263,0,,val
2025-10-02 15:00:00,CRM.AGC.SV01,hydraulics_agc_servo,0.2529,0.3343,1.5039,0,,val
2025-10-02 16:00:00,CRM.AGC.SV01,hydraulics_agc_servo,0.3015,0.3553,1.0888,0,,val
2025-10-02 17:00:00,CRM.AGC.SV01,hydraulics_agc_servo,0.2852,0.3041,0.8947,0,,val
2025-10-02 18:00:00,CRM.AGC.SV01,hydraulics_agc_servo,0.3016,0.2877,0.582,0,,val
2025-10-02 19:00:00,CRM.AGC.SV01,hydraulics_agc_servo,0.2867,0.2757,0.4463,0,,val
2025-10-02 20:00:00,CRM.AGC.SV01,hydraulics_agc_servo,0.3379,0.2731,1.4546,0,,val
2025-10-02 21:00:00,CRM.AGC.SV01,hydraulics_agc_servo,0.3259,0.2672,2.0155,0,,val
2025-10-02 22:00:00,CRM.AGC.SV01,hydraulics_agc_servo,0.2732,0.2769,2.4446,0,,val
2025-10-02 23:00:00,CRM.AGC.SV01,hydraulics_agc_servo,0.2358,0.1921,2.6765,0,,val
2025-10-03 00:00:00,CRM.AGC.SV01,hydraulics_agc_servo,0.2269,0.1226,3.4593,0,,val
2025-10-03 01:00:00,CRM.AGC.SV01,hydraulics_agc_servo,0.2083,0.1698,2.9191,0,,val
2025-10-03 02:00:00,CRM.AGC.SV01,hydraulics_agc_servo,0.1329,0.2065,2.9965,0,,val
2025-10-03 03:00:00,CRM.AGC.SV01,hydraulics_agc_servo,0.085,0.1421,2.806,0,,val
2025-10-03 04:00:00,CRM.AGC.SV01,hydraulics_agc_servo,0.0857,0.1312,1.8689,0,,val
2025-10-03 05:00:00,CRM.AGC.SV01,hydraulics_agc_servo,0.1018,0.1794,1.3394,0,,val
2025-10-03 06:00:00,CRM.AGC.SV01,hydraulics_agc_servo,0.0859,0.1869,1.8345,0,,val
2025-10-03 07:00:00,CRM.AGC.SV01,hydraulics_agc_servo,0.062,0.1918,1.2504,0,,val
2025-10-03 08:00:00,CRM.AGC.SV01,hydraulics_agc_servo,0.0893,0.2093,1.5091,0,,val
2025-10-03 09:00:00,CRM.AGC.SV01,hydraulics_agc_servo,0.0563,0.202,1.3146,0,,val
2025-10-03 10:00:00,CRM.AGC.SV01,hydraulics_agc_servo,0.0829,0.2643,2.2841,0,,val
2025-10-03 11:00:00,CRM.AGC.SV01,hydraulics_agc_servo,0.1717,0.252,1.4938,0,,val
2025-10-03 12:00:00,CRM.AGC.SV01,hydraulics_agc_servo,0.1592,0.2569,1.3414,0,,val
2025-10-03 13:00:00,CRM.AGC.SV01,hydraulics_agc_servo,0.1535,0.2458,1.9829,0,,val
2025-10-03 14:00:00,CRM.AGC.SV01,hydraulics_agc_servo,0.1496,0.2656,1.8089,0,,val
2025-10-03 15:00:00,CRM.AGC.SV01,hydraulics_agc_servo,0.1517,0.3066,2.8212,0,,val
2025-10-03 16:00:00,CRM.AGC.SV01,hydraulics_agc_servo,0.1525,0.3195,3.2421,0,,val
2025-10-03 17:00:00,CRM.AGC.SV01,hydraulics_agc_servo,0.0958,0.2852,3.1479,0,,val
2025-10-03 18:00:00,CRM.AGC.SV01,hydraulics_agc_servo,0.0466,0.3169,3.3943,0,,val
2025-10-03 19:00:00,CRM.AGC.SV01,hydraulics_agc_servo,0.1071,0.2801,3.1272,0,,val
2025-10-03 20:00:00,CRM.AGC.SV01,hydraulics_agc_servo,0.1281,0.2672,3.68,0,,val
2025-10-03 21:00:00,CRM.AGC.SV01,hydraulics_agc_servo,0.148,0.2654,3.4755,0,,val
2025-10-03 22:00:00,CRM.AGC.SV01,hydraulics_agc_servo,0.1007,0.2486,3.0609,0,,val
2025-10-03 23:00:00,CRM.AGC.SV01,hydraulics_agc_servo,0.1714,0.2116,3.8549,0,,val
2025-10-04 00:00:00,CRM.AGC.SV01,hydraulics_agc_servo,0.1282,0.1976,4.6867,0,,val
2025-10-04 01:00:00,CRM.AGC.SV01,hydraulics_agc_servo,0.1654,0.2155,4.8746,0,,val
2025-10-04 02:00:00,CRM.AGC.SV01,hydraulics_agc_servo,0.2104,0.1997,4.5575,0,,val
2025-10-04 03:00:00,CRM.AGC.SV01,hydraulics_agc_servo,0.2296,0.1985,5.3949,0,,val
2025-10-04 04:00:00,CRM.AGC.SV01,hydraulics_agc_servo,0.2881,0.1699,5.9428,0,,val
2025-10-04 05:00:00,CRM.AGC.SV01,hydraulics_agc_servo,0.2954,0.1854,5.393,0,,val
2025-10-04 06:00:00,CRM.AGC.SV01,hydraulics_agc_servo,0.2838,0.1856,4.7951,0,,val
2025-10-04 07:00:00,CRM.AGC.SV01,hydraulics_agc_servo,0.2677,0.2371,5.198,0,,val
2025-10-04 08:00:00,CRM.AGC.SV01,hydraulics_agc_servo,0.2712,0.2731,4.1973,0,,val
2025-10-04 09:00:00,CRM.AGC.SV01,hydraulics_agc_servo,0.3387,0.2576,4.0337,0,,val
2025-10-04 10:00:00,CRM.AGC.SV01,hydraulics_agc_servo,0.3152,0.1945,3.315,0,,val
2025-10-04 11:00:00,CRM.AGC.SV01,hydraulics_agc_servo,0.314,0.2455,3.0186,0,,val
2025-10-04 12:00:00,CRM.AGC.SV01,hydraulics_agc_servo,0.3329,0.2779,1.9494,0,,val
2025-10-04 13:00:00,CRM.AGC.SV01,hydraulics_agc_servo,0.3533,0.2712,1.7596,0,,val
2025-10-04 14:00:00,CRM.AGC.SV01,hydraulics_agc_servo,0.3736,0.2794,1.7601,0,,val
2025-10-04 15:00:00,CRM.AGC.SV01,hydraulics_agc_servo,0.3226,0.2595,0.3979,0,,val
2025-10-04 16:00:00,CRM.AGC.SV01,hydraulics_agc_servo,0.2906,0.2295,1.3502,0,,val
2025-10-04 17:00:00,CRM.AGC.SV01,hydraulics_agc_servo,0.2666,0.2257,1.4676,0,,val
2025-10-04 18:00:00,CRM.AGC.SV01,hydraulics_agc_servo,0.234,0.2407,1.7103,0,,val
2025-10-04 19:00:00,CRM.AGC.SV01,hydraulics_agc_servo,0.1737,0.2838,2.291,0,,val
2025-10-04 20:00:00,CRM.AGC.SV01,hydraulics_agc_servo,0.1904,0.2679,2.342,0,,val
2025-10-04 21:00:00,CRM.AGC.SV01,hydraulics_agc_servo,0.2357,0.2429,3.0368,0,,val
2025-10-04 22:00:00,CRM.AGC.SV01,hydraulics_agc_servo,0.2238,0.1728,2.9615,0,,val
2025-10-04 23:00:00,CRM.AGC.SV01,hydraulics_agc_servo,0.1791,0.1659,2.0175,0,,val
2025-10-05 00:00:00,CRM.AGC.SV01,hydraulics_agc_servo,0.2714,0.1568,1.7244,0,,val
2025-10-05 01:00:00,CRM.AGC.SV01,hydraulics_agc_servo,0.2515,0.2009,0.7635,0,,val
2025-10-05 02:00:00,CRM.AGC.SV01,hydraulics_agc_servo,0.2735,0.1923,0.3656,0,,val
2025-10-05 03:00:00,CRM.AGC.SV01,hydraulics_agc_servo,0.2369,0.1323,0.3733,0,,val
2025-10-05 04:00:00,CRM.AGC.SV01,hydraulics_agc_servo,0.228,0.1183,-0.1066,0,,val
2025-10-05 05:00:00,CRM.AGC.SV01,hydraulics_agc_servo,0.2071,0.1277,-0.0663,0,,val
2025-10-05 06:00:00,CRM.AGC.SV01,hydraulics_agc_servo,0.2021,0.1637,0.6734,0,,val
2025-10-05 07:00:00,CRM.AGC.SV01,hydraulics_agc_servo,0.2105,0.1287,1.4895,0,,val
2025-10-05 08:00:00,CRM.AGC.SV01,hydraulics_agc_servo,0.2067,0.1559,1.6672,0,,val
2025-10-05 09:00:00,CRM.AGC.SV01,hydraulics_agc_servo,0.1745,0.1814,1.1198,0,,val
2025-10-05 10:00:00,CRM.AGC.SV01,hydraulics_agc_servo,0.1664,0.2039,0.8397,0,,val
2025-10-05 11:00:00,CRM.AGC.SV01,hydraulics_agc_servo,0.187,0.2132,0.4367,0,,val
2025-10-05 12:00:00,CRM.AGC.SV01,hydraulics_agc_servo,0.2022,0.2159,1.1606,0,,val
2025-10-05 13:00:00,CRM.AGC.SV01,hydraulics_agc_servo,0.2499,0.2043,1.5421,0,,val
2025-10-05 14:00:00,CRM.AGC.SV01,hydraulics_agc_servo,0.2808,0.2375,2.2481,0,,val
2025-10-05 15:00:00,CRM.AGC.SV01,hydraulics_agc_servo,0.295,0.2243,1.221,0,,val
2025-10-05 16:00:00,CRM.AGC.SV01,hydraulics_agc_servo,0.2557,0.2612,1.3263,0,,val
2025-10-05 17:00:00,CRM.AGC.SV01,hydraulics_agc_servo,0.2243,0.2883,0.6106,0,,val
2025-10-05 18:00:00,CRM.AGC.SV01,hydraulics_agc_servo,0.2449,0.2771,1.6899,0,,val
2025-10-05 19:00:00,CRM.AGC.SV01,hydraulics_agc_servo,0.2615,0.2568,2.3202,0,,val
2025-10-05 20:00:00,CRM.AGC.SV01,hydraulics_agc_servo,0.2436,0.2366,1.3617,0,,val
2025-10-05 21:00:00,CRM.AGC.SV01,hydraulics_agc_servo,0.2196,0.287,0.8129,0,,val
2025-10-05 22:00:00,CRM.AGC.SV01,hydraulics_agc_servo,0.2031,0.3351,0.857,0,,val
2025-10-05 23:00:00,CRM.AGC.SV01,hydraulics_agc_servo,0.2263,0.3339,1.516,0,,val
2025-10-06 00:00:00,CRM.AGC.SV01,hydraulics_agc_servo,0.2266,0.3136,1.4297,0,,val
2025-10-06 01:00:00,CRM.AGC.SV01,hydraulics_agc_servo,0.237,0.3568,1.886,0,,val
2025-10-06 02:00:00,CRM.AGC.SV01,hydraulics_agc_servo,0.2867,0.2955,1.6444,0,,val
2025-10-06 03:00:00,CRM.AGC.SV01,hydraulics_agc_servo,0.3094,0.3522,2.2104,0,,val
2025-10-06 04:00:00,CRM.AGC.SV01,hydraulics_agc_servo,0.2412,0.333,2.4528,0,,val
2025-10-06 05:00:00,CRM.AGC.SV01,hydraulics_agc_servo,0.2381,0.4096,3.1023,0,,val
2025-10-06 06:00:00,CRM.AGC.SV01,hydraulics_agc_servo,0.2466,0.3392,2.936,0,,val
2025-10-06 07:00:00,CRM.AGC.SV01,hydraulics_agc_servo,0.2246,0.2633,3.14,0,,val
2025-10-06 08:00:00,CRM.AGC.SV01,hydraulics_agc_servo,0.1894,0.2107,3.7539,0,,val
2025-10-06 09:00:00,CRM.AGC.SV01,hydraulics_agc_servo,0.268,0.2174,4.2005,0,,val
2025-10-06 10:00:00,CRM.AGC.SV01,hydraulics_agc_servo,0.2474,0.1559,3.3682,0,,val
2025-10-06 11:00:00,CRM.AGC.SV01,hydraulics_agc_servo,0.2091,0.1845,3.6751,0,,val
2025-10-06 12:00:00,CRM.AGC.SV01,hydraulics_agc_servo,0.2108,0.1833,3.4716,0,,val
2025-10-06 13:00:00,CRM.AGC.SV01,hydraulics_agc_servo,0.1647,0.2112,3.1996,0,,val
2025-10-06 14:00:00,CRM.AGC.SV01,hydraulics_agc_servo,0.2464,0.1781,2.208,0,,val
2025-10-06 15:00:00,CRM.AGC.SV01,hydraulics_agc_servo,0.2269,0.1734,1.7319,0,,val
2025-10-06 16:00:00,CRM.AGC.SV01,hydraulics_agc_servo,0.1694,0.2359,2.5043,0,,val
2025-10-06 17:00:00,CRM.AGC.SV01,hydraulics_agc_servo,0.1866,0.2098,2.5661,0,,val
2025-10-06 18:00:00,CRM.AGC.SV01,hydraulics_agc_servo,0.2121,0.2124,2.4093,0,,val
2025-10-06 19:00:00,CRM.AGC.SV01,hydraulics_agc_servo,0.1763,0.2203,2.0249,0,,val
2025-10-06 20:00:00,CRM.AGC.SV01,hydraulics_agc_servo,0.1556,0.2578,1.8083,0,,val
2025-10-06 21:00:00,CRM.AGC.SV01,hydraulics_agc_servo,0.1565,0.2543,2.7639,0,,val
2025-10-06 22:00:00,CRM.AGC.SV01,hydraulics_agc_servo,0.3103,0.2111,2.906,0,,val
2025-10-06 23:00:00,CRM.AGC.SV01,hydraulics_agc_servo,0.6616,0.1687,2.1362,0,,val
2025-10-07 00:00:00,CRM.AGC.SV01,hydraulics_agc_servo,0.9337,0.1516,2.3896,0,,val
2025-10-07 01:00:00,CRM.AGC.SV01,hydraulics_agc_servo,0.88,0.1571,2.6615,0,,val
2025-10-07 02:00:00,CRM.AGC.SV01,hydraulics_agc_servo,0.5741,0.1792,2.4124,0,,val
2025-10-07 03:00:00,CRM.AGC.SV01,hydraulics_agc_servo,0.2717,0.1581,1.5926,0,,val
2025-10-07 04:00:00,CRM.AGC.SV01,hydraulics_agc_servo,0.1238,0.14,1.7186,0,,val
2025-10-07 05:00:00,CRM.AGC.SV01,hydraulics_agc_servo,0.0711,0.1647,0.9644,0,,val
2025-10-07 06:00:00,CRM.AGC.SV01,hydraulics_agc_servo,0.097,0.1651,1.2757,0,,val
2025-10-07 07:00:00,CRM.AGC.SV01,hydraulics_agc_servo,0.0529,0.1507,0.3085,0,,val
2025-10-07 08:00:00,CRM.AGC.SV01,hydraulics_agc_servo,0.1091,0.1479,1.2113,0,,val
2025-10-07 09:00:00,CRM.AGC.SV01,hydraulics_agc_servo,0.182,0.1863,1.4636,0,,val
2025-10-07 10:00:00,CRM.AGC.SV01,hydraulics_agc_servo,0.1669,0.2276,1.1544,0,,val
2025-10-07 11:00:00,CRM.AGC.SV01,hydraulics_agc_servo,0.2292,0.2209,0.7162,0,,val
2025-10-07 12:00:00,CRM.AGC.SV01,hydraulics_agc_servo,0.298,0.2406,0.37,0,,val
2025-10-07 13:00:00,CRM.AGC.SV01,hydraulics_agc_servo,0.2173,0.2984,0.0222,0,,val
2025-10-07 14:00:00,CRM.AGC.SV01,hydraulics_agc_servo,0.1985,0.3225,-0.0627,0,,val
2025-10-07 15:00:00,CRM.AGC.SV01,hydraulics_agc_servo,0.148,0.3339,-0.1842,0,,val
2025-10-07 16:00:00,CRM.AGC.SV01,hydraulics_agc_servo,0.1846,0.3137,-0.5765,0,,val
2025-10-07 17:00:00,CRM.AGC.SV01,hydraulics_agc_servo,0.1605,0.2793,-1.5783,0,,val
2025-10-07 18:00:00,CRM.AGC.SV01,hydraulics_agc_servo,0.232,0.2325,-2.7292,0,,val
2025-10-07 19:00:00,CRM.AGC.SV01,hydraulics_agc_servo,0.2782,0.2232,-1.5568,0,,val
2025-10-07 20:00:00,CRM.AGC.SV01,hydraulics_agc_servo,0.2808,0.2434,-2.2386,0,,val
2025-10-07 21:00:00,CRM.AGC.SV01,hydraulics_agc_servo,0.3117,0.2451,-1.5421,0,,val
2025-10-07 22:00:00,CRM.AGC.SV01,hydraulics_agc_servo,0.2696,0.2882,-2.5114,0,,val
2025-10-07 23:00:00,CRM.AGC.SV01,hydraulics_agc_servo,0.2937,0.3049,-1.7879,0,,val
2025-10-08 00:00:00,CRM.AGC.SV01,hydraulics_agc_servo,0.2903,0.2871,-2.3375,0,,val
2025-10-08 01:00:00,CRM.AGC.SV01,hydraulics_agc_servo,0.2305,0.3556,-2.9105,0,,val
2025-10-08 02:00:00,CRM.AGC.SV01,hydraulics_agc_servo,0.1681,0.2811,-2.8376,0,,val
2025-10-08 03:00:00,CRM.AGC.SV01,hydraulics_agc_servo,0.1826,0.274,-2.1442,0,,val
2025-10-08 04:00:00,CRM.AGC.SV01,hydraulics_agc_servo,0.161,0.2283,-2.1173,0,,val
2025-10-08 05:00:00,CRM.AGC.SV01,hydraulics_agc_servo,0.1928,0.2028,-1.5068,0,,val
2025-10-08 06:00:00,CRM.AGC.SV01,hydraulics_agc_servo,0.2046,0.2724,-1.7937,0,,val
2025-10-08 07:00:00,CRM.AGC.SV01,hydraulics_agc_servo,0.2388,0.2239,-2.7563,0,,val
2025-10-08 08:00:00,CRM.AGC.SV01,hydraulics_agc_servo,0.2344,0.2553,-2.1053,0,,val
2025-10-08 09:00:00,CRM.AGC.SV01,hydraulics_agc_servo,0.2449,0.2822,-1.3257,0,,val
2025-10-08 10:00:00,CRM.AGC.SV01,hydraulics_agc_servo,0.2555,0.3052,-1.5318,0,,val
2025-10-08 11:00:00,CRM.AGC.SV01,hydraulics_agc_servo,0.2799,0.2888,-0.7482,0,,val
2025-10-08 12:00:00,CRM.AGC.SV01,hydraulics_agc_servo,0.2655,0.2783,-0.711,0,,val
2025-10-08 13:00:00,CRM.AGC.SV01,hydraulics_agc_servo,0.3443,0.2907,-0.4843,0,,val
2025-10-08 14:00:00,CRM.AGC.SV01,hydraulics_agc_servo,0.3537,0.2707,-0.7091,0,,val
2025-10-08 15:00:00,CRM.AGC.SV01,hydraulics_agc_servo,0.3359,0.3235,-0.2115,0,,val
2025-10-08 16:00:00,CRM.AGC.SV01,hydraulics_agc_servo,0.3558,0.2965,-0.4253,0,,val
2025-10-08 17:00:00,CRM.AGC.SV01,hydraulics_agc_servo,0.3475,0.3443,-0.2116,0,,val
2025-10-08 18:00:00,CRM.AGC.SV01,hydraulics_agc_servo,0.3392,0.2747,-0.3358,0,,val
2025-10-08 19:00:00,CRM.AGC.SV01,hydraulics_agc_servo,0.3635,0.2579,-0.9544,0,,val
2025-10-08 20:00:00,CRM.AGC.SV01,hydraulics_agc_servo,0.3359,0.2485,-1.4164,0,,val
2025-10-08 21:00:00,CRM.AGC.SV01,hydraulics_agc_servo,0.3722,0.2393,-0.75,0,,val
2025-10-08 22:00:00,CRM.AGC.SV01,hydraulics_agc_servo,0.3329,0.3078,-0.0539,0,,val
2025-10-08 23:00:00,CRM.AGC.SV01,hydraulics_agc_servo,0.3373,0.3139,-0.8851,0,,val
2025-10-09 00:00:00,CRM.AGC.SV01,hydraulics_agc_servo,0.348,0.2863,-1.2962,0,,val
2025-10-09 01:00:00,CRM.AGC.SV01,hydraulics_agc_servo,0.3814,0.203,-1.0294,0,,val
2025-10-09 02:00:00,CRM.AGC.SV01,hydraulics_agc_servo,0.3847,0.1895,-2.186,0,,val
2025-10-09 03:00:00,CRM.AGC.SV01,hydraulics_agc_servo,0.3747,0.1818,-2.1817,0,,val
2025-10-09 04:00:00,CRM.AGC.SV01,hydraulics_agc_servo,0.4007,0.1158,-2.3044,0,,val
2025-10-09 05:00:00,CRM.AGC.SV01,hydraulics_agc_servo,0.366,0.0967,-2.0853,0,,val
2025-10-09 06:00:00,CRM.AGC.SV01,hydraulics_agc_servo,0.3686,,,0,,val
2025-10-09 07:00:00,CRM.AGC.SV01,hydraulics_agc_servo,0.3888,0.1938,-2.1561,0,,val
2025-10-09 08:00:00,CRM.AGC.SV01,hydraulics_agc_servo,0.401,0.2392,-1.3914,0,,val
2025-10-09 09:00:00,CRM.AGC.SV01,hydraulics_agc_servo,0.4078,0.2045,-1.3431,0,,val
2025-10-09 10:00:00,CRM.AGC.SV01,hydraulics_agc_servo,0.4201,0.214,-1.4929,0,,val
2025-10-09 11:00:00,CRM.AGC.SV01,hydraulics_agc_servo,0.368,0.248,-1.442,0,,val
2025-10-09 12:00:00,CRM.AGC.SV01,hydraulics_agc_servo,0.375,0.2761,-1.8624,0,,val
2025-10-09 13:00:00,CRM.AGC.SV01,hydraulics_agc_servo,0.3544,0.2631,-1.8394,0,,val
2025-10-09 14:00:00,CRM.AGC.SV01,hydraulics_agc_servo,0.3763,0.2394,-1.951,0,,val
2025-10-09 15:00:00,CRM.AGC.SV01,hydraulics_agc_servo,0.3519,0.2809,-0.9568,0,,val
2025-10-09 16:00:00,CRM.AGC.SV01,hydraulics_agc_servo,0.3721,0.3018,-0.076,0,,val
2025-10-09 17:00:00,CRM.AGC.SV01,hydraulics_agc_servo,0.3403,0.2377,0.0826,0,,val
2025-10-09 18:00:00,CRM.AGC.SV01,hydraulics_agc_servo,0.3707,0.2397,0.4632,0,,val
2025-10-09 19:00:00,CRM.AGC.SV01,hydraulics_agc_servo,0.38,0.1686,0.5281,0,,val
2025-10-09 20:00:00,CRM.AGC.SV01,hydraulics_agc_servo,0.3403,0.1989,0.4387,0,,val
2025-10-09 21:00:00,CRM.AGC.SV01,hydraulics_agc_servo,0.3619,0.251,0.8124,0,,val
2025-10-09 22:00:00,CRM.AGC.SV01,hydraulics_agc_servo,0.4016,0.1941,0.2376,0,,val
2025-10-09 23:00:00,CRM.AGC.SV01,hydraulics_agc_servo,0.3581,0.243,0.6555,0,,val
2025-10-10 00:00:00,CRM.AGC.SV01,hydraulics_agc_servo,0.3005,0.2798,0.5956,0,,val
2025-10-10 01:00:00,CRM.AGC.SV01,hydraulics_agc_servo,0.2898,0.2376,0.6392,0,,val
2025-10-10 02:00:00,CRM.AGC.SV01,hydraulics_agc_servo,0.2497,0.2133,1.8953,0,,val
2025-10-10 03:00:00,CRM.AGC.SV01,hydraulics_agc_servo,0.258,0.2418,2.0921,0,,val
2025-10-10 04:00:00,CRM.AGC.SV01,hydraulics_agc_servo,0.2463,0.1952,1.0557,0,,val
2025-10-10 05:00:00,CRM.AGC.SV01,hydraulics_agc_servo,0.2296,0.1365,1.5534,0,,val
2025-10-10 06:00:00,CRM.AGC.SV01,hydraulics_agc_servo,0.2273,0.0956,0.7867,0,,val
2025-10-10 07:00:00,CRM.AGC.SV01,hydraulics_agc_servo,0.2734,0.1094,0.3373,0,,val
2025-10-10 08:00:00,CRM.AGC.SV01,hydraulics_agc_servo,0.2664,0.1761,0.3459,0,,val
2025-10-10 09:00:00,CRM.AGC.SV01,hydraulics_agc_servo,0.2613,0.197,1.4572,0,,val
2025-10-10 10:00:00,CRM.AGC.SV01,hydraulics_agc_servo,0.2512,0.182,1.3915,0,,val
2025-10-10 11:00:00,CRM.AGC.SV01,hydraulics_agc_servo,0.2385,0.1407,1.1391,0,,val
2025-10-10 12:00:00,CRM.AGC.SV01,hydraulics_agc_servo,0.2689,0.143,0.037,0,,val
2025-10-10 13:00:00,CRM.AGC.SV01,hydraulics_agc_servo,0.3008,0.1531,-0.0842,0,,val
2025-10-10 14:00:00,CRM.AGC.SV01,hydraulics_agc_servo,0.2902,0.4444,-0.8564,0,,val
2025-10-10 15:00:00,CRM.AGC.SV01,hydraulics_agc_servo,0.273,0.7075,-0.3618,0,,val
2025-10-10 16:00:00,CRM.AGC.SV01,hydraulics_agc_servo,0.3119,0.4658,0.4924,0,,val
2025-10-10 17:00:00,CRM.AGC.SV01,hydraulics_agc_servo,0.3474,0.1666,1.4348,0,,val
2025-10-10 18:00:00,CRM.AGC.SV01,hydraulics_agc_servo,0.296,0.2026,1.4581,0,,val
2025-10-10 19:00:00,CRM.AGC.SV01,hydraulics_agc_servo,0.261,0.2298,1.4746,0,,val
2025-10-10 20:00:00,CRM.AGC.SV01,hydraulics_agc_servo,0.2928,0.1893,2.5237,0,,val
2025-10-10 21:00:00,CRM.AGC.SV01,hydraulics_agc_servo,0.2709,0.1929,1.7479,0,,val
2025-10-10 22:00:00,CRM.AGC.SV01,hydraulics_agc_servo,0.2612,0.2401,1.935,0,,val
2025-10-10 23:00:00,CRM.AGC.SV01,hydraulics_agc_servo,0.2875,0.196,2.4857,0,,val
2025-10-11 00:00:00,CRM.AGC.SV01,hydraulics_agc_servo,0.2981,0.1825,2.961,0,,val
2025-10-11 01:00:00,CRM.AGC.SV01,hydraulics_agc_servo,0.2263,0.1766,2.5498,0,,val
2025-10-11 02:00:00,CRM.AGC.SV01,hydraulics_agc_servo,0.2816,0.1711,2.0314,0,,val
2025-10-11 03:00:00,CRM.AGC.SV01,hydraulics_agc_servo,0.3096,0.1576,1.8938,0,,val
2025-10-11 04:00:00,CRM.AGC.SV01,hydraulics_agc_servo,0.3348,0.184,2.7489,0,,val
2025-10-11 05:00:00,CRM.AGC.SV01,hydraulics_agc_servo,0.3162,0.2198,1.7001,0,,val
2025-10-11 06:00:00,CRM.AGC.SV01,hydraulics_agc_servo,0.3215,0.1895,1.875,0,,val
2025-10-11 07:00:00,CRM.AGC.SV01,hydraulics_agc_servo,0.2989,0.2003,2.3583,0,,val
2025-10-11 08:00:00,CRM.AGC.SV01,hydraulics_agc_servo,0.3398,0.2202,0.3778,0,,val
2025-10-11 09:00:00,CRM.AGC.SV01,hydraulics_agc_servo,0.3133,0.177,0.4748,0,,val
2025-10-11 10:00:00,CRM.AGC.SV01,hydraulics_agc_servo,0.3053,0.2123,0.2569,0,,val
2025-10-11 11:00:00,CRM.AGC.SV01,hydraulics_agc_servo,0.293,0.2032,1.0189,0,,val
2025-10-11 12:00:00,CRM.AGC.SV01,hydraulics_agc_servo,0.2404,0.205,1.1334,0,,val
2025-10-11 13:00:00,CRM.AGC.SV01,hydraulics_agc_servo,0.2371,0.1621,1.2254,0,,val
2025-10-11 14:00:00,CRM.AGC.SV01,hydraulics_agc_servo,0.2109,0.1942,1.7954,0,,val
2025-10-11 15:00:00,CRM.AGC.SV01,hydraulics_agc_servo,0.2365,0.1441,1.78,0,,val
2025-10-11 16:00:00,CRM.AGC.SV01,hydraulics_agc_servo,0.1898,0.1625,1.7729,0,,val
2025-10-11 17:00:00,CRM.AGC.SV01,hydraulics_agc_servo,0.2704,0.1506,0.9652,0,,val
2025-10-11 18:00:00,CRM.AGC.SV01,hydraulics_agc_servo,0.311,0.2227,0.4424,0,,val
2025-10-11 19:00:00,CRM.AGC.SV01,hydraulics_agc_servo,0.279,0.2279,0.5798,0,,val
2025-10-11 20:00:00,CRM.AGC.SV01,hydraulics_agc_servo,0.3181,0.2159,1.3339,0,,val
2025-10-11 21:00:00,CRM.AGC.SV01,hydraulics_agc_servo,0.2915,0.2073,0.7001,0,,val
2025-10-11 22:00:00,CRM.AGC.SV01,hydraulics_agc_servo,0.3276,0.2096,0.9558,0,,val
2025-10-11 23:00:00,CRM.AGC.SV01,hydraulics_agc_servo,0.3834,0.1852,-0.0582,0,,val
2025-10-12 00:00:00,CRM.AGC.SV01,hydraulics_agc_servo,0.4162,0.2457,0.1925,0,,val
2025-10-12 01:00:00,CRM.AGC.SV01,hydraulics_agc_servo,0.4156,0.2253,0.8412,0,,val
2025-10-12 02:00:00,CRM.AGC.SV01,hydraulics_agc_servo,0.3822,0.1982,1.2939,0,,val
2025-10-12 03:00:00,CRM.AGC.SV01,hydraulics_agc_servo,0.3581,0.178,1.184,0,,val
2025-10-12 04:00:00,CRM.AGC.SV01,hydraulics_agc_servo,0.2901,0.1834,-0.0978,0,,val
2025-10-12 05:00:00,CRM.AGC.SV01,hydraulics_agc_servo,0.2462,0.0956,0.0353,0,,val
2025-10-12 06:00:00,CRM.AGC.SV01,hydraulics_agc_servo,0.2559,0.0583,0.2865,0,,val
2025-10-12 07:00:00,CRM.AGC.SV01,hydraulics_agc_servo,0.2668,0.0658,0.9341,0,,val
2025-10-12 08:00:00,CRM.AGC.SV01,hydraulics_agc_servo,0.1901,0.1274,0.1124,0,,val
2025-10-12 09:00:00,CRM.AGC.SV01,hydraulics_agc_servo,0.1587,0.1433,-0.1614,0,,val
2025-10-12 10:00:00,CRM.AGC.SV01,hydraulics_agc_servo,0.1407,0.1408,-1.037,0,,val
2025-10-12 11:00:00,CRM.AGC.SV01,hydraulics_agc_servo,0.1741,0.2389,-1.0909,0,,val
2025-10-12 12:00:00,CRM.AGC.SV01,hydraulics_agc_servo,0.1718,0.268,-1.8355,0,,val
2025-10-12 13:00:00,CRM.AGC.SV01,hydraulics_agc_servo,0.1337,0.1667,-1.9389,0,,val
2025-10-12 14:00:00,CRM.AGC.SV01,hydraulics_agc_servo,0.1598,0.1565,-2.45,0,,val
2025-10-12 15:00:00,CRM.AGC.SV01,hydraulics_agc_servo,0.1187,0.2123,-2.5576,0,,val
2025-10-12 16:00:00,CRM.AGC.SV01,hydraulics_agc_servo,0.0864,0.29,-2.7002,0,,val
2025-10-12 17:00:00,CRM.AGC.SV01,hydraulics_agc_servo,0.127,0.2993,-1.6838,0,,val
2025-10-12 18:00:00,CRM.AGC.SV01,hydraulics_agc_servo,0.1344,0.2882,0.4764,0,,val
2025-10-12 19:00:00,CRM.AGC.SV01,hydraulics_agc_servo,0.2078,0.304,3.1178,0,,val
2025-10-12 20:00:00,CRM.AGC.SV01,hydraulics_agc_servo,0.2039,0.3147,3.7072,0,,val
2025-10-12 21:00:00,CRM.AGC.SV01,hydraulics_agc_servo,0.1916,0.3714,3.2933,0,,val
2025-10-12 22:00:00,CRM.AGC.SV01,hydraulics_agc_servo,0.1956,0.3866,-0.1597,0,,val
2025-10-12 23:00:00,CRM.AGC.SV01,hydraulics_agc_servo,0.2016,0.3974,-2.1773,0,,val
2025-10-13 00:00:00,CRM.AGC.SV01,hydraulics_agc_servo,0.1924,0.4256,-3.608,0,,val
2025-10-13 01:00:00,CRM.AGC.SV01,hydraulics_agc_servo,0.1682,0.3599,-3.108,0,,val
2025-10-13 02:00:00,CRM.AGC.SV01,hydraulics_agc_servo,0.1725,0.3742,-3.0039,0,,val
2025-10-13 03:00:00,CRM.AGC.SV01,hydraulics_agc_servo,0.2213,0.3338,-2.0556,0,,val
2025-10-13 04:00:00,CRM.AGC.SV01,hydraulics_agc_servo,0.283,0.3015,-1.5179,0,,val
2025-10-13 05:00:00,CRM.AGC.SV01,hydraulics_agc_servo,0.2593,0.3044,-0.8148,0,,val
2025-10-13 06:00:00,CRM.AGC.SV01,hydraulics_agc_servo,0.2348,0.2622,-0.8426,0,,val
2025-10-13 07:00:00,CRM.AGC.SV01,hydraulics_agc_servo,0.1771,0.3408,-1.1548,0,,val
2025-10-13 08:00:00,CRM.AGC.SV01,hydraulics_agc_servo,0.2576,0.352,-1.6263,0,,val
2025-10-13 09:00:00,CRM.AGC.SV01,hydraulics_agc_servo,0.294,0.3275,-1.8912,0,,val
2025-10-13 10:00:00,CRM.AGC.SV01,hydraulics_agc_servo,0.2436,0.3039,-1.9277,0,,val
2025-10-13 11:00:00,CRM.AGC.SV01,hydraulics_agc_servo,0.2473,0.3568,-0.9894,0,,val
2025-10-13 12:00:00,CRM.AGC.SV01,hydraulics_agc_servo,0.2696,0.3134,-0.7776,0,,val
2025-10-13 13:00:00,CRM.AGC.SV01,hydraulics_agc_servo,0.233,0.2613,-0.5892,0,,val
2025-10-13 14:00:00,CRM.AGC.SV01,hydraulics_agc_servo,0.1969,0.2829,-0.6125,0,,val
2025-10-13 15:00:00,CRM.AGC.SV01,hydraulics_agc_servo,0.2151,0.3025,-2.0111,0,,val
2025-10-13 16:00:00,CRM.AGC.SV01,hydraulics_agc_servo,0.2794,0.2986,-1.7637,0,,val
2025-10-13 17:00:00,CRM.AGC.SV01,hydraulics_agc_servo,0.3436,0.2293,-1.816,0,,val
2025-10-13 18:00:00,CRM.AGC.SV01,hydraulics_agc_servo,0.3212,0.2543,-1.5952,0,,val
2025-10-13 19:00:00,CRM.AGC.SV01,hydraulics_agc_servo,0.3064,0.2116,-2.4321,0,,val
2025-10-13 20:00:00,CRM.AGC.SV01,hydraulics_agc_servo,0.2802,0.2237,-2.421,0,,val
2025-10-13 21:00:00,CRM.AGC.SV01,hydraulics_agc_servo,0.298,0.224,-1.5959,0,,val
2025-10-13 22:00:00,CRM.AGC.SV01,hydraulics_agc_servo,0.3015,0.2283,-1.3737,0,,val
2025-10-13 23:00:00,CRM.AGC.SV01,hydraulics_agc_servo,0.2948,0.1919,-1.8415,0,,val
2025-10-14 00:00:00,CRM.AGC.SV01,hydraulics_agc_servo,0.3181,0.2012,-2.4278,0,,val
2025-10-14 01:00:00,CRM.AGC.SV01,hydraulics_agc_servo,0.289,0.2315,-3.0288,0,,val
2025-10-14 02:00:00,CRM.AGC.SV01,hydraulics_agc_servo,0.3109,0.3237,-2.5711,0,,val
2025-10-14 03:00:00,CRM.AGC.SV01,hydraulics_agc_servo,0.2689,0.3307,-3.661,0,,val
2025-10-14 04:00:00,CRM.AGC.SV01,hydraulics_agc_servo,0.2275,0.3584,-3.8625,0,,val
2025-10-14 05:00:00,CRM.AGC.SV01,hydraulics_agc_servo,0.2916,0.337,-2.7855,0,,val
2025-10-14 06:00:00,CRM.AGC.SV01,hydraulics_agc_servo,0.2617,0.306,-2.4262,0,,val
2025-10-14 07:00:00,CRM.AGC.SV01,hydraulics_agc_servo,0.2764,0.2969,-1.9983,0,,val
2025-10-14 08:00:00,CRM.AGC.SV01,hydraulics_agc_servo,0.2181,0.3047,-1.5471,0,,val
2025-10-14 09:00:00,CRM.AGC.SV01,hydraulics_agc_servo,0.2382,0.2746,0.8702,0,,val
2025-10-14 10:00:00,CRM.AGC.SV01,hydraulics_agc_servo,0.2766,0.275,6.6727,0,,val
2025-10-14 11:00:00,CRM.AGC.SV01,hydraulics_agc_servo,0.2228,0.314,9.7115,0,,val
2025-10-14 12:00:00,CRM.AGC.SV01,hydraulics_agc_servo,0.2238,0.323,7.8835,0,,val
2025-10-14 13:00:00,CRM.AGC.SV01,hydraulics_agc_servo,0.1827,0.3427,3.3317,0,,val
2025-10-14 14:00:00,CRM.AGC.SV01,hydraulics_agc_servo,0.1918,0.3105,1.0124,0,,val
2025-10-14 15:00:00,CRM.AGC.SV01,hydraulics_agc_servo,0.3077,0.3201,0.9797,0,,val
2025-10-14 16:00:00,CRM.AGC.SV01,hydraulics_agc_servo,0.2804,0.3167,1.2053,0,,val
2025-10-14 17:00:00,CRM.AGC.SV01,hydraulics_agc_servo,0.2743,0.3859,0.2765,0,,val
2025-10-14 18:00:00,CRM.AGC.SV01,hydraulics_agc_servo,0.3575,0.446,0.0385,0,,val
2025-10-14 19:00:00,CRM.AGC.SV01,hydraulics_agc_servo,0.3284,0.5042,-0.0706,0,,val
2025-10-14 20:00:00,CRM.AGC.SV01,hydraulics_agc_servo,0.3069,0.5067,-0.0643,0,,val
2025-10-14 21:00:00,CRM.AGC.SV01,hydraulics_agc_servo,0.2728,0.4606,0.1232,0,,val
2025-10-14 22:00:00,CRM.AGC.SV01,hydraulics_agc_servo,0.2167,0.4049,-0.3463,0,,val
2025-10-14 23:00:00,CRM.AGC.SV01,hydraulics_agc_servo,0.2178,0.4525,0.2754,0,,val
2025-10-15 00:00:00,CRM.AGC.SV01,hydraulics_agc_servo,0.1826,0.4096,-0.1153,0,,val
2025-10-15 01:00:00,CRM.AGC.SV01,hydraulics_agc_servo,0.1607,0.4492,0.6974,0,,val
2025-10-15 02:00:00,CRM.AGC.SV01,hydraulics_agc_servo,0.1732,0.4359,0.7848,0,,val
2025-10-15 03:00:00,CRM.AGC.SV01,hydraulics_agc_servo,0.2014,0.3915,0.2872,0,,val
2025-10-15 04:00:00,CRM.AGC.SV01,hydraulics_agc_servo,0.1984,0.3688,0.7108,0,,val
2025-10-15 05:00:00,CRM.AGC.SV01,hydraulics_agc_servo,,,0.1667,0,,val
2025-10-15 06:00:00,CRM.AGC.SV01,hydraulics_agc_servo,0.135,0.318,0.8707,0,,val
2025-10-15 07:00:00,CRM.AGC.SV01,hydraulics_agc_servo,0.1338,0.3657,0.7893,0,,val
2025-10-15 08:00:00,CRM.AGC.SV01,hydraulics_agc_servo,0.1398,0.3564,0.7868,0,,val
2025-10-15 09:00:00,CRM.AGC.SV01,hydraulics_agc_servo,0.1458,0.3356,1.4347,0,,val
2025-10-15 10:00:00,CRM.AGC.SV01,hydraulics_agc_servo,0.121,0.3421,1.4434,0,,val
2025-10-15 11:00:00,CRM.AGC.SV01,hydraulics_agc_servo,0.1783,0.3211,1.7331,0,,val
2025-10-15 12:00:00,CRM.AGC.SV01,hydraulics_agc_servo,0.1482,0.2932,0.8038,0,,val
2025-10-15 13:00:00,CRM.AGC.SV01,hydraulics_agc_servo,0.1087,0.2672,-0.2721,0,,val
2025-10-15 14:00:00,CRM.AGC.SV01,hydraulics_agc_servo,0.1514,0.2751,-0.4121,0,,val
2025-10-15 15:00:00,CRM.AGC.SV01,hydraulics_agc_servo,0.1809,0.2968,-0.4599,0,,val
2025-10-15 16:00:00,CRM.AGC.SV01,hydraulics_agc_servo,0.1981,0.3155,-0.4735,0,,val
2025-10-15 17:00:00,CRM.AGC.SV01,hydraulics_agc_servo,0.1964,0.2759,-0.3342,0,,val
2025-10-15 18:00:00,CRM.AGC.SV01,hydraulics_agc_servo,0.1949,0.2458,-0.7224,0,,val
2025-10-15 19:00:00,CRM.AGC.SV01,hydraulics_agc_servo,0.145,0.2711,-0.5174,0,,val
2025-10-15 20:00:00,CRM.AGC.SV01,hydraulics_agc_servo,0.1473,0.2441,-1.707,0,,val
2025-10-15 21:00:00,CRM.AGC.SV01,hydraulics_agc_servo,0.1356,0.2315,-1.1036,0,,val
2025-10-15 22:00:00,CRM.AGC.SV01,hydraulics_agc_servo,0.1444,0.238,-0.1241,0,,val
2025-10-15 23:00:00,CRM.AGC.SV01,hydraulics_agc_servo,0.1352,0.2873,0.1212,0,,val
2025-10-16 00:00:00,CRM.AGC.SV01,hydraulics_agc_servo,0.1164,0.3165,0.6985,0,,val
2025-10-16 01:00:00,CRM.AGC.SV01,hydraulics_agc_servo,0.0608,0.293,-0.3703,0,,val
2025-10-16 02:00:00,CRM.AGC.SV01,hydraulics_agc_servo,0.0883,0.2902,-0.4226,0,,val
2025-10-16 03:00:00,CRM.AGC.SV01,hydraulics_agc_servo,0.0699,0.2786,0.1343,0,,val
2025-10-16 04:00:00,CRM.AGC.SV01,hydraulics_agc_servo,0.0601,0.2879,0.4729,0,,val
2025-10-16 05:00:00,CRM.AGC.SV01,hydraulics_agc_servo,0.1181,0.2997,-0.0306,0,,val
2025-10-16 06:00:00,CRM.AGC.SV01,hydraulics_agc_servo,0.1047,0.2441,-0.412,0,,val
2025-10-16 07:00:00,CRM.AGC.SV01,hydraulics_agc_servo,0.1488,0.2237,-1.4581,0,,val
2025-10-16 08:00:00,CRM.AGC.SV01,hydraulics_agc_servo,0.1781,0.1823,-1.1401,0,,val
2025-10-16 09:00:00,CRM.AGC.SV01,hydraulics_agc_servo,0.2149,0.1704,-1.5176,0,,val
2025-10-16 10:00:00,CRM.AGC.SV01,hydraulics_agc_servo,0.2438,0.2005,-2.0136,0,,val
2025-10-16 11:00:00,CRM.AGC.SV01,hydraulics_agc_servo,0.2527,0.1718,-1.8205,0,,val
2025-10-16 12:00:00,CRM.AGC.SV01,hydraulics_agc_servo,0.1767,0.1378,-1.6548,0,,val
2025-10-16 13:00:00,CRM.AGC.SV01,hydraulics_agc_servo,0.1804,0.1383,-1.6217,0,,val
2025-10-16 14:00:00,CRM.AGC.SV01,hydraulics_agc_servo,0.1332,0.1226,-1.9673,0,,val
2025-10-16 15:00:00,CRM.AGC.SV01,hydraulics_agc_servo,0.1698,0.1447,-1.9102,0,,val
2025-10-16 16:00:00,CRM.AGC.SV01,hydraulics_agc_servo,0.1706,0.1583,-2.0672,0,,val
2025-10-16 17:00:00,CRM.AGC.SV01,hydraulics_agc_servo,0.1437,0.2318,-2.249,0,,val
2025-10-16 18:00:00,CRM.AGC.SV01,hydraulics_agc_servo,0.1349,0.2845,-1.3695,0,,val
2025-10-16 19:00:00,CRM.AGC.SV01,hydraulics_agc_servo,0.1718,0.2359,-1.3127,0,,val
2025-10-16 20:00:00,CRM.AGC.SV01,hydraulics_agc_servo,0.2185,0.1911,-1.1551,0,,val
2025-10-16 21:00:00,CRM.AGC.SV01,hydraulics_agc_servo,0.2559,0.1749,-1.1893,0,,val
2025-10-16 22:00:00,CRM.AGC.SV01,hydraulics_agc_servo,0.3144,0.1599,-1.1544,0,,val
2025-10-16 23:00:00,CRM.AGC.SV01,hydraulics_agc_servo,0.3246,0.1899,-1.1908,0,,val
2025-10-17 00:00:00,CRM.AGC.SV01,hydraulics_agc_servo,0.3759,0.1268,-0.9635,0,,val
2025-10-17 01:00:00,CRM.AGC.SV01,hydraulics_agc_servo,0.3651,0.0926,-0.2189,0,,val
2025-10-17 02:00:00,CRM.AGC.SV01,hydraulics_agc_servo,0.3666,0.1723,0.1562,0,,val
2025-10-17 03:00:00,CRM.AGC.SV01,hydraulics_agc_servo,0.3104,0.5005,-0.6892,0,,val
2025-10-17 04:00:00,CRM.AGC.SV01,hydraulics_agc_servo,0.2965,0.4709,-0.0333,0,,val
2025-10-17 05:00:00,CRM.AGC.SV01,hydraulics_agc_servo,0.2877,0.1092,-0.4458,0,,val
2025-10-17 06:00:00,CRM.AGC.SV01,hydraulics_agc_servo,0.2709,0.1128,0.1192,0,,val
2025-10-17 07:00:00,CRM.AGC.SV01,hydraulics_agc_servo,0.2604,0.0652,-0.4973,0,,val
2025-10-17 08:00:00,CRM.AGC.SV01,hydraulics_agc_servo,0.1932,0.128,0.0188,0,,val
2025-10-17 09:00:00,CRM.AGC.SV01,hydraulics_agc_servo,0.2133,0.0876,-0.4361,0,,val
2025-10-17 10:00:00,CRM.AGC.SV01,hydraulics_agc_servo,0.2309,0.1342,-0.625,0,,val
2025-10-17 11:00:00,CRM.AGC.SV01,hydraulics_agc_servo,0.2507,0.2255,-0.7918,0,,val
2025-10-17 12:00:00,CRM.AGC.SV01,hydraulics_agc_servo,0.2706,0.2212,-0.5534,0,,val
2025-10-17 13:00:00,CRM.AGC.SV01,hydraulics_agc_servo,0.2708,0.2693,0.0093,0,,val
2025-10-17 14:00:00,CRM.AGC.SV01,hydraulics_agc_servo,0.2585,0.2465,0.041,0,,val
2025-10-17 15:00:00,CRM.AGC.SV01,hydraulics_agc_servo,0.3032,0.2812,-0.3232,0,,val
2025-10-17 16:00:00,CRM.AGC.SV01,hydraulics_agc_servo,0.3016,0.2618,-0.9097,0,,val
2025-10-17 17:00:00,CRM.AGC.SV01,hydraulics_agc_servo,0.2976,0.2377,-1.5615,0,,val
2025-10-17 18:00:00,CRM.AGC.SV01,hydraulics_agc_servo,0.2362,0.1808,-1.1575,0,,val
2025-10-17 19:00:00,CRM.AGC.SV01,hydraulics_agc_servo,0.2039,0.1816,-1.4121,0,,val
2025-10-17 20:00:00,CRM.AGC.SV01,hydraulics_agc_servo,0.203,0.194,-1.4861,0,,val
2025-10-17 21:00:00,CRM.AGC.SV01,hydraulics_agc_servo,0.2141,0.2092,-1.7466,0,,val
2025-10-17 22:00:00,CRM.AGC.SV01,hydraulics_agc_servo,0.2644,0.197,-2.0873,0,,val
2025-10-17 23:00:00,CRM.AGC.SV01,hydraulics_agc_servo,0.3018,0.1874,-2.0507,0,,val
2025-10-18 00:00:00,CRM.AGC.SV01,hydraulics_agc_servo,0.2939,0.1855,-2.1065,0,,val
2025-10-18 01:00:00,CRM.AGC.SV01,hydraulics_agc_servo,0.2552,0.1856,-2.3787,0,,val
2025-10-18 02:00:00,CRM.AGC.SV01,hydraulics_agc_servo,0.2964,0.2081,-2.1261,0,,val
2025-10-18 03:00:00,CRM.AGC.SV01,hydraulics_agc_servo,0.3114,0.2055,-1.4738,0,,val
2025-10-18 04:00:00,CRM.AGC.SV01,hydraulics_agc_servo,0.3133,0.202,-1.8342,0,,val
2025-10-18 05:00:00,CRM.AGC.SV01,hydraulics_agc_servo,0.23,0.2041,-1.5364,0,,val
2025-10-18 06:00:00,CRM.AGC.SV01,hydraulics_agc_servo,0.2176,0.212,-2.0576,0,,val
2025-10-18 07:00:00,CRM.AGC.SV01,hydraulics_agc_servo,0.1777,0.1221,-1.324,0,,val
2025-10-18 08:00:00,CRM.AGC.SV01,hydraulics_agc_servo,0.1598,0.172,-0.8353,0,,val
2025-10-18 09:00:00,CRM.AGC.SV01,hydraulics_agc_servo,0.1742,0.1539,-0.5708,0,,val
2025-10-18 10:00:00,CRM.AGC.SV01,hydraulics_agc_servo,0.1815,0.1126,-0.2168,0,,val
2025-10-18 11:00:00,CRM.AGC.SV01,hydraulics_agc_servo,0.1713,0.1353,-1.0252,0,,val
2025-10-18 12:00:00,CRM.AGC.SV01,hydraulics_agc_servo,0.1574,0.1165,-1.3858,0,,val
2025-10-18 13:00:00,CRM.AGC.SV01,hydraulics_agc_servo,0.1785,0.1528,0.1805,0,,val
2025-10-18 14:00:00,CRM.AGC.SV01,hydraulics_agc_servo,0.1841,0.2155,-0.15,0,,val
2025-10-18 15:00:00,CRM.AGC.SV01,hydraulics_agc_servo,0.2119,0.2612,0.4154,0,,val
2025-10-18 16:00:00,CRM.AGC.SV01,hydraulics_agc_servo,0.2066,0.2582,0.1758,0,,val
2025-10-18 17:00:00,CRM.AGC.SV01,hydraulics_agc_servo,0.2087,0.2826,-0.1517,0,,val
2025-10-18 18:00:00,CRM.AGC.SV01,hydraulics_agc_servo,0.2028,0.291,-0.4163,0,,val
2025-10-18 19:00:00,CRM.AGC.SV01,hydraulics_agc_servo,0.1712,0.2799,-0.2775,0,,val
2025-10-18 20:00:00,CRM.AGC.SV01,hydraulics_agc_servo,0.1702,0.2526,-0.915,0,,val
2025-10-18 21:00:00,CRM.AGC.SV01,hydraulics_agc_servo,0.192,0.3111,-1.1859,0,,val
2025-10-18 22:00:00,CRM.AGC.SV01,hydraulics_agc_servo,0.4441,0.316,-0.5878,0,,val
2025-10-18 23:00:00,CRM.AGC.SV01,hydraulics_agc_servo,0.8598,0.3762,-0.0749,0,,val
2025-10-19 00:00:00,CRM.AGC.SV01,hydraulics_agc_servo,1.0592,0.417,-0.212,0,,val
2025-10-19 01:00:00,CRM.AGC.SV01,hydraulics_agc_servo,0.9177,0.3472,0.6923,0,,val
2025-10-19 02:00:00,CRM.AGC.SV01,hydraulics_agc_servo,0.4441,0.3793,0.7389,0,,val
2025-10-19 03:00:00,CRM.AGC.SV01,hydraulics_agc_servo,0.2198,0.3761,-0.1493,0,,val
2025-10-19 04:00:00,CRM.AGC.SV01,hydraulics_agc_servo,0.2023,0.373,1.1397,0,,val
2025-10-19 05:00:00,CRM.AGC.SV01,hydraulics_agc_servo,0.1892,0.3894,1.6805,0,,val
2025-10-19 06:00:00,CRM.AGC.SV01,hydraulics_agc_servo,0.1879,0.4373,1.5885,0,,val
2025-10-19 07:00:00,CRM.AGC.SV01,hydraulics_agc_servo,0.2336,0.4338,1.424,0,,val
2025-10-19 08:00:00,CRM.AGC.SV01,hydraulics_agc_servo,0.2246,0.445,0.8239,0,,val
2025-10-19 09:00:00,CRM.AGC.SV01,hydraulics_agc_servo,0.2265,0.3843,0.0011,0,,val
2025-10-19 10:00:00,CRM.AGC.SV01,hydraulics_agc_servo,0.2102,0.3712,-0.4082,0,,val
2025-10-19 11:00:00,CRM.AGC.SV01,hydraulics_agc_servo,0.2984,0.404,0.268,0,,val
2025-10-19 12:00:00,CRM.AGC.SV01,hydraulics_agc_servo,0.2595,0.4437,0.0314,0,,val
2025-10-19 13:00:00,CRM.AGC.SV01,hydraulics_agc_servo,0.2694,0.3593,0.2806,0,,val
2025-10-19 14:00:00,CRM.AGC.SV01,hydraulics_agc_servo,0.3185,0.3319,0.2199,0,,val
2025-10-19 15:00:00,CRM.AGC.SV01,hydraulics_agc_servo,0.3313,0.3153,-0.5424,0,,val
2025-10-19 16:00:00,CRM.AGC.SV01,hydraulics_agc_servo,0.3811,0.298,-0.6177,0,,val
2025-10-19 17:00:00,CRM.AGC.SV01,hydraulics_agc_servo,0.3802,0.3392,-0.917,0,,val
2025-10-19 18:00:00,CRM.AGC.SV01,hydraulics_agc_servo,0.339,0.3381,-0.6093,0,,val
2025-10-19 19:00:00,CRM.AGC.SV01,hydraulics_agc_servo,0.3277,0.3401,-0.0012,0,,val
2025-10-19 20:00:00,CRM.AGC.SV01,hydraulics_agc_servo,0.3182,0.3049,0.0644,0,,val
2025-10-19 21:00:00,CRM.AGC.SV01,hydraulics_agc_servo,0.2918,0.2688,-0.1399,0,,val
2025-10-19 22:00:00,CRM.AGC.SV01,hydraulics_agc_servo,0.2753,0.2952,0.7397,0,,val
2025-10-19 23:00:00,CRM.AGC.SV01,hydraulics_agc_servo,0.2718,0.2406,-0.1272,0,,val
2025-10-20 00:00:00,CRM.AGC.SV01,hydraulics_agc_servo,0.2873,0.2138,0.1089,0,,val
2025-10-20 01:00:00,CRM.AGC.SV01,hydraulics_agc_servo,0.3233,0.2412,0.6445,0,,val
2025-10-20 02:00:00,CRM.AGC.SV01,hydraulics_agc_servo,0.3273,0.2832,0.7249,0,,val
2025-10-20 03:00:00,CRM.AGC.SV01,hydraulics_agc_servo,0.3128,0.2764,2.1177,0,,val
2025-10-20 04:00:00,CRM.AGC.SV01,hydraulics_agc_servo,0.2733,0.2855,4.7193,0,,val
2025-10-20 05:00:00,CRM.AGC.SV01,hydraulics_agc_servo,0.2614,0.2586,7.6944,0,,val
2025-10-20 06:00:00,CRM.AGC.SV01,hydraulics_agc_servo,0.2159,0.2533,10.7094,0,,val
2025-10-20 07:00:00,CRM.AGC.SV01,hydraulics_agc_servo,0.2091,0.2397,12.6474,0,,val
2025-10-20 08:00:00,CRM.AGC.SV01,hydraulics_agc_servo,0.2452,0.2827,12.4556,0,,val
2025-10-20 09:00:00,CRM.AGC.SV01,hydraulics_agc_servo,0.2375,,,0,,val
2025-10-20 10:00:00,CRM.AGC.SV01,hydraulics_agc_servo,0.2511,0.2228,7.4777,0,,val
2025-10-20 11:00:00,CRM.AGC.SV01,hydraulics_agc_servo,0.2307,0.2573,4.5674,0,,val
2025-10-20 12:00:00,CRM.AGC.SV01,hydraulics_agc_servo,0.2654,0.2332,2.3497,0,,val
2025-10-20 13:00:00,CRM.AGC.SV01,hydraulics_agc_servo,0.2895,0.2461,1.7031,0,,val
2025-10-20 14:00:00,CRM.AGC.SV01,hydraulics_agc_servo,0.3466,0.2625,2.3273,0,,val
2025-10-20 15:00:00,CRM.AGC.SV01,hydraulics_agc_servo,0.2976,0.2637,2.8363,0,,val
2025-10-20 16:00:00,CRM.AGC.SV01,hydraulics_agc_servo,0.2635,0.2447,2.931,0,,val
2025-10-20 17:00:00,CRM.AGC.SV01,hydraulics_agc_servo,0.3249,0.2452,2.7186,0,,val
2025-10-20 18:00:00,CRM.AGC.SV01,hydraulics_agc_servo,0.3478,0.1307,3.0987,0,,val
2025-10-20 19:00:00,CRM.AGC.SV01,hydraulics_agc_servo,0.3118,0.1755,2.1519,0,,val
2025-10-20 20:00:00,CRM.AGC.SV01,hydraulics_agc_servo,0.255,0.1163,2.6774,0,,val
2025-10-20 21:00:00,CRM.AGC.SV01,hydraulics_agc_servo,0.231,0.1398,3.6807,0,,val
2025-10-20 22:00:00,CRM.AGC.SV01,hydraulics_agc_servo,0.2578,0.1746,4.3547,0,,val
2025-10-20 23:00:00,CRM.AGC.SV01,hydraulics_agc_servo,0.2969,0.204,3.5405,0,,val
2025-10-21 00:00:00,CRM.AGC.SV01,hydraulics_agc_servo,0.3286,0.1635,2.6192,0,,val
2025-10-21 01:00:00,CRM.AGC.SV01,hydraulics_agc_servo,0.3798,0.1817,2.9249,0,,val
2025-10-21 02:00:00,CRM.AGC.SV01,hydraulics_agc_servo,0.4107,0.1591,2.2961,0,,val
2025-10-21 03:00:00,CRM.AGC.SV01,hydraulics_agc_servo,0.4285,0.2029,2.2369,0,,val
2025-10-21 04:00:00,CRM.AGC.SV01,hydraulics_agc_servo,0.4228,0.1897,2.5101,0,,val
2025-10-21 05:00:00,CRM.AGC.SV01,hydraulics_agc_servo,0.3875,0.1854,2.7694,0,,val
2025-10-21 06:00:00,CRM.AGC.SV01,hydraulics_agc_servo,0.3718,0.211,1.5155,0,,val
2025-10-21 07:00:00,CRM.AGC.SV01,hydraulics_agc_servo,0.3582,0.2003,2.2622,0,,val
2025-10-21 08:00:00,CRM.AGC.SV01,hydraulics_agc_servo,0.3207,0.1897,1.5989,0,,val
2025-10-21 09:00:00,CRM.AGC.SV01,hydraulics_agc_servo,0.3553,0.182,2.5271,0,,val
2025-10-21 10:00:00,CRM.AGC.SV01,hydraulics_agc_servo,0.3424,0.1331,2.9522,0,,val
2025-10-21 11:00:00,CRM.AGC.SV01,hydraulics_agc_servo,0.3437,0.1287,3.8336,0,,val
2025-10-21 12:00:00,CRM.AGC.SV01,hydraulics_agc_servo,0.3339,0.1024,3.3261,0,,val
2025-10-21 13:00:00,CRM.AGC.SV01,hydraulics_agc_servo,0.2608,0.1538,3.7016,0,,val
2025-10-21 14:00:00,CRM.AGC.SV01,hydraulics_agc_servo,0.2374,0.1371,3.8551,0,,val
2025-10-21 15:00:00,CRM.AGC.SV01,hydraulics_agc_servo,0.1789,0.7557,3.6548,0,,val
2025-10-21 16:00:00,CRM.AGC.SV01,hydraulics_agc_servo,0.1675,0.7939,3.307,0,,val
2025-10-21 17:00:00,CRM.AGC.SV01,hydraulics_agc_servo,0.1127,0.1882,3.2455,0,,val
2025-10-21 18:00:00,CRM.AGC.SV01,hydraulics_agc_servo,0.0965,0.2494,3.1311,0,,val
2025-10-21 19:00:00,CRM.AGC.SV01,hydraulics_agc_servo,0.0801,0.2596,3.6714,0,,val
2025-10-21 20:00:00,CRM.AGC.SV01,hydraulics_agc_servo,0.0563,0.2003,3.6289,0,,val
2025-10-21 21:00:00,CRM.AGC.SV01,hydraulics_agc_servo,0.0798,0.1809,3.9965,0,,val
2025-10-21 22:00:00,CRM.AGC.SV01,hydraulics_agc_servo,0.0794,0.189,2.4556,0,,val
2025-10-21 23:00:00,CRM.AGC.SV01,hydraulics_agc_servo,0.1159,0.1998,1.5811,0,,val
2025-10-22 00:00:00,CRM.AGC.SV01,hydraulics_agc_servo,0.1473,0.1506,1.352,0,,val
2025-10-22 01:00:00,CRM.AGC.SV01,hydraulics_agc_servo,0.0852,0.0674,1.42,0,,val
2025-10-22 02:00:00,CRM.AGC.SV01,hydraulics_agc_servo,0.147,0.1134,1.3822,0,,val
2025-10-22 03:00:00,CRM.AGC.SV01,hydraulics_agc_servo,0.177,0.1134,1.7413,0,,val
2025-10-22 04:00:00,CRM.AGC.SV01,hydraulics_agc_servo,0.1692,0.1449,1.0193,0,,val
2025-10-22 05:00:00,CRM.AGC.SV01,hydraulics_agc_servo,0.1926,0.1744,0.6011,0,,val
2025-10-22 06:00:00,CRM.AGC.SV01,hydraulics_agc_servo,0.2129,0.2512,-0.273,0,,val
2025-10-22 07:00:00,CRM.AGC.SV01,hydraulics_agc_servo,0.261,0.2918,-0.0216,0,,val
2025-10-22 08:00:00,CRM.AGC.SV01,hydraulics_agc_servo,0.2077,0.295,-0.5412,0,,val
2025-10-22 09:00:00,CRM.AGC.SV01,hydraulics_agc_servo,0.2134,0.2488,-0.5439,0,,val
2025-10-22 10:00:00,CRM.AGC.SV01,hydraulics_agc_servo,0.2869,0.1243,-0.5206,0,,val
2025-10-22 11:00:00,CRM.AGC.SV01,hydraulics_agc_servo,0.3192,0.0931,0.3796,0,,val
2025-10-22 12:00:00,CRM.AGC.SV01,hydraulics_agc_servo,0.2733,0.1577,0.5136,0,,val
2025-10-22 13:00:00,CRM.AGC.SV01,hydraulics_agc_servo,0.3389,0.1855,0.3337,0,,val
2025-10-22 14:00:00,CRM.AGC.SV01,hydraulics_agc_servo,0.3545,0.2036,0.444,0,,val
2025-10-22 15:00:00,CRM.AGC.SV01,hydraulics_agc_servo,0.2841,0.2198,0.6192,0,,val
2025-10-22 16:00:00,CRM.AGC.SV01,hydraulics_agc_servo,0.2958,0.2256,1.2273,0,,val
2025-10-22 17:00:00,CRM.AGC.SV01,hydraulics_agc_servo,0.375,0.2261,0.732,0,,val
2025-10-22 18:00:00,CRM.AGC.SV01,hydraulics_agc_servo,0.3614,0.1989,1.1957,0,,val
2025-10-22 19:00:00,CRM.AGC.SV01,hydraulics_agc_servo,0.3185,0.1796,0.448,0,,val
2025-10-22 20:00:00,CRM.AGC.SV01,hydraulics_agc_servo,0.2987,0.1957,0.1705,0,,val
2025-10-22 21:00:00,CRM.AGC.SV01,hydraulics_agc_servo,0.2649,0.2239,-0.824,0,,val
2025-10-22 22:00:00,CRM.AGC.SV01,hydraulics_agc_servo,0.3139,0.2058,-0.7135,0,,val
2025-10-22 23:00:00,CRM.AGC.SV01,hydraulics_agc_servo,0.2522,0.1922,-0.7395,0,,val
2025-10-23 00:00:00,CRM.AGC.SV01,hydraulics_agc_servo,0.1913,0.2326,-1.4392,0,,val
2025-10-23 01:00:00,CRM.AGC.SV01,hydraulics_agc_servo,0.1814,0.2666,-1.284,0,,val
2025-10-23 02:00:00,CRM.AGC.SV01,hydraulics_agc_servo,0.1435,0.296,-0.6953,0,,val
2025-10-23 03:00:00,CRM.AGC.SV01,hydraulics_agc_servo,0.1854,0.3002,-0.9267,0,,val
2025-10-23 04:00:00,CRM.AGC.SV01,hydraulics_agc_servo,0.1687,0.2764,-0.8159,0,,val
2025-10-23 05:00:00,CRM.AGC.SV01,hydraulics_agc_servo,0.1877,0.2228,-0.5345,0,,val
2025-10-23 06:00:00,CRM.AGC.SV01,hydraulics_agc_servo,0.2121,0.2444,-0.5745,0,,val
2025-10-23 07:00:00,CRM.AGC.SV01,hydraulics_agc_servo,0.2414,0.2893,-0.0283,0,,val
2025-10-23 08:00:00,CRM.AGC.SV01,hydraulics_agc_servo,0.2634,0.2898,0.319,0,,val
2025-10-23 09:00:00,CRM.AGC.SV01,hydraulics_agc_servo,0.2425,0.3251,0.1696,0,,val
2025-10-23 10:00:00,CRM.AGC.SV01,hydraulics_agc_servo,0.2311,0.3151,-0.3666,0,,val
2025-10-23 11:00:00,CRM.AGC.SV01,hydraulics_agc_servo,0.2094,0.3234,0.072,0,,val
2025-10-23 12:00:00,CRM.AGC.SV01,hydraulics_agc_servo,0.1729,0.3053,0.1834,0,,val
2025-10-23 13:00:00,CRM.AGC.SV01,hydraulics_agc_servo,0.2109,0.3414,-0.3665,0,,val
2025-10-23 14:00:00,CRM.AGC.SV01,hydraulics_agc_servo,0.2041,0.3208,-0.6883,0,,val
2025-10-23 15:00:00,CRM.AGC.SV01,hydraulics_agc_servo,0.2513,0.3412,-1.0488,0,,val
2025-10-23 16:00:00,CRM.AGC.SV01,hydraulics_agc_servo,0.2422,0.3264,-1.9652,0,,val
2025-10-23 17:00:00,CRM.AGC.SV01,hydraulics_agc_servo,0.3002,0.317,-2.1882,0,,val
2025-10-23 18:00:00,CRM.AGC.SV01,hydraulics_agc_servo,0.2849,0.333,-1.9977,0,,val
2025-10-23 19:00:00,CRM.AGC.SV01,hydraulics_agc_servo,0.2675,0.3777,-1.1271,0,,val
2025-10-23 20:00:00,CRM.AGC.SV01,hydraulics_agc_servo,0.2571,0.2922,-1.1927,0,,val
2025-10-23 21:00:00,CRM.AGC.SV01,hydraulics_agc_servo,0.2555,0.2935,-1.5645,0,,val
2025-10-23 22:00:00,CRM.AGC.SV01,hydraulics_agc_servo,0.2648,0.29,-0.7143,0,,val
2025-10-23 23:00:00,CRM.AGC.SV01,hydraulics_agc_servo,,,-1.2537,0,,val
2025-10-24 00:00:00,CRM.AGC.SV01,hydraulics_agc_servo,0.2217,0.324,-0.6002,0,,val
2025-10-24 01:00:00,CRM.AGC.SV01,hydraulics_agc_servo,0.1995,0.3216,-0.3879,0,,val
2025-10-24 02:00:00,CRM.AGC.SV01,hydraulics_agc_servo,0.1359,0.3213,-0.3089,0,,val
2025-10-24 03:00:00,CRM.AGC.SV01,hydraulics_agc_servo,0.1738,0.3439,-0.6947,0,,val
2025-10-24 04:00:00,CRM.AGC.SV01,hydraulics_agc_servo,0.1565,0.2989,-0.3541,0,,val
2025-10-24 05:00:00,CRM.AGC.SV01,hydraulics_agc_servo,0.2108,0.2793,-0.2324,0,,val
2025-10-24 06:00:00,CRM.AGC.SV01,hydraulics_agc_servo,,,-0.4592,0,,val
2025-10-24 07:00:00,CRM.AGC.SV01,hydraulics_agc_servo,0.1979,0.2578,-0.7258,0,,val
2025-10-24 08:00:00,CRM.AGC.SV01,hydraulics_agc_servo,0.1532,0.2812,-0.8098,0,,val
2025-10-24 09:00:00,CRM.AGC.SV01,hydraulics_agc_servo,0.2103,0.2485,-1.206,0,,val
2025-10-24 10:00:00,CRM.AGC.SV01,hydraulics_agc_servo,0.2348,0.2377,-0.7896,0,,val
2025-10-24 11:00:00,CRM.AGC.SV01,hydraulics_agc_servo,0.2006,0.2242,0.3694,0,,val
2025-10-24 12:00:00,CRM.AGC.SV01,hydraulics_agc_servo,0.231,0.234,0.3395,0,,val
2025-10-24 13:00:00,CRM.AGC.SV01,hydraulics_agc_servo,0.2201,0.3241,1.4995,0,,val
2025-10-24 14:00:00,CRM.AGC.SV01,hydraulics_agc_servo,0.1809,0.3472,1.5398,0,,val
2025-10-24 15:00:00,CRM.AGC.SV01,hydraulics_agc_servo,0.1846,0.4278,1.9388,0,,val
2025-10-24 16:00:00,CRM.AGC.SV01,hydraulics_agc_servo,0.1605,0.4427,2.1438,0,,val
2025-10-24 17:00:00,CRM.AGC.SV01,hydraulics_agc_servo,0.1109,0.3607,3.0086,0,,val
2025-10-24 18:00:00,CRM.AGC.SV01,hydraulics_agc_servo,0.1712,0.3317,1.915,0,,val
2025-10-24 19:00:00,CRM.AGC.SV01,hydraulics_agc_servo,0.1735,0.3213,1.8996,0,,val
2025-10-24 20:00:00,CRM.AGC.SV01,hydraulics_agc_servo,0.227,0.3094,2.235,0,,val
2025-10-24 21:00:00,CRM.AGC.SV01,hydraulics_agc_servo,0.2175,0.3105,1.3699,0,,val
2025-10-24 22:00:00,CRM.AGC.SV01,hydraulics_agc_servo,0.2079,0.3113,0.7376,0,,val
2025-10-24 23:00:00,CRM.AGC.SV01,hydraulics_agc_servo,0.2612,0.3035,0.5804,0,,val
2025-10-25 00:00:00,CRM.AGC.SV01,hydraulics_agc_servo,0.238,0.2333,0.9391,0,,val
2025-10-25 01:00:00,CRM.AGC.SV01,hydraulics_agc_servo,0.2115,0.1804,0.3138,0,,val
2025-10-25 02:00:00,CRM.AGC.SV01,hydraulics_agc_servo,0.2282,0.0983,0.0965,0,,val
2025-10-25 03:00:00,CRM.AGC.SV01,hydraulics_agc_servo,0.2767,0.1589,-1.6366,0,,val
2025-10-25 04:00:00,CRM.AGC.SV01,hydraulics_agc_servo,0.2795,0.1712,-3.1949,0,,val
2025-10-25 05:00:00,CRM.AGC.SV01,hydraulics_agc_servo,0.2865,0.2294,-3.1862,0,,val
2025-10-25 06:00:00,CRM.AGC.SV01,hydraulics_agc_servo,0.3429,0.2126,-2.894,0,,val
2025-10-25 07:00:00,CRM.AGC.SV01,hydraulics_agc_servo,0.3323,0.1779,-2.3455,0,,val
2025-10-25 08:00:00,CRM.AGC.SV01,hydraulics_agc_servo,0.3167,0.1755,-2.7675,0,,val
2025-10-25 09:00:00,CRM.AGC.SV01,hydraulics_agc_servo,0.3368,0.1376,-3.7489,0,,val
2025-10-25 10:00:00,CRM.AGC.SV01,hydraulics_agc_servo,0.3249,0.0914,-3.1389,0,,val
2025-10-25 11:00:00,CRM.AGC.SV01,hydraulics_agc_servo,0.3195,0.0541,-3.1661,0,,val
2025-10-25 12:00:00,CRM.AGC.SV01,hydraulics_agc_servo,0.3093,0.0925,-3.7995,0,,val
2025-10-25 13:00:00,CRM.AGC.SV01,hydraulics_agc_servo,0.3572,0.1372,-2.9344,0,,val
2025-10-25 14:00:00,CRM.AGC.SV01,hydraulics_agc_servo,0.3174,0.1994,-3.7233,0,,val
2025-10-25 15:00:00,CRM.AGC.SV01,hydraulics_agc_servo,0.2977,0.1813,-3.5324,0,,val
2025-10-25 16:00:00,CRM.AGC.SV01,hydraulics_agc_servo,0.3096,0.1882,-3.8807,0,,val
2025-10-25 17:00:00,CRM.AGC.SV01,hydraulics_agc_servo,0.3046,0.1743,-3.2538,0,,val
2025-10-25 18:00:00,CRM.AGC.SV01,hydraulics_agc_servo,0.2938,0.2095,-3.5353,0,,val
2025-10-25 19:00:00,CRM.AGC.SV01,hydraulics_agc_servo,0.2765,0.2312,-3.5851,0,,val
2025-10-25 20:00:00,CRM.AGC.SV01,hydraulics_agc_servo,0.2899,0.2413,-2.5398,0,,val
2025-10-25 21:00:00,CRM.AGC.SV01,hydraulics_agc_servo,0.2531,0.2473,-2.3058,0,,val
2025-10-25 22:00:00,CRM.AGC.SV01,hydraulics_agc_servo,0.2237,0.2694,-1.8228,0,,val
2025-10-25 23:00:00,CRM.AGC.SV01,hydraulics_agc_servo,0.2064,0.2365,-1.4127,0,,val
2025-10-26 00:00:00,CRM.AGC.SV01,hydraulics_agc_servo,0.2668,0.197,-0.9031,0,,val
2025-10-26 01:00:00,CRM.AGC.SV01,hydraulics_agc_servo,0.2956,0.2408,-1.4384,0,,val
2025-10-26 02:00:00,CRM.AGC.SV01,hydraulics_agc_servo,0.3079,0.2028,-2.0365,0,,val
2025-10-26 03:00:00,CRM.AGC.SV01,hydraulics_agc_servo,0.2863,0.2234,-2.6387,0,,val
2025-10-26 04:00:00,CRM.AGC.SV01,hydraulics_agc_servo,0.2766,0.2512,-2.6278,0,,val
2025-10-26 05:00:00,CRM.AGC.SV01,hydraulics_agc_servo,0.2571,0.2631,-2.6901,0,,val
2025-10-26 06:00:00,CRM.AGC.SV01,hydraulics_agc_servo,0.2196,0.3368,-3.3045,0,,val
2025-10-26 07:00:00,CRM.AGC.SV01,hydraulics_agc_servo,0.1876,0.3172,-2.9472,0,,val
2025-10-26 08:00:00,CRM.AGC.SV01,hydraulics_agc_servo,0.1866,0.2633,-2.4756,0,,val
2025-10-26 09:00:00,CRM.AGC.SV01,hydraulics_agc_servo,0.18,0.1791,-2.3735,0,,val
2025-10-26 10:00:00,CRM.AGC.SV01,hydraulics_agc_servo,0.1624,0.1474,-1.7022,0,,val
2025-10-26 11:00:00,CRM.AGC.SV01,hydraulics_agc_servo,0.2265,0.2051,-0.1078,0,,val
2025-10-26 12:00:00,CRM.AGC.SV01,hydraulics_agc_servo,0.1679,0.2066,-0.5298,0,,val
2025-10-26 13:00:00,CRM.AGC.SV01,hydraulics_agc_servo,0.1148,0.1929,-0.2164,0,,val
2025-10-26 14:00:00,CRM.AGC.SV01,hydraulics_agc_servo,0.1452,0.2058,0.0263,0,,val
2025-10-26 15:00:00,CRM.AGC.SV01,hydraulics_agc_servo,0.1531,0.1762,0.3261,0,,val
2025-10-26 16:00:00,CRM.AGC.SV01,hydraulics_agc_servo,0.1285,0.1944,-0.2757,0,,val
2025-10-26 17:00:00,CRM.AGC.SV01,hydraulics_agc_servo,0.1157,0.1795,0.099,0,,val
2025-10-26 18:00:00,CRM.AGC.SV01,hydraulics_agc_servo,0.134,0.1968,0.214,0,,val
2025-10-26 19:00:00,CRM.AGC.SV01,hydraulics_agc_servo,0.1374,0.1767,-0.6864,0,,val
2025-10-26 20:00:00,CRM.AGC.SV01,hydraulics_agc_servo,0.1463,0.2211,-0.7781,0,,val
2025-10-26 21:00:00,CRM.AGC.SV01,hydraulics_agc_servo,0.1655,0.2163,-2.0469,0,,val
2025-10-26 22:00:00,CRM.AGC.SV01,hydraulics_agc_servo,0.1366,0.1625,-1.8932,0,,val
2025-10-26 23:00:00,CRM.AGC.SV01,hydraulics_agc_servo,0.1061,0.1593,-1.8411,0,,val
2025-10-27 00:00:00,CRM.AGC.SV01,hydraulics_agc_servo,0.1416,0.1659,-2.1251,0,,val
2025-10-27 01:00:00,CRM.AGC.SV01,hydraulics_agc_servo,0.0937,0.1308,-1.7953,0,,val
2025-10-27 02:00:00,CRM.AGC.SV01,hydraulics_agc_servo,0.1291,0.1818,-1.5216,0,,val
2025-10-27 03:00:00,CRM.AGC.SV01,hydraulics_agc_servo,0.1705,0.1796,-1.3118,0,,val
2025-10-27 04:00:00,CRM.AGC.SV01,hydraulics_agc_servo,0.1909,0.1923,-1.3982,0,,val
2025-10-27 05:00:00,CRM.AGC.SV01,hydraulics_agc_servo,0.2163,0.1392,-1.3041,0,,val
2025-10-27 06:00:00,CRM.AGC.SV01,hydraulics_agc_servo,0.2567,0.0908,-1.3082,0,,val
2025-10-27 07:00:00,CRM.AGC.SV01,hydraulics_agc_servo,0.2792,0.0933,-1.0938,0,,val
2025-10-27 08:00:00,CRM.AGC.SV01,hydraulics_agc_servo,0.2837,0.1103,-1.2484,0,,val
2025-10-27 09:00:00,CRM.AGC.SV01,hydraulics_agc_servo,0.3333,0.1024,-0.5046,0,,val
2025-10-27 10:00:00,CRM.AGC.SV01,hydraulics_agc_servo,0.3827,0.1296,-1.071,0,,val
2025-10-27 11:00:00,CRM.AGC.SV01,hydraulics_agc_servo,0.3599,0.1172,0.0545,0,,val
2025-10-27 12:00:00,CRM.AGC.SV01,hydraulics_agc_servo,0.2957,0.0914,0.255,0,,val
2025-10-27 13:00:00,CRM.AGC.SV01,hydraulics_agc_servo,0.3901,0.1272,-0.3747,0,,val
2025-10-27 14:00:00,CRM.AGC.SV01,hydraulics_agc_servo,0.4151,0.2015,-0.3289,0,,val
2025-10-27 15:00:00,CRM.AGC.SV01,hydraulics_agc_servo,0.3746,0.1441,0.7325,0,,val
2025-10-27 16:00:00,CRM.AGC.SV01,hydraulics_agc_servo,0.3358,0.1119,1.1109,0,,val
2025-10-27 17:00:00,CRM.AGC.SV01,hydraulics_agc_servo,0.361,0.1688,0.9584,0,,val
2025-10-27 18:00:00,CRM.AGC.SV01,hydraulics_agc_servo,0.3485,0.1909,0.5931,0,,val
2025-10-27 19:00:00,CRM.AGC.SV01,hydraulics_agc_servo,0.3532,0.2196,1.3782,0,,val
2025-10-27 20:00:00,CRM.AGC.SV01,hydraulics_agc_servo,0.3565,0.1883,1.5594,0,,val
2025-10-27 21:00:00,CRM.AGC.SV01,hydraulics_agc_servo,0.3504,0.2059,0.6965,0,,val
2025-10-27 22:00:00,CRM.AGC.SV01,hydraulics_agc_servo,0.3567,0.1943,0.6051,0,,val
2025-10-27 23:00:00,CRM.AGC.SV01,hydraulics_agc_servo,0.3634,0.165,1.1833,0,,val
2025-10-28 00:00:00,CRM.AGC.SV01,hydraulics_agc_servo,0.3807,0.1644,1.1818,0,,val
2025-10-28 01:00:00,CRM.AGC.SV01,hydraulics_agc_servo,0.4283,0.1969,2.1884,0,,val
2025-10-28 02:00:00,CRM.AGC.SV01,hydraulics_agc_servo,0.3732,0.2319,3.1701,0,,val
2025-10-28 03:00:00,CRM.AGC.SV01,hydraulics_agc_servo,0.4231,0.224,3.2033,0,,val
2025-10-28 04:00:00,CRM.AGC.SV01,hydraulics_agc_servo,0.4112,0.2598,2.2651,0,,val
2025-10-28 05:00:00,CRM.AGC.SV01,hydraulics_agc_servo,0.4219,0.3109,2.2957,0,,val
2025-10-28 06:00:00,CRM.AGC.SV01,hydraulics_agc_servo,0.3487,0.3548,2.0629,0,,val
2025-10-28 07:00:00,CRM.AGC.SV01,hydraulics_agc_servo,0.3099,0.3346,3.1209,0,,val
2025-10-28 08:00:00,CRM.AGC.SV01,hydraulics_agc_servo,0.3039,0.372,2.9007,0,,val
2025-10-28 09:00:00,CRM.AGC.SV01,hydraulics_agc_servo,0.3362,0.4146,2.3936,0,,val
2025-10-28 10:00:00,CRM.AGC.SV01,hydraulics_agc_servo,0.3195,0.4612,3.5186,0,,val
2025-10-28 11:00:00,CRM.AGC.SV01,hydraulics_agc_servo,0.2829,0.4836,3.5551,0,,val
2025-10-28 12:00:00,CRM.AGC.SV01,hydraulics_agc_servo,0.2565,0.5046,2.1746,0,,val
2025-10-28 13:00:00,CRM.AGC.SV01,hydraulics_agc_servo,0.2575,0.4627,2.7126,0,,val
2025-10-28 14:00:00,CRM.AGC.SV01,hydraulics_agc_servo,0.2847,0.47,1.9876,0,,val
2025-10-28 15:00:00,CRM.AGC.SV01,hydraulics_agc_servo,0.3249,0.432,1.4937,0,,val
2025-10-28 16:00:00,CRM.AGC.SV01,hydraulics_agc_servo,0.3422,0.424,1.7913,0,,val
2025-10-28 17:00:00,CRM.AGC.SV01,hydraulics_agc_servo,0.3503,0.4499,2.747,0,,val
2025-10-28 18:00:00,CRM.AGC.SV01,hydraulics_agc_servo,0.3351,0.4724,1.6503,0,,val
2025-10-28 19:00:00,CRM.AGC.SV01,hydraulics_agc_servo,0.4019,0.4086,1.6911,0,,val
2025-10-28 20:00:00,CRM.AGC.SV01,hydraulics_agc_servo,0.3811,0.3464,1.5099,0,,val
2025-10-28 21:00:00,CRM.AGC.SV01,hydraulics_agc_servo,0.392,0.3258,1.3267,0,,val
2025-10-28 22:00:00,CRM.AGC.SV01,hydraulics_agc_servo,0.3996,0.315,0.7976,0,,val
2025-10-28 23:00:00,CRM.AGC.SV01,hydraulics_agc_servo,0.3635,0.3301,-0.247,0,,val
2025-10-29 00:00:00,CRM.AGC.SV01,hydraulics_agc_servo,0.4077,0.3085,-0.5314,0,,val
2025-10-29 01:00:00,CRM.AGC.SV01,hydraulics_agc_servo,0.3892,0.2563,-0.7933,0,CRM.AGC.SV01::E06,val
2025-10-29 02:00:00,CRM.AGC.SV01,hydraulics_agc_servo,0.3853,0.1817,-1.4732,0,CRM.AGC.SV01::E06,val
2025-10-29 03:00:00,CRM.AGC.SV01,hydraulics_agc_servo,0.4362,0.1716,-0.5137,0,CRM.AGC.SV01::E06,val
2025-10-29 04:00:00,CRM.AGC.SV01,hydraulics_agc_servo,0.4389,0.09,0.0848,0,CRM.AGC.SV01::E06,val
2025-10-29 05:00:00,CRM.AGC.SV01,hydraulics_agc_servo,0.3913,0.1876,0.2072,0,CRM.AGC.SV01::E06,val
2025-10-29 06:00:00,CRM.AGC.SV01,hydraulics_agc_servo,0.4016,0.1716,-0.3221,0,CRM.AGC.SV01::E06,val
2025-10-29 07:00:00,CRM.AGC.SV01,hydraulics_agc_servo,0.4344,0.2053,-0.3301,0,CRM.AGC.SV01::E06,val
2025-10-29 08:00:00,CRM.AGC.SV01,hydraulics_agc_servo,0.458,0.2315,-0.3183,0,CRM.AGC.SV01::E06,val
2025-10-29 09:00:00,CRM.AGC.SV01,hydraulics_agc_servo,0.4557,0.2741,-0.7663,0,CRM.AGC.SV01::E06,val
2025-10-29 10:00:00,CRM.AGC.SV01,hydraulics_agc_servo,0.4815,0.3148,-0.9078,0,CRM.AGC.SV01::E06,val
2025-10-29 11:00:00,CRM.AGC.SV01,hydraulics_agc_servo,0.5002,0.3298,-1.3561,0,CRM.AGC.SV01::E06,val
2025-10-29 12:00:00,CRM.AGC.SV01,hydraulics_agc_servo,0.4787,0.3,-1.5662,0,CRM.AGC.SV01::E06,val
2025-10-29 13:00:00,CRM.AGC.SV01,hydraulics_agc_servo,0.4979,0.2964,-1.8715,0,CRM.AGC.SV01::E06,val
2025-10-29 14:00:00,CRM.AGC.SV01,hydraulics_agc_servo,0.4764,0.3422,-1.6314,0,CRM.AGC.SV01::E06,val
2025-10-29 15:00:00,CRM.AGC.SV01,hydraulics_agc_servo,0.5279,0.3504,-1.6338,0,CRM.AGC.SV01::E06,val
2025-10-29 16:00:00,CRM.AGC.SV01,hydraulics_agc_servo,0.4985,0.3463,-1.6848,0,CRM.AGC.SV01::E06,val
2025-10-29 17:00:00,CRM.AGC.SV01,hydraulics_agc_servo,0.5344,0.381,-1.9333,0,CRM.AGC.SV01::E06,val
2025-10-29 18:00:00,CRM.AGC.SV01,hydraulics_agc_servo,0.5531,0.3417,-2.8913,0,CRM.AGC.SV01::E06,val
2025-10-29 19:00:00,CRM.AGC.SV01,hydraulics_agc_servo,0.5821,0.3344,-2.3073,0,CRM.AGC.SV01::E06,val
2025-10-29 20:00:00,CRM.AGC.SV01,hydraulics_agc_servo,0.5932,0.301,-2.5879,0,CRM.AGC.SV01::E06,val
2025-10-29 21:00:00,CRM.AGC.SV01,hydraulics_agc_servo,0.6153,0.2897,-2.6028,0,CRM.AGC.SV01::E06,val
2025-10-29 22:00:00,CRM.AGC.SV01,hydraulics_agc_servo,0.6233,0.3089,-1.9329,0,CRM.AGC.SV01::E06,val
2025-10-29 23:00:00,CRM.AGC.SV01,hydraulics_agc_servo,0.6367,0.2979,-1.6628,0,CRM.AGC.SV01::E06,val
2025-10-30 00:00:00,CRM.AGC.SV01,hydraulics_agc_servo,0.6377,0.3383,-2.5166,0,CRM.AGC.SV01::E06,val
2025-10-30 01:00:00,CRM.AGC.SV01,hydraulics_agc_servo,0.6034,0.392,-2.9637,0,CRM.AGC.SV01::E06,val
2025-10-30 02:00:00,CRM.AGC.SV01,hydraulics_agc_servo,0.7667,0.3803,-3.2947,0,CRM.AGC.SV01::E06,val
2025-10-30 03:00:00,CRM.AGC.SV01,hydraulics_agc_servo,1.2167,0.3674,-3.1235,0,CRM.AGC.SV01::E06,val
2025-10-30 04:00:00,CRM.AGC.SV01,hydraulics_agc_servo,1.6201,0.3132,-2.5167,0,CRM.AGC.SV01::E06,val
2025-10-30 05:00:00,CRM.AGC.SV01,hydraulics_agc_servo,1.6828,0.285,-1.5978,0,CRM.AGC.SV01::E06,val
2025-10-30 06:00:00,CRM.AGC.SV01,hydraulics_agc_servo,1.4061,0.2844,-2.0542,0,CRM.AGC.SV01::E06,val
2025-10-30 07:00:00,CRM.AGC.SV01,hydraulics_agc_servo,0.9543,0.2257,-1.7597,0,CRM.AGC.SV01::E06,val
2025-10-30 08:00:00,CRM.AGC.SV01,hydraulics_agc_servo,0.737,0.2036,-2.1829,0,CRM.AGC.SV01::E06,val
2025-10-30 09:00:00,CRM.AGC.SV01,hydraulics_agc_servo,0.7255,0.1982,-2.0159,0,CRM.AGC.SV01::E06,val
2025-10-30 10:00:00,CRM.AGC.SV01,hydraulics_agc_servo,0.7486,0.1952,-1.9396,0,CRM.AGC.SV01::E06,val
2025-10-30 11:00:00,CRM.AGC.SV01,hydraulics_agc_servo,0.8142,0.2622,-2.6717,0,CRM.AGC.SV01::E06,val
2025-10-30 12:00:00,CRM.AGC.SV01,hydraulics_agc_servo,0.8769,0.2518,-2.3697,0,CRM.AGC.SV01::E06,val
2025-10-30 13:00:00,CRM.AGC.SV01,hydraulics_agc_servo,0.8388,0.2419,-2.6847,0,CRM.AGC.SV01::E06,val
2025-10-30 14:00:00,CRM.AGC.SV01,hydraulics_agc_servo,0.8283,0.2316,-2.4422,0,CRM.AGC.SV01::E06,val
2025-10-30 15:00:00,CRM.AGC.SV01,hydraulics_agc_servo,0.8298,0.2809,-2.9676,0,CRM.AGC.SV01::E06,val
2025-10-30 16:00:00,CRM.AGC.SV01,hydraulics_agc_servo,0.8031,0.295,-2.0457,0,CRM.AGC.SV01::E06,val
2025-10-30 17:00:00,CRM.AGC.SV01,hydraulics_agc_servo,0.8616,0.2866,-1.2081,0,CRM.AGC.SV01::E06,val
2025-10-30 18:00:00,CRM.AGC.SV01,hydraulics_agc_servo,0.8634,0.3118,-0.4486,0,CRM.AGC.SV01::E06,val
2025-10-30 19:00:00,CRM.AGC.SV01,hydraulics_agc_servo,0.8793,0.2989,-1.4824,0,CRM.AGC.SV01::E06,val
2025-10-30 20:00:00,CRM.AGC.SV01,hydraulics_agc_servo,0.8831,0.2994,-0.827,0,CRM.AGC.SV01::E06,val
2025-10-30 21:00:00,CRM.AGC.SV01,hydraulics_agc_servo,0.9272,0.2922,-1.0483,0,CRM.AGC.SV01::E06,val
2025-10-30 22:00:00,CRM.AGC.SV01,hydraulics_agc_servo,0.9375,0.2812,-0.8145,0,CRM.AGC.SV01::E06,val
2025-10-30 23:00:00,CRM.AGC.SV01,hydraulics_agc_servo,1.0053,0.316,-0.8822,0,CRM.AGC.SV01::E06,val
2025-10-31 00:00:00,CRM.AGC.SV01,hydraulics_agc_servo,1.0198,0.3251,-1.2056,0,CRM.AGC.SV01::E06,val
2025-10-31 01:00:00,CRM.AGC.SV01,hydraulics_agc_servo,0.9898,0.3123,-1.3091,0,CRM.AGC.SV01::E06,val
2025-10-31 02:00:00,CRM.AGC.SV01,hydraulics_agc_servo,1.0337,0.3459,-2.1149,0,CRM.AGC.SV01::E06,val
2025-10-31 03:00:00,CRM.AGC.SV01,hydraulics_agc_servo,0.9408,0.3047,-1.0691,0,CRM.AGC.SV01::E06,val
2025-10-31 04:00:00,CRM.AGC.SV01,hydraulics_agc_servo,0.9806,0.3103,-1.2287,0,CRM.AGC.SV01::E06,val
2025-10-31 05:00:00,CRM.AGC.SV01,hydraulics_agc_servo,1.004,0.3033,-1.6563,0,CRM.AGC.SV01::E06,val
2025-10-31 06:00:00,CRM.AGC.SV01,hydraulics_agc_servo,1.0333,0.2982,-1.4779,1,CRM.AGC.SV01::E06,val
2025-10-31 07:00:00,CRM.AGC.SV01,hydraulics_agc_servo,1.088,0.3232,-1.8641,0,CRM.AGC.SV01::E06,val
2025-10-31 08:00:00,CRM.AGC.SV01,hydraulics_agc_servo,1.1842,0.3565,0.291,0,CRM.AGC.SV01::E06,val
2025-10-31 09:00:00,CRM.AGC.SV01,hydraulics_agc_servo,1.206,0.3998,1.3212,1,CRM.AGC.SV01::E06,val
2025-10-31 10:00:00,CRM.AGC.SV01,hydraulics_agc_servo,1.1986,0.408,1.4075,0,CRM.AGC.SV01::E06,val
2025-10-31 11:00:00,CRM.AGC.SV01,hydraulics_agc_servo,1.2074,0.4112,1.3089,1,CRM.AGC.SV01::E06,val
2025-10-31 12:00:00,CRM.AGC.SV01,hydraulics_agc_servo,1.2249,0.3653,0.4783,0,CRM.AGC.SV01::E06,val
2025-10-31 13:00:00,CRM.AGC.SV01,hydraulics_agc_servo,1.1948,0.4118,0.4658,1,CRM.AGC.SV01::E06,val
2025-10-31 14:00:00,CRM.AGC.SV01,hydraulics_agc_servo,1.2785,0.4342,0.0186,1,CRM.AGC.SV01::E06,val
2025-10-31 15:00:00,CRM.AGC.SV01,hydraulics_agc_servo,1.2792,0.3376,0.4693,0,CRM.AGC.SV01::E06,val
2025-10-31 16:00:00,CRM.AGC.SV01,hydraulics_agc_servo,1.3037,0.3413,0.7334,1,CRM.AGC.SV01::E06,val
2025-10-31 17:00:00,CRM.AGC.SV01,hydraulics_agc_servo,1.3357,0.3682,1.4016,1,CRM.AGC.SV01::E06,val
2025-10-31 18:00:00,CRM.AGC.SV01,hydraulics_agc_servo,1.4239,0.4068,1.6686,1,CRM.AGC.SV01::E06,val
2025-10-31 19:00:00,CRM.AGC.SV01,hydraulics_agc_servo,1.441,0.3951,1.5618,1,CRM.AGC.SV01::E06,val
2025-10-31 20:00:00,CRM.AGC.SV01,hydraulics_agc_servo,1.4149,0.4086,0.6984,1,CRM.AGC.SV01::E06,val
2025-10-31 21:00:00,CRM.AGC.SV01,hydraulics_agc_servo,1.4193,0.4028,0.5268,1,CRM.AGC.SV01::E06,val
2025-10-31 22:00:00,CRM.AGC.SV01,hydraulics_agc_servo,1.4419,0.4377,0.5305,1,CRM.AGC.SV01::E06,val
2025-10-31 23:00:00,CRM.AGC.SV01,hydraulics_agc_servo,1.5091,0.4005,0.9367,1,CRM.AGC.SV01::E06,val
2025-11-01 00:00:00,CRM.AGC.SV01,hydraulics_agc_servo,1.6051,0.423,1.1684,2,CRM.AGC.SV01::E06,val
2025-11-01 01:00:00,CRM.AGC.SV01,hydraulics_agc_servo,1.7216,0.331,1.0698,1,CRM.AGC.SV01::E06,val
2025-11-01 02:00:00,CRM.AGC.SV01,hydraulics_agc_servo,1.8507,0.3155,1.0646,1,CRM.AGC.SV01::E06,val
2025-11-01 03:00:00,CRM.AGC.SV01,hydraulics_agc_servo,1.9232,0.3223,0.9816,1,CRM.AGC.SV01::E06,val
2025-11-01 04:00:00,CRM.AGC.SV01,hydraulics_agc_servo,2.069,0.3209,0.4577,1,CRM.AGC.SV01::E06,val
2025-11-01 05:00:00,CRM.AGC.SV01,hydraulics_agc_servo,2.1988,0.3822,0.5868,1,CRM.AGC.SV01::E06,val
2025-11-01 06:00:00,CRM.AGC.SV01,hydraulics_agc_servo,2.2888,0.3578,0.9075,2,CRM.AGC.SV01::E06,val
2025-11-01 07:00:00,CRM.AGC.SV01,hydraulics_agc_servo,2.4009,0.4016,1.341,1,CRM.AGC.SV01::E06,val
2025-11-01 08:00:00,CRM.AGC.SV01,hydraulics_agc_servo,2.5033,0.3074,1.0157,2,CRM.AGC.SV01::E06,val
2025-11-01 09:00:00,CRM.AGC.SV01,hydraulics_agc_servo,3.1549,0.3122,1.1146,1,CRM.AGC.SV01::E06,val
2025-11-01 10:00:00,CRM.AGC.SV01,hydraulics_agc_servo,3.52,0.2747,0.8841,1,CRM.AGC.SV01::E06,val
2025-11-01 11:00:00,CRM.AGC.SV01,hydraulics_agc_servo,3.52,0.2896,1.2919,1,CRM.AGC.SV01::E06,val
2025-11-01 12:00:00,CRM.AGC.SV01,hydraulics_agc_servo,3.5111,0.3572,1.2844,1,CRM.AGC.SV01::E06,val
2025-11-01 13:00:00,CRM.AGC.SV01,hydraulics_agc_servo,3.0403,0.3815,1.4444,2,CRM.AGC.SV01::E06,val
2025-11-01 14:00:00,CRM.AGC.SV01,hydraulics_agc_servo,3.0537,0.3851,2.3006,1,CRM.AGC.SV01::E06,val
2025-11-01 15:00:00,CRM.AGC.SV01,hydraulics_agc_servo,3.0426,0.3056,2.6732,1,CRM.AGC.SV01::E06,val
2025-11-01 16:00:00,CRM.AGC.SV01,hydraulics_agc_servo,3.0638,0.288,2.4136,1,CRM.AGC.SV01::E06,val
2025-11-01 17:00:00,CRM.AGC.SV01,hydraulics_agc_servo,3.0493,0.2579,2.6929,2,CRM.AGC.SV01::E06,val
2025-11-01 18:00:00,CRM.AGC.SV01,hydraulics_agc_servo,3.0615,0.2424,3.2078,2,CRM.AGC.SV01::E06,val
2025-11-01 19:00:00,CRM.AGC.SV01,hydraulics_agc_servo,3.0303,0.2568,2.179,2,CRM.AGC.SV01::E06,val
2025-11-01 20:00:00,CRM.AGC.SV01,hydraulics_agc_servo,3.0408,0.248,2.332,2,CRM.AGC.SV01::E06,val
2025-11-01 21:00:00,CRM.AGC.SV01,hydraulics_agc_servo,3.0418,0.2595,2.3339,2,CRM.AGC.SV01::E06,val
2025-11-01 22:00:00,CRM.AGC.SV01,hydraulics_agc_servo,3.0833,0.2727,1.1659,2,CRM.AGC.SV01::E06,val
2025-11-01 23:00:00,CRM.AGC.SV01,hydraulics_agc_servo,3.0585,0.2207,0.4621,2,CRM.AGC.SV01::E06,val
2025-11-02 00:00:00,CRM.AGC.SV01,hydraulics_agc_servo,3.0651,0.183,0.5036,1,CRM.AGC.SV01::E06,val
2025-11-02 01:00:00,CRM.AGC.SV01,hydraulics_agc_servo,3.0503,0.1934,0.0296,2,CRM.AGC.SV01::E06,val
2025-11-02 02:00:00,CRM.AGC.SV01,hydraulics_agc_servo,3.0911,0.1765,-0.8735,2,CRM.AGC.SV01::E06,val
2025-11-02 03:00:00,CRM.AGC.SV01,hydraulics_agc_servo,3.1026,0.2158,-1.3547,2,CRM.AGC.SV01::E06,val
2025-11-02 04:00:00,CRM.AGC.SV01,hydraulics_agc_servo,0.199,0.1825,-1.6036,0,,val
2025-11-02 05:00:00,CRM.AGC.SV01,hydraulics_agc_servo,0.1861,0.1879,-1.2403,0,,val
2025-11-02 06:00:00,CRM.AGC.SV01,hydraulics_agc_servo,0.2025,0.1561,-0.3011,0,,val
2025-11-02 07:00:00,CRM.AGC.SV01,hydraulics_agc_servo,0.197,0.1687,0.5293,0,,val
2025-11-02 08:00:00,CRM.AGC.SV01,hydraulics_agc_servo,0.2228,0.2037,1.1644,0,,val
2025-11-02 09:00:00,CRM.AGC.SV01,hydraulics_agc_servo,0.2297,0.1731,1.3031,0,,val
2025-11-02 10:00:00,CRM.AGC.SV01,hydraulics_agc_servo,0.2068,0.1673,1.2334,0,,val
2025-11-02 11:00:00,CRM.AGC.SV01,hydraulics_agc_servo,0.1751,0.2157,0.5565,0,,val
2025-11-02 12:00:00,CRM.AGC.SV01,hydraulics_agc_servo,0.1369,0.1625,-0.165,0,,val
2025-11-02 13:00:00,CRM.AGC.SV01,hydraulics_agc_servo,0.1836,0.2267,0.2273,0,,val
2025-11-02 14:00:00,CRM.AGC.SV01,hydraulics_agc_servo,0.184,0.1858,-0.1255,0,,val
2025-11-02 15:00:00,CRM.AGC.SV01,hydraulics_agc_servo,0.2141,0.1641,0.2059,0,,val
2025-11-02 16:00:00,CRM.AGC.SV01,hydraulics_agc_servo,0.1952,0.1111,0.5375,0,,val
2025-11-02 17:00:00,CRM.AGC.SV01,hydraulics_agc_servo,0.1406,0.0843,0.3651,0,,val
2025-11-02 18:00:00,CRM.AGC.SV01,hydraulics_agc_servo,0.1312,0.1076,0.4493,0,,val
2025-11-02 19:00:00,CRM.AGC.SV01,hydraulics_agc_servo,0.1375,0.184,0.6084,0,,val
2025-11-02 20:00:00,CRM.AGC.SV01,hydraulics_agc_servo,0.201,0.1629,0.9365,0,,val
2025-11-02 21:00:00,CRM.AGC.SV01,hydraulics_agc_servo,0.2448,0.2474,0.0731,0,,val
2025-11-02 22:00:00,CRM.AGC.SV01,hydraulics_agc_servo,0.2935,0.3728,-1.4805,0,,val
2025-11-02 23:00:00,CRM.AGC.SV01,hydraulics_agc_servo,0.3243,0.5617,-2.2527,0,,val
2025-11-03 00:00:00,CRM.AGC.SV01,hydraulics_agc_servo,0.3428,0.7262,-2.3042,0,,val
2025-11-03 01:00:00,CRM.AGC.SV01,hydraulics_agc_servo,0.3497,0.7973,-3.1272,0,,val
2025-11-03 02:00:00,CRM.AGC.SV01,hydraulics_agc_servo,0.3755,0.7944,-3.6043,0,,val
2025-11-03 03:00:00,CRM.AGC.SV01,hydraulics_agc_servo,0.4152,0.7919,-4.2859,0,,val
2025-11-03 04:00:00,CRM.AGC.SV01,hydraulics_agc_servo,0.409,0.7149,-4.1289,0,,val
2025-11-03 05:00:00,CRM.AGC.SV01,hydraulics_agc_servo,0.3914,0.4954,-4.187,0,,val
2025-11-03 06:00:00,CRM.AGC.SV01,hydraulics_agc_servo,0.4269,0.3278,-3.9736,0,,val
2025-11-03 07:00:00,CRM.AGC.SV01,hydraulics_agc_servo,0.5025,0.2472,-3.0819,0,,val
2025-11-03 08:00:00,CRM.AGC.SV01,hydraulics_agc_servo,0.4509,0.2205,-3.2088,0,,val
2025-11-03 09:00:00,CRM.AGC.SV01,hydraulics_agc_servo,0.3971,0.2561,-3.1863,0,,val
2025-11-03 10:00:00,CRM.AGC.SV01,hydraulics_agc_servo,0.3703,0.34,-2.6388,0,,val
2025-11-03 11:00:00,CRM.AGC.SV01,hydraulics_agc_servo,0.4016,0.3914,-3.6941,0,,val
2025-11-03 12:00:00,CRM.AGC.SV01,hydraulics_agc_servo,0.3774,0.4009,-3.3726,0,,val
2025-11-03 13:00:00,CRM.AGC.SV01,hydraulics_agc_servo,0.4249,0.3807,-4.3299,0,,val
2025-11-03 14:00:00,CRM.AGC.SV01,hydraulics_agc_servo,0.3784,0.3547,-4.5291,0,,val
2025-11-03 15:00:00,CRM.AGC.SV01,hydraulics_agc_servo,0.3824,0.324,-3.9889,0,,val
2025-11-03 16:00:00,CRM.AGC.SV01,hydraulics_agc_servo,0.3645,0.3408,-4.0265,0,,val
2025-11-03 17:00:00,CRM.AGC.SV01,hydraulics_agc_servo,0.3407,0.3391,-3.5396,0,,val
2025-11-03 18:00:00,CRM.AGC.SV01,hydraulics_agc_servo,0.344,0.3164,-3.723,0,,val
2025-11-03 19:00:00,CRM.AGC.SV01,hydraulics_agc_servo,0.3736,0.3441,-3.9803,0,,val
2025-11-03 20:00:00,CRM.AGC.SV01,hydraulics_agc_servo,0.4128,0.337,-3.2814,0,,val
2025-11-03 21:00:00,CRM.AGC.SV01,hydraulics_agc_servo,0.4251,0.275,-2.5656,0,,val
2025-11-03 22:00:00,CRM.AGC.SV01,hydraulics_agc_servo,0.3629,0.2743,-1.7863,0,,val
2025-11-03 23:00:00,CRM.AGC.SV01,hydraulics_agc_servo,0.3263,0.2944,-1.5088,0,,val
2025-11-04 00:00:00,CRM.AGC.SV01,hydraulics_agc_servo,0.3457,0.2811,-1.8553,0,,val
2025-11-04 01:00:00,CRM.AGC.SV01,hydraulics_agc_servo,0.3449,0.3181,-1.7505,0,,val
2025-11-04 02:00:00,CRM.AGC.SV01,hydraulics_agc_servo,0.3096,0.3297,-2.356,0,,val
2025-11-04 03:00:00,CRM.AGC.SV01,hydraulics_agc_servo,0.3261,0.3434,-1.3093,0,,val
2025-11-04 04:00:00,CRM.AGC.SV01,hydraulics_agc_servo,0.2923,0.3066,-0.8375,0,,val
2025-11-04 05:00:00,CRM.AGC.SV01,hydraulics_agc_servo,0.276,0.3253,-0.2282,0,,val
2025-11-04 06:00:00,CRM.AGC.SV01,hydraulics_agc_servo,0.2008,0.2615,-0.1025,0,,val
2025-11-04 07:00:00,CRM.AGC.SV01,hydraulics_agc_servo,0.2319,0.2445,0.1964,0,,val
2025-11-04 08:00:00,CRM.AGC.SV01,hydraulics_agc_servo,0.253,0.2267,-0.0118,0,,val
2025-11-04 09:00:00,CRM.AGC.SV01,hydraulics_agc_servo,0.3008,0.2567,-0.8855,0,,val
2025-11-04 10:00:00,CRM.AGC.SV01,hydraulics_agc_servo,0.2826,0.2157,-0.9329,0,,val
2025-11-04 11:00:00,CRM.AGC.SV01,hydraulics_agc_servo,0.2404,0.1968,-1.5527,0,,val
2025-11-04 12:00:00,CRM.AGC.SV01,hydraulics_agc_servo,0.2168,0.2164,-0.8836,0,,val
2025-11-04 13:00:00,CRM.AGC.SV01,hydraulics_agc_servo,0.2741,0.238,-1.1418,0,,val
2025-11-04 14:00:00,CRM.AGC.SV01,hydraulics_agc_servo,0.2397,0.2538,-1.3064,0,,val
2025-11-04 15:00:00,CRM.AGC.SV01,hydraulics_agc_servo,0.2886,0.279,-0.7017,0,,val
2025-11-04 16:00:00,CRM.AGC.SV01,hydraulics_agc_servo,0.294,0.2053,-0.6498,0,,val
2025-11-04 17:00:00,CRM.AGC.SV01,hydraulics_agc_servo,0.2504,0.1616,-1.3243,0,,val
2025-11-04 18:00:00,CRM.AGC.SV01,hydraulics_agc_servo,0.2519,0.1434,-0.5741,0,,val
2025-11-04 19:00:00,CRM.AGC.SV01,hydraulics_agc_servo,0.2493,0.2004,0.0478,0,,val
2025-11-04 20:00:00,CRM.AGC.SV01,hydraulics_agc_servo,0.2197,0.2453,0.5706,0,,val
2025-11-04 21:00:00,CRM.AGC.SV01,hydraulics_agc_servo,0.2648,0.2141,1.3156,0,,val
2025-11-04 22:00:00,CRM.AGC.SV01,hydraulics_agc_servo,0.2689,0.1809,1.4864,0,,val
2025-11-04 23:00:00,CRM.AGC.SV01,hydraulics_agc_servo,0.2085,0.211,0.839,0,,val
2025-11-05 00:00:00,CRM.AGC.SV01,hydraulics_agc_servo,0.2651,0.2529,1.1641,0,,val
2025-11-05 01:00:00,CRM.AGC.SV01,hydraulics_agc_servo,0.2214,0.2395,-0.105,0,,val
2025-11-05 02:00:00,CRM.AGC.SV01,hydraulics_agc_servo,0.1966,0.2194,1.6139,0,,val
2025-11-05 03:00:00,CRM.AGC.SV01,hydraulics_agc_servo,0.2312,0.2205,1.3253,0,,val
2025-11-05 04:00:00,CRM.AGC.SV01,hydraulics_agc_servo,0.1954,0.2611,1.255,0,,val
2025-11-05 05:00:00,CRM.AGC.SV01,hydraulics_agc_servo,0.1951,0.2665,1.9493,0,,val
2025-11-05 06:00:00,CRM.AGC.SV01,hydraulics_agc_servo,0.2937,0.2135,1.6872,0,,val
2025-11-05 07:00:00,CRM.AGC.SV01,hydraulics_agc_servo,0.2359,0.2437,1.962,0,,val
2025-11-05 08:00:00,CRM.AGC.SV01,hydraulics_agc_servo,0.2625,0.2189,1.7699,0,,val
2025-11-05 09:00:00,CRM.AGC.SV01,hydraulics_agc_servo,0.259,0.2289,1.2689,0,,val
2025-11-05 10:00:00,CRM.AGC.SV01,hydraulics_agc_servo,0.2209,0.2185,2.756,0,,val
2025-11-05 11:00:00,CRM.AGC.SV01,hydraulics_agc_servo,0.2277,0.249,6.2483,0,,val
2025-11-05 12:00:00,CRM.AGC.SV01,hydraulics_agc_servo,0.238,0.3049,10.0991,0,,val
2025-11-05 13:00:00,CRM.AGC.SV01,hydraulics_agc_servo,0.267,0.2762,12.6625,0,,val
2025-11-05 14:00:00,CRM.AGC.SV01,hydraulics_agc_servo,0.2588,0.289,13.0464,0,,val
2025-11-05 15:00:00,CRM.AGC.SV01,hydraulics_agc_servo,0.2522,0.2256,9.8517,0,,val
2025-11-05 16:00:00,CRM.AGC.SV01,hydraulics_agc_servo,0.2549,0.2968,5.906,0,,val
2025-11-05 17:00:00,CRM.AGC.SV01,hydraulics_agc_servo,0.2848,0.2731,3.0023,0,,val
2025-11-05 18:00:00,CRM.AGC.SV01,hydraulics_agc_servo,0.2555,0.25,2.0298,0,,val
2025-11-05 19:00:00,CRM.AGC.SV01,hydraulics_agc_servo,0.2743,0.2543,1.4039,0,,val
2025-11-05 20:00:00,CRM.AGC.SV01,hydraulics_agc_servo,0.3052,0.2418,-0.2856,0,,val
2025-11-05 21:00:00,CRM.AGC.SV01,hydraulics_agc_servo,0.3129,0.2764,-0.8036,0,,val
2025-11-05 22:00:00,CRM.AGC.SV01,hydraulics_agc_servo,0.317,0.3059,-0.9676,0,,val
2025-11-05 23:00:00,CRM.AGC.SV01,hydraulics_agc_servo,0.2321,0.2785,-1.3914,0,,val
2025-11-06 00:00:00,CRM.AGC.SV01,hydraulics_agc_servo,0.2625,0.3093,-1.4657,0,,val
2025-11-06 01:00:00,CRM.AGC.SV01,hydraulics_agc_servo,0.2473,0.3255,-2.4997,0,,val
2025-11-06 02:00:00,CRM.AGC.SV01,hydraulics_agc_servo,0.236,0.3121,-2.5936,0,,val
2025-11-06 03:00:00,CRM.AGC.SV01,hydraulics_agc_servo,0.2733,0.328,-2.4314,0,,val
2025-11-06 04:00:00,CRM.AGC.SV01,hydraulics_agc_servo,0.2913,0.3967,-2.0141,0,,val
2025-11-06 05:00:00,CRM.AGC.SV01,hydraulics_agc_servo,0.2574,0.3818,-1.5425,0,,val
2025-11-06 06:00:00,CRM.AGC.SV01,hydraulics_agc_servo,0.2684,0.3518,-2.2554,0,,val
2025-11-06 07:00:00,CRM.AGC.SV01,hydraulics_agc_servo,0.2407,0.3431,-2.4463,0,,val
2025-11-06 08:00:00,CRM.AGC.SV01,hydraulics_agc_servo,0.2153,0.2951,-3.3777,0,,val
2025-11-06 09:00:00,CRM.AGC.SV01,hydraulics_agc_servo,0.2343,0.3204,-3.1124,0,,val
2025-11-06 10:00:00,CRM.AGC.SV01,hydraulics_agc_servo,0.2209,0.2832,-3.0359,0,,test
2025-11-06 11:00:00,CRM.AGC.SV01,hydraulics_agc_servo,0.2163,0.3127,-2.5536,0,,test
2025-11-06 12:00:00,CRM.AGC.SV01,hydraulics_agc_servo,0.209,0.3856,-3.3265,0,,test
2025-11-06 13:00:00,CRM.AGC.SV01,hydraulics_agc_servo,0.269,0.3676,-3.0495,0,,test
2025-11-06 14:00:00,CRM.AGC.SV01,hydraulics_agc_servo,0.2282,0.3855,-2.524,0,,test
2025-11-06 15:00:00,CRM.AGC.SV01,hydraulics_agc_servo,0.2093,0.3249,-1.775,0,,test
2025-11-06 16:00:00,CRM.AGC.SV01,hydraulics_agc_servo,0.238,0.2723,-2.0816,0,,test
2025-11-06 17:00:00,CRM.AGC.SV01,hydraulics_agc_servo,0.2495,0.2548,-0.8133,0,,test
2025-11-06 18:00:00,CRM.AGC.SV01,hydraulics_agc_servo,0.2353,0.2198,-1.5062,0,,test
2025-11-06 19:00:00,CRM.AGC.SV01,hydraulics_agc_servo,0.2433,0.1507,-0.8382,0,,test
2025-11-06 20:00:00,CRM.AGC.SV01,hydraulics_agc_servo,0.2029,0.1542,-0.7711,0,,test
2025-11-06 21:00:00,CRM.AGC.SV01,hydraulics_agc_servo,0.2154,0.1728,-0.2462,0,,test
2025-11-06 22:00:00,CRM.AGC.SV01,hydraulics_agc_servo,0.2318,0.2143,-0.2078,0,,test
2025-11-06 23:00:00,CRM.AGC.SV01,hydraulics_agc_servo,0.1771,0.2423,-0.9884,0,,test
2025-11-07 00:00:00,CRM.AGC.SV01,hydraulics_agc_servo,0.149,0.2215,-1.5674,0,,test
2025-11-07 01:00:00,CRM.AGC.SV01,hydraulics_agc_servo,0.1208,0.2293,-1.8974,0,,test
2025-11-07 02:00:00,CRM.AGC.SV01,hydraulics_agc_servo,0.1509,0.277,-1.1696,0,,test
2025-11-07 03:00:00,CRM.AGC.SV01,hydraulics_agc_servo,0.2108,0.2561,-0.4688,0,,test
2025-11-07 04:00:00,CRM.AGC.SV01,hydraulics_agc_servo,0.2126,0.1883,-0.9094,0,,test
2025-11-07 05:00:00,CRM.AGC.SV01,hydraulics_agc_servo,0.2675,0.172,-0.5094,0,,test
2025-11-07 06:00:00,CRM.AGC.SV01,hydraulics_agc_servo,0.2461,0.1825,-1.9345,0,,test
2025-11-07 07:00:00,CRM.AGC.SV01,hydraulics_agc_servo,0.2388,0.2664,-1.9744,0,,test
2025-11-07 08:00:00,CRM.AGC.SV01,hydraulics_agc_servo,0.1941,0.2574,-2.1426,0,,test
2025-11-07 09:00:00,CRM.AGC.SV01,hydraulics_agc_servo,0.2092,0.3446,-2.3754,0,,test
2025-11-07 10:00:00,CRM.AGC.SV01,hydraulics_agc_servo,0.1564,0.3583,-2.5869,0,,test
2025-11-07 11:00:00,CRM.AGC.SV01,hydraulics_agc_servo,0.1385,0.3407,-2.9486,0,,test
2025-11-07 12:00:00,CRM.AGC.SV01,hydraulics_agc_servo,0.1144,0.3368,-2.2401,0,,test
2025-11-07 13:00:00,CRM.AGC.SV01,hydraulics_agc_servo,0.0722,0.3121,-1.8426,0,,test
2025-11-07 14:00:00,CRM.AGC.SV01,hydraulics_agc_servo,0.0939,0.3038,-1.7149,0,,test
2025-11-07 15:00:00,CRM.AGC.SV01,hydraulics_agc_servo,0.0691,0.2866,-2.6696,0,,test
2025-11-07 16:00:00,CRM.AGC.SV01,hydraulics_agc_servo,0.1349,0.2356,-2.9547,0,,test
2025-11-07 17:00:00,CRM.AGC.SV01,hydraulics_agc_servo,0.1166,0.2348,-2.3079,0,,test
2025-11-07 18:00:00,CRM.AGC.SV01,hydraulics_agc_servo,0.1172,0.2047,-1.5375,0,,test
2025-11-07 19:00:00,CRM.AGC.SV01,hydraulics_agc_servo,0.1509,0.1955,-2.1938,0,,test
2025-11-07 20:00:00,CRM.AGC.SV01,hydraulics_agc_servo,0.1549,0.2132,-1.2717,0,,test
2025-11-07 21:00:00,CRM.AGC.SV01,hydraulics_agc_servo,0.1898,0.2168,-1.7471,0,,test
2025-11-07 22:00:00,CRM.AGC.SV01,hydraulics_agc_servo,0.1657,0.1978,-0.9761,0,,test
2025-11-07 23:00:00,CRM.AGC.SV01,hydraulics_agc_servo,0.1887,0.2403,-2.1245,0,,test
2025-11-08 00:00:00,CRM.AGC.SV01,hydraulics_agc_servo,0.1819,0.1958,-3.0406,0,,test
2025-11-08 01:00:00,CRM.AGC.SV01,hydraulics_agc_servo,0.2014,0.2035,-3.9929,0,,test
2025-11-08 02:00:00,CRM.AGC.SV01,hydraulics_agc_servo,0.2237,0.1826,-3.1505,0,,test
2025-11-08 03:00:00,CRM.AGC.SV01,hydraulics_agc_servo,0.1745,0.1581,-2.1329,0,,test
2025-11-08 04:00:00,CRM.AGC.SV01,hydraulics_agc_servo,0.2107,0.1792,-3.1554,0,,test
2025-11-08 05:00:00,CRM.AGC.SV01,hydraulics_agc_servo,0.1802,0.182,-3.4522,0,,test
2025-11-08 06:00:00,CRM.AGC.SV01,hydraulics_agc_servo,0.2402,0.1977,-3.3285,0,,test
2025-11-08 07:00:00,CRM.AGC.SV01,hydraulics_agc_servo,0.2011,0.2823,-4.0169,0,,test
2025-11-08 08:00:00,CRM.AGC.SV01,hydraulics_agc_servo,0.1678,0.2977,-4.2547,0,,test
2025-11-08 09:00:00,CRM.AGC.SV01,hydraulics_agc_servo,0.2143,0.2847,-3.357,0,,test
2025-11-08 10:00:00,CRM.AGC.SV01,hydraulics_agc_servo,0.1655,0.3027,-2.8741,0,,test
2025-11-08 11:00:00,CRM.AGC.SV01,hydraulics_agc_servo,0.1724,0.2748,-2.2132,0,,test
2025-11-08 12:00:00,CRM.AGC.SV01,hydraulics_agc_servo,0.1775,0.271,-1.9357,0,,test
2025-11-08 13:00:00,CRM.AGC.SV01,hydraulics_agc_servo,0.1323,0.2826,-1.045,0,,test
2025-11-08 14:00:00,CRM.AGC.SV01,hydraulics_agc_servo,0.1369,0.2325,-0.259,0,,test
2025-11-08 15:00:00,CRM.AGC.SV01,hydraulics_agc_servo,0.1614,0.2573,0.4705,0,,test
2025-11-08 16:00:00,CRM.AGC.SV01,hydraulics_agc_servo,0.2181,0.2869,0.1621,0,,test
2025-11-08 17:00:00,CRM.AGC.SV01,hydraulics_agc_servo,0.1674,0.2573,1.4509,0,,test
2025-11-08 18:00:00,CRM.AGC.SV01,hydraulics_agc_servo,0.2161,0.2612,2.1688,0,,test
2025-11-08 19:00:00,CRM.AGC.SV01,hydraulics_agc_servo,0.203,0.2401,2.2316,0,,test
2025-11-08 20:00:00,CRM.AGC.SV01,hydraulics_agc_servo,0.1276,0.2404,1.4602,0,,test
2025-11-08 21:00:00,CRM.AGC.SV01,hydraulics_agc_servo,0.1797,0.199,1.5204,0,,test
2025-11-08 22:00:00,CRM.AGC.SV01,hydraulics_agc_servo,0.1376,0.2278,0.9868,0,,test
2025-11-08 23:00:00,CRM.AGC.SV01,hydraulics_agc_servo,0.0729,0.2527,1.7131,0,,test
2025-11-09 00:00:00,CRM.AGC.SV01,hydraulics_agc_servo,0.0906,0.2551,1.7223,0,,test
2025-11-09 01:00:00,CRM.AGC.SV01,hydraulics_agc_servo,0.082,0.2541,1.6192,0,,test
2025-11-09 02:00:00,CRM.AGC.SV01,hydraulics_agc_servo,0.1055,0.2639,2.2935,0,,test
2025-11-09 03:00:00,CRM.AGC.SV01,hydraulics_agc_servo,0.1054,0.248,2.9399,0,,test
2025-11-09 04:00:00,CRM.AGC.SV01,hydraulics_agc_servo,0.1351,0.251,2.3742,0,,test
2025-11-09 05:00:00,CRM.AGC.SV01,hydraulics_agc_servo,0.1588,0.3109,2.5947,0,,test
2025-11-09 06:00:00,CRM.AGC.SV01,hydraulics_agc_servo,0.1712,0.3165,1.8388,0,,test
2025-11-09 07:00:00,CRM.AGC.SV01,hydraulics_agc_servo,0.2197,0.3334,1.8076,0,,test
2025-11-09 08:00:00,CRM.AGC.SV01,hydraulics_agc_servo,0.2614,0.3222,2.4083,0,,test
2025-11-09 09:00:00,CRM.AGC.SV01,hydraulics_agc_servo,0.2686,0.2764,1.9244,0,,test
2025-11-09 10:00:00,CRM.AGC.SV01,hydraulics_agc_servo,0.2724,0.241,2.2114,0,,test
2025-11-09 11:00:00,CRM.AGC.SV01,hydraulics_agc_servo,0.2679,0.2077,2.2594,0,,test
2025-11-09 12:00:00,CRM.AGC.SV01,hydraulics_agc_servo,0.2772,0.2147,2.4261,0,,test
2025-11-09 13:00:00,CRM.AGC.SV01,hydraulics_agc_servo,0.2862,0.1816,1.1009,0,,test
2025-11-09 14:00:00,CRM.AGC.SV01,hydraulics_agc_servo,0.2874,0.1831,1.6912,0,,test
2025-11-09 15:00:00,CRM.AGC.SV01,hydraulics_agc_servo,0.24,0.2533,1.2328,0,,test
2025-11-09 16:00:00,CRM.AGC.SV01,hydraulics_agc_servo,0.2039,0.1989,-0.5165,0,,test
2025-11-09 17:00:00,CRM.AGC.SV01,hydraulics_agc_servo,0.22,0.2633,-0.1022,0,,test
2025-11-09 18:00:00,CRM.AGC.SV01,hydraulics_agc_servo,0.244,0.1773,0.5862,0,,test
2025-11-09 19:00:00,CRM.AGC.SV01,hydraulics_agc_servo,0.2463,0.2195,0.6769,0,,test
2025-11-09 20:00:00,CRM.AGC.SV01,hydraulics_agc_servo,0.2959,0.2545,0.4554,0,,test
2025-11-09 21:00:00,CRM.AGC.SV01,hydraulics_agc_servo,0.283,0.2561,1.0305,0,,test
2025-11-09 22:00:00,CRM.AGC.SV01,hydraulics_agc_servo,0.2883,0.2652,2.1698,0,,test
2025-11-09 23:00:00,CRM.AGC.SV01,hydraulics_agc_servo,0.2547,0.2782,1.503,0,,test
2025-11-10 00:00:00,CRM.AGC.SV01,hydraulics_agc_servo,0.2831,0.3046,0.4474,0,,test
2025-11-10 01:00:00,CRM.AGC.SV01,hydraulics_agc_servo,0.2874,0.2427,1.7764,0,,test
2025-11-10 02:00:00,CRM.AGC.SV01,hydraulics_agc_servo,0.3621,0.227,3.0197,0,,test
2025-11-10 03:00:00,CRM.AGC.SV01,hydraulics_agc_servo,0.3825,0.2454,3.3702,0,,test
2025-11-10 04:00:00,CRM.AGC.SV01,hydraulics_agc_servo,0.4032,0.2452,4.2964,0,,test
2025-11-10 05:00:00,CRM.AGC.SV01,hydraulics_agc_servo,0.3686,0.2105,3.9842,0,,test
2025-11-10 06:00:00,CRM.AGC.SV01,hydraulics_agc_servo,0.3824,0.1862,4.0732,0,,test
2025-11-10 07:00:00,CRM.AGC.SV01,hydraulics_agc_servo,0.3107,0.2333,3.5904,0,,test
2025-11-10 08:00:00,CRM.AGC.SV01,hydraulics_agc_servo,0.2528,0.2447,2.7661,0,,test
2025-11-10 09:00:00,CRM.AGC.SV01,hydraulics_agc_servo,0.2818,0.2318,2.3072,0,,test
2025-11-10 10:00:00,CRM.AGC.SV01,hydraulics_agc_servo,0.2538,0.2614,2.7052,0,,test
2025-11-10 11:00:00,CRM.AGC.SV01,hydraulics_agc_servo,0.2906,0.1977,3.3457,0,,test
2025-11-10 12:00:00,CRM.AGC.SV01,hydraulics_agc_servo,0.2852,0.1878,3.0558,0,,test
2025-11-10 13:00:00,CRM.AGC.SV01,hydraulics_agc_servo,0.2637,0.1811,2.9598,0,,test
2025-11-10 14:00:00,CRM.AGC.SV01,hydraulics_agc_servo,0.2232,0.2227,2.6929,0,,test
2025-11-10 15:00:00,CRM.AGC.SV01,hydraulics_agc_servo,0.2618,0.219,1.9151,0,,test
2025-11-10 16:00:00,CRM.AGC.SV01,hydraulics_agc_servo,0.2966,0.1966,1.6007,0,,test
2025-11-10 17:00:00,CRM.AGC.SV01,hydraulics_agc_servo,0.309,0.2135,1.3693,0,,test
2025-11-10 18:00:00,CRM.AGC.SV01,hydraulics_agc_servo,0.2931,0.2352,1.1492,0,,test
2025-11-10 19:00:00,CRM.AGC.SV01,hydraulics_agc_servo,0.2462,0.25,0.8667,0,,test
2025-11-10 20:00:00,CRM.AGC.SV01,hydraulics_agc_servo,0.2185,0.1798,1.4966,0,,test
2025-11-10 21:00:00,CRM.AGC.SV01,hydraulics_agc_servo,0.2021,0.2358,1.4515,0,,test
2025-11-10 22:00:00,CRM.AGC.SV01,hydraulics_agc_servo,0.1717,0.2869,2.1338,0,,test
2025-11-10 23:00:00,CRM.AGC.SV01,hydraulics_agc_servo,0.1791,0.311,2.7094,0,,test
2025-11-11 00:00:00,CRM.AGC.SV01,hydraulics_agc_servo,0.2566,0.2733,2.5782,0,,test
2025-11-11 01:00:00,CRM.AGC.SV01,hydraulics_agc_servo,0.2826,0.3133,2.5295,0,,test
2025-11-11 02:00:00,CRM.AGC.SV01,hydraulics_agc_servo,0.287,0.2677,2.8934,0,,test
2025-11-11 03:00:00,CRM.AGC.SV01,hydraulics_agc_servo,0.3175,0.3139,2.9699,0,,test
2025-11-11 04:00:00,CRM.AGC.SV01,hydraulics_agc_servo,0.3352,0.3138,3.1824,0,,test
2025-11-11 05:00:00,CRM.AGC.SV01,hydraulics_agc_servo,0.3142,0.3147,4.0545,0,,test
2025-11-11 06:00:00,CRM.AGC.SV01,hydraulics_agc_servo,0.2851,0.2967,3.9242,0,,test
2025-11-11 07:00:00,CRM.AGC.SV01,hydraulics_agc_servo,0.2913,0.3069,4.0645,0,,test
2025-11-11 08:00:00,CRM.AGC.SV01,hydraulics_agc_servo,0.2888,0.3203,4.1451,0,,test
2025-11-11 09:00:00,CRM.AGC.SV01,hydraulics_agc_servo,0.27,0.3584,3.1722,0,,test
2025-11-11 10:00:00,CRM.AGC.SV01,hydraulics_agc_servo,0.3061,0.3571,3.1956,0,,test
2025-11-11 11:00:00,CRM.AGC.SV01,hydraulics_agc_servo,0.293,0.3216,3.8055,0,,test
2025-11-11 12:00:00,CRM.AGC.SV01,hydraulics_agc_servo,0.2952,0.2889,4.5026,0,,test
2025-11-11 13:00:00,CRM.AGC.SV01,hydraulics_agc_servo,0.2977,0.2767,4.6386,0,,test
2025-11-11 14:00:00,CRM.AGC.SV01,hydraulics_agc_servo,0.2276,0.2449,3.9091,0,,test
2025-11-11 15:00:00,CRM.AGC.SV01,hydraulics_agc_servo,0.2279,0.2021,3.4095,0,,test
2025-11-11 16:00:00,CRM.AGC.SV01,hydraulics_agc_servo,0.2125,0.2312,3.1145,0,,test
2025-11-11 17:00:00,CRM.AGC.SV01,hydraulics_agc_servo,0.2396,0.1767,3.644,0,,test
2025-11-11 18:00:00,CRM.AGC.SV01,hydraulics_agc_servo,0.1926,0.1854,3.7429,0,,test
2025-11-11 19:00:00,CRM.AGC.SV01,hydraulics_agc_servo,0.1743,0.1999,4.4428,0,,test
2025-11-11 20:00:00,CRM.AGC.SV01,hydraulics_agc_servo,0.1856,0.2213,4.311,0,,test
2025-11-11 21:00:00,CRM.AGC.SV01,hydraulics_agc_servo,0.2104,0.196,3.9984,0,,test
2025-11-11 22:00:00,CRM.AGC.SV01,hydraulics_agc_servo,0.2407,0.234,3.0987,0,,test
2025-11-11 23:00:00,CRM.AGC.SV01,hydraulics_agc_servo,0.2461,0.1918,3.7709,0,,test
2025-11-12 00:00:00,CRM.AGC.SV01,hydraulics_agc_servo,0.2527,0.206,2.6868,0,,test
2025-11-12 01:00:00,CRM.AGC.SV01,hydraulics_agc_servo,0.253,0.2027,1.5338,0,,test
2025-11-12 02:00:00,CRM.AGC.SV01,hydraulics_agc_servo,0.2896,0.2046,0.8259,0,,test
2025-11-12 03:00:00,CRM.AGC.SV01,hydraulics_agc_servo,0.2913,0.2253,0.41,0,,test
2025-11-12 04:00:00,CRM.AGC.SV01,hydraulics_agc_servo,0.2144,0.2132,0.607,0,,test
2025-11-12 05:00:00,CRM.AGC.SV01,hydraulics_agc_servo,0.2203,0.2355,1.07,0,,test
2025-11-12 06:00:00,CRM.AGC.SV01,hydraulics_agc_servo,0.1858,0.281,1.0007,0,,test
2025-11-12 07:00:00,CRM.AGC.SV01,hydraulics_agc_servo,0.2092,0.319,1.0726,0,,test
2025-11-12 08:00:00,CRM.AGC.SV01,hydraulics_agc_servo,0.219,0.2762,1.1707,0,,test
2025-11-12 09:00:00,CRM.AGC.SV01,hydraulics_agc_servo,0.1501,0.2438,1.6469,0,,test
2025-11-12 10:00:00,CRM.AGC.SV01,hydraulics_agc_servo,0.1618,0.221,1.9724,0,,test
2025-11-12 11:00:00,CRM.AGC.SV01,hydraulics_agc_servo,0.1621,0.1787,2.0945,0,,test
2025-11-12 12:00:00,CRM.AGC.SV01,hydraulics_agc_servo,0.1191,0.2465,1.6268,0,,test
2025-11-12 13:00:00,CRM.AGC.SV01,hydraulics_agc_servo,0.1148,0.2346,2.5679,0,,test
2025-11-12 14:00:00,CRM.AGC.SV01,hydraulics_agc_servo,0.1352,0.1625,1.9651,0,,test
2025-11-12 15:00:00,CRM.AGC.SV01,hydraulics_agc_servo,0.1854,0.1943,2.5575,0,,test
2025-11-12 16:00:00,CRM.AGC.SV01,hydraulics_agc_servo,0.2177,0.2215,1.5324,0,,test
2025-11-12 17:00:00,CRM.AGC.SV01,hydraulics_agc_servo,0.1762,0.2279,2.7559,0,,test
2025-11-12 18:00:00,CRM.AGC.SV01,hydraulics_agc_servo,0.164,0.2301,2.2582,0,,test
2025-11-12 19:00:00,CRM.AGC.SV01,hydraulics_agc_servo,0.1589,0.1826,1.7846,0,,test
2025-11-12 20:00:00,CRM.AGC.SV01,hydraulics_agc_servo,0.1588,0.2032,1.6023,0,,test
2025-11-12 21:00:00,CRM.AGC.SV01,hydraulics_agc_servo,0.1343,0.1808,2.2154,0,,test
2025-11-12 22:00:00,CRM.AGC.SV01,hydraulics_agc_servo,0.0848,0.1883,1.3145,0,,test
2025-11-12 23:00:00,CRM.AGC.SV01,hydraulics_agc_servo,0.1394,0.2724,1.2991,0,,test
2025-11-13 00:00:00,CRM.AGC.SV01,hydraulics_agc_servo,0.1408,0.2925,0.9343,0,,test
2025-11-13 01:00:00,CRM.AGC.SV01,hydraulics_agc_servo,0.1576,0.2114,0.9862,0,,test
2025-11-13 02:00:00,CRM.AGC.SV01,hydraulics_agc_servo,0.1082,0.2177,1.052,0,,test
2025-11-13 03:00:00,CRM.AGC.SV01,hydraulics_agc_servo,0.1221,0.186,0.0203,0,,test
2025-11-13 04:00:00,CRM.AGC.SV01,hydraulics_agc_servo,0.1114,0.2326,0.2383,0,,test
2025-11-13 05:00:00,CRM.AGC.SV01,hydraulics_agc_servo,0.1366,0.2247,0.7816,0,,test
2025-11-13 06:00:00,CRM.AGC.SV01,hydraulics_agc_servo,0.081,0.2417,0.0065,0,,test
2025-11-13 07:00:00,CRM.AGC.SV01,hydraulics_agc_servo,0.0298,0.2232,-1.1078,0,,test
2025-11-13 08:00:00,CRM.AGC.SV01,hydraulics_agc_servo,0.0176,0.2873,-1.363,0,,test
2025-11-13 09:00:00,CRM.AGC.SV01,hydraulics_agc_servo,0.0261,0.2743,-2.4988,0,,test
2025-11-13 10:00:00,CRM.AGC.SV01,hydraulics_agc_servo,0.05,0.2298,-2.0754,0,CRM.AGC.SV01::E07,test
2025-11-13 11:00:00,CRM.AGC.SV01,hydraulics_agc_servo,0.0376,0.2502,-1.6641,0,CRM.AGC.SV01::E07,test
2025-11-13 12:00:00,CRM.AGC.SV01,hydraulics_agc_servo,0.1388,0.1864,-0.8608,0,CRM.AGC.SV01::E07,test
2025-11-13 13:00:00,CRM.AGC.SV01,hydraulics_agc_servo,0.224,0.1402,-0.512,0,CRM.AGC.SV01::E07,test
2025-11-13 14:00:00,CRM.AGC.SV01,hydraulics_agc_servo,0.2237,0.1663,-0.9612,0,CRM.AGC.SV01::E07,test
2025-11-13 15:00:00,CRM.AGC.SV01,hydraulics_agc_servo,0.2555,0.1919,-1.8973,0,CRM.AGC.SV01::E07,test
2025-11-13 16:00:00,CRM.AGC.SV01,hydraulics_agc_servo,0.2206,0.2294,-1.7558,0,CRM.AGC.SV01::E07,test
2025-11-13 17:00:00,CRM.AGC.SV01,hydraulics_agc_servo,0.3046,0.208,-1.2698,0,CRM.AGC.SV01::E07,test
2025-11-13 18:00:00,CRM.AGC.SV01,hydraulics_agc_servo,0.3353,0.1871,-0.7201,0,CRM.AGC.SV01::E07,test
2025-11-13 19:00:00,CRM.AGC.SV01,hydraulics_agc_servo,0.3921,0.1455,-0.9926,0,CRM.AGC.SV01::E07,test
2025-11-13 20:00:00,CRM.AGC.SV01,hydraulics_agc_servo,0.4102,0.1371,-0.6065,0,CRM.AGC.SV01::E07,test
2025-11-13 21:00:00,CRM.AGC.SV01,hydraulics_agc_servo,0.4709,0.1521,-1.1691,0,CRM.AGC.SV01::E07,test
2025-11-13 22:00:00,CRM.AGC.SV01,hydraulics_agc_servo,0.4997,0.1181,-0.358,0,CRM.AGC.SV01::E07,test
2025-11-13 23:00:00,CRM.AGC.SV01,hydraulics_agc_servo,0.4991,0.1538,0.4415,0,CRM.AGC.SV01::E07,test
2025-11-14 00:00:00,CRM.AGC.SV01,hydraulics_agc_servo,0.4995,0.2364,1.1129,0,CRM.AGC.SV01::E07,test
2025-11-14 01:00:00,CRM.AGC.SV01,hydraulics_agc_servo,0.4979,0.2195,1.0465,0,CRM.AGC.SV01::E07,test
2025-11-14 02:00:00,CRM.AGC.SV01,hydraulics_agc_servo,0.4736,0.2747,1.7097,0,CRM.AGC.SV01::E07,test
2025-11-14 03:00:00,CRM.AGC.SV01,hydraulics_agc_servo,0.5014,0.2676,0.9712,0,CRM.AGC.SV01::E07,test
2025-11-14 04:00:00,CRM.AGC.SV01,hydraulics_agc_servo,0.5523,0.271,0.4489,0,CRM.AGC.SV01::E07,test
2025-11-14 05:00:00,CRM.AGC.SV01,hydraulics_agc_servo,0.5904,0.2581,0.2161,0,CRM.AGC.SV01::E07,test
2025-11-14 06:00:00,CRM.AGC.SV01,hydraulics_agc_servo,0.5876,0.3224,1.4716,0,CRM.AGC.SV01::E07,test
2025-11-14 07:00:00,CRM.AGC.SV01,hydraulics_agc_servo,0.6647,0.3428,1.9474,0,CRM.AGC.SV01::E07,test
2025-11-14 08:00:00,CRM.AGC.SV01,hydraulics_agc_servo,0.6616,0.3246,2.0886,0,CRM.AGC.SV01::E07,test
2025-11-14 09:00:00,CRM.AGC.SV01,hydraulics_agc_servo,0.6701,0.2924,2.3301,0,CRM.AGC.SV01::E07,test
2025-11-14 10:00:00,CRM.AGC.SV01,hydraulics_agc_servo,0.6863,0.2949,3.2362,0,CRM.AGC.SV01::E07,test
2025-11-14 11:00:00,CRM.AGC.SV01,hydraulics_agc_servo,0.6911,0.2802,3.3656,0,CRM.AGC.SV01::E07,test
2025-11-14 12:00:00,CRM.AGC.SV01,hydraulics_agc_servo,0.7122,0.3158,3.854,0,CRM.AGC.SV01::E07,test
2025-11-14 13:00:00,CRM.AGC.SV01,hydraulics_agc_servo,0.7102,0.3339,3.9826,0,CRM.AGC.SV01::E07,test
2025-11-14 14:00:00,CRM.AGC.SV01,hydraulics_agc_servo,0.7311,0.3016,3.8444,0,CRM.AGC.SV01::E07,test
2025-11-14 15:00:00,CRM.AGC.SV01,hydraulics_agc_servo,0.8128,0.2882,4.6461,0,CRM.AGC.SV01::E07,test
2025-11-14 16:00:00,CRM.AGC.SV01,hydraulics_agc_servo,0.8267,0.2446,4.4949,0,CRM.AGC.SV01::E07,test
2025-11-14 17:00:00,CRM.AGC.SV01,hydraulics_agc_servo,0.8344,0.2502,3.8489,0,CRM.AGC.SV01::E07,test
2025-11-14 18:00:00,CRM.AGC.SV01,hydraulics_agc_servo,0.7864,0.2481,3.7689,0,CRM.AGC.SV01::E07,test
2025-11-14 19:00:00,CRM.AGC.SV01,hydraulics_agc_servo,0.7834,0.2697,3.7021,0,CRM.AGC.SV01::E07,test
2025-11-14 20:00:00,CRM.AGC.SV01,hydraulics_agc_servo,0.8517,0.2433,3.0389,0,CRM.AGC.SV01::E07,test
2025-11-14 21:00:00,CRM.AGC.SV01,hydraulics_agc_servo,0.9009,0.2237,3.5398,0,CRM.AGC.SV01::E07,test
2025-11-14 22:00:00,CRM.AGC.SV01,hydraulics_agc_servo,0.9043,0.2935,3.7513,0,CRM.AGC.SV01::E07,test
2025-11-14 23:00:00,CRM.AGC.SV01,hydraulics_agc_servo,0.9263,0.2496,3.2499,0,CRM.AGC.SV01::E07,test
2025-11-15 00:00:00,CRM.AGC.SV01,hydraulics_agc_servo,0.8812,0.2462,2.7593,0,CRM.AGC.SV01::E07,test
2025-11-15 01:00:00,CRM.AGC.SV01,hydraulics_agc_servo,0.9319,0.2932,2.6991,0,CRM.AGC.SV01::E07,test
2025-11-15 02:00:00,CRM.AGC.SV01,hydraulics_agc_servo,0.9362,0.2279,2.066,0,CRM.AGC.SV01::E07,test
2025-11-15 03:00:00,CRM.AGC.SV01,hydraulics_agc_servo,0.9164,0.283,3.2225,0,CRM.AGC.SV01::E07,test
2025-11-15 04:00:00,CRM.AGC.SV01,hydraulics_agc_servo,0.9566,0.3143,3.5729,0,CRM.AGC.SV01::E07,test
2025-11-15 05:00:00,CRM.AGC.SV01,hydraulics_agc_servo,1.003,0.3841,3.4014,0,CRM.AGC.SV01::E07,test
2025-11-15 06:00:00,CRM.AGC.SV01,hydraulics_agc_servo,0.9209,0.4128,2.9975,0,CRM.AGC.SV01::E07,test
2025-11-15 07:00:00,CRM.AGC.SV01,hydraulics_agc_servo,0.9326,0.4116,3.2123,0,CRM.AGC.SV01::E07,test
2025-11-15 08:00:00,CRM.AGC.SV01,hydraulics_agc_servo,0.9511,0.4537,4.0988,0,CRM.AGC.SV01::E07,test
2025-11-15 09:00:00,CRM.AGC.SV01,hydraulics_agc_servo,0.9526,0.436,3.4808,0,CRM.AGC.SV01::E07,test
2025-11-15 10:00:00,CRM.AGC.SV01,hydraulics_agc_servo,0.9368,0.4224,3.7714,0,CRM.AGC.SV01::E07,test
2025-11-15 11:00:00,CRM.AGC.SV01,hydraulics_agc_servo,1.0186,0.4274,4.162,0,CRM.AGC.SV01::E07,test
2025-11-15 12:00:00,CRM.AGC.SV01,hydraulics_agc_servo,1.0515,0.4312,3.0377,0,CRM.AGC.SV01::E07,test
2025-11-15 13:00:00,CRM.AGC.SV01,hydraulics_agc_servo,1.0782,0.4571,3.1048,0,CRM.AGC.SV01::E07,test
2025-11-15 14:00:00,CRM.AGC.SV01,hydraulics_agc_servo,1.0921,0.4282,3.4198,0,CRM.AGC.SV01::E07,test
2025-11-15 15:00:00,CRM.AGC.SV01,hydraulics_agc_servo,1.1519,0.4245,3.9956,0,CRM.AGC.SV01::E07,test
2025-11-15 16:00:00,CRM.AGC.SV01,hydraulics_agc_servo,1.1833,0.4228,4.3226,0,CRM.AGC.SV01::E07,test
2025-11-15 17:00:00,CRM.AGC.SV01,hydraulics_agc_servo,1.2304,0.4066,4.5293,0,CRM.AGC.SV01::E07,test
2025-11-15 18:00:00,CRM.AGC.SV01,hydraulics_agc_servo,1.2432,0.4011,5.3401,0,CRM.AGC.SV01::E07,test
2025-11-15 19:00:00,CRM.AGC.SV01,hydraulics_agc_servo,1.3064,0.3792,5.8764,0,CRM.AGC.SV01::E07,test
2025-11-15 20:00:00,CRM.AGC.SV01,hydraulics_agc_servo,1.2754,0.41,5.9473,0,CRM.AGC.SV01::E07,test
2025-11-15 21:00:00,CRM.AGC.SV01,hydraulics_agc_servo,1.3269,0.4087,5.1766,0,CRM.AGC.SV01::E07,test
2025-11-15 22:00:00,CRM.AGC.SV01,hydraulics_agc_servo,1.3104,0.3552,5.2275,0,CRM.AGC.SV01::E07,test
2025-11-15 23:00:00,CRM.AGC.SV01,hydraulics_agc_servo,1.3647,0.3684,5.9975,0,CRM.AGC.SV01::E07,test
2025-11-16 00:00:00,CRM.AGC.SV01,hydraulics_agc_servo,1.3765,0.3373,6.7874,0,CRM.AGC.SV01::E07,test
2025-11-16 01:00:00,CRM.AGC.SV01,hydraulics_agc_servo,1.4066,0.3176,6.1201,0,CRM.AGC.SV01::E07,test
2025-11-16 02:00:00,CRM.AGC.SV01,hydraulics_agc_servo,1.413,0.3571,7.3644,0,CRM.AGC.SV01::E07,test
2025-11-16 03:00:00,CRM.AGC.SV01,hydraulics_agc_servo,1.4419,0.3408,6.8323,0,CRM.AGC.SV01::E07,test
2025-11-16 04:00:00,CRM.AGC.SV01,hydraulics_agc_servo,1.4436,0.3034,7.5749,1,CRM.AGC.SV01::E07,test
2025-11-16 05:00:00,CRM.AGC.SV01,hydraulics_agc_servo,1.4588,0.254,7.7991,0,CRM.AGC.SV01::E07,test
2025-11-16 06:00:00,CRM.AGC.SV01,hydraulics_agc_servo,,,8.2913,1,CRM.AGC.SV01::E07,test
2025-11-16 07:00:00,CRM.AGC.SV01,hydraulics_agc_servo,1.4203,0.2706,9.3836,0,CRM.AGC.SV01::E07,test
2025-11-16 08:00:00,CRM.AGC.SV01,hydraulics_agc_servo,1.48,0.2663,8.8797,1,CRM.AGC.SV01::E07,test
2025-11-16 09:00:00,CRM.AGC.SV01,hydraulics_agc_servo,1.4801,0.288,9.3775,1,CRM.AGC.SV01::E07,test
2025-11-16 10:00:00,CRM.AGC.SV01,hydraulics_agc_servo,1.4302,0.216,9.4554,0,CRM.AGC.SV01::E07,test
2025-11-16 11:00:00,CRM.AGC.SV01,hydraulics_agc_servo,1.4775,0.2829,8.2534,0,CRM.AGC.SV01::E07,test
2025-11-16 12:00:00,CRM.AGC.SV01,hydraulics_agc_servo,1.5502,0.3246,8.3347,0,CRM.AGC.SV01::E07,test
2025-11-16 13:00:00,CRM.AGC.SV01,hydraulics_agc_servo,1.5885,0.2971,8.8888,1,CRM.AGC.SV01::E07,test
2025-11-16 14:00:00,CRM.AGC.SV01,hydraulics_agc_servo,1.5379,0.3039,9.1927,1,CRM.AGC.SV01::E07,test
2025-11-16 15:00:00,CRM.AGC.SV01,hydraulics_agc_servo,1.5427,0.2967,9.569,1,CRM.AGC.SV01::E07,test
2025-11-16 16:00:00,CRM.AGC.SV01,hydraulics_agc_servo,1.6426,0.2776,10.5272,1,CRM.AGC.SV01::E07,test
2025-11-16 17:00:00,CRM.AGC.SV01,hydraulics_agc_servo,1.6961,0.3237,10.5863,1,CRM.AGC.SV01::E07,test
2025-11-16 18:00:00,CRM.AGC.SV01,hydraulics_agc_servo,1.7489,0.3052,11.1925,0,CRM.AGC.SV01::E07,test
2025-11-16 19:00:00,CRM.AGC.SV01,hydraulics_agc_servo,1.7857,0.3134,10.9862,0,CRM.AGC.SV01::E07,test
2025-11-16 20:00:00,CRM.AGC.SV01,hydraulics_agc_servo,1.8429,0.3228,11.6716,1,CRM.AGC.SV01::E07,test
2025-11-16 21:00:00,CRM.AGC.SV01,hydraulics_agc_servo,1.9097,0.2992,11.3883,1,CRM.AGC.SV01::E07,test
2025-11-16 22:00:00,CRM.AGC.SV01,hydraulics_agc_servo,1.9221,0.3404,12.7217,1,CRM.AGC.SV01::E07,test
2025-11-16 23:00:00,CRM.AGC.SV01,hydraulics_agc_servo,2.004,0.3641,12.917,1,CRM.AGC.SV01::E07,test
2025-11-17 00:00:00,CRM.AGC.SV01,hydraulics_agc_servo,2.0748,0.3546,14.1554,1,CRM.AGC.SV01::E07,test
2025-11-17 01:00:00,CRM.AGC.SV01,hydraulics_agc_servo,2.1019,0.3525,14.2351,1,CRM.AGC.SV01::E07,test
2025-11-17 02:00:00,CRM.AGC.SV01,hydraulics_agc_servo,2.1618,0.3155,13.672,1,CRM.AGC.SV01::E07,test
2025-11-17 03:00:00,CRM.AGC.SV01,hydraulics_agc_servo,2.1998,0.3525,13.1137,1,CRM.AGC.SV01::E07,test
2025-11-17 04:00:00,CRM.AGC.SV01,hydraulics_agc_servo,2.276,0.3453,12.9742,1,CRM.AGC.SV01::E07,test
2025-11-17 05:00:00,CRM.AGC.SV01,hydraulics_agc_servo,2.2825,0.3256,12.5311,1,CRM.AGC.SV01::E07,test
2025-11-17 06:00:00,CRM.AGC.SV01,hydraulics_agc_servo,2.3294,0.2997,13.0208,1,CRM.AGC.SV01::E07,test
2025-11-17 07:00:00,CRM.AGC.SV01,hydraulics_agc_servo,2.3407,0.3146,13.3881,2,CRM.AGC.SV01::E07,test
2025-11-17 08:00:00,CRM.AGC.SV01,hydraulics_agc_servo,2.3916,0.3402,14.2819,1,CRM.AGC.SV01::E07,test
2025-11-17 09:00:00,CRM.AGC.SV01,hydraulics_agc_servo,2.3739,0.364,13.8169,1,CRM.AGC.SV01::E07,test
2025-11-17 10:00:00,CRM.AGC.SV01,hydraulics_agc_servo,2.4157,0.347,14.5714,1,CRM.AGC.SV01::E07,test
2025-11-17 11:00:00,CRM.AGC.SV01,hydraulics_agc_servo,2.3993,0.3468,15.0417,2,CRM.AGC.SV01::E07,test
2025-11-17 12:00:00,CRM.AGC.SV01,hydraulics_agc_servo,2.4887,0.3255,15.7661,1,CRM.AGC.SV01::E07,test
2025-11-17 13:00:00,CRM.AGC.SV01,hydraulics_agc_servo,2.5549,0.3459,15.3345,1,CRM.AGC.SV01::E07,test
2025-11-17 14:00:00,CRM.AGC.SV01,hydraulics_agc_servo,2.6171,0.3096,14.3977,1,CRM.AGC.SV01::E07,test
2025-11-17 15:00:00,CRM.AGC.SV01,hydraulics_agc_servo,2.6895,0.3457,13.2281,1,CRM.AGC.SV01::E07,test
2025-11-17 16:00:00,CRM.AGC.SV01,hydraulics_agc_servo,2.7757,0.3428,13.4931,1,CRM.AGC.SV01::E07,test
2025-11-17 17:00:00,CRM.AGC.SV01,hydraulics_agc_servo,2.8695,0.3836,14.0054,1,CRM.AGC.SV01::E07,test
2025-11-17 18:00:00,CRM.AGC.SV01,hydraulics_agc_servo,2.8996,0.3216,14.7798,2,CRM.AGC.SV01::E07,test
2025-11-17 19:00:00,CRM.AGC.SV01,hydraulics_agc_servo,2.9319,0.3292,14.5242,2,CRM.AGC.SV01::E07,test
2025-11-17 20:00:00,CRM.AGC.SV01,hydraulics_agc_servo,2.9323,0.3027,15.8333,2,CRM.AGC.SV01::E07,test
2025-11-17 21:00:00,CRM.AGC.SV01,hydraulics_agc_servo,3.0037,0.3644,15.9377,2,CRM.AGC.SV01::E07,test
2025-11-17 22:00:00,CRM.AGC.SV01,hydraulics_agc_servo,3.0521,0.3417,16.913,2,CRM.AGC.SV01::E07,test
2025-11-17 23:00:00,CRM.AGC.SV01,hydraulics_agc_servo,3.1054,0.305,17.3179,2,CRM.AGC.SV01::E07,test
2025-11-18 00:00:00,CRM.AGC.SV01,hydraulics_agc_servo,3.1367,0.3331,16.3861,1,CRM.AGC.SV01::E07,test
2025-11-18 01:00:00,CRM.AGC.SV01,hydraulics_agc_servo,3.1442,0.3347,17.7564,2,CRM.AGC.SV01::E07,test
2025-11-18 02:00:00,CRM.AGC.SV01,hydraulics_agc_servo,3.1448,0.314,17.4776,2,CRM.AGC.SV01::E07,test
2025-11-18 03:00:00,CRM.AGC.SV01,hydraulics_agc_servo,3.2006,0.2726,17.9034,2,CRM.AGC.SV01::E07,test
2025-11-18 04:00:00,CRM.AGC.SV01,hydraulics_agc_servo,3.2405,0.2764,18.255,2,CRM.AGC.SV01::E07,test
2025-11-18 05:00:00,CRM.AGC.SV01,hydraulics_agc_servo,3.1735,0.2737,17.0743,1,CRM.AGC.SV01::E07,test
2025-11-18 06:00:00,CRM.AGC.SV01,hydraulics_agc_servo,3.2187,0.1961,16.7662,2,CRM.AGC.SV01::E07,test
2025-11-18 07:00:00,CRM.AGC.SV01,hydraulics_agc_servo,0.292,0.1844,-1.4078,0,,test
2025-11-18 08:00:00,CRM.AGC.SV01,hydraulics_agc_servo,0.3139,0.2125,-2.1749,0,,test
2025-11-18 09:00:00,CRM.AGC.SV01,hydraulics_agc_servo,0.3456,0.2331,-1.914,0,,test
2025-11-18 10:00:00,CRM.AGC.SV01,hydraulics_agc_servo,0.3218,0.238,-1.8561,0,,test
2025-11-18 11:00:00,CRM.AGC.SV01,hydraulics_agc_servo,0.3343,0.3129,-1.6444,0,,test
2025-11-18 12:00:00,CRM.AGC.SV01,hydraulics_agc_servo,0.2913,0.3053,-0.6543,0,,test
2025-11-18 13:00:00,CRM.AGC.SV01,hydraulics_agc_servo,0.2891,0.2594,0.0582,0,,test
2025-11-18 14:00:00,CRM.AGC.SV01,hydraulics_agc_servo,0.2668,0.3308,0.8263,0,,test
2025-11-18 15:00:00,CRM.AGC.SV01,hydraulics_agc_servo,0.2515,0.3614,1.1129,0,,test
2025-11-18 16:00:00,CRM.AGC.SV01,hydraulics_agc_servo,0.2509,0.3308,0.8253,0,,test
2025-11-18 17:00:00,CRM.AGC.SV01,hydraulics_agc_servo,0.2745,0.2958,0.1896,0,,test
2025-11-18 18:00:00,CRM.AGC.SV01,hydraulics_agc_servo,0.2793,0.2663,-0.6045,0,,test
2025-11-18 19:00:00,CRM.AGC.SV01,hydraulics_agc_servo,0.298,0.2863,-0.4482,0,,test
2025-11-18 20:00:00,CRM.AGC.SV01,hydraulics_agc_servo,0.3004,0.3048,-1.0034,0,,test
2025-11-18 21:00:00,CRM.AGC.SV01,hydraulics_agc_servo,0.2852,0.2472,-1.0826,0,,test
2025-11-18 22:00:00,CRM.AGC.SV01,hydraulics_agc_servo,0.2709,0.2144,-1.0792,0,,test
2025-11-18 23:00:00,CRM.AGC.SV01,hydraulics_agc_servo,0.258,0.2629,-1.7255,0,,test
2025-11-19 00:00:00,CRM.AGC.SV01,hydraulics_agc_servo,0.2437,0.2602,-2.4744,0,,test
2025-11-19 01:00:00,CRM.AGC.SV01,hydraulics_agc_servo,0.2872,0.346,-2.3992,0,,test
2025-11-19 02:00:00,CRM.AGC.SV01,hydraulics_agc_servo,0.2337,0.3094,-2.7716,0,,test
2025-11-19 03:00:00,CRM.AGC.SV01,hydraulics_agc_servo,0.27,0.35,-1.9923,0,,test
2025-11-19 04:00:00,CRM.AGC.SV01,hydraulics_agc_servo,0.3233,0.2907,-2.186,0,,test
2025-11-19 05:00:00,CRM.AGC.SV01,hydraulics_agc_servo,0.3194,0.2473,-2.8085,0,,test
2025-11-19 06:00:00,CRM.AGC.SV01,hydraulics_agc_servo,0.3381,0.1882,-3.2655,0,,test
2025-11-19 07:00:00,CRM.AGC.SV01,hydraulics_agc_servo,0.3143,0.2061,-3.742,0,,test
2025-11-19 08:00:00,CRM.AGC.SV01,hydraulics_agc_servo,0.3034,0.2305,-3.4667,0,,test
2025-11-19 09:00:00,CRM.AGC.SV01,hydraulics_agc_servo,0.2504,0.2833,-2.1411,0,,test
2025-11-19 10:00:00,CRM.AGC.SV01,hydraulics_agc_servo,0.2837,0.2819,-2.9004,0,,test
2025-11-19 11:00:00,CRM.AGC.SV01,hydraulics_agc_servo,0.2415,0.222,-2.0813,0,,test
2025-11-19 12:00:00,CRM.AGC.SV01,hydraulics_agc_servo,0.167,0.2425,-2.333,0,,test
2025-11-19 13:00:00,CRM.AGC.SV01,hydraulics_agc_servo,0.2019,0.2096,-2.8108,0,,test
2025-11-19 14:00:00,CRM.AGC.SV01,hydraulics_agc_servo,0.1083,0.2457,-2.2958,0,,test
2025-11-19 15:00:00,CRM.AGC.SV01,hydraulics_agc_servo,0.0942,0.2202,-2.8827,0,,test
2025-11-19 16:00:00,CRM.AGC.SV01,hydraulics_agc_servo,0.0732,0.1728,-2.4765,0,,test
2025-11-19 17:00:00,CRM.AGC.SV01,hydraulics_agc_servo,0.1409,0.2107,-2.7432,0,,test
2025-11-19 18:00:00,CRM.AGC.SV01,hydraulics_agc_servo,0.1386,0.23,-3.0521,0,,test
2025-11-19 19:00:00,CRM.AGC.SV01,hydraulics_agc_servo,0.1567,0.1971,-2.8886,0,,test
2025-11-19 20:00:00,CRM.AGC.SV01,hydraulics_agc_servo,0.2204,0.2226,-2.5987,0,,test
2025-11-19 21:00:00,CRM.AGC.SV01,hydraulics_agc_servo,0.1984,0.2608,-3.3702,0,,test
2025-11-19 22:00:00,CRM.AGC.SV01,hydraulics_agc_servo,0.1537,0.2427,-4.1383,0,,test
2025-11-19 23:00:00,CRM.AGC.SV01,hydraulics_agc_servo,0.177,0.229,-3.6414,0,,test
2025-11-20 00:00:00,CRM.AGC.SV01,hydraulics_agc_servo,0.2392,0.1657,-4.5388,0,,test
2025-11-20 01:00:00,CRM.AGC.SV01,hydraulics_agc_servo,0.1857,0.2126,-4.4416,0,,test
2025-11-20 02:00:00,CRM.AGC.SV01,hydraulics_agc_servo,0.167,0.2094,-3.5884,0,,test
2025-11-20 03:00:00,CRM.AGC.SV01,hydraulics_agc_servo,0.1382,0.179,-2.531,0,,test
2025-11-20 04:00:00,CRM.AGC.SV01,hydraulics_agc_servo,0.1551,0.1767,-2.3783,0,,test
2025-11-20 05:00:00,CRM.AGC.SV01,hydraulics_agc_servo,0.2292,0.2181,-2.6194,0,,test
2025-11-20 06:00:00,CRM.AGC.SV01,hydraulics_agc_servo,0.2423,0.1523,-2.9955,0,,test
2025-11-20 07:00:00,CRM.AGC.SV01,hydraulics_agc_servo,0.2159,0.1526,-1.7595,0,,test
2025-11-20 08:00:00,CRM.AGC.SV01,hydraulics_agc_servo,0.2537,0.1633,-2.3928,0,,test
2025-11-20 09:00:00,CRM.AGC.SV01,hydraulics_agc_servo,0.3226,0.1259,-1.3684,0,,test
2025-11-20 10:00:00,CRM.AGC.SV01,hydraulics_agc_servo,0.3323,0.1068,-1.3307,0,,test
2025-11-20 11:00:00,CRM.AGC.SV01,hydraulics_agc_servo,0.315,0.0975,-1.5751,0,,test
2025-11-20 12:00:00,CRM.AGC.SV01,hydraulics_agc_servo,0.2598,0.1429,-1.7956,0,,test
2025-11-20 13:00:00,CRM.AGC.SV01,hydraulics_agc_servo,0.2685,0.1286,-2.1886,0,,test
2025-11-20 14:00:00,CRM.AGC.SV01,hydraulics_agc_servo,0.2709,0.1664,-1.006,0,,test
2025-11-20 15:00:00,CRM.AGC.SV01,hydraulics_agc_servo,0.1966,0.1582,-0.3833,0,,test
2025-11-20 16:00:00,CRM.AGC.SV01,hydraulics_agc_servo,0.227,0.1712,-0.005,0,,test
2025-11-20 17:00:00,CRM.AGC.SV01,hydraulics_agc_servo,0.2345,0.1735,-0.0595,0,,test
2025-11-20 18:00:00,CRM.AGC.SV01,hydraulics_agc_servo,0.1972,0.2303,-0.3234,0,,test
2025-11-20 19:00:00,CRM.AGC.SV01,hydraulics_agc_servo,0.1959,0.1915,-0.5786,0,,test
2025-11-20 20:00:00,CRM.AGC.SV01,hydraulics_agc_servo,0.2019,0.1541,-0.6214,0,,test
2025-11-20 21:00:00,CRM.AGC.SV01,hydraulics_agc_servo,0.1604,0.1866,0.3057,0,,test
2025-11-20 22:00:00,CRM.AGC.SV01,hydraulics_agc_servo,0.1671,0.2349,-0.4682,0,,test
2025-11-20 23:00:00,CRM.AGC.SV01,hydraulics_agc_servo,0.1538,0.208,0.1861,0,,test
2025-11-21 00:00:00,CRM.AGC.SV01,hydraulics_agc_servo,0.1634,0.2029,-0.2275,0,,test
2025-11-21 01:00:00,CRM.AGC.SV01,hydraulics_agc_servo,0.1583,0.2339,-0.0909,0,,test
2025-11-21 02:00:00,CRM.AGC.SV01,hydraulics_agc_servo,0.1409,0.1936,0.199,0,,test
2025-11-21 03:00:00,CRM.AGC.SV01,hydraulics_agc_servo,0.1719,0.1776,1.1851,0,,test
2025-11-21 04:00:00,CRM.AGC.SV01,hydraulics_agc_servo,0.2104,0.2264,0.8932,0,,test
2025-11-21 05:00:00,CRM.AGC.SV01,hydraulics_agc_servo,0.1996,0.2055,1.1262,0,,test
2025-11-21 06:00:00,CRM.AGC.SV01,hydraulics_agc_servo,0.2432,0.1322,0.5435,0,,test
2025-11-21 07:00:00,CRM.AGC.SV01,hydraulics_agc_servo,0.1825,0.1309,0.2312,0,,test
2025-11-21 08:00:00,CRM.AGC.SV01,hydraulics_agc_servo,0.1757,0.1407,0.4905,0,,test
2025-11-21 09:00:00,CRM.AGC.SV01,hydraulics_agc_servo,0.106,0.1388,0.1762,0,,test
2025-11-21 10:00:00,CRM.AGC.SV01,hydraulics_agc_servo,0.1301,0.1659,0.2984,0,,test
2025-11-21 11:00:00,CRM.AGC.SV01,hydraulics_agc_servo,0.1867,0.1424,-0.5965,0,,test
2025-11-21 12:00:00,CRM.AGC.SV01,hydraulics_agc_servo,0.2057,0.1571,-0.0682,0,,test
2025-11-21 13:00:00,CRM.AGC.SV01,hydraulics_agc_servo,0.2348,0.1915,-0.496,0,,test
2025-11-21 14:00:00,CRM.AGC.SV01,hydraulics_agc_servo,0.2483,0.2433,-0.5942,0,,test
2025-11-21 15:00:00,CRM.AGC.SV01,hydraulics_agc_servo,0.2585,0.1934,0.3613,0,,test
2025-11-21 16:00:00,CRM.AGC.SV01,hydraulics_agc_servo,0.2662,0.235,0.5335,0,,test
2025-11-21 17:00:00,CRM.AGC.SV01,hydraulics_agc_servo,0.2675,0.2458,0.8061,0,,test
2025-11-21 18:00:00,CRM.AGC.SV01,hydraulics_agc_servo,0.2796,0.1681,0.725,0,,test
2025-11-21 19:00:00,CRM.AGC.SV01,hydraulics_agc_servo,0.2615,0.1667,1.0559,0,,test
2025-11-21 20:00:00,CRM.AGC.SV01,hydraulics_agc_servo,0.3012,0.1592,0.4484,0,,test
2025-11-21 21:00:00,CRM.AGC.SV01,hydraulics_agc_servo,0.2727,0.0958,0.4906,0,,test
2025-11-21 22:00:00,CRM.AGC.SV01,hydraulics_agc_servo,0.3462,0.1466,0.7582,0,,test
2025-11-21 23:00:00,CRM.AGC.SV01,hydraulics_agc_servo,0.3486,0.215,0.7645,0,,test
2025-11-22 00:00:00,CRM.AGC.SV01,hydraulics_agc_servo,0.4218,0.2365,0.7474,0,,test
2025-11-22 01:00:00,CRM.AGC.SV01,hydraulics_agc_servo,0.4666,0.2843,0.4157,0,,test
2025-11-22 02:00:00,CRM.AGC.SV01,hydraulics_agc_servo,0.4171,0.2617,1.2399,0,,test
2025-11-22 03:00:00,CRM.AGC.SV01,hydraulics_agc_servo,0.4128,0.161,1.577,0,,test
2025-11-22 04:00:00,CRM.AGC.SV01,hydraulics_agc_servo,0.4259,0.1615,1.3435,0,,test
2025-11-22 05:00:00,CRM.AGC.SV01,hydraulics_agc_servo,0.4222,0.2134,1.3136,0,,test
2025-11-22 06:00:00,CRM.AGC.SV01,hydraulics_agc_servo,0.4176,0.2258,1.5267,0,,test
2025-11-22 07:00:00,CRM.AGC.SV01,hydraulics_agc_servo,0.4441,0.2745,1.4734,0,,test
2025-11-22 08:00:00,CRM.AGC.SV01,hydraulics_agc_servo,0.4099,0.2484,1.4405,0,,test
2025-11-22 09:00:00,CRM.AGC.SV01,hydraulics_agc_servo,0.4332,0.2741,1.1958,0,,test
2025-11-22 10:00:00,CRM.AGC.SV01,hydraulics_agc_servo,0.4431,0.2801,1.3125,0,,test
2025-11-22 11:00:00,CRM.AGC.SV01,hydraulics_agc_servo,0.4541,0.2691,0.9909,0,,test
2025-11-22 12:00:00,CRM.AGC.SV01,hydraulics_agc_servo,0.4112,0.219,0.9561,0,,test
2025-11-22 13:00:00,CRM.AGC.SV01,hydraulics_agc_servo,0.4104,0.2518,1.1865,0,,test
2025-11-22 14:00:00,CRM.AGC.SV01,hydraulics_agc_servo,0.4588,0.2757,1.5669,0,,test
2025-11-22 15:00:00,CRM.AGC.SV01,hydraulics_agc_servo,0.4242,0.3263,0.9581,0,,test
2025-11-22 16:00:00,CRM.AGC.SV01,hydraulics_agc_servo,0.4107,0.2455,-0.4092,0,,test
2025-11-22 17:00:00,CRM.AGC.SV01,hydraulics_agc_servo,0.3731,0.2612,0.4125,0,,test
2025-11-22 18:00:00,CRM.AGC.SV01,hydraulics_agc_servo,0.3944,0.2622,0.1977,0,,test
2025-11-22 19:00:00,CRM.AGC.SV01,hydraulics_agc_servo,0.3638,0.2934,0.3394,0,,test
2025-11-22 20:00:00,CRM.AGC.SV01,hydraulics_agc_servo,0.3745,0.3135,-0.1002,0,,test
2025-11-22 21:00:00,CRM.AGC.SV01,hydraulics_agc_servo,0.3942,0.2916,0.1694,0,,test
2025-11-22 22:00:00,CRM.AGC.SV01,hydraulics_agc_servo,0.3498,0.3112,0.6763,0,,test
2025-11-22 23:00:00,CRM.AGC.SV01,hydraulics_agc_servo,0.3233,0.3034,0.3592,0,,test
2025-11-23 00:00:00,CRM.AGC.SV01,hydraulics_agc_servo,0.2821,0.3479,-0.1158,0,,test
2025-11-23 01:00:00,CRM.AGC.SV01,hydraulics_agc_servo,0.2641,0.3258,-0.3154,0,,test
2025-11-23 02:00:00,CRM.AGC.SV01,hydraulics_agc_servo,0.2523,0.2637,-0.5173,0,,test
2025-11-23 03:00:00,CRM.AGC.SV01,hydraulics_agc_servo,0.2525,0.2702,-1.1362,0,,test
2025-11-23 04:00:00,CRM.AGC.SV01,hydraulics_agc_servo,0.2472,0.3171,-0.7781,0,,test
2025-11-23 05:00:00,CRM.AGC.SV01,hydraulics_agc_servo,0.2831,0.3012,-1.667,0,,test
2025-11-23 06:00:00,CRM.AGC.SV01,hydraulics_agc_servo,0.2891,0.2508,-1.5367,0,,test
2025-11-23 07:00:00,CRM.AGC.SV01,hydraulics_agc_servo,0.2855,0.2112,-1.3489,0,,test
2025-11-23 08:00:00,CRM.AGC.SV01,hydraulics_agc_servo,0.2682,0.2407,0.1347,0,,test
2025-11-23 09:00:00,CRM.AGC.SV01,hydraulics_agc_servo,,,0.7081,0,,test
2025-11-23 10:00:00,CRM.AGC.SV01,hydraulics_agc_servo,0.1913,0.2855,0.8045,0,,test
2025-11-23 11:00:00,CRM.AGC.SV01,hydraulics_agc_servo,0.2225,0.3187,0.8559,0,,test
2025-11-23 12:00:00,CRM.AGC.SV01,hydraulics_agc_servo,0.2141,0.2839,0.0769,0,,test
2025-11-23 13:00:00,CRM.AGC.SV01,hydraulics_agc_servo,0.2091,0.2302,-0.0725,0,,test
2025-11-23 14:00:00,CRM.AGC.SV01,hydraulics_agc_servo,0.2515,0.2127,-0.8699,0,,test
2025-11-23 15:00:00,CRM.AGC.SV01,hydraulics_agc_servo,0.3121,0.2173,-0.8708,0,,test
2025-11-23 16:00:00,CRM.AGC.SV01,hydraulics_agc_servo,0.3164,0.2202,-1.022,0,,test
2025-11-23 17:00:00,CRM.AGC.SV01,hydraulics_agc_servo,0.3202,0.2329,0.2811,0,,test
2025-11-23 18:00:00,CRM.AGC.SV01,hydraulics_agc_servo,0.3272,0.2481,-0.3554,0,,test
2025-11-23 19:00:00,CRM.AGC.SV01,hydraulics_agc_servo,0.3217,0.268,0.3735,0,,test
2025-11-23 20:00:00,CRM.AGC.SV01,hydraulics_agc_servo,0.3092,0.2087,-0.1784,0,,test
2025-11-23 21:00:00,CRM.AGC.SV01,hydraulics_agc_servo,0.3328,0.2555,1.5624,0,,test
2025-11-23 22:00:00,CRM.AGC.SV01,hydraulics_agc_servo,0.2779,0.3303,5.5753,0,,test
2025-11-23 23:00:00,CRM.AGC.SV01,hydraulics_agc_servo,0.3213,0.3478,8.4605,0,,test
2025-11-24 00:00:00,CRM.AGC.SV01,hydraulics_agc_servo,0.337,0.36,10.4087,0,,test
2025-11-24 01:00:00,CRM.AGC.SV01,hydraulics_agc_servo,0.3461,0.305,10.76,0,,test
2025-11-24 02:00:00,CRM.AGC.SV01,hydraulics_agc_servo,0.2802,0.2845,9.229,0,,test
2025-11-24 03:00:00,CRM.AGC.SV01,hydraulics_agc_servo,0.2979,0.2452,5.7686,0,,test
2025-11-24 04:00:00,CRM.AGC.SV01,hydraulics_agc_servo,0.2742,0.2954,3.0234,0,,test
2025-11-24 05:00:00,CRM.AGC.SV01,hydraulics_agc_servo,0.2301,0.2915,2.02,0,,test
2025-11-24 06:00:00,CRM.AGC.SV01,hydraulics_agc_servo,0.2039,0.3235,2.4728,0,,test
2025-11-24 07:00:00,CRM.AGC.SV01,hydraulics_agc_servo,0.2011,0.3078,1.766,0,,test
2025-11-24 08:00:00,CRM.AGC.SV01,hydraulics_agc_servo,0.2086,0.3563,1.1129,0,,test
2025-11-24 09:00:00,CRM.AGC.SV01,hydraulics_agc_servo,0.2357,0.3498,1.9953,0,,test
2025-11-24 10:00:00,CRM.AGC.SV01,hydraulics_agc_servo,0.2357,0.3719,1.5948,0,,test
2025-11-24 11:00:00,CRM.AGC.SV01,hydraulics_agc_servo,0.2033,0.412,1.7782,0,,test
2025-11-24 12:00:00,CRM.AGC.SV01,hydraulics_agc_servo,0.2059,0.4146,2.3689,0,,test
2025-11-24 13:00:00,CRM.AGC.SV01,hydraulics_agc_servo,0.2051,0.354,2.2955,0,,test
2025-11-24 14:00:00,CRM.AGC.SV01,hydraulics_agc_servo,0.2298,0.3008,1.7333,0,,test
2025-11-24 15:00:00,CRM.AGC.SV01,hydraulics_agc_servo,0.2339,0.3407,1.0595,0,,test
2025-11-24 16:00:00,CRM.AGC.SV01,hydraulics_agc_servo,0.2321,0.3556,1.0558,0,,test
2025-11-24 17:00:00,CRM.AGC.SV01,hydraulics_agc_servo,0.2597,0.2771,0.5377,0,,test
2025-11-24 18:00:00,CRM.AGC.SV01,hydraulics_agc_servo,0.2729,0.3271,0.6074,0,,test
2025-11-24 19:00:00,CRM.AGC.SV01,hydraulics_agc_servo,0.3339,0.3353,1.1382,0,,test
2025-11-24 20:00:00,CRM.AGC.SV01,hydraulics_agc_servo,0.3934,0.3345,0.5618,0,,test
2025-11-24 21:00:00,CRM.AGC.SV01,hydraulics_agc_servo,0.3699,0.2434,0.4484,0,,test
2025-11-24 22:00:00,CRM.AGC.SV01,hydraulics_agc_servo,0.3551,0.2323,1.3392,0,,test
2025-11-24 23:00:00,CRM.AGC.SV01,hydraulics_agc_servo,0.324,0.1692,1.5744,0,,test
2025-11-25 00:00:00,CRM.AGC.SV01,hydraulics_agc_servo,0.2729,0.2343,1.5391,0,,test
2025-11-25 01:00:00,CRM.AGC.SV01,hydraulics_agc_servo,0.2911,0.2571,1.6111,0,,test
2025-11-25 02:00:00,CRM.AGC.SV01,hydraulics_agc_servo,0.279,0.2919,2.5983,0,,test
2025-11-25 03:00:00,CRM.AGC.SV01,hydraulics_agc_servo,0.2229,0.2661,2.433,0,,test
2025-11-25 04:00:00,CRM.AGC.SV01,hydraulics_agc_servo,0.2478,0.2487,2.2331,0,,test
2025-11-25 05:00:00,CRM.AGC.SV01,hydraulics_agc_servo,0.2125,0.1776,1.8914,0,,test
2025-11-25 06:00:00,CRM.AGC.SV01,hydraulics_agc_servo,0.2012,0.1733,1.4434,0,,test
2025-11-25 07:00:00,CRM.AGC.SV01,hydraulics_agc_servo,0.1853,0.1643,0.4162,0,,test
2025-11-25 08:00:00,CRM.AGC.SV01,hydraulics_agc_servo,0.2249,0.169,0.5526,0,,test
2025-11-25 09:00:00,CRM.AGC.SV01,hydraulics_agc_servo,0.1754,0.2638,1.5293,0,,test
2025-11-25 10:00:00,CRM.AGC.SV01,hydraulics_agc_servo,0.1354,0.2402,2.9188,0,,test
2025-11-25 11:00:00,CRM.AGC.SV01,hydraulics_agc_servo,0.1628,0.2842,3.0114,0,,test
2025-11-25 12:00:00,CRM.AGC.SV01,hydraulics_agc_servo,0.1427,0.2313,2.8304,0,,test
2025-11-25 13:00:00,CRM.AGC.SV01,hydraulics_agc_servo,0.1161,0.2098,2.2695,0,,test
2025-11-25 14:00:00,CRM.AGC.SV01,hydraulics_agc_servo,0.1007,0.1595,1.2462,0,,test
2025-11-25 15:00:00,CRM.AGC.SV01,hydraulics_agc_servo,0.0902,0.1707,1.7957,0,,test
2025-11-25 16:00:00,CRM.AGC.SV01,hydraulics_agc_servo,0.1297,0.1863,1.9983,0,,test
2025-11-25 17:00:00,CRM.AGC.SV01,hydraulics_agc_servo,0.1329,0.1437,1.6063,0,,test
2025-11-25 18:00:00,CRM.AGC.SV01,hydraulics_agc_servo,0.1674,0.1412,1.5905,0,,test
2025-11-25 19:00:00,CRM.AGC.SV01,hydraulics_agc_servo,0.1981,0.1427,1.8776,0,,test
2025-11-25 20:00:00,CRM.AGC.SV01,hydraulics_agc_servo,0.2597,0.1363,1.9261,0,,test
2025-11-25 21:00:00,CRM.AGC.SV01,hydraulics_agc_servo,0.3875,0.167,2.234,0,,test
2025-11-25 22:00:00,CRM.AGC.SV01,hydraulics_agc_servo,0.3788,0.1909,2.6815,0,,test
2025-11-25 23:00:00,CRM.AGC.SV01,hydraulics_agc_servo,0.3222,0.2113,3.1973,0,,test
2025-11-26 00:00:00,CRM.AGC.SV01,hydraulics_agc_servo,0.3086,0.1968,3.5369,0,,test
2025-11-26 01:00:00,CRM.AGC.SV01,hydraulics_agc_servo,0.3252,0.1962,4.6336,0,,test
2025-11-26 02:00:00,CRM.AGC.SV01,hydraulics_agc_servo,0.3144,0.1772,4.7029,0,,test
2025-11-26 03:00:00,CRM.AGC.SV01,hydraulics_agc_servo,0.2994,0.2018,4.1235,0,,test
2025-11-26 04:00:00,CRM.AGC.SV01,hydraulics_agc_servo,0.2781,0.2497,3.9735,0,,test
2025-11-26 05:00:00,CRM.AGC.SV01,hydraulics_agc_servo,0.2307,0.2624,2.5133,0,,test
2025-11-26 06:00:00,CRM.AGC.SV01,hydraulics_agc_servo,0.1998,0.2505,2.2185,0,,test
2025-11-26 07:00:00,CRM.AGC.SV01,hydraulics_agc_servo,0.2196,0.234,2.4139,0,,test
2025-11-26 08:00:00,CRM.AGC.SV01,hydraulics_agc_servo,0.2139,0.2261,2.2019,0,,test
2025-11-26 09:00:00,CRM.AGC.SV01,hydraulics_agc_servo,0.2489,0.1742,2.3784,0,,test
2025-11-26 10:00:00,CRM.AGC.SV01,hydraulics_agc_servo,0.2335,0.1506,1.5488,0,,test
2025-11-26 11:00:00,CRM.AGC.SV01,hydraulics_agc_servo,0.2227,0.1862,0.5109,0,,test
2025-11-26 12:00:00,CRM.AGC.SV01,hydraulics_agc_servo,0.2366,0.2381,0.5473,0,,test
2025-11-26 13:00:00,CRM.AGC.SV01,hydraulics_agc_servo,0.2365,0.2655,1.6035,0,,test
2025-11-26 14:00:00,CRM.AGC.SV01,hydraulics_agc_servo,0.2777,0.333,1.9909,0,,test
2025-11-26 15:00:00,CRM.AGC.SV01,hydraulics_agc_servo,0.3405,0.3399,0.5942,0,,test
2025-11-26 16:00:00,CRM.AGC.SV01,hydraulics_agc_servo,0.2782,0.3395,1.2751,0,,test
2025-11-26 17:00:00,CRM.AGC.SV01,hydraulics_agc_servo,0.2824,0.281,1.1106,0,,test
2025-11-26 18:00:00,CRM.AGC.SV01,hydraulics_agc_servo,0.2568,0.2414,1.2244,0,,test
2025-11-26 19:00:00,CRM.AGC.SV01,hydraulics_agc_servo,0.2435,0.2769,1.3834,0,,test
2025-11-26 20:00:00,CRM.AGC.SV01,hydraulics_agc_servo,0.314,0.2763,1.2103,0,,test
2025-11-26 21:00:00,CRM.AGC.SV01,hydraulics_agc_servo,0.2714,0.2319,0.4665,0,,test
2025-11-26 22:00:00,CRM.AGC.SV01,hydraulics_agc_servo,0.2521,0.1925,0.3432,0,,test
2025-11-26 23:00:00,CRM.AGC.SV01,hydraulics_agc_servo,0.241,0.2507,0.6378,0,,test
2025-11-27 00:00:00,CRM.AGC.SV01,hydraulics_agc_servo,0.2503,0.2726,0.6595,0,,test
2025-11-27 01:00:00,CRM.AGC.SV01,hydraulics_agc_servo,0.2609,0.2495,-0.1307,0,,test
2025-11-27 02:00:00,CRM.AGC.SV01,hydraulics_agc_servo,0.246,0.2252,0.4395,0,,test
2025-11-27 03:00:00,CRM.AGC.SV01,hydraulics_agc_servo,0.2524,0.2427,-0.2869,0,,test
2025-11-27 04:00:00,CRM.AGC.SV01,hydraulics_agc_servo,0.2487,0.247,-1.1924,0,,test
2025-11-27 05:00:00,CRM.AGC.SV01,hydraulics_agc_servo,0.299,0.2633,-0.2337,0,,test
2025-11-27 06:00:00,CRM.AGC.SV01,hydraulics_agc_servo,0.3198,0.2714,0.1017,0,,test
2025-11-27 07:00:00,CRM.AGC.SV01,hydraulics_agc_servo,0.3438,0.2768,0.2453,0,,test
2025-11-27 08:00:00,CRM.AGC.SV01,hydraulics_agc_servo,0.3791,0.2604,1.3231,0,,test
2025-11-27 09:00:00,CRM.AGC.SV01,hydraulics_agc_servo,0.3864,0.2649,0.8612,0,,test
2025-11-27 10:00:00,CRM.AGC.SV01,hydraulics_agc_servo,0.4206,0.2303,0.4828,0,,test
2025-11-27 11:00:00,CRM.AGC.SV01,hydraulics_agc_servo,0.4056,0.1934,0.1742,0,,test
2025-11-27 12:00:00,CRM.AGC.SV01,hydraulics_agc_servo,0.3953,0.2322,-0.281,0,,test
2025-11-27 13:00:00,CRM.AGC.SV01,hydraulics_agc_servo,0.344,0.1761,0.2055,0,,test
2025-11-27 14:00:00,CRM.AGC.SV01,hydraulics_agc_servo,0.317,0.2129,0.8172,0,,test
2025-11-27 15:00:00,CRM.AGC.SV01,hydraulics_agc_servo,0.2806,0.1929,0.5418,0,,test
2025-11-27 16:00:00,CRM.AGC.SV01,hydraulics_agc_servo,0.2944,0.1692,0.4701,0,,test
2025-11-27 17:00:00,CRM.AGC.SV01,hydraulics_agc_servo,0.3143,0.1766,0.6904,0,,test
2025-11-27 18:00:00,CRM.AGC.SV01,hydraulics_agc_servo,0.2812,0.1416,-0.2129,0,,test
2025-11-27 19:00:00,CRM.AGC.SV01,hydraulics_agc_servo,0.2855,0.0845,-0.3959,0,,test
2025-11-27 20:00:00,CRM.AGC.SV01,hydraulics_agc_servo,0.2024,0.0677,0.1341,0,,test
2025-11-27 21:00:00,CRM.AGC.SV01,hydraulics_agc_servo,0.2223,-0.0108,-0.1486,0,,test
2025-11-27 22:00:00,CRM.AGC.SV01,hydraulics_agc_servo,0.2888,0.0445,-0.5092,0,,test
2025-11-27 23:00:00,CRM.AGC.SV01,hydraulics_agc_servo,0.2406,0.0524,-0.74,0,,test
2025-11-28 00:00:00,CRM.AGC.SV01,hydraulics_agc_servo,0.2286,0.0574,-0.8615,0,,test
2025-11-28 01:00:00,CRM.AGC.SV01,hydraulics_agc_servo,0.2061,0.1108,-0.6694,0,,test
2025-11-28 02:00:00,CRM.AGC.SV01,hydraulics_agc_servo,0.2002,0.1341,-0.622,0,,test
2025-11-28 03:00:00,CRM.AGC.SV01,hydraulics_agc_servo,0.1864,0.146,-0.647,0,,test
2025-11-28 04:00:00,CRM.AGC.SV01,hydraulics_agc_servo,0.1608,0.1237,-1.0723,0,,test
2025-11-28 05:00:00,CRM.AGC.SV01,hydraulics_agc_servo,0.1516,0.2007,-0.6438,0,,test
2025-11-28 06:00:00,CRM.AGC.SV01,hydraulics_agc_servo,0.0941,0.1676,-0.1956,0,,test
2025-11-28 07:00:00,CRM.AGC.SV01,hydraulics_agc_servo,0.0635,0.2201,-0.6386,0,,test
2025-11-28 08:00:00,CRM.AGC.SV01,hydraulics_agc_servo,0.0899,0.2101,-0.8223,0,,test
2025-11-28 09:00:00,CRM.AGC.SV01,hydraulics_agc_servo,0.1207,0.2493,-0.3205,0,,test
2025-11-28 10:00:00,CRM.AGC.SV01,hydraulics_agc_servo,0.1512,0.2498,-0.7532,0,,test
2025-11-28 11:00:00,CRM.AGC.SV01,hydraulics_agc_servo,0.2014,0.2238,0.2431,0,,test
2025-11-28 12:00:00,CRM.AGC.SV01,hydraulics_agc_servo,0.1228,0.2139,0.516,0,,test
2025-11-28 13:00:00,CRM.AGC.SV01,hydraulics_agc_servo,0.1363,0.1656,1.0159,0,,test
2025-11-28 14:00:00,CRM.AGC.SV01,hydraulics_agc_servo,0.1358,0.1693,1.2486,0,,test
2025-11-28 15:00:00,CRM.AGC.SV01,hydraulics_agc_servo,0.1684,0.1811,1.3323,0,,test
2025-11-28 16:00:00,CRM.AGC.SV01,hydraulics_agc_servo,0.1589,0.1356,0.8374,0,,test
2025-11-28 17:00:00,CRM.AGC.SV01,hydraulics_agc_servo,0.142,0.127,0.1882,0,,test
2025-11-28 18:00:00,CRM.AGC.SV01,hydraulics_agc_servo,0.126,0.1852,-0.3408,0,,test
2025-11-28 19:00:00,CRM.AGC.SV01,hydraulics_agc_servo,0.0888,0.2199,-0.6809,0,,test
2025-11-28 20:00:00,CRM.AGC.SV01,hydraulics_agc_servo,0.1348,0.3029,-0.662,0,,test
2025-11-28 21:00:00,CRM.AGC.SV01,hydraulics_agc_servo,0.1712,0.2582,-0.0709,0,,test
2025-11-28 22:00:00,CRM.AGC.SV01,hydraulics_agc_servo,0.1365,0.2204,-0.156,0,,test
2025-11-28 23:00:00,CRM.AGC.SV01,hydraulics_agc_servo,0.2069,0.1795,0.11,0,,test
2025-11-29 00:00:00,CRM.AGC.SV01,hydraulics_agc_servo,0.2301,0.2286,-0.0129,0,,test
2025-11-29 01:00:00,CRM.AGC.SV01,hydraulics_agc_servo,0.2827,0.2377,-1.0873,0,,test
2025-11-29 02:00:00,CRM.AGC.SV01,hydraulics_agc_servo,0.3105,0.2457,-2.0449,0,,test
2025-11-29 03:00:00,CRM.AGC.SV01,hydraulics_agc_servo,0.2589,0.2285,-2.3007,0,,test
2025-11-29 04:00:00,CRM.AGC.SV01,hydraulics_agc_servo,0.2434,0.2346,-0.7049,0,,test
2025-11-29 05:00:00,CRM.AGC.SV01,hydraulics_agc_servo,0.2539,0.1831,0.4326,0,,test
2025-11-29 06:00:00,CRM.AGC.SV01,hydraulics_agc_servo,0.2574,0.1699,1.0295,0,,test
2025-11-29 07:00:00,CRM.AGC.SV01,hydraulics_agc_servo,0.295,0.2384,1.0036,0,,test
2025-11-29 08:00:00,CRM.AGC.SV01,hydraulics_agc_servo,0.3235,0.2538,0.669,0,,test
2025-11-29 09:00:00,CRM.AGC.SV01,hydraulics_agc_servo,0.3335,0.2204,0.2232,0,,test
2025-11-29 10:00:00,CRM.AGC.SV01,hydraulics_agc_servo,0.3682,0.2036,0.9643,0,,test
2025-11-29 11:00:00,CRM.AGC.SV01,hydraulics_agc_servo,0.4232,0.1894,1.2907,0,,test
2025-11-29 12:00:00,CRM.AGC.SV01,hydraulics_agc_servo,0.3946,0.2272,1.1906,0,,test
2025-11-29 13:00:00,CRM.AGC.SV01,hydraulics_agc_servo,0.4346,0.2245,1.2832,0,,test
2025-11-29 14:00:00,CRM.AGC.SV01,hydraulics_agc_servo,0.3864,0.2113,0.8846,0,,test
2025-11-29 15:00:00,CRM.AGC.SV01,hydraulics_agc_servo,0.3663,0.2061,0.5095,0,,test
2025-11-29 16:00:00,CRM.AGC.SV01,hydraulics_agc_servo,0.405,0.1623,0.1538,0,,test
2025-11-29 17:00:00,CRM.AGC.SV01,hydraulics_agc_servo,0.4216,0.2149,0.58,0,,test
2025-11-29 18:00:00,CRM.AGC.SV01,hydraulics_agc_servo,0.4256,0.2083,0.6611,0,,test
2025-11-29 19:00:00,CRM.AGC.SV01,hydraulics_agc_servo,0.4209,0.1484,0.3037,0,,test
2025-11-29 20:00:00,CRM.AGC.SV01,hydraulics_agc_servo,0.3806,0.2737,-0.1478,0,,test
2025-11-29 21:00:00,CRM.AGC.SV01,hydraulics_agc_servo,0.4274,0.2168,0.4256,0,,test
2025-11-29 22:00:00,CRM.AGC.SV01,hydraulics_agc_servo,0.4211,0.1971,0.5251,0,,test
2025-11-29 23:00:00,CRM.AGC.SV01,hydraulics_agc_servo,0.4222,0.2127,0.3246,0,,test
2025-11-30 00:00:00,CRM.AGC.SV01,hydraulics_agc_servo,0.3615,0.1961,0.073,0,,test
2025-11-30 01:00:00,CRM.AGC.SV01,hydraulics_agc_servo,0.3643,0.2478,-0.8487,0,,test
2025-11-30 02:00:00,CRM.AGC.SV01,hydraulics_agc_servo,0.3005,0.2618,-0.1207,0,,test
2025-11-30 03:00:00,CRM.AGC.SV01,hydraulics_agc_servo,0.2781,0.3064,-0.0324,0,,test
2025-11-30 04:00:00,CRM.AGC.SV01,hydraulics_agc_servo,0.2654,0.2862,0.1409,0,,test
2025-11-30 05:00:00,CRM.AGC.SV01,hydraulics_agc_servo,0.2652,0.2403,0.4834,0,,test
2025-11-30 06:00:00,CRM.AGC.SV01,hydraulics_agc_servo,0.2467,0.2189,-0.6945,0,,test
2025-11-30 07:00:00,CRM.AGC.SV01,hydraulics_agc_servo,0.2283,0.1733,-1.0461,0,,test
2025-11-30 08:00:00,CRM.AGC.SV01,hydraulics_agc_servo,0.2184,0.2112,-1.3356,0,,test
2025-11-30 09:00:00,CRM.AGC.SV01,hydraulics_agc_servo,0.1966,0.2433,-1.5484,0,,test
2025-11-30 10:00:00,CRM.AGC.SV01,hydraulics_agc_servo,0.2275,0.2509,-1.0751,0,,test
2025-11-30 11:00:00,CRM.AGC.SV01,hydraulics_agc_servo,0.2743,0.2352,-1.3902,0,,test
2025-11-30 12:00:00,CRM.AGC.SV01,hydraulics_agc_servo,0.2773,0.1731,-1.5595,0,,test
2025-11-30 13:00:00,CRM.AGC.SV01,hydraulics_agc_servo,0.2856,0.2349,-0.2911,0,,test
2025-11-30 14:00:00,CRM.AGC.SV01,hydraulics_agc_servo,0.2603,0.2525,-0.7926,0,,test
2025-11-30 15:00:00,CRM.AGC.SV01,hydraulics_agc_servo,0.2585,0.2729,-1.0254,0,,test
2025-11-30 16:00:00,CRM.AGC.SV01,hydraulics_agc_servo,0.2234,0.2484,-0.3101,0,,test
2025-11-30 17:00:00,CRM.AGC.SV01,hydraulics_agc_servo,0.1596,0.267,0.8354,0,,test
2025-11-30 18:00:00,CRM.AGC.SV01,hydraulics_agc_servo,0.207,0.3515,-0.1715,0,,test
2025-11-30 19:00:00,CRM.AGC.SV01,hydraulics_agc_servo,0.2316,0.3159,-0.978,0,,test
2025-11-30 20:00:00,CRM.AGC.SV01,hydraulics_agc_servo,0.234,0.3038,-1.1628,0,,test
2025-11-30 21:00:00,CRM.AGC.SV01,hydraulics_agc_servo,0.215,0.3047,-1.4403,0,,test
2025-11-30 22:00:00,CRM.AGC.SV01,hydraulics_agc_servo,0.2027,0.313,-0.6832,0,,test
2025-11-30 23:00:00,CRM.AGC.SV01,hydraulics_agc_servo,0.1929,0.2569,-1.1746,0,,test
2025-12-01 00:00:00,CRM.AGC.SV01,hydraulics_agc_servo,0.2441,0.2358,-0.7603,0,,test
2025-12-01 01:00:00,CRM.AGC.SV01,hydraulics_agc_servo,0.2868,0.2386,-0.3838,0,,test
2025-12-01 02:00:00,CRM.AGC.SV01,hydraulics_agc_servo,0.2544,0.3087,0.0782,0,,test
2025-12-01 03:00:00,CRM.AGC.SV01,hydraulics_agc_servo,0.2663,0.2943,-0.3844,0,,test
2025-12-01 04:00:00,CRM.AGC.SV01,hydraulics_agc_servo,0.2382,0.3095,0.206,0,,test
2025-12-01 05:00:00,CRM.AGC.SV01,hydraulics_agc_servo,0.2413,0.3023,-0.2728,0,,test
2025-12-01 06:00:00,CRM.AGC.SV01,hydraulics_agc_servo,0.2438,0.289,-0.106,0,,test
2025-12-01 07:00:00,CRM.AGC.SV01,hydraulics_agc_servo,0.2444,0.3065,-1.0203,0,,test
2025-12-01 08:00:00,CRM.AGC.SV01,hydraulics_agc_servo,0.2013,0.2831,-0.7733,0,,test
2025-12-01 09:00:00,CRM.AGC.SV01,hydraulics_agc_servo,0.1799,0.2776,-0.4898,0,,test
2025-12-01 10:00:00,CRM.AGC.SV01,hydraulics_agc_servo,0.178,0.2318,-1.574,0,,test
2025-12-01 11:00:00,CRM.AGC.SV01,hydraulics_agc_servo,0.1796,0.1462,-1.0852,0,,test
2025-12-01 12:00:00,CRM.AGC.SV01,hydraulics_agc_servo,0.164,0.1647,-1.0487,0,,test
2025-12-01 13:00:00,CRM.AGC.SV01,hydraulics_agc_servo,0.1505,0.0954,-0.2639,0,,test
2025-12-01 14:00:00,CRM.AGC.SV01,hydraulics_agc_servo,0.1605,0.0943,-0.5472,0,,test
2025-12-01 15:00:00,CRM.AGC.SV01,hydraulics_agc_servo,0.1165,0.1383,-0.0682,0,,test
2025-12-01 16:00:00,CRM.AGC.SV01,hydraulics_agc_servo,0.1108,0.1208,0.9266,0,,test
2025-12-01 17:00:00,CRM.AGC.SV01,hydraulics_agc_servo,0.167,0.1137,0.525,0,,test
2025-12-01 18:00:00,CRM.AGC.SV01,hydraulics_agc_servo,0.2175,0.2043,0.4216,0,,test
2025-12-01 19:00:00,CRM.AGC.SV01,hydraulics_agc_servo,0.2507,0.2635,1.1319,0,,test
2025-12-01 20:00:00,CRM.AGC.SV01,hydraulics_agc_servo,0.2367,0.3016,1.0546,0,,test
2025-12-01 21:00:00,CRM.AGC.SV01,hydraulics_agc_servo,0.1987,0.3569,0.601,0,,test
2025-12-01 22:00:00,CRM.AGC.SV01,hydraulics_agc_servo,0.1695,0.3295,0.6733,0,,test
2025-12-01 23:00:00,CRM.AGC.SV01,hydraulics_agc_servo,0.1794,0.272,0.2948,0,,test
2025-12-02 00:00:00,CRM.AGC.SV01,hydraulics_agc_servo,0.201,0.2224,0.5789,0,,test
2025-12-02 01:00:00,CRM.AGC.SV01,hydraulics_agc_servo,0.2279,0.2415,0.8432,0,,test
2025-12-02 02:00:00,CRM.AGC.SV01,hydraulics_agc_servo,0.2257,0.2286,1.0357,0,,test
2025-12-02 03:00:00,CRM.AGC.SV01,hydraulics_agc_servo,0.2026,0.1805,1.1945,0,,test
2025-12-02 04:00:00,CRM.AGC.SV01,hydraulics_agc_servo,0.204,0.174,0.7411,0,,test
2025-12-02 05:00:00,CRM.AGC.SV01,hydraulics_agc_servo,0.2108,0.1498,0.7784,0,,test
2025-12-02 06:00:00,CRM.AGC.SV01,hydraulics_agc_servo,0.174,0.1172,1.0347,0,,test
2025-12-02 07:00:00,CRM.AGC.SV01,hydraulics_agc_servo,0.1463,0.1182,1.9103,0,,test
2025-12-02 08:00:00,CRM.AGC.SV01,hydraulics_agc_servo,0.1538,0.1363,1.2524,0,,test
2025-12-02 09:00:00,CRM.AGC.SV01,hydraulics_agc_servo,0.2255,0.1678,0.6203,0,,test
2025-12-02 10:00:00,CRM.AGC.SV01,hydraulics_agc_servo,0.1736,0.195,1.5672,0,,test
2025-12-02 11:00:00,CRM.AGC.SV01,hydraulics_agc_servo,0.1448,0.1976,1.396,0,,test
2025-12-02 12:00:00,CRM.AGC.SV01,hydraulics_agc_servo,0.1167,0.2352,1.475,0,,test
2025-12-02 13:00:00,CRM.AGC.SV01,hydraulics_agc_servo,0.1432,0.2363,0.9761,0,,test
2025-12-02 14:00:00,CRM.AGC.SV01,hydraulics_agc_servo,0.096,0.2136,0.2145,0,,test
2025-12-02 15:00:00,CRM.AGC.SV01,hydraulics_agc_servo,0.0844,0.2098,0.967,0,,test
2025-12-02 16:00:00,CRM.AGC.SV01,hydraulics_agc_servo,0.1238,0.1096,1.6522,0,,test
2025-12-02 17:00:00,CRM.AGC.SV01,hydraulics_agc_servo,0.1716,0.1061,1.9167,0,,test
2025-12-02 18:00:00,CRM.AGC.SV01,hydraulics_agc_servo,0.1994,0.0646,2.6731,0,,test
2025-12-02 19:00:00,CRM.AGC.SV01,hydraulics_agc_servo,0.2091,0.0556,1.9297,0,,test
2025-12-02 20:00:00,CRM.AGC.SV01,hydraulics_agc_servo,0.1811,0.0252,2.2339,0,,test
2025-12-02 21:00:00,CRM.AGC.SV01,hydraulics_agc_servo,0.1658,0.0737,1.6792,0,,test
2025-12-02 22:00:00,CRM.AGC.SV01,hydraulics_agc_servo,0.2379,0.0792,2.2072,0,,test
2025-12-02 23:00:00,CRM.AGC.SV01,hydraulics_agc_servo,0.2239,0.1626,1.4108,0,,test
2025-12-03 00:00:00,CRM.AGC.SV01,hydraulics_agc_servo,0.1987,0.1964,1.8051,0,,test
2025-12-03 01:00:00,CRM.AGC.SV01,hydraulics_agc_servo,0.2012,0.2428,1.0044,0,,test
2025-12-03 02:00:00,CRM.AGC.SV01,hydraulics_agc_servo,0.1709,0.2674,0.3149,0,,test
2025-12-03 03:00:00,CRM.AGC.SV01,hydraulics_agc_servo,0.1756,0.2825,1.414,0,,test
2025-12-03 04:00:00,CRM.AGC.SV01,hydraulics_agc_servo,0.1842,0.3101,1.6321,0,,test
2025-12-03 05:00:00,CRM.AGC.SV01,hydraulics_agc_servo,0.2438,0.2731,1.7312,0,,test
2025-12-03 06:00:00,CRM.AGC.SV01,hydraulics_agc_servo,0.2403,0.2679,1.6263,0,,test
2025-12-03 07:00:00,CRM.AGC.SV01,hydraulics_agc_servo,0.2156,0.2922,2.1124,0,,test
2025-12-03 08:00:00,CRM.AGC.SV01,hydraulics_agc_servo,0.1757,0.3412,2.9851,0,,test
2025-12-03 09:00:00,CRM.AGC.SV01,hydraulics_agc_servo,0.191,0.2568,2.8641,0,,test
2025-12-03 10:00:00,CRM.AGC.SV01,hydraulics_agc_servo,0.2146,0.2411,3.2108,0,,test
2025-12-03 11:00:00,CRM.AGC.SV01,hydraulics_agc_servo,0.2818,0.2461,3.1657,0,,test
2025-12-03 12:00:00,CRM.AGC.SV01,hydraulics_agc_servo,0.2723,0.2836,3.5431,0,,test
2025-12-03 13:00:00,CRM.AGC.SV01,hydraulics_agc_servo,0.2625,0.3228,3.6158,0,,test
2025-12-03 14:00:00,CRM.AGC.SV01,hydraulics_agc_servo,0.1943,0.2705,3.6734,0,,test
2025-12-03 15:00:00,CRM.AGC.SV01,hydraulics_agc_servo,0.169,0.2768,3.133,0,,test
2025-12-03 16:00:00,CRM.AGC.SV01,hydraulics_agc_servo,0.1858,0.238,3.4277,0,,test
2025-12-03 17:00:00,CRM.AGC.SV01,hydraulics_agc_servo,0.1609,0.2015,3.1825,0,,test
2025-12-03 18:00:00,CRM.AGC.SV01,hydraulics_agc_servo,0.1817,0.1891,3.5174,0,,test
2025-12-03 19:00:00,CRM.AGC.SV01,hydraulics_agc_servo,0.1867,0.2551,4.5851,0,,test
2025-12-03 20:00:00,CRM.AGC.SV01,hydraulics_agc_servo,0.1438,0.2485,4.3002,0,,test
2025-12-03 21:00:00,CRM.AGC.SV01,hydraulics_agc_servo,0.1608,0.2538,3.386,0,,test
2025-12-03 22:00:00,CRM.AGC.SV01,hydraulics_agc_servo,0.2166,0.2681,3.6812,0,,test
2025-12-03 23:00:00,CRM.AGC.SV01,hydraulics_agc_servo,,,2.889,0,,test
2025-12-04 00:00:00,CRM.AGC.SV01,hydraulics_agc_servo,0.2649,0.2376,1.7747,0,,test
2025-12-04 01:00:00,CRM.AGC.SV01,hydraulics_agc_servo,0.2215,0.2525,1.662,0,,test
2025-12-04 02:00:00,CRM.AGC.SV01,hydraulics_agc_servo,0.1928,0.3362,2.2978,0,,test
2025-12-04 03:00:00,CRM.AGC.SV01,hydraulics_agc_servo,0.1312,0.3289,2.6385,0,,test
2025-12-04 04:00:00,CRM.AGC.SV01,hydraulics_agc_servo,0.1666,0.3497,1.2411,0,,test
2025-12-04 05:00:00,CRM.AGC.SV01,hydraulics_agc_servo,0.2175,0.3651,1.8445,0,,test
2025-12-04 06:00:00,CRM.AGC.SV01,hydraulics_agc_servo,0.2359,0.3201,1.8171,0,,test
2025-12-04 07:00:00,CRM.AGC.SV01,hydraulics_agc_servo,0.2556,0.3366,1.5472,0,,test
2025-12-04 08:00:00,CRM.AGC.SV01,hydraulics_agc_servo,0.2457,0.3346,1.1251,0,,test
2025-12-04 09:00:00,CRM.AGC.SV01,hydraulics_agc_servo,0.2234,0.3046,1.443,0,,test
2025-12-04 10:00:00,CRM.AGC.SV01,hydraulics_agc_servo,0.2465,0.3104,1.606,0,,test
2025-12-04 11:00:00,CRM.AGC.SV01,hydraulics_agc_servo,0.2095,0.2721,1.8506,0,,test
2025-12-04 12:00:00,CRM.AGC.SV01,hydraulics_agc_servo,0.2285,0.2683,1.509,0,,test
2025-12-04 13:00:00,CRM.AGC.SV01,hydraulics_agc_servo,0.2904,0.1936,1.1134,0,,test
2025-12-04 14:00:00,CRM.AGC.SV01,hydraulics_agc_servo,0.3354,0.2017,1.6566,0,,test
2025-12-04 15:00:00,CRM.AGC.SV01,hydraulics_agc_servo,0.3245,0.1847,0.6863,0,,test
2025-12-04 16:00:00,CRM.AGC.SV01,hydraulics_agc_servo,0.3453,0.1586,-0.2634,0,,test
2025-12-04 17:00:00,CRM.AGC.SV01,hydraulics_agc_servo,0.3968,0.1424,-0.0153,0,,test
2025-12-04 18:00:00,CRM.AGC.SV01,hydraulics_agc_servo,0.4155,0.158,-0.2516,0,,test
2025-12-04 19:00:00,CRM.AGC.SV01,hydraulics_agc_servo,0.3905,0.1728,-0.6886,0,,test
2025-12-04 20:00:00,CRM.AGC.SV01,hydraulics_agc_servo,0.374,0.2008,-0.3264,0,,test
2025-12-04 21:00:00,CRM.AGC.SV01,hydraulics_agc_servo,0.3607,0.2335,-0.7113,0,,test
2025-12-04 22:00:00,CRM.AGC.SV01,hydraulics_agc_servo,0.3889,0.1952,-1.1152,0,,test
2025-12-04 23:00:00,CRM.AGC.SV01,hydraulics_agc_servo,0.3167,0.2241,-2.6334,0,,test
2025-12-05 00:00:00,CRM.AGC.SV01,hydraulics_agc_servo,0.2979,0.2162,-2.3427,0,,test
2025-12-05 01:00:00,CRM.AGC.SV01,hydraulics_agc_servo,0.3139,0.2447,-2.6558,0,,test
2025-12-05 02:00:00,CRM.AGC.SV01,hydraulics_agc_servo,0.3516,0.2281,-2.6899,0,,test
2025-12-05 03:00:00,CRM.AGC.SV01,hydraulics_agc_servo,0.4133,0.1815,-2.5845,0,,test
2025-12-05 04:00:00,CRM.AGC.SV01,hydraulics_agc_servo,0.4159,0.2179,-1.5191,0,,test
2025-12-05 05:00:00,CRM.AGC.SV01,hydraulics_agc_servo,0.423,0.1772,-1.4945,0,,test
2025-12-05 06:00:00,CRM.AGC.SV01,hydraulics_agc_servo,0.266,0.1925,-0.8852,0,,test
2025-12-05 07:00:00,CRM.AGC.SV01,hydraulics_agc_servo,0.2707,0.2293,-0.0962,0,,test
2025-12-05 08:00:00,CRM.AGC.SV01,hydraulics_agc_servo,0.2458,0.2765,0.1486,0,,test
2025-12-05 09:00:00,CRM.AGC.SV01,hydraulics_agc_servo,0.1984,0.251,-0.7904,0,,test
2025-12-05 10:00:00,CRM.AGC.SV01,hydraulics_agc_servo,0.159,0.2439,-0.6338,0,,test
2025-12-05 11:00:00,CRM.AGC.SV01,hydraulics_agc_servo,0.1578,0.2401,-0.1963,0,,test
2025-12-05 12:00:00,CRM.AGC.SV01,hydraulics_agc_servo,0.198,0.2174,0.0229,0,,test
2025-12-05 13:00:00,CRM.AGC.SV01,hydraulics_agc_servo,0.1986,0.1957,0.2826,0,,test
2025-12-05 14:00:00,CRM.AGC.SV01,hydraulics_agc_servo,0.1816,0.1927,-0.6001,0,,test
2025-12-05 15:00:00,CRM.AGC.SV01,hydraulics_agc_servo,0.1759,0.1586,-0.4995,0,,test
2025-12-05 16:00:00,CRM.AGC.SV01,hydraulics_agc_servo,0.2264,0.0244,0.1598,0,,test
2025-12-05 17:00:00,CRM.AGC.SV01,hydraulics_agc_servo,0.2187,-0.0122,-1.4868,0,,test
2025-12-05 18:00:00,CRM.AGC.SV01,hydraulics_agc_servo,0.2269,-0.0565,-1.7835,0,,test
2025-12-05 19:00:00,CRM.AGC.SV01,hydraulics_agc_servo,0.205,-0.0324,-2.4974,0,,test
2025-12-05 20:00:00,CRM.AGC.SV01,hydraulics_agc_servo,0.159,-0.0449,-2.4502,0,,test
2025-12-05 21:00:00,CRM.AGC.SV01,hydraulics_agc_servo,0.1502,-0.0228,-2.3029,0,,test
2025-12-05 22:00:00,CRM.AGC.SV01,hydraulics_agc_servo,0.1696,0.0473,-1.1717,0,,test
2025-12-05 23:00:00,CRM.AGC.SV01,hydraulics_agc_servo,0.1344,0.0246,-1.2484,0,,test
2025-12-06 00:00:00,CRM.AGC.SV01,hydraulics_agc_servo,0.1513,0.1091,-0.356,0,,test
2025-12-06 01:00:00,CRM.AGC.SV01,hydraulics_agc_servo,0.165,0.0781,-1.4153,0,,test
2025-12-06 02:00:00,CRM.AGC.SV01,hydraulics_agc_servo,0.1583,0.1283,-0.2546,0,,test
2025-12-06 03:00:00,CRM.AGC.SV01,hydraulics_agc_servo,0.2359,0.0747,0.036,0,,test
2025-12-06 04:00:00,CRM.AGC.SV01,hydraulics_agc_servo,0.2014,0.1029,1.2755,0,,test
2025-12-06 05:00:00,CRM.AGC.SV01,hydraulics_agc_servo,0.1788,0.1261,0.9378,0,,test
2025-12-06 06:00:00,CRM.AGC.SV01,hydraulics_agc_servo,0.1301,0.1695,0.4024,0,,test
2025-12-06 07:00:00,CRM.AGC.SV01,hydraulics_agc_servo,0.1181,0.1711,1.1643,0,,test
2025-12-06 08:00:00,CRM.AGC.SV01,hydraulics_agc_servo,0.1191,0.1484,1.3906,0,,test
2025-12-06 09:00:00,CRM.AGC.SV01,hydraulics_agc_servo,0.1064,0.1795,0.7346,0,,test
2025-12-06 10:00:00,CRM.AGC.SV01,hydraulics_agc_servo,0.1164,0.3067,0.2454,0,,test
2025-12-06 11:00:00,CRM.AGC.SV01,hydraulics_agc_servo,0.1452,0.303,-0.4317,0,,test
2025-12-06 12:00:00,CRM.AGC.SV01,hydraulics_agc_servo,0.1742,0.2752,-0.6905,0,,test
2025-12-06 13:00:00,CRM.AGC.SV01,hydraulics_agc_servo,0.1763,0.2387,-0.5884,0,,test
2025-12-06 14:00:00,CRM.AGC.SV01,hydraulics_agc_servo,0.178,0.234,-1.1547,0,,test
2025-12-06 15:00:00,CRM.AGC.SV01,hydraulics_agc_servo,0.1644,0.2371,-1.7495,0,,test
2025-12-06 16:00:00,CRM.AGC.SV01,hydraulics_agc_servo,0.136,0.2512,-1.8347,0,,test
2025-12-06 17:00:00,CRM.AGC.SV01,hydraulics_agc_servo,0.1469,0.2746,-1.9545,0,,test
2025-12-06 18:00:00,CRM.AGC.SV01,hydraulics_agc_servo,0.1811,0.2236,-1.9464,0,,test
2025-12-06 19:00:00,CRM.AGC.SV01,hydraulics_agc_servo,0.1668,0.2399,-2.0113,0,,test
2025-12-06 20:00:00,CRM.AGC.SV01,hydraulics_agc_servo,0.1774,0.293,-1.7117,0,,test
2025-12-06 21:00:00,CRM.AGC.SV01,hydraulics_agc_servo,0.1899,0.3003,-1.4035,0,,test
2025-12-06 22:00:00,CRM.AGC.SV01,hydraulics_agc_servo,0.183,0.3044,-0.9681,0,,test
2025-12-06 23:00:00,CRM.AGC.SV01,hydraulics_agc_servo,0.1938,0.3114,-0.9025,0,,test
2025-12-07 00:00:00,CRM.AGC.SV01,hydraulics_agc_servo,0.2183,0.3419,-0.5227,0,,test
2025-12-07 01:00:00,CRM.AGC.SV01,hydraulics_agc_servo,0.2195,0.3525,-1.7586,0,,test
2025-12-07 02:00:00,CRM.AGC.SV01,hydraulics_agc_servo,0.2355,0.3994,-1.2265,0,,test
2025-12-07 03:00:00,CRM.AGC.SV01,hydraulics_agc_servo,0.2371,0.3796,-1.6753,0,,test
2025-12-07 04:00:00,CRM.AGC.SV01,hydraulics_agc_servo,0.2212,0.332,-2.7054,0,,test
2025-12-07 05:00:00,CRM.AGC.SV01,hydraulics_agc_servo,0.231,0.2552,-3.0739,0,,test
2025-12-07 06:00:00,CRM.AGC.SV01,hydraulics_agc_servo,0.1997,0.2493,-2.8329,0,,test
2025-12-07 07:00:00,CRM.AGC.SV01,hydraulics_agc_servo,0.1482,0.2641,-3.0313,0,,test
2025-12-07 08:00:00,CRM.AGC.SV01,hydraulics_agc_servo,0.1069,0.2527,-2.8097,0,,test
2025-12-07 09:00:00,CRM.AGC.SV01,hydraulics_agc_servo,0.123,0.2351,-2.2111,0,,test
2025-12-07 10:00:00,CRM.AGC.SV01,hydraulics_agc_servo,0.1466,0.2921,-2.1126,0,,test
2025-12-07 11:00:00,CRM.AGC.SV01,hydraulics_agc_servo,0.1767,0.3428,-1.6716,0,,test
2025-12-07 12:00:00,CRM.AGC.SV01,hydraulics_agc_servo,0.1683,0.3245,-1.0588,0,,test
2025-12-07 13:00:00,CRM.AGC.SV01,hydraulics_agc_servo,0.1342,0.362,-0.7684,0,,test
2025-12-07 14:00:00,CRM.AGC.SV01,hydraulics_agc_servo,0.1138,0.3738,-0.5741,0,,test
2025-12-07 15:00:00,CRM.AGC.SV01,hydraulics_agc_servo,0.1754,0.3486,-0.7802,0,,test
2025-12-07 16:00:00,CRM.AGC.SV01,hydraulics_agc_servo,0.1793,0.4015,0.0004,0,,test
2025-12-07 17:00:00,CRM.AGC.SV01,hydraulics_agc_servo,0.171,0.3438,0.0876,0,,test
2025-12-07 18:00:00,CRM.AGC.SV01,hydraulics_agc_servo,0.2004,0.2918,-0.0092,0,,test
2025-12-07 19:00:00,CRM.AGC.SV01,hydraulics_agc_servo,0.1837,0.3113,-0.499,0,,test
2025-12-07 20:00:00,CRM.AGC.SV01,hydraulics_agc_servo,0.1884,0.2475,0.2515,0,,test
2025-12-07 21:00:00,CRM.AGC.SV01,hydraulics_agc_servo,0.2056,0.2681,0.1261,0,,test
2025-12-07 22:00:00,CRM.AGC.SV01,hydraulics_agc_servo,0.1869,0.2801,0.0706,0,,test
2025-12-07 23:00:00,CRM.AGC.SV01,hydraulics_agc_servo,0.2423,0.304,-0.1825,0,,test
2025-12-08 00:00:00,CRM.AGC.SV01,hydraulics_agc_servo,0.2784,0.2586,-0.5183,0,,test
2025-12-08 01:00:00,CRM.AGC.SV01,hydraulics_agc_servo,0.252,0.254,-1.8783,0,,test
2025-12-08 02:00:00,CRM.AGC.SV01,hydraulics_agc_servo,0.2407,0.2866,-2.4632,0,,test
2025-12-08 03:00:00,CRM.AGC.SV01,hydraulics_agc_servo,0.2214,0.3191,-2.1884,0,,test
2025-12-08 04:00:00,CRM.AGC.SV01,hydraulics_agc_servo,0.178,0.3038,-2.529,0,,test
2025-12-08 05:00:00,CRM.AGC.SV01,hydraulics_agc_servo,0.1841,0.3565,-2.7145,0,,test
2025-12-08 06:00:00,CRM.AGC.SV01,hydraulics_agc_servo,0.2401,0.3592,-1.8776,0,,test
2025-12-08 07:00:00,CRM.AGC.SV01,hydraulics_agc_servo,0.2448,0.2785,-1.3579,0,,test
2025-12-08 08:00:00,CRM.AGC.SV01,hydraulics_agc_servo,0.2907,0.2729,-0.9862,0,,test
2025-12-08 09:00:00,CRM.AGC.SV01,hydraulics_agc_servo,0.2773,0.2695,-0.8209,0,,test
2025-12-08 10:00:00,CRM.AGC.SV01,hydraulics_agc_servo,0.2498,0.3291,-0.2148,0,,test
2025-12-08 11:00:00,CRM.AGC.SV01,hydraulics_agc_servo,0.2513,0.3149,-0.5982,0,,test
2025-12-08 12:00:00,CRM.AGC.SV01,hydraulics_agc_servo,0.1908,0.3252,-1.9305,0,,test
2025-12-08 13:00:00,CRM.AGC.SV01,hydraulics_agc_servo,0.1939,0.318,-2.2778,0,,test
2025-12-08 14:00:00,CRM.AGC.SV01,hydraulics_agc_servo,0.1483,0.2907,-1.9689,0,,test
2025-12-08 15:00:00,CRM.AGC.SV01,hydraulics_agc_servo,0.2008,0.2328,-1.8098,0,,test
2025-12-08 16:00:00,CRM.AGC.SV01,hydraulics_agc_servo,0.2369,0.2812,-1.8696,0,,test
2025-12-08 17:00:00,CRM.AGC.SV01,hydraulics_agc_servo,,,-1.8728,0,,test
2025-12-08 18:00:00,CRM.AGC.SV01,hydraulics_agc_servo,0.2535,0.2522,-2.3168,0,,test
2025-12-08 19:00:00,CRM.AGC.SV01,hydraulics_agc_servo,0.2442,0.2544,-1.9029,0,,test
2025-12-08 20:00:00,CRM.AGC.SV01,hydraulics_agc_servo,0.267,0.2575,-1.5813,0,,test
2025-12-08 21:00:00,CRM.AGC.SV01,hydraulics_agc_servo,0.2321,0.2516,-0.6581,0,,test
2025-12-08 22:00:00,CRM.AGC.SV01,hydraulics_agc_servo,0.1991,0.2807,-0.048,0,,test
2025-12-08 23:00:00,CRM.AGC.SV01,hydraulics_agc_servo,0.2105,0.3178,-0.2446,0,,test
2025-12-09 00:00:00,CRM.AGC.SV01,hydraulics_agc_servo,0.2481,0.2929,-0.0546,0,,test
2025-12-09 01:00:00,CRM.AGC.SV01,hydraulics_agc_servo,0.2135,0.2466,0.4295,0,,test
2025-12-09 02:00:00,CRM.AGC.SV01,hydraulics_agc_servo,0.2788,0.2989,0.1937,0,,test
2025-12-09 03:00:00,CRM.AGC.SV01,hydraulics_agc_servo,0.238,0.224,0.7919,0,,test
2025-12-09 04:00:00,CRM.AGC.SV01,hydraulics_agc_servo,0.192,0.2044,0.2367,0,,test
2025-12-09 05:00:00,CRM.AGC.SV01,hydraulics_agc_servo,0.1823,0.2517,-1.0604,0,,test
2025-12-09 06:00:00,CRM.AGC.SV01,hydraulics_agc_servo,0.1987,0.2329,-0.9262,0,,test
2025-12-09 07:00:00,CRM.AGC.SV01,hydraulics_agc_servo,0.1967,0.2336,-0.2143,0,,test
2025-12-09 08:00:00,CRM.AGC.SV01,hydraulics_agc_servo,0.1899,0.2487,0.495,0,,test
2025-12-09 09:00:00,CRM.AGC.SV01,hydraulics_agc_servo,0.1979,0.2509,0.7208,0,,test
2025-12-09 10:00:00,CRM.AGC.SV01,hydraulics_agc_servo,0.1248,0.2604,0.5379,0,,test
2025-12-09 11:00:00,CRM.AGC.SV01,hydraulics_agc_servo,0.1311,0.2234,0.158,0,,test
2025-12-09 12:00:00,CRM.AGC.SV01,hydraulics_agc_servo,0.1482,0.1564,1.4977,0,,test
2025-12-09 13:00:00,CRM.AGC.SV01,hydraulics_agc_servo,0.1361,0.1355,3.1846,0,,test
2025-12-09 14:00:00,CRM.AGC.SV01,hydraulics_agc_servo,0.2301,0.0725,4.8396,0,,test
2025-12-09 15:00:00,CRM.AGC.SV01,hydraulics_agc_servo,0.2712,0.0947,6.144,0,,test
2025-12-09 16:00:00,CRM.AGC.SV01,hydraulics_agc_servo,0.3227,0.0888,7.3555,0,,test
2025-12-09 17:00:00,CRM.AGC.SV01,hydraulics_agc_servo,0.3278,0.0738,7.3113,0,,test
2025-12-09 18:00:00,CRM.AGC.SV01,hydraulics_agc_servo,0.2714,0.1281,6.8796,0,,test
2025-12-09 19:00:00,CRM.AGC.SV01,hydraulics_agc_servo,0.3151,0.1104,6.4758,0,,test
2025-12-09 20:00:00,CRM.AGC.SV01,hydraulics_agc_servo,0.3372,0.1184,4.6733,0,,test
2025-12-09 21:00:00,CRM.AGC.SV01,hydraulics_agc_servo,0.3731,0.1422,3.5982,0,,test
2025-12-09 22:00:00,CRM.AGC.SV01,hydraulics_agc_servo,0.3986,0.1418,2.2692,0,,test
2025-12-09 23:00:00,CRM.AGC.SV01,hydraulics_agc_servo,0.3596,0.1221,0.3079,0,,test
2025-12-10 00:00:00,CRM.AGC.SV01,hydraulics_agc_servo,0.3795,0.1174,0.263,0,,test
2025-12-10 01:00:00,CRM.AGC.SV01,hydraulics_agc_servo,0.3454,0.1827,1.046,0,,test
2025-12-10 02:00:00,CRM.AGC.SV01,hydraulics_agc_servo,0.3575,0.1421,1.504,0,,test
2025-12-10 03:00:00,CRM.AGC.SV01,hydraulics_agc_servo,0.3203,0.1425,1.2737,0,,test
2025-12-10 04:00:00,CRM.AGC.SV01,hydraulics_agc_servo,0.3053,0.1479,1.7375,0,,test
2025-12-10 05:00:00,CRM.AGC.SV01,hydraulics_agc_servo,0.2633,0.1134,1.5026,0,,test
2025-12-10 06:00:00,CRM.AGC.SV01,hydraulics_agc_servo,0.249,0.0897,1.235,0,,test
2025-12-10 07:00:00,CRM.AGC.SV01,hydraulics_agc_servo,0.2341,0.1008,0.9188,0,,test
2025-12-10 08:00:00,CRM.AGC.SV01,hydraulics_agc_servo,0.2462,0.1366,0.9824,0,,test
2025-12-10 09:00:00,CRM.AGC.SV01,hydraulics_agc_servo,0.2295,0.1676,-0.0804,0,,test
2025-12-10 10:00:00,CRM.AGC.SV01,hydraulics_agc_servo,0.1924,0.221,-0.3394,0,,test
2025-12-10 11:00:00,CRM.AGC.SV01,hydraulics_agc_servo,0.1844,0.2185,0.0215,0,,test
2025-12-10 12:00:00,CRM.AGC.SV01,hydraulics_agc_servo,0.1412,0.1947,-0.8857,0,,test
2025-12-10 13:00:00,CRM.AGC.SV01,hydraulics_agc_servo,0.1477,0.2149,-0.245,0,,test
2025-12-10 14:00:00,CRM.AGC.SV01,hydraulics_agc_servo,0.1827,0.2447,0.5675,0,,test
2025-12-10 15:00:00,CRM.AGC.SV01,hydraulics_agc_servo,0.1767,0.2393,0.9287,0,,test
2025-12-10 16:00:00,CRM.AGC.SV01,hydraulics_agc_servo,0.1685,0.2832,0.3979,0,,test
2025-12-10 17:00:00,CRM.AGC.SV01,hydraulics_agc_servo,0.1886,0.2848,-0.5671,0,,test
2025-12-10 18:00:00,CRM.AGC.SV01,hydraulics_agc_servo,0.199,0.3025,-0.8861,0,,test
2025-12-10 19:00:00,CRM.AGC.SV01,hydraulics_agc_servo,0.142,0.2332,-0.7254,0,,test
2025-12-10 20:00:00,CRM.AGC.SV01,hydraulics_agc_servo,0.1612,0.2227,-1.2866,0,,test
2025-12-10 21:00:00,CRM.AGC.SV01,hydraulics_agc_servo,0.1626,0.2351,-1.1923,0,,test
2025-12-10 22:00:00,CRM.AGC.SV01,hydraulics_agc_servo,0.2094,0.2132,-0.8012,0,,test
2025-12-10 23:00:00,CRM.AGC.SV01,hydraulics_agc_servo,0.1963,0.1776,-1.1259,0,,test
2025-12-11 00:00:00,CRM.AGC.SV01,hydraulics_agc_servo,0.2366,0.1172,-0.7804,0,,test
2025-12-11 01:00:00,CRM.AGC.SV01,hydraulics_agc_servo,0.2605,0.132,-0.747,0,,test
2025-12-11 02:00:00,CRM.AGC.SV01,hydraulics_agc_servo,0.2739,0.1861,-1.2228,0,,test
2025-12-11 03:00:00,CRM.AGC.SV01,hydraulics_agc_servo,0.2711,0.18,-1.0112,0,,test
2025-12-11 04:00:00,CRM.AGC.SV01,hydraulics_agc_servo,0.1904,0.1995,-0.0439,0,,test
2025-12-11 05:00:00,CRM.AGC.SV01,hydraulics_agc_servo,0.1794,0.1936,-0.8049,0,,test
2025-12-11 06:00:00,CRM.AGC.SV01,hydraulics_agc_servo,0.2265,0.2476,-1.2055,0,,test
2025-12-11 07:00:00,CRM.AGC.SV01,hydraulics_agc_servo,0.2302,0.2856,-0.1891,0,,test
2025-12-11 08:00:00,CRM.AGC.SV01,hydraulics_agc_servo,0.2135,0.2441,-0.0999,0,,test
2025-12-11 09:00:00,CRM.AGC.SV01,hydraulics_agc_servo,0.1928,0.2877,-0.0892,0,,test
2025-12-11 10:00:00,CRM.AGC.SV01,hydraulics_agc_servo,0.1772,0.2981,0.0426,0,,test
2025-12-11 11:00:00,CRM.AGC.SV01,hydraulics_agc_servo,0.1978,0.3106,-0.5954,0,,test
2025-12-11 12:00:00,CRM.AGC.SV01,hydraulics_agc_servo,0.2631,0.3252,-0.1845,0,,test
2025-12-11 13:00:00,CRM.AGC.SV01,hydraulics_agc_servo,0.2266,0.3306,-0.9646,0,,test
2025-12-11 14:00:00,CRM.AGC.SV01,hydraulics_agc_servo,0.2483,0.3666,-1.8356,0,,test
2025-12-11 15:00:00,CRM.AGC.SV01,hydraulics_agc_servo,0.2481,0.2955,-1.3529,0,,test
2025-12-11 16:00:00,CRM.AGC.SV01,hydraulics_agc_servo,0.18,0.3147,-1.0872,0,,test
2025-12-11 17:00:00,CRM.AGC.SV01,hydraulics_agc_servo,0.1787,0.2917,0.0993,0,,test
2025-12-11 18:00:00,CRM.AGC.SV01,hydraulics_agc_servo,0.1426,0.2242,0.8603,0,,test
2025-12-11 19:00:00,CRM.AGC.SV01,hydraulics_agc_servo,0.1332,0.2726,1.0895,0,,test
2025-12-11 20:00:00,CRM.AGC.SV01,hydraulics_agc_servo,0.1986,0.2459,0.9538,0,,test
2025-12-11 21:00:00,CRM.AGC.SV01,hydraulics_agc_servo,0.1963,0.2401,1.0453,0,,test
2025-12-11 22:00:00,CRM.AGC.SV01,hydraulics_agc_servo,0.2418,0.2359,1.435,0,,test
2025-12-11 23:00:00,CRM.AGC.SV01,hydraulics_agc_servo,0.2815,0.2247,1.0104,0,,test
2025-12-12 00:00:00,CRM.AGC.SV01,hydraulics_agc_servo,0.3088,0.2236,1.5243,0,,test
2025-12-12 01:00:00,CRM.AGC.SV01,hydraulics_agc_servo,0.3145,0.259,1.5791,0,,test
2025-12-12 02:00:00,CRM.AGC.SV01,hydraulics_agc_servo,0.3102,0.2754,0.5883,0,,test
2025-12-12 03:00:00,CRM.AGC.SV01,hydraulics_agc_servo,0.3403,0.237,0.448,0,,test
2025-12-12 04:00:00,CRM.AGC.SV01,hydraulics_agc_servo,0.3175,0.227,0.6568,0,,test
2025-12-12 05:00:00,CRM.AGC.SV01,hydraulics_agc_servo,0.3386,0.2152,1.1632,0,,test
2025-12-12 06:00:00,CRM.AGC.SV01,hydraulics_agc_servo,0.3075,0.2395,1.4671,0,,test
2025-12-12 07:00:00,CRM.AGC.SV01,hydraulics_agc_servo,0.2946,0.3036,1.9148,0,,test
2025-12-12 08:00:00,CRM.AGC.SV01,hydraulics_agc_servo,0.3661,0.3198,2.6742,0,,test
2025-12-12 09:00:00,CRM.AGC.SV01,hydraulics_agc_servo,0.2959,0.3596,2.4125,0,,test
2025-12-12 10:00:00,CRM.AGC.SV01,hydraulics_agc_servo,0.2804,0.4141,2.5982,0,,test
2025-12-12 11:00:00,CRM.AGC.SV01,hydraulics_agc_servo,0.2988,0.4053,1.7899,0,,test
2025-12-12 12:00:00,CRM.AGC.SV01,hydraulics_agc_servo,0.2765,0.372,3.1642,0,,test
2025-12-12 13:00:00,CRM.AGC.SV01,hydraulics_agc_servo,0.2106,0.331,3.5645,0,,test
2025-12-12 14:00:00,CRM.AGC.SV01,hydraulics_agc_servo,0.2034,0.2946,4.2572,0,,test
2025-12-12 15:00:00,CRM.AGC.SV01,hydraulics_agc_servo,0.2172,0.2937,4.9271,0,,test
2025-12-12 16:00:00,CRM.AGC.SV01,hydraulics_agc_servo,0.1798,0.3158,4.3974,0,,test
2025-12-12 17:00:00,CRM.AGC.SV01,hydraulics_agc_servo,0.2035,0.2703,4.2959,0,,test
2025-12-12 18:00:00,CRM.AGC.SV01,hydraulics_agc_servo,0.2487,0.2428,3.9737,0,,test
2025-12-12 19:00:00,CRM.AGC.SV01,hydraulics_agc_servo,0.1742,0.2119,3.5056,0,,test
2025-12-12 20:00:00,CRM.AGC.SV01,hydraulics_agc_servo,0.1628,0.1187,3.3583,0,,test
2025-12-12 21:00:00,CRM.AGC.SV01,hydraulics_agc_servo,0.1511,0.1148,2.4429,0,,test
2025-12-12 22:00:00,CRM.AGC.SV01,hydraulics_agc_servo,0.1991,0.171,2.8436,0,,test
2025-12-12 23:00:00,CRM.AGC.SV01,hydraulics_agc_servo,0.196,0.1872,2.4077,0,,test
2025-12-13 00:00:00,CRM.AGC.SV01,hydraulics_agc_servo,0.1838,0.1724,1.9934,0,,test
2025-12-13 01:00:00,CRM.AGC.SV01,hydraulics_agc_servo,0.1432,0.1945,1.8749,0,,test
2025-12-13 02:00:00,CRM.AGC.SV01,hydraulics_agc_servo,0.1736,0.1968,1.2183,0,,test
2025-12-13 03:00:00,CRM.AGC.SV01,hydraulics_agc_servo,0.191,0.205,1.2456,0,,test
2025-12-13 04:00:00,CRM.AGC.SV01,hydraulics_agc_servo,0.2372,0.2012,1.3316,0,,test
2025-12-13 05:00:00,CRM.AGC.SV01,hydraulics_agc_servo,0.5801,0.193,1.8636,0,,test
2025-12-13 06:00:00,CRM.AGC.SV01,hydraulics_agc_servo,1.096,0.2411,1.2842,0,,test
2025-12-13 07:00:00,CRM.AGC.SV01,hydraulics_agc_servo,1.1315,0.2657,1.3743,0,,test
2025-12-13 08:00:00,CRM.AGC.SV01,hydraulics_agc_servo,0.6592,0.3051,1.348,0,,test
2025-12-13 09:00:00,CRM.AGC.SV01,hydraulics_agc_servo,0.2845,0.3079,1.1066,0,,test
2025-12-13 10:00:00,CRM.AGC.SV01,hydraulics_agc_servo,0.2709,0.2863,0.9868,0,,test
2025-12-13 11:00:00,CRM.AGC.SV01,hydraulics_agc_servo,0.313,0.3238,1.1065,0,,test
2025-12-13 12:00:00,CRM.AGC.SV01,hydraulics_agc_servo,0.3576,0.3411,1.6237,0,,test
2025-12-13 13:00:00,CRM.AGC.SV01,hydraulics_agc_servo,0.3234,0.3754,1.5829,0,,test
2025-12-13 14:00:00,CRM.AGC.SV01,hydraulics_agc_servo,0.3571,0.4031,1.5063,0,,test
2025-12-13 15:00:00,CRM.AGC.SV01,hydraulics_agc_servo,0.3966,0.4211,2.3632,0,,test
2025-12-13 16:00:00,CRM.AGC.SV01,hydraulics_agc_servo,0.4104,0.4072,2.1753,0,,test
2025-12-13 17:00:00,CRM.AGC.SV01,hydraulics_agc_servo,0.3992,0.3798,2.2153,0,,test
2025-12-13 18:00:00,CRM.AGC.SV01,hydraulics_agc_servo,0.385,0.3565,1.7587,0,,test
2025-12-13 19:00:00,CRM.AGC.SV01,hydraulics_agc_servo,0.3618,0.3552,2.537,0,CRM.AGC.SV01::E08,test
2025-12-13 20:00:00,CRM.AGC.SV01,hydraulics_agc_servo,0.3753,0.3094,2.5981,0,CRM.AGC.SV01::E08,test
2025-12-13 21:00:00,CRM.AGC.SV01,hydraulics_agc_servo,0.3316,0.3054,2.8958,0,CRM.AGC.SV01::E08,test
2025-12-13 22:00:00,CRM.AGC.SV01,hydraulics_agc_servo,0.2983,0.2864,1.9524,0,CRM.AGC.SV01::E08,test
2025-12-13 23:00:00,CRM.AGC.SV01,hydraulics_agc_servo,0.2864,0.2477,1.7768,0,CRM.AGC.SV01::E08,test
2025-12-14 00:00:00,CRM.AGC.SV01,hydraulics_agc_servo,0.2572,0.2028,2.2519,0,CRM.AGC.SV01::E08,test
2025-12-14 01:00:00,CRM.AGC.SV01,hydraulics_agc_servo,0.2178,0.2145,3.0379,0,CRM.AGC.SV01::E08,test
2025-12-14 02:00:00,CRM.AGC.SV01,hydraulics_agc_servo,0.1987,0.234,2.8018,0,CRM.AGC.SV01::E08,test
2025-12-14 03:00:00,CRM.AGC.SV01,hydraulics_agc_servo,0.2046,0.2067,2.676,0,CRM.AGC.SV01::E08,test
2025-12-14 04:00:00,CRM.AGC.SV01,hydraulics_agc_servo,0.1855,0.196,2.4945,0,CRM.AGC.SV01::E08,test
2025-12-14 05:00:00,CRM.AGC.SV01,hydraulics_agc_servo,0.1808,0.218,1.4526,0,CRM.AGC.SV01::E08,test
2025-12-14 06:00:00,CRM.AGC.SV01,hydraulics_agc_servo,0.1301,0.1813,1.9156,0,CRM.AGC.SV01::E08,test
2025-12-14 07:00:00,CRM.AGC.SV01,hydraulics_agc_servo,0.1412,0.1964,1.6812,0,CRM.AGC.SV01::E08,test
2025-12-14 08:00:00,CRM.AGC.SV01,hydraulics_agc_servo,0.1166,0.1723,1.5363,0,CRM.AGC.SV01::E08,test
2025-12-14 09:00:00,CRM.AGC.SV01,hydraulics_agc_servo,0.0833,0.2702,1.063,0,CRM.AGC.SV01::E08,test
2025-12-14 10:00:00,CRM.AGC.SV01,hydraulics_agc_servo,0.0431,0.288,0.5876,0,CRM.AGC.SV01::E08,test
2025-12-14 11:00:00,CRM.AGC.SV01,hydraulics_agc_servo,0.1003,0.2671,1.4098,0,CRM.AGC.SV01::E08,test
2025-12-14 12:00:00,CRM.AGC.SV01,hydraulics_agc_servo,0.0976,0.2895,1.6556,0,CRM.AGC.SV01::E08,test
2025-12-14 13:00:00,CRM.AGC.SV01,hydraulics_agc_servo,0.1366,0.3497,0.662,0,CRM.AGC.SV01::E08,test
2025-12-14 14:00:00,CRM.AGC.SV01,hydraulics_agc_servo,0.1397,0.3259,1.4838,0,CRM.AGC.SV01::E08,test
2025-12-14 15:00:00,CRM.AGC.SV01,hydraulics_agc_servo,0.0961,0.3462,1.2488,0,CRM.AGC.SV01::E08,test
2025-12-14 16:00:00,CRM.AGC.SV01,hydraulics_agc_servo,0.0877,0.3647,1.4658,0,CRM.AGC.SV01::E08,test
2025-12-14 17:00:00,CRM.AGC.SV01,hydraulics_agc_servo,0.1065,0.4208,0.9984,0,CRM.AGC.SV01::E08,test
2025-12-14 18:00:00,CRM.AGC.SV01,hydraulics_agc_servo,0.1571,0.3854,1.6887,0,CRM.AGC.SV01::E08,test
2025-12-14 19:00:00,CRM.AGC.SV01,hydraulics_agc_servo,0.144,0.3881,2.352,0,CRM.AGC.SV01::E08,test
2025-12-14 20:00:00,CRM.AGC.SV01,hydraulics_agc_servo,0.1871,0.3779,2.4515,0,CRM.AGC.SV01::E08,test
2025-12-14 21:00:00,CRM.AGC.SV01,hydraulics_agc_servo,0.1295,0.3849,1.6645,0,CRM.AGC.SV01::E08,test
2025-12-14 22:00:00,CRM.AGC.SV01,hydraulics_agc_servo,0.1418,0.377,2.1548,0,CRM.AGC.SV01::E08,test
2025-12-14 23:00:00,CRM.AGC.SV01,hydraulics_agc_servo,0.1421,0.3852,1.9759,0,CRM.AGC.SV01::E08,test
2025-12-15 00:00:00,CRM.AGC.SV01,hydraulics_agc_servo,0.1686,0.3547,1.5375,0,CRM.AGC.SV01::E08,test
2025-12-15 01:00:00,CRM.AGC.SV01,hydraulics_agc_servo,0.1407,0.331,1.7402,0,CRM.AGC.SV01::E08,test
2025-12-15 02:00:00,CRM.AGC.SV01,hydraulics_agc_servo,0.169,0.3378,1.5546,0,CRM.AGC.SV01::E08,test
2025-12-15 03:00:00,CRM.AGC.SV01,hydraulics_agc_servo,0.2406,0.3049,0.4926,0,CRM.AGC.SV01::E08,test
2025-12-15 04:00:00,CRM.AGC.SV01,hydraulics_agc_servo,0.2965,0.2583,1.0623,0,CRM.AGC.SV01::E08,test
2025-12-15 05:00:00,CRM.AGC.SV01,hydraulics_agc_servo,0.2606,0.25,1.1511,0,CRM.AGC.SV01::E08,test
2025-12-15 06:00:00,CRM.AGC.SV01,hydraulics_agc_servo,0.1878,0.2703,0.7029,0,CRM.AGC.SV01::E08,test
2025-12-15 07:00:00,CRM.AGC.SV01,hydraulics_agc_servo,0.2327,0.3364,1.6809,0,CRM.AGC.SV01::E08,test
2025-12-15 08:00:00,CRM.AGC.SV01,hydraulics_agc_servo,0.1993,0.4006,2.6256,0,CRM.AGC.SV01::E08,test
2025-12-15 09:00:00,CRM.AGC.SV01,hydraulics_agc_servo,0.1965,0.3928,3.1869,0,CRM.AGC.SV01::E08,test
2025-12-15 10:00:00,CRM.AGC.SV01,hydraulics_agc_servo,0.1515,0.3847,3.8731,0,CRM.AGC.SV01::E08,test
2025-12-15 11:00:00,CRM.AGC.SV01,hydraulics_agc_servo,0.1743,0.4277,4.0762,0,CRM.AGC.SV01::E08,test
2025-12-15 12:00:00,CRM.AGC.SV01,hydraulics_agc_servo,0.2078,0.3738,4.0115,0,CRM.AGC.SV01::E08,test
2025-12-15 13:00:00,CRM.AGC.SV01,hydraulics_agc_servo,0.1791,0.409,3.4285,0,CRM.AGC.SV01::E08,test
2025-12-15 14:00:00,CRM.AGC.SV01,hydraulics_agc_servo,0.1713,0.3866,2.8047,0,CRM.AGC.SV01::E08,test
2025-12-15 15:00:00,CRM.AGC.SV01,hydraulics_agc_servo,0.2085,0.3562,2.1072,0,CRM.AGC.SV01::E08,test
2025-12-15 16:00:00,CRM.AGC.SV01,hydraulics_agc_servo,0.2479,0.2744,1.7293,0,CRM.AGC.SV01::E08,test
2025-12-15 17:00:00,CRM.AGC.SV01,hydraulics_agc_servo,0.2503,0.2504,1.9504,0,CRM.AGC.SV01::E08,test
2025-12-15 18:00:00,CRM.AGC.SV01,hydraulics_agc_servo,0.2622,0.2949,3.0085,0,CRM.AGC.SV01::E08,test
2025-12-15 19:00:00,CRM.AGC.SV01,hydraulics_agc_servo,0.2945,0.3117,2.9158,0,CRM.AGC.SV01::E08,test
2025-12-15 20:00:00,CRM.AGC.SV01,hydraulics_agc_servo,0.2526,0.3336,3.0197,0,CRM.AGC.SV01::E08,test
2025-12-15 21:00:00,CRM.AGC.SV01,hydraulics_agc_servo,0.2866,0.3048,3.1762,0,CRM.AGC.SV01::E08,test
2025-12-15 22:00:00,CRM.AGC.SV01,hydraulics_agc_servo,0.3252,0.2909,3.3516,0,CRM.AGC.SV01::E08,test
2025-12-15 23:00:00,CRM.AGC.SV01,hydraulics_agc_servo,0.3427,0.2848,3.72,0,CRM.AGC.SV01::E08,test
2025-12-16 00:00:00,CRM.AGC.SV01,hydraulics_agc_servo,0.2964,0.2981,2.9758,0,CRM.AGC.SV01::E08,test
2025-12-16 01:00:00,CRM.AGC.SV01,hydraulics_agc_servo,0.3132,0.246,2.6732,0,CRM.AGC.SV01::E08,test
2025-12-16 02:00:00,CRM.AGC.SV01,hydraulics_agc_servo,0.3769,0.2843,2.7417,0,CRM.AGC.SV01::E08,test
2025-12-16 03:00:00,CRM.AGC.SV01,hydraulics_agc_servo,0.385,0.2831,2.0811,0,CRM.AGC.SV01::E08,test
2025-12-16 04:00:00,CRM.AGC.SV01,hydraulics_agc_servo,0.3774,0.3004,2.7064,0,CRM.AGC.SV01::E08,test
2025-12-16 05:00:00,CRM.AGC.SV01,hydraulics_agc_servo,0.3779,0.2909,3.0245,0,CRM.AGC.SV01::E08,test
2025-12-16 06:00:00,CRM.AGC.SV01,hydraulics_agc_servo,0.3652,0.3126,2.5431,0,CRM.AGC.SV01::E08,test
2025-12-16 07:00:00,CRM.AGC.SV01,hydraulics_agc_servo,0.3724,0.2907,2.8606,0,CRM.AGC.SV01::E08,test
2025-12-16 08:00:00,CRM.AGC.SV01,hydraulics_agc_servo,0.3658,0.3261,2.1601,0,CRM.AGC.SV01::E08,test
2025-12-16 09:00:00,CRM.AGC.SV01,hydraulics_agc_servo,0.3173,0.3743,1.928,0,CRM.AGC.SV01::E08,test
2025-12-16 10:00:00,CRM.AGC.SV01,hydraulics_agc_servo,0.3414,0.4019,1.5292,0,CRM.AGC.SV01::E08,test
2025-12-16 11:00:00,CRM.AGC.SV01,hydraulics_agc_servo,0.2944,0.3525,1.8112,0,CRM.AGC.SV01::E08,test
2025-12-16 12:00:00,CRM.AGC.SV01,hydraulics_agc_servo,0.2735,0.3672,2.9787,0,CRM.AGC.SV01::E08,test
2025-12-16 13:00:00,CRM.AGC.SV01,hydraulics_agc_servo,0.2882,0.3083,2.745,0,CRM.AGC.SV01::E08,test
2025-12-16 14:00:00,CRM.AGC.SV01,hydraulics_agc_servo,0.262,0.3216,2.9012,0,CRM.AGC.SV01::E08,test
2025-12-16 15:00:00,CRM.AGC.SV01,hydraulics_agc_servo,0.3001,0.3081,2.8617,0,CRM.AGC.SV01::E08,test
2025-12-16 16:00:00,CRM.AGC.SV01,hydraulics_agc_servo,0.3055,0.2882,3.1868,0,CRM.AGC.SV01::E08,test
2025-12-16 17:00:00,CRM.AGC.SV01,hydraulics_agc_servo,0.3887,0.3127,3.0959,0,CRM.AGC.SV01::E08,test
2025-12-16 18:00:00,CRM.AGC.SV01,hydraulics_agc_servo,0.4426,0.2942,2.8254,0,CRM.AGC.SV01::E08,test
2025-12-16 19:00:00,CRM.AGC.SV01,hydraulics_agc_servo,0.3875,0.2872,2.9066,0,CRM.AGC.SV01::E08,test
2025-12-16 20:00:00,CRM.AGC.SV01,hydraulics_agc_servo,0.3635,0.2588,2.5675,0,CRM.AGC.SV01::E08,test
2025-12-16 21:00:00,CRM.AGC.SV01,hydraulics_agc_servo,0.3452,0.2978,1.8492,0,CRM.AGC.SV01::E08,test
2025-12-16 22:00:00,CRM.AGC.SV01,hydraulics_agc_servo,0.2994,0.2627,2.5146,0,CRM.AGC.SV01::E08,test
2025-12-16 23:00:00,CRM.AGC.SV01,hydraulics_agc_servo,0.3134,0.2264,3.2717,0,CRM.AGC.SV01::E08,test
2025-12-17 00:00:00,CRM.AGC.SV01,hydraulics_agc_servo,0.3348,0.218,2.96,0,CRM.AGC.SV01::E08,test
2025-12-17 01:00:00,CRM.AGC.SV01,hydraulics_agc_servo,0.3346,0.1989,2.6356,0,CRM.AGC.SV01::E08,test
2025-12-17 02:00:00,CRM.AGC.SV01,hydraulics_agc_servo,0.3174,0.2305,2.8362,0,CRM.AGC.SV01::E08,test
2025-12-17 03:00:00,CRM.AGC.SV01,hydraulics_agc_servo,0.2786,0.2762,3.5462,0,CRM.AGC.SV01::E08,test
2025-12-17 04:00:00,CRM.AGC.SV01,hydraulics_agc_servo,0.2712,0.3124,3.3757,0,CRM.AGC.SV01::E08,test
2025-12-17 05:00:00,CRM.AGC.SV01,hydraulics_agc_servo,0.2325,0.3149,3.6881,0,CRM.AGC.SV01::E08,test
2025-12-17 06:00:00,CRM.AGC.SV01,hydraulics_agc_servo,0.2588,0.3803,4.5116,0,CRM.AGC.SV01::E08,test
2025-12-17 07:00:00,CRM.AGC.SV01,hydraulics_agc_servo,0.2575,0.3729,4.1041,0,CRM.AGC.SV01::E08,test
2025-12-17 08:00:00,CRM.AGC.SV01,hydraulics_agc_servo,0.3025,0.2941,3.9078,0,CRM.AGC.SV01::E08,test
2025-12-17 09:00:00,CRM.AGC.SV01,hydraulics_agc_servo,0.2723,0.2927,3.667,0,CRM.AGC.SV01::E08,test
2025-12-17 10:00:00,CRM.AGC.SV01,hydraulics_agc_servo,0.3153,0.3068,3.9964,0,CRM.AGC.SV01::E08,test
2025-12-17 11:00:00,CRM.AGC.SV01,hydraulics_agc_servo,0.2773,0.273,3.6203,0,CRM.AGC.SV01::E08,test
2025-12-17 12:00:00,CRM.AGC.SV01,hydraulics_agc_servo,0.295,0.2007,3.8254,0,CRM.AGC.SV01::E08,test
2025-12-17 13:00:00,CRM.AGC.SV01,hydraulics_agc_servo,0.3453,0.2655,2.4672,0,CRM.AGC.SV01::E08,test
2025-12-17 14:00:00,CRM.AGC.SV01,hydraulics_agc_servo,0.2803,0.277,2.3962,0,CRM.AGC.SV01::E08,test
2025-12-17 15:00:00,CRM.AGC.SV01,hydraulics_agc_servo,0.2644,0.3334,2.9171,0,CRM.AGC.SV01::E08,test
2025-12-17 16:00:00,CRM.AGC.SV01,hydraulics_agc_servo,0.2083,0.3266,3.9374,0,CRM.AGC.SV01::E08,test
2025-12-17 17:00:00,CRM.AGC.SV01,hydraulics_agc_servo,0.1952,0.3518,3.8282,0,CRM.AGC.SV01::E08,test
2025-12-17 18:00:00,CRM.AGC.SV01,hydraulics_agc_servo,0.1933,0.3437,4.7846,0,CRM.AGC.SV01::E08,test
2025-12-17 19:00:00,CRM.AGC.SV01,hydraulics_agc_servo,0.1899,0.3148,4.791,0,CRM.AGC.SV01::E08,test
2025-12-17 20:00:00,CRM.AGC.SV01,hydraulics_agc_servo,0.1846,0.2656,5.3823,0,CRM.AGC.SV01::E08,test
2025-12-17 21:00:00,CRM.AGC.SV01,hydraulics_agc_servo,0.1967,0.2668,6.278,0,CRM.AGC.SV01::E08,test
2025-12-17 22:00:00,CRM.AGC.SV01,hydraulics_agc_servo,0.1768,0.2827,6.2271,0,CRM.AGC.SV01::E08,test
2025-12-17 23:00:00,CRM.AGC.SV01,hydraulics_agc_servo,0.2035,0.2991,6.8153,0,CRM.AGC.SV01::E08,test
2025-12-18 00:00:00,CRM.AGC.SV01,hydraulics_agc_servo,0.1933,0.269,6.7558,0,CRM.AGC.SV01::E08,test
2025-12-18 01:00:00,CRM.AGC.SV01,hydraulics_agc_servo,0.1603,0.2383,5.801,0,CRM.AGC.SV01::E08,test
2025-12-18 02:00:00,CRM.AGC.SV01,hydraulics_agc_servo,0.1985,0.277,5.6201,0,CRM.AGC.SV01::E08,test
2025-12-18 03:00:00,CRM.AGC.SV01,hydraulics_agc_servo,0.2287,0.2282,5.1223,0,CRM.AGC.SV01::E08,test
2025-12-18 04:00:00,CRM.AGC.SV01,hydraulics_agc_servo,0.2369,0.2368,4.5085,0,CRM.AGC.SV01::E08,test
2025-12-18 05:00:00,CRM.AGC.SV01,hydraulics_agc_servo,0.2524,0.1878,4.4101,0,CRM.AGC.SV01::E08,test
2025-12-18 06:00:00,CRM.AGC.SV01,hydraulics_agc_servo,0.2256,0.1484,4.7269,0,CRM.AGC.SV01::E08,test
2025-12-18 07:00:00,CRM.AGC.SV01,hydraulics_agc_servo,0.2278,0.1619,5.1377,0,CRM.AGC.SV01::E08,test
2025-12-18 08:00:00,CRM.AGC.SV01,hydraulics_agc_servo,0.2717,0.1831,5.0499,0,CRM.AGC.SV01::E08,test
2025-12-18 09:00:00,CRM.AGC.SV01,hydraulics_agc_servo,0.2635,0.2048,4.3883,0,CRM.AGC.SV01::E08,test
2025-12-18 10:00:00,CRM.AGC.SV01,hydraulics_agc_servo,0.2332,0.1769,3.5621,0,CRM.AGC.SV01::E08,test
2025-12-18 11:00:00,CRM.AGC.SV01,hydraulics_agc_servo,0.2877,0.1424,3.0056,0,CRM.AGC.SV01::E08,test
2025-12-18 12:00:00,CRM.AGC.SV01,hydraulics_agc_servo,0.271,0.1735,3.2644,0,CRM.AGC.SV01::E08,test
2025-12-18 13:00:00,CRM.AGC.SV01,hydraulics_agc_servo,0.3133,0.2082,3.1918,0,CRM.AGC.SV01::E08,test
2025-12-18 14:00:00,CRM.AGC.SV01,hydraulics_agc_servo,0.3028,0.1853,2.9074,0,CRM.AGC.SV01::E08,test
2025-12-18 15:00:00,CRM.AGC.SV01,hydraulics_agc_servo,0.3317,0.2213,3.2684,0,CRM.AGC.SV01::E08,test
2025-12-18 16:00:00,CRM.AGC.SV01,hydraulics_agc_servo,0.3494,0.226,3.8586,1,CRM.AGC.SV01::E08,test
2025-12-18 17:00:00,CRM.AGC.SV01,hydraulics_agc_servo,0.3397,0.2299,4.6436,0,CRM.AGC.SV01::E08,test
2025-12-18 18:00:00,CRM.AGC.SV01,hydraulics_agc_servo,0.2993,0.1907,5.1078,0,CRM.AGC.SV01::E08,test
2025-12-18 19:00:00,CRM.AGC.SV01,hydraulics_agc_servo,0.3232,0.2056,5.3923,0,CRM.AGC.SV01::E08,test
2025-12-18 20:00:00,CRM.AGC.SV01,hydraulics_agc_servo,0.3119,0.1874,4.9532,0,CRM.AGC.SV01::E08,test
2025-12-18 21:00:00,CRM.AGC.SV01,hydraulics_agc_servo,0.3056,0.1637,5.1115,0,CRM.AGC.SV01::E08,test
2025-12-18 22:00:00,CRM.AGC.SV01,hydraulics_agc_servo,0.2531,0.2174,4.5607,0,CRM.AGC.SV01::E08,test
2025-12-18 23:00:00,CRM.AGC.SV01,hydraulics_agc_servo,0.255,0.2865,4.832,0,CRM.AGC.SV01::E08,test
2025-12-19 00:00:00,CRM.AGC.SV01,hydraulics_agc_servo,0.2286,0.2682,4.3849,0,CRM.AGC.SV01::E08,test
2025-12-19 01:00:00,CRM.AGC.SV01,hydraulics_agc_servo,0.2233,0.2507,3.3174,0,CRM.AGC.SV01::E08,test
2025-12-19 02:00:00,CRM.AGC.SV01,hydraulics_agc_servo,0.2353,0.3092,3.4759,0,CRM.AGC.SV01::E08,test
2025-12-19 03:00:00,CRM.AGC.SV01,hydraulics_agc_servo,0.2486,0.3228,3.6656,0,CRM.AGC.SV01::E08,test
2025-12-19 04:00:00,CRM.AGC.SV01,hydraulics_agc_servo,0.2732,0.2926,3.969,0,CRM.AGC.SV01::E08,test
2025-12-19 05:00:00,CRM.AGC.SV01,hydraulics_agc_servo,0.2394,0.3107,4.5716,0,CRM.AGC.SV01::E08,test
2025-12-19 06:00:00,CRM.AGC.SV01,hydraulics_agc_servo,0.189,0.3082,4.4426,0,CRM.AGC.SV01::E08,test
2025-12-19 07:00:00,CRM.AGC.SV01,hydraulics_agc_servo,0.2293,0.3421,4.2571,0,CRM.AGC.SV01::E08,test
2025-12-19 08:00:00,CRM.AGC.SV01,hydraulics_agc_servo,0.1925,0.2555,3.4472,0,CRM.AGC.SV01::E08,test
2025-12-19 09:00:00,CRM.AGC.SV01,hydraulics_agc_servo,0.2211,0.2766,3.1617,0,CRM.AGC.SV01::E08,test
2025-12-19 10:00:00,CRM.AGC.SV01,hydraulics_agc_servo,0.1785,0.2662,3.5436,0,CRM.AGC.SV01::E08,test
2025-12-19 11:00:00,CRM.AGC.SV01,hydraulics_agc_servo,0.1994,0.2389,3.7411,0,CRM.AGC.SV01::E08,test
2025-12-19 12:00:00,CRM.AGC.SV01,hydraulics_agc_servo,0.1161,0.2473,3.9412,1,CRM.AGC.SV01::E08,test
2025-12-19 13:00:00,CRM.AGC.SV01,hydraulics_agc_servo,0.1472,0.2807,3.7371,0,CRM.AGC.SV01::E08,test
2025-12-19 14:00:00,CRM.AGC.SV01,hydraulics_agc_servo,0.1441,0.3164,4.3789,0,CRM.AGC.SV01::E08,test
2025-12-19 15:00:00,CRM.AGC.SV01,hydraulics_agc_servo,0.1979,0.3643,4.4194,0,CRM.AGC.SV01::E08,test
2025-12-19 16:00:00,CRM.AGC.SV01,hydraulics_agc_servo,0.1622,0.3496,3.9658,0,CRM.AGC.SV01::E08,test
2025-12-19 17:00:00,CRM.AGC.SV01,hydraulics_agc_servo,0.1694,0.3038,5.261,1,CRM.AGC.SV01::E08,test
2025-12-19 18:00:00,CRM.AGC.SV01,hydraulics_agc_servo,0.1946,0.2907,4.5303,0,CRM.AGC.SV01::E08,test
2025-12-19 19:00:00,CRM.AGC.SV01,hydraulics_agc_servo,0.2074,0.2956,4.958,1,CRM.AGC.SV01::E08,test
2025-12-19 20:00:00,CRM.AGC.SV01,hydraulics_agc_servo,0.1565,0.2535,5.1348,0,CRM.AGC.SV01::E08,test
2025-12-19 21:00:00,CRM.AGC.SV01,hydraulics_agc_servo,0.1623,0.2582,4.7806,1,CRM.AGC.SV01::E08,test
2025-12-19 22:00:00,CRM.AGC.SV01,hydraulics_agc_servo,0.1315,0.2672,5.0166,1,CRM.AGC.SV01::E08,test
2025-12-19 23:00:00,CRM.AGC.SV01,hydraulics_agc_servo,0.1013,0.259,5.5672,0,CRM.AGC.SV01::E08,test
2025-12-20 00:00:00,CRM.AGC.SV01,hydraulics_agc_servo,0.1298,0.2763,5.1199,0,CRM.AGC.SV01::E08,test
2025-12-20 01:00:00,CRM.AGC.SV01,hydraulics_agc_servo,0.1461,0.2897,5.7804,0,CRM.AGC.SV01::E08,test
2025-12-20 02:00:00,CRM.AGC.SV01,hydraulics_agc_servo,0.1756,0.2518,6.6375,0,CRM.AGC.SV01::E08,test
2025-12-20 03:00:00,CRM.AGC.SV01,hydraulics_agc_servo,0.1523,0.2322,5.1201,0,CRM.AGC.SV01::E08,test
2025-12-20 04:00:00,CRM.AGC.SV01,hydraulics_agc_servo,0.1148,0.2398,4.6284,1,CRM.AGC.SV01::E08,test
2025-12-20 05:00:00,CRM.AGC.SV01,hydraulics_agc_servo,0.1802,0.2387,5.5633,1,CRM.AGC.SV01::E08,test
2025-12-20 06:00:00,CRM.AGC.SV01,hydraulics_agc_servo,0.1413,0.1835,5.718,1,CRM.AGC.SV01::E08,test
2025-12-20 07:00:00,CRM.AGC.SV01,hydraulics_agc_servo,0.1326,0.2275,7.487,0,CRM.AGC.SV01::E08,test
2025-12-20 08:00:00,CRM.AGC.SV01,hydraulics_agc_servo,0.1626,0.195,6.5059,0,CRM.AGC.SV01::E08,test
2025-12-20 09:00:00,CRM.AGC.SV01,hydraulics_agc_servo,0.1615,0.1369,5.2496,0,CRM.AGC.SV01::E08,test
2025-12-20 10:00:00,CRM.AGC.SV01,hydraulics_agc_servo,0.1529,0.1268,4.8164,0,CRM.AGC.SV01::E08,test
2025-12-20 11:00:00,CRM.AGC.SV01,hydraulics_agc_servo,0.1482,0.1259,4.7523,0,CRM.AGC.SV01::E08,test
2025-12-20 12:00:00,CRM.AGC.SV01,hydraulics_agc_servo,0.1622,0.1687,5.2104,1,CRM.AGC.SV01::E08,test
2025-12-20 13:00:00,CRM.AGC.SV01,hydraulics_agc_servo,0.1885,0.1827,5.4755,0,CRM.AGC.SV01::E08,test
2025-12-20 14:00:00,CRM.AGC.SV01,hydraulics_agc_servo,0.1607,0.2008,5.374,1,CRM.AGC.SV01::E08,test
2025-12-20 15:00:00,CRM.AGC.SV01,hydraulics_agc_servo,0.1318,0.1878,4.7931,0,CRM.AGC.SV01::E08,test
2025-12-20 16:00:00,CRM.AGC.SV01,hydraulics_agc_servo,0.1248,0.1951,5.0664,1,CRM.AGC.SV01::E08,test
2025-12-20 17:00:00,CRM.AGC.SV01,hydraulics_agc_servo,0.1704,0.2433,5.5134,1,CRM.AGC.SV01::E08,test
2025-12-20 18:00:00,CRM.AGC.SV01,hydraulics_agc_servo,0.2043,0.2801,5.3895,0,CRM.AGC.SV01::E08,test
2025-12-20 19:00:00,CRM.AGC.SV01,hydraulics_agc_servo,0.2051,0.2522,4.5047,1,CRM.AGC.SV01::E08,test
2025-12-20 20:00:00,CRM.AGC.SV01,hydraulics_agc_servo,0.1761,0.1921,5.4551,0,CRM.AGC.SV01::E08,test
2025-12-20 21:00:00,CRM.AGC.SV01,hydraulics_agc_servo,0.1893,0.1782,6.2918,1,CRM.AGC.SV01::E08,test
2025-12-20 22:00:00,CRM.AGC.SV01,hydraulics_agc_servo,0.1704,0.1514,6.867,1,CRM.AGC.SV01::E08,test
2025-12-20 23:00:00,CRM.AGC.SV01,hydraulics_agc_servo,0.1938,0.0837,6.7752,1,CRM.AGC.SV01::E08,test
2025-12-21 00:00:00,CRM.AGC.SV01,hydraulics_agc_servo,0.1716,0.0666,5.7608,1,CRM.AGC.SV01::E08,test
2025-12-21 01:00:00,CRM.AGC.SV01,hydraulics_agc_servo,0.178,0.094,6.2545,1,CRM.AGC.SV01::E08,test
2025-12-21 02:00:00,CRM.AGC.SV01,hydraulics_agc_servo,0.1931,0.1705,6.1334,1,CRM.AGC.SV01::E08,test
2025-12-21 03:00:00,CRM.AGC.SV01,hydraulics_agc_servo,0.2419,0.1585,7.0202,1,CRM.AGC.SV01::E08,test
2025-12-21 04:00:00,CRM.AGC.SV01,hydraulics_agc_servo,0.2822,0.1499,7.8105,1,CRM.AGC.SV01::E08,test
2025-12-21 05:00:00,CRM.AGC.SV01,hydraulics_agc_servo,0.3253,0.1378,8.3025,0,CRM.AGC.SV01::E08,test
2025-12-21 06:00:00,CRM.AGC.SV01,hydraulics_agc_servo,0.2808,0.1244,8.3535,1,CRM.AGC.SV01::E08,test
2025-12-21 07:00:00,CRM.AGC.SV01,hydraulics_agc_servo,0.2596,0.0945,8.8383,1,CRM.AGC.SV01::E08,test
2025-12-21 08:00:00,CRM.AGC.SV01,hydraulics_agc_servo,0.2681,0.0634,9.5735,1,CRM.AGC.SV01::E08,test
2025-12-21 09:00:00,CRM.AGC.SV01,hydraulics_agc_servo,0.307,0.1063,9.6853,1,CRM.AGC.SV01::E08,test
2025-12-21 10:00:00,CRM.AGC.SV01,hydraulics_agc_servo,0.2955,0.1644,9.7731,1,CRM.AGC.SV01::E08,test
2025-12-21 11:00:00,CRM.AGC.SV01,hydraulics_agc_servo,0.2412,0.1527,10.1755,1,CRM.AGC.SV01::E08,test
2025-12-21 12:00:00,CRM.AGC.SV01,hydraulics_agc_servo,0.1805,0.1332,10.4721,1,CRM.AGC.SV01::E08,test
2025-12-21 13:00:00,CRM.AGC.SV01,hydraulics_agc_servo,0.2303,0.0986,9.5775,1,CRM.AGC.SV01::E08,test
2025-12-21 14:00:00,CRM.AGC.SV01,hydraulics_agc_servo,0.2349,0.143,10.6982,1,CRM.AGC.SV01::E08,test
2025-12-21 15:00:00,CRM.AGC.SV01,hydraulics_agc_servo,0.1984,0.1917,10.8781,1,CRM.AGC.SV01::E08,test
2025-12-21 16:00:00,CRM.AGC.SV01,hydraulics_agc_servo,0.1955,0.2442,10.0232,1,CRM.AGC.SV01::E08,test
2025-12-21 17:00:00,CRM.AGC.SV01,hydraulics_agc_servo,0.1759,0.2671,10.5195,1,CRM.AGC.SV01::E08,test
2025-12-21 18:00:00,CRM.AGC.SV01,hydraulics_agc_servo,0.1856,0.2351,10.0596,1,CRM.AGC.SV01::E08,test
2025-12-21 19:00:00,CRM.AGC.SV01,hydraulics_agc_servo,0.1645,0.1824,10.948,1,CRM.AGC.SV01::E08,test
2025-12-21 20:00:00,CRM.AGC.SV01,hydraulics_agc_servo,0.1849,0.2381,10.9434,1,CRM.AGC.SV01::E08,test
2025-12-21 21:00:00,CRM.AGC.SV01,hydraulics_agc_servo,0.2317,0.2173,10.664,1,CRM.AGC.SV01::E08,test
2025-12-21 22:00:00,CRM.AGC.SV01,hydraulics_agc_servo,0.234,0.2753,10.556,1,CRM.AGC.SV01::E08,test
2025-12-21 23:00:00,CRM.AGC.SV01,hydraulics_agc_servo,0.2294,0.2532,10.5358,1,CRM.AGC.SV01::E08,test
2025-12-22 00:00:00,CRM.AGC.SV01,hydraulics_agc_servo,0.2454,0.3048,10.4977,1,CRM.AGC.SV01::E08,test
2025-12-22 01:00:00,CRM.AGC.SV01,hydraulics_agc_servo,0.2654,0.318,11.3368,1,CRM.AGC.SV01::E08,test
2025-12-22 02:00:00,CRM.AGC.SV01,hydraulics_agc_servo,0.2259,0.3812,11.7845,1,CRM.AGC.SV01::E08,test
2025-12-22 03:00:00,CRM.AGC.SV01,hydraulics_agc_servo,0.2445,0.3495,11.6816,1,CRM.AGC.SV01::E08,test
2025-12-22 04:00:00,CRM.AGC.SV01,hydraulics_agc_servo,0.267,0.3152,13.451,1,CRM.AGC.SV01::E08,test
2025-12-22 05:00:00,CRM.AGC.SV01,hydraulics_agc_servo,0.2774,0.2814,13.1189,1,CRM.AGC.SV01::E08,test
2025-12-22 06:00:00,CRM.AGC.SV01,hydraulics_agc_servo,0.2928,0.2822,13.2826,1,CRM.AGC.SV01::E08,test
2025-12-22 07:00:00,CRM.AGC.SV01,hydraulics_agc_servo,0.2817,0.315,12.4378,1,CRM.AGC.SV01::E08,test
2025-12-22 08:00:00,CRM.AGC.SV01,hydraulics_agc_servo,0.2755,0.3184,11.1604,1,CRM.AGC.SV01::E08,test
2025-12-22 09:00:00,CRM.AGC.SV01,hydraulics_agc_servo,0.344,0.3193,11.3284,1,CRM.AGC.SV01::E08,test
2025-12-22 10:00:00,CRM.AGC.SV01,hydraulics_agc_servo,0.3263,0.2791,10.8191,1,CRM.AGC.SV01::E08,test
2025-12-22 11:00:00,CRM.AGC.SV01,hydraulics_agc_servo,0.3412,0.2766,10.7054,1,CRM.AGC.SV01::E08,test
2025-12-22 12:00:00,CRM.AGC.SV01,hydraulics_agc_servo,0.3679,0.2636,10.8809,1,CRM.AGC.SV01::E08,test
2025-12-22 13:00:00,CRM.AGC.SV01,hydraulics_agc_servo,0.3415,0.2296,11.7888,1,CRM.AGC.SV01::E08,test
2025-12-22 14:00:00,CRM.AGC.SV01,hydraulics_agc_servo,0.3928,0.2537,12.4522,1,CRM.AGC.SV01::E08,test
2025-12-22 15:00:00,CRM.AGC.SV01,hydraulics_agc_servo,0.3551,0.2775,12.3267,1,CRM.AGC.SV01::E08,test
2025-12-22 16:00:00,CRM.AGC.SV01,hydraulics_agc_servo,0.3601,0.2356,13.0532,1,CRM.AGC.SV01::E08,test
2025-12-22 17:00:00,CRM.AGC.SV01,hydraulics_agc_servo,0.3628,0.1983,13.2984,1,CRM.AGC.SV01::E08,test
2025-12-22 18:00:00,CRM.AGC.SV01,hydraulics_agc_servo,0.2991,0.1956,12.0218,1,CRM.AGC.SV01::E08,test
2025-12-22 19:00:00,CRM.AGC.SV01,hydraulics_agc_servo,0.2744,0.2409,11.4089,1,CRM.AGC.SV01::E08,test
2025-12-22 20:00:00,CRM.AGC.SV01,hydraulics_agc_servo,0.211,0.2095,12.0216,1,CRM.AGC.SV01::E08,test
2025-12-22 21:00:00,CRM.AGC.SV01,hydraulics_agc_servo,0.1324,0.2269,12.5851,1,CRM.AGC.SV01::E08,test
2025-12-22 22:00:00,CRM.AGC.SV01,hydraulics_agc_servo,0.1055,,,1,CRM.AGC.SV01::E08,test
2025-12-22 23:00:00,CRM.AGC.SV01,hydraulics_agc_servo,0.1383,0.3457,12.8764,1,CRM.AGC.SV01::E08,test
2025-12-23 00:00:00,CRM.AGC.SV01,hydraulics_agc_servo,0.1282,0.3362,13.287,2,CRM.AGC.SV01::E08,test
2025-12-23 01:00:00,CRM.AGC.SV01,hydraulics_agc_servo,0.0665,0.3828,13.5643,1,CRM.AGC.SV01::E08,test
2025-12-23 02:00:00,CRM.AGC.SV01,hydraulics_agc_servo,0.0454,0.4049,14.1512,1,CRM.AGC.SV01::E08,test
2025-12-23 03:00:00,CRM.AGC.SV01,hydraulics_agc_servo,0.0709,0.361,13.4438,1,CRM.AGC.SV01::E08,test
2025-12-23 04:00:00,CRM.AGC.SV01,hydraulics_agc_servo,0.1364,0.3671,13.4506,1,CRM.AGC.SV01::E08,test
2025-12-23 05:00:00,CRM.AGC.SV01,hydraulics_agc_servo,0.0796,0.391,13.0309,1,CRM.AGC.SV01::E08,test
2025-12-23 06:00:00,CRM.AGC.SV01,hydraulics_agc_servo,0.086,0.3892,13.755,1,CRM.AGC.SV01::E08,test
2025-12-23 07:00:00,CRM.AGC.SV01,hydraulics_agc_servo,0.0989,0.3573,13.6221,1,CRM.AGC.SV01::E08,test
2025-12-23 08:00:00,CRM.AGC.SV01,hydraulics_agc_servo,0.0758,0.3854,13.9955,1,CRM.AGC.SV01::E08,test
2025-12-23 09:00:00,CRM.AGC.SV01,hydraulics_agc_servo,0.1303,0.4068,14.055,1,CRM.AGC.SV01::E08,test
2025-12-23 10:00:00,CRM.AGC.SV01,hydraulics_agc_servo,0.1657,0.4263,14.2171,1,CRM.AGC.SV01::E08,test
2025-12-23 11:00:00,CRM.AGC.SV01,hydraulics_agc_servo,0.2006,0.3587,14.6805,2,CRM.AGC.SV01::E08,test
2025-12-23 12:00:00,CRM.AGC.SV01,hydraulics_agc_servo,0.1829,0.3894,15.6474,1,CRM.AGC.SV01::E08,test
2025-12-23 13:00:00,CRM.AGC.SV01,hydraulics_agc_servo,0.1975,0.4302,15.7898,2,CRM.AGC.SV01::E08,test
2025-12-23 14:00:00,CRM.AGC.SV01,hydraulics_agc_servo,0.2095,0.4485,16.6952,1,CRM.AGC.SV01::E08,test
2025-12-23 15:00:00,CRM.AGC.SV01,hydraulics_agc_servo,0.2558,0.3942,17.8234,2,CRM.AGC.SV01::E08,test
2025-12-23 16:00:00,CRM.AGC.SV01,hydraulics_agc_servo,0.2533,0.393,17.9027,2,CRM.AGC.SV01::E08,test
2025-12-23 17:00:00,CRM.AGC.SV01,hydraulics_agc_servo,0.2658,0.4275,17.9189,2,CRM.AGC.SV01::E08,test
2025-12-23 18:00:00,CRM.AGC.SV01,hydraulics_agc_servo,0.2458,0.3466,17.1184,1,CRM.AGC.SV01::E08,test
2025-12-23 19:00:00,CRM.AGC.SV01,hydraulics_agc_servo,0.1851,0.3886,16.4031,2,CRM.AGC.SV01::E08,test
2025-12-23 20:00:00,CRM.AGC.SV01,hydraulics_agc_servo,0.2033,0.358,16.5102,2,CRM.AGC.SV01::E08,test
2025-12-23 21:00:00,CRM.AGC.SV01,hydraulics_agc_servo,0.2021,0.3015,16.9683,2,CRM.AGC.SV01::E08,test
2025-12-23 22:00:00,CRM.AGC.SV01,hydraulics_agc_servo,0.2042,0.2917,17.0092,1,CRM.AGC.SV01::E08,test
2025-12-23 23:00:00,CRM.AGC.SV01,hydraulics_agc_servo,0.2061,0.2477,16.9984,1,CRM.AGC.SV01::E08,test
2025-12-24 00:00:00,CRM.AGC.SV01,hydraulics_agc_servo,0.185,0.1669,17.8974,2,CRM.AGC.SV01::E08,test
2025-12-24 01:00:00,CRM.AGC.SV01,hydraulics_agc_servo,0.2353,0.1771,18.2733,1,CRM.AGC.SV01::E08,test
2025-12-24 02:00:00,CRM.AGC.SV01,hydraulics_agc_servo,0.2179,0.2479,19.2666,1,CRM.AGC.SV01::E08,test
2025-12-24 03:00:00,CRM.AGC.SV01,hydraulics_agc_servo,0.3843,0.2663,19.1651,2,CRM.AGC.SV01::E08,test
2025-12-24 04:00:00,CRM.AGC.SV01,hydraulics_agc_servo,0.7366,0.2462,19.58,2,CRM.AGC.SV01::E08,test
2025-12-24 05:00:00,CRM.AGC.SV01,hydraulics_agc_servo,0.9364,0.2644,19.9414,1,CRM.AGC.SV01::E08,test
2025-12-24 06:00:00,CRM.AGC.SV01,hydraulics_agc_servo,0.8194,0.2623,20.3242,1,CRM.AGC.SV01::E08,test
2025-12-24 07:00:00,CRM.AGC.SV01,hydraulics_agc_servo,0.452,0.2452,20.4389,1,CRM.AGC.SV01::E08,test
2025-12-24 08:00:00,CRM.AGC.SV01,hydraulics_agc_servo,0.1684,0.1702,20.1081,2,CRM.AGC.SV01::E08,test
2025-12-24 09:00:00,CRM.AGC.SV01,hydraulics_agc_servo,0.2528,0.1307,19.7491,2,CRM.AGC.SV01::E08,test
2025-12-24 10:00:00,CRM.AGC.SV01,hydraulics_agc_servo,0.264,0.1713,18.9954,2,CRM.AGC.SV01::E08,test
2025-12-24 11:00:00,CRM.AGC.SV01,hydraulics_agc_servo,0.2676,0.1421,19.119,2,CRM.AGC.SV01::E08,test
2025-12-24 12:00:00,CRM.AGC.SV01,hydraulics_agc_servo,0.2547,0.1726,19.6882,2,CRM.AGC.SV01::E08,test
2025-12-24 13:00:00,CRM.AGC.SV01,hydraulics_agc_servo,0.2238,0.229,20.2322,1,CRM.AGC.SV01::E08,test
2025-12-24 14:00:00,CRM.AGC.SV01,hydraulics_agc_servo,0.1695,0.3019,20.6324,1,CRM.AGC.SV01::E08,test
2025-12-24 15:00:00,CRM.AGC.SV01,hydraulics_agc_servo,0.1738,0.3191,20.5602,2,CRM.AGC.SV01::E08,test
2025-12-24 16:00:00,CRM.AGC.SV01,hydraulics_agc_servo,0.1434,0.3392,20.8889,2,CRM.AGC.SV01::E08,test
2025-12-24 17:00:00,CRM.AGC.SV01,hydraulics_agc_servo,0.1728,0.2394,21.503,2,CRM.AGC.SV01::E08,test
2025-12-24 18:00:00,CRM.AGC.SV01,hydraulics_agc_servo,0.1317,0.2185,21.269,2,CRM.AGC.SV01::E08,test
2025-12-24 19:00:00,CRM.AGC.SV01,hydraulics_agc_servo,0.1811,0.1568,20.4275,2,CRM.AGC.SV01::E08,test
2025-12-24 20:00:00,CRM.AGC.SV01,hydraulics_agc_servo,0.2194,0.1493,20.5741,2,CRM.AGC.SV01::E08,test
2025-12-24 21:00:00,CRM.AGC.SV01,hydraulics_agc_servo,0.2163,0.0793,21.6,1,CRM.AGC.SV01::E08,test
2025-12-24 22:00:00,CRM.AGC.SV01,hydraulics_agc_servo,0.1551,0.1254,21.1921,2,CRM.AGC.SV01::E08,test
2025-12-24 23:00:00,CRM.AGC.SV01,hydraulics_agc_servo,0.1525,0.1721,19.9746,2,CRM.AGC.SV01::E08,test
2025-12-25 00:00:00,CRM.AGC.SV01,hydraulics_agc_servo,0.1765,0.1793,19.991,2,CRM.AGC.SV01::E08,test
2025-12-25 01:00:00,CRM.AGC.SV01,hydraulics_agc_servo,0.2137,0.1843,20.7597,2,CRM.AGC.SV01::E08,test
2025-12-25 02:00:00,CRM.AGC.SV01,hydraulics_agc_servo,0.2045,0.1949,19.6994,2,CRM.AGC.SV01::E08,test
2025-12-25 03:00:00,CRM.AGC.SV01,hydraulics_agc_servo,0.2123,0.1716,0.4854,0,,test
2025-12-25 04:00:00,CRM.AGC.SV01,hydraulics_agc_servo,0.2131,0.1783,0.197,0,,test
2025-12-25 05:00:00,CRM.AGC.SV01,hydraulics_agc_servo,0.2297,0.0804,0.5771,0,,test
2025-12-25 06:00:00,CRM.AGC.SV01,hydraulics_agc_servo,0.2218,0.1176,0.0046,0,,test
2025-12-25 07:00:00,CRM.AGC.SV01,hydraulics_agc_servo,0.1841,0.1242,-0.7968,0,,test
2025-12-25 08:00:00,CRM.AGC.SV01,hydraulics_agc_servo,0.1924,0.1051,-1.1895,0,,test
2025-12-25 09:00:00,CRM.AGC.SV01,hydraulics_agc_servo,0.203,0.1558,-1.619,0,,test
2025-12-25 10:00:00,CRM.AGC.SV01,hydraulics_agc_servo,0.2122,0.1756,-2.353,0,,test
2025-12-25 11:00:00,CRM.AGC.SV01,hydraulics_agc_servo,0.1771,0.1911,-2.7597,0,,test
2025-12-25 12:00:00,CRM.AGC.SV01,hydraulics_agc_servo,0.2067,0.2353,-3.3766,0,,test
2025-12-25 13:00:00,CRM.AGC.SV01,hydraulics_agc_servo,0.2737,0.2078,-2.099,0,,test
2025-12-25 14:00:00,CRM.AGC.SV01,hydraulics_agc_servo,0.2631,0.2094,-3.7883,0,,test
2025-12-25 15:00:00,CRM.AGC.SV01,hydraulics_agc_servo,0.3354,0.2235,-3.1375,0,,test
2025-12-25 16:00:00,CRM.AGC.SV01,hydraulics_agc_servo,0.3177,0.2356,-2.5223,0,,test
2025-12-25 17:00:00,CRM.AGC.SV01,hydraulics_agc_servo,0.3117,0.2506,-3.5854,0,,test
2025-12-25 18:00:00,CRM.AGC.SV01,hydraulics_agc_servo,0.331,0.2675,-3.0027,0,,test
2025-12-25 19:00:00,CRM.AGC.SV01,hydraulics_agc_servo,0.3432,0.2511,-2.1171,0,,test
2025-12-25 20:00:00,CRM.AGC.SV01,hydraulics_agc_servo,0.3392,0.2425,-1.7259,0,,test
2025-12-25 21:00:00,CRM.AGC.SV01,hydraulics_agc_servo,0.3572,0.1982,-1.3188,0,,test
2025-12-25 22:00:00,CRM.AGC.SV01,hydraulics_agc_servo,0.3476,0.1852,-1.1445,0,,test
2025-12-25 23:00:00,CRM.AGC.SV01,hydraulics_agc_servo,0.3264,0.1719,-1.6021,0,,test
2025-12-26 00:00:00,CRM.AGC.SV01,hydraulics_agc_servo,0.3126,0.1655,-2.4611,0,,test
2025-12-26 01:00:00,CRM.AGC.SV01,hydraulics_agc_servo,0.3082,0.1832,-2.6875,0,,test
2025-12-26 02:00:00,CRM.AGC.SV01,hydraulics_agc_servo,0.2371,0.1779,-2.2231,0,,test
2025-12-26 03:00:00,CRM.AGC.SV01,hydraulics_agc_servo,0.2227,0.2098,-1.6408,0,,test
2025-12-26 04:00:00,CRM.AGC.SV01,hydraulics_agc_servo,0.251,0.1882,-1.4523,0,,test
2025-12-26 05:00:00,CRM.AGC.SV01,hydraulics_agc_servo,0.2891,0.2189,-1.14,0,,test
2025-12-26 06:00:00,CRM.AGC.SV01,hydraulics_agc_servo,0.3079,0.2654,-1.1389,0,,test
2025-12-26 07:00:00,CRM.AGC.SV01,hydraulics_agc_servo,0.301,0.3087,-0.7559,0,,test
2025-12-26 08:00:00,CRM.AGC.SV01,hydraulics_agc_servo,0.3377,0.2612,-0.2445,0,,test
2025-12-26 09:00:00,CRM.AGC.SV01,hydraulics_agc_servo,0.3268,0.177,-0.7333,0,,test
2025-12-26 10:00:00,CRM.AGC.SV01,hydraulics_agc_servo,0.3103,0.1681,-0.581,0,,test
2025-12-26 11:00:00,CRM.AGC.SV01,hydraulics_agc_servo,0.3646,0.1553,-0.5478,0,,test
2025-12-26 12:00:00,CRM.AGC.SV01,hydraulics_agc_servo,0.3536,0.175,-1.0361,0,,test
2025-12-26 13:00:00,CRM.AGC.SV01,hydraulics_agc_servo,0.3541,0.1536,-1.1182,0,,test
2025-12-26 14:00:00,CRM.AGC.SV01,hydraulics_agc_servo,0.3071,0.1358,-0.621,0,,test
2025-12-26 15:00:00,CRM.AGC.SV01,hydraulics_agc_servo,0.3684,0.0858,-0.7893,0,,test
2025-12-26 16:00:00,CRM.AGC.SV01,hydraulics_agc_servo,0.3203,0.0793,-0.9933,0,,test
2025-12-26 17:00:00,CRM.AGC.SV01,hydraulics_agc_servo,0.2257,0.0721,-1.1876,0,,test
2025-12-26 18:00:00,CRM.AGC.SV01,hydraulics_agc_servo,0.2403,0.0669,-0.9322,0,,test
2025-12-26 19:00:00,CRM.AGC.SV01,hydraulics_agc_servo,0.2161,0.0932,-0.441,0,,test
2025-12-26 20:00:00,CRM.AGC.SV01,hydraulics_agc_servo,0.2198,0.0939,0.4119,0,,test
2025-12-26 21:00:00,CRM.AGC.SV01,hydraulics_agc_servo,0.1627,0.133,-0.0974,0,,test
2025-12-26 22:00:00,CRM.AGC.SV01,hydraulics_agc_servo,0.2039,0.2174,-0.2062,0,,test
2025-12-26 23:00:00,CRM.AGC.SV01,hydraulics_agc_servo,0.1674,0.2479,-0.5514,0,,test
2025-12-27 00:00:00,CRM.AGC.SV01,hydraulics_agc_servo,0.1777,0.2593,-0.6712,0,,test
2025-12-27 01:00:00,CRM.AGC.SV01,hydraulics_agc_servo,0.253,0.2922,0.3408,0,,test
2025-12-27 02:00:00,CRM.AGC.SV01,hydraulics_agc_servo,0.2467,0.2869,-0.0217,0,,test
2025-12-27 03:00:00,CRM.AGC.SV01,hydraulics_agc_servo,0.2206,0.335,-1.0696,0,,test
2025-12-27 04:00:00,CRM.AGC.SV01,hydraulics_agc_servo,0.2109,0.3127,-1.1504,0,,test
2025-12-27 05:00:00,CRM.AGC.SV01,hydraulics_agc_servo,0.2356,0.2656,-1.1834,0,,test
2025-12-27 06:00:00,CRM.AGC.SV01,hydraulics_agc_servo,0.2032,0.214,-1.194,0,,test
2025-12-27 07:00:00,CRM.AGC.SV01,hydraulics_agc_servo,0.2234,0.1863,-1.1614,0,,test
2025-12-27 08:00:00,CRM.AGC.SV01,hydraulics_agc_servo,0.2616,0.2142,-1.3631,0,,test
2025-12-27 09:00:00,CRM.AGC.SV01,hydraulics_agc_servo,0.2629,0.2023,0.3065,0,,test
2025-12-27 10:00:00,CRM.AGC.SV01,hydraulics_agc_servo,0.2912,0.1828,0.993,0,,test
2025-12-27 11:00:00,CRM.AGC.SV01,hydraulics_agc_servo,0.3253,0.2144,0.9169,0,,test
2025-12-27 12:00:00,CRM.AGC.SV01,hydraulics_agc_servo,0.3129,0.2122,-0.2909,0,,test
2025-12-27 13:00:00,CRM.AGC.SV01,hydraulics_agc_servo,0.3038,0.2079,0.3722,0,,test
2025-12-27 14:00:00,CRM.AGC.SV01,hydraulics_agc_servo,0.2483,0.199,0.4415,0,,test
2025-12-27 15:00:00,CRM.AGC.SV01,hydraulics_agc_servo,0.2429,0.2318,0.4583,0,,test
2025-12-27 16:00:00,CRM.AGC.SV01,hydraulics_agc_servo,0.263,0.1647,-0.1698,0,,test
2025-12-27 17:00:00,CRM.AGC.SV01,hydraulics_agc_servo,0.2577,0.1884,1.5319,0,,test
2025-12-27 18:00:00,CRM.AGC.SV01,hydraulics_agc_servo,0.3107,0.1688,1.9042,0,,test
2025-12-27 19:00:00,CRM.AGC.SV01,hydraulics_agc_servo,0.3065,0.1579,1.4929,0,,test
2025-12-27 20:00:00,CRM.AGC.SV01,hydraulics_agc_servo,0.3216,0.1914,1.9871,0,,test
2025-12-27 21:00:00,CRM.AGC.SV01,hydraulics_agc_servo,0.3849,0.1824,0.7385,0,,test
2025-12-27 22:00:00,CRM.AGC.SV01,hydraulics_agc_servo,0.3802,0.1838,-0.0838,0,,test
2025-12-27 23:00:00,CRM.AGC.SV01,hydraulics_agc_servo,0.3766,0.2071,-0.605,0,,test
2025-12-28 00:00:00,CRM.AGC.SV01,hydraulics_agc_servo,0.4013,0.128,-0.5585,0,,test
2025-12-28 01:00:00,CRM.AGC.SV01,hydraulics_agc_servo,0.3219,0.0946,-1.1007,0,,test
2025-12-28 02:00:00,CRM.AGC.SV01,hydraulics_agc_servo,0.3097,0.1243,-1.2029,0,,test
2025-12-28 03:00:00,CRM.AGC.SV01,hydraulics_agc_servo,0.3197,0.1626,-0.1428,0,,test
2025-12-28 04:00:00,CRM.AGC.SV01,hydraulics_agc_servo,0.3501,0.232,-0.7296,0,,test
2025-12-28 05:00:00,CRM.AGC.SV01,hydraulics_agc_servo,0.2983,0.2778,-1.322,0,,test
2025-12-28 06:00:00,CRM.AGC.SV01,hydraulics_agc_servo,0.2733,0.2763,-1.3617,0,,test
2025-12-28 07:00:00,CRM.AGC.SV01,hydraulics_agc_servo,0.3035,0.217,-0.8996,0,,test
2025-12-28 08:00:00,CRM.AGC.SV01,hydraulics_agc_servo,0.2672,0.2889,-0.7744,0,,test
2025-12-28 09:00:00,CRM.AGC.SV01,hydraulics_agc_servo,0.2734,0.2926,-1.2079,0,,test
2025-12-28 10:00:00,CRM.AGC.SV01,hydraulics_agc_servo,0.2817,0.3001,-1.4612,0,,test
2025-12-28 11:00:00,CRM.AGC.SV01,hydraulics_agc_servo,0.2546,0.2825,-1.9157,0,,test
2025-12-28 12:00:00,CRM.AGC.SV01,hydraulics_agc_servo,0.2479,0.2529,-1.3471,0,,test
2025-12-28 13:00:00,CRM.AGC.SV01,hydraulics_agc_servo,0.2585,0.2954,-0.9027,0,,test
2025-12-28 14:00:00,CRM.AGC.SV01,hydraulics_agc_servo,0.2786,0.2824,-1.641,0,,test
2025-12-28 15:00:00,CRM.AGC.SV01,hydraulics_agc_servo,0.283,0.2655,-0.8574,0,,test
2025-12-28 16:00:00,CRM.AGC.SV01,hydraulics_agc_servo,0.2596,0.2749,-1.3228,0,,test
2025-12-28 17:00:00,CRM.AGC.SV01,hydraulics_agc_servo,0.3103,0.2645,-2.022,0,,test
2025-12-28 18:00:00,CRM.AGC.SV01,hydraulics_agc_servo,0.334,0.2982,-1.1843,0,,test
2025-12-28 19:00:00,CRM.AGC.SV01,hydraulics_agc_servo,0.3324,0.2741,-1.8258,0,,test
2025-12-28 20:00:00,CRM.AGC.SV01,hydraulics_agc_servo,0.311,0.3282,-1.8836,0,,test
2025-12-28 21:00:00,CRM.AGC.SV01,hydraulics_agc_servo,0.2656,0.3577,-2.5608,0,,test
2025-12-28 22:00:00,CRM.AGC.SV01,hydraulics_agc_servo,0.3088,0.3415,-1.4019,0,,test
2025-12-28 23:00:00,CRM.AGC.SV01,hydraulics_agc_servo,0.312,0.2715,-0.7479,0,,test
2025-12-29 00:00:00,CRM.AGC.SV01,hydraulics_agc_servo,0.2877,0.2169,-0.6155,0,,test
2025-12-29 01:00:00,CRM.AGC.SV01,hydraulics_agc_servo,0.2487,0.2366,-1.3301,0,,test
2025-12-29 02:00:00,CRM.AGC.SV01,hydraulics_agc_servo,0.2824,0.2586,-1.5993,0,,test
2025-12-29 03:00:00,CRM.AGC.SV01,hydraulics_agc_servo,0.2775,0.1941,-1.1067,0,,test
2025-12-29 04:00:00,CRM.AGC.SV01,hydraulics_agc_servo,0.2786,0.2161,0.2125,0,,test
2025-12-29 05:00:00,CRM.AGC.SV01,hydraulics_agc_servo,0.2471,0.2194,0.2744,0,,test
2025-12-29 06:00:00,CRM.AGC.SV01,hydraulics_agc_servo,0.2137,0.2275,0.1447,0,,test
2025-12-29 07:00:00,CRM.AGC.SV01,hydraulics_agc_servo,0.1731,0.2393,-0.4703,0,,test
2025-12-29 08:00:00,CRM.AGC.SV01,hydraulics_agc_servo,0.1625,0.2469,-0.5596,0,,test
2025-12-29 09:00:00,CRM.AGC.SV01,hydraulics_agc_servo,0.123,0.2706,-0.5801,0,,test
2025-12-29 10:00:00,CRM.AGC.SV01,hydraulics_agc_servo,0.1021,0.2716,-0.2839,0,,test
2025-12-29 11:00:00,CRM.AGC.SV01,hydraulics_agc_servo,0.0423,0.2328,-0.3764,0,,test
2025-12-29 12:00:00,CRM.AGC.SV01,hydraulics_agc_servo,0.0691,0.2337,-0.8333,0,,test
2025-12-29 13:00:00,CRM.AGC.SV01,hydraulics_agc_servo,0.0329,0.2382,-0.3839,0,,test
2025-12-29 14:00:00,CRM.AGC.SV01,hydraulics_agc_servo,0.029,0.2783,0.1667,0,,test
2025-12-29 15:00:00,CRM.AGC.SV01,hydraulics_agc_servo,0.0925,0.3291,0.7812,0,,test
2025-12-29 16:00:00,CRM.AGC.SV01,hydraulics_agc_servo,0.1055,0.3472,0.8612,0,,test
2025-12-29 17:00:00,CRM.AGC.SV01,hydraulics_agc_servo,0.1058,0.3132,0.8277,0,,test
2025-12-29 18:00:00,CRM.AGC.SV01,hydraulics_agc_servo,0.1279,0.2292,0.7544,0,,test
2025-12-29 19:00:00,CRM.AGC.SV01,hydraulics_agc_servo,0.166,0.2197,0.8395,0,,test
2025-12-29 20:00:00,CRM.AGC.SV01,hydraulics_agc_servo,0.1785,0.2388,1.132,0,,test
2025-12-29 21:00:00,CRM.AGC.SV01,hydraulics_agc_servo,0.1575,0.2755,3.9774,0,,test
2025-12-29 22:00:00,CRM.AGC.SV01,hydraulics_agc_servo,0.153,0.2823,8.1472,0,,test
2025-12-29 23:00:00,CRM.AGC.SV01,hydraulics_agc_servo,0.1768,0.229,9.8508,0,,test
2025-12-30 00:00:00,CRM.AGC.SV01,hydraulics_agc_servo,0.1414,0.2222,7.7154,0,,test
2025-12-30 01:00:00,CRM.AGC.SV01,hydraulics_agc_servo,0.1401,0.2175,2.8389,0,,test
2025-12-30 02:00:00,CRM.AGC.SV01,hydraulics_agc_servo,0.202,0.1826,0.3853,0,,test
2025-12-30 03:00:00,CRM.AGC.SV01,hydraulics_agc_servo,0.2217,0.2114,0.2368,0,,test
2025-12-30 04:00:00,CRM.AGC.SV01,hydraulics_agc_servo,0.2273,0.215,0.9348,0,,test
2025-12-30 05:00:00,CRM.AGC.SV01,hydraulics_agc_servo,0.2676,0.1701,1.8582,0,,test
2025-12-30 06:00:00,CRM.AGC.SV01,hydraulics_agc_servo,0.2414,0.172,1.6014,0,,test
2025-12-30 07:00:00,CRM.AGC.SV01,hydraulics_agc_servo,0.2252,0.2134,2.9315,0,,test
2025-12-30 08:00:00,CRM.AGC.SV01,hydraulics_agc_servo,0.185,0.2125,2.7391,0,,test
2025-12-30 09:00:00,CRM.AGC.SV01,hydraulics_agc_servo,0.2289,0.226,2.0574,0,,test
2025-12-30 10:00:00,CRM.AGC.SV01,hydraulics_agc_servo,0.1996,0.2577,1.9109,0,,test
2025-12-30 11:00:00,CRM.AGC.SV01,hydraulics_agc_servo,0.1993,0.2903,1.7383,0,,test
2025-12-30 12:00:00,CRM.AGC.SV01,hydraulics_agc_servo,0.2255,0.2646,1.6588,0,,test
2025-12-30 13:00:00,CRM.AGC.SV01,hydraulics_agc_servo,0.2526,0.2464,1.4657,0,,test
2025-12-30 14:00:00,CRM.AGC.SV01,hydraulics_agc_servo,0.2477,0.2438,0.7305,0,,test
2025-12-30 15:00:00,CRM.AGC.SV01,hydraulics_agc_servo,0.2436,0.3239,1.0992,0,,test
2025-12-30 16:00:00,CRM.AGC.SV01,hydraulics_agc_servo,0.2209,0.305,1.0316,0,,test
2025-12-30 17:00:00,CRM.AGC.SV01,hydraulics_agc_servo,0.2206,0.323,1.0811,0,,test
2025-12-30 18:00:00,CRM.AGC.SV01,hydraulics_agc_servo,0.2617,0.3425,1.3161,0,,test
2025-12-30 19:00:00,CRM.AGC.SV01,hydraulics_agc_servo,0.2534,0.3182,0.9019,0,,test
2025-12-30 20:00:00,CRM.AGC.SV01,hydraulics_agc_servo,0.2792,0.2921,0.4458,0,,test
2025-12-30 21:00:00,CRM.AGC.SV01,hydraulics_agc_servo,0.2658,0.2683,0.6652,0,,test
2025-12-30 22:00:00,CRM.AGC.SV01,hydraulics_agc_servo,0.2462,0.2439,1.6678,0,,test
2025-12-30 23:00:00,CRM.AGC.SV01,hydraulics_agc_servo,0.2632,0.2344,1.3764,0,,test
