threshold,score,recall,precision,n_pos,tp,fp,fn
0.014283071897747676,54.308093994778076,1.0,0.08616187989556136,766,66,700,0
0.014266517355351534,54.30247718383312,1.0,0.08604954367666232,767,66,701,0
0.014256963906110306,54.296875,1.0,0.0859375,768,66,702,0
0.014248753430502836,54.29128738621587,1.0,0.0858257477243173,769,66,703,0
0.014242029013045372,54.285714285714285,1.0,0.08571428571428572,770,66,704,0
0.014232130914816593,54.280155642023345,1.0,0.08560311284046693,771,66,705,0
0.014202403853714423,54.274611398963735,1.0,0.08549222797927461,772,66,706,0
0.014181592816108705,54.269081500646834,1.0,0.08538163001293661,773,66,707,0
0.01417546324406764,54.263565891472865,1.0,0.08527131782945736,774,66,708,0
0.014150737481675084,54.25806451612903,1.0,0.08516129032258064,775,66,709,0
0.014129236648783971,54.25257731958762,1.0,0.08505154639175258,776,66,710,0
0.014123464939735961,54.24710424710425,1.0,0.08494208494208494,777,66,711,0
0.014116118181666429,54.24164524421594,1.0,0.08483290488431877,778,66,712,0
0.014103181486016959,54.23620025673941,1.0,0.08472400513478819,779,66,713,0
0.014084780064243616,54.230769230769226,1.0,0.08461538461538462,780,66,714,0
0.014044980577234793,54.22535211267605,1.0,0.08450704225352113,781,66,715,0
0.014012612331366303,54.21994884910486,1.0,0.08439897698209718,782,66,716,0
0.014006412643801772,54.214559386973185,1.0,0.0842911877394636,783,66,717,0
0.01399830290643228,54.20918367346938,1.0,0.08418367346938775,784,66,718,0
0.013981210277389017,54.203821656050955,1.0,0.0840764331210191,785,66,719,0
0.01396533820132725,54.19847328244275,1.0,0.08396946564885496,786,66,720,0
0.013959696196088667,54.19313850063532,1.0,0.08386277001270648,787,66,721,0
0.013952293779203973,54.18781725888325,1.0,0.08375634517766498,788,66,722,0
0.013944323193522748,54.18250950570342,1.0,0.08365019011406843,789,66,723,0
0.013933242973830189,54.177215189873415,1.0,0.08354430379746836,790,66,724,0
0.01391986291911958,54.171934260429836,1.0,0.08343868520859671,791,66,725,0
0.01390329637130299,54.166666666666664,1.0,0.08333333333333333,792,66,726,0
0.013889074573403406,54.16141235813367,1.0,0.0832282471626734,793,66,727,0
0.013874835639643405,54.15617128463476,1.0,0.08312342569269521,794,66,728,0
0.013860187140391155,54.15094339622642,1.0,0.0830188679245283,795,66,729,0
0.013847344473836252,54.14572864321608,1.0,0.0829145728643216,796,66,730,0
0.013834981457385345,54.14052697616061,1.0,0.08281053952321205,797,66,731,0
0.013826532661669073,54.13533834586466,1.0,0.08270676691729323,798,66,732,0
0.013819597544648947,54.13016270337923,1.0,0.08260325406758448,799,66,733,0
0.013811530172745903,54.125,1.0,0.0825,800,66,734,0
0.013789230627706709,54.11985018726592,1.0,0.08239700374531835,801,66,735,0
0.013763831560065967,54.11471321695761,1.0,0.08229426433915212,802,66,736,0
0.01374707494666437,54.10958904109589,1.0,0.0821917808219178,803,66,737,0
0.013738763775733475,54.1044776119403,1.0,0.08208955223880597,804,66,738,0
0.013732115409840321,54.09937888198758,1.0,0.08198757763975155,805,66,739,0
0.013721907950169261,54.09429280397022,1.0,0.08188585607940446,806,66,740,0
0.013710043490475145,54.08921933085502,1.0,0.08178438661710037,807,66,741,0
0.013698720698817106,54.084158415841586,1.0,0.08168316831683169,808,66,742,0
0.01367741637744219,54.07911001236094,1.0,0.0815822002472188,809,66,743,0
0.013638396440431955,54.074074074074076,1.0,0.08148148148148149,810,66,744,0
0.013616344952975317,54.069050554870536,1.0,0.08138101109741061,811,66,745,0
0.013615866855379277,54.06403940886699,1.0,0.0812807881773399,812,66,746,0
0.013566845255327281,54.05904059040591,1.0,0.08118081180811808,813,66,747,0
0.013491942212057066,54.054054054054056,1.0,0.08108108108108109,814,66,748,0
0.0134655272623366,54.04907975460122,1.0,0.08098159509202454,815,66,749,0
0.013463286127120524,54.04411764705882,1.0,0.08088235294117647,816,66,750,0
0.013456143795325393,54.03916768665851,1.0,0.08078335373317014,817,66,751,0
0.013436935361153295,54.034229828850854,1.0,0.08068459657701711,818,66,752,0
0.013419991017855664,54.02930402930403,1.0,0.08058608058608059,819,66,753,0
0.01340312339172256,54.024390243902445,1.0,0.08048780487804878,820,66,754,0
0.013380107764576491,54.01948842874543,1.0,0.08038976857490865,821,66,755,0
0.013359392398467656,54.01459854014598,1.0,0.08029197080291971,822,66,756,0
0.013329222898910607,54.0097205346294,1.0,0.08019441069258809,823,66,757,0
0.01330802088022416,54.004854368932044,1.0,0.08009708737864078,824,66,758,0
0.013278149168474666,54.0,1.0,0.08,825,66,759,0
0.01323911621229477,53.99515738498789,1.0,0.07990314769975787,826,66,760,0
0.01321490639233108,53.990326481257554,1.0,0.07980652962515115,827,66,761,0
0.013202583277617183,53.985507246376805,1.0,0.07971014492753623,828,66,762,0
0.013185143564275796,53.98069963811821,1.0,0.07961399276236429,829,66,763,0
0.013164987036630889,53.975903614457835,1.0,0.07951807228915662,830,66,764,0
0.013136015076584732,53.97111913357401,1.0,0.07942238267148015,831,66,765,0
0.013101757886218441,53.96634615384615,1.0,0.07932692307692307,832,66,766,0
0.013071735963663116,53.96158463385354,1.0,0.07923169267707082,833,66,767,0
0.013036374904815209,53.956834532374096,1.0,0.07913669064748201,834,66,768,0
0.013016148472679817,53.95209580838324,1.0,0.07904191616766468,835,66,769,0
0.012971542014581122,53.94736842105263,1.0,0.07894736842105263,836,66,770,0
0.012907825884499523,53.94265232974911,1.0,0.07885304659498207,837,66,771,0
0.01287066286474621,53.93794749403341,1.0,0.07875894988066826,838,66,772,0
0.012855166467167708,53.93325387365911,1.0,0.07866507747318235,839,66,773,0
0.012841439749682163,53.92857142857142,1.0,0.07857142857142857,840,66,774,0
0.012823197157139348,53.92390011890606,1.0,0.07847800237812129,841,66,775,0
0.01273911864062494,53.919239904988125,1.0,0.07838479809976247,842,66,776,0
0.012631835802452706,53.91459074733096,1.0,0.07829181494661921,843,66,777,0
0.01256691661630286,53.90995260663507,1.0,0.07819905213270142,844,66,778,0
0.012524020830654002,53.90532544378698,1.0,0.07810650887573964,845,66,779,0
0.012506192611330857,53.90070921985816,1.0,0.07801418439716312,846,66,780,0
0.012486829428926594,53.896103896103895,1.0,0.07792207792207792,847,66,781,0
0.012466495965821958,53.891509433962256,1.0,0.07783018867924528,848,66,782,0
0.012452785459491252,53.88692579505301,1.0,0.07773851590106007,849,66,783,0
0.012445454162571168,53.88235294117647,1.0,0.07764705882352942,850,66,784,0
0.012437929781051418,53.87779083431258,1.0,0.07755581668625147,851,66,785,0
0.012419840398347724,53.87323943661971,1.0,0.07746478873239436,852,66,786,0
0.012385001355974479,53.86869871043376,1.0,0.07737397420867527,853,66,787,0
0.012351358727209452,53.86416861826698,1.0,0.07728337236533958,854,66,788,0
0.012321751571286694,53.85964912280702,1.0,0.07719298245614035,855,66,789,0
0.012298742988558051,53.85514018691588,1.0,0.07710280373831775,856,66,790,0
0.012290202562807223,53.85064177362894,1.0,0.07701283547257877,857,66,791,0
0.012278611013886477,53.84615384615385,1.0,0.07692307692307693,858,66,792,0
0.012257644390318682,53.84167636786962,1.0,0.07683352735739232,859,66,793,0
0.012243059533021485,53.83720930232558,1.0,0.07674418604651163,860,66,794,0
0.01221919832701021,53.83275261324042,1.0,0.07665505226480836,861,66,795,0
0.012169723291592284,53.82830626450116,1.0,0.0765661252900232,862,66,796,0
0.012110595084226062,53.82387022016223,1.0,0.07647740440324449,863,66,797,0
0.012069034581683345,53.81944444444444,1.0,0.0763888888888889,864,66,798,0
0.012053107471674802,53.81502890173411,1.0,0.07630057803468208,865,66,799,0
0.012039950645315128,53.81062355658198,1.0,0.07621247113163972,866,66,800,0
0.012025404544329309,53.806228373702425,1.0,0.07612456747404844,867,66,801,0
0.012000725006135568,53.801843317972356,1.0,0.07603686635944701,868,66,802,0
0.011929228528785831,53.79746835443038,1.0,0.0759493670886076,869,66,803,0
0.011807979798586108,53.79310344827586,1.0,0.07586206896551724,870,66,804,0
0.011729987211780795,53.78874856486797,1.0,0.07577497129735936,871,66,805,0
0.011716818000411093,53.78440366972477,1.0,0.07568807339449542,872,66,806,0
0.011710673683093345,53.78006872852234,1.0,0.07560137457044673,873,66,807,0
0.011696616383871431,53.775743707093824,1.0,0.07551487414187644,874,66,808,0
0.011682565215786193,53.77142857142857,1.0,0.07542857142857143,875,66,809,0
0.011677932148663903,53.76712328767124,1.0,0.07534246575342465,876,66,810,0
0.011676583600245038,53.76282782212086,1.0,0.07525655644241733,877,66,811,0
0.011670767768810656,53.75854214123007,1.0,0.07517084282460136,878,66,812,0
0.011659368078593463,53.7542662116041,1.0,0.07508532423208192,879,66,813,0
0.011637370840600802,53.75,1.0,0.075,880,66,814,0
0.011613576538141615,53.74574347332577,1.0,0.07491486946651532,881,66,815,0
0.01159797992886036,53.74149659863946,1.0,0.07482993197278912,882,66,816,0
0.011588590595003124,53.73725934314836,1.0,0.07474518686296716,883,66,817,0
0.0115825671059709,53.73303167420814,1.0,0.0746606334841629,884,66,818,0
0.011545441610240308,53.72881355932203,1.0,0.07457627118644068,885,66,819,0
0.011511183401272013,53.72460496613996,1.0,0.0744920993227991,886,66,820,0
0.011504476369159506,53.720405862457724,1.0,0.07440811724915446,887,66,821,0
0.014859557986094542,53.71900826446281,0.9848484848484849,0.08953168044077135,726,65,661,1
0.011482513003253049,53.71621621621622,1.0,0.07432432432432433,888,66,822,0
0.014848927074869327,53.71285065232796,0.9848484848484849,0.08940852819807428,727,65,662,1
0.011459970135715262,53.712035995500564,1.0,0.07424071991001124,889,66,823,0
0.011440255087168949,53.70786516853933,1.0,0.07415730337078652,890,66,824,0
0.014844092085605692,53.70670995670995,0.9848484848484849,0.08928571428571429,728,65,663,1
0.011421910884658137,53.703703703703695,1.0,0.07407407407407407,891,66,825,0
0.014841803002062028,53.70058610799352,0.9848484848484849,0.08916323731138547,729,65,664,1
0.011398893842816083,53.69955156950673,1.0,0.07399103139013453,892,66,826,0
0.011376257087471427,53.695408734602466,1.0,0.07390817469204927,893,66,827,0
0.014831382878775771,53.694479036944784,0.9848484848484849,0.08904109589041095,730,65,665,1
0.011363513038959893,53.691275167785236,1.0,0.0738255033557047,894,66,828,0
0.014819349138749445,53.68838867470879,0.9848484848484849,0.08891928864569083,731,65,666,1
0.011348144089637344,53.68715083798883,1.0,0.07374301675977654,895,66,829,0
0.01131820990235853,53.68303571428571,1.0,0.07366071428571429,896,66,830,0
0.014807271558033757,53.682314952806756,0.9848484848484849,0.08879781420765027,732,65,667,1
0.011293976857938731,53.67892976588629,1.0,0.07357859531772576,897,66,831,0
0.014797640209489865,53.67625780313365,0.9848484848484849,0.08867667121418826,733,65,668,1
0.011276931502405385,53.67483296213808,1.0,0.07349665924276169,898,66,832,0
0.011255893050261902,53.670745272525025,1.0,0.07341490545050056,899,66,833,0
0.014795945782592409,53.67021715795558,0.9848484848484849,0.0885558583106267,734,65,669,1
0.011230561608720003,53.666666666666664,1.0,0.07333333333333333,900,66,834,0
0.014791222735572665,53.66419294990724,0.9848484848484849,0.08843537414965986,735,65,670,1
0.011207469292868807,53.66259711431742,1.0,0.0732519422863485,901,66,835,0
0.011198331189445259,53.65853658536586,1.0,0.07317073170731707,902,66,836,0
0.01477490011297084,53.65818511198947,0.9848484848484849,0.08831521739130435,736,65,671,1
0.011187541421889083,53.65448504983389,1.0,0.07308970099667775,903,66,837,0
0.01475898759266774,53.652193577566706,0.9848484848484849,0.08819538670284939,737,65,672,1
0.011158652716228169,53.650442477876105,1.0,0.07300884955752213,904,66,838,0
0.011128041969009855,53.646408839779,1.0,0.07292817679558011,905,66,839,0
0.014755297045959005,53.64621828036462,0.9848484848484849,0.08807588075880758,738,65,673,1
0.011107900952052187,53.64238410596026,1.0,0.0728476821192053,906,66,840,0
0.014747022464482274,53.64025915446754,0.9848484848484849,0.08795669824086604,739,65,674,1
0.011081834445427386,53.63836824696803,1.0,0.07276736493936053,907,66,841,0
0.011066472757287695,53.63436123348018,1.0,0.07268722466960352,908,66,842,0
0.014737107585593438,53.63431613431614,0.9848484848484849,0.08783783783783784,740,65,675,1
0.011035896181609512,53.63036303630363,1.0,0.07260726072607261,909,66,843,0
0.01469370795178755,53.62838915470495,0.9848484848484849,0.08771929824561403,741,65,676,1
0.010999012071983394,53.62637362637363,1.0,0.07252747252747253,910,66,844,0
0.014644217675605933,53.62247815078004,0.9848484848484849,0.0876010781671159,742,65,677,1
0.010977925496635923,53.62239297475302,1.0,0.07244785949506037,911,66,845,0
0.01095818458256319,53.61842105263158,1.0,0.07236842105263158,912,66,846,0
0.014635532792302001,53.616583058036625,0.9848484848484849,0.08748317631224764,743,65,678,1
0.010947875552782383,53.6144578313253,1.0,0.07228915662650602,913,66,847,0
0.014625197413598539,53.610703812316714,0.9848484848484849,0.08736559139784947,744,65,679,1
0.010940527585431313,53.610503282275715,1.0,0.07221006564551423,914,66,848,0
0.010927818592081955,53.60655737704918,1.0,0.07213114754098361,915,66,849,0
0.014591654533388166,53.60484034980679,0.9848484848484849,0.087248322147651,745,65,680,1
0.010913131551353877,53.60262008733625,1.0,0.07205240174672489,916,66,850,0
0.014542665400247023,53.5989926070355,0.9848484848484849,0.0871313672922252,746,65,681,1
0.010900030767242122,53.598691384950925,1.0,0.07197382769901854,917,66,851,0
0.01089383044234504,53.59477124183007,1.0,0.0718954248366013,918,66,852,0
0.01450710092801058,53.593160520871365,0.9848484848484849,0.08701472556894244,747,65,682,1
0.01088427282225433,53.590859630032654,1.0,0.07181719260065289,919,66,853,0
0.014489482425564793,53.5873440285205,0.9848484848484849,0.08689839572192513,748,65,683,1
0.01087110492782384,53.586956521739125,1.0,0.07173913043478261,920,66,854,0
0.010852289570226846,53.583061889250814,1.0,0.07166123778501629,921,66,855,0
0.01447878550537985,53.58154306752437,0.9848484848484849,0.08678237650200267,749,65,684,1
0.010828290739552163,53.579175704989154,1.0,0.07158351409978309,922,66,856,0
0.014463476455426703,53.57575757575758,0.9848484848484849,0.08666666666666667,750,65,685,1
0.01081811275632569,53.57529794149512,1.0,0.07150595882990249,923,66,857,0
0.010813989430749122,53.57142857142857,1.0,0.07142857142857142,924,66,858,0
0.014443036654893564,53.56998749142557,0.9848484848484849,0.08655126498002663,751,65,686,1
0.010804048123896837,53.567567567567565,1.0,0.07135135135135136,925,66,859,0
0.014425757330588044,53.56423275306255,0.9848484848484849,0.08643617021276596,752,65,687,1
0.010791262581781532,53.56371490280778,1.0,0.07127429805615551,926,66,860,0
0.010757841169910918,53.55987055016181,1.0,0.07119741100323625,927,66,861,0
0.014413659582669842,53.558493299529154,0.9848484848484849,0.08632138114209828,753,65,688,1
0.010711929246891913,53.55603448275862,1.0,0.07112068965517242,928,66,862,0
0.014402763387444211,53.552769070010456,0.9848484848484849,0.08620689655172414,754,65,689,1
0.010691371815579078,53.55220667384284,1.0,0.07104413347685684,929,66,863,0
0.01068171998884988,53.5483870967742,1.0,0.07096774193548387,930,66,864,0
0.014394891318803765,53.547060004013645,0.9848484848484849,0.08609271523178808,755,65,690,1
0.010673006460209859,53.54457572502685,1.0,0.07089151450053706,931,66,865,0
0.01438144371720983,53.54136604136605,0.9848484848484849,0.08597883597883597,756,65,691,1
0.010670065339333297,53.54077253218884,1.0,0.07081545064377683,932,66,866,0
0.010651885856697237,53.536977491961416,1.0,0.0707395498392283,933,66,867,0
0.014367298413297525,53.535687122212885,0.9848484848484849,0.08586525759577279,757,65,692,1
0.010634591719805438,53.53319057815846,1.0,0.07066381156316917,934,66,868,0
0.014362334004111143,53.530023187015274,0.9848484848484849,0.08575197889182058,758,65,693,1
0.01062146175689567,53.529411764705884,1.0,0.07058823529411765,935,66,869,0
0.010606935013703139,53.52564102564102,1.0,0.07051282051282051,936,66,870,0
0.014355369473155978,53.52437417654809,0.9848484848484849,0.08563899868247694,759,65,694,1
0.010603536916854766,53.52187833511206,1.0,0.07043756670224119,937,66,871,0
0.014352580518236728,53.51874003189793,0.9848484848484849,0.08552631578947369,760,65,695,1
0.01059797207501836,53.5181236673774,1.0,0.07036247334754797,938,66,872,0
0.01058827408517635,53.51437699680511,1.0,0.07028753993610223,939,66,873,0
0.014342198163150733,53.51312069446104,0.9848484848484849,0.08541392904073587,761,65,696,1
0.010576112895109856,53.51063829787234,1.0,0.07021276595744681,940,66,874,0
0.01432562405215599,53.5075161059413,0.9848484848484849,0.08530183727034121,762,65,697,1
0.010560159400329928,53.506907545164715,1.0,0.07013815090329437,941,66,875,0
0.010532004880617469,53.503184713375795,1.0,0.07006369426751592,942,66,876,0
0.014317502053897743,53.50192620834823,0.9848484848484849,0.08519003931847968,763,65,698,1
0.010510472871867422,53.499469777306466,1.0,0.06998939554612937,943,66,877,0
0.014314086676579171,53.49635094399492,0.9848484848484849,0.08507853403141362,764,65,699,1
0.010490812061685478,53.4957627118644,1.0,0.06991525423728813,944,66,878,0
0.01046920941136065,53.492063492063494,1.0,0.06984126984126984,945,66,879,0
0.014302497779016602,53.49079025549614,0.9848484848484849,0.08496732026143791,765,65,700,1
0.010452704565461827,53.48837209302325,1.0,0.06976744186046512,946,66,880,0
0.010440434212049612,53.48468848996832,1.0,0.06969376979936642,947,66,881,0
0.010419741845906744,53.48101265822785,1.0,0.06962025316455696,948,66,882,0
0.010396011046919994,53.47734457323499,1.0,0.06954689146469968,949,66,883,0
0.010390968596003303,53.473684210526315,1.0,0.06947368421052631,950,66,884,0
0.010386986293787544,53.47003154574133,1.0,0.0694006309148265,951,66,885,0
0.010382683123078332,53.46638655462185,1.0,0.06932773109243698,952,66,886,0
0.010380488931342587,53.46274921301154,1.0,0.06925498426023086,953,66,887,0
0.01703252425419427,53.46152033554833,0.9696969696969697,0.09953343701399689,643,64,579,2
0.010378605239425855,53.459119496855344,1.0,0.06918238993710692,954,66,888,0
0.010371045563927407,53.455497382198956,1.0,0.06910994764397906,955,66,889,0
0.01697146126522491,53.453792584227365,0.9696969696969697,0.09937888198757763,644,64,580,2
0.010346505956785391,53.45188284518828,1.0,0.06903765690376569,956,66,890,0
0.010318697580705874,53.44827586206896,1.0,0.06896551724137931,957,66,891,0
0.01693006271951889,53.446088794926006,0.9696969696969697,0.09922480620155039,645,64,581,2
0.010294904762848035,53.444676409185796,1.0,0.06889352818371608,958,66,892,0
0.010272993898859512,53.44108446298227,1.0,0.06882168925964546,959,66,893,0
0.01686765707066333,53.43840885636551,0.9696969696969697,0.09907120743034056,646,64,582,2
0.010262021185317551,53.43750000000001,1.0,0.06875,960,66,894,0
0.010251941428768799,53.433922996878245,1.0,0.06867845993756504,961,66,895,0
0.0168005565913094,53.430752657955125,0.9696969696969697,0.09891808346213292,647,64,583,2
0.010244927961331887,53.43035343035343,1.0,0.06860706860706861,962,66,896,0
0.010236266685901538,53.426791277258566,1.0,0.06853582554517133,963,66,897,0
0.01021328008522572,53.42323651452282,1.0,0.06846473029045644,964,66,898,0
0.016755838995813812,53.42312008978676,0.9696969696969697,0.09876543209876543,648,64,584,2
0.010194563837087844,53.41968911917099,1.0,0.06839378238341969,965,66,899,0
0.010190498029364035,53.41614906832298,1.0,0.06832298136645963,966,66,900,0
0.0167212293039087,53.415511042629696,0.9696969696969697,0.09861325115562404,649,64,585,2
0.010189704546510255,53.412616339193384,1.0,0.06825232678386763,967,66,901,0
0.010175951865473421,53.40909090909091,1.0,0.06818181818181818,968,66,902,0
0.016707585033820943,53.407925407925404,0.9696969696969697,0.09846153846153846,650,64,586,2
0.01016019233519978,53.40557275541795,1.0,0.06811145510835913,969,66,903,0
0.010138096682655418,53.402061855670105,1.0,0.06804123711340206,970,66,904,0
0.01667254047433066,53.40036307778243,0.9696969696969697,0.09831029185867896,651,64,587,2
0.010116067950213518,53.39855818743563,1.0,0.06797116374871266,971,66,905,0
0.010112059937713143,53.39506172839506,1.0,0.06790123456790123,972,66,906,0
0.01663879171886359,53.39282394497119,0.9696969696969697,0.09815950920245399,652,64,588,2
0.010109205557785234,53.39157245632066,1.0,0.06783144912641316,973,66,907,0
0.01007532621016105,53.38809034907598,1.0,0.06776180698151951,974,66,908,0
0.01663020147553103,53.38530790291893,0.9696969696969697,0.09800918836140889,653,64,589,2
0.010033483367263575,53.38461538461539,1.0,0.06769230769230769,975,66,909,0
0.010024236800652633,53.38114754098361,1.0,0.06762295081967214,976,66,910,0
0.016609257101183536,53.377814845704755,0.9696969696969697,0.09785932721712538,654,64,590,2
0.010020846918252637,53.377686796315245,1.0,0.06755373592630501,977,66,911,0
0.01001756988068326,53.37423312883436,1.0,0.06748466257668712,978,66,912,0
0.010010181789200353,53.37078651685393,1.0,0.06741573033707865,979,66,913,0
0.016590464483383853,53.37034466805459,0.9696969696969697,0.09770992366412214,655,64,591,2
0.00999920590638903,53.367346938775505,1.0,0.0673469387755102,980,66,914,0
0.009987095409413714,53.36391437308868,1.0,0.0672782874617737,981,66,915,0
0.016546717234077357,53.362897265336294,0.9696969696969697,0.0975609756097561,656,64,592,2
0.009974894895853237,53.360488798370675,1.0,0.06720977596741344,982,66,916,0
0.009967271828515362,53.357070193285864,1.0,0.0671414038657172,983,66,917,0
0.016500430884328975,53.355472533554725,0.9696969696969697,0.0974124809741248,657,64,593,2
0.009959110499708112,53.35365853658537,1.0,0.06707317073170732,984,66,918,0
0.009940208307836835,53.3502538071066,1.0,0.06700507614213198,985,66,919,0
0.016494365178211415,53.34807036934697,0.9696969696969697,0.0972644376899696,658,64,594,2
0.00992156681409247,53.34685598377283,1.0,0.06693711967545639,986,66,920,0
0.009903374206591119,53.34346504559271,1.0,0.0668693009118541,987,66,921,0
0.01647599928951731,53.34069066997746,0.9696969696969697,0.09711684370257967,659,64,595,2
0.009884367394516638,53.34008097165992,1.0,0.06680161943319839,988,66,922,0
0.009862255094577228,53.33670374115268,1.0,0.06673407482305359,989,66,923,0
0.009843667995142873,53.333333333333336,1.0,0.06666666666666667,990,66,924,0
0.016413698763877514,53.333333333333336,0.9696969696969697,0.09696969696969697,660,64,596,2
0.00982264939302491,53.32996972754793,1.0,0.06659939455095863,991,66,925,0
0.009802084109780167,53.3266129032258,1.0,0.06653225806451613,992,66,926,0
0.016361319495614493,53.32599825791959,0.9696969696969697,0.09682299546142209,661,64,597,2
0.00979832662190103,53.32326283987916,1.0,0.06646525679758308,993,66,927,0
0.009776261383314628,53.31991951710262,1.0,0.06639839034205232,994,66,928,0
0.016342474711042432,53.318685342854536,0.9696969696969697,0.09667673716012085,662,64,598,2
0.009754102320357554,53.31658291457286,1.0,0.06633165829145729,995,66,929,0
0.009744184145700623,53.31325301204819,1.0,0.06626506024096386,996,66,930,0
0.016314026581193734,53.31139448786508,0.9696969696969697,0.09653092006033183,663,64,599,2
0.009724768937025823,53.309929789368105,1.0,0.06619859578736209,997,66,931,0
0.009711067010345015,53.3066132264529,1.0,0.06613226452905811,998,66,932,0
0.016241076001073128,53.30412559328222,0.9696969696969697,0.0963855421686747,664,64,600,2
0.009695349202998377,53.30330330330331,1.0,0.06606606606606606,999,66,933,0
0.009675644044270801,53.300000000000004,1.0,0.066,1000,66,934,0
0.01616902478060112,53.296878560036454,0.9696969696969697,0.0962406015037594,665,64,601,2
0.00966849835938497,53.2967032967033,1.0,0.06593406593406594,1001,66,935,0
0.009664649573949826,53.293413173652695,1.0,0.0658682634730539,1002,66,936,0
0.009656680096022963,53.290129611166506,1.0,0.06580259222333001,1003,66,937,0
0.016099451696730042,53.289653289653295,0.9696969696969697,0.0960960960960961,666,64,602,2
0.009647054658451042,53.286852589641434,1.0,0.06573705179282868,1004,66,938,0
0.009636765364703433,53.28358208955224,1.0,0.06567164179104477,1005,66,939,0
0.016041586141108042,53.28244968424879,0.9696969696969697,0.095952023988006,667,64,603,2
0.00962399195401346,53.28031809145129,1.0,0.06560636182902585,1006,66,940,0
0.009616121821575748,53.27706057596823,1.0,0.06554121151936444,1007,66,941,0
0.016026824310214807,53.27526764652514,0.9696969696969697,0.09580838323353294,668,64,604,2
0.009610725080369018,53.273809523809526,1.0,0.06547619047619048,1008,66,942,0
0.009606859190994518,53.27056491575818,1.0,0.06541129831516353,1009,66,943,0
0.016014488578137268,53.26810707976627,0.9696969696969697,0.09566517189835576,669,64,605,2
0.009603805456794543,53.26732673267327,1.0,0.06534653465346535,1010,66,944,0
0.00959515604314501,53.26409495548962,1.0,0.06528189910979229,1011,66,945,0
0.01597119442317936,53.260967887833566,0.9696969696969697,0.0955223880597015,670,64,606,2
0.009580594051114957,53.2608695652174,1.0,0.06521739130434782,1012,66,946,0
0.009569936139989122,53.25765054294176,1.0,0.06515301085883514,1013,66,947,0
0.009557373881260215,53.25443786982249,1.0,0.0650887573964497,1014,66,948,0
0.015908557442997337,53.25384997516145,0.9696969696969697,0.09538002980625931,671,64,607,2
0.009544607087067392,53.2512315270936,1.0,0.06502463054187192,1015,66,949,0
0.009537870539492909,53.248031496062985,1.0,0.06496062992125984,1016,66,950,0
0.01588518555726419,53.24675324675325,0.9696969696969697,0.09523809523809523,672,64,608,2
0.009518675797635896,53.2448377581121,1.0,0.06489675516224189,1017,66,951,0
0.009502366944461238,53.24165029469549,1.0,0.06483300589390963,1018,66,952,0
0.015876835277330907,53.23967760817687,0.9696969696969697,0.0950965824665676,673,64,609,2
0.009498414152856509,53.23846908734053,1.0,0.0647693817468106,1019,66,953,0
0.009494335845972104,53.23529411764706,1.0,0.06470588235294118,1020,66,954,0
0.015862610484750038,53.23262296556065,0.9696969696969697,0.09495548961424333,674,64,610,2
0.009480690211969003,53.232125367286976,1.0,0.06464250734573947,1021,66,955,0
0.009456799513749278,53.22896281800391,1.0,0.06457925636007827,1022,66,956,0
0.00943725753112051,53.2258064516129,1.0,0.06451612903225806,1023,66,957,0
0.015845489856151078,53.22558922558923,0.9696969696969697,0.09481481481481481,675,64,611,2
0.00942289152289112,53.22265625,1.0,0.064453125,1024,66,958,0
0.009415861835201463,53.21951219512195,1.0,0.06439024390243903,1025,66,959,0
0.01581978907542062,53.218576295499375,0.9696969696969697,0.09467455621301775,676,64,612,2
0.009411459392511024,53.216374269005854,1.0,0.06432748538011696,1026,66,960,0
0.009402002602870413,53.21324245374879,1.0,0.06426484907497566,1027,66,961,0
0.015801302256233805,53.211584083075955,0.9696969696969697,0.09453471196454949,677,64,613,2
0.009396159464484834,53.21011673151751,1.0,0.06420233463035019,1028,66,962,0
0.009395107505167734,53.2069970845481,1.0,0.0641399416909621,1029,66,963,0
0.015791688132980142,53.2046124966479,0.9696969696969697,0.0943952802359882,678,64,614,2
0.009392596024652467,53.20388349514563,1.0,0.06407766990291262,1030,66,964,0
0.009390240513236609,53.2007759456838,1.0,0.06401551891367604,1031,66,965,0
0.009388893523386132,53.197674418604656,1.0,0.06395348837209303,1032,66,966,0
0.015764918968594017,53.19766144508413,0.9696969696969697,0.09425625920471281,679,64,615,2
0.009384812203385478,53.1945788964182,1.0,0.06389157792836399,1033,66,967,0
0.009375919123269023,53.191489361702125,1.0,0.06382978723404255,1034,66,968,0
0.015727663350193613,53.190730837789665,0.9696969696969697,0.09411764705882353,680,64,616,2
0.009368786341799027,53.188405797101446,1.0,0.06376811594202898,1035,66,969,0
0.009366173871389959,53.18532818532818,1.0,0.0637065637065637,1036,66,970,0
0.015699415767609737,53.18382058470165,0.9696969696969697,0.09397944199706314,681,64,617,2
0.009360555819124306,53.18225650916104,1.0,0.06364513018322084,1037,66,971,0
0.009354604693766259,53.179190751445084,1.0,0.06358381502890173,1038,66,972,0
0.015674647271850042,53.17693059628543,0.9696969696969697,0.093841642228739,682,64,618,2
0.009352399291465563,53.17613089509143,1.0,0.06352261790182868,1039,66,973,0
0.009350947299397307,53.17307692307692,1.0,0.06346153846153846,1040,66,974,0
0.015652400297993786,53.17006078353077,0.9696969696969697,0.09370424597364568,683,64,619,2
0.009349615945660195,53.170028818443804,1.0,0.06340057636887608,1041,66,975,0
0.009327984509113969,53.16698656429942,1.0,0.06333973128598848,1042,66,976,0
0.00930311869734057,53.16395014381592,1.0,0.06327900287631831,1043,66,977,0
0.015628870589025578,53.163211057947905,0.9696969696969697,0.0935672514619883,684,64,620,2
0.009299165180208629,53.16091954022989,1.0,0.06321839080459771,1044,66,978,0
0.009287287930457366,53.1578947368421,1.0,0.06315789473684211,1045,66,979,0
0.015605708694657675,53.15638133156382,0.9696969696969697,0.09343065693430656,685,64,621,2
0.009274594147065218,53.154875717017205,1.0,0.06309751434034416,1046,66,980,0
0.00926680214627038,53.15186246418339,1.0,0.06303724928366762,1047,66,981,0
0.015597429815439996,53.149571516918456,0.9696969696969697,0.09329446064139942,686,64,622,2
0.009254762708078837,53.14885496183206,1.0,0.06297709923664122,1048,66,982,0
0.0092462212847689,53.14585319351763,1.0,0.06291706387035272,1049,66,983,0
0.009237117180387657,53.142857142857146,1.0,0.06285714285714286,1050,66,984,0
0.015588402368044303,53.142781527061004,0.9696969696969697,0.09315866084425037,687,64,623,2
0.009217169780832653,53.139866793529976,1.0,0.06279733587059944,1051,66,985,0
0.009199330443386361,53.136882129277566,1.0,0.06273764258555133,1052,66,986,0
0.015561370354932554,53.13601127554616,0.9696969696969697,0.09302325581395349,688,64,624,2
0.009190054025666,53.13390313390314,1.0,0.06267806267806268,1053,66,987,0
0.009183737282871054,53.13092979127134,1.0,0.06261859582542695,1054,66,988,0
0.015533416544255791,53.12926067643049,0.9696969696969697,0.09288824383164006,689,64,625,2
0.00917917067375651,53.127962085308056,1.0,0.06255924170616113,1055,66,989,0
0.009174031797317433,53.125,1.0,0.0625,1056,66,990,0
0.015523650723960771,53.12252964426878,0.9696969696969697,0.0927536231884058,690,64,626,2
0.009166695089783591,53.12204351939451,1.0,0.06244087038789026,1057,66,991,0
0.009160165951873814,53.119092627599244,1.0,0.062381852551984876,1058,66,992,0
0.009157884793871758,53.11614730878187,1.0,0.06232294617563739,1059,66,993,0
0.015522798085431297,53.11581809411042,0.9696969696969697,0.09261939218523878,691,64,627,2
0.009156236880978361,53.113207547169814,1.0,0.062264150943396226,1060,66,994,0
0.009150317914771732,53.11027332704995,1.0,0.06220546654099906,1061,66,995,0
0.015520684964273977,53.10912594149588,0.9696969696969697,0.09248554913294797,692,64,628,2
0.009142426733054921,53.10734463276836,1.0,0.062146892655367235,1062,66,996,0
0.009136927776268282,53.10442144873001,1.0,0.062088428974600186,1063,66,997,0
0.015513605432880027,53.102453102453104,0.9696969696969697,0.09235209235209235,693,64,629,2
0.009129672298114608,53.1015037593985,1.0,0.06203007518796992,1064,66,998,0
0.009110573221785052,53.09859154929577,1.0,0.061971830985915494,1065,66,999,0
0.015463229914519896,53.09579949349402,0.9696969696969697,0.09221902017291066,694,64,630,2
0.009093697047039793,53.09568480300187,1.0,0.06191369606003752,1066,66,1000,0
0.009089791862301716,53.09278350515464,1.0,0.061855670103092786,1067,66,1001,0
0.009085196278405615,53.08988764044944,1.0,0.06179775280898876,1068,66,1002,0
0.01541624224616633,53.089165031611074,0.9696969696969697,0.0920863309352518,695,64,631,2
0.009081031411925036,53.08699719363892,1.0,0.0617399438727783,1069,66,1003,0
0.00907104831562602,53.084112149532714,1.0,0.0616822429906542,1070,66,1004,0
0.01541071828361981,53.08254963427377,0.9696969696969697,0.09195402298850575,696,64,632,2
0.009059454517870982,53.0812324929972,1.0,0.06162464985994398,1071,66,1005,0
0.009055814292074676,53.07835820895522,1.0,0.061567164179104475,1072,66,1006,0
0.015405568134087402,53.075953219425244,0.9696969696969697,0.09182209469153516,697,64,633,2
0.009045303855505837,53.07548928238583,1.0,0.06150978564771668,1073,66,1007,0
0.009034686414423655,53.072625698324025,1.0,0.061452513966480445,1074,66,1008,0
0.009029793353868658,53.06976744186046,1.0,0.061395348837209304,1075,66,1009,0
0.015381048382965085,53.06937570547886,0.9696969696969697,0.09169054441260745,698,64,634,2
0.009023717023806034,53.06691449814126,1.0,0.06133828996282528,1076,66,1010,0
0.009013142383077627,53.06406685236769,1.0,0.06128133704735376,1077,66,1011,0
0.015332879025056305,53.06281701131487,0.9696969696969697,0.09155937052932761,699,64,635,2
0.008997380667231238,53.06122448979592,1.0,0.061224489795918366,1078,66,1012,0
0.008988072966450194,53.058387395736794,1.0,0.061167747914735865,1079,66,1013,0
0.015305621360749134,53.056277056277054,0.9696969696969697,0.09142857142857143,700,64,636,2
0.008983861328361209,53.05555555555556,1.0,0.06111111111111111,1080,66,1014,0
0.008979728026619059,53.0527289546716,1.0,0.06105457909343201,1081,66,1015,0
0.008975683799308385,53.04990757855823,1.0,0.06099815157116451,1082,66,1016,0
0.015298806685064597,53.04975576016946,0.9696969696969697,0.0912981455064194,701,64,637,2
0.008968144794503915,53.04709141274239,1.0,0.060941828254847646,1083,66,1017,0
0.008961093815759193,53.04428044280443,1.0,0.06088560885608856,1084,66,1018,0
0.015283653894259359,53.043253043253046,0.9696969696969697,0.09116809116809117,702,64,638,2
0.008955829084752849,53.041474654377886,1.0,0.060829493087557605,1085,66,1019,0
0.008930301363008458,53.03867403314917,1.0,0.06077348066298342,1086,66,1020,0
0.01526966228471973,53.03676882624251,0.9696969696969697,0.09103840682788052,703,64,639,2
0.008906614260753072,53.035878564857406,1.0,0.06071757129714812,1087,66,1021,0
0.008900241521946725,53.033088235294116,1.0,0.06066176470588235,1088,66,1022,0
0.008894225119871004,53.03030303030303,1.0,0.06060606060606061,1089,66,1023,0
0.015258993495532468,53.03030303030303,0.9696969696969697,0.09090909090909091,704,64,640,2
0.008891254782346363,53.027522935779814,1.0,0.060550458715596334,1090,66,1024,0
0.008881609697021602,53.024747937671854,1.0,0.06049495875343722,1091,66,1025,0
0.015234582771220261,53.023855577047065,0.9696969696969697,0.09078014184397164,705,64,641,2
0.008867542256109914,53.02197802197802,1.0,0.06043956043956044,1092,66,1026,0
0.0088610235460882,53.0192131747484,1.0,0.06038426349496798,1093,66,1027,0
0.01520459904420713,53.017426388531206,0.9696969696969697,0.0906515580736544,706,64,642,2
0.008850841412885696,53.016453382084094,1.0,0.0603290676416819,1094,66,1028,0
0.008841707844366579,53.013698630136986,1.0,0.06027397260273973,1095,66,1029,0
0.015185070134186459,53.01101538725301,0.9696969696969697,0.09052333804809053,707,64,643,2
0.008828707077669508,53.01094890510949,1.0,0.060218978102189784,1096,66,1030,0
0.008815605952866403,53.00820419325433,1.0,0.0601640838650866,1097,66,1031,0
0.00881019782388354,53.00546448087432,1.0,0.060109289617486336,1098,66,1032,0
0.015154640344304412,53.004622496147924,0.9696969696969697,0.0903954802259887,708,64,644,2
0.008804240237997508,53.00272975432211,1.0,0.06005459508644222,1099,66,1033,0
0.008801187489799602,53.0,1.0,0.06,1100,66,1034,0
0.015117184865707468,52.99824763858615,0.9696969696969697,0.09026798307475317,709,64,645,2
0.00879227915961029,52.997275204359674,1.0,0.05994550408719346,1101,66,1035,0
0.008781582513343234,52.994555353901994,1.0,0.05989110707803993,1102,66,1036,0
0.015103146961444817,52.99189073836962,0.9696969696969697,0.09014084507042254,710,64,646,2
0.008777491565901515,52.9918404351768,1.0,0.05983680870353581,1103,66,1037,0
0.008767113131934599,52.9891304347826,1.0,0.059782608695652176,1104,66,1038,0
0.008743178608949949,52.98642533936652,1.0,0.05972850678733032,1105,66,1039,0
0.015095032054660057,52.98555171972894,0.9696969696969697,0.090014064697609,711,64,647,2
0.008729418634726226,52.98372513562387,1.0,0.059674502712477394,1106,66,1040,0
0.008725811200212184,52.98102981029811,1.0,0.05962059620596206,1107,66,1041,0
0.01508351420908606,52.979230507320395,0.9696969696969697,0.0898876404494382,712,64,648,2
0.008713724987995724,52.978339350180505,1.0,0.05956678700361011,1108,66,1042,0
0.008689424941776127,52.975653742110005,1.0,0.059513074842200184,1109,66,1043,0
0.00867306839802302,52.972972972972975,1.0,0.05945945945945946,1110,66,1044,0
0.015068835627841067,52.97292702622296,0.9696969696969697,0.08976157082748948,713,64,649,2
0.008670768169579134,52.97029702970298,1.0,0.0594059405940594,1111,66,1045,0
0.008668948787162394,52.96762589928058,1.0,0.05935251798561151,1112,66,1046,0
0.015055652352807893,52.96664120193532,0.9696969696969697,0.0896358543417367,714,64,650,2
0.008658819635511138,52.96495956873315,1.0,0.05929919137466307,1113,66,1047,0
0.008646917275297861,52.96229802513464,1.0,0.059245960502693,1114,66,1048,0
0.015052410796087181,52.96037296037296,0.9696969696969697,0.08951048951048951,715,64,651,2
0.00864165887660204,52.95964125560538,1.0,0.059192825112107626,1115,66,1049,0
0.008637668323881017,52.956989247311824,1.0,0.05913978494623656,1116,66,1050,0
0.008636246549863093,52.95434198746642,1.0,0.05908683974932856,1117,66,1051,0
0.015015725303405256,52.95412222786524,0.9696969696969697,0.0893854748603352,716,64,652,2
0.008625470852463981,52.95169946332737,1.0,0.059033989266547404,1118,66,1052,0
0.008599220930306505,52.949061662198396,1.0,0.058981233243967826,1119,66,1053,0
0.014959706705220704,52.947888931152534,0.9696969696969697,0.08926080892608089,717,64,653,2
0.00857738555718205,52.94642857142857,1.0,0.05892857142857143,1120,66,1054,0
0.008570336341829451,52.94380017841214,1.0,0.058876003568242644,1121,66,1055,0
0.014938023744978244,52.94167299738331,0.9696969696969697,0.08913649025069638,718,64,654,2
0.008564788508590097,52.94117647058824,1.0,0.058823529411764705,1122,66,1056,0
0.008558483202374822,52.93855743544078,1.0,0.058771148708815675,1123,66,1057,0
0.008555822309332559,52.935943060498225,1.0,0.05871886120996441,1124,66,1058,0
0.014934919522987561,52.935474354111356,0.9696969696969697,0.0890125173852573,719,64,655,2
0.008545920682709051,52.93333333333333,1.0,0.058666666666666666,1125,66,1059,0
0.00853352363010557,52.93072824156305,1.0,0.0586145648312611,1126,66,1060,0
0.014926627377421092,52.92929292929293,0.9696969696969697,0.08888888888888889,720,64,656,2
0.008520043978098883,52.92812777284826,1.0,0.05856255545696539,1127,66,1061,0
0.00850494177279315,52.92553191489362,1.0,0.05851063829787234,1128,66,1062,0
0.014900961628012539,52.92312865128399,0.9696969696969697,0.08876560332871013,721,64,657,2
0.008478185217234502,52.922940655447306,1.0,0.05845881310894597,1129,66,1063,0
0.00845498904486714,52.92035398230088,1.0,0.0584070796460177,1130,66,1064,0
0.008451426932130982,52.91777188328912,1.0,0.058355437665782495,1131,66,1065,0
0.014879250895654634,52.916981448837404,0.9696969696969697,0.0886426592797784,722,64,658,2
0.008439611359492965,52.91519434628975,1.0,0.05830388692579505,1132,66,1066,0
0.008411160717269866,52.9126213592233,1.0,0.05825242718446602,1133,66,1067,0
0.014875367346463605,52.91085125110021,0.9696969696969697,0.08852005532503458,723,64,659,2
0.008388573926858049,52.910052910052904,1.0,0.0582010582010582,1134,66,1068,0
0.008383876101008672,52.907488986784145,1.0,0.05814977973568282,1135,66,1069,0
0.008378341869967078,52.904929577464785,1.0,0.058098591549295774,1136,66,1070,0
0.014873295271145635,52.904737987610915,0.9696969696969697,0.08839779005524862,724,64,660,2
0.008373754782313073,52.90237467018469,1.0,0.05804749340369393,1137,66,1071,0
0.008370313298231798,52.899824253075565,1.0,0.05799648506151142,1138,66,1072,0
0.014869620363923797,52.898641588296755,0.9696969696969697,0.08827586206896551,725,64,661,2
0.00836048912982046,52.8972783143108,1.0,0.05794556628621598,1139,66,1073,0
0.008351624795581176,52.89473684210526,1.0,0.05789473684210526,1140,66,1074,0
0.008346353706314813,52.892199824715156,1.0,0.057843996494303246,1141,66,1075,0
0.008336433404663196,52.88966725043783,1.0,0.05779334500875657,1142,66,1076,0
0.008326201242287152,52.887139107611546,1.0,0.05774278215223097,1143,66,1077,0
0.008309796234069872,52.88461538461539,1.0,0.057692307692307696,1144,66,1078,0
0.0082908560134537,52.882096069869,1.0,0.05764192139737991,1145,66,1079,0
0.008283232812782156,52.879581151832454,1.0,0.05759162303664921,1146,66,1080,0
0.008280017789978774,52.877070619006105,1.0,0.05754141238012206,1147,66,1081,0
0.008277923228731828,52.87456445993032,1.0,0.05749128919860627,1148,66,1082,0
0.00827625362129315,52.87206266318538,1.0,0.057441253263707574,1149,66,1083,0
0.008273948148061327,52.8695652173913,1.0,0.057391304347826085,1150,66,1084,0
0.00827222623698853,52.86707211120765,1.0,0.05734144222415291,1151,66,1085,0
0.008269319429616156,52.864583333333336,1.0,0.057291666666666664,1152,66,1086,0
0.008257855820531282,52.8620988725065,1.0,0.05724197745013009,1153,66,1087,0
0.008244879822598212,52.85961871750433,1.0,0.05719237435008666,1154,66,1088,0
0.008240620887365803,52.85714285714286,1.0,0.05714285714285714,1155,66,1089,0
0.008233367845044762,52.85467128027682,1.0,0.05709342560553633,1156,66,1090,0
0.008224553819164912,52.85220397579948,1.0,0.05704407951598963,1157,66,1091,0
0.008203912197613359,52.84974093264248,1.0,0.05699481865284974,1158,66,1092,0
0.008180519190155076,52.847282139775665,1.0,0.056945642795513375,1159,66,1093,0
0.008169135969478814,52.8448275862069,1.0,0.056896551724137934,1160,66,1094,0
0.008160201368932873,52.84237726098191,1.0,0.056847545219638244,1161,66,1095,0
0.008152383307733966,52.83993115318416,1.0,0.05679862306368331,1162,66,1096,0
0.008145428171068286,52.837489251934656,1.0,0.05674978503869303,1163,66,1097,0
0.008139899001462232,52.83505154639175,1.0,0.05670103092783505,1164,66,1098,0
0.008135230880420263,52.832618025751074,1.0,0.05665236051502146,1165,66,1099,0
0.008120795632644291,52.83018867924528,1.0,0.05660377358490566,1166,66,1100,0
0.008101257982082995,52.82776349614395,1.0,0.056555269922879174,1167,66,1101,0
0.008092811059268623,52.82534246575342,1.0,0.05650684931506849,1168,66,1102,0
0.008089414142346074,52.82292557741659,1.0,0.05645851154833191,1169,66,1103,0
0.008072479515662635,52.820512820512825,1.0,0.05641025641025641,1170,66,1104,0
0.008054739531820065,52.818104184457724,1.0,0.05636208368915457,1171,66,1105,0
0.008044723943684683,52.815699658703075,1.0,0.05631399317406143,1172,66,1106,0
0.008030661865680282,52.813299232736576,1.0,0.056265984654731455,1173,66,1107,0
0.008022472448415759,52.81090289608177,1.0,0.056218057921635436,1174,66,1108,0
0.008018893712581777,52.80851063829787,1.0,0.05617021276595745,1175,66,1109,0
0.008009659373966912,52.806122448979586,1.0,0.05612244897959184,1176,66,1110,0
0.007997676908901998,52.80373831775701,1.0,0.056074766355140186,1177,66,1111,0
0.007993219871824346,52.801358234295414,1.0,0.05602716468590832,1178,66,1112,0
0.007991273263961488,52.79898218829516,1.0,0.05597964376590331,1179,66,1113,0
0.007987382027305211,52.79661016949152,1.0,0.05593220338983051,1180,66,1114,0
0.007983458132409898,52.794242167654524,1.0,0.0558848433530906,1181,66,1115,0
0.0079724862087696,52.79187817258884,1.0,0.05583756345177665,1182,66,1116,0
0.00796121518625786,52.789518174133555,1.0,0.055790363482671176,1183,66,1117,0
0.007957952340502075,52.78716216216216,1.0,0.05574324324324324,1184,66,1118,0
0.007950949850810494,52.78481012658228,1.0,0.05569620253164557,1185,66,1119,0
0.007943453377347986,52.78246205733558,1.0,0.05564924114671164,1186,66,1120,0
0.007935763319336334,52.780117944397645,1.0,0.05560235888795282,1187,66,1121,0
0.007922442601984363,52.77777777777778,1.0,0.05555555555555555,1188,66,1122,0
0.00791091762873974,52.77544154751892,1.0,0.05550883095037847,1189,66,1123,0
0.007901655049458967,52.77310924369748,1.0,0.05546218487394958,1190,66,1124,0
0.007895634938798822,52.77078085642317,1.0,0.055415617128463476,1191,66,1125,0
0.007894987821877421,52.76845637583892,1.0,0.05536912751677853,1192,66,1126,0
0.00789199008749649,52.76613579212071,1.0,0.055322715842414084,1193,66,1127,0
0.007883381643486068,52.76381909547738,1.0,0.05527638190954774,1194,66,1128,0
0.007872724985137195,52.76150627615063,1.0,0.055230125523012555,1195,66,1129,0
0.007861907732640769,52.75919732441472,1.0,0.05518394648829431,1196,66,1130,0
0.007852626147012785,52.75689223057645,1.0,0.05513784461152882,1197,66,1131,0
0.00784117641857586,52.75459098497496,1.0,0.05509181969949917,1198,66,1132,0
0.007829395945747102,52.75229357798166,1.0,0.05504587155963303,1199,66,1133,0
0.007812543788128417,52.75,1.0,0.055,1200,66,1134,0
0.007799057829896199,52.74771024146545,1.0,0.054954204829308906,1201,66,1135,0
0.007796254220864652,52.74542429284526,1.0,0.05490848585690516,1202,66,1136,0
0.007793373508597349,52.7431421446384,1.0,0.05486284289276808,1203,66,1137,0
0.007785133135494166,52.74086378737542,1.0,0.054817275747508304,1204,66,1138,0
0.007776588485158234,52.73858921161826,1.0,0.054771784232365145,1205,66,1139,0
0.007759651205834304,52.736318407960205,1.0,0.05472636815920398,1206,66,1140,0
0.01755665024295574,52.73522185286892,0.9545454545454546,0.10015898251192369,629,63,566,3
0.007740191632836886,52.73405136702568,1.0,0.05468102734051367,1207,66,1141,0
0.007733765819310184,52.7317880794702,1.0,0.054635761589403975,1208,66,1142,0
0.007717796318828199,52.72952853598015,1.0,0.05459057071960298,1209,66,1143,0
0.017511297620189815,52.727272727272734,0.9545454545454546,0.1,630,63,567,3
0.007704372192997553,52.72727272727272,1.0,0.05454545454545454,1210,66,1144,0
0.007697586663331707,52.725020644095785,1.0,0.054500412881915775,1211,66,1145,0
0.00768720279394291,52.722772277227726,1.0,0.054455445544554455,1212,66,1146,0
0.007681071659586102,52.72052761747733,1.0,0.05441055234954658,1213,66,1147,0
0.017468991713225735,52.71934879700332,0.9545454545454546,0.09984152139461172,631,63,568,3
0.007666069244974658,52.71828665568369,1.0,0.054365733113673806,1214,66,1148,0
0.007651022639736988,52.716049382716044,1.0,0.05432098765432099,1215,66,1149,0
0.007643536984890129,52.713815789473685,1.0,0.054276315789473686,1216,66,1150,0
0.007636461810242892,52.71158586688578,1.0,0.054231717337715694,1217,66,1151,0
0.017449185506130015,52.71144994246261,0.9545454545454546,0.09968354430379747,632,63,569,3
0.007621918294219281,52.70935960591133,1.0,0.054187192118226604,1218,66,1152,0
0.007607634875211032,52.70713699753896,1.0,0.054142739950779326,1219,66,1153,0
0.007589291037628518,52.704918032786885,1.0,0.054098360655737705,1220,66,1154,0
0.017430794624959854,52.70357604480827,0.9545454545454546,0.0995260663507109,633,63,570,3
0.007549394774714193,52.702702702702695,1.0,0.05405405405405406,1221,66,1155,0
0.007517805258688096,52.700490998363335,1.0,0.054009819967266774,1222,66,1156,0
0.007477278107493691,52.698282910874894,1.0,0.05396565821749796,1223,66,1157,0
0.007440832587871992,52.69607843137255,1.0,0.05392156862745098,1224,66,1158,0
0.017378132500443552,52.69572698594781,0.9545454545454546,0.09936908517350158,634,63,571,3
0.007420932344363992,52.69387755102041,1.0,0.053877551020408164,1225,66,1159,0
0.007404466806715932,52.69168026101142,1.0,0.053833605220228384,1226,66,1160,0
0.007387695142651342,52.68948655256723,1.0,0.05378973105134474,1227,66,1161,0
0.017318602098393185,52.68790264853257,0.9545454545454546,0.09921259842519685,635,63,572,3
0.007354566913421203,52.68729641693811,1.0,0.05374592833876222,1228,66,1162,0
0.007327242800375141,52.68510984540276,1.0,0.05370219690805533,1229,66,1163,0
0.007285711763391502,52.6829268292683,1.0,0.05365853658536585,1230,66,1164,0
0.007179089814144871,52.680747359870026,1.0,0.05361494719740049,1231,66,1165,0
0.01726638513628551,52.68010291595198,0.9545454545454546,0.09905660377358491,636,63,573,3
0.00703827635367213,52.67857142857143,1.0,0.05357142857142857,1232,66,1166,0
0.006962887284847173,52.67639902676399,1.0,0.0535279805352798,1233,66,1167,0
0.006930708268996874,52.6742301458671,1.0,0.05348460291734198,1234,66,1168,0
0.017217064882852517,52.67232767232768,0.9545454545454546,0.0989010989010989,637,63,574,3
0.0068785234835314814,52.67206477732793,1.0,0.05344129554655871,1235,66,1169,0
0.00684866454341517,52.66990291262136,1.0,0.05339805825242718,1236,66,1170,0
0.0068427900375154765,52.667744543249796,1.0,0.05335489086499596,1237,66,1171,0
0.006834422268068406,52.66558966074313,1.0,0.05331179321486268,1238,66,1172,0
0.017190392612742876,52.66457680250783,0.9545454545454546,0.0987460815047022,638,63,575,3
0.006768258206714105,52.6634382566586,1.0,0.053268765133171914,1239,66,1173,0
0.006686004309033083,52.66129032258065,1.0,0.0532258064516129,1240,66,1174,0
0.006538849740172693,52.65914585012087,1.0,0.0531829170024174,1241,66,1175,0
0.006399025004454512,52.65700483091788,1.0,0.05314009661835749,1242,66,1176,0
0.01717440441527828,52.65685019206147,0.9545454545454546,0.09859154929577464,639,63,576,3
0.006347716605924989,52.654867256637175,1.0,0.05309734513274336,1243,66,1177,0
0.00630159801350135,52.652733118971064,1.0,0.05305466237942122,1244,66,1178,0
0.0062584644764263194,52.65060240963856,1.0,0.05301204819277108,1245,66,1179,0
0.017149811408894666,52.64914772727273,0.9545454545454546,0.0984375,640,63,577,3
0.006185605260799275,52.64847512038523,1.0,0.052969502407704656,1246,66,1180,0
0.006147943682919638,52.64635124298316,1.0,0.05292702485966319,1247,66,1181,0
0.006141272596552855,52.644230769230774,1.0,0.052884615384615384,1248,66,1182,0
0.006135073287701356,52.64211369095276,1.0,0.05284227381905524,1249,66,1183,0
0.01711348531997898,52.641469295135444,0.9545454545454546,0.09828393135725429,641,63,578,3
0.006132148669732251,52.64,1.0,0.0528,1250,66,1184,0
0.006124256246264206,52.637889688249395,1.0,0.05275779376498801,1251,66,1185,0
0.006109348671189026,52.635782747603834,1.0,0.052715654952076675,1252,66,1186,0
0.017081486015015017,52.633814783347496,0.9545454545454546,0.09813084112149532,642,63,579,3
0.006076500758436829,52.63367916999202,1.0,0.052673583399840386,1253,66,1187,0
0.00600485654746684,52.63157894736842,1.0,0.05263157894736842,1254,66,1188,0
0.005933022273907889,52.62948207171315,1.0,0.05258964143426295,1255,66,1189,0
0.005884154513228977,52.62738853503185,1.0,0.052547770700636945,1256,66,1190,0
0.005791857168887836,52.62529832935561,1.0,0.05250596658711217,1257,66,1191,0
0.005722218262464102,52.62321144674086,1.0,0.05246422893481717,1258,66,1192,0
0.0057105025895034175,52.62112787926926,1.0,0.05242255758538523,1259,66,1193,0
0.00569444049721167,52.61904761904762,1.0,0.05238095238095238,1260,66,1194,0
0.005680212320937274,52.61697065820778,1.0,0.052339413164155434,1261,66,1195,0
0.005669595797891135,52.6148969889065,1.0,0.05229793977812995,1262,66,1196,0
0.005652261967908688,52.612826603325416,1.0,0.052256532066508314,1263,66,1197,0
0.005626176887508765,52.61075949367089,1.0,0.05221518987341772,1264,66,1198,0
0.005614205378643794,52.60869565217391,1.0,0.05217391304347826,1265,66,1199,0
0.005604536461025171,52.60663507109005,1.0,0.052132701421800945,1266,66,1200,0
0.005594186952187941,52.60457774269929,1.0,0.05209155485398579,1267,66,1201,0
0.005570101572651058,52.60252365930599,1.0,0.052050473186119876,1268,66,1202,0
0.005545417151239225,52.600472813238774,1.0,0.05200945626477541,1269,66,1203,0
0.005537301505077689,52.59842519685039,1.0,0.05196850393700787,1270,66,1204,0
0.005530510080882517,52.59638080251771,1.0,0.05192761605035405,1271,66,1205,0
0.0055154838447166125,52.594339622641506,1.0,0.05188679245283019,1272,66,1206,0
0.005496882982933653,52.5923016496465,1.0,0.051846032992930086,1273,66,1207,0
0.005492289823505384,52.590266875981165,1.0,0.05180533751962323,1274,66,1208,0
0.00548190405068913,52.588235294117645,1.0,0.05176470588235294,1275,66,1209,0
0.0054629819598095535,52.58620689655172,1.0,0.05172413793103448,1276,66,1210,0
0.005446898549262032,52.58418167580267,1.0,0.05168363351605325,1277,66,1211,0
0.005416128346018576,52.58215962441315,1.0,0.051643192488262914,1278,66,1212,0
0.0053835226562058735,52.580140734949175,1.0,0.05160281469898358,1279,66,1213,0
0.005365131444517788,52.578125,1.0,0.0515625,1280,66,1214,0
0.005348340451155009,52.57611241217799,1.0,0.05152224824355972,1281,66,1215,0
0.005325304902887052,52.574102964118566,1.0,0.0514820592823713,1282,66,1216,0
0.0053090900785458155,52.57209664848013,1.0,0.05144193296960249,1283,66,1217,0
0.005308627199184917,52.570093457943926,1.0,0.0514018691588785,1284,66,1218,0
0.0053029979326170654,52.56809338521401,1.0,0.051361867704280154,1285,66,1219,0
0.005290741041248166,52.56609642301711,1.0,0.05132192846034215,1286,66,1220,0
0.005281692088956751,52.56410256410257,1.0,0.05128205128205128,1287,66,1221,0
0.0052717878497597175,52.56211180124224,1.0,0.05124223602484472,1288,66,1222,0
0.0052611411840546764,52.56012412723041,1.0,0.05120248254460822,1289,66,1223,0
0.005246631837420931,52.55813953488372,1.0,0.05116279069767442,1290,66,1224,0
0.005231956331418245,52.55615801704106,1.0,0.05112316034082107,1291,66,1225,0
0.00521888575483015,52.55417956656346,1.0,0.05108359133126935,1292,66,1226,0
0.005206194471326601,52.55220417633411,1.0,0.05104408352668213,1293,66,1227,0
0.005192825521586891,52.55023183925811,1.0,0.05100463678516229,1294,66,1228,0
0.005174803652293504,52.54826254826255,1.0,0.050965250965250966,1295,66,1229,0
0.00516718803998347,52.54629629629629,1.0,0.05092592592592592,1296,66,1230,0
0.005163957672898013,52.54433307633,1.0,0.05088666152659985,1297,66,1231,0
0.005160614250317991,52.54237288135594,1.0,0.05084745762711865,1298,66,1232,0
0.005148503591676834,52.54041570438799,1.0,0.050808314087759814,1299,66,1233,0
0.005131897389082183,52.53846153846153,1.0,0.05076923076923077,1300,66,1234,0
0.005124456750375249,52.53651037663336,1.0,0.05073020753266718,1301,66,1235,0
0.005119418634710566,52.53456221198156,1.0,0.05069124423963134,1302,66,1236,0
0.0051123120673493595,52.53261703760552,1.0,0.05065234075211052,1303,66,1237,0
0.005103494129736576,52.53067484662577,1.0,0.05061349693251534,1304,66,1238,0
0.005093961112814837,52.52873563218391,1.0,0.05057471264367816,1305,66,1239,0
0.005087657728695456,52.526799387442566,1.0,0.05053598774885146,1306,66,1240,0
0.005083336003186218,52.52486610558531,1.0,0.0504973221117062,1307,66,1241,0
0.005079443101767693,52.522935779816514,1.0,0.05045871559633028,1308,66,1242,0
0.005076515943555191,52.52100840336135,1.0,0.05042016806722689,1309,66,1243,0
0.0050686020329821,52.519083969465655,1.0,0.050381679389312976,1310,66,1244,0
0.005055964651131818,52.517162471395885,1.0,0.05034324942791762,1311,66,1245,0
0.005037968597064506,52.515243902439025,1.0,0.05030487804878049,1312,66,1246,0
0.00502619700501721,52.513328255902515,1.0,0.05026656511805026,1313,66,1247,0
0.005019625812202815,52.51141552511416,1.0,0.0502283105022831,1314,66,1248,0
0.005008220297138566,52.50950570342206,1.0,0.050190114068441066,1315,66,1249,0
0.005002195773979092,52.50759878419453,1.0,0.05015197568389058,1316,66,1250,0
0.004995491763132988,52.50569476082004,1.0,0.05011389521640091,1317,66,1251,0
0.004988932980743856,52.50379362670713,1.0,0.05007587253414264,1318,66,1252,0
0.0049871709814376,52.5018953752843,1.0,0.050037907505686124,1319,66,1253,0
0.0049841959294678415,52.5,1.0,0.05,1320,66,1254,0
0.004981598363371887,52.49810749432249,1.0,0.04996214988644966,1321,66,1255,0
0.004980321334860554,52.49621785173979,1.0,0.049924357034795766,1322,66,1256,0
0.004978572130811605,52.49433106575964,1.0,0.049886621315192746,1323,66,1257,0
0.004975327999861943,52.49244712990937,1.0,0.04984894259818731,1324,66,1258,0
0.004972520691595055,52.49056603773585,1.0,0.04981132075471698,1325,66,1259,0
0.004970852217066887,52.488687782805435,1.0,0.049773755656108594,1326,66,1260,0
0.004969302292392917,52.48681235870384,1.0,0.04973624717407687,1327,66,1261,0
0.004967171330559815,52.484939759036145,1.0,0.04969879518072289,1328,66,1262,0
0.00495998038421073,52.48306997742663,1.0,0.04966139954853273,1329,66,1263,0
0.004948072256163687,52.48120300751879,1.0,0.04962406015037594,1330,66,1264,0
0.0049403420798407455,52.47933884297521,1.0,0.049586776859504134,1331,66,1265,0
0.004935480473892544,52.47747747747747,1.0,0.04954954954954955,1332,66,1266,0
0.004932353585451609,52.47561890472618,1.0,0.04951237809452363,1333,66,1267,0
0.004928898149891648,52.47376311844077,1.0,0.049475262368815595,1334,66,1268,0
0.0049174791670217165,52.47191011235955,1.0,0.04943820224719101,1335,66,1269,0
0.004907982674435556,52.47005988023952,1.0,0.04940119760479042,1336,66,1270,0
0.0048996691793766365,52.4682124158564,1.0,0.0493642483171279,1337,66,1271,0
0.0048891220405036994,52.46636771300448,1.0,0.04932735426008968,1338,66,1272,0
0.004884469807992773,52.46452576549664,1.0,0.04929051530993279,1339,66,1273,0
0.004865377452182359,52.46268656716418,1.0,0.049253731343283584,1340,66,1274,0
0.004834844315906032,52.46085011185683,1.0,0.049217002237136466,1341,66,1275,0
0.004816086426899711,52.459016393442624,1.0,0.04918032786885246,1342,66,1276,0
0.004809772707523686,52.45718540580789,1.0,0.049143708116157855,1343,66,1277,0
0.00480851661988797,52.45535714285714,1.0,0.049107142857142856,1344,66,1278,0
0.004801872026974565,52.45353159851302,1.0,0.04907063197026022,1345,66,1279,0
0.004791852997714599,52.4517087667162,1.0,0.04903417533432392,1346,66,1280,0
0.004775349060818699,52.44988864142539,1.0,0.04899777282850779,1347,66,1281,0
0.004762109598586245,52.44807121661721,1.0,0.04896142433234421,1348,66,1282,0
0.004748614453395432,52.44625648628614,1.0,0.04892512972572276,1349,66,1283,0
0.004733972806852243,52.44444444444445,1.0,0.04888888888888889,1350,66,1284,0
0.00473054446672899,52.442635085122134,1.0,0.04885270170244264,1351,66,1285,0
0.002364805328183543,52.44082840236687,1.0,0.04881656804733728,1352,66,1286,0
-1e-06,52.44082840236687,1.0,0.04881656804733728,1352,66,1286,0
0.019166869690672144,52.16232678544237,0.9393939393939394,0.10385259631490787,597,62,535,4
0.01911193208488174,52.153643457991286,0.9393939393939394,0.10367892976588629,598,62,536,4
0.01900959292728495,52.14498912328629,0.9393939393939394,0.10350584307178631,599,62,537,4
0.01891648214928984,52.13636363636363,0.9393939393939394,0.10333333333333333,600,62,538,4
0.018910327917025883,52.12776685322442,0.9393939393939394,0.10316139767054909,601,62,539,4
0.018850693096115805,52.11919863082654,0.9393939393939394,0.10299003322259136,602,62,540,4
0.018752370707524463,52.11065882707674,0.9393939393939394,0.10281923714759536,603,62,541,4
0.01862777222839463,52.1021473008228,0.9393939393939394,0.10264900662251655,604,62,542,4
0.018537762530695216,52.09366391184573,0.9393939393939394,0.1024793388429752,605,62,543,4
0.01849763396563041,52.08520852085209,0.9393939393939394,0.10231023102310231,606,62,544,4
0.0184095252305376,52.07678098946633,0.9393939393939394,0.10214168039538715,607,62,545,4
0.01835030508087776,52.06838118022329,0.9393939393939394,0.10197368421052631,608,62,546,4
0.018333252949208293,52.06000895656069,0.9393939393939394,0.10180623973727422,609,62,547,4
0.01827545276267057,52.05166418281173,0.9393939393939394,0.10163934426229508,610,62,548,4
0.018208942720375876,52.04334672419779,0.9393939393939394,0.10147299509001637,611,62,549,4
0.01818120078299617,52.03505644682116,0.9393939393939394,0.10130718954248366,612,62,550,4
0.01816745252764619,52.02679321765782,0.9393939393939394,0.10114192495921696,613,62,551,4
0.01814861285988842,52.018556904550394,0.9393939393939394,0.10097719869706841,614,62,552,4
0.018095092841342187,52.01034737620104,0.9393939393939394,0.1008130081300813,615,62,553,4
0.018044273328024336,52.002164502164504,0.9393939393939394,0.10064935064935066,616,62,554,4
0.017990329146031304,51.99400815284122,0.9393939393939394,0.10048622366288493,617,62,555,4
0.017944982348674386,51.985878199470434,0.9393939393939394,0.10032362459546926,618,62,556,4
0.017943421163147177,51.97777451412347,0.9393939393939394,0.10016155088852989,619,62,557,4
0.017917021554752062,51.969696969696976,0.9393939393939394,0.1,620,62,558,4
0.01789126261220029,51.96164543990631,0.9393939393939394,0.0998389694041868,621,62,559,4
0.01785691437673391,51.95361979927897,0.9393939393939394,0.09967845659163987,622,62,560,4
0.017803469728026003,51.945619923148016,0.9393939393939394,0.09951845906902086,623,62,561,4
0.017772491360886877,51.9376456876457,0.9393939393939394,0.09935897435897435,624,62,562,4
0.017741215095633766,51.92969696969697,0.9393939393939394,0.0992,625,62,563,4
0.01771134980899437,51.92177364701327,0.9393939393939394,0.09904153354632587,626,62,564,4
0.01768801258682557,51.91387559808612,0.9393939393939394,0.09888357256778309,627,62,565,4
0.01762405704683915,51.906002702181055,0.9393939393939394,0.09872611464968153,628,62,566,4
0.049636274126027446,51.49420472001117,0.8939393939393939,0.1359447004608295,434,59,375,7
0.049408722105459116,51.478578892372,0.8939393939393939,0.135632183908046,435,59,376,7
0.04911829988396258,51.463024742841256,0.8939393939393939,0.1353211009174312,436,59,377,7
0.04866079201989379,51.44754177934956,0.8939393939393939,0.13501144164759726,437,59,378,7
0.047924706905854694,51.43212951432129,0.8939393939393939,0.13470319634703196,438,59,379,7
0.047353076942359365,51.41678746462346,0.8939393939393939,0.13439635535307518,439,59,380,7
0.04703770758905447,51.401515151515156,0.8939393939393939,0.1340909090909091,440,59,381,7
0.02023561475385738,51.399196042053184,0.9242424242424242,0.10374149659863946,588,61,527,5
0.020099245827028787,51.390389463394555,0.9242424242424242,0.1035653650254669,589,61,528,5
0.04687160050024739,51.386312100597806,0.8939393939393939,0.13378684807256236,441,59,382,7
0.020076383499239993,51.381612737544934,0.9242424242424242,0.10338983050847457,590,61,529,5
0.019939859287960077,51.37286571296723,0.9242424242424242,0.10321489001692047,591,61,530,5
0.046782951222900895,51.371177841766084,0.8939393939393939,0.1334841628959276,442,59,383,7
0.019756816190706662,51.364148239148236,0.9242424242424242,0.10304054054054054,592,61,531,5
0.046688838237383845,51.35611190915931,0.8939393939393939,0.13318284424379231,443,59,384,7
0.019672148388507275,51.355460166590014,0.9242424242424242,0.10286677908937605,593,61,532,5
0.01957135161114587,51.34680134680134,0.9242424242424242,0.1026936026936027,594,61,533,5
0.04641565611493227,51.34111384111384,0.8939393939393939,0.13288288288288289,444,59,385,7
0.0194971777774164,51.338171632289274,0.9242424242424242,0.10252100840336134,595,61,534,5
0.019351397502683727,51.32957087655075,0.9242424242424242,0.10234899328859061,596,61,535,5
0.0459565805707672,51.32618318011577,0.8939393939393939,0.13258426966292136,445,59,386,7
0.04551228289878076,51.31131947275445,0.8939393939393939,0.13228699551569506,446,59,387,7
0.0452602027379425,51.29652226967663,0.8939393939393939,0.1319910514541387,447,59,388,7
0.045157578838150664,51.28179112554112,0.8939393939393939,0.13169642857142858,448,59,389,7
0.04512659755173165,51.26712559897415,0.8939393939393939,0.13140311804008908,449,59,390,7
0.044938452670164955,51.25252525252525,0.8939393939393939,0.13111111111111112,450,59,391,7
0.04458124156394547,51.237989652623796,0.8939393939393939,0.13082039911308205,451,59,392,7
0.044324829300861596,51.223518369536066,0.8939393939393939,0.13053097345132744,452,59,393,7
0.04410444408806738,51.2091109773229,0.8939393939393939,0.13024282560706402,453,59,394,7
0.04391692792965683,51.19476705379788,0.8939393939393939,0.1299559471365639,454,59,395,7
0.043831201795625135,51.180486180486184,0.8939393939393939,0.12967032967032968,455,59,396,7
0.04346520181681243,51.16626794258373,0.8939393939393939,0.12938596491228072,456,59,397,7
0.04301224011578414,51.15211192891718,0.8939393939393939,0.12910284463894967,457,59,398,7
0.026926634901281533,51.147145075038814,0.9090909090909091,0.11385199240986717,527,60,467,6
0.04207477299534741,51.13801773190419,0.8939393939393939,0.12882096069868995,458,59,399,7
0.02684494462255997,51.13636363636363,0.9090909090909091,0.11363636363636363,528,60,468,6
0.026742580137723716,51.125622959271354,0.9090909090909091,0.11342155009451796,529,60,469,6
0.04110683788066789,51.12398494751436,0.8939393939393939,0.12854030501089325,459,59,400,7
0.026663621030661874,51.114922813036024,0.9090909090909091,0.11320754716981132,530,60,470,6
0.040860770468200566,51.11001317523056,0.8939393939393939,0.1282608695652174,460,59,401,7
0.026522033992284803,51.104262968669744,0.9090909090909091,0.11299435028248588,531,60,471,6
0.04070051893090984,51.09610201801091,0.8939393939393939,0.1279826464208243,461,59,402,7
0.026344065732827694,51.093643198906356,0.9090909090909091,0.11278195488721804,532,60,472,6
0.026137491108366818,51.08306327818523,0.9090909090909091,0.1125703564727955,533,60,473,6
0.040556558793126515,51.082251082251084,0.8939393939393939,0.1277056277056277,462,59,403,7
0.02566281089786185,51.072522982635334,0.9090909090909091,0.11235955056179775,534,60,474,6
0.040289868191658376,51.06845997774724,0.8939393939393939,0.12742980561555076,463,59,404,7
0.025272470822008494,51.062022090059465,0.9090909090909091,0.11214953271028037,535,60,475,6
0.040026144669767214,51.05472831765935,0.8939393939393939,0.1271551724137931,464,59,405,7
0.02523321321782521,51.05156037991859,0.9090909090909091,0.11194029850746269,536,60,476,6
0.025221538797348373,51.0411376333164,0.9090909090909091,0.11173184357541899,537,60,477,6
0.03995214532395708,51.04105571847507,0.8939393939393939,0.12688172043010754,465,59,406,7
0.02518837116011502,51.030753632984116,0.9090909090909091,0.11152416356877323,538,60,478,6
0.03953682987259294,51.027441799973985,0.8939393939393939,0.12660944206008584,466,59,407,7
0.02504141658831094,51.02040816326531,0.9090909090909091,0.11131725417439703,539,60,479,6
0.03911030707789041,51.01388618519239,0.8939393939393939,0.12633832976445397,467,59,408,7
0.024872809042685087,51.010101010101,0.9090909090909091,0.1111111111111111,540,60,480,6
0.03907647702379861,51.0003885003885,0.8939393939393939,0.12606837606837606,468,59,409,7
0.02468885919632464,50.999831961014955,0.9090909090909091,0.11090573012939002,541,60,481,6
0.0245377041153458,50.98960080509896,0.9090909090909091,0.11070110701107011,542,60,482,6
0.03900043753862732,50.986948375008076,0.8939393939393939,0.1257995735607676,469,59,410,7
0.024523055930135297,50.97940733299849,0.9090909090909091,0.11049723756906077,543,60,483,6
0.03890977599641039,50.97356544165055,0.8939393939393939,0.125531914893617,470,59,411,7
0.024509451014483666,50.96925133689839,0.9090909090909091,0.11029411764705882,544,60,484,6
0.03879747490148927,50.96023933603552,0.8939393939393939,0.12526539278131635,471,59,412,7
0.024400642228666225,50.95913261050875,0.9090909090909091,0.11009174311926606,545,60,485,6
0.024265899786549798,50.94905094905094,0.9090909090909091,0.10989010989010989,546,60,486,6
0.03859120617317281,50.9469696969697,0.8939393939393939,0.125,472,59,413,7
0.024197429198898796,50.9390061492438,0.9090909090909091,0.10968921389396709,547,60,487,6
0.038346624081805405,50.9337561663143,0.8939393939393939,0.12473572938689217,473,59,414,7
0.024148854768713507,50.928998009289984,0.9090909090909091,0.10948905109489052,548,60,488,6
0.03808025543422108,50.92059838895282,0.8939393939393939,0.12447257383966245,474,59,415,7
0.023929671908368637,50.919026328862394,0.9090909090909091,0.1092896174863388,549,60,489,6
0.023644537348942035,50.90909090909091,0.9090909090909091,0.10909090909090909,550,60,490,6
0.03781600079112477,50.90749601275917,0.8939393939393939,0.12421052631578948,475,59,416,7
0.023536996700953338,50.899191552549084,0.9090909090909091,0.1088929219600726,551,60,491,6
0.03768348376124579,50.89444868856634,0.8939393939393939,0.12394957983193278,476,59,417,7
0.02349918249350244,50.8893280632411,0.9090909090909091,0.10869565217391304,552,60,492,6
0.03765301659476472,50.881456070135314,0.8939393939393939,0.12368972746331237,477,59,418,7
0.023454707564470725,50.87950024658885,0.9090909090909091,0.10849909584086799,553,60,493,6
0.023384476927940094,50.869707909419105,0.9090909090909091,0.10830324909747292,554,60,494,6
0.037540797579430324,50.8685178141245,0.8939393939393939,0.12343096234309624,478,59,419,7
0.023313011870833383,50.85995085995086,0.9090909090909091,0.10810810810810811,555,60,495,6
0.036940574138807206,50.85563358005947,0.8939393939393939,0.12317327766179541,479,59,420,7
0.023239992614064876,50.850228907782856,0.9090909090909091,0.1079136690647482,556,60,496,6
0.03642944602381118,50.84280303030303,0.8939393939393939,0.12291666666666666,480,59,421,7
0.023162520905853603,50.840541863881185,0.9090909090909091,0.10771992818671454,557,60,497,6
0.02311470184102191,50.83088954056696,0.9090909090909091,0.10752688172043011,558,60,498,6
0.036250640629787834,50.830025830025825,0.8939393939393939,0.12266112266112267,481,59,422,7
0.023073622703908576,50.821271751504305,0.9090909090909091,0.1073345259391771,559,60,499,6
0.03600497325157743,50.81730164717716,0.8939393939393939,0.12240663900414937,482,59,423,7
0.023039132421963364,50.81168831168831,0.9090909090909091,0.10714285714285714,560,60,500,6
0.03588621606734827,50.80463015245624,0.8939393939393939,0.12215320910973085,483,59,424,7
0.02302369656392022,50.80213903743316,0.9090909090909091,0.10695187165775401,561,60,501,6
0.0229972472072948,50.7926237463604,0.9090909090909091,0.10676156583629894,562,60,502,6
0.03555201029731736,50.79201101928375,0.8939393939393939,0.12190082644628099,484,59,425,7
0.022976696835961794,50.78314225738737,0.9090909090909091,0.10657193605683836,563,60,503,6
0.035200935178354154,50.77944392377381,0.8939393939393939,0.12164948453608247,485,59,426,7
0.02279972429263557,50.77369439071566,0.9090909090909091,0.10638297872340426,564,60,504,6
0.034943624334983846,50.766928544706325,0.8939393939393939,0.12139917695473251,486,59,427,7
0.02259322950257546,50.76427996781979,0.9090909090909091,0.10619469026548672,565,60,505,6
0.05205843578950024,50.76292335115864,0.8787878787878788,0.13647058823529412,425,58,367,8
0.022425287581027756,50.75489881143591,0.9090909090909091,0.10600706713780919,566,60,506,6
0.034534638574035374,50.75446456349947,0.8939393939393939,0.12114989733059549,487,59,428,7
0.051716750348919496,50.746905676483145,0.8787878787878788,0.13615023474178403,426,58,368,8
0.022052362684391494,50.74555074555074,0.9090909090909091,0.10582010582010581,567,60,507,6
0.03428102304859024,50.74205166418281,0.8939393939393939,0.12090163934426229,488,59,429,7
0.02180573429112804,50.736235595390525,0.9090909090909091,0.1056338028169014,568,60,508,6
0.05126767362921368,50.730963026044996,0.8787878787878788,0.1358313817330211,427,58,369,8
0.034184183321357225,50.72968953337052,0.8939393939393939,0.12065439672801637,489,59,430,7
0.021727746295366966,50.72695318741013,0.9090909090909091,0.1054481546572935,569,60,509,6
0.021637988011898254,50.717703349282296,0.9090909090909091,0.10526315789473684,570,60,510,6
0.034050664496427165,50.717377860235004,0.8939393939393939,0.12040816326530612,490,59,431,7
0.05034341380345248,50.71509487397338,0.8787878787878788,0.13551401869158877,428,58,370,8
0.021608080726356713,50.70848590988696,0.9090909090909091,0.10507880910683012,571,60,511,6
0.03383108550687586,50.70511633648089,0.8939393939393939,0.12016293279022404,491,59,432,7
0.049855312291848544,50.6993006993007,0.8787878787878788,0.1351981351981352,429,58,371,8
0.0215963197692376,50.6993006993007,0.9090909090909091,0.1048951048951049,572,60,512,6
0.033645146529201156,50.69290465631929,0.8939393939393939,0.11991869918699187,492,59,433,7
0.021570142807056856,50.69014754878629,0.9090909090909091,0.10471204188481675,573,60,513,6
0.04983486391031451,50.68357998590557,0.8787878787878788,0.13488372093023257,430,58,372,8
0.021533421728511665,50.681026290782384,0.9090909090909091,0.10452961672473868,574,60,514,6
0.03359613112831837,50.680742516442315,0.8939393939393939,0.11967545638945233,493,59,434,7
0.021469553732629574,50.671936758893274,0.9090909090909091,0.10434782608695652,575,60,515,6
0.0333608364910835,50.66862961599804,0.8939393939393939,0.1194331983805668,494,59,435,7
0.049811558350395184,50.66793222245658,0.8787878787878788,0.1345707656612529,431,58,373,8
0.021381157582483157,50.66287878787878,0.9090909090909091,0.10416666666666667,576,60,516,6
0.033049917954909525,50.656565656565654,0.8939393939393939,0.1191919191919192,495,59,436,7
0.021299683211733304,50.653852213644235,0.9090909090909091,0.10398613518197573,577,60,517,6
0.04980377765157356,50.6523569023569,0.8787878787878788,0.13425925925925927,432,58,374,8
0.02125184866250594,50.64485687323057,0.9090909090909091,0.10380622837370242,578,60,518,6
0.032885835974641855,50.64455034213099,0.8939393939393939,0.11895161290322581,496,59,437,7
0.049719397904302326,50.63685352368955,0.8787878787878788,0.13394919168591224,433,58,375,8
0.021188823531764604,50.635892604804525,0.9090909090909091,0.10362694300518134,579,60,519,6
0.03262023891819051,50.63258337906225,0.8939393939393939,0.11871227364185111,497,59,438,7
0.02111915407138295,50.626959247648905,0.9090909090909091,0.10344827586206896,580,60,520,6
0.032397165931208935,50.62066447608616,0.8939393939393939,0.11847389558232932,498,59,439,7
0.021085285359782623,50.61805664215303,0.9090909090909091,0.10327022375215146,581,60,521,6
0.021053890775268046,50.60918462980318,0.9090909090909091,0.10309278350515463,582,60,522,6
0.032336906650288766,50.60879334426428,0.8939393939393939,0.11823647294589178,499,59,440,7
0.021021246239674732,50.60034305317323,0.9090909090909091,0.10291595197255575,583,60,523,6
0.03208716308632826,50.596969696969694,0.8939393939393939,0.118,500,59,441,7
0.02092007278149104,50.59153175591532,0.9090909090909091,0.10273972602739725,584,60,524,6
0.03177349966240617,50.585193249863906,0.8939393939393939,0.11776447105788423,501,59,442,7
0.020754076488704087,50.58275058275058,0.9090909090909091,0.10256410256410256,585,60,525,6
0.020663613426261232,50.57399937946013,0.9090909090909091,0.10238907849829351,586,60,526,6
0.031581393791375395,50.57346372087408,0.8939393939393939,0.11752988047808766,502,59,443,7
0.02051043737320184,50.56527799287595,0.9090909090909091,0.10221465076660988,587,60,527,6
0.03139451651677082,50.56178083017049,0.8939393939393939,0.1172962226640159,503,59,444,7
0.031316744341676604,50.5501443001443,0.8939393939393939,0.11706349206349206,504,59,445,7
0.031155680470803974,50.53855385538554,0.8939393939393939,0.11683168316831684,505,59,446,7
0.030958184991480904,50.5270092226614,0.8939393939393939,0.116600790513834,506,59,447,7
0.03091439848473944,50.51551013089475,0.8939393939393939,0.11637080867850098,507,59,448,7
0.030860486355111145,50.50405631114292,0.8939393939393939,0.11614173228346457,508,59,449,7
0.03080413292422566,50.49264749657677,0.8939393939393939,0.11591355599214145,509,59,450,7
0.03059436146085152,50.48128342245989,0.8939393939393939,0.11568627450980393,510,59,451,7
0.030234761183287814,50.46996382612821,0.8939393939393939,0.11545988258317025,511,59,452,7
0.029908075297285862,50.4586884469697,0.8939393939393939,0.115234375,512,59,453,7
0.029660741777803284,50.44745702640439,0.8939393939393939,0.11500974658869395,513,59,454,7
0.029474780214058378,50.436269307864634,0.8939393939393939,0.11478599221789883,514,59,455,7
0.029315260884405857,50.42512503677552,0.8939393939393939,0.1145631067961165,515,59,456,7
0.02912367269912976,50.414023960535594,0.8939393939393939,0.11434108527131782,516,59,457,7
0.028754221274415556,50.40296582849775,0.8939393939393939,0.11411992263056092,517,59,458,7
0.028202258672515725,50.39195039195039,0.8939393939393939,0.1138996138996139,518,59,459,7
0.02785181294876512,50.38097740409879,0.8939393939393939,0.11368015414258188,519,59,460,7
0.027797452646915723,50.370046620046615,0.8939393939393939,0.11346153846153846,520,59,461,7
0.02769262939639791,50.35915779677775,0.8939393939393939,0.11324376199616124,521,59,462,7
0.027555303108827204,50.348310693138274,0.8939393939393939,0.11302681992337164,522,59,463,7
0.0274512716790232,50.33750506981865,0.8939393939393939,0.11281070745697896,523,59,464,7
0.027373965127632634,50.32674068933611,0.8939393939393939,0.11259541984732824,524,59,465,7
0.027324783342136463,50.316017316017316,0.8939393939393939,0.11238095238095239,525,59,466,7
0.027122607722031244,50.3053347159811,0.8939393939393939,0.11216730038022814,526,59,467,7
0.05943160914341904,50.236273627362735,0.8636363636363636,0.14108910891089108,404,57,347,9
0.05933042201479871,50.21885521885522,0.8636363636363636,0.14074074074074075,405,57,348,9
0.059098191730138416,50.20152261531572,0.8636363636363636,0.14039408866995073,406,57,349,9
0.05872241666665466,50.18427518427519,0.8636363636363636,0.14004914004914004,407,57,350,9
0.0582928866386417,50.167112299465245,0.8636363636363636,0.13970588235294118,408,57,351,9
0.05781999642845832,50.15003334074238,0.8636363636363636,0.1393643031784841,409,57,352,9
0.057560486887460724,50.133037694013304,0.8636363636363636,0.13902439024390245,410,57,353,9
0.05744198255557505,50.11612475116125,0.8636363636363636,0.1386861313868613,411,57,354,9
0.05704902080152467,50.09929390997352,0.8636363636363636,0.1383495145631068,412,57,355,9
0.05667471025147458,50.08254457407,0.8636363636363636,0.13801452784503632,413,57,356,9
0.05627340343073357,50.06587615283268,0.8636363636363636,0.13768115942028986,414,57,357,9
0.05584590745717954,50.04928806133625,0.8636363636363636,0.13734939759036144,415,57,358,9
0.05574027857282099,50.03277972027972,0.8636363636363636,0.13701923076923078,416,57,359,9
0.05568832842843439,50.0163505559189,0.8636363636363636,0.1366906474820144,417,57,360,9
0.055482255673480224,50.0,0.8636363636363636,0.13636363636363635,418,57,361,9
0.054854785474952567,49.983727489694076,0.8636363636363636,0.1360381861575179,419,57,362,9
0.054329885063118866,49.967532467532465,0.8636363636363636,0.1357142857142857,420,57,363,9
0.05424731616438798,49.95141438134312,0.8636363636363636,0.13539192399049882,421,57,364,9
0.05409294590433982,49.935372684187854,0.8636363636363636,0.13507109004739337,422,57,365,9
0.0539144410032633,49.91940683430045,0.8636363636363636,0.1347517730496454,423,57,366,9
0.05313852714588688,49.90351629502573,0.8636363636363636,0.13443396226415094,424,57,367,9
0.0882172045835539,49.802761341222876,0.8333333333333334,0.16272189349112426,338,55,283,11
0.08759979301087485,49.77876106194691,0.8333333333333334,0.16224188790560473,339,55,284,11
0.08710202841899242,49.754901960784316,0.8333333333333334,0.16176470588235295,340,55,285,11
0.08695911624954941,49.73118279569893,0.8333333333333334,0.16129032258064516,341,55,286,11
0.06671474758833362,49.71590909090909,0.8484848484848485,0.14583333333333334,384,56,328,10
0.0860220529141531,49.70760233918129,0.8333333333333334,0.1608187134502924,342,55,287,11
0.065867231948747,49.696969696969695,0.8484848484848485,0.14545454545454545,385,56,329,10
0.08488808634823058,49.68415937803693,0.8333333333333334,0.16034985422740525,343,55,288,11
0.06516917088494692,49.67812843460512,0.8484848484848485,0.14507772020725387,386,56,330,10
0.0844134906289717,49.66085271317829,0.8333333333333334,0.15988372093023256,344,55,289,11
0.0641765360859202,49.659384543105475,0.8484848484848485,0.14470284237726097,387,56,331,10
0.06347041783907598,49.64073726960325,0.8484848484848485,0.14432989690721648,388,56,332,10
0.08346349359362751,49.63768115942029,0.8333333333333334,0.15942028985507245,345,55,290,11
0.06319815691936884,49.6221858689725,0.8484848484848485,0.14395886889460155,389,56,333,10
0.08270897922849059,49.614643545279385,0.8333333333333334,0.15895953757225434,346,55,291,11
0.06284416614001133,49.603729603729604,0.8484848484848485,0.14358974358974358,390,56,334,10
0.08261966367934047,49.59173871277618,0.8333333333333334,0.1585014409221902,347,55,292,11
0.06259446635991936,49.58536774393552,0.8484848484848485,0.1432225063938619,391,56,335,10
0.08234515153887778,49.56896551724138,0.8333333333333334,0.15804597701149425,348,55,293,11
0.06238730304130635,49.56709956709957,0.8484848484848485,0.14285714285714285,392,56,336,10
0.06219989378683841,49.54892435808467,0.8484848484848485,0.14249363867684478,393,56,337,10
0.08195044113183923,49.546322827125124,0.8333333333333334,0.15759312320916904,349,55,294,11
0.062020279333030504,49.530841409013995,0.8484848484848485,0.14213197969543148,394,56,338,10
0.08137732287123164,49.523809523809526,0.8333333333333334,0.15714285714285714,350,55,295,11
0.061596045531724805,49.51285001917913,0.8484848484848485,0.14177215189873418,395,56,339,10
0.08081250003825227,49.5014245014245,0.8333333333333334,0.15669515669515668,351,55,296,11
0.061159495824954606,49.494949494949495,0.8484848484848485,0.1414141414141414,396,56,340,10
0.08037102682549452,49.47916666666667,0.8333333333333334,0.15625,352,55,297,11
0.06092893163485395,49.47713914968323,0.8484848484848485,0.14105793450881612,397,56,341,10
0.06077643465307887,49.45941830363941,0.8484848484848485,0.1407035175879397,398,56,342,10
0.07976731528670451,49.45703493862134,0.8333333333333334,0.1558073654390935,353,55,298,11
0.06061169496584754,49.441786283891545,0.8484848484848485,0.14035087719298245,399,56,343,10
0.07923066710824056,49.43502824858758,0.8333333333333334,0.1553672316384181,354,55,299,11
0.0603466100941948,49.42424242424243,0.8484848484848485,0.14,400,56,344,10
0.07890601515740558,49.413145539906104,0.8333333333333334,0.15492957746478872,355,55,300,11
0.06012027729029332,49.40678606514018,0.8484848484848485,0.1396508728179551,401,56,345,10
0.07848622471548733,49.39138576779026,0.8333333333333334,0.1544943820224719,356,55,301,11
0.059918900738048425,49.38941655359566,0.8484848484848485,0.13930348258706468,402,56,346,10
0.059675045867428764,49.37213324310098,0.8484848484848485,0.13895781637717122,403,56,347,10
0.07783301589020131,49.36974789915966,0.8333333333333334,0.15406162464985995,357,55,302,11
0.07731047818987481,49.34823091247672,0.8333333333333334,0.15363128491620112,358,55,303,11
0.07703301301613263,49.32683379758589,0.8333333333333334,0.1532033426183844,359,55,304,11
0.07690400346033126,49.30555555555556,0.8333333333333334,0.1527777777777778,360,55,305,11
0.07665260673953003,49.284395198522624,0.8333333333333334,0.1523545706371191,361,55,306,11
0.07624621676837592,49.263351749539595,0.8333333333333334,0.15193370165745856,362,55,307,11
0.07536304552766726,49.24242424242424,0.8333333333333334,0.15151515151515152,363,55,308,11
0.07442027150929684,49.22161172161172,0.8333333333333334,0.1510989010989011,364,55,309,11
0.07382175678960648,49.200913242009136,0.8333333333333334,0.1506849315068493,365,55,310,11
0.0732165496614712,49.18032786885246,0.8333333333333334,0.15027322404371585,366,55,311,11
0.07284804552103291,49.15985467756585,0.8333333333333334,0.14986376021798364,367,55,312,11
0.07264044095112375,49.139492753623195,0.8333333333333334,0.14945652173913043,368,55,313,11
0.07237921022290625,49.11924119241193,0.8333333333333334,0.14905149051490515,369,55,314,11
0.07217548470084519,49.0990990990991,0.8333333333333334,0.14864864864864866,370,55,315,11
0.07126545816142957,49.07906558849955,0.8333333333333334,0.14824797843665768,371,55,316,11
0.07036495336949614,49.05913978494624,0.8333333333333334,0.1478494623655914,372,55,317,11
0.07031463147455376,49.039320822162644,0.8333333333333334,0.14745308310991956,373,55,318,11
0.07030927558004332,49.01960784313726,0.8333333333333334,0.14705882352941177,374,55,319,11
0.07000896124172204,49.0,0.8333333333333334,0.14666666666666667,375,55,320,11
0.06953705405634511,48.98049645390071,0.8333333333333334,0.14627659574468085,376,55,321,11
0.06926932398045652,48.96109637488948,0.8333333333333334,0.14588859416445624,377,55,322,11
0.06889873084447759,48.94179894179894,0.8333333333333334,0.1455026455026455,378,55,323,11
0.06825124091681029,48.92260334212841,0.8333333333333334,0.14511873350923482,379,55,324,11
0.08887813696945762,48.92096034529269,0.8181818181818182,0.16023738872403562,337,54,283,12
0.06771378293058375,48.90350877192983,0.8333333333333334,0.14473684210526316,380,55,325,11
0.0675094573242267,48.88451443569554,0.8333333333333334,0.14435695538057744,381,55,326,11
0.06733992697879199,48.86561954624782,0.8333333333333334,0.14397905759162305,382,55,327,11
0.06719755991204657,48.846823324630115,0.8333333333333334,0.14360313315926893,383,55,328,11
0.10472677749461017,48.53759110088224,0.803030303030303,0.16772151898734178,316,53,263,13
0.10313348556524274,48.511136602619246,0.803030303030303,0.167192429022082,317,53,264,13
0.10141041096487778,48.48484848484848,0.803030303030303,0.16666666666666666,318,53,265,13
0.10073864864147083,48.45872518286311,0.803030303030303,0.16614420062695925,319,53,266,13
0.09969522506063767,48.43276515151515,0.803030303030303,0.165625,320,53,267,13
0.09805046170969298,48.406966864910785,0.803030303030303,0.16510903426791276,321,53,268,13
0.09669381949938988,48.38132881611143,0.803030303030303,0.16459627329192547,322,53,269,13
0.09630899837459586,48.35584951684023,0.803030303030303,0.16408668730650156,323,53,270,13
0.09609928408356555,48.33052749719416,0.803030303030303,0.16358024691358025,324,53,271,13
0.09497966267634095,48.3053613053613,0.803030303030303,0.16307692307692306,325,53,272,13
0.09362883686178927,48.28034950734337,0.803030303030303,0.16257668711656442,326,53,273,13
0.09304845296841005,48.255490686683345,0.803030303030303,0.1620795107033639,327,53,274,13
0.092467420533793,48.230783444198075,0.803030303030303,0.16158536585365854,328,53,275,13
0.09182397181861099,48.20622639771576,0.803030303030303,0.16109422492401215,329,53,276,13
0.09137701414638974,48.18181818181818,0.803030303030303,0.1606060606060606,330,53,277,13
0.09121044304717135,48.157557447587656,0.803030303030303,0.16012084592145015,331,53,278,13
0.09110607066119256,48.13344286235852,0.803030303030303,0.15963855421686746,332,53,279,13
0.09074235453002061,48.10947310947311,0.803030303030303,0.15915915915915915,333,53,280,13
0.09025394468647732,48.08564688804209,0.803030303030303,0.15868263473053892,334,53,281,13
0.09004330776168959,48.06196291270918,0.803030303030303,0.1582089552238806,335,53,282,13
0.08965335672105013,48.03841991341991,0.803030303030303,0.15773809523809523,336,53,283,13
0.14975821331422773,48.00024536866642,0.7575757575757576,0.20242914979757085,247,50,197,16
0.1491591645532016,47.9594330400782,0.7575757575757576,0.20161290322580644,248,50,198,16
0.1479166766695928,47.91894852135816,0.7575757575757576,0.20080321285140562,249,50,199,16
0.22946991116253704,47.89459007250419,0.6818181818181818,0.27607361963190186,163,45,118,21
0.1467465612974631,47.878787878787875,0.7575757575757576,0.2,250,50,200,16
0.14627747253782503,47.83894724133768,0.7575757575757576,0.199203187250996,251,50,201,16
0.22887386096163834,47.810421286031044,0.6818181818181818,0.27439024390243905,164,45,119,21
0.14581267078002563,47.7994227994228,0.7575757575757576,0.1984126984126984,252,50,202,16
0.1451444517241549,47.76021080368906,0.7575757575757576,0.1976284584980237,253,50,203,16
0.22811670820385854,47.72727272727273,0.6818181818181818,0.2727272727272727,165,45,120,21
0.14394290827745326,47.721307563827246,0.7575757575757576,0.1968503937007874,254,50,204,16
0.10483084226082662,47.70064865911511,0.7878787878787878,0.16613418530351437,313,52,261,14
0.1418523731570691,47.68270944741533,0.7575757575757576,0.19607843137254902,255,50,205,16
0.1047905559930376,47.674194171009454,0.7878787878787878,0.16560509554140126,314,52,262,14
0.10477995222073733,47.647907647907644,0.7878787878787878,0.16507936507936508,315,52,263,14
0.22712763460983865,47.64512595837896,0.6818181818181818,0.2710843373493976,166,45,121,21
0.13988175728116203,47.644412878787875,0.7575757575757576,0.1953125,256,50,206,16
0.13883620567195018,47.606414337931845,0.7575757575757576,0.19455252918287938,257,50,207,16
0.13823982094048445,47.56871035940804,0.7575757575757576,0.1937984496124031,258,50,208,16
0.22658762648105318,47.56396298312466,0.6818181818181818,0.2694610778443114,167,45,122,21
0.1372401376755848,47.53129753129753,0.7575757575757576,0.19305019305019305,259,50,209,16
0.13617151672626268,47.494172494172496,0.7575757575757576,0.19230769230769232,260,50,210,16
0.22565422278741842,47.48376623376623,0.6818181818181818,0.26785714285714285,168,45,123,21
0.1355558582547353,47.45733194009056,0.7575757575757576,0.19157088122605365,261,50,211,16
0.13528177410262837,47.42077261161231,0.7575757575757576,0.19083969465648856,262,50,212,16
0.22275891394105746,47.404518558364714,0.6818181818181818,0.26627218934911245,169,45,124,21
0.1344992288529723,47.384491300841105,0.7575757575757576,0.19011406844106463,263,50,213,16
0.13369618675626133,47.34848484848485,0.7575757575757576,0.1893939393939394,264,50,214,16
0.15497177971992804,47.32954545454545,0.7424242424242424,0.20416666666666666,240,49,191,17
0.21996589804024713,47.32620320855615,0.6818181818181818,0.2647058823529412,170,45,125,21
0.13318173167589017,47.31275014293882,0.7575757575757576,0.18867924528301888,265,50,215,16
0.15439704850967118,47.28718722494656,0.7424242424242424,0.2033195020746888,241,49,192,17
0.1325962192739052,47.277284119389385,0.7575757575757576,0.18796992481203006,266,50,216,16
0.21908304726298677,47.248803827751196,0.6818181818181818,0.2631578947368421,171,45,126,21
0.15403072234471757,47.24517906336088,0.7424242424242424,0.2024793388429752,242,49,193,17
0.13235890949449977,47.24208375893769,0.7575757575757576,0.18726591760299627,267,50,217,16
0.13230976379618037,47.2071460877431,0.7575757575757576,0.1865671641791045,268,50,218,16
0.15337175735724212,47.20351664796109,0.7424242424242424,0.20164609053497942,243,49,194,17
0.13199063624356644,47.172468176185646,0.7575757575757576,0.18587360594795538,269,50,219,16
0.21885557017216242,47.1723044397463,0.6818181818181818,0.2616279069767442,172,45,127,21
0.11272694478385696,47.16479173000912,0.7727272727272727,0.1705685618729097,299,51,248,15
0.15248664000706974,47.16219572776949,0.7424242424242424,0.20081967213114754,244,49,195,17
0.13150658474733662,47.138047138047135,0.7575757575757576,0.18518518518518517,270,50,220,16
0.1122887230271454,47.13636363636364,0.7727272727272727,0.17,300,51,249,15
0.15171456557522522,47.12121212121212,0.7424242424242424,0.2,245,49,196,17
0.11184538606802852,47.108124433705825,0.7727272727272727,0.16943521594684385,301,51,250,15
0.13111262861575573,47.10388012971038,0.7575757575757576,0.18450184501845018,271,50,221,16
0.2180599240777163,47.0966894377299,0.6818181818181818,0.26011560693641617,173,45,128,21
0.15060881447052824,47.08056171470806,0.7424242424242424,0.1991869918699187,246,49,197,17
0.11151072125941278,47.08007224563516,0.7727272727272727,0.16887417218543047,302,51,251,15
0.13045118033695524,47.069964349376114,0.7575757575757576,0.18382352941176472,272,50,222,16
0.1109630179152534,47.052205220522055,0.7727272727272727,0.16831683168316833,303,51,252,15
0.12996787929356224,47.036297036297036,0.7575757575757576,0.18315018315018314,273,50,223,16
0.11050998387808748,47.024521531100476,0.7727272727272727,0.16776315789473684,304,51,253,15
0.21722450654126166,47.02194357366771,0.6818181818181818,0.25862068965517243,174,45,129,21
0.12982392020194097,47.002875470028755,0.7575757575757576,0.18248175182481752,274,50,224,16
0.2305796126678276,46.997929606625256,0.6666666666666666,0.2732919254658385,161,44,117,22
0.1099979471534494,46.99701937406856,0.7727272727272727,0.16721311475409836,305,51,254,15
0.10957231411052258,46.96969696969697,0.7727272727272727,0.16666666666666666,306,51,255,15
0.12937599547165457,46.96969696969697,0.7575757575757576,0.18181818181818182,275,50,225,16
0.21579944750106445,46.94805194805195,0.6818181818181818,0.2571428571428571,175,45,130,21
0.10913454114008284,46.94255256144507,0.7727272727272727,0.16612377850162866,307,51,256,15
0.12810928275174513,46.93675889328063,0.7575757575757576,0.18115942028985507,276,50,226,16
0.10798285072922198,46.91558441558442,0.7727272727272727,0.16558441558441558,308,51,257,15
0.2298407592505649,46.913580246913575,0.6666666666666666,0.2716049382716049,162,44,118,22
0.12604873557828133,46.90405863691062,0.7575757575757576,0.18050541516245489,277,50,227,16
0.10668527858831824,46.888790820829655,0.7727272727272727,0.1650485436893204,309,51,258,15
0.21401127295475192,46.875,0.6818181818181818,0.2556818181818182,176,45,131,21
0.12419992937511115,46.87159363418356,0.7575757575757576,0.17985611510791366,278,50,228,16
0.10598416726663487,46.86217008797654,0.7727272727272727,0.16451612903225807,310,51,259,15
0.12301101800128678,46.83936135549039,0.7575757575757576,0.17921146953405018,279,50,229,16
0.10539789849579514,46.83572054954691,0.7727272727272727,0.1639871382636656,311,51,260,15
0.10493788945839971,46.80944055944056,0.7727272727272727,0.16346153846153846,312,51,261,15
0.12249761934660225,46.807359307359306,0.7575757575757576,0.17857142857142858,280,50,230,16
0.21240573940716673,46.80277349768875,0.6818181818181818,0.2542372881355932,177,45,132,21
0.12243202796263827,46.77558503181279,0.7575757575757576,0.17793594306049823,281,50,231,16
0.16044332944136153,46.753246753246756,0.7272727272727273,0.2077922077922078,231,48,183,18
0.12213739714617766,46.74403610573823,0.7575757575757576,0.1773049645390071,282,50,232,16
0.21019129737261094,46.73135852911133,0.6818181818181818,0.25280898876404495,178,45,133,21
0.1211815159531293,46.71271014027198,0.7575757575757576,0.17667844522968199,283,50,233,16
0.1593885685810677,46.70846394984326,0.7272727272727273,0.20689655172413793,232,48,184,18
0.11989437395351503,46.68160478019633,0.7575757575757576,0.176056338028169,284,50,234,16
0.158655104183687,46.66406554818572,0.7272727272727273,0.20600858369098712,233,48,185,18
0.20867548024142557,46.660741493143725,0.6818181818181818,0.25139664804469275,179,45,134,21
0.11891652765133429,46.65071770334928,0.7575757575757576,0.17543859649122806,285,50,235,16
0.1581490655889871,46.620046620046615,0.7272727272727273,0.20512820512820512,234,48,186,18
0.11810369371483295,46.620046620046615,0.7575757575757576,0.17482517482517482,286,50,236,16
0.2081286110243014,46.590909090909086,0.6818181818181818,0.25,180,45,135,21
0.117296983458958,46.5895892725161,0.7575757575757576,0.17421602787456447,287,50,237,16
0.15766896170205058,46.57640232108317,0.7272727272727273,0.20425531914893616,235,48,187,18
0.11655704041539859,46.55934343434344,0.7575757575757576,0.1736111111111111,288,50,238,16
0.15692616801610795,46.5331278890601,0.7272727272727273,0.2033898305084746,236,48,188,18
0.11604737713933819,46.529306909929744,0.7575757575757576,0.17301038062283736,289,50,239,16
0.20627097097116667,46.52184831742843,0.6818181818181818,0.24861878453038674,181,45,136,21
0.11574886332331684,46.499477533960295,0.7575757575757576,0.1724137931034483,290,50,240,16
0.1562907410796748,46.49021864211738,0.7272727272727273,0.20253164556962025,237,48,189,18
0.11549160675785511,46.4698531708841,0.7575757575757576,0.1718213058419244,291,50,241,16
0.20426056998109524,46.45354645354645,0.6818181818181818,0.24725274725274726,182,45,137,21
0.15593011163942938,46.44766997708174,0.7272727272727273,0.20168067226890757,238,48,190,18
0.11504586587184862,46.44043171440432,0.7575757575757576,0.17123287671232876,292,50,242,16
0.11461483063078184,46.411211086979,0.7575757575757576,0.17064846416382254,293,50,243,16
0.18483949303589584,46.40627379320847,0.696969696969697,0.23115577889447236,199,46,153,20
0.15548283814651287,46.40547736782047,0.7272727272727273,0.200836820083682,239,48,191,18
0.2036891158503763,46.3859910581222,0.6818181818181818,0.2459016393442623,183,45,138,21
0.11441145991580462,46.38218923933209,0.7575757575757576,0.17006802721088435,294,50,244,16
0.11393673697082482,46.35336414997432,0.7575757575757576,0.1694915254237288,295,50,245,16
0.18212285998315123,46.34848484848485,0.696969696969697,0.23,200,46,154,20
0.11353051735405034,46.32473382473382,0.7575757575757576,0.16891891891891891,296,50,246,16
0.20326875328175723,46.319169960474305,0.6818181818181818,0.24456521739130435,184,45,139,21
0.11328521932096677,46.2962962962963,0.7575757575757576,0.16835016835016836,297,50,247,16
0.18052743072636399,46.2912709181366,0.696969696969697,0.22885572139303484,201,46,155,20
0.23595962989393499,46.27002509168114,0.6515151515151515,0.27388535031847133,157,43,114,23
0.1129491582553867,46.26804962375432,0.7575757575757576,0.16778523489932887,298,50,248,16
0.20145061020549557,46.253071253071255,0.6818181818181818,0.24324324324324326,185,45,140,21
0.1791117051658822,46.234623462346235,0.696969696969697,0.22772277227722773,202,46,156,20
0.2505738020237969,46.20174346201743,0.6363636363636364,0.2876712328767123,146,42,104,24
0.19947725788591036,46.18768328445748,0.6818181818181818,0.24193548387096775,186,45,141,21
0.23481488220813462,46.183352512466435,0.6515151515151515,0.2721518987341772,158,43,115,23
0.17767289134459355,46.178534109568595,0.696969696969697,0.22660098522167488,203,46,157,20
0.1774373651037594,46.12299465240642,0.696969696969697,0.22549019607843138,204,46,158,20
0.1975135397700648,46.12299465240641,0.6818181818181818,0.24064171122994651,187,45,142,21
0.25006549400185046,46.103896103896105,0.6363636363636364,0.2857142857142857,147,42,105,24
0.2336711102393651,46.09777015437393,0.6515151515151515,0.27044025157232704,159,43,116,23
0.17715440548757624,46.0679970436068,0.696969696969697,0.22439024390243903,205,46,159,20
0.19568065106942129,46.058994197292066,0.6818181818181818,0.2393617021276596,188,45,143,21
0.17654302918460735,46.013533392174175,0.696969696969697,0.22330097087378642,206,46,160,20
0.23208041088713896,46.01325757575757,0.6515151515151515,0.26875,160,43,117,23
0.249842752918071,46.007371007371006,0.6363636363636364,0.28378378378378377,148,42,106,24
0.1951499891004601,45.99567099567099,0.6818181818181818,0.23809523809523808,189,45,144,21
0.176120689406176,45.95959595959596,0.696969696969697,0.2222222222222222,207,46,161,20
0.19387576158241865,45.933014354066984,0.6818181818181818,0.23684210526315788,190,45,145,21
0.24780676996348455,45.91214154972544,0.6363636363636364,0.28187919463087246,149,42,107,24
0.1760992894571119,45.90617715617716,0.696969696969697,0.22115384615384615,208,46,162,20
0.1924763848980513,45.87101380295097,0.6818181818181818,0.2356020942408377,191,45,146,21
0.16226707792677678,45.868069339685064,0.7121212121212122,0.2052401746724891,229,47,182,19
0.1759044203188194,45.85326953748007,0.696969696969697,0.22009569377990432,209,46,163,20
0.16116101680260808,45.82345191040844,0.7121212121212122,0.20434782608695654,230,47,183,19
0.24472247547441733,45.81818181818182,0.6363636363636364,0.28,150,42,108,24
0.19198717916721508,45.809659090909086,0.6818181818181818,0.234375,192,45,147,21
0.17553987892743575,45.8008658008658,0.696969696969697,0.21904761904761905,210,46,164,20
0.17533221396088727,45.74895878213414,0.696969696969697,0.21800947867298578,211,46,165,20
0.19126132671750173,45.748940178991994,0.6818181818181818,0.23316062176165803,193,45,148,21
0.2432416459248899,45.725466586393736,0.6363636363636364,0.2781456953642384,151,42,109,24
0.17528450468478524,45.69754145225844,0.696969696969697,0.2169811320754717,212,46,166,20
0.1899096399296484,45.68884723523898,0.6818181818181818,0.23195876288659795,194,45,149,21
0.17522457607810693,45.64660691421255,0.696969696969697,0.215962441314554,213,46,167,20
0.24256328364072577,45.633971291866025,0.6363636363636364,0.27631578947368424,152,42,110,24
0.18894491446124992,45.62937062937063,0.6818181818181818,0.23076923076923078,195,45,150,21
0.17375814170668463,45.59614839988672,0.696969696969697,0.21495327102803738,214,46,168,20
0.18809013291547913,45.57050092764378,0.6818181818181818,0.22959183673469388,196,45,151,21
0.1719290504507604,45.5461592670895,0.696969696969697,0.21395348837209302,215,46,169,20
0.24184355687217352,45.54367201426025,0.6363636363636364,0.27450980392156865,153,42,111,24
0.18731778374010472,45.5122288878634,0.6818181818181818,0.22842639593908629,197,45,152,21
0.253799713050173,45.49722577891592,0.6212121212121212,0.2887323943661972,142,41,101,25
0.17133382096632788,45.496632996633004,0.696969696969697,0.21296296296296297,216,46,170,20
0.18658451056130954,45.45454545454545,0.6818181818181818,0.22727272727272727,198,45,153,21
0.24060808799489233,45.45454545454545,0.6363636363636364,0.2727272727272727,154,42,112,24
0.17094095464382408,45.44756318949867,0.696969696969697,0.2119815668202765,217,46,171,20
0.17004613473172064,45.398943564081186,0.696969696969697,0.21100917431192662,218,46,172,20
0.25308681718507453,45.3962703962704,0.6212121212121212,0.2867132867132867,143,41,102,25
0.23960549179792137,45.36656891495601,0.6363636363636364,0.2709677419354839,155,42,113,24
0.16888719810217534,45.350767953507685,0.696969696969697,0.2100456621004566,219,46,173,20
0.16798014210434192,45.303030303030305,0.696969696969697,0.20909090909090908,220,46,174,20
0.25227698308944,45.29671717171717,0.6212121212121212,0.2847222222222222,144,41,103,25
0.23817074437239039,45.27972027972028,0.6363636363636364,0.2692307692307692,156,42,114,24
0.16713796618876686,45.255724667489375,0.696969696969697,0.2081447963800905,221,46,175,20
0.16671180009739622,45.20884520884521,0.696969696969697,0.2072072072072072,222,46,176,20
0.25129710681185313,45.19853709508882,0.6212121212121212,0.2827586206896552,145,41,104,25
0.16655121290049008,45.162386193776335,0.696969696969697,0.2062780269058296,223,46,177,20
0.16595310935332563,45.11634199134199,0.696969696969697,0.20535714285714285,224,46,178,20
0.16532995664634142,45.07070707070707,0.696969696969697,0.20444444444444446,225,46,179,20
0.1649775094885472,45.02547599892733,0.696969696969697,0.20353982300884957,226,46,180,20
0.1644130529239975,44.98064343879322,0.696969696969697,0.2026431718061674,227,46,181,20
0.16358393262602555,44.93620414673046,0.696969696969697,0.20175438596491227,228,46,182,20
0.2765206829705582,44.66173361522199,0.5909090909090909,0.3023255813953488,129,39,90,27
0.25690971245537075,44.58874458874459,0.6060606060606061,0.2857142857142857,140,40,100,26
0.2744510318578765,44.54545454545455,0.5909090909090909,0.3,130,39,91,27
0.2551046065356088,44.487427466150876,0.6060606060606061,0.28368794326241137,141,40,101,26
0.27306720019209235,44.430950728660655,0.5909090909090909,0.29770992366412213,131,39,92,27
0.2712330641823487,44.31818181818182,0.5909090909090909,0.29545454545454547,132,39,93,27
0.2701572561136385,44.20710868079289,0.5909090909090909,0.2932330827067669,133,39,94,27
0.26825821382460446,44.097693351424695,0.5909090909090909,0.291044776119403,134,39,95,27
0.26577420605365054,43.98989898989899,0.5909090909090909,0.28888888888888886,135,39,96,27
0.2637629308907141,43.88368983957219,0.5909090909090909,0.2867647058823529,136,39,97,27
0.261767076935958,43.77903118779031,0.5909090909090909,0.2846715328467153,137,39,98,27
0.27847186293687143,43.74850870913863,0.5757575757575758,0.2992125984251969,127,38,89,28
0.2601343893079666,43.67588932806324,0.5909090909090909,0.2826086956521739,138,39,99,27
0.2782894285425309,43.63162878787879,0.5757575757575758,0.296875,128,38,90,28
0.25870172739368413,43.57423152387181,0.5909090909090909,0.2805755395683453,139,39,100,27
0.2810606177576177,42.949657869012704,0.5606060606060606,0.29838709677419356,124,37,87,29
0.2801889019645927,42.83030303030303,0.5606060606060606,0.296,125,37,88,29
0.2791738992529663,42.712842712842715,0.5606060606060606,0.29365079365079366,126,37,89,29
0.2814981366689652,41.90687361419069,0.5454545454545454,0.2926829268292683,123,36,87,30
0.286508589965411,41.09848484848485,0.5303030303030303,0.2916666666666667,120,35,85,31
0.28463047428247135,40.97796143250688,0.5303030303030303,0.2892561983471074,121,35,86,31
0.28254691532357334,40.85941381023348,0.5303030303030303,0.28688524590163933,122,35,87,31
0.2946891489132786,40.54018445322794,0.5151515151515151,0.2956521739130435,115,34,81,32
0.29406037580226674,40.41274817136886,0.5151515151515151,0.29310344827586204,116,34,82,32
0.29285333014266857,40.28749028749029,0.5151515151515151,0.2905982905982906,117,34,83,32
0.28976720374682374,40.164355418592706,0.5151515151515151,0.288135593220339,118,34,84,32
0.2875325496330473,40.04329004329004,0.5151515151515151,0.2857142857142857,119,34,85,32
0.2965923294766508,39.60176991150443,0.5,0.2920353982300885,113,33,80,33
0.295786224982609,39.473684210526315,0.5,0.2894736842105263,114,33,81,33
0.42552672051979135,38.73517786561265,0.3181818181818182,0.45652173913043476,46,21,25,45
0.29692956873003684,38.52813852813853,0.48484848484848486,0.2857142857142857,112,32,80,34
0.43753768166419127,38.40732910500353,0.30303030303030304,0.46511627906976744,43,20,23,46
0.3233154030077787,38.35227272727273,0.45454545454545453,0.3125,96,30,66,36
0.4243858925884732,38.2495164410058,0.3181818181818182,0.44680851063829785,47,21,26,45
0.3214032726142597,38.191190253045924,0.45454545454545453,0.30927835051546393,97,30,67,36
0.44389585474476057,38.1439393939394,0.2878787878787879,0.475,40,19,21,47
0.33456162892139196,38.08080808080808,0.4393939393939394,0.32222222222222224,90,29,61,37
0.32000308572853553,38.03339517625231,0.45454545454545453,0.30612244897959184,98,30,68,36
0.3341217263797488,37.9037629037629,0.4393939393939394,0.31868131868131866,91,29,62,37
0.4342553679218051,37.878787878787875,0.30303030303030304,0.45454545454545453,44,20,24,46
0.3188703545396282,37.878787878787875,0.45454545454545453,0.30303030303030304,99,30,69,36
0.42220387766891204,37.78409090909091,0.3181818181818182,0.4375,48,21,27,45
0.3324162938556203,37.73056653491436,0.4393939393939394,0.31521739130434784,92,29,63,37
0.3180630306464612,37.72727272727273,0.45454545454545453,0.3,100,30,70,36
0.3165160492304543,37.57875787578758,0.45454545454545453,0.297029702970297,101,30,71,36
0.29953566858482533,37.57575757575757,0.4696969696969697,0.2818181818181818,110,31,79,35
0.44055641850283417,37.56467110125647,0.2878787878787879,0.4634146341463415,41,19,22,47
0.32961229239339096,37.56109481915934,0.4393939393939394,0.3118279569892473,93,29,64,37
0.2975892845909707,37.448812448812454,0.4696969696969697,0.27927927927927926,111,31,80,35
0.31469389459664043,37.4331550802139,0.45454545454545453,0.29411764705882354,102,30,72,36
0.4025010228483884,37.42138364779875,0.3333333333333333,0.41509433962264153,53,22,31,44
0.32718475814663656,37.39522888459059,0.4393939393939394,0.30851063829787234,94,29,65,37
0.4294517119079287,37.37373737373737,0.30303030303030304,0.4444444444444444,45,20,25,46
0.4184527214673026,37.33766233766234,0.3181818181818182,0.42857142857142855,49,21,28,45
0.4575126446139821,37.32057416267942,0.2727272727272727,0.47368421052631576,38,18,20,48
0.3390211911951061,37.30407523510972,0.42424242424242425,0.3218390804597701,87,28,59,38
0.3121615468260087,37.29037952338923,0.45454545454545453,0.2912621359223301,103,30,73,36
0.32550277809252526,37.23285486443381,0.4393939393939394,0.30526315789473685,95,29,66,37
0.30994911793030905,37.150349650349646,0.45454545454545453,0.28846153846153844,104,30,74,36
0.3370195960784006,37.121212121212125,0.42424242424242425,0.3181818181818182,88,28,60,38
0.40101174530060646,37.03703703703704,0.3333333333333333,0.4074074074074074,54,22,32,44
0.43940799544267806,37.01298701298701,0.2878787878787879,0.4523809523809524,42,19,23,47
0.3079164286577274,37.01298701298701,0.45454545454545453,0.2857142857142857,105,30,75,36
0.3355224257131415,36.9424582907729,0.42424242424242425,0.3146067415730337,89,28,61,38
0.4135073428599808,36.90909090909091,0.3181818181818182,0.42,50,21,29,45
0.30588976854402505,36.87821612349914,0.45454545454545453,0.2830188679245283,106,30,76,36
0.3040310560130156,36.74596431605777,0.45454545454545453,0.2803738317757009,107,30,77,36
0.4480834260703265,36.71328671328671,0.2727272727272727,0.46153846153846156,39,18,21,48
0.39932675391108463,36.66666666666667,0.3333333333333333,0.4,55,22,33,44
0.30288171142563625,36.61616161616161,0.45454545454545453,0.2777777777777778,108,30,78,36
0.4080869292244733,36.49732620320856,0.3181818181818182,0.4117647058823529,51,21,30,45
0.3019153658381516,36.48874061718098,0.45454545454545453,0.27522935779816515,109,30,79,36
0.39839450961971146,36.30952380952381,0.3333333333333333,0.39285714285714285,56,22,34,44
0.3404882061261901,36.1522198731501,0.4090909090909091,0.313953488372093,86,27,59,39
0.40429949419312833,36.10139860139861,0.3181818181818182,0.40384615384615385,52,21,31,45
0.3965856932959554,35.96491228070175,0.3333333333333333,0.38596491228070173,57,22,35,44
0.4657026262067608,35.85176085176085,0.25757575757575757,0.4594594594594595,37,17,20,49
0.39345806573848346,35.63218390804598,0.3333333333333333,0.3793103448275862,58,22,36,44
0.34710410793759905,35.35962029937934,0.3939393939393939,0.3132530120481928,83,26,57,40
0.39054883422156306,35.31073446327684,0.3333333333333333,0.3728813559322034,59,22,37,44
0.3442384545249666,35.17316017316017,0.3939393939393939,0.30952380952380953,84,26,58,40
0.3886893148361037,35.0,0.3333333333333333,0.36666666666666664,60,22,38,44
0.34235010553596923,34.99108734402852,0.3939393939393939,0.3058823529411765,85,26,59,40
0.7023910871310837,34.848484848484844,0.030303030303030304,0.6666666666666666,3,2,1,64
0.386876492964195,34.69945355191257,0.3333333333333333,0.36065573770491804,61,22,39,44
0.3855695620502251,34.40860215053764,0.3333333333333333,0.3548387096774194,62,22,40,44
0.4674858573662226,34.34343434343434,0.24242424242424243,0.4444444444444444,36,16,20,50
0.3739874763714953,34.33600713012478,0.3484848484848485,0.3382352941176471,68,23,45,43
0.34981128028455655,34.183296378418326,0.3787878787878788,0.3048780487804878,82,25,57,41
0.38224958180883983,34.12698412698413,0.3333333333333333,0.3492063492063492,63,22,41,44
0.37359274697973843,34.09090909090909,0.3484848484848485,0.3333333333333333,69,23,46,43
0.3792108960495698,33.854166666666664,0.3333333333333333,0.34375,64,22,42,44
0.37168357203315694,33.85281385281386,0.3484848484848485,0.32857142857142857,70,23,47,43
0.36810924905120734,33.621425522833974,0.3484848484848485,0.323943661971831,71,23,48,43
0.37841422611856707,33.58974358974359,0.3333333333333333,0.3384615384615385,65,22,43,44
0.3661954643855999,33.39646464646464,0.3484848484848485,0.3194444444444444,72,23,49,43
0.37769706072712683,33.33333333333333,0.3333333333333333,0.3333333333333333,66,22,44,44
0.535943618163323,33.288770053475936,0.13636363636363635,0.5294117647058824,17,9,8,57
0.3509539579931052,33.18181818181818,0.36363636363636365,0.3,80,24,56,42
0.36610082689838325,33.177667081776676,0.3484848484848485,0.3150684931506849,73,23,50,43
0.3759288284495401,33.08457711442786,0.3333333333333333,0.3283582089552239,67,22,45,44
0.5043623583859752,33.06277056277056,0.19696969696969696,0.4642857142857143,28,13,15,53
0.3502010476011137,32.996632996633,0.36363636363636365,0.2962962962962963,81,24,57,42
0.3657111356087891,32.96478296478297,0.3484848484848485,0.3108108108108108,74,23,51,43
0.4724401586589385,32.79220779220779,0.22727272727272727,0.42857142857142855,35,15,20,51
0.36484961747413347,32.75757575757576,0.3484848484848485,0.30666666666666664,75,23,52,43
0.3643516420101198,32.55582137161085,0.3484848484848485,0.3026315789473684,76,23,53,43
0.35823248052025625,32.35930735930736,0.3484848484848485,0.2987012987012987,77,23,54,43
0.5003081502666437,32.26227795193313,0.19696969696969696,0.4482758620689655,29,13,16,53
0.5210960539709284,32.2463768115942,0.16666666666666666,0.4782608695652174,23,11,12,55
0.3519313738858906,32.16783216783217,0.3484848484848485,0.2948717948717949,78,23,55,43
0.35158631191201956,31.98120444955888,0.3484848484848485,0.2911392405063291,79,23,56,43
0.533019602643642,31.818181818181817,0.13636363636363635,0.5,18,9,9,57
0.4820656825138383,31.818181818181817,0.21212121212121213,0.42424242424242425,33,14,19,52
0.4915014767300533,31.51515151515152,0.19696969696969696,0.43333333333333335,30,13,17,53
0.5251229876582018,31.38528138528138,0.15151515151515152,0.47619047619047616,21,10,11,56
0.5061515744443917,31.313131313131315,0.18181818181818182,0.4444444444444444,27,12,15,54
0.519316913324117,31.25,0.16666666666666666,0.4583333333333333,24,11,13,55
0.4787723406627723,31.194295900178254,0.21212121212121213,0.4117647058823529,34,14,20,52
0.540702423432393,31.060606060606062,0.12121212121212122,0.5,16,8,8,58
0.48471646038432725,30.81622678396872,0.19696969696969696,0.41935483870967744,31,13,18,53
0.531319814842536,30.502392344497608,0.13636363636363635,0.47368421052631576,19,9,10,57
0.513882469534686,30.333333333333336,0.16666666666666666,0.44,25,11,14,55
0.5237117965862057,30.303030303030305,0.15151515151515152,0.45454545454545453,22,10,12,56
0.5549158570570873,30.303030303030305,0.10606060606060606,0.5,14,7,7,59
0.4828044002014764,30.16098484848485,0.19696969696969696,0.40625,32,13,19,53
0.5079433559426683,29.48717948717949,0.16666666666666666,0.4230769230769231,26,11,15,55
0.527905167579838,29.31818181818182,0.13636363636363635,0.45,20,9,11,57
0.5809731290908033,28.78787878787879,0.07575757575757576,0.5,10,5,5,61
0.543736064174027,28.636363636363637,0.10606060606060606,0.4666666666666667,15,7,8,59
0.5667884661334706,27.622377622377627,0.09090909090909091,0.46153846153846156,13,6,7,60
0.6626169435454355,26.515151515151516,0.030303030303030304,0.5,4,2,2,64
0.5784845332522285,26.515151515151516,0.07575757575757576,0.45454545454545453,11,5,6,61
0.7243776125625544,25.757575757575758,0.015151515151515152,0.5,2,1,1,65
0.5910163424323551,25.25252525252525,0.06060606060606061,0.4444444444444444,9,4,5,62
0.5724947642418519,24.62121212121212,0.07575757575757576,0.4166666666666667,12,5,7,61
0.6258124580397721,21.515151515151516,0.030303030303030304,0.4,5,2,3,64
0.6034441276936919,21.022727272727273,0.045454545454545456,0.375,8,3,5,63
0.6202870775648652,18.181818181818183,0.030303030303030304,0.3333333333333333,6,2,4,64
0.6114620144846181,15.800865800865799,0.030303030303030304,0.2857142857142857,7,2,5,64
0.7598752783506122,0.0,0.0,0.0,1,0,1,66
0.888919874167678,0.0,0.0,0.0,0,0,0,66
1.000001,0.0,0.0,0.0,0,0,0,66
